{"type": "FeatureCollection", "metadata": {"titre": "Rues atteintes à pied depuis Jean-Paul-L'Allier", "script": "scripts/analysis/tramway-isochrones.py", "station": "Jean-Paul-L'Allier", "vitesse_kmh": 4.2, "methode": "Chaque segment porte `m`, la distance à laquelle la marche l'atteint. Filtrer sur ce champ donne n'importe quel palier de temps : m ≤ vitesse × minutes.", "source": "OpenStreetMap (ODbL)"}, "features": [{"type": "Feature", "properties": {"couche": "rue", "m": 150}, "geometry": {"type": "LineString", "coordinates": [[-71.2243, 46.8136], [-71.2244, 46.8137], [-71.2243, 46.8137]]}}, {"type": "Feature", "properties": {"couche": "rue", "m": 150}, "geometry": {"type": "LineString", "coordinates": [[-71.2243, 46.8137], [-71.2242, 46.8137], [-71.2241, 46.8136]]}}, {"type": "Feature", "properties": {"couche": "rue", "m": 150}, "geometry": {"type": "LineString", "coordinates": [[-71.2243, 46.8137], [-71.2242, 46.8136]]}}, {"type": "Feature", "properties": {"couche": "rue", "m": 150}, "geometry": {"type": "LineString", "coordinates": [[-71.224, 46.8132], [-71.2242, 46.8135]]}}, {"type": "Feature", "properties": {"couche": "rue", "m": 150}, "geometry": {"type": "LineString", "coordinates": [[-71.2239, 46.8132], [-71.2241, 46.8135]]}}, {"type": "Feature", "properties": {"couche": "rue", "m": 150}, "geometry": {"type": "LineString", "coordinates": [[-71.2241, 46.8136], [-71.2236, 46.8138]]}}, {"type": "Feature", "properties": {"couche": "rue", "m": 150}, "geometry": {"type": "LineString", "coordinates": [[-71.2236, 46.8135], [-71.224, 46.8135]]}}, {"type": "Feature", "properties": {"couche": "rue", "m": 150}, "geometry": {"type": "LineString", "coordinates": [[-71.224, 46.8135], [-71.2238, 46.8132]]}}, {"type": "Feature", "properties": {"couche": "rue", "m": 150}, "geometry": {"type": "LineString", "coordinates": [[-71.2239, 46.8131], [-71.224, 46.8131], [-71.224, 46.813]]}}, {"type": "Feature", "properties": {"couche": "rue", "m": 150}, "geometry": {"type": "LineString", "coordinates": [[-71.2236, 46.8128], [-71.2238, 46.813]]}}, {"type": "Feature", "properties": {"couche": "rue", "m": 150}, "geometry": {"type": "LineString", "coordinates": [[-71.2238, 46.8131], [-71.2236, 46.8128]]}}, {"type": "Feature", "properties": {"couche": "rue", "m": 150}, "geometry": {"type": "LineString", "coordinates": [[-71.2236, 46.8127], [-71.2238, 46.8127]]}}, {"type": "Feature", "properties": {"couche": "rue", "m": 150}, "geometry": {"type": "LineString", "coordinates": [[-71.2237, 46.8131], [-71.2235, 46.8129]]}}, {"type": "Feature", "properties": {"couche": "rue", "m": 150}, "geometry": {"type": "LineString", "coordinates": [[-71.2237, 46.8131], [-71.2232, 46.813]]}}, {"type": "Feature", "properties": {"couche": "rue", "m": 150}, "geometry": {"type": "LineString", "coordinates": [[-71.2232, 46.8133], [-71.2237, 46.8131]]}}, {"type": "Feature", "properties": {"couche": "rue", "m": 150}, "geometry": {"type": "LineString", "coordinates": [[-71.2236, 46.8132], [-71.2233, 46.8133]]}}, {"type": "Feature", "properties": {"couche": "rue", "m": 150}, "geometry": {"type": "LineString", "coordinates": [[-71.2236, 46.8132], [-71.2236, 46.8135]]}}, {"type": "Feature", "properties": {"couche": "rue", "m": 150}, "geometry": {"type": "LineString", "coordinates": [[-71.2236, 46.8135], [-71.2234, 46.8135]]}}, {"type": "Feature", "properties": {"couche": "rue", "m": 150}, "geometry": {"type": "LineString", "coordinates": [[-71.2236, 46.8135], [-71.2236, 46.8138]]}}, {"type": "Feature", "properties": {"couche": "rue", "m": 150}, "geometry": {"type": "LineString", "coordinates": [[-71.2236, 46.8138], [-71.2231, 46.814]]}}, {"type": "Feature", "properties": {"couche": "rue", "m": 150}, "geometry": {"type": "LineString", "coordinates": [[-71.2236, 46.8138], [-71.2234, 46.8135]]}}, {"type": "Feature", "properties": {"couche": "rue", "m": 150}, "geometry": {"type": "LineString", "coordinates": [[-71.2232, 46.8122], [-71.2236, 46.8127]]}}, {"type": "Feature", "properties": {"couche": "rue", "m": 150}, "geometry": {"type": "LineString", "coordinates": [[-71.2235, 46.8127], [-71.2231, 46.8122]]}}, {"type": "Feature", "properties": {"couche": "rue", "m": 150}, "geometry": {"type": "LineString", "coordinates": [[-71.2231, 46.8128], [-71.2235, 46.8128]]}}, {"type": "Feature", "properties": {"couche": "rue", "m": 150}, "geometry": {"type": "LineString", "coordinates": [[-71.2231, 46.8123], [-71.2234, 46.8128]]}}, {"type": "Feature", "properties": {"couche": "rue", "m": 150}, "geometry": {"type": "LineString", "coordinates": [[-71.2234, 46.8135], [-71.2233, 46.8133]]}}, {"type": "Feature", "properties": {"couche": "rue", "m": 150}, "geometry": {"type": "LineString", "coordinates": [[-71.2228, 46.8135], [-71.2234, 46.8135]]}}, {"type": "Feature", "properties": {"couche": "rue", "m": 150}, "geometry": {"type": "LineString", "coordinates": [[-71.2228, 46.8135], [-71.2233, 46.8133]]}}, {"type": "Feature", "properties": {"couche": "rue", "m": 150}, "geometry": {"type": "LineString", "coordinates": [[-71.2228, 46.8134], [-71.2232, 46.8133]]}}, {"type": "Feature", "properties": {"couche": "rue", "m": 150}, "geometry": {"type": "LineString", "coordinates": [[-71.2231, 46.8131], [-71.2232, 46.8133]]}}, {"type": "Feature", "properties": {"couche": "rue", "m": 150}, "geometry": {"type": "LineString", "coordinates": [[-71.2232, 46.813], [-71.2231, 46.8131]]}}, {"type": "Feature", "properties": {"couche": "rue", "m": 150}, "geometry": {"type": "LineString", "coordinates": [[-71.2232, 46.813], [-71.2231, 46.8128]]}}, {"type": "Feature", "properties": {"couche": "rue", "m": 150}, "geometry": {"type": "LineString", "coordinates": [[-71.2232, 46.8122], [-71.2231, 46.8121], [-71.223, 46.8121]]}}, {"type": "Feature", "properties": {"couche": "rue", "m": 150}, "geometry": {"type": "LineString", "coordinates": [[-71.2228, 46.814], [-71.2231, 46.814]]}}, {"type": "Feature", "properties": {"couche": "rue", "m": 150}, "geometry": {"type": "LineString", "coordinates": [[-71.2228, 46.8135], [-71.2231, 46.814]]}}, {"type": "Feature", "properties": {"couche": "rue", "m": 150}, "geometry": {"type": "LineString", "coordinates": [[-71.2229, 46.8122], [-71.2231, 46.8123]]}}, {"type": "Feature", "properties": {"couche": "rue", "m": 150}, "geometry": {"type": "LineString", "coordinates": [[-71.2231, 46.8131], [-71.2229, 46.8131]]}}, {"type": "Feature", "properties": {"couche": "rue", "m": 150}, "geometry": {"type": "LineString", "coordinates": [[-71.223, 46.8127], [-71.2231, 46.8127], [-71.223, 46.8126]]}}, {"type": "Feature", "properties": {"couche": "rue", "m": 150}, "geometry": {"type": "LineString", "coordinates": [[-71.223, 46.8126], [-71.2229, 46.8125]]}}, {"type": "Feature", "properties": {"couche": "rue", "m": 150}, "geometry": {"type": "LineString", "coordinates": [[-71.223, 46.8121], [-71.2229, 46.8122]]}}, {"type": "Feature", "properties": {"couche": "rue", "m": 150}, "geometry": {"type": "LineString", "coordinates": [[-71.2228, 46.8121], [-71.223, 46.8121]]}}, {"type": "Feature", "properties": {"couche": "rue", "m": 150}, "geometry": {"type": "LineString", "coordinates": [[-71.223, 46.8127], [-71.2227, 46.8129]]}}, {"type": "Feature", "properties": {"couche": "rue", "m": 150}, "geometry": {"type": "LineString", "coordinates": [[-71.223, 46.8127], [-71.2229, 46.8126]]}}, {"type": "Feature", "properties": {"couche": "rue", "m": 150}, "geometry": {"type": "LineString", "coordinates": [[-71.2229, 46.8124], [-71.2228, 46.8123]]}}, {"type": "Feature", "properties": {"couche": "rue", "m": 150}, "geometry": {"type": "LineString", "coordinates": [[-71.2229, 46.8131], [-71.2228, 46.8134]]}}, {"type": "Feature", "properties": {"couche": "rue", "m": 150}, "geometry": {"type": "LineString", "coordinates": [[-71.2229, 46.8131], [-71.2228, 46.813]]}}, {"type": "Feature", "properties": {"couche": "rue", "m": 150}, "geometry": {"type": "LineString", "coordinates": [[-71.2229, 46.8122], [-71.222, 46.8126], [-71.2224, 46.813]]}}, {"type": "Feature", "properties": {"couche": "rue", "m": 150}, "geometry": {"type": "LineString", "coordinates": [[-71.2229, 46.8122], [-71.2226, 46.8123]]}}, {"type": "Feature", "properties": {"couche": "rue", "m": 150}, "geometry": {"type": "LineString", "coordinates": [[-71.2228, 46.8123], [-71.2222, 46.8126], [-71.2225, 46.813]]}}, {"type": "Feature", "properties": {"couche": "rue", "m": 150}, "geometry": {"type": "LineString", "coordinates": [[-71.2228, 46.813], [-71.2226, 46.8129]]}}, {"type": "Feature", "properties": {"couche": "rue", "m": 150}, "geometry": {"type": "LineString", "coordinates": [[-71.2228, 46.8134], [-71.2225, 46.813]]}}, {"type": "Feature", "properties": {"couche": "rue", "m": 150}, "geometry": {"type": "LineString", "coordinates": [[-71.2228, 46.8135], [-71.222, 46.8138]]}}, {"type": "Feature", "properties": {"couche": "rue", "m": 150}, "geometry": {"type": "LineString", "coordinates": [[-71.2228, 46.8135], [-71.2224, 46.813]]}}, {"type": "Feature", "properties": {"couche": "rue", "m": 150}, "geometry": {"type": "LineString", "coordinates": [[-71.2227, 46.8129], [-71.2226, 46.8127]]}}, {"type": "Feature", "properties": {"couche": "rue", "m": 150}, "geometry": {"type": "LineString", "coordinates": [[-71.2226, 46.8129], [-71.2225, 46.813]]}}, {"type": "Feature", "properties": {"couche": "rue", "m": 150}, "geometry": {"type": "LineString", "coordinates": [[-71.2217, 46.8134], [-71.2216, 46.8133], [-71.2224, 46.813]]}}, {"type": "Feature", "properties": {"couche": "rue", "m": 150}, "geometry": {"type": "LineString", "coordinates": [[-71.2221, 46.8139], [-71.222, 46.8138]]}}, {"type": "Feature", "properties": {"couche": "rue", "m": 300}, "geometry": {"type": "LineString", "coordinates": [[-71.2253, 46.8125], [-71.2265, 46.8122]]}}, {"type": "Feature", "properties": {"couche": "rue", "m": 300}, "geometry": {"type": "LineString", "coordinates": [[-71.226, 46.8131], [-71.2262, 46.8133]]}}, {"type": "Feature", "properties": {"couche": "rue", "m": 300}, "geometry": {"type": "LineString", "coordinates": [[-71.2258, 46.8131], [-71.226, 46.8133]]}}, {"type": "Feature", "properties": {"couche": "rue", "m": 300}, "geometry": {"type": "LineString", "coordinates": [[-71.226, 46.8134], [-71.2251, 46.8137]]}}, {"type": "Feature", "properties": {"couche": "rue", "m": 300}, "geometry": {"type": "LineString", "coordinates": [[-71.2257, 46.8132], [-71.2259, 46.8133]]}}, {"type": "Feature", "properties": {"couche": "rue", "m": 300}, "geometry": {"type": "LineString", "coordinates": [[-71.2259, 46.8138], [-71.2253, 46.814]]}}, {"type": "Feature", "properties": {"couche": "rue", "m": 300}, "geometry": {"type": "LineString", "coordinates": [[-71.2258, 46.8129], [-71.2259, 46.813]]}}, {"type": "Feature", "properties": {"couche": "rue", "m": 300}, "geometry": {"type": "LineString", "coordinates": [[-71.2258, 46.8131], [-71.2257, 46.8131]]}}, {"type": "Feature", "properties": {"couche": "rue", "m": 300}, "geometry": {"type": "LineString", "coordinates": [[-71.2258, 46.8133], [-71.2256, 46.8134], [-71.2255, 46.8133], [-71.2257, 46.8133]]}}, {"type": "Feature", "properties": {"couche": "rue", "m": 300}, "geometry": {"type": "LineString", "coordinates": [[-71.2258, 46.8129], [-71.2254, 46.8126]]}}, {"type": "Feature", "properties": {"couche": "rue", "m": 300}, "geometry": {"type": "LineString", "coordinates": [[-71.2257, 46.8132], [-71.2256, 46.8131]]}}, {"type": "Feature", "properties": {"couche": "rue", "m": 300}, "geometry": {"type": "LineString", "coordinates": [[-71.2256, 46.813], [-71.2257, 46.8131]]}}, {"type": "Feature", "properties": {"couche": "rue", "m": 300}, "geometry": {"type": "LineString", "coordinates": [[-71.2244, 46.8137], [-71.2257, 46.8132]]}}, {"type": "Feature", "properties": {"couche": "rue", "m": 300}, "geometry": {"type": "LineString", "coordinates": [[-71.2257, 46.8132], [-71.2256, 46.8131]]}}, {"type": "Feature", "properties": {"couche": "rue", "m": 300}, "geometry": {"type": "LineString", "coordinates": [[-71.2256, 46.813], [-71.2253, 46.8126]]}}, {"type": "Feature", "properties": {"couche": "rue", "m": 300}, "geometry": {"type": "LineString", "coordinates": [[-71.2256, 46.8131], [-71.2255, 46.813]]}}, {"type": "Feature", "properties": {"couche": "rue", "m": 300}, "geometry": {"type": "LineString", "coordinates": [[-71.2256, 46.8131], [-71.2244, 46.8135]]}}, {"type": "Feature", "properties": {"couche": "rue", "m": 300}, "geometry": {"type": "LineString", "coordinates": [[-71.2255, 46.813], [-71.2243, 46.8135]]}}, {"type": "Feature", "properties": {"couche": "rue", "m": 300}, "geometry": {"type": "LineString", "coordinates": [[-71.2252, 46.8127], [-71.2255, 46.813]]}}, {"type": "Feature", "properties": {"couche": "rue", "m": 300}, "geometry": {"type": "LineString", "coordinates": [[-71.2254, 46.812], [-71.2248, 46.812], [-71.2247, 46.812]]}}, {"type": "Feature", "properties": {"couche": "rue", "m": 300}, "geometry": {"type": "LineString", "coordinates": [[-71.2253, 46.814], [-71.2247, 46.8142]]}}, {"type": "Feature", "properties": {"couche": "rue", "m": 300}, "geometry": {"type": "LineString", "coordinates": [[-71.2253, 46.814], [-71.2251, 46.8137]]}}, {"type": "Feature", "properties": {"couche": "rue", "m": 300}, "geometry": {"type": "LineString", "coordinates": [[-71.2252, 46.8125], [-71.225, 46.8123]]}}, {"type": "Feature", "properties": {"couche": "rue", "m": 300}, "geometry": {"type": "LineString", "coordinates": [[-71.2252, 46.8127], [-71.224, 46.8132]]}}, {"type": "Feature", "properties": {"couche": "rue", "m": 300}, "geometry": {"type": "LineString", "coordinates": [[-71.2249, 46.8123], [-71.2252, 46.8125]]}}, {"type": "Feature", "properties": {"couche": "rue", "m": 300}, "geometry": {"type": "LineString", "coordinates": [[-71.2239, 46.8131], [-71.2252, 46.8127]]}}, {"type": "Feature", "properties": {"couche": "rue", "m": 300}, "geometry": {"type": "LineString", "coordinates": [[-71.2252, 46.8149], [-71.224, 46.8152], [-71.2238, 46.8149]]}}, {"type": "Feature", "properties": {"couche": "rue", "m": 300}, "geometry": {"type": "LineString", "coordinates": [[-71.2252, 46.8149], [-71.2249, 46.8146]]}}, {"type": "Feature", "properties": {"couche": "rue", "m": 300}, "geometry": {"type": "LineString", "coordinates": [[-71.2251, 46.8137], [-71.2245, 46.8139]]}}, {"type": "Feature", "properties": {"couche": "rue", "m": 300}, "geometry": {"type": "LineString", "coordinates": [[-71.2251, 46.8126], [-71.224, 46.8131]]}}, {"type": "Feature", "properties": {"couche": "rue", "m": 300}, "geometry": {"type": "LineString", "coordinates": [[-71.2248, 46.8124], [-71.2251, 46.8126]]}}, {"type": "Feature", "properties": {"couche": "rue", "m": 300}, "geometry": {"type": "LineString", "coordinates": [[-71.225, 46.8123], [-71.2247, 46.812]]}}, {"type": "Feature", "properties": {"couche": "rue", "m": 300}, "geometry": {"type": "LineString", "coordinates": [[-71.2249, 46.8146], [-71.2238, 46.8149]]}}, {"type": "Feature", "properties": {"couche": "rue", "m": 300}, "geometry": {"type": "LineString", "coordinates": [[-71.2247, 46.8142], [-71.2249, 46.8146]]}}, {"type": "Feature", "properties": {"couche": "rue", "m": 300}, "geometry": {"type": "LineString", "coordinates": [[-71.2248, 46.8123], [-71.2246, 46.8121]]}}, {"type": "Feature", "properties": {"couche": "rue", "m": 300}, "geometry": {"type": "LineString", "coordinates": [[-71.2248, 46.8124], [-71.2237, 46.8128]]}}, {"type": "Feature", "properties": {"couche": "rue", "m": 300}, "geometry": {"type": "LineString", "coordinates": [[-71.2248, 46.8123], [-71.2238, 46.8127]]}}, {"type": "Feature", "properties": {"couche": "rue", "m": 300}, "geometry": {"type": "LineString", "coordinates": [[-71.2247, 46.8123], [-71.2236, 46.8127]]}}, {"type": "Feature", "properties": {"couche": "rue", "m": 300}, "geometry": {"type": "LineString", "coordinates": [[-71.2245, 46.8121], [-71.2247, 46.8123]]}}, {"type": "Feature", "properties": {"couche": "rue", "m": 300}, "geometry": {"type": "LineString", "coordinates": [[-71.2247, 46.8142], [-71.2236, 46.8145]]}}, {"type": "Feature", "properties": {"couche": "rue", "m": 300}, "geometry": {"type": "LineString", "coordinates": [[-71.2247, 46.8142], [-71.2245, 46.8139]]}}, {"type": "Feature", "properties": {"couche": "rue", "m": 300}, "geometry": {"type": "LineString", "coordinates": [[-71.2246, 46.8119], [-71.2248, 46.8119], [-71.2254, 46.8119], [-71.2246, 46.812]]}}, {"type": "Feature", "properties": {"couche": "rue", "m": 300}, "geometry": {"type": "LineString", "coordinates": [[-71.2239, 46.8118], [-71.2246, 46.8119]]}}, {"type": "Feature", "properties": {"couche": "rue", "m": 300}, "geometry": {"type": "LineString", "coordinates": [[-71.2245, 46.812], [-71.2243, 46.8119], [-71.2238, 46.8119]]}}, {"type": "Feature", "properties": {"couche": "rue", "m": 300}, "geometry": {"type": "LineString", "coordinates": [[-71.2245, 46.8116], [-71.2239, 46.8118]]}}, {"type": "Feature", "properties": {"couche": "rue", "m": 300}, "geometry": {"type": "LineString", "coordinates": [[-71.2232, 46.8121], [-71.2236, 46.812], [-71.2239, 46.812], [-71.2243, 46.812], [-71.2245, 46.8121]]}}, {"type": "Feature", "properties": {"couche": "rue", "m": 300}, "geometry": {"type": "LineString", "coordinates": [[-71.2243, 46.8137], [-71.2245, 46.8139]]}}, {"type": "Feature", "properties": {"couche": "rue", "m": 300}, "geometry": {"type": "LineString", "coordinates": [[-71.223, 46.812], [-71.2239, 46.8118]]}}, {"type": "Feature", "properties": {"couche": "rue", "m": 300}, "geometry": {"type": "LineString", "coordinates": [[-71.2239, 46.8118], [-71.2238, 46.8119]]}}, {"type": "Feature", "properties": {"couche": "rue", "m": 300}, "geometry": {"type": "LineString", "coordinates": [[-71.2238, 46.8149], [-71.2234, 46.8151]]}}, {"type": "Feature", "properties": {"couche": "rue", "m": 300}, "geometry": {"type": "LineString", "coordinates": [[-71.2238, 46.8149], [-71.2236, 46.8145]]}}, {"type": "Feature", "properties": {"couche": "rue", "m": 300}, "geometry": {"type": "LineString", "coordinates": [[-71.2238, 46.8119], [-71.2231, 46.8121], [-71.223, 46.812]]}}, {"type": "Feature", "properties": {"couche": "rue", "m": 300}, "geometry": {"type": "LineString", "coordinates": [[-71.223, 46.8118], [-71.2236, 46.8115]]}}, {"type": "Feature", "properties": {"couche": "rue", "m": 300}, "geometry": {"type": "LineString", "coordinates": [[-71.2236, 46.8145], [-71.2231, 46.814]]}}, {"type": "Feature", "properties": {"couche": "rue", "m": 300}, "geometry": {"type": "LineString", "coordinates": [[-71.223, 46.812], [-71.2228, 46.8121]]}}, {"type": "Feature", "properties": {"couche": "rue", "m": 300}, "geometry": {"type": "LineString", "coordinates": [[-71.223, 46.8119], [-71.223, 46.812], [-71.2231, 46.8119], [-71.223, 46.812]]}}, {"type": "Feature", "properties": {"couche": "rue", "m": 300}, "geometry": {"type": "LineString", "coordinates": [[-71.223, 46.8119], [-71.223, 46.8118]]}}, {"type": "Feature", "properties": {"couche": "rue", "m": 300}, "geometry": {"type": "LineString", "coordinates": [[-71.2229, 46.8119], [-71.2226, 46.8115]]}}, {"type": "Feature", "properties": {"couche": "rue", "m": 300}, "geometry": {"type": "LineString", "coordinates": [[-71.2227, 46.8119], [-71.2229, 46.8119]]}}, {"type": "Feature", "properties": {"couche": "rue", "m": 300}, "geometry": {"type": "LineString", "coordinates": [[-71.2209, 46.8127], [-71.2227, 46.8121]]}}, {"type": "Feature", "properties": {"couche": "rue", "m": 300}, "geometry": {"type": "LineString", "coordinates": [[-71.2227, 46.8119], [-71.2223, 46.8121]]}}, {"type": "Feature", "properties": {"couche": "rue", "m": 300}, "geometry": {"type": "LineString", "coordinates": [[-71.2227, 46.814], [-71.2228, 46.814], [-71.2223, 46.8142]]}}, {"type": "Feature", "properties": {"couche": "rue", "m": 300}, "geometry": {"type": "LineString", "coordinates": [[-71.2226, 46.8115], [-71.2219, 46.8118], [-71.2221, 46.812]]}}, {"type": "Feature", "properties": {"couche": "rue", "m": 300}, "geometry": {"type": "LineString", "coordinates": [[-71.2226, 46.8115], [-71.2224, 46.8111]]}}, {"type": "Feature", "properties": {"couche": "rue", "m": 300}, "geometry": {"type": "LineString", "coordinates": [[-71.2208, 46.8128], [-71.2226, 46.8123]]}}, {"type": "Feature", "properties": {"couche": "rue", "m": 300}, "geometry": {"type": "LineString", "coordinates": [[-71.2223, 46.8121], [-71.2215, 46.8124]]}}, {"type": "Feature", "properties": {"couche": "rue", "m": 300}, "geometry": {"type": "LineString", "coordinates": [[-71.2223, 46.8121], [-71.2221, 46.8118]]}}, {"type": "Feature", "properties": {"couche": "rue", "m": 300}, "geometry": {"type": "LineString", "coordinates": [[-71.2223, 46.8142], [-71.2214, 46.8145], [-71.2213, 46.8142]]}}, {"type": "Feature", "properties": {"couche": "rue", "m": 300}, "geometry": {"type": "LineString", "coordinates": [[-71.2223, 46.8142], [-71.2221, 46.814]]}}, {"type": "Feature", "properties": {"couche": "rue", "m": 300}, "geometry": {"type": "LineString", "coordinates": [[-71.2222, 46.8139], [-71.2221, 46.8139], [-71.2221, 46.814]]}}, {"type": "Feature", "properties": {"couche": "rue", "m": 300}, "geometry": {"type": "LineString", "coordinates": [[-71.2206, 46.8131], [-71.222, 46.8126]]}}, {"type": "Feature", "properties": {"couche": "rue", "m": 300}, "geometry": {"type": "LineString", "coordinates": [[-71.222, 46.8134], [-71.2218, 46.8134]]}}, {"type": "Feature", "properties": {"couche": "rue", "m": 300}, "geometry": {"type": "LineString", "coordinates": [[-71.2219, 46.8138], [-71.2211, 46.814]]}}, {"type": "Feature", "properties": {"couche": "rue", "m": 300}, "geometry": {"type": "LineString", "coordinates": [[-71.2218, 46.8135], [-71.2219, 46.8137]]}}, {"type": "Feature", "properties": {"couche": "rue", "m": 300}, "geometry": {"type": "LineString", "coordinates": [[-71.2219, 46.8134], [-71.2219, 46.8135], [-71.2218, 46.8135]]}}, {"type": "Feature", "properties": {"couche": "rue", "m": 300}, "geometry": {"type": "LineString", "coordinates": [[-71.2218, 46.8134], [-71.2218, 46.8133], [-71.2217, 46.8134], [-71.2217, 46.8134]]}}, {"type": "Feature", "properties": {"couche": "rue", "m": 300}, "geometry": {"type": "LineString", "coordinates": [[-71.2216, 46.8133], [-71.2208, 46.8136]]}}, {"type": "Feature", "properties": {"couche": "rue", "m": 300}, "geometry": {"type": "LineString", "coordinates": [[-71.2209, 46.8145], [-71.2208, 46.8144], [-71.2213, 46.8142]]}}, {"type": "Feature", "properties": {"couche": "rue", "m": 300}, "geometry": {"type": "LineString", "coordinates": [[-71.2211, 46.814], [-71.2213, 46.8142]]}}, {"type": "Feature", "properties": {"couche": "rue", "m": 300}, "geometry": {"type": "LineString", "coordinates": [[-71.2208, 46.8136], [-71.2211, 46.814]]}}, {"type": "Feature", "properties": {"couche": "rue", "m": 300}, "geometry": {"type": "LineString", "coordinates": [[-71.2197, 46.8138], [-71.2208, 46.8136]]}}, {"type": "Feature", "properties": {"couche": "rue", "m": 300}, "geometry": {"type": "LineString", "coordinates": [[-71.2208, 46.8136], [-71.2205, 46.8132]]}}, {"type": "Feature", "properties": {"couche": "rue", "m": 300}, "geometry": {"type": "LineString", "coordinates": [[-71.2204, 46.8129], [-71.2206, 46.8131]]}}, {"type": "Feature", "properties": {"couche": "rue", "m": 300}, "geometry": {"type": "LineString", "coordinates": [[-71.2205, 46.8132], [-71.2202, 46.8133]]}}, {"type": "Feature", "properties": {"couche": "rue", "m": 450}, "geometry": {"type": "LineString", "coordinates": [[-71.228, 46.8123], [-71.228, 46.8123], [-71.228, 46.8122]]}}, {"type": "Feature", "properties": {"couche": "rue", "m": 450}, "geometry": {"type": "LineString", "coordinates": [[-71.2279, 46.8121], [-71.228, 46.8121], [-71.228, 46.8122], [-71.228, 46.8122]]}}, {"type": "Feature", "properties": {"couche": "rue", "m": 450}, "geometry": {"type": "LineString", "coordinates": [[-71.228, 46.8123], [-71.2275, 46.8125]]}}, {"type": "Feature", "properties": {"couche": "rue", "m": 450}, "geometry": {"type": "LineString", "coordinates": [[-71.2279, 46.8121], [-71.2278, 46.8119]]}}, {"type": "Feature", "properties": {"couche": "rue", "m": 450}, "geometry": {"type": "LineString", "coordinates": [[-71.2279, 46.8122], [-71.2275, 46.8124]]}}, {"type": "Feature", "properties": {"couche": "rue", "m": 450}, "geometry": {"type": "LineString", "coordinates": [[-71.2278, 46.8121], [-71.2279, 46.8122]]}}, {"type": "Feature", "properties": {"couche": "rue", "m": 450}, "geometry": {"type": "LineString", "coordinates": [[-71.2262, 46.8133], [-71.2279, 46.8127]]}}, {"type": "Feature", "properties": {"couche": "rue", "m": 450}, "geometry": {"type": "LineString", "coordinates": [[-71.2278, 46.8121], [-71.2258, 46.8129]]}}, {"type": "Feature", "properties": {"couche": "rue", "m": 450}, "geometry": {"type": "LineString", "coordinates": [[-71.2278, 46.8119], [-71.2265, 46.8122], [-71.2265, 46.8121]]}}, {"type": "Feature", "properties": {"couche": "rue", "m": 450}, "geometry": {"type": "LineString", "coordinates": [[-71.2275, 46.8115], [-71.2278, 46.8119]]}}, {"type": "Feature", "properties": {"couche": "rue", "m": 450}, "geometry": {"type": "LineString", "coordinates": [[-71.2275, 46.8125], [-71.2273, 46.8126]]}}, {"type": "Feature", "properties": {"couche": "rue", "m": 450}, "geometry": {"type": "LineString", "coordinates": [[-71.2275, 46.8115], [-71.2264, 46.8118]]}}, {"type": "Feature", "properties": {"couche": "rue", "m": 450}, "geometry": {"type": "LineString", "coordinates": [[-71.2275, 46.8115], [-71.2275, 46.8115], [-71.2268, 46.8116]]}}, {"type": "Feature", "properties": {"couche": "rue", "m": 450}, "geometry": {"type": "LineString", "coordinates": [[-71.2275, 46.8124], [-71.2272, 46.8125]]}}, {"type": "Feature", "properties": {"couche": "rue", "m": 450}, "geometry": {"type": "LineString", "coordinates": [[-71.2273, 46.8126], [-71.2274, 46.8128]]}}, {"type": "Feature", "properties": {"couche": "rue", "m": 450}, "geometry": {"type": "LineString", "coordinates": [[-71.2273, 46.8126], [-71.2271, 46.8127]]}}, {"type": "Feature", "properties": {"couche": "rue", "m": 450}, "geometry": {"type": "LineString", "coordinates": [[-71.2272, 46.8125], [-71.227, 46.8126]]}}, {"type": "Feature", "properties": {"couche": "rue", "m": 450}, "geometry": {"type": "LineString", "coordinates": [[-71.2273, 46.8142], [-71.2273, 46.8142], [-71.2272, 46.8143]]}}, {"type": "Feature", "properties": {"couche": "rue", "m": 450}, "geometry": {"type": "LineString", "coordinates": [[-71.2271, 46.8127], [-71.2272, 46.8129]]}}, {"type": "Feature", "properties": {"couche": "rue", "m": 450}, "geometry": {"type": "LineString", "coordinates": [[-71.2272, 46.8142], [-71.2269, 46.8139]]}}, {"type": "Feature", "properties": {"couche": "rue", "m": 450}, "geometry": {"type": "LineString", "coordinates": [[-71.2272, 46.8143], [-71.2271, 46.8143]]}}, {"type": "Feature", "properties": {"couche": "rue", "m": 450}, "geometry": {"type": "LineString", "coordinates": [[-71.2271, 46.8127], [-71.226, 46.8131]]}}, {"type": "Feature", "properties": {"couche": "rue", "m": 450}, "geometry": {"type": "LineString", "coordinates": [[-71.2271, 46.8142], [-71.2268, 46.814]]}}, {"type": "Feature", "properties": {"couche": "rue", "m": 450}, "geometry": {"type": "LineString", "coordinates": [[-71.2271, 46.8143], [-71.2253, 46.8148]]}}, {"type": "Feature", "properties": {"couche": "rue", "m": 450}, "geometry": {"type": "LineString", "coordinates": [[-71.2259, 46.813], [-71.227, 46.8126]]}}, {"type": "Feature", "properties": {"couche": "rue", "m": 450}, "geometry": {"type": "LineString", "coordinates": [[-71.227, 46.8142], [-71.2264, 46.8137]]}}, {"type": "Feature", "properties": {"couche": "rue", "m": 450}, "geometry": {"type": "LineString", "coordinates": [[-71.2269, 46.8139], [-71.2266, 46.8136]]}}, {"type": "Feature", "properties": {"couche": "rue", "m": 450}, "geometry": {"type": "LineString", "coordinates": [[-71.2268, 46.8116], [-71.2264, 46.8118]]}}, {"type": "Feature", "properties": {"couche": "rue", "m": 450}, "geometry": {"type": "LineString", "coordinates": [[-71.2254, 46.8115], [-71.2254, 46.8119], [-71.2268, 46.8116]]}}, {"type": "Feature", "properties": {"couche": "rue", "m": 450}, "geometry": {"type": "LineString", "coordinates": [[-71.2268, 46.8116], [-71.2266, 46.8112]]}}, {"type": "Feature", "properties": {"couche": "rue", "m": 450}, "geometry": {"type": "LineString", "coordinates": [[-71.2265, 46.8137], [-71.2268, 46.814]]}}, {"type": "Feature", "properties": {"couche": "rue", "m": 450}, "geometry": {"type": "LineString", "coordinates": [[-71.2266, 46.8112], [-71.2254, 46.8115]]}}, {"type": "Feature", "properties": {"couche": "rue", "m": 450}, "geometry": {"type": "LineString", "coordinates": [[-71.2255, 46.8111], [-71.2263, 46.8107], [-71.2266, 46.8112]]}}, {"type": "Feature", "properties": {"couche": "rue", "m": 450}, "geometry": {"type": "LineString", "coordinates": [[-71.2254, 46.8152], [-71.2266, 46.8148]]}}, {"type": "Feature", "properties": {"couche": "rue", "m": 450}, "geometry": {"type": "LineString", "coordinates": [[-71.2265, 46.8119], [-71.2254, 46.8121], [-71.225, 46.8121], [-71.2253, 46.8124], [-71.2265, 46.8121]]}}, {"type": "Feature", "properties": {"couche": "rue", "m": 450}, "geometry": {"type": "LineString", "coordinates": [[-71.2265, 46.8121], [-71.2275, 46.8118], [-71.2274, 46.8117], [-71.2265, 46.8119]]}}, {"type": "Feature", "properties": {"couche": "rue", "m": 450}, "geometry": {"type": "LineString", "coordinates": [[-71.2265, 46.8121], [-71.2265, 46.8119]]}}, {"type": "Feature", "properties": {"couche": "rue", "m": 450}, "geometry": {"type": "LineString", "coordinates": [[-71.2264, 46.8118], [-71.2265, 46.8119]]}}, {"type": "Feature", "properties": {"couche": "rue", "m": 450}, "geometry": {"type": "LineString", "coordinates": [[-71.2265, 46.8136], [-71.2262, 46.8133]]}}, {"type": "Feature", "properties": {"couche": "rue", "m": 450}, "geometry": {"type": "LineString", "coordinates": [[-71.2264, 46.8118], [-71.2258, 46.812], [-71.2254, 46.812]]}}, {"type": "Feature", "properties": {"couche": "rue", "m": 450}, "geometry": {"type": "LineString", "coordinates": [[-71.2264, 46.8118], [-71.2254, 46.812]]}}, {"type": "Feature", "properties": {"couche": "rue", "m": 450}, "geometry": {"type": "LineString", "coordinates": [[-71.2264, 46.8136], [-71.2261, 46.8133]]}}, {"type": "Feature", "properties": {"couche": "rue", "m": 450}, "geometry": {"type": "LineString", "coordinates": [[-71.2263, 46.8137], [-71.2259, 46.8138]]}}, {"type": "Feature", "properties": {"couche": "rue", "m": 450}, "geometry": {"type": "LineString", "coordinates": [[-71.2263, 46.8136], [-71.226, 46.8134]]}}, {"type": "Feature", "properties": {"couche": "rue", "m": 450}, "geometry": {"type": "LineString", "coordinates": [[-71.2262, 46.816], [-71.226, 46.816]]}}, {"type": "Feature", "properties": {"couche": "rue", "m": 450}, "geometry": {"type": "LineString", "coordinates": [[-71.226, 46.816], [-71.2248, 46.8164], [-71.2246, 46.816]]}}, {"type": "Feature", "properties": {"couche": "rue", "m": 450}, "geometry": {"type": "LineString", "coordinates": [[-71.226, 46.816], [-71.2257, 46.8156]]}}, {"type": "Feature", "properties": {"couche": "rue", "m": 450}, "geometry": {"type": "LineString", "coordinates": [[-71.2246, 46.816], [-71.2257, 46.8156]]}}, {"type": "Feature", "properties": {"couche": "rue", "m": 450}, "geometry": {"type": "LineString", "coordinates": [[-71.2257, 46.8156], [-71.2254, 46.8152]]}}, {"type": "Feature", "properties": {"couche": "rue", "m": 450}, "geometry": {"type": "LineString", "coordinates": [[-71.2255, 46.8111], [-71.2254, 46.811], [-71.2253, 46.8108]]}}, {"type": "Feature", "properties": {"couche": "rue", "m": 450}, "geometry": {"type": "LineString", "coordinates": [[-71.2254, 46.8115], [-71.2254, 46.8112]]}}, {"type": "Feature", "properties": {"couche": "rue", "m": 450}, "geometry": {"type": "LineString", "coordinates": [[-71.2254, 46.8112], [-71.2245, 46.8116]]}}, {"type": "Feature", "properties": {"couche": "rue", "m": 450}, "geometry": {"type": "LineString", "coordinates": [[-71.2243, 46.8156], [-71.2254, 46.8152]]}}, {"type": "Feature", "properties": {"couche": "rue", "m": 450}, "geometry": {"type": "LineString", "coordinates": [[-71.2254, 46.8152], [-71.2252, 46.8149]]}}, {"type": "Feature", "properties": {"couche": "rue", "m": 450}, "geometry": {"type": "LineString", "coordinates": [[-71.2252, 46.8107], [-71.2253, 46.8108], [-71.2252, 46.8108], [-71.2253, 46.8108]]}}, {"type": "Feature", "properties": {"couche": "rue", "m": 450}, "geometry": {"type": "LineString", "coordinates": [[-71.2253, 46.8108], [-71.2256, 46.8107], [-71.2257, 46.8106], [-71.2252, 46.8107]]}}, {"type": "Feature", "properties": {"couche": "rue", "m": 450}, "geometry": {"type": "LineString", "coordinates": [[-71.2252, 46.8107], [-71.225, 46.8105], [-71.2241, 46.8109]]}}, {"type": "Feature", "properties": {"couche": "rue", "m": 450}, "geometry": {"type": "LineString", "coordinates": [[-71.2246, 46.816], [-71.2236, 46.8163]]}}, {"type": "Feature", "properties": {"couche": "rue", "m": 450}, "geometry": {"type": "LineString", "coordinates": [[-71.2246, 46.816], [-71.2243, 46.8156]]}}, {"type": "Feature", "properties": {"couche": "rue", "m": 450}, "geometry": {"type": "LineString", "coordinates": [[-71.2243, 46.8156], [-71.224, 46.8152], [-71.2223, 46.8158], [-71.2221, 46.8155]]}}, {"type": "Feature", "properties": {"couche": "rue", "m": 450}, "geometry": {"type": "LineString", "coordinates": [[-71.2226, 46.8115], [-71.2241, 46.8109]]}}, {"type": "Feature", "properties": {"couche": "rue", "m": 450}, "geometry": {"type": "LineString", "coordinates": [[-71.2238, 46.8105], [-71.2241, 46.8109]]}}, {"type": "Feature", "properties": {"couche": "rue", "m": 450}, "geometry": {"type": "LineString", "coordinates": [[-71.2224, 46.8111], [-71.2238, 46.8105]]}}, {"type": "Feature", "properties": {"couche": "rue", "m": 450}, "geometry": {"type": "LineString", "coordinates": [[-71.2221, 46.8107], [-71.2235, 46.8101], [-71.2238, 46.8105]]}}, {"type": "Feature", "properties": {"couche": "rue", "m": 450}, "geometry": {"type": "LineString", "coordinates": [[-71.2236, 46.8145], [-71.2218, 46.8151]]}}, {"type": "Feature", "properties": {"couche": "rue", "m": 450}, "geometry": {"type": "LineString", "coordinates": [[-71.2221, 46.8155], [-71.2234, 46.8151]]}}, {"type": "Feature", "properties": {"couche": "rue", "m": 450}, "geometry": {"type": "LineString", "coordinates": [[-71.2224, 46.8111], [-71.221, 46.8117]]}}, {"type": "Feature", "properties": {"couche": "rue", "m": 450}, "geometry": {"type": "LineString", "coordinates": [[-71.2224, 46.8111], [-71.2221, 46.8107]]}}, {"type": "Feature", "properties": {"couche": "rue", "m": 450}, "geometry": {"type": "LineString", "coordinates": [[-71.2221, 46.8107], [-71.2207, 46.8114]]}}, {"type": "Feature", "properties": {"couche": "rue", "m": 450}, "geometry": {"type": "LineString", "coordinates": [[-71.2221, 46.8107], [-71.2218, 46.8103]]}}, {"type": "Feature", "properties": {"couche": "rue", "m": 450}, "geometry": {"type": "LineString", "coordinates": [[-71.2221, 46.8155], [-71.2218, 46.8151]]}}, {"type": "Feature", "properties": {"couche": "rue", "m": 450}, "geometry": {"type": "LineString", "coordinates": [[-71.2213, 46.8121], [-71.2219, 46.8118]]}}, {"type": "Feature", "properties": {"couche": "rue", "m": 450}, "geometry": {"type": "LineString", "coordinates": [[-71.2207, 46.8114], [-71.2204, 46.811], [-71.2218, 46.8103]]}}, {"type": "Feature", "properties": {"couche": "rue", "m": 450}, "geometry": {"type": "LineString", "coordinates": [[-71.2218, 46.8103], [-71.2214, 46.8098]]}}, {"type": "Feature", "properties": {"couche": "rue", "m": 450}, "geometry": {"type": "LineString", "coordinates": [[-71.2218, 46.8151], [-71.2208, 46.8154]]}}, {"type": "Feature", "properties": {"couche": "rue", "m": 450}, "geometry": {"type": "LineString", "coordinates": [[-71.2218, 46.8151], [-71.2214, 46.8145], [-71.2204, 46.8148]]}}, {"type": "Feature", "properties": {"couche": "rue", "m": 450}, "geometry": {"type": "LineString", "coordinates": [[-71.2213, 46.8121], [-71.2207, 46.8124]]}}, {"type": "Feature", "properties": {"couche": "rue", "m": 450}, "geometry": {"type": "LineString", "coordinates": [[-71.2213, 46.8121], [-71.2215, 46.8124], [-71.2208, 46.8126]]}}, {"type": "Feature", "properties": {"couche": "rue", "m": 450}, "geometry": {"type": "LineString", "coordinates": [[-71.221, 46.8117], [-71.2213, 46.8121]]}}, {"type": "Feature", "properties": {"couche": "rue", "m": 450}, "geometry": {"type": "LineString", "coordinates": [[-71.221, 46.8117], [-71.2204, 46.812]]}}, {"type": "Feature", "properties": {"couche": "rue", "m": 450}, "geometry": {"type": "LineString", "coordinates": [[-71.2207, 46.8114], [-71.221, 46.8117]]}}, {"type": "Feature", "properties": {"couche": "rue", "m": 450}, "geometry": {"type": "LineString", "coordinates": [[-71.2204, 46.8127], [-71.2209, 46.8127]]}}, {"type": "Feature", "properties": {"couche": "rue", "m": 450}, "geometry": {"type": "LineString", "coordinates": [[-71.2208, 46.8126], [-71.2204, 46.8126]]}}, {"type": "Feature", "properties": {"couche": "rue", "m": 450}, "geometry": {"type": "LineString", "coordinates": [[-71.2207, 46.8124], [-71.2208, 46.8126]]}}, {"type": "Feature", "properties": {"couche": "rue", "m": 450}, "geometry": {"type": "LineString", "coordinates": [[-71.2206, 46.8128], [-71.2208, 46.8128]]}}, {"type": "Feature", "properties": {"couche": "rue", "m": 450}, "geometry": {"type": "LineString", "coordinates": [[-71.2208, 46.8154], [-71.2204, 46.8148]]}}, {"type": "Feature", "properties": {"couche": "rue", "m": 450}, "geometry": {"type": "LineString", "coordinates": [[-71.2202, 46.8146], [-71.2208, 46.8144]]}}, {"type": "Feature", "properties": {"couche": "rue", "m": 450}, "geometry": {"type": "LineString", "coordinates": [[-71.2207, 46.8114], [-71.2197, 46.8118], [-71.22, 46.8122]]}}, {"type": "Feature", "properties": {"couche": "rue", "m": 450}, "geometry": {"type": "LineString", "coordinates": [[-71.2203, 46.8124], [-71.2207, 46.8124]]}}, {"type": "Feature", "properties": {"couche": "rue", "m": 450}, "geometry": {"type": "LineString", "coordinates": [[-71.2207, 46.8124], [-71.2204, 46.812]]}}, {"type": "Feature", "properties": {"couche": "rue", "m": 450}, "geometry": {"type": "LineString", "coordinates": [[-71.2206, 46.8128], [-71.2204, 46.8128]]}}, {"type": "Feature", "properties": {"couche": "rue", "m": 450}, "geometry": {"type": "LineString", "coordinates": [[-71.22, 46.8122], [-71.2204, 46.812]]}}, {"type": "Feature", "properties": {"couche": "rue", "m": 450}, "geometry": {"type": "LineString", "coordinates": [[-71.2203, 46.8124], [-71.2204, 46.8126]]}}, {"type": "Feature", "properties": {"couche": "rue", "m": 450}, "geometry": {"type": "LineString", "coordinates": [[-71.2204, 46.8128], [-71.2202, 46.8128]]}}, {"type": "Feature", "properties": {"couche": "rue", "m": 450}, "geometry": {"type": "LineString", "coordinates": [[-71.2204, 46.8148], [-71.2197, 46.8151]]}}, {"type": "Feature", "properties": {"couche": "rue", "m": 450}, "geometry": {"type": "LineString", "coordinates": [[-71.2202, 46.8146], [-71.2204, 46.8148]]}}, {"type": "Feature", "properties": {"couche": "rue", "m": 450}, "geometry": {"type": "LineString", "coordinates": [[-71.2203, 46.8126], [-71.2202, 46.8125]]}}, {"type": "Feature", "properties": {"couche": "rue", "m": 450}, "geometry": {"type": "LineString", "coordinates": [[-71.2202, 46.8125], [-71.2201, 46.8123]]}}, {"type": "Feature", "properties": {"couche": "rue", "m": 450}, "geometry": {"type": "LineString", "coordinates": [[-71.2189, 46.8127], [-71.2202, 46.8127]]}}, {"type": "Feature", "properties": {"couche": "rue", "m": 450}, "geometry": {"type": "LineString", "coordinates": [[-71.2202, 46.8127], [-71.2201, 46.8123]]}}, {"type": "Feature", "properties": {"couche": "rue", "m": 450}, "geometry": {"type": "LineString", "coordinates": [[-71.2187, 46.8127], [-71.2202, 46.8127]]}}, {"type": "Feature", "properties": {"couche": "rue", "m": 450}, "geometry": {"type": "LineString", "coordinates": [[-71.2202, 46.8128], [-71.2184, 46.8128]]}}, {"type": "Feature", "properties": {"couche": "rue", "m": 450}, "geometry": {"type": "LineString", "coordinates": [[-71.2197, 46.8147], [-71.2202, 46.8146]]}}, {"type": "Feature", "properties": {"couche": "rue", "m": 450}, "geometry": {"type": "LineString", "coordinates": [[-71.2199, 46.8141], [-71.2202, 46.8146]]}}, {"type": "Feature", "properties": {"couche": "rue", "m": 450}, "geometry": {"type": "LineString", "coordinates": [[-71.2202, 46.8133], [-71.2196, 46.8134]]}}, {"type": "Feature", "properties": {"couche": "rue", "m": 450}, "geometry": {"type": "LineString", "coordinates": [[-71.2201, 46.8123], [-71.22, 46.8122]]}}, {"type": "Feature", "properties": {"couche": "rue", "m": 450}, "geometry": {"type": "LineString", "coordinates": [[-71.2201, 46.8123], [-71.2192, 46.8123]]}}, {"type": "Feature", "properties": {"couche": "rue", "m": 450}, "geometry": {"type": "LineString", "coordinates": [[-71.2199, 46.8141], [-71.2191, 46.8144]]}}, {"type": "Feature", "properties": {"couche": "rue", "m": 450}, "geometry": {"type": "LineString", "coordinates": [[-71.2197, 46.8138], [-71.2199, 46.8141]]}}, {"type": "Feature", "properties": {"couche": "rue", "m": 450}, "geometry": {"type": "LineString", "coordinates": [[-71.2197, 46.8138], [-71.2187, 46.814]]}}, {"type": "Feature", "properties": {"couche": "rue", "m": 450}, "geometry": {"type": "LineString", "coordinates": [[-71.2187, 46.8141], [-71.2196, 46.8139], [-71.2197, 46.8138]]}}, {"type": "Feature", "properties": {"couche": "rue", "m": 450}, "geometry": {"type": "LineString", "coordinates": [[-71.2197, 46.8138], [-71.2195, 46.8134]]}}, {"type": "Feature", "properties": {"couche": "rue", "m": 450}, "geometry": {"type": "LineString", "coordinates": [[-71.2191, 46.8137], [-71.2197, 46.8138]]}}, {"type": "Feature", "properties": {"couche": "rue", "m": 450}, "geometry": {"type": "LineString", "coordinates": [[-71.2196, 46.8134], [-71.2195, 46.8132], [-71.2189, 46.8133], [-71.219, 46.8135]]}}, {"type": "Feature", "properties": {"couche": "rue", "m": 450}, "geometry": {"type": "LineString", "coordinates": [[-71.2195, 46.8134], [-71.219, 46.8135]]}}, {"type": "Feature", "properties": {"couche": "rue", "m": 450}, "geometry": {"type": "LineString", "coordinates": [[-71.2191, 46.8137], [-71.2195, 46.8134]]}}, {"type": "Feature", "properties": {"couche": "rue", "m": 450}, "geometry": {"type": "LineString", "coordinates": [[-71.2187, 46.8136], [-71.2191, 46.8137]]}}, {"type": "Feature", "properties": {"couche": "rue", "m": 450}, "geometry": {"type": "LineString", "coordinates": [[-71.2187, 46.8136], [-71.219, 46.8135]]}}, {"type": "Feature", "properties": {"couche": "rue", "m": 450}, "geometry": {"type": "LineString", "coordinates": [[-71.2187, 46.8136], [-71.2181, 46.8137]]}}, {"type": "Feature", "properties": {"couche": "rue", "m": 450}, "geometry": {"type": "LineString", "coordinates": [[-71.2187, 46.8136], [-71.2185, 46.8132]]}}, {"type": "Feature", "properties": {"couche": "rue", "m": 450}, "geometry": {"type": "LineString", "coordinates": [[-71.2187, 46.814], [-71.2182, 46.8141], [-71.2184, 46.8141]]}}, {"type": "Feature", "properties": {"couche": "rue", "m": 450}, "geometry": {"type": "LineString", "coordinates": [[-71.2187, 46.8141], [-71.2186, 46.8142], [-71.2187, 46.8144], [-71.2187, 46.8145]]}}, {"type": "Feature", "properties": {"couche": "rue", "m": 450}, "geometry": {"type": "LineString", "coordinates": [[-71.2184, 46.8141], [-71.2187, 46.8141]]}}, {"type": "Feature", "properties": {"couche": "rue", "m": 450}, "geometry": {"type": "LineString", "coordinates": [[-71.2184, 46.8141], [-71.2186, 46.8145]]}}, {"type": "Feature", "properties": {"couche": "rue", "m": 600}, "geometry": {"type": "LineString", "coordinates": [[-71.2293, 46.8117], [-71.2298, 46.8115]]}}, {"type": "Feature", "properties": {"couche": "rue", "m": 600}, "geometry": {"type": "LineString", "coordinates": [[-71.2298, 46.8115], [-71.2299, 46.8116], [-71.2293, 46.8118]]}}, {"type": "Feature", "properties": {"couche": "rue", "m": 600}, "geometry": {"type": "LineString", "coordinates": [[-71.2297, 46.8112], [-71.2298, 46.8115]]}}, {"type": "Feature", "properties": {"couche": "rue", "m": 600}, "geometry": {"type": "LineString", "coordinates": [[-71.229, 46.8113], [-71.2297, 46.8112]]}}, {"type": "Feature", "properties": {"couche": "rue", "m": 600}, "geometry": {"type": "LineString", "coordinates": [[-71.2297, 46.8112], [-71.2297, 46.8112], [-71.2294, 46.8112]]}}, {"type": "Feature", "properties": {"couche": "rue", "m": 600}, "geometry": {"type": "LineString", "coordinates": [[-71.2294, 46.8112], [-71.229, 46.8112]]}}, {"type": "Feature", "properties": {"couche": "rue", "m": 600}, "geometry": {"type": "LineString", "coordinates": [[-71.2294, 46.8112], [-71.2278, 46.8114]]}}, {"type": "Feature", "properties": {"couche": "rue", "m": 600}, "geometry": {"type": "LineString", "coordinates": [[-71.2294, 46.8118], [-71.2296, 46.8122], [-71.2283, 46.8126]]}}, {"type": "Feature", "properties": {"couche": "rue", "m": 600}, "geometry": {"type": "LineString", "coordinates": [[-71.2281, 46.8123], [-71.228, 46.8122], [-71.2293, 46.8118]]}}, {"type": "Feature", "properties": {"couche": "rue", "m": 600}, "geometry": {"type": "LineString", "coordinates": [[-71.2293, 46.8119], [-71.2293, 46.8119], [-71.2281, 46.8123], [-71.2281, 46.8123]]}}, {"type": "Feature", "properties": {"couche": "rue", "m": 600}, "geometry": {"type": "LineString", "coordinates": [[-71.2293, 46.8119], [-71.2281, 46.8122], [-71.2281, 46.8123]]}}, {"type": "Feature", "properties": {"couche": "rue", "m": 600}, "geometry": {"type": "LineString", "coordinates": [[-71.2285, 46.8129], [-71.2293, 46.8127]]}}, {"type": "Feature", "properties": {"couche": "rue", "m": 600}, "geometry": {"type": "LineString", "coordinates": [[-71.2293, 46.8117], [-71.228, 46.8121]]}}, {"type": "Feature", "properties": {"couche": "rue", "m": 600}, "geometry": {"type": "LineString", "coordinates": [[-71.2293, 46.8117], [-71.2291, 46.8115]]}}, {"type": "Feature", "properties": {"couche": "rue", "m": 600}, "geometry": {"type": "LineString", "coordinates": [[-71.2278, 46.8119], [-71.2291, 46.8115]]}}, {"type": "Feature", "properties": {"couche": "rue", "m": 600}, "geometry": {"type": "LineString", "coordinates": [[-71.229, 46.8113], [-71.2291, 46.8115]]}}, {"type": "Feature", "properties": {"couche": "rue", "m": 600}, "geometry": {"type": "LineString", "coordinates": [[-71.229, 46.8113], [-71.2276, 46.8115]]}}, {"type": "Feature", "properties": {"couche": "rue", "m": 600}, "geometry": {"type": "LineString", "coordinates": [[-71.229, 46.8112], [-71.2278, 46.8114]]}}, {"type": "Feature", "properties": {"couche": "rue", "m": 600}, "geometry": {"type": "LineString", "coordinates": [[-71.2287, 46.8131], [-71.2288, 46.8133], [-71.2289, 46.8133], [-71.2289, 46.8132]]}}, {"type": "Feature", "properties": {"couche": "rue", "m": 600}, "geometry": {"type": "LineString", "coordinates": [[-71.2269, 46.8139], [-71.2287, 46.8134]]}}, {"type": "Feature", "properties": {"couche": "rue", "m": 600}, "geometry": {"type": "LineString", "coordinates": [[-71.2287, 46.8134], [-71.2289, 46.8137], [-71.2287, 46.8138]]}}, {"type": "Feature", "properties": {"couche": "rue", "m": 600}, "geometry": {"type": "LineString", "coordinates": [[-71.2285, 46.813], [-71.2287, 46.8134]]}}, {"type": "Feature", "properties": {"couche": "rue", "m": 600}, "geometry": {"type": "LineString", "coordinates": [[-71.2287, 46.8131], [-71.2286, 46.813]]}}, {"type": "Feature", "properties": {"couche": "rue", "m": 600}, "geometry": {"type": "LineString", "coordinates": [[-71.2285, 46.814], [-71.2287, 46.814]]}}, {"type": "Feature", "properties": {"couche": "rue", "m": 600}, "geometry": {"type": "LineString", "coordinates": [[-71.2285, 46.8142], [-71.2289, 46.8141], [-71.2287, 46.814]]}}, {"type": "Feature", "properties": {"couche": "rue", "m": 600}, "geometry": {"type": "LineString", "coordinates": [[-71.2287, 46.814], [-71.2287, 46.8138]]}}, {"type": "Feature", "properties": {"couche": "rue", "m": 600}, "geometry": {"type": "LineString", "coordinates": [[-71.2287, 46.8138], [-71.2284, 46.8139]]}}, {"type": "Feature", "properties": {"couche": "rue", "m": 600}, "geometry": {"type": "LineString", "coordinates": [[-71.2284, 46.813], [-71.2284, 46.813], [-71.2285, 46.813]]}}, {"type": "Feature", "properties": {"couche": "rue", "m": 600}, "geometry": {"type": "LineString", "coordinates": [[-71.2285, 46.8142], [-71.2275, 46.8145]]}}, {"type": "Feature", "properties": {"couche": "rue", "m": 600}, "geometry": {"type": "LineString", "coordinates": [[-71.2285, 46.8142], [-71.2285, 46.814]]}}, {"type": "Feature", "properties": {"couche": "rue", "m": 600}, "geometry": {"type": "LineString", "coordinates": [[-71.2285, 46.814], [-71.2285, 46.8139], [-71.2284, 46.8139]]}}, {"type": "Feature", "properties": {"couche": "rue", "m": 600}, "geometry": {"type": "LineString", "coordinates": [[-71.2284, 46.8129], [-71.2283, 46.8126]]}}, {"type": "Feature", "properties": {"couche": "rue", "m": 600}, "geometry": {"type": "LineString", "coordinates": [[-71.2284, 46.813], [-71.2265, 46.8136]]}}, {"type": "Feature", "properties": {"couche": "rue", "m": 600}, "geometry": {"type": "LineString", "coordinates": [[-71.2284, 46.8139], [-71.2273, 46.8142]]}}, {"type": "Feature", "properties": {"couche": "rue", "m": 600}, "geometry": {"type": "LineString", "coordinates": [[-71.2283, 46.8151], [-71.228, 46.8148]]}}, {"type": "Feature", "properties": {"couche": "rue", "m": 600}, "geometry": {"type": "LineString", "coordinates": [[-71.2283, 46.8126], [-71.2279, 46.8127]]}}, {"type": "Feature", "properties": {"couche": "rue", "m": 600}, "geometry": {"type": "LineString", "coordinates": [[-71.2283, 46.8126], [-71.228, 46.8123], [-71.2281, 46.8123]]}}, {"type": "Feature", "properties": {"couche": "rue", "m": 600}, "geometry": {"type": "LineString", "coordinates": [[-71.2283, 46.8152], [-71.2262, 46.816]]}}, {"type": "Feature", "properties": {"couche": "rue", "m": 600}, "geometry": {"type": "LineString", "coordinates": [[-71.2279, 46.8148], [-71.2283, 46.8152]]}}, {"type": "Feature", "properties": {"couche": "rue", "m": 600}, "geometry": {"type": "LineString", "coordinates": [[-71.2264, 46.8165], [-71.2271, 46.8166], [-71.2279, 46.8165]]}}, {"type": "Feature", "properties": {"couche": "rue", "m": 600}, "geometry": {"type": "LineString", "coordinates": [[-71.2278, 46.8114], [-71.2275, 46.8115]]}}, {"type": "Feature", "properties": {"couche": "rue", "m": 600}, "geometry": {"type": "LineString", "coordinates": [[-71.2278, 46.8114], [-71.2269, 46.8116]]}}, {"type": "Feature", "properties": {"couche": "rue", "m": 600}, "geometry": {"type": "LineString", "coordinates": [[-71.2278, 46.8114], [-71.2277, 46.811]]}}, {"type": "Feature", "properties": {"couche": "rue", "m": 600}, "geometry": {"type": "LineString", "coordinates": [[-71.2279, 46.8148], [-71.2259, 46.8156]]}}, {"type": "Feature", "properties": {"couche": "rue", "m": 600}, "geometry": {"type": "LineString", "coordinates": [[-71.2279, 46.8148], [-71.2275, 46.8145]]}}, {"type": "Feature", "properties": {"couche": "rue", "m": 600}, "geometry": {"type": "LineString", "coordinates": [[-71.2278, 46.8164], [-71.2269, 46.8165], [-71.2264, 46.8165]]}}, {"type": "Feature", "properties": {"couche": "rue", "m": 600}, "geometry": {"type": "LineString", "coordinates": [[-71.2272, 46.8111], [-71.2277, 46.811]]}}, {"type": "Feature", "properties": {"couche": "rue", "m": 600}, "geometry": {"type": "LineString", "coordinates": [[-71.2274, 46.8102], [-71.2278, 46.8099], [-71.2283, 46.8108], [-71.2277, 46.811]]}}, {"type": "Feature", "properties": {"couche": "rue", "m": 600}, "geometry": {"type": "LineString", "coordinates": [[-71.2277, 46.811], [-71.2273, 46.8102]]}}, {"type": "Feature", "properties": {"couche": "rue", "m": 600}, "geometry": {"type": "LineString", "coordinates": [[-71.2264, 46.8165], [-71.2276, 46.816]]}}, {"type": "Feature", "properties": {"couche": "rue", "m": 600}, "geometry": {"type": "LineString", "coordinates": [[-71.2266, 46.8148], [-71.2275, 46.8145]]}}, {"type": "Feature", "properties": {"couche": "rue", "m": 600}, "geometry": {"type": "LineString", "coordinates": [[-71.2272, 46.8143], [-71.2275, 46.8145]]}}, {"type": "Feature", "properties": {"couche": "rue", "m": 600}, "geometry": {"type": "LineString", "coordinates": [[-71.2273, 46.8102], [-71.2268, 46.8104]]}}, {"type": "Feature", "properties": {"couche": "rue", "m": 600}, "geometry": {"type": "LineString", "coordinates": [[-71.2266, 46.8112], [-71.2272, 46.8111]]}}, {"type": "Feature", "properties": {"couche": "rue", "m": 600}, "geometry": {"type": "LineString", "coordinates": [[-71.2268, 46.8104], [-71.2272, 46.8111]]}}, {"type": "Feature", "properties": {"couche": "rue", "m": 600}, "geometry": {"type": "LineString", "coordinates": [[-71.227, 46.8172], [-71.2271, 46.8172], [-71.2266, 46.8166], [-71.2264, 46.8166], [-71.2263, 46.8165]]}}, {"type": "Feature", "properties": {"couche": "rue", "m": 600}, "geometry": {"type": "LineString", "coordinates": [[-71.2268, 46.8104], [-71.2263, 46.8107]]}}, {"type": "Feature", "properties": {"couche": "rue", "m": 600}, "geometry": {"type": "LineString", "coordinates": [[-71.2257, 46.8102], [-71.2264, 46.8099]]}}, {"type": "Feature", "properties": {"couche": "rue", "m": 600}, "geometry": {"type": "LineString", "coordinates": [[-71.226, 46.816], [-71.2264, 46.8165]]}}, {"type": "Feature", "properties": {"couche": "rue", "m": 600}, "geometry": {"type": "LineString", "coordinates": [[-71.2263, 46.8165], [-71.2256, 46.8167]]}}, {"type": "Feature", "properties": {"couche": "rue", "m": 600}, "geometry": {"type": "LineString", "coordinates": [[-71.2261, 46.8173], [-71.2256, 46.8167]]}}, {"type": "Feature", "properties": {"couche": "rue", "m": 600}, "geometry": {"type": "LineString", "coordinates": [[-71.2257, 46.8102], [-71.225, 46.8105]]}}, {"type": "Feature", "properties": {"couche": "rue", "m": 600}, "geometry": {"type": "LineString", "coordinates": [[-71.2257, 46.8102], [-71.2253, 46.8099]]}}, {"type": "Feature", "properties": {"couche": "rue", "m": 600}, "geometry": {"type": "LineString", "coordinates": [[-71.2256, 46.8167], [-71.2251, 46.8169]]}}, {"type": "Feature", "properties": {"couche": "rue", "m": 600}, "geometry": {"type": "LineString", "coordinates": [[-71.2244, 46.8172], [-71.2254, 46.8169], [-71.2256, 46.8167]]}}, {"type": "Feature", "properties": {"couche": "rue", "m": 600}, "geometry": {"type": "LineString", "coordinates": [[-71.2253, 46.8099], [-71.2238, 46.8105]]}}, {"type": "Feature", "properties": {"couche": "rue", "m": 600}, "geometry": {"type": "LineString", "coordinates": [[-71.2253, 46.8099], [-71.2249, 46.8095]]}}, {"type": "Feature", "properties": {"couche": "rue", "m": 600}, "geometry": {"type": "LineString", "coordinates": [[-71.2241, 46.8172], [-71.2251, 46.8169]]}}, {"type": "Feature", "properties": {"couche": "rue", "m": 600}, "geometry": {"type": "LineString", "coordinates": [[-71.2251, 46.8169], [-71.2248, 46.8164]]}}, {"type": "Feature", "properties": {"couche": "rue", "m": 600}, "geometry": {"type": "LineString", "coordinates": [[-71.2249, 46.8095], [-71.2235, 46.8101], [-71.2231, 46.8098]]}}, {"type": "Feature", "properties": {"couche": "rue", "m": 600}, "geometry": {"type": "LineString", "coordinates": [[-71.2249, 46.8095], [-71.2244, 46.8092], [-71.2231, 46.8098]]}}, {"type": "Feature", "properties": {"couche": "rue", "m": 600}, "geometry": {"type": "LineString", "coordinates": [[-71.2241, 46.8172], [-71.2243, 46.8172], [-71.2244, 46.8172]]}}, {"type": "Feature", "properties": {"couche": "rue", "m": 600}, "geometry": {"type": "LineString", "coordinates": [[-71.2226, 46.8162], [-71.2243, 46.8156]]}}, {"type": "Feature", "properties": {"couche": "rue", "m": 600}, "geometry": {"type": "LineString", "coordinates": [[-71.224, 46.8172], [-71.2242, 46.8175]]}}, {"type": "Feature", "properties": {"couche": "rue", "m": 600}, "geometry": {"type": "LineString", "coordinates": [[-71.2241, 46.8172], [-71.2235, 46.8163]]}}, {"type": "Feature", "properties": {"couche": "rue", "m": 600}, "geometry": {"type": "LineString", "coordinates": [[-71.224, 46.8172], [-71.2238, 46.8173]]}}, {"type": "Feature", "properties": {"couche": "rue", "m": 600}, "geometry": {"type": "LineString", "coordinates": [[-71.2238, 46.8173], [-71.2233, 46.8164]]}}, {"type": "Feature", "properties": {"couche": "rue", "m": 600}, "geometry": {"type": "LineString", "coordinates": [[-71.2235, 46.8163], [-71.2233, 46.8164]]}}, {"type": "Feature", "properties": {"couche": "rue", "m": 600}, "geometry": {"type": "LineString", "coordinates": [[-71.2228, 46.8094], [-71.2234, 46.8092]]}}, {"type": "Feature", "properties": {"couche": "rue", "m": 600}, "geometry": {"type": "LineString", "coordinates": [[-71.2228, 46.8165], [-71.2233, 46.8164]]}}, {"type": "Feature", "properties": {"couche": "rue", "m": 600}, "geometry": {"type": "LineString", "coordinates": [[-71.2218, 46.8103], [-71.2231, 46.8098]]}}, {"type": "Feature", "properties": {"couche": "rue", "m": 600}, "geometry": {"type": "LineString", "coordinates": [[-71.2228, 46.8094], [-71.2231, 46.8098]]}}, {"type": "Feature", "properties": {"couche": "rue", "m": 600}, "geometry": {"type": "LineString", "coordinates": [[-71.2228, 46.8094], [-71.2201, 46.8106]]}}, {"type": "Feature", "properties": {"couche": "rue", "m": 600}, "geometry": {"type": "LineString", "coordinates": [[-71.2228, 46.8094], [-71.2226, 46.8092]]}}, {"type": "Feature", "properties": {"couche": "rue", "m": 600}, "geometry": {"type": "LineString", "coordinates": [[-71.2228, 46.8165], [-71.2219, 46.8169]]}}, {"type": "Feature", "properties": {"couche": "rue", "m": 600}, "geometry": {"type": "LineString", "coordinates": [[-71.2228, 46.8165], [-71.2226, 46.8162]]}}, {"type": "Feature", "properties": {"couche": "rue", "m": 600}, "geometry": {"type": "LineString", "coordinates": [[-71.2226, 46.8092], [-71.2225, 46.8093], [-71.2223, 46.8091]]}}, {"type": "Feature", "properties": {"couche": "rue", "m": 600}, "geometry": {"type": "LineString", "coordinates": [[-71.2224, 46.8091], [-71.2226, 46.8092]]}}, {"type": "Feature", "properties": {"couche": "rue", "m": 600}, "geometry": {"type": "LineString", "coordinates": [[-71.2219, 46.8164], [-71.2226, 46.8162]]}}, {"type": "Feature", "properties": {"couche": "rue", "m": 600}, "geometry": {"type": "LineString", "coordinates": [[-71.2226, 46.8162], [-71.2223, 46.8158], [-71.2213, 46.8161]]}}, {"type": "Feature", "properties": {"couche": "rue", "m": 600}, "geometry": {"type": "LineString", "coordinates": [[-71.2223, 46.809], [-71.2223, 46.809], [-71.2224, 46.809]]}}, {"type": "Feature", "properties": {"couche": "rue", "m": 600}, "geometry": {"type": "LineString", "coordinates": [[-71.2223, 46.809], [-71.2222, 46.8089]]}}, {"type": "Feature", "properties": {"couche": "rue", "m": 600}, "geometry": {"type": "LineString", "coordinates": [[-71.2223, 46.8091], [-71.2215, 46.8095]]}}, {"type": "Feature", "properties": {"couche": "rue", "m": 600}, "geometry": {"type": "LineString", "coordinates": [[-71.2222, 46.8091], [-71.2215, 46.8094]]}}, {"type": "Feature", "properties": {"couche": "rue", "m": 600}, "geometry": {"type": "LineString", "coordinates": [[-71.2215, 46.8094], [-71.2222, 46.8091]]}}, {"type": "Feature", "properties": {"couche": "rue", "m": 600}, "geometry": {"type": "LineString", "coordinates": [[-71.2221, 46.8155], [-71.2211, 46.8158]]}}, {"type": "Feature", "properties": {"couche": "rue", "m": 600}, "geometry": {"type": "LineString", "coordinates": [[-71.2216, 46.8165], [-71.2219, 46.8164]]}}, {"type": "Feature", "properties": {"couche": "rue", "m": 600}, "geometry": {"type": "LineString", "coordinates": [[-71.2219, 46.8164], [-71.2217, 46.8164]]}}, {"type": "Feature", "properties": {"couche": "rue", "m": 600}, "geometry": {"type": "LineString", "coordinates": [[-71.2216, 46.8165], [-71.2219, 46.8169]]}}, {"type": "Feature", "properties": {"couche": "rue", "m": 600}, "geometry": {"type": "LineString", "coordinates": [[-71.2217, 46.8164], [-71.2215, 46.8164]]}}, {"type": "Feature", "properties": {"couche": "rue", "m": 600}, "geometry": {"type": "LineString", "coordinates": [[-71.2217, 46.8164], [-71.2216, 46.8165]]}}, {"type": "Feature", "properties": {"couche": "rue", "m": 600}, "geometry": {"type": "LineString", "coordinates": [[-71.2215, 46.8095], [-71.2213, 46.8096]]}}, {"type": "Feature", "properties": {"couche": "rue", "m": 600}, "geometry": {"type": "LineString", "coordinates": [[-71.2216, 46.8165], [-71.2215, 46.8164]]}}, {"type": "Feature", "properties": {"couche": "rue", "m": 600}, "geometry": {"type": "LineString", "coordinates": [[-71.2212, 46.8095], [-71.2215, 46.8094]]}}, {"type": "Feature", "properties": {"couche": "rue", "m": 600}, "geometry": {"type": "LineString", "coordinates": [[-71.2213, 46.8096], [-71.2214, 46.8098]]}}, {"type": "Feature", "properties": {"couche": "rue", "m": 600}, "geometry": {"type": "LineString", "coordinates": [[-71.22, 46.81], [-71.2214, 46.8094]]}}, {"type": "Feature", "properties": {"couche": "rue", "m": 600}, "geometry": {"type": "LineString", "coordinates": [[-71.2214, 46.8094], [-71.2211, 46.809]]}}, {"type": "Feature", "properties": {"couche": "rue", "m": 600}, "geometry": {"type": "LineString", "coordinates": [[-71.2215, 46.8164], [-71.2213, 46.8161]]}}, {"type": "Feature", "properties": {"couche": "rue", "m": 600}, "geometry": {"type": "LineString", "coordinates": [[-71.2213, 46.8096], [-71.22, 46.8101]]}}, {"type": "Feature", "properties": {"couche": "rue", "m": 600}, "geometry": {"type": "LineString", "coordinates": [[-71.22, 46.8101], [-71.2212, 46.8095]]}}, {"type": "Feature", "properties": {"couche": "rue", "m": 600}, "geometry": {"type": "LineString", "coordinates": [[-71.2213, 46.8161], [-71.2211, 46.8158]]}}, {"type": "Feature", "properties": {"couche": "rue", "m": 600}, "geometry": {"type": "LineString", "coordinates": [[-71.2211, 46.809], [-71.2209, 46.8088], [-71.2209, 46.8089], [-71.221, 46.809]]}}, {"type": "Feature", "properties": {"couche": "rue", "m": 600}, "geometry": {"type": "LineString", "coordinates": [[-71.221, 46.809], [-71.2207, 46.8092]]}}, {"type": "Feature", "properties": {"couche": "rue", "m": 600}, "geometry": {"type": "LineString", "coordinates": [[-71.2208, 46.8154], [-71.2211, 46.8158]]}}, {"type": "Feature", "properties": {"couche": "rue", "m": 600}, "geometry": {"type": "LineString", "coordinates": [[-71.2189, 46.8157], [-71.2191, 46.816], [-71.2208, 46.8155]]}}, {"type": "Feature", "properties": {"couche": "rue", "m": 600}, "geometry": {"type": "LineString", "coordinates": [[-71.2201, 46.8106], [-71.2191, 46.811]]}}, {"type": "Feature", "properties": {"couche": "rue", "m": 600}, "geometry": {"type": "LineString", "coordinates": [[-71.2201, 46.8106], [-71.2204, 46.811], [-71.2194, 46.8114]]}}, {"type": "Feature", "properties": {"couche": "rue", "m": 600}, "geometry": {"type": "LineString", "coordinates": [[-71.2198, 46.8102], [-71.2201, 46.8106]]}}, {"type": "Feature", "properties": {"couche": "rue", "m": 600}, "geometry": {"type": "LineString", "coordinates": [[-71.2199, 46.81], [-71.2197, 46.8098]]}}, {"type": "Feature", "properties": {"couche": "rue", "m": 600}, "geometry": {"type": "LineString", "coordinates": [[-71.2188, 46.8105], [-71.2199, 46.8101]]}}, {"type": "Feature", "properties": {"couche": "rue", "m": 600}, "geometry": {"type": "LineString", "coordinates": [[-71.2198, 46.8102], [-71.2189, 46.8106]]}}, {"type": "Feature", "properties": {"couche": "rue", "m": 600}, "geometry": {"type": "LineString", "coordinates": [[-71.2188, 46.8106], [-71.2198, 46.8102]]}}, {"type": "Feature", "properties": {"couche": "rue", "m": 600}, "geometry": {"type": "LineString", "coordinates": [[-71.219, 46.8153], [-71.2197, 46.8151]]}}, {"type": "Feature", "properties": {"couche": "rue", "m": 600}, "geometry": {"type": "LineString", "coordinates": [[-71.2185, 46.8151], [-71.2197, 46.8147]]}}, {"type": "Feature", "properties": {"couche": "rue", "m": 600}, "geometry": {"type": "LineString", "coordinates": [[-71.2178, 46.8121], [-71.2194, 46.8114]]}}, {"type": "Feature", "properties": {"couche": "rue", "m": 600}, "geometry": {"type": "LineString", "coordinates": [[-71.2194, 46.8114], [-71.2197, 46.8118], [-71.2184, 46.8124]]}}, {"type": "Feature", "properties": {"couche": "rue", "m": 600}, "geometry": {"type": "LineString", "coordinates": [[-71.2194, 46.8114], [-71.2191, 46.811]]}}, {"type": "Feature", "properties": {"couche": "rue", "m": 600}, "geometry": {"type": "LineString", "coordinates": [[-71.2184, 46.8124], [-71.2192, 46.8123]]}}, {"type": "Feature", "properties": {"couche": "rue", "m": 600}, "geometry": {"type": "LineString", "coordinates": [[-71.2178, 46.8121], [-71.2175, 46.8117], [-71.2191, 46.811]]}}, {"type": "Feature", "properties": {"couche": "rue", "m": 600}, "geometry": {"type": "LineString", "coordinates": [[-71.2191, 46.811], [-71.2188, 46.8106]]}}, {"type": "Feature", "properties": {"couche": "rue", "m": 600}, "geometry": {"type": "LineString", "coordinates": [[-71.2183, 46.8127], [-71.2189, 46.8127]]}}, {"type": "Feature", "properties": {"couche": "rue", "m": 600}, "geometry": {"type": "LineString", "coordinates": [[-71.2187, 46.8154], [-71.219, 46.8153]]}}, {"type": "Feature", "properties": {"couche": "rue", "m": 600}, "geometry": {"type": "LineString", "coordinates": [[-71.2189, 46.8157], [-71.2192, 46.8156], [-71.219, 46.8153]]}}, {"type": "Feature", "properties": {"couche": "rue", "m": 600}, "geometry": {"type": "LineString", "coordinates": [[-71.2187, 46.8155], [-71.2189, 46.8157]]}}, {"type": "Feature", "properties": {"couche": "rue", "m": 600}, "geometry": {"type": "LineString", "coordinates": [[-71.2187, 46.8106], [-71.2186, 46.8107]]}}, {"type": "Feature", "properties": {"couche": "rue", "m": 600}, "geometry": {"type": "LineString", "coordinates": [[-71.2184, 46.8127], [-71.2187, 46.8127]]}}, {"type": "Feature", "properties": {"couche": "rue", "m": 600}, "geometry": {"type": "LineString", "coordinates": [[-71.2187, 46.8145], [-71.2184, 46.8148], [-71.2184, 46.815], [-71.2185, 46.8151]]}}, {"type": "Feature", "properties": {"couche": "rue", "m": 600}, "geometry": {"type": "LineString", "coordinates": [[-71.2187, 46.8155], [-71.2185, 46.8156]]}}, {"type": "Feature", "properties": {"couche": "rue", "m": 600}, "geometry": {"type": "LineString", "coordinates": [[-71.2187, 46.8154], [-71.2187, 46.8155], [-71.2187, 46.8155]]}}, {"type": "Feature", "properties": {"couche": "rue", "m": 600}, "geometry": {"type": "LineString", "coordinates": [[-71.2187, 46.8155], [-71.2186, 46.8154]]}}, {"type": "Feature", "properties": {"couche": "rue", "m": 600}, "geometry": {"type": "LineString", "coordinates": [[-71.2185, 46.8151], [-71.2186, 46.8153]]}}, {"type": "Feature", "properties": {"couche": "rue", "m": 600}, "geometry": {"type": "LineString", "coordinates": [[-71.2186, 46.8145], [-71.2183, 46.8148], [-71.2184, 46.8152]]}}, {"type": "Feature", "properties": {"couche": "rue", "m": 600}, "geometry": {"type": "LineString", "coordinates": [[-71.2185, 46.8132], [-71.2183, 46.8128]]}}, {"type": "Feature", "properties": {"couche": "rue", "m": 600}, "geometry": {"type": "LineString", "coordinates": [[-71.2184, 46.8155], [-71.2186, 46.8154]]}}, {"type": "Feature", "properties": {"couche": "rue", "m": 600}, "geometry": {"type": "LineString", "coordinates": [[-71.2183, 46.8154], [-71.2185, 46.8153]]}}, {"type": "Feature", "properties": {"couche": "rue", "m": 600}, "geometry": {"type": "LineString", "coordinates": [[-71.2185, 46.8153], [-71.2184, 46.8152]]}}, {"type": "Feature", "properties": {"couche": "rue", "m": 600}, "geometry": {"type": "LineString", "coordinates": [[-71.2185, 46.8156], [-71.2179, 46.8158]]}}, {"type": "Feature", "properties": {"couche": "rue", "m": 600}, "geometry": {"type": "LineString", "coordinates": [[-71.2184, 46.8124], [-71.2181, 46.8125]]}}, {"type": "Feature", "properties": {"couche": "rue", "m": 600}, "geometry": {"type": "LineString", "coordinates": [[-71.2184, 46.8155], [-71.2178, 46.8157]]}}, {"type": "Feature", "properties": {"couche": "rue", "m": 600}, "geometry": {"type": "LineString", "coordinates": [[-71.2183, 46.8154], [-71.2177, 46.8156]]}}, {"type": "Feature", "properties": {"couche": "rue", "m": 600}, "geometry": {"type": "LineString", "coordinates": [[-71.2171, 46.813], [-71.2175, 46.8128], [-71.2183, 46.8128]]}}, {"type": "Feature", "properties": {"couche": "rue", "m": 600}, "geometry": {"type": "LineString", "coordinates": [[-71.2181, 46.8125], [-71.2182, 46.8127]]}}, {"type": "Feature", "properties": {"couche": "rue", "m": 600}, "geometry": {"type": "LineString", "coordinates": [[-71.2182, 46.8127], [-71.2177, 46.8127]]}}, {"type": "Feature", "properties": {"couche": "rue", "m": 600}, "geometry": {"type": "LineString", "coordinates": [[-71.2182, 46.8127], [-71.2178, 46.8127]]}}, {"type": "Feature", "properties": {"couche": "rue", "m": 600}, "geometry": {"type": "LineString", "coordinates": [[-71.2178, 46.8127], [-71.2181, 46.8125]]}}, {"type": "Feature", "properties": {"couche": "rue", "m": 600}, "geometry": {"type": "LineString", "coordinates": [[-71.2178, 46.8121], [-71.2181, 46.8125]]}}, {"type": "Feature", "properties": {"couche": "rue", "m": 600}, "geometry": {"type": "LineString", "coordinates": [[-71.2181, 46.8137], [-71.2169, 46.8142]]}}, {"type": "Feature", "properties": {"couche": "rue", "m": 600}, "geometry": {"type": "LineString", "coordinates": [[-71.2179, 46.8158], [-71.2178, 46.8157]]}}, {"type": "Feature", "properties": {"couche": "rue", "m": 600}, "geometry": {"type": "LineString", "coordinates": [[-71.2178, 46.8121], [-71.2167, 46.8126]]}}, {"type": "Feature", "properties": {"couche": "rue", "m": 600}, "geometry": {"type": "LineString", "coordinates": [[-71.2178, 46.8127], [-71.2177, 46.8127]]}}, {"type": "Feature", "properties": {"couche": "rue", "m": 600}, "geometry": {"type": "LineString", "coordinates": [[-71.2167, 46.8126], [-71.2173, 46.8127], [-71.2178, 46.8127]]}}, {"type": "Feature", "properties": {"couche": "rue", "m": 600}, "geometry": {"type": "LineString", "coordinates": [[-71.2178, 46.8158], [-71.2177, 46.8157]]}}, {"type": "Feature", "properties": {"couche": "rue", "m": 600}, "geometry": {"type": "LineString", "coordinates": [[-71.2178, 46.8158], [-71.2177, 46.8157]]}}, {"type": "Feature", "properties": {"couche": "rue", "m": 600}, "geometry": {"type": "LineString", "coordinates": [[-71.217, 46.8129], [-71.2177, 46.8127]]}}, {"type": "Feature", "properties": {"couche": "rue", "m": 600}, "geometry": {"type": "LineString", "coordinates": [[-71.2177, 46.8156], [-71.2175, 46.8154]]}}, {"type": "Feature", "properties": {"couche": "rue", "m": 600}, "geometry": {"type": "LineString", "coordinates": [[-71.2172, 46.8158], [-71.2176, 46.8156]]}}, {"type": "Feature", "properties": {"couche": "rue", "m": 600}, "geometry": {"type": "LineString", "coordinates": [[-71.2171, 46.813], [-71.2175, 46.8132], [-71.2174, 46.8133], [-71.217, 46.813]]}}, {"type": "Feature", "properties": {"couche": "rue", "m": 600}, "geometry": {"type": "LineString", "coordinates": [[-71.2167, 46.8126], [-71.217, 46.8129]]}}, {"type": "Feature", "properties": {"couche": "rue", "m": 600}, "geometry": {"type": "LineString", "coordinates": [[-71.217, 46.813], [-71.2167, 46.8132]]}}, {"type": "Feature", "properties": {"couche": "rue", "m": 600}, "geometry": {"type": "LineString", "coordinates": [[-71.2167, 46.8132], [-71.2167, 46.8132], [-71.2169, 46.813]]}}, {"type": "Feature", "properties": {"couche": "rue", "m": 600}, "geometry": {"type": "LineString", "coordinates": [[-71.2167, 46.8126], [-71.2166, 46.8127], [-71.2169, 46.813]]}}, {"type": "Feature", "properties": {"couche": "rue", "m": 600}, "geometry": {"type": "LineString", "coordinates": [[-71.217, 46.8147], [-71.217, 46.8144], [-71.2169, 46.8142]]}}, {"type": "Feature", "properties": {"couche": "rue", "m": 600}, "geometry": {"type": "LineString", "coordinates": [[-71.2168, 46.8142], [-71.2169, 46.8143], [-71.2169, 46.8145]]}}, {"type": "Feature", "properties": {"couche": "rue", "m": 600}, "geometry": {"type": "LineString", "coordinates": [[-71.2162, 46.8142], [-71.2164, 46.8144], [-71.2168, 46.8142]]}}, {"type": "Feature", "properties": {"couche": "rue", "m": 750}, "geometry": {"type": "LineString", "coordinates": [[-71.2309, 46.8114], [-71.2317, 46.8114]]}}, {"type": "Feature", "properties": {"couche": "rue", "m": 750}, "geometry": {"type": "LineString", "coordinates": [[-71.2308, 46.8113], [-71.2315, 46.8113]]}}, {"type": "Feature", "properties": {"couche": "rue", "m": 750}, "geometry": {"type": "LineString", "coordinates": [[-71.2314, 46.8115], [-71.231, 46.8114]]}}, {"type": "Feature", "properties": {"couche": "rue", "m": 750}, "geometry": {"type": "LineString", "coordinates": [[-71.231, 46.8117], [-71.2313, 46.8121]]}}, {"type": "Feature", "properties": {"couche": "rue", "m": 750}, "geometry": {"type": "LineString", "coordinates": [[-71.2312, 46.8121], [-71.231, 46.8117]]}}, {"type": "Feature", "properties": {"couche": "rue", "m": 750}, "geometry": {"type": "LineString", "coordinates": [[-71.2311, 46.8121], [-71.2313, 46.8125], [-71.2312, 46.8126]]}}, {"type": "Feature", "properties": {"couche": "rue", "m": 750}, "geometry": {"type": "LineString", "coordinates": [[-71.2312, 46.8126], [-71.231, 46.8122]]}}, {"type": "Feature", "properties": {"couche": "rue", "m": 750}, "geometry": {"type": "LineString", "coordinates": [[-71.2311, 46.8126], [-71.2301, 46.8129]]}}, {"type": "Feature", "properties": {"couche": "rue", "m": 750}, "geometry": {"type": "LineString", "coordinates": [[-71.2311, 46.8126], [-71.2309, 46.8122]]}}, {"type": "Feature", "properties": {"couche": "rue", "m": 750}, "geometry": {"type": "LineString", "coordinates": [[-71.2309, 46.8118], [-71.2311, 46.8121]]}}, {"type": "Feature", "properties": {"couche": "rue", "m": 750}, "geometry": {"type": "LineString", "coordinates": [[-71.231, 46.8117], [-71.231, 46.8114]]}}, {"type": "Feature", "properties": {"couche": "rue", "m": 750}, "geometry": {"type": "LineString", "coordinates": [[-71.2308, 46.8115], [-71.231, 46.8117]]}}, {"type": "Feature", "properties": {"couche": "rue", "m": 750}, "geometry": {"type": "LineString", "coordinates": [[-71.231, 46.8122], [-71.2308, 46.8118]]}}, {"type": "Feature", "properties": {"couche": "rue", "m": 750}, "geometry": {"type": "LineString", "coordinates": [[-71.2307, 46.8111], [-71.2309, 46.8112]]}}, {"type": "Feature", "properties": {"couche": "rue", "m": 750}, "geometry": {"type": "LineString", "coordinates": [[-71.2308, 46.8113], [-71.2309, 46.8114]]}}, {"type": "Feature", "properties": {"couche": "rue", "m": 750}, "geometry": {"type": "LineString", "coordinates": [[-71.2309, 46.8122], [-71.2299, 46.8125]]}}, {"type": "Feature", "properties": {"couche": "rue", "m": 750}, "geometry": {"type": "LineString", "coordinates": [[-71.2309, 46.8122], [-71.2307, 46.8118]]}}, {"type": "Feature", "properties": {"couche": "rue", "m": 750}, "geometry": {"type": "LineString", "coordinates": [[-71.2307, 46.8115], [-71.2309, 46.8118]]}}, {"type": "Feature", "properties": {"couche": "rue", "m": 750}, "geometry": {"type": "LineString", "coordinates": [[-71.2307, 46.8111], [-71.2308, 46.8113]]}}, {"type": "Feature", "properties": {"couche": "rue", "m": 750}, "geometry": {"type": "LineString", "coordinates": [[-71.2307, 46.8113], [-71.2308, 46.8114]]}}, {"type": "Feature", "properties": {"couche": "rue", "m": 750}, "geometry": {"type": "LineString", "coordinates": [[-71.2306, 46.8115], [-71.2308, 46.8118]]}}, {"type": "Feature", "properties": {"couche": "rue", "m": 750}, "geometry": {"type": "LineString", "coordinates": [[-71.2306, 46.8108], [-71.2307, 46.8111]]}}, {"type": "Feature", "properties": {"couche": "rue", "m": 750}, "geometry": {"type": "LineString", "coordinates": [[-71.2307, 46.8111], [-71.2307, 46.8113]]}}, {"type": "Feature", "properties": {"couche": "rue", "m": 750}, "geometry": {"type": "LineString", "coordinates": [[-71.2307, 46.8118], [-71.2303, 46.812]]}}, {"type": "Feature", "properties": {"couche": "rue", "m": 750}, "geometry": {"type": "LineString", "coordinates": [[-71.2305, 46.8115], [-71.2307, 46.8118]]}}, {"type": "Feature", "properties": {"couche": "rue", "m": 750}, "geometry": {"type": "LineString", "coordinates": [[-71.2307, 46.8111], [-71.2305, 46.8108]]}}, {"type": "Feature", "properties": {"couche": "rue", "m": 750}, "geometry": {"type": "LineString", "coordinates": [[-71.2306, 46.8115], [-71.2305, 46.8114]]}}, {"type": "Feature", "properties": {"couche": "rue", "m": 750}, "geometry": {"type": "LineString", "coordinates": [[-71.2304, 46.8108], [-71.2305, 46.8111]]}}, {"type": "Feature", "properties": {"couche": "rue", "m": 750}, "geometry": {"type": "LineString", "coordinates": [[-71.2305, 46.8114], [-71.2305, 46.8112]]}}, {"type": "Feature", "properties": {"couche": "rue", "m": 750}, "geometry": {"type": "LineString", "coordinates": [[-71.2303, 46.8104], [-71.2305, 46.8107]]}}, {"type": "Feature", "properties": {"couche": "rue", "m": 750}, "geometry": {"type": "LineString", "coordinates": [[-71.2305, 46.8115], [-71.2295, 46.8118]]}}, {"type": "Feature", "properties": {"couche": "rue", "m": 750}, "geometry": {"type": "LineString", "coordinates": [[-71.2305, 46.8114], [-71.2305, 46.8115]]}}, {"type": "Feature", "properties": {"couche": "rue", "m": 750}, "geometry": {"type": "LineString", "coordinates": [[-71.2305, 46.8135], [-71.2293, 46.814]]}}, {"type": "Feature", "properties": {"couche": "rue", "m": 750}, "geometry": {"type": "LineString", "coordinates": [[-71.2296, 46.8142], [-71.2307, 46.8138], [-71.2305, 46.8135]]}}, {"type": "Feature", "properties": {"couche": "rue", "m": 750}, "geometry": {"type": "LineString", "coordinates": [[-71.2303, 46.8132], [-71.2305, 46.8135]]}}, {"type": "Feature", "properties": {"couche": "rue", "m": 750}, "geometry": {"type": "LineString", "coordinates": [[-71.2303, 46.8104], [-71.2304, 46.8107]]}}, {"type": "Feature", "properties": {"couche": "rue", "m": 750}, "geometry": {"type": "LineString", "coordinates": [[-71.2305, 46.8114], [-71.2299, 46.8116]]}}, {"type": "Feature", "properties": {"couche": "rue", "m": 750}, "geometry": {"type": "LineString", "coordinates": [[-71.2304, 46.8111], [-71.2303, 46.8109]]}}, {"type": "Feature", "properties": {"couche": "rue", "m": 750}, "geometry": {"type": "LineString", "coordinates": [[-71.23, 46.8146], [-71.2305, 46.815]]}}, {"type": "Feature", "properties": {"couche": "rue", "m": 750}, "geometry": {"type": "LineString", "coordinates": [[-71.2304, 46.8113], [-71.2298, 46.8115]]}}, {"type": "Feature", "properties": {"couche": "rue", "m": 750}, "geometry": {"type": "LineString", "coordinates": [[-71.2304, 46.8113], [-71.2298, 46.8112]]}}, {"type": "Feature", "properties": {"couche": "rue", "m": 750}, "geometry": {"type": "LineString", "coordinates": [[-71.2303, 46.8112], [-71.2297, 46.8112]]}}, {"type": "Feature", "properties": {"couche": "rue", "m": 750}, "geometry": {"type": "LineString", "coordinates": [[-71.2302, 46.8105], [-71.2303, 46.8108]]}}, {"type": "Feature", "properties": {"couche": "rue", "m": 750}, "geometry": {"type": "LineString", "coordinates": [[-71.2303, 46.8111], [-71.2295, 46.8112]]}}, {"type": "Feature", "properties": {"couche": "rue", "m": 750}, "geometry": {"type": "LineString", "coordinates": [[-71.2303, 46.8111], [-71.2302, 46.8109]]}}, {"type": "Feature", "properties": {"couche": "rue", "m": 750}, "geometry": {"type": "LineString", "coordinates": [[-71.2299, 46.8125], [-71.2296, 46.8122], [-71.2303, 46.812]]}}, {"type": "Feature", "properties": {"couche": "rue", "m": 750}, "geometry": {"type": "LineString", "coordinates": [[-71.2303, 46.812], [-71.2301, 46.8117]]}}, {"type": "Feature", "properties": {"couche": "rue", "m": 750}, "geometry": {"type": "LineString", "coordinates": [[-71.2303, 46.8132], [-71.2289, 46.8137], [-71.2293, 46.814]]}}, {"type": "Feature", "properties": {"couche": "rue", "m": 750}, "geometry": {"type": "LineString", "coordinates": [[-71.2301, 46.8129], [-71.2303, 46.8132]]}}, {"type": "Feature", "properties": {"couche": "rue", "m": 750}, "geometry": {"type": "LineString", "coordinates": [[-71.23, 46.8105], [-71.2302, 46.8108]]}}, {"type": "Feature", "properties": {"couche": "rue", "m": 750}, "geometry": {"type": "LineString", "coordinates": [[-71.2302, 46.8154], [-71.2301, 46.8155]]}}, {"type": "Feature", "properties": {"couche": "rue", "m": 750}, "geometry": {"type": "LineString", "coordinates": [[-71.2302, 46.8154], [-71.2301, 46.8155]]}}, {"type": "Feature", "properties": {"couche": "rue", "m": 750}, "geometry": {"type": "LineString", "coordinates": [[-71.2302, 46.8152], [-71.2302, 46.8154]]}}, {"type": "Feature", "properties": {"couche": "rue", "m": 750}, "geometry": {"type": "LineString", "coordinates": [[-71.2301, 46.8108], [-71.23, 46.8105]]}}, {"type": "Feature", "properties": {"couche": "rue", "m": 750}, "geometry": {"type": "LineString", "coordinates": [[-71.2302, 46.8152], [-71.2289, 46.8156], [-71.2289, 46.8156]]}}, {"type": "Feature", "properties": {"couche": "rue", "m": 750}, "geometry": {"type": "LineString", "coordinates": [[-71.2301, 46.8104], [-71.23, 46.8101], [-71.2299, 46.8102], [-71.23, 46.8104]]}}, {"type": "Feature", "properties": {"couche": "rue", "m": 750}, "geometry": {"type": "LineString", "coordinates": [[-71.23, 46.8153], [-71.2302, 46.8152]]}}, {"type": "Feature", "properties": {"couche": "rue", "m": 750}, "geometry": {"type": "LineString", "coordinates": [[-71.2302, 46.8152], [-71.2302, 46.8152], [-71.2299, 46.8153]]}}, {"type": "Feature", "properties": {"couche": "rue", "m": 750}, "geometry": {"type": "LineString", "coordinates": [[-71.2287, 46.8134], [-71.2301, 46.8129]]}}, {"type": "Feature", "properties": {"couche": "rue", "m": 750}, "geometry": {"type": "LineString", "coordinates": [[-71.2301, 46.8129], [-71.2299, 46.8125]]}}, {"type": "Feature", "properties": {"couche": "rue", "m": 750}, "geometry": {"type": "LineString", "coordinates": [[-71.23, 46.8105], [-71.2299, 46.8104], [-71.23, 46.8104]]}}, {"type": "Feature", "properties": {"couche": "rue", "m": 750}, "geometry": {"type": "LineString", "coordinates": [[-71.2301, 46.8155], [-71.2299, 46.8156]]}}, {"type": "Feature", "properties": {"couche": "rue", "m": 750}, "geometry": {"type": "LineString", "coordinates": [[-71.2301, 46.8145], [-71.2299, 46.8145]]}}, {"type": "Feature", "properties": {"couche": "rue", "m": 750}, "geometry": {"type": "LineString", "coordinates": [[-71.2301, 46.8155], [-71.2299, 46.8156]]}}, {"type": "Feature", "properties": {"couche": "rue", "m": 750}, "geometry": {"type": "LineString", "coordinates": [[-71.23, 46.8153], [-71.2301, 46.8155]]}}, {"type": "Feature", "properties": {"couche": "rue", "m": 750}, "geometry": {"type": "LineString", "coordinates": [[-71.2299, 46.8146], [-71.23, 46.8147]]}}, {"type": "Feature", "properties": {"couche": "rue", "m": 750}, "geometry": {"type": "LineString", "coordinates": [[-71.23, 46.8105], [-71.2296, 46.8105]]}}, {"type": "Feature", "properties": {"couche": "rue", "m": 750}, "geometry": {"type": "LineString", "coordinates": [[-71.2298, 46.8154], [-71.23, 46.8153]]}}, {"type": "Feature", "properties": {"couche": "rue", "m": 750}, "geometry": {"type": "LineString", "coordinates": [[-71.2299, 46.8153], [-71.2297, 46.8153]]}}, {"type": "Feature", "properties": {"couche": "rue", "m": 750}, "geometry": {"type": "LineString", "coordinates": [[-71.2299, 46.8145], [-71.2296, 46.8142]]}}, {"type": "Feature", "properties": {"couche": "rue", "m": 750}, "geometry": {"type": "LineString", "coordinates": [[-71.2299, 46.8125], [-71.2293, 46.8127]]}}, {"type": "Feature", "properties": {"couche": "rue", "m": 750}, "geometry": {"type": "LineString", "coordinates": [[-71.2299, 46.8146], [-71.2284, 46.8151]]}}, {"type": "Feature", "properties": {"couche": "rue", "m": 750}, "geometry": {"type": "LineString", "coordinates": [[-71.2299, 46.8156], [-71.2293, 46.816]]}}, {"type": "Feature", "properties": {"couche": "rue", "m": 750}, "geometry": {"type": "LineString", "coordinates": [[-71.2298, 46.8154], [-71.2299, 46.8156]]}}, {"type": "Feature", "properties": {"couche": "rue", "m": 750}, "geometry": {"type": "LineString", "coordinates": [[-71.2298, 46.8145], [-71.2284, 46.8151]]}}, {"type": "Feature", "properties": {"couche": "rue", "m": 750}, "geometry": {"type": "LineString", "coordinates": [[-71.228, 46.8148], [-71.2295, 46.8143], [-71.2298, 46.8145]]}}, {"type": "Feature", "properties": {"couche": "rue", "m": 750}, "geometry": {"type": "LineString", "coordinates": [[-71.2293, 46.816], [-71.2298, 46.8157]]}}, {"type": "Feature", "properties": {"couche": "rue", "m": 750}, "geometry": {"type": "LineString", "coordinates": [[-71.2292, 46.8159], [-71.2298, 46.8156]]}}, {"type": "Feature", "properties": {"couche": "rue", "m": 750}, "geometry": {"type": "LineString", "coordinates": [[-71.2296, 46.8154], [-71.2298, 46.8156]]}}, {"type": "Feature", "properties": {"couche": "rue", "m": 750}, "geometry": {"type": "LineString", "coordinates": [[-71.2289, 46.8156], [-71.2297, 46.8153]]}}, {"type": "Feature", "properties": {"couche": "rue", "m": 750}, "geometry": {"type": "LineString", "coordinates": [[-71.2296, 46.8093], [-71.2294, 46.8092]]}}, {"type": "Feature", "properties": {"couche": "rue", "m": 750}, "geometry": {"type": "LineString", "coordinates": [[-71.2296, 46.8105], [-71.2292, 46.8106]]}}, {"type": "Feature", "properties": {"couche": "rue", "m": 750}, "geometry": {"type": "LineString", "coordinates": [[-71.229, 46.8094], [-71.2296, 46.8105]]}}, {"type": "Feature", "properties": {"couche": "rue", "m": 750}, "geometry": {"type": "LineString", "coordinates": [[-71.2297, 46.8163], [-71.2295, 46.8164]]}}, {"type": "Feature", "properties": {"couche": "rue", "m": 750}, "geometry": {"type": "LineString", "coordinates": [[-71.229, 46.8156], [-71.2296, 46.8154]]}}, {"type": "Feature", "properties": {"couche": "rue", "m": 750}, "geometry": {"type": "LineString", "coordinates": [[-71.2297, 46.8166], [-71.2295, 46.8164]]}}, {"type": "Feature", "properties": {"couche": "rue", "m": 750}, "geometry": {"type": "LineString", "coordinates": [[-71.2294, 46.8092], [-71.2295, 46.8091]]}}, {"type": "Feature", "properties": {"couche": "rue", "m": 750}, "geometry": {"type": "LineString", "coordinates": [[-71.228, 46.8148], [-71.2296, 46.8142]]}}, {"type": "Feature", "properties": {"couche": "rue", "m": 750}, "geometry": {"type": "LineString", "coordinates": [[-71.2296, 46.8142], [-71.2293, 46.814]]}}, {"type": "Feature", "properties": {"couche": "rue", "m": 750}, "geometry": {"type": "LineString", "coordinates": [[-71.2295, 46.8164], [-71.2293, 46.8164]]}}, {"type": "Feature", "properties": {"couche": "rue", "m": 750}, "geometry": {"type": "LineString", "coordinates": [[-71.2288, 46.8166], [-71.2292, 46.8168], [-71.2295, 46.8171]]}}, {"type": "Feature", "properties": {"couche": "rue", "m": 750}, "geometry": {"type": "LineString", "coordinates": [[-71.2294, 46.8112], [-71.2292, 46.8106]]}}, {"type": "Feature", "properties": {"couche": "rue", "m": 750}, "geometry": {"type": "LineString", "coordinates": [[-71.2295, 46.8163], [-71.2293, 46.816]]}}, {"type": "Feature", "properties": {"couche": "rue", "m": 750}, "geometry": {"type": "LineString", "coordinates": [[-71.2294, 46.8166], [-71.2295, 46.8167]]}}, {"type": "Feature", "properties": {"couche": "rue", "m": 750}, "geometry": {"type": "LineString", "coordinates": [[-71.2293, 46.8164], [-71.2294, 46.8166]]}}, {"type": "Feature", "properties": {"couche": "rue", "m": 750}, "geometry": {"type": "LineString", "coordinates": [[-71.2294, 46.8166], [-71.2291, 46.8165]]}}, {"type": "Feature", "properties": {"couche": "rue", "m": 750}, "geometry": {"type": "LineString", "coordinates": [[-71.2293, 46.8092], [-71.229, 46.8094]]}}, {"type": "Feature", "properties": {"couche": "rue", "m": 750}, "geometry": {"type": "LineString", "coordinates": [[-71.2293, 46.8092], [-71.229, 46.809]]}}, {"type": "Feature", "properties": {"couche": "rue", "m": 750}, "geometry": {"type": "LineString", "coordinates": [[-71.2291, 46.8165], [-71.2293, 46.8164]]}}, {"type": "Feature", "properties": {"couche": "rue", "m": 750}, "geometry": {"type": "LineString", "coordinates": [[-71.2293, 46.8163], [-71.2293, 46.8164]]}}, {"type": "Feature", "properties": {"couche": "rue", "m": 750}, "geometry": {"type": "LineString", "coordinates": [[-71.2289, 46.8141], [-71.2293, 46.814]]}}, {"type": "Feature", "properties": {"couche": "rue", "m": 750}, "geometry": {"type": "LineString", "coordinates": [[-71.2293, 46.8163], [-71.2291, 46.8163], [-71.229, 46.8162], [-71.2289, 46.8162]]}}, {"type": "Feature", "properties": {"couche": "rue", "m": 750}, "geometry": {"type": "LineString", "coordinates": [[-71.2293, 46.8163], [-71.2291, 46.816]]}}, {"type": "Feature", "properties": {"couche": "rue", "m": 750}, "geometry": {"type": "LineString", "coordinates": [[-71.229, 46.8107], [-71.2292, 46.8106]]}}, {"type": "Feature", "properties": {"couche": "rue", "m": 750}, "geometry": {"type": "LineString", "coordinates": [[-71.2292, 46.8159], [-71.229, 46.8156]]}}, {"type": "Feature", "properties": {"couche": "rue", "m": 750}, "geometry": {"type": "LineString", "coordinates": [[-71.2288, 46.8161], [-71.2291, 46.816]]}}, {"type": "Feature", "properties": {"couche": "rue", "m": 750}, "geometry": {"type": "LineString", "coordinates": [[-71.2291, 46.816], [-71.2288, 46.8156]]}}, {"type": "Feature", "properties": {"couche": "rue", "m": 750}, "geometry": {"type": "LineString", "coordinates": [[-71.229, 46.8094], [-71.2284, 46.8096]]}}, {"type": "Feature", "properties": {"couche": "rue", "m": 750}, "geometry": {"type": "LineString", "coordinates": [[-71.229, 46.8094], [-71.2287, 46.809]]}}, {"type": "Feature", "properties": {"couche": "rue", "m": 750}, "geometry": {"type": "LineString", "coordinates": [[-71.229, 46.8107], [-71.2283, 46.8108]]}}, {"type": "Feature", "properties": {"couche": "rue", "m": 750}, "geometry": {"type": "LineString", "coordinates": [[-71.2284, 46.8096], [-71.229, 46.8107]]}}, {"type": "Feature", "properties": {"couche": "rue", "m": 750}, "geometry": {"type": "LineString", "coordinates": [[-71.2288, 46.8166], [-71.2291, 46.8165]]}}, {"type": "Feature", "properties": {"couche": "rue", "m": 750}, "geometry": {"type": "LineString", "coordinates": [[-71.2291, 46.8165], [-71.2287, 46.8165]]}}, {"type": "Feature", "properties": {"couche": "rue", "m": 750}, "geometry": {"type": "LineString", "coordinates": [[-71.2289, 46.8133], [-71.2301, 46.8129], [-71.2299, 46.8126], [-71.2286, 46.813]]}}, {"type": "Feature", "properties": {"couche": "rue", "m": 750}, "geometry": {"type": "LineString", "coordinates": [[-71.2288, 46.8156], [-71.2276, 46.816], [-71.2278, 46.8163], [-71.228, 46.8164], [-71.2283, 46.8163], [-71.2288, 46.8161]]}}, {"type": "Feature", "properties": {"couche": "rue", "m": 750}, "geometry": {"type": "LineString", "coordinates": [[-71.2283, 46.8152], [-71.2288, 46.8156]]}}, {"type": "Feature", "properties": {"couche": "rue", "m": 750}, "geometry": {"type": "LineString", "coordinates": [[-71.2271, 46.8172], [-71.2288, 46.8166]]}}, {"type": "Feature", "properties": {"couche": "rue", "m": 750}, "geometry": {"type": "LineString", "coordinates": [[-71.228, 46.8165], [-71.2288, 46.8166]]}}, {"type": "Feature", "properties": {"couche": "rue", "m": 750}, "geometry": {"type": "LineString", "coordinates": [[-71.2282, 46.8164], [-71.2288, 46.8163]]}}, {"type": "Feature", "properties": {"couche": "rue", "m": 750}, "geometry": {"type": "LineString", "coordinates": [[-71.2287, 46.8165], [-71.2288, 46.8164], [-71.2288, 46.8163]]}}, {"type": "Feature", "properties": {"couche": "rue", "m": 750}, "geometry": {"type": "LineString", "coordinates": [[-71.2287, 46.8165], [-71.2282, 46.8164]]}}, {"type": "Feature", "properties": {"couche": "rue", "m": 750}, "geometry": {"type": "LineString", "coordinates": [[-71.2284, 46.8096], [-71.2278, 46.8099]]}}, {"type": "Feature", "properties": {"couche": "rue", "m": 750}, "geometry": {"type": "LineString", "coordinates": [[-71.2281, 46.8181], [-71.2283, 46.818]]}}, {"type": "Feature", "properties": {"couche": "rue", "m": 750}, "geometry": {"type": "LineString", "coordinates": [[-71.2282, 46.8164], [-71.2278, 46.8164]]}}, {"type": "Feature", "properties": {"couche": "rue", "m": 750}, "geometry": {"type": "LineString", "coordinates": [[-71.228, 46.8165], [-71.2282, 46.8164]]}}, {"type": "Feature", "properties": {"couche": "rue", "m": 750}, "geometry": {"type": "LineString", "coordinates": [[-71.2281, 46.8181], [-71.228, 46.8182]]}}, {"type": "Feature", "properties": {"couche": "rue", "m": 750}, "geometry": {"type": "LineString", "coordinates": [[-71.2281, 46.8181], [-71.2273, 46.8176], [-71.227, 46.8172], [-71.2267, 46.8173], [-71.2265, 46.8175]]}}, {"type": "Feature", "properties": {"couche": "rue", "m": 750}, "geometry": {"type": "LineString", "coordinates": [[-71.2273, 46.8092], [-71.2272, 46.8092], [-71.2269, 46.8095]]}}, {"type": "Feature", "properties": {"couche": "rue", "m": 750}, "geometry": {"type": "LineString", "coordinates": [[-71.2269, 46.8095], [-71.2269, 46.8097], [-71.2273, 46.8101]]}}, {"type": "Feature", "properties": {"couche": "rue", "m": 750}, "geometry": {"type": "LineString", "coordinates": [[-71.2269, 46.8095], [-71.2264, 46.8099]]}}, {"type": "Feature", "properties": {"couche": "rue", "m": 750}, "geometry": {"type": "LineString", "coordinates": [[-71.2269, 46.8095], [-71.2265, 46.8092]]}}, {"type": "Feature", "properties": {"couche": "rue", "m": 750}, "geometry": {"type": "LineString", "coordinates": [[-71.2253, 46.8099], [-71.2261, 46.8095], [-71.2265, 46.8092]]}}, {"type": "Feature", "properties": {"couche": "rue", "m": 750}, "geometry": {"type": "LineString", "coordinates": [[-71.2265, 46.8092], [-71.226, 46.8089]]}}, {"type": "Feature", "properties": {"couche": "rue", "m": 750}, "geometry": {"type": "LineString", "coordinates": [[-71.226, 46.8089], [-71.2257, 46.8091], [-71.2249, 46.8095]]}}, {"type": "Feature", "properties": {"couche": "rue", "m": 750}, "geometry": {"type": "LineString", "coordinates": [[-71.226, 46.8089], [-71.2256, 46.8086], [-71.2244, 46.8092], [-71.224, 46.8089]]}}, {"type": "Feature", "properties": {"couche": "rue", "m": 750}, "geometry": {"type": "LineString", "coordinates": [[-71.2252, 46.8083], [-71.2249, 46.8085], [-71.224, 46.8089]]}}, {"type": "Feature", "properties": {"couche": "rue", "m": 750}, "geometry": {"type": "LineString", "coordinates": [[-71.2251, 46.818], [-71.2248, 46.8179], [-71.2245, 46.818], [-71.2241, 46.818]]}}, {"type": "Feature", "properties": {"couche": "rue", "m": 750}, "geometry": {"type": "LineString", "coordinates": [[-71.2236, 46.8085], [-71.2243, 46.8083]]}}, {"type": "Feature", "properties": {"couche": "rue", "m": 750}, "geometry": {"type": "LineString", "coordinates": [[-71.2242, 46.8093], [-71.2239, 46.809]]}}, {"type": "Feature", "properties": {"couche": "rue", "m": 750}, "geometry": {"type": "LineString", "coordinates": [[-71.2244, 46.8183], [-71.2239, 46.8182]]}}, {"type": "Feature", "properties": {"couche": "rue", "m": 750}, "geometry": {"type": "LineString", "coordinates": [[-71.224, 46.8089], [-71.2239, 46.809]]}}, {"type": "Feature", "properties": {"couche": "rue", "m": 750}, "geometry": {"type": "LineString", "coordinates": [[-71.224, 46.8089], [-71.2236, 46.8085]]}}, {"type": "Feature", "properties": {"couche": "rue", "m": 750}, "geometry": {"type": "LineString", "coordinates": [[-71.2241, 46.818], [-71.2239, 46.818], [-71.2238, 46.8181]]}}, {"type": "Feature", "properties": {"couche": "rue", "m": 750}, "geometry": {"type": "LineString", "coordinates": [[-71.2241, 46.818], [-71.2244, 46.8178], [-71.2242, 46.8175], [-71.2239, 46.8175]]}}, {"type": "Feature", "properties": {"couche": "rue", "m": 750}, "geometry": {"type": "LineString", "coordinates": [[-71.2239, 46.809], [-71.2234, 46.8092]]}}, {"type": "Feature", "properties": {"couche": "rue", "m": 750}, "geometry": {"type": "LineString", "coordinates": [[-71.2239, 46.8182], [-71.2239, 46.8185]]}}, {"type": "Feature", "properties": {"couche": "rue", "m": 750}, "geometry": {"type": "LineString", "coordinates": [[-71.2239, 46.8182], [-71.2238, 46.8181]]}}, {"type": "Feature", "properties": {"couche": "rue", "m": 750}, "geometry": {"type": "LineString", "coordinates": [[-71.2234, 46.8176], [-71.2239, 46.8175]]}}, {"type": "Feature", "properties": {"couche": "rue", "m": 750}, "geometry": {"type": "LineString", "coordinates": [[-71.2234, 46.8174], [-71.2238, 46.8173]]}}, {"type": "Feature", "properties": {"couche": "rue", "m": 750}, "geometry": {"type": "LineString", "coordinates": [[-71.2238, 46.8181], [-71.2234, 46.8183]]}}, {"type": "Feature", "properties": {"couche": "rue", "m": 750}, "geometry": {"type": "LineString", "coordinates": [[-71.2236, 46.8085], [-71.2225, 46.809]]}}, {"type": "Feature", "properties": {"couche": "rue", "m": 750}, "geometry": {"type": "LineString", "coordinates": [[-71.2234, 46.8174], [-71.2233, 46.8175]]}}, {"type": "Feature", "properties": {"couche": "rue", "m": 750}, "geometry": {"type": "LineString", "coordinates": [[-71.2234, 46.8174], [-71.2228, 46.8165]]}}, {"type": "Feature", "properties": {"couche": "rue", "m": 750}, "geometry": {"type": "LineString", "coordinates": [[-71.223, 46.8178], [-71.2234, 46.8176]]}}, {"type": "Feature", "properties": {"couche": "rue", "m": 750}, "geometry": {"type": "LineString", "coordinates": [[-71.2234, 46.8176], [-71.2233, 46.8175]]}}, {"type": "Feature", "properties": {"couche": "rue", "m": 750}, "geometry": {"type": "LineString", "coordinates": [[-71.2234, 46.8183], [-71.2233, 46.8184]]}}, {"type": "Feature", "properties": {"couche": "rue", "m": 750}, "geometry": {"type": "LineString", "coordinates": [[-71.2233, 46.8183], [-71.2232, 46.8184]]}}, {"type": "Feature", "properties": {"couche": "rue", "m": 750}, "geometry": {"type": "LineString", "coordinates": [[-71.223, 46.8178], [-71.2233, 46.8183]]}}, {"type": "Feature", "properties": {"couche": "rue", "m": 750}, "geometry": {"type": "LineString", "coordinates": [[-71.2233, 46.8175], [-71.2225, 46.8177]]}}, {"type": "Feature", "properties": {"couche": "rue", "m": 750}, "geometry": {"type": "LineString", "coordinates": [[-71.2226, 46.8178], [-71.2225, 46.8177]]}}, {"type": "Feature", "properties": {"couche": "rue", "m": 750}, "geometry": {"type": "LineString", "coordinates": [[-71.2225, 46.8177], [-71.2219, 46.8179], [-71.2213, 46.817]]}}, {"type": "Feature", "properties": {"couche": "rue", "m": 750}, "geometry": {"type": "LineString", "coordinates": [[-71.2225, 46.8177], [-71.2219, 46.8169]]}}, {"type": "Feature", "properties": {"couche": "rue", "m": 750}, "geometry": {"type": "LineString", "coordinates": [[-71.2217, 46.808], [-71.2222, 46.8079], [-71.2223, 46.8077]]}}, {"type": "Feature", "properties": {"couche": "rue", "m": 750}, "geometry": {"type": "LineString", "coordinates": [[-71.222, 46.8086], [-71.2222, 46.8089]]}}, {"type": "Feature", "properties": {"couche": "rue", "m": 750}, "geometry": {"type": "LineString", "coordinates": [[-71.2211, 46.809], [-71.222, 46.8086]]}}, {"type": "Feature", "properties": {"couche": "rue", "m": 750}, "geometry": {"type": "LineString", "coordinates": [[-71.222, 46.8086], [-71.2217, 46.808]]}}, {"type": "Feature", "properties": {"couche": "rue", "m": 750}, "geometry": {"type": "LineString", "coordinates": [[-71.2213, 46.817], [-71.2218, 46.8169]]}}, {"type": "Feature", "properties": {"couche": "rue", "m": 750}, "geometry": {"type": "LineString", "coordinates": [[-71.2217, 46.808], [-71.2207, 46.8084]]}}, {"type": "Feature", "properties": {"couche": "rue", "m": 750}, "geometry": {"type": "LineString", "coordinates": [[-71.2214, 46.8076], [-71.2217, 46.808]]}}, {"type": "Feature", "properties": {"couche": "rue", "m": 750}, "geometry": {"type": "LineString", "coordinates": [[-71.2214, 46.8076], [-71.2204, 46.808], [-71.2207, 46.8084]]}}, {"type": "Feature", "properties": {"couche": "rue", "m": 750}, "geometry": {"type": "LineString", "coordinates": [[-71.2198, 46.8171], [-71.2215, 46.8165]]}}, {"type": "Feature", "properties": {"couche": "rue", "m": 750}, "geometry": {"type": "LineString", "coordinates": [[-71.2213, 46.817], [-71.2201, 46.8175], [-71.2198, 46.8171]]}}, {"type": "Feature", "properties": {"couche": "rue", "m": 750}, "geometry": {"type": "LineString", "coordinates": [[-71.2213, 46.8161], [-71.2196, 46.8167]]}}, {"type": "Feature", "properties": {"couche": "rue", "m": 750}, "geometry": {"type": "LineString", "coordinates": [[-71.2193, 46.8164], [-71.221, 46.8158]]}}, {"type": "Feature", "properties": {"couche": "rue", "m": 750}, "geometry": {"type": "LineString", "coordinates": [[-71.2209, 46.8088], [-71.2207, 46.8084]]}}, {"type": "Feature", "properties": {"couche": "rue", "m": 750}, "geometry": {"type": "LineString", "coordinates": [[-71.2209, 46.8089], [-71.2203, 46.809]]}}, {"type": "Feature", "properties": {"couche": "rue", "m": 750}, "geometry": {"type": "LineString", "coordinates": [[-71.2196, 46.8097], [-71.2207, 46.8092]]}}, {"type": "Feature", "properties": {"couche": "rue", "m": 750}, "geometry": {"type": "LineString", "coordinates": [[-71.2203, 46.809], [-71.2199, 46.8091]]}}, {"type": "Feature", "properties": {"couche": "rue", "m": 750}, "geometry": {"type": "LineString", "coordinates": [[-71.2198, 46.8081], [-71.2203, 46.809]]}}, {"type": "Feature", "properties": {"couche": "rue", "m": 750}, "geometry": {"type": "LineString", "coordinates": [[-71.2192, 46.8093], [-71.2199, 46.8091]]}}, {"type": "Feature", "properties": {"couche": "rue", "m": 750}, "geometry": {"type": "LineString", "coordinates": [[-71.2199, 46.8091], [-71.2198, 46.8088]]}}, {"type": "Feature", "properties": {"couche": "rue", "m": 750}, "geometry": {"type": "LineString", "coordinates": [[-71.2187, 46.8105], [-71.2185, 46.8102], [-71.2196, 46.8097], [-71.2199, 46.8101]]}}, {"type": "Feature", "properties": {"couche": "rue", "m": 750}, "geometry": {"type": "LineString", "coordinates": [[-71.2198, 46.8081], [-71.2195, 46.8083], [-71.2198, 46.8088]]}}, {"type": "Feature", "properties": {"couche": "rue", "m": 750}, "geometry": {"type": "LineString", "coordinates": [[-71.2198, 46.8081], [-71.2197, 46.808]]}}, {"type": "Feature", "properties": {"couche": "rue", "m": 750}, "geometry": {"type": "LineString", "coordinates": [[-71.2192, 46.8092], [-71.2199, 46.8091], [-71.2198, 46.8089]]}}, {"type": "Feature", "properties": {"couche": "rue", "m": 750}, "geometry": {"type": "LineString", "coordinates": [[-71.2196, 46.8167], [-71.2198, 46.8171]]}}, {"type": "Feature", "properties": {"couche": "rue", "m": 750}, "geometry": {"type": "LineString", "coordinates": [[-71.2197, 46.8098], [-71.2196, 46.8097]]}}, {"type": "Feature", "properties": {"couche": "rue", "m": 750}, "geometry": {"type": "LineString", "coordinates": [[-71.2196, 46.8097], [-71.2191, 46.8099]]}}, {"type": "Feature", "properties": {"couche": "rue", "m": 750}, "geometry": {"type": "LineString", "coordinates": [[-71.2192, 46.8093], [-71.2196, 46.8097]]}}, {"type": "Feature", "properties": {"couche": "rue", "m": 750}, "geometry": {"type": "LineString", "coordinates": [[-71.2193, 46.809], [-71.2195, 46.8089]]}}, {"type": "Feature", "properties": {"couche": "rue", "m": 750}, "geometry": {"type": "LineString", "coordinates": [[-71.2186, 46.817], [-71.2196, 46.8167]]}}, {"type": "Feature", "properties": {"couche": "rue", "m": 750}, "geometry": {"type": "LineString", "coordinates": [[-71.2196, 46.8167], [-71.2193, 46.8164]]}}, {"type": "Feature", "properties": {"couche": "rue", "m": 750}, "geometry": {"type": "LineString", "coordinates": [[-71.2191, 46.809], [-71.2193, 46.809]]}}, {"type": "Feature", "properties": {"couche": "rue", "m": 750}, "geometry": {"type": "LineString", "coordinates": [[-71.2192, 46.8092], [-71.2193, 46.809]]}}, {"type": "Feature", "properties": {"couche": "rue", "m": 750}, "geometry": {"type": "LineString", "coordinates": [[-71.2192, 46.8093], [-71.2187, 46.8094]]}}, {"type": "Feature", "properties": {"couche": "rue", "m": 750}, "geometry": {"type": "LineString", "coordinates": [[-71.2191, 46.809], [-71.219, 46.8091], [-71.2185, 46.8092], [-71.2186, 46.8093], [-71.2192, 46.8092]]}}, {"type": "Feature", "properties": {"couche": "rue", "m": 750}, "geometry": {"type": "LineString", "coordinates": [[-71.2193, 46.8164], [-71.2184, 46.8166]]}}, {"type": "Feature", "properties": {"couche": "rue", "m": 750}, "geometry": {"type": "LineString", "coordinates": [[-71.2193, 46.8164], [-71.2191, 46.816], [-71.2182, 46.8163]]}}, {"type": "Feature", "properties": {"couche": "rue", "m": 750}, "geometry": {"type": "LineString", "coordinates": [[-71.2191, 46.8099], [-71.2185, 46.8102]]}}, {"type": "Feature", "properties": {"couche": "rue", "m": 750}, "geometry": {"type": "LineString", "coordinates": [[-71.2191, 46.8098], [-71.2185, 46.8101], [-71.2183, 46.8101]]}}, {"type": "Feature", "properties": {"couche": "rue", "m": 750}, "geometry": {"type": "LineString", "coordinates": [[-71.2188, 46.8094], [-71.2192, 46.8093], [-71.2195, 46.8096], [-71.2191, 46.8098]]}}, {"type": "Feature", "properties": {"couche": "rue", "m": 750}, "geometry": {"type": "LineString", "coordinates": [[-71.2188, 46.8094], [-71.2191, 46.8098]]}}, {"type": "Feature", "properties": {"couche": "rue", "m": 750}, "geometry": {"type": "LineString", "coordinates": [[-71.2191, 46.809], [-71.2188, 46.8091]]}}, {"type": "Feature", "properties": {"couche": "rue", "m": 750}, "geometry": {"type": "LineString", "coordinates": [[-71.2188, 46.8091], [-71.2184, 46.8092], [-71.2186, 46.8094]]}}, {"type": "Feature", "properties": {"couche": "rue", "m": 750}, "geometry": {"type": "LineString", "coordinates": [[-71.2188, 46.8107], [-71.2173, 46.8113]]}}, {"type": "Feature", "properties": {"couche": "rue", "m": 750}, "geometry": {"type": "LineString", "coordinates": [[-71.2188, 46.8105], [-71.2186, 46.8103]]}}, {"type": "Feature", "properties": {"couche": "rue", "m": 750}, "geometry": {"type": "LineString", "coordinates": [[-71.2187, 46.8094], [-71.2186, 46.8094]]}}, {"type": "Feature", "properties": {"couche": "rue", "m": 750}, "geometry": {"type": "LineString", "coordinates": [[-71.2179, 46.8109], [-71.2187, 46.8106]]}}, {"type": "Feature", "properties": {"couche": "rue", "m": 750}, "geometry": {"type": "LineString", "coordinates": [[-71.2183, 46.8099], [-71.2186, 46.8098]]}}, {"type": "Feature", "properties": {"couche": "rue", "m": 750}, "geometry": {"type": "LineString", "coordinates": [[-71.2186, 46.8107], [-71.218, 46.8109]]}}, {"type": "Feature", "properties": {"couche": "rue", "m": 750}, "geometry": {"type": "LineString", "coordinates": [[-71.2186, 46.8094], [-71.2184, 46.8095], [-71.2183, 46.8097], [-71.2181, 46.8098]]}}, {"type": "Feature", "properties": {"couche": "rue", "m": 750}, "geometry": {"type": "LineString", "coordinates": [[-71.2186, 46.8103], [-71.2183, 46.8103], [-71.2182, 46.8101]]}}, {"type": "Feature", "properties": {"couche": "rue", "m": 750}, "geometry": {"type": "LineString", "coordinates": [[-71.2185, 46.8102], [-71.2186, 46.8103]]}}, {"type": "Feature", "properties": {"couche": "rue", "m": 750}, "geometry": {"type": "LineString", "coordinates": [[-71.2186, 46.817], [-71.2185, 46.817], [-71.2184, 46.817]]}}, {"type": "Feature", "properties": {"couche": "rue", "m": 750}, "geometry": {"type": "LineString", "coordinates": [[-71.2186, 46.817], [-71.2184, 46.8166]]}}, {"type": "Feature", "properties": {"couche": "rue", "m": 750}, "geometry": {"type": "LineString", "coordinates": [[-71.2185, 46.8102], [-71.2183, 46.8101]]}}, {"type": "Feature", "properties": {"couche": "rue", "m": 750}, "geometry": {"type": "LineString", "coordinates": [[-71.2183, 46.8099], [-71.2183, 46.8101]]}}, {"type": "Feature", "properties": {"couche": "rue", "m": 750}, "geometry": {"type": "LineString", "coordinates": [[-71.2183, 46.8101], [-71.2182, 46.8099]]}}, {"type": "Feature", "properties": {"couche": "rue", "m": 750}, "geometry": {"type": "LineString", "coordinates": [[-71.2182, 46.8163], [-71.2184, 46.8166]]}}, {"type": "Feature", "properties": {"couche": "rue", "m": 750}, "geometry": {"type": "LineString", "coordinates": [[-71.2181, 46.8098], [-71.2176, 46.81], [-71.2177, 46.8101], [-71.2182, 46.8099]]}}, {"type": "Feature", "properties": {"couche": "rue", "m": 750}, "geometry": {"type": "LineString", "coordinates": [[-71.2182, 46.8099], [-71.2181, 46.8098]]}}, {"type": "Feature", "properties": {"couche": "rue", "m": 750}, "geometry": {"type": "LineString", "coordinates": [[-71.2177, 46.8103], [-71.2182, 46.8101]]}}, {"type": "Feature", "properties": {"couche": "rue", "m": 750}, "geometry": {"type": "LineString", "coordinates": [[-71.2182, 46.8163], [-71.2178, 46.8158]]}}, {"type": "Feature", "properties": {"couche": "rue", "m": 750}, "geometry": {"type": "LineString", "coordinates": [[-71.218, 46.8109], [-71.2174, 46.8112]]}}, {"type": "Feature", "properties": {"couche": "rue", "m": 750}, "geometry": {"type": "LineString", "coordinates": [[-71.2179, 46.8109], [-71.2174, 46.8112]]}}, {"type": "Feature", "properties": {"couche": "rue", "m": 750}, "geometry": {"type": "LineString", "coordinates": [[-71.2179, 46.8109], [-71.2179, 46.8108], [-71.2179, 46.8107], [-71.2178, 46.8106], [-71.2176, 46.8107], [-71.2174, 46.8107]]}}, {"type": "Feature", "properties": {"couche": "rue", "m": 750}, "geometry": {"type": "LineString", "coordinates": [[-71.2173, 46.8105], [-71.2177, 46.8103]]}}, {"type": "Feature", "properties": {"couche": "rue", "m": 750}, "geometry": {"type": "LineString", "coordinates": [[-71.2176, 46.8103], [-71.2177, 46.8103], [-71.2177, 46.8103]]}}, {"type": "Feature", "properties": {"couche": "rue", "m": 750}, "geometry": {"type": "LineString", "coordinates": [[-71.2178, 46.8158], [-71.2164, 46.8164]]}}, {"type": "Feature", "properties": {"couche": "rue", "m": 750}, "geometry": {"type": "LineString", "coordinates": [[-71.2164, 46.8163], [-71.2177, 46.8158]]}}, {"type": "Feature", "properties": {"couche": "rue", "m": 750}, "geometry": {"type": "LineString", "coordinates": [[-71.2176, 46.8155], [-71.2171, 46.8157], [-71.217, 46.8156], [-71.2175, 46.8154]]}}, {"type": "Feature", "properties": {"couche": "rue", "m": 750}, "geometry": {"type": "LineString", "coordinates": [[-71.2168, 46.816], [-71.2176, 46.8157]]}}, {"type": "Feature", "properties": {"couche": "rue", "m": 750}, "geometry": {"type": "LineString", "coordinates": [[-71.2174, 46.8107], [-71.2171, 46.8108], [-71.2171, 46.8111], [-71.2174, 46.8112]]}}, {"type": "Feature", "properties": {"couche": "rue", "m": 750}, "geometry": {"type": "LineString", "coordinates": [[-71.2174, 46.8107], [-71.2173, 46.8105]]}}, {"type": "Feature", "properties": {"couche": "rue", "m": 750}, "geometry": {"type": "LineString", "coordinates": [[-71.2174, 46.8112], [-71.2172, 46.8113]]}}, {"type": "Feature", "properties": {"couche": "rue", "m": 750}, "geometry": {"type": "LineString", "coordinates": [[-71.2174, 46.8112], [-71.2172, 46.8112]]}}, {"type": "Feature", "properties": {"couche": "rue", "m": 750}, "geometry": {"type": "LineString", "coordinates": [[-71.2173, 46.8105], [-71.2168, 46.8108]]}}, {"type": "Feature", "properties": {"couche": "rue", "m": 750}, "geometry": {"type": "LineString", "coordinates": [[-71.2172, 46.8113], [-71.2175, 46.8117], [-71.2162, 46.8123]]}}, {"type": "Feature", "properties": {"couche": "rue", "m": 750}, "geometry": {"type": "LineString", "coordinates": [[-71.2172, 46.8114], [-71.2158, 46.812]]}}, {"type": "Feature", "properties": {"couche": "rue", "m": 750}, "geometry": {"type": "LineString", "coordinates": [[-71.2168, 46.816], [-71.2172, 46.8158]]}}, {"type": "Feature", "properties": {"couche": "rue", "m": 750}, "geometry": {"type": "LineString", "coordinates": [[-71.2164, 46.8117], [-71.2172, 46.8113]]}}, {"type": "Feature", "properties": {"couche": "rue", "m": 750}, "geometry": {"type": "LineString", "coordinates": [[-71.2172, 46.8112], [-71.2168, 46.8108]]}}, {"type": "Feature", "properties": {"couche": "rue", "m": 750}, "geometry": {"type": "LineString", "coordinates": [[-71.2163, 46.8116], [-71.2171, 46.8113]]}}, {"type": "Feature", "properties": {"couche": "rue", "m": 750}, "geometry": {"type": "LineString", "coordinates": [[-71.217, 46.8136], [-71.2174, 46.8133], [-71.2174, 46.8133], [-71.2169, 46.8135]]}}, {"type": "Feature", "properties": {"couche": "rue", "m": 750}, "geometry": {"type": "LineString", "coordinates": [[-71.2167, 46.8132], [-71.2169, 46.8135]]}}, {"type": "Feature", "properties": {"couche": "rue", "m": 750}, "geometry": {"type": "LineString", "coordinates": [[-71.2169, 46.8145], [-71.2168, 46.8151]]}}, {"type": "Feature", "properties": {"couche": "rue", "m": 750}, "geometry": {"type": "LineString", "coordinates": [[-71.2169, 46.8136], [-71.2164, 46.8139]]}}, {"type": "Feature", "properties": {"couche": "rue", "m": 750}, "geometry": {"type": "LineString", "coordinates": [[-71.2168, 46.8108], [-71.2164, 46.811]]}}, {"type": "Feature", "properties": {"couche": "rue", "m": 750}, "geometry": {"type": "LineString", "coordinates": [[-71.2166, 46.8132], [-71.2169, 46.8135]]}}, {"type": "Feature", "properties": {"couche": "rue", "m": 750}, "geometry": {"type": "LineString", "coordinates": [[-71.2168, 46.816], [-71.2156, 46.8165]]}}, {"type": "Feature", "properties": {"couche": "rue", "m": 750}, "geometry": {"type": "LineString", "coordinates": [[-71.2168, 46.8151], [-71.216, 46.8153], [-71.2158, 46.815]]}}, {"type": "Feature", "properties": {"couche": "rue", "m": 750}, "geometry": {"type": "LineString", "coordinates": [[-71.2168, 46.8151], [-71.2167, 46.8155], [-71.2168, 46.816]]}}, {"type": "Feature", "properties": {"couche": "rue", "m": 750}, "geometry": {"type": "LineString", "coordinates": [[-71.2155, 46.8165], [-71.2163, 46.8162], [-71.2168, 46.816]]}}, {"type": "Feature", "properties": {"couche": "rue", "m": 750}, "geometry": {"type": "LineString", "coordinates": [[-71.2162, 46.8123], [-71.2166, 46.8126]]}}, {"type": "Feature", "properties": {"couche": "rue", "m": 750}, "geometry": {"type": "LineString", "coordinates": [[-71.2166, 46.8127], [-71.2161, 46.8123]]}}, {"type": "Feature", "properties": {"couche": "rue", "m": 750}, "geometry": {"type": "LineString", "coordinates": [[-71.2166, 46.8132], [-71.2154, 46.8137]]}}, {"type": "Feature", "properties": {"couche": "rue", "m": 750}, "geometry": {"type": "LineString", "coordinates": [[-71.2166, 46.8132], [-71.2167, 46.8132], [-71.2163, 46.8128]]}}, {"type": "Feature", "properties": {"couche": "rue", "m": 750}, "geometry": {"type": "LineString", "coordinates": [[-71.2166, 46.8132], [-71.2162, 46.8129]]}}, {"type": "Feature", "properties": {"couche": "rue", "m": 750}, "geometry": {"type": "LineString", "coordinates": [[-71.2165, 46.815], [-71.2164, 46.8148], [-71.2158, 46.815]]}}, {"type": "Feature", "properties": {"couche": "rue", "m": 750}, "geometry": {"type": "LineString", "coordinates": [[-71.2164, 46.8139], [-71.2159, 46.8142]]}}, {"type": "Feature", "properties": {"couche": "rue", "m": 750}, "geometry": {"type": "LineString", "coordinates": [[-71.2164, 46.8139], [-71.2163, 46.8138], [-71.2159, 46.8138], [-71.2158, 46.8138]]}}, {"type": "Feature", "properties": {"couche": "rue", "m": 750}, "geometry": {"type": "LineString", "coordinates": [[-71.2164, 46.8144], [-71.2157, 46.8148]]}}, {"type": "Feature", "properties": {"couche": "rue", "m": 750}, "geometry": {"type": "LineString", "coordinates": [[-71.2164, 46.8117], [-71.2158, 46.8119]]}}, {"type": "Feature", "properties": {"couche": "rue", "m": 750}, "geometry": {"type": "LineString", "coordinates": [[-71.2163, 46.8116], [-71.2157, 46.8119]]}}, {"type": "Feature", "properties": {"couche": "rue", "m": 750}, "geometry": {"type": "LineString", "coordinates": [[-71.2157, 46.8165], [-71.2164, 46.8163]]}}, {"type": "Feature", "properties": {"couche": "rue", "m": 750}, "geometry": {"type": "LineString", "coordinates": [[-71.2164, 46.8164], [-71.2159, 46.8166]]}}, {"type": "Feature", "properties": {"couche": "rue", "m": 750}, "geometry": {"type": "LineString", "coordinates": [[-71.2162, 46.8165], [-71.2164, 46.8165]]}}, {"type": "Feature", "properties": {"couche": "rue", "m": 750}, "geometry": {"type": "LineString", "coordinates": [[-71.2163, 46.8128], [-71.2159, 46.8124]]}}, {"type": "Feature", "properties": {"couche": "rue", "m": 750}, "geometry": {"type": "LineString", "coordinates": [[-71.2162, 46.8129], [-71.2156, 46.8132]]}}, {"type": "Feature", "properties": {"couche": "rue", "m": 750}, "geometry": {"type": "LineString", "coordinates": [[-71.2159, 46.8125], [-71.2162, 46.8129]]}}, {"type": "Feature", "properties": {"couche": "rue", "m": 750}, "geometry": {"type": "LineString", "coordinates": [[-71.2162, 46.8142], [-71.2161, 46.8143], [-71.2159, 46.8142]]}}, {"type": "Feature", "properties": {"couche": "rue", "m": 750}, "geometry": {"type": "LineString", "coordinates": [[-71.2158, 46.812], [-71.2161, 46.8122]]}}, {"type": "Feature", "properties": {"couche": "rue", "m": 750}, "geometry": {"type": "LineString", "coordinates": [[-71.2161, 46.8123], [-71.2159, 46.8124]]}}, {"type": "Feature", "properties": {"couche": "rue", "m": 750}, "geometry": {"type": "LineString", "coordinates": [[-71.216, 46.8123], [-71.2158, 46.8124]]}}, {"type": "Feature", "properties": {"couche": "rue", "m": 750}, "geometry": {"type": "LineString", "coordinates": [[-71.216, 46.8123], [-71.2157, 46.812]]}}, {"type": "Feature", "properties": {"couche": "rue", "m": 750}, "geometry": {"type": "LineString", "coordinates": [[-71.2158, 46.8138], [-71.216, 46.814]]}}, {"type": "Feature", "properties": {"couche": "rue", "m": 750}, "geometry": {"type": "LineString", "coordinates": [[-71.2159, 46.8142], [-71.2153, 46.8146]]}}, {"type": "Feature", "properties": {"couche": "rue", "m": 750}, "geometry": {"type": "LineString", "coordinates": [[-71.2159, 46.8142], [-71.2156, 46.8139]]}}, {"type": "Feature", "properties": {"couche": "rue", "m": 750}, "geometry": {"type": "LineString", "coordinates": [[-71.2152, 46.8128], [-71.2159, 46.8125]]}}, {"type": "Feature", "properties": {"couche": "rue", "m": 750}, "geometry": {"type": "LineString", "coordinates": [[-71.2155, 46.8121], [-71.2158, 46.8124]]}}, {"type": "Feature", "properties": {"couche": "rue", "m": 750}, "geometry": {"type": "LineString", "coordinates": [[-71.2152, 46.8127], [-71.2158, 46.8125]]}}, {"type": "Feature", "properties": {"couche": "rue", "m": 750}, "geometry": {"type": "LineString", "coordinates": [[-71.2157, 46.8148], [-71.2158, 46.815]]}}, {"type": "Feature", "properties": {"couche": "rue", "m": 750}, "geometry": {"type": "LineString", "coordinates": [[-71.2156, 46.8139], [-71.2158, 46.8138]]}}, {"type": "Feature", "properties": {"couche": "rue", "m": 750}, "geometry": {"type": "LineString", "coordinates": [[-71.2155, 46.8116], [-71.2157, 46.8119]]}}, {"type": "Feature", "properties": {"couche": "rue", "m": 750}, "geometry": {"type": "LineString", "coordinates": [[-71.2157, 46.812], [-71.2155, 46.8121]]}}, {"type": "Feature", "properties": {"couche": "rue", "m": 750}, "geometry": {"type": "LineString", "coordinates": [[-71.2152, 46.8127], [-71.215, 46.8127], [-71.2157, 46.8124]]}}, {"type": "Feature", "properties": {"couche": "rue", "m": 750}, "geometry": {"type": "LineString", "coordinates": [[-71.2157, 46.8124], [-71.2154, 46.8121]]}}, {"type": "Feature", "properties": {"couche": "rue", "m": 750}, "geometry": {"type": "LineString", "coordinates": [[-71.2155, 46.8121], [-71.2157, 46.812]]}}, {"type": "Feature", "properties": {"couche": "rue", "m": 750}, "geometry": {"type": "LineString", "coordinates": [[-71.2157, 46.8148], [-71.2145, 46.8152]]}}, {"type": "Feature", "properties": {"couche": "rue", "m": 750}, "geometry": {"type": "LineString", "coordinates": [[-71.2156, 46.8119], [-71.2154, 46.812]]}}, {"type": "Feature", "properties": {"couche": "rue", "m": 750}, "geometry": {"type": "LineString", "coordinates": [[-71.2156, 46.8119], [-71.2154, 46.8117]]}}, {"type": "Feature", "properties": {"couche": "rue", "m": 750}, "geometry": {"type": "LineString", "coordinates": [[-71.2156, 46.8139], [-71.215, 46.8141]]}}, {"type": "Feature", "properties": {"couche": "rue", "m": 750}, "geometry": {"type": "LineString", "coordinates": [[-71.2154, 46.8137], [-71.2156, 46.8139]]}}, {"type": "Feature", "properties": {"couche": "rue", "m": 750}, "geometry": {"type": "LineString", "coordinates": [[-71.2154, 46.8137], [-71.2152, 46.8134], [-71.2156, 46.8132]]}}, {"type": "Feature", "properties": {"couche": "rue", "m": 750}, "geometry": {"type": "LineString", "coordinates": [[-71.2152, 46.8128], [-71.2156, 46.8132]]}}, {"type": "Feature", "properties": {"couche": "rue", "m": 750}, "geometry": {"type": "LineString", "coordinates": [[-71.2155, 46.8116], [-71.2154, 46.8115]]}}, {"type": "Feature", "properties": {"couche": "rue", "m": 750}, "geometry": {"type": "LineString", "coordinates": [[-71.2154, 46.812], [-71.2153, 46.8121], [-71.2154, 46.8121]]}}, {"type": "Feature", "properties": {"couche": "rue", "m": 750}, "geometry": {"type": "LineString", "coordinates": [[-71.2246, 46.8174], [-71.2244, 46.8175], [-71.2243, 46.8174], [-71.2245, 46.8173], [-71.2246, 46.8174]]}}, {"type": "Feature", "properties": {"couche": "rue", "m": 900}, "geometry": {"type": "LineString", "coordinates": [[-71.2336, 46.8115], [-71.2335, 46.8114]]}}, {"type": "Feature", "properties": {"couche": "rue", "m": 900}, "geometry": {"type": "LineString", "coordinates": [[-71.2332, 46.8115], [-71.2336, 46.8116]]}}, {"type": "Feature", "properties": {"couche": "rue", "m": 900}, "geometry": {"type": "LineString", "coordinates": [[-71.2335, 46.8115], [-71.2332, 46.8115]]}}, {"type": "Feature", "properties": {"couche": "rue", "m": 900}, "geometry": {"type": "LineString", "coordinates": [[-71.2335, 46.8114], [-71.2333, 46.8112]]}}, {"type": "Feature", "properties": {"couche": "rue", "m": 900}, "geometry": {"type": "LineString", "coordinates": [[-71.2335, 46.8114], [-71.2333, 46.8114]]}}, {"type": "Feature", "properties": {"couche": "rue", "m": 900}, "geometry": {"type": "LineString", "coordinates": [[-71.2333, 46.8112], [-71.2332, 46.8114]]}}, {"type": "Feature", "properties": {"couche": "rue", "m": 900}, "geometry": {"type": "LineString", "coordinates": [[-71.2333, 46.8112], [-71.2335, 46.811], [-71.2331, 46.8109]]}}, {"type": "Feature", "properties": {"couche": "rue", "m": 900}, "geometry": {"type": "LineString", "coordinates": [[-71.233, 46.8109], [-71.2332, 46.8107]]}}, {"type": "Feature", "properties": {"couche": "rue", "m": 900}, "geometry": {"type": "LineString", "coordinates": [[-71.2332, 46.8105], [-71.2328, 46.8107]]}}, {"type": "Feature", "properties": {"couche": "rue", "m": 900}, "geometry": {"type": "LineString", "coordinates": [[-71.2332, 46.8114], [-71.2326, 46.8112]]}}, {"type": "Feature", "properties": {"couche": "rue", "m": 900}, "geometry": {"type": "LineString", "coordinates": [[-71.2329, 46.8108], [-71.2331, 46.8107]]}}, {"type": "Feature", "properties": {"couche": "rue", "m": 900}, "geometry": {"type": "LineString", "coordinates": [[-71.2323, 46.8117], [-71.2331, 46.8115]]}}, {"type": "Feature", "properties": {"couche": "rue", "m": 900}, "geometry": {"type": "LineString", "coordinates": [[-71.2331, 46.8124], [-71.2323, 46.8123], [-71.2321, 46.8123]]}}, {"type": "Feature", "properties": {"couche": "rue", "m": 900}, "geometry": {"type": "LineString", "coordinates": [[-71.2325, 46.8113], [-71.2331, 46.8114]]}}, {"type": "Feature", "properties": {"couche": "rue", "m": 900}, "geometry": {"type": "LineString", "coordinates": [[-71.2331, 46.8109], [-71.2326, 46.8112]]}}, {"type": "Feature", "properties": {"couche": "rue", "m": 900}, "geometry": {"type": "LineString", "coordinates": [[-71.233, 46.8109], [-71.2325, 46.8111]]}}, {"type": "Feature", "properties": {"couche": "rue", "m": 900}, "geometry": {"type": "LineString", "coordinates": [[-71.2324, 46.8113], [-71.233, 46.8114]]}}, {"type": "Feature", "properties": {"couche": "rue", "m": 900}, "geometry": {"type": "LineString", "coordinates": [[-71.2329, 46.8108], [-71.2324, 46.8111]]}}, {"type": "Feature", "properties": {"couche": "rue", "m": 900}, "geometry": {"type": "LineString", "coordinates": [[-71.2324, 46.811], [-71.2328, 46.8107]]}}, {"type": "Feature", "properties": {"couche": "rue", "m": 900}, "geometry": {"type": "LineString", "coordinates": [[-71.2328, 46.8107], [-71.2324, 46.8104]]}}, {"type": "Feature", "properties": {"couche": "rue", "m": 900}, "geometry": {"type": "LineString", "coordinates": [[-71.2321, 46.8129], [-71.2322, 46.8128], [-71.2323, 46.8127], [-71.2327, 46.8126]]}}, {"type": "Feature", "properties": {"couche": "rue", "m": 900}, "geometry": {"type": "LineString", "coordinates": [[-71.2317, 46.813], [-71.2323, 46.8128], [-71.2325, 46.8127], [-71.2326, 46.8127]]}}, {"type": "Feature", "properties": {"couche": "rue", "m": 900}, "geometry": {"type": "LineString", "coordinates": [[-71.2323, 46.8117], [-71.2326, 46.8118]]}}, {"type": "Feature", "properties": {"couche": "rue", "m": 900}, "geometry": {"type": "LineString", "coordinates": [[-71.2325, 46.8111], [-71.2324, 46.8112]]}}, {"type": "Feature", "properties": {"couche": "rue", "m": 900}, "geometry": {"type": "LineString", "coordinates": [[-71.2325, 46.8113], [-71.2324, 46.8113]]}}, {"type": "Feature", "properties": {"couche": "rue", "m": 900}, "geometry": {"type": "LineString", "coordinates": [[-71.2324, 46.8111], [-71.2323, 46.8112]]}}, {"type": "Feature", "properties": {"couche": "rue", "m": 900}, "geometry": {"type": "LineString", "coordinates": [[-71.2324, 46.8104], [-71.2319, 46.8107]]}}, {"type": "Feature", "properties": {"couche": "rue", "m": 900}, "geometry": {"type": "LineString", "coordinates": [[-71.2316, 46.8098], [-71.2324, 46.8104]]}}, {"type": "Feature", "properties": {"couche": "rue", "m": 900}, "geometry": {"type": "LineString", "coordinates": [[-71.2317, 46.8114], [-71.232, 46.8114], [-71.2324, 46.8112]]}}, {"type": "Feature", "properties": {"couche": "rue", "m": 900}, "geometry": {"type": "LineString", "coordinates": [[-71.2319, 46.8112], [-71.2324, 46.811]]}}, {"type": "Feature", "properties": {"couche": "rue", "m": 900}, "geometry": {"type": "LineString", "coordinates": [[-71.2324, 46.8113], [-71.232, 46.8115]]}}, {"type": "Feature", "properties": {"couche": "rue", "m": 900}, "geometry": {"type": "LineString", "coordinates": [[-71.2323, 46.8112], [-71.2319, 46.8113]]}}, {"type": "Feature", "properties": {"couche": "rue", "m": 900}, "geometry": {"type": "LineString", "coordinates": [[-71.232, 46.8118], [-71.2322, 46.8118]]}}, {"type": "Feature", "properties": {"couche": "rue", "m": 900}, "geometry": {"type": "LineString", "coordinates": [[-71.232, 46.8115], [-71.2322, 46.8115], [-71.2322, 46.8118]]}}, {"type": "Feature", "properties": {"couche": "rue", "m": 900}, "geometry": {"type": "LineString", "coordinates": [[-71.2322, 46.8125], [-71.232, 46.8126]]}}, {"type": "Feature", "properties": {"couche": "rue", "m": 900}, "geometry": {"type": "LineString", "coordinates": [[-71.2321, 46.8124], [-71.2322, 46.8125]]}}, {"type": "Feature", "properties": {"couche": "rue", "m": 900}, "geometry": {"type": "LineString", "coordinates": [[-71.2321, 46.8139], [-71.2322, 46.8138], [-71.2322, 46.8138]]}}, {"type": "Feature", "properties": {"couche": "rue", "m": 900}, "geometry": {"type": "LineString", "coordinates": [[-71.2321, 46.8124], [-71.232, 46.8126]]}}, {"type": "Feature", "properties": {"couche": "rue", "m": 900}, "geometry": {"type": "LineString", "coordinates": [[-71.2321, 46.8123], [-71.2315, 46.8125]]}}, {"type": "Feature", "properties": {"couche": "rue", "m": 900}, "geometry": {"type": "LineString", "coordinates": [[-71.2317, 46.813], [-71.2321, 46.8137]]}}, {"type": "Feature", "properties": {"couche": "rue", "m": 900}, "geometry": {"type": "LineString", "coordinates": [[-71.2321, 46.8129], [-71.2317, 46.813]]}}, {"type": "Feature", "properties": {"couche": "rue", "m": 900}, "geometry": {"type": "LineString", "coordinates": [[-71.2321, 46.8129], [-71.232, 46.8127], [-71.232, 46.8128]]}}, {"type": "Feature", "properties": {"couche": "rue", "m": 900}, "geometry": {"type": "LineString", "coordinates": [[-71.232, 46.8139], [-71.2321, 46.8139]]}}, {"type": "Feature", "properties": {"couche": "rue", "m": 900}, "geometry": {"type": "LineString", "coordinates": [[-71.232, 46.8139], [-71.2321, 46.8141], [-71.2322, 46.8141], [-71.2321, 46.8139]]}}, {"type": "Feature", "properties": {"couche": "rue", "m": 900}, "geometry": {"type": "LineString", "coordinates": [[-71.2321, 46.8137], [-71.2318, 46.8131]]}}, {"type": "Feature", "properties": {"couche": "rue", "m": 900}, "geometry": {"type": "LineString", "coordinates": [[-71.232, 46.8115], [-71.2314, 46.8114]]}}, {"type": "Feature", "properties": {"couche": "rue", "m": 900}, "geometry": {"type": "LineString", "coordinates": [[-71.232, 46.8115], [-71.232, 46.8117]]}}, {"type": "Feature", "properties": {"couche": "rue", "m": 900}, "geometry": {"type": "LineString", "coordinates": [[-71.2313, 46.8121], [-71.232, 46.8118]]}}, {"type": "Feature", "properties": {"couche": "rue", "m": 900}, "geometry": {"type": "LineString", "coordinates": [[-71.232, 46.8118], [-71.232, 46.8117]]}}, {"type": "Feature", "properties": {"couche": "rue", "m": 900}, "geometry": {"type": "LineString", "coordinates": [[-71.232, 46.8117], [-71.2311, 46.8117]]}}, {"type": "Feature", "properties": {"couche": "rue", "m": 900}, "geometry": {"type": "LineString", "coordinates": [[-71.2305, 46.8108], [-71.2319, 46.8107]]}}, {"type": "Feature", "properties": {"couche": "rue", "m": 900}, "geometry": {"type": "LineString", "coordinates": [[-71.2319, 46.8107], [-71.2319, 46.8112]]}}, {"type": "Feature", "properties": {"couche": "rue", "m": 900}, "geometry": {"type": "LineString", "coordinates": [[-71.2311, 46.81], [-71.2319, 46.8107]]}}, {"type": "Feature", "properties": {"couche": "rue", "m": 900}, "geometry": {"type": "LineString", "coordinates": [[-71.2309, 46.8112], [-71.2319, 46.8112]]}}, {"type": "Feature", "properties": {"couche": "rue", "m": 900}, "geometry": {"type": "LineString", "coordinates": [[-71.2319, 46.8113], [-71.2315, 46.8113]]}}, {"type": "Feature", "properties": {"couche": "rue", "m": 900}, "geometry": {"type": "LineString", "coordinates": [[-71.232, 46.8126], [-71.2318, 46.8126]]}}, {"type": "Feature", "properties": {"couche": "rue", "m": 900}, "geometry": {"type": "LineString", "coordinates": [[-71.2316, 46.8132], [-71.232, 46.8138]]}}, {"type": "Feature", "properties": {"couche": "rue", "m": 900}, "geometry": {"type": "LineString", "coordinates": [[-71.2319, 46.8141], [-71.2318, 46.8142]]}}, {"type": "Feature", "properties": {"couche": "rue", "m": 900}, "geometry": {"type": "LineString", "coordinates": [[-71.2318, 46.814], [-71.2319, 46.8141]]}}, {"type": "Feature", "properties": {"couche": "rue", "m": 900}, "geometry": {"type": "LineString", "coordinates": [[-71.2319, 46.8138], [-71.2316, 46.8135]]}}, {"type": "Feature", "properties": {"couche": "rue", "m": 900}, "geometry": {"type": "LineString", "coordinates": [[-71.2318, 46.8139], [-71.2314, 46.814]]}}, {"type": "Feature", "properties": {"couche": "rue", "m": 900}, "geometry": {"type": "LineString", "coordinates": [[-71.2318, 46.814], [-71.2312, 46.8142]]}}, {"type": "Feature", "properties": {"couche": "rue", "m": 900}, "geometry": {"type": "LineString", "coordinates": [[-71.2318, 46.8138], [-71.231, 46.8141]]}}, {"type": "Feature", "properties": {"couche": "rue", "m": 900}, "geometry": {"type": "LineString", "coordinates": [[-71.2318, 46.8138], [-71.2316, 46.8135]]}}, {"type": "Feature", "properties": {"couche": "rue", "m": 900}, "geometry": {"type": "LineString", "coordinates": [[-71.2318, 46.8126], [-71.2315, 46.8125]]}}, {"type": "Feature", "properties": {"couche": "rue", "m": 900}, "geometry": {"type": "LineString", "coordinates": [[-71.2317, 46.8149], [-71.2318, 46.8149], [-71.2317, 46.8148], [-71.2318, 46.8148]]}}, {"type": "Feature", "properties": {"couche": "rue", "m": 900}, "geometry": {"type": "LineString", "coordinates": [[-71.2317, 46.8149], [-71.2318, 46.8152]]}}, {"type": "Feature", "properties": {"couche": "rue", "m": 900}, "geometry": {"type": "LineString", "coordinates": [[-71.2317, 46.813], [-71.2318, 46.8131]]}}, {"type": "Feature", "properties": {"couche": "rue", "m": 900}, "geometry": {"type": "LineString", "coordinates": [[-71.2317, 46.813], [-71.2317, 46.8129]]}}, {"type": "Feature", "properties": {"couche": "rue", "m": 900}, "geometry": {"type": "LineString", "coordinates": [[-71.2313, 46.8157], [-71.2318, 46.8154], [-71.2317, 46.8154]]}}, {"type": "Feature", "properties": {"couche": "rue", "m": 900}, "geometry": {"type": "LineString", "coordinates": [[-71.2317, 46.8129], [-71.2315, 46.8125]]}}, {"type": "Feature", "properties": {"couche": "rue", "m": 900}, "geometry": {"type": "LineString", "coordinates": [[-71.2316, 46.8129], [-71.2317, 46.813]]}}, {"type": "Feature", "properties": {"couche": "rue", "m": 900}, "geometry": {"type": "LineString", "coordinates": [[-71.2316, 46.8148], [-71.2317, 46.8149]]}}, {"type": "Feature", "properties": {"couche": "rue", "m": 900}, "geometry": {"type": "LineString", "coordinates": [[-71.2312, 46.8156], [-71.2316, 46.8154], [-71.2317, 46.8153]]}}, {"type": "Feature", "properties": {"couche": "rue", "m": 900}, "geometry": {"type": "LineString", "coordinates": [[-71.2317, 46.8153], [-71.2317, 46.815], [-71.2315, 46.8148]]}}, {"type": "Feature", "properties": {"couche": "rue", "m": 900}, "geometry": {"type": "LineString", "coordinates": [[-71.2315, 46.8129], [-71.2316, 46.8132]]}}, {"type": "Feature", "properties": {"couche": "rue", "m": 900}, "geometry": {"type": "LineString", "coordinates": [[-71.2316, 46.8135], [-71.2315, 46.8132]]}}, {"type": "Feature", "properties": {"couche": "rue", "m": 900}, "geometry": {"type": "LineString", "coordinates": [[-71.2316, 46.8098], [-71.2311, 46.81]]}}, {"type": "Feature", "properties": {"couche": "rue", "m": 900}, "geometry": {"type": "LineString", "coordinates": [[-71.2311, 46.8094], [-71.2316, 46.8098]]}}, {"type": "Feature", "properties": {"couche": "rue", "m": 900}, "geometry": {"type": "LineString", "coordinates": [[-71.2316, 46.8135], [-71.2307, 46.8138], [-71.231, 46.8141]]}}, {"type": "Feature", "properties": {"couche": "rue", "m": 900}, "geometry": {"type": "LineString", "coordinates": [[-71.2316, 46.8135], [-71.2315, 46.8132]]}}, {"type": "Feature", "properties": {"couche": "rue", "m": 900}, "geometry": {"type": "LineString", "coordinates": [[-71.2314, 46.8125], [-71.2316, 46.8128]]}}, {"type": "Feature", "properties": {"couche": "rue", "m": 900}, "geometry": {"type": "LineString", "coordinates": [[-71.2312, 46.8142], [-71.2316, 46.8148]]}}, {"type": "Feature", "properties": {"couche": "rue", "m": 900}, "geometry": {"type": "LineString", "coordinates": [[-71.2314, 46.8129], [-71.2315, 46.8132]]}}, {"type": "Feature", "properties": {"couche": "rue", "m": 900}, "geometry": {"type": "LineString", "coordinates": [[-71.2315, 46.8152], [-71.2312, 46.8155]]}}, {"type": "Feature", "properties": {"couche": "rue", "m": 900}, "geometry": {"type": "LineString", "coordinates": [[-71.2315, 46.8149], [-71.2315, 46.8152]]}}, {"type": "Feature", "properties": {"couche": "rue", "m": 900}, "geometry": {"type": "LineString", "coordinates": [[-71.2313, 46.8121], [-71.2315, 46.8125]]}}, {"type": "Feature", "properties": {"couche": "rue", "m": 900}, "geometry": {"type": "LineString", "coordinates": [[-71.2314, 46.8125], [-71.2313, 46.8125], [-71.2315, 46.8129]]}}, {"type": "Feature", "properties": {"couche": "rue", "m": 900}, "geometry": {"type": "LineString", "coordinates": [[-71.2315, 46.8132], [-71.2305, 46.8135]]}}, {"type": "Feature", "properties": {"couche": "rue", "m": 900}, "geometry": {"type": "LineString", "coordinates": [[-71.2313, 46.8129], [-71.2315, 46.8132]]}}, {"type": "Feature", "properties": {"couche": "rue", "m": 900}, "geometry": {"type": "LineString", "coordinates": [[-71.2315, 46.8148], [-71.2312, 46.8144]]}}, {"type": "Feature", "properties": {"couche": "rue", "m": 900}, "geometry": {"type": "LineString", "coordinates": [[-71.2314, 46.8125], [-71.2312, 46.8121]]}}, {"type": "Feature", "properties": {"couche": "rue", "m": 900}, "geometry": {"type": "LineString", "coordinates": [[-71.2311, 46.8142], [-71.2314, 46.814]]}}, {"type": "Feature", "properties": {"couche": "rue", "m": 900}, "geometry": {"type": "LineString", "coordinates": [[-71.2312, 46.8142], [-71.2314, 46.814]]}}, {"type": "Feature", "properties": {"couche": "rue", "m": 900}, "geometry": {"type": "LineString", "coordinates": [[-71.2312, 46.8126], [-71.2314, 46.8129]]}}, {"type": "Feature", "properties": {"couche": "rue", "m": 900}, "geometry": {"type": "LineString", "coordinates": [[-71.2314, 46.8149], [-71.2308, 46.8151], [-71.231, 46.8153]]}}, {"type": "Feature", "properties": {"couche": "rue", "m": 900}, "geometry": {"type": "LineString", "coordinates": [[-71.2314, 46.8149], [-71.2315, 46.8152], [-71.2314, 46.8153], [-71.2312, 46.8155]]}}, {"type": "Feature", "properties": {"couche": "rue", "m": 900}, "geometry": {"type": "LineString", "coordinates": [[-71.2314, 46.8149], [-71.2307, 46.8151]]}}, {"type": "Feature", "properties": {"couche": "rue", "m": 900}, "geometry": {"type": "LineString", "coordinates": [[-71.231, 46.8142], [-71.2314, 46.8149]]}}, {"type": "Feature", "properties": {"couche": "rue", "m": 900}, "geometry": {"type": "LineString", "coordinates": [[-71.2313, 46.8129], [-71.2303, 46.8132]]}}, {"type": "Feature", "properties": {"couche": "rue", "m": 900}, "geometry": {"type": "LineString", "coordinates": [[-71.2313, 46.8129], [-71.2311, 46.8126]]}}, {"type": "Feature", "properties": {"couche": "rue", "m": 900}, "geometry": {"type": "LineString", "coordinates": [[-71.2313, 46.8157], [-71.2309, 46.8158]]}}, {"type": "Feature", "properties": {"couche": "rue", "m": 900}, "geometry": {"type": "LineString", "coordinates": [[-71.2309, 46.8158], [-71.2309, 46.8158], [-71.2312, 46.8156]]}}, {"type": "Feature", "properties": {"couche": "rue", "m": 900}, "geometry": {"type": "LineString", "coordinates": [[-71.2311, 46.8094], [-71.2304, 46.8098], [-71.2301, 46.8099]]}}, {"type": "Feature", "properties": {"couche": "rue", "m": 900}, "geometry": {"type": "LineString", "coordinates": [[-71.2309, 46.8093], [-71.2311, 46.8094]]}}, {"type": "Feature", "properties": {"couche": "rue", "m": 900}, "geometry": {"type": "LineString", "coordinates": [[-71.2312, 46.8144], [-71.2312, 46.8142]]}}, {"type": "Feature", "properties": {"couche": "rue", "m": 900}, "geometry": {"type": "LineString", "coordinates": [[-71.231, 46.8142], [-71.2312, 46.8144]]}}, {"type": "Feature", "properties": {"couche": "rue", "m": 900}, "geometry": {"type": "LineString", "coordinates": [[-71.2304, 46.8104], [-71.2307, 46.8103], [-71.2311, 46.81]]}}, {"type": "Feature", "properties": {"couche": "rue", "m": 900}, "geometry": {"type": "LineString", "coordinates": [[-71.2312, 46.8155], [-71.231, 46.8153]]}}, {"type": "Feature", "properties": {"couche": "rue", "m": 900}, "geometry": {"type": "LineString", "coordinates": [[-71.2312, 46.8155], [-71.2297, 46.8163]]}}, {"type": "Feature", "properties": {"couche": "rue", "m": 900}, "geometry": {"type": "LineString", "coordinates": [[-71.2311, 46.8155], [-71.231, 46.8154]]}}, {"type": "Feature", "properties": {"couche": "rue", "m": 900}, "geometry": {"type": "LineString", "coordinates": [[-71.2311, 46.8155], [-71.2296, 46.8163]]}}, {"type": "Feature", "properties": {"couche": "rue", "m": 900}, "geometry": {"type": "LineString", "coordinates": [[-71.2311, 46.8155], [-71.231, 46.8155]]}}, {"type": "Feature", "properties": {"couche": "rue", "m": 900}, "geometry": {"type": "LineString", "coordinates": [[-71.2309, 46.8153], [-71.231, 46.8154]]}}, {"type": "Feature", "properties": {"couche": "rue", "m": 900}, "geometry": {"type": "LineString", "coordinates": [[-71.231, 46.8159], [-71.2309, 46.8158]]}}, {"type": "Feature", "properties": {"couche": "rue", "m": 900}, "geometry": {"type": "LineString", "coordinates": [[-71.2307, 46.8091], [-71.2308, 46.809], [-71.231, 46.8091], [-71.2309, 46.8093]]}}, {"type": "Feature", "properties": {"couche": "rue", "m": 900}, "geometry": {"type": "LineString", "coordinates": [[-71.2307, 46.8091], [-71.2309, 46.8093]]}}, {"type": "Feature", "properties": {"couche": "rue", "m": 900}, "geometry": {"type": "LineString", "coordinates": [[-71.231, 46.8142], [-71.2301, 46.8145]]}}, {"type": "Feature", "properties": {"couche": "rue", "m": 900}, "geometry": {"type": "LineString", "coordinates": [[-71.2298, 46.8157], [-71.2307, 46.8152], [-71.231, 46.8155]]}}, {"type": "Feature", "properties": {"couche": "rue", "m": 900}, "geometry": {"type": "LineString", "coordinates": [[-71.2304, 46.8086], [-71.2308, 46.8085]]}}, {"type": "Feature", "properties": {"couche": "rue", "m": 900}, "geometry": {"type": "LineString", "coordinates": [[-71.2307, 46.8151], [-71.2309, 46.8153]]}}, {"type": "Feature", "properties": {"couche": "rue", "m": 900}, "geometry": {"type": "LineString", "coordinates": [[-71.2309, 46.8175], [-71.2308, 46.8174], [-71.2306, 46.8174]]}}, {"type": "Feature", "properties": {"couche": "rue", "m": 900}, "geometry": {"type": "LineString", "coordinates": [[-71.2298, 46.8095], [-71.2301, 46.8094], [-71.2307, 46.8091]]}}, {"type": "Feature", "properties": {"couche": "rue", "m": 900}, "geometry": {"type": "LineString", "coordinates": [[-71.2302, 46.8087], [-71.2307, 46.8091]]}}, {"type": "Feature", "properties": {"couche": "rue", "m": 900}, "geometry": {"type": "LineString", "coordinates": [[-71.2305, 46.8151], [-71.2307, 46.8151]]}}, {"type": "Feature", "properties": {"couche": "rue", "m": 900}, "geometry": {"type": "LineString", "coordinates": [[-71.2307, 46.8151], [-71.2303, 46.8154]]}}, {"type": "Feature", "properties": {"couche": "rue", "m": 900}, "geometry": {"type": "LineString", "coordinates": [[-71.2305, 46.815], [-71.2307, 46.8151]]}}, {"type": "Feature", "properties": {"couche": "rue", "m": 900}, "geometry": {"type": "LineString", "coordinates": [[-71.2307, 46.8177], [-71.2306, 46.8174]]}}, {"type": "Feature", "properties": {"couche": "rue", "m": 900}, "geometry": {"type": "LineString", "coordinates": [[-71.2306, 46.8174], [-71.2306, 46.8178]]}}, {"type": "Feature", "properties": {"couche": "rue", "m": 900}, "geometry": {"type": "LineString", "coordinates": [[-71.2306, 46.8174], [-71.2305, 46.8171]]}}, {"type": "Feature", "properties": {"couche": "rue", "m": 900}, "geometry": {"type": "LineString", "coordinates": [[-71.2304, 46.8086], [-71.2302, 46.8087]]}}, {"type": "Feature", "properties": {"couche": "rue", "m": 900}, "geometry": {"type": "LineString", "coordinates": [[-71.2304, 46.8086], [-71.2297, 46.808], [-71.2294, 46.8082]]}}, {"type": "Feature", "properties": {"couche": "rue", "m": 900}, "geometry": {"type": "LineString", "coordinates": [[-71.2305, 46.8151], [-71.2302, 46.8152]]}}, {"type": "Feature", "properties": {"couche": "rue", "m": 900}, "geometry": {"type": "LineString", "coordinates": [[-71.2305, 46.8151], [-71.2306, 46.8152], [-71.2302, 46.8154]]}}, {"type": "Feature", "properties": {"couche": "rue", "m": 900}, "geometry": {"type": "LineString", "coordinates": [[-71.2306, 46.8174], [-71.2305, 46.8173]]}}, {"type": "Feature", "properties": {"couche": "rue", "m": 900}, "geometry": {"type": "LineString", "coordinates": [[-71.2305, 46.8151], [-71.2302, 46.8152]]}}, {"type": "Feature", "properties": {"couche": "rue", "m": 900}, "geometry": {"type": "LineString", "coordinates": [[-71.2304, 46.8174], [-71.2305, 46.8178]]}}, {"type": "Feature", "properties": {"couche": "rue", "m": 900}, "geometry": {"type": "LineString", "coordinates": [[-71.2305, 46.8151], [-71.2302, 46.8152]]}}, {"type": "Feature", "properties": {"couche": "rue", "m": 900}, "geometry": {"type": "LineString", "coordinates": [[-71.2305, 46.8151], [-71.23, 46.8147]]}}, {"type": "Feature", "properties": {"couche": "rue", "m": 900}, "geometry": {"type": "LineString", "coordinates": [[-71.2303, 46.8174], [-71.2305, 46.8173]]}}, {"type": "Feature", "properties": {"couche": "rue", "m": 900}, "geometry": {"type": "LineString", "coordinates": [[-71.2305, 46.8173], [-71.2303, 46.817]]}}, {"type": "Feature", "properties": {"couche": "rue", "m": 900}, "geometry": {"type": "LineString", "coordinates": [[-71.2302, 46.8175], [-71.2305, 46.8179]]}}, {"type": "Feature", "properties": {"couche": "rue", "m": 900}, "geometry": {"type": "LineString", "coordinates": [[-71.2301, 46.8099], [-71.2303, 46.8103]]}}, {"type": "Feature", "properties": {"couche": "rue", "m": 900}, "geometry": {"type": "LineString", "coordinates": [[-71.23, 46.8089], [-71.2302, 46.8087]]}}, {"type": "Feature", "properties": {"couche": "rue", "m": 900}, "geometry": {"type": "LineString", "coordinates": [[-71.2303, 46.8175], [-71.2302, 46.8175]]}}, {"type": "Feature", "properties": {"couche": "rue", "m": 900}, "geometry": {"type": "LineString", "coordinates": [[-71.2301, 46.81], [-71.2302, 46.8104]]}}, {"type": "Feature", "properties": {"couche": "rue", "m": 900}, "geometry": {"type": "LineString", "coordinates": [[-71.2303, 46.8174], [-71.2299, 46.8174]]}}, {"type": "Feature", "properties": {"couche": "rue", "m": 900}, "geometry": {"type": "LineString", "coordinates": [[-71.2303, 46.8174], [-71.2303, 46.8172], [-71.2297, 46.8166]]}}, {"type": "Feature", "properties": {"couche": "rue", "m": 900}, "geometry": {"type": "LineString", "coordinates": [[-71.2302, 46.8175], [-71.23, 46.8175]]}}, {"type": "Feature", "properties": {"couche": "rue", "m": 900}, "geometry": {"type": "LineString", "coordinates": [[-71.2298, 46.8095], [-71.2301, 46.8099]]}}, {"type": "Feature", "properties": {"couche": "rue", "m": 900}, "geometry": {"type": "LineString", "coordinates": [[-71.2301, 46.81], [-71.23, 46.8101], [-71.2299, 46.81]]}}, {"type": "Feature", "properties": {"couche": "rue", "m": 900}, "geometry": {"type": "LineString", "coordinates": [[-71.2295, 46.809], [-71.2296, 46.8091], [-71.23, 46.8089]]}}, {"type": "Feature", "properties": {"couche": "rue", "m": 900}, "geometry": {"type": "LineString", "coordinates": [[-71.2294, 46.8082], [-71.23, 46.8089]]}}, {"type": "Feature", "properties": {"couche": "rue", "m": 900}, "geometry": {"type": "LineString", "coordinates": [[-71.23, 46.8099], [-71.2298, 46.8095]]}}, {"type": "Feature", "properties": {"couche": "rue", "m": 900}, "geometry": {"type": "LineString", "coordinates": [[-71.23, 46.8175], [-71.23, 46.8176]]}}, {"type": "Feature", "properties": {"couche": "rue", "m": 900}, "geometry": {"type": "LineString", "coordinates": [[-71.2299, 46.8104], [-71.2295, 46.8096]]}}, {"type": "Feature", "properties": {"couche": "rue", "m": 900}, "geometry": {"type": "LineString", "coordinates": [[-71.2298, 46.81], [-71.2299, 46.8102]]}}, {"type": "Feature", "properties": {"couche": "rue", "m": 900}, "geometry": {"type": "LineString", "coordinates": [[-71.2299, 46.81], [-71.2297, 46.8096]]}}, {"type": "Feature", "properties": {"couche": "rue", "m": 900}, "geometry": {"type": "LineString", "coordinates": [[-71.23, 46.8175], [-71.2296, 46.8176]]}}, {"type": "Feature", "properties": {"couche": "rue", "m": 900}, "geometry": {"type": "LineString", "coordinates": [[-71.23, 46.8175], [-71.2299, 46.8174]]}}, {"type": "Feature", "properties": {"couche": "rue", "m": 900}, "geometry": {"type": "LineString", "coordinates": [[-71.2296, 46.8091], [-71.2298, 46.8094]]}}, {"type": "Feature", "properties": {"couche": "rue", "m": 900}, "geometry": {"type": "LineString", "coordinates": [[-71.2299, 46.8174], [-71.2297, 46.8175]]}}, {"type": "Feature", "properties": {"couche": "rue", "m": 900}, "geometry": {"type": "LineString", "coordinates": [[-71.2299, 46.8174], [-71.2295, 46.8167]]}}, {"type": "Feature", "properties": {"couche": "rue", "m": 900}, "geometry": {"type": "LineString", "coordinates": [[-71.2298, 46.81], [-71.2296, 46.8096]]}}, {"type": "Feature", "properties": {"couche": "rue", "m": 900}, "geometry": {"type": "LineString", "coordinates": [[-71.2297, 46.8095], [-71.2295, 46.8095]]}}, {"type": "Feature", "properties": {"couche": "rue", "m": 900}, "geometry": {"type": "LineString", "coordinates": [[-71.2297, 46.8095], [-71.2297, 46.8093]]}}, {"type": "Feature", "properties": {"couche": "rue", "m": 900}, "geometry": {"type": "LineString", "coordinates": [[-71.2297, 46.8093], [-71.2295, 46.8091]]}}, {"type": "Feature", "properties": {"couche": "rue", "m": 900}, "geometry": {"type": "LineString", "coordinates": [[-71.2297, 46.8175], [-71.2283, 46.818]]}}, {"type": "Feature", "properties": {"couche": "rue", "m": 900}, "geometry": {"type": "LineString", "coordinates": [[-71.2297, 46.8175], [-71.2295, 46.8171]]}}, {"type": "Feature", "properties": {"couche": "rue", "m": 900}, "geometry": {"type": "LineString", "coordinates": [[-71.2295, 46.8095], [-71.2294, 46.8092], [-71.2289, 46.8086], [-71.2289, 46.8084], [-71.2292, 46.8078]]}}, {"type": "Feature", "properties": {"couche": "rue", "m": 900}, "geometry": {"type": "LineString", "coordinates": [[-71.2295, 46.809], [-71.229, 46.8086], [-71.2291, 46.8084], [-71.2294, 46.8082]]}}, {"type": "Feature", "properties": {"couche": "rue", "m": 900}, "geometry": {"type": "LineString", "coordinates": [[-71.229, 46.8084], [-71.229, 46.8087], [-71.2294, 46.8091], [-71.2295, 46.8091]]}}, {"type": "Feature", "properties": {"couche": "rue", "m": 900}, "geometry": {"type": "LineString", "coordinates": [[-71.2294, 46.8095], [-71.2293, 46.8093]]}}, {"type": "Feature", "properties": {"couche": "rue", "m": 900}, "geometry": {"type": "LineString", "coordinates": [[-71.2283, 46.8086], [-71.2286, 46.8083]]}}, {"type": "Feature", "properties": {"couche": "rue", "m": 900}, "geometry": {"type": "LineString", "coordinates": [[-71.2283, 46.8086], [-71.2273, 46.8092]]}}, {"type": "Feature", "properties": {"couche": "rue", "m": 900}, "geometry": {"type": "LineString", "coordinates": [[-71.2283, 46.8086], [-71.2279, 46.8083]]}}, {"type": "Feature", "properties": {"couche": "rue", "m": 900}, "geometry": {"type": "LineString", "coordinates": [[-71.2284, 46.8181], [-71.2273, 46.8184]]}}, {"type": "Feature", "properties": {"couche": "rue", "m": 900}, "geometry": {"type": "LineString", "coordinates": [[-71.2274, 46.8185], [-71.2281, 46.8182], [-71.2283, 46.8183]]}}, {"type": "Feature", "properties": {"couche": "rue", "m": 900}, "geometry": {"type": "LineString", "coordinates": [[-71.2279, 46.8083], [-71.2265, 46.8092]]}}, {"type": "Feature", "properties": {"couche": "rue", "m": 900}, "geometry": {"type": "LineString", "coordinates": [[-71.2274, 46.808], [-71.2279, 46.8083]]}}, {"type": "Feature", "properties": {"couche": "rue", "m": 900}, "geometry": {"type": "LineString", "coordinates": [[-71.228, 46.8182], [-71.2273, 46.8184]]}}, {"type": "Feature", "properties": {"couche": "rue", "m": 900}, "geometry": {"type": "LineString", "coordinates": [[-71.2274, 46.808], [-71.226, 46.8089]]}}, {"type": "Feature", "properties": {"couche": "rue", "m": 900}, "geometry": {"type": "LineString", "coordinates": [[-71.2274, 46.808], [-71.227, 46.8077]]}}, {"type": "Feature", "properties": {"couche": "rue", "m": 900}, "geometry": {"type": "LineString", "coordinates": [[-71.2272, 46.8186], [-71.2274, 46.8185]]}}, {"type": "Feature", "properties": {"couche": "rue", "m": 900}, "geometry": {"type": "LineString", "coordinates": [[-71.2273, 46.8184], [-71.2268, 46.8187]]}}, {"type": "Feature", "properties": {"couche": "rue", "m": 900}, "geometry": {"type": "LineString", "coordinates": [[-71.2269, 46.8185], [-71.2273, 46.8184]]}}, {"type": "Feature", "properties": {"couche": "rue", "m": 900}, "geometry": {"type": "LineString", "coordinates": [[-71.2269, 46.8184], [-71.2271, 46.8183], [-71.2273, 46.8184]]}}, {"type": "Feature", "properties": {"couche": "rue", "m": 900}, "geometry": {"type": "LineString", "coordinates": [[-71.2272, 46.819], [-71.2271, 46.8188]]}}, {"type": "Feature", "properties": {"couche": "rue", "m": 900}, "geometry": {"type": "LineString", "coordinates": [[-71.2253, 46.8081], [-71.2252, 46.8083], [-71.2256, 46.8086], [-71.227, 46.8077]]}}, {"type": "Feature", "properties": {"couche": "rue", "m": 900}, "geometry": {"type": "LineString", "coordinates": [[-71.227, 46.8077], [-71.2268, 46.8075]]}}, {"type": "Feature", "properties": {"couche": "rue", "m": 900}, "geometry": {"type": "LineString", "coordinates": [[-71.2272, 46.8188], [-71.2273, 46.8189], [-71.2273, 46.8188], [-71.2272, 46.8188]]}}, {"type": "Feature", "properties": {"couche": "rue", "m": 900}, "geometry": {"type": "LineString", "coordinates": [[-71.2271, 46.8188], [-71.2267, 46.8188]]}}, {"type": "Feature", "properties": {"couche": "rue", "m": 900}, "geometry": {"type": "LineString", "coordinates": [[-71.2271, 46.8188], [-71.2268, 46.8187]]}}, {"type": "Feature", "properties": {"couche": "rue", "m": 900}, "geometry": {"type": "LineString", "coordinates": [[-71.2269, 46.8185], [-71.2268, 46.8186]]}}, {"type": "Feature", "properties": {"couche": "rue", "m": 900}, "geometry": {"type": "LineString", "coordinates": [[-71.2269, 46.8185], [-71.2269, 46.8184]]}}, {"type": "Feature", "properties": {"couche": "rue", "m": 900}, "geometry": {"type": "LineString", "coordinates": [[-71.2269, 46.8184], [-71.2267, 46.8183], [-71.2263, 46.8182]]}}, {"type": "Feature", "properties": {"couche": "rue", "m": 900}, "geometry": {"type": "LineString", "coordinates": [[-71.2267, 46.8188], [-71.2266, 46.8187], [-71.2267, 46.8187]]}}, {"type": "Feature", "properties": {"couche": "rue", "m": 900}, "geometry": {"type": "LineString", "coordinates": [[-71.2267, 46.8187], [-71.2265, 46.8184], [-71.2263, 46.8183]]}}, {"type": "Feature", "properties": {"couche": "rue", "m": 900}, "geometry": {"type": "LineString", "coordinates": [[-71.2265, 46.8073], [-71.2258, 46.8079], [-71.2253, 46.8081]]}}, {"type": "Feature", "properties": {"couche": "rue", "m": 900}, "geometry": {"type": "LineString", "coordinates": [[-71.2261, 46.8179], [-71.2263, 46.8182]]}}, {"type": "Feature", "properties": {"couche": "rue", "m": 900}, "geometry": {"type": "LineString", "coordinates": [[-71.2263, 46.8183], [-71.2257, 46.8182]]}}, {"type": "Feature", "properties": {"couche": "rue", "m": 900}, "geometry": {"type": "LineString", "coordinates": [[-71.2263, 46.8183], [-71.2261, 46.8184], [-71.226, 46.8184], [-71.226, 46.8184], [-71.2262, 46.8185], [-71.2263, 46.8183]]}}, {"type": "Feature", "properties": {"couche": "rue", "m": 900}, "geometry": {"type": "LineString", "coordinates": [[-71.2261, 46.8179], [-71.226, 46.818], [-71.2258, 46.818], [-71.2257, 46.8182]]}}, {"type": "Feature", "properties": {"couche": "rue", "m": 900}, "geometry": {"type": "LineString", "coordinates": [[-71.2257, 46.8182], [-71.2252, 46.8182]]}}, {"type": "Feature", "properties": {"couche": "rue", "m": 900}, "geometry": {"type": "LineString", "coordinates": [[-71.2254, 46.8184], [-71.2256, 46.8184], [-71.2257, 46.8182], [-71.2257, 46.8182]]}}, {"type": "Feature", "properties": {"couche": "rue", "m": 900}, "geometry": {"type": "LineString", "coordinates": [[-71.2257, 46.8182], [-71.2258, 46.8182], [-71.2258, 46.8184], [-71.2256, 46.8184], [-71.2254, 46.8184], [-71.2254, 46.8184]]}}, {"type": "Feature", "properties": {"couche": "rue", "m": 900}, "geometry": {"type": "LineString", "coordinates": [[-71.2253, 46.8081], [-71.2243, 46.8083]]}}, {"type": "Feature", "properties": {"couche": "rue", "m": 900}, "geometry": {"type": "LineString", "coordinates": [[-71.2253, 46.8081], [-71.225, 46.8076], [-71.2246, 46.8073]]}}, {"type": "Feature", "properties": {"couche": "rue", "m": 900}, "geometry": {"type": "LineString", "coordinates": [[-71.2254, 46.8184], [-71.225, 46.8185], [-71.225, 46.8186], [-71.2251, 46.8187]]}}, {"type": "Feature", "properties": {"couche": "rue", "m": 900}, "geometry": {"type": "LineString", "coordinates": [[-71.2251, 46.8187], [-71.2254, 46.8185]]}}, {"type": "Feature", "properties": {"couche": "rue", "m": 900}, "geometry": {"type": "LineString", "coordinates": [[-71.2252, 46.8182], [-71.2245, 46.8183]]}}, {"type": "Feature", "properties": {"couche": "rue", "m": 900}, "geometry": {"type": "LineString", "coordinates": [[-71.2252, 46.8182], [-71.2251, 46.818]]}}, {"type": "Feature", "properties": {"couche": "rue", "m": 900}, "geometry": {"type": "LineString", "coordinates": [[-71.2244, 46.8187], [-71.225, 46.8187], [-71.2251, 46.8187]]}}, {"type": "Feature", "properties": {"couche": "rue", "m": 900}, "geometry": {"type": "LineString", "coordinates": [[-71.2246, 46.8073], [-71.2239, 46.8077]]}}, {"type": "Feature", "properties": {"couche": "rue", "m": 900}, "geometry": {"type": "LineString", "coordinates": [[-71.2246, 46.8073], [-71.2243, 46.807]]}}, {"type": "Feature", "properties": {"couche": "rue", "m": 900}, "geometry": {"type": "LineString", "coordinates": [[-71.2245, 46.8183], [-71.2242, 46.8185], [-71.2238, 46.8188]]}}, {"type": "Feature", "properties": {"couche": "rue", "m": 900}, "geometry": {"type": "LineString", "coordinates": [[-71.2243, 46.8187], [-71.2245, 46.8183]]}}, {"type": "Feature", "properties": {"couche": "rue", "m": 900}, "geometry": {"type": "LineString", "coordinates": [[-71.2245, 46.8183], [-71.2244, 46.8183]]}}, {"type": "Feature", "properties": {"couche": "rue", "m": 900}, "geometry": {"type": "LineString", "coordinates": [[-71.2242, 46.8188], [-71.2244, 46.8187]]}}, {"type": "Feature", "properties": {"couche": "rue", "m": 900}, "geometry": {"type": "LineString", "coordinates": [[-71.2243, 46.8187], [-71.2244, 46.8187]]}}, {"type": "Feature", "properties": {"couche": "rue", "m": 900}, "geometry": {"type": "LineString", "coordinates": [[-71.2243, 46.8187], [-71.2242, 46.8188]]}}, {"type": "Feature", "properties": {"couche": "rue", "m": 900}, "geometry": {"type": "LineString", "coordinates": [[-71.2238, 46.8188], [-71.2242, 46.8188]]}}, {"type": "Feature", "properties": {"couche": "rue", "m": 900}, "geometry": {"type": "LineString", "coordinates": [[-71.222, 46.8086], [-71.2239, 46.8077]]}}, {"type": "Feature", "properties": {"couche": "rue", "m": 900}, "geometry": {"type": "LineString", "coordinates": [[-71.2239, 46.8077], [-71.2237, 46.8075]]}}, {"type": "Feature", "properties": {"couche": "rue", "m": 900}, "geometry": {"type": "LineString", "coordinates": [[-71.2237, 46.807], [-71.2234, 46.8071], [-71.2234, 46.8073]]}}, {"type": "Feature", "properties": {"couche": "rue", "m": 900}, "geometry": {"type": "LineString", "coordinates": [[-71.2237, 46.807], [-71.2237, 46.8071]]}}, {"type": "Feature", "properties": {"couche": "rue", "m": 900}, "geometry": {"type": "LineString", "coordinates": [[-71.2239, 46.8185], [-71.2238, 46.8187]]}}, {"type": "Feature", "properties": {"couche": "rue", "m": 900}, "geometry": {"type": "LineString", "coordinates": [[-71.2237, 46.8071], [-71.2234, 46.8073]]}}, {"type": "Feature", "properties": {"couche": "rue", "m": 900}, "geometry": {"type": "LineString", "coordinates": [[-71.2237, 46.8071], [-71.2237, 46.8074]]}}, {"type": "Feature", "properties": {"couche": "rue", "m": 900}, "geometry": {"type": "LineString", "coordinates": [[-71.2238, 46.8188], [-71.2225, 46.8191]]}}, {"type": "Feature", "properties": {"couche": "rue", "m": 900}, "geometry": {"type": "LineString", "coordinates": [[-71.2237, 46.8075], [-71.2232, 46.8077]]}}, {"type": "Feature", "properties": {"couche": "rue", "m": 900}, "geometry": {"type": "LineString", "coordinates": [[-71.2237, 46.8074], [-71.2234, 46.8073]]}}, {"type": "Feature", "properties": {"couche": "rue", "m": 900}, "geometry": {"type": "LineString", "coordinates": [[-71.2238, 46.8187], [-71.2234, 46.8187], [-71.2233, 46.8185], [-71.2233, 46.8184]]}}, {"type": "Feature", "properties": {"couche": "rue", "m": 900}, "geometry": {"type": "LineString", "coordinates": [[-71.2233, 46.8189], [-71.2233, 46.8188]]}}, {"type": "Feature", "properties": {"couche": "rue", "m": 900}, "geometry": {"type": "LineString", "coordinates": [[-71.2233, 46.8188], [-71.223, 46.8189], [-71.2223, 46.819]]}}, {"type": "Feature", "properties": {"couche": "rue", "m": 900}, "geometry": {"type": "LineString", "coordinates": [[-71.2233, 46.8188], [-71.223, 46.8185]]}}, {"type": "Feature", "properties": {"couche": "rue", "m": 900}, "geometry": {"type": "LineString", "coordinates": [[-71.2232, 46.8184], [-71.223, 46.8185]]}}, {"type": "Feature", "properties": {"couche": "rue", "m": 900}, "geometry": {"type": "LineString", "coordinates": [[-71.2223, 46.8077], [-71.2228, 46.8074], [-71.2229, 46.8073]]}}, {"type": "Feature", "properties": {"couche": "rue", "m": 900}, "geometry": {"type": "LineString", "coordinates": [[-71.223, 46.8185], [-71.2227, 46.8185]]}}, {"type": "Feature", "properties": {"couche": "rue", "m": 900}, "geometry": {"type": "LineString", "coordinates": [[-71.223, 46.8185], [-71.2226, 46.8178]]}}, {"type": "Feature", "properties": {"couche": "rue", "m": 900}, "geometry": {"type": "LineString", "coordinates": [[-71.2214, 46.8076], [-71.2229, 46.8068], [-71.2227, 46.8067]]}}, {"type": "Feature", "properties": {"couche": "rue", "m": 900}, "geometry": {"type": "LineString", "coordinates": [[-71.2224, 46.8188], [-71.2228, 46.8187], [-71.2227, 46.8185]]}}, {"type": "Feature", "properties": {"couche": "rue", "m": 900}, "geometry": {"type": "LineString", "coordinates": [[-71.2227, 46.8186], [-71.2223, 46.8187]]}}, {"type": "Feature", "properties": {"couche": "rue", "m": 900}, "geometry": {"type": "LineString", "coordinates": [[-71.2227, 46.8186], [-71.2224, 46.8182]]}}, {"type": "Feature", "properties": {"couche": "rue", "m": 900}, "geometry": {"type": "LineString", "coordinates": [[-71.2225, 46.8191], [-71.2223, 46.819]]}}, {"type": "Feature", "properties": {"couche": "rue", "m": 900}, "geometry": {"type": "LineString", "coordinates": [[-71.2222, 46.819], [-71.222, 46.819]]}}, {"type": "Feature", "properties": {"couche": "rue", "m": 900}, "geometry": {"type": "LineString", "coordinates": [[-71.2221, 46.8189], [-71.222, 46.819]]}}, {"type": "Feature", "properties": {"couche": "rue", "m": 900}, "geometry": {"type": "LineString", "coordinates": [[-71.2216, 46.8179], [-71.2222, 46.8188], [-71.2221, 46.8189]]}}, {"type": "Feature", "properties": {"couche": "rue", "m": 900}, "geometry": {"type": "LineString", "coordinates": [[-71.2214, 46.8071], [-71.2218, 46.8068]]}}, {"type": "Feature", "properties": {"couche": "rue", "m": 900}, "geometry": {"type": "LineString", "coordinates": [[-71.2218, 46.8068], [-71.2219, 46.8069], [-71.2213, 46.8073]]}}, {"type": "Feature", "properties": {"couche": "rue", "m": 900}, "geometry": {"type": "LineString", "coordinates": [[-71.2216, 46.8067], [-71.2218, 46.8068]]}}, {"type": "Feature", "properties": {"couche": "rue", "m": 900}, "geometry": {"type": "LineString", "coordinates": [[-71.2219, 46.8179], [-71.2216, 46.8179]]}}, {"type": "Feature", "properties": {"couche": "rue", "m": 900}, "geometry": {"type": "LineString", "coordinates": [[-71.2214, 46.8068], [-71.2216, 46.8067]]}}, {"type": "Feature", "properties": {"couche": "rue", "m": 900}, "geometry": {"type": "LineString", "coordinates": [[-71.221, 46.8064], [-71.2211, 46.8063], [-71.2216, 46.8067]]}}, {"type": "Feature", "properties": {"couche": "rue", "m": 900}, "geometry": {"type": "LineString", "coordinates": [[-71.2212, 46.8069], [-71.2214, 46.8071]]}}, {"type": "Feature", "properties": {"couche": "rue", "m": 900}, "geometry": {"type": "LineString", "coordinates": [[-71.2212, 46.8069], [-71.2214, 46.8068]]}}, {"type": "Feature", "properties": {"couche": "rue", "m": 900}, "geometry": {"type": "LineString", "coordinates": [[-71.2214, 46.8068], [-71.221, 46.8064]]}}, {"type": "Feature", "properties": {"couche": "rue", "m": 900}, "geometry": {"type": "LineString", "coordinates": [[-71.2213, 46.8071], [-71.2212, 46.8071], [-71.2211, 46.8069]]}}, {"type": "Feature", "properties": {"couche": "rue", "m": 900}, "geometry": {"type": "LineString", "coordinates": [[-71.2212, 46.8072], [-71.2213, 46.8071]]}}, {"type": "Feature", "properties": {"couche": "rue", "m": 900}, "geometry": {"type": "LineString", "coordinates": [[-71.2214, 46.818], [-71.2206, 46.8181]]}}, {"type": "Feature", "properties": {"couche": "rue", "m": 900}, "geometry": {"type": "LineString", "coordinates": [[-71.2209, 46.8172], [-71.2214, 46.818]]}}, {"type": "Feature", "properties": {"couche": "rue", "m": 900}, "geometry": {"type": "LineString", "coordinates": [[-71.2213, 46.8073], [-71.2205, 46.8076]]}}, {"type": "Feature", "properties": {"couche": "rue", "m": 900}, "geometry": {"type": "LineString", "coordinates": [[-71.2207, 46.8078], [-71.2214, 46.8075], [-71.2213, 46.8073]]}}, {"type": "Feature", "properties": {"couche": "rue", "m": 900}, "geometry": {"type": "LineString", "coordinates": [[-71.2212, 46.8072], [-71.2213, 46.8073]]}}, {"type": "Feature", "properties": {"couche": "rue", "m": 900}, "geometry": {"type": "LineString", "coordinates": [[-71.2212, 46.8072], [-71.2203, 46.8075]]}}, {"type": "Feature", "properties": {"couche": "rue", "m": 900}, "geometry": {"type": "LineString", "coordinates": [[-71.2212, 46.8072], [-71.2211, 46.807]]}}, {"type": "Feature", "properties": {"couche": "rue", "m": 900}, "geometry": {"type": "LineString", "coordinates": [[-71.2211, 46.807], [-71.2208, 46.8071]]}}, {"type": "Feature", "properties": {"couche": "rue", "m": 900}, "geometry": {"type": "LineString", "coordinates": [[-71.2211, 46.807], [-71.2211, 46.8069]]}}, {"type": "Feature", "properties": {"couche": "rue", "m": 900}, "geometry": {"type": "LineString", "coordinates": [[-71.2211, 46.8069], [-71.2208, 46.8065]]}}, {"type": "Feature", "properties": {"couche": "rue", "m": 900}, "geometry": {"type": "LineString", "coordinates": [[-71.2208, 46.8065], [-71.221, 46.8064]]}}, {"type": "Feature", "properties": {"couche": "rue", "m": 900}, "geometry": {"type": "LineString", "coordinates": [[-71.2209, 46.8186], [-71.2211, 46.8186]]}}, {"type": "Feature", "properties": {"couche": "rue", "m": 900}, "geometry": {"type": "LineString", "coordinates": [[-71.2205, 46.8066], [-71.2208, 46.8065]]}}, {"type": "Feature", "properties": {"couche": "rue", "m": 900}, "geometry": {"type": "LineString", "coordinates": [[-71.2208, 46.8065], [-71.2207, 46.8062]]}}, {"type": "Feature", "properties": {"couche": "rue", "m": 900}, "geometry": {"type": "LineString", "coordinates": [[-71.2208, 46.8071], [-71.2203, 46.8072]]}}, {"type": "Feature", "properties": {"couche": "rue", "m": 900}, "geometry": {"type": "LineString", "coordinates": [[-71.2208, 46.8071], [-71.2207, 46.8068], [-71.2202, 46.8068]]}}, {"type": "Feature", "properties": {"couche": "rue", "m": 900}, "geometry": {"type": "LineString", "coordinates": [[-71.2209, 46.8186], [-71.2206, 46.8181]]}}, {"type": "Feature", "properties": {"couche": "rue", "m": 900}, "geometry": {"type": "LineString", "coordinates": [[-71.2205, 46.8079], [-71.2207, 46.8078]]}}, {"type": "Feature", "properties": {"couche": "rue", "m": 900}, "geometry": {"type": "LineString", "coordinates": [[-71.2207, 46.8078], [-71.2205, 46.8076]]}}, {"type": "Feature", "properties": {"couche": "rue", "m": 900}, "geometry": {"type": "LineString", "coordinates": [[-71.2198, 46.8081], [-71.2205, 46.8079]]}}, {"type": "Feature", "properties": {"couche": "rue", "m": 900}, "geometry": {"type": "LineString", "coordinates": [[-71.2205, 46.8079], [-71.2203, 46.8077]]}}, {"type": "Feature", "properties": {"couche": "rue", "m": 900}, "geometry": {"type": "LineString", "coordinates": [[-71.2206, 46.8181], [-71.2196, 46.8184]]}}, {"type": "Feature", "properties": {"couche": "rue", "m": 900}, "geometry": {"type": "LineString", "coordinates": [[-71.2192, 46.8178], [-71.2201, 46.8175], [-71.2206, 46.8181]]}}, {"type": "Feature", "properties": {"couche": "rue", "m": 900}, "geometry": {"type": "LineString", "coordinates": [[-71.2204, 46.8077], [-71.2203, 46.8075]]}}, {"type": "Feature", "properties": {"couche": "rue", "m": 900}, "geometry": {"type": "LineString", "coordinates": [[-71.2203, 46.8077], [-71.2204, 46.8077]]}}, {"type": "Feature", "properties": {"couche": "rue", "m": 900}, "geometry": {"type": "LineString", "coordinates": [[-71.2204, 46.8069], [-71.2203, 46.8072]]}}, {"type": "Feature", "properties": {"couche": "rue", "m": 900}, "geometry": {"type": "LineString", "coordinates": [[-71.2203, 46.8075], [-71.2185, 46.8083]]}}, {"type": "Feature", "properties": {"couche": "rue", "m": 900}, "geometry": {"type": "LineString", "coordinates": [[-71.2203, 46.8075], [-71.2201, 46.8073]]}}, {"type": "Feature", "properties": {"couche": "rue", "m": 900}, "geometry": {"type": "LineString", "coordinates": [[-71.2203, 46.8077], [-71.2194, 46.8081]]}}, {"type": "Feature", "properties": {"couche": "rue", "m": 900}, "geometry": {"type": "LineString", "coordinates": [[-71.2203, 46.8072], [-71.2201, 46.8073]]}}, {"type": "Feature", "properties": {"couche": "rue", "m": 900}, "geometry": {"type": "LineString", "coordinates": [[-71.2203, 46.8077], [-71.2185, 46.8084]]}}, {"type": "Feature", "properties": {"couche": "rue", "m": 900}, "geometry": {"type": "LineString", "coordinates": [[-71.2201, 46.8072], [-71.2196, 46.8074]]}}, {"type": "Feature", "properties": {"couche": "rue", "m": 900}, "geometry": {"type": "LineString", "coordinates": [[-71.2199, 46.8069], [-71.2201, 46.8072]]}}, {"type": "Feature", "properties": {"couche": "rue", "m": 900}, "geometry": {"type": "LineString", "coordinates": [[-71.2192, 46.8178], [-71.2196, 46.8184]]}}, {"type": "Feature", "properties": {"couche": "rue", "m": 900}, "geometry": {"type": "LineString", "coordinates": [[-71.2194, 46.8081], [-71.2186, 46.8085]]}}, {"type": "Feature", "properties": {"couche": "rue", "m": 900}, "geometry": {"type": "LineString", "coordinates": [[-71.219, 46.8085], [-71.2195, 46.8083], [-71.2194, 46.8081]]}}, {"type": "Feature", "properties": {"couche": "rue", "m": 900}, "geometry": {"type": "LineString", "coordinates": [[-71.2194, 46.8182], [-71.219, 46.8181]]}}, {"type": "Feature", "properties": {"couche": "rue", "m": 900}, "geometry": {"type": "LineString", "coordinates": [[-71.219, 46.8085], [-71.2193, 46.809]]}}, {"type": "Feature", "properties": {"couche": "rue", "m": 900}, "geometry": {"type": "LineString", "coordinates": [[-71.2192, 46.8178], [-71.2185, 46.818]]}}, {"type": "Feature", "properties": {"couche": "rue", "m": 900}, "geometry": {"type": "LineString", "coordinates": [[-71.2186, 46.817], [-71.2192, 46.8178]]}}, {"type": "Feature", "properties": {"couche": "rue", "m": 900}, "geometry": {"type": "LineString", "coordinates": [[-71.2191, 46.8179], [-71.2185, 46.8181], [-71.2185, 46.8181]]}}, {"type": "Feature", "properties": {"couche": "rue", "m": 900}, "geometry": {"type": "LineString", "coordinates": [[-71.219, 46.8181], [-71.2191, 46.8179]]}}, {"type": "Feature", "properties": {"couche": "rue", "m": 900}, "geometry": {"type": "LineString", "coordinates": [[-71.2187, 46.8086], [-71.219, 46.8085]]}}, {"type": "Feature", "properties": {"couche": "rue", "m": 900}, "geometry": {"type": "LineString", "coordinates": [[-71.2187, 46.8183], [-71.219, 46.8181]]}}, {"type": "Feature", "properties": {"couche": "rue", "m": 900}, "geometry": {"type": "LineString", "coordinates": [[-71.219, 46.8181], [-71.2185, 46.8181]]}}, {"type": "Feature", "properties": {"couche": "rue", "m": 900}, "geometry": {"type": "LineString", "coordinates": [[-71.2188, 46.8091], [-71.2185, 46.8087]]}}, {"type": "Feature", "properties": {"couche": "rue", "m": 900}, "geometry": {"type": "LineString", "coordinates": [[-71.2185, 46.8087], [-71.2187, 46.8086]]}}, {"type": "Feature", "properties": {"couche": "rue", "m": 900}, "geometry": {"type": "LineString", "coordinates": [[-71.2187, 46.8086], [-71.2186, 46.8085]]}}, {"type": "Feature", "properties": {"couche": "rue", "m": 900}, "geometry": {"type": "LineString", "coordinates": [[-71.2187, 46.809], [-71.2185, 46.8087], [-71.2185, 46.8087]]}}, {"type": "Feature", "properties": {"couche": "rue", "m": 900}, "geometry": {"type": "LineString", "coordinates": [[-71.2184, 46.8092], [-71.2187, 46.8091]]}}, {"type": "Feature", "properties": {"couche": "rue", "m": 900}, "geometry": {"type": "LineString", "coordinates": [[-71.2186, 46.8085], [-71.2185, 46.8086]]}}, {"type": "Feature", "properties": {"couche": "rue", "m": 900}, "geometry": {"type": "LineString", "coordinates": [[-71.2185, 46.8084], [-71.2186, 46.8085]]}}, {"type": "Feature", "properties": {"couche": "rue", "m": 900}, "geometry": {"type": "LineString", "coordinates": [[-71.2185, 46.8083], [-71.2185, 46.8084]]}}, {"type": "Feature", "properties": {"couche": "rue", "m": 900}, "geometry": {"type": "LineString", "coordinates": [[-71.2184, 46.8084], [-71.2185, 46.8086]]}}, {"type": "Feature", "properties": {"couche": "rue", "m": 900}, "geometry": {"type": "LineString", "coordinates": [[-71.2184, 46.8084], [-71.2184, 46.8083]]}}, {"type": "Feature", "properties": {"couche": "rue", "m": 900}, "geometry": {"type": "LineString", "coordinates": [[-71.2184, 46.8087], [-71.2181, 46.8089]]}}, {"type": "Feature", "properties": {"couche": "rue", "m": 900}, "geometry": {"type": "LineString", "coordinates": [[-71.2184, 46.8092], [-71.2184, 46.8092], [-71.2181, 46.8089]]}}, {"type": "Feature", "properties": {"couche": "rue", "m": 900}, "geometry": {"type": "LineString", "coordinates": [[-71.2181, 46.8089], [-71.2184, 46.8092]]}}, {"type": "Feature", "properties": {"couche": "rue", "m": 900}, "geometry": {"type": "LineString", "coordinates": [[-71.2184, 46.8086], [-71.218, 46.8088]]}}, {"type": "Feature", "properties": {"couche": "rue", "m": 900}, "geometry": {"type": "LineString", "coordinates": [[-71.2183, 46.8085], [-71.2184, 46.8086]]}}, {"type": "Feature", "properties": {"couche": "rue", "m": 900}, "geometry": {"type": "LineString", "coordinates": [[-71.2185, 46.817], [-71.2175, 46.8174]]}}, {"type": "Feature", "properties": {"couche": "rue", "m": 900}, "geometry": {"type": "LineString", "coordinates": [[-71.2184, 46.8083], [-71.2182, 46.8084]]}}, {"type": "Feature", "properties": {"couche": "rue", "m": 900}, "geometry": {"type": "LineString", "coordinates": [[-71.2184, 46.8083], [-71.2181, 46.8079]]}}, {"type": "Feature", "properties": {"couche": "rue", "m": 900}, "geometry": {"type": "LineString", "coordinates": [[-71.2179, 46.8087], [-71.2183, 46.8085]]}}, {"type": "Feature", "properties": {"couche": "rue", "m": 900}, "geometry": {"type": "LineString", "coordinates": [[-71.2182, 46.8084], [-71.2183, 46.8085]]}}, {"type": "Feature", "properties": {"couche": "rue", "m": 900}, "geometry": {"type": "LineString", "coordinates": [[-71.2184, 46.8169], [-71.2176, 46.8171], [-71.2175, 46.817]]}}, {"type": "Feature", "properties": {"couche": "rue", "m": 900}, "geometry": {"type": "LineString", "coordinates": [[-71.2184, 46.8169], [-71.2183, 46.8167], [-71.2174, 46.817], [-71.217, 46.817]]}}, {"type": "Feature", "properties": {"couche": "rue", "m": 900}, "geometry": {"type": "LineString", "coordinates": [[-71.2182, 46.8084], [-71.2179, 46.8085]]}}, {"type": "Feature", "properties": {"couche": "rue", "m": 900}, "geometry": {"type": "LineString", "coordinates": [[-71.218, 46.808], [-71.2183, 46.8083], [-71.2182, 46.8084]]}}, {"type": "Feature", "properties": {"couche": "rue", "m": 900}, "geometry": {"type": "LineString", "coordinates": [[-71.2181, 46.8078], [-71.2181, 46.8079]]}}, {"type": "Feature", "properties": {"couche": "rue", "m": 900}, "geometry": {"type": "LineString", "coordinates": [[-71.2181, 46.8089], [-71.2169, 46.8094]]}}, {"type": "Feature", "properties": {"couche": "rue", "m": 900}, "geometry": {"type": "LineString", "coordinates": [[-71.218, 46.8088], [-71.2168, 46.8093]]}}, {"type": "Feature", "properties": {"couche": "rue", "m": 900}, "geometry": {"type": "LineString", "coordinates": [[-71.218, 46.8088], [-71.2179, 46.8087]]}}, {"type": "Feature", "properties": {"couche": "rue", "m": 900}, "geometry": {"type": "LineString", "coordinates": [[-71.2179, 46.8085], [-71.2178, 46.8086], [-71.2179, 46.8087]]}}, {"type": "Feature", "properties": {"couche": "rue", "m": 900}, "geometry": {"type": "LineString", "coordinates": [[-71.2179, 46.8085], [-71.2178, 46.8084]]}}, {"type": "Feature", "properties": {"couche": "rue", "m": 900}, "geometry": {"type": "LineString", "coordinates": [[-71.2178, 46.8083], [-71.2181, 46.8082], [-71.2179, 46.808]]}}, {"type": "Feature", "properties": {"couche": "rue", "m": 900}, "geometry": {"type": "LineString", "coordinates": [[-71.2179, 46.8087], [-71.2165, 46.8092]]}}, {"type": "Feature", "properties": {"couche": "rue", "m": 900}, "geometry": {"type": "LineString", "coordinates": [[-71.2178, 46.8178], [-71.218, 46.818]]}}, {"type": "Feature", "properties": {"couche": "rue", "m": 900}, "geometry": {"type": "LineString", "coordinates": [[-71.2177, 46.8084], [-71.2178, 46.8084]]}}, {"type": "Feature", "properties": {"couche": "rue", "m": 900}, "geometry": {"type": "LineString", "coordinates": [[-71.2178, 46.8083], [-71.2176, 46.8084]]}}, {"type": "Feature", "properties": {"couche": "rue", "m": 900}, "geometry": {"type": "LineString", "coordinates": [[-71.2177, 46.8103], [-71.2169, 46.8094]]}}, {"type": "Feature", "properties": {"couche": "rue", "m": 900}, "geometry": {"type": "LineString", "coordinates": [[-71.2178, 46.8178], [-71.2175, 46.8178]]}}, {"type": "Feature", "properties": {"couche": "rue", "m": 900}, "geometry": {"type": "LineString", "coordinates": [[-71.2178, 46.8178], [-71.2176, 46.8176]]}}, {"type": "Feature", "properties": {"couche": "rue", "m": 900}, "geometry": {"type": "LineString", "coordinates": [[-71.2175, 46.8084], [-71.2176, 46.8084]]}}, {"type": "Feature", "properties": {"couche": "rue", "m": 900}, "geometry": {"type": "LineString", "coordinates": [[-71.2153, 46.8114], [-71.2176, 46.8103]]}}, {"type": "Feature", "properties": {"couche": "rue", "m": 900}, "geometry": {"type": "LineString", "coordinates": [[-71.2176, 46.8176], [-71.2175, 46.8174]]}}, {"type": "Feature", "properties": {"couche": "rue", "m": 900}, "geometry": {"type": "LineString", "coordinates": [[-71.2171, 46.8174], [-71.2174, 46.8174], [-71.2176, 46.8176]]}}, {"type": "Feature", "properties": {"couche": "rue", "m": 900}, "geometry": {"type": "LineString", "coordinates": [[-71.2175, 46.8174], [-71.2174, 46.8172], [-71.2171, 46.8172], [-71.2164, 46.8173]]}}, {"type": "Feature", "properties": {"couche": "rue", "m": 900}, "geometry": {"type": "LineString", "coordinates": [[-71.2164, 46.8165], [-71.217, 46.8166], [-71.217, 46.8163], [-71.2172, 46.8162]]}}, {"type": "Feature", "properties": {"couche": "rue", "m": 900}, "geometry": {"type": "LineString", "coordinates": [[-71.2169, 46.8094], [-71.2168, 46.8093]]}}, {"type": "Feature", "properties": {"couche": "rue", "m": 900}, "geometry": {"type": "LineString", "coordinates": [[-71.2166, 46.8093], [-71.2168, 46.8093]]}}, {"type": "Feature", "properties": {"couche": "rue", "m": 900}, "geometry": {"type": "LineString", "coordinates": [[-71.2166, 46.8093], [-71.2167, 46.8094]]}}, {"type": "Feature", "properties": {"couche": "rue", "m": 900}, "geometry": {"type": "LineString", "coordinates": [[-71.2166, 46.8093], [-71.2165, 46.8094], [-71.2164, 46.8093]]}}, {"type": "Feature", "properties": {"couche": "rue", "m": 900}, "geometry": {"type": "LineString", "coordinates": [[-71.2165, 46.8092], [-71.2166, 46.8093]]}}, {"type": "Feature", "properties": {"couche": "rue", "m": 900}, "geometry": {"type": "LineString", "coordinates": [[-71.2164, 46.8091], [-71.2165, 46.8092]]}}, {"type": "Feature", "properties": {"couche": "rue", "m": 900}, "geometry": {"type": "LineString", "coordinates": [[-71.2164, 46.8091], [-71.2163, 46.809], [-71.2162, 46.809], [-71.2163, 46.8091]]}}, {"type": "Feature", "properties": {"couche": "rue", "m": 900}, "geometry": {"type": "LineString", "coordinates": [[-71.2163, 46.8091], [-71.2164, 46.8093]]}}, {"type": "Feature", "properties": {"couche": "rue", "m": 900}, "geometry": {"type": "LineString", "coordinates": [[-71.2164, 46.8173], [-71.2165, 46.8172]]}}, {"type": "Feature", "properties": {"couche": "rue", "m": 900}, "geometry": {"type": "LineString", "coordinates": [[-71.216, 46.8112], [-71.2164, 46.811]]}}, {"type": "Feature", "properties": {"couche": "rue", "m": 900}, "geometry": {"type": "LineString", "coordinates": [[-71.2164, 46.8173], [-71.2158, 46.8174]]}}, {"type": "Feature", "properties": {"couche": "rue", "m": 900}, "geometry": {"type": "LineString", "coordinates": [[-71.2164, 46.8173], [-71.2165, 46.8174], [-71.2158, 46.8175]]}}, {"type": "Feature", "properties": {"couche": "rue", "m": 900}, "geometry": {"type": "LineString", "coordinates": [[-71.216, 46.8112], [-71.2163, 46.8116]]}}, {"type": "Feature", "properties": {"couche": "rue", "m": 900}, "geometry": {"type": "LineString", "coordinates": [[-71.2162, 46.8158], [-71.2156, 46.816]]}}, {"type": "Feature", "properties": {"couche": "rue", "m": 900}, "geometry": {"type": "LineString", "coordinates": [[-71.2162, 46.8176], [-71.216, 46.8177]]}}, {"type": "Feature", "properties": {"couche": "rue", "m": 900}, "geometry": {"type": "LineString", "coordinates": [[-71.2161, 46.8151], [-71.2165, 46.815], [-71.2166, 46.8151], [-71.2161, 46.8152]]}}, {"type": "Feature", "properties": {"couche": "rue", "m": 900}, "geometry": {"type": "LineString", "coordinates": [[-71.216, 46.8112], [-71.2154, 46.8115]]}}, {"type": "Feature", "properties": {"couche": "rue", "m": 900}, "geometry": {"type": "LineString", "coordinates": [[-71.216, 46.8153], [-71.2154, 46.8155]]}}, {"type": "Feature", "properties": {"couche": "rue", "m": 900}, "geometry": {"type": "LineString", "coordinates": [[-71.216, 46.8177], [-71.2159, 46.8178]]}}, {"type": "Feature", "properties": {"couche": "rue", "m": 900}, "geometry": {"type": "LineString", "coordinates": [[-71.216, 46.8177], [-71.2158, 46.8176]]}}, {"type": "Feature", "properties": {"couche": "rue", "m": 900}, "geometry": {"type": "LineString", "coordinates": [[-71.2157, 46.8166], [-71.2159, 46.8166]]}}, {"type": "Feature", "properties": {"couche": "rue", "m": 900}, "geometry": {"type": "LineString", "coordinates": [[-71.2159, 46.8173], [-71.2157, 46.8166]]}}, {"type": "Feature", "properties": {"couche": "rue", "m": 900}, "geometry": {"type": "LineString", "coordinates": [[-71.2158, 46.8175], [-71.2158, 46.8174]]}}, {"type": "Feature", "properties": {"couche": "rue", "m": 900}, "geometry": {"type": "LineString", "coordinates": [[-71.2157, 46.8173], [-71.2156, 46.8174]]}}, {"type": "Feature", "properties": {"couche": "rue", "m": 900}, "geometry": {"type": "LineString", "coordinates": [[-71.2157, 46.8173], [-71.2156, 46.8167]]}}, {"type": "Feature", "properties": {"couche": "rue", "m": 900}, "geometry": {"type": "LineString", "coordinates": [[-71.2156, 46.8174], [-71.2157, 46.8174]]}}, {"type": "Feature", "properties": {"couche": "rue", "m": 900}, "geometry": {"type": "LineString", "coordinates": [[-71.2155, 46.8175], [-71.2157, 46.8175]]}}, {"type": "Feature", "properties": {"couche": "rue", "m": 900}, "geometry": {"type": "LineString", "coordinates": [[-71.2155, 46.8175], [-71.2157, 46.8175]]}}, {"type": "Feature", "properties": {"couche": "rue", "m": 900}, "geometry": {"type": "LineString", "coordinates": [[-71.2152, 46.8162], [-71.2156, 46.816]]}}, {"type": "Feature", "properties": {"couche": "rue", "m": 900}, "geometry": {"type": "LineString", "coordinates": [[-71.2156, 46.816], [-71.2155, 46.8158]]}}, {"type": "Feature", "properties": {"couche": "rue", "m": 900}, "geometry": {"type": "LineString", "coordinates": [[-71.2156, 46.8166], [-71.2155, 46.8165]]}}, {"type": "Feature", "properties": {"couche": "rue", "m": 900}, "geometry": {"type": "LineString", "coordinates": [[-71.2154, 46.8167], [-71.2156, 46.8167]]}}, {"type": "Feature", "properties": {"couche": "rue", "m": 900}, "geometry": {"type": "LineString", "coordinates": [[-71.2156, 46.8166], [-71.2154, 46.8166]]}}, {"type": "Feature", "properties": {"couche": "rue", "m": 900}, "geometry": {"type": "LineString", "coordinates": [[-71.2154, 46.8165], [-71.2156, 46.8166]]}}, {"type": "Feature", "properties": {"couche": "rue", "m": 900}, "geometry": {"type": "LineString", "coordinates": [[-71.2154, 46.8167], [-71.2156, 46.8174]]}}, {"type": "Feature", "properties": {"couche": "rue", "m": 900}, "geometry": {"type": "LineString", "coordinates": [[-71.2155, 46.8165], [-71.2154, 46.8165]]}}, {"type": "Feature", "properties": {"couche": "rue", "m": 900}, "geometry": {"type": "LineString", "coordinates": [[-71.215, 46.8127], [-71.2148, 46.8124], [-71.2154, 46.8121]]}}, {"type": "Feature", "properties": {"couche": "rue", "m": 900}, "geometry": {"type": "LineString", "coordinates": [[-71.2152, 46.8118], [-71.2154, 46.812]]}}, {"type": "Feature", "properties": {"couche": "rue", "m": 900}, "geometry": {"type": "LineString", "coordinates": [[-71.2155, 46.8174], [-71.2151, 46.8173]]}}, {"type": "Feature", "properties": {"couche": "rue", "m": 900}, "geometry": {"type": "LineString", "coordinates": [[-71.2153, 46.8167], [-71.2155, 46.8174]]}}, {"type": "Feature", "properties": {"couche": "rue", "m": 900}, "geometry": {"type": "LineString", "coordinates": [[-71.2154, 46.8115], [-71.2153, 46.8116]]}}, {"type": "Feature", "properties": {"couche": "rue", "m": 900}, "geometry": {"type": "LineString", "coordinates": [[-71.2154, 46.8121], [-71.2147, 46.8124]]}}, {"type": "Feature", "properties": {"couche": "rue", "m": 900}, "geometry": {"type": "LineString", "coordinates": [[-71.2155, 46.8174], [-71.2151, 46.8173]]}}, {"type": "Feature", "properties": {"couche": "rue", "m": 900}, "geometry": {"type": "LineString", "coordinates": [[-71.2154, 46.8117], [-71.2153, 46.8116]]}}, {"type": "Feature", "properties": {"couche": "rue", "m": 900}, "geometry": {"type": "LineString", "coordinates": [[-71.2154, 46.8155], [-71.2153, 46.8153]]}}, {"type": "Feature", "properties": {"couche": "rue", "m": 900}, "geometry": {"type": "LineString", "coordinates": [[-71.2154, 46.8175], [-71.2153, 46.8174]]}}, {"type": "Feature", "properties": {"couche": "rue", "m": 900}, "geometry": {"type": "LineString", "coordinates": [[-71.2151, 46.816], [-71.2154, 46.8159]]}}, {"type": "Feature", "properties": {"couche": "rue", "m": 900}, "geometry": {"type": "LineString", "coordinates": [[-71.2154, 46.8165], [-71.2152, 46.8165]]}}, {"type": "Feature", "properties": {"couche": "rue", "m": 900}, "geometry": {"type": "LineString", "coordinates": [[-71.2154, 46.8165], [-71.2154, 46.8166]]}}, {"type": "Feature", "properties": {"couche": "rue", "m": 900}, "geometry": {"type": "LineString", "coordinates": [[-71.2153, 46.8114], [-71.2152, 46.8115]]}}, {"type": "Feature", "properties": {"couche": "rue", "m": 900}, "geometry": {"type": "LineString", "coordinates": [[-71.2153, 46.8114], [-71.2147, 46.8109]]}}, {"type": "Feature", "properties": {"couche": "rue", "m": 900}, "geometry": {"type": "LineString", "coordinates": [[-71.2152, 46.8165], [-71.2154, 46.8165]]}}, {"type": "Feature", "properties": {"couche": "rue", "m": 900}, "geometry": {"type": "LineString", "coordinates": [[-71.2154, 46.8165], [-71.2152, 46.8162]]}}, {"type": "Feature", "properties": {"couche": "rue", "m": 900}, "geometry": {"type": "LineString", "coordinates": [[-71.2153, 46.8146], [-71.2148, 46.815], [-71.2137, 46.8154]]}}, {"type": "Feature", "properties": {"couche": "rue", "m": 900}, "geometry": {"type": "LineString", "coordinates": [[-71.2151, 46.8117], [-71.2153, 46.8116]]}}, {"type": "Feature", "properties": {"couche": "rue", "m": 900}, "geometry": {"type": "LineString", "coordinates": [[-71.2152, 46.8115], [-71.2153, 46.8116]]}}, {"type": "Feature", "properties": {"couche": "rue", "m": 900}, "geometry": {"type": "LineString", "coordinates": [[-71.2153, 46.8156], [-71.2149, 46.8157]]}}, {"type": "Feature", "properties": {"couche": "rue", "m": 900}, "geometry": {"type": "LineString", "coordinates": [[-71.2153, 46.8156], [-71.2154, 46.8157], [-71.2152, 46.8158], [-71.2151, 46.8158]]}}, {"type": "Feature", "properties": {"couche": "rue", "m": 900}, "geometry": {"type": "LineString", "coordinates": [[-71.2139, 46.8166], [-71.2153, 46.8166]]}}, {"type": "Feature", "properties": {"couche": "rue", "m": 900}, "geometry": {"type": "LineString", "coordinates": [[-71.214, 46.8167], [-71.2153, 46.8167]]}}, {"type": "Feature", "properties": {"couche": "rue", "m": 900}, "geometry": {"type": "LineString", "coordinates": [[-71.2152, 46.8115], [-71.215, 46.8116]]}}, {"type": "Feature", "properties": {"couche": "rue", "m": 900}, "geometry": {"type": "LineString", "coordinates": [[-71.2152, 46.8115], [-71.2146, 46.811]]}}, {"type": "Feature", "properties": {"couche": "rue", "m": 900}, "geometry": {"type": "LineString", "coordinates": [[-71.2152, 46.8165], [-71.2138, 46.8165]]}}, {"type": "Feature", "properties": {"couche": "rue", "m": 900}, "geometry": {"type": "LineString", "coordinates": [[-71.2152, 46.8128], [-71.2148, 46.813]]}}, {"type": "Feature", "properties": {"couche": "rue", "m": 900}, "geometry": {"type": "LineString", "coordinates": [[-71.2138, 46.8165], [-71.2152, 46.8165]]}}, {"type": "Feature", "properties": {"couche": "rue", "m": 900}, "geometry": {"type": "LineString", "coordinates": [[-71.2152, 46.8165], [-71.2152, 46.8164], [-71.2149, 46.816]]}}, {"type": "Feature", "properties": {"couche": "rue", "m": 900}, "geometry": {"type": "LineString", "coordinates": [[-71.215, 46.8116], [-71.2151, 46.8117]]}}, {"type": "Feature", "properties": {"couche": "rue", "m": 900}, "geometry": {"type": "LineString", "coordinates": [[-71.2152, 46.8162], [-71.2151, 46.816]]}}, {"type": "Feature", "properties": {"couche": "rue", "m": 900}, "geometry": {"type": "LineString", "coordinates": [[-71.2151, 46.8118], [-71.2144, 46.8122]]}}, {"type": "Feature", "properties": {"couche": "rue", "m": 900}, "geometry": {"type": "LineString", "coordinates": [[-71.2151, 46.8118], [-71.2153, 46.8121], [-71.2147, 46.8124]]}}, {"type": "Feature", "properties": {"couche": "rue", "m": 900}, "geometry": {"type": "LineString", "coordinates": [[-71.215, 46.8118], [-71.2144, 46.8121]]}}, {"type": "Feature", "properties": {"couche": "rue", "m": 900}, "geometry": {"type": "LineString", "coordinates": [[-71.2149, 46.8116], [-71.215, 46.8118]]}}, {"type": "Feature", "properties": {"couche": "rue", "m": 900}, "geometry": {"type": "LineString", "coordinates": [[-71.215, 46.8116], [-71.2144, 46.811]]}}, {"type": "Feature", "properties": {"couche": "rue", "m": 900}, "geometry": {"type": "LineString", "coordinates": [[-71.2149, 46.8158], [-71.215, 46.816]]}}, {"type": "Feature", "properties": {"couche": "rue", "m": 900}, "geometry": {"type": "LineString", "coordinates": [[-71.2144, 46.8112], [-71.2149, 46.8116]]}}, {"type": "Feature", "properties": {"couche": "rue", "m": 900}, "geometry": {"type": "LineString", "coordinates": [[-71.2149, 46.8128], [-71.2147, 46.8129]]}}, {"type": "Feature", "properties": {"couche": "rue", "m": 900}, "geometry": {"type": "LineString", "coordinates": [[-71.2149, 46.8128], [-71.2151, 46.8128], [-71.2147, 46.8124]]}}, {"type": "Feature", "properties": {"couche": "rue", "m": 900}, "geometry": {"type": "LineString", "coordinates": [[-71.2147, 46.8126], [-71.2149, 46.8128]]}}, {"type": "Feature", "properties": {"couche": "rue", "m": 900}, "geometry": {"type": "LineString", "coordinates": [[-71.2149, 46.816], [-71.2148, 46.8161]]}}, {"type": "Feature", "properties": {"couche": "rue", "m": 900}, "geometry": {"type": "LineString", "coordinates": [[-71.2149, 46.816], [-71.2148, 46.8158], [-71.2147, 46.8159]]}}, {"type": "Feature", "properties": {"couche": "rue", "m": 900}, "geometry": {"type": "LineString", "coordinates": [[-71.2149, 46.8158], [-71.2146, 46.8158]]}}, {"type": "Feature", "properties": {"couche": "rue", "m": 900}, "geometry": {"type": "LineString", "coordinates": [[-71.2147, 46.8154], [-71.2149, 46.8157]]}}, {"type": "Feature", "properties": {"couche": "rue", "m": 900}, "geometry": {"type": "LineString", "coordinates": [[-71.2147, 46.8109], [-71.2146, 46.811]]}}, {"type": "Feature", "properties": {"couche": "rue", "m": 900}, "geometry": {"type": "LineString", "coordinates": [[-71.2145, 46.8109], [-71.2147, 46.8108], [-71.2147, 46.8109]]}}, {"type": "Feature", "properties": {"couche": "rue", "m": 900}, "geometry": {"type": "LineString", "coordinates": [[-71.2144, 46.8126], [-71.2147, 46.813], [-71.2148, 46.813]]}}, {"type": "Feature", "properties": {"couche": "rue", "m": 900}, "geometry": {"type": "LineString", "coordinates": [[-71.2133, 46.814], [-71.2136, 46.8139], [-71.2152, 46.8134], [-71.2148, 46.813]]}}, {"type": "Feature", "properties": {"couche": "rue", "m": 900}, "geometry": {"type": "LineString", "coordinates": [[-71.2148, 46.8161], [-71.2147, 46.8161], [-71.2146, 46.8161], [-71.2145, 46.8161], [-71.2144, 46.8159]]}}, {"type": "Feature", "properties": {"couche": "rue", "m": 900}, "geometry": {"type": "LineString", "coordinates": [[-71.2148, 46.8161], [-71.2147, 46.8159]]}}, {"type": "Feature", "properties": {"couche": "rue", "m": 900}, "geometry": {"type": "LineString", "coordinates": [[-71.2147, 46.8124], [-71.2144, 46.8125]]}}, {"type": "Feature", "properties": {"couche": "rue", "m": 900}, "geometry": {"type": "LineString", "coordinates": [[-71.2147, 46.8124], [-71.2147, 46.8126]]}}, {"type": "Feature", "properties": {"couche": "rue", "m": 900}, "geometry": {"type": "LineString", "coordinates": [[-71.2147, 46.8129], [-71.2146, 46.8128]]}}, {"type": "Feature", "properties": {"couche": "rue", "m": 900}, "geometry": {"type": "LineString", "coordinates": [[-71.2147, 46.8124], [-71.2144, 46.8125]]}}, {"type": "Feature", "properties": {"couche": "rue", "m": 900}, "geometry": {"type": "LineString", "coordinates": [[-71.2147, 46.8126], [-71.2146, 46.8128]]}}, {"type": "Feature", "properties": {"couche": "rue", "m": 900}, "geometry": {"type": "LineString", "coordinates": [[-71.214, 46.8156], [-71.2147, 46.8154]]}}, {"type": "Feature", "properties": {"couche": "rue", "m": 900}, "geometry": {"type": "LineString", "coordinates": [[-71.2145, 46.8152], [-71.2147, 46.8154]]}}, {"type": "Feature", "properties": {"couche": "rue", "m": 900}, "geometry": {"type": "LineString", "coordinates": [[-71.2147, 46.8159], [-71.2144, 46.8159]]}}, {"type": "Feature", "properties": {"couche": "rue", "m": 900}, "geometry": {"type": "LineString", "coordinates": [[-71.2146, 46.811], [-71.2144, 46.811]]}}, {"type": "Feature", "properties": {"couche": "rue", "m": 900}, "geometry": {"type": "LineString", "coordinates": [[-71.2144, 46.8125], [-71.2146, 46.8128]]}}, {"type": "Feature", "properties": {"couche": "rue", "m": 900}, "geometry": {"type": "LineString", "coordinates": [[-71.2146, 46.8158], [-71.2144, 46.8159]]}}, {"type": "Feature", "properties": {"couche": "rue", "m": 900}, "geometry": {"type": "LineString", "coordinates": [[-71.2146, 46.8123], [-71.2144, 46.8124], [-71.2144, 46.8125]]}}, {"type": "Feature", "properties": {"couche": "rue", "m": 900}, "geometry": {"type": "LineString", "coordinates": [[-71.2143, 46.811], [-71.2145, 46.8109]]}}, {"type": "Feature", "properties": {"couche": "rue", "m": 900}, "geometry": {"type": "LineString", "coordinates": [[-71.2143, 46.811], [-71.2145, 46.8109]]}}, {"type": "Feature", "properties": {"couche": "rue", "m": 900}, "geometry": {"type": "LineString", "coordinates": [[-71.2142, 46.8106], [-71.2145, 46.8109]]}}, {"type": "Feature", "properties": {"couche": "rue", "m": 900}, "geometry": {"type": "LineString", "coordinates": [[-71.2139, 46.8154], [-71.2145, 46.8152]]}}, {"type": "Feature", "properties": {"couche": "rue", "m": 900}, "geometry": {"type": "LineString", "coordinates": [[-71.2137, 46.8155], [-71.2145, 46.8152]]}}, {"type": "Feature", "properties": {"couche": "rue", "m": 900}, "geometry": {"type": "LineString", "coordinates": [[-71.2143, 46.8111], [-71.2144, 46.811]]}}, {"type": "Feature", "properties": {"couche": "rue", "m": 900}, "geometry": {"type": "LineString", "coordinates": [[-71.2144, 46.8122], [-71.2145, 46.8123], [-71.2143, 46.8124], [-71.2143, 46.8125]]}}, {"type": "Feature", "properties": {"couche": "rue", "m": 900}, "geometry": {"type": "LineString", "coordinates": [[-71.2136, 46.8123], [-71.2135, 46.8123], [-71.2139, 46.8121], [-71.2144, 46.8122]]}}, {"type": "Feature", "properties": {"couche": "rue", "m": 900}, "geometry": {"type": "LineString", "coordinates": [[-71.2144, 46.8112], [-71.2142, 46.8113]]}}, {"type": "Feature", "properties": {"couche": "rue", "m": 900}, "geometry": {"type": "LineString", "coordinates": [[-71.214, 46.812], [-71.2144, 46.8121]]}}, {"type": "Feature", "properties": {"couche": "rue", "m": 900}, "geometry": {"type": "LineString", "coordinates": [[-71.2144, 46.8121], [-71.2139, 46.8116]]}}, {"type": "Feature", "properties": {"couche": "rue", "m": 900}, "geometry": {"type": "LineString", "coordinates": [[-71.2142, 46.8111], [-71.2143, 46.811]]}}, {"type": "Feature", "properties": {"couche": "rue", "m": 900}, "geometry": {"type": "LineString", "coordinates": [[-71.2136, 46.8127], [-71.2144, 46.8126]]}}, {"type": "Feature", "properties": {"couche": "rue", "m": 900}, "geometry": {"type": "LineString", "coordinates": [[-71.2142, 46.811], [-71.2143, 46.811]]}}, {"type": "Feature", "properties": {"couche": "rue", "m": 900}, "geometry": {"type": "LineString", "coordinates": [[-71.2143, 46.8125], [-71.2141, 46.8125]]}}, {"type": "Feature", "properties": {"couche": "rue", "m": 900}, "geometry": {"type": "LineString", "coordinates": [[-71.2141, 46.8112], [-71.2143, 46.8111]]}}, {"type": "Feature", "properties": {"couche": "rue", "m": 900}, "geometry": {"type": "LineString", "coordinates": [[-71.2143, 46.8122], [-71.2136, 46.8123]]}}, {"type": "Feature", "properties": {"couche": "rue", "m": 900}, "geometry": {"type": "LineString", "coordinates": [[-71.2143, 46.8122], [-71.2141, 46.8125]]}}, {"type": "Feature", "properties": {"couche": "rue", "m": 900}, "geometry": {"type": "LineString", "coordinates": [[-71.2142, 46.8111], [-71.2141, 46.8111]]}}, {"type": "Feature", "properties": {"couche": "rue", "m": 900}, "geometry": {"type": "LineString", "coordinates": [[-71.2139, 46.8116], [-71.2142, 46.8113]]}}, {"type": "Feature", "properties": {"couche": "rue", "m": 900}, "geometry": {"type": "LineString", "coordinates": [[-71.2142, 46.811], [-71.2139, 46.8112], [-71.214, 46.8112], [-71.2141, 46.8111]]}}, {"type": "Feature", "properties": {"couche": "rue", "m": 900}, "geometry": {"type": "LineString", "coordinates": [[-71.2142, 46.8113], [-71.214, 46.8114]]}}, {"type": "Feature", "properties": {"couche": "rue", "m": 900}, "geometry": {"type": "LineString", "coordinates": [[-71.2136, 46.8123], [-71.2138, 46.8126], [-71.2141, 46.8125]]}}, {"type": "Feature", "properties": {"couche": "rue", "m": 900}, "geometry": {"type": "LineString", "coordinates": [[-71.2141, 46.8158], [-71.214, 46.8156]]}}, {"type": "Feature", "properties": {"couche": "rue", "m": 900}, "geometry": {"type": "LineString", "coordinates": [[-71.214, 46.812], [-71.214, 46.8119], [-71.2138, 46.8117]]}}, {"type": "Feature", "properties": {"couche": "rue", "m": 900}, "geometry": {"type": "LineString", "coordinates": [[-71.2137, 46.8118], [-71.214, 46.812]]}}, {"type": "Feature", "properties": {"couche": "rue", "m": 900}, "geometry": {"type": "LineString", "coordinates": [[-71.214, 46.8156], [-71.2132, 46.8158]]}}, {"type": "Feature", "properties": {"couche": "rue", "m": 900}, "geometry": {"type": "LineString", "coordinates": [[-71.2139, 46.8154], [-71.214, 46.8156]]}}, {"type": "Feature", "properties": {"couche": "rue", "m": 900}, "geometry": {"type": "LineString", "coordinates": [[-71.2139, 46.8167], [-71.2138, 46.8165]]}}, {"type": "Feature", "properties": {"couche": "rue", "m": 900}, "geometry": {"type": "LineString", "coordinates": [[-71.2136, 46.8165], [-71.2137, 46.8165], [-71.2138, 46.8165]]}}, {"type": "Feature", "properties": {"couche": "rue", "m": 900}, "geometry": {"type": "LineString", "coordinates": [[-71.2131, 46.8156], [-71.2137, 46.8155]]}}, {"type": "Feature", "properties": {"couche": "rue", "m": 900}, "geometry": {"type": "LineString", "coordinates": [[-71.2137, 46.8154], [-71.2131, 46.8156]]}}, {"type": "Feature", "properties": {"couche": "rue", "m": 900}, "geometry": {"type": "LineString", "coordinates": [[-71.2132, 46.8158], [-71.2131, 46.8158], [-71.2131, 46.8158]]}}, {"type": "Feature", "properties": {"couche": "rue", "m": 900}, "geometry": {"type": "LineString", "coordinates": [[-71.2131, 46.8156], [-71.2132, 46.8158]]}}, {"type": "Feature", "properties": {"couche": "rue", "m": 900}, "geometry": {"type": "LineString", "coordinates": [[-71.2131, 46.8156], [-71.2128, 46.8157]]}}, {"type": "Feature", "properties": {"couche": "rue", "m": 900}, "geometry": {"type": "LineString", "coordinates": [[-71.2131, 46.8158], [-71.2129, 46.8157]]}}, {"type": "Feature", "properties": {"couche": "rue", "m": 1050}, "geometry": {"type": "LineString", "coordinates": [[-71.2349, 46.8119], [-71.2352, 46.8122]]}}, {"type": "Feature", "properties": {"couche": "rue", "m": 1050}, "geometry": {"type": "LineString", "coordinates": [[-71.2351, 46.8119], [-71.235, 46.8119], [-71.2349, 46.8119]]}}, {"type": "Feature", "properties": {"couche": "rue", "m": 1050}, "geometry": {"type": "LineString", "coordinates": [[-71.2351, 46.8119], [-71.2351, 46.8118], [-71.235, 46.8118]]}}, {"type": "Feature", "properties": {"couche": "rue", "m": 1050}, "geometry": {"type": "LineString", "coordinates": [[-71.235, 46.8118], [-71.2351, 46.8117], [-71.2343, 46.8111]]}}, {"type": "Feature", "properties": {"couche": "rue", "m": 1050}, "geometry": {"type": "LineString", "coordinates": [[-71.2336, 46.8115], [-71.2349, 46.8118]]}}, {"type": "Feature", "properties": {"couche": "rue", "m": 1050}, "geometry": {"type": "LineString", "coordinates": [[-71.2336, 46.8116], [-71.2349, 46.8119]]}}, {"type": "Feature", "properties": {"couche": "rue", "m": 1050}, "geometry": {"type": "LineString", "coordinates": [[-71.2348, 46.8119], [-71.2336, 46.8116]]}}, {"type": "Feature", "properties": {"couche": "rue", "m": 1050}, "geometry": {"type": "LineString", "coordinates": [[-71.2343, 46.8111], [-71.2347, 46.8108]]}}, {"type": "Feature", "properties": {"couche": "rue", "m": 1050}, "geometry": {"type": "LineString", "coordinates": [[-71.2334, 46.812], [-71.2345, 46.8123]]}}, {"type": "Feature", "properties": {"couche": "rue", "m": 1050}, "geometry": {"type": "LineString", "coordinates": [[-71.2343, 46.8111], [-71.2338, 46.8108]]}}, {"type": "Feature", "properties": {"couche": "rue", "m": 1050}, "geometry": {"type": "LineString", "coordinates": [[-71.2343, 46.8134], [-71.2333, 46.8135]]}}, {"type": "Feature", "properties": {"couche": "rue", "m": 1050}, "geometry": {"type": "LineString", "coordinates": [[-71.2338, 46.8108], [-71.2335, 46.811], [-71.234, 46.8113]]}}, {"type": "Feature", "properties": {"couche": "rue", "m": 1050}, "geometry": {"type": "LineString", "coordinates": [[-71.2336, 46.8106], [-71.2338, 46.8108]]}}, {"type": "Feature", "properties": {"couche": "rue", "m": 1050}, "geometry": {"type": "LineString", "coordinates": [[-71.2337, 46.8125], [-71.2331, 46.8124]]}}, {"type": "Feature", "properties": {"couche": "rue", "m": 1050}, "geometry": {"type": "LineString", "coordinates": [[-71.2336, 46.8115], [-71.2335, 46.8113], [-71.2334, 46.8114]]}}, {"type": "Feature", "properties": {"couche": "rue", "m": 1050}, "geometry": {"type": "LineString", "coordinates": [[-71.2335, 46.8105], [-71.2336, 46.8105], [-71.2336, 46.8106]]}}, {"type": "Feature", "properties": {"couche": "rue", "m": 1050}, "geometry": {"type": "LineString", "coordinates": [[-71.2336, 46.8116], [-71.2334, 46.812]]}}, {"type": "Feature", "properties": {"couche": "rue", "m": 1050}, "geometry": {"type": "LineString", "coordinates": [[-71.2335, 46.8105], [-71.2346, 46.8098], [-71.2341, 46.8094], [-71.233, 46.8101]]}}, {"type": "Feature", "properties": {"couche": "rue", "m": 1050}, "geometry": {"type": "LineString", "coordinates": [[-71.2334, 46.8104], [-71.2334, 46.8104], [-71.2335, 46.8105]]}}, {"type": "Feature", "properties": {"couche": "rue", "m": 1050}, "geometry": {"type": "LineString", "coordinates": [[-71.2335, 46.8106], [-71.2331, 46.8109]]}}, {"type": "Feature", "properties": {"couche": "rue", "m": 1050}, "geometry": {"type": "LineString", "coordinates": [[-71.2334, 46.8104], [-71.2335, 46.8105]]}}, {"type": "Feature", "properties": {"couche": "rue", "m": 1050}, "geometry": {"type": "LineString", "coordinates": [[-71.2335, 46.8105], [-71.2332, 46.8107]]}}, {"type": "Feature", "properties": {"couche": "rue", "m": 1050}, "geometry": {"type": "LineString", "coordinates": [[-71.2334, 46.8105], [-71.2331, 46.8107]]}}, {"type": "Feature", "properties": {"couche": "rue", "m": 1050}, "geometry": {"type": "LineString", "coordinates": [[-71.2334, 46.8104], [-71.233, 46.8101]]}}, {"type": "Feature", "properties": {"couche": "rue", "m": 1050}, "geometry": {"type": "LineString", "coordinates": [[-71.2334, 46.8104], [-71.2332, 46.8105]]}}, {"type": "Feature", "properties": {"couche": "rue", "m": 1050}, "geometry": {"type": "LineString", "coordinates": [[-71.2334, 46.816], [-71.233, 46.8159]]}}, {"type": "Feature", "properties": {"couche": "rue", "m": 1050}, "geometry": {"type": "LineString", "coordinates": [[-71.2331, 46.8124], [-71.2334, 46.812]]}}, {"type": "Feature", "properties": {"couche": "rue", "m": 1050}, "geometry": {"type": "LineString", "coordinates": [[-71.2334, 46.812], [-71.2326, 46.8118]]}}, {"type": "Feature", "properties": {"couche": "rue", "m": 1050}, "geometry": {"type": "LineString", "coordinates": [[-71.2333, 46.8135], [-71.2322, 46.8138]]}}, {"type": "Feature", "properties": {"couche": "rue", "m": 1050}, "geometry": {"type": "LineString", "coordinates": [[-71.2327, 46.8126], [-71.2328, 46.8126], [-71.2333, 46.8135]]}}, {"type": "Feature", "properties": {"couche": "rue", "m": 1050}, "geometry": {"type": "LineString", "coordinates": [[-71.2332, 46.8149], [-71.2327, 46.815]]}}, {"type": "Feature", "properties": {"couche": "rue", "m": 1050}, "geometry": {"type": "LineString", "coordinates": [[-71.2331, 46.8124], [-71.2329, 46.8127]]}}, {"type": "Feature", "properties": {"couche": "rue", "m": 1050}, "geometry": {"type": "LineString", "coordinates": [[-71.2324, 46.8104], [-71.233, 46.8101]]}}, {"type": "Feature", "properties": {"couche": "rue", "m": 1050}, "geometry": {"type": "LineString", "coordinates": [[-71.233, 46.8101], [-71.2328, 46.81]]}}, {"type": "Feature", "properties": {"couche": "rue", "m": 1050}, "geometry": {"type": "LineString", "coordinates": [[-71.233, 46.8159], [-71.233, 46.8162]]}}, {"type": "Feature", "properties": {"couche": "rue", "m": 1050}, "geometry": {"type": "LineString", "coordinates": [[-71.233, 46.8159], [-71.2321, 46.8156]]}}, {"type": "Feature", "properties": {"couche": "rue", "m": 1050}, "geometry": {"type": "LineString", "coordinates": [[-71.2328, 46.8084], [-71.2317, 46.8091]]}}, {"type": "Feature", "properties": {"couche": "rue", "m": 1050}, "geometry": {"type": "LineString", "coordinates": [[-71.2328, 46.8084], [-71.2333, 46.8088], [-71.2321, 46.8094]]}}, {"type": "Feature", "properties": {"couche": "rue", "m": 1050}, "geometry": {"type": "LineString", "coordinates": [[-71.2324, 46.8081], [-71.2328, 46.8084]]}}, {"type": "Feature", "properties": {"couche": "rue", "m": 1050}, "geometry": {"type": "LineString", "coordinates": [[-71.2323, 46.8103], [-71.2328, 46.81]]}}, {"type": "Feature", "properties": {"couche": "rue", "m": 1050}, "geometry": {"type": "LineString", "coordinates": [[-71.2328, 46.81], [-71.2321, 46.8094]]}}, {"type": "Feature", "properties": {"couche": "rue", "m": 1050}, "geometry": {"type": "LineString", "coordinates": [[-71.2326, 46.8127], [-71.2328, 46.8127]]}}, {"type": "Feature", "properties": {"couche": "rue", "m": 1050}, "geometry": {"type": "LineString", "coordinates": [[-71.2327, 46.815], [-71.2325, 46.815]]}}, {"type": "Feature", "properties": {"couche": "rue", "m": 1050}, "geometry": {"type": "LineString", "coordinates": [[-71.2324, 46.8148], [-71.2326, 46.8148], [-71.2327, 46.815]]}}, {"type": "Feature", "properties": {"couche": "rue", "m": 1050}, "geometry": {"type": "LineString", "coordinates": [[-71.2325, 46.815], [-71.2326, 46.8151], [-71.2327, 46.8151]]}}, {"type": "Feature", "properties": {"couche": "rue", "m": 1050}, "geometry": {"type": "LineString", "coordinates": [[-71.2325, 46.8147], [-71.2327, 46.8147]]}}, {"type": "Feature", "properties": {"couche": "rue", "m": 1050}, "geometry": {"type": "LineString", "coordinates": [[-71.2324, 46.8148], [-71.2325, 46.8146]]}}, {"type": "Feature", "properties": {"couche": "rue", "m": 1050}, "geometry": {"type": "LineString", "coordinates": [[-71.2325, 46.8146], [-71.2325, 46.8147]]}}, {"type": "Feature", "properties": {"couche": "rue", "m": 1050}, "geometry": {"type": "LineString", "coordinates": [[-71.2322, 46.8141], [-71.2325, 46.8146]]}}, {"type": "Feature", "properties": {"couche": "rue", "m": 1050}, "geometry": {"type": "LineString", "coordinates": [[-71.2324, 46.8081], [-71.2312, 46.8088]]}}, {"type": "Feature", "properties": {"couche": "rue", "m": 1050}, "geometry": {"type": "LineString", "coordinates": [[-71.232, 46.8078], [-71.2324, 46.8081]]}}, {"type": "Feature", "properties": {"couche": "rue", "m": 1050}, "geometry": {"type": "LineString", "coordinates": [[-71.2324, 46.8148], [-71.2324, 46.8149]]}}, {"type": "Feature", "properties": {"couche": "rue", "m": 1050}, "geometry": {"type": "LineString", "coordinates": [[-71.2324, 46.815], [-71.2323, 46.8149]]}}, {"type": "Feature", "properties": {"couche": "rue", "m": 1050}, "geometry": {"type": "LineString", "coordinates": [[-71.2324, 46.8148], [-71.2323, 46.8148], [-71.2323, 46.8149]]}}, {"type": "Feature", "properties": {"couche": "rue", "m": 1050}, "geometry": {"type": "LineString", "coordinates": [[-71.2322, 46.8157], [-71.2324, 46.8158]]}}, {"type": "Feature", "properties": {"couche": "rue", "m": 1050}, "geometry": {"type": "LineString", "coordinates": [[-71.2323, 46.8149], [-71.232, 46.815], [-71.2319, 46.8149], [-71.2323, 46.8147]]}}, {"type": "Feature", "properties": {"couche": "rue", "m": 1050}, "geometry": {"type": "LineString", "coordinates": [[-71.2321, 46.8141], [-71.2324, 46.8146], [-71.2323, 46.8147]]}}, {"type": "Feature", "properties": {"couche": "rue", "m": 1050}, "geometry": {"type": "LineString", "coordinates": [[-71.232, 46.8153], [-71.2323, 46.8153]]}}, {"type": "Feature", "properties": {"couche": "rue", "m": 1050}, "geometry": {"type": "LineString", "coordinates": [[-71.2322, 46.8166], [-71.2323, 46.8162], [-71.2322, 46.8157]]}}, {"type": "Feature", "properties": {"couche": "rue", "m": 1050}, "geometry": {"type": "LineString", "coordinates": [[-71.2316, 46.8098], [-71.2321, 46.8094]]}}, {"type": "Feature", "properties": {"couche": "rue", "m": 1050}, "geometry": {"type": "LineString", "coordinates": [[-71.2317, 46.8091], [-71.2321, 46.8094]]}}, {"type": "Feature", "properties": {"couche": "rue", "m": 1050}, "geometry": {"type": "LineString", "coordinates": [[-71.2318, 46.8148], [-71.2322, 46.8147], [-71.2322, 46.8145]]}}, {"type": "Feature", "properties": {"couche": "rue", "m": 1050}, "geometry": {"type": "LineString", "coordinates": [[-71.2322, 46.8145], [-71.2319, 46.8141]]}}, {"type": "Feature", "properties": {"couche": "rue", "m": 1050}, "geometry": {"type": "LineString", "coordinates": [[-71.2321, 46.8156], [-71.2322, 46.8157]]}}, {"type": "Feature", "properties": {"couche": "rue", "m": 1050}, "geometry": {"type": "LineString", "coordinates": [[-71.2318, 46.8153], [-71.2321, 46.8153]]}}, {"type": "Feature", "properties": {"couche": "rue", "m": 1050}, "geometry": {"type": "LineString", "coordinates": [[-71.2321, 46.8156], [-71.2319, 46.8155]]}}, {"type": "Feature", "properties": {"couche": "rue", "m": 1050}, "geometry": {"type": "LineString", "coordinates": [[-71.2315, 46.8081], [-71.232, 46.8078]]}}, {"type": "Feature", "properties": {"couche": "rue", "m": 1050}, "geometry": {"type": "LineString", "coordinates": [[-71.2314, 46.8074], [-71.232, 46.8078]]}}, {"type": "Feature", "properties": {"couche": "rue", "m": 1050}, "geometry": {"type": "LineString", "coordinates": [[-71.2321, 46.8178], [-71.2317, 46.8178], [-71.2317, 46.8177]]}}, {"type": "Feature", "properties": {"couche": "rue", "m": 1050}, "geometry": {"type": "LineString", "coordinates": [[-71.2319, 46.818], [-71.2321, 46.8178]]}}, {"type": "Feature", "properties": {"couche": "rue", "m": 1050}, "geometry": {"type": "LineString", "coordinates": [[-71.2319, 46.8155], [-71.2318, 46.8154], [-71.232, 46.8153]]}}, {"type": "Feature", "properties": {"couche": "rue", "m": 1050}, "geometry": {"type": "LineString", "coordinates": [[-71.2319, 46.8155], [-71.232, 46.8153]]}}, {"type": "Feature", "properties": {"couche": "rue", "m": 1050}, "geometry": {"type": "LineString", "coordinates": [[-71.2317, 46.8172], [-71.2317, 46.8171], [-71.232, 46.8171]]}}, {"type": "Feature", "properties": {"couche": "rue", "m": 1050}, "geometry": {"type": "LineString", "coordinates": [[-71.2314, 46.8144], [-71.2317, 46.8148], [-71.2322, 46.8147], [-71.2319, 46.8142]]}}, {"type": "Feature", "properties": {"couche": "rue", "m": 1050}, "geometry": {"type": "LineString", "coordinates": [[-71.2319, 46.8141], [-71.2313, 46.8143], [-71.2314, 46.8144]]}}, {"type": "Feature", "properties": {"couche": "rue", "m": 1050}, "geometry": {"type": "LineString", "coordinates": [[-71.2319, 46.8187], [-71.2317, 46.8186]]}}, {"type": "Feature", "properties": {"couche": "rue", "m": 1050}, "geometry": {"type": "LineString", "coordinates": [[-71.2314, 46.8144], [-71.2318, 46.8142]]}}, {"type": "Feature", "properties": {"couche": "rue", "m": 1050}, "geometry": {"type": "LineString", "coordinates": [[-71.2318, 46.8185], [-71.2316, 46.8184]]}}, {"type": "Feature", "properties": {"couche": "rue", "m": 1050}, "geometry": {"type": "LineString", "coordinates": [[-71.2317, 46.8091], [-71.2312, 46.8094]]}}, {"type": "Feature", "properties": {"couche": "rue", "m": 1050}, "geometry": {"type": "LineString", "coordinates": [[-71.2317, 46.8091], [-71.2312, 46.8088]]}}, {"type": "Feature", "properties": {"couche": "rue", "m": 1050}, "geometry": {"type": "LineString", "coordinates": [[-71.2317, 46.8172], [-71.2318, 46.8173]]}}, {"type": "Feature", "properties": {"couche": "rue", "m": 1050}, "geometry": {"type": "LineString", "coordinates": [[-71.231, 46.8176], [-71.2317, 46.8175]]}}, {"type": "Feature", "properties": {"couche": "rue", "m": 1050}, "geometry": {"type": "LineString", "coordinates": [[-71.2317, 46.8186], [-71.231, 46.8183], [-71.2308, 46.818], [-71.2308, 46.8179]]}}, {"type": "Feature", "properties": {"couche": "rue", "m": 1050}, "geometry": {"type": "LineString", "coordinates": [[-71.2317, 46.8187], [-71.2311, 46.8184], [-71.2307, 46.818]]}}, {"type": "Feature", "properties": {"couche": "rue", "m": 1050}, "geometry": {"type": "LineString", "coordinates": [[-71.2308, 46.8174], [-71.2317, 46.8172]]}}, {"type": "Feature", "properties": {"couche": "rue", "m": 1050}, "geometry": {"type": "LineString", "coordinates": [[-71.2314, 46.8177], [-71.2315, 46.8178], [-71.2317, 46.8177]]}}, {"type": "Feature", "properties": {"couche": "rue", "m": 1050}, "geometry": {"type": "LineString", "coordinates": [[-71.2317, 46.8177], [-71.2316, 46.8176], [-71.2314, 46.8177]]}}, {"type": "Feature", "properties": {"couche": "rue", "m": 1050}, "geometry": {"type": "LineString", "coordinates": [[-71.2315, 46.8081], [-71.2308, 46.8085]]}}, {"type": "Feature", "properties": {"couche": "rue", "m": 1050}, "geometry": {"type": "LineString", "coordinates": [[-71.231, 46.8077], [-71.2315, 46.8081]]}}, {"type": "Feature", "properties": {"couche": "rue", "m": 1050}, "geometry": {"type": "LineString", "coordinates": [[-71.2316, 46.8169], [-71.2316, 46.8171], [-71.2315, 46.8172]]}}, {"type": "Feature", "properties": {"couche": "rue", "m": 1050}, "geometry": {"type": "LineString", "coordinates": [[-71.2316, 46.8169], [-71.2315, 46.8162]]}}, {"type": "Feature", "properties": {"couche": "rue", "m": 1050}, "geometry": {"type": "LineString", "coordinates": [[-71.2312, 46.8163], [-71.2314, 46.8167], [-71.2316, 46.8169]]}}, {"type": "Feature", "properties": {"couche": "rue", "m": 1050}, "geometry": {"type": "LineString", "coordinates": [[-71.2316, 46.8183], [-71.2318, 46.8182], [-71.2317, 46.8179], [-71.2314, 46.8179]]}}, {"type": "Feature", "properties": {"couche": "rue", "m": 1050}, "geometry": {"type": "LineString", "coordinates": [[-71.2316, 46.8183], [-71.2314, 46.8179]]}}, {"type": "Feature", "properties": {"couche": "rue", "m": 1050}, "geometry": {"type": "LineString", "coordinates": [[-71.2316, 46.8184], [-71.2313, 46.8182]]}}, {"type": "Feature", "properties": {"couche": "rue", "m": 1050}, "geometry": {"type": "LineString", "coordinates": [[-71.2312, 46.8163], [-71.2315, 46.8162]]}}, {"type": "Feature", "properties": {"couche": "rue", "m": 1050}, "geometry": {"type": "LineString", "coordinates": [[-71.2315, 46.8162], [-71.2317, 46.8161], [-71.2316, 46.8158], [-71.231, 46.8159]]}}, {"type": "Feature", "properties": {"couche": "rue", "m": 1050}, "geometry": {"type": "LineString", "coordinates": [[-71.2312, 46.8179], [-71.2314, 46.8179]]}}, {"type": "Feature", "properties": {"couche": "rue", "m": 1050}, "geometry": {"type": "LineString", "coordinates": [[-71.2313, 46.8177], [-71.2314, 46.8179]]}}, {"type": "Feature", "properties": {"couche": "rue", "m": 1050}, "geometry": {"type": "LineString", "coordinates": [[-71.2308, 46.809], [-71.2312, 46.8088]]}}, {"type": "Feature", "properties": {"couche": "rue", "m": 1050}, "geometry": {"type": "LineString", "coordinates": [[-71.2312, 46.8088], [-71.2308, 46.8085]]}}, {"type": "Feature", "properties": {"couche": "rue", "m": 1050}, "geometry": {"type": "LineString", "coordinates": [[-71.2312, 46.8179], [-71.2313, 46.8182]]}}, {"type": "Feature", "properties": {"couche": "rue", "m": 1050}, "geometry": {"type": "LineString", "coordinates": [[-71.2312, 46.8179], [-71.231, 46.818], [-71.231, 46.8181], [-71.2313, 46.8182]]}}, {"type": "Feature", "properties": {"couche": "rue", "m": 1050}, "geometry": {"type": "LineString", "coordinates": [[-71.2304, 46.8164], [-71.2312, 46.8163]]}}, {"type": "Feature", "properties": {"couche": "rue", "m": 1050}, "geometry": {"type": "LineString", "coordinates": [[-71.231, 46.8159], [-71.2312, 46.8163]]}}, {"type": "Feature", "properties": {"couche": "rue", "m": 1050}, "geometry": {"type": "LineString", "coordinates": [[-71.231, 46.8077], [-71.2304, 46.8081]]}}, {"type": "Feature", "properties": {"couche": "rue", "m": 1050}, "geometry": {"type": "LineString", "coordinates": [[-71.2308, 46.8075], [-71.231, 46.8077]]}}, {"type": "Feature", "properties": {"couche": "rue", "m": 1050}, "geometry": {"type": "LineString", "coordinates": [[-71.2308, 46.8178], [-71.2312, 46.8178]]}}, {"type": "Feature", "properties": {"couche": "rue", "m": 1050}, "geometry": {"type": "LineString", "coordinates": [[-71.2308, 46.8179], [-71.2312, 46.8178]]}}, {"type": "Feature", "properties": {"couche": "rue", "m": 1050}, "geometry": {"type": "LineString", "coordinates": [[-71.2312, 46.8177], [-71.2307, 46.8178]]}}, {"type": "Feature", "properties": {"couche": "rue", "m": 1050}, "geometry": {"type": "LineString", "coordinates": [[-71.231, 46.8176], [-71.2312, 46.8177]]}}, {"type": "Feature", "properties": {"couche": "rue", "m": 1050}, "geometry": {"type": "LineString", "coordinates": [[-71.2303, 46.8163], [-71.231, 46.8159]]}}, {"type": "Feature", "properties": {"couche": "rue", "m": 1050}, "geometry": {"type": "LineString", "coordinates": [[-71.231, 46.8155], [-71.2297, 46.8161], [-71.2296, 46.8162], [-71.2295, 46.8161]]}}, {"type": "Feature", "properties": {"couche": "rue", "m": 1050}, "geometry": {"type": "LineString", "coordinates": [[-71.2309, 46.8158], [-71.23, 46.8163], [-71.2299, 46.8164], [-71.2301, 46.8168], [-71.2305, 46.8171]]}}, {"type": "Feature", "properties": {"couche": "rue", "m": 1050}, "geometry": {"type": "LineString", "coordinates": [[-71.231, 46.8176], [-71.2307, 46.8177], [-71.2307, 46.8178]]}}, {"type": "Feature", "properties": {"couche": "rue", "m": 1050}, "geometry": {"type": "LineString", "coordinates": [[-71.2304, 46.8081], [-71.2308, 46.8085]]}}, {"type": "Feature", "properties": {"couche": "rue", "m": 1050}, "geometry": {"type": "LineString", "coordinates": [[-71.2303, 46.817], [-71.23, 46.8168], [-71.2299, 46.8164], [-71.2299, 46.8163], [-71.2309, 46.8158]]}}, {"type": "Feature", "properties": {"couche": "rue", "m": 1050}, "geometry": {"type": "LineString", "coordinates": [[-71.2296, 46.8176], [-71.2301, 46.8183], [-71.2308, 46.8189], [-71.2308, 46.8191]]}}, {"type": "Feature", "properties": {"couche": "rue", "m": 1050}, "geometry": {"type": "LineString", "coordinates": [[-71.2307, 46.818], [-71.2307, 46.8179]]}}, {"type": "Feature", "properties": {"couche": "rue", "m": 1050}, "geometry": {"type": "LineString", "coordinates": [[-71.2305, 46.8178], [-71.2307, 46.818]]}}, {"type": "Feature", "properties": {"couche": "rue", "m": 1050}, "geometry": {"type": "LineString", "coordinates": [[-71.2305, 46.8179], [-71.2307, 46.8182], [-71.2307, 46.8183]]}}, {"type": "Feature", "properties": {"couche": "rue", "m": 1050}, "geometry": {"type": "LineString", "coordinates": [[-71.2299, 46.8078], [-71.2304, 46.8081]]}}, {"type": "Feature", "properties": {"couche": "rue", "m": 1050}, "geometry": {"type": "LineString", "coordinates": [[-71.2304, 46.8164], [-71.2305, 46.8169], [-71.2304, 46.8169], [-71.2302, 46.8168], [-71.23, 46.8165], [-71.2301, 46.8164], [-71.2303, 46.8163]]}}, {"type": "Feature", "properties": {"couche": "rue", "m": 1050}, "geometry": {"type": "LineString", "coordinates": [[-71.2303, 46.8163], [-71.2304, 46.8164]]}}, {"type": "Feature", "properties": {"couche": "rue", "m": 1050}, "geometry": {"type": "LineString", "coordinates": [[-71.2299, 46.8078], [-71.2302, 46.8075]]}}, {"type": "Feature", "properties": {"couche": "rue", "m": 1050}, "geometry": {"type": "LineString", "coordinates": [[-71.2293, 46.8077], [-71.23, 46.8073]]}}, {"type": "Feature", "properties": {"couche": "rue", "m": 1050}, "geometry": {"type": "LineString", "coordinates": [[-71.23, 46.8073], [-71.2306, 46.8071], [-71.2311, 46.8071], [-71.2307, 46.8071], [-71.2305, 46.8074], [-71.2299, 46.8078]]}}, {"type": "Feature", "properties": {"couche": "rue", "m": 1050}, "geometry": {"type": "LineString", "coordinates": [[-71.2298, 46.8072], [-71.23, 46.8073]]}}, {"type": "Feature", "properties": {"couche": "rue", "m": 1050}, "geometry": {"type": "LineString", "coordinates": [[-71.2299, 46.8078], [-71.2297, 46.808], [-71.2295, 46.8079]]}}, {"type": "Feature", "properties": {"couche": "rue", "m": 1050}, "geometry": {"type": "LineString", "coordinates": [[-71.2295, 46.8079], [-71.2298, 46.8077], [-71.2299, 46.8078]]}}, {"type": "Feature", "properties": {"couche": "rue", "m": 1050}, "geometry": {"type": "LineString", "coordinates": [[-71.2298, 46.8072], [-71.2297, 46.8073]]}}, {"type": "Feature", "properties": {"couche": "rue", "m": 1050}, "geometry": {"type": "LineString", "coordinates": [[-71.2297, 46.8071], [-71.2298, 46.8072]]}}, {"type": "Feature", "properties": {"couche": "rue", "m": 1050}, "geometry": {"type": "LineString", "coordinates": [[-71.2297, 46.8071], [-71.2297, 46.8069]]}}, {"type": "Feature", "properties": {"couche": "rue", "m": 1050}, "geometry": {"type": "LineString", "coordinates": [[-71.2294, 46.807], [-71.2297, 46.8071]]}}, {"type": "Feature", "properties": {"couche": "rue", "m": 1050}, "geometry": {"type": "LineString", "coordinates": [[-71.2297, 46.8073], [-71.2295, 46.8073]]}}, {"type": "Feature", "properties": {"couche": "rue", "m": 1050}, "geometry": {"type": "LineString", "coordinates": [[-71.2289, 46.8074], [-71.2292, 46.8075], [-71.2294, 46.8075], [-71.2297, 46.8073]]}}, {"type": "Feature", "properties": {"couche": "rue", "m": 1050}, "geometry": {"type": "LineString", "coordinates": [[-71.2296, 46.8068], [-71.2294, 46.8069]]}}, {"type": "Feature", "properties": {"couche": "rue", "m": 1050}, "geometry": {"type": "LineString", "coordinates": [[-71.2295, 46.8079], [-71.2293, 46.8078]]}}, {"type": "Feature", "properties": {"couche": "rue", "m": 1050}, "geometry": {"type": "LineString", "coordinates": [[-71.2294, 46.8069], [-71.2293, 46.8069]]}}, {"type": "Feature", "properties": {"couche": "rue", "m": 1050}, "geometry": {"type": "LineString", "coordinates": [[-71.2293, 46.807], [-71.2294, 46.807]]}}, {"type": "Feature", "properties": {"couche": "rue", "m": 1050}, "geometry": {"type": "LineString", "coordinates": [[-71.2293, 46.8078], [-71.2293, 46.8077]]}}, {"type": "Feature", "properties": {"couche": "rue", "m": 1050}, "geometry": {"type": "LineString", "coordinates": [[-71.2293, 46.8077], [-71.2287, 46.8073]]}}, {"type": "Feature", "properties": {"couche": "rue", "m": 1050}, "geometry": {"type": "LineString", "coordinates": [[-71.2283, 46.8183], [-71.2295, 46.8193]]}}, {"type": "Feature", "properties": {"couche": "rue", "m": 1050}, "geometry": {"type": "LineString", "coordinates": [[-71.2293, 46.8078], [-71.229, 46.8084]]}}, {"type": "Feature", "properties": {"couche": "rue", "m": 1050}, "geometry": {"type": "LineString", "coordinates": [[-71.2292, 46.8069], [-71.2291, 46.8068], [-71.2292, 46.8067], [-71.2293, 46.8069]]}}, {"type": "Feature", "properties": {"couche": "rue", "m": 1050}, "geometry": {"type": "LineString", "coordinates": [[-71.2293, 46.807], [-71.2291, 46.8072]]}}, {"type": "Feature", "properties": {"couche": "rue", "m": 1050}, "geometry": {"type": "LineString", "coordinates": [[-71.2292, 46.8069], [-71.2293, 46.807]]}}, {"type": "Feature", "properties": {"couche": "rue", "m": 1050}, "geometry": {"type": "LineString", "coordinates": [[-71.2292, 46.8077], [-71.2289, 46.8075]]}}, {"type": "Feature", "properties": {"couche": "rue", "m": 1050}, "geometry": {"type": "LineString", "coordinates": [[-71.2292, 46.8077], [-71.2289, 46.8076]]}}, {"type": "Feature", "properties": {"couche": "rue", "m": 1050}, "geometry": {"type": "LineString", "coordinates": [[-71.2291, 46.8072], [-71.2289, 46.8072]]}}, {"type": "Feature", "properties": {"couche": "rue", "m": 1050}, "geometry": {"type": "LineString", "coordinates": [[-71.2287, 46.8073], [-71.2289, 46.8075]]}}, {"type": "Feature", "properties": {"couche": "rue", "m": 1050}, "geometry": {"type": "LineString", "coordinates": [[-71.2289, 46.8072], [-71.2289, 46.8074]]}}, {"type": "Feature", "properties": {"couche": "rue", "m": 1050}, "geometry": {"type": "LineString", "coordinates": [[-71.2289, 46.8076], [-71.2279, 46.8083]]}}, {"type": "Feature", "properties": {"couche": "rue", "m": 1050}, "geometry": {"type": "LineString", "coordinates": [[-71.2289, 46.8076], [-71.2285, 46.8073]]}}, {"type": "Feature", "properties": {"couche": "rue", "m": 1050}, "geometry": {"type": "LineString", "coordinates": [[-71.2287, 46.8073], [-71.2282, 46.807]]}}, {"type": "Feature", "properties": {"couche": "rue", "m": 1050}, "geometry": {"type": "LineString", "coordinates": [[-71.2289, 46.8196], [-71.2285, 46.8193], [-71.2282, 46.8193]]}}, {"type": "Feature", "properties": {"couche": "rue", "m": 1050}, "geometry": {"type": "LineString", "coordinates": [[-71.2287, 46.8073], [-71.2285, 46.8072]]}}, {"type": "Feature", "properties": {"couche": "rue", "m": 1050}, "geometry": {"type": "LineString", "coordinates": [[-71.2288, 46.8198], [-71.2281, 46.8193]]}}, {"type": "Feature", "properties": {"couche": "rue", "m": 1050}, "geometry": {"type": "LineString", "coordinates": [[-71.2282, 46.807], [-71.2285, 46.8072]]}}, {"type": "Feature", "properties": {"couche": "rue", "m": 1050}, "geometry": {"type": "LineString", "coordinates": [[-71.2285, 46.8073], [-71.2274, 46.808]]}}, {"type": "Feature", "properties": {"couche": "rue", "m": 1050}, "geometry": {"type": "LineString", "coordinates": [[-71.2285, 46.8073], [-71.2281, 46.8071]]}}, {"type": "Feature", "properties": {"couche": "rue", "m": 1050}, "geometry": {"type": "LineString", "coordinates": [[-71.2277, 46.8066], [-71.2282, 46.807]]}}, {"type": "Feature", "properties": {"couche": "rue", "m": 1050}, "geometry": {"type": "LineString", "coordinates": [[-71.2281, 46.8069], [-71.2276, 46.8066]]}}, {"type": "Feature", "properties": {"couche": "rue", "m": 1050}, "geometry": {"type": "LineString", "coordinates": [[-71.228, 46.807], [-71.227, 46.8077]]}}, {"type": "Feature", "properties": {"couche": "rue", "m": 1050}, "geometry": {"type": "LineString", "coordinates": [[-71.228, 46.807], [-71.2275, 46.8067]]}}, {"type": "Feature", "properties": {"couche": "rue", "m": 1050}, "geometry": {"type": "LineString", "coordinates": [[-71.2282, 46.8193], [-71.2274, 46.819], [-71.2273, 46.8189]]}}, {"type": "Feature", "properties": {"couche": "rue", "m": 1050}, "geometry": {"type": "LineString", "coordinates": [[-71.2281, 46.8193], [-71.2272, 46.819]]}}, {"type": "Feature", "properties": {"couche": "rue", "m": 1050}, "geometry": {"type": "LineString", "coordinates": [[-71.2275, 46.8065], [-71.2276, 46.8065], [-71.2276, 46.8065]]}}, {"type": "Feature", "properties": {"couche": "rue", "m": 1050}, "geometry": {"type": "LineString", "coordinates": [[-71.2275, 46.8065], [-71.2274, 46.8066], [-71.2275, 46.8066]]}}, {"type": "Feature", "properties": {"couche": "rue", "m": 1050}, "geometry": {"type": "LineString", "coordinates": [[-71.2275, 46.8065], [-71.2273, 46.8064]]}}, {"type": "Feature", "properties": {"couche": "rue", "m": 1050}, "geometry": {"type": "LineString", "coordinates": [[-71.2268, 46.8075], [-71.2265, 46.8073], [-71.2275, 46.8066]]}}, {"type": "Feature", "properties": {"couche": "rue", "m": 1050}, "geometry": {"type": "LineString", "coordinates": [[-71.2273, 46.8188], [-71.2273, 46.8186]]}}, {"type": "Feature", "properties": {"couche": "rue", "m": 1050}, "geometry": {"type": "LineString", "coordinates": [[-71.2264, 46.8189], [-71.2267, 46.8189]]}}, {"type": "Feature", "properties": {"couche": "rue", "m": 1050}, "geometry": {"type": "LineString", "coordinates": [[-71.2264, 46.8064], [-71.2246, 46.8073]]}}, {"type": "Feature", "properties": {"couche": "rue", "m": 1050}, "geometry": {"type": "LineString", "coordinates": [[-71.2264, 46.8189], [-71.2263, 46.8189], [-71.2257, 46.8188]]}}, {"type": "Feature", "properties": {"couche": "rue", "m": 1050}, "geometry": {"type": "LineString", "coordinates": [[-71.2257, 46.8188], [-71.2264, 46.8189]]}}, {"type": "Feature", "properties": {"couche": "rue", "m": 1050}, "geometry": {"type": "LineString", "coordinates": [[-71.226, 46.8175], [-71.2261, 46.8178]]}}, {"type": "Feature", "properties": {"couche": "rue", "m": 1050}, "geometry": {"type": "LineString", "coordinates": [[-71.2256, 46.8185], [-71.2257, 46.8185], [-71.2257, 46.8188]]}}, {"type": "Feature", "properties": {"couche": "rue", "m": 1050}, "geometry": {"type": "LineString", "coordinates": [[-71.2256, 46.8185], [-71.2255, 46.8188]]}}, {"type": "Feature", "properties": {"couche": "rue", "m": 1050}, "geometry": {"type": "LineString", "coordinates": [[-71.2254, 46.8185], [-71.2256, 46.8185]]}}, {"type": "Feature", "properties": {"couche": "rue", "m": 1050}, "geometry": {"type": "LineString", "coordinates": [[-71.2254, 46.8064], [-71.2243, 46.807], [-71.224, 46.8068]]}}, {"type": "Feature", "properties": {"couche": "rue", "m": 1050}, "geometry": {"type": "LineString", "coordinates": [[-71.2255, 46.8188], [-71.2253, 46.8188], [-71.2255, 46.8187], [-71.2255, 46.8185], [-71.2254, 46.8185]]}}, {"type": "Feature", "properties": {"couche": "rue", "m": 1050}, "geometry": {"type": "LineString", "coordinates": [[-71.2248, 46.8197], [-71.2254, 46.8197]]}}, {"type": "Feature", "properties": {"couche": "rue", "m": 1050}, "geometry": {"type": "LineString", "coordinates": [[-71.2254, 46.8196], [-71.225, 46.8196]]}}, {"type": "Feature", "properties": {"couche": "rue", "m": 1050}, "geometry": {"type": "LineString", "coordinates": [[-71.225, 46.8196], [-71.2248, 46.8197]]}}, {"type": "Feature", "properties": {"couche": "rue", "m": 1050}, "geometry": {"type": "LineString", "coordinates": [[-71.225, 46.8196], [-71.2249, 46.8196], [-71.2245, 46.8196]]}}, {"type": "Feature", "properties": {"couche": "rue", "m": 1050}, "geometry": {"type": "LineString", "coordinates": [[-71.224, 46.8068], [-71.2247, 46.8064]]}}, {"type": "Feature", "properties": {"couche": "rue", "m": 1050}, "geometry": {"type": "LineString", "coordinates": [[-71.2248, 46.8197], [-71.2245, 46.8196]]}}, {"type": "Feature", "properties": {"couche": "rue", "m": 1050}, "geometry": {"type": "LineString", "coordinates": [[-71.2247, 46.8197], [-71.2241, 46.82]]}}, {"type": "Feature", "properties": {"couche": "rue", "m": 1050}, "geometry": {"type": "LineString", "coordinates": [[-71.2239, 46.8197], [-71.2242, 46.8196], [-71.2247, 46.8197]]}}, {"type": "Feature", "properties": {"couche": "rue", "m": 1050}, "geometry": {"type": "LineString", "coordinates": [[-71.2242, 46.82], [-71.2246, 46.8206]]}}, {"type": "Feature", "properties": {"couche": "rue", "m": 1050}, "geometry": {"type": "LineString", "coordinates": [[-71.2233, 46.8198], [-71.2241, 46.8196], [-71.2245, 46.8196]]}}, {"type": "Feature", "properties": {"couche": "rue", "m": 1050}, "geometry": {"type": "LineString", "coordinates": [[-71.2241, 46.8204], [-71.2238, 46.8202], [-71.2242, 46.82]]}}, {"type": "Feature", "properties": {"couche": "rue", "m": 1050}, "geometry": {"type": "LineString", "coordinates": [[-71.224, 46.8058], [-71.2232, 46.8062]]}}, {"type": "Feature", "properties": {"couche": "rue", "m": 1050}, "geometry": {"type": "LineString", "coordinates": [[-71.224, 46.8068], [-71.2238, 46.8069], [-71.2235, 46.8067]]}}, {"type": "Feature", "properties": {"couche": "rue", "m": 1050}, "geometry": {"type": "LineString", "coordinates": [[-71.2238, 46.8066], [-71.224, 46.8068]]}}, {"type": "Feature", "properties": {"couche": "rue", "m": 1050}, "geometry": {"type": "LineString", "coordinates": [[-71.2241, 46.82], [-71.2239, 46.8197]]}}, {"type": "Feature", "properties": {"couche": "rue", "m": 1050}, "geometry": {"type": "LineString", "coordinates": [[-71.2232, 46.8066], [-71.2238, 46.8066]]}}, {"type": "Feature", "properties": {"couche": "rue", "m": 1050}, "geometry": {"type": "LineString", "coordinates": [[-71.2238, 46.8066], [-71.2232, 46.8062]]}}, {"type": "Feature", "properties": {"couche": "rue", "m": 1050}, "geometry": {"type": "LineString", "coordinates": [[-71.2239, 46.8197], [-71.2234, 46.8198], [-71.2233, 46.8198]]}}, {"type": "Feature", "properties": {"couche": "rue", "m": 1050}, "geometry": {"type": "LineString", "coordinates": [[-71.2239, 46.8197], [-71.2233, 46.8189]]}}, {"type": "Feature", "properties": {"couche": "rue", "m": 1050}, "geometry": {"type": "LineString", "coordinates": [[-71.2232, 46.8066], [-71.2227, 46.8067], [-71.2226, 46.8065]]}}, {"type": "Feature", "properties": {"couche": "rue", "m": 1050}, "geometry": {"type": "LineString", "coordinates": [[-71.2229, 46.8068], [-71.2232, 46.8066]]}}, {"type": "Feature", "properties": {"couche": "rue", "m": 1050}, "geometry": {"type": "LineString", "coordinates": [[-71.2226, 46.8065], [-71.2232, 46.8062]]}}, {"type": "Feature", "properties": {"couche": "rue", "m": 1050}, "geometry": {"type": "LineString", "coordinates": [[-71.223, 46.8059], [-71.2232, 46.8062]]}}, {"type": "Feature", "properties": {"couche": "rue", "m": 1050}, "geometry": {"type": "LineString", "coordinates": [[-71.2226, 46.8199], [-71.2233, 46.8198]]}}, {"type": "Feature", "properties": {"couche": "rue", "m": 1050}, "geometry": {"type": "LineString", "coordinates": [[-71.223, 46.8059], [-71.2223, 46.8063], [-71.2226, 46.8065]]}}, {"type": "Feature", "properties": {"couche": "rue", "m": 1050}, "geometry": {"type": "LineString", "coordinates": [[-71.223, 46.8059], [-71.2227, 46.8058]]}}, {"type": "Feature", "properties": {"couche": "rue", "m": 1050}, "geometry": {"type": "LineString", "coordinates": [[-71.2226, 46.8065], [-71.2219, 46.8069]]}}, {"type": "Feature", "properties": {"couche": "rue", "m": 1050}, "geometry": {"type": "LineString", "coordinates": [[-71.2225, 46.8191], [-71.2224, 46.8192], [-71.2223, 46.8191]]}}, {"type": "Feature", "properties": {"couche": "rue", "m": 1050}, "geometry": {"type": "LineString", "coordinates": [[-71.2223, 46.8191], [-71.2218, 46.8193]]}}, {"type": "Feature", "properties": {"couche": "rue", "m": 1050}, "geometry": {"type": "LineString", "coordinates": [[-71.222, 46.819], [-71.2218, 46.8191]]}}, {"type": "Feature", "properties": {"couche": "rue", "m": 1050}, "geometry": {"type": "LineString", "coordinates": [[-71.222, 46.819], [-71.2218, 46.8191]]}}, {"type": "Feature", "properties": {"couche": "rue", "m": 1050}, "geometry": {"type": "LineString", "coordinates": [[-71.2218, 46.8193], [-71.2218, 46.8193], [-71.2216, 46.8193], [-71.2214, 46.8194], [-71.2209, 46.8196]]}}, {"type": "Feature", "properties": {"couche": "rue", "m": 1050}, "geometry": {"type": "LineString", "coordinates": [[-71.2218, 46.8193], [-71.2218, 46.8191]]}}, {"type": "Feature", "properties": {"couche": "rue", "m": 1050}, "geometry": {"type": "LineString", "coordinates": [[-71.2218, 46.8191], [-71.2213, 46.8192], [-71.221, 46.8187]]}}, {"type": "Feature", "properties": {"couche": "rue", "m": 1050}, "geometry": {"type": "LineString", "coordinates": [[-71.2218, 46.8191], [-71.2213, 46.8194], [-71.2202, 46.8197]]}}, {"type": "Feature", "properties": {"couche": "rue", "m": 1050}, "geometry": {"type": "LineString", "coordinates": [[-71.2211, 46.8063], [-71.2208, 46.806], [-71.2206, 46.8061]]}}, {"type": "Feature", "properties": {"couche": "rue", "m": 1050}, "geometry": {"type": "LineString", "coordinates": [[-71.2211, 46.8186], [-71.2212, 46.8187], [-71.221, 46.8187]]}}, {"type": "Feature", "properties": {"couche": "rue", "m": 1050}, "geometry": {"type": "LineString", "coordinates": [[-71.221, 46.8187], [-71.2208, 46.8188]]}}, {"type": "Feature", "properties": {"couche": "rue", "m": 1050}, "geometry": {"type": "LineString", "coordinates": [[-71.2208, 46.8188], [-71.2208, 46.8191]]}}, {"type": "Feature", "properties": {"couche": "rue", "m": 1050}, "geometry": {"type": "LineString", "coordinates": [[-71.2208, 46.8188], [-71.2207, 46.8187], [-71.2206, 46.8188]]}}, {"type": "Feature", "properties": {"couche": "rue", "m": 1050}, "geometry": {"type": "LineString", "coordinates": [[-71.2206, 46.8061], [-71.2207, 46.8062]]}}, {"type": "Feature", "properties": {"couche": "rue", "m": 1050}, "geometry": {"type": "LineString", "coordinates": [[-71.22, 46.8189], [-71.2205, 46.8196], [-71.221, 46.8194], [-71.2208, 46.8191]]}}, {"type": "Feature", "properties": {"couche": "rue", "m": 1050}, "geometry": {"type": "LineString", "coordinates": [[-71.2206, 46.8188], [-71.2208, 46.8191]]}}, {"type": "Feature", "properties": {"couche": "rue", "m": 1050}, "geometry": {"type": "LineString", "coordinates": [[-71.2206, 46.8061], [-71.22, 46.8063]]}}, {"type": "Feature", "properties": {"couche": "rue", "m": 1050}, "geometry": {"type": "LineString", "coordinates": [[-71.2206, 46.8061], [-71.2205, 46.8059], [-71.2203, 46.8059], [-71.2199, 46.8051]]}}, {"type": "Feature", "properties": {"couche": "rue", "m": 1050}, "geometry": {"type": "LineString", "coordinates": [[-71.2202, 46.8189], [-71.2206, 46.8188]]}}, {"type": "Feature", "properties": {"couche": "rue", "m": 1050}, "geometry": {"type": "LineString", "coordinates": [[-71.2202, 46.8069], [-71.2204, 46.8069]]}}, {"type": "Feature", "properties": {"couche": "rue", "m": 1050}, "geometry": {"type": "LineString", "coordinates": [[-71.2202, 46.8068], [-71.2205, 46.8066], [-71.2201, 46.8065]]}}, {"type": "Feature", "properties": {"couche": "rue", "m": 1050}, "geometry": {"type": "LineString", "coordinates": [[-71.2199, 46.8066], [-71.22, 46.8067], [-71.2202, 46.8068]]}}, {"type": "Feature", "properties": {"couche": "rue", "m": 1050}, "geometry": {"type": "LineString", "coordinates": [[-71.2195, 46.8064], [-71.2199, 46.8069], [-71.2202, 46.8069]]}}, {"type": "Feature", "properties": {"couche": "rue", "m": 1050}, "geometry": {"type": "LineString", "coordinates": [[-71.2201, 46.8065], [-71.2199, 46.8066]]}}, {"type": "Feature", "properties": {"couche": "rue", "m": 1050}, "geometry": {"type": "LineString", "coordinates": [[-71.22, 46.8063], [-71.2201, 46.8065]]}}, {"type": "Feature", "properties": {"couche": "rue", "m": 1050}, "geometry": {"type": "LineString", "coordinates": [[-71.2201, 46.8188], [-71.2202, 46.8189]]}}, {"type": "Feature", "properties": {"couche": "rue", "m": 1050}, "geometry": {"type": "LineString", "coordinates": [[-71.22, 46.8063], [-71.2195, 46.8064]]}}, {"type": "Feature", "properties": {"couche": "rue", "m": 1050}, "geometry": {"type": "LineString", "coordinates": [[-71.2198, 46.8183], [-71.2201, 46.8188]]}}, {"type": "Feature", "properties": {"couche": "rue", "m": 1050}, "geometry": {"type": "LineString", "coordinates": [[-71.2195, 46.8064], [-71.2199, 46.8066]]}}, {"type": "Feature", "properties": {"couche": "rue", "m": 1050}, "geometry": {"type": "LineString", "coordinates": [[-71.22, 46.8189], [-71.22, 46.8188]]}}, {"type": "Feature", "properties": {"couche": "rue", "m": 1050}, "geometry": {"type": "LineString", "coordinates": [[-71.22, 46.8188], [-71.2194, 46.819]]}}, {"type": "Feature", "properties": {"couche": "rue", "m": 1050}, "geometry": {"type": "LineString", "coordinates": [[-71.2195, 46.8064], [-71.2191, 46.8065]]}}, {"type": "Feature", "properties": {"couche": "rue", "m": 1050}, "geometry": {"type": "LineString", "coordinates": [[-71.2185, 46.8183], [-71.2194, 46.8184], [-71.2195, 46.8183], [-71.2194, 46.8182]]}}, {"type": "Feature", "properties": {"couche": "rue", "m": 1050}, "geometry": {"type": "LineString", "coordinates": [[-71.2194, 46.819], [-71.2195, 46.8191], [-71.2194, 46.8191]]}}, {"type": "Feature", "properties": {"couche": "rue", "m": 1050}, "geometry": {"type": "LineString", "coordinates": [[-71.2194, 46.8191], [-71.2188, 46.8193], [-71.2185, 46.8188]]}}, {"type": "Feature", "properties": {"couche": "rue", "m": 1050}, "geometry": {"type": "LineString", "coordinates": [[-71.2193, 46.819], [-71.2191, 46.8187]]}}, {"type": "Feature", "properties": {"couche": "rue", "m": 1050}, "geometry": {"type": "LineString", "coordinates": [[-71.2191, 46.8065], [-71.2186, 46.8067]]}}, {"type": "Feature", "properties": {"couche": "rue", "m": 1050}, "geometry": {"type": "LineString", "coordinates": [[-71.2182, 46.808], [-71.2196, 46.8074], [-71.2191, 46.8065]]}}, {"type": "Feature", "properties": {"couche": "rue", "m": 1050}, "geometry": {"type": "LineString", "coordinates": [[-71.2191, 46.8187], [-71.2195, 46.8185], [-71.2195, 46.8184], [-71.2191, 46.8184], [-71.2184, 46.8183]]}}, {"type": "Feature", "properties": {"couche": "rue", "m": 1050}, "geometry": {"type": "LineString", "coordinates": [[-71.2191, 46.8187], [-71.219, 46.8186], [-71.2184, 46.8188]]}}, {"type": "Feature", "properties": {"couche": "rue", "m": 1050}, "geometry": {"type": "LineString", "coordinates": [[-71.2186, 46.8067], [-71.2176, 46.807]]}}, {"type": "Feature", "properties": {"couche": "rue", "m": 1050}, "geometry": {"type": "LineString", "coordinates": [[-71.2185, 46.8181], [-71.2182, 46.8182], [-71.2185, 46.8183]]}}, {"type": "Feature", "properties": {"couche": "rue", "m": 1050}, "geometry": {"type": "LineString", "coordinates": [[-71.2185, 46.818], [-71.2181, 46.8182]]}}, {"type": "Feature", "properties": {"couche": "rue", "m": 1050}, "geometry": {"type": "LineString", "coordinates": [[-71.2179, 46.819], [-71.2185, 46.8188]]}}, {"type": "Feature", "properties": {"couche": "rue", "m": 1050}, "geometry": {"type": "LineString", "coordinates": [[-71.2184, 46.8183], [-71.2183, 46.8185], [-71.2184, 46.8188]]}}, {"type": "Feature", "properties": {"couche": "rue", "m": 1050}, "geometry": {"type": "LineString", "coordinates": [[-71.2184, 46.8169], [-71.2183, 46.8168], [-71.2175, 46.817]]}}, {"type": "Feature", "properties": {"couche": "rue", "m": 1050}, "geometry": {"type": "LineString", "coordinates": [[-71.2184, 46.8183], [-71.2181, 46.8184]]}}, {"type": "Feature", "properties": {"couche": "rue", "m": 1050}, "geometry": {"type": "LineString", "coordinates": [[-71.2184, 46.8183], [-71.2181, 46.8182]]}}, {"type": "Feature", "properties": {"couche": "rue", "m": 1050}, "geometry": {"type": "LineString", "coordinates": [[-71.2181, 46.8184], [-71.2182, 46.8187], [-71.218, 46.8187], [-71.2179, 46.8184], [-71.218, 46.8183], [-71.2181, 46.8184]]}}, {"type": "Feature", "properties": {"couche": "rue", "m": 1050}, "geometry": {"type": "LineString", "coordinates": [[-71.2179, 46.808], [-71.2178, 46.8079], [-71.2179, 46.8078]]}}, {"type": "Feature", "properties": {"couche": "rue", "m": 1050}, "geometry": {"type": "LineString", "coordinates": [[-71.2179, 46.8078], [-71.2181, 46.8078], [-71.2179, 46.8075]]}}, {"type": "Feature", "properties": {"couche": "rue", "m": 1050}, "geometry": {"type": "LineString", "coordinates": [[-71.2179, 46.8078], [-71.2177, 46.8075]]}}, {"type": "Feature", "properties": {"couche": "rue", "m": 1050}, "geometry": {"type": "LineString", "coordinates": [[-71.2181, 46.8182], [-71.2177, 46.8183]]}}, {"type": "Feature", "properties": {"couche": "rue", "m": 1050}, "geometry": {"type": "LineString", "coordinates": [[-71.2181, 46.8182], [-71.218, 46.818]]}}, {"type": "Feature", "properties": {"couche": "rue", "m": 1050}, "geometry": {"type": "LineString", "coordinates": [[-71.2179, 46.8075], [-71.2176, 46.807]]}}, {"type": "Feature", "properties": {"couche": "rue", "m": 1050}, "geometry": {"type": "LineString", "coordinates": [[-71.2178, 46.8086], [-71.217, 46.8089]]}}, {"type": "Feature", "properties": {"couche": "rue", "m": 1050}, "geometry": {"type": "LineString", "coordinates": [[-71.2177, 46.8075], [-71.2176, 46.8076]]}}, {"type": "Feature", "properties": {"couche": "rue", "m": 1050}, "geometry": {"type": "LineString", "coordinates": [[-71.2177, 46.8075], [-71.2175, 46.8071]]}}, {"type": "Feature", "properties": {"couche": "rue", "m": 1050}, "geometry": {"type": "LineString", "coordinates": [[-71.2177, 46.8084], [-71.2173, 46.8086]]}}, {"type": "Feature", "properties": {"couche": "rue", "m": 1050}, "geometry": {"type": "LineString", "coordinates": [[-71.2176, 46.807], [-71.2173, 46.8065]]}}, {"type": "Feature", "properties": {"couche": "rue", "m": 1050}, "geometry": {"type": "LineString", "coordinates": [[-71.217, 46.8078], [-71.2171, 46.8078], [-71.2172, 46.8078], [-71.2172, 46.8077], [-71.2176, 46.8076]]}}, {"type": "Feature", "properties": {"couche": "rue", "m": 1050}, "geometry": {"type": "LineString", "coordinates": [[-71.2176, 46.8076], [-71.2177, 46.8077], [-71.2174, 46.8078]]}}, {"type": "Feature", "properties": {"couche": "rue", "m": 1050}, "geometry": {"type": "LineString", "coordinates": [[-71.2175, 46.8071], [-71.2171, 46.8072]]}}, {"type": "Feature", "properties": {"couche": "rue", "m": 1050}, "geometry": {"type": "LineString", "coordinates": [[-71.2175, 46.807], [-71.2171, 46.8072]]}}, {"type": "Feature", "properties": {"couche": "rue", "m": 1050}, "geometry": {"type": "LineString", "coordinates": [[-71.2174, 46.8068], [-71.2175, 46.807]]}}, {"type": "Feature", "properties": {"couche": "rue", "m": 1050}, "geometry": {"type": "LineString", "coordinates": [[-71.2174, 46.8084], [-71.2173, 46.8083]]}}, {"type": "Feature", "properties": {"couche": "rue", "m": 1050}, "geometry": {"type": "LineString", "coordinates": [[-71.2173, 46.8082], [-71.2174, 46.8084]]}}, {"type": "Feature", "properties": {"couche": "rue", "m": 1050}, "geometry": {"type": "LineString", "coordinates": [[-71.2174, 46.8078], [-71.2169, 46.808]]}}, {"type": "Feature", "properties": {"couche": "rue", "m": 1050}, "geometry": {"type": "LineString", "coordinates": [[-71.2173, 46.8086], [-71.2171, 46.8087], [-71.2171, 46.8087], [-71.2169, 46.8088], [-71.217, 46.8089]]}}, {"type": "Feature", "properties": {"couche": "rue", "m": 1050}, "geometry": {"type": "LineString", "coordinates": [[-71.2173, 46.8086], [-71.2171, 46.8084], [-71.2173, 46.8083]]}}, {"type": "Feature", "properties": {"couche": "rue", "m": 1050}, "geometry": {"type": "LineString", "coordinates": [[-71.217, 46.8081], [-71.2171, 46.808], [-71.2173, 46.8082]]}}, {"type": "Feature", "properties": {"couche": "rue", "m": 1050}, "geometry": {"type": "LineString", "coordinates": [[-71.2173, 46.8083], [-71.2171, 46.8082]]}}, {"type": "Feature", "properties": {"couche": "rue", "m": 1050}, "geometry": {"type": "LineString", "coordinates": [[-71.2171, 46.8082], [-71.217, 46.8081]]}}, {"type": "Feature", "properties": {"couche": "rue", "m": 1050}, "geometry": {"type": "LineString", "coordinates": [[-71.217, 46.8078], [-71.217, 46.8077]]}}, {"type": "Feature", "properties": {"couche": "rue", "m": 1050}, "geometry": {"type": "LineString", "coordinates": [[-71.2168, 46.8079], [-71.217, 46.8078]]}}, {"type": "Feature", "properties": {"couche": "rue", "m": 1050}, "geometry": {"type": "LineString", "coordinates": [[-71.2165, 46.8174], [-71.2171, 46.8174]]}}, {"type": "Feature", "properties": {"couche": "rue", "m": 1050}, "geometry": {"type": "LineString", "coordinates": [[-71.2169, 46.808], [-71.217, 46.8081]]}}, {"type": "Feature", "properties": {"couche": "rue", "m": 1050}, "geometry": {"type": "LineString", "coordinates": [[-71.217, 46.8089], [-71.2164, 46.8091]]}}, {"type": "Feature", "properties": {"couche": "rue", "m": 1050}, "geometry": {"type": "LineString", "coordinates": [[-71.217, 46.817], [-71.2165, 46.8172]]}}, {"type": "Feature", "properties": {"couche": "rue", "m": 1050}, "geometry": {"type": "LineString", "coordinates": [[-71.2169, 46.808], [-71.2168, 46.8079]]}}, {"type": "Feature", "properties": {"couche": "rue", "m": 1050}, "geometry": {"type": "LineString", "coordinates": [[-71.2168, 46.8079], [-71.2167, 46.8079], [-71.2168, 46.8081]]}}, {"type": "Feature", "properties": {"couche": "rue", "m": 1050}, "geometry": {"type": "LineString", "coordinates": [[-71.2165, 46.8094], [-71.2153, 46.8099]]}}, {"type": "Feature", "properties": {"couche": "rue", "m": 1050}, "geometry": {"type": "LineString", "coordinates": [[-71.2159, 46.8095], [-71.2164, 46.8093]]}}, {"type": "Feature", "properties": {"couche": "rue", "m": 1050}, "geometry": {"type": "LineString", "coordinates": [[-71.216, 46.8085], [-71.2163, 46.809]]}}, {"type": "Feature", "properties": {"couche": "rue", "m": 1050}, "geometry": {"type": "LineString", "coordinates": [[-71.2163, 46.8091], [-71.2158, 46.8093]]}}, {"type": "Feature", "properties": {"couche": "rue", "m": 1050}, "geometry": {"type": "LineString", "coordinates": [[-71.2163, 46.8181], [-71.2162, 46.8176]]}}, {"type": "Feature", "properties": {"couche": "rue", "m": 1050}, "geometry": {"type": "LineString", "coordinates": [[-71.2156, 46.8079], [-71.216, 46.8085]]}}, {"type": "Feature", "properties": {"couche": "rue", "m": 1050}, "geometry": {"type": "LineString", "coordinates": [[-71.2157, 46.8093], [-71.2162, 46.809], [-71.2159, 46.8086]]}}, {"type": "Feature", "properties": {"couche": "rue", "m": 1050}, "geometry": {"type": "LineString", "coordinates": [[-71.2155, 46.808], [-71.2159, 46.8086]]}}, {"type": "Feature", "properties": {"couche": "rue", "m": 1050}, "geometry": {"type": "LineString", "coordinates": [[-71.2152, 46.8098], [-71.2159, 46.8095]]}}, {"type": "Feature", "properties": {"couche": "rue", "m": 1050}, "geometry": {"type": "LineString", "coordinates": [[-71.2159, 46.8095], [-71.2158, 46.8094]]}}, {"type": "Feature", "properties": {"couche": "rue", "m": 1050}, "geometry": {"type": "LineString", "coordinates": [[-71.2159, 46.8178], [-71.2159, 46.818]]}}, {"type": "Feature", "properties": {"couche": "rue", "m": 1050}, "geometry": {"type": "LineString", "coordinates": [[-71.2159, 46.818], [-71.2158, 46.8183], [-71.2157, 46.8183]]}}, {"type": "Feature", "properties": {"couche": "rue", "m": 1050}, "geometry": {"type": "LineString", "coordinates": [[-71.2159, 46.818], [-71.2157, 46.818]]}}, {"type": "Feature", "properties": {"couche": "rue", "m": 1050}, "geometry": {"type": "LineString", "coordinates": [[-71.2158, 46.8094], [-71.2157, 46.8093]]}}, {"type": "Feature", "properties": {"couche": "rue", "m": 1050}, "geometry": {"type": "LineString", "coordinates": [[-71.2158, 46.8176], [-71.2157, 46.818]]}}, {"type": "Feature", "properties": {"couche": "rue", "m": 1050}, "geometry": {"type": "LineString", "coordinates": [[-71.2157, 46.8094], [-71.2151, 46.8096]]}}, {"type": "Feature", "properties": {"couche": "rue", "m": 1050}, "geometry": {"type": "LineString", "coordinates": [[-71.2157, 46.8094], [-71.2152, 46.8087]]}}, {"type": "Feature", "properties": {"couche": "rue", "m": 1050}, "geometry": {"type": "LineString", "coordinates": [[-71.2157, 46.8093], [-71.2153, 46.8087], [-71.2152, 46.8087]]}}, {"type": "Feature", "properties": {"couche": "rue", "m": 1050}, "geometry": {"type": "LineString", "coordinates": [[-71.2156, 46.8079], [-71.2155, 46.808]]}}, {"type": "Feature", "properties": {"couche": "rue", "m": 1050}, "geometry": {"type": "LineString", "coordinates": [[-71.2157, 46.818], [-71.2157, 46.8183]]}}, {"type": "Feature", "properties": {"couche": "rue", "m": 1050}, "geometry": {"type": "LineString", "coordinates": [[-71.2155, 46.8183], [-71.2157, 46.8176]]}}, {"type": "Feature", "properties": {"couche": "rue", "m": 1050}, "geometry": {"type": "LineString", "coordinates": [[-71.2154, 46.81], [-71.2156, 46.8102]]}}, {"type": "Feature", "properties": {"couche": "rue", "m": 1050}, "geometry": {"type": "LineString", "coordinates": [[-71.2155, 46.8078], [-71.2154, 46.8079], [-71.2155, 46.808]]}}, {"type": "Feature", "properties": {"couche": "rue", "m": 1050}, "geometry": {"type": "LineString", "coordinates": [[-71.2157, 46.8183], [-71.2155, 46.8191]]}}, {"type": "Feature", "properties": {"couche": "rue", "m": 1050}, "geometry": {"type": "LineString", "coordinates": [[-71.2154, 46.8192], [-71.2155, 46.8183]]}}, {"type": "Feature", "properties": {"couche": "rue", "m": 1050}, "geometry": {"type": "LineString", "coordinates": [[-71.2154, 46.8183], [-71.2155, 46.8183]]}}, {"type": "Feature", "properties": {"couche": "rue", "m": 1050}, "geometry": {"type": "LineString", "coordinates": [[-71.2155, 46.8178], [-71.2155, 46.8176]]}}, {"type": "Feature", "properties": {"couche": "rue", "m": 1050}, "geometry": {"type": "LineString", "coordinates": [[-71.215, 46.8102], [-71.2152, 46.8103], [-71.2151, 46.8102], [-71.2154, 46.81]]}}, {"type": "Feature", "properties": {"couche": "rue", "m": 1050}, "geometry": {"type": "LineString", "coordinates": [[-71.2155, 46.8178], [-71.2154, 46.8183]]}}, {"type": "Feature", "properties": {"couche": "rue", "m": 1050}, "geometry": {"type": "LineString", "coordinates": [[-71.2154, 46.81], [-71.215, 46.8102]]}}, {"type": "Feature", "properties": {"couche": "rue", "m": 1050}, "geometry": {"type": "LineString", "coordinates": [[-71.2153, 46.8099], [-71.2154, 46.81], [-71.2154, 46.81]]}}, {"type": "Feature", "properties": {"couche": "rue", "m": 1050}, "geometry": {"type": "LineString", "coordinates": [[-71.2154, 46.81], [-71.2153, 46.8099]]}}, {"type": "Feature", "properties": {"couche": "rue", "m": 1050}, "geometry": {"type": "LineString", "coordinates": [[-71.2152, 46.8098], [-71.2153, 46.8099]]}}, {"type": "Feature", "properties": {"couche": "rue", "m": 1050}, "geometry": {"type": "LineString", "coordinates": [[-71.2154, 46.8178], [-71.2154, 46.8175]]}}, {"type": "Feature", "properties": {"couche": "rue", "m": 1050}, "geometry": {"type": "LineString", "coordinates": [[-71.2153, 46.8183], [-71.2154, 46.8178]]}}, {"type": "Feature", "properties": {"couche": "rue", "m": 1050}, "geometry": {"type": "LineString", "coordinates": [[-71.2154, 46.8178], [-71.2153, 46.8178], [-71.2149, 46.8181]]}}, {"type": "Feature", "properties": {"couche": "rue", "m": 1050}, "geometry": {"type": "LineString", "coordinates": [[-71.2141, 46.8102], [-71.2152, 46.8098]]}}, {"type": "Feature", "properties": {"couche": "rue", "m": 1050}, "geometry": {"type": "LineString", "coordinates": [[-71.2151, 46.8096], [-71.2152, 46.8098]]}}, {"type": "Feature", "properties": {"couche": "rue", "m": 1050}, "geometry": {"type": "LineString", "coordinates": [[-71.2153, 46.8174], [-71.2147, 46.8173]]}}, {"type": "Feature", "properties": {"couche": "rue", "m": 1050}, "geometry": {"type": "LineString", "coordinates": [[-71.2152, 46.81], [-71.2148, 46.8101], [-71.2142, 46.8103]]}}, {"type": "Feature", "properties": {"couche": "rue", "m": 1050}, "geometry": {"type": "LineString", "coordinates": [[-71.215, 46.8101], [-71.2152, 46.81]]}}, {"type": "Feature", "properties": {"couche": "rue", "m": 1050}, "geometry": {"type": "LineString", "coordinates": [[-71.2152, 46.8186], [-71.2153, 46.8183]]}}, {"type": "Feature", "properties": {"couche": "rue", "m": 1050}, "geometry": {"type": "LineString", "coordinates": [[-71.2151, 46.8096], [-71.2143, 46.8099]]}}, {"type": "Feature", "properties": {"couche": "rue", "m": 1050}, "geometry": {"type": "LineString", "coordinates": [[-71.2152, 46.8183], [-71.2149, 46.8182]]}}, {"type": "Feature", "properties": {"couche": "rue", "m": 1050}, "geometry": {"type": "LineString", "coordinates": [[-71.2149, 46.8181], [-71.2152, 46.8183]]}}, {"type": "Feature", "properties": {"couche": "rue", "m": 1050}, "geometry": {"type": "LineString", "coordinates": [[-71.2149, 46.8168], [-71.2152, 46.8168]]}}, {"type": "Feature", "properties": {"couche": "rue", "m": 1050}, "geometry": {"type": "LineString", "coordinates": [[-71.2151, 46.8173], [-71.2146, 46.8172], [-71.2143, 46.8171]]}}, {"type": "Feature", "properties": {"couche": "rue", "m": 1050}, "geometry": {"type": "LineString", "coordinates": [[-71.2143, 46.8104], [-71.215, 46.8101]]}}, {"type": "Feature", "properties": {"couche": "rue", "m": 1050}, "geometry": {"type": "LineString", "coordinates": [[-71.2151, 46.8173], [-71.2145, 46.8173], [-71.2143, 46.8171]]}}, {"type": "Feature", "properties": {"couche": "rue", "m": 1050}, "geometry": {"type": "LineString", "coordinates": [[-71.2149, 46.8168], [-71.215, 46.8171]]}}, {"type": "Feature", "properties": {"couche": "rue", "m": 1050}, "geometry": {"type": "LineString", "coordinates": [[-71.2138, 46.8112], [-71.2139, 46.8112], [-71.2138, 46.8111], [-71.2148, 46.8108]]}}, {"type": "Feature", "properties": {"couche": "rue", "m": 1050}, "geometry": {"type": "LineString", "coordinates": [[-71.2149, 46.8181], [-71.2148, 46.8181], [-71.2149, 46.8182]]}}, {"type": "Feature", "properties": {"couche": "rue", "m": 1050}, "geometry": {"type": "LineString", "coordinates": [[-71.2147, 46.8173], [-71.2146, 46.8178], [-71.2149, 46.8181]]}}, {"type": "Feature", "properties": {"couche": "rue", "m": 1050}, "geometry": {"type": "LineString", "coordinates": [[-71.2147, 46.817], [-71.2146, 46.8168], [-71.2149, 46.8168]]}}, {"type": "Feature", "properties": {"couche": "rue", "m": 1050}, "geometry": {"type": "LineString", "coordinates": [[-71.2147, 46.817], [-71.2147, 46.8172]]}}, {"type": "Feature", "properties": {"couche": "rue", "m": 1050}, "geometry": {"type": "LineString", "coordinates": [[-71.2147, 46.817], [-71.2143, 46.8171]]}}, {"type": "Feature", "properties": {"couche": "rue", "m": 1050}, "geometry": {"type": "LineString", "coordinates": [[-71.2147, 46.8173], [-71.2145, 46.8173], [-71.2142, 46.8172]]}}, {"type": "Feature", "properties": {"couche": "rue", "m": 1050}, "geometry": {"type": "LineString", "coordinates": [[-71.2144, 46.8159], [-71.2135, 46.8162]]}}, {"type": "Feature", "properties": {"couche": "rue", "m": 1050}, "geometry": {"type": "LineString", "coordinates": [[-71.2144, 46.8159], [-71.2135, 46.8162]]}}, {"type": "Feature", "properties": {"couche": "rue", "m": 1050}, "geometry": {"type": "LineString", "coordinates": [[-71.2143, 46.8125], [-71.2132, 46.8127]]}}, {"type": "Feature", "properties": {"couche": "rue", "m": 1050}, "geometry": {"type": "LineString", "coordinates": [[-71.2143, 46.8126], [-71.2132, 46.8127]]}}, {"type": "Feature", "properties": {"couche": "rue", "m": 1050}, "geometry": {"type": "LineString", "coordinates": [[-71.2143, 46.8104], [-71.2141, 46.8105]]}}, {"type": "Feature", "properties": {"couche": "rue", "m": 1050}, "geometry": {"type": "LineString", "coordinates": [[-71.2143, 46.8104], [-71.2144, 46.8105], [-71.2142, 46.8106]]}}, {"type": "Feature", "properties": {"couche": "rue", "m": 1050}, "geometry": {"type": "LineString", "coordinates": [[-71.2142, 46.8103], [-71.2143, 46.8104]]}}, {"type": "Feature", "properties": {"couche": "rue", "m": 1050}, "geometry": {"type": "LineString", "coordinates": [[-71.214, 46.8107], [-71.2143, 46.8109]]}}, {"type": "Feature", "properties": {"couche": "rue", "m": 1050}, "geometry": {"type": "LineString", "coordinates": [[-71.2143, 46.8099], [-71.214, 46.8101]]}}, {"type": "Feature", "properties": {"couche": "rue", "m": 1050}, "geometry": {"type": "LineString", "coordinates": [[-71.2143, 46.8099], [-71.2141, 46.8097]]}}, {"type": "Feature", "properties": {"couche": "rue", "m": 1050}, "geometry": {"type": "LineString", "coordinates": [[-71.214, 46.8107], [-71.2142, 46.8106]]}}, {"type": "Feature", "properties": {"couche": "rue", "m": 1050}, "geometry": {"type": "LineString", "coordinates": [[-71.2143, 46.817], [-71.214, 46.8167]]}}, {"type": "Feature", "properties": {"couche": "rue", "m": 1050}, "geometry": {"type": "LineString", "coordinates": [[-71.2139, 46.8108], [-71.2142, 46.811]]}}, {"type": "Feature", "properties": {"couche": "rue", "m": 1050}, "geometry": {"type": "LineString", "coordinates": [[-71.2142, 46.8103], [-71.2139, 46.8104]]}}, {"type": "Feature", "properties": {"couche": "rue", "m": 1050}, "geometry": {"type": "LineString", "coordinates": [[-71.2139, 46.8106], [-71.214, 46.8106], [-71.2141, 46.8105]]}}, {"type": "Feature", "properties": {"couche": "rue", "m": 1050}, "geometry": {"type": "LineString", "coordinates": [[-71.2141, 46.8105], [-71.2139, 46.8104]]}}, {"type": "Feature", "properties": {"couche": "rue", "m": 1050}, "geometry": {"type": "LineString", "coordinates": [[-71.2138, 46.8166], [-71.2139, 46.8167], [-71.2142, 46.817]]}}, {"type": "Feature", "properties": {"couche": "rue", "m": 1050}, "geometry": {"type": "LineString", "coordinates": [[-71.2138, 46.8103], [-71.2141, 46.8102]]}}, {"type": "Feature", "properties": {"couche": "rue", "m": 1050}, "geometry": {"type": "LineString", "coordinates": [[-71.214, 46.8101], [-71.2141, 46.8102]]}}, {"type": "Feature", "properties": {"couche": "rue", "m": 1050}, "geometry": {"type": "LineString", "coordinates": [[-71.2141, 46.8112], [-71.2127, 46.8119]]}}, {"type": "Feature", "properties": {"couche": "rue", "m": 1050}, "geometry": {"type": "LineString", "coordinates": [[-71.2141, 46.8097], [-71.2138, 46.8097]]}}, {"type": "Feature", "properties": {"couche": "rue", "m": 1050}, "geometry": {"type": "LineString", "coordinates": [[-71.2142, 46.8172], [-71.2138, 46.8173]]}}, {"type": "Feature", "properties": {"couche": "rue", "m": 1050}, "geometry": {"type": "LineString", "coordinates": [[-71.2141, 46.8171], [-71.2134, 46.8173]]}}, {"type": "Feature", "properties": {"couche": "rue", "m": 1050}, "geometry": {"type": "LineString", "coordinates": [[-71.2141, 46.8171], [-71.2138, 46.8166]]}}, {"type": "Feature", "properties": {"couche": "rue", "m": 1050}, "geometry": {"type": "LineString", "coordinates": [[-71.2141, 46.8171], [-71.2136, 46.817]]}}, {"type": "Feature", "properties": {"couche": "rue", "m": 1050}, "geometry": {"type": "LineString", "coordinates": [[-71.2137, 46.8172], [-71.2141, 46.8171]]}}, {"type": "Feature", "properties": {"couche": "rue", "m": 1050}, "geometry": {"type": "LineString", "coordinates": [[-71.2139, 46.8108], [-71.214, 46.8107]]}}, {"type": "Feature", "properties": {"couche": "rue", "m": 1050}, "geometry": {"type": "LineString", "coordinates": [[-71.214, 46.8107], [-71.2139, 46.8106]]}}, {"type": "Feature", "properties": {"couche": "rue", "m": 1050}, "geometry": {"type": "LineString", "coordinates": [[-71.214, 46.8114], [-71.2138, 46.8116], [-71.2139, 46.8116]]}}, {"type": "Feature", "properties": {"couche": "rue", "m": 1050}, "geometry": {"type": "LineString", "coordinates": [[-71.214, 46.8101], [-71.2135, 46.8102]]}}, {"type": "Feature", "properties": {"couche": "rue", "m": 1050}, "geometry": {"type": "LineString", "coordinates": [[-71.2139, 46.8104], [-71.2138, 46.8105]]}}, {"type": "Feature", "properties": {"couche": "rue", "m": 1050}, "geometry": {"type": "LineString", "coordinates": [[-71.2139, 46.8104], [-71.2137, 46.8104]]}}, {"type": "Feature", "properties": {"couche": "rue", "m": 1050}, "geometry": {"type": "LineString", "coordinates": [[-71.2132, 46.8141], [-71.2135, 46.8143], [-71.2136, 46.8146], [-71.214, 46.8147]]}}, {"type": "Feature", "properties": {"couche": "rue", "m": 1050}, "geometry": {"type": "LineString", "coordinates": [[-71.2137, 46.8099], [-71.2139, 46.81]]}}, {"type": "Feature", "properties": {"couche": "rue", "m": 1050}, "geometry": {"type": "LineString", "coordinates": [[-71.2136, 46.811], [-71.2139, 46.8108]]}}, {"type": "Feature", "properties": {"couche": "rue", "m": 1050}, "geometry": {"type": "LineString", "coordinates": [[-71.2135, 46.8105], [-71.2139, 46.8108]]}}, {"type": "Feature", "properties": {"couche": "rue", "m": 1050}, "geometry": {"type": "LineString", "coordinates": [[-71.2137, 46.8113], [-71.2139, 46.8112]]}}, {"type": "Feature", "properties": {"couche": "rue", "m": 1050}, "geometry": {"type": "LineString", "coordinates": [[-71.2138, 46.8103], [-71.2135, 46.8102]]}}, {"type": "Feature", "properties": {"couche": "rue", "m": 1050}, "geometry": {"type": "LineString", "coordinates": [[-71.2138, 46.8097], [-71.2137, 46.8099]]}}, {"type": "Feature", "properties": {"couche": "rue", "m": 1050}, "geometry": {"type": "LineString", "coordinates": [[-71.2138, 46.8097], [-71.2137, 46.8096], [-71.2135, 46.8098]]}}, {"type": "Feature", "properties": {"couche": "rue", "m": 1050}, "geometry": {"type": "LineString", "coordinates": [[-71.2137, 46.8113], [-71.2138, 46.8112]]}}, {"type": "Feature", "properties": {"couche": "rue", "m": 1050}, "geometry": {"type": "LineString", "coordinates": [[-71.2136, 46.8104], [-71.2138, 46.8105]]}}, {"type": "Feature", "properties": {"couche": "rue", "m": 1050}, "geometry": {"type": "LineString", "coordinates": [[-71.2138, 46.8126], [-71.2133, 46.8127]]}}, {"type": "Feature", "properties": {"couche": "rue", "m": 1050}, "geometry": {"type": "LineString", "coordinates": [[-71.2137, 46.8113], [-71.2135, 46.8114]]}}, {"type": "Feature", "properties": {"couche": "rue", "m": 1050}, "geometry": {"type": "LineString", "coordinates": [[-71.2138, 46.8173], [-71.2135, 46.8174]]}}, {"type": "Feature", "properties": {"couche": "rue", "m": 1050}, "geometry": {"type": "LineString", "coordinates": [[-71.2137, 46.8113], [-71.2135, 46.8114]]}}, {"type": "Feature", "properties": {"couche": "rue", "m": 1050}, "geometry": {"type": "LineString", "coordinates": [[-71.2136, 46.811], [-71.2137, 46.8113]]}}, {"type": "Feature", "properties": {"couche": "rue", "m": 1050}, "geometry": {"type": "LineString", "coordinates": [[-71.2138, 46.8166], [-71.2136, 46.8169]]}}, {"type": "Feature", "properties": {"couche": "rue", "m": 1050}, "geometry": {"type": "LineString", "coordinates": [[-71.2138, 46.8166], [-71.2137, 46.8165], [-71.2132, 46.8166]]}}, {"type": "Feature", "properties": {"couche": "rue", "m": 1050}, "geometry": {"type": "LineString", "coordinates": [[-71.2138, 46.8166], [-71.2133, 46.8167]]}}, {"type": "Feature", "properties": {"couche": "rue", "m": 1050}, "geometry": {"type": "LineString", "coordinates": [[-71.2135, 46.8162], [-71.2138, 46.8164]]}}, {"type": "Feature", "properties": {"couche": "rue", "m": 1050}, "geometry": {"type": "LineString", "coordinates": [[-71.2137, 46.8099], [-71.2135, 46.8102]]}}, {"type": "Feature", "properties": {"couche": "rue", "m": 1050}, "geometry": {"type": "LineString", "coordinates": [[-71.2135, 46.8098], [-71.2137, 46.8099]]}}, {"type": "Feature", "properties": {"couche": "rue", "m": 1050}, "geometry": {"type": "LineString", "coordinates": [[-71.2137, 46.8165], [-71.2135, 46.8162]]}}, {"type": "Feature", "properties": {"couche": "rue", "m": 1050}, "geometry": {"type": "LineString", "coordinates": [[-71.2132, 46.8128], [-71.2136, 46.8127]]}}, {"type": "Feature", "properties": {"couche": "rue", "m": 1050}, "geometry": {"type": "LineString", "coordinates": [[-71.2134, 46.8103], [-71.2136, 46.8104]]}}, {"type": "Feature", "properties": {"couche": "rue", "m": 1050}, "geometry": {"type": "LineString", "coordinates": [[-71.2132, 46.8173], [-71.2137, 46.8172]]}}, {"type": "Feature", "properties": {"couche": "rue", "m": 1050}, "geometry": {"type": "LineString", "coordinates": [[-71.2137, 46.8172], [-71.2135, 46.817]]}}, {"type": "Feature", "properties": {"couche": "rue", "m": 1050}, "geometry": {"type": "LineString", "coordinates": [[-71.2133, 46.8113], [-71.2136, 46.811]]}}, {"type": "Feature", "properties": {"couche": "rue", "m": 1050}, "geometry": {"type": "LineString", "coordinates": [[-71.2136, 46.811], [-71.2134, 46.8108]]}}, {"type": "Feature", "properties": {"couche": "rue", "m": 1050}, "geometry": {"type": "LineString", "coordinates": [[-71.2136, 46.817], [-71.2136, 46.8169]]}}, {"type": "Feature", "properties": {"couche": "rue", "m": 1050}, "geometry": {"type": "LineString", "coordinates": [[-71.2136, 46.8123], [-71.2133, 46.8126]]}}, {"type": "Feature", "properties": {"couche": "rue", "m": 1050}, "geometry": {"type": "LineString", "coordinates": [[-71.2129, 46.8158], [-71.2132, 46.8159], [-71.2136, 46.8164]]}}, {"type": "Feature", "properties": {"couche": "rue", "m": 1050}, "geometry": {"type": "LineString", "coordinates": [[-71.2135, 46.8105], [-71.2133, 46.8103]]}}, {"type": "Feature", "properties": {"couche": "rue", "m": 1050}, "geometry": {"type": "LineString", "coordinates": [[-71.2132, 46.8125], [-71.2133, 46.8124], [-71.2134, 46.8125], [-71.2135, 46.8124], [-71.2134, 46.8123], [-71.2135, 46.8123]]}}, {"type": "Feature", "properties": {"couche": "rue", "m": 1050}, "geometry": {"type": "LineString", "coordinates": [[-71.2135, 46.8102], [-71.2132, 46.8099]]}}, {"type": "Feature", "properties": {"couche": "rue", "m": 1050}, "geometry": {"type": "LineString", "coordinates": [[-71.2132, 46.8116], [-71.2135, 46.8114]]}}, {"type": "Feature", "properties": {"couche": "rue", "m": 1050}, "geometry": {"type": "LineString", "coordinates": [[-71.2136, 46.8165], [-71.2132, 46.8165]]}}, {"type": "Feature", "properties": {"couche": "rue", "m": 1050}, "geometry": {"type": "LineString", "coordinates": [[-71.2136, 46.8169], [-71.2134, 46.8169]]}}, {"type": "Feature", "properties": {"couche": "rue", "m": 1050}, "geometry": {"type": "LineString", "coordinates": [[-71.2135, 46.8098], [-71.2132, 46.8099]]}}, {"type": "Feature", "properties": {"couche": "rue", "m": 1050}, "geometry": {"type": "LineString", "coordinates": [[-71.2132, 46.8158], [-71.2135, 46.8162]]}}, {"type": "Feature", "properties": {"couche": "rue", "m": 1050}, "geometry": {"type": "LineString", "coordinates": [[-71.2132, 46.8115], [-71.2135, 46.8114]]}}, {"type": "Feature", "properties": {"couche": "rue", "m": 1050}, "geometry": {"type": "LineString", "coordinates": [[-71.2133, 46.8113], [-71.2135, 46.8114]]}}, {"type": "Feature", "properties": {"couche": "rue", "m": 1050}, "geometry": {"type": "LineString", "coordinates": [[-71.2134, 46.817], [-71.2135, 46.817]]}}, {"type": "Feature", "properties": {"couche": "rue", "m": 1050}, "geometry": {"type": "LineString", "coordinates": [[-71.2131, 46.81], [-71.2134, 46.8103]]}}, {"type": "Feature", "properties": {"couche": "rue", "m": 1050}, "geometry": {"type": "LineString", "coordinates": [[-71.2133, 46.8106], [-71.2134, 46.8105]]}}, {"type": "Feature", "properties": {"couche": "rue", "m": 1050}, "geometry": {"type": "LineString", "coordinates": [[-71.2134, 46.8105], [-71.2136, 46.8107], [-71.2134, 46.8108]]}}, {"type": "Feature", "properties": {"couche": "rue", "m": 1050}, "geometry": {"type": "LineString", "coordinates": [[-71.2131, 46.8158], [-71.2135, 46.8162]]}}, {"type": "Feature", "properties": {"couche": "rue", "m": 1050}, "geometry": {"type": "LineString", "coordinates": [[-71.2134, 46.8108], [-71.2133, 46.8106]]}}, {"type": "Feature", "properties": {"couche": "rue", "m": 1050}, "geometry": {"type": "LineString", "coordinates": [[-71.2134, 46.8137], [-71.2132, 46.814]]}}, {"type": "Feature", "properties": {"couche": "rue", "m": 1050}, "geometry": {"type": "LineString", "coordinates": [[-71.2134, 46.8137], [-71.2138, 46.8136], [-71.2139, 46.8134], [-71.2137, 46.813], [-71.2132, 46.8129]]}}, {"type": "Feature", "properties": {"couche": "rue", "m": 1050}, "geometry": {"type": "LineString", "coordinates": [[-71.2131, 46.8131], [-71.2133, 46.8133], [-71.2134, 46.8137]]}}, {"type": "Feature", "properties": {"couche": "rue", "m": 1050}, "geometry": {"type": "LineString", "coordinates": [[-71.2131, 46.8104], [-71.2133, 46.8103]]}}, {"type": "Feature", "properties": {"couche": "rue", "m": 1050}, "geometry": {"type": "LineString", "coordinates": [[-71.2133, 46.8103], [-71.2131, 46.8101]]}}, {"type": "Feature", "properties": {"couche": "rue", "m": 1050}, "geometry": {"type": "LineString", "coordinates": [[-71.2131, 46.8114], [-71.2133, 46.8113]]}}, {"type": "Feature", "properties": {"couche": "rue", "m": 1050}, "geometry": {"type": "LineString", "coordinates": [[-71.2131, 46.811], [-71.2133, 46.8113]]}}, {"type": "Feature", "properties": {"couche": "rue", "m": 1050}, "geometry": {"type": "LineString", "coordinates": [[-71.2133, 46.8167], [-71.2134, 46.8169]]}}, {"type": "Feature", "properties": {"couche": "rue", "m": 1050}, "geometry": {"type": "LineString", "coordinates": [[-71.2133, 46.8126], [-71.2132, 46.8125]]}}, {"type": "Feature", "properties": {"couche": "rue", "m": 1050}, "geometry": {"type": "LineString", "coordinates": [[-71.2134, 46.8174], [-71.2133, 46.8174], [-71.2133, 46.8174]]}}, {"type": "Feature", "properties": {"couche": "rue", "m": 1050}, "geometry": {"type": "LineString", "coordinates": [[-71.213, 46.8173], [-71.2134, 46.817]]}}, {"type": "Feature", "properties": {"couche": "rue", "m": 1050}, "geometry": {"type": "LineString", "coordinates": [[-71.2133, 46.8169], [-71.2134, 46.817]]}}, {"type": "Feature", "properties": {"couche": "rue", "m": 1050}, "geometry": {"type": "LineString", "coordinates": [[-71.2132, 46.814], [-71.2133, 46.814]]}}, {"type": "Feature", "properties": {"couche": "rue", "m": 1050}, "geometry": {"type": "LineString", "coordinates": [[-71.2133, 46.8106], [-71.2131, 46.8104]]}}, {"type": "Feature", "properties": {"couche": "rue", "m": 1050}, "geometry": {"type": "LineString", "coordinates": [[-71.2127, 46.8168], [-71.2133, 46.8169]]}}, {"type": "Feature", "properties": {"couche": "rue", "m": 1050}, "geometry": {"type": "LineString", "coordinates": [[-71.2132, 46.8126], [-71.2133, 46.8126], [-71.2132, 46.8125]]}}, {"type": "Feature", "properties": {"couche": "rue", "m": 1050}, "geometry": {"type": "LineString", "coordinates": [[-71.213, 46.8128], [-71.2132, 46.8128]]}}, {"type": "Feature", "properties": {"couche": "rue", "m": 1050}, "geometry": {"type": "LineString", "coordinates": [[-71.2131, 46.8131], [-71.2131, 46.8129], [-71.2132, 46.8129]]}}, {"type": "Feature", "properties": {"couche": "rue", "m": 1050}, "geometry": {"type": "LineString", "coordinates": [[-71.2132, 46.8129], [-71.2131, 46.8129], [-71.213, 46.8126], [-71.2129, 46.8126], [-71.2125, 46.8124]]}}, {"type": "Feature", "properties": {"couche": "rue", "m": 1050}, "geometry": {"type": "LineString", "coordinates": [[-71.2133, 46.8149], [-71.213, 46.8147]]}}, {"type": "Feature", "properties": {"couche": "rue", "m": 1050}, "geometry": {"type": "LineString", "coordinates": [[-71.2132, 46.8099], [-71.213, 46.8097]]}}, {"type": "Feature", "properties": {"couche": "rue", "m": 1050}, "geometry": {"type": "LineString", "coordinates": [[-71.2132, 46.8116], [-71.2127, 46.8118]]}}, {"type": "Feature", "properties": {"couche": "rue", "m": 1050}, "geometry": {"type": "LineString", "coordinates": [[-71.2132, 46.8127], [-71.2128, 46.8129]]}}, {"type": "Feature", "properties": {"couche": "rue", "m": 1050}, "geometry": {"type": "LineString", "coordinates": [[-71.2133, 46.8167], [-71.2128, 46.8167]]}}, {"type": "Feature", "properties": {"couche": "rue", "m": 1050}, "geometry": {"type": "LineString", "coordinates": [[-71.2133, 46.8174], [-71.2131, 46.8174]]}}, {"type": "Feature", "properties": {"couche": "rue", "m": 1050}, "geometry": {"type": "LineString", "coordinates": [[-71.2132, 46.8127], [-71.2128, 46.8128]]}}, {"type": "Feature", "properties": {"couche": "rue", "m": 1050}, "geometry": {"type": "LineString", "coordinates": [[-71.2132, 46.8141], [-71.213, 46.8143]]}}, {"type": "Feature", "properties": {"couche": "rue", "m": 1050}, "geometry": {"type": "LineString", "coordinates": [[-71.2132, 46.8115], [-71.2127, 46.8118]]}}, {"type": "Feature", "properties": {"couche": "rue", "m": 1050}, "geometry": {"type": "LineString", "coordinates": [[-71.2132, 46.8115], [-71.2131, 46.8114]]}}, {"type": "Feature", "properties": {"couche": "rue", "m": 1050}, "geometry": {"type": "LineString", "coordinates": [[-71.213, 46.8143], [-71.2132, 46.8144]]}}, {"type": "Feature", "properties": {"couche": "rue", "m": 1050}, "geometry": {"type": "LineString", "coordinates": [[-71.2127, 46.8166], [-71.2132, 46.8166]]}}, {"type": "Feature", "properties": {"couche": "rue", "m": 1050}, "geometry": {"type": "LineString", "coordinates": [[-71.2132, 46.8173], [-71.2131, 46.8174], [-71.213, 46.8173]]}}, {"type": "Feature", "properties": {"couche": "rue", "m": 1050}, "geometry": {"type": "LineString", "coordinates": [[-71.2131, 46.811], [-71.2126, 46.8106], [-71.2131, 46.8104]]}}, {"type": "Feature", "properties": {"couche": "rue", "m": 1050}, "geometry": {"type": "LineString", "coordinates": [[-71.2131, 46.8104], [-71.213, 46.8102]]}}, {"type": "Feature", "properties": {"couche": "rue", "m": 1050}, "geometry": {"type": "LineString", "coordinates": [[-71.2131, 46.8124], [-71.213, 46.8124], [-71.2132, 46.8126]]}}, {"type": "Feature", "properties": {"couche": "rue", "m": 1050}, "geometry": {"type": "LineString", "coordinates": [[-71.2121, 46.8146], [-71.2132, 46.814]]}}, {"type": "Feature", "properties": {"couche": "rue", "m": 1050}, "geometry": {"type": "LineString", "coordinates": [[-71.2131, 46.8114], [-71.2131, 46.811]]}}, {"type": "Feature", "properties": {"couche": "rue", "m": 1050}, "geometry": {"type": "LineString", "coordinates": [[-71.2132, 46.814], [-71.2127, 46.8142]]}}, {"type": "Feature", "properties": {"couche": "rue", "m": 1050}, "geometry": {"type": "LineString", "coordinates": [[-71.2132, 46.814], [-71.213, 46.8135]]}}, {"type": "Feature", "properties": {"couche": "rue", "m": 1050}, "geometry": {"type": "LineString", "coordinates": [[-71.213, 46.81], [-71.2131, 46.8101]]}}, {"type": "Feature", "properties": {"couche": "rue", "m": 1050}, "geometry": {"type": "LineString", "coordinates": [[-71.2131, 46.81], [-71.2129, 46.8098]]}}, {"type": "Feature", "properties": {"couche": "rue", "m": 1050}, "geometry": {"type": "LineString", "coordinates": [[-71.2132, 46.8165], [-71.2127, 46.8166]]}}, {"type": "Feature", "properties": {"couche": "rue", "m": 1050}, "geometry": {"type": "LineString", "coordinates": [[-71.2132, 46.8165], [-71.2128, 46.8161], [-71.2126, 46.8161]]}}, {"type": "Feature", "properties": {"couche": "rue", "m": 1050}, "geometry": {"type": "LineString", "coordinates": [[-71.2131, 46.8155], [-71.2128, 46.8156], [-71.2126, 46.8156]]}}, {"type": "Feature", "properties": {"couche": "rue", "m": 1050}, "geometry": {"type": "LineString", "coordinates": [[-71.2131, 46.8153], [-71.2121, 46.8156]]}}, {"type": "Feature", "properties": {"couche": "rue", "m": 1050}, "geometry": {"type": "LineString", "coordinates": [[-71.213, 46.81], [-71.2129, 46.8101], [-71.213, 46.8102]]}}, {"type": "Feature", "properties": {"couche": "rue", "m": 1050}, "geometry": {"type": "LineString", "coordinates": [[-71.213, 46.81], [-71.2128, 46.8099]]}}, {"type": "Feature", "properties": {"couche": "rue", "m": 1050}, "geometry": {"type": "LineString", "coordinates": [[-71.213, 46.8131], [-71.213, 46.813]]}}, {"type": "Feature", "properties": {"couche": "rue", "m": 1050}, "geometry": {"type": "LineString", "coordinates": [[-71.2128, 46.8129], [-71.2129, 46.8131], [-71.213, 46.8131]]}}, {"type": "Feature", "properties": {"couche": "rue", "m": 1050}, "geometry": {"type": "LineString", "coordinates": [[-71.2124, 46.8139], [-71.213, 46.8135]]}}, {"type": "Feature", "properties": {"couche": "rue", "m": 1050}, "geometry": {"type": "LineString", "coordinates": [[-71.213, 46.8135], [-71.2129, 46.8132]]}}, {"type": "Feature", "properties": {"couche": "rue", "m": 1050}, "geometry": {"type": "LineString", "coordinates": [[-71.213, 46.813], [-71.213, 46.8128]]}}, {"type": "Feature", "properties": {"couche": "rue", "m": 1050}, "geometry": {"type": "LineString", "coordinates": [[-71.213, 46.813], [-71.2129, 46.8129]]}}, {"type": "Feature", "properties": {"couche": "rue", "m": 1050}, "geometry": {"type": "LineString", "coordinates": [[-71.213, 46.8143], [-71.2128, 46.8144]]}}, {"type": "Feature", "properties": {"couche": "rue", "m": 1050}, "geometry": {"type": "LineString", "coordinates": [[-71.213, 46.8173], [-71.2126, 46.8171]]}}, {"type": "Feature", "properties": {"couche": "rue", "m": 1050}, "geometry": {"type": "LineString", "coordinates": [[-71.2127, 46.8168], [-71.213, 46.8173]]}}, {"type": "Feature", "properties": {"couche": "rue", "m": 1050}, "geometry": {"type": "LineString", "coordinates": [[-71.2129, 46.8132], [-71.2121, 46.8136]]}}, {"type": "Feature", "properties": {"couche": "rue", "m": 1050}, "geometry": {"type": "LineString", "coordinates": [[-71.2128, 46.8129], [-71.2129, 46.8132]]}}, {"type": "Feature", "properties": {"couche": "rue", "m": 1050}, "geometry": {"type": "LineString", "coordinates": [[-71.213, 46.8147], [-71.2128, 46.8148]]}}, {"type": "Feature", "properties": {"couche": "rue", "m": 1050}, "geometry": {"type": "LineString", "coordinates": [[-71.213, 46.8147], [-71.2127, 46.8144]]}}, {"type": "Feature", "properties": {"couche": "rue", "m": 1050}, "geometry": {"type": "LineString", "coordinates": [[-71.2126, 46.8157], [-71.2129, 46.8158]]}}, {"type": "Feature", "properties": {"couche": "rue", "m": 1050}, "geometry": {"type": "LineString", "coordinates": [[-71.2126, 46.8158], [-71.2129, 46.8158]]}}, {"type": "Feature", "properties": {"couche": "rue", "m": 1050}, "geometry": {"type": "LineString", "coordinates": [[-71.2124, 46.812], [-71.2127, 46.8119]]}}, {"type": "Feature", "properties": {"couche": "rue", "m": 1050}, "geometry": {"type": "LineString", "coordinates": [[-71.2125, 46.8124], [-71.2128, 46.8128]]}}, {"type": "Feature", "properties": {"couche": "rue", "m": 1050}, "geometry": {"type": "LineString", "coordinates": [[-71.2127, 46.8118], [-71.2124, 46.812]]}}, {"type": "Feature", "properties": {"couche": "rue", "m": 1050}, "geometry": {"type": "LineString", "coordinates": [[-71.2127, 46.8118], [-71.2123, 46.8119], [-71.2124, 46.812]]}}, {"type": "Feature", "properties": {"couche": "rue", "m": 1050}, "geometry": {"type": "LineString", "coordinates": [[-71.2127, 46.8142], [-71.2123, 46.8145]]}}, {"type": "Feature", "properties": {"couche": "rue", "m": 1050}, "geometry": {"type": "LineString", "coordinates": [[-71.2127, 46.8142], [-71.2124, 46.8139]]}}, {"type": "Feature", "properties": {"couche": "rue", "m": 1050}, "geometry": {"type": "LineString", "coordinates": [[-71.2127, 46.8128], [-71.2124, 46.8121]]}}, {"type": "Feature", "properties": {"couche": "rue", "m": 1050}, "geometry": {"type": "LineString", "coordinates": [[-71.2127, 46.8129], [-71.2123, 46.8131]]}}, {"type": "Feature", "properties": {"couche": "rue", "m": 1050}, "geometry": {"type": "LineString", "coordinates": [[-71.2127, 46.813], [-71.2119, 46.8134]]}}, {"type": "Feature", "properties": {"couche": "rue", "m": 1050}, "geometry": {"type": "LineString", "coordinates": [[-71.2127, 46.8129], [-71.2123, 46.813]]}}, {"type": "Feature", "properties": {"couche": "rue", "m": 1050}, "geometry": {"type": "LineString", "coordinates": [[-71.2127, 46.8129], [-71.2123, 46.8121], [-71.2124, 46.8121]]}}, {"type": "Feature", "properties": {"couche": "rue", "m": 1050}, "geometry": {"type": "LineString", "coordinates": [[-71.2127, 46.8166], [-71.2126, 46.8165], [-71.2126, 46.8161]]}}, {"type": "Feature", "properties": {"couche": "rue", "m": 1050}, "geometry": {"type": "LineString", "coordinates": [[-71.2119, 46.8155], [-71.2127, 46.8152]]}}, {"type": "Feature", "properties": {"couche": "rue", "m": 1050}, "geometry": {"type": "LineString", "coordinates": [[-71.2125, 46.8122], [-71.2125, 46.8121], [-71.2126, 46.812]]}}, {"type": "Feature", "properties": {"couche": "rue", "m": 1050}, "geometry": {"type": "LineString", "coordinates": [[-71.2127, 46.8168], [-71.2126, 46.8171]]}}, {"type": "Feature", "properties": {"couche": "rue", "m": 1050}, "geometry": {"type": "LineString", "coordinates": [[-71.2126, 46.8152], [-71.2118, 46.8155]]}}, {"type": "Feature", "properties": {"couche": "rue", "m": 1050}, "geometry": {"type": "LineString", "coordinates": [[-71.2126, 46.8156], [-71.2121, 46.8156]]}}, {"type": "Feature", "properties": {"couche": "rue", "m": 1050}, "geometry": {"type": "LineString", "coordinates": [[-71.2126, 46.8161], [-71.2126, 46.8158]]}}, {"type": "Feature", "properties": {"couche": "rue", "m": 1050}, "geometry": {"type": "LineString", "coordinates": [[-71.2125, 46.8124], [-71.2125, 46.8122]]}}, {"type": "Feature", "properties": {"couche": "rue", "m": 1050}, "geometry": {"type": "LineString", "coordinates": [[-71.2125, 46.8161], [-71.2126, 46.8166]]}}, {"type": "Feature", "properties": {"couche": "rue", "m": 1050}, "geometry": {"type": "LineString", "coordinates": [[-71.2126, 46.8168], [-71.2122, 46.8169]]}}, {"type": "Feature", "properties": {"couche": "rue", "m": 1050}, "geometry": {"type": "LineString", "coordinates": [[-71.2122, 46.8169], [-71.2126, 46.8171]]}}, {"type": "Feature", "properties": {"couche": "rue", "m": 1050}, "geometry": {"type": "LineString", "coordinates": [[-71.2125, 46.8161], [-71.2125, 46.8158]]}}, {"type": "Feature", "properties": {"couche": "rue", "m": 1050}, "geometry": {"type": "LineString", "coordinates": [[-71.2124, 46.812], [-71.2125, 46.8122]]}}, {"type": "Feature", "properties": {"couche": "rue", "m": 1050}, "geometry": {"type": "LineString", "coordinates": [[-71.2123, 46.8158], [-71.2125, 46.8158]]}}, {"type": "Feature", "properties": {"couche": "rue", "m": 1050}, "geometry": {"type": "LineString", "coordinates": [[-71.2121, 46.8168], [-71.2125, 46.8167]]}}, {"type": "Feature", "properties": {"couche": "rue", "m": 1050}, "geometry": {"type": "LineString", "coordinates": [[-71.2121, 46.8167], [-71.2125, 46.8166]]}}, {"type": "Feature", "properties": {"couche": "rue", "m": 1050}, "geometry": {"type": "LineString", "coordinates": [[-71.2125, 46.8157], [-71.212, 46.8157]]}}, {"type": "Feature", "properties": {"couche": "rue", "m": 1050}, "geometry": {"type": "LineString", "coordinates": [[-71.2125, 46.8152], [-71.2119, 46.8154], [-71.2118, 46.8154]]}}, {"type": "Feature", "properties": {"couche": "rue", "m": 1050}, "geometry": {"type": "LineString", "coordinates": [[-71.2124, 46.8157], [-71.212, 46.8158]]}}, {"type": "Feature", "properties": {"couche": "rue", "m": 1050}, "geometry": {"type": "LineString", "coordinates": [[-71.2123, 46.8158], [-71.2124, 46.8157]]}}, {"type": "Feature", "properties": {"couche": "rue", "m": 1050}, "geometry": {"type": "LineString", "coordinates": [[-71.2124, 46.8139], [-71.2119, 46.8141], [-71.2123, 46.8145]]}}, {"type": "Feature", "properties": {"couche": "rue", "m": 1050}, "geometry": {"type": "LineString", "coordinates": [[-71.2124, 46.8139], [-71.2121, 46.8136]]}}, {"type": "Feature", "properties": {"couche": "rue", "m": 1050}, "geometry": {"type": "LineString", "coordinates": [[-71.2123, 46.8131], [-71.2118, 46.8133]]}}, {"type": "Feature", "properties": {"couche": "rue", "m": 1050}, "geometry": {"type": "LineString", "coordinates": [[-71.2123, 46.8158], [-71.2121, 46.816]]}}, {"type": "Feature", "properties": {"couche": "rue", "m": 1050}, "geometry": {"type": "LineString", "coordinates": [[-71.2118, 46.8133], [-71.2123, 46.8131]]}}, {"type": "Feature", "properties": {"couche": "rue", "m": 1050}, "geometry": {"type": "LineString", "coordinates": [[-71.2123, 46.8131], [-71.2119, 46.8128]]}}, {"type": "Feature", "properties": {"couche": "rue", "m": 1050}, "geometry": {"type": "LineString", "coordinates": [[-71.2123, 46.8145], [-71.2121, 46.8146]]}}, {"type": "Feature", "properties": {"couche": "rue", "m": 1050}, "geometry": {"type": "LineString", "coordinates": [[-71.2123, 46.8148], [-71.2121, 46.8146]]}}, {"type": "Feature", "properties": {"couche": "rue", "m": 1050}, "geometry": {"type": "LineString", "coordinates": [[-71.2122, 46.8169], [-71.2121, 46.8168]]}}, {"type": "Feature", "properties": {"couche": "rue", "m": 1050}, "geometry": {"type": "LineString", "coordinates": [[-71.2119, 46.8134], [-71.2121, 46.8136]]}}, {"type": "Feature", "properties": {"couche": "rue", "m": 1050}, "geometry": {"type": "LineString", "coordinates": [[-71.2118, 46.8148], [-71.2121, 46.8146]]}}, {"type": "Feature", "properties": {"couche": "rue", "m": 1050}, "geometry": {"type": "LineString", "coordinates": [[-71.2121, 46.8167], [-71.2116, 46.8162]]}}, {"type": "Feature", "properties": {"couche": "rue", "m": 1050}, "geometry": {"type": "LineString", "coordinates": [[-71.2121, 46.8156], [-71.2119, 46.8155]]}}, {"type": "Feature", "properties": {"couche": "rue", "m": 1050}, "geometry": {"type": "LineString", "coordinates": [[-71.2121, 46.8169], [-71.212, 46.8168]]}}, {"type": "Feature", "properties": {"couche": "rue", "m": 1050}, "geometry": {"type": "LineString", "coordinates": [[-71.2121, 46.816], [-71.2116, 46.8162]]}}, {"type": "Feature", "properties": {"couche": "rue", "m": 1050}, "geometry": {"type": "LineString", "coordinates": [[-71.212, 46.8158], [-71.2118, 46.8159]]}}, {"type": "Feature", "properties": {"couche": "rue", "m": 1050}, "geometry": {"type": "LineString", "coordinates": [[-71.2119, 46.8168], [-71.2119, 46.8167], [-71.212, 46.8167]]}}, {"type": "Feature", "properties": {"couche": "rue", "m": 1050}, "geometry": {"type": "LineString", "coordinates": [[-71.212, 46.8167], [-71.2116, 46.8162]]}}, {"type": "Feature", "properties": {"couche": "rue", "m": 1050}, "geometry": {"type": "LineString", "coordinates": [[-71.212, 46.8157], [-71.2117, 46.8155]]}}, {"type": "Feature", "properties": {"couche": "rue", "m": 1050}, "geometry": {"type": "LineString", "coordinates": [[-71.2119, 46.8169], [-71.2119, 46.8168]]}}, {"type": "Feature", "properties": {"couche": "rue", "m": 1050}, "geometry": {"type": "LineString", "coordinates": [[-71.2118, 46.8158], [-71.2119, 46.8157]]}}, {"type": "Feature", "properties": {"couche": "rue", "m": 1050}, "geometry": {"type": "LineString", "coordinates": [[-71.2117, 46.8157], [-71.2118, 46.8157]]}}, {"type": "Feature", "properties": {"couche": "rue", "m": 1050}, "geometry": {"type": "LineString", "coordinates": [[-71.2118, 46.8157], [-71.2114, 46.8153]]}}, {"type": "Feature", "properties": {"couche": "rue", "m": 1050}, "geometry": {"type": "LineString", "coordinates": [[-71.2118, 46.8154], [-71.2114, 46.815]]}}, {"type": "Feature", "properties": {"couche": "rue", "m": 1050}, "geometry": {"type": "LineString", "coordinates": [[-71.2117, 46.8155], [-71.2115, 46.8153]]}}, {"type": "Feature", "properties": {"couche": "rue", "m": 1050}, "geometry": {"type": "LineString", "coordinates": [[-71.2111, 46.8159], [-71.2117, 46.8157]]}}, {"type": "Feature", "properties": {"couche": "rue", "m": 1050}, "geometry": {"type": "LineString", "coordinates": [[-71.2117, 46.8157], [-71.2117, 46.8158], [-71.2112, 46.8159]]}}, {"type": "Feature", "properties": {"couche": "rue", "m": 1050}, "geometry": {"type": "LineString", "coordinates": [[-71.2114, 46.815], [-71.2113, 46.8151], [-71.2115, 46.8153]]}}, {"type": "Feature", "properties": {"couche": "rue", "m": 1200}, "geometry": {"type": "LineString", "coordinates": [[-71.235, 46.8119], [-71.2356, 46.812]]}}, {"type": "Feature", "properties": {"couche": "rue", "m": 1200}, "geometry": {"type": "LineString", "coordinates": [[-71.2351, 46.8119], [-71.2356, 46.812]]}}, {"type": "Feature", "properties": {"couche": "rue", "m": 1200}, "geometry": {"type": "LineString", "coordinates": [[-71.2351, 46.8118], [-71.2355, 46.8119]]}}, {"type": "Feature", "properties": {"couche": "rue", "m": 1200}, "geometry": {"type": "LineString", "coordinates": [[-71.2351, 46.8117], [-71.2354, 46.8116]]}}, {"type": "Feature", "properties": {"couche": "rue", "m": 1200}, "geometry": {"type": "LineString", "coordinates": [[-71.2345, 46.8123], [-71.2352, 46.8125]]}}, {"type": "Feature", "properties": {"couche": "rue", "m": 1200}, "geometry": {"type": "LineString", "coordinates": [[-71.2337, 46.8125], [-71.235, 46.8129]]}}, {"type": "Feature", "properties": {"couche": "rue", "m": 1200}, "geometry": {"type": "LineString", "coordinates": [[-71.2338, 46.8108], [-71.2349, 46.8101]]}}, {"type": "Feature", "properties": {"couche": "rue", "m": 1200}, "geometry": {"type": "LineString", "coordinates": [[-71.2349, 46.8107], [-71.2347, 46.8108], [-71.2349, 46.8109]]}}, {"type": "Feature", "properties": {"couche": "rue", "m": 1200}, "geometry": {"type": "LineString", "coordinates": [[-71.2347, 46.8114], [-71.2348, 46.8113]]}}, {"type": "Feature", "properties": {"couche": "rue", "m": 1200}, "geometry": {"type": "LineString", "coordinates": [[-71.2347, 46.8097], [-71.2346, 46.8098], [-71.2347, 46.8099]]}}, {"type": "Feature", "properties": {"couche": "rue", "m": 1200}, "geometry": {"type": "LineString", "coordinates": [[-71.2342, 46.8094], [-71.2341, 46.8094], [-71.234, 46.8093]]}}, {"type": "Feature", "properties": {"couche": "rue", "m": 1200}, "geometry": {"type": "LineString", "coordinates": [[-71.2321, 46.8153], [-71.2338, 46.8152]]}}, {"type": "Feature", "properties": {"couche": "rue", "m": 1200}, "geometry": {"type": "LineString", "coordinates": [[-71.2323, 46.8153], [-71.2338, 46.8153]]}}, {"type": "Feature", "properties": {"couche": "rue", "m": 1200}, "geometry": {"type": "LineString", "coordinates": [[-71.2336, 46.8086], [-71.2333, 46.8088], [-71.2335, 46.809]]}}, {"type": "Feature", "properties": {"couche": "rue", "m": 1200}, "geometry": {"type": "LineString", "coordinates": [[-71.2336, 46.8135], [-71.2333, 46.813]]}}, {"type": "Feature", "properties": {"couche": "rue", "m": 1200}, "geometry": {"type": "LineString", "coordinates": [[-71.2325, 46.8098], [-71.2335, 46.8092]]}}, {"type": "Feature", "properties": {"couche": "rue", "m": 1200}, "geometry": {"type": "LineString", "coordinates": [[-71.232, 46.8078], [-71.2327, 46.8073]]}}, {"type": "Feature", "properties": {"couche": "rue", "m": 1200}, "geometry": {"type": "LineString", "coordinates": [[-71.2324, 46.8081], [-71.2326, 46.8079]]}}, {"type": "Feature", "properties": {"couche": "rue", "m": 1200}, "geometry": {"type": "LineString", "coordinates": [[-71.2317, 46.8076], [-71.2321, 46.8073]]}}, {"type": "Feature", "properties": {"couche": "rue", "m": 1200}, "geometry": {"type": "LineString", "coordinates": [[-71.2318, 46.8182], [-71.2322, 46.8182]]}}, {"type": "Feature", "properties": {"couche": "rue", "m": 1200}, "geometry": {"type": "LineString", "coordinates": [[-71.2317, 46.8187], [-71.2319, 46.8188]]}}, {"type": "Feature", "properties": {"couche": "rue", "m": 1200}, "geometry": {"type": "LineString", "coordinates": [[-71.2317, 46.8185], [-71.2319, 46.8184]]}}, {"type": "Feature", "properties": {"couche": "rue", "m": 1200}, "geometry": {"type": "LineString", "coordinates": [[-71.2314, 46.8074], [-71.2313, 46.8073]]}}, {"type": "Feature", "properties": {"couche": "rue", "m": 1200}, "geometry": {"type": "LineString", "coordinates": [[-71.2316, 46.8186], [-71.2313, 46.8189]]}}, {"type": "Feature", "properties": {"couche": "rue", "m": 1200}, "geometry": {"type": "LineString", "coordinates": [[-71.2308, 46.8191], [-71.2307, 46.8192]]}}, {"type": "Feature", "properties": {"couche": "rue", "m": 1200}, "geometry": {"type": "LineString", "coordinates": [[-71.2305, 46.8169], [-71.2306, 46.8171]]}}, {"type": "Feature", "properties": {"couche": "rue", "m": 1200}, "geometry": {"type": "LineString", "coordinates": [[-71.2295, 46.8193], [-71.2296, 46.8194]]}}, {"type": "Feature", "properties": {"couche": "rue", "m": 1200}, "geometry": {"type": "LineString", "coordinates": [[-71.2291, 46.8068], [-71.2289, 46.8068]]}}, {"type": "Feature", "properties": {"couche": "rue", "m": 1200}, "geometry": {"type": "LineString", "coordinates": [[-71.2277, 46.8065], [-71.2279, 46.8063]]}}, {"type": "Feature", "properties": {"couche": "rue", "m": 1200}, "geometry": {"type": "LineString", "coordinates": [[-71.2273, 46.8064], [-71.2272, 46.8063]]}}, {"type": "Feature", "properties": {"couche": "rue", "m": 1200}, "geometry": {"type": "LineString", "coordinates": [[-71.2266, 46.8063], [-71.2264, 46.8064], [-71.2265, 46.8063]]}}, {"type": "Feature", "properties": {"couche": "rue", "m": 1200}, "geometry": {"type": "LineString", "coordinates": [[-71.2254, 46.8064], [-71.2259, 46.8062]]}}, {"type": "Feature", "properties": {"couche": "rue", "m": 1200}, "geometry": {"type": "LineString", "coordinates": [[-71.2247, 46.8064], [-71.2254, 46.806]]}}, {"type": "Feature", "properties": {"couche": "rue", "m": 1200}, "geometry": {"type": "LineString", "coordinates": [[-71.2246, 46.8206], [-71.2247, 46.8207]]}}, {"type": "Feature", "properties": {"couche": "rue", "m": 1200}, "geometry": {"type": "LineString", "coordinates": [[-71.2242, 46.8206], [-71.2241, 46.8204], [-71.2239, 46.8205]]}}, {"type": "Feature", "properties": {"couche": "rue", "m": 1200}, "geometry": {"type": "LineString", "coordinates": [[-71.2238, 46.8202], [-71.2232, 46.8204]]}}, {"type": "Feature", "properties": {"couche": "rue", "m": 1200}, "geometry": {"type": "LineString", "coordinates": [[-71.223, 46.8056], [-71.2227, 46.8058], [-71.2225, 46.8056]]}}, {"type": "Feature", "properties": {"couche": "rue", "m": 1200}, "geometry": {"type": "LineString", "coordinates": [[-71.2208, 46.806], [-71.222, 46.8053]]}}, {"type": "Feature", "properties": {"couche": "rue", "m": 1200}, "geometry": {"type": "LineString", "coordinates": [[-71.2209, 46.8196], [-71.2205, 46.8197]]}}, {"type": "Feature", "properties": {"couche": "rue", "m": 1200}, "geometry": {"type": "LineString", "coordinates": [[-71.2205, 46.8059], [-71.2199, 46.805]]}}, {"type": "Feature", "properties": {"couche": "rue", "m": 1200}, "geometry": {"type": "LineString", "coordinates": [[-71.2204, 46.8195], [-71.2202, 46.8195]]}}, {"type": "Feature", "properties": {"couche": "rue", "m": 1200}, "geometry": {"type": "LineString", "coordinates": [[-71.2195, 46.8191], [-71.2197, 46.8194]]}}, {"type": "Feature", "properties": {"couche": "rue", "m": 1200}, "geometry": {"type": "LineString", "coordinates": [[-71.2195, 46.8064], [-71.219, 46.8056]]}}, {"type": "Feature", "properties": {"couche": "rue", "m": 1200}, "geometry": {"type": "LineString", "coordinates": [[-71.2185, 46.8067], [-71.2185, 46.8065]]}}, {"type": "Feature", "properties": {"couche": "rue", "m": 1200}, "geometry": {"type": "LineString", "coordinates": [[-71.2174, 46.8068], [-71.2173, 46.8066]]}}, {"type": "Feature", "properties": {"couche": "rue", "m": 1200}, "geometry": {"type": "LineString", "coordinates": [[-71.217, 46.8072], [-71.2168, 46.8073]]}}, {"type": "Feature", "properties": {"couche": "rue", "m": 1200}, "geometry": {"type": "LineString", "coordinates": [[-71.2165, 46.8174], [-71.217, 46.8187]]}}, {"type": "Feature", "properties": {"couche": "rue", "m": 1200}, "geometry": {"type": "LineString", "coordinates": [[-71.2154, 46.81], [-71.2159, 46.8105]]}}, {"type": "Feature", "properties": {"couche": "rue", "m": 1200}, "geometry": {"type": "LineString", "coordinates": [[-71.2156, 46.8102], [-71.2158, 46.8106]]}}, {"type": "Feature", "properties": {"couche": "rue", "m": 1200}, "geometry": {"type": "LineString", "coordinates": [[-71.2158, 46.8183], [-71.2157, 46.8192]]}}, {"type": "Feature", "properties": {"couche": "rue", "m": 1200}, "geometry": {"type": "LineString", "coordinates": [[-71.2155, 46.8078], [-71.2157, 46.8077]]}}, {"type": "Feature", "properties": {"couche": "rue", "m": 1200}, "geometry": {"type": "LineString", "coordinates": [[-71.2155, 46.8106], [-71.2152, 46.8103], [-71.2154, 46.8106]]}}, {"type": "Feature", "properties": {"couche": "rue", "m": 1200}, "geometry": {"type": "LineString", "coordinates": [[-71.2155, 46.8191], [-71.2155, 46.8193]]}}, {"type": "Feature", "properties": {"couche": "rue", "m": 1200}, "geometry": {"type": "LineString", "coordinates": [[-71.2153, 46.8087], [-71.2151, 46.8084]]}}, {"type": "Feature", "properties": {"couche": "rue", "m": 1200}, "geometry": {"type": "LineString", "coordinates": [[-71.2154, 46.8183], [-71.2152, 46.8191]]}}, {"type": "Feature", "properties": {"couche": "rue", "m": 1200}, "geometry": {"type": "LineString", "coordinates": [[-71.2152, 46.8087], [-71.2151, 46.8085]]}}, {"type": "Feature", "properties": {"couche": "rue", "m": 1200}, "geometry": {"type": "LineString", "coordinates": [[-71.2152, 46.8088], [-71.215, 46.8086]]}}, {"type": "Feature", "properties": {"couche": "rue", "m": 1200}, "geometry": {"type": "LineString", "coordinates": [[-71.2152, 46.8168], [-71.2152, 46.817]]}}, {"type": "Feature", "properties": {"couche": "rue", "m": 1200}, "geometry": {"type": "LineString", "coordinates": [[-71.2152, 46.8186], [-71.2151, 46.8191]]}}, {"type": "Feature", "properties": {"couche": "rue", "m": 1200}, "geometry": {"type": "LineString", "coordinates": [[-71.2141, 46.8096], [-71.214, 46.8095]]}}, {"type": "Feature", "properties": {"couche": "rue", "m": 1200}, "geometry": {"type": "LineString", "coordinates": [[-71.214, 46.8147], [-71.2141, 46.8149]]}}, {"type": "Feature", "properties": {"couche": "rue", "m": 1200}, "geometry": {"type": "LineString", "coordinates": [[-71.2139, 46.8095], [-71.2137, 46.8096], [-71.2135, 46.8095]]}}, {"type": "Feature", "properties": {"couche": "rue", "m": 1200}, "geometry": {"type": "LineString", "coordinates": [[-71.2135, 46.8174], [-71.2137, 46.8177]]}}, {"type": "Feature", "properties": {"couche": "rue", "m": 1200}, "geometry": {"type": "LineString", "coordinates": [[-71.2134, 46.8174], [-71.2135, 46.8176]]}}, {"type": "Feature", "properties": {"couche": "rue", "m": 1200}, "geometry": {"type": "LineString", "coordinates": [[-71.2133, 46.8174], [-71.213, 46.8175]]}}, {"type": "Feature", "properties": {"couche": "rue", "m": 1200}, "geometry": {"type": "LineString", "coordinates": [[-71.2131, 46.8174], [-71.2129, 46.8175]]}}, {"type": "Feature", "properties": {"couche": "rue", "m": 1200}, "geometry": {"type": "LineString", "coordinates": [[-71.2128, 46.8148], [-71.213, 46.815]]}}, {"type": "Feature", "properties": {"couche": "rue", "m": 1200}, "geometry": {"type": "LineString", "coordinates": [[-71.2131, 46.8174], [-71.2127, 46.8175]]}}, {"type": "Feature", "properties": {"couche": "rue", "m": 1200}, "geometry": {"type": "LineString", "coordinates": [[-71.2127, 46.8119], [-71.213, 46.8122]]}}, {"type": "Feature", "properties": {"couche": "rue", "m": 1200}, "geometry": {"type": "LineString", "coordinates": [[-71.2129, 46.8101], [-71.2126, 46.8102]]}}, {"type": "Feature", "properties": {"couche": "rue", "m": 1200}, "geometry": {"type": "LineString", "coordinates": [[-71.2129, 46.8126], [-71.2128, 46.8124]]}}, {"type": "Feature", "properties": {"couche": "rue", "m": 1200}, "geometry": {"type": "LineString", "coordinates": [[-71.2126, 46.8106], [-71.2125, 46.8104]]}}, {"type": "Feature", "properties": {"couche": "rue", "m": 1200}, "geometry": {"type": "LineString", "coordinates": [[-71.2126, 46.8171], [-71.2125, 46.8173]]}}, {"type": "Feature", "properties": {"couche": "rue", "m": 1200}, "geometry": {"type": "LineString", "coordinates": [[-71.2125, 46.8166], [-71.2125, 46.816]]}}, {"type": "Feature", "properties": {"couche": "rue", "m": 1200}, "geometry": {"type": "LineString", "coordinates": [[-71.2123, 46.813], [-71.2118, 46.8126]]}}, {"type": "Feature", "properties": {"couche": "rue", "m": 1200}, "geometry": {"type": "LineString", "coordinates": [[-71.2121, 46.8146], [-71.2123, 46.8148]]}}, {"type": "Feature", "properties": {"couche": "rue", "m": 1200}, "geometry": {"type": "LineString", "coordinates": [[-71.2122, 46.8169], [-71.2123, 46.8171]]}}, {"type": "Feature", "properties": {"couche": "rue", "m": 1200}, "geometry": {"type": "LineString", "coordinates": [[-71.2121, 46.8169], [-71.2122, 46.8171]]}}, {"type": "Feature", "properties": {"couche": "rue", "m": 1200}, "geometry": {"type": "LineString", "coordinates": [[-71.2121, 46.8146], [-71.2117, 46.8148]]}}, {"type": "Feature", "properties": {"couche": "rue", "m": 1200}, "geometry": {"type": "LineString", "coordinates": [[-71.212, 46.8159], [-71.2112, 46.8163]]}}, {"type": "Feature", "properties": {"couche": "rue", "m": 1200}, "geometry": {"type": "LineString", "coordinates": [[-71.2116, 46.8162], [-71.2119, 46.816]]}}, {"type": "Feature", "properties": {"couche": "rue", "m": 1200}, "geometry": {"type": "LineString", "coordinates": [[-71.2119, 46.8134], [-71.2117, 46.8134]]}}, {"type": "Feature", "properties": {"couche": "rue", "m": 1200}, "geometry": {"type": "LineString", "coordinates": [[-71.2119, 46.8167], [-71.2116, 46.8168]]}}, {"type": "Feature", "properties": {"couche": "rue", "m": 1200}, "geometry": {"type": "LineString", "coordinates": [[-71.2118, 46.8133], [-71.2117, 46.8134]]}}, {"type": "Feature", "properties": {"couche": "rue", "m": 1200}, "geometry": {"type": "LineString", "coordinates": [[-71.2118, 46.8159], [-71.2111, 46.8162]]}}, {"type": "Feature", "properties": {"couche": "rue", "m": 1200}, "geometry": {"type": "LineString", "coordinates": [[-71.2118, 46.8158], [-71.2111, 46.8161]]}}, {"type": "Feature", "properties": {"couche": "rue", "m": 1200}, "geometry": {"type": "LineString", "coordinates": [[-71.2117, 46.8133], [-71.2118, 46.8133], [-71.2117, 46.8134]]}}, {"type": "Feature", "properties": {"couche": "rue", "m": 1200}, "geometry": {"type": "LineString", "coordinates": [[-71.2116, 46.8162], [-71.2112, 46.8163]]}}, {"type": "Feature", "properties": {"couche": "rue", "m": 1200}, "geometry": {"type": "LineString", "coordinates": [[-71.2116, 46.8162], [-71.2113, 46.8163]]}}, {"type": "Feature", "properties": {"couche": "rue", "m": 1200}, "geometry": {"type": "LineString", "coordinates": [[-71.2114, 46.8153], [-71.2112, 46.8152]]}}, {"type": "Feature", "properties": {"couche": "rue", "m": 1200}, "geometry": {"type": "LineString", "coordinates": [[-71.2112, 46.8159], [-71.211, 46.816]]}}, {"type": "Feature", "properties": {"couche": "rue", "m": 1200}, "geometry": {"type": "LineString", "coordinates": [[-71.2111, 46.8159], [-71.211, 46.816]]}}]}