{"type": "FeatureCollection", "metadata": {"script": "scripts/analysis/tramway-isochrones.py", "genere_le": "2026-10-05", "source": "OpenStreetMap (ODbL) ; Statistique Canada, Recensement 2021", "attribution": "© les contributeurs d'OpenStreetMap", "titre": "Aires de marche et voiles — 18e Rue", "paliers_min": [2, 3, 4, 5, 6, 7, 8, 9, 10, 11, 12, 13, 14, 15], "vitesse_kmh": 4.2, "methode": "Dijkstra sur le réseau marchable d'OpenStreetMap à 4.2 km/h ; couloir de 40 m autour des rues atteintes. Chaque voile est le complément de l'aire du même palier. Population par pondération de surface des aires de diffusion.", "trous": "comblés — intérieurs de grands îlots, pas des zones inaccessibles", "modes": "Mode de transport domicile–travail, recensement 2021 (mai 2021, en pleine pandémie), données-échantillon 25 %, réparti par pondération de surface."}, "features": [{"type": "Feature", "properties": {"couche": "aire_marche", "station": "18e Rue", "ordre": 26, "minutes": 2, "superficie_ha": 5.4, "rue_km": 1.29, "disque_ha": 6.2, "part_disque_pct": 86, "accroche_m": 1, "population": 464, "navetteurs": 230, "mode_auto_pct": 51, "mode_tc_pct": 22, "mode_actif_pct": 27, "mode_autre_pct": 0}, "geometry": {"type": "Polygon", "coordinates": [[[-71.2394, 46.8301], [-71.2393, 46.8304], [-71.2393, 46.8307], [-71.2392, 46.8309], [-71.2391, 46.831], [-71.239, 46.8312], [-71.2388, 46.8313], [-71.2386, 46.8313], [-71.2384, 46.8314], [-71.2382, 46.8313], [-71.238, 46.8313], [-71.2378, 46.8313], [-71.2377, 46.8313], [-71.2376, 46.8312], [-71.2375, 46.8312], [-71.2374, 46.8311], [-71.2373, 46.8311], [-71.2373, 46.831], [-71.2373, 46.8309], [-71.2372, 46.8309], [-71.2371, 46.8309], [-71.237, 46.8309], [-71.2369, 46.8308], [-71.2368, 46.8308], [-71.2366, 46.8309], [-71.2364, 46.8309], [-71.2363, 46.8309], [-71.2362, 46.8309], [-71.2361, 46.8309], [-71.2361, 46.8308], [-71.2361, 46.8308], [-71.2361, 46.8307], [-71.2362, 46.8306], [-71.2363, 46.8305], [-71.2363, 46.8304], [-71.2364, 46.8304], [-71.2364, 46.8303], [-71.2364, 46.8302], [-71.2364, 46.8302], [-71.2364, 46.8301], [-71.2363, 46.8301], [-71.2362, 46.83], [-71.2362, 46.83], [-71.2361, 46.8299], [-71.2361, 46.8298], [-71.236, 46.8298], [-71.236, 46.8297], [-71.2361, 46.8296], [-71.2361, 46.8294], [-71.2361, 46.8293], [-71.2362, 46.8292], [-71.2364, 46.8291], [-71.2366, 46.829], [-71.2368, 46.829], [-71.2371, 46.829], [-71.2374, 46.829], [-71.2377, 46.829], [-71.2381, 46.829], [-71.2385, 46.8291], [-71.2388, 46.8292], [-71.239, 46.8293], [-71.2392, 46.8295], [-71.2393, 46.8296], [-71.2394, 46.8299], [-71.2394, 46.8301]]]}}, {"type": "Feature", "properties": {"couche": "voile", "station": "18e Rue", "minutes": 2}, "geometry": {"type": "Polygon", "coordinates": [[[-71.3985, 46.9382], [-71.0799, 46.9403], [-71.0775, 46.722], [-71.3949, 46.7199], [-71.3985, 46.9382]], [[-71.2394, 46.8299], [-71.2393, 46.8296], [-71.2392, 46.8295], [-71.239, 46.8293], [-71.2388, 46.8292], [-71.2385, 46.8291], [-71.2381, 46.829], [-71.2377, 46.829], [-71.2374, 46.829], [-71.2371, 46.829], [-71.2368, 46.829], [-71.2366, 46.829], [-71.2364, 46.8291], [-71.2362, 46.8292], [-71.2361, 46.8293], [-71.2361, 46.8294], [-71.2361, 46.8296], [-71.236, 46.8297], [-71.236, 46.8298], [-71.2361, 46.8298], [-71.2361, 46.8299], [-71.2362, 46.83], [-71.2363, 46.8301], [-71.2364, 46.8301], [-71.2364, 46.8302], [-71.2364, 46.8303], [-71.2364, 46.8304], [-71.2363, 46.8304], [-71.2363, 46.8305], [-71.2362, 46.8306], [-71.2361, 46.8307], [-71.2361, 46.8308], [-71.2361, 46.8309], [-71.2362, 46.8309], [-71.2363, 46.8309], [-71.2364, 46.8309], [-71.2366, 46.8309], [-71.2368, 46.8308], [-71.2369, 46.8308], [-71.237, 46.8309], [-71.2371, 46.8309], [-71.2372, 46.8309], [-71.2373, 46.8309], [-71.2373, 46.831], [-71.2373, 46.8311], [-71.2374, 46.8311], [-71.2375, 46.8312], [-71.2376, 46.8312], [-71.2377, 46.8313], [-71.2378, 46.8313], [-71.238, 46.8313], [-71.2382, 46.8313], [-71.2384, 46.8314], [-71.2386, 46.8313], [-71.2388, 46.8313], [-71.239, 46.8312], [-71.2391, 46.831], [-71.2392, 46.8309], [-71.2393, 46.8307], [-71.2393, 46.8304], [-71.2394, 46.8301], [-71.2394, 46.8299]]]}}, {"type": "Feature", "properties": {"couche": "aire_marche", "station": "18e Rue", "ordre": 26, "minutes": 3, "superficie_ha": 10.7, "rue_km": 2.49, "disque_ha": 13.9, "part_disque_pct": 77, "accroche_m": 1, "population": 871, "navetteurs": 412, "mode_auto_pct": 51, "mode_tc_pct": 23, "mode_actif_pct": 26, "mode_autre_pct": 0}, "geometry": {"type": "Polygon", "coordinates": [[[-71.24, 46.8302], [-71.2399, 46.8306], [-71.2398, 46.8309], [-71.2397, 46.8312], [-71.2396, 46.8315], [-71.2394, 46.8317], [-71.2393, 46.8318], [-71.2391, 46.8319], [-71.2389, 46.8319], [-71.2388, 46.8319], [-71.2386, 46.8318], [-71.2385, 46.8318], [-71.2384, 46.8318], [-71.2383, 46.8317], [-71.2382, 46.8316], [-71.2382, 46.8316], [-71.2382, 46.8315], [-71.2382, 46.8314], [-71.2382, 46.8313], [-71.2382, 46.8313], [-71.2381, 46.8313], [-71.238, 46.8313], [-71.2379, 46.8313], [-71.2378, 46.8313], [-71.2377, 46.8314], [-71.2375, 46.8314], [-71.2374, 46.8315], [-71.2372, 46.8315], [-71.237, 46.8316], [-71.2368, 46.8316], [-71.2366, 46.8316], [-71.2364, 46.8315], [-71.2361, 46.8315], [-71.2359, 46.8315], [-71.2357, 46.8314], [-71.2355, 46.8314], [-71.2354, 46.8313], [-71.2353, 46.8312], [-71.2353, 46.8312], [-71.2353, 46.8311], [-71.2353, 46.831], [-71.2354, 46.8309], [-71.2354, 46.8308], [-71.2355, 46.8307], [-71.2355, 46.8307], [-71.2355, 46.8306], [-71.2355, 46.8305], [-71.2355, 46.8304], [-71.2354, 46.8303], [-71.2354, 46.8302], [-71.2353, 46.8302], [-71.2353, 46.8301], [-71.2353, 46.83], [-71.2354, 46.8299], [-71.2355, 46.8299], [-71.2356, 46.8298], [-71.2357, 46.8297], [-71.2358, 46.8297], [-71.2359, 46.8296], [-71.236, 46.8296], [-71.2361, 46.8295], [-71.2361, 46.8294], [-71.2361, 46.8294], [-71.236, 46.8293], [-71.236, 46.8292], [-71.2359, 46.8292], [-71.2358, 46.8291], [-71.2357, 46.829], [-71.2357, 46.829], [-71.2357, 46.8289], [-71.2356, 46.8288], [-71.2356, 46.8287], [-71.2357, 46.8287], [-71.2357, 46.8286], [-71.2358, 46.8285], [-71.2358, 46.8285], [-71.2359, 46.8285], [-71.236, 46.8285], [-71.2361, 46.8285], [-71.2363, 46.8285], [-71.2364, 46.8286], [-71.2366, 46.8287], [-71.2367, 46.8288], [-71.2369, 46.8288], [-71.237, 46.8288], [-71.2372, 46.8289], [-71.2374, 46.8288], [-71.2376, 46.8288], [-71.2377, 46.8288], [-71.2379, 46.8287], [-71.2381, 46.8287], [-71.2383, 46.8286], [-71.2385, 46.8286], [-71.2387, 46.8286], [-71.2389, 46.8286], [-71.2391, 46.8286], [-71.2393, 46.8286], [-71.2396, 46.8287], [-71.2398, 46.8288], [-71.2399, 46.8289], [-71.24, 46.8291], [-71.2401, 46.8293], [-71.2401, 46.8295], [-71.2401, 46.8299], [-71.24, 46.8302]]]}}, {"type": "Feature", "properties": {"couche": "voile", "station": "18e Rue", "minutes": 3}, "geometry": {"type": "Polygon", "coordinates": [[[-71.3992, 46.9387], [-71.0792, 46.9408], [-71.0768, 46.7215], [-71.3956, 46.7194], [-71.3992, 46.9387]], [[-71.2401, 46.8299], [-71.2401, 46.8295], [-71.2401, 46.8293], [-71.24, 46.8291], [-71.2399, 46.8289], [-71.2398, 46.8288], [-71.2396, 46.8287], [-71.2393, 46.8286], [-71.2391, 46.8286], [-71.2389, 46.8286], [-71.2387, 46.8286], [-71.2385, 46.8286], [-71.2383, 46.8286], [-71.2381, 46.8287], [-71.2379, 46.8287], [-71.2377, 46.8288], [-71.2376, 46.8288], [-71.2374, 46.8288], [-71.2372, 46.8289], [-71.237, 46.8288], [-71.2369, 46.8288], [-71.2367, 46.8288], [-71.2366, 46.8287], [-71.2364, 46.8286], [-71.2363, 46.8285], [-71.2361, 46.8285], [-71.236, 46.8285], [-71.2359, 46.8285], [-71.2358, 46.8285], [-71.2357, 46.8286], [-71.2357, 46.8287], [-71.2356, 46.8287], [-71.2356, 46.8288], [-71.2357, 46.8289], [-71.2357, 46.829], [-71.2358, 46.8291], [-71.2359, 46.8292], [-71.236, 46.8292], [-71.236, 46.8293], [-71.2361, 46.8294], [-71.2361, 46.8295], [-71.236, 46.8296], [-71.2359, 46.8296], [-71.2358, 46.8297], [-71.2357, 46.8297], [-71.2356, 46.8298], [-71.2355, 46.8299], [-71.2354, 46.8299], [-71.2353, 46.83], [-71.2353, 46.8301], [-71.2353, 46.8302], [-71.2354, 46.8302], [-71.2354, 46.8303], [-71.2355, 46.8304], [-71.2355, 46.8305], [-71.2355, 46.8306], [-71.2355, 46.8307], [-71.2354, 46.8308], [-71.2354, 46.8309], [-71.2353, 46.831], [-71.2353, 46.8311], [-71.2353, 46.8312], [-71.2354, 46.8313], [-71.2355, 46.8314], [-71.2357, 46.8314], [-71.2359, 46.8315], [-71.2361, 46.8315], [-71.2364, 46.8315], [-71.2366, 46.8316], [-71.2368, 46.8316], [-71.237, 46.8316], [-71.2372, 46.8315], [-71.2374, 46.8315], [-71.2375, 46.8314], [-71.2377, 46.8314], [-71.2378, 46.8313], [-71.2379, 46.8313], [-71.238, 46.8313], [-71.2381, 46.8313], [-71.2382, 46.8313], [-71.2382, 46.8314], [-71.2382, 46.8315], [-71.2382, 46.8316], [-71.2383, 46.8317], [-71.2384, 46.8318], [-71.2385, 46.8318], [-71.2386, 46.8318], [-71.2388, 46.8319], [-71.2389, 46.8319], [-71.2391, 46.8319], [-71.2393, 46.8318], [-71.2394, 46.8317], [-71.2396, 46.8315], [-71.2397, 46.8312], [-71.2398, 46.8309], [-71.2399, 46.8306], [-71.24, 46.8302], [-71.2401, 46.8299]]]}}, {"type": "Feature", "properties": {"couche": "aire_marche", "station": "18e Rue", "ordre": 26, "minutes": 4, "superficie_ha": 17.8, "rue_km": 4.24, "disque_ha": 24.6, "part_disque_pct": 72, "accroche_m": 1, "population": 1348, "navetteurs": 592, "mode_auto_pct": 52, "mode_tc_pct": 23, "mode_actif_pct": 25, "mode_autre_pct": 0}, "geometry": {"type": "Polygon", "coordinates": [[[-71.2408, 46.8303], [-71.2407, 46.8308], [-71.2405, 46.8312], [-71.2404, 46.8316], [-71.2402, 46.8319], [-71.24, 46.8321], [-71.2399, 46.8323], [-71.2397, 46.8324], [-71.2396, 46.8324], [-71.2394, 46.8324], [-71.2392, 46.8324], [-71.2391, 46.8324], [-71.239, 46.8323], [-71.2389, 46.8323], [-71.2388, 46.8322], [-71.2388, 46.8322], [-71.2387, 46.8321], [-71.2387, 46.8321], [-71.2387, 46.832], [-71.2387, 46.832], [-71.2386, 46.832], [-71.2385, 46.8319], [-71.2384, 46.832], [-71.2383, 46.832], [-71.2382, 46.832], [-71.2381, 46.832], [-71.238, 46.8321], [-71.2378, 46.8321], [-71.2376, 46.8321], [-71.2374, 46.8321], [-71.2372, 46.832], [-71.237, 46.832], [-71.2368, 46.8319], [-71.2365, 46.8318], [-71.2363, 46.8318], [-71.236, 46.8317], [-71.2358, 46.8317], [-71.2356, 46.8316], [-71.2354, 46.8316], [-71.2352, 46.8316], [-71.2351, 46.8316], [-71.2349, 46.8316], [-71.2348, 46.8316], [-71.2346, 46.8316], [-71.2346, 46.8316], [-71.2345, 46.8315], [-71.2344, 46.8315], [-71.2344, 46.8314], [-71.2344, 46.8313], [-71.2344, 46.8312], [-71.2345, 46.8311], [-71.2345, 46.831], [-71.2346, 46.8309], [-71.2347, 46.8308], [-71.2348, 46.8308], [-71.2349, 46.8307], [-71.235, 46.8307], [-71.2351, 46.8307], [-71.2353, 46.8307], [-71.2353, 46.8306], [-71.2354, 46.8305], [-71.2354, 46.8304], [-71.2354, 46.8303], [-71.2353, 46.8301], [-71.2352, 46.83], [-71.2351, 46.8298], [-71.235, 46.8296], [-71.235, 46.8294], [-71.2349, 46.8292], [-71.2349, 46.829], [-71.2349, 46.8289], [-71.235, 46.8287], [-71.235, 46.8285], [-71.2351, 46.8283], [-71.2352, 46.8282], [-71.2353, 46.8281], [-71.2354, 46.828], [-71.2356, 46.8279], [-71.2357, 46.8279], [-71.2358, 46.8279], [-71.236, 46.8279], [-71.2361, 46.8279], [-71.2363, 46.828], [-71.2364, 46.828], [-71.2365, 46.8281], [-71.2366, 46.8282], [-71.2367, 46.8282], [-71.2368, 46.8283], [-71.2369, 46.8285], [-71.2369, 46.8286], [-71.237, 46.8287], [-71.2371, 46.8287], [-71.2373, 46.8288], [-71.2374, 46.8288], [-71.2376, 46.8288], [-71.2379, 46.8287], [-71.2381, 46.8286], [-71.2384, 46.8285], [-71.2387, 46.8285], [-71.239, 46.8284], [-71.2392, 46.8283], [-71.2395, 46.8283], [-71.2398, 46.8283], [-71.24, 46.8283], [-71.2403, 46.8284], [-71.2405, 46.8284], [-71.2407, 46.8285], [-71.2408, 46.8287], [-71.2409, 46.8289], [-71.241, 46.8291], [-71.2409, 46.8295], [-71.2409, 46.8299], [-71.2408, 46.8303]]]}}, {"type": "Feature", "properties": {"couche": "voile", "station": "18e Rue", "minutes": 4}, "geometry": {"type": "Polygon", "coordinates": [[[-71.4001, 46.9392], [-71.0783, 46.9413], [-71.0759, 46.7209], [-71.3965, 46.7188], [-71.4001, 46.9392]], [[-71.2409, 46.8299], [-71.2409, 46.8295], [-71.241, 46.8291], [-71.2409, 46.8289], [-71.2408, 46.8287], [-71.2407, 46.8285], [-71.2405, 46.8284], [-71.2403, 46.8284], [-71.24, 46.8283], [-71.2398, 46.8283], [-71.2395, 46.8283], [-71.2392, 46.8283], [-71.239, 46.8284], [-71.2387, 46.8285], [-71.2384, 46.8285], [-71.2381, 46.8286], [-71.2379, 46.8287], [-71.2376, 46.8288], [-71.2374, 46.8288], [-71.2373, 46.8288], [-71.2371, 46.8287], [-71.237, 46.8287], [-71.2369, 46.8286], [-71.2369, 46.8285], [-71.2368, 46.8283], [-71.2367, 46.8282], [-71.2366, 46.8282], [-71.2365, 46.8281], [-71.2364, 46.828], [-71.2363, 46.828], [-71.2361, 46.8279], [-71.236, 46.8279], [-71.2358, 46.8279], [-71.2357, 46.8279], [-71.2356, 46.8279], [-71.2354, 46.828], [-71.2353, 46.8281], [-71.2352, 46.8282], [-71.2351, 46.8283], [-71.235, 46.8285], [-71.235, 46.8287], [-71.2349, 46.8289], [-71.2349, 46.829], [-71.2349, 46.8292], [-71.235, 46.8294], [-71.235, 46.8296], [-71.2351, 46.8298], [-71.2352, 46.83], [-71.2353, 46.8301], [-71.2354, 46.8303], [-71.2354, 46.8304], [-71.2354, 46.8305], [-71.2353, 46.8306], [-71.2353, 46.8307], [-71.2351, 46.8307], [-71.235, 46.8307], [-71.2349, 46.8307], [-71.2348, 46.8308], [-71.2347, 46.8308], [-71.2346, 46.8309], [-71.2345, 46.831], [-71.2345, 46.8311], [-71.2344, 46.8312], [-71.2344, 46.8313], [-71.2344, 46.8314], [-71.2344, 46.8315], [-71.2345, 46.8315], [-71.2346, 46.8316], [-71.2348, 46.8316], [-71.2349, 46.8316], [-71.2351, 46.8316], [-71.2352, 46.8316], [-71.2354, 46.8316], [-71.2356, 46.8316], [-71.2358, 46.8317], [-71.236, 46.8317], [-71.2363, 46.8318], [-71.2365, 46.8318], [-71.2368, 46.8319], [-71.237, 46.832], [-71.2372, 46.832], [-71.2374, 46.8321], [-71.2376, 46.8321], [-71.2378, 46.8321], [-71.238, 46.8321], [-71.2381, 46.832], [-71.2382, 46.832], [-71.2383, 46.832], [-71.2384, 46.832], [-71.2385, 46.8319], [-71.2386, 46.832], [-71.2387, 46.832], [-71.2387, 46.8321], [-71.2388, 46.8322], [-71.2389, 46.8323], [-71.239, 46.8323], [-71.2391, 46.8324], [-71.2392, 46.8324], [-71.2394, 46.8324], [-71.2396, 46.8324], [-71.2397, 46.8324], [-71.2399, 46.8323], [-71.24, 46.8321], [-71.2402, 46.8319], [-71.2404, 46.8316], [-71.2405, 46.8312], [-71.2407, 46.8308], [-71.2408, 46.8303], [-71.2409, 46.8299]]]}}, {"type": "Feature", "properties": {"couche": "aire_marche", "station": "18e Rue", "ordre": 26, "minutes": 5, "superficie_ha": 26.2, "rue_km": 6.38, "disque_ha": 38.5, "part_disque_pct": 68, "accroche_m": 1, "population": 1944, "navetteurs": 812, "mode_auto_pct": 53, "mode_tc_pct": 24, "mode_actif_pct": 23, "mode_autre_pct": 0}, "geometry": {"type": "Polygon", "coordinates": [[[-71.2404, 46.8281], [-71.2409, 46.8282], [-71.2412, 46.8283], [-71.2415, 46.8285], [-71.2417, 46.8287], [-71.2419, 46.8289], [-71.242, 46.8291], [-71.242, 46.8294], [-71.242, 46.8297], [-71.2419, 46.83], [-71.2418, 46.8303], [-71.2416, 46.8306], [-71.2415, 46.8308], [-71.2414, 46.831], [-71.2412, 46.8312], [-71.241, 46.8313], [-71.2409, 46.8314], [-71.2407, 46.8315], [-71.2406, 46.8315], [-71.2405, 46.8316], [-71.2404, 46.8317], [-71.2404, 46.8317], [-71.2404, 46.8318], [-71.2404, 46.8318], [-71.2405, 46.8319], [-71.2406, 46.8319], [-71.2407, 46.8319], [-71.2408, 46.832], [-71.2409, 46.8321], [-71.2409, 46.8322], [-71.2409, 46.8322], [-71.2409, 46.8323], [-71.2409, 46.8324], [-71.2409, 46.8326], [-71.2408, 46.8327], [-71.2406, 46.8327], [-71.2404, 46.8328], [-71.2401, 46.8328], [-71.2398, 46.8328], [-71.2394, 46.8328], [-71.239, 46.8328], [-71.2385, 46.8327], [-71.2381, 46.8327], [-71.2377, 46.8326], [-71.2374, 46.8326], [-71.2371, 46.8325], [-71.2369, 46.8324], [-71.2367, 46.8323], [-71.2366, 46.8322], [-71.2365, 46.8321], [-71.2365, 46.832], [-71.2364, 46.8319], [-71.2363, 46.8318], [-71.2363, 46.8318], [-71.2362, 46.8317], [-71.2361, 46.8317], [-71.236, 46.8316], [-71.2359, 46.8316], [-71.2359, 46.8316], [-71.2358, 46.8316], [-71.2357, 46.8316], [-71.2357, 46.8317], [-71.2356, 46.8317], [-71.2356, 46.8318], [-71.2356, 46.8318], [-71.2356, 46.8319], [-71.2355, 46.832], [-71.2355, 46.832], [-71.2354, 46.8321], [-71.2352, 46.8321], [-71.2351, 46.8321], [-71.2349, 46.8321], [-71.2347, 46.8321], [-71.2344, 46.8321], [-71.2342, 46.8321], [-71.2341, 46.8321], [-71.2339, 46.832], [-71.2338, 46.8319], [-71.2338, 46.8318], [-71.2337, 46.8317], [-71.2337, 46.8316], [-71.2337, 46.8315], [-71.2338, 46.8313], [-71.2338, 46.8312], [-71.2339, 46.8311], [-71.2341, 46.831], [-71.2342, 46.8309], [-71.2344, 46.8309], [-71.2346, 46.8308], [-71.2348, 46.8308], [-71.235, 46.8307], [-71.2351, 46.8306], [-71.2352, 46.8305], [-71.2352, 46.8304], [-71.2351, 46.8303], [-71.235, 46.8301], [-71.2349, 46.83], [-71.2347, 46.8298], [-71.2345, 46.8296], [-71.2344, 46.8294], [-71.2343, 46.8292], [-71.2342, 46.829], [-71.2342, 46.8288], [-71.2343, 46.8285], [-71.2344, 46.8283], [-71.2345, 46.8281], [-71.2346, 46.8279], [-71.2348, 46.8277], [-71.2349, 46.8275], [-71.2351, 46.8274], [-71.2352, 46.8274], [-71.2354, 46.8273], [-71.2356, 46.8273], [-71.2357, 46.8273], [-71.2359, 46.8274], [-71.2361, 46.8275], [-71.2362, 46.8275], [-71.2363, 46.8277], [-71.2365, 46.8278], [-71.2366, 46.8279], [-71.2367, 46.8281], [-71.2368, 46.8283], [-71.2369, 46.8285], [-71.237, 46.8286], [-71.2371, 46.8287], [-71.2373, 46.8288], [-71.2375, 46.8288], [-71.2376, 46.8288], [-71.2378, 46.8287], [-71.238, 46.8287], [-71.2382, 46.8286], [-71.2384, 46.8285], [-71.2385, 46.8284], [-71.2386, 46.8283], [-71.2387, 46.8282], [-71.2388, 46.8282], [-71.2388, 46.8281], [-71.2389, 46.828], [-71.2389, 46.8279], [-71.2391, 46.8279], [-71.2392, 46.8279], [-71.2395, 46.8279], [-71.2397, 46.8279], [-71.24, 46.828], [-71.2404, 46.8281]]]}}, {"type": "Feature", "properties": {"couche": "voile", "station": "18e Rue", "minutes": 5}, "geometry": {"type": "Polygon", "coordinates": [[[-71.4011, 46.9396], [-71.0776, 46.9417], [-71.0752, 46.7203], [-71.3974, 46.7182], [-71.4011, 46.9396]], [[-71.24, 46.828], [-71.2397, 46.8279], [-71.2395, 46.8279], [-71.2392, 46.8279], [-71.2391, 46.8279], [-71.2389, 46.8279], [-71.2389, 46.828], [-71.2388, 46.8281], [-71.2388, 46.8282], [-71.2387, 46.8282], [-71.2386, 46.8283], [-71.2385, 46.8284], [-71.2384, 46.8285], [-71.2382, 46.8286], [-71.238, 46.8287], [-71.2378, 46.8287], [-71.2376, 46.8288], [-71.2375, 46.8288], [-71.2373, 46.8288], [-71.2371, 46.8287], [-71.237, 46.8286], [-71.2369, 46.8285], [-71.2368, 46.8283], [-71.2367, 46.8281], [-71.2366, 46.8279], [-71.2365, 46.8278], [-71.2363, 46.8277], [-71.2362, 46.8275], [-71.2361, 46.8275], [-71.2359, 46.8274], [-71.2357, 46.8273], [-71.2356, 46.8273], [-71.2354, 46.8273], [-71.2352, 46.8274], [-71.2351, 46.8274], [-71.2349, 46.8275], [-71.2348, 46.8277], [-71.2346, 46.8279], [-71.2345, 46.8281], [-71.2344, 46.8283], [-71.2343, 46.8285], [-71.2342, 46.8288], [-71.2342, 46.829], [-71.2343, 46.8292], [-71.2344, 46.8294], [-71.2345, 46.8296], [-71.2347, 46.8298], [-71.2349, 46.83], [-71.235, 46.8301], [-71.2351, 46.8303], [-71.2352, 46.8304], [-71.2352, 46.8305], [-71.2351, 46.8306], [-71.235, 46.8307], [-71.2348, 46.8308], [-71.2346, 46.8308], [-71.2344, 46.8309], [-71.2342, 46.8309], [-71.2341, 46.831], [-71.2339, 46.8311], [-71.2338, 46.8312], [-71.2338, 46.8313], [-71.2337, 46.8315], [-71.2337, 46.8316], [-71.2337, 46.8317], [-71.2338, 46.8318], [-71.2338, 46.8319], [-71.2339, 46.832], [-71.2341, 46.8321], [-71.2342, 46.8321], [-71.2344, 46.8321], [-71.2347, 46.8321], [-71.2349, 46.8321], [-71.2351, 46.8321], [-71.2352, 46.8321], [-71.2354, 46.8321], [-71.2355, 46.832], [-71.2356, 46.8319], [-71.2356, 46.8318], [-71.2356, 46.8317], [-71.2357, 46.8317], [-71.2357, 46.8316], [-71.2358, 46.8316], [-71.2359, 46.8316], [-71.236, 46.8316], [-71.2361, 46.8317], [-71.2362, 46.8317], [-71.2363, 46.8318], [-71.2364, 46.8319], [-71.2365, 46.832], [-71.2365, 46.8321], [-71.2366, 46.8322], [-71.2367, 46.8323], [-71.2369, 46.8324], [-71.2371, 46.8325], [-71.2374, 46.8326], [-71.2377, 46.8326], [-71.2381, 46.8327], [-71.2385, 46.8327], [-71.239, 46.8328], [-71.2394, 46.8328], [-71.2398, 46.8328], [-71.2401, 46.8328], [-71.2404, 46.8328], [-71.2406, 46.8327], [-71.2408, 46.8327], [-71.2409, 46.8326], [-71.2409, 46.8324], [-71.2409, 46.8323], [-71.2409, 46.8322], [-71.2409, 46.8321], [-71.2408, 46.832], [-71.2407, 46.8319], [-71.2406, 46.8319], [-71.2405, 46.8319], [-71.2404, 46.8318], [-71.2404, 46.8317], [-71.2405, 46.8316], [-71.2406, 46.8315], [-71.2407, 46.8315], [-71.2409, 46.8314], [-71.241, 46.8313], [-71.2412, 46.8312], [-71.2414, 46.831], [-71.2415, 46.8308], [-71.2416, 46.8306], [-71.2418, 46.8303], [-71.2419, 46.83], [-71.242, 46.8297], [-71.242, 46.8294], [-71.242, 46.8291], [-71.2419, 46.8289], [-71.2417, 46.8287], [-71.2415, 46.8285], [-71.2412, 46.8283], [-71.2409, 46.8282], [-71.2404, 46.8281], [-71.24, 46.828]]]}}, {"type": "Feature", "properties": {"couche": "aire_marche", "station": "18e Rue", "ordre": 26, "minutes": 6, "superficie_ha": 35.8, "rue_km": 8.76, "disque_ha": 55.4, "part_disque_pct": 65, "accroche_m": 1, "population": 2670, "navetteurs": 1082, "mode_auto_pct": 54, "mode_tc_pct": 24, "mode_actif_pct": 22, "mode_autre_pct": 0}, "geometry": {"type": "Polygon", "coordinates": [[[-71.2425, 46.8294], [-71.2424, 46.8299], [-71.2423, 46.8302], [-71.2422, 46.8305], [-71.2421, 46.8308], [-71.242, 46.831], [-71.2419, 46.8312], [-71.2418, 46.8313], [-71.2417, 46.8313], [-71.2416, 46.8313], [-71.2415, 46.8313], [-71.2413, 46.8313], [-71.2412, 46.8314], [-71.2411, 46.8314], [-71.241, 46.8314], [-71.2408, 46.8315], [-71.2407, 46.8315], [-71.2406, 46.8315], [-71.2405, 46.8316], [-71.2404, 46.8316], [-71.2404, 46.8317], [-71.2405, 46.8317], [-71.2406, 46.8317], [-71.2407, 46.8317], [-71.2409, 46.8317], [-71.2411, 46.8317], [-71.2413, 46.8317], [-71.2414, 46.8318], [-71.2415, 46.8319], [-71.2416, 46.832], [-71.2416, 46.8321], [-71.2416, 46.8323], [-71.2416, 46.8325], [-71.2415, 46.8327], [-71.2414, 46.8329], [-71.2413, 46.8331], [-71.2412, 46.8332], [-71.241, 46.8333], [-71.2407, 46.8334], [-71.2405, 46.8334], [-71.2402, 46.8334], [-71.2399, 46.8334], [-71.2396, 46.8334], [-71.2393, 46.8334], [-71.239, 46.8333], [-71.2387, 46.8332], [-71.2384, 46.8332], [-71.2381, 46.8331], [-71.2378, 46.833], [-71.2375, 46.8328], [-71.2372, 46.8327], [-71.237, 46.8326], [-71.2367, 46.8326], [-71.2365, 46.8325], [-71.2362, 46.8324], [-71.236, 46.8324], [-71.2358, 46.8324], [-71.2356, 46.8323], [-71.2354, 46.8323], [-71.2352, 46.8323], [-71.2351, 46.8324], [-71.235, 46.8324], [-71.2348, 46.8324], [-71.2347, 46.8324], [-71.2346, 46.8325], [-71.2346, 46.8326], [-71.2345, 46.8326], [-71.2344, 46.8326], [-71.2343, 46.8326], [-71.2341, 46.8327], [-71.234, 46.8326], [-71.2338, 46.8326], [-71.2337, 46.8326], [-71.2335, 46.8326], [-71.2333, 46.8325], [-71.2332, 46.8324], [-71.2331, 46.8323], [-71.233, 46.8321], [-71.233, 46.8319], [-71.233, 46.8318], [-71.233, 46.8315], [-71.2331, 46.8313], [-71.2332, 46.8311], [-71.2333, 46.8309], [-71.2335, 46.8307], [-71.2336, 46.8306], [-71.2338, 46.8306], [-71.2341, 46.8305], [-71.2343, 46.8305], [-71.2346, 46.8305], [-71.2349, 46.8305], [-71.2351, 46.8305], [-71.2352, 46.8305], [-71.2353, 46.8305], [-71.2354, 46.8304], [-71.2354, 46.8303], [-71.2354, 46.8302], [-71.2353, 46.8301], [-71.2352, 46.83], [-71.2351, 46.8299], [-71.235, 46.8298], [-71.2349, 46.8297], [-71.2347, 46.8296], [-71.2346, 46.8295], [-71.2344, 46.8295], [-71.2343, 46.8294], [-71.2341, 46.8293], [-71.234, 46.8293], [-71.2339, 46.8292], [-71.2338, 46.8291], [-71.2338, 46.829], [-71.2337, 46.8288], [-71.2337, 46.8287], [-71.2337, 46.8286], [-71.2337, 46.8284], [-71.2338, 46.8283], [-71.2338, 46.8282], [-71.2339, 46.8281], [-71.234, 46.828], [-71.2341, 46.828], [-71.2342, 46.8279], [-71.2343, 46.8279], [-71.2344, 46.8278], [-71.2345, 46.8277], [-71.2346, 46.8277], [-71.2346, 46.8276], [-71.2347, 46.8275], [-71.2347, 46.8274], [-71.2347, 46.8272], [-71.2346, 46.8271], [-71.2346, 46.827], [-71.2346, 46.8269], [-71.2346, 46.8269], [-71.2347, 46.8269], [-71.2348, 46.8269], [-71.2349, 46.8269], [-71.235, 46.827], [-71.2352, 46.827], [-71.2353, 46.8271], [-71.2354, 46.8272], [-71.2355, 46.8272], [-71.2357, 46.8272], [-71.2358, 46.8272], [-71.2358, 46.8272], [-71.2359, 46.8272], [-71.236, 46.8271], [-71.2361, 46.8271], [-71.2361, 46.827], [-71.2362, 46.827], [-71.2363, 46.827], [-71.2364, 46.827], [-71.2365, 46.827], [-71.2366, 46.827], [-71.2367, 46.827], [-71.2368, 46.8271], [-71.2369, 46.8271], [-71.2369, 46.8272], [-71.2369, 46.8272], [-71.2369, 46.8273], [-71.2369, 46.8274], [-71.2368, 46.8275], [-71.2367, 46.8276], [-71.2366, 46.8277], [-71.2366, 46.8278], [-71.2365, 46.8279], [-71.2365, 46.828], [-71.2366, 46.8281], [-71.2366, 46.8283], [-71.2367, 46.8284], [-71.2368, 46.8285], [-71.2369, 46.8286], [-71.237, 46.8287], [-71.2371, 46.8288], [-71.2372, 46.8288], [-71.2373, 46.8289], [-71.2374, 46.8289], [-71.2376, 46.8288], [-71.2377, 46.8288], [-71.2378, 46.8287], [-71.2379, 46.8286], [-71.238, 46.8285], [-71.2381, 46.8284], [-71.2382, 46.8283], [-71.2383, 46.8281], [-71.2383, 46.828], [-71.2384, 46.8278], [-71.2384, 46.8276], [-71.2385, 46.8275], [-71.2386, 46.8275], [-71.2387, 46.8274], [-71.2388, 46.8274], [-71.2389, 46.8275], [-71.239, 46.8275], [-71.2392, 46.8276], [-71.2393, 46.8277], [-71.2395, 46.8278], [-71.2397, 46.8279], [-71.2398, 46.8279], [-71.24, 46.8279], [-71.2402, 46.8279], [-71.2404, 46.8279], [-71.2406, 46.8278], [-71.2408, 46.8278], [-71.241, 46.8277], [-71.2412, 46.8277], [-71.2414, 46.8277], [-71.2416, 46.8277], [-71.2418, 46.8277], [-71.242, 46.8278], [-71.2422, 46.8278], [-71.2424, 46.8279], [-71.2425, 46.828], [-71.2426, 46.8282], [-71.2426, 46.8285], [-71.2426, 46.8287], [-71.2426, 46.8291], [-71.2425, 46.8294]]]}}, {"type": "Feature", "properties": {"couche": "voile", "station": "18e Rue", "minutes": 6}, "geometry": {"type": "Polygon", "coordinates": [[[-71.4018, 46.9402], [-71.0769, 46.9423], [-71.0745, 46.7199], [-71.3981, 46.7178], [-71.4018, 46.9402]], [[-71.2426, 46.8291], [-71.2426, 46.8287], [-71.2426, 46.8285], [-71.2426, 46.8282], [-71.2425, 46.828], [-71.2424, 46.8279], [-71.2422, 46.8278], [-71.242, 46.8278], [-71.2418, 46.8277], [-71.2416, 46.8277], [-71.2414, 46.8277], [-71.2412, 46.8277], [-71.241, 46.8277], [-71.2408, 46.8278], [-71.2406, 46.8278], [-71.2404, 46.8279], [-71.2402, 46.8279], [-71.24, 46.8279], [-71.2398, 46.8279], [-71.2397, 46.8279], [-71.2395, 46.8278], [-71.2393, 46.8277], [-71.2392, 46.8276], [-71.239, 46.8275], [-71.2389, 46.8275], [-71.2388, 46.8274], [-71.2387, 46.8274], [-71.2386, 46.8275], [-71.2385, 46.8275], [-71.2384, 46.8276], [-71.2384, 46.8278], [-71.2383, 46.828], [-71.2383, 46.8281], [-71.2382, 46.8283], [-71.2381, 46.8284], [-71.238, 46.8285], [-71.2379, 46.8286], [-71.2378, 46.8287], [-71.2377, 46.8288], [-71.2376, 46.8288], [-71.2374, 46.8289], [-71.2373, 46.8289], [-71.2372, 46.8288], [-71.2371, 46.8288], [-71.237, 46.8287], [-71.2369, 46.8286], [-71.2368, 46.8285], [-71.2367, 46.8284], [-71.2366, 46.8283], [-71.2366, 46.8281], [-71.2365, 46.828], [-71.2365, 46.8279], [-71.2366, 46.8278], [-71.2366, 46.8277], [-71.2367, 46.8276], [-71.2368, 46.8275], [-71.2369, 46.8274], [-71.2369, 46.8273], [-71.2369, 46.8272], [-71.2369, 46.8271], [-71.2368, 46.8271], [-71.2367, 46.827], [-71.2366, 46.827], [-71.2365, 46.827], [-71.2364, 46.827], [-71.2363, 46.827], [-71.2362, 46.827], [-71.2361, 46.827], [-71.2361, 46.8271], [-71.236, 46.8271], [-71.2359, 46.8272], [-71.2358, 46.8272], [-71.2357, 46.8272], [-71.2355, 46.8272], [-71.2354, 46.8272], [-71.2353, 46.8271], [-71.2352, 46.827], [-71.235, 46.827], [-71.2349, 46.8269], [-71.2348, 46.8269], [-71.2347, 46.8269], [-71.2346, 46.8269], [-71.2346, 46.827], [-71.2346, 46.8271], [-71.2347, 46.8272], [-71.2347, 46.8274], [-71.2347, 46.8275], [-71.2346, 46.8276], [-71.2346, 46.8277], [-71.2345, 46.8277], [-71.2344, 46.8278], [-71.2343, 46.8279], [-71.2342, 46.8279], [-71.2341, 46.828], [-71.234, 46.828], [-71.2339, 46.8281], [-71.2338, 46.8282], [-71.2338, 46.8283], [-71.2337, 46.8284], [-71.2337, 46.8286], [-71.2337, 46.8287], [-71.2337, 46.8288], [-71.2338, 46.829], [-71.2338, 46.8291], [-71.2339, 46.8292], [-71.234, 46.8293], [-71.2341, 46.8293], [-71.2343, 46.8294], [-71.2344, 46.8295], [-71.2346, 46.8295], [-71.2347, 46.8296], [-71.2349, 46.8297], [-71.235, 46.8298], [-71.2351, 46.8299], [-71.2352, 46.83], [-71.2353, 46.8301], [-71.2354, 46.8302], [-71.2354, 46.8303], [-71.2354, 46.8304], [-71.2353, 46.8305], [-71.2352, 46.8305], [-71.2351, 46.8305], [-71.2349, 46.8305], [-71.2346, 46.8305], [-71.2343, 46.8305], [-71.2341, 46.8305], [-71.2338, 46.8306], [-71.2336, 46.8306], [-71.2335, 46.8307], [-71.2333, 46.8309], [-71.2332, 46.8311], [-71.2331, 46.8313], [-71.233, 46.8315], [-71.233, 46.8318], [-71.233, 46.8319], [-71.233, 46.8321], [-71.2331, 46.8323], [-71.2332, 46.8324], [-71.2333, 46.8325], [-71.2335, 46.8326], [-71.2337, 46.8326], [-71.2338, 46.8326], [-71.234, 46.8326], [-71.2341, 46.8327], [-71.2343, 46.8326], [-71.2344, 46.8326], [-71.2345, 46.8326], [-71.2346, 46.8326], [-71.2346, 46.8325], [-71.2347, 46.8324], [-71.2348, 46.8324], [-71.235, 46.8324], [-71.2351, 46.8324], [-71.2352, 46.8323], [-71.2354, 46.8323], [-71.2356, 46.8323], [-71.2358, 46.8324], [-71.236, 46.8324], [-71.2362, 46.8324], [-71.2365, 46.8325], [-71.2367, 46.8326], [-71.237, 46.8326], [-71.2372, 46.8327], [-71.2375, 46.8328], [-71.2378, 46.833], [-71.2381, 46.8331], [-71.2384, 46.8332], [-71.2387, 46.8332], [-71.239, 46.8333], [-71.2393, 46.8334], [-71.2396, 46.8334], [-71.2399, 46.8334], [-71.2402, 46.8334], [-71.2405, 46.8334], [-71.2407, 46.8334], [-71.241, 46.8333], [-71.2412, 46.8332], [-71.2413, 46.8331], [-71.2414, 46.8329], [-71.2415, 46.8327], [-71.2416, 46.8325], [-71.2416, 46.8323], [-71.2416, 46.8321], [-71.2416, 46.832], [-71.2415, 46.8319], [-71.2414, 46.8318], [-71.2413, 46.8317], [-71.2411, 46.8317], [-71.2409, 46.8317], [-71.2407, 46.8317], [-71.2406, 46.8317], [-71.2405, 46.8317], [-71.2404, 46.8317], [-71.2404, 46.8316], [-71.2405, 46.8316], [-71.2406, 46.8315], [-71.2407, 46.8315], [-71.2408, 46.8315], [-71.241, 46.8314], [-71.2411, 46.8314], [-71.2412, 46.8314], [-71.2413, 46.8313], [-71.2415, 46.8313], [-71.2416, 46.8313], [-71.2417, 46.8313], [-71.2418, 46.8313], [-71.2419, 46.8312], [-71.242, 46.831], [-71.2421, 46.8308], [-71.2422, 46.8305], [-71.2423, 46.8302], [-71.2424, 46.8299], [-71.2425, 46.8294], [-71.2426, 46.8291]]]}}, {"type": "Feature", "properties": {"couche": "aire_marche", "station": "18e Rue", "ordre": 26, "minutes": 7, "superficie_ha": 51.3, "rue_km": 12.55, "disque_ha": 75.4, "part_disque_pct": 68, "accroche_m": 1, "population": 3841, "navetteurs": 1494, "mode_auto_pct": 55, "mode_tc_pct": 24, "mode_actif_pct": 21, "mode_autre_pct": 0}, "geometry": {"type": "Polygon", "coordinates": [[[-71.2433, 46.8284], [-71.2432, 46.8287], [-71.2431, 46.8289], [-71.2431, 46.8291], [-71.243, 46.8292], [-71.243, 46.8294], [-71.243, 46.8296], [-71.243, 46.8297], [-71.243, 46.8299], [-71.243, 46.83], [-71.2431, 46.8301], [-71.2431, 46.8302], [-71.243, 46.8303], [-71.243, 46.8304], [-71.243, 46.8306], [-71.2429, 46.8307], [-71.2428, 46.8308], [-71.2427, 46.8309], [-71.2426, 46.831], [-71.2425, 46.8312], [-71.2425, 46.8313], [-71.2424, 46.8316], [-71.2423, 46.8318], [-71.2422, 46.8321], [-71.2422, 46.8324], [-71.2421, 46.8328], [-71.242, 46.8331], [-71.2419, 46.8333], [-71.2418, 46.8335], [-71.2417, 46.8336], [-71.2416, 46.8337], [-71.2415, 46.8338], [-71.2414, 46.8337], [-71.2412, 46.8337], [-71.2411, 46.8336], [-71.241, 46.8336], [-71.2409, 46.8336], [-71.2408, 46.8336], [-71.2407, 46.8336], [-71.2406, 46.8336], [-71.2405, 46.8337], [-71.2405, 46.8337], [-71.2404, 46.8338], [-71.2403, 46.8338], [-71.2402, 46.8338], [-71.24, 46.8339], [-71.2399, 46.8339], [-71.2397, 46.8339], [-71.2395, 46.8339], [-71.2392, 46.8339], [-71.239, 46.8338], [-71.2388, 46.8338], [-71.2386, 46.8337], [-71.2384, 46.8337], [-71.2383, 46.8336], [-71.2381, 46.8335], [-71.238, 46.8334], [-71.2379, 46.8332], [-71.2378, 46.8331], [-71.2377, 46.833], [-71.2375, 46.833], [-71.2374, 46.8329], [-71.2372, 46.8329], [-71.2371, 46.8329], [-71.2369, 46.8329], [-71.2367, 46.8329], [-71.2366, 46.8329], [-71.2364, 46.8329], [-71.2363, 46.8329], [-71.2362, 46.8329], [-71.2361, 46.8329], [-71.236, 46.8328], [-71.236, 46.8328], [-71.2359, 46.8327], [-71.2358, 46.8326], [-71.2357, 46.8326], [-71.2356, 46.8326], [-71.2355, 46.8326], [-71.2353, 46.8326], [-71.2352, 46.8327], [-71.235, 46.8327], [-71.2347, 46.8328], [-71.2345, 46.8329], [-71.2343, 46.833], [-71.2341, 46.833], [-71.2338, 46.833], [-71.2336, 46.833], [-71.2334, 46.833], [-71.2331, 46.833], [-71.2329, 46.8329], [-71.2327, 46.8328], [-71.2325, 46.8328], [-71.2323, 46.8327], [-71.2322, 46.8325], [-71.2322, 46.8324], [-71.2321, 46.8323], [-71.2321, 46.8321], [-71.2322, 46.832], [-71.2322, 46.8318], [-71.2323, 46.8317], [-71.2323, 46.8315], [-71.2324, 46.8314], [-71.2325, 46.8313], [-71.2326, 46.8312], [-71.2327, 46.8311], [-71.2328, 46.8311], [-71.2329, 46.831], [-71.233, 46.831], [-71.233, 46.8309], [-71.233, 46.8309], [-71.233, 46.8308], [-71.233, 46.8308], [-71.2329, 46.8307], [-71.2329, 46.8307], [-71.2328, 46.8307], [-71.2327, 46.8306], [-71.2327, 46.8306], [-71.2327, 46.8305], [-71.2327, 46.8304], [-71.2327, 46.8304], [-71.2327, 46.8303], [-71.2327, 46.8302], [-71.2328, 46.8301], [-71.2329, 46.83], [-71.2329, 46.83], [-71.2331, 46.8299], [-71.2332, 46.8299], [-71.2333, 46.8298], [-71.2335, 46.8298], [-71.2336, 46.8298], [-71.2338, 46.8298], [-71.2339, 46.8298], [-71.2341, 46.8298], [-71.2342, 46.8299], [-71.2343, 46.8299], [-71.2343, 46.83], [-71.2344, 46.8301], [-71.2345, 46.8302], [-71.2345, 46.8302], [-71.2346, 46.8303], [-71.2347, 46.8304], [-71.2347, 46.8304], [-71.2348, 46.8305], [-71.2349, 46.8305], [-71.2351, 46.8305], [-71.2352, 46.8306], [-71.2353, 46.8306], [-71.2354, 46.8305], [-71.2354, 46.8305], [-71.2354, 46.8305], [-71.2354, 46.8304], [-71.2354, 46.8303], [-71.2354, 46.8302], [-71.2353, 46.8301], [-71.2352, 46.83], [-71.2351, 46.8299], [-71.235, 46.8298], [-71.2349, 46.8297], [-71.2348, 46.8297], [-71.2347, 46.8296], [-71.2345, 46.8296], [-71.2344, 46.8296], [-71.2343, 46.8296], [-71.2342, 46.8295], [-71.2341, 46.8295], [-71.234, 46.8294], [-71.234, 46.8293], [-71.234, 46.8292], [-71.234, 46.8291], [-71.234, 46.829], [-71.234, 46.8289], [-71.234, 46.8288], [-71.234, 46.8288], [-71.2339, 46.8287], [-71.2338, 46.8287], [-71.2337, 46.8286], [-71.2336, 46.8286], [-71.2334, 46.8286], [-71.2333, 46.8286], [-71.2332, 46.8285], [-71.2332, 46.8284], [-71.2331, 46.8282], [-71.2332, 46.828], [-71.2332, 46.8278], [-71.2334, 46.8275], [-71.2335, 46.8272], [-71.2337, 46.8269], [-71.2339, 46.8267], [-71.2342, 46.8266], [-71.2346, 46.8264], [-71.235, 46.8264], [-71.2354, 46.8263], [-71.2359, 46.8264], [-71.2364, 46.8264], [-71.2369, 46.8265], [-71.2374, 46.8266], [-71.2378, 46.8267], [-71.2381, 46.8268], [-71.2384, 46.8269], [-71.2387, 46.8271], [-71.2389, 46.8273], [-71.2391, 46.8274], [-71.2393, 46.8276], [-71.2394, 46.8277], [-71.2396, 46.8277], [-71.2397, 46.8278], [-71.2399, 46.8277], [-71.24, 46.8277], [-71.2402, 46.8276], [-71.2403, 46.8275], [-71.2405, 46.8274], [-71.2406, 46.8273], [-71.2409, 46.8273], [-71.2411, 46.8272], [-71.2414, 46.8272], [-71.2417, 46.8273], [-71.242, 46.8273], [-71.2424, 46.8274], [-71.2427, 46.8275], [-71.243, 46.8276], [-71.2431, 46.8277], [-71.2433, 46.8279], [-71.2434, 46.828], [-71.2434, 46.8282], [-71.2433, 46.8284]]]}}, {"type": "Feature", "properties": {"couche": "voile", "station": "18e Rue", "minutes": 7}, "geometry": {"type": "Polygon", "coordinates": [[[-71.4026, 46.9407], [-71.076, 46.9428], [-71.0736, 46.7193], [-71.3988, 46.7172], [-71.4026, 46.9407]], [[-71.2434, 46.8282], [-71.2434, 46.828], [-71.2433, 46.8279], [-71.2431, 46.8277], [-71.243, 46.8276], [-71.2427, 46.8275], [-71.2424, 46.8274], [-71.242, 46.8273], [-71.2417, 46.8273], [-71.2414, 46.8272], [-71.2411, 46.8272], [-71.2409, 46.8273], [-71.2406, 46.8273], [-71.2405, 46.8274], [-71.2403, 46.8275], [-71.2402, 46.8276], [-71.24, 46.8277], [-71.2399, 46.8277], [-71.2397, 46.8278], [-71.2396, 46.8277], [-71.2394, 46.8277], [-71.2393, 46.8276], [-71.2391, 46.8274], [-71.2389, 46.8273], [-71.2387, 46.8271], [-71.2384, 46.8269], [-71.2381, 46.8268], [-71.2378, 46.8267], [-71.2374, 46.8266], [-71.2369, 46.8265], [-71.2364, 46.8264], [-71.2359, 46.8264], [-71.2354, 46.8263], [-71.235, 46.8264], [-71.2346, 46.8264], [-71.2342, 46.8266], [-71.2339, 46.8267], [-71.2337, 46.8269], [-71.2335, 46.8272], [-71.2334, 46.8275], [-71.2332, 46.8278], [-71.2332, 46.828], [-71.2331, 46.8282], [-71.2332, 46.8284], [-71.2332, 46.8285], [-71.2333, 46.8286], [-71.2334, 46.8286], [-71.2336, 46.8286], [-71.2337, 46.8286], [-71.2338, 46.8287], [-71.2339, 46.8287], [-71.234, 46.8288], [-71.234, 46.8289], [-71.234, 46.829], [-71.234, 46.8291], [-71.234, 46.8292], [-71.234, 46.8293], [-71.234, 46.8294], [-71.2341, 46.8295], [-71.2342, 46.8295], [-71.2343, 46.8296], [-71.2344, 46.8296], [-71.2345, 46.8296], [-71.2347, 46.8296], [-71.2348, 46.8297], [-71.2349, 46.8297], [-71.235, 46.8298], [-71.2351, 46.8299], [-71.2352, 46.83], [-71.2353, 46.8301], [-71.2354, 46.8302], [-71.2354, 46.8303], [-71.2354, 46.8304], [-71.2354, 46.8305], [-71.2353, 46.8306], [-71.2352, 46.8306], [-71.2351, 46.8305], [-71.2349, 46.8305], [-71.2348, 46.8305], [-71.2347, 46.8304], [-71.2346, 46.8303], [-71.2345, 46.8302], [-71.2344, 46.8301], [-71.2343, 46.83], [-71.2343, 46.8299], [-71.2342, 46.8299], [-71.2341, 46.8298], [-71.2339, 46.8298], [-71.2338, 46.8298], [-71.2336, 46.8298], [-71.2335, 46.8298], [-71.2333, 46.8298], [-71.2332, 46.8299], [-71.2331, 46.8299], [-71.2329, 46.83], [-71.2328, 46.8301], [-71.2327, 46.8302], [-71.2327, 46.8303], [-71.2327, 46.8304], [-71.2327, 46.8305], [-71.2327, 46.8306], [-71.2328, 46.8307], [-71.2329, 46.8307], [-71.233, 46.8308], [-71.233, 46.8309], [-71.233, 46.831], [-71.2329, 46.831], [-71.2328, 46.8311], [-71.2327, 46.8311], [-71.2326, 46.8312], [-71.2325, 46.8313], [-71.2324, 46.8314], [-71.2323, 46.8315], [-71.2323, 46.8317], [-71.2322, 46.8318], [-71.2322, 46.832], [-71.2321, 46.8321], [-71.2321, 46.8323], [-71.2322, 46.8324], [-71.2322, 46.8325], [-71.2323, 46.8327], [-71.2325, 46.8328], [-71.2327, 46.8328], [-71.2329, 46.8329], [-71.2331, 46.833], [-71.2334, 46.833], [-71.2336, 46.833], [-71.2338, 46.833], [-71.2341, 46.833], [-71.2343, 46.833], [-71.2345, 46.8329], [-71.2347, 46.8328], [-71.235, 46.8327], [-71.2352, 46.8327], [-71.2353, 46.8326], [-71.2355, 46.8326], [-71.2356, 46.8326], [-71.2357, 46.8326], [-71.2358, 46.8326], [-71.2359, 46.8327], [-71.236, 46.8328], [-71.2361, 46.8329], [-71.2362, 46.8329], [-71.2363, 46.8329], [-71.2364, 46.8329], [-71.2366, 46.8329], [-71.2367, 46.8329], [-71.2369, 46.8329], [-71.2371, 46.8329], [-71.2372, 46.8329], [-71.2374, 46.8329], [-71.2375, 46.833], [-71.2377, 46.833], [-71.2378, 46.8331], [-71.2379, 46.8332], [-71.238, 46.8334], [-71.2381, 46.8335], [-71.2383, 46.8336], [-71.2384, 46.8337], [-71.2386, 46.8337], [-71.2388, 46.8338], [-71.239, 46.8338], [-71.2392, 46.8339], [-71.2395, 46.8339], [-71.2397, 46.8339], [-71.2399, 46.8339], [-71.24, 46.8339], [-71.2402, 46.8338], [-71.2403, 46.8338], [-71.2404, 46.8338], [-71.2405, 46.8337], [-71.2406, 46.8336], [-71.2407, 46.8336], [-71.2408, 46.8336], [-71.2409, 46.8336], [-71.241, 46.8336], [-71.2411, 46.8336], [-71.2412, 46.8337], [-71.2414, 46.8337], [-71.2415, 46.8338], [-71.2416, 46.8337], [-71.2417, 46.8336], [-71.2418, 46.8335], [-71.2419, 46.8333], [-71.242, 46.8331], [-71.2421, 46.8328], [-71.2422, 46.8324], [-71.2422, 46.8321], [-71.2423, 46.8318], [-71.2424, 46.8316], [-71.2425, 46.8313], [-71.2425, 46.8312], [-71.2426, 46.831], [-71.2427, 46.8309], [-71.2428, 46.8308], [-71.2429, 46.8307], [-71.243, 46.8306], [-71.243, 46.8304], [-71.243, 46.8303], [-71.2431, 46.8302], [-71.2431, 46.8301], [-71.243, 46.83], [-71.243, 46.8299], [-71.243, 46.8297], [-71.243, 46.8296], [-71.243, 46.8294], [-71.243, 46.8292], [-71.2431, 46.8291], [-71.2431, 46.8289], [-71.2432, 46.8287], [-71.2433, 46.8284], [-71.2434, 46.8282]]]}}, {"type": "Feature", "properties": {"couche": "aire_marche", "station": "18e Rue", "ordre": 26, "minutes": 8, "superficie_ha": 68.0, "rue_km": 17.35, "disque_ha": 98.5, "part_disque_pct": 69, "accroche_m": 1, "population": 5009, "navetteurs": 1925, "mode_auto_pct": 55, "mode_tc_pct": 24, "mode_actif_pct": 21, "mode_autre_pct": 0}, "geometry": {"type": "Polygon", "coordinates": [[[-71.2437, 46.8307], [-71.2434, 46.8315], [-71.243, 46.8323], [-71.2426, 46.8329], [-71.2422, 46.8334], [-71.2418, 46.8338], [-71.2413, 46.8341], [-71.2408, 46.8343], [-71.2402, 46.8344], [-71.2396, 46.8343], [-71.2391, 46.8343], [-71.2386, 46.8342], [-71.2383, 46.8342], [-71.2379, 46.8341], [-71.2377, 46.834], [-71.2375, 46.834], [-71.2374, 46.8339], [-71.2374, 46.8339], [-71.2374, 46.8338], [-71.2374, 46.8338], [-71.2374, 46.8337], [-71.2374, 46.8336], [-71.2375, 46.8336], [-71.2376, 46.8335], [-71.2376, 46.8335], [-71.2378, 46.8334], [-71.2378, 46.8334], [-71.2379, 46.8333], [-71.2379, 46.8333], [-71.2379, 46.8332], [-71.2379, 46.8331], [-71.2379, 46.8331], [-71.2379, 46.833], [-71.2378, 46.833], [-71.2377, 46.8329], [-71.2376, 46.8329], [-71.2376, 46.8329], [-71.2375, 46.833], [-71.2375, 46.833], [-71.2374, 46.8331], [-71.2373, 46.8331], [-71.2373, 46.8332], [-71.2372, 46.8333], [-71.2371, 46.8334], [-71.237, 46.8334], [-71.2368, 46.8335], [-71.2367, 46.8335], [-71.2365, 46.8335], [-71.2362, 46.8335], [-71.236, 46.8334], [-71.2358, 46.8334], [-71.2356, 46.8333], [-71.2355, 46.8332], [-71.2354, 46.8332], [-71.2353, 46.8331], [-71.2353, 46.833], [-71.2354, 46.8329], [-71.2355, 46.8328], [-71.2355, 46.8327], [-71.2355, 46.8327], [-71.2354, 46.8326], [-71.2353, 46.8327], [-71.2352, 46.8327], [-71.235, 46.8328], [-71.2347, 46.8329], [-71.2344, 46.833], [-71.2341, 46.8331], [-71.2338, 46.8332], [-71.2336, 46.8333], [-71.2333, 46.8333], [-71.233, 46.8333], [-71.2327, 46.8333], [-71.2324, 46.8333], [-71.2322, 46.8332], [-71.232, 46.8331], [-71.2318, 46.8328], [-71.2318, 46.8324], [-71.2318, 46.8319], [-71.2319, 46.8313], [-71.232, 46.8306], [-71.2322, 46.8298], [-71.2325, 46.8288], [-71.2329, 46.828], [-71.2332, 46.8274], [-71.2336, 46.8268], [-71.2341, 46.8264], [-71.2346, 46.8261], [-71.2351, 46.8259], [-71.2356, 46.8258], [-71.2362, 46.8259], [-71.2367, 46.826], [-71.2372, 46.8261], [-71.2376, 46.8262], [-71.238, 46.8263], [-71.2383, 46.8265], [-71.2385, 46.8266], [-71.2387, 46.8268], [-71.2389, 46.827], [-71.239, 46.8271], [-71.2391, 46.8272], [-71.2392, 46.8273], [-71.2394, 46.8273], [-71.2395, 46.8273], [-71.2396, 46.8273], [-71.2397, 46.8272], [-71.2398, 46.827], [-71.24, 46.8269], [-71.2402, 46.8268], [-71.2404, 46.8268], [-71.2407, 46.8267], [-71.241, 46.8267], [-71.2414, 46.8267], [-71.2418, 46.8268], [-71.2423, 46.8268], [-71.2427, 46.8269], [-71.2431, 46.827], [-71.2434, 46.827], [-71.2437, 46.8271], [-71.2439, 46.8272], [-71.2441, 46.8272], [-71.2443, 46.8273], [-71.2444, 46.8274], [-71.2445, 46.8276], [-71.2445, 46.8278], [-71.2444, 46.8282], [-71.2443, 46.8287], [-71.2442, 46.8292], [-71.2439, 46.8299], [-71.2437, 46.8307]]]}}, {"type": "Feature", "properties": {"couche": "voile", "station": "18e Rue", "minutes": 8}, "geometry": {"type": "Polygon", "coordinates": [[[-71.4037, 46.9412], [-71.0757, 46.9433], [-71.0733, 46.7188], [-71.3999, 46.7167], [-71.4037, 46.9412]], [[-71.2439, 46.8299], [-71.2442, 46.8292], [-71.2443, 46.8287], [-71.2444, 46.8282], [-71.2445, 46.8278], [-71.2445, 46.8276], [-71.2444, 46.8274], [-71.2443, 46.8273], [-71.2441, 46.8272], [-71.2439, 46.8272], [-71.2437, 46.8271], [-71.2434, 46.827], [-71.2431, 46.827], [-71.2427, 46.8269], [-71.2423, 46.8268], [-71.2418, 46.8268], [-71.2414, 46.8267], [-71.241, 46.8267], [-71.2407, 46.8267], [-71.2404, 46.8268], [-71.2402, 46.8268], [-71.24, 46.8269], [-71.2398, 46.827], [-71.2397, 46.8272], [-71.2396, 46.8273], [-71.2395, 46.8273], [-71.2394, 46.8273], [-71.2392, 46.8273], [-71.2391, 46.8272], [-71.239, 46.8271], [-71.2389, 46.827], [-71.2387, 46.8268], [-71.2385, 46.8266], [-71.2383, 46.8265], [-71.238, 46.8263], [-71.2376, 46.8262], [-71.2372, 46.8261], [-71.2367, 46.826], [-71.2362, 46.8259], [-71.2356, 46.8258], [-71.2351, 46.8259], [-71.2346, 46.8261], [-71.2341, 46.8264], [-71.2336, 46.8268], [-71.2332, 46.8274], [-71.2329, 46.828], [-71.2325, 46.8288], [-71.2322, 46.8298], [-71.232, 46.8306], [-71.2319, 46.8313], [-71.2318, 46.8319], [-71.2318, 46.8324], [-71.2318, 46.8328], [-71.232, 46.8331], [-71.2322, 46.8332], [-71.2324, 46.8333], [-71.2327, 46.8333], [-71.233, 46.8333], [-71.2333, 46.8333], [-71.2336, 46.8333], [-71.2338, 46.8332], [-71.2341, 46.8331], [-71.2344, 46.833], [-71.2347, 46.8329], [-71.235, 46.8328], [-71.2352, 46.8327], [-71.2353, 46.8327], [-71.2354, 46.8326], [-71.2355, 46.8327], [-71.2355, 46.8328], [-71.2354, 46.8329], [-71.2353, 46.833], [-71.2353, 46.8331], [-71.2354, 46.8332], [-71.2355, 46.8332], [-71.2356, 46.8333], [-71.2358, 46.8334], [-71.236, 46.8334], [-71.2362, 46.8335], [-71.2365, 46.8335], [-71.2367, 46.8335], [-71.2368, 46.8335], [-71.237, 46.8334], [-71.2371, 46.8334], [-71.2372, 46.8333], [-71.2373, 46.8332], [-71.2373, 46.8331], [-71.2374, 46.8331], [-71.2375, 46.833], [-71.2376, 46.8329], [-71.2377, 46.8329], [-71.2378, 46.833], [-71.2379, 46.833], [-71.2379, 46.8331], [-71.2379, 46.8332], [-71.2379, 46.8333], [-71.2378, 46.8334], [-71.2376, 46.8335], [-71.2375, 46.8336], [-71.2374, 46.8336], [-71.2374, 46.8337], [-71.2374, 46.8338], [-71.2374, 46.8339], [-71.2375, 46.834], [-71.2377, 46.834], [-71.2379, 46.8341], [-71.2383, 46.8342], [-71.2386, 46.8342], [-71.2391, 46.8343], [-71.2396, 46.8343], [-71.2402, 46.8344], [-71.2408, 46.8343], [-71.2413, 46.8341], [-71.2418, 46.8338], [-71.2422, 46.8334], [-71.2426, 46.8329], [-71.243, 46.8323], [-71.2434, 46.8315], [-71.2437, 46.8307], [-71.2439, 46.8299]]]}}, {"type": "Feature", "properties": {"couche": "aire_marche", "station": "18e Rue", "ordre": 26, "minutes": 9, "superficie_ha": 86.2, "rue_km": 23.12, "disque_ha": 124.7, "part_disque_pct": 69, "accroche_m": 1, "population": 6222, "navetteurs": 2354, "mode_auto_pct": 55, "mode_tc_pct": 23, "mode_actif_pct": 21, "mode_autre_pct": 1}, "geometry": {"type": "Polygon", "coordinates": [[[-71.2448, 46.8269], [-71.2449, 46.827], [-71.2451, 46.8271], [-71.2452, 46.8272], [-71.2452, 46.8273], [-71.2452, 46.8274], [-71.2451, 46.8276], [-71.245, 46.8277], [-71.2449, 46.8278], [-71.2447, 46.8278], [-71.2446, 46.8279], [-71.2445, 46.828], [-71.2444, 46.8282], [-71.2444, 46.8283], [-71.2444, 46.8284], [-71.2444, 46.8285], [-71.2445, 46.8286], [-71.2446, 46.8287], [-71.2447, 46.8289], [-71.2448, 46.829], [-71.2448, 46.8291], [-71.2448, 46.8292], [-71.2448, 46.8293], [-71.2447, 46.8294], [-71.2447, 46.8296], [-71.2446, 46.8297], [-71.2445, 46.8298], [-71.2444, 46.8299], [-71.2444, 46.83], [-71.2443, 46.8301], [-71.2443, 46.8303], [-71.2443, 46.8304], [-71.2442, 46.8305], [-71.2443, 46.8307], [-71.2443, 46.8308], [-71.2442, 46.8309], [-71.2442, 46.831], [-71.2442, 46.8311], [-71.2441, 46.8312], [-71.244, 46.8312], [-71.244, 46.8313], [-71.2439, 46.8313], [-71.2438, 46.8314], [-71.2437, 46.8314], [-71.2437, 46.8315], [-71.2436, 46.8315], [-71.2436, 46.8316], [-71.2436, 46.8317], [-71.2437, 46.8318], [-71.2437, 46.8319], [-71.2437, 46.8319], [-71.2437, 46.832], [-71.2437, 46.8321], [-71.2436, 46.8322], [-71.2435, 46.8323], [-71.2434, 46.8324], [-71.2432, 46.8325], [-71.243, 46.8327], [-71.2429, 46.8328], [-71.2428, 46.8328], [-71.2428, 46.8329], [-71.2427, 46.833], [-71.2428, 46.8331], [-71.2428, 46.8331], [-71.2429, 46.8331], [-71.2431, 46.8332], [-71.2432, 46.8332], [-71.2433, 46.8332], [-71.2433, 46.8333], [-71.2433, 46.8334], [-71.2433, 46.8334], [-71.2432, 46.8335], [-71.2431, 46.8336], [-71.243, 46.8337], [-71.2429, 46.8338], [-71.2428, 46.8339], [-71.2427, 46.834], [-71.2426, 46.8341], [-71.2426, 46.8343], [-71.2426, 46.8344], [-71.2426, 46.8345], [-71.2426, 46.8346], [-71.2426, 46.8347], [-71.2425, 46.8348], [-71.2423, 46.8349], [-71.242, 46.8349], [-71.2417, 46.8349], [-71.2413, 46.8349], [-71.2408, 46.8349], [-71.2403, 46.8349], [-71.2398, 46.8348], [-71.2394, 46.8348], [-71.239, 46.8347], [-71.2387, 46.8347], [-71.2385, 46.8346], [-71.2383, 46.8345], [-71.2382, 46.8345], [-71.2382, 46.8344], [-71.2381, 46.8343], [-71.238, 46.8343], [-71.2379, 46.8343], [-71.2378, 46.8342], [-71.2377, 46.8342], [-71.2376, 46.8343], [-71.2374, 46.8343], [-71.2373, 46.8343], [-71.2372, 46.8344], [-71.237, 46.8344], [-71.2369, 46.8344], [-71.2369, 46.8343], [-71.2368, 46.8343], [-71.2368, 46.8343], [-71.2367, 46.8342], [-71.2367, 46.8341], [-71.2367, 46.834], [-71.2367, 46.834], [-71.2366, 46.8339], [-71.2366, 46.8339], [-71.2365, 46.8338], [-71.2364, 46.8338], [-71.2363, 46.8338], [-71.2362, 46.8338], [-71.2361, 46.8337], [-71.236, 46.8337], [-71.2359, 46.8337], [-71.2359, 46.8336], [-71.2359, 46.8336], [-71.2359, 46.8335], [-71.236, 46.8334], [-71.236, 46.8334], [-71.236, 46.8333], [-71.236, 46.8333], [-71.2359, 46.8333], [-71.2358, 46.8333], [-71.2357, 46.8334], [-71.2354, 46.8334], [-71.2352, 46.8335], [-71.2349, 46.8336], [-71.2346, 46.8337], [-71.2343, 46.8338], [-71.2341, 46.8339], [-71.2339, 46.8339], [-71.2338, 46.8339], [-71.2336, 46.8339], [-71.2335, 46.8338], [-71.2334, 46.8338], [-71.2333, 46.8337], [-71.2331, 46.8337], [-71.2329, 46.8336], [-71.2327, 46.8336], [-71.2325, 46.8336], [-71.2322, 46.8335], [-71.2319, 46.8335], [-71.2316, 46.8335], [-71.2314, 46.8333], [-71.2312, 46.8331], [-71.2311, 46.8327], [-71.2311, 46.8321], [-71.2312, 46.8315], [-71.2314, 46.8307], [-71.2316, 46.8298], [-71.2319, 46.8287], [-71.2322, 46.8278], [-71.2325, 46.8271], [-71.2328, 46.8265], [-71.2331, 46.826], [-71.2334, 46.8256], [-71.2337, 46.8254], [-71.234, 46.8254], [-71.2343, 46.8255], [-71.2346, 46.8256], [-71.2348, 46.8256], [-71.235, 46.8256], [-71.2352, 46.8257], [-71.2354, 46.8257], [-71.2355, 46.8256], [-71.2356, 46.8256], [-71.2357, 46.8256], [-71.2358, 46.8255], [-71.2361, 46.8255], [-71.2364, 46.8256], [-71.2368, 46.8256], [-71.2372, 46.8257], [-71.2378, 46.8258], [-71.2384, 46.8259], [-71.2391, 46.826], [-71.2398, 46.8261], [-71.2403, 46.8262], [-71.2408, 46.8263], [-71.2412, 46.8264], [-71.2415, 46.8264], [-71.2417, 46.8264], [-71.2418, 46.8264], [-71.2419, 46.8263], [-71.242, 46.8263], [-71.2421, 46.8263], [-71.2422, 46.8263], [-71.2424, 46.8263], [-71.2426, 46.8263], [-71.2428, 46.8263], [-71.243, 46.8263], [-71.2433, 46.8263], [-71.2435, 46.8264], [-71.2438, 46.8264], [-71.244, 46.8265], [-71.2442, 46.8266], [-71.2444, 46.8267], [-71.2446, 46.8268], [-71.2448, 46.8269]]]}}, {"type": "Feature", "properties": {"couche": "voile", "station": "18e Rue", "minutes": 9}, "geometry": {"type": "Polygon", "coordinates": [[[-71.4044, 46.9417], [-71.075, 46.9438], [-71.0726, 46.7184], [-71.4006, 46.7163], [-71.4044, 46.9417]], [[-71.2446, 46.8268], [-71.2444, 46.8267], [-71.2442, 46.8266], [-71.244, 46.8265], [-71.2438, 46.8264], [-71.2435, 46.8264], [-71.2433, 46.8263], [-71.243, 46.8263], [-71.2428, 46.8263], [-71.2426, 46.8263], [-71.2424, 46.8263], [-71.2422, 46.8263], [-71.2421, 46.8263], [-71.242, 46.8263], [-71.2419, 46.8263], [-71.2418, 46.8264], [-71.2417, 46.8264], [-71.2415, 46.8264], [-71.2412, 46.8264], [-71.2408, 46.8263], [-71.2403, 46.8262], [-71.2398, 46.8261], [-71.2391, 46.826], [-71.2384, 46.8259], [-71.2378, 46.8258], [-71.2372, 46.8257], [-71.2368, 46.8256], [-71.2364, 46.8256], [-71.2361, 46.8255], [-71.2358, 46.8255], [-71.2357, 46.8256], [-71.2356, 46.8256], [-71.2355, 46.8256], [-71.2354, 46.8257], [-71.2352, 46.8257], [-71.235, 46.8256], [-71.2348, 46.8256], [-71.2346, 46.8256], [-71.2343, 46.8255], [-71.234, 46.8254], [-71.2337, 46.8254], [-71.2334, 46.8256], [-71.2331, 46.826], [-71.2328, 46.8265], [-71.2325, 46.8271], [-71.2322, 46.8278], [-71.2319, 46.8287], [-71.2316, 46.8298], [-71.2314, 46.8307], [-71.2312, 46.8315], [-71.2311, 46.8321], [-71.2311, 46.8327], [-71.2312, 46.8331], [-71.2314, 46.8333], [-71.2316, 46.8335], [-71.2319, 46.8335], [-71.2322, 46.8335], [-71.2325, 46.8336], [-71.2327, 46.8336], [-71.2329, 46.8336], [-71.2331, 46.8337], [-71.2333, 46.8337], [-71.2334, 46.8338], [-71.2335, 46.8338], [-71.2336, 46.8339], [-71.2338, 46.8339], [-71.2339, 46.8339], [-71.2341, 46.8339], [-71.2343, 46.8338], [-71.2346, 46.8337], [-71.2349, 46.8336], [-71.2352, 46.8335], [-71.2354, 46.8334], [-71.2357, 46.8334], [-71.2358, 46.8333], [-71.2359, 46.8333], [-71.236, 46.8333], [-71.236, 46.8334], [-71.2359, 46.8335], [-71.2359, 46.8336], [-71.2359, 46.8337], [-71.236, 46.8337], [-71.2361, 46.8337], [-71.2362, 46.8338], [-71.2363, 46.8338], [-71.2364, 46.8338], [-71.2365, 46.8338], [-71.2366, 46.8339], [-71.2367, 46.834], [-71.2367, 46.8341], [-71.2367, 46.8342], [-71.2368, 46.8343], [-71.2369, 46.8343], [-71.2369, 46.8344], [-71.237, 46.8344], [-71.2372, 46.8344], [-71.2373, 46.8343], [-71.2374, 46.8343], [-71.2376, 46.8343], [-71.2377, 46.8342], [-71.2378, 46.8342], [-71.2379, 46.8343], [-71.238, 46.8343], [-71.2381, 46.8343], [-71.2382, 46.8344], [-71.2382, 46.8345], [-71.2383, 46.8345], [-71.2385, 46.8346], [-71.2387, 46.8347], [-71.239, 46.8347], [-71.2394, 46.8348], [-71.2398, 46.8348], [-71.2403, 46.8349], [-71.2408, 46.8349], [-71.2413, 46.8349], [-71.2417, 46.8349], [-71.242, 46.8349], [-71.2423, 46.8349], [-71.2425, 46.8348], [-71.2426, 46.8347], [-71.2426, 46.8346], [-71.2426, 46.8345], [-71.2426, 46.8344], [-71.2426, 46.8343], [-71.2426, 46.8341], [-71.2427, 46.834], [-71.2428, 46.8339], [-71.2429, 46.8338], [-71.243, 46.8337], [-71.2431, 46.8336], [-71.2432, 46.8335], [-71.2433, 46.8334], [-71.2433, 46.8333], [-71.2433, 46.8332], [-71.2432, 46.8332], [-71.2431, 46.8332], [-71.2429, 46.8331], [-71.2428, 46.8331], [-71.2427, 46.833], [-71.2428, 46.8329], [-71.2428, 46.8328], [-71.2429, 46.8328], [-71.243, 46.8327], [-71.2432, 46.8325], [-71.2434, 46.8324], [-71.2435, 46.8323], [-71.2436, 46.8322], [-71.2437, 46.8321], [-71.2437, 46.832], [-71.2437, 46.8319], [-71.2437, 46.8318], [-71.2436, 46.8317], [-71.2436, 46.8316], [-71.2436, 46.8315], [-71.2437, 46.8315], [-71.2437, 46.8314], [-71.2438, 46.8314], [-71.2439, 46.8313], [-71.244, 46.8313], [-71.244, 46.8312], [-71.2441, 46.8312], [-71.2442, 46.8311], [-71.2442, 46.831], [-71.2442, 46.8309], [-71.2443, 46.8308], [-71.2443, 46.8307], [-71.2442, 46.8305], [-71.2443, 46.8304], [-71.2443, 46.8303], [-71.2443, 46.8301], [-71.2444, 46.83], [-71.2444, 46.8299], [-71.2445, 46.8298], [-71.2446, 46.8297], [-71.2447, 46.8296], [-71.2447, 46.8294], [-71.2448, 46.8293], [-71.2448, 46.8292], [-71.2448, 46.8291], [-71.2448, 46.829], [-71.2447, 46.8289], [-71.2446, 46.8287], [-71.2445, 46.8286], [-71.2444, 46.8285], [-71.2444, 46.8284], [-71.2444, 46.8283], [-71.2444, 46.8282], [-71.2445, 46.828], [-71.2446, 46.8279], [-71.2447, 46.8278], [-71.2449, 46.8278], [-71.245, 46.8277], [-71.2451, 46.8276], [-71.2452, 46.8274], [-71.2452, 46.8273], [-71.2452, 46.8272], [-71.2451, 46.8271], [-71.2449, 46.827], [-71.2448, 46.8269], [-71.2446, 46.8268]]]}}, {"type": "Feature", "properties": {"couche": "aire_marche", "station": "18e Rue", "ordre": 26, "minutes": 10, "superficie_ha": 107.9, "rue_km": 28.91, "disque_ha": 153.9, "part_disque_pct": 70, "accroche_m": 1, "population": 7572, "navetteurs": 2827, "mode_auto_pct": 55, "mode_tc_pct": 22, "mode_actif_pct": 22, "mode_autre_pct": 1}, "geometry": {"type": "Polygon", "coordinates": [[[-71.2457, 46.8274], [-71.2457, 46.8274], [-71.2456, 46.8275], [-71.2456, 46.8276], [-71.2455, 46.8278], [-71.2455, 46.8279], [-71.2455, 46.8281], [-71.2455, 46.8283], [-71.2455, 46.8285], [-71.2456, 46.8288], [-71.2456, 46.829], [-71.2455, 46.8292], [-71.2455, 46.8294], [-71.2454, 46.8296], [-71.2453, 46.8297], [-71.2452, 46.8298], [-71.245, 46.8299], [-71.2449, 46.8299], [-71.2447, 46.8299], [-71.2446, 46.83], [-71.2445, 46.83], [-71.2445, 46.8301], [-71.2445, 46.8301], [-71.2445, 46.8302], [-71.2446, 46.8303], [-71.2447, 46.8303], [-71.2448, 46.8304], [-71.2449, 46.8304], [-71.245, 46.8305], [-71.245, 46.8306], [-71.245, 46.8307], [-71.2451, 46.8307], [-71.245, 46.8308], [-71.245, 46.8309], [-71.245, 46.831], [-71.2449, 46.8311], [-71.2448, 46.8312], [-71.2447, 46.8312], [-71.2446, 46.8313], [-71.2445, 46.8313], [-71.2443, 46.8314], [-71.2442, 46.8314], [-71.244, 46.8314], [-71.2439, 46.8315], [-71.2438, 46.8315], [-71.2437, 46.8316], [-71.2437, 46.8316], [-71.2437, 46.8317], [-71.2437, 46.8318], [-71.2437, 46.8319], [-71.2437, 46.832], [-71.2437, 46.8321], [-71.2437, 46.8322], [-71.2436, 46.8323], [-71.2435, 46.8324], [-71.2434, 46.8325], [-71.2432, 46.8326], [-71.2431, 46.8327], [-71.2429, 46.8328], [-71.2428, 46.8329], [-71.2428, 46.8329], [-71.2428, 46.8329], [-71.2428, 46.833], [-71.2429, 46.833], [-71.243, 46.8329], [-71.2431, 46.8329], [-71.2433, 46.8329], [-71.2434, 46.8329], [-71.2435, 46.8329], [-71.2437, 46.8329], [-71.2438, 46.8329], [-71.2439, 46.8329], [-71.244, 46.833], [-71.2441, 46.8331], [-71.2441, 46.8331], [-71.2442, 46.8332], [-71.2442, 46.8333], [-71.2443, 46.8333], [-71.2443, 46.8334], [-71.2443, 46.8335], [-71.2442, 46.8336], [-71.2442, 46.8337], [-71.2441, 46.8338], [-71.244, 46.8338], [-71.2439, 46.8339], [-71.2438, 46.834], [-71.2437, 46.834], [-71.2435, 46.834], [-71.2434, 46.834], [-71.2432, 46.834], [-71.243, 46.8341], [-71.2429, 46.8341], [-71.2428, 46.8342], [-71.2427, 46.8343], [-71.2427, 46.8344], [-71.2427, 46.8346], [-71.2428, 46.8348], [-71.2428, 46.835], [-71.2429, 46.8351], [-71.2429, 46.8353], [-71.2429, 46.8353], [-71.2428, 46.8354], [-71.2427, 46.8354], [-71.2426, 46.8354], [-71.2424, 46.8354], [-71.2422, 46.8353], [-71.242, 46.8352], [-71.2418, 46.8352], [-71.2415, 46.8352], [-71.2413, 46.8351], [-71.2411, 46.8351], [-71.2408, 46.8351], [-71.2405, 46.8352], [-71.2403, 46.8352], [-71.24, 46.8352], [-71.2398, 46.8352], [-71.2396, 46.8352], [-71.2394, 46.8352], [-71.2392, 46.8352], [-71.2391, 46.8352], [-71.239, 46.8351], [-71.2389, 46.835], [-71.2388, 46.835], [-71.2387, 46.8349], [-71.2386, 46.8349], [-71.2385, 46.8349], [-71.2383, 46.8349], [-71.2382, 46.8349], [-71.2381, 46.8349], [-71.238, 46.835], [-71.2378, 46.835], [-71.2377, 46.835], [-71.2376, 46.835], [-71.2375, 46.835], [-71.2374, 46.8349], [-71.2374, 46.8349], [-71.2373, 46.8348], [-71.2373, 46.8348], [-71.2372, 46.8347], [-71.2371, 46.8347], [-71.237, 46.8346], [-71.2369, 46.8346], [-71.2368, 46.8346], [-71.2367, 46.8346], [-71.2366, 46.8346], [-71.2364, 46.8347], [-71.2363, 46.8347], [-71.2362, 46.8347], [-71.2361, 46.8347], [-71.236, 46.8347], [-71.2359, 46.8347], [-71.2359, 46.8346], [-71.2359, 46.8346], [-71.2358, 46.8345], [-71.2358, 46.8345], [-71.2358, 46.8344], [-71.2359, 46.8343], [-71.2359, 46.8343], [-71.236, 46.8342], [-71.2361, 46.8342], [-71.2362, 46.8341], [-71.2363, 46.834], [-71.2364, 46.834], [-71.2364, 46.834], [-71.2365, 46.8339], [-71.2364, 46.8339], [-71.2364, 46.834], [-71.2363, 46.834], [-71.2362, 46.834], [-71.236, 46.8341], [-71.2359, 46.8341], [-71.2358, 46.8342], [-71.2356, 46.8342], [-71.2355, 46.8342], [-71.2354, 46.8342], [-71.2353, 46.8341], [-71.2353, 46.8341], [-71.2352, 46.8341], [-71.2352, 46.834], [-71.2351, 46.8339], [-71.2352, 46.8339], [-71.2352, 46.8338], [-71.2353, 46.8337], [-71.2354, 46.8336], [-71.2355, 46.8336], [-71.2357, 46.8335], [-71.2358, 46.8334], [-71.2359, 46.8333], [-71.2359, 46.8333], [-71.2359, 46.8333], [-71.2358, 46.8333], [-71.2357, 46.8334], [-71.2355, 46.8335], [-71.2353, 46.8335], [-71.2351, 46.8336], [-71.235, 46.8337], [-71.2348, 46.8338], [-71.2347, 46.8339], [-71.2346, 46.834], [-71.2345, 46.8341], [-71.2345, 46.8342], [-71.2345, 46.8343], [-71.2344, 46.8343], [-71.2343, 46.8344], [-71.2343, 46.8344], [-71.2341, 46.8345], [-71.234, 46.8345], [-71.2339, 46.8345], [-71.2337, 46.8345], [-71.2335, 46.8344], [-71.2333, 46.8344], [-71.2332, 46.8343], [-71.2331, 46.8343], [-71.233, 46.8342], [-71.2329, 46.8341], [-71.2329, 46.8341], [-71.2329, 46.834], [-71.233, 46.8339], [-71.233, 46.8338], [-71.2329, 46.8338], [-71.2329, 46.8337], [-71.2328, 46.8337], [-71.2327, 46.8337], [-71.2326, 46.8338], [-71.2324, 46.8338], [-71.2322, 46.8339], [-71.232, 46.834], [-71.2319, 46.834], [-71.2317, 46.834], [-71.2314, 46.834], [-71.2312, 46.834], [-71.231, 46.834], [-71.2308, 46.834], [-71.2306, 46.8339], [-71.2304, 46.8338], [-71.2302, 46.8336], [-71.2302, 46.8333], [-71.2301, 46.833], [-71.2301, 46.8326], [-71.2302, 46.8321], [-71.2302, 46.8315], [-71.2304, 46.8308], [-71.2305, 46.8302], [-71.2307, 46.8295], [-71.2308, 46.8289], [-71.231, 46.8284], [-71.2312, 46.8278], [-71.2314, 46.8273], [-71.2316, 46.8267], [-71.2318, 46.8263], [-71.232, 46.8258], [-71.2322, 46.8255], [-71.2325, 46.8252], [-71.2327, 46.8249], [-71.2329, 46.8248], [-71.2332, 46.8247], [-71.2334, 46.8247], [-71.2336, 46.8247], [-71.2338, 46.8247], [-71.234, 46.8248], [-71.2342, 46.8248], [-71.2344, 46.8249], [-71.2345, 46.8249], [-71.2346, 46.825], [-71.2347, 46.825], [-71.2347, 46.8251], [-71.2348, 46.8252], [-71.2348, 46.8252], [-71.2349, 46.8252], [-71.2349, 46.8252], [-71.235, 46.8252], [-71.2351, 46.8252], [-71.2351, 46.8251], [-71.2352, 46.8251], [-71.2353, 46.825], [-71.2354, 46.825], [-71.2356, 46.825], [-71.2358, 46.825], [-71.2361, 46.825], [-71.2364, 46.825], [-71.2368, 46.825], [-71.2372, 46.8251], [-71.2375, 46.8251], [-71.2378, 46.8252], [-71.2381, 46.8252], [-71.2383, 46.8253], [-71.2385, 46.8254], [-71.2386, 46.8254], [-71.2387, 46.8255], [-71.2388, 46.8255], [-71.2389, 46.8256], [-71.2392, 46.8257], [-71.2395, 46.8257], [-71.2398, 46.8257], [-71.2403, 46.8258], [-71.2408, 46.8258], [-71.2414, 46.8258], [-71.2421, 46.8258], [-71.2427, 46.8259], [-71.2433, 46.8259], [-71.2438, 46.826], [-71.2442, 46.8261], [-71.2446, 46.8262], [-71.2449, 46.8263], [-71.2452, 46.8264], [-71.2453, 46.8266], [-71.2455, 46.8268], [-71.2456, 46.8269], [-71.2457, 46.827], [-71.2457, 46.8271], [-71.2458, 46.8272], [-71.2458, 46.8273], [-71.2457, 46.8274]]]}}, {"type": "Feature", "properties": {"couche": "voile", "station": "18e Rue", "minutes": 10}, "geometry": {"type": "Polygon", "coordinates": [[[-71.405, 46.9422], [-71.074, 46.9443], [-71.0716, 46.7177], [-71.4012, 46.7155], [-71.405, 46.9422]], [[-71.2362, 46.8341], [-71.2361, 46.8342], [-71.236, 46.8342], [-71.2359, 46.8343], [-71.2358, 46.8344], [-71.2358, 46.8345], [-71.2359, 46.8346], [-71.2359, 46.8347], [-71.236, 46.8347], [-71.2361, 46.8347], [-71.2362, 46.8347], [-71.2363, 46.8347], [-71.2364, 46.8347], [-71.2366, 46.8346], [-71.2367, 46.8346], [-71.2368, 46.8346], [-71.2369, 46.8346], [-71.237, 46.8346], [-71.2371, 46.8347], [-71.2372, 46.8347], [-71.2373, 46.8348], [-71.2374, 46.8349], [-71.2375, 46.835], [-71.2376, 46.835], [-71.2377, 46.835], [-71.2378, 46.835], [-71.238, 46.835], [-71.2381, 46.8349], [-71.2382, 46.8349], [-71.2383, 46.8349], [-71.2385, 46.8349], [-71.2386, 46.8349], [-71.2387, 46.8349], [-71.2388, 46.835], [-71.2389, 46.835], [-71.239, 46.8351], [-71.2391, 46.8352], [-71.2392, 46.8352], [-71.2394, 46.8352], [-71.2396, 46.8352], [-71.2398, 46.8352], [-71.24, 46.8352], [-71.2403, 46.8352], [-71.2405, 46.8352], [-71.2408, 46.8351], [-71.2411, 46.8351], [-71.2413, 46.8351], [-71.2415, 46.8352], [-71.2418, 46.8352], [-71.242, 46.8352], [-71.2422, 46.8353], [-71.2424, 46.8354], [-71.2426, 46.8354], [-71.2427, 46.8354], [-71.2428, 46.8354], [-71.2429, 46.8353], [-71.2429, 46.8351], [-71.2428, 46.835], [-71.2428, 46.8348], [-71.2427, 46.8346], [-71.2427, 46.8344], [-71.2427, 46.8343], [-71.2428, 46.8342], [-71.2429, 46.8341], [-71.243, 46.8341], [-71.2432, 46.834], [-71.2434, 46.834], [-71.2435, 46.834], [-71.2437, 46.834], [-71.2438, 46.834], [-71.2439, 46.8339], [-71.244, 46.8338], [-71.2441, 46.8338], [-71.2442, 46.8337], [-71.2442, 46.8336], [-71.2443, 46.8335], [-71.2443, 46.8334], [-71.2443, 46.8333], [-71.2442, 46.8333], [-71.2442, 46.8332], [-71.2441, 46.8331], [-71.244, 46.833], [-71.2439, 46.8329], [-71.2438, 46.8329], [-71.2437, 46.8329], [-71.2435, 46.8329], [-71.2434, 46.8329], [-71.2433, 46.8329], [-71.2431, 46.8329], [-71.243, 46.8329], [-71.2429, 46.833], [-71.2428, 46.833], [-71.2428, 46.8329], [-71.2429, 46.8328], [-71.2431, 46.8327], [-71.2432, 46.8326], [-71.2434, 46.8325], [-71.2435, 46.8324], [-71.2436, 46.8323], [-71.2437, 46.8322], [-71.2437, 46.8321], [-71.2437, 46.832], [-71.2437, 46.8319], [-71.2437, 46.8318], [-71.2437, 46.8317], [-71.2437, 46.8316], [-71.2438, 46.8315], [-71.2439, 46.8315], [-71.244, 46.8314], [-71.2442, 46.8314], [-71.2443, 46.8314], [-71.2445, 46.8313], [-71.2446, 46.8313], [-71.2447, 46.8312], [-71.2448, 46.8312], [-71.2449, 46.8311], [-71.245, 46.831], [-71.245, 46.8309], [-71.245, 46.8308], [-71.2451, 46.8307], [-71.245, 46.8307], [-71.245, 46.8306], [-71.245, 46.8305], [-71.2449, 46.8304], [-71.2448, 46.8304], [-71.2447, 46.8303], [-71.2446, 46.8303], [-71.2445, 46.8302], [-71.2445, 46.8301], [-71.2445, 46.83], [-71.2446, 46.83], [-71.2447, 46.8299], [-71.2449, 46.8299], [-71.245, 46.8299], [-71.2452, 46.8298], [-71.2453, 46.8297], [-71.2454, 46.8296], [-71.2455, 46.8294], [-71.2455, 46.8292], [-71.2456, 46.829], [-71.2456, 46.8288], [-71.2455, 46.8285], [-71.2455, 46.8283], [-71.2455, 46.8281], [-71.2455, 46.8279], [-71.2455, 46.8278], [-71.2456, 46.8276], [-71.2456, 46.8275], [-71.2457, 46.8274], [-71.2458, 46.8273], [-71.2458, 46.8272], [-71.2457, 46.8271], [-71.2457, 46.827], [-71.2456, 46.8269], [-71.2455, 46.8268], [-71.2453, 46.8266], [-71.2452, 46.8264], [-71.2449, 46.8263], [-71.2446, 46.8262], [-71.2442, 46.8261], [-71.2438, 46.826], [-71.2433, 46.8259], [-71.2427, 46.8259], [-71.2421, 46.8258], [-71.2414, 46.8258], [-71.2408, 46.8258], [-71.2403, 46.8258], [-71.2398, 46.8257], [-71.2395, 46.8257], [-71.2392, 46.8257], [-71.2389, 46.8256], [-71.2388, 46.8255], [-71.2387, 46.8255], [-71.2386, 46.8254], [-71.2385, 46.8254], [-71.2383, 46.8253], [-71.2381, 46.8252], [-71.2378, 46.8252], [-71.2375, 46.8251], [-71.2372, 46.8251], [-71.2368, 46.825], [-71.2364, 46.825], [-71.2361, 46.825], [-71.2358, 46.825], [-71.2356, 46.825], [-71.2354, 46.825], [-71.2353, 46.825], [-71.2352, 46.8251], [-71.2351, 46.8251], [-71.2351, 46.8252], [-71.235, 46.8252], [-71.2349, 46.8252], [-71.2348, 46.8252], [-71.2347, 46.8251], [-71.2347, 46.825], [-71.2346, 46.825], [-71.2345, 46.8249], [-71.2344, 46.8249], [-71.2342, 46.8248], [-71.234, 46.8248], [-71.2338, 46.8247], [-71.2336, 46.8247], [-71.2334, 46.8247], [-71.2332, 46.8247], [-71.2329, 46.8248], [-71.2327, 46.8249], [-71.2325, 46.8252], [-71.2322, 46.8255], [-71.232, 46.8258], [-71.2318, 46.8263], [-71.2316, 46.8267], [-71.2314, 46.8273], [-71.2312, 46.8278], [-71.231, 46.8284], [-71.2308, 46.8289], [-71.2307, 46.8295], [-71.2305, 46.8302], [-71.2304, 46.8308], [-71.2302, 46.8315], [-71.2302, 46.8321], [-71.2301, 46.8326], [-71.2301, 46.833], [-71.2302, 46.8333], [-71.2302, 46.8336], [-71.2304, 46.8338], [-71.2306, 46.8339], [-71.2308, 46.834], [-71.231, 46.834], [-71.2312, 46.834], [-71.2314, 46.834], [-71.2317, 46.834], [-71.2319, 46.834], [-71.232, 46.834], [-71.2322, 46.8339], [-71.2324, 46.8338], [-71.2326, 46.8338], [-71.2327, 46.8337], [-71.2328, 46.8337], [-71.2329, 46.8337], [-71.2329, 46.8338], [-71.233, 46.8338], [-71.233, 46.8339], [-71.2329, 46.834], [-71.2329, 46.8341], [-71.233, 46.8342], [-71.2331, 46.8343], [-71.2332, 46.8343], [-71.2333, 46.8344], [-71.2335, 46.8344], [-71.2337, 46.8345], [-71.2339, 46.8345], [-71.234, 46.8345], [-71.2341, 46.8345], [-71.2343, 46.8344], [-71.2344, 46.8343], [-71.2345, 46.8343], [-71.2345, 46.8342], [-71.2345, 46.8341], [-71.2346, 46.834], [-71.2347, 46.8339], [-71.2348, 46.8338], [-71.235, 46.8337], [-71.2351, 46.8336], [-71.2353, 46.8335], [-71.2355, 46.8335], [-71.2357, 46.8334], [-71.2358, 46.8333], [-71.2359, 46.8333], [-71.2358, 46.8334], [-71.2357, 46.8335], [-71.2355, 46.8336], [-71.2354, 46.8336], [-71.2353, 46.8337], [-71.2352, 46.8338], [-71.2352, 46.8339], [-71.2351, 46.8339], [-71.2352, 46.834], [-71.2352, 46.8341], [-71.2353, 46.8341], [-71.2354, 46.8342], [-71.2355, 46.8342], [-71.2356, 46.8342], [-71.2358, 46.8342], [-71.2359, 46.8341], [-71.236, 46.8341], [-71.2362, 46.834], [-71.2363, 46.834], [-71.2362, 46.8341]]]}}, {"type": "Feature", "properties": {"couche": "aire_marche", "station": "18e Rue", "ordre": 26, "minutes": 11, "superficie_ha": 129.2, "rue_km": 36.15, "disque_ha": 186.3, "part_disque_pct": 69, "accroche_m": 1, "population": 8551, "navetteurs": 3164, "mode_auto_pct": 55, "mode_tc_pct": 21, "mode_actif_pct": 23, "mode_autre_pct": 1}, "geometry": {"type": "Polygon", "coordinates": [[[-71.2462, 46.8278], [-71.2461, 46.828], [-71.246, 46.8283], [-71.2459, 46.8285], [-71.2459, 46.8286], [-71.2459, 46.8288], [-71.2459, 46.829], [-71.2459, 46.8291], [-71.246, 46.8293], [-71.2461, 46.8294], [-71.2461, 46.8295], [-71.2462, 46.8297], [-71.2462, 46.8299], [-71.2462, 46.8301], [-71.2461, 46.8303], [-71.2461, 46.8305], [-71.246, 46.8307], [-71.2459, 46.8309], [-71.2457, 46.8312], [-71.2456, 46.8313], [-71.2454, 46.8315], [-71.2452, 46.8316], [-71.245, 46.8316], [-71.2448, 46.8317], [-71.2446, 46.8317], [-71.2444, 46.8316], [-71.2442, 46.8316], [-71.244, 46.8316], [-71.2439, 46.8316], [-71.2438, 46.8316], [-71.2437, 46.8317], [-71.2437, 46.8317], [-71.2437, 46.8318], [-71.2437, 46.8319], [-71.2437, 46.832], [-71.2437, 46.8321], [-71.2437, 46.8322], [-71.2436, 46.8323], [-71.2435, 46.8324], [-71.2434, 46.8325], [-71.2432, 46.8326], [-71.2431, 46.8327], [-71.2429, 46.8328], [-71.2428, 46.8329], [-71.2428, 46.8329], [-71.2428, 46.8329], [-71.2428, 46.833], [-71.2428, 46.833], [-71.243, 46.8329], [-71.2431, 46.8329], [-71.2433, 46.8329], [-71.2434, 46.8329], [-71.2436, 46.8329], [-71.2438, 46.8329], [-71.2439, 46.8329], [-71.2441, 46.833], [-71.2443, 46.833], [-71.2444, 46.8331], [-71.2446, 46.8331], [-71.2447, 46.8332], [-71.2448, 46.8333], [-71.2449, 46.8334], [-71.2449, 46.8334], [-71.245, 46.8335], [-71.245, 46.8336], [-71.2449, 46.8337], [-71.2449, 46.8338], [-71.2448, 46.8339], [-71.2448, 46.834], [-71.2447, 46.8341], [-71.2446, 46.8342], [-71.2445, 46.8342], [-71.2444, 46.8343], [-71.2443, 46.8344], [-71.2441, 46.8344], [-71.244, 46.8344], [-71.2439, 46.8345], [-71.2438, 46.8345], [-71.2437, 46.8345], [-71.2436, 46.8345], [-71.2435, 46.8345], [-71.2434, 46.8345], [-71.2434, 46.8345], [-71.2433, 46.8344], [-71.2432, 46.8344], [-71.2432, 46.8344], [-71.2432, 46.8343], [-71.2431, 46.8342], [-71.2431, 46.8342], [-71.2431, 46.8341], [-71.2431, 46.834], [-71.2431, 46.834], [-71.2431, 46.8339], [-71.243, 46.8339], [-71.243, 46.8339], [-71.2429, 46.8339], [-71.2429, 46.8339], [-71.2428, 46.834], [-71.2427, 46.834], [-71.2427, 46.8341], [-71.2427, 46.8342], [-71.2427, 46.8344], [-71.2428, 46.8346], [-71.2429, 46.8348], [-71.243, 46.835], [-71.2431, 46.8353], [-71.2432, 46.8355], [-71.2433, 46.8357], [-71.2433, 46.8359], [-71.2433, 46.836], [-71.2433, 46.8361], [-71.2432, 46.8361], [-71.2432, 46.8362], [-71.243, 46.8361], [-71.2429, 46.8361], [-71.2428, 46.8361], [-71.2427, 46.8361], [-71.2427, 46.836], [-71.2426, 46.8359], [-71.2425, 46.8359], [-71.2425, 46.8358], [-71.2425, 46.8357], [-71.2424, 46.8357], [-71.2423, 46.8356], [-71.2421, 46.8356], [-71.242, 46.8356], [-71.2418, 46.8356], [-71.2415, 46.8356], [-71.2412, 46.8356], [-71.2409, 46.8357], [-71.2406, 46.8357], [-71.2403, 46.8357], [-71.24, 46.8357], [-71.2397, 46.8357], [-71.2394, 46.8357], [-71.2392, 46.8356], [-71.2389, 46.8356], [-71.2386, 46.8355], [-71.2384, 46.8354], [-71.2381, 46.8354], [-71.2379, 46.8353], [-71.2378, 46.8353], [-71.2376, 46.8353], [-71.2374, 46.8353], [-71.2373, 46.8353], [-71.2372, 46.8353], [-71.2371, 46.8353], [-71.237, 46.8353], [-71.237, 46.8353], [-71.2369, 46.8353], [-71.2369, 46.8352], [-71.2369, 46.8351], [-71.2369, 46.835], [-71.237, 46.8349], [-71.237, 46.8348], [-71.2369, 46.8348], [-71.2369, 46.8347], [-71.2368, 46.8347], [-71.2367, 46.8347], [-71.2365, 46.8348], [-71.2363, 46.8348], [-71.2361, 46.8349], [-71.2359, 46.835], [-71.2357, 46.835], [-71.2355, 46.835], [-71.2353, 46.8351], [-71.2351, 46.8351], [-71.2348, 46.8351], [-71.2346, 46.8351], [-71.2344, 46.835], [-71.2342, 46.835], [-71.234, 46.8349], [-71.2339, 46.8349], [-71.2338, 46.8348], [-71.2337, 46.8348], [-71.2336, 46.8347], [-71.2336, 46.8346], [-71.2336, 46.8345], [-71.2336, 46.8345], [-71.2336, 46.8344], [-71.2335, 46.8344], [-71.2333, 46.8344], [-71.2331, 46.8344], [-71.2329, 46.8344], [-71.2327, 46.8344], [-71.2324, 46.8345], [-71.2321, 46.8345], [-71.2319, 46.8345], [-71.2317, 46.8345], [-71.2315, 46.8345], [-71.2313, 46.8345], [-71.2312, 46.8344], [-71.2311, 46.8343], [-71.231, 46.8342], [-71.2309, 46.8341], [-71.2308, 46.834], [-71.2307, 46.834], [-71.2305, 46.834], [-71.2304, 46.8339], [-71.2302, 46.834], [-71.23, 46.834], [-71.2298, 46.834], [-71.2296, 46.8341], [-71.2295, 46.8341], [-71.2294, 46.8341], [-71.2294, 46.834], [-71.2294, 46.8339], [-71.2295, 46.8339], [-71.2296, 46.8337], [-71.2297, 46.8336], [-71.2298, 46.8335], [-71.2299, 46.8334], [-71.2299, 46.8333], [-71.2299, 46.8332], [-71.2299, 46.8331], [-71.2298, 46.833], [-71.2297, 46.833], [-71.2296, 46.8329], [-71.2295, 46.8327], [-71.2295, 46.8324], [-71.2295, 46.832], [-71.2296, 46.8314], [-71.2298, 46.8307], [-71.2301, 46.8299], [-71.2304, 46.8289], [-71.2307, 46.8278], [-71.2311, 46.8269], [-71.2314, 46.8261], [-71.2317, 46.8254], [-71.232, 46.8249], [-71.2323, 46.8245], [-71.2325, 46.8242], [-71.2328, 46.8241], [-71.233, 46.8241], [-71.2332, 46.8242], [-71.2333, 46.8242], [-71.2334, 46.8243], [-71.2335, 46.8243], [-71.2336, 46.8244], [-71.2336, 46.8244], [-71.2336, 46.8245], [-71.2336, 46.8246], [-71.2336, 46.8247], [-71.2336, 46.8247], [-71.2337, 46.8247], [-71.2338, 46.8247], [-71.234, 46.8247], [-71.2342, 46.8247], [-71.2345, 46.8247], [-71.2347, 46.8246], [-71.2351, 46.8246], [-71.2355, 46.8246], [-71.2359, 46.8246], [-71.2364, 46.8246], [-71.237, 46.8246], [-71.2376, 46.8247], [-71.2383, 46.8248], [-71.239, 46.825], [-71.2397, 46.8251], [-71.2403, 46.8251], [-71.2408, 46.8252], [-71.2413, 46.8252], [-71.2417, 46.8253], [-71.242, 46.8252], [-71.2422, 46.8252], [-71.2424, 46.8252], [-71.2425, 46.8251], [-71.2427, 46.8251], [-71.2429, 46.8251], [-71.2431, 46.8251], [-71.2433, 46.8251], [-71.2435, 46.8251], [-71.2438, 46.8251], [-71.244, 46.8252], [-71.2442, 46.8252], [-71.2444, 46.8253], [-71.2446, 46.8253], [-71.2448, 46.8254], [-71.245, 46.8255], [-71.2452, 46.8255], [-71.2453, 46.8256], [-71.2455, 46.8257], [-71.2457, 46.8258], [-71.2458, 46.8259], [-71.2459, 46.826], [-71.2461, 46.8261], [-71.2462, 46.8262], [-71.2463, 46.8263], [-71.2463, 46.8264], [-71.2464, 46.8266], [-71.2465, 46.8267], [-71.2465, 46.8269], [-71.2465, 46.827], [-71.2464, 46.8272], [-71.2464, 46.8274], [-71.2463, 46.8276], [-71.2462, 46.8278]]]}}, {"type": "Feature", "properties": {"couche": "voile", "station": "18e Rue", "minutes": 11}, "geometry": {"type": "Polygon", "coordinates": [[[-71.4057, 46.943], [-71.0733, 46.9451], [-71.0709, 46.7171], [-71.4019, 46.7149], [-71.4057, 46.943]], [[-71.2463, 46.8276], [-71.2464, 46.8274], [-71.2464, 46.8272], [-71.2465, 46.827], [-71.2465, 46.8269], [-71.2465, 46.8267], [-71.2464, 46.8266], [-71.2463, 46.8264], [-71.2463, 46.8263], [-71.2462, 46.8262], [-71.2461, 46.8261], [-71.2459, 46.826], [-71.2458, 46.8259], [-71.2457, 46.8258], [-71.2455, 46.8257], [-71.2453, 46.8256], [-71.2452, 46.8255], [-71.245, 46.8255], [-71.2448, 46.8254], [-71.2446, 46.8253], [-71.2444, 46.8253], [-71.2442, 46.8252], [-71.244, 46.8252], [-71.2438, 46.8251], [-71.2435, 46.8251], [-71.2433, 46.8251], [-71.2431, 46.8251], [-71.2429, 46.8251], [-71.2427, 46.8251], [-71.2425, 46.8251], [-71.2424, 46.8252], [-71.2422, 46.8252], [-71.242, 46.8252], [-71.2417, 46.8253], [-71.2413, 46.8252], [-71.2408, 46.8252], [-71.2403, 46.8251], [-71.2397, 46.8251], [-71.239, 46.825], [-71.2383, 46.8248], [-71.2376, 46.8247], [-71.237, 46.8246], [-71.2364, 46.8246], [-71.2359, 46.8246], [-71.2355, 46.8246], [-71.2351, 46.8246], [-71.2347, 46.8246], [-71.2345, 46.8247], [-71.2342, 46.8247], [-71.234, 46.8247], [-71.2338, 46.8247], [-71.2337, 46.8247], [-71.2336, 46.8247], [-71.2336, 46.8246], [-71.2336, 46.8245], [-71.2336, 46.8244], [-71.2335, 46.8243], [-71.2334, 46.8243], [-71.2333, 46.8242], [-71.2332, 46.8242], [-71.233, 46.8241], [-71.2328, 46.8241], [-71.2325, 46.8242], [-71.2323, 46.8245], [-71.232, 46.8249], [-71.2317, 46.8254], [-71.2314, 46.8261], [-71.2311, 46.8269], [-71.2307, 46.8278], [-71.2304, 46.8289], [-71.2301, 46.8299], [-71.2298, 46.8307], [-71.2296, 46.8314], [-71.2295, 46.832], [-71.2295, 46.8324], [-71.2295, 46.8327], [-71.2296, 46.8329], [-71.2297, 46.833], [-71.2298, 46.833], [-71.2299, 46.8331], [-71.2299, 46.8332], [-71.2299, 46.8333], [-71.2299, 46.8334], [-71.2298, 46.8335], [-71.2297, 46.8336], [-71.2296, 46.8337], [-71.2295, 46.8339], [-71.2294, 46.8339], [-71.2294, 46.834], [-71.2294, 46.8341], [-71.2295, 46.8341], [-71.2296, 46.8341], [-71.2298, 46.834], [-71.23, 46.834], [-71.2302, 46.834], [-71.2304, 46.8339], [-71.2305, 46.834], [-71.2307, 46.834], [-71.2308, 46.834], [-71.2309, 46.8341], [-71.231, 46.8342], [-71.2311, 46.8343], [-71.2312, 46.8344], [-71.2313, 46.8345], [-71.2315, 46.8345], [-71.2317, 46.8345], [-71.2319, 46.8345], [-71.2321, 46.8345], [-71.2324, 46.8345], [-71.2327, 46.8344], [-71.2329, 46.8344], [-71.2331, 46.8344], [-71.2333, 46.8344], [-71.2335, 46.8344], [-71.2336, 46.8344], [-71.2336, 46.8345], [-71.2336, 46.8346], [-71.2336, 46.8347], [-71.2337, 46.8348], [-71.2338, 46.8348], [-71.2339, 46.8349], [-71.234, 46.8349], [-71.2342, 46.835], [-71.2344, 46.835], [-71.2346, 46.8351], [-71.2348, 46.8351], [-71.2351, 46.8351], [-71.2353, 46.8351], [-71.2355, 46.835], [-71.2357, 46.835], [-71.2359, 46.835], [-71.2361, 46.8349], [-71.2363, 46.8348], [-71.2365, 46.8348], [-71.2367, 46.8347], [-71.2368, 46.8347], [-71.2369, 46.8347], [-71.2369, 46.8348], [-71.237, 46.8348], [-71.237, 46.8349], [-71.2369, 46.835], [-71.2369, 46.8351], [-71.2369, 46.8352], [-71.2369, 46.8353], [-71.237, 46.8353], [-71.2371, 46.8353], [-71.2372, 46.8353], [-71.2373, 46.8353], [-71.2374, 46.8353], [-71.2376, 46.8353], [-71.2378, 46.8353], [-71.2379, 46.8353], [-71.2381, 46.8354], [-71.2384, 46.8354], [-71.2386, 46.8355], [-71.2389, 46.8356], [-71.2392, 46.8356], [-71.2394, 46.8357], [-71.2397, 46.8357], [-71.24, 46.8357], [-71.2403, 46.8357], [-71.2406, 46.8357], [-71.2409, 46.8357], [-71.2412, 46.8356], [-71.2415, 46.8356], [-71.2418, 46.8356], [-71.242, 46.8356], [-71.2421, 46.8356], [-71.2423, 46.8356], [-71.2424, 46.8357], [-71.2425, 46.8357], [-71.2425, 46.8358], [-71.2425, 46.8359], [-71.2426, 46.8359], [-71.2427, 46.836], [-71.2427, 46.8361], [-71.2428, 46.8361], [-71.2429, 46.8361], [-71.243, 46.8361], [-71.2432, 46.8362], [-71.2432, 46.8361], [-71.2433, 46.8361], [-71.2433, 46.836], [-71.2433, 46.8359], [-71.2433, 46.8357], [-71.2432, 46.8355], [-71.2431, 46.8353], [-71.243, 46.835], [-71.2429, 46.8348], [-71.2428, 46.8346], [-71.2427, 46.8344], [-71.2427, 46.8342], [-71.2427, 46.8341], [-71.2427, 46.834], [-71.2428, 46.834], [-71.2429, 46.8339], [-71.243, 46.8339], [-71.2431, 46.8339], [-71.2431, 46.834], [-71.2431, 46.8341], [-71.2431, 46.8342], [-71.2432, 46.8343], [-71.2432, 46.8344], [-71.2433, 46.8344], [-71.2434, 46.8345], [-71.2435, 46.8345], [-71.2436, 46.8345], [-71.2437, 46.8345], [-71.2438, 46.8345], [-71.2439, 46.8345], [-71.244, 46.8344], [-71.2441, 46.8344], [-71.2443, 46.8344], [-71.2444, 46.8343], [-71.2445, 46.8342], [-71.2446, 46.8342], [-71.2447, 46.8341], [-71.2448, 46.834], [-71.2448, 46.8339], [-71.2449, 46.8338], [-71.2449, 46.8337], [-71.245, 46.8336], [-71.245, 46.8335], [-71.2449, 46.8334], [-71.2448, 46.8333], [-71.2447, 46.8332], [-71.2446, 46.8331], [-71.2444, 46.8331], [-71.2443, 46.833], [-71.2441, 46.833], [-71.2439, 46.8329], [-71.2438, 46.8329], [-71.2436, 46.8329], [-71.2434, 46.8329], [-71.2433, 46.8329], [-71.2431, 46.8329], [-71.243, 46.8329], [-71.2428, 46.833], [-71.2428, 46.8329], [-71.2429, 46.8328], [-71.2431, 46.8327], [-71.2432, 46.8326], [-71.2434, 46.8325], [-71.2435, 46.8324], [-71.2436, 46.8323], [-71.2437, 46.8322], [-71.2437, 46.8321], [-71.2437, 46.832], [-71.2437, 46.8319], [-71.2437, 46.8318], [-71.2437, 46.8317], [-71.2438, 46.8316], [-71.2439, 46.8316], [-71.244, 46.8316], [-71.2442, 46.8316], [-71.2444, 46.8316], [-71.2446, 46.8317], [-71.2448, 46.8317], [-71.245, 46.8316], [-71.2452, 46.8316], [-71.2454, 46.8315], [-71.2456, 46.8313], [-71.2457, 46.8312], [-71.2459, 46.8309], [-71.246, 46.8307], [-71.2461, 46.8305], [-71.2461, 46.8303], [-71.2462, 46.8301], [-71.2462, 46.8299], [-71.2462, 46.8297], [-71.2461, 46.8295], [-71.2461, 46.8294], [-71.246, 46.8293], [-71.2459, 46.8291], [-71.2459, 46.829], [-71.2459, 46.8288], [-71.2459, 46.8286], [-71.2459, 46.8285], [-71.246, 46.8283], [-71.2461, 46.828], [-71.2462, 46.8278], [-71.2463, 46.8276]]]}}, {"type": "Feature", "properties": {"couche": "aire_marche", "station": "18e Rue", "ordre": 26, "minutes": 12, "superficie_ha": 153.1, "rue_km": 44.42, "disque_ha": 221.7, "part_disque_pct": 69, "accroche_m": 1, "population": 9648, "navetteurs": 3554, "mode_auto_pct": 55, "mode_tc_pct": 21, "mode_actif_pct": 23, "mode_autre_pct": 1}, "geometry": {"type": "Polygon", "coordinates": [[[-71.2473, 46.8282], [-71.2472, 46.8287], [-71.2471, 46.8291], [-71.2471, 46.8295], [-71.247, 46.8298], [-71.2469, 46.83], [-71.2468, 46.8302], [-71.2466, 46.8304], [-71.2465, 46.8305], [-71.2463, 46.8305], [-71.2462, 46.8306], [-71.2461, 46.8306], [-71.246, 46.8307], [-71.246, 46.8307], [-71.246, 46.8308], [-71.246, 46.8308], [-71.2461, 46.8309], [-71.2462, 46.831], [-71.2462, 46.831], [-71.2463, 46.8311], [-71.2463, 46.8312], [-71.2463, 46.8313], [-71.2463, 46.8314], [-71.2463, 46.8316], [-71.2462, 46.8317], [-71.2462, 46.8318], [-71.2461, 46.832], [-71.246, 46.8321], [-71.246, 46.8322], [-71.2459, 46.8323], [-71.2458, 46.8323], [-71.2457, 46.8324], [-71.2456, 46.8324], [-71.2455, 46.8324], [-71.2454, 46.8324], [-71.2453, 46.8324], [-71.2452, 46.8323], [-71.2451, 46.8323], [-71.2449, 46.8322], [-71.2448, 46.8321], [-71.2447, 46.832], [-71.2445, 46.8318], [-71.2444, 46.8317], [-71.2443, 46.8316], [-71.2442, 46.8316], [-71.2441, 46.8316], [-71.244, 46.8316], [-71.244, 46.8316], [-71.2439, 46.8317], [-71.2439, 46.8319], [-71.2439, 46.832], [-71.2438, 46.8321], [-71.2437, 46.8322], [-71.2436, 46.8323], [-71.2435, 46.8324], [-71.2434, 46.8325], [-71.2432, 46.8326], [-71.243, 46.8327], [-71.2429, 46.8328], [-71.2429, 46.8329], [-71.243, 46.8329], [-71.2431, 46.8329], [-71.2433, 46.833], [-71.2435, 46.833], [-71.2439, 46.833], [-71.2443, 46.8329], [-71.2447, 46.8329], [-71.2449, 46.833], [-71.2452, 46.833], [-71.2453, 46.8331], [-71.2454, 46.8332], [-71.2454, 46.8333], [-71.2454, 46.8335], [-71.2453, 46.8336], [-71.2452, 46.8338], [-71.245, 46.8339], [-71.2449, 46.8341], [-71.2447, 46.8342], [-71.2445, 46.8343], [-71.2443, 46.8345], [-71.2441, 46.8346], [-71.2439, 46.8347], [-71.2438, 46.8347], [-71.2436, 46.8348], [-71.2436, 46.8349], [-71.2436, 46.835], [-71.2436, 46.8351], [-71.2437, 46.8352], [-71.2438, 46.8352], [-71.2439, 46.8353], [-71.2441, 46.8354], [-71.2442, 46.8355], [-71.2443, 46.8356], [-71.2443, 46.8357], [-71.2443, 46.8358], [-71.2443, 46.8359], [-71.2443, 46.8361], [-71.2442, 46.8362], [-71.2441, 46.8364], [-71.244, 46.8365], [-71.2439, 46.8365], [-71.2437, 46.8366], [-71.2435, 46.8366], [-71.2433, 46.8366], [-71.243, 46.8366], [-71.2427, 46.8365], [-71.2425, 46.8365], [-71.2423, 46.8364], [-71.2422, 46.8364], [-71.2421, 46.8363], [-71.242, 46.8362], [-71.242, 46.8361], [-71.242, 46.836], [-71.2421, 46.8358], [-71.2421, 46.8358], [-71.2421, 46.8357], [-71.242, 46.8357], [-71.242, 46.8357], [-71.2418, 46.8357], [-71.2417, 46.8357], [-71.2414, 46.8358], [-71.2412, 46.8359], [-71.2409, 46.836], [-71.2407, 46.8361], [-71.2405, 46.8362], [-71.2403, 46.8363], [-71.2401, 46.8363], [-71.2399, 46.8363], [-71.2397, 46.8363], [-71.2395, 46.8363], [-71.2394, 46.8363], [-71.2392, 46.8363], [-71.2391, 46.8363], [-71.239, 46.8362], [-71.2389, 46.8362], [-71.2388, 46.8361], [-71.2387, 46.8361], [-71.2387, 46.836], [-71.2386, 46.836], [-71.2385, 46.8359], [-71.2384, 46.8359], [-71.2384, 46.8359], [-71.2383, 46.8359], [-71.2381, 46.8359], [-71.238, 46.8359], [-71.2379, 46.8359], [-71.2378, 46.8359], [-71.2377, 46.8359], [-71.2376, 46.8358], [-71.2376, 46.8358], [-71.2376, 46.8357], [-71.2375, 46.8357], [-71.2376, 46.8356], [-71.2376, 46.8355], [-71.2376, 46.8354], [-71.2376, 46.8354], [-71.2375, 46.8354], [-71.2374, 46.8354], [-71.2373, 46.8354], [-71.2372, 46.8354], [-71.237, 46.8355], [-71.2368, 46.8355], [-71.2366, 46.8356], [-71.2364, 46.8356], [-71.2362, 46.8357], [-71.236, 46.8357], [-71.2358, 46.8357], [-71.2356, 46.8357], [-71.2353, 46.8356], [-71.2351, 46.8356], [-71.2349, 46.8356], [-71.2347, 46.8355], [-71.2346, 46.8355], [-71.2345, 46.8354], [-71.2344, 46.8354], [-71.2343, 46.8353], [-71.2343, 46.8352], [-71.2343, 46.8351], [-71.2342, 46.8351], [-71.2342, 46.835], [-71.2342, 46.835], [-71.2341, 46.835], [-71.234, 46.835], [-71.2339, 46.835], [-71.2337, 46.8351], [-71.2336, 46.8351], [-71.2335, 46.8352], [-71.2333, 46.8352], [-71.2331, 46.8352], [-71.233, 46.8352], [-71.2328, 46.8353], [-71.2327, 46.8353], [-71.2325, 46.8353], [-71.2323, 46.8352], [-71.2322, 46.8352], [-71.232, 46.8352], [-71.2319, 46.8352], [-71.2318, 46.8351], [-71.2317, 46.8351], [-71.2316, 46.835], [-71.2315, 46.8349], [-71.2314, 46.8349], [-71.2314, 46.8348], [-71.2313, 46.8348], [-71.2312, 46.8347], [-71.2311, 46.8347], [-71.231, 46.8347], [-71.2309, 46.8347], [-71.2308, 46.8347], [-71.2307, 46.8347], [-71.2306, 46.8347], [-71.2305, 46.8347], [-71.2304, 46.8347], [-71.2304, 46.8347], [-71.2304, 46.8346], [-71.2304, 46.8345], [-71.2304, 46.8344], [-71.2304, 46.8343], [-71.2304, 46.8342], [-71.2304, 46.8342], [-71.2303, 46.8342], [-71.2302, 46.8342], [-71.2301, 46.8342], [-71.23, 46.8342], [-71.2298, 46.8343], [-71.2297, 46.8344], [-71.2295, 46.8345], [-71.2293, 46.8345], [-71.2292, 46.8346], [-71.229, 46.8346], [-71.2289, 46.8347], [-71.2288, 46.8347], [-71.2287, 46.8347], [-71.2286, 46.8347], [-71.2286, 46.8346], [-71.2286, 46.8346], [-71.2285, 46.8345], [-71.2286, 46.8345], [-71.2286, 46.8344], [-71.2287, 46.8343], [-71.2288, 46.8342], [-71.2289, 46.8341], [-71.229, 46.8339], [-71.2291, 46.8338], [-71.2292, 46.8336], [-71.2292, 46.8335], [-71.2292, 46.8333], [-71.2291, 46.8332], [-71.229, 46.833], [-71.2289, 46.8328], [-71.2289, 46.8325], [-71.2289, 46.8321], [-71.229, 46.8316], [-71.2291, 46.8309], [-71.2293, 46.8302], [-71.2296, 46.8293], [-71.2299, 46.8284], [-71.2303, 46.8273], [-71.2306, 46.8263], [-71.231, 46.8255], [-71.2314, 46.8249], [-71.2317, 46.8244], [-71.2321, 46.824], [-71.2325, 46.8238], [-71.2328, 46.8237], [-71.2332, 46.8237], [-71.2335, 46.8238], [-71.2338, 46.8239], [-71.2339, 46.8239], [-71.234, 46.824], [-71.2341, 46.8241], [-71.2341, 46.8242], [-71.234, 46.8243], [-71.2339, 46.8245], [-71.2338, 46.8246], [-71.2338, 46.8246], [-71.2338, 46.8247], [-71.2338, 46.8248], [-71.2339, 46.8248], [-71.234, 46.8248], [-71.2342, 46.8248], [-71.2344, 46.8247], [-71.2345, 46.8247], [-71.2347, 46.8247], [-71.2348, 46.8246], [-71.2349, 46.8245], [-71.235, 46.8245], [-71.2351, 46.8244], [-71.2352, 46.8243], [-71.2352, 46.8242], [-71.2353, 46.8241], [-71.2354, 46.8241], [-71.2355, 46.824], [-71.2357, 46.824], [-71.236, 46.824], [-71.2363, 46.824], [-71.2366, 46.824], [-71.237, 46.824], [-71.2373, 46.8241], [-71.2376, 46.8241], [-71.2379, 46.8242], [-71.2381, 46.8242], [-71.2383, 46.8243], [-71.2384, 46.8244], [-71.2385, 46.8245], [-71.2386, 46.8246], [-71.2387, 46.8247], [-71.2387, 46.8247], [-71.2388, 46.8248], [-71.2389, 46.8248], [-71.239, 46.8248], [-71.239, 46.8248], [-71.2391, 46.8248], [-71.2392, 46.8247], [-71.2393, 46.8247], [-71.2394, 46.8246], [-71.2395, 46.8246], [-71.2396, 46.8246], [-71.2397, 46.8247], [-71.2398, 46.8247], [-71.2399, 46.8248], [-71.24, 46.8248], [-71.2401, 46.8249], [-71.2402, 46.8249], [-71.2403, 46.825], [-71.2403, 46.825], [-71.2404, 46.8249], [-71.2405, 46.8249], [-71.2405, 46.8249], [-71.2406, 46.8248], [-71.2406, 46.8248], [-71.2407, 46.8247], [-71.2408, 46.8247], [-71.2409, 46.8247], [-71.2411, 46.8247], [-71.2412, 46.8247], [-71.2414, 46.8247], [-71.2416, 46.8247], [-71.2417, 46.8248], [-71.2419, 46.8248], [-71.2421, 46.8248], [-71.2422, 46.8248], [-71.2424, 46.8247], [-71.2425, 46.8247], [-71.2427, 46.8247], [-71.2428, 46.8246], [-71.2429, 46.8246], [-71.2431, 46.8246], [-71.2432, 46.8246], [-71.2434, 46.8247], [-71.2436, 46.8247], [-71.2438, 46.8248], [-71.244, 46.8249], [-71.2443, 46.825], [-71.2445, 46.8251], [-71.2447, 46.8252], [-71.2449, 46.8253], [-71.2451, 46.8253], [-71.2453, 46.8254], [-71.2454, 46.8254], [-71.2456, 46.8254], [-71.2457, 46.8253], [-71.2458, 46.8253], [-71.246, 46.8254], [-71.2461, 46.8254], [-71.2463, 46.8255], [-71.2464, 46.8256], [-71.2466, 46.8257], [-71.2467, 46.8258], [-71.2469, 46.826], [-71.247, 46.8262], [-71.2471, 46.8264], [-71.2472, 46.8267], [-71.2472, 46.8271], [-71.2473, 46.8274], [-71.2473, 46.8278], [-71.2473, 46.8282]]]}}, {"type": "Feature", "properties": {"couche": "voile", "station": "18e Rue", "minutes": 12}, "geometry": {"type": "Polygon", "coordinates": [[[-71.4065, 46.9434], [-71.0724, 46.9455], [-71.0699, 46.7167], [-71.4027, 46.7145], [-71.4065, 46.9434]], [[-71.2473, 46.8278], [-71.2473, 46.8274], [-71.2472, 46.8271], [-71.2472, 46.8267], [-71.2471, 46.8264], [-71.247, 46.8262], [-71.2469, 46.826], [-71.2467, 46.8258], [-71.2466, 46.8257], [-71.2464, 46.8256], [-71.2463, 46.8255], [-71.2461, 46.8254], [-71.246, 46.8254], [-71.2458, 46.8253], [-71.2457, 46.8253], [-71.2456, 46.8254], [-71.2454, 46.8254], [-71.2453, 46.8254], [-71.2451, 46.8253], [-71.2449, 46.8253], [-71.2447, 46.8252], [-71.2445, 46.8251], [-71.2443, 46.825], [-71.244, 46.8249], [-71.2438, 46.8248], [-71.2436, 46.8247], [-71.2434, 46.8247], [-71.2432, 46.8246], [-71.2431, 46.8246], [-71.2429, 46.8246], [-71.2428, 46.8246], [-71.2427, 46.8247], [-71.2425, 46.8247], [-71.2424, 46.8247], [-71.2422, 46.8248], [-71.2421, 46.8248], [-71.2419, 46.8248], [-71.2417, 46.8248], [-71.2416, 46.8247], [-71.2414, 46.8247], [-71.2412, 46.8247], [-71.2411, 46.8247], [-71.2409, 46.8247], [-71.2408, 46.8247], [-71.2407, 46.8247], [-71.2406, 46.8248], [-71.2405, 46.8249], [-71.2404, 46.8249], [-71.2403, 46.825], [-71.2402, 46.8249], [-71.2401, 46.8249], [-71.24, 46.8248], [-71.2399, 46.8248], [-71.2398, 46.8247], [-71.2397, 46.8247], [-71.2396, 46.8246], [-71.2395, 46.8246], [-71.2394, 46.8246], [-71.2393, 46.8247], [-71.2392, 46.8247], [-71.2391, 46.8248], [-71.239, 46.8248], [-71.2389, 46.8248], [-71.2388, 46.8248], [-71.2387, 46.8247], [-71.2386, 46.8246], [-71.2385, 46.8245], [-71.2384, 46.8244], [-71.2383, 46.8243], [-71.2381, 46.8242], [-71.2379, 46.8242], [-71.2376, 46.8241], [-71.2373, 46.8241], [-71.237, 46.824], [-71.2366, 46.824], [-71.2363, 46.824], [-71.236, 46.824], [-71.2357, 46.824], [-71.2355, 46.824], [-71.2354, 46.8241], [-71.2353, 46.8241], [-71.2352, 46.8242], [-71.2352, 46.8243], [-71.2351, 46.8244], [-71.235, 46.8245], [-71.2349, 46.8245], [-71.2348, 46.8246], [-71.2347, 46.8247], [-71.2345, 46.8247], [-71.2344, 46.8247], [-71.2342, 46.8248], [-71.234, 46.8248], [-71.2339, 46.8248], [-71.2338, 46.8248], [-71.2338, 46.8247], [-71.2338, 46.8246], [-71.2339, 46.8245], [-71.234, 46.8243], [-71.2341, 46.8242], [-71.2341, 46.8241], [-71.234, 46.824], [-71.2339, 46.8239], [-71.2338, 46.8239], [-71.2335, 46.8238], [-71.2332, 46.8237], [-71.2328, 46.8237], [-71.2325, 46.8238], [-71.2321, 46.824], [-71.2317, 46.8244], [-71.2314, 46.8249], [-71.231, 46.8255], [-71.2306, 46.8263], [-71.2303, 46.8273], [-71.2299, 46.8284], [-71.2296, 46.8293], [-71.2293, 46.8302], [-71.2291, 46.8309], [-71.229, 46.8316], [-71.2289, 46.8321], [-71.2289, 46.8325], [-71.2289, 46.8328], [-71.229, 46.833], [-71.2291, 46.8332], [-71.2292, 46.8333], [-71.2292, 46.8335], [-71.2292, 46.8336], [-71.2291, 46.8338], [-71.229, 46.8339], [-71.2289, 46.8341], [-71.2288, 46.8342], [-71.2287, 46.8343], [-71.2286, 46.8344], [-71.2286, 46.8345], [-71.2285, 46.8345], [-71.2286, 46.8346], [-71.2286, 46.8347], [-71.2287, 46.8347], [-71.2288, 46.8347], [-71.2289, 46.8347], [-71.229, 46.8346], [-71.2292, 46.8346], [-71.2293, 46.8345], [-71.2295, 46.8345], [-71.2297, 46.8344], [-71.2298, 46.8343], [-71.23, 46.8342], [-71.2301, 46.8342], [-71.2302, 46.8342], [-71.2303, 46.8342], [-71.2304, 46.8342], [-71.2304, 46.8343], [-71.2304, 46.8344], [-71.2304, 46.8345], [-71.2304, 46.8346], [-71.2304, 46.8347], [-71.2305, 46.8347], [-71.2306, 46.8347], [-71.2307, 46.8347], [-71.2308, 46.8347], [-71.2309, 46.8347], [-71.231, 46.8347], [-71.2311, 46.8347], [-71.2312, 46.8347], [-71.2313, 46.8348], [-71.2314, 46.8348], [-71.2314, 46.8349], [-71.2315, 46.8349], [-71.2316, 46.835], [-71.2317, 46.8351], [-71.2318, 46.8351], [-71.2319, 46.8352], [-71.232, 46.8352], [-71.2322, 46.8352], [-71.2323, 46.8352], [-71.2325, 46.8353], [-71.2327, 46.8353], [-71.2328, 46.8353], [-71.233, 46.8352], [-71.2331, 46.8352], [-71.2333, 46.8352], [-71.2335, 46.8352], [-71.2336, 46.8351], [-71.2337, 46.8351], [-71.2339, 46.835], [-71.234, 46.835], [-71.2341, 46.835], [-71.2342, 46.835], [-71.2342, 46.8351], [-71.2343, 46.8351], [-71.2343, 46.8352], [-71.2343, 46.8353], [-71.2344, 46.8354], [-71.2345, 46.8354], [-71.2346, 46.8355], [-71.2347, 46.8355], [-71.2349, 46.8356], [-71.2351, 46.8356], [-71.2353, 46.8356], [-71.2356, 46.8357], [-71.2358, 46.8357], [-71.236, 46.8357], [-71.2362, 46.8357], [-71.2364, 46.8356], [-71.2366, 46.8356], [-71.2368, 46.8355], [-71.237, 46.8355], [-71.2372, 46.8354], [-71.2373, 46.8354], [-71.2374, 46.8354], [-71.2375, 46.8354], [-71.2376, 46.8354], [-71.2376, 46.8355], [-71.2376, 46.8356], [-71.2375, 46.8357], [-71.2376, 46.8357], [-71.2376, 46.8358], [-71.2377, 46.8359], [-71.2378, 46.8359], [-71.2379, 46.8359], [-71.238, 46.8359], [-71.2381, 46.8359], [-71.2383, 46.8359], [-71.2384, 46.8359], [-71.2385, 46.8359], [-71.2386, 46.836], [-71.2387, 46.836], [-71.2387, 46.8361], [-71.2388, 46.8361], [-71.2389, 46.8362], [-71.239, 46.8362], [-71.2391, 46.8363], [-71.2392, 46.8363], [-71.2394, 46.8363], [-71.2395, 46.8363], [-71.2397, 46.8363], [-71.2399, 46.8363], [-71.2401, 46.8363], [-71.2403, 46.8363], [-71.2405, 46.8362], [-71.2407, 46.8361], [-71.2409, 46.836], [-71.2412, 46.8359], [-71.2414, 46.8358], [-71.2417, 46.8357], [-71.2418, 46.8357], [-71.242, 46.8357], [-71.2421, 46.8357], [-71.2421, 46.8358], [-71.242, 46.836], [-71.242, 46.8361], [-71.242, 46.8362], [-71.2421, 46.8363], [-71.2422, 46.8364], [-71.2423, 46.8364], [-71.2425, 46.8365], [-71.2427, 46.8365], [-71.243, 46.8366], [-71.2433, 46.8366], [-71.2435, 46.8366], [-71.2437, 46.8366], [-71.2439, 46.8365], [-71.244, 46.8365], [-71.2441, 46.8364], [-71.2442, 46.8362], [-71.2443, 46.8361], [-71.2443, 46.8359], [-71.2443, 46.8358], [-71.2443, 46.8357], [-71.2443, 46.8356], [-71.2442, 46.8355], [-71.2441, 46.8354], [-71.2439, 46.8353], [-71.2438, 46.8352], [-71.2437, 46.8352], [-71.2436, 46.8351], [-71.2436, 46.835], [-71.2436, 46.8349], [-71.2436, 46.8348], [-71.2438, 46.8347], [-71.2439, 46.8347], [-71.2441, 46.8346], [-71.2443, 46.8345], [-71.2445, 46.8343], [-71.2447, 46.8342], [-71.2449, 46.8341], [-71.245, 46.8339], [-71.2452, 46.8338], [-71.2453, 46.8336], [-71.2454, 46.8335], [-71.2454, 46.8333], [-71.2454, 46.8332], [-71.2453, 46.8331], [-71.2452, 46.833], [-71.2449, 46.833], [-71.2447, 46.8329], [-71.2443, 46.8329], [-71.2439, 46.833], [-71.2435, 46.833], [-71.2433, 46.833], [-71.2431, 46.8329], [-71.243, 46.8329], [-71.2429, 46.8329], [-71.2429, 46.8328], [-71.243, 46.8327], [-71.2432, 46.8326], [-71.2434, 46.8325], [-71.2435, 46.8324], [-71.2436, 46.8323], [-71.2437, 46.8322], [-71.2438, 46.8321], [-71.2439, 46.832], [-71.2439, 46.8319], [-71.2439, 46.8317], [-71.244, 46.8316], [-71.2441, 46.8316], [-71.2442, 46.8316], [-71.2443, 46.8316], [-71.2444, 46.8317], [-71.2445, 46.8318], [-71.2447, 46.832], [-71.2448, 46.8321], [-71.2449, 46.8322], [-71.2451, 46.8323], [-71.2452, 46.8323], [-71.2453, 46.8324], [-71.2454, 46.8324], [-71.2455, 46.8324], [-71.2456, 46.8324], [-71.2457, 46.8324], [-71.2458, 46.8323], [-71.2459, 46.8323], [-71.246, 46.8322], [-71.246, 46.8321], [-71.2461, 46.832], [-71.2462, 46.8318], [-71.2462, 46.8317], [-71.2463, 46.8316], [-71.2463, 46.8314], [-71.2463, 46.8313], [-71.2463, 46.8312], [-71.2463, 46.8311], [-71.2462, 46.831], [-71.2461, 46.8309], [-71.246, 46.8308], [-71.246, 46.8307], [-71.2461, 46.8306], [-71.2462, 46.8306], [-71.2463, 46.8305], [-71.2465, 46.8305], [-71.2466, 46.8304], [-71.2468, 46.8302], [-71.2469, 46.83], [-71.247, 46.8298], [-71.2471, 46.8295], [-71.2471, 46.8291], [-71.2472, 46.8287], [-71.2473, 46.8282], [-71.2473, 46.8278]]]}}, {"type": "Feature", "properties": {"couche": "aire_marche", "station": "18e Rue", "ordre": 26, "minutes": 13, "superficie_ha": 175.9, "rue_km": 52.59, "disque_ha": 260.2, "part_disque_pct": 68, "accroche_m": 1, "population": 10744, "navetteurs": 3954, "mode_auto_pct": 55, "mode_tc_pct": 21, "mode_actif_pct": 23, "mode_autre_pct": 1}, "geometry": {"type": "Polygon", "coordinates": [[[-71.2355, 46.8237], [-71.2369, 46.8239], [-71.2381, 46.824], [-71.2391, 46.8242], [-71.24, 46.8243], [-71.2407, 46.8243], [-71.2413, 46.8243], [-71.2417, 46.8244], [-71.242, 46.8243], [-71.2421, 46.8243], [-71.2423, 46.8242], [-71.2424, 46.8242], [-71.2426, 46.8243], [-71.2428, 46.8243], [-71.243, 46.8244], [-71.2433, 46.8245], [-71.2435, 46.8246], [-71.2438, 46.8247], [-71.244, 46.8249], [-71.2442, 46.825], [-71.2444, 46.825], [-71.2446, 46.8251], [-71.2447, 46.8251], [-71.2448, 46.8251], [-71.2448, 46.8251], [-71.2449, 46.825], [-71.2449, 46.825], [-71.245, 46.8249], [-71.245, 46.8249], [-71.2452, 46.8248], [-71.2453, 46.8248], [-71.2454, 46.8247], [-71.2456, 46.8247], [-71.2457, 46.8247], [-71.2459, 46.8247], [-71.2461, 46.8247], [-71.2462, 46.8247], [-71.2463, 46.8248], [-71.2464, 46.8248], [-71.2465, 46.8249], [-71.2466, 46.825], [-71.2466, 46.8251], [-71.2467, 46.8252], [-71.2468, 46.8253], [-71.2469, 46.8254], [-71.247, 46.8255], [-71.2471, 46.8256], [-71.2472, 46.8257], [-71.2474, 46.8257], [-71.2475, 46.8258], [-71.2477, 46.8259], [-71.2478, 46.826], [-71.2479, 46.8261], [-71.248, 46.8262], [-71.2481, 46.8264], [-71.2481, 46.8266], [-71.2482, 46.8268], [-71.2482, 46.827], [-71.2482, 46.8272], [-71.2482, 46.8274], [-71.2482, 46.8276], [-71.2481, 46.8278], [-71.2481, 46.828], [-71.248, 46.8282], [-71.248, 46.8284], [-71.2479, 46.8286], [-71.2478, 46.8288], [-71.2477, 46.8289], [-71.2476, 46.8291], [-71.2475, 46.8292], [-71.2475, 46.8292], [-71.2474, 46.8293], [-71.2473, 46.8293], [-71.2472, 46.8294], [-71.2471, 46.8294], [-71.2471, 46.8295], [-71.247, 46.8295], [-71.247, 46.8296], [-71.2471, 46.8298], [-71.2471, 46.8299], [-71.2472, 46.83], [-71.2473, 46.8302], [-71.2474, 46.8304], [-71.2474, 46.8305], [-71.2474, 46.8306], [-71.2473, 46.8307], [-71.2472, 46.8307], [-71.247, 46.8307], [-71.2469, 46.8307], [-71.2466, 46.8307], [-71.2464, 46.8307], [-71.2463, 46.8307], [-71.2462, 46.8308], [-71.2462, 46.8308], [-71.2462, 46.8309], [-71.2462, 46.831], [-71.2464, 46.8311], [-71.2465, 46.8312], [-71.2467, 46.8313], [-71.2468, 46.8314], [-71.2469, 46.8316], [-71.2469, 46.8317], [-71.2469, 46.8318], [-71.2469, 46.832], [-71.2468, 46.8321], [-71.2468, 46.8323], [-71.2466, 46.8325], [-71.2465, 46.8327], [-71.2463, 46.8329], [-71.246, 46.8331], [-71.2457, 46.8333], [-71.2454, 46.8336], [-71.245, 46.8338], [-71.2446, 46.8341], [-71.2443, 46.8343], [-71.244, 46.8345], [-71.2437, 46.8347], [-71.2435, 46.8348], [-71.2434, 46.835], [-71.2434, 46.8351], [-71.2433, 46.8351], [-71.2434, 46.8352], [-71.2434, 46.8352], [-71.2435, 46.8352], [-71.2435, 46.8352], [-71.2436, 46.8352], [-71.2436, 46.8352], [-71.2437, 46.8352], [-71.2437, 46.8351], [-71.2438, 46.8351], [-71.2438, 46.835], [-71.2439, 46.835], [-71.244, 46.8349], [-71.2441, 46.8349], [-71.2442, 46.8349], [-71.2444, 46.8349], [-71.2445, 46.835], [-71.2447, 46.835], [-71.2448, 46.8351], [-71.2449, 46.8351], [-71.245, 46.8352], [-71.245, 46.8352], [-71.245, 46.8353], [-71.245, 46.8354], [-71.2449, 46.8355], [-71.2449, 46.8355], [-71.2448, 46.8356], [-71.2447, 46.8357], [-71.2447, 46.8358], [-71.2447, 46.8358], [-71.2447, 46.8359], [-71.2447, 46.836], [-71.2447, 46.836], [-71.2448, 46.8361], [-71.2448, 46.8361], [-71.2449, 46.8362], [-71.2449, 46.8363], [-71.2449, 46.8363], [-71.2449, 46.8364], [-71.2448, 46.8365], [-71.2448, 46.8367], [-71.2447, 46.8368], [-71.2447, 46.8369], [-71.2446, 46.837], [-71.2444, 46.8371], [-71.2443, 46.8371], [-71.2441, 46.8371], [-71.2439, 46.8372], [-71.2436, 46.8372], [-71.2434, 46.8371], [-71.2432, 46.8371], [-71.243, 46.8371], [-71.2428, 46.837], [-71.2427, 46.837], [-71.2426, 46.8369], [-71.2426, 46.8368], [-71.2426, 46.8367], [-71.2426, 46.8367], [-71.2426, 46.8366], [-71.2426, 46.8365], [-71.2425, 46.8365], [-71.2425, 46.8365], [-71.2423, 46.8365], [-71.2422, 46.8365], [-71.242, 46.8365], [-71.2418, 46.8366], [-71.2416, 46.8366], [-71.2415, 46.8366], [-71.2414, 46.8365], [-71.2414, 46.8365], [-71.2414, 46.8364], [-71.2415, 46.8363], [-71.2416, 46.8361], [-71.2417, 46.836], [-71.2418, 46.8359], [-71.2419, 46.8358], [-71.2419, 46.8358], [-71.2418, 46.8358], [-71.2416, 46.8358], [-71.2414, 46.8359], [-71.2411, 46.836], [-71.2407, 46.8362], [-71.2404, 46.8364], [-71.2401, 46.8365], [-71.2399, 46.8366], [-71.2397, 46.8366], [-71.2395, 46.8366], [-71.2394, 46.8366], [-71.2393, 46.8366], [-71.2392, 46.8366], [-71.2392, 46.8365], [-71.2391, 46.8365], [-71.239, 46.8365], [-71.2389, 46.8364], [-71.2388, 46.8364], [-71.2387, 46.8365], [-71.2386, 46.8365], [-71.2385, 46.8365], [-71.2384, 46.8365], [-71.2383, 46.8366], [-71.2382, 46.8366], [-71.238, 46.8366], [-71.2379, 46.8365], [-71.2377, 46.8365], [-71.2375, 46.8365], [-71.2373, 46.8364], [-71.2372, 46.8364], [-71.2371, 46.8363], [-71.237, 46.8362], [-71.237, 46.8361], [-71.237, 46.836], [-71.237, 46.8359], [-71.2371, 46.8358], [-71.2372, 46.8357], [-71.2373, 46.8356], [-71.2374, 46.8355], [-71.2374, 46.8355], [-71.2373, 46.8354], [-71.2372, 46.8355], [-71.237, 46.8355], [-71.2369, 46.8356], [-71.2366, 46.8357], [-71.2364, 46.8358], [-71.2362, 46.8359], [-71.236, 46.836], [-71.2358, 46.836], [-71.2357, 46.836], [-71.2355, 46.8359], [-71.2354, 46.8359], [-71.2353, 46.8358], [-71.2351, 46.8357], [-71.235, 46.8357], [-71.2349, 46.8356], [-71.2348, 46.8356], [-71.2346, 46.8356], [-71.2345, 46.8356], [-71.2344, 46.8357], [-71.2343, 46.8357], [-71.2341, 46.8358], [-71.234, 46.8358], [-71.2338, 46.8358], [-71.2336, 46.8358], [-71.2335, 46.8357], [-71.2333, 46.8357], [-71.2331, 46.8356], [-71.2329, 46.8355], [-71.2327, 46.8355], [-71.2325, 46.8354], [-71.2323, 46.8354], [-71.2321, 46.8353], [-71.232, 46.8353], [-71.2318, 46.8353], [-71.2317, 46.8354], [-71.2316, 46.8354], [-71.2315, 46.8354], [-71.2314, 46.8354], [-71.2313, 46.8354], [-71.2312, 46.8353], [-71.2312, 46.8353], [-71.2312, 46.8352], [-71.2312, 46.8351], [-71.2312, 46.835], [-71.2311, 46.8349], [-71.2311, 46.8348], [-71.2311, 46.8347], [-71.231, 46.8347], [-71.2309, 46.8346], [-71.2308, 46.8346], [-71.2307, 46.8346], [-71.2305, 46.8346], [-71.2304, 46.8346], [-71.2303, 46.8346], [-71.2302, 46.8345], [-71.2302, 46.8345], [-71.2301, 46.8344], [-71.2302, 46.8344], [-71.2302, 46.8343], [-71.2303, 46.8342], [-71.2303, 46.8342], [-71.2303, 46.8341], [-71.2303, 46.8341], [-71.2303, 46.8341], [-71.2302, 46.8341], [-71.2302, 46.8341], [-71.2301, 46.8342], [-71.23, 46.8342], [-71.2299, 46.8343], [-71.2298, 46.8344], [-71.2297, 46.8344], [-71.2297, 46.8345], [-71.2296, 46.8346], [-71.2296, 46.8347], [-71.2296, 46.8348], [-71.2296, 46.8348], [-71.2296, 46.8349], [-71.2295, 46.835], [-71.2295, 46.835], [-71.2293, 46.8351], [-71.2292, 46.8351], [-71.229, 46.8351], [-71.2288, 46.8351], [-71.2286, 46.8351], [-71.2284, 46.8351], [-71.2282, 46.835], [-71.2281, 46.835], [-71.2279, 46.8349], [-71.2278, 46.8348], [-71.2278, 46.8347], [-71.2278, 46.8345], [-71.2278, 46.8343], [-71.2278, 46.8342], [-71.2278, 46.8341], [-71.2279, 46.834], [-71.228, 46.8339], [-71.2281, 46.8338], [-71.2283, 46.8338], [-71.2284, 46.8337], [-71.2286, 46.8337], [-71.2288, 46.8337], [-71.2289, 46.8336], [-71.2289, 46.8335], [-71.2289, 46.8334], [-71.2289, 46.8333], [-71.2288, 46.8331], [-71.2287, 46.8329], [-71.2285, 46.8326], [-71.2284, 46.8324], [-71.2283, 46.8322], [-71.2283, 46.832], [-71.2282, 46.8319], [-71.2282, 46.8318], [-71.2282, 46.8317], [-71.2283, 46.8316], [-71.2284, 46.8315], [-71.2284, 46.8315], [-71.2285, 46.8314], [-71.2285, 46.8313], [-71.2285, 46.8313], [-71.2285, 46.8312], [-71.2285, 46.8311], [-71.2285, 46.831], [-71.2284, 46.8309], [-71.2284, 46.8306], [-71.2285, 46.8303], [-71.2286, 46.8299], [-71.2287, 46.8294], [-71.2289, 46.8288], [-71.2291, 46.8281], [-71.2294, 46.8272], [-71.2297, 46.8263], [-71.2302, 46.8255], [-71.2308, 46.8249], [-71.2315, 46.8244], [-71.2323, 46.824], [-71.2332, 46.8238], [-71.2343, 46.8237], [-71.2355, 46.8237]]]}}, {"type": "Feature", "properties": {"couche": "voile", "station": "18e Rue", "minutes": 13}, "geometry": {"type": "Polygon", "coordinates": [[[-71.4075, 46.944], [-71.0717, 46.9461], [-71.0692, 46.7167], [-71.4036, 46.7145], [-71.4075, 46.944]], [[-71.2343, 46.8237], [-71.2332, 46.8238], [-71.2323, 46.824], [-71.2315, 46.8244], [-71.2308, 46.8249], [-71.2302, 46.8255], [-71.2297, 46.8263], [-71.2294, 46.8272], [-71.2291, 46.8281], [-71.2289, 46.8288], [-71.2287, 46.8294], [-71.2286, 46.8299], [-71.2285, 46.8303], [-71.2284, 46.8306], [-71.2284, 46.8309], [-71.2285, 46.831], [-71.2285, 46.8311], [-71.2285, 46.8312], [-71.2285, 46.8313], [-71.2285, 46.8314], [-71.2284, 46.8315], [-71.2283, 46.8316], [-71.2282, 46.8317], [-71.2282, 46.8318], [-71.2282, 46.8319], [-71.2283, 46.832], [-71.2283, 46.8322], [-71.2284, 46.8324], [-71.2285, 46.8326], [-71.2287, 46.8329], [-71.2288, 46.8331], [-71.2289, 46.8333], [-71.2289, 46.8334], [-71.2289, 46.8335], [-71.2289, 46.8336], [-71.2288, 46.8337], [-71.2286, 46.8337], [-71.2284, 46.8337], [-71.2283, 46.8338], [-71.2281, 46.8338], [-71.228, 46.8339], [-71.2279, 46.834], [-71.2278, 46.8341], [-71.2278, 46.8342], [-71.2278, 46.8343], [-71.2278, 46.8345], [-71.2278, 46.8347], [-71.2278, 46.8348], [-71.2279, 46.8349], [-71.2281, 46.835], [-71.2282, 46.835], [-71.2284, 46.8351], [-71.2286, 46.8351], [-71.2288, 46.8351], [-71.229, 46.8351], [-71.2292, 46.8351], [-71.2293, 46.8351], [-71.2295, 46.835], [-71.2296, 46.8349], [-71.2296, 46.8348], [-71.2296, 46.8347], [-71.2296, 46.8346], [-71.2297, 46.8345], [-71.2297, 46.8344], [-71.2298, 46.8344], [-71.2299, 46.8343], [-71.23, 46.8342], [-71.2301, 46.8342], [-71.2302, 46.8341], [-71.2303, 46.8341], [-71.2303, 46.8342], [-71.2302, 46.8343], [-71.2302, 46.8344], [-71.2301, 46.8344], [-71.2302, 46.8345], [-71.2303, 46.8346], [-71.2304, 46.8346], [-71.2305, 46.8346], [-71.2307, 46.8346], [-71.2308, 46.8346], [-71.2309, 46.8346], [-71.231, 46.8347], [-71.2311, 46.8347], [-71.2311, 46.8348], [-71.2311, 46.8349], [-71.2312, 46.835], [-71.2312, 46.8351], [-71.2312, 46.8352], [-71.2312, 46.8353], [-71.2313, 46.8354], [-71.2314, 46.8354], [-71.2315, 46.8354], [-71.2316, 46.8354], [-71.2317, 46.8354], [-71.2318, 46.8353], [-71.232, 46.8353], [-71.2321, 46.8353], [-71.2323, 46.8354], [-71.2325, 46.8354], [-71.2327, 46.8355], [-71.2329, 46.8355], [-71.2331, 46.8356], [-71.2333, 46.8357], [-71.2335, 46.8357], [-71.2336, 46.8358], [-71.2338, 46.8358], [-71.234, 46.8358], [-71.2341, 46.8358], [-71.2343, 46.8357], [-71.2344, 46.8357], [-71.2345, 46.8356], [-71.2346, 46.8356], [-71.2348, 46.8356], [-71.2349, 46.8356], [-71.235, 46.8357], [-71.2351, 46.8357], [-71.2353, 46.8358], [-71.2354, 46.8359], [-71.2355, 46.8359], [-71.2357, 46.836], [-71.2358, 46.836], [-71.236, 46.836], [-71.2362, 46.8359], [-71.2364, 46.8358], [-71.2366, 46.8357], [-71.2369, 46.8356], [-71.237, 46.8355], [-71.2372, 46.8355], [-71.2373, 46.8354], [-71.2374, 46.8355], [-71.2373, 46.8356], [-71.2372, 46.8357], [-71.2371, 46.8358], [-71.237, 46.8359], [-71.237, 46.836], [-71.237, 46.8361], [-71.237, 46.8362], [-71.2371, 46.8363], [-71.2372, 46.8364], [-71.2373, 46.8364], [-71.2375, 46.8365], [-71.2377, 46.8365], [-71.2379, 46.8365], [-71.238, 46.8366], [-71.2382, 46.8366], [-71.2383, 46.8366], [-71.2384, 46.8365], [-71.2385, 46.8365], [-71.2386, 46.8365], [-71.2387, 46.8365], [-71.2388, 46.8364], [-71.2389, 46.8364], [-71.239, 46.8365], [-71.2391, 46.8365], [-71.2392, 46.8365], [-71.2392, 46.8366], [-71.2393, 46.8366], [-71.2394, 46.8366], [-71.2395, 46.8366], [-71.2397, 46.8366], [-71.2399, 46.8366], [-71.2401, 46.8365], [-71.2404, 46.8364], [-71.2407, 46.8362], [-71.2411, 46.836], [-71.2414, 46.8359], [-71.2416, 46.8358], [-71.2418, 46.8358], [-71.2419, 46.8358], [-71.2418, 46.8359], [-71.2417, 46.836], [-71.2416, 46.8361], [-71.2415, 46.8363], [-71.2414, 46.8364], [-71.2414, 46.8365], [-71.2415, 46.8366], [-71.2416, 46.8366], [-71.2418, 46.8366], [-71.242, 46.8365], [-71.2422, 46.8365], [-71.2423, 46.8365], [-71.2425, 46.8365], [-71.2426, 46.8365], [-71.2426, 46.8366], [-71.2426, 46.8367], [-71.2426, 46.8368], [-71.2426, 46.8369], [-71.2427, 46.837], [-71.2428, 46.837], [-71.243, 46.8371], [-71.2432, 46.8371], [-71.2434, 46.8371], [-71.2436, 46.8372], [-71.2439, 46.8372], [-71.2441, 46.8371], [-71.2443, 46.8371], [-71.2444, 46.8371], [-71.2446, 46.837], [-71.2447, 46.8369], [-71.2447, 46.8368], [-71.2448, 46.8367], [-71.2448, 46.8365], [-71.2449, 46.8364], [-71.2449, 46.8363], [-71.2449, 46.8362], [-71.2448, 46.8361], [-71.2447, 46.836], [-71.2447, 46.8359], [-71.2447, 46.8358], [-71.2447, 46.8357], [-71.2448, 46.8356], [-71.2449, 46.8355], [-71.245, 46.8354], [-71.245, 46.8353], [-71.245, 46.8352], [-71.2449, 46.8351], [-71.2448, 46.8351], [-71.2447, 46.835], [-71.2445, 46.835], [-71.2444, 46.8349], [-71.2442, 46.8349], [-71.2441, 46.8349], [-71.244, 46.8349], [-71.2439, 46.835], [-71.2438, 46.835], [-71.2438, 46.8351], [-71.2437, 46.8351], [-71.2437, 46.8352], [-71.2436, 46.8352], [-71.2435, 46.8352], [-71.2434, 46.8352], [-71.2433, 46.8351], [-71.2434, 46.8351], [-71.2434, 46.835], [-71.2435, 46.8348], [-71.2437, 46.8347], [-71.244, 46.8345], [-71.2443, 46.8343], [-71.2446, 46.8341], [-71.245, 46.8338], [-71.2454, 46.8336], [-71.2457, 46.8333], [-71.246, 46.8331], [-71.2463, 46.8329], [-71.2465, 46.8327], [-71.2466, 46.8325], [-71.2468, 46.8323], [-71.2468, 46.8321], [-71.2469, 46.832], [-71.2469, 46.8318], [-71.2469, 46.8317], [-71.2469, 46.8316], [-71.2468, 46.8314], [-71.2467, 46.8313], [-71.2465, 46.8312], [-71.2464, 46.8311], [-71.2462, 46.831], [-71.2462, 46.8309], [-71.2462, 46.8308], [-71.2463, 46.8307], [-71.2464, 46.8307], [-71.2466, 46.8307], [-71.2469, 46.8307], [-71.247, 46.8307], [-71.2472, 46.8307], [-71.2473, 46.8307], [-71.2474, 46.8306], [-71.2474, 46.8305], [-71.2474, 46.8304], [-71.2473, 46.8302], [-71.2472, 46.83], [-71.2471, 46.8299], [-71.2471, 46.8298], [-71.247, 46.8296], [-71.247, 46.8295], [-71.2471, 46.8295], [-71.2471, 46.8294], [-71.2472, 46.8294], [-71.2473, 46.8293], [-71.2474, 46.8293], [-71.2475, 46.8292], [-71.2476, 46.8291], [-71.2477, 46.8289], [-71.2478, 46.8288], [-71.2479, 46.8286], [-71.248, 46.8284], [-71.248, 46.8282], [-71.2481, 46.828], [-71.2481, 46.8278], [-71.2482, 46.8276], [-71.2482, 46.8274], [-71.2482, 46.8272], [-71.2482, 46.827], [-71.2482, 46.8268], [-71.2481, 46.8266], [-71.2481, 46.8264], [-71.248, 46.8262], [-71.2479, 46.8261], [-71.2478, 46.826], [-71.2477, 46.8259], [-71.2475, 46.8258], [-71.2474, 46.8257], [-71.2472, 46.8257], [-71.2471, 46.8256], [-71.247, 46.8255], [-71.2469, 46.8254], [-71.2468, 46.8253], [-71.2467, 46.8252], [-71.2466, 46.8251], [-71.2466, 46.825], [-71.2465, 46.8249], [-71.2464, 46.8248], [-71.2463, 46.8248], [-71.2462, 46.8247], [-71.2461, 46.8247], [-71.2459, 46.8247], [-71.2457, 46.8247], [-71.2456, 46.8247], [-71.2454, 46.8247], [-71.2453, 46.8248], [-71.2452, 46.8248], [-71.245, 46.8249], [-71.2449, 46.825], [-71.2448, 46.8251], [-71.2447, 46.8251], [-71.2446, 46.8251], [-71.2444, 46.825], [-71.2442, 46.825], [-71.244, 46.8249], [-71.2438, 46.8247], [-71.2435, 46.8246], [-71.2433, 46.8245], [-71.243, 46.8244], [-71.2428, 46.8243], [-71.2426, 46.8243], [-71.2424, 46.8242], [-71.2423, 46.8242], [-71.2421, 46.8243], [-71.242, 46.8243], [-71.2417, 46.8244], [-71.2413, 46.8243], [-71.2407, 46.8243], [-71.24, 46.8243], [-71.2391, 46.8242], [-71.2381, 46.824], [-71.2369, 46.8239], [-71.2355, 46.8237], [-71.2343, 46.8237]]]}}, {"type": "Feature", "properties": {"couche": "aire_marche", "station": "18e Rue", "ordre": 26, "minutes": 14, "superficie_ha": 203.3, "rue_km": 60.1, "disque_ha": 301.7, "part_disque_pct": 67, "accroche_m": 1, "population": 12099, "navetteurs": 4445, "mode_auto_pct": 56, "mode_tc_pct": 20, "mode_actif_pct": 23, "mode_autre_pct": 1}, "geometry": {"type": "Polygon", "coordinates": [[[-71.2447, 46.8248], [-71.2447, 46.8247], [-71.2448, 46.8246], [-71.2449, 46.8245], [-71.245, 46.8244], [-71.2451, 46.8243], [-71.2453, 46.8243], [-71.2455, 46.8242], [-71.2458, 46.8242], [-71.2461, 46.8242], [-71.2463, 46.8242], [-71.2466, 46.8243], [-71.2469, 46.8244], [-71.2471, 46.8245], [-71.2474, 46.8247], [-71.2476, 46.8249], [-71.2479, 46.8251], [-71.2481, 46.8254], [-71.2483, 46.8256], [-71.2484, 46.8259], [-71.2485, 46.8261], [-71.2486, 46.8263], [-71.2486, 46.8264], [-71.2486, 46.8266], [-71.2485, 46.8267], [-71.2484, 46.8269], [-71.2483, 46.827], [-71.2482, 46.8271], [-71.2482, 46.8272], [-71.2482, 46.8272], [-71.2482, 46.8273], [-71.2483, 46.8274], [-71.2484, 46.8274], [-71.2485, 46.8275], [-71.2486, 46.8276], [-71.2487, 46.8276], [-71.2488, 46.8277], [-71.2488, 46.8278], [-71.2489, 46.8279], [-71.2489, 46.8279], [-71.2489, 46.828], [-71.2488, 46.8281], [-71.2488, 46.8282], [-71.2487, 46.8283], [-71.2486, 46.8284], [-71.2485, 46.8286], [-71.2483, 46.8287], [-71.2481, 46.8288], [-71.2479, 46.8289], [-71.2477, 46.829], [-71.2475, 46.8291], [-71.2474, 46.8293], [-71.2473, 46.8294], [-71.2473, 46.8295], [-71.2473, 46.8297], [-71.2474, 46.8298], [-71.2475, 46.83], [-71.2477, 46.8301], [-71.2479, 46.8303], [-71.248, 46.8305], [-71.248, 46.8307], [-71.248, 46.8309], [-71.2479, 46.8311], [-71.2478, 46.8314], [-71.2476, 46.8316], [-71.2474, 46.8319], [-71.2472, 46.8321], [-71.247, 46.8323], [-71.2469, 46.8325], [-71.2468, 46.8327], [-71.2468, 46.8329], [-71.2467, 46.833], [-71.2467, 46.8331], [-71.2468, 46.8332], [-71.2468, 46.8332], [-71.2468, 46.8333], [-71.2467, 46.8333], [-71.2467, 46.8334], [-71.2466, 46.8334], [-71.2465, 46.8334], [-71.2464, 46.8334], [-71.2463, 46.8334], [-71.2462, 46.8334], [-71.246, 46.8334], [-71.2459, 46.8335], [-71.2457, 46.8335], [-71.2455, 46.8336], [-71.2453, 46.8337], [-71.2451, 46.8338], [-71.2449, 46.8339], [-71.2447, 46.8341], [-71.2446, 46.8342], [-71.2446, 46.8343], [-71.2446, 46.8344], [-71.2447, 46.8345], [-71.2448, 46.8345], [-71.245, 46.8346], [-71.2452, 46.8347], [-71.2454, 46.8347], [-71.2456, 46.8348], [-71.2457, 46.8349], [-71.2457, 46.8351], [-71.2457, 46.8352], [-71.2457, 46.8354], [-71.2456, 46.8355], [-71.2455, 46.8357], [-71.2454, 46.8359], [-71.2453, 46.8361], [-71.2452, 46.8363], [-71.2451, 46.8365], [-71.2451, 46.8367], [-71.245, 46.8368], [-71.245, 46.837], [-71.245, 46.8372], [-71.245, 46.8373], [-71.2449, 46.8375], [-71.2448, 46.8376], [-71.2447, 46.8377], [-71.2446, 46.8377], [-71.2444, 46.8377], [-71.2442, 46.8377], [-71.244, 46.8377], [-71.2438, 46.8377], [-71.2436, 46.8377], [-71.2434, 46.8376], [-71.2433, 46.8376], [-71.2432, 46.8375], [-71.2432, 46.8375], [-71.2431, 46.8374], [-71.2431, 46.8373], [-71.243, 46.8373], [-71.243, 46.8372], [-71.2429, 46.8372], [-71.2428, 46.8372], [-71.2427, 46.8372], [-71.2426, 46.8372], [-71.2424, 46.8372], [-71.2422, 46.8373], [-71.2421, 46.8373], [-71.242, 46.8373], [-71.2419, 46.8373], [-71.2418, 46.8373], [-71.2417, 46.8372], [-71.2416, 46.8372], [-71.2416, 46.8372], [-71.2416, 46.8371], [-71.2416, 46.837], [-71.2416, 46.837], [-71.2417, 46.8369], [-71.2418, 46.8369], [-71.2419, 46.8368], [-71.242, 46.8367], [-71.2421, 46.8367], [-71.2422, 46.8366], [-71.2423, 46.8365], [-71.2424, 46.8365], [-71.2423, 46.8365], [-71.2422, 46.8365], [-71.2421, 46.8365], [-71.2419, 46.8366], [-71.2416, 46.8367], [-71.2413, 46.8367], [-71.2411, 46.8368], [-71.2409, 46.8368], [-71.2408, 46.8368], [-71.2408, 46.8367], [-71.2408, 46.8366], [-71.2409, 46.8365], [-71.2411, 46.8363], [-71.2414, 46.8361], [-71.2416, 46.836], [-71.2417, 46.8359], [-71.2417, 46.8358], [-71.2416, 46.8358], [-71.2414, 46.8359], [-71.2411, 46.836], [-71.2408, 46.8362], [-71.2403, 46.8364], [-71.2399, 46.8366], [-71.2394, 46.8367], [-71.239, 46.8368], [-71.2386, 46.8369], [-71.2381, 46.8369], [-71.2377, 46.8368], [-71.2373, 46.8367], [-71.2369, 46.8366], [-71.2365, 46.8365], [-71.2362, 46.8364], [-71.2359, 46.8363], [-71.2356, 46.8363], [-71.2354, 46.8363], [-71.2352, 46.8362], [-71.235, 46.8363], [-71.2348, 46.8363], [-71.2347, 46.8363], [-71.2346, 46.8363], [-71.2346, 46.8363], [-71.2345, 46.8362], [-71.2345, 46.8362], [-71.2345, 46.8361], [-71.2346, 46.836], [-71.2346, 46.8359], [-71.2347, 46.8358], [-71.2347, 46.8357], [-71.2346, 46.8357], [-71.2346, 46.8357], [-71.2345, 46.8357], [-71.2344, 46.8358], [-71.2343, 46.8358], [-71.2341, 46.8359], [-71.234, 46.836], [-71.2338, 46.8361], [-71.2336, 46.8361], [-71.2335, 46.8362], [-71.2333, 46.8362], [-71.2332, 46.8362], [-71.233, 46.8362], [-71.2329, 46.8362], [-71.2327, 46.8361], [-71.2326, 46.8361], [-71.2325, 46.836], [-71.2324, 46.836], [-71.2323, 46.8359], [-71.2323, 46.8358], [-71.2322, 46.8357], [-71.2322, 46.8356], [-71.2322, 46.8355], [-71.2321, 46.8354], [-71.2321, 46.8354], [-71.232, 46.8353], [-71.2319, 46.8353], [-71.2317, 46.8353], [-71.2316, 46.8353], [-71.2314, 46.8353], [-71.2313, 46.8353], [-71.2312, 46.8353], [-71.2311, 46.8352], [-71.231, 46.8352], [-71.231, 46.8352], [-71.231, 46.8351], [-71.231, 46.835], [-71.2311, 46.8349], [-71.2311, 46.8348], [-71.2311, 46.8348], [-71.231, 46.8347], [-71.231, 46.8347], [-71.2309, 46.8347], [-71.2309, 46.8347], [-71.2308, 46.8347], [-71.2307, 46.8348], [-71.2305, 46.8348], [-71.2305, 46.8349], [-71.2304, 46.8349], [-71.2303, 46.835], [-71.2303, 46.8351], [-71.2302, 46.8352], [-71.2302, 46.8352], [-71.2302, 46.8353], [-71.2301, 46.8354], [-71.23, 46.8355], [-71.2299, 46.8355], [-71.2297, 46.8355], [-71.2294, 46.8356], [-71.2291, 46.8356], [-71.2288, 46.8356], [-71.2284, 46.8355], [-71.228, 46.8355], [-71.2278, 46.8355], [-71.2275, 46.8354], [-71.2274, 46.8353], [-71.2273, 46.8353], [-71.2272, 46.8352], [-71.2272, 46.8351], [-71.2273, 46.835], [-71.2274, 46.8349], [-71.2274, 46.8348], [-71.2274, 46.8346], [-71.2274, 46.8345], [-71.2274, 46.8344], [-71.2274, 46.8342], [-71.2273, 46.8341], [-71.2273, 46.8339], [-71.2273, 46.8338], [-71.2273, 46.8336], [-71.2273, 46.8335], [-71.2274, 46.8335], [-71.2275, 46.8334], [-71.2277, 46.8333], [-71.2278, 46.8333], [-71.228, 46.8333], [-71.2282, 46.8332], [-71.2283, 46.8332], [-71.2284, 46.8331], [-71.2284, 46.833], [-71.2283, 46.8329], [-71.2283, 46.8327], [-71.2281, 46.8325], [-71.2279, 46.8323], [-71.2278, 46.8321], [-71.2276, 46.8319], [-71.2276, 46.8317], [-71.2275, 46.8315], [-71.2275, 46.8313], [-71.2275, 46.8311], [-71.2275, 46.8308], [-71.2276, 46.8306], [-71.2276, 46.8304], [-71.2277, 46.8302], [-71.2278, 46.83], [-71.2279, 46.8298], [-71.2281, 46.8297], [-71.2282, 46.8296], [-71.2283, 46.8295], [-71.2285, 46.8294], [-71.2286, 46.8293], [-71.2287, 46.8293], [-71.2287, 46.8292], [-71.2288, 46.8291], [-71.2287, 46.8291], [-71.2287, 46.829], [-71.2286, 46.829], [-71.2285, 46.8289], [-71.2284, 46.8288], [-71.2284, 46.8286], [-71.2284, 46.8283], [-71.2285, 46.8278], [-71.2286, 46.8273], [-71.2288, 46.8268], [-71.229, 46.8261], [-71.2293, 46.8253], [-71.2296, 46.8246], [-71.2298, 46.8241], [-71.2301, 46.8236], [-71.2303, 46.8233], [-71.2306, 46.823], [-71.2308, 46.8229], [-71.2311, 46.8229], [-71.2313, 46.823], [-71.2315, 46.8231], [-71.2317, 46.8231], [-71.2318, 46.8232], [-71.2319, 46.8232], [-71.232, 46.8232], [-71.2321, 46.8231], [-71.2322, 46.8231], [-71.2322, 46.823], [-71.2323, 46.823], [-71.2323, 46.8229], [-71.2324, 46.8229], [-71.2325, 46.8228], [-71.2327, 46.8228], [-71.2328, 46.8228], [-71.2329, 46.8228], [-71.2331, 46.8228], [-71.2333, 46.8228], [-71.2335, 46.8228], [-71.2337, 46.8229], [-71.234, 46.823], [-71.2342, 46.823], [-71.2345, 46.8231], [-71.2348, 46.8233], [-71.2351, 46.8234], [-71.2354, 46.8235], [-71.2357, 46.8236], [-71.2361, 46.8237], [-71.2364, 46.8237], [-71.2367, 46.8237], [-71.2371, 46.8237], [-71.2375, 46.8237], [-71.2378, 46.8236], [-71.2382, 46.8235], [-71.2385, 46.8235], [-71.2388, 46.8235], [-71.2391, 46.8235], [-71.2394, 46.8236], [-71.2396, 46.8236], [-71.2399, 46.8237], [-71.2401, 46.8238], [-71.2403, 46.8239], [-71.2405, 46.824], [-71.2407, 46.824], [-71.241, 46.824], [-71.2412, 46.824], [-71.2415, 46.824], [-71.2418, 46.8239], [-71.242, 46.8238], [-71.2423, 46.8238], [-71.2425, 46.8237], [-71.2427, 46.8237], [-71.2428, 46.8237], [-71.2429, 46.8238], [-71.243, 46.8238], [-71.243, 46.8239], [-71.2431, 46.824], [-71.2431, 46.8241], [-71.2431, 46.8242], [-71.2432, 46.8243], [-71.2433, 46.8244], [-71.2435, 46.8245], [-71.2436, 46.8246], [-71.2438, 46.8248], [-71.244, 46.8249], [-71.2442, 46.8249], [-71.2444, 46.825], [-71.2445, 46.825], [-71.2446, 46.825], [-71.2447, 46.825], [-71.2447, 46.8249], [-71.2447, 46.8248]]]}}, {"type": "Feature", "properties": {"couche": "voile", "station": "18e Rue", "minutes": 14}, "geometry": {"type": "Polygon", "coordinates": [[[-71.4082, 46.9445], [-71.0711, 46.9467], [-71.0686, 46.7158], [-71.4043, 46.7136], [-71.4082, 46.9445]], [[-71.2422, 46.8366], [-71.2421, 46.8367], [-71.242, 46.8367], [-71.2419, 46.8368], [-71.2418, 46.8369], [-71.2417, 46.8369], [-71.2416, 46.837], [-71.2416, 46.8371], [-71.2416, 46.8372], [-71.2417, 46.8372], [-71.2418, 46.8373], [-71.2419, 46.8373], [-71.242, 46.8373], [-71.2421, 46.8373], [-71.2422, 46.8373], [-71.2424, 46.8372], [-71.2426, 46.8372], [-71.2427, 46.8372], [-71.2428, 46.8372], [-71.2429, 46.8372], [-71.243, 46.8372], [-71.243, 46.8373], [-71.2431, 46.8373], [-71.2431, 46.8374], [-71.2432, 46.8375], [-71.2433, 46.8376], [-71.2434, 46.8376], [-71.2436, 46.8377], [-71.2438, 46.8377], [-71.244, 46.8377], [-71.2442, 46.8377], [-71.2444, 46.8377], [-71.2446, 46.8377], [-71.2447, 46.8377], [-71.2448, 46.8376], [-71.2449, 46.8375], [-71.245, 46.8373], [-71.245, 46.8372], [-71.245, 46.837], [-71.245, 46.8368], [-71.2451, 46.8367], [-71.2451, 46.8365], [-71.2452, 46.8363], [-71.2453, 46.8361], [-71.2454, 46.8359], [-71.2455, 46.8357], [-71.2456, 46.8355], [-71.2457, 46.8354], [-71.2457, 46.8352], [-71.2457, 46.8351], [-71.2457, 46.8349], [-71.2456, 46.8348], [-71.2454, 46.8347], [-71.2452, 46.8347], [-71.245, 46.8346], [-71.2448, 46.8345], [-71.2447, 46.8345], [-71.2446, 46.8344], [-71.2446, 46.8343], [-71.2446, 46.8342], [-71.2447, 46.8341], [-71.2449, 46.8339], [-71.2451, 46.8338], [-71.2453, 46.8337], [-71.2455, 46.8336], [-71.2457, 46.8335], [-71.2459, 46.8335], [-71.246, 46.8334], [-71.2462, 46.8334], [-71.2463, 46.8334], [-71.2464, 46.8334], [-71.2465, 46.8334], [-71.2466, 46.8334], [-71.2467, 46.8334], [-71.2467, 46.8333], [-71.2468, 46.8333], [-71.2468, 46.8332], [-71.2467, 46.8331], [-71.2467, 46.833], [-71.2468, 46.8329], [-71.2468, 46.8327], [-71.2469, 46.8325], [-71.247, 46.8323], [-71.2472, 46.8321], [-71.2474, 46.8319], [-71.2476, 46.8316], [-71.2478, 46.8314], [-71.2479, 46.8311], [-71.248, 46.8309], [-71.248, 46.8307], [-71.248, 46.8305], [-71.2479, 46.8303], [-71.2477, 46.8301], [-71.2475, 46.83], [-71.2474, 46.8298], [-71.2473, 46.8297], [-71.2473, 46.8295], [-71.2473, 46.8294], [-71.2474, 46.8293], [-71.2475, 46.8291], [-71.2477, 46.829], [-71.2479, 46.8289], [-71.2481, 46.8288], [-71.2483, 46.8287], [-71.2485, 46.8286], [-71.2486, 46.8284], [-71.2487, 46.8283], [-71.2488, 46.8282], [-71.2488, 46.8281], [-71.2489, 46.828], [-71.2489, 46.8279], [-71.2488, 46.8278], [-71.2488, 46.8277], [-71.2487, 46.8276], [-71.2486, 46.8276], [-71.2485, 46.8275], [-71.2484, 46.8274], [-71.2483, 46.8274], [-71.2482, 46.8273], [-71.2482, 46.8272], [-71.2482, 46.8271], [-71.2483, 46.827], [-71.2484, 46.8269], [-71.2485, 46.8267], [-71.2486, 46.8266], [-71.2486, 46.8264], [-71.2486, 46.8263], [-71.2485, 46.8261], [-71.2484, 46.8259], [-71.2483, 46.8256], [-71.2481, 46.8254], [-71.2479, 46.8251], [-71.2476, 46.8249], [-71.2474, 46.8247], [-71.2471, 46.8245], [-71.2469, 46.8244], [-71.2466, 46.8243], [-71.2463, 46.8242], [-71.2461, 46.8242], [-71.2458, 46.8242], [-71.2455, 46.8242], [-71.2453, 46.8243], [-71.2451, 46.8243], [-71.245, 46.8244], [-71.2449, 46.8245], [-71.2448, 46.8246], [-71.2447, 46.8247], [-71.2447, 46.8248], [-71.2447, 46.8249], [-71.2447, 46.825], [-71.2446, 46.825], [-71.2445, 46.825], [-71.2444, 46.825], [-71.2442, 46.8249], [-71.244, 46.8249], [-71.2438, 46.8248], [-71.2436, 46.8246], [-71.2435, 46.8245], [-71.2433, 46.8244], [-71.2432, 46.8243], [-71.2431, 46.8242], [-71.2431, 46.8241], [-71.2431, 46.824], [-71.243, 46.8239], [-71.243, 46.8238], [-71.2429, 46.8238], [-71.2428, 46.8237], [-71.2427, 46.8237], [-71.2425, 46.8237], [-71.2423, 46.8238], [-71.242, 46.8238], [-71.2418, 46.8239], [-71.2415, 46.824], [-71.2412, 46.824], [-71.241, 46.824], [-71.2407, 46.824], [-71.2405, 46.824], [-71.2403, 46.8239], [-71.2401, 46.8238], [-71.2399, 46.8237], [-71.2396, 46.8236], [-71.2394, 46.8236], [-71.2391, 46.8235], [-71.2388, 46.8235], [-71.2385, 46.8235], [-71.2382, 46.8235], [-71.2378, 46.8236], [-71.2375, 46.8237], [-71.2371, 46.8237], [-71.2367, 46.8237], [-71.2364, 46.8237], [-71.2361, 46.8237], [-71.2357, 46.8236], [-71.2354, 46.8235], [-71.2351, 46.8234], [-71.2348, 46.8233], [-71.2345, 46.8231], [-71.2342, 46.823], [-71.234, 46.823], [-71.2337, 46.8229], [-71.2335, 46.8228], [-71.2333, 46.8228], [-71.2331, 46.8228], [-71.2329, 46.8228], [-71.2328, 46.8228], [-71.2327, 46.8228], [-71.2325, 46.8228], [-71.2324, 46.8229], [-71.2323, 46.8229], [-71.2323, 46.823], [-71.2322, 46.823], [-71.2322, 46.8231], [-71.2321, 46.8231], [-71.232, 46.8232], [-71.2319, 46.8232], [-71.2318, 46.8232], [-71.2317, 46.8231], [-71.2315, 46.8231], [-71.2313, 46.823], [-71.2311, 46.8229], [-71.2308, 46.8229], [-71.2306, 46.823], [-71.2303, 46.8233], [-71.2301, 46.8236], [-71.2298, 46.8241], [-71.2296, 46.8246], [-71.2293, 46.8253], [-71.229, 46.8261], [-71.2288, 46.8268], [-71.2286, 46.8273], [-71.2285, 46.8278], [-71.2284, 46.8283], [-71.2284, 46.8286], [-71.2284, 46.8288], [-71.2285, 46.8289], [-71.2286, 46.829], [-71.2287, 46.829], [-71.2287, 46.8291], [-71.2288, 46.8291], [-71.2287, 46.8292], [-71.2287, 46.8293], [-71.2286, 46.8293], [-71.2285, 46.8294], [-71.2283, 46.8295], [-71.2282, 46.8296], [-71.2281, 46.8297], [-71.2279, 46.8298], [-71.2278, 46.83], [-71.2277, 46.8302], [-71.2276, 46.8304], [-71.2276, 46.8306], [-71.2275, 46.8308], [-71.2275, 46.8311], [-71.2275, 46.8313], [-71.2275, 46.8315], [-71.2276, 46.8317], [-71.2276, 46.8319], [-71.2278, 46.8321], [-71.2279, 46.8323], [-71.2281, 46.8325], [-71.2283, 46.8327], [-71.2283, 46.8329], [-71.2284, 46.833], [-71.2284, 46.8331], [-71.2283, 46.8332], [-71.2282, 46.8332], [-71.228, 46.8333], [-71.2278, 46.8333], [-71.2277, 46.8333], [-71.2275, 46.8334], [-71.2274, 46.8335], [-71.2273, 46.8335], [-71.2273, 46.8336], [-71.2273, 46.8338], [-71.2273, 46.8339], [-71.2273, 46.8341], [-71.2274, 46.8342], [-71.2274, 46.8344], [-71.2274, 46.8345], [-71.2274, 46.8346], [-71.2274, 46.8348], [-71.2274, 46.8349], [-71.2273, 46.835], [-71.2272, 46.8351], [-71.2272, 46.8352], [-71.2273, 46.8353], [-71.2274, 46.8353], [-71.2275, 46.8354], [-71.2278, 46.8355], [-71.228, 46.8355], [-71.2284, 46.8355], [-71.2288, 46.8356], [-71.2291, 46.8356], [-71.2294, 46.8356], [-71.2297, 46.8355], [-71.2299, 46.8355], [-71.23, 46.8355], [-71.2301, 46.8354], [-71.2302, 46.8353], [-71.2302, 46.8352], [-71.2303, 46.8351], [-71.2303, 46.835], [-71.2304, 46.8349], [-71.2305, 46.8349], [-71.2305, 46.8348], [-71.2307, 46.8348], [-71.2308, 46.8347], [-71.2309, 46.8347], [-71.231, 46.8347], [-71.2311, 46.8348], [-71.2311, 46.8349], [-71.231, 46.835], [-71.231, 46.8351], [-71.231, 46.8352], [-71.2311, 46.8352], [-71.2312, 46.8353], [-71.2313, 46.8353], [-71.2314, 46.8353], [-71.2316, 46.8353], [-71.2317, 46.8353], [-71.2319, 46.8353], [-71.232, 46.8353], [-71.2321, 46.8354], [-71.2322, 46.8355], [-71.2322, 46.8356], [-71.2322, 46.8357], [-71.2323, 46.8358], [-71.2323, 46.8359], [-71.2324, 46.836], [-71.2325, 46.836], [-71.2326, 46.8361], [-71.2327, 46.8361], [-71.2329, 46.8362], [-71.233, 46.8362], [-71.2332, 46.8362], [-71.2333, 46.8362], [-71.2335, 46.8362], [-71.2336, 46.8361], [-71.2338, 46.8361], [-71.234, 46.836], [-71.2341, 46.8359], [-71.2343, 46.8358], [-71.2344, 46.8358], [-71.2345, 46.8357], [-71.2346, 46.8357], [-71.2347, 46.8357], [-71.2347, 46.8358], [-71.2346, 46.8359], [-71.2346, 46.836], [-71.2345, 46.8361], [-71.2345, 46.8362], [-71.2346, 46.8363], [-71.2347, 46.8363], [-71.2348, 46.8363], [-71.235, 46.8363], [-71.2352, 46.8362], [-71.2354, 46.8363], [-71.2356, 46.8363], [-71.2359, 46.8363], [-71.2362, 46.8364], [-71.2365, 46.8365], [-71.2369, 46.8366], [-71.2373, 46.8367], [-71.2377, 46.8368], [-71.2381, 46.8369], [-71.2386, 46.8369], [-71.239, 46.8368], [-71.2394, 46.8367], [-71.2399, 46.8366], [-71.2403, 46.8364], [-71.2408, 46.8362], [-71.2411, 46.836], [-71.2414, 46.8359], [-71.2416, 46.8358], [-71.2417, 46.8358], [-71.2417, 46.8359], [-71.2416, 46.836], [-71.2414, 46.8361], [-71.2411, 46.8363], [-71.2409, 46.8365], [-71.2408, 46.8366], [-71.2408, 46.8367], [-71.2408, 46.8368], [-71.2409, 46.8368], [-71.2411, 46.8368], [-71.2413, 46.8367], [-71.2416, 46.8367], [-71.2419, 46.8366], [-71.2421, 46.8365], [-71.2422, 46.8365], [-71.2423, 46.8365], [-71.2422, 46.8366]]]}}, {"type": "Feature", "properties": {"couche": "aire_marche", "station": "18e Rue", "ordre": 26, "minutes": 15, "superficie_ha": 230.2, "rue_km": 67.57, "disque_ha": 346.4, "part_disque_pct": 66, "accroche_m": 1, "population": 13372, "navetteurs": 4931, "mode_auto_pct": 56, "mode_tc_pct": 20, "mode_actif_pct": 23, "mode_autre_pct": 1}, "geometry": {"type": "Polygon", "coordinates": [[[-71.2495, 46.827], [-71.2495, 46.8274], [-71.2495, 46.8277], [-71.2494, 46.8279], [-71.2494, 46.8282], [-71.2493, 46.8284], [-71.2491, 46.8285], [-71.2489, 46.8286], [-71.2487, 46.8287], [-71.2485, 46.8287], [-71.2483, 46.8287], [-71.2481, 46.8287], [-71.2479, 46.8288], [-71.2478, 46.8288], [-71.2477, 46.8289], [-71.2477, 46.8289], [-71.2476, 46.829], [-71.2476, 46.8291], [-71.2476, 46.8291], [-71.2476, 46.8292], [-71.2475, 46.8292], [-71.2475, 46.8293], [-71.2474, 46.8293], [-71.2473, 46.8293], [-71.2473, 46.8294], [-71.2472, 46.8294], [-71.2471, 46.8294], [-71.2471, 46.8295], [-71.2472, 46.8295], [-71.2472, 46.8296], [-71.2474, 46.8297], [-71.2476, 46.8298], [-71.2478, 46.8299], [-71.248, 46.83], [-71.2483, 46.8301], [-71.2485, 46.8302], [-71.2486, 46.8304], [-71.2488, 46.8305], [-71.2489, 46.8306], [-71.249, 46.8308], [-71.249, 46.8309], [-71.249, 46.831], [-71.249, 46.8312], [-71.2489, 46.8313], [-71.2488, 46.8315], [-71.2487, 46.8316], [-71.2485, 46.8318], [-71.2482, 46.8319], [-71.248, 46.8321], [-71.2477, 46.8322], [-71.2474, 46.8324], [-71.2472, 46.8326], [-71.2471, 46.8327], [-71.247, 46.8329], [-71.2469, 46.833], [-71.2469, 46.8331], [-71.2469, 46.8333], [-71.247, 46.8334], [-71.2471, 46.8336], [-71.2472, 46.8337], [-71.2472, 46.8338], [-71.2472, 46.8339], [-71.2471, 46.8339], [-71.247, 46.834], [-71.247, 46.8341], [-71.2468, 46.8341], [-71.2467, 46.8341], [-71.2467, 46.8342], [-71.2466, 46.8342], [-71.2466, 46.8343], [-71.2466, 46.8343], [-71.2466, 46.8344], [-71.2466, 46.8344], [-71.2467, 46.8345], [-71.2467, 46.8345], [-71.2467, 46.8346], [-71.2467, 46.8347], [-71.2467, 46.8347], [-71.2466, 46.8348], [-71.2466, 46.8348], [-71.2465, 46.8349], [-71.2464, 46.8349], [-71.2463, 46.835], [-71.2463, 46.8351], [-71.2462, 46.8351], [-71.2462, 46.8352], [-71.2462, 46.8352], [-71.2462, 46.8353], [-71.2463, 46.8353], [-71.2463, 46.8354], [-71.2464, 46.8355], [-71.2464, 46.8356], [-71.2464, 46.8358], [-71.2463, 46.836], [-71.2463, 46.8362], [-71.2462, 46.8365], [-71.246, 46.8368], [-71.2459, 46.8372], [-71.2457, 46.8375], [-71.2455, 46.8377], [-71.2453, 46.8379], [-71.245, 46.8381], [-71.2447, 46.8382], [-71.2444, 46.8382], [-71.244, 46.8382], [-71.2437, 46.8381], [-71.2433, 46.8381], [-71.2431, 46.838], [-71.2429, 46.8379], [-71.2427, 46.8379], [-71.2426, 46.8378], [-71.2426, 46.8377], [-71.2426, 46.8376], [-71.2427, 46.8375], [-71.2428, 46.8374], [-71.2428, 46.8373], [-71.2427, 46.8373], [-71.2427, 46.8373], [-71.2426, 46.8373], [-71.2424, 46.8373], [-71.2422, 46.8374], [-71.242, 46.8375], [-71.2418, 46.8376], [-71.2416, 46.8376], [-71.2414, 46.8377], [-71.2411, 46.8377], [-71.2409, 46.8377], [-71.2407, 46.8377], [-71.2405, 46.8376], [-71.2402, 46.8376], [-71.2401, 46.8375], [-71.24, 46.8374], [-71.24, 46.8373], [-71.2401, 46.8371], [-71.2402, 46.8369], [-71.2404, 46.8367], [-71.2407, 46.8365], [-71.2411, 46.8363], [-71.2413, 46.8361], [-71.2414, 46.836], [-71.2415, 46.8359], [-71.2414, 46.8359], [-71.2412, 46.836], [-71.2409, 46.8361], [-71.2404, 46.8363], [-71.2399, 46.8366], [-71.2394, 46.8368], [-71.2389, 46.837], [-71.2384, 46.8371], [-71.238, 46.8372], [-71.2375, 46.8373], [-71.2371, 46.8373], [-71.2368, 46.8373], [-71.2364, 46.8372], [-71.2361, 46.8371], [-71.2359, 46.8371], [-71.2357, 46.837], [-71.2355, 46.8369], [-71.2354, 46.8368], [-71.2353, 46.8367], [-71.2353, 46.8366], [-71.2353, 46.8365], [-71.2353, 46.8364], [-71.2353, 46.8364], [-71.2353, 46.8363], [-71.2352, 46.8363], [-71.2351, 46.8364], [-71.235, 46.8364], [-71.2348, 46.8364], [-71.2346, 46.8365], [-71.2344, 46.8366], [-71.2343, 46.8366], [-71.2341, 46.8367], [-71.234, 46.8367], [-71.2338, 46.8367], [-71.2337, 46.8367], [-71.2336, 46.8366], [-71.2335, 46.8366], [-71.2334, 46.8365], [-71.2333, 46.8365], [-71.2332, 46.8365], [-71.2331, 46.8364], [-71.2329, 46.8364], [-71.2328, 46.8364], [-71.2327, 46.8365], [-71.2326, 46.8365], [-71.2324, 46.8365], [-71.2324, 46.8365], [-71.2323, 46.8365], [-71.2322, 46.8364], [-71.2322, 46.8363], [-71.2321, 46.8362], [-71.2321, 46.836], [-71.2321, 46.8358], [-71.2321, 46.8357], [-71.2321, 46.8356], [-71.232, 46.8355], [-71.2319, 46.8354], [-71.2319, 46.8354], [-71.2317, 46.8353], [-71.2316, 46.8353], [-71.2314, 46.8353], [-71.2313, 46.8354], [-71.2312, 46.8354], [-71.2311, 46.8355], [-71.231, 46.8355], [-71.2309, 46.8356], [-71.2308, 46.8356], [-71.2308, 46.8357], [-71.2308, 46.8358], [-71.2307, 46.8359], [-71.2307, 46.8359], [-71.2306, 46.8359], [-71.2305, 46.8359], [-71.2304, 46.8359], [-71.2302, 46.8358], [-71.2301, 46.8358], [-71.2299, 46.8357], [-71.2298, 46.8356], [-71.2297, 46.8355], [-71.2296, 46.8355], [-71.2296, 46.8355], [-71.2295, 46.8355], [-71.2295, 46.8355], [-71.2296, 46.8356], [-71.2296, 46.8356], [-71.2297, 46.8357], [-71.2297, 46.8358], [-71.2297, 46.8358], [-71.2297, 46.8359], [-71.2297, 46.8359], [-71.2297, 46.836], [-71.2296, 46.836], [-71.2296, 46.8361], [-71.2295, 46.8361], [-71.2294, 46.8361], [-71.2293, 46.8361], [-71.2292, 46.8361], [-71.2291, 46.836], [-71.229, 46.8359], [-71.2289, 46.8358], [-71.2287, 46.8357], [-71.2286, 46.8356], [-71.2285, 46.8356], [-71.2283, 46.8355], [-71.2282, 46.8355], [-71.228, 46.8355], [-71.2279, 46.8356], [-71.2278, 46.8356], [-71.2276, 46.8357], [-71.2275, 46.8358], [-71.2273, 46.8358], [-71.2272, 46.8359], [-71.2271, 46.8359], [-71.227, 46.8359], [-71.2268, 46.8359], [-71.2267, 46.8359], [-71.2266, 46.8359], [-71.2265, 46.8358], [-71.2264, 46.8358], [-71.2264, 46.8357], [-71.2263, 46.8357], [-71.2263, 46.8356], [-71.2263, 46.8355], [-71.2263, 46.8354], [-71.2263, 46.8353], [-71.2263, 46.8351], [-71.2263, 46.835], [-71.2264, 46.835], [-71.2265, 46.8349], [-71.2266, 46.8348], [-71.2267, 46.8348], [-71.2268, 46.8347], [-71.227, 46.8347], [-71.2271, 46.8347], [-71.2272, 46.8347], [-71.2272, 46.8346], [-71.2272, 46.8346], [-71.2272, 46.8345], [-71.2271, 46.8345], [-71.227, 46.8344], [-71.2268, 46.8344], [-71.2267, 46.8343], [-71.2266, 46.8342], [-71.2265, 46.8341], [-71.2264, 46.834], [-71.2264, 46.8339], [-71.2264, 46.8338], [-71.2264, 46.8336], [-71.2264, 46.8335], [-71.2264, 46.8333], [-71.2265, 46.8332], [-71.2266, 46.8331], [-71.2268, 46.833], [-71.227, 46.833], [-71.2272, 46.833], [-71.2274, 46.8329], [-71.2277, 46.833], [-71.2279, 46.8329], [-71.2281, 46.8329], [-71.2281, 46.8328], [-71.2282, 46.8327], [-71.2281, 46.8326], [-71.228, 46.8324], [-71.2279, 46.8322], [-71.2276, 46.832], [-71.2274, 46.8318], [-71.2273, 46.8316], [-71.2272, 46.8315], [-71.2271, 46.8313], [-71.2271, 46.8312], [-71.2271, 46.8311], [-71.2272, 46.831], [-71.2273, 46.8309], [-71.2274, 46.8308], [-71.2274, 46.8308], [-71.2274, 46.8307], [-71.2275, 46.8306], [-71.2275, 46.8305], [-71.2274, 46.8303], [-71.2274, 46.8302], [-71.2273, 46.8301], [-71.2273, 46.8299], [-71.2273, 46.8297], [-71.2273, 46.8294], [-71.2274, 46.829], [-71.2275, 46.8286], [-71.2276, 46.8281], [-71.2278, 46.8276], [-71.228, 46.827], [-71.2282, 46.8265], [-71.2283, 46.826], [-71.2285, 46.8257], [-71.2287, 46.8253], [-71.2288, 46.8251], [-71.2289, 46.8249], [-71.2291, 46.8247], [-71.2292, 46.8247], [-71.2293, 46.8246], [-71.2293, 46.8245], [-71.2294, 46.8244], [-71.2294, 46.8243], [-71.2294, 46.8243], [-71.2294, 46.8242], [-71.2294, 46.8241], [-71.2293, 46.824], [-71.2293, 46.8239], [-71.2293, 46.8238], [-71.2293, 46.8237], [-71.2294, 46.8237], [-71.2294, 46.8236], [-71.2295, 46.8235], [-71.2297, 46.8234], [-71.2298, 46.8234], [-71.2299, 46.8233], [-71.23, 46.8233], [-71.2301, 46.8232], [-71.2301, 46.8232], [-71.2301, 46.8231], [-71.23, 46.8231], [-71.23, 46.8231], [-71.2298, 46.8231], [-71.2297, 46.8231], [-71.2297, 46.823], [-71.2296, 46.823], [-71.2295, 46.8229], [-71.2295, 46.8228], [-71.2295, 46.8227], [-71.2295, 46.8226], [-71.2296, 46.8225], [-71.2296, 46.8224], [-71.2297, 46.8224], [-71.2298, 46.8223], [-71.2299, 46.8223], [-71.23, 46.8223], [-71.2302, 46.8224], [-71.2304, 46.8224], [-71.2306, 46.8225], [-71.2308, 46.8226], [-71.231, 46.8226], [-71.2311, 46.8227], [-71.2313, 46.8227], [-71.2314, 46.8227], [-71.2315, 46.8226], [-71.2316, 46.8226], [-71.2317, 46.8225], [-71.2318, 46.8225], [-71.2319, 46.8225], [-71.232, 46.8225], [-71.2321, 46.8225], [-71.2322, 46.8225], [-71.2324, 46.8225], [-71.2325, 46.8226], [-71.2327, 46.8226], [-71.2328, 46.8227], [-71.233, 46.8227], [-71.2331, 46.8227], [-71.2333, 46.8227], [-71.2335, 46.8227], [-71.2336, 46.8227], [-71.2338, 46.8227], [-71.234, 46.8226], [-71.2341, 46.8226], [-71.2342, 46.8226], [-71.2343, 46.8226], [-71.2344, 46.8226], [-71.2345, 46.8226], [-71.2346, 46.8226], [-71.2347, 46.8227], [-71.2347, 46.8227], [-71.2347, 46.8228], [-71.2347, 46.8228], [-71.2347, 46.8229], [-71.2347, 46.8229], [-71.2347, 46.823], [-71.2346, 46.823], [-71.2345, 46.8231], [-71.2345, 46.8231], [-71.2344, 46.8232], [-71.2344, 46.8232], [-71.2345, 46.8233], [-71.2345, 46.8233], [-71.2347, 46.8234], [-71.2348, 46.8235], [-71.235, 46.8235], [-71.2353, 46.8236], [-71.2355, 46.8237], [-71.2358, 46.8237], [-71.236, 46.8238], [-71.2363, 46.8238], [-71.2365, 46.8238], [-71.2368, 46.8238], [-71.237, 46.8238], [-71.2372, 46.8238], [-71.2375, 46.8237], [-71.2377, 46.8237], [-71.2379, 46.8236], [-71.2381, 46.8236], [-71.2383, 46.8235], [-71.2384, 46.8234], [-71.2386, 46.8233], [-71.2387, 46.8232], [-71.2389, 46.8231], [-71.239, 46.8231], [-71.2391, 46.823], [-71.2392, 46.8231], [-71.2394, 46.8231], [-71.2395, 46.8232], [-71.2396, 46.8233], [-71.2397, 46.8235], [-71.2398, 46.8236], [-71.2399, 46.8237], [-71.2401, 46.8237], [-71.2402, 46.8238], [-71.2404, 46.8238], [-71.2405, 46.8237], [-71.2407, 46.8236], [-71.2409, 46.8235], [-71.2411, 46.8235], [-71.2413, 46.8234], [-71.2414, 46.8234], [-71.2416, 46.8234], [-71.2417, 46.8234], [-71.2418, 46.8234], [-71.2419, 46.8235], [-71.242, 46.8236], [-71.2421, 46.8237], [-71.2422, 46.8237], [-71.2423, 46.8237], [-71.2424, 46.8237], [-71.2426, 46.8237], [-71.2427, 46.8237], [-71.2429, 46.8236], [-71.2431, 46.8235], [-71.2433, 46.8234], [-71.2434, 46.8233], [-71.2435, 46.8233], [-71.2436, 46.8233], [-71.2437, 46.8233], [-71.2438, 46.8233], [-71.2439, 46.8233], [-71.2439, 46.8234], [-71.2439, 46.8235], [-71.2439, 46.8235], [-71.2439, 46.8236], [-71.2439, 46.8237], [-71.2438, 46.8238], [-71.2437, 46.8239], [-71.2436, 46.8239], [-71.2435, 46.824], [-71.2434, 46.8241], [-71.2434, 46.8242], [-71.2434, 46.8243], [-71.2434, 46.8244], [-71.2435, 46.8245], [-71.2436, 46.8246], [-71.2438, 46.8248], [-71.244, 46.8249], [-71.2442, 46.8249], [-71.2443, 46.825], [-71.2444, 46.825], [-71.2445, 46.8249], [-71.2445, 46.8249], [-71.2445, 46.8248], [-71.2444, 46.8246], [-71.2443, 46.8244], [-71.2443, 46.8243], [-71.2442, 46.8242], [-71.2443, 46.8241], [-71.2443, 46.824], [-71.2444, 46.824], [-71.2446, 46.824], [-71.2448, 46.8241], [-71.245, 46.8241], [-71.2452, 46.8242], [-71.2455, 46.8242], [-71.2457, 46.8242], [-71.2459, 46.8242], [-71.246, 46.8241], [-71.2462, 46.8241], [-71.2464, 46.824], [-71.2465, 46.8238], [-71.2466, 46.8237], [-71.2468, 46.8237], [-71.2469, 46.8236], [-71.247, 46.8236], [-71.2471, 46.8236], [-71.2472, 46.8236], [-71.2473, 46.8237], [-71.2474, 46.8237], [-71.2474, 46.8238], [-71.2475, 46.8239], [-71.2475, 46.8239], [-71.2475, 46.824], [-71.2475, 46.8241], [-71.2475, 46.8242], [-71.2475, 46.8243], [-71.2475, 46.8244], [-71.2475, 46.8245], [-71.2475, 46.8245], [-71.2475, 46.8246], [-71.2476, 46.8247], [-71.2477, 46.8248], [-71.2479, 46.8248], [-71.248, 46.8249], [-71.2482, 46.825], [-71.2484, 46.825], [-71.2485, 46.8251], [-71.2486, 46.8252], [-71.2487, 46.8253], [-71.2487, 46.8253], [-71.2487, 46.8254], [-71.2487, 46.8255], [-71.2486, 46.8256], [-71.2486, 46.8257], [-71.2486, 46.8257], [-71.2486, 46.8258], [-71.2486, 46.8258], [-71.2487, 46.8259], [-71.2487, 46.8259], [-71.2488, 46.8259], [-71.2489, 46.8258], [-71.249, 46.8259], [-71.2491, 46.8259], [-71.2492, 46.8261], [-71.2493, 46.8262], [-71.2494, 46.8264], [-71.2494, 46.8267], [-71.2495, 46.827]]]}}, {"type": "Feature", "properties": {"couche": "voile", "station": "18e Rue", "minutes": 15}, "geometry": {"type": "Polygon", "coordinates": [[[-71.4088, 46.945], [-71.0702, 46.9472], [-71.0677, 46.7153], [-71.4049, 46.7131], [-71.4088, 46.945]], [[-71.2494, 46.8267], [-71.2494, 46.8264], [-71.2493, 46.8262], [-71.2492, 46.8261], [-71.2491, 46.8259], [-71.249, 46.8259], [-71.2489, 46.8258], [-71.2488, 46.8259], [-71.2487, 46.8259], [-71.2486, 46.8258], [-71.2486, 46.8257], [-71.2486, 46.8256], [-71.2487, 46.8255], [-71.2487, 46.8254], [-71.2487, 46.8253], [-71.2486, 46.8252], [-71.2485, 46.8251], [-71.2484, 46.825], [-71.2482, 46.825], [-71.248, 46.8249], [-71.2479, 46.8248], [-71.2477, 46.8248], [-71.2476, 46.8247], [-71.2475, 46.8246], [-71.2475, 46.8245], [-71.2475, 46.8244], [-71.2475, 46.8243], [-71.2475, 46.8242], [-71.2475, 46.8241], [-71.2475, 46.824], [-71.2475, 46.8239], [-71.2474, 46.8238], [-71.2474, 46.8237], [-71.2473, 46.8237], [-71.2472, 46.8236], [-71.2471, 46.8236], [-71.247, 46.8236], [-71.2469, 46.8236], [-71.2468, 46.8237], [-71.2466, 46.8237], [-71.2465, 46.8238], [-71.2464, 46.824], [-71.2462, 46.8241], [-71.246, 46.8241], [-71.2459, 46.8242], [-71.2457, 46.8242], [-71.2455, 46.8242], [-71.2452, 46.8242], [-71.245, 46.8241], [-71.2448, 46.8241], [-71.2446, 46.824], [-71.2444, 46.824], [-71.2443, 46.824], [-71.2443, 46.8241], [-71.2442, 46.8242], [-71.2443, 46.8243], [-71.2443, 46.8244], [-71.2444, 46.8246], [-71.2445, 46.8248], [-71.2445, 46.8249], [-71.2444, 46.825], [-71.2443, 46.825], [-71.2442, 46.8249], [-71.244, 46.8249], [-71.2438, 46.8248], [-71.2436, 46.8246], [-71.2435, 46.8245], [-71.2434, 46.8244], [-71.2434, 46.8243], [-71.2434, 46.8242], [-71.2434, 46.8241], [-71.2435, 46.824], [-71.2436, 46.8239], [-71.2437, 46.8239], [-71.2438, 46.8238], [-71.2439, 46.8237], [-71.2439, 46.8236], [-71.2439, 46.8235], [-71.2439, 46.8234], [-71.2439, 46.8233], [-71.2438, 46.8233], [-71.2437, 46.8233], [-71.2436, 46.8233], [-71.2435, 46.8233], [-71.2434, 46.8233], [-71.2433, 46.8234], [-71.2431, 46.8235], [-71.2429, 46.8236], [-71.2427, 46.8237], [-71.2426, 46.8237], [-71.2424, 46.8237], [-71.2423, 46.8237], [-71.2422, 46.8237], [-71.2421, 46.8237], [-71.242, 46.8236], [-71.2419, 46.8235], [-71.2418, 46.8234], [-71.2417, 46.8234], [-71.2416, 46.8234], [-71.2414, 46.8234], [-71.2413, 46.8234], [-71.2411, 46.8235], [-71.2409, 46.8235], [-71.2407, 46.8236], [-71.2405, 46.8237], [-71.2404, 46.8238], [-71.2402, 46.8238], [-71.2401, 46.8237], [-71.2399, 46.8237], [-71.2398, 46.8236], [-71.2397, 46.8235], [-71.2396, 46.8233], [-71.2395, 46.8232], [-71.2394, 46.8231], [-71.2392, 46.8231], [-71.2391, 46.823], [-71.239, 46.8231], [-71.2389, 46.8231], [-71.2387, 46.8232], [-71.2386, 46.8233], [-71.2384, 46.8234], [-71.2383, 46.8235], [-71.2381, 46.8236], [-71.2379, 46.8236], [-71.2377, 46.8237], [-71.2375, 46.8237], [-71.2372, 46.8238], [-71.237, 46.8238], [-71.2368, 46.8238], [-71.2365, 46.8238], [-71.2363, 46.8238], [-71.236, 46.8238], [-71.2358, 46.8237], [-71.2355, 46.8237], [-71.2353, 46.8236], [-71.235, 46.8235], [-71.2348, 46.8235], [-71.2347, 46.8234], [-71.2345, 46.8233], [-71.2344, 46.8232], [-71.2345, 46.8231], [-71.2346, 46.823], [-71.2347, 46.823], [-71.2347, 46.8229], [-71.2347, 46.8228], [-71.2347, 46.8227], [-71.2346, 46.8226], [-71.2345, 46.8226], [-71.2344, 46.8226], [-71.2343, 46.8226], [-71.2342, 46.8226], [-71.2341, 46.8226], [-71.234, 46.8226], [-71.2338, 46.8227], [-71.2336, 46.8227], [-71.2335, 46.8227], [-71.2333, 46.8227], [-71.2331, 46.8227], [-71.233, 46.8227], [-71.2328, 46.8227], [-71.2327, 46.8226], [-71.2325, 46.8226], [-71.2324, 46.8225], [-71.2322, 46.8225], [-71.2321, 46.8225], [-71.232, 46.8225], [-71.2319, 46.8225], [-71.2318, 46.8225], [-71.2317, 46.8225], [-71.2316, 46.8226], [-71.2315, 46.8226], [-71.2314, 46.8227], [-71.2313, 46.8227], [-71.2311, 46.8227], [-71.231, 46.8226], [-71.2308, 46.8226], [-71.2306, 46.8225], [-71.2304, 46.8224], [-71.2302, 46.8224], [-71.23, 46.8223], [-71.2299, 46.8223], [-71.2298, 46.8223], [-71.2297, 46.8224], [-71.2296, 46.8224], [-71.2296, 46.8225], [-71.2295, 46.8226], [-71.2295, 46.8227], [-71.2295, 46.8228], [-71.2295, 46.8229], [-71.2296, 46.823], [-71.2297, 46.823], [-71.2297, 46.8231], [-71.2298, 46.8231], [-71.23, 46.8231], [-71.2301, 46.8231], [-71.2301, 46.8232], [-71.23, 46.8233], [-71.2299, 46.8233], [-71.2298, 46.8234], [-71.2297, 46.8234], [-71.2295, 46.8235], [-71.2294, 46.8236], [-71.2294, 46.8237], [-71.2293, 46.8237], [-71.2293, 46.8238], [-71.2293, 46.8239], [-71.2293, 46.824], [-71.2294, 46.8241], [-71.2294, 46.8242], [-71.2294, 46.8243], [-71.2294, 46.8244], [-71.2293, 46.8245], [-71.2293, 46.8246], [-71.2292, 46.8247], [-71.2291, 46.8247], [-71.2289, 46.8249], [-71.2288, 46.8251], [-71.2287, 46.8253], [-71.2285, 46.8257], [-71.2283, 46.826], [-71.2282, 46.8265], [-71.228, 46.827], [-71.2278, 46.8276], [-71.2276, 46.8281], [-71.2275, 46.8286], [-71.2274, 46.829], [-71.2273, 46.8294], [-71.2273, 46.8297], [-71.2273, 46.8299], [-71.2273, 46.8301], [-71.2274, 46.8302], [-71.2274, 46.8303], [-71.2275, 46.8305], [-71.2275, 46.8306], [-71.2274, 46.8307], [-71.2274, 46.8308], [-71.2273, 46.8309], [-71.2272, 46.831], [-71.2271, 46.8311], [-71.2271, 46.8312], [-71.2271, 46.8313], [-71.2272, 46.8315], [-71.2273, 46.8316], [-71.2274, 46.8318], [-71.2276, 46.832], [-71.2279, 46.8322], [-71.228, 46.8324], [-71.2281, 46.8326], [-71.2282, 46.8327], [-71.2281, 46.8328], [-71.2281, 46.8329], [-71.2279, 46.8329], [-71.2277, 46.833], [-71.2274, 46.8329], [-71.2272, 46.833], [-71.227, 46.833], [-71.2268, 46.833], [-71.2266, 46.8331], [-71.2265, 46.8332], [-71.2264, 46.8333], [-71.2264, 46.8335], [-71.2264, 46.8336], [-71.2264, 46.8338], [-71.2264, 46.8339], [-71.2264, 46.834], [-71.2265, 46.8341], [-71.2266, 46.8342], [-71.2267, 46.8343], [-71.2268, 46.8344], [-71.227, 46.8344], [-71.2271, 46.8345], [-71.2272, 46.8345], [-71.2272, 46.8346], [-71.2272, 46.8347], [-71.2271, 46.8347], [-71.227, 46.8347], [-71.2268, 46.8347], [-71.2267, 46.8348], [-71.2266, 46.8348], [-71.2265, 46.8349], [-71.2264, 46.835], [-71.2263, 46.835], [-71.2263, 46.8351], [-71.2263, 46.8353], [-71.2263, 46.8354], [-71.2263, 46.8355], [-71.2263, 46.8356], [-71.2263, 46.8357], [-71.2264, 46.8357], [-71.2264, 46.8358], [-71.2265, 46.8358], [-71.2266, 46.8359], [-71.2267, 46.8359], [-71.2268, 46.8359], [-71.227, 46.8359], [-71.2271, 46.8359], [-71.2272, 46.8359], [-71.2273, 46.8358], [-71.2275, 46.8358], [-71.2276, 46.8357], [-71.2278, 46.8356], [-71.2279, 46.8356], [-71.228, 46.8355], [-71.2282, 46.8355], [-71.2283, 46.8355], [-71.2285, 46.8356], [-71.2286, 46.8356], [-71.2287, 46.8357], [-71.2289, 46.8358], [-71.229, 46.8359], [-71.2291, 46.836], [-71.2292, 46.8361], [-71.2293, 46.8361], [-71.2294, 46.8361], [-71.2295, 46.8361], [-71.2296, 46.8361], [-71.2296, 46.836], [-71.2297, 46.836], [-71.2297, 46.8359], [-71.2297, 46.8358], [-71.2297, 46.8357], [-71.2296, 46.8356], [-71.2295, 46.8355], [-71.2296, 46.8355], [-71.2297, 46.8355], [-71.2298, 46.8356], [-71.2299, 46.8357], [-71.2301, 46.8358], [-71.2302, 46.8358], [-71.2304, 46.8359], [-71.2305, 46.8359], [-71.2306, 46.8359], [-71.2307, 46.8359], [-71.2308, 46.8358], [-71.2308, 46.8357], [-71.2308, 46.8356], [-71.2309, 46.8356], [-71.231, 46.8355], [-71.2311, 46.8355], [-71.2312, 46.8354], [-71.2313, 46.8354], [-71.2314, 46.8353], [-71.2316, 46.8353], [-71.2317, 46.8353], [-71.2319, 46.8354], [-71.232, 46.8355], [-71.2321, 46.8356], [-71.2321, 46.8357], [-71.2321, 46.8358], [-71.2321, 46.836], [-71.2321, 46.8362], [-71.2322, 46.8363], [-71.2322, 46.8364], [-71.2323, 46.8365], [-71.2324, 46.8365], [-71.2326, 46.8365], [-71.2327, 46.8365], [-71.2328, 46.8364], [-71.2329, 46.8364], [-71.2331, 46.8364], [-71.2332, 46.8365], [-71.2333, 46.8365], [-71.2334, 46.8365], [-71.2335, 46.8366], [-71.2336, 46.8366], [-71.2337, 46.8367], [-71.2338, 46.8367], [-71.234, 46.8367], [-71.2341, 46.8367], [-71.2343, 46.8366], [-71.2344, 46.8366], [-71.2346, 46.8365], [-71.2348, 46.8364], [-71.235, 46.8364], [-71.2351, 46.8364], [-71.2352, 46.8363], [-71.2353, 46.8363], [-71.2353, 46.8364], [-71.2353, 46.8365], [-71.2353, 46.8366], [-71.2353, 46.8367], [-71.2354, 46.8368], [-71.2355, 46.8369], [-71.2357, 46.837], [-71.2359, 46.8371], [-71.2361, 46.8371], [-71.2364, 46.8372], [-71.2368, 46.8373], [-71.2371, 46.8373], [-71.2375, 46.8373], [-71.238, 46.8372], [-71.2384, 46.8371], [-71.2389, 46.837], [-71.2394, 46.8368], [-71.2399, 46.8366], [-71.2404, 46.8363], [-71.2409, 46.8361], [-71.2412, 46.836], [-71.2414, 46.8359], [-71.2415, 46.8359], [-71.2414, 46.836], [-71.2413, 46.8361], [-71.2411, 46.8363], [-71.2407, 46.8365], [-71.2404, 46.8367], [-71.2402, 46.8369], [-71.2401, 46.8371], [-71.24, 46.8373], [-71.24, 46.8374], [-71.2401, 46.8375], [-71.2402, 46.8376], [-71.2405, 46.8376], [-71.2407, 46.8377], [-71.2409, 46.8377], [-71.2411, 46.8377], [-71.2414, 46.8377], [-71.2416, 46.8376], [-71.2418, 46.8376], [-71.242, 46.8375], [-71.2422, 46.8374], [-71.2424, 46.8373], [-71.2426, 46.8373], [-71.2427, 46.8373], [-71.2428, 46.8373], [-71.2428, 46.8374], [-71.2427, 46.8375], [-71.2426, 46.8376], [-71.2426, 46.8377], [-71.2426, 46.8378], [-71.2427, 46.8379], [-71.2429, 46.8379], [-71.2431, 46.838], [-71.2433, 46.8381], [-71.2437, 46.8381], [-71.244, 46.8382], [-71.2444, 46.8382], [-71.2447, 46.8382], [-71.245, 46.8381], [-71.2453, 46.8379], [-71.2455, 46.8377], [-71.2457, 46.8375], [-71.2459, 46.8372], [-71.246, 46.8368], [-71.2462, 46.8365], [-71.2463, 46.8362], [-71.2463, 46.836], [-71.2464, 46.8358], [-71.2464, 46.8356], [-71.2464, 46.8355], [-71.2463, 46.8354], [-71.2463, 46.8353], [-71.2462, 46.8353], [-71.2462, 46.8352], [-71.2462, 46.8351], [-71.2463, 46.8351], [-71.2463, 46.835], [-71.2464, 46.8349], [-71.2465, 46.8349], [-71.2466, 46.8348], [-71.2467, 46.8347], [-71.2467, 46.8346], [-71.2467, 46.8345], [-71.2466, 46.8344], [-71.2466, 46.8343], [-71.2466, 46.8342], [-71.2467, 46.8342], [-71.2467, 46.8341], [-71.2468, 46.8341], [-71.247, 46.8341], [-71.247, 46.834], [-71.2471, 46.8339], [-71.2472, 46.8339], [-71.2472, 46.8338], [-71.2472, 46.8337], [-71.2471, 46.8336], [-71.247, 46.8334], [-71.2469, 46.8333], [-71.2469, 46.8331], [-71.2469, 46.833], [-71.247, 46.8329], [-71.2471, 46.8327], [-71.2472, 46.8326], [-71.2474, 46.8324], [-71.2477, 46.8322], [-71.248, 46.8321], [-71.2482, 46.8319], [-71.2485, 46.8318], [-71.2487, 46.8316], [-71.2488, 46.8315], [-71.2489, 46.8313], [-71.249, 46.8312], [-71.249, 46.831], [-71.249, 46.8309], [-71.249, 46.8308], [-71.2489, 46.8306], [-71.2488, 46.8305], [-71.2486, 46.8304], [-71.2485, 46.8302], [-71.2483, 46.8301], [-71.248, 46.83], [-71.2478, 46.8299], [-71.2476, 46.8298], [-71.2474, 46.8297], [-71.2472, 46.8296], [-71.2472, 46.8295], [-71.2471, 46.8295], [-71.2471, 46.8294], [-71.2472, 46.8294], [-71.2473, 46.8294], [-71.2473, 46.8293], [-71.2474, 46.8293], [-71.2475, 46.8293], [-71.2475, 46.8292], [-71.2476, 46.8292], [-71.2476, 46.8291], [-71.2476, 46.829], [-71.2477, 46.8289], [-71.2478, 46.8288], [-71.2479, 46.8288], [-71.2481, 46.8287], [-71.2483, 46.8287], [-71.2485, 46.8287], [-71.2487, 46.8287], [-71.2489, 46.8286], [-71.2491, 46.8285], [-71.2493, 46.8284], [-71.2494, 46.8282], [-71.2494, 46.8279], [-71.2495, 46.8277], [-71.2495, 46.8274], [-71.2495, 46.827], [-71.2494, 46.8267]]]}}]}