{"type": "FeatureCollection", "metadata": {"script": "scripts/analysis/tramway-isochrones.py", "genere_le": "2026-10-05", "source": "OpenStreetMap (ODbL) ; Statistique Canada, Recensement 2021", "attribution": "© les contributeurs d'OpenStreetMap", "titre": "Aires de marche et voiles — 9e Rue", "paliers_min": [2, 3, 4, 5, 6, 7, 8, 9, 10, 11, 12, 13, 14, 15], "vitesse_kmh": 4.2, "methode": "Dijkstra sur le réseau marchable d'OpenStreetMap à 4.2 km/h ; couloir de 40 m autour des rues atteintes. Chaque voile est le complément de l'aire du même palier. Population par pondération de surface des aires de diffusion.", "trous": "comblés — intérieurs de grands îlots, pas des zones inaccessibles", "modes": "Mode de transport domicile–travail, recensement 2021 (mai 2021, en pleine pandémie), données-échantillon 25 %, réparti par pondération de surface."}, "features": [{"type": "Feature", "properties": {"couche": "aire_marche", "station": "9e Rue", "ordre": 24, "minutes": 2, "superficie_ha": 5.5, "rue_km": 1.27, "disque_ha": 6.2, "part_disque_pct": 89, "accroche_m": 2, "population": 473, "navetteurs": 149, "mode_auto_pct": 55, "mode_tc_pct": 15, "mode_actif_pct": 28, "mode_autre_pct": 2}, "geometry": {"type": "Polygon", "coordinates": [[[-71.2337, 46.8257], [-71.2336, 46.8257], [-71.2335, 46.8258], [-71.2334, 46.8258], [-71.2332, 46.8258], [-71.233, 46.8258], [-71.2327, 46.8258], [-71.2325, 46.8257], [-71.2321, 46.8257], [-71.2318, 46.8256], [-71.2315, 46.8255], [-71.2312, 46.8254], [-71.231, 46.8252], [-71.2309, 46.8251], [-71.2308, 46.8249], [-71.2308, 46.8246], [-71.2308, 46.8244], [-71.2309, 46.8241], [-71.231, 46.8239], [-71.2311, 46.8237], [-71.2312, 46.8235], [-71.2313, 46.8234], [-71.2315, 46.8233], [-71.2317, 46.8232], [-71.2319, 46.8232], [-71.2321, 46.8232], [-71.2322, 46.8232], [-71.2324, 46.8232], [-71.2326, 46.8233], [-71.2328, 46.8233], [-71.233, 46.8234], [-71.2332, 46.8235], [-71.2334, 46.8236], [-71.2336, 46.8237], [-71.2338, 46.8238], [-71.2339, 46.8239], [-71.234, 46.824], [-71.2341, 46.8241], [-71.2341, 46.8242], [-71.234, 46.8243], [-71.2339, 46.8244], [-71.2338, 46.8245], [-71.2337, 46.8246], [-71.2337, 46.8247], [-71.2336, 46.8248], [-71.2336, 46.8249], [-71.2336, 46.825], [-71.2336, 46.8251], [-71.2337, 46.8251], [-71.2337, 46.8252], [-71.2338, 46.8253], [-71.2338, 46.8254], [-71.2338, 46.8254], [-71.2338, 46.8255], [-71.2338, 46.8256], [-71.2338, 46.8256], [-71.2337, 46.8257]]]}}, {"type": "Feature", "properties": {"couche": "voile", "station": "9e Rue", "minutes": 2}, "geometry": {"type": "Polygon", "coordinates": [[[-71.3932, 46.9326], [-71.0747, 46.9347], [-71.0724, 46.7162], [-71.3896, 46.7141], [-71.3932, 46.9326]], [[-71.2338, 46.8256], [-71.2338, 46.8255], [-71.2338, 46.8254], [-71.2338, 46.8253], [-71.2337, 46.8252], [-71.2337, 46.8251], [-71.2336, 46.8251], [-71.2336, 46.825], [-71.2336, 46.8249], [-71.2336, 46.8248], [-71.2337, 46.8247], [-71.2337, 46.8246], [-71.2338, 46.8245], [-71.2339, 46.8244], [-71.234, 46.8243], [-71.2341, 46.8242], [-71.2341, 46.8241], [-71.234, 46.824], [-71.2339, 46.8239], [-71.2338, 46.8238], [-71.2336, 46.8237], [-71.2334, 46.8236], [-71.2332, 46.8235], [-71.233, 46.8234], [-71.2328, 46.8233], [-71.2326, 46.8233], [-71.2324, 46.8232], [-71.2322, 46.8232], [-71.2321, 46.8232], [-71.2319, 46.8232], [-71.2317, 46.8232], [-71.2315, 46.8233], [-71.2313, 46.8234], [-71.2312, 46.8235], [-71.2311, 46.8237], [-71.231, 46.8239], [-71.2309, 46.8241], [-71.2308, 46.8244], [-71.2308, 46.8246], [-71.2308, 46.8249], [-71.2309, 46.8251], [-71.231, 46.8252], [-71.2312, 46.8254], [-71.2315, 46.8255], [-71.2318, 46.8256], [-71.2321, 46.8257], [-71.2325, 46.8257], [-71.2327, 46.8258], [-71.233, 46.8258], [-71.2332, 46.8258], [-71.2334, 46.8258], [-71.2335, 46.8258], [-71.2336, 46.8257], [-71.2337, 46.8257], [-71.2338, 46.8256]]]}}, {"type": "Feature", "properties": {"couche": "aire_marche", "station": "9e Rue", "ordre": 24, "minutes": 3, "superficie_ha": 10.1, "rue_km": 2.59, "disque_ha": 13.9, "part_disque_pct": 73, "accroche_m": 2, "population": 905, "navetteurs": 293, "mode_auto_pct": 55, "mode_tc_pct": 14, "mode_actif_pct": 29, "mode_autre_pct": 2}, "geometry": {"type": "Polygon", "coordinates": [[[-71.2344, 46.8255], [-71.2343, 46.8257], [-71.2342, 46.8259], [-71.234, 46.826], [-71.2337, 46.8261], [-71.2334, 46.8262], [-71.233, 46.8262], [-71.2326, 46.8262], [-71.2321, 46.8261], [-71.2316, 46.826], [-71.2312, 46.8259], [-71.2308, 46.8258], [-71.2305, 46.8257], [-71.2302, 46.8255], [-71.2301, 46.8254], [-71.23, 46.8252], [-71.2299, 46.825], [-71.23, 46.8248], [-71.23, 46.8246], [-71.23, 46.8244], [-71.2301, 46.8243], [-71.2301, 46.8242], [-71.2302, 46.8241], [-71.2303, 46.824], [-71.2303, 46.8239], [-71.2304, 46.8239], [-71.2305, 46.8239], [-71.2305, 46.8238], [-71.2306, 46.8237], [-71.2306, 46.8236], [-71.2306, 46.8236], [-71.2306, 46.8235], [-71.2306, 46.8233], [-71.2305, 46.8232], [-71.2305, 46.8231], [-71.2306, 46.823], [-71.2306, 46.823], [-71.2307, 46.8229], [-71.2308, 46.8229], [-71.231, 46.823], [-71.2311, 46.823], [-71.2313, 46.8231], [-71.2315, 46.8231], [-71.2317, 46.8232], [-71.2319, 46.8232], [-71.232, 46.8232], [-71.2321, 46.8232], [-71.2322, 46.8232], [-71.2323, 46.8231], [-71.2324, 46.8231], [-71.2325, 46.823], [-71.2325, 46.823], [-71.2326, 46.8229], [-71.2327, 46.8229], [-71.2328, 46.8229], [-71.233, 46.8229], [-71.2331, 46.8229], [-71.2332, 46.8229], [-71.2333, 46.8229], [-71.2335, 46.823], [-71.2336, 46.8231], [-71.2337, 46.8231], [-71.2339, 46.8232], [-71.234, 46.8233], [-71.2341, 46.8235], [-71.2343, 46.8236], [-71.2343, 46.8238], [-71.2344, 46.8239], [-71.2344, 46.824], [-71.2344, 46.8241], [-71.2344, 46.8243], [-71.2343, 46.8244], [-71.2342, 46.8245], [-71.234, 46.8245], [-71.2339, 46.8246], [-71.2338, 46.8247], [-71.2338, 46.8247], [-71.2338, 46.8248], [-71.2338, 46.8248], [-71.2339, 46.8248], [-71.234, 46.8248], [-71.2342, 46.8248], [-71.2343, 46.8248], [-71.2344, 46.8249], [-71.2345, 46.8249], [-71.2345, 46.825], [-71.2345, 46.8252], [-71.2345, 46.8253], [-71.2344, 46.8255]]]}}, {"type": "Feature", "properties": {"couche": "voile", "station": "9e Rue", "minutes": 3}, "geometry": {"type": "Polygon", "coordinates": [[[-71.3936, 46.933], [-71.0738, 46.9351], [-71.0715, 46.7158], [-71.39, 46.7138], [-71.3936, 46.933]], [[-71.2345, 46.8253], [-71.2345, 46.8252], [-71.2345, 46.825], [-71.2345, 46.8249], [-71.2344, 46.8249], [-71.2343, 46.8248], [-71.2342, 46.8248], [-71.234, 46.8248], [-71.2339, 46.8248], [-71.2338, 46.8248], [-71.2338, 46.8247], [-71.2339, 46.8246], [-71.234, 46.8245], [-71.2342, 46.8245], [-71.2343, 46.8244], [-71.2344, 46.8243], [-71.2344, 46.8241], [-71.2344, 46.824], [-71.2344, 46.8239], [-71.2343, 46.8238], [-71.2343, 46.8236], [-71.2341, 46.8235], [-71.234, 46.8233], [-71.2339, 46.8232], [-71.2337, 46.8231], [-71.2336, 46.8231], [-71.2335, 46.823], [-71.2333, 46.8229], [-71.2332, 46.8229], [-71.2331, 46.8229], [-71.233, 46.8229], [-71.2328, 46.8229], [-71.2327, 46.8229], [-71.2326, 46.8229], [-71.2325, 46.823], [-71.2324, 46.8231], [-71.2323, 46.8231], [-71.2322, 46.8232], [-71.2321, 46.8232], [-71.232, 46.8232], [-71.2319, 46.8232], [-71.2317, 46.8232], [-71.2315, 46.8231], [-71.2313, 46.8231], [-71.2311, 46.823], [-71.231, 46.823], [-71.2308, 46.8229], [-71.2307, 46.8229], [-71.2306, 46.823], [-71.2305, 46.8231], [-71.2305, 46.8232], [-71.2306, 46.8233], [-71.2306, 46.8235], [-71.2306, 46.8236], [-71.2306, 46.8237], [-71.2305, 46.8238], [-71.2305, 46.8239], [-71.2304, 46.8239], [-71.2303, 46.8239], [-71.2303, 46.824], [-71.2302, 46.8241], [-71.2301, 46.8242], [-71.2301, 46.8243], [-71.23, 46.8244], [-71.23, 46.8246], [-71.23, 46.8248], [-71.2299, 46.825], [-71.23, 46.8252], [-71.2301, 46.8254], [-71.2302, 46.8255], [-71.2305, 46.8257], [-71.2308, 46.8258], [-71.2312, 46.8259], [-71.2316, 46.826], [-71.2321, 46.8261], [-71.2326, 46.8262], [-71.233, 46.8262], [-71.2334, 46.8262], [-71.2337, 46.8261], [-71.234, 46.826], [-71.2342, 46.8259], [-71.2343, 46.8257], [-71.2344, 46.8255], [-71.2345, 46.8253]]]}}, {"type": "Feature", "properties": {"couche": "aire_marche", "station": "9e Rue", "ordre": 24, "minutes": 4, "superficie_ha": 17.2, "rue_km": 4.76, "disque_ha": 24.6, "part_disque_pct": 70, "accroche_m": 2, "population": 1567, "navetteurs": 524, "mode_auto_pct": 55, "mode_tc_pct": 14, "mode_actif_pct": 30, "mode_autre_pct": 1}, "geometry": {"type": "Polygon", "coordinates": [[[-71.2353, 46.826], [-71.2351, 46.8262], [-71.2349, 46.8264], [-71.2346, 46.8265], [-71.2342, 46.8266], [-71.2338, 46.8267], [-71.2333, 46.8267], [-71.2328, 46.8267], [-71.2322, 46.8266], [-71.2315, 46.8265], [-71.2309, 46.8264], [-71.2304, 46.8262], [-71.23, 46.826], [-71.2297, 46.8258], [-71.2294, 46.8256], [-71.2293, 46.8253], [-71.2292, 46.825], [-71.2293, 46.8247], [-71.2294, 46.8245], [-71.2294, 46.8242], [-71.2295, 46.824], [-71.2296, 46.8238], [-71.2297, 46.8237], [-71.2298, 46.8235], [-71.2299, 46.8234], [-71.23, 46.8234], [-71.2301, 46.8233], [-71.2301, 46.8232], [-71.2302, 46.8232], [-71.2302, 46.8231], [-71.2302, 46.823], [-71.2301, 46.8229], [-71.2301, 46.8228], [-71.23, 46.8227], [-71.2299, 46.8226], [-71.2299, 46.8226], [-71.23, 46.8225], [-71.2301, 46.8225], [-71.2302, 46.8225], [-71.2303, 46.8226], [-71.2305, 46.8226], [-71.2308, 46.8227], [-71.231, 46.8228], [-71.2312, 46.8228], [-71.2313, 46.8228], [-71.2315, 46.8228], [-71.2316, 46.8228], [-71.2317, 46.8228], [-71.2318, 46.8227], [-71.2319, 46.8227], [-71.232, 46.8226], [-71.2321, 46.8226], [-71.2322, 46.8226], [-71.2323, 46.8226], [-71.2324, 46.8226], [-71.2325, 46.8226], [-71.2326, 46.8226], [-71.2328, 46.8227], [-71.2329, 46.8227], [-71.233, 46.8227], [-71.2332, 46.8228], [-71.2333, 46.8228], [-71.2334, 46.8228], [-71.2336, 46.8228], [-71.2337, 46.8227], [-71.2339, 46.8227], [-71.234, 46.8227], [-71.2341, 46.8227], [-71.2342, 46.8227], [-71.2342, 46.8227], [-71.2343, 46.8228], [-71.2343, 46.8228], [-71.2343, 46.8229], [-71.2343, 46.823], [-71.2343, 46.8231], [-71.2343, 46.8232], [-71.2343, 46.8232], [-71.2344, 46.8233], [-71.2345, 46.8234], [-71.2346, 46.8235], [-71.2347, 46.8236], [-71.2349, 46.8237], [-71.235, 46.8238], [-71.2351, 46.8239], [-71.2351, 46.824], [-71.235, 46.8241], [-71.2349, 46.8242], [-71.2348, 46.8243], [-71.2346, 46.8244], [-71.2343, 46.8245], [-71.2341, 46.8246], [-71.234, 46.8247], [-71.2339, 46.8247], [-71.234, 46.8247], [-71.234, 46.8248], [-71.2342, 46.8248], [-71.2343, 46.8247], [-71.2346, 46.8247], [-71.2348, 46.8247], [-71.235, 46.8247], [-71.2352, 46.8247], [-71.2354, 46.8247], [-71.2355, 46.8247], [-71.2356, 46.8248], [-71.2357, 46.8248], [-71.2357, 46.8249], [-71.2357, 46.825], [-71.2357, 46.8251], [-71.2357, 46.8253], [-71.2356, 46.8254], [-71.2355, 46.8256], [-71.2354, 46.8257], [-71.2353, 46.826]]]}}, {"type": "Feature", "properties": {"couche": "voile", "station": "9e Rue", "minutes": 4}, "geometry": {"type": "Polygon", "coordinates": [[[-71.3948, 46.9335], [-71.0731, 46.9356], [-71.0708, 46.7154], [-71.3911, 46.7134], [-71.3948, 46.9335]], [[-71.2341, 46.8246], [-71.2343, 46.8245], [-71.2346, 46.8244], [-71.2348, 46.8243], [-71.2349, 46.8242], [-71.235, 46.8241], [-71.2351, 46.824], [-71.2351, 46.8239], [-71.235, 46.8238], [-71.2349, 46.8237], [-71.2347, 46.8236], [-71.2346, 46.8235], [-71.2345, 46.8234], [-71.2344, 46.8233], [-71.2343, 46.8232], [-71.2343, 46.8231], [-71.2343, 46.823], [-71.2343, 46.8229], [-71.2343, 46.8228], [-71.2342, 46.8227], [-71.2341, 46.8227], [-71.234, 46.8227], [-71.2339, 46.8227], [-71.2337, 46.8227], [-71.2336, 46.8228], [-71.2334, 46.8228], [-71.2333, 46.8228], [-71.2332, 46.8228], [-71.233, 46.8227], [-71.2329, 46.8227], [-71.2328, 46.8227], [-71.2326, 46.8226], [-71.2325, 46.8226], [-71.2324, 46.8226], [-71.2323, 46.8226], [-71.2322, 46.8226], [-71.2321, 46.8226], [-71.232, 46.8226], [-71.2319, 46.8227], [-71.2318, 46.8227], [-71.2317, 46.8228], [-71.2316, 46.8228], [-71.2315, 46.8228], [-71.2313, 46.8228], [-71.2312, 46.8228], [-71.231, 46.8228], [-71.2308, 46.8227], [-71.2305, 46.8226], [-71.2303, 46.8226], [-71.2302, 46.8225], [-71.2301, 46.8225], [-71.23, 46.8225], [-71.2299, 46.8226], [-71.23, 46.8227], [-71.2301, 46.8228], [-71.2301, 46.8229], [-71.2302, 46.823], [-71.2302, 46.8231], [-71.2302, 46.8232], [-71.2301, 46.8232], [-71.2301, 46.8233], [-71.23, 46.8234], [-71.2299, 46.8234], [-71.2298, 46.8235], [-71.2297, 46.8237], [-71.2296, 46.8238], [-71.2295, 46.824], [-71.2294, 46.8242], [-71.2294, 46.8245], [-71.2293, 46.8247], [-71.2292, 46.825], [-71.2293, 46.8253], [-71.2294, 46.8256], [-71.2297, 46.8258], [-71.23, 46.826], [-71.2304, 46.8262], [-71.2309, 46.8264], [-71.2315, 46.8265], [-71.2322, 46.8266], [-71.2328, 46.8267], [-71.2333, 46.8267], [-71.2338, 46.8267], [-71.2342, 46.8266], [-71.2346, 46.8265], [-71.2349, 46.8264], [-71.2351, 46.8262], [-71.2353, 46.826], [-71.2354, 46.8257], [-71.2355, 46.8256], [-71.2356, 46.8254], [-71.2357, 46.8253], [-71.2357, 46.8251], [-71.2357, 46.825], [-71.2357, 46.8249], [-71.2357, 46.8248], [-71.2356, 46.8248], [-71.2355, 46.8247], [-71.2354, 46.8247], [-71.2352, 46.8247], [-71.235, 46.8247], [-71.2348, 46.8247], [-71.2346, 46.8247], [-71.2343, 46.8247], [-71.2342, 46.8248], [-71.234, 46.8248], [-71.234, 46.8247], [-71.2341, 46.8246]]]}}, {"type": "Feature", "properties": {"couche": "aire_marche", "station": "9e Rue", "ordre": 24, "minutes": 5, "superficie_ha": 26.9, "rue_km": 7.58, "disque_ha": 38.5, "part_disque_pct": 70, "accroche_m": 2, "population": 2346, "navetteurs": 801, "mode_auto_pct": 53, "mode_tc_pct": 15, "mode_actif_pct": 31, "mode_autre_pct": 1}, "geometry": {"type": "Polygon", "coordinates": [[[-71.236, 46.8261], [-71.2358, 46.8264], [-71.2355, 46.8267], [-71.2351, 46.8269], [-71.2347, 46.827], [-71.2341, 46.8271], [-71.2335, 46.8271], [-71.2329, 46.8271], [-71.2321, 46.827], [-71.2313, 46.8269], [-71.2305, 46.8268], [-71.2299, 46.8266], [-71.2294, 46.8265], [-71.229, 46.8263], [-71.2287, 46.8261], [-71.2285, 46.8259], [-71.2284, 46.8257], [-71.2284, 46.8255], [-71.2285, 46.8253], [-71.2285, 46.8251], [-71.2286, 46.825], [-71.2287, 46.8249], [-71.2288, 46.8247], [-71.2289, 46.8247], [-71.229, 46.8246], [-71.2291, 46.8246], [-71.2292, 46.8245], [-71.2293, 46.8245], [-71.2293, 46.8244], [-71.2293, 46.8244], [-71.2293, 46.8244], [-71.2293, 46.8243], [-71.2292, 46.8243], [-71.2291, 46.8243], [-71.229, 46.8242], [-71.2289, 46.8241], [-71.2288, 46.824], [-71.2288, 46.8238], [-71.2288, 46.8236], [-71.2288, 46.8234], [-71.2288, 46.8232], [-71.2288, 46.8229], [-71.2289, 46.8227], [-71.229, 46.8225], [-71.2291, 46.8224], [-71.2292, 46.8223], [-71.2294, 46.8222], [-71.2296, 46.8222], [-71.2298, 46.8222], [-71.23, 46.8223], [-71.2302, 46.8223], [-71.2305, 46.8224], [-71.2306, 46.8224], [-71.2308, 46.8224], [-71.231, 46.8224], [-71.2311, 46.8223], [-71.2312, 46.8223], [-71.2313, 46.8222], [-71.2314, 46.8222], [-71.2315, 46.8222], [-71.2317, 46.8222], [-71.2318, 46.8222], [-71.232, 46.8223], [-71.2322, 46.8223], [-71.2323, 46.8224], [-71.2325, 46.8225], [-71.2327, 46.8226], [-71.2329, 46.8226], [-71.233, 46.8227], [-71.2331, 46.8227], [-71.2332, 46.8227], [-71.2333, 46.8227], [-71.2334, 46.8226], [-71.2334, 46.8225], [-71.2335, 46.8225], [-71.2336, 46.8224], [-71.2337, 46.8224], [-71.2338, 46.8224], [-71.2339, 46.8223], [-71.2341, 46.8223], [-71.2342, 46.8223], [-71.2344, 46.8223], [-71.2346, 46.8223], [-71.2347, 46.8223], [-71.2349, 46.8223], [-71.235, 46.8224], [-71.2351, 46.8224], [-71.2351, 46.8225], [-71.2352, 46.8226], [-71.2352, 46.8227], [-71.2352, 46.8228], [-71.2352, 46.8229], [-71.2352, 46.823], [-71.2352, 46.823], [-71.2351, 46.8231], [-71.2351, 46.8232], [-71.235, 46.8232], [-71.2349, 46.8233], [-71.2349, 46.8233], [-71.2349, 46.8234], [-71.2349, 46.8235], [-71.2349, 46.8235], [-71.235, 46.8236], [-71.2351, 46.8236], [-71.2353, 46.8237], [-71.2355, 46.8237], [-71.2357, 46.8238], [-71.2358, 46.8239], [-71.236, 46.824], [-71.2361, 46.8241], [-71.2362, 46.8242], [-71.2363, 46.8243], [-71.2364, 46.8244], [-71.2365, 46.8245], [-71.2365, 46.8247], [-71.2365, 46.8249], [-71.2365, 46.8251], [-71.2364, 46.8253], [-71.2363, 46.8255], [-71.2362, 46.8258], [-71.236, 46.8261]]]}}, {"type": "Feature", "properties": {"couche": "voile", "station": "9e Rue", "minutes": 5}, "geometry": {"type": "Polygon", "coordinates": [[[-71.3956, 46.9339], [-71.0723, 46.936], [-71.0699, 46.7151], [-71.3919, 46.7131], [-71.3956, 46.9339]], [[-71.2362, 46.8258], [-71.2363, 46.8255], [-71.2364, 46.8253], [-71.2365, 46.8251], [-71.2365, 46.8249], [-71.2365, 46.8247], [-71.2365, 46.8245], [-71.2364, 46.8244], [-71.2363, 46.8243], [-71.2362, 46.8242], [-71.2361, 46.8241], [-71.236, 46.824], [-71.2358, 46.8239], [-71.2357, 46.8238], [-71.2355, 46.8237], [-71.2353, 46.8237], [-71.2351, 46.8236], [-71.235, 46.8236], [-71.2349, 46.8235], [-71.2349, 46.8234], [-71.2349, 46.8233], [-71.235, 46.8232], [-71.2351, 46.8232], [-71.2351, 46.8231], [-71.2352, 46.823], [-71.2352, 46.8229], [-71.2352, 46.8228], [-71.2352, 46.8227], [-71.2352, 46.8226], [-71.2351, 46.8225], [-71.2351, 46.8224], [-71.235, 46.8224], [-71.2349, 46.8223], [-71.2347, 46.8223], [-71.2346, 46.8223], [-71.2344, 46.8223], [-71.2342, 46.8223], [-71.2341, 46.8223], [-71.2339, 46.8223], [-71.2338, 46.8224], [-71.2337, 46.8224], [-71.2336, 46.8224], [-71.2335, 46.8225], [-71.2334, 46.8225], [-71.2334, 46.8226], [-71.2333, 46.8227], [-71.2332, 46.8227], [-71.2331, 46.8227], [-71.233, 46.8227], [-71.2329, 46.8226], [-71.2327, 46.8226], [-71.2325, 46.8225], [-71.2323, 46.8224], [-71.2322, 46.8223], [-71.232, 46.8223], [-71.2318, 46.8222], [-71.2317, 46.8222], [-71.2315, 46.8222], [-71.2314, 46.8222], [-71.2313, 46.8222], [-71.2312, 46.8223], [-71.2311, 46.8223], [-71.231, 46.8224], [-71.2308, 46.8224], [-71.2306, 46.8224], [-71.2305, 46.8224], [-71.2302, 46.8223], [-71.23, 46.8223], [-71.2298, 46.8222], [-71.2296, 46.8222], [-71.2294, 46.8222], [-71.2292, 46.8223], [-71.2291, 46.8224], [-71.229, 46.8225], [-71.2289, 46.8227], [-71.2288, 46.8229], [-71.2288, 46.8232], [-71.2288, 46.8234], [-71.2288, 46.8236], [-71.2288, 46.8238], [-71.2288, 46.824], [-71.2289, 46.8241], [-71.229, 46.8242], [-71.2291, 46.8243], [-71.2292, 46.8243], [-71.2293, 46.8243], [-71.2293, 46.8244], [-71.2293, 46.8245], [-71.2292, 46.8245], [-71.2291, 46.8246], [-71.229, 46.8246], [-71.2289, 46.8247], [-71.2288, 46.8247], [-71.2287, 46.8249], [-71.2286, 46.825], [-71.2285, 46.8251], [-71.2285, 46.8253], [-71.2284, 46.8255], [-71.2284, 46.8257], [-71.2285, 46.8259], [-71.2287, 46.8261], [-71.229, 46.8263], [-71.2294, 46.8265], [-71.2299, 46.8266], [-71.2305, 46.8268], [-71.2313, 46.8269], [-71.2321, 46.827], [-71.2329, 46.8271], [-71.2335, 46.8271], [-71.2341, 46.8271], [-71.2347, 46.827], [-71.2351, 46.8269], [-71.2355, 46.8267], [-71.2358, 46.8264], [-71.236, 46.8261], [-71.2362, 46.8258]]]}}, {"type": "Feature", "properties": {"couche": "aire_marche", "station": "9e Rue", "ordre": 24, "minutes": 6, "superficie_ha": 38.9, "rue_km": 11.42, "disque_ha": 55.4, "part_disque_pct": 70, "accroche_m": 2, "population": 3179, "navetteurs": 1091, "mode_auto_pct": 52, "mode_tc_pct": 15, "mode_actif_pct": 32, "mode_autre_pct": 1}, "geometry": {"type": "Polygon", "coordinates": [[[-71.2371, 46.8256], [-71.2369, 46.8259], [-71.2368, 46.8261], [-71.2366, 46.8264], [-71.2365, 46.8266], [-71.2363, 46.8267], [-71.2362, 46.8269], [-71.2361, 46.827], [-71.236, 46.827], [-71.2359, 46.8271], [-71.2358, 46.8271], [-71.2357, 46.8272], [-71.2357, 46.8272], [-71.2356, 46.8273], [-71.2356, 46.8274], [-71.2355, 46.8274], [-71.2355, 46.8275], [-71.2355, 46.8277], [-71.2354, 46.8277], [-71.2351, 46.8278], [-71.2348, 46.8278], [-71.2342, 46.8277], [-71.2336, 46.8277], [-71.2328, 46.8275], [-71.2319, 46.8274], [-71.2309, 46.8272], [-71.23, 46.827], [-71.2293, 46.8267], [-71.2287, 46.8264], [-71.2282, 46.826], [-71.2279, 46.8255], [-71.2277, 46.825], [-71.2277, 46.8244], [-71.2278, 46.8238], [-71.228, 46.8233], [-71.2281, 46.8228], [-71.2282, 46.8224], [-71.2283, 46.822], [-71.2284, 46.8218], [-71.2285, 46.8216], [-71.2286, 46.8215], [-71.2287, 46.8214], [-71.2288, 46.8214], [-71.2289, 46.8214], [-71.2291, 46.8214], [-71.2292, 46.8215], [-71.2293, 46.8215], [-71.2295, 46.8216], [-71.2296, 46.8217], [-71.2298, 46.8218], [-71.2299, 46.8219], [-71.2301, 46.822], [-71.2302, 46.822], [-71.2303, 46.822], [-71.2304, 46.822], [-71.2305, 46.822], [-71.2306, 46.822], [-71.2306, 46.8219], [-71.2307, 46.8218], [-71.2308, 46.8218], [-71.2309, 46.8218], [-71.2311, 46.8218], [-71.2312, 46.8219], [-71.2314, 46.8219], [-71.2316, 46.822], [-71.2318, 46.8221], [-71.232, 46.8222], [-71.2322, 46.8223], [-71.2323, 46.8223], [-71.2325, 46.8223], [-71.2326, 46.8223], [-71.2327, 46.8223], [-71.2328, 46.8222], [-71.2329, 46.8221], [-71.233, 46.8221], [-71.2331, 46.822], [-71.2332, 46.8219], [-71.2334, 46.8219], [-71.2336, 46.8218], [-71.2338, 46.8218], [-71.234, 46.8218], [-71.2343, 46.8217], [-71.2345, 46.8217], [-71.2348, 46.8217], [-71.235, 46.8217], [-71.2352, 46.8218], [-71.2353, 46.8218], [-71.2355, 46.8219], [-71.2356, 46.822], [-71.2358, 46.8221], [-71.2359, 46.8222], [-71.236, 46.8223], [-71.236, 46.8225], [-71.236, 46.8226], [-71.236, 46.8228], [-71.2359, 46.8229], [-71.2359, 46.823], [-71.2358, 46.8232], [-71.2357, 46.8233], [-71.2357, 46.8235], [-71.2357, 46.8236], [-71.2357, 46.8237], [-71.2358, 46.8237], [-71.2359, 46.8238], [-71.236, 46.8238], [-71.2362, 46.8238], [-71.2364, 46.8239], [-71.2366, 46.8239], [-71.2367, 46.8239], [-71.2369, 46.824], [-71.237, 46.824], [-71.2371, 46.8241], [-71.2372, 46.8242], [-71.2373, 46.8242], [-71.2374, 46.8243], [-71.2374, 46.8245], [-71.2374, 46.8246], [-71.2374, 46.8248], [-71.2373, 46.825], [-71.2372, 46.8253], [-71.2371, 46.8256]]]}}, {"type": "Feature", "properties": {"couche": "voile", "station": "9e Rue", "minutes": 6}, "geometry": {"type": "Polygon", "coordinates": [[[-71.3965, 46.9346], [-71.0716, 46.9367], [-71.0693, 46.7143], [-71.3928, 46.7123], [-71.3965, 46.9346]], [[-71.2372, 46.8253], [-71.2373, 46.825], [-71.2374, 46.8248], [-71.2374, 46.8246], [-71.2374, 46.8245], [-71.2374, 46.8243], [-71.2373, 46.8242], [-71.2372, 46.8242], [-71.2371, 46.8241], [-71.237, 46.824], [-71.2369, 46.824], [-71.2367, 46.8239], [-71.2366, 46.8239], [-71.2364, 46.8239], [-71.2362, 46.8238], [-71.236, 46.8238], [-71.2359, 46.8238], [-71.2358, 46.8237], [-71.2357, 46.8237], [-71.2357, 46.8236], [-71.2357, 46.8235], [-71.2357, 46.8233], [-71.2358, 46.8232], [-71.2359, 46.823], [-71.2359, 46.8229], [-71.236, 46.8228], [-71.236, 46.8226], [-71.236, 46.8225], [-71.236, 46.8223], [-71.2359, 46.8222], [-71.2358, 46.8221], [-71.2356, 46.822], [-71.2355, 46.8219], [-71.2353, 46.8218], [-71.2352, 46.8218], [-71.235, 46.8217], [-71.2348, 46.8217], [-71.2345, 46.8217], [-71.2343, 46.8217], [-71.234, 46.8218], [-71.2338, 46.8218], [-71.2336, 46.8218], [-71.2334, 46.8219], [-71.2332, 46.8219], [-71.2331, 46.822], [-71.233, 46.8221], [-71.2329, 46.8221], [-71.2328, 46.8222], [-71.2327, 46.8223], [-71.2326, 46.8223], [-71.2325, 46.8223], [-71.2323, 46.8223], [-71.2322, 46.8223], [-71.232, 46.8222], [-71.2318, 46.8221], [-71.2316, 46.822], [-71.2314, 46.8219], [-71.2312, 46.8219], [-71.2311, 46.8218], [-71.2309, 46.8218], [-71.2308, 46.8218], [-71.2307, 46.8218], [-71.2306, 46.8219], [-71.2306, 46.822], [-71.2305, 46.822], [-71.2304, 46.822], [-71.2303, 46.822], [-71.2302, 46.822], [-71.2301, 46.822], [-71.2299, 46.8219], [-71.2298, 46.8218], [-71.2296, 46.8217], [-71.2295, 46.8216], [-71.2293, 46.8215], [-71.2292, 46.8215], [-71.2291, 46.8214], [-71.2289, 46.8214], [-71.2288, 46.8214], [-71.2287, 46.8214], [-71.2286, 46.8215], [-71.2285, 46.8216], [-71.2284, 46.8218], [-71.2283, 46.822], [-71.2282, 46.8224], [-71.2281, 46.8228], [-71.228, 46.8233], [-71.2278, 46.8238], [-71.2277, 46.8244], [-71.2277, 46.825], [-71.2279, 46.8255], [-71.2282, 46.826], [-71.2287, 46.8264], [-71.2293, 46.8267], [-71.23, 46.827], [-71.2309, 46.8272], [-71.2319, 46.8274], [-71.2328, 46.8275], [-71.2336, 46.8277], [-71.2342, 46.8277], [-71.2348, 46.8278], [-71.2351, 46.8278], [-71.2354, 46.8277], [-71.2355, 46.8277], [-71.2355, 46.8275], [-71.2355, 46.8274], [-71.2356, 46.8274], [-71.2356, 46.8273], [-71.2357, 46.8272], [-71.2358, 46.8271], [-71.2359, 46.8271], [-71.236, 46.827], [-71.2361, 46.827], [-71.2362, 46.8269], [-71.2363, 46.8267], [-71.2365, 46.8266], [-71.2366, 46.8264], [-71.2368, 46.8261], [-71.2369, 46.8259], [-71.2371, 46.8256], [-71.2372, 46.8253]]]}}, {"type": "Feature", "properties": {"couche": "aire_marche", "station": "9e Rue", "ordre": 24, "minutes": 7, "superficie_ha": 53.4, "rue_km": 16.35, "disque_ha": 75.4, "part_disque_pct": 71, "accroche_m": 2, "population": 4156, "navetteurs": 1447, "mode_auto_pct": 52, "mode_tc_pct": 16, "mode_actif_pct": 31, "mode_autre_pct": 1}, "geometry": {"type": "Polygon", "coordinates": [[[-71.2372, 46.8266], [-71.2369, 46.827], [-71.2366, 46.8274], [-71.2363, 46.8277], [-71.2361, 46.828], [-71.2358, 46.8281], [-71.2356, 46.8282], [-71.2353, 46.8283], [-71.2351, 46.8282], [-71.2349, 46.8281], [-71.2347, 46.8281], [-71.2345, 46.828], [-71.2343, 46.828], [-71.2341, 46.8279], [-71.234, 46.8279], [-71.2338, 46.8279], [-71.2337, 46.828], [-71.2336, 46.828], [-71.2334, 46.828], [-71.2331, 46.828], [-71.2327, 46.828], [-71.2323, 46.828], [-71.2317, 46.8279], [-71.2311, 46.8278], [-71.2303, 46.8276], [-71.2295, 46.8275], [-71.2287, 46.8273], [-71.2282, 46.827], [-71.2277, 46.8266], [-71.2273, 46.8262], [-71.2271, 46.8257], [-71.227, 46.8251], [-71.227, 46.8245], [-71.2271, 46.8238], [-71.2273, 46.8231], [-71.2274, 46.8226], [-71.2276, 46.8221], [-71.2277, 46.8217], [-71.2279, 46.8214], [-71.2281, 46.8212], [-71.2282, 46.821], [-71.2284, 46.821], [-71.2286, 46.8209], [-71.2289, 46.8209], [-71.2291, 46.821], [-71.2294, 46.821], [-71.2298, 46.8211], [-71.2301, 46.8213], [-71.2305, 46.8214], [-71.2309, 46.8217], [-71.2312, 46.8218], [-71.2315, 46.822], [-71.2318, 46.8221], [-71.2319, 46.8222], [-71.2321, 46.8222], [-71.2321, 46.8222], [-71.2321, 46.8222], [-71.232, 46.8221], [-71.232, 46.8221], [-71.232, 46.822], [-71.232, 46.822], [-71.232, 46.8219], [-71.232, 46.8218], [-71.232, 46.8218], [-71.2321, 46.8217], [-71.2321, 46.8217], [-71.2322, 46.8216], [-71.2324, 46.8216], [-71.2326, 46.8215], [-71.2328, 46.8215], [-71.2331, 46.8214], [-71.2334, 46.8214], [-71.2337, 46.8213], [-71.2341, 46.8212], [-71.2345, 46.8212], [-71.2348, 46.8212], [-71.2351, 46.8212], [-71.2354, 46.8212], [-71.2357, 46.8213], [-71.2359, 46.8213], [-71.2361, 46.8214], [-71.2363, 46.8215], [-71.2364, 46.8217], [-71.2366, 46.8218], [-71.2367, 46.8219], [-71.2368, 46.8221], [-71.2368, 46.8222], [-71.2369, 46.8224], [-71.2369, 46.8226], [-71.237, 46.8227], [-71.237, 46.8229], [-71.237, 46.823], [-71.237, 46.8232], [-71.2369, 46.8233], [-71.2369, 46.8234], [-71.2369, 46.8235], [-71.2368, 46.8236], [-71.2368, 46.8236], [-71.2367, 46.8237], [-71.2366, 46.8237], [-71.2365, 46.8237], [-71.2364, 46.8238], [-71.2363, 46.8238], [-71.2362, 46.8238], [-71.236, 46.8238], [-71.2359, 46.8238], [-71.2358, 46.8238], [-71.2357, 46.8238], [-71.2356, 46.8238], [-71.2356, 46.8238], [-71.2356, 46.8238], [-71.2357, 46.8238], [-71.2357, 46.8238], [-71.2358, 46.8238], [-71.2359, 46.8238], [-71.2361, 46.8238], [-71.2362, 46.8238], [-71.2364, 46.8238], [-71.2365, 46.8238], [-71.2367, 46.8238], [-71.2369, 46.8238], [-71.2371, 46.8238], [-71.2373, 46.8238], [-71.2375, 46.8239], [-71.2376, 46.8239], [-71.2377, 46.824], [-71.2378, 46.8241], [-71.2379, 46.8242], [-71.238, 46.8243], [-71.238, 46.8245], [-71.238, 46.8247], [-71.238, 46.8249], [-71.2379, 46.8252], [-71.2378, 46.8255], [-71.2376, 46.8258], [-71.2374, 46.8262], [-71.2372, 46.8266]]]}}, {"type": "Feature", "properties": {"couche": "voile", "station": "9e Rue", "minutes": 7}, "geometry": {"type": "Polygon", "coordinates": [[[-71.3971, 46.9351], [-71.0709, 46.9372], [-71.0685, 46.7138], [-71.3934, 46.7118], [-71.3971, 46.9351]], [[-71.2365, 46.8237], [-71.2366, 46.8237], [-71.2367, 46.8237], [-71.2368, 46.8236], [-71.2369, 46.8235], [-71.2369, 46.8234], [-71.2369, 46.8233], [-71.237, 46.8232], [-71.237, 46.823], [-71.237, 46.8229], [-71.237, 46.8227], [-71.2369, 46.8226], [-71.2369, 46.8224], [-71.2368, 46.8222], [-71.2368, 46.8221], [-71.2367, 46.8219], [-71.2366, 46.8218], [-71.2364, 46.8217], [-71.2363, 46.8215], [-71.2361, 46.8214], [-71.2359, 46.8213], [-71.2357, 46.8213], [-71.2354, 46.8212], [-71.2351, 46.8212], [-71.2348, 46.8212], [-71.2345, 46.8212], [-71.2341, 46.8212], [-71.2337, 46.8213], [-71.2334, 46.8214], [-71.2331, 46.8214], [-71.2328, 46.8215], [-71.2326, 46.8215], [-71.2324, 46.8216], [-71.2322, 46.8216], [-71.2321, 46.8217], [-71.232, 46.8218], [-71.232, 46.8219], [-71.232, 46.822], [-71.232, 46.8221], [-71.2321, 46.8222], [-71.2319, 46.8222], [-71.2318, 46.8221], [-71.2315, 46.822], [-71.2312, 46.8218], [-71.2309, 46.8217], [-71.2305, 46.8214], [-71.2301, 46.8213], [-71.2298, 46.8211], [-71.2294, 46.821], [-71.2291, 46.821], [-71.2289, 46.8209], [-71.2286, 46.8209], [-71.2284, 46.821], [-71.2282, 46.821], [-71.2281, 46.8212], [-71.2279, 46.8214], [-71.2277, 46.8217], [-71.2276, 46.8221], [-71.2274, 46.8226], [-71.2273, 46.8231], [-71.2271, 46.8238], [-71.227, 46.8245], [-71.227, 46.8251], [-71.2271, 46.8257], [-71.2273, 46.8262], [-71.2277, 46.8266], [-71.2282, 46.827], [-71.2287, 46.8273], [-71.2295, 46.8275], [-71.2303, 46.8276], [-71.2311, 46.8278], [-71.2317, 46.8279], [-71.2323, 46.828], [-71.2327, 46.828], [-71.2331, 46.828], [-71.2334, 46.828], [-71.2336, 46.828], [-71.2337, 46.828], [-71.2338, 46.8279], [-71.234, 46.8279], [-71.2341, 46.8279], [-71.2343, 46.828], [-71.2345, 46.828], [-71.2347, 46.8281], [-71.2349, 46.8281], [-71.2351, 46.8282], [-71.2353, 46.8283], [-71.2356, 46.8282], [-71.2358, 46.8281], [-71.2361, 46.828], [-71.2363, 46.8277], [-71.2366, 46.8274], [-71.2369, 46.827], [-71.2372, 46.8266], [-71.2374, 46.8262], [-71.2376, 46.8258], [-71.2378, 46.8255], [-71.2379, 46.8252], [-71.238, 46.8249], [-71.238, 46.8247], [-71.238, 46.8245], [-71.238, 46.8243], [-71.2379, 46.8242], [-71.2378, 46.8241], [-71.2377, 46.824], [-71.2376, 46.8239], [-71.2375, 46.8239], [-71.2373, 46.8238], [-71.2371, 46.8238], [-71.2369, 46.8238], [-71.2367, 46.8238], [-71.2365, 46.8238], [-71.2364, 46.8238], [-71.2365, 46.8237]]]}}, {"type": "Feature", "properties": {"couche": "aire_marche", "station": "9e Rue", "ordre": 24, "minutes": 8, "superficie_ha": 68.8, "rue_km": 21.61, "disque_ha": 98.5, "part_disque_pct": 70, "accroche_m": 2, "population": 5176, "navetteurs": 1820, "mode_auto_pct": 51, "mode_tc_pct": 17, "mode_actif_pct": 31, "mode_autre_pct": 1}, "geometry": {"type": "Polygon", "coordinates": [[[-71.2383, 46.8265], [-71.2381, 46.8267], [-71.238, 46.8269], [-71.2378, 46.8271], [-71.2377, 46.8273], [-71.2376, 46.8274], [-71.2374, 46.8275], [-71.2372, 46.8276], [-71.2371, 46.8277], [-71.2369, 46.8277], [-71.2368, 46.8278], [-71.2367, 46.8278], [-71.2366, 46.8279], [-71.2365, 46.8279], [-71.2365, 46.828], [-71.2365, 46.828], [-71.2366, 46.8281], [-71.2366, 46.8281], [-71.2367, 46.8282], [-71.2367, 46.8282], [-71.2367, 46.8283], [-71.2367, 46.8284], [-71.2367, 46.8285], [-71.2367, 46.8286], [-71.2366, 46.8287], [-71.2366, 46.8288], [-71.2365, 46.8289], [-71.2364, 46.8289], [-71.2363, 46.8289], [-71.2362, 46.8289], [-71.2361, 46.8289], [-71.236, 46.8289], [-71.2359, 46.8288], [-71.2358, 46.8287], [-71.2356, 46.8286], [-71.2355, 46.8285], [-71.2353, 46.8285], [-71.2351, 46.8285], [-71.2349, 46.8285], [-71.2347, 46.8285], [-71.2345, 46.8285], [-71.2343, 46.8286], [-71.234, 46.8286], [-71.2336, 46.8286], [-71.2331, 46.8285], [-71.2325, 46.8285], [-71.2318, 46.8284], [-71.2311, 46.8283], [-71.2302, 46.8282], [-71.2293, 46.828], [-71.2285, 46.8279], [-71.2278, 46.8277], [-71.2272, 46.8275], [-71.2267, 46.8273], [-71.2264, 46.8271], [-71.2262, 46.8269], [-71.2261, 46.8267], [-71.2261, 46.8265], [-71.2261, 46.8263], [-71.2262, 46.8261], [-71.2262, 46.8259], [-71.2263, 46.8258], [-71.2264, 46.8256], [-71.2265, 46.8254], [-71.2266, 46.8253], [-71.2267, 46.8251], [-71.2268, 46.825], [-71.2269, 46.8249], [-71.2269, 46.8247], [-71.227, 46.8246], [-71.227, 46.8245], [-71.2269, 46.8245], [-71.2269, 46.8244], [-71.2268, 46.8243], [-71.2267, 46.8242], [-71.2267, 46.8241], [-71.2266, 46.8239], [-71.2266, 46.8237], [-71.2266, 46.8234], [-71.2266, 46.8232], [-71.2267, 46.8228], [-71.2267, 46.8224], [-71.2268, 46.8221], [-71.2269, 46.8218], [-71.227, 46.8216], [-71.227, 46.8214], [-71.2271, 46.8213], [-71.2273, 46.8212], [-71.2274, 46.8211], [-71.2275, 46.8211], [-71.2276, 46.8211], [-71.2277, 46.821], [-71.2278, 46.821], [-71.2279, 46.8209], [-71.2279, 46.8209], [-71.228, 46.8208], [-71.228, 46.8207], [-71.228, 46.8206], [-71.2281, 46.8206], [-71.2281, 46.8205], [-71.2282, 46.8204], [-71.2283, 46.8204], [-71.2285, 46.8203], [-71.2287, 46.8203], [-71.2289, 46.8203], [-71.2291, 46.8203], [-71.2293, 46.8203], [-71.2295, 46.8203], [-71.2296, 46.8203], [-71.2297, 46.8203], [-71.2298, 46.8204], [-71.2299, 46.8204], [-71.2299, 46.8205], [-71.2299, 46.8206], [-71.23, 46.8207], [-71.23, 46.8208], [-71.2301, 46.8209], [-71.2301, 46.821], [-71.2302, 46.8211], [-71.2303, 46.8212], [-71.2305, 46.8213], [-71.2306, 46.8214], [-71.2307, 46.8215], [-71.2309, 46.8215], [-71.231, 46.8216], [-71.2311, 46.8217], [-71.2312, 46.8218], [-71.2313, 46.8218], [-71.2314, 46.8219], [-71.2315, 46.8219], [-71.2316, 46.8219], [-71.2316, 46.822], [-71.2317, 46.8219], [-71.2317, 46.8219], [-71.2317, 46.8219], [-71.2317, 46.8218], [-71.2316, 46.8217], [-71.2316, 46.8216], [-71.2316, 46.8215], [-71.2317, 46.8214], [-71.2319, 46.8213], [-71.2322, 46.8212], [-71.2325, 46.8211], [-71.2329, 46.8211], [-71.2334, 46.821], [-71.234, 46.8209], [-71.2345, 46.8209], [-71.235, 46.8209], [-71.2355, 46.8209], [-71.2358, 46.821], [-71.2362, 46.821], [-71.2365, 46.8211], [-71.2368, 46.8212], [-71.237, 46.8214], [-71.2372, 46.8215], [-71.2373, 46.8217], [-71.2375, 46.8218], [-71.2376, 46.822], [-71.2377, 46.8222], [-71.2378, 46.8223], [-71.2378, 46.8225], [-71.2378, 46.8227], [-71.2378, 46.8229], [-71.2377, 46.823], [-71.2376, 46.8232], [-71.2375, 46.8233], [-71.2373, 46.8234], [-71.237, 46.8235], [-71.2368, 46.8236], [-71.2365, 46.8236], [-71.2362, 46.8236], [-71.2361, 46.8237], [-71.2361, 46.8237], [-71.2361, 46.8237], [-71.2362, 46.8238], [-71.2364, 46.8238], [-71.2367, 46.8238], [-71.237, 46.8238], [-71.2374, 46.8238], [-71.2377, 46.8239], [-71.2379, 46.824], [-71.2381, 46.8241], [-71.2383, 46.8242], [-71.2384, 46.8244], [-71.2385, 46.8246], [-71.2385, 46.8249], [-71.2386, 46.8251], [-71.2386, 46.8254], [-71.2386, 46.8256], [-71.2385, 46.8258], [-71.2385, 46.8261], [-71.2384, 46.8263], [-71.2383, 46.8265]]]}}, {"type": "Feature", "properties": {"couche": "voile", "station": "9e Rue", "minutes": 8}, "geometry": {"type": "Polygon", "coordinates": [[[-71.3977, 46.9357], [-71.07, 46.9378], [-71.0676, 46.7133], [-71.394, 46.7112], [-71.3977, 46.9357]], [[-71.2384, 46.8263], [-71.2385, 46.8261], [-71.2385, 46.8258], [-71.2386, 46.8256], [-71.2386, 46.8254], [-71.2386, 46.8251], [-71.2385, 46.8249], [-71.2385, 46.8246], [-71.2384, 46.8244], [-71.2383, 46.8242], [-71.2381, 46.8241], [-71.2379, 46.824], [-71.2377, 46.8239], [-71.2374, 46.8238], [-71.237, 46.8238], [-71.2367, 46.8238], [-71.2364, 46.8238], [-71.2362, 46.8238], [-71.2361, 46.8237], [-71.2362, 46.8236], [-71.2365, 46.8236], [-71.2368, 46.8236], [-71.237, 46.8235], [-71.2373, 46.8234], [-71.2375, 46.8233], [-71.2376, 46.8232], [-71.2377, 46.823], [-71.2378, 46.8229], [-71.2378, 46.8227], [-71.2378, 46.8225], [-71.2378, 46.8223], [-71.2377, 46.8222], [-71.2376, 46.822], [-71.2375, 46.8218], [-71.2373, 46.8217], [-71.2372, 46.8215], [-71.237, 46.8214], [-71.2368, 46.8212], [-71.2365, 46.8211], [-71.2362, 46.821], [-71.2358, 46.821], [-71.2355, 46.8209], [-71.235, 46.8209], [-71.2345, 46.8209], [-71.234, 46.8209], [-71.2334, 46.821], [-71.2329, 46.8211], [-71.2325, 46.8211], [-71.2322, 46.8212], [-71.2319, 46.8213], [-71.2317, 46.8214], [-71.2316, 46.8215], [-71.2316, 46.8216], [-71.2316, 46.8217], [-71.2317, 46.8218], [-71.2317, 46.8219], [-71.2316, 46.822], [-71.2316, 46.8219], [-71.2315, 46.8219], [-71.2314, 46.8219], [-71.2313, 46.8218], [-71.2312, 46.8218], [-71.2311, 46.8217], [-71.231, 46.8216], [-71.2309, 46.8215], [-71.2307, 46.8215], [-71.2306, 46.8214], [-71.2305, 46.8213], [-71.2303, 46.8212], [-71.2302, 46.8211], [-71.2301, 46.821], [-71.2301, 46.8209], [-71.23, 46.8208], [-71.23, 46.8207], [-71.2299, 46.8206], [-71.2299, 46.8205], [-71.2299, 46.8204], [-71.2298, 46.8204], [-71.2297, 46.8203], [-71.2296, 46.8203], [-71.2295, 46.8203], [-71.2293, 46.8203], [-71.2291, 46.8203], [-71.2289, 46.8203], [-71.2287, 46.8203], [-71.2285, 46.8203], [-71.2283, 46.8204], [-71.2282, 46.8204], [-71.2281, 46.8205], [-71.2281, 46.8206], [-71.228, 46.8206], [-71.228, 46.8207], [-71.228, 46.8208], [-71.2279, 46.8209], [-71.2278, 46.821], [-71.2277, 46.821], [-71.2276, 46.8211], [-71.2275, 46.8211], [-71.2274, 46.8211], [-71.2273, 46.8212], [-71.2271, 46.8213], [-71.227, 46.8214], [-71.227, 46.8216], [-71.2269, 46.8218], [-71.2268, 46.8221], [-71.2267, 46.8224], [-71.2267, 46.8228], [-71.2266, 46.8232], [-71.2266, 46.8234], [-71.2266, 46.8237], [-71.2266, 46.8239], [-71.2267, 46.8241], [-71.2267, 46.8242], [-71.2268, 46.8243], [-71.2269, 46.8244], [-71.2269, 46.8245], [-71.227, 46.8245], [-71.227, 46.8246], [-71.2269, 46.8247], [-71.2269, 46.8249], [-71.2268, 46.825], [-71.2267, 46.8251], [-71.2266, 46.8253], [-71.2265, 46.8254], [-71.2264, 46.8256], [-71.2263, 46.8258], [-71.2262, 46.8259], [-71.2262, 46.8261], [-71.2261, 46.8263], [-71.2261, 46.8265], [-71.2261, 46.8267], [-71.2262, 46.8269], [-71.2264, 46.8271], [-71.2267, 46.8273], [-71.2272, 46.8275], [-71.2278, 46.8277], [-71.2285, 46.8279], [-71.2293, 46.828], [-71.2302, 46.8282], [-71.2311, 46.8283], [-71.2318, 46.8284], [-71.2325, 46.8285], [-71.2331, 46.8285], [-71.2336, 46.8286], [-71.234, 46.8286], [-71.2343, 46.8286], [-71.2345, 46.8285], [-71.2347, 46.8285], [-71.2349, 46.8285], [-71.2351, 46.8285], [-71.2353, 46.8285], [-71.2355, 46.8285], [-71.2356, 46.8286], [-71.2358, 46.8287], [-71.2359, 46.8288], [-71.236, 46.8289], [-71.2361, 46.8289], [-71.2362, 46.8289], [-71.2363, 46.8289], [-71.2364, 46.8289], [-71.2365, 46.8289], [-71.2366, 46.8288], [-71.2366, 46.8287], [-71.2367, 46.8286], [-71.2367, 46.8285], [-71.2367, 46.8284], [-71.2367, 46.8283], [-71.2367, 46.8282], [-71.2366, 46.8281], [-71.2365, 46.828], [-71.2365, 46.8279], [-71.2366, 46.8279], [-71.2367, 46.8278], [-71.2368, 46.8278], [-71.2369, 46.8277], [-71.2371, 46.8277], [-71.2372, 46.8276], [-71.2374, 46.8275], [-71.2376, 46.8274], [-71.2377, 46.8273], [-71.2378, 46.8271], [-71.238, 46.8269], [-71.2381, 46.8267], [-71.2383, 46.8265], [-71.2384, 46.8263]]]}}, {"type": "Feature", "properties": {"couche": "aire_marche", "station": "9e Rue", "ordre": 24, "minutes": 9, "superficie_ha": 86.5, "rue_km": 26.89, "disque_ha": 124.7, "part_disque_pct": 69, "accroche_m": 2, "population": 6294, "navetteurs": 2241, "mode_auto_pct": 51, "mode_tc_pct": 17, "mode_actif_pct": 31, "mode_autre_pct": 1}, "geometry": {"type": "Polygon", "coordinates": [[[-71.2389, 46.8266], [-71.2387, 46.8269], [-71.2385, 46.8272], [-71.2384, 46.8274], [-71.2382, 46.8276], [-71.238, 46.8278], [-71.2378, 46.8279], [-71.2375, 46.828], [-71.2373, 46.828], [-71.2371, 46.828], [-71.2369, 46.828], [-71.2368, 46.828], [-71.2367, 46.8281], [-71.2367, 46.8281], [-71.2366, 46.8282], [-71.2367, 46.8283], [-71.2368, 46.8285], [-71.2369, 46.8286], [-71.237, 46.8288], [-71.2371, 46.8289], [-71.2371, 46.829], [-71.2371, 46.8291], [-71.2372, 46.8292], [-71.2372, 46.8293], [-71.2371, 46.8294], [-71.2371, 46.8294], [-71.237, 46.8295], [-71.2369, 46.8295], [-71.2368, 46.8295], [-71.2367, 46.8295], [-71.2365, 46.8295], [-71.2363, 46.8295], [-71.2361, 46.8295], [-71.2358, 46.8295], [-71.2356, 46.8294], [-71.2355, 46.8293], [-71.2353, 46.8293], [-71.2352, 46.8292], [-71.2352, 46.8291], [-71.2351, 46.829], [-71.2351, 46.8289], [-71.2352, 46.8288], [-71.2352, 46.8287], [-71.2351, 46.8286], [-71.235, 46.8286], [-71.2349, 46.8286], [-71.2347, 46.8286], [-71.2345, 46.8286], [-71.2343, 46.8287], [-71.234, 46.8288], [-71.2336, 46.8289], [-71.2332, 46.8289], [-71.2327, 46.8289], [-71.2321, 46.8289], [-71.2314, 46.8289], [-71.2307, 46.8288], [-71.2298, 46.8287], [-71.229, 46.8286], [-71.2282, 46.8284], [-71.2275, 46.8282], [-71.2269, 46.828], [-71.2265, 46.8278], [-71.2261, 46.8275], [-71.2259, 46.8272], [-71.2257, 46.8269], [-71.2257, 46.8266], [-71.2257, 46.8262], [-71.2257, 46.826], [-71.2257, 46.8257], [-71.2258, 46.8256], [-71.2258, 46.8254], [-71.2259, 46.8253], [-71.226, 46.8252], [-71.2261, 46.8251], [-71.2262, 46.8251], [-71.2263, 46.825], [-71.2263, 46.825], [-71.2263, 46.8249], [-71.2263, 46.8249], [-71.2262, 46.8248], [-71.2262, 46.8247], [-71.2261, 46.8247], [-71.226, 46.8246], [-71.2259, 46.8245], [-71.2259, 46.8243], [-71.2258, 46.8241], [-71.2258, 46.8239], [-71.2258, 46.8236], [-71.2258, 46.8233], [-71.2258, 46.823], [-71.2258, 46.8227], [-71.2259, 46.8224], [-71.2259, 46.8222], [-71.226, 46.822], [-71.2261, 46.8218], [-71.2262, 46.8217], [-71.2263, 46.8216], [-71.2264, 46.8216], [-71.2265, 46.8215], [-71.2266, 46.8214], [-71.2266, 46.8213], [-71.2267, 46.8213], [-71.2267, 46.8212], [-71.2267, 46.8211], [-71.2267, 46.821], [-71.2266, 46.8209], [-71.2266, 46.8208], [-71.2266, 46.8207], [-71.2266, 46.8206], [-71.2267, 46.8206], [-71.2267, 46.8205], [-71.2268, 46.8204], [-71.2269, 46.8203], [-71.227, 46.8202], [-71.2272, 46.8201], [-71.2273, 46.8201], [-71.2275, 46.82], [-71.2276, 46.82], [-71.2278, 46.82], [-71.228, 46.82], [-71.2282, 46.8201], [-71.2284, 46.8201], [-71.2286, 46.8202], [-71.2288, 46.8202], [-71.229, 46.8202], [-71.2292, 46.8202], [-71.2293, 46.8202], [-71.2295, 46.8201], [-71.2297, 46.82], [-71.2298, 46.82], [-71.23, 46.8199], [-71.2301, 46.8199], [-71.2302, 46.8199], [-71.2303, 46.8199], [-71.2304, 46.8199], [-71.2305, 46.82], [-71.2306, 46.8201], [-71.2307, 46.8202], [-71.2307, 46.8203], [-71.2307, 46.8204], [-71.2307, 46.8205], [-71.2307, 46.8205], [-71.2306, 46.8206], [-71.2306, 46.8207], [-71.2305, 46.8207], [-71.2304, 46.8208], [-71.2303, 46.8208], [-71.2302, 46.8209], [-71.2302, 46.8209], [-71.2301, 46.821], [-71.2301, 46.821], [-71.2302, 46.821], [-71.2302, 46.8211], [-71.2303, 46.8211], [-71.2303, 46.8212], [-71.2304, 46.8212], [-71.2305, 46.8212], [-71.2305, 46.8212], [-71.2306, 46.8211], [-71.2306, 46.8211], [-71.2307, 46.8211], [-71.2307, 46.821], [-71.2308, 46.8209], [-71.2309, 46.8209], [-71.2311, 46.8208], [-71.2313, 46.8207], [-71.2315, 46.8207], [-71.2318, 46.8206], [-71.2321, 46.8205], [-71.2325, 46.8205], [-71.2328, 46.8204], [-71.2331, 46.8204], [-71.2334, 46.8204], [-71.2337, 46.8204], [-71.234, 46.8204], [-71.2342, 46.8204], [-71.2345, 46.8204], [-71.2347, 46.8205], [-71.2349, 46.8205], [-71.2351, 46.8205], [-71.2353, 46.8205], [-71.2354, 46.8205], [-71.2356, 46.8205], [-71.2357, 46.8205], [-71.2358, 46.8205], [-71.236, 46.8204], [-71.236, 46.8204], [-71.2361, 46.8203], [-71.2362, 46.8203], [-71.2363, 46.8204], [-71.2363, 46.8204], [-71.2364, 46.8204], [-71.2364, 46.8205], [-71.2364, 46.8206], [-71.2365, 46.8207], [-71.2365, 46.8207], [-71.2367, 46.8208], [-71.2368, 46.8209], [-71.237, 46.821], [-71.2372, 46.8211], [-71.2374, 46.8212], [-71.2377, 46.8213], [-71.2379, 46.8214], [-71.2381, 46.8215], [-71.2383, 46.8217], [-71.2384, 46.8218], [-71.2385, 46.8219], [-71.2386, 46.8221], [-71.2386, 46.8223], [-71.2386, 46.8224], [-71.2386, 46.8226], [-71.2385, 46.8228], [-71.2385, 46.8229], [-71.2384, 46.823], [-71.2383, 46.8232], [-71.2382, 46.8233], [-71.238, 46.8234], [-71.2378, 46.8235], [-71.2377, 46.8235], [-71.2375, 46.8236], [-71.2373, 46.8236], [-71.2371, 46.8237], [-71.2369, 46.8237], [-71.2366, 46.8237], [-71.2364, 46.8238], [-71.2362, 46.8238], [-71.236, 46.8238], [-71.2359, 46.8238], [-71.2358, 46.8238], [-71.2357, 46.8238], [-71.2357, 46.8238], [-71.2357, 46.8238], [-71.2357, 46.8238], [-71.2358, 46.8238], [-71.2359, 46.8238], [-71.2361, 46.8238], [-71.2362, 46.8238], [-71.2364, 46.8238], [-71.2366, 46.8238], [-71.2368, 46.8238], [-71.2371, 46.8238], [-71.2373, 46.8238], [-71.2376, 46.8238], [-71.2378, 46.8239], [-71.238, 46.8239], [-71.2382, 46.824], [-71.2384, 46.8242], [-71.2386, 46.8243], [-71.2388, 46.8245], [-71.2389, 46.8247], [-71.239, 46.825], [-71.2391, 46.8252], [-71.2392, 46.8255], [-71.2392, 46.8257], [-71.2391, 46.826], [-71.239, 46.8263], [-71.2389, 46.8266]]]}}, {"type": "Feature", "properties": {"couche": "voile", "station": "9e Rue", "minutes": 9}, "geometry": {"type": "Polygon", "coordinates": [[[-71.3983, 46.9363], [-71.0696, 46.9384], [-71.0672, 46.7129], [-71.3946, 46.7108], [-71.3983, 46.9363]], [[-71.2366, 46.8237], [-71.2369, 46.8237], [-71.2371, 46.8237], [-71.2373, 46.8236], [-71.2375, 46.8236], [-71.2377, 46.8235], [-71.2378, 46.8235], [-71.238, 46.8234], [-71.2382, 46.8233], [-71.2383, 46.8232], [-71.2384, 46.823], [-71.2385, 46.8229], [-71.2385, 46.8228], [-71.2386, 46.8226], [-71.2386, 46.8224], [-71.2386, 46.8223], [-71.2386, 46.8221], [-71.2385, 46.8219], [-71.2384, 46.8218], [-71.2383, 46.8217], [-71.2381, 46.8215], [-71.2379, 46.8214], [-71.2377, 46.8213], [-71.2374, 46.8212], [-71.2372, 46.8211], [-71.237, 46.821], [-71.2368, 46.8209], [-71.2367, 46.8208], [-71.2365, 46.8207], [-71.2364, 46.8206], [-71.2364, 46.8205], [-71.2364, 46.8204], [-71.2363, 46.8204], [-71.2362, 46.8203], [-71.2361, 46.8203], [-71.236, 46.8204], [-71.2358, 46.8205], [-71.2357, 46.8205], [-71.2356, 46.8205], [-71.2354, 46.8205], [-71.2353, 46.8205], [-71.2351, 46.8205], [-71.2349, 46.8205], [-71.2347, 46.8205], [-71.2345, 46.8204], [-71.2342, 46.8204], [-71.234, 46.8204], [-71.2337, 46.8204], [-71.2334, 46.8204], [-71.2331, 46.8204], [-71.2328, 46.8204], [-71.2325, 46.8205], [-71.2321, 46.8205], [-71.2318, 46.8206], [-71.2315, 46.8207], [-71.2313, 46.8207], [-71.2311, 46.8208], [-71.2309, 46.8209], [-71.2308, 46.8209], [-71.2307, 46.821], [-71.2307, 46.8211], [-71.2306, 46.8211], [-71.2305, 46.8212], [-71.2304, 46.8212], [-71.2303, 46.8212], [-71.2303, 46.8211], [-71.2302, 46.8211], [-71.2302, 46.821], [-71.2301, 46.821], [-71.2302, 46.8209], [-71.2303, 46.8208], [-71.2304, 46.8208], [-71.2305, 46.8207], [-71.2306, 46.8207], [-71.2306, 46.8206], [-71.2307, 46.8205], [-71.2307, 46.8204], [-71.2307, 46.8203], [-71.2307, 46.8202], [-71.2306, 46.8201], [-71.2305, 46.82], [-71.2304, 46.8199], [-71.2303, 46.8199], [-71.2302, 46.8199], [-71.2301, 46.8199], [-71.23, 46.8199], [-71.2298, 46.82], [-71.2297, 46.82], [-71.2295, 46.8201], [-71.2293, 46.8202], [-71.2292, 46.8202], [-71.229, 46.8202], [-71.2288, 46.8202], [-71.2286, 46.8202], [-71.2284, 46.8201], [-71.2282, 46.8201], [-71.228, 46.82], [-71.2278, 46.82], [-71.2276, 46.82], [-71.2275, 46.82], [-71.2273, 46.8201], [-71.2272, 46.8201], [-71.227, 46.8202], [-71.2269, 46.8203], [-71.2268, 46.8204], [-71.2267, 46.8205], [-71.2267, 46.8206], [-71.2266, 46.8206], [-71.2266, 46.8207], [-71.2266, 46.8208], [-71.2266, 46.8209], [-71.2267, 46.821], [-71.2267, 46.8211], [-71.2267, 46.8212], [-71.2267, 46.8213], [-71.2266, 46.8213], [-71.2266, 46.8214], [-71.2265, 46.8215], [-71.2264, 46.8216], [-71.2263, 46.8216], [-71.2262, 46.8217], [-71.2261, 46.8218], [-71.226, 46.822], [-71.2259, 46.8222], [-71.2259, 46.8224], [-71.2258, 46.8227], [-71.2258, 46.823], [-71.2258, 46.8233], [-71.2258, 46.8236], [-71.2258, 46.8239], [-71.2258, 46.8241], [-71.2259, 46.8243], [-71.2259, 46.8245], [-71.226, 46.8246], [-71.2261, 46.8247], [-71.2262, 46.8247], [-71.2262, 46.8248], [-71.2263, 46.8249], [-71.2263, 46.825], [-71.2262, 46.8251], [-71.2261, 46.8251], [-71.226, 46.8252], [-71.2259, 46.8253], [-71.2258, 46.8254], [-71.2258, 46.8256], [-71.2257, 46.8257], [-71.2257, 46.826], [-71.2257, 46.8262], [-71.2257, 46.8266], [-71.2257, 46.8269], [-71.2259, 46.8272], [-71.2261, 46.8275], [-71.2265, 46.8278], [-71.2269, 46.828], [-71.2275, 46.8282], [-71.2282, 46.8284], [-71.229, 46.8286], [-71.2298, 46.8287], [-71.2307, 46.8288], [-71.2314, 46.8289], [-71.2321, 46.8289], [-71.2327, 46.8289], [-71.2332, 46.8289], [-71.2336, 46.8289], [-71.234, 46.8288], [-71.2343, 46.8287], [-71.2345, 46.8286], [-71.2347, 46.8286], [-71.2349, 46.8286], [-71.235, 46.8286], [-71.2351, 46.8286], [-71.2352, 46.8287], [-71.2352, 46.8288], [-71.2351, 46.8289], [-71.2351, 46.829], [-71.2352, 46.8291], [-71.2352, 46.8292], [-71.2353, 46.8293], [-71.2355, 46.8293], [-71.2356, 46.8294], [-71.2358, 46.8295], [-71.2361, 46.8295], [-71.2363, 46.8295], [-71.2365, 46.8295], [-71.2367, 46.8295], [-71.2368, 46.8295], [-71.2369, 46.8295], [-71.237, 46.8295], [-71.2371, 46.8294], [-71.2372, 46.8293], [-71.2372, 46.8292], [-71.2371, 46.8291], [-71.2371, 46.829], [-71.2371, 46.8289], [-71.237, 46.8288], [-71.2369, 46.8286], [-71.2368, 46.8285], [-71.2367, 46.8283], [-71.2366, 46.8282], [-71.2367, 46.8281], [-71.2368, 46.828], [-71.2369, 46.828], [-71.2371, 46.828], [-71.2373, 46.828], [-71.2375, 46.828], [-71.2378, 46.8279], [-71.238, 46.8278], [-71.2382, 46.8276], [-71.2384, 46.8274], [-71.2385, 46.8272], [-71.2387, 46.8269], [-71.2389, 46.8266], [-71.239, 46.8263], [-71.2391, 46.826], [-71.2392, 46.8257], [-71.2392, 46.8255], [-71.2391, 46.8252], [-71.239, 46.825], [-71.2389, 46.8247], [-71.2388, 46.8245], [-71.2386, 46.8243], [-71.2384, 46.8242], [-71.2382, 46.824], [-71.238, 46.8239], [-71.2378, 46.8239], [-71.2376, 46.8238], [-71.2373, 46.8238], [-71.2371, 46.8238], [-71.2368, 46.8238], [-71.2366, 46.8238], [-71.2364, 46.8238], [-71.2366, 46.8237]]]}}, {"type": "Feature", "properties": {"couche": "aire_marche", "station": "9e Rue", "ordre": 24, "minutes": 10, "superficie_ha": 103.1, "rue_km": 32.54, "disque_ha": 153.9, "part_disque_pct": 67, "accroche_m": 2, "population": 7481, "navetteurs": 2698, "mode_auto_pct": 50, "mode_tc_pct": 18, "mode_actif_pct": 31, "mode_autre_pct": 1}, "geometry": {"type": "Polygon", "coordinates": [[[-71.2362, 46.8238], [-71.2364, 46.8238], [-71.2365, 46.8238], [-71.2366, 46.8238], [-71.2368, 46.8238], [-71.2369, 46.8238], [-71.2371, 46.8238], [-71.2372, 46.8238], [-71.2374, 46.8238], [-71.2375, 46.8238], [-71.2377, 46.8238], [-71.2378, 46.8238], [-71.238, 46.8238], [-71.2381, 46.8239], [-71.2382, 46.824], [-71.2383, 46.8241], [-71.2384, 46.8243], [-71.2385, 46.8244], [-71.2386, 46.8245], [-71.2387, 46.8246], [-71.2388, 46.8247], [-71.2389, 46.8248], [-71.239, 46.8248], [-71.2391, 46.8248], [-71.2392, 46.8248], [-71.2393, 46.8247], [-71.2393, 46.8247], [-71.2394, 46.8247], [-71.2395, 46.8247], [-71.2396, 46.8247], [-71.2397, 46.8247], [-71.2397, 46.8247], [-71.2398, 46.8248], [-71.2399, 46.8249], [-71.2399, 46.825], [-71.2399, 46.8252], [-71.2399, 46.8254], [-71.2398, 46.8256], [-71.2397, 46.8259], [-71.2396, 46.8263], [-71.2394, 46.8266], [-71.2393, 46.8271], [-71.2391, 46.8274], [-71.2389, 46.8278], [-71.2388, 46.828], [-71.2386, 46.8282], [-71.2385, 46.8284], [-71.2383, 46.8285], [-71.2382, 46.8286], [-71.2381, 46.8286], [-71.238, 46.8286], [-71.2379, 46.8286], [-71.2378, 46.8285], [-71.2377, 46.8285], [-71.2376, 46.8284], [-71.2375, 46.8283], [-71.2374, 46.8282], [-71.2373, 46.8281], [-71.2372, 46.828], [-71.2371, 46.8279], [-71.237, 46.8278], [-71.2369, 46.8278], [-71.2368, 46.8278], [-71.2368, 46.8277], [-71.2367, 46.8278], [-71.2366, 46.8278], [-71.2365, 46.8278], [-71.2365, 46.8279], [-71.2365, 46.828], [-71.2365, 46.8281], [-71.2365, 46.8281], [-71.2366, 46.8283], [-71.2367, 46.8284], [-71.2368, 46.8285], [-71.2369, 46.8286], [-71.237, 46.8287], [-71.2371, 46.8288], [-71.2372, 46.8289], [-71.2373, 46.829], [-71.2374, 46.829], [-71.2375, 46.829], [-71.2376, 46.8291], [-71.2377, 46.8291], [-71.2378, 46.8291], [-71.2379, 46.8292], [-71.2379, 46.8292], [-71.2379, 46.8293], [-71.2379, 46.8294], [-71.2379, 46.8295], [-71.2378, 46.8296], [-71.2378, 46.8297], [-71.2376, 46.8298], [-71.2374, 46.8299], [-71.2372, 46.8299], [-71.237, 46.8299], [-71.2366, 46.8299], [-71.2363, 46.8299], [-71.2359, 46.8298], [-71.2355, 46.8298], [-71.2352, 46.8297], [-71.235, 46.8296], [-71.2347, 46.8295], [-71.2346, 46.8294], [-71.2345, 46.8293], [-71.2344, 46.8292], [-71.2344, 46.8291], [-71.2344, 46.8289], [-71.2343, 46.8289], [-71.2343, 46.8288], [-71.2342, 46.8287], [-71.2342, 46.8287], [-71.2341, 46.8287], [-71.234, 46.8287], [-71.2339, 46.8287], [-71.2338, 46.8288], [-71.2337, 46.8288], [-71.2336, 46.8289], [-71.2336, 46.829], [-71.2335, 46.829], [-71.2335, 46.8291], [-71.2335, 46.8292], [-71.2334, 46.8293], [-71.2333, 46.8294], [-71.2331, 46.8295], [-71.2327, 46.8295], [-71.2323, 46.8294], [-71.2317, 46.8294], [-71.2311, 46.8293], [-71.2303, 46.8291], [-71.2295, 46.829], [-71.2287, 46.8288], [-71.228, 46.8287], [-71.2274, 46.8286], [-71.2269, 46.8285], [-71.2265, 46.8285], [-71.2262, 46.8285], [-71.226, 46.8285], [-71.2259, 46.8285], [-71.2258, 46.8285], [-71.2257, 46.8285], [-71.2256, 46.8284], [-71.2256, 46.8284], [-71.2255, 46.8283], [-71.2255, 46.8282], [-71.2255, 46.828], [-71.2256, 46.8279], [-71.2256, 46.8277], [-71.2256, 46.8276], [-71.2256, 46.8274], [-71.2255, 46.8273], [-71.2255, 46.8272], [-71.2254, 46.8271], [-71.2253, 46.827], [-71.2252, 46.827], [-71.225, 46.8268], [-71.225, 46.8266], [-71.2249, 46.8264], [-71.2249, 46.826], [-71.2248, 46.8256], [-71.2248, 46.8252], [-71.2248, 46.8247], [-71.2249, 46.8241], [-71.2249, 46.8236], [-71.225, 46.8231], [-71.2251, 46.8227], [-71.2253, 46.8224], [-71.2254, 46.8221], [-71.2256, 46.8219], [-71.2258, 46.8217], [-71.226, 46.8217], [-71.2262, 46.8216], [-71.2263, 46.8215], [-71.2264, 46.8214], [-71.2265, 46.8213], [-71.2265, 46.8212], [-71.2265, 46.8211], [-71.2264, 46.8211], [-71.2262, 46.821], [-71.2261, 46.8209], [-71.2261, 46.8208], [-71.226, 46.8207], [-71.226, 46.8206], [-71.226, 46.8205], [-71.2261, 46.8204], [-71.2261, 46.8202], [-71.2262, 46.8201], [-71.2263, 46.82], [-71.2265, 46.8199], [-71.2266, 46.8199], [-71.2268, 46.8198], [-71.227, 46.8198], [-71.2273, 46.8198], [-71.2275, 46.8199], [-71.2278, 46.8199], [-71.2281, 46.82], [-71.2283, 46.82], [-71.2285, 46.82], [-71.2286, 46.82], [-71.2287, 46.82], [-71.2288, 46.8199], [-71.2289, 46.8199], [-71.2289, 46.8198], [-71.229, 46.8197], [-71.2291, 46.8197], [-71.2292, 46.8196], [-71.2293, 46.8195], [-71.2295, 46.8195], [-71.2297, 46.8194], [-71.2299, 46.8194], [-71.2301, 46.8193], [-71.2304, 46.8193], [-71.2305, 46.8193], [-71.2307, 46.8193], [-71.2309, 46.8193], [-71.231, 46.8193], [-71.2311, 46.8194], [-71.2311, 46.8194], [-71.2312, 46.8195], [-71.2312, 46.8195], [-71.2312, 46.8196], [-71.2312, 46.8197], [-71.2312, 46.8197], [-71.2312, 46.8198], [-71.2311, 46.8199], [-71.2311, 46.8199], [-71.231, 46.82], [-71.2309, 46.8201], [-71.2309, 46.8201], [-71.2309, 46.8202], [-71.2309, 46.8203], [-71.2309, 46.8203], [-71.231, 46.8204], [-71.231, 46.8204], [-71.2311, 46.8205], [-71.2312, 46.8205], [-71.2313, 46.8206], [-71.2315, 46.8206], [-71.2316, 46.8206], [-71.2317, 46.8205], [-71.2318, 46.8205], [-71.232, 46.8204], [-71.2321, 46.8203], [-71.2323, 46.8202], [-71.2325, 46.8202], [-71.2327, 46.8202], [-71.233, 46.8202], [-71.2333, 46.8202], [-71.2336, 46.8202], [-71.2339, 46.8203], [-71.2342, 46.8204], [-71.2346, 46.8204], [-71.2348, 46.8204], [-71.2351, 46.8205], [-71.2353, 46.8204], [-71.2354, 46.8204], [-71.2355, 46.8203], [-71.2356, 46.8202], [-71.2357, 46.8201], [-71.2357, 46.82], [-71.2358, 46.8199], [-71.2358, 46.8199], [-71.2359, 46.8198], [-71.236, 46.8197], [-71.2361, 46.8197], [-71.2362, 46.8197], [-71.2363, 46.8197], [-71.2364, 46.8197], [-71.2365, 46.8197], [-71.2366, 46.8197], [-71.2366, 46.8198], [-71.2367, 46.8198], [-71.2368, 46.8199], [-71.2369, 46.8199], [-71.2369, 46.82], [-71.237, 46.8201], [-71.237, 46.8202], [-71.237, 46.8203], [-71.237, 46.8204], [-71.237, 46.8204], [-71.2369, 46.8205], [-71.2369, 46.8206], [-71.2368, 46.8206], [-71.2367, 46.8207], [-71.2367, 46.8207], [-71.2368, 46.8208], [-71.2368, 46.8208], [-71.2369, 46.8208], [-71.2371, 46.8208], [-71.2373, 46.8208], [-71.2375, 46.8207], [-71.2377, 46.8207], [-71.2379, 46.8208], [-71.2381, 46.8208], [-71.2383, 46.8209], [-71.2384, 46.821], [-71.2386, 46.8211], [-71.2387, 46.8213], [-71.2389, 46.8215], [-71.239, 46.8216], [-71.2391, 46.8218], [-71.2391, 46.822], [-71.2391, 46.8222], [-71.239, 46.8224], [-71.2389, 46.8225], [-71.2388, 46.8227], [-71.2386, 46.8229], [-71.2384, 46.823], [-71.2383, 46.8232], [-71.238, 46.8233], [-71.2378, 46.8234], [-71.2376, 46.8235], [-71.2373, 46.8236], [-71.2371, 46.8237], [-71.2368, 46.8237], [-71.2366, 46.8237], [-71.2364, 46.8238], [-71.2362, 46.8238], [-71.2362, 46.8238], [-71.2361, 46.8238], [-71.2362, 46.8238], [-71.2362, 46.8238]]]}}, {"type": "Feature", "properties": {"couche": "voile", "station": "9e Rue", "minutes": 10}, "geometry": {"type": "Polygon", "coordinates": [[[-71.399, 46.9367], [-71.0687, 46.9388], [-71.0663, 46.7123], [-71.3953, 46.7102], [-71.399, 46.9367]], [[-71.2366, 46.8237], [-71.2368, 46.8237], [-71.2371, 46.8237], [-71.2373, 46.8236], [-71.2376, 46.8235], [-71.2378, 46.8234], [-71.238, 46.8233], [-71.2383, 46.8232], [-71.2384, 46.823], [-71.2386, 46.8229], [-71.2388, 46.8227], [-71.2389, 46.8225], [-71.239, 46.8224], [-71.2391, 46.8222], [-71.2391, 46.822], [-71.2391, 46.8218], [-71.239, 46.8216], [-71.2389, 46.8215], [-71.2387, 46.8213], [-71.2386, 46.8211], [-71.2384, 46.821], [-71.2383, 46.8209], [-71.2381, 46.8208], [-71.2379, 46.8208], [-71.2377, 46.8207], [-71.2375, 46.8207], [-71.2373, 46.8208], [-71.2371, 46.8208], [-71.2369, 46.8208], [-71.2368, 46.8208], [-71.2367, 46.8207], [-71.2368, 46.8206], [-71.2369, 46.8206], [-71.2369, 46.8205], [-71.237, 46.8204], [-71.237, 46.8203], [-71.237, 46.8202], [-71.237, 46.8201], [-71.2369, 46.82], [-71.2369, 46.8199], [-71.2368, 46.8199], [-71.2367, 46.8198], [-71.2366, 46.8198], [-71.2366, 46.8197], [-71.2365, 46.8197], [-71.2364, 46.8197], [-71.2363, 46.8197], [-71.2362, 46.8197], [-71.2361, 46.8197], [-71.236, 46.8197], [-71.2359, 46.8198], [-71.2358, 46.8199], [-71.2357, 46.82], [-71.2357, 46.8201], [-71.2356, 46.8202], [-71.2355, 46.8203], [-71.2354, 46.8204], [-71.2353, 46.8204], [-71.2351, 46.8205], [-71.2348, 46.8204], [-71.2346, 46.8204], [-71.2342, 46.8204], [-71.2339, 46.8203], [-71.2336, 46.8202], [-71.2333, 46.8202], [-71.233, 46.8202], [-71.2327, 46.8202], [-71.2325, 46.8202], [-71.2323, 46.8202], [-71.2321, 46.8203], [-71.232, 46.8204], [-71.2318, 46.8205], [-71.2317, 46.8205], [-71.2316, 46.8206], [-71.2315, 46.8206], [-71.2313, 46.8206], [-71.2312, 46.8205], [-71.2311, 46.8205], [-71.231, 46.8204], [-71.2309, 46.8203], [-71.2309, 46.8202], [-71.2309, 46.8201], [-71.231, 46.82], [-71.2311, 46.8199], [-71.2312, 46.8198], [-71.2312, 46.8197], [-71.2312, 46.8196], [-71.2312, 46.8195], [-71.2311, 46.8194], [-71.231, 46.8193], [-71.2309, 46.8193], [-71.2307, 46.8193], [-71.2305, 46.8193], [-71.2304, 46.8193], [-71.2301, 46.8193], [-71.2299, 46.8194], [-71.2297, 46.8194], [-71.2295, 46.8195], [-71.2293, 46.8195], [-71.2292, 46.8196], [-71.2291, 46.8197], [-71.229, 46.8197], [-71.2289, 46.8198], [-71.2289, 46.8199], [-71.2288, 46.8199], [-71.2287, 46.82], [-71.2286, 46.82], [-71.2285, 46.82], [-71.2283, 46.82], [-71.2281, 46.82], [-71.2278, 46.8199], [-71.2275, 46.8199], [-71.2273, 46.8198], [-71.227, 46.8198], [-71.2268, 46.8198], [-71.2266, 46.8199], [-71.2265, 46.8199], [-71.2263, 46.82], [-71.2262, 46.8201], [-71.2261, 46.8202], [-71.2261, 46.8204], [-71.226, 46.8205], [-71.226, 46.8206], [-71.226, 46.8207], [-71.2261, 46.8208], [-71.2261, 46.8209], [-71.2262, 46.821], [-71.2264, 46.8211], [-71.2265, 46.8211], [-71.2265, 46.8212], [-71.2265, 46.8213], [-71.2264, 46.8214], [-71.2263, 46.8215], [-71.2262, 46.8216], [-71.226, 46.8217], [-71.2258, 46.8217], [-71.2256, 46.8219], [-71.2254, 46.8221], [-71.2253, 46.8224], [-71.2251, 46.8227], [-71.225, 46.8231], [-71.2249, 46.8236], [-71.2249, 46.8241], [-71.2248, 46.8247], [-71.2248, 46.8252], [-71.2248, 46.8256], [-71.2249, 46.826], [-71.2249, 46.8264], [-71.225, 46.8266], [-71.225, 46.8268], [-71.2252, 46.827], [-71.2253, 46.827], [-71.2254, 46.8271], [-71.2255, 46.8272], [-71.2255, 46.8273], [-71.2256, 46.8274], [-71.2256, 46.8276], [-71.2256, 46.8277], [-71.2256, 46.8279], [-71.2255, 46.828], [-71.2255, 46.8282], [-71.2255, 46.8283], [-71.2256, 46.8284], [-71.2257, 46.8285], [-71.2258, 46.8285], [-71.2259, 46.8285], [-71.226, 46.8285], [-71.2262, 46.8285], [-71.2265, 46.8285], [-71.2269, 46.8285], [-71.2274, 46.8286], [-71.228, 46.8287], [-71.2287, 46.8288], [-71.2295, 46.829], [-71.2303, 46.8291], [-71.2311, 46.8293], [-71.2317, 46.8294], [-71.2323, 46.8294], [-71.2327, 46.8295], [-71.2331, 46.8295], [-71.2333, 46.8294], [-71.2334, 46.8293], [-71.2335, 46.8292], [-71.2335, 46.8291], [-71.2335, 46.829], [-71.2336, 46.829], [-71.2336, 46.8289], [-71.2337, 46.8288], [-71.2338, 46.8288], [-71.2339, 46.8287], [-71.234, 46.8287], [-71.2341, 46.8287], [-71.2342, 46.8287], [-71.2343, 46.8288], [-71.2343, 46.8289], [-71.2344, 46.8289], [-71.2344, 46.8291], [-71.2344, 46.8292], [-71.2345, 46.8293], [-71.2346, 46.8294], [-71.2347, 46.8295], [-71.235, 46.8296], [-71.2352, 46.8297], [-71.2355, 46.8298], [-71.2359, 46.8298], [-71.2363, 46.8299], [-71.2366, 46.8299], [-71.237, 46.8299], [-71.2372, 46.8299], [-71.2374, 46.8299], [-71.2376, 46.8298], [-71.2378, 46.8297], [-71.2378, 46.8296], [-71.2379, 46.8295], [-71.2379, 46.8294], [-71.2379, 46.8293], [-71.2379, 46.8292], [-71.2378, 46.8291], [-71.2377, 46.8291], [-71.2376, 46.8291], [-71.2375, 46.829], [-71.2374, 46.829], [-71.2373, 46.829], [-71.2372, 46.8289], [-71.2371, 46.8288], [-71.237, 46.8287], [-71.2369, 46.8286], [-71.2368, 46.8285], [-71.2367, 46.8284], [-71.2366, 46.8283], [-71.2365, 46.8281], [-71.2365, 46.828], [-71.2365, 46.8279], [-71.2365, 46.8278], [-71.2366, 46.8278], [-71.2367, 46.8278], [-71.2368, 46.8277], [-71.2368, 46.8278], [-71.2369, 46.8278], [-71.237, 46.8278], [-71.2371, 46.8279], [-71.2372, 46.828], [-71.2373, 46.8281], [-71.2374, 46.8282], [-71.2375, 46.8283], [-71.2376, 46.8284], [-71.2377, 46.8285], [-71.2378, 46.8285], [-71.2379, 46.8286], [-71.238, 46.8286], [-71.2381, 46.8286], [-71.2382, 46.8286], [-71.2383, 46.8285], [-71.2385, 46.8284], [-71.2386, 46.8282], [-71.2388, 46.828], [-71.2389, 46.8278], [-71.2391, 46.8274], [-71.2393, 46.8271], [-71.2394, 46.8266], [-71.2396, 46.8263], [-71.2397, 46.8259], [-71.2398, 46.8256], [-71.2399, 46.8254], [-71.2399, 46.8252], [-71.2399, 46.825], [-71.2399, 46.8249], [-71.2398, 46.8248], [-71.2397, 46.8247], [-71.2396, 46.8247], [-71.2395, 46.8247], [-71.2394, 46.8247], [-71.2393, 46.8247], [-71.2392, 46.8248], [-71.2391, 46.8248], [-71.239, 46.8248], [-71.2389, 46.8248], [-71.2388, 46.8247], [-71.2387, 46.8246], [-71.2386, 46.8245], [-71.2385, 46.8244], [-71.2384, 46.8243], [-71.2383, 46.8241], [-71.2382, 46.824], [-71.2381, 46.8239], [-71.238, 46.8238], [-71.2378, 46.8238], [-71.2377, 46.8238], [-71.2375, 46.8238], [-71.2374, 46.8238], [-71.2372, 46.8238], [-71.2371, 46.8238], [-71.2369, 46.8238], [-71.2368, 46.8238], [-71.2366, 46.8238], [-71.2365, 46.8238], [-71.2364, 46.8238], [-71.2366, 46.8237]]]}}, {"type": "Feature", "properties": {"couche": "aire_marche", "station": "9e Rue", "ordre": 24, "minutes": 11, "superficie_ha": 124.6, "rue_km": 38.43, "disque_ha": 186.3, "part_disque_pct": 67, "accroche_m": 2, "population": 8859, "navetteurs": 3205, "mode_auto_pct": 51, "mode_tc_pct": 17, "mode_actif_pct": 31, "mode_autre_pct": 1}, "geometry": {"type": "Polygon", "coordinates": [[[-71.2405, 46.8266], [-71.2404, 46.8268], [-71.2403, 46.827], [-71.2402, 46.8272], [-71.24, 46.8274], [-71.2399, 46.8276], [-71.2397, 46.8277], [-71.2396, 46.8279], [-71.2394, 46.828], [-71.2393, 46.8281], [-71.2391, 46.8283], [-71.239, 46.8284], [-71.2388, 46.8286], [-71.2387, 46.8288], [-71.2386, 46.829], [-71.2385, 46.8292], [-71.2384, 46.8294], [-71.2384, 46.8297], [-71.2383, 46.8299], [-71.2382, 46.8301], [-71.2381, 46.8302], [-71.238, 46.8303], [-71.2379, 46.8304], [-71.2378, 46.8304], [-71.2377, 46.8303], [-71.2375, 46.8303], [-71.2374, 46.8302], [-71.2372, 46.8302], [-71.2371, 46.8302], [-71.2369, 46.8302], [-71.2368, 46.8302], [-71.2366, 46.8302], [-71.2365, 46.8303], [-71.2363, 46.8304], [-71.2362, 46.8304], [-71.236, 46.8304], [-71.2359, 46.8304], [-71.2358, 46.8304], [-71.2357, 46.8304], [-71.2356, 46.8303], [-71.2354, 46.8302], [-71.2354, 46.8301], [-71.2353, 46.83], [-71.2351, 46.8299], [-71.235, 46.8299], [-71.2349, 46.8298], [-71.2348, 46.8298], [-71.2347, 46.8299], [-71.2345, 46.8299], [-71.2344, 46.83], [-71.2342, 46.83], [-71.2339, 46.83], [-71.2336, 46.83], [-71.2332, 46.83], [-71.2328, 46.8299], [-71.2323, 46.8298], [-71.2318, 46.8297], [-71.2311, 46.8296], [-71.2305, 46.8295], [-71.23, 46.8294], [-71.2294, 46.8293], [-71.2289, 46.8292], [-71.2284, 46.8292], [-71.2279, 46.8292], [-71.2274, 46.8292], [-71.2269, 46.8292], [-71.2265, 46.8292], [-71.2262, 46.8292], [-71.2259, 46.8291], [-71.2257, 46.829], [-71.2255, 46.8289], [-71.2253, 46.8288], [-71.2253, 46.8286], [-71.2252, 46.8284], [-71.2252, 46.8282], [-71.2251, 46.8281], [-71.2251, 46.8279], [-71.225, 46.8277], [-71.2249, 46.8276], [-71.2248, 46.8274], [-71.2247, 46.8273], [-71.2245, 46.8272], [-71.2244, 46.827], [-71.2243, 46.8267], [-71.2242, 46.8265], [-71.2242, 46.8261], [-71.2241, 46.8257], [-71.2241, 46.8253], [-71.2241, 46.8248], [-71.2242, 46.8242], [-71.2242, 46.8237], [-71.2242, 46.8233], [-71.2243, 46.8229], [-71.2243, 46.8225], [-71.2244, 46.8222], [-71.2245, 46.8219], [-71.2246, 46.8216], [-71.2247, 46.8214], [-71.2248, 46.8213], [-71.2249, 46.8211], [-71.2251, 46.8209], [-71.2252, 46.8208], [-71.2253, 46.8207], [-71.2255, 46.8206], [-71.2256, 46.8205], [-71.2258, 46.8205], [-71.2259, 46.8204], [-71.226, 46.8203], [-71.2261, 46.8203], [-71.2261, 46.8202], [-71.2261, 46.8201], [-71.226, 46.82], [-71.226, 46.82], [-71.2258, 46.8199], [-71.2258, 46.8198], [-71.2257, 46.8198], [-71.2257, 46.8197], [-71.2258, 46.8196], [-71.2258, 46.8196], [-71.2259, 46.8195], [-71.226, 46.8195], [-71.2262, 46.8195], [-71.2264, 46.8195], [-71.2265, 46.8194], [-71.2267, 46.8194], [-71.2268, 46.8195], [-71.227, 46.8195], [-71.2272, 46.8195], [-71.2274, 46.8196], [-71.2275, 46.8196], [-71.2277, 46.8196], [-71.2279, 46.8197], [-71.228, 46.8197], [-71.2281, 46.8196], [-71.2282, 46.8196], [-71.2283, 46.8196], [-71.2284, 46.8195], [-71.2285, 46.8194], [-71.2285, 46.8193], [-71.2286, 46.8193], [-71.2287, 46.8193], [-71.2288, 46.8192], [-71.2289, 46.8193], [-71.2291, 46.8193], [-71.2292, 46.8193], [-71.2293, 46.8194], [-71.2295, 46.8194], [-71.2296, 46.8195], [-71.2298, 46.8195], [-71.23, 46.8194], [-71.2301, 46.8194], [-71.2303, 46.8193], [-71.2305, 46.8192], [-71.2306, 46.8191], [-71.2308, 46.819], [-71.2309, 46.8189], [-71.2311, 46.8189], [-71.2312, 46.8188], [-71.2312, 46.8189], [-71.2313, 46.8189], [-71.2314, 46.819], [-71.2314, 46.8191], [-71.2315, 46.8192], [-71.2316, 46.8193], [-71.2318, 46.8194], [-71.2321, 46.8196], [-71.2324, 46.8197], [-71.2328, 46.8198], [-71.2332, 46.82], [-71.2337, 46.8201], [-71.2342, 46.8202], [-71.2345, 46.8203], [-71.2348, 46.8203], [-71.2351, 46.8203], [-71.2353, 46.8203], [-71.2354, 46.8202], [-71.2355, 46.82], [-71.2355, 46.8199], [-71.2355, 46.8197], [-71.2355, 46.8196], [-71.2356, 46.8196], [-71.2357, 46.8195], [-71.2358, 46.8195], [-71.2359, 46.8195], [-71.2361, 46.8196], [-71.2363, 46.8197], [-71.2364, 46.8198], [-71.2366, 46.8198], [-71.2368, 46.8199], [-71.237, 46.8199], [-71.2372, 46.82], [-71.2374, 46.82], [-71.2376, 46.82], [-71.2378, 46.82], [-71.238, 46.8201], [-71.2382, 46.8201], [-71.2384, 46.8202], [-71.2386, 46.8204], [-71.2388, 46.8205], [-71.2391, 46.8207], [-71.2393, 46.821], [-71.2395, 46.8212], [-71.2397, 46.8214], [-71.2398, 46.8216], [-71.2399, 46.8218], [-71.2399, 46.8219], [-71.2399, 46.822], [-71.2399, 46.8221], [-71.2398, 46.8222], [-71.2397, 46.8222], [-71.2396, 46.8222], [-71.2395, 46.8222], [-71.2394, 46.8223], [-71.2392, 46.8224], [-71.2391, 46.8225], [-71.2389, 46.8227], [-71.2387, 46.8228], [-71.2385, 46.823], [-71.2383, 46.8231], [-71.2381, 46.8233], [-71.2379, 46.8234], [-71.2376, 46.8235], [-71.2373, 46.8236], [-71.2371, 46.8236], [-71.2368, 46.8237], [-71.2365, 46.8237], [-71.2363, 46.8237], [-71.2362, 46.8237], [-71.2362, 46.8238], [-71.2363, 46.8238], [-71.2366, 46.8238], [-71.2369, 46.8238], [-71.2373, 46.8238], [-71.2379, 46.8239], [-71.2384, 46.8239], [-71.2389, 46.824], [-71.2392, 46.8241], [-71.2396, 46.8242], [-71.2399, 46.8244], [-71.2401, 46.8246], [-71.2403, 46.8248], [-71.2404, 46.825], [-71.2405, 46.8252], [-71.2406, 46.8255], [-71.2406, 46.8257], [-71.2406, 46.8259], [-71.2406, 46.8262], [-71.2406, 46.8264], [-71.2405, 46.8266]]]}}, {"type": "Feature", "properties": {"couche": "voile", "station": "9e Rue", "minutes": 11}, "geometry": {"type": "Polygon", "coordinates": [[[-71.3997, 46.9372], [-71.068, 46.9393], [-71.0656, 46.7118], [-71.396, 46.7097], [-71.3997, 46.9372]], [[-71.2406, 46.8264], [-71.2406, 46.8262], [-71.2406, 46.8259], [-71.2406, 46.8257], [-71.2406, 46.8255], [-71.2405, 46.8252], [-71.2404, 46.825], [-71.2403, 46.8248], [-71.2401, 46.8246], [-71.2399, 46.8244], [-71.2396, 46.8242], [-71.2392, 46.8241], [-71.2389, 46.824], [-71.2384, 46.8239], [-71.2379, 46.8239], [-71.2373, 46.8238], [-71.2369, 46.8238], [-71.2366, 46.8238], [-71.2363, 46.8238], [-71.2362, 46.8238], [-71.2362, 46.8237], [-71.2363, 46.8237], [-71.2365, 46.8237], [-71.2368, 46.8237], [-71.2371, 46.8236], [-71.2373, 46.8236], [-71.2376, 46.8235], [-71.2379, 46.8234], [-71.2381, 46.8233], [-71.2383, 46.8231], [-71.2385, 46.823], [-71.2387, 46.8228], [-71.2389, 46.8227], [-71.2391, 46.8225], [-71.2392, 46.8224], [-71.2394, 46.8223], [-71.2395, 46.8222], [-71.2396, 46.8222], [-71.2397, 46.8222], [-71.2398, 46.8222], [-71.2399, 46.8221], [-71.2399, 46.822], [-71.2399, 46.8219], [-71.2399, 46.8218], [-71.2398, 46.8216], [-71.2397, 46.8214], [-71.2395, 46.8212], [-71.2393, 46.821], [-71.2391, 46.8207], [-71.2388, 46.8205], [-71.2386, 46.8204], [-71.2384, 46.8202], [-71.2382, 46.8201], [-71.238, 46.8201], [-71.2378, 46.82], [-71.2376, 46.82], [-71.2374, 46.82], [-71.2372, 46.82], [-71.237, 46.8199], [-71.2368, 46.8199], [-71.2366, 46.8198], [-71.2364, 46.8198], [-71.2363, 46.8197], [-71.2361, 46.8196], [-71.2359, 46.8195], [-71.2358, 46.8195], [-71.2357, 46.8195], [-71.2356, 46.8196], [-71.2355, 46.8196], [-71.2355, 46.8197], [-71.2355, 46.8199], [-71.2355, 46.82], [-71.2354, 46.8202], [-71.2353, 46.8203], [-71.2351, 46.8203], [-71.2348, 46.8203], [-71.2345, 46.8203], [-71.2342, 46.8202], [-71.2337, 46.8201], [-71.2332, 46.82], [-71.2328, 46.8198], [-71.2324, 46.8197], [-71.2321, 46.8196], [-71.2318, 46.8194], [-71.2316, 46.8193], [-71.2315, 46.8192], [-71.2314, 46.8191], [-71.2314, 46.819], [-71.2313, 46.8189], [-71.2312, 46.8189], [-71.2312, 46.8188], [-71.2311, 46.8189], [-71.2309, 46.8189], [-71.2308, 46.819], [-71.2306, 46.8191], [-71.2305, 46.8192], [-71.2303, 46.8193], [-71.2301, 46.8194], [-71.23, 46.8194], [-71.2298, 46.8195], [-71.2296, 46.8195], [-71.2295, 46.8194], [-71.2293, 46.8194], [-71.2292, 46.8193], [-71.2291, 46.8193], [-71.2289, 46.8193], [-71.2288, 46.8192], [-71.2287, 46.8193], [-71.2286, 46.8193], [-71.2285, 46.8193], [-71.2285, 46.8194], [-71.2284, 46.8195], [-71.2283, 46.8196], [-71.2282, 46.8196], [-71.2281, 46.8196], [-71.228, 46.8197], [-71.2279, 46.8197], [-71.2277, 46.8196], [-71.2275, 46.8196], [-71.2274, 46.8196], [-71.2272, 46.8195], [-71.227, 46.8195], [-71.2268, 46.8195], [-71.2267, 46.8194], [-71.2265, 46.8194], [-71.2264, 46.8195], [-71.2262, 46.8195], [-71.226, 46.8195], [-71.2259, 46.8195], [-71.2258, 46.8196], [-71.2257, 46.8197], [-71.2257, 46.8198], [-71.2258, 46.8198], [-71.2258, 46.8199], [-71.226, 46.82], [-71.2261, 46.8201], [-71.2261, 46.8202], [-71.2261, 46.8203], [-71.226, 46.8203], [-71.2259, 46.8204], [-71.2258, 46.8205], [-71.2256, 46.8205], [-71.2255, 46.8206], [-71.2253, 46.8207], [-71.2252, 46.8208], [-71.2251, 46.8209], [-71.2249, 46.8211], [-71.2248, 46.8213], [-71.2247, 46.8214], [-71.2246, 46.8216], [-71.2245, 46.8219], [-71.2244, 46.8222], [-71.2243, 46.8225], [-71.2243, 46.8229], [-71.2242, 46.8233], [-71.2242, 46.8237], [-71.2242, 46.8242], [-71.2241, 46.8248], [-71.2241, 46.8253], [-71.2241, 46.8257], [-71.2242, 46.8261], [-71.2242, 46.8265], [-71.2243, 46.8267], [-71.2244, 46.827], [-71.2245, 46.8272], [-71.2247, 46.8273], [-71.2248, 46.8274], [-71.2249, 46.8276], [-71.225, 46.8277], [-71.2251, 46.8279], [-71.2251, 46.8281], [-71.2252, 46.8282], [-71.2252, 46.8284], [-71.2253, 46.8286], [-71.2253, 46.8288], [-71.2255, 46.8289], [-71.2257, 46.829], [-71.2259, 46.8291], [-71.2262, 46.8292], [-71.2265, 46.8292], [-71.2269, 46.8292], [-71.2274, 46.8292], [-71.2279, 46.8292], [-71.2284, 46.8292], [-71.2289, 46.8292], [-71.2294, 46.8293], [-71.23, 46.8294], [-71.2305, 46.8295], [-71.2311, 46.8296], [-71.2318, 46.8297], [-71.2323, 46.8298], [-71.2328, 46.8299], [-71.2332, 46.83], [-71.2336, 46.83], [-71.2339, 46.83], [-71.2342, 46.83], [-71.2344, 46.83], [-71.2345, 46.8299], [-71.2347, 46.8299], [-71.2348, 46.8298], [-71.2349, 46.8298], [-71.235, 46.8299], [-71.2351, 46.8299], [-71.2353, 46.83], [-71.2354, 46.8301], [-71.2354, 46.8302], [-71.2356, 46.8303], [-71.2357, 46.8304], [-71.2358, 46.8304], [-71.2359, 46.8304], [-71.236, 46.8304], [-71.2362, 46.8304], [-71.2363, 46.8304], [-71.2365, 46.8303], [-71.2366, 46.8302], [-71.2368, 46.8302], [-71.2369, 46.8302], [-71.2371, 46.8302], [-71.2372, 46.8302], [-71.2374, 46.8302], [-71.2375, 46.8303], [-71.2377, 46.8303], [-71.2378, 46.8304], [-71.2379, 46.8304], [-71.238, 46.8303], [-71.2381, 46.8302], [-71.2382, 46.8301], [-71.2383, 46.8299], [-71.2384, 46.8297], [-71.2384, 46.8294], [-71.2385, 46.8292], [-71.2386, 46.829], [-71.2387, 46.8288], [-71.2388, 46.8286], [-71.239, 46.8284], [-71.2391, 46.8283], [-71.2393, 46.8281], [-71.2394, 46.828], [-71.2396, 46.8279], [-71.2397, 46.8277], [-71.2399, 46.8276], [-71.24, 46.8274], [-71.2402, 46.8272], [-71.2403, 46.827], [-71.2404, 46.8268], [-71.2405, 46.8266], [-71.2406, 46.8264]]]}}, {"type": "Feature", "properties": {"couche": "aire_marche", "station": "9e Rue", "ordre": 24, "minutes": 12, "superficie_ha": 144.8, "rue_km": 44.83, "disque_ha": 221.7, "part_disque_pct": 65, "accroche_m": 2, "population": 10023, "navetteurs": 3652, "mode_auto_pct": 50, "mode_tc_pct": 18, "mode_actif_pct": 31, "mode_autre_pct": 1}, "geometry": {"type": "Polygon", "coordinates": [[[-71.2404, 46.8279], [-71.24, 46.8286], [-71.2397, 46.8292], [-71.2394, 46.8298], [-71.2391, 46.8302], [-71.2388, 46.8305], [-71.2386, 46.8307], [-71.2384, 46.8308], [-71.2383, 46.8309], [-71.2381, 46.8308], [-71.238, 46.8308], [-71.2378, 46.8307], [-71.2377, 46.8307], [-71.2375, 46.8307], [-71.2373, 46.8307], [-71.2371, 46.8308], [-71.2369, 46.8308], [-71.2367, 46.8309], [-71.2365, 46.8309], [-71.2363, 46.8309], [-71.2361, 46.8309], [-71.236, 46.8309], [-71.2358, 46.8308], [-71.2357, 46.8307], [-71.2355, 46.8306], [-71.2354, 46.8304], [-71.2353, 46.8303], [-71.2352, 46.8302], [-71.2351, 46.8302], [-71.235, 46.8302], [-71.2349, 46.8302], [-71.2347, 46.8302], [-71.2346, 46.8303], [-71.2345, 46.8304], [-71.2343, 46.8305], [-71.2341, 46.8306], [-71.2338, 46.8306], [-71.2334, 46.8306], [-71.233, 46.8305], [-71.2324, 46.8305], [-71.2319, 46.8304], [-71.2312, 46.8303], [-71.2307, 46.8301], [-71.2302, 46.83], [-71.2298, 46.8299], [-71.2295, 46.8298], [-71.2292, 46.8297], [-71.2291, 46.8296], [-71.229, 46.8295], [-71.229, 46.8294], [-71.2289, 46.8293], [-71.2288, 46.8293], [-71.2286, 46.8293], [-71.2284, 46.8293], [-71.2281, 46.8293], [-71.2277, 46.8294], [-71.2273, 46.8295], [-71.2268, 46.8296], [-71.2264, 46.8296], [-71.226, 46.8297], [-71.2257, 46.8297], [-71.2254, 46.8297], [-71.2252, 46.8296], [-71.225, 46.8296], [-71.2248, 46.8294], [-71.2248, 46.8293], [-71.2247, 46.8292], [-71.2247, 46.8291], [-71.2246, 46.829], [-71.2246, 46.8289], [-71.2247, 46.8288], [-71.2247, 46.8287], [-71.2248, 46.8287], [-71.2249, 46.8286], [-71.2249, 46.8286], [-71.2249, 46.8285], [-71.2249, 46.8284], [-71.2248, 46.8283], [-71.2247, 46.8282], [-71.2246, 46.8281], [-71.2244, 46.8279], [-71.2241, 46.8277], [-71.2239, 46.8275], [-71.2238, 46.8273], [-71.2236, 46.827], [-71.2236, 46.8266], [-71.2235, 46.8262], [-71.2235, 46.8258], [-71.2236, 46.8254], [-71.2236, 46.8249], [-71.2237, 46.8244], [-71.2237, 46.824], [-71.2237, 46.8237], [-71.2238, 46.8234], [-71.2237, 46.8232], [-71.2237, 46.823], [-71.2237, 46.8229], [-71.2236, 46.8229], [-71.2236, 46.8228], [-71.2236, 46.8227], [-71.2236, 46.8226], [-71.2236, 46.8224], [-71.2237, 46.8222], [-71.2237, 46.822], [-71.2238, 46.8218], [-71.224, 46.8215], [-71.2241, 46.8213], [-71.2242, 46.821], [-71.2244, 46.8209], [-71.2246, 46.8207], [-71.2248, 46.8206], [-71.225, 46.8205], [-71.2252, 46.8204], [-71.2255, 46.8204], [-71.2257, 46.8203], [-71.2258, 46.8203], [-71.2259, 46.8203], [-71.2259, 46.8202], [-71.2259, 46.8202], [-71.2258, 46.8202], [-71.2256, 46.8201], [-71.2255, 46.8201], [-71.2253, 46.8201], [-71.2251, 46.82], [-71.225, 46.82], [-71.2249, 46.82], [-71.2248, 46.8199], [-71.2247, 46.8198], [-71.2247, 46.8198], [-71.2247, 46.8197], [-71.2247, 46.8197], [-71.2247, 46.8196], [-71.2247, 46.8196], [-71.2248, 46.8195], [-71.2249, 46.8195], [-71.225, 46.8194], [-71.2252, 46.8194], [-71.2254, 46.8194], [-71.2255, 46.8193], [-71.2257, 46.8193], [-71.2259, 46.8193], [-71.2262, 46.8193], [-71.2264, 46.8194], [-71.2266, 46.8194], [-71.2269, 46.8195], [-71.2271, 46.8195], [-71.2274, 46.8196], [-71.2275, 46.8196], [-71.2277, 46.8196], [-71.2278, 46.8196], [-71.2278, 46.8196], [-71.2278, 46.8196], [-71.2277, 46.8196], [-71.2277, 46.8195], [-71.2276, 46.8195], [-71.2275, 46.8194], [-71.2275, 46.8193], [-71.2275, 46.8193], [-71.2275, 46.8192], [-71.2275, 46.8192], [-71.2276, 46.8191], [-71.2276, 46.819], [-71.2277, 46.819], [-71.2279, 46.819], [-71.228, 46.819], [-71.2281, 46.819], [-71.2283, 46.819], [-71.2285, 46.8191], [-71.2287, 46.8192], [-71.229, 46.8193], [-71.2292, 46.8194], [-71.2294, 46.8194], [-71.2296, 46.8194], [-71.2297, 46.8195], [-71.2299, 46.8195], [-71.23, 46.8194], [-71.2301, 46.8194], [-71.2302, 46.8193], [-71.2302, 46.8192], [-71.2303, 46.8191], [-71.2303, 46.8191], [-71.2303, 46.819], [-71.2303, 46.8189], [-71.2303, 46.8188], [-71.2302, 46.8188], [-71.2302, 46.8187], [-71.2302, 46.8186], [-71.2302, 46.8185], [-71.2302, 46.8185], [-71.2302, 46.8184], [-71.2303, 46.8184], [-71.2304, 46.8183], [-71.2305, 46.8183], [-71.2306, 46.8182], [-71.2307, 46.8182], [-71.2308, 46.8182], [-71.231, 46.8182], [-71.2311, 46.8182], [-71.2313, 46.8182], [-71.2314, 46.8182], [-71.2315, 46.8183], [-71.2317, 46.8183], [-71.2318, 46.8184], [-71.2319, 46.8184], [-71.232, 46.8185], [-71.232, 46.8186], [-71.232, 46.8187], [-71.232, 46.8187], [-71.232, 46.8188], [-71.2319, 46.8189], [-71.2318, 46.819], [-71.2318, 46.8191], [-71.2318, 46.8191], [-71.2318, 46.8192], [-71.2319, 46.8192], [-71.2319, 46.8192], [-71.232, 46.8192], [-71.2321, 46.8192], [-71.2322, 46.8192], [-71.2323, 46.8193], [-71.2323, 46.8193], [-71.2324, 46.8193], [-71.2324, 46.8194], [-71.2324, 46.8194], [-71.2324, 46.8195], [-71.2324, 46.8196], [-71.2324, 46.8196], [-71.2324, 46.8197], [-71.2325, 46.8198], [-71.2325, 46.8198], [-71.2326, 46.8199], [-71.2327, 46.8199], [-71.2328, 46.82], [-71.2329, 46.82], [-71.233, 46.8201], [-71.2332, 46.8201], [-71.2333, 46.8202], [-71.2335, 46.8202], [-71.2338, 46.8203], [-71.234, 46.8203], [-71.2342, 46.8204], [-71.2345, 46.8204], [-71.2348, 46.8205], [-71.235, 46.8205], [-71.2352, 46.8205], [-71.2353, 46.8205], [-71.2354, 46.8205], [-71.2355, 46.8204], [-71.2356, 46.8204], [-71.2356, 46.8203], [-71.2356, 46.8202], [-71.2356, 46.8201], [-71.2355, 46.8201], [-71.2354, 46.82], [-71.2353, 46.82], [-71.2352, 46.8199], [-71.235, 46.8199], [-71.2349, 46.8199], [-71.2347, 46.8198], [-71.2346, 46.8198], [-71.2345, 46.8198], [-71.2344, 46.8197], [-71.2344, 46.8197], [-71.2344, 46.8196], [-71.2345, 46.8195], [-71.2346, 46.8194], [-71.2347, 46.8194], [-71.2348, 46.8194], [-71.235, 46.8194], [-71.2352, 46.8194], [-71.2355, 46.8195], [-71.2358, 46.8195], [-71.2361, 46.8196], [-71.2365, 46.8198], [-71.2369, 46.8199], [-71.2372, 46.82], [-71.2375, 46.82], [-71.2378, 46.8201], [-71.238, 46.8201], [-71.2383, 46.8201], [-71.2385, 46.8202], [-71.2387, 46.8201], [-71.2389, 46.8202], [-71.239, 46.8202], [-71.2392, 46.8203], [-71.2395, 46.8205], [-71.2397, 46.8206], [-71.2399, 46.8208], [-71.2401, 46.8211], [-71.2403, 46.8214], [-71.2405, 46.8216], [-71.2406, 46.8218], [-71.2407, 46.822], [-71.2407, 46.8222], [-71.2407, 46.8223], [-71.2407, 46.8224], [-71.2406, 46.8225], [-71.2405, 46.8226], [-71.2403, 46.8226], [-71.2402, 46.8227], [-71.2401, 46.8227], [-71.24, 46.8227], [-71.2399, 46.8227], [-71.2398, 46.8227], [-71.2397, 46.8227], [-71.2396, 46.8226], [-71.2394, 46.8226], [-71.2393, 46.8227], [-71.2392, 46.8227], [-71.239, 46.8228], [-71.2388, 46.8228], [-71.2386, 46.8229], [-71.2384, 46.8231], [-71.2381, 46.8232], [-71.2379, 46.8234], [-71.2376, 46.8235], [-71.2374, 46.8236], [-71.2371, 46.8236], [-71.2369, 46.8237], [-71.2367, 46.8237], [-71.2364, 46.8238], [-71.2362, 46.8238], [-71.236, 46.8238], [-71.2359, 46.8238], [-71.2358, 46.8238], [-71.2358, 46.8238], [-71.2358, 46.8238], [-71.2359, 46.8238], [-71.236, 46.8238], [-71.2362, 46.8238], [-71.2364, 46.8238], [-71.2366, 46.8238], [-71.2369, 46.8238], [-71.2371, 46.8238], [-71.2374, 46.8237], [-71.2376, 46.8237], [-71.2379, 46.8237], [-71.2382, 46.8236], [-71.2385, 46.8236], [-71.2388, 46.8236], [-71.2391, 46.8236], [-71.2394, 46.8236], [-71.2396, 46.8237], [-71.2399, 46.8238], [-71.2401, 46.8239], [-71.2404, 46.824], [-71.2406, 46.8242], [-71.2408, 46.8243], [-71.241, 46.8245], [-71.2411, 46.8246], [-71.2412, 46.8247], [-71.2413, 46.8248], [-71.2414, 46.8249], [-71.2414, 46.8251], [-71.2414, 46.8253], [-71.2414, 46.8255], [-71.2413, 46.8259], [-71.2411, 46.8263], [-71.2409, 46.8268], [-71.2407, 46.8273], [-71.2404, 46.8279]]]}}, {"type": "Feature", "properties": {"couche": "voile", "station": "9e Rue", "minutes": 12}, "geometry": {"type": "Polygon", "coordinates": [[[-71.4006, 46.9377], [-71.0674, 46.9398], [-71.065, 46.7112], [-71.3968, 46.7091], [-71.4006, 46.9377]], [[-71.2275, 46.8196], [-71.2274, 46.8196], [-71.2271, 46.8195], [-71.2269, 46.8195], [-71.2266, 46.8194], [-71.2264, 46.8194], [-71.2262, 46.8193], [-71.2259, 46.8193], [-71.2257, 46.8193], [-71.2255, 46.8193], [-71.2254, 46.8194], [-71.2252, 46.8194], [-71.225, 46.8194], [-71.2249, 46.8195], [-71.2248, 46.8195], [-71.2247, 46.8196], [-71.2247, 46.8197], [-71.2247, 46.8198], [-71.2248, 46.8199], [-71.2249, 46.82], [-71.225, 46.82], [-71.2251, 46.82], [-71.2253, 46.8201], [-71.2255, 46.8201], [-71.2256, 46.8201], [-71.2258, 46.8202], [-71.2259, 46.8202], [-71.2259, 46.8203], [-71.2258, 46.8203], [-71.2257, 46.8203], [-71.2255, 46.8204], [-71.2252, 46.8204], [-71.225, 46.8205], [-71.2248, 46.8206], [-71.2246, 46.8207], [-71.2244, 46.8209], [-71.2242, 46.821], [-71.2241, 46.8213], [-71.224, 46.8215], [-71.2238, 46.8218], [-71.2237, 46.822], [-71.2237, 46.8222], [-71.2236, 46.8224], [-71.2236, 46.8226], [-71.2236, 46.8227], [-71.2236, 46.8228], [-71.2236, 46.8229], [-71.2237, 46.8229], [-71.2237, 46.823], [-71.2237, 46.8232], [-71.2238, 46.8234], [-71.2237, 46.8237], [-71.2237, 46.824], [-71.2237, 46.8244], [-71.2236, 46.8249], [-71.2236, 46.8254], [-71.2235, 46.8258], [-71.2235, 46.8262], [-71.2236, 46.8266], [-71.2236, 46.827], [-71.2238, 46.8273], [-71.2239, 46.8275], [-71.2241, 46.8277], [-71.2244, 46.8279], [-71.2246, 46.8281], [-71.2247, 46.8282], [-71.2248, 46.8283], [-71.2249, 46.8284], [-71.2249, 46.8285], [-71.2249, 46.8286], [-71.2248, 46.8287], [-71.2247, 46.8287], [-71.2247, 46.8288], [-71.2246, 46.8289], [-71.2246, 46.829], [-71.2247, 46.8291], [-71.2247, 46.8292], [-71.2248, 46.8293], [-71.2248, 46.8294], [-71.225, 46.8296], [-71.2252, 46.8296], [-71.2254, 46.8297], [-71.2257, 46.8297], [-71.226, 46.8297], [-71.2264, 46.8296], [-71.2268, 46.8296], [-71.2273, 46.8295], [-71.2277, 46.8294], [-71.2281, 46.8293], [-71.2284, 46.8293], [-71.2286, 46.8293], [-71.2288, 46.8293], [-71.2289, 46.8293], [-71.229, 46.8294], [-71.229, 46.8295], [-71.2291, 46.8296], [-71.2292, 46.8297], [-71.2295, 46.8298], [-71.2298, 46.8299], [-71.2302, 46.83], [-71.2307, 46.8301], [-71.2312, 46.8303], [-71.2319, 46.8304], [-71.2324, 46.8305], [-71.233, 46.8305], [-71.2334, 46.8306], [-71.2338, 46.8306], [-71.2341, 46.8306], [-71.2343, 46.8305], [-71.2345, 46.8304], [-71.2346, 46.8303], [-71.2347, 46.8302], [-71.2349, 46.8302], [-71.235, 46.8302], [-71.2351, 46.8302], [-71.2352, 46.8302], [-71.2353, 46.8303], [-71.2354, 46.8304], [-71.2355, 46.8306], [-71.2357, 46.8307], [-71.2358, 46.8308], [-71.236, 46.8309], [-71.2361, 46.8309], [-71.2363, 46.8309], [-71.2365, 46.8309], [-71.2367, 46.8309], [-71.2369, 46.8308], [-71.2371, 46.8308], [-71.2373, 46.8307], [-71.2375, 46.8307], [-71.2377, 46.8307], [-71.2378, 46.8307], [-71.238, 46.8308], [-71.2381, 46.8308], [-71.2383, 46.8309], [-71.2384, 46.8308], [-71.2386, 46.8307], [-71.2388, 46.8305], [-71.2391, 46.8302], [-71.2394, 46.8298], [-71.2397, 46.8292], [-71.24, 46.8286], [-71.2404, 46.8279], [-71.2407, 46.8273], [-71.2409, 46.8268], [-71.2411, 46.8263], [-71.2413, 46.8259], [-71.2414, 46.8255], [-71.2414, 46.8253], [-71.2414, 46.8251], [-71.2414, 46.8249], [-71.2413, 46.8248], [-71.2412, 46.8247], [-71.2411, 46.8246], [-71.241, 46.8245], [-71.2408, 46.8243], [-71.2406, 46.8242], [-71.2404, 46.824], [-71.2401, 46.8239], [-71.2399, 46.8238], [-71.2396, 46.8237], [-71.2394, 46.8236], [-71.2391, 46.8236], [-71.2388, 46.8236], [-71.2385, 46.8236], [-71.2382, 46.8236], [-71.2379, 46.8237], [-71.2376, 46.8237], [-71.2374, 46.8237], [-71.2371, 46.8238], [-71.2369, 46.8238], [-71.2366, 46.8238], [-71.2364, 46.8238], [-71.2367, 46.8237], [-71.2369, 46.8237], [-71.2371, 46.8236], [-71.2374, 46.8236], [-71.2376, 46.8235], [-71.2379, 46.8234], [-71.2381, 46.8232], [-71.2384, 46.8231], [-71.2386, 46.8229], [-71.2388, 46.8228], [-71.239, 46.8228], [-71.2392, 46.8227], [-71.2393, 46.8227], [-71.2394, 46.8226], [-71.2396, 46.8226], [-71.2397, 46.8227], [-71.2398, 46.8227], [-71.2399, 46.8227], [-71.24, 46.8227], [-71.2401, 46.8227], [-71.2402, 46.8227], [-71.2403, 46.8226], [-71.2405, 46.8226], [-71.2406, 46.8225], [-71.2407, 46.8224], [-71.2407, 46.8223], [-71.2407, 46.8222], [-71.2407, 46.822], [-71.2406, 46.8218], [-71.2405, 46.8216], [-71.2403, 46.8214], [-71.2401, 46.8211], [-71.2399, 46.8208], [-71.2397, 46.8206], [-71.2395, 46.8205], [-71.2392, 46.8203], [-71.239, 46.8202], [-71.2389, 46.8202], [-71.2387, 46.8201], [-71.2385, 46.8202], [-71.2383, 46.8201], [-71.238, 46.8201], [-71.2378, 46.8201], [-71.2375, 46.82], [-71.2372, 46.82], [-71.2369, 46.8199], [-71.2365, 46.8198], [-71.2361, 46.8196], [-71.2358, 46.8195], [-71.2355, 46.8195], [-71.2352, 46.8194], [-71.235, 46.8194], [-71.2348, 46.8194], [-71.2347, 46.8194], [-71.2346, 46.8194], [-71.2345, 46.8195], [-71.2344, 46.8196], [-71.2344, 46.8197], [-71.2345, 46.8198], [-71.2346, 46.8198], [-71.2347, 46.8198], [-71.2349, 46.8199], [-71.235, 46.8199], [-71.2352, 46.8199], [-71.2353, 46.82], [-71.2354, 46.82], [-71.2355, 46.8201], [-71.2356, 46.8201], [-71.2356, 46.8202], [-71.2356, 46.8203], [-71.2356, 46.8204], [-71.2355, 46.8204], [-71.2354, 46.8205], [-71.2353, 46.8205], [-71.2352, 46.8205], [-71.235, 46.8205], [-71.2348, 46.8205], [-71.2345, 46.8204], [-71.2342, 46.8204], [-71.234, 46.8203], [-71.2338, 46.8203], [-71.2335, 46.8202], [-71.2333, 46.8202], [-71.2332, 46.8201], [-71.233, 46.8201], [-71.2329, 46.82], [-71.2328, 46.82], [-71.2327, 46.8199], [-71.2326, 46.8199], [-71.2325, 46.8198], [-71.2324, 46.8197], [-71.2324, 46.8196], [-71.2324, 46.8195], [-71.2324, 46.8194], [-71.2324, 46.8193], [-71.2323, 46.8193], [-71.2322, 46.8192], [-71.2321, 46.8192], [-71.232, 46.8192], [-71.2319, 46.8192], [-71.2318, 46.8192], [-71.2318, 46.8191], [-71.2318, 46.819], [-71.2319, 46.8189], [-71.232, 46.8188], [-71.232, 46.8187], [-71.232, 46.8186], [-71.232, 46.8185], [-71.2319, 46.8184], [-71.2318, 46.8184], [-71.2317, 46.8183], [-71.2315, 46.8183], [-71.2314, 46.8182], [-71.2313, 46.8182], [-71.2311, 46.8182], [-71.231, 46.8182], [-71.2308, 46.8182], [-71.2307, 46.8182], [-71.2306, 46.8182], [-71.2305, 46.8183], [-71.2304, 46.8183], [-71.2303, 46.8184], [-71.2302, 46.8184], [-71.2302, 46.8185], [-71.2302, 46.8186], [-71.2302, 46.8187], [-71.2302, 46.8188], [-71.2303, 46.8188], [-71.2303, 46.8189], [-71.2303, 46.819], [-71.2303, 46.8191], [-71.2302, 46.8192], [-71.2302, 46.8193], [-71.2301, 46.8194], [-71.23, 46.8194], [-71.2299, 46.8195], [-71.2297, 46.8195], [-71.2296, 46.8194], [-71.2294, 46.8194], [-71.2292, 46.8194], [-71.229, 46.8193], [-71.2287, 46.8192], [-71.2285, 46.8191], [-71.2283, 46.819], [-71.2281, 46.819], [-71.228, 46.819], [-71.2279, 46.819], [-71.2277, 46.819], [-71.2276, 46.819], [-71.2276, 46.8191], [-71.2275, 46.8192], [-71.2275, 46.8193], [-71.2275, 46.8194], [-71.2276, 46.8195], [-71.2277, 46.8195], [-71.2277, 46.8196], [-71.2275, 46.8196]]]}}, {"type": "Feature", "properties": {"couche": "aire_marche", "station": "9e Rue", "ordre": 24, "minutes": 13, "superficie_ha": 171.0, "rue_km": 51.58, "disque_ha": 260.2, "part_disque_pct": 66, "accroche_m": 2, "population": 11441, "navetteurs": 4184, "mode_auto_pct": 51, "mode_tc_pct": 18, "mode_actif_pct": 30, "mode_autre_pct": 1}, "geometry": {"type": "Polygon", "coordinates": [[[-71.242, 46.8262], [-71.2419, 46.8265], [-71.2418, 46.8268], [-71.2416, 46.8271], [-71.2415, 46.8275], [-71.2413, 46.8278], [-71.2411, 46.828], [-71.2409, 46.8283], [-71.2407, 46.8286], [-71.2404, 46.8289], [-71.2402, 46.8291], [-71.2401, 46.8293], [-71.2399, 46.8295], [-71.2398, 46.8297], [-71.2398, 46.8298], [-71.2397, 46.8299], [-71.2397, 46.83], [-71.2398, 46.83], [-71.2398, 46.8301], [-71.2398, 46.8302], [-71.2398, 46.8303], [-71.2398, 46.8304], [-71.2398, 46.8305], [-71.2397, 46.8307], [-71.2397, 46.8308], [-71.2396, 46.831], [-71.2395, 46.8311], [-71.2394, 46.8313], [-71.2393, 46.8313], [-71.2392, 46.8314], [-71.2391, 46.8314], [-71.2389, 46.8314], [-71.2388, 46.8314], [-71.2387, 46.8313], [-71.2386, 46.8313], [-71.2384, 46.8313], [-71.2383, 46.8313], [-71.2382, 46.8313], [-71.238, 46.8313], [-71.2379, 46.8313], [-71.2377, 46.8314], [-71.2376, 46.8315], [-71.2374, 46.8315], [-71.2373, 46.8316], [-71.2371, 46.8316], [-71.237, 46.8316], [-71.2369, 46.8316], [-71.2368, 46.8315], [-71.2367, 46.8315], [-71.2366, 46.8314], [-71.2364, 46.8314], [-71.2363, 46.8314], [-71.2362, 46.8313], [-71.2361, 46.8313], [-71.236, 46.8313], [-71.2359, 46.8313], [-71.2358, 46.8314], [-71.2356, 46.8314], [-71.2355, 46.8314], [-71.2354, 46.8314], [-71.2354, 46.8314], [-71.2354, 46.8313], [-71.2353, 46.8313], [-71.2354, 46.8312], [-71.2354, 46.8311], [-71.2354, 46.831], [-71.2355, 46.8309], [-71.2355, 46.8308], [-71.2355, 46.8307], [-71.2355, 46.8306], [-71.2355, 46.8305], [-71.2354, 46.8304], [-71.2354, 46.8303], [-71.2353, 46.8303], [-71.2352, 46.8302], [-71.2351, 46.8302], [-71.2351, 46.8302], [-71.235, 46.8303], [-71.2348, 46.8303], [-71.2347, 46.8304], [-71.2346, 46.8306], [-71.2345, 46.8307], [-71.2343, 46.8309], [-71.234, 46.831], [-71.2336, 46.831], [-71.2331, 46.831], [-71.2325, 46.8309], [-71.2318, 46.8309], [-71.2311, 46.8307], [-71.2302, 46.8305], [-71.2294, 46.8304], [-71.2287, 46.8303], [-71.2281, 46.8302], [-71.2275, 46.8302], [-71.227, 46.8301], [-71.2266, 46.8301], [-71.2262, 46.8302], [-71.2259, 46.8303], [-71.2257, 46.8303], [-71.2255, 46.8303], [-71.2253, 46.8303], [-71.2251, 46.8303], [-71.225, 46.8302], [-71.225, 46.8301], [-71.2249, 46.83], [-71.2249, 46.8298], [-71.2249, 46.8297], [-71.2248, 46.8295], [-71.2247, 46.8293], [-71.2246, 46.8291], [-71.2244, 46.8289], [-71.2242, 46.8287], [-71.2239, 46.8284], [-71.2236, 46.8282], [-71.2234, 46.828], [-71.2232, 46.8278], [-71.223, 46.8276], [-71.2229, 46.8274], [-71.2229, 46.8273], [-71.2229, 46.8272], [-71.223, 46.8271], [-71.2231, 46.827], [-71.2232, 46.8269], [-71.2232, 46.8268], [-71.2233, 46.8268], [-71.2233, 46.8266], [-71.2232, 46.8265], [-71.2232, 46.8264], [-71.2231, 46.8263], [-71.223, 46.8261], [-71.2229, 46.826], [-71.2228, 46.8258], [-71.2227, 46.8256], [-71.2227, 46.8254], [-71.2226, 46.8251], [-71.2226, 46.8248], [-71.2226, 46.8245], [-71.2226, 46.8242], [-71.2226, 46.8238], [-71.2227, 46.8235], [-71.2227, 46.8231], [-71.2228, 46.8227], [-71.2229, 46.8223], [-71.223, 46.8219], [-71.2231, 46.8215], [-71.2232, 46.821], [-71.2234, 46.8206], [-71.2235, 46.8203], [-71.2237, 46.82], [-71.2239, 46.8197], [-71.2241, 46.8196], [-71.2244, 46.8194], [-71.2247, 46.8194], [-71.2249, 46.8193], [-71.2252, 46.8193], [-71.2255, 46.8193], [-71.2258, 46.8193], [-71.2261, 46.8193], [-71.2263, 46.8194], [-71.2266, 46.8194], [-71.2269, 46.8195], [-71.2271, 46.8195], [-71.2274, 46.8196], [-71.2275, 46.8196], [-71.2276, 46.8196], [-71.2277, 46.8196], [-71.2276, 46.8196], [-71.2276, 46.8195], [-71.2274, 46.8194], [-71.2273, 46.8194], [-71.2271, 46.8193], [-71.227, 46.8192], [-71.2269, 46.8191], [-71.2269, 46.819], [-71.2269, 46.8189], [-71.2269, 46.8188], [-71.2269, 46.8188], [-71.227, 46.8187], [-71.2271, 46.8186], [-71.2273, 46.8186], [-71.2275, 46.8186], [-71.2277, 46.8187], [-71.2279, 46.8187], [-71.2281, 46.8188], [-71.2284, 46.819], [-71.2287, 46.8191], [-71.229, 46.8192], [-71.2293, 46.8193], [-71.2295, 46.8194], [-71.2297, 46.8194], [-71.2298, 46.8194], [-71.23, 46.8194], [-71.2301, 46.8194], [-71.2302, 46.8193], [-71.2302, 46.8192], [-71.2302, 46.8191], [-71.2302, 46.819], [-71.2302, 46.8189], [-71.2302, 46.8188], [-71.2301, 46.8187], [-71.23, 46.8186], [-71.2299, 46.8184], [-71.2298, 46.8183], [-71.2298, 46.8182], [-71.2298, 46.8181], [-71.2298, 46.818], [-71.2298, 46.8179], [-71.2299, 46.8179], [-71.23, 46.8178], [-71.2301, 46.8178], [-71.2303, 46.8178], [-71.2304, 46.8178], [-71.2307, 46.8178], [-71.2309, 46.8179], [-71.2312, 46.8181], [-71.2315, 46.8182], [-71.2318, 46.8184], [-71.2322, 46.8186], [-71.2325, 46.8188], [-71.2329, 46.819], [-71.2332, 46.8191], [-71.2336, 46.8192], [-71.2339, 46.8193], [-71.2343, 46.8193], [-71.2346, 46.8193], [-71.2349, 46.8193], [-71.2352, 46.8193], [-71.2355, 46.8193], [-71.2358, 46.8194], [-71.2361, 46.8194], [-71.2363, 46.8195], [-71.2366, 46.8196], [-71.2368, 46.8197], [-71.237, 46.8198], [-71.2372, 46.8199], [-71.2374, 46.8199], [-71.2376, 46.82], [-71.2378, 46.82], [-71.238, 46.82], [-71.2382, 46.8199], [-71.2383, 46.8199], [-71.2385, 46.8198], [-71.2387, 46.8197], [-71.2388, 46.8197], [-71.2389, 46.8197], [-71.2391, 46.8197], [-71.2392, 46.8198], [-71.2393, 46.8198], [-71.2394, 46.8199], [-71.2395, 46.8201], [-71.2396, 46.8202], [-71.2397, 46.8203], [-71.2398, 46.8204], [-71.2399, 46.8205], [-71.24, 46.8205], [-71.2401, 46.8206], [-71.2402, 46.8206], [-71.2403, 46.8206], [-71.2404, 46.8207], [-71.2404, 46.8207], [-71.2405, 46.8208], [-71.2406, 46.8208], [-71.2406, 46.8209], [-71.2406, 46.821], [-71.2406, 46.8211], [-71.2406, 46.8212], [-71.2406, 46.8213], [-71.2407, 46.8214], [-71.2407, 46.8215], [-71.2408, 46.8216], [-71.2409, 46.8216], [-71.2411, 46.8217], [-71.2412, 46.8218], [-71.2414, 46.8219], [-71.2415, 46.822], [-71.2416, 46.8221], [-71.2416, 46.8222], [-71.2415, 46.8224], [-71.2414, 46.8225], [-71.2412, 46.8227], [-71.241, 46.8228], [-71.2407, 46.823], [-71.2404, 46.8232], [-71.2403, 46.8233], [-71.2402, 46.8235], [-71.2402, 46.8237], [-71.2403, 46.8239], [-71.2405, 46.824], [-71.2408, 46.8242], [-71.2411, 46.8244], [-71.2414, 46.8246], [-71.2416, 46.8248], [-71.2418, 46.825], [-71.2419, 46.8253], [-71.242, 46.8255], [-71.242, 46.8258], [-71.242, 46.8262]]]}}, {"type": "Feature", "properties": {"couche": "voile", "station": "9e Rue", "minutes": 13}, "geometry": {"type": "Polygon", "coordinates": [[[-71.4012, 46.9384], [-71.0665, 46.9405], [-71.0641, 46.7108], [-71.3973, 46.7087], [-71.4012, 46.9384]], [[-71.2275, 46.8196], [-71.2274, 46.8196], [-71.2271, 46.8195], [-71.2269, 46.8195], [-71.2266, 46.8194], [-71.2263, 46.8194], [-71.2261, 46.8193], [-71.2258, 46.8193], [-71.2255, 46.8193], [-71.2252, 46.8193], [-71.2249, 46.8193], [-71.2247, 46.8194], [-71.2244, 46.8194], [-71.2241, 46.8196], [-71.2239, 46.8197], [-71.2237, 46.82], [-71.2235, 46.8203], [-71.2234, 46.8206], [-71.2232, 46.821], [-71.2231, 46.8215], [-71.223, 46.8219], [-71.2229, 46.8223], [-71.2228, 46.8227], [-71.2227, 46.8231], [-71.2227, 46.8235], [-71.2226, 46.8238], [-71.2226, 46.8242], [-71.2226, 46.8245], [-71.2226, 46.8248], [-71.2226, 46.8251], [-71.2227, 46.8254], [-71.2227, 46.8256], [-71.2228, 46.8258], [-71.2229, 46.826], [-71.223, 46.8261], [-71.2231, 46.8263], [-71.2232, 46.8264], [-71.2232, 46.8265], [-71.2233, 46.8266], [-71.2233, 46.8268], [-71.2232, 46.8268], [-71.2232, 46.8269], [-71.2231, 46.827], [-71.223, 46.8271], [-71.2229, 46.8272], [-71.2229, 46.8273], [-71.2229, 46.8274], [-71.223, 46.8276], [-71.2232, 46.8278], [-71.2234, 46.828], [-71.2236, 46.8282], [-71.2239, 46.8284], [-71.2242, 46.8287], [-71.2244, 46.8289], [-71.2246, 46.8291], [-71.2247, 46.8293], [-71.2248, 46.8295], [-71.2249, 46.8297], [-71.2249, 46.8298], [-71.2249, 46.83], [-71.225, 46.8301], [-71.225, 46.8302], [-71.2251, 46.8303], [-71.2253, 46.8303], [-71.2255, 46.8303], [-71.2257, 46.8303], [-71.2259, 46.8303], [-71.2262, 46.8302], [-71.2266, 46.8301], [-71.227, 46.8301], [-71.2275, 46.8302], [-71.2281, 46.8302], [-71.2287, 46.8303], [-71.2294, 46.8304], [-71.2302, 46.8305], [-71.2311, 46.8307], [-71.2318, 46.8309], [-71.2325, 46.8309], [-71.2331, 46.831], [-71.2336, 46.831], [-71.234, 46.831], [-71.2343, 46.8309], [-71.2345, 46.8307], [-71.2346, 46.8306], [-71.2347, 46.8304], [-71.2348, 46.8303], [-71.235, 46.8303], [-71.2351, 46.8302], [-71.2352, 46.8302], [-71.2353, 46.8303], [-71.2354, 46.8303], [-71.2354, 46.8304], [-71.2355, 46.8305], [-71.2355, 46.8306], [-71.2355, 46.8307], [-71.2355, 46.8308], [-71.2355, 46.8309], [-71.2354, 46.831], [-71.2354, 46.8311], [-71.2354, 46.8312], [-71.2353, 46.8313], [-71.2354, 46.8313], [-71.2354, 46.8314], [-71.2355, 46.8314], [-71.2356, 46.8314], [-71.2358, 46.8314], [-71.2359, 46.8313], [-71.236, 46.8313], [-71.2361, 46.8313], [-71.2362, 46.8313], [-71.2363, 46.8314], [-71.2364, 46.8314], [-71.2366, 46.8314], [-71.2367, 46.8315], [-71.2368, 46.8315], [-71.2369, 46.8316], [-71.237, 46.8316], [-71.2371, 46.8316], [-71.2373, 46.8316], [-71.2374, 46.8315], [-71.2376, 46.8315], [-71.2377, 46.8314], [-71.2379, 46.8313], [-71.238, 46.8313], [-71.2382, 46.8313], [-71.2383, 46.8313], [-71.2384, 46.8313], [-71.2386, 46.8313], [-71.2387, 46.8313], [-71.2388, 46.8314], [-71.2389, 46.8314], [-71.2391, 46.8314], [-71.2392, 46.8314], [-71.2393, 46.8313], [-71.2394, 46.8313], [-71.2395, 46.8311], [-71.2396, 46.831], [-71.2397, 46.8308], [-71.2397, 46.8307], [-71.2398, 46.8305], [-71.2398, 46.8304], [-71.2398, 46.8303], [-71.2398, 46.8302], [-71.2398, 46.8301], [-71.2398, 46.83], [-71.2397, 46.83], [-71.2397, 46.8299], [-71.2398, 46.8298], [-71.2398, 46.8297], [-71.2399, 46.8295], [-71.2401, 46.8293], [-71.2402, 46.8291], [-71.2404, 46.8289], [-71.2407, 46.8286], [-71.2409, 46.8283], [-71.2411, 46.828], [-71.2413, 46.8278], [-71.2415, 46.8275], [-71.2416, 46.8271], [-71.2418, 46.8268], [-71.2419, 46.8265], [-71.242, 46.8262], [-71.242, 46.8258], [-71.242, 46.8255], [-71.2419, 46.8253], [-71.2418, 46.825], [-71.2416, 46.8248], [-71.2414, 46.8246], [-71.2411, 46.8244], [-71.2408, 46.8242], [-71.2405, 46.824], [-71.2403, 46.8239], [-71.2402, 46.8237], [-71.2402, 46.8235], [-71.2403, 46.8233], [-71.2404, 46.8232], [-71.2407, 46.823], [-71.241, 46.8228], [-71.2412, 46.8227], [-71.2414, 46.8225], [-71.2415, 46.8224], [-71.2416, 46.8222], [-71.2416, 46.8221], [-71.2415, 46.822], [-71.2414, 46.8219], [-71.2412, 46.8218], [-71.2411, 46.8217], [-71.2409, 46.8216], [-71.2408, 46.8216], [-71.2407, 46.8215], [-71.2407, 46.8214], [-71.2406, 46.8213], [-71.2406, 46.8212], [-71.2406, 46.8211], [-71.2406, 46.821], [-71.2406, 46.8209], [-71.2406, 46.8208], [-71.2405, 46.8208], [-71.2404, 46.8207], [-71.2403, 46.8206], [-71.2402, 46.8206], [-71.2401, 46.8206], [-71.24, 46.8205], [-71.2399, 46.8205], [-71.2398, 46.8204], [-71.2397, 46.8203], [-71.2396, 46.8202], [-71.2395, 46.8201], [-71.2394, 46.8199], [-71.2393, 46.8198], [-71.2392, 46.8198], [-71.2391, 46.8197], [-71.2389, 46.8197], [-71.2388, 46.8197], [-71.2387, 46.8197], [-71.2385, 46.8198], [-71.2383, 46.8199], [-71.2382, 46.8199], [-71.238, 46.82], [-71.2378, 46.82], [-71.2376, 46.82], [-71.2374, 46.8199], [-71.2372, 46.8199], [-71.237, 46.8198], [-71.2368, 46.8197], [-71.2366, 46.8196], [-71.2363, 46.8195], [-71.2361, 46.8194], [-71.2358, 46.8194], [-71.2355, 46.8193], [-71.2352, 46.8193], [-71.2349, 46.8193], [-71.2346, 46.8193], [-71.2343, 46.8193], [-71.2339, 46.8193], [-71.2336, 46.8192], [-71.2332, 46.8191], [-71.2329, 46.819], [-71.2325, 46.8188], [-71.2322, 46.8186], [-71.2318, 46.8184], [-71.2315, 46.8182], [-71.2312, 46.8181], [-71.2309, 46.8179], [-71.2307, 46.8178], [-71.2304, 46.8178], [-71.2303, 46.8178], [-71.2301, 46.8178], [-71.23, 46.8178], [-71.2299, 46.8179], [-71.2298, 46.8179], [-71.2298, 46.818], [-71.2298, 46.8181], [-71.2298, 46.8182], [-71.2298, 46.8183], [-71.2299, 46.8184], [-71.23, 46.8186], [-71.2301, 46.8187], [-71.2302, 46.8188], [-71.2302, 46.8189], [-71.2302, 46.819], [-71.2302, 46.8191], [-71.2302, 46.8192], [-71.2302, 46.8193], [-71.2301, 46.8194], [-71.23, 46.8194], [-71.2298, 46.8194], [-71.2297, 46.8194], [-71.2295, 46.8194], [-71.2293, 46.8193], [-71.229, 46.8192], [-71.2287, 46.8191], [-71.2284, 46.819], [-71.2281, 46.8188], [-71.2279, 46.8187], [-71.2277, 46.8187], [-71.2275, 46.8186], [-71.2273, 46.8186], [-71.2271, 46.8186], [-71.227, 46.8187], [-71.2269, 46.8188], [-71.2269, 46.8189], [-71.2269, 46.819], [-71.2269, 46.8191], [-71.227, 46.8192], [-71.2271, 46.8193], [-71.2273, 46.8194], [-71.2274, 46.8194], [-71.2276, 46.8195], [-71.2276, 46.8196], [-71.2275, 46.8196]]]}}, {"type": "Feature", "properties": {"couche": "aire_marche", "station": "9e Rue", "ordre": 24, "minutes": 14, "superficie_ha": 192.6, "rue_km": 57.95, "disque_ha": 301.7, "part_disque_pct": 64, "accroche_m": 2, "population": 12589, "navetteurs": 4599, "mode_auto_pct": 51, "mode_tc_pct": 19, "mode_actif_pct": 30, "mode_autre_pct": 0}, "geometry": {"type": "Polygon", "coordinates": [[[-71.2426, 46.8256], [-71.2425, 46.8256], [-71.2424, 46.8257], [-71.2423, 46.8258], [-71.2423, 46.8258], [-71.2423, 46.8259], [-71.2423, 46.826], [-71.2423, 46.8261], [-71.2424, 46.8262], [-71.2424, 46.8262], [-71.2425, 46.8263], [-71.2425, 46.8264], [-71.2425, 46.8265], [-71.2426, 46.8267], [-71.2426, 46.8268], [-71.2425, 46.8269], [-71.2425, 46.827], [-71.2425, 46.8272], [-71.2424, 46.8274], [-71.2423, 46.8276], [-71.2421, 46.8279], [-71.242, 46.8283], [-71.2417, 46.8287], [-71.2415, 46.8291], [-71.2412, 46.8296], [-71.2409, 46.8302], [-71.2406, 46.8307], [-71.2403, 46.8311], [-71.2401, 46.8314], [-71.2399, 46.8317], [-71.2397, 46.8318], [-71.2395, 46.8319], [-71.2394, 46.832], [-71.2392, 46.8319], [-71.2391, 46.8319], [-71.239, 46.8319], [-71.2389, 46.8319], [-71.2387, 46.8319], [-71.2386, 46.8319], [-71.2384, 46.8319], [-71.2382, 46.832], [-71.238, 46.832], [-71.2378, 46.8321], [-71.2377, 46.8321], [-71.2375, 46.8321], [-71.2373, 46.8321], [-71.237, 46.832], [-71.2368, 46.832], [-71.2366, 46.8319], [-71.2364, 46.8318], [-71.2362, 46.8318], [-71.236, 46.8317], [-71.2358, 46.8317], [-71.2356, 46.8317], [-71.2355, 46.8317], [-71.2353, 46.8317], [-71.2352, 46.8317], [-71.235, 46.8318], [-71.2349, 46.8318], [-71.2346, 46.8318], [-71.2344, 46.8318], [-71.234, 46.8318], [-71.2336, 46.8317], [-71.2332, 46.8316], [-71.2327, 46.8315], [-71.2321, 46.8314], [-71.2316, 46.8313], [-71.2312, 46.8312], [-71.2309, 46.8311], [-71.2306, 46.831], [-71.2304, 46.8309], [-71.2302, 46.8308], [-71.2302, 46.8307], [-71.2302, 46.8307], [-71.2301, 46.8306], [-71.2301, 46.8305], [-71.23, 46.8305], [-71.2298, 46.8305], [-71.2297, 46.8305], [-71.2295, 46.8305], [-71.2292, 46.8305], [-71.229, 46.8305], [-71.2287, 46.8305], [-71.2285, 46.8305], [-71.2283, 46.8305], [-71.2281, 46.8305], [-71.228, 46.8304], [-71.2278, 46.8304], [-71.2277, 46.8303], [-71.2276, 46.8302], [-71.2275, 46.8302], [-71.2274, 46.8301], [-71.2273, 46.8301], [-71.2272, 46.83], [-71.2271, 46.83], [-71.227, 46.83], [-71.2269, 46.83], [-71.2268, 46.8301], [-71.2268, 46.8301], [-71.2267, 46.8302], [-71.2267, 46.8302], [-71.2266, 46.8303], [-71.2266, 46.8303], [-71.2266, 46.8304], [-71.2266, 46.8305], [-71.2266, 46.8306], [-71.2266, 46.8307], [-71.2266, 46.8307], [-71.2266, 46.8308], [-71.2265, 46.8308], [-71.2264, 46.8308], [-71.2263, 46.8308], [-71.2262, 46.8307], [-71.2261, 46.8307], [-71.226, 46.8307], [-71.2258, 46.8306], [-71.2258, 46.8306], [-71.2257, 46.8306], [-71.2256, 46.8306], [-71.2256, 46.8307], [-71.2256, 46.8307], [-71.2256, 46.8308], [-71.2256, 46.8308], [-71.2256, 46.8309], [-71.2255, 46.8309], [-71.2255, 46.831], [-71.2254, 46.831], [-71.2253, 46.8311], [-71.2252, 46.8311], [-71.2251, 46.8311], [-71.225, 46.8311], [-71.2249, 46.831], [-71.2249, 46.831], [-71.2248, 46.8309], [-71.2248, 46.8307], [-71.2248, 46.8305], [-71.2248, 46.8303], [-71.2249, 46.8301], [-71.2248, 46.8299], [-71.2248, 46.8296], [-71.2246, 46.8294], [-71.2245, 46.8291], [-71.2243, 46.8288], [-71.224, 46.8285], [-71.2237, 46.8282], [-71.2233, 46.8279], [-71.223, 46.8276], [-71.2227, 46.8273], [-71.2225, 46.827], [-71.2223, 46.8266], [-71.2222, 46.8263], [-71.2222, 46.826], [-71.2222, 46.8257], [-71.2223, 46.8253], [-71.2223, 46.825], [-71.2224, 46.8247], [-71.2224, 46.8245], [-71.2224, 46.8243], [-71.2223, 46.8241], [-71.2223, 46.8239], [-71.2222, 46.8238], [-71.2221, 46.8237], [-71.2221, 46.8236], [-71.2221, 46.8234], [-71.2221, 46.8232], [-71.2221, 46.823], [-71.2222, 46.8228], [-71.2223, 46.8225], [-71.2224, 46.8222], [-71.2225, 46.8219], [-71.2226, 46.8216], [-71.2228, 46.8214], [-71.2228, 46.8211], [-71.2229, 46.8209], [-71.2229, 46.8207], [-71.2229, 46.8205], [-71.2229, 46.8203], [-71.2229, 46.8201], [-71.2229, 46.82], [-71.2229, 46.8199], [-71.2229, 46.8197], [-71.2229, 46.8196], [-71.223, 46.8195], [-71.2231, 46.8194], [-71.2232, 46.8193], [-71.2233, 46.8192], [-71.2234, 46.8192], [-71.2236, 46.8191], [-71.2239, 46.8191], [-71.2242, 46.8191], [-71.2246, 46.8192], [-71.2251, 46.8192], [-71.2256, 46.8193], [-71.2261, 46.8194], [-71.2266, 46.8195], [-71.2269, 46.8195], [-71.2272, 46.8196], [-71.2273, 46.8196], [-71.2274, 46.8196], [-71.2273, 46.8195], [-71.2271, 46.8195], [-71.2269, 46.8194], [-71.2266, 46.8193], [-71.2265, 46.8192], [-71.2263, 46.8191], [-71.2262, 46.819], [-71.2262, 46.8189], [-71.2262, 46.8188], [-71.2262, 46.8187], [-71.2263, 46.8185], [-71.2264, 46.8184], [-71.2265, 46.8184], [-71.2268, 46.8184], [-71.227, 46.8184], [-71.2273, 46.8185], [-71.2276, 46.8186], [-71.228, 46.8188], [-71.2284, 46.819], [-71.2288, 46.8191], [-71.2291, 46.8192], [-71.2294, 46.8193], [-71.2296, 46.8194], [-71.2298, 46.8194], [-71.23, 46.8194], [-71.2301, 46.8194], [-71.2302, 46.8193], [-71.2302, 46.8192], [-71.2302, 46.8191], [-71.2302, 46.819], [-71.2302, 46.8189], [-71.2301, 46.8188], [-71.23, 46.8186], [-71.2299, 46.8185], [-71.2297, 46.8183], [-71.2296, 46.8181], [-71.2295, 46.818], [-71.2294, 46.8179], [-71.2293, 46.8177], [-71.2293, 46.8176], [-71.2293, 46.8175], [-71.2294, 46.8174], [-71.2294, 46.8174], [-71.2295, 46.8173], [-71.2296, 46.8172], [-71.2297, 46.8172], [-71.2299, 46.8172], [-71.23, 46.8172], [-71.2302, 46.8172], [-71.2304, 46.8172], [-71.2306, 46.8172], [-71.2308, 46.8172], [-71.2309, 46.8173], [-71.2311, 46.8173], [-71.2312, 46.8174], [-71.2313, 46.8175], [-71.2313, 46.8176], [-71.2314, 46.8176], [-71.2314, 46.8177], [-71.2314, 46.8179], [-71.2315, 46.818], [-71.2317, 46.8181], [-71.2318, 46.8182], [-71.232, 46.8183], [-71.2323, 46.8185], [-71.2325, 46.8186], [-71.2328, 46.8188], [-71.2331, 46.8189], [-71.2334, 46.819], [-71.2337, 46.8191], [-71.234, 46.8192], [-71.2343, 46.8193], [-71.2346, 46.8193], [-71.2349, 46.8193], [-71.2352, 46.8193], [-71.2355, 46.8193], [-71.2357, 46.8193], [-71.236, 46.8194], [-71.2362, 46.8194], [-71.2364, 46.8195], [-71.2367, 46.8196], [-71.2369, 46.8197], [-71.2371, 46.8198], [-71.2373, 46.8199], [-71.2374, 46.8199], [-71.2376, 46.8199], [-71.2377, 46.8199], [-71.2378, 46.8199], [-71.2379, 46.8198], [-71.238, 46.8197], [-71.238, 46.8195], [-71.238, 46.8194], [-71.2381, 46.8193], [-71.2382, 46.8192], [-71.2382, 46.8191], [-71.2383, 46.819], [-71.2384, 46.819], [-71.2384, 46.819], [-71.2385, 46.8189], [-71.2386, 46.8189], [-71.2387, 46.819], [-71.2388, 46.819], [-71.2389, 46.819], [-71.239, 46.8191], [-71.2391, 46.8192], [-71.2392, 46.8193], [-71.2393, 46.8195], [-71.2394, 46.8196], [-71.2395, 46.8197], [-71.2396, 46.8198], [-71.2398, 46.8199], [-71.2399, 46.82], [-71.2401, 46.8201], [-71.2402, 46.8201], [-71.2404, 46.8202], [-71.2406, 46.8203], [-71.2407, 46.8203], [-71.2408, 46.8204], [-71.2409, 46.8205], [-71.2409, 46.8206], [-71.2409, 46.8207], [-71.2408, 46.8209], [-71.2408, 46.821], [-71.2408, 46.8211], [-71.2408, 46.8213], [-71.2408, 46.8213], [-71.2409, 46.8214], [-71.241, 46.8215], [-71.2411, 46.8215], [-71.2413, 46.8215], [-71.2415, 46.8215], [-71.2417, 46.8215], [-71.2419, 46.8216], [-71.2421, 46.8216], [-71.2422, 46.8217], [-71.2424, 46.8217], [-71.2425, 46.8218], [-71.2426, 46.8219], [-71.2426, 46.822], [-71.2427, 46.8222], [-71.2426, 46.8223], [-71.2425, 46.8224], [-71.2423, 46.8226], [-71.2421, 46.8227], [-71.2418, 46.8228], [-71.2415, 46.823], [-71.241, 46.8231], [-71.2407, 46.8232], [-71.2404, 46.8234], [-71.2402, 46.8235], [-71.2401, 46.8236], [-71.24, 46.8237], [-71.24, 46.8238], [-71.24, 46.8239], [-71.2402, 46.824], [-71.2403, 46.824], [-71.2405, 46.8241], [-71.2407, 46.8242], [-71.2409, 46.8242], [-71.2411, 46.8242], [-71.2413, 46.8242], [-71.2415, 46.8242], [-71.2418, 46.8242], [-71.242, 46.8242], [-71.2422, 46.8242], [-71.2424, 46.8243], [-71.2425, 46.8243], [-71.2426, 46.8244], [-71.2427, 46.8245], [-71.2428, 46.8247], [-71.2428, 46.8248], [-71.2428, 46.8249], [-71.2428, 46.8251], [-71.2428, 46.8252], [-71.2428, 46.8253], [-71.2427, 46.8254], [-71.2427, 46.8255], [-71.2426, 46.8256]]]}}, {"type": "Feature", "properties": {"couche": "voile", "station": "9e Rue", "minutes": 14}, "geometry": {"type": "Polygon", "coordinates": [[[-71.402, 46.9389], [-71.0661, 46.941], [-71.0636, 46.7102], [-71.3981, 46.708], [-71.402, 46.9389]], [[-71.2427, 46.8255], [-71.2427, 46.8254], [-71.2428, 46.8253], [-71.2428, 46.8252], [-71.2428, 46.8251], [-71.2428, 46.8249], [-71.2428, 46.8248], [-71.2428, 46.8247], [-71.2427, 46.8245], [-71.2426, 46.8244], [-71.2425, 46.8243], [-71.2424, 46.8243], [-71.2422, 46.8242], [-71.242, 46.8242], [-71.2418, 46.8242], [-71.2415, 46.8242], [-71.2413, 46.8242], [-71.2411, 46.8242], [-71.2409, 46.8242], [-71.2407, 46.8242], [-71.2405, 46.8241], [-71.2403, 46.824], [-71.2402, 46.824], [-71.24, 46.8239], [-71.24, 46.8238], [-71.24, 46.8237], [-71.2401, 46.8236], [-71.2402, 46.8235], [-71.2404, 46.8234], [-71.2407, 46.8232], [-71.241, 46.8231], [-71.2415, 46.823], [-71.2418, 46.8228], [-71.2421, 46.8227], [-71.2423, 46.8226], [-71.2425, 46.8224], [-71.2426, 46.8223], [-71.2427, 46.8222], [-71.2426, 46.822], [-71.2426, 46.8219], [-71.2425, 46.8218], [-71.2424, 46.8217], [-71.2422, 46.8217], [-71.2421, 46.8216], [-71.2419, 46.8216], [-71.2417, 46.8215], [-71.2415, 46.8215], [-71.2413, 46.8215], [-71.2411, 46.8215], [-71.241, 46.8215], [-71.2409, 46.8214], [-71.2408, 46.8213], [-71.2408, 46.8211], [-71.2408, 46.821], [-71.2408, 46.8209], [-71.2409, 46.8207], [-71.2409, 46.8206], [-71.2409, 46.8205], [-71.2408, 46.8204], [-71.2407, 46.8203], [-71.2406, 46.8203], [-71.2404, 46.8202], [-71.2402, 46.8201], [-71.2401, 46.8201], [-71.2399, 46.82], [-71.2398, 46.8199], [-71.2396, 46.8198], [-71.2395, 46.8197], [-71.2394, 46.8196], [-71.2393, 46.8195], [-71.2392, 46.8193], [-71.2391, 46.8192], [-71.239, 46.8191], [-71.2389, 46.819], [-71.2388, 46.819], [-71.2387, 46.819], [-71.2386, 46.8189], [-71.2385, 46.8189], [-71.2384, 46.819], [-71.2383, 46.819], [-71.2382, 46.8191], [-71.2382, 46.8192], [-71.2381, 46.8193], [-71.238, 46.8194], [-71.238, 46.8195], [-71.238, 46.8197], [-71.2379, 46.8198], [-71.2378, 46.8199], [-71.2377, 46.8199], [-71.2376, 46.8199], [-71.2374, 46.8199], [-71.2373, 46.8199], [-71.2371, 46.8198], [-71.2369, 46.8197], [-71.2367, 46.8196], [-71.2364, 46.8195], [-71.2362, 46.8194], [-71.236, 46.8194], [-71.2357, 46.8193], [-71.2355, 46.8193], [-71.2352, 46.8193], [-71.2349, 46.8193], [-71.2346, 46.8193], [-71.2343, 46.8193], [-71.234, 46.8192], [-71.2337, 46.8191], [-71.2334, 46.819], [-71.2331, 46.8189], [-71.2328, 46.8188], [-71.2325, 46.8186], [-71.2323, 46.8185], [-71.232, 46.8183], [-71.2318, 46.8182], [-71.2317, 46.8181], [-71.2315, 46.818], [-71.2314, 46.8179], [-71.2314, 46.8177], [-71.2314, 46.8176], [-71.2313, 46.8176], [-71.2313, 46.8175], [-71.2312, 46.8174], [-71.2311, 46.8173], [-71.2309, 46.8173], [-71.2308, 46.8172], [-71.2306, 46.8172], [-71.2304, 46.8172], [-71.2302, 46.8172], [-71.23, 46.8172], [-71.2299, 46.8172], [-71.2297, 46.8172], [-71.2296, 46.8172], [-71.2295, 46.8173], [-71.2294, 46.8174], [-71.2293, 46.8175], [-71.2293, 46.8176], [-71.2293, 46.8177], [-71.2294, 46.8179], [-71.2295, 46.818], [-71.2296, 46.8181], [-71.2297, 46.8183], [-71.2299, 46.8185], [-71.23, 46.8186], [-71.2301, 46.8188], [-71.2302, 46.8189], [-71.2302, 46.819], [-71.2302, 46.8191], [-71.2302, 46.8192], [-71.2302, 46.8193], [-71.2301, 46.8194], [-71.23, 46.8194], [-71.2298, 46.8194], [-71.2296, 46.8194], [-71.2294, 46.8193], [-71.2291, 46.8192], [-71.2288, 46.8191], [-71.2284, 46.819], [-71.228, 46.8188], [-71.2276, 46.8186], [-71.2273, 46.8185], [-71.227, 46.8184], [-71.2268, 46.8184], [-71.2265, 46.8184], [-71.2264, 46.8184], [-71.2263, 46.8185], [-71.2262, 46.8187], [-71.2262, 46.8188], [-71.2262, 46.8189], [-71.2262, 46.819], [-71.2263, 46.8191], [-71.2265, 46.8192], [-71.2266, 46.8193], [-71.2269, 46.8194], [-71.2271, 46.8195], [-71.2273, 46.8195], [-71.2274, 46.8196], [-71.2273, 46.8196], [-71.2272, 46.8196], [-71.2269, 46.8195], [-71.2266, 46.8195], [-71.2261, 46.8194], [-71.2256, 46.8193], [-71.2251, 46.8192], [-71.2246, 46.8192], [-71.2242, 46.8191], [-71.2239, 46.8191], [-71.2236, 46.8191], [-71.2234, 46.8192], [-71.2233, 46.8192], [-71.2232, 46.8193], [-71.2231, 46.8194], [-71.223, 46.8195], [-71.2229, 46.8196], [-71.2229, 46.8197], [-71.2229, 46.8199], [-71.2229, 46.82], [-71.2229, 46.8201], [-71.2229, 46.8203], [-71.2229, 46.8205], [-71.2229, 46.8207], [-71.2229, 46.8209], [-71.2228, 46.8211], [-71.2228, 46.8214], [-71.2226, 46.8216], [-71.2225, 46.8219], [-71.2224, 46.8222], [-71.2223, 46.8225], [-71.2222, 46.8228], [-71.2221, 46.823], [-71.2221, 46.8232], [-71.2221, 46.8234], [-71.2221, 46.8236], [-71.2221, 46.8237], [-71.2222, 46.8238], [-71.2223, 46.8239], [-71.2223, 46.8241], [-71.2224, 46.8243], [-71.2224, 46.8245], [-71.2224, 46.8247], [-71.2223, 46.825], [-71.2223, 46.8253], [-71.2222, 46.8257], [-71.2222, 46.826], [-71.2222, 46.8263], [-71.2223, 46.8266], [-71.2225, 46.827], [-71.2227, 46.8273], [-71.223, 46.8276], [-71.2233, 46.8279], [-71.2237, 46.8282], [-71.224, 46.8285], [-71.2243, 46.8288], [-71.2245, 46.8291], [-71.2246, 46.8294], [-71.2248, 46.8296], [-71.2248, 46.8299], [-71.2249, 46.8301], [-71.2248, 46.8303], [-71.2248, 46.8305], [-71.2248, 46.8307], [-71.2248, 46.8309], [-71.2249, 46.831], [-71.225, 46.8311], [-71.2251, 46.8311], [-71.2252, 46.8311], [-71.2253, 46.8311], [-71.2254, 46.831], [-71.2255, 46.831], [-71.2255, 46.8309], [-71.2256, 46.8309], [-71.2256, 46.8308], [-71.2256, 46.8307], [-71.2256, 46.8306], [-71.2257, 46.8306], [-71.2258, 46.8306], [-71.226, 46.8307], [-71.2261, 46.8307], [-71.2262, 46.8307], [-71.2263, 46.8308], [-71.2264, 46.8308], [-71.2265, 46.8308], [-71.2266, 46.8308], [-71.2266, 46.8307], [-71.2266, 46.8306], [-71.2266, 46.8305], [-71.2266, 46.8304], [-71.2266, 46.8303], [-71.2267, 46.8302], [-71.2268, 46.8301], [-71.2269, 46.83], [-71.227, 46.83], [-71.2271, 46.83], [-71.2272, 46.83], [-71.2273, 46.8301], [-71.2274, 46.8301], [-71.2275, 46.8302], [-71.2276, 46.8302], [-71.2277, 46.8303], [-71.2278, 46.8304], [-71.228, 46.8304], [-71.2281, 46.8305], [-71.2283, 46.8305], [-71.2285, 46.8305], [-71.2287, 46.8305], [-71.229, 46.8305], [-71.2292, 46.8305], [-71.2295, 46.8305], [-71.2297, 46.8305], [-71.2298, 46.8305], [-71.23, 46.8305], [-71.2301, 46.8305], [-71.2301, 46.8306], [-71.2302, 46.8307], [-71.2302, 46.8308], [-71.2304, 46.8309], [-71.2306, 46.831], [-71.2309, 46.8311], [-71.2312, 46.8312], [-71.2316, 46.8313], [-71.2321, 46.8314], [-71.2327, 46.8315], [-71.2332, 46.8316], [-71.2336, 46.8317], [-71.234, 46.8318], [-71.2344, 46.8318], [-71.2346, 46.8318], [-71.2349, 46.8318], [-71.235, 46.8318], [-71.2352, 46.8317], [-71.2353, 46.8317], [-71.2355, 46.8317], [-71.2356, 46.8317], [-71.2358, 46.8317], [-71.236, 46.8317], [-71.2362, 46.8318], [-71.2364, 46.8318], [-71.2366, 46.8319], [-71.2368, 46.832], [-71.237, 46.832], [-71.2373, 46.8321], [-71.2375, 46.8321], [-71.2377, 46.8321], [-71.2378, 46.8321], [-71.238, 46.832], [-71.2382, 46.832], [-71.2384, 46.8319], [-71.2386, 46.8319], [-71.2387, 46.8319], [-71.2389, 46.8319], [-71.239, 46.8319], [-71.2391, 46.8319], [-71.2392, 46.8319], [-71.2394, 46.832], [-71.2395, 46.8319], [-71.2397, 46.8318], [-71.2399, 46.8317], [-71.2401, 46.8314], [-71.2403, 46.8311], [-71.2406, 46.8307], [-71.2409, 46.8302], [-71.2412, 46.8296], [-71.2415, 46.8291], [-71.2417, 46.8287], [-71.242, 46.8283], [-71.2421, 46.8279], [-71.2423, 46.8276], [-71.2424, 46.8274], [-71.2425, 46.8272], [-71.2425, 46.827], [-71.2425, 46.8269], [-71.2426, 46.8268], [-71.2426, 46.8267], [-71.2425, 46.8265], [-71.2425, 46.8264], [-71.2425, 46.8263], [-71.2424, 46.8262], [-71.2423, 46.8261], [-71.2423, 46.826], [-71.2423, 46.8259], [-71.2423, 46.8258], [-71.2424, 46.8257], [-71.2425, 46.8256], [-71.2426, 46.8256], [-71.2427, 46.8255]]]}}, {"type": "Feature", "properties": {"couche": "aire_marche", "station": "9e Rue", "ordre": 24, "minutes": 15, "superficie_ha": 219.4, "rue_km": 66.31, "disque_ha": 346.4, "part_disque_pct": 63, "accroche_m": 2, "population": 13807, "navetteurs": 5022, "mode_auto_pct": 51, "mode_tc_pct": 19, "mode_actif_pct": 29, "mode_autre_pct": 1}, "geometry": {"type": "Polygon", "coordinates": [[[-71.243, 46.8219], [-71.2431, 46.8222], [-71.2432, 46.8224], [-71.2432, 46.8227], [-71.2431, 46.8228], [-71.2431, 46.823], [-71.2429, 46.8232], [-71.2428, 46.8233], [-71.2426, 46.8233], [-71.2423, 46.8234], [-71.2421, 46.8235], [-71.242, 46.8235], [-71.2419, 46.8235], [-71.2419, 46.8236], [-71.242, 46.8236], [-71.2421, 46.8236], [-71.2423, 46.8237], [-71.2425, 46.8237], [-71.2427, 46.8237], [-71.2429, 46.8238], [-71.2431, 46.8239], [-71.2432, 46.8241], [-71.2433, 46.8242], [-71.2434, 46.8244], [-71.2435, 46.8247], [-71.2436, 46.8249], [-71.2436, 46.8252], [-71.2436, 46.8254], [-71.2436, 46.8256], [-71.2435, 46.8258], [-71.2435, 46.8259], [-71.2434, 46.826], [-71.2433, 46.8261], [-71.2432, 46.8261], [-71.2431, 46.8262], [-71.243, 46.8263], [-71.2429, 46.8264], [-71.2429, 46.8265], [-71.2429, 46.8266], [-71.2429, 46.8267], [-71.2429, 46.8269], [-71.243, 46.827], [-71.243, 46.8272], [-71.243, 46.8275], [-71.2429, 46.8278], [-71.2428, 46.8281], [-71.2426, 46.8284], [-71.2424, 46.8288], [-71.2422, 46.8292], [-71.2419, 46.8297], [-71.2417, 46.8301], [-71.2414, 46.8305], [-71.2412, 46.8308], [-71.241, 46.8311], [-71.2408, 46.8313], [-71.2407, 46.8314], [-71.2406, 46.8315], [-71.2405, 46.8316], [-71.2404, 46.8316], [-71.2403, 46.8317], [-71.2402, 46.8317], [-71.2402, 46.8318], [-71.2402, 46.8319], [-71.2402, 46.832], [-71.2402, 46.8321], [-71.2402, 46.8322], [-71.2402, 46.8323], [-71.2402, 46.8324], [-71.2401, 46.8325], [-71.24, 46.8325], [-71.2398, 46.8325], [-71.2397, 46.8325], [-71.2395, 46.8325], [-71.2392, 46.8324], [-71.239, 46.8324], [-71.2388, 46.8324], [-71.2386, 46.8324], [-71.2385, 46.8324], [-71.2384, 46.8324], [-71.2383, 46.8324], [-71.2382, 46.8325], [-71.2382, 46.8326], [-71.2381, 46.8326], [-71.2381, 46.8326], [-71.238, 46.8327], [-71.2379, 46.8327], [-71.2378, 46.8327], [-71.2376, 46.8327], [-71.2375, 46.8327], [-71.2374, 46.8327], [-71.2372, 46.8327], [-71.2371, 46.8326], [-71.237, 46.8326], [-71.2369, 46.8325], [-71.2368, 46.8324], [-71.2367, 46.8323], [-71.2366, 46.8322], [-71.2365, 46.8321], [-71.2365, 46.832], [-71.2364, 46.8319], [-71.2363, 46.8318], [-71.2363, 46.8318], [-71.2362, 46.8317], [-71.2361, 46.8317], [-71.2361, 46.8316], [-71.236, 46.8316], [-71.2359, 46.8316], [-71.2358, 46.8316], [-71.2358, 46.8316], [-71.2358, 46.8317], [-71.2357, 46.8317], [-71.2357, 46.8318], [-71.2357, 46.8318], [-71.2357, 46.8319], [-71.2357, 46.832], [-71.2356, 46.832], [-71.2355, 46.8321], [-71.2354, 46.8321], [-71.2353, 46.8322], [-71.2351, 46.8322], [-71.2349, 46.8322], [-71.2347, 46.8322], [-71.2344, 46.8322], [-71.2341, 46.8322], [-71.2337, 46.8322], [-71.2332, 46.8321], [-71.2327, 46.832], [-71.2321, 46.8319], [-71.2314, 46.8318], [-71.2307, 46.8316], [-71.2301, 46.8315], [-71.2295, 46.8313], [-71.229, 46.8312], [-71.2286, 46.8311], [-71.2283, 46.8309], [-71.228, 46.8308], [-71.2278, 46.8306], [-71.2277, 46.8305], [-71.2275, 46.8303], [-71.2274, 46.8302], [-71.2273, 46.8301], [-71.2272, 46.8301], [-71.2271, 46.83], [-71.227, 46.83], [-71.2269, 46.83], [-71.2268, 46.8301], [-71.2268, 46.8301], [-71.2267, 46.8302], [-71.2267, 46.8303], [-71.2267, 46.8304], [-71.2268, 46.8305], [-71.2268, 46.8306], [-71.2269, 46.8307], [-71.227, 46.8309], [-71.227, 46.831], [-71.227, 46.8311], [-71.227, 46.8311], [-71.227, 46.8312], [-71.2269, 46.8311], [-71.2267, 46.8311], [-71.2265, 46.831], [-71.2263, 46.8309], [-71.2261, 46.8308], [-71.226, 46.8308], [-71.2259, 46.8307], [-71.2258, 46.8307], [-71.2258, 46.8308], [-71.2258, 46.8308], [-71.2258, 46.8309], [-71.2259, 46.8311], [-71.226, 46.8312], [-71.2259, 46.8313], [-71.2259, 46.8314], [-71.2258, 46.8314], [-71.2257, 46.8315], [-71.2255, 46.8315], [-71.2253, 46.8316], [-71.2251, 46.8316], [-71.2249, 46.8315], [-71.2247, 46.8315], [-71.2246, 46.8314], [-71.2245, 46.8313], [-71.2245, 46.8311], [-71.2245, 46.8309], [-71.2246, 46.8306], [-71.2246, 46.8303], [-71.2247, 46.83], [-71.2246, 46.8297], [-71.2245, 46.8294], [-71.2243, 46.8291], [-71.2241, 46.8287], [-71.2238, 46.8284], [-71.2234, 46.8281], [-71.223, 46.8277], [-71.2226, 46.8274], [-71.2223, 46.8271], [-71.2221, 46.8268], [-71.222, 46.8266], [-71.2219, 46.8264], [-71.2219, 46.8263], [-71.2219, 46.8261], [-71.222, 46.826], [-71.2221, 46.8259], [-71.2222, 46.8259], [-71.2222, 46.8258], [-71.2222, 46.8257], [-71.2222, 46.8257], [-71.2221, 46.8256], [-71.222, 46.8256], [-71.2218, 46.8256], [-71.2217, 46.8256], [-71.2216, 46.8255], [-71.2216, 46.8255], [-71.2215, 46.8254], [-71.2215, 46.8254], [-71.2215, 46.8253], [-71.2215, 46.8253], [-71.2216, 46.8252], [-71.2216, 46.8251], [-71.2216, 46.825], [-71.2216, 46.8249], [-71.2216, 46.8248], [-71.2216, 46.8247], [-71.2215, 46.8246], [-71.2215, 46.8244], [-71.2214, 46.8243], [-71.2213, 46.8241], [-71.2213, 46.8239], [-71.2213, 46.8237], [-71.2214, 46.8234], [-71.2214, 46.8231], [-71.2215, 46.8228], [-71.2216, 46.8225], [-71.2218, 46.8221], [-71.2219, 46.8217], [-71.222, 46.8214], [-71.2221, 46.8211], [-71.2222, 46.8209], [-71.2222, 46.8207], [-71.2222, 46.8205], [-71.2222, 46.8204], [-71.2221, 46.8203], [-71.2221, 46.8202], [-71.2221, 46.8201], [-71.2221, 46.82], [-71.2222, 46.8199], [-71.2222, 46.8198], [-71.2223, 46.8197], [-71.2225, 46.8197], [-71.2226, 46.8196], [-71.2227, 46.8196], [-71.2228, 46.8195], [-71.2229, 46.8194], [-71.223, 46.8193], [-71.223, 46.8192], [-71.223, 46.8191], [-71.223, 46.819], [-71.223, 46.8189], [-71.223, 46.8188], [-71.223, 46.8187], [-71.223, 46.8187], [-71.2231, 46.8186], [-71.2232, 46.8187], [-71.2233, 46.8187], [-71.2235, 46.8188], [-71.2236, 46.8189], [-71.2238, 46.819], [-71.2241, 46.8191], [-71.2243, 46.8191], [-71.2247, 46.8192], [-71.225, 46.8193], [-71.2254, 46.8194], [-71.2259, 46.8195], [-71.2264, 46.8195], [-71.2267, 46.8196], [-71.227, 46.8196], [-71.2272, 46.8196], [-71.2272, 46.8196], [-71.2272, 46.8195], [-71.227, 46.8194], [-71.2267, 46.8193], [-71.2263, 46.8192], [-71.226, 46.8191], [-71.2257, 46.819], [-71.2255, 46.8188], [-71.2254, 46.8187], [-71.2253, 46.8186], [-71.2253, 46.8184], [-71.2254, 46.8183], [-71.2255, 46.8181], [-71.2257, 46.818], [-71.2258, 46.8179], [-71.226, 46.8178], [-71.2262, 46.8177], [-71.2264, 46.8177], [-71.2266, 46.8177], [-71.2269, 46.8177], [-71.2271, 46.8177], [-71.2274, 46.8178], [-71.2276, 46.8178], [-71.2278, 46.8178], [-71.2279, 46.8179], [-71.2281, 46.8179], [-71.2282, 46.818], [-71.2283, 46.818], [-71.2283, 46.8181], [-71.2284, 46.8181], [-71.2284, 46.8182], [-71.2284, 46.8182], [-71.2284, 46.8183], [-71.2283, 46.8184], [-71.2283, 46.8184], [-71.2282, 46.8185], [-71.2281, 46.8185], [-71.2281, 46.8186], [-71.2281, 46.8187], [-71.2281, 46.8188], [-71.2282, 46.8189], [-71.2283, 46.8189], [-71.2285, 46.819], [-71.2287, 46.8191], [-71.229, 46.8193], [-71.2292, 46.8193], [-71.2294, 46.8194], [-71.2296, 46.8194], [-71.2297, 46.8195], [-71.2299, 46.8195], [-71.23, 46.8194], [-71.2301, 46.8194], [-71.2302, 46.8193], [-71.2302, 46.8192], [-71.2302, 46.8191], [-71.2301, 46.819], [-71.23, 46.8189], [-71.2299, 46.8188], [-71.2297, 46.8186], [-71.2295, 46.8185], [-71.2293, 46.8183], [-71.2291, 46.8181], [-71.2289, 46.818], [-71.2288, 46.8178], [-71.2287, 46.8177], [-71.2286, 46.8175], [-71.2286, 46.8174], [-71.2287, 46.8172], [-71.2287, 46.8171], [-71.2288, 46.817], [-71.2289, 46.8169], [-71.229, 46.8168], [-71.2292, 46.8167], [-71.2293, 46.8167], [-71.2295, 46.8166], [-71.2297, 46.8166], [-71.2299, 46.8166], [-71.2301, 46.8166], [-71.2303, 46.8166], [-71.2306, 46.8166], [-71.2308, 46.8166], [-71.231, 46.8167], [-71.2312, 46.8167], [-71.2313, 46.8168], [-71.2315, 46.8169], [-71.2317, 46.817], [-71.2318, 46.8171], [-71.232, 46.8172], [-71.2321, 46.8173], [-71.2321, 46.8174], [-71.2322, 46.8176], [-71.2322, 46.8177], [-71.2322, 46.8179], [-71.2322, 46.8181], [-71.2323, 46.8182], [-71.2323, 46.8183], [-71.2324, 46.8183], [-71.2325, 46.8184], [-71.2326, 46.8184], [-71.2328, 46.8184], [-71.2329, 46.8184], [-71.2331, 46.8184], [-71.2333, 46.8184], [-71.2336, 46.8185], [-71.2339, 46.8186], [-71.2342, 46.8187], [-71.2345, 46.8188], [-71.2349, 46.819], [-71.2354, 46.8192], [-71.2358, 46.8194], [-71.2361, 46.8196], [-71.2365, 46.8197], [-71.2368, 46.8198], [-71.237, 46.8199], [-71.2373, 46.8199], [-71.2375, 46.82], [-71.2377, 46.8199], [-71.2378, 46.8199], [-71.2379, 46.8199], [-71.238, 46.8198], [-71.2381, 46.8197], [-71.2381, 46.8196], [-71.2381, 46.8195], [-71.238, 46.8194], [-71.2379, 46.8192], [-71.2378, 46.8191], [-71.2378, 46.8189], [-71.2378, 46.8188], [-71.2379, 46.8187], [-71.238, 46.8187], [-71.2381, 46.8186], [-71.2382, 46.8186], [-71.2384, 46.8185], [-71.2386, 46.8185], [-71.2387, 46.8185], [-71.2389, 46.8185], [-71.239, 46.8186], [-71.2391, 46.8187], [-71.2392, 46.8187], [-71.2392, 46.8188], [-71.2393, 46.819], [-71.2393, 46.8191], [-71.2394, 46.8191], [-71.2394, 46.8192], [-71.2395, 46.8193], [-71.2396, 46.8193], [-71.2397, 46.8193], [-71.2398, 46.8194], [-71.2399, 46.8194], [-71.24, 46.8194], [-71.24, 46.8194], [-71.2401, 46.8194], [-71.2402, 46.8195], [-71.2403, 46.8195], [-71.2403, 46.8196], [-71.2404, 46.8197], [-71.2405, 46.8198], [-71.2405, 46.8199], [-71.2406, 46.82], [-71.2407, 46.82], [-71.2408, 46.8201], [-71.2409, 46.8202], [-71.2411, 46.8202], [-71.2412, 46.8203], [-71.2414, 46.8203], [-71.2415, 46.8204], [-71.2416, 46.8204], [-71.2417, 46.8205], [-71.2418, 46.8205], [-71.2418, 46.8206], [-71.2419, 46.8206], [-71.2418, 46.8207], [-71.2418, 46.8207], [-71.2418, 46.8208], [-71.2417, 46.8208], [-71.2416, 46.8208], [-71.2415, 46.8209], [-71.2415, 46.8209], [-71.2414, 46.8209], [-71.2412, 46.8209], [-71.2411, 46.8209], [-71.241, 46.8209], [-71.2409, 46.8209], [-71.2408, 46.8209], [-71.2408, 46.821], [-71.2407, 46.821], [-71.2407, 46.8211], [-71.2406, 46.8211], [-71.2406, 46.8212], [-71.2406, 46.8213], [-71.2407, 46.8213], [-71.2408, 46.8214], [-71.2409, 46.8214], [-71.2411, 46.8214], [-71.2413, 46.8213], [-71.2415, 46.8213], [-71.2417, 46.8212], [-71.242, 46.8212], [-71.2422, 46.8212], [-71.2424, 46.8212], [-71.2426, 46.8213], [-71.2427, 46.8215], [-71.2429, 46.8217], [-71.243, 46.8219]]]}}, {"type": "Feature", "properties": {"couche": "voile", "station": "9e Rue", "minutes": 15}, "geometry": {"type": "Polygon", "coordinates": [[[-71.4028, 46.9395], [-71.0653, 46.9416], [-71.0628, 46.7096], [-71.3989, 46.7074], [-71.4028, 46.9395]], [[-71.2429, 46.8217], [-71.2427, 46.8215], [-71.2426, 46.8213], [-71.2424, 46.8212], [-71.2422, 46.8212], [-71.242, 46.8212], [-71.2417, 46.8212], [-71.2415, 46.8213], [-71.2413, 46.8213], [-71.2411, 46.8214], [-71.2409, 46.8214], [-71.2408, 46.8214], [-71.2407, 46.8213], [-71.2406, 46.8213], [-71.2406, 46.8212], [-71.2406, 46.8211], [-71.2407, 46.8211], [-71.2407, 46.821], [-71.2408, 46.821], [-71.2408, 46.8209], [-71.2409, 46.8209], [-71.241, 46.8209], [-71.2411, 46.8209], [-71.2412, 46.8209], [-71.2414, 46.8209], [-71.2415, 46.8209], [-71.2416, 46.8208], [-71.2417, 46.8208], [-71.2418, 46.8208], [-71.2418, 46.8207], [-71.2419, 46.8206], [-71.2418, 46.8206], [-71.2418, 46.8205], [-71.2417, 46.8205], [-71.2416, 46.8204], [-71.2415, 46.8204], [-71.2414, 46.8203], [-71.2412, 46.8203], [-71.2411, 46.8202], [-71.2409, 46.8202], [-71.2408, 46.8201], [-71.2407, 46.82], [-71.2406, 46.82], [-71.2405, 46.8199], [-71.2405, 46.8198], [-71.2404, 46.8197], [-71.2403, 46.8196], [-71.2403, 46.8195], [-71.2402, 46.8195], [-71.2401, 46.8194], [-71.24, 46.8194], [-71.2399, 46.8194], [-71.2398, 46.8194], [-71.2397, 46.8193], [-71.2396, 46.8193], [-71.2395, 46.8193], [-71.2394, 46.8192], [-71.2394, 46.8191], [-71.2393, 46.8191], [-71.2393, 46.819], [-71.2392, 46.8188], [-71.2392, 46.8187], [-71.2391, 46.8187], [-71.239, 46.8186], [-71.2389, 46.8185], [-71.2387, 46.8185], [-71.2386, 46.8185], [-71.2384, 46.8185], [-71.2382, 46.8186], [-71.2381, 46.8186], [-71.238, 46.8187], [-71.2379, 46.8187], [-71.2378, 46.8188], [-71.2378, 46.8189], [-71.2378, 46.8191], [-71.2379, 46.8192], [-71.238, 46.8194], [-71.2381, 46.8195], [-71.2381, 46.8196], [-71.2381, 46.8197], [-71.238, 46.8198], [-71.2379, 46.8199], [-71.2378, 46.8199], [-71.2377, 46.8199], [-71.2375, 46.82], [-71.2373, 46.8199], [-71.237, 46.8199], [-71.2368, 46.8198], [-71.2365, 46.8197], [-71.2361, 46.8196], [-71.2358, 46.8194], [-71.2354, 46.8192], [-71.2349, 46.819], [-71.2345, 46.8188], [-71.2342, 46.8187], [-71.2339, 46.8186], [-71.2336, 46.8185], [-71.2333, 46.8184], [-71.2331, 46.8184], [-71.2329, 46.8184], [-71.2328, 46.8184], [-71.2326, 46.8184], [-71.2325, 46.8184], [-71.2324, 46.8183], [-71.2323, 46.8183], [-71.2323, 46.8182], [-71.2322, 46.8181], [-71.2322, 46.8179], [-71.2322, 46.8177], [-71.2322, 46.8176], [-71.2321, 46.8174], [-71.2321, 46.8173], [-71.232, 46.8172], [-71.2318, 46.8171], [-71.2317, 46.817], [-71.2315, 46.8169], [-71.2313, 46.8168], [-71.2312, 46.8167], [-71.231, 46.8167], [-71.2308, 46.8166], [-71.2306, 46.8166], [-71.2303, 46.8166], [-71.2301, 46.8166], [-71.2299, 46.8166], [-71.2297, 46.8166], [-71.2295, 46.8166], [-71.2293, 46.8167], [-71.2292, 46.8167], [-71.229, 46.8168], [-71.2289, 46.8169], [-71.2288, 46.817], [-71.2287, 46.8171], [-71.2287, 46.8172], [-71.2286, 46.8174], [-71.2286, 46.8175], [-71.2287, 46.8177], [-71.2288, 46.8178], [-71.2289, 46.818], [-71.2291, 46.8181], [-71.2293, 46.8183], [-71.2295, 46.8185], [-71.2297, 46.8186], [-71.2299, 46.8188], [-71.23, 46.8189], [-71.2301, 46.819], [-71.2302, 46.8191], [-71.2302, 46.8192], [-71.2302, 46.8193], [-71.2301, 46.8194], [-71.23, 46.8194], [-71.2299, 46.8195], [-71.2297, 46.8195], [-71.2296, 46.8194], [-71.2294, 46.8194], [-71.2292, 46.8193], [-71.229, 46.8193], [-71.2287, 46.8191], [-71.2285, 46.819], [-71.2283, 46.8189], [-71.2282, 46.8189], [-71.2281, 46.8188], [-71.2281, 46.8187], [-71.2281, 46.8186], [-71.2281, 46.8185], [-71.2282, 46.8185], [-71.2283, 46.8184], [-71.2284, 46.8183], [-71.2284, 46.8182], [-71.2284, 46.8181], [-71.2283, 46.8181], [-71.2283, 46.818], [-71.2282, 46.818], [-71.2281, 46.8179], [-71.2279, 46.8179], [-71.2278, 46.8178], [-71.2276, 46.8178], [-71.2274, 46.8178], [-71.2271, 46.8177], [-71.2269, 46.8177], [-71.2266, 46.8177], [-71.2264, 46.8177], [-71.2262, 46.8177], [-71.226, 46.8178], [-71.2258, 46.8179], [-71.2257, 46.818], [-71.2255, 46.8181], [-71.2254, 46.8183], [-71.2253, 46.8184], [-71.2253, 46.8186], [-71.2254, 46.8187], [-71.2255, 46.8188], [-71.2257, 46.819], [-71.226, 46.8191], [-71.2263, 46.8192], [-71.2267, 46.8193], [-71.227, 46.8194], [-71.2272, 46.8195], [-71.2272, 46.8196], [-71.227, 46.8196], [-71.2267, 46.8196], [-71.2264, 46.8195], [-71.2259, 46.8195], [-71.2254, 46.8194], [-71.225, 46.8193], [-71.2247, 46.8192], [-71.2243, 46.8191], [-71.2241, 46.8191], [-71.2238, 46.819], [-71.2236, 46.8189], [-71.2235, 46.8188], [-71.2233, 46.8187], [-71.2232, 46.8187], [-71.2231, 46.8186], [-71.223, 46.8187], [-71.223, 46.8188], [-71.223, 46.8189], [-71.223, 46.819], [-71.223, 46.8191], [-71.223, 46.8192], [-71.223, 46.8193], [-71.2229, 46.8194], [-71.2228, 46.8195], [-71.2227, 46.8196], [-71.2226, 46.8196], [-71.2225, 46.8197], [-71.2223, 46.8197], [-71.2222, 46.8198], [-71.2222, 46.8199], [-71.2221, 46.82], [-71.2221, 46.8201], [-71.2221, 46.8202], [-71.2221, 46.8203], [-71.2222, 46.8204], [-71.2222, 46.8205], [-71.2222, 46.8207], [-71.2222, 46.8209], [-71.2221, 46.8211], [-71.222, 46.8214], [-71.2219, 46.8217], [-71.2218, 46.8221], [-71.2216, 46.8225], [-71.2215, 46.8228], [-71.2214, 46.8231], [-71.2214, 46.8234], [-71.2213, 46.8237], [-71.2213, 46.8239], [-71.2213, 46.8241], [-71.2214, 46.8243], [-71.2215, 46.8244], [-71.2215, 46.8246], [-71.2216, 46.8247], [-71.2216, 46.8248], [-71.2216, 46.8249], [-71.2216, 46.825], [-71.2216, 46.8251], [-71.2216, 46.8252], [-71.2215, 46.8253], [-71.2215, 46.8254], [-71.2216, 46.8255], [-71.2217, 46.8256], [-71.2218, 46.8256], [-71.222, 46.8256], [-71.2221, 46.8256], [-71.2222, 46.8257], [-71.2222, 46.8258], [-71.2222, 46.8259], [-71.2221, 46.8259], [-71.222, 46.826], [-71.2219, 46.8261], [-71.2219, 46.8263], [-71.2219, 46.8264], [-71.222, 46.8266], [-71.2221, 46.8268], [-71.2223, 46.8271], [-71.2226, 46.8274], [-71.223, 46.8277], [-71.2234, 46.8281], [-71.2238, 46.8284], [-71.2241, 46.8287], [-71.2243, 46.8291], [-71.2245, 46.8294], [-71.2246, 46.8297], [-71.2247, 46.83], [-71.2246, 46.8303], [-71.2246, 46.8306], [-71.2245, 46.8309], [-71.2245, 46.8311], [-71.2245, 46.8313], [-71.2246, 46.8314], [-71.2247, 46.8315], [-71.2249, 46.8315], [-71.2251, 46.8316], [-71.2253, 46.8316], [-71.2255, 46.8315], [-71.2257, 46.8315], [-71.2258, 46.8314], [-71.2259, 46.8314], [-71.2259, 46.8313], [-71.226, 46.8312], [-71.2259, 46.8311], [-71.2258, 46.8309], [-71.2258, 46.8308], [-71.2258, 46.8307], [-71.2259, 46.8307], [-71.226, 46.8308], [-71.2261, 46.8308], [-71.2263, 46.8309], [-71.2265, 46.831], [-71.2267, 46.8311], [-71.2269, 46.8311], [-71.227, 46.8312], [-71.227, 46.8311], [-71.227, 46.831], [-71.227, 46.8309], [-71.2269, 46.8307], [-71.2268, 46.8306], [-71.2268, 46.8305], [-71.2267, 46.8304], [-71.2267, 46.8303], [-71.2267, 46.8302], [-71.2268, 46.8301], [-71.2269, 46.83], [-71.227, 46.83], [-71.2271, 46.83], [-71.2272, 46.8301], [-71.2273, 46.8301], [-71.2274, 46.8302], [-71.2275, 46.8303], [-71.2277, 46.8305], [-71.2278, 46.8306], [-71.228, 46.8308], [-71.2283, 46.8309], [-71.2286, 46.8311], [-71.229, 46.8312], [-71.2295, 46.8313], [-71.2301, 46.8315], [-71.2307, 46.8316], [-71.2314, 46.8318], [-71.2321, 46.8319], [-71.2327, 46.832], [-71.2332, 46.8321], [-71.2337, 46.8322], [-71.2341, 46.8322], [-71.2344, 46.8322], [-71.2347, 46.8322], [-71.2349, 46.8322], [-71.2351, 46.8322], [-71.2353, 46.8322], [-71.2354, 46.8321], [-71.2355, 46.8321], [-71.2356, 46.832], [-71.2357, 46.832], [-71.2357, 46.8319], [-71.2357, 46.8318], [-71.2357, 46.8317], [-71.2358, 46.8317], [-71.2358, 46.8316], [-71.2359, 46.8316], [-71.236, 46.8316], [-71.2361, 46.8316], [-71.2361, 46.8317], [-71.2362, 46.8317], [-71.2363, 46.8318], [-71.2364, 46.8319], [-71.2365, 46.832], [-71.2365, 46.8321], [-71.2366, 46.8322], [-71.2367, 46.8323], [-71.2368, 46.8324], [-71.2369, 46.8325], [-71.237, 46.8326], [-71.2371, 46.8326], [-71.2372, 46.8327], [-71.2374, 46.8327], [-71.2375, 46.8327], [-71.2376, 46.8327], [-71.2378, 46.8327], [-71.2379, 46.8327], [-71.238, 46.8327], [-71.2381, 46.8326], [-71.2382, 46.8326], [-71.2382, 46.8325], [-71.2383, 46.8324], [-71.2384, 46.8324], [-71.2385, 46.8324], [-71.2386, 46.8324], [-71.2388, 46.8324], [-71.239, 46.8324], [-71.2392, 46.8324], [-71.2395, 46.8325], [-71.2397, 46.8325], [-71.2398, 46.8325], [-71.24, 46.8325], [-71.2401, 46.8325], [-71.2402, 46.8324], [-71.2402, 46.8323], [-71.2402, 46.8322], [-71.2402, 46.8321], [-71.2402, 46.832], [-71.2402, 46.8319], [-71.2402, 46.8318], [-71.2402, 46.8317], [-71.2403, 46.8317], [-71.2404, 46.8316], [-71.2405, 46.8316], [-71.2406, 46.8315], [-71.2407, 46.8314], [-71.2408, 46.8313], [-71.241, 46.8311], [-71.2412, 46.8308], [-71.2414, 46.8305], [-71.2417, 46.8301], [-71.2419, 46.8297], [-71.2422, 46.8292], [-71.2424, 46.8288], [-71.2426, 46.8284], [-71.2428, 46.8281], [-71.2429, 46.8278], [-71.243, 46.8275], [-71.243, 46.8272], [-71.243, 46.827], [-71.2429, 46.8269], [-71.2429, 46.8267], [-71.2429, 46.8266], [-71.2429, 46.8265], [-71.2429, 46.8264], [-71.243, 46.8263], [-71.2431, 46.8262], [-71.2432, 46.8261], [-71.2433, 46.8261], [-71.2434, 46.826], [-71.2435, 46.8259], [-71.2435, 46.8258], [-71.2436, 46.8256], [-71.2436, 46.8254], [-71.2436, 46.8252], [-71.2436, 46.8249], [-71.2435, 46.8247], [-71.2434, 46.8244], [-71.2433, 46.8242], [-71.2432, 46.8241], [-71.2431, 46.8239], [-71.2429, 46.8238], [-71.2427, 46.8237], [-71.2425, 46.8237], [-71.2423, 46.8237], [-71.2421, 46.8236], [-71.242, 46.8236], [-71.2419, 46.8236], [-71.2419, 46.8235], [-71.242, 46.8235], [-71.2421, 46.8235], [-71.2423, 46.8234], [-71.2426, 46.8233], [-71.2428, 46.8233], [-71.2429, 46.8232], [-71.2431, 46.823], [-71.2431, 46.8228], [-71.2432, 46.8227], [-71.2432, 46.8224], [-71.2431, 46.8222], [-71.243, 46.8219], [-71.2429, 46.8217]]]}}]}