{"type": "FeatureCollection", "metadata": {"script": "scripts/analysis/tramway-isochrones.py", "genere_le": "2026-10-05", "source": "OpenStreetMap (ODbL) ; Statistique Canada, Recensement 2021", "attribution": "© les contributeurs d'OpenStreetMap", "titre": "Aires de marche et voiles — Bégon", "paliers_min": [2, 3, 4, 5, 6, 7, 8, 9, 10, 11, 12, 13, 14, 15], "vitesse_kmh": 4.2, "methode": "Dijkstra sur le réseau marchable d'OpenStreetMap à 4.2 km/h ; couloir de 40 m autour des rues atteintes. Chaque voile est le complément de l'aire du même palier. Population par pondération de surface des aires de diffusion.", "trous": "comblés — intérieurs de grands îlots, pas des zones inaccessibles", "modes": "Mode de transport domicile–travail, recensement 2021 (mai 2021, en pleine pandémie), données-échantillon 25 %, réparti par pondération de surface."}, "features": [{"type": "Feature", "properties": {"couche": "aire_marche", "station": "Bégon", "ordre": 5, "minutes": 2, "superficie_ha": 5.4, "rue_km": 3.05, "disque_ha": 6.2, "part_disque_pct": 86, "accroche_m": 5, "population": 343, "navetteurs": 138, "mode_auto_pct": 55, "mode_tc_pct": 30, "mode_actif_pct": 13, "mode_autre_pct": 2}, "geometry": {"type": "Polygon", "coordinates": [[[-71.3176, 46.7633], [-71.3176, 46.7636], [-71.3176, 46.7639], [-71.3175, 46.7641], [-71.3175, 46.7643], [-71.3174, 46.7644], [-71.3173, 46.7646], [-71.3171, 46.7646], [-71.317, 46.7647], [-71.3168, 46.7647], [-71.3166, 46.7647], [-71.3165, 46.7647], [-71.3163, 46.7647], [-71.3162, 46.7646], [-71.3161, 46.7646], [-71.316, 46.7646], [-71.316, 46.7645], [-71.3159, 46.7645], [-71.3159, 46.7644], [-71.3158, 46.7644], [-71.3157, 46.7644], [-71.3156, 46.7644], [-71.3155, 46.7644], [-71.3153, 46.7644], [-71.3152, 46.7644], [-71.315, 46.7645], [-71.3148, 46.7645], [-71.3147, 46.7644], [-71.3146, 46.7643], [-71.3145, 46.7642], [-71.3145, 46.764], [-71.3144, 46.7638], [-71.3144, 46.7636], [-71.3145, 46.7633], [-71.3145, 46.7631], [-71.3146, 46.7628], [-71.3148, 46.7627], [-71.315, 46.7625], [-71.3152, 46.7624], [-71.3155, 46.7623], [-71.3159, 46.7623], [-71.3162, 46.7623], [-71.3166, 46.7623], [-71.3169, 46.7624], [-71.3171, 46.7625], [-71.3173, 46.7627], [-71.3174, 46.7629], [-71.3175, 46.7631], [-71.3176, 46.7633]]]}}, {"type": "Feature", "properties": {"couche": "voile", "station": "Bégon", "minutes": 2}, "geometry": {"type": "Polygon", "coordinates": [[[-71.4767, 46.8714], [-71.1586, 46.8737], [-71.156, 46.6554], [-71.4727, 46.6531], [-71.4767, 46.8714]], [[-71.3175, 46.7631], [-71.3174, 46.7629], [-71.3173, 46.7627], [-71.3171, 46.7625], [-71.3169, 46.7624], [-71.3166, 46.7623], [-71.3162, 46.7623], [-71.3159, 46.7623], [-71.3155, 46.7623], [-71.3152, 46.7624], [-71.315, 46.7625], [-71.3148, 46.7627], [-71.3146, 46.7628], [-71.3145, 46.7631], [-71.3145, 46.7633], [-71.3144, 46.7636], [-71.3144, 46.7638], [-71.3145, 46.764], [-71.3145, 46.7642], [-71.3146, 46.7643], [-71.3147, 46.7644], [-71.3148, 46.7645], [-71.315, 46.7645], [-71.3152, 46.7644], [-71.3153, 46.7644], [-71.3155, 46.7644], [-71.3156, 46.7644], [-71.3157, 46.7644], [-71.3158, 46.7644], [-71.3159, 46.7644], [-71.3159, 46.7645], [-71.316, 46.7645], [-71.316, 46.7646], [-71.3161, 46.7646], [-71.3162, 46.7646], [-71.3163, 46.7647], [-71.3165, 46.7647], [-71.3166, 46.7647], [-71.3168, 46.7647], [-71.317, 46.7647], [-71.3171, 46.7646], [-71.3173, 46.7646], [-71.3174, 46.7644], [-71.3175, 46.7643], [-71.3175, 46.7641], [-71.3176, 46.7639], [-71.3176, 46.7636], [-71.3176, 46.7633], [-71.3175, 46.7631]]]}}, {"type": "Feature", "properties": {"couche": "aire_marche", "station": "Bégon", "ordre": 5, "minutes": 3, "superficie_ha": 10.0, "rue_km": 5.44, "disque_ha": 13.9, "part_disque_pct": 72, "accroche_m": 5, "population": 606, "navetteurs": 236, "mode_auto_pct": 56, "mode_tc_pct": 29, "mode_actif_pct": 13, "mode_autre_pct": 2}, "geometry": {"type": "Polygon", "coordinates": [[[-71.3184, 46.7627], [-71.3184, 46.7629], [-71.3185, 46.7631], [-71.3185, 46.7633], [-71.3184, 46.7634], [-71.3184, 46.7636], [-71.3184, 46.7637], [-71.3183, 46.7638], [-71.3182, 46.7639], [-71.3181, 46.7639], [-71.318, 46.764], [-71.3179, 46.7641], [-71.3179, 46.7642], [-71.3179, 46.7643], [-71.3179, 46.7644], [-71.3179, 46.7645], [-71.3179, 46.7646], [-71.318, 46.7647], [-71.318, 46.7648], [-71.318, 46.7649], [-71.318, 46.7649], [-71.318, 46.765], [-71.3179, 46.765], [-71.3178, 46.765], [-71.3177, 46.765], [-71.3175, 46.7649], [-71.3174, 46.7649], [-71.3173, 46.7648], [-71.3171, 46.7648], [-71.3169, 46.7648], [-71.3168, 46.7649], [-71.3166, 46.7649], [-71.3165, 46.7649], [-71.3163, 46.765], [-71.3162, 46.765], [-71.316, 46.765], [-71.3159, 46.765], [-71.3158, 46.765], [-71.3157, 46.765], [-71.3157, 46.765], [-71.3156, 46.7649], [-71.3156, 46.7648], [-71.3155, 46.7647], [-71.3154, 46.7647], [-71.3153, 46.7647], [-71.3152, 46.7647], [-71.315, 46.7647], [-71.3149, 46.7647], [-71.3147, 46.7647], [-71.3144, 46.7648], [-71.3143, 46.7648], [-71.3141, 46.7647], [-71.314, 46.7646], [-71.3139, 46.7645], [-71.3139, 46.7642], [-71.3139, 46.764], [-71.3139, 46.7636], [-71.314, 46.7632], [-71.3141, 46.7629], [-71.3141, 46.7626], [-71.3142, 46.7623], [-71.3144, 46.7621], [-71.3145, 46.762], [-71.3146, 46.7619], [-71.3148, 46.7618], [-71.3149, 46.7618], [-71.3151, 46.7619], [-71.3152, 46.7619], [-71.3154, 46.7619], [-71.3155, 46.762], [-71.3156, 46.762], [-71.3156, 46.7621], [-71.3157, 46.7621], [-71.3158, 46.7622], [-71.3159, 46.7623], [-71.3159, 46.7623], [-71.316, 46.7624], [-71.3161, 46.7624], [-71.3162, 46.7623], [-71.3164, 46.7623], [-71.3165, 46.7622], [-71.3166, 46.7622], [-71.3168, 46.7621], [-71.3169, 46.762], [-71.3171, 46.762], [-71.3172, 46.7619], [-71.3174, 46.7619], [-71.3175, 46.7619], [-71.3176, 46.7619], [-71.3178, 46.7619], [-71.3179, 46.7619], [-71.318, 46.762], [-71.3181, 46.7621], [-71.3182, 46.7622], [-71.3183, 46.7623], [-71.3184, 46.7625], [-71.3184, 46.7627]]]}}, {"type": "Feature", "properties": {"couche": "voile", "station": "Bégon", "minutes": 3}, "geometry": {"type": "Polygon", "coordinates": [[[-71.4776, 46.8717], [-71.1581, 46.874], [-71.1555, 46.6549], [-71.4736, 46.6526], [-71.4776, 46.8717]], [[-71.3184, 46.7625], [-71.3183, 46.7623], [-71.3182, 46.7622], [-71.3181, 46.7621], [-71.318, 46.762], [-71.3179, 46.7619], [-71.3178, 46.7619], [-71.3176, 46.7619], [-71.3175, 46.7619], [-71.3174, 46.7619], [-71.3172, 46.7619], [-71.3171, 46.762], [-71.3169, 46.762], [-71.3168, 46.7621], [-71.3166, 46.7622], [-71.3165, 46.7622], [-71.3164, 46.7623], [-71.3162, 46.7623], [-71.3161, 46.7624], [-71.316, 46.7624], [-71.3159, 46.7623], [-71.3158, 46.7622], [-71.3157, 46.7621], [-71.3156, 46.7621], [-71.3156, 46.762], [-71.3155, 46.762], [-71.3154, 46.7619], [-71.3152, 46.7619], [-71.3151, 46.7619], [-71.3149, 46.7618], [-71.3148, 46.7618], [-71.3146, 46.7619], [-71.3145, 46.762], [-71.3144, 46.7621], [-71.3142, 46.7623], [-71.3141, 46.7626], [-71.3141, 46.7629], [-71.314, 46.7632], [-71.3139, 46.7636], [-71.3139, 46.764], [-71.3139, 46.7642], [-71.3139, 46.7645], [-71.314, 46.7646], [-71.3141, 46.7647], [-71.3143, 46.7648], [-71.3144, 46.7648], [-71.3147, 46.7647], [-71.3149, 46.7647], [-71.315, 46.7647], [-71.3152, 46.7647], [-71.3153, 46.7647], [-71.3154, 46.7647], [-71.3155, 46.7647], [-71.3156, 46.7648], [-71.3156, 46.7649], [-71.3157, 46.765], [-71.3158, 46.765], [-71.3159, 46.765], [-71.316, 46.765], [-71.3162, 46.765], [-71.3163, 46.765], [-71.3165, 46.7649], [-71.3166, 46.7649], [-71.3168, 46.7649], [-71.3169, 46.7648], [-71.3171, 46.7648], [-71.3173, 46.7648], [-71.3174, 46.7649], [-71.3175, 46.7649], [-71.3177, 46.765], [-71.3178, 46.765], [-71.3179, 46.765], [-71.318, 46.765], [-71.318, 46.7649], [-71.318, 46.7648], [-71.318, 46.7647], [-71.3179, 46.7646], [-71.3179, 46.7645], [-71.3179, 46.7644], [-71.3179, 46.7643], [-71.3179, 46.7642], [-71.3179, 46.7641], [-71.318, 46.764], [-71.3181, 46.7639], [-71.3182, 46.7639], [-71.3183, 46.7638], [-71.3184, 46.7637], [-71.3184, 46.7636], [-71.3184, 46.7634], [-71.3185, 46.7633], [-71.3185, 46.7631], [-71.3184, 46.7629], [-71.3184, 46.7627], [-71.3184, 46.7625]]]}}, {"type": "Feature", "properties": {"couche": "aire_marche", "station": "Bégon", "ordre": 5, "minutes": 4, "superficie_ha": 17.1, "rue_km": 8.32, "disque_ha": 24.6, "part_disque_pct": 70, "accroche_m": 5, "population": 965, "navetteurs": 366, "mode_auto_pct": 57, "mode_tc_pct": 28, "mode_actif_pct": 13, "mode_autre_pct": 2}, "geometry": {"type": "Polygon", "coordinates": [[[-71.3192, 46.7623], [-71.3192, 46.7625], [-71.3192, 46.7627], [-71.3191, 46.7629], [-71.3191, 46.7631], [-71.319, 46.7632], [-71.3189, 46.7634], [-71.3187, 46.7635], [-71.3186, 46.7637], [-71.3184, 46.7638], [-71.3182, 46.7639], [-71.3181, 46.764], [-71.3181, 46.7641], [-71.3181, 46.7641], [-71.3181, 46.7642], [-71.3182, 46.7643], [-71.3183, 46.7643], [-71.3185, 46.7644], [-71.3186, 46.7644], [-71.3187, 46.7645], [-71.3188, 46.7645], [-71.3189, 46.7646], [-71.3189, 46.7647], [-71.319, 46.7648], [-71.319, 46.765], [-71.3189, 46.7651], [-71.3189, 46.7652], [-71.3189, 46.7653], [-71.3188, 46.7653], [-71.3187, 46.7654], [-71.3186, 46.7654], [-71.3184, 46.7654], [-71.3183, 46.7653], [-71.3181, 46.7653], [-71.3179, 46.7652], [-71.3177, 46.7652], [-71.3175, 46.7652], [-71.3173, 46.7652], [-71.317, 46.7652], [-71.3167, 46.7652], [-71.3165, 46.7653], [-71.3162, 46.7654], [-71.3159, 46.7654], [-71.3157, 46.7655], [-71.3155, 46.7655], [-71.3153, 46.7655], [-71.3152, 46.7655], [-71.3151, 46.7654], [-71.315, 46.7653], [-71.3149, 46.7653], [-71.3148, 46.7652], [-71.3147, 46.7652], [-71.3146, 46.7651], [-71.3145, 46.7651], [-71.3144, 46.7651], [-71.3142, 46.7652], [-71.314, 46.7652], [-71.3138, 46.7653], [-71.3136, 46.7653], [-71.3135, 46.7652], [-71.3133, 46.7651], [-71.3132, 46.765], [-71.3132, 46.7648], [-71.3131, 46.7646], [-71.3131, 46.7643], [-71.3131, 46.7639], [-71.3131, 46.7636], [-71.3131, 46.7633], [-71.3132, 46.763], [-71.3133, 46.7628], [-71.3134, 46.7625], [-71.3136, 46.7623], [-71.3138, 46.7621], [-71.314, 46.762], [-71.3142, 46.7618], [-71.3144, 46.7617], [-71.3146, 46.7616], [-71.3148, 46.7615], [-71.315, 46.7615], [-71.3152, 46.7614], [-71.3154, 46.7614], [-71.3156, 46.7614], [-71.3157, 46.7614], [-71.3159, 46.7615], [-71.316, 46.7615], [-71.3161, 46.7616], [-71.3162, 46.7616], [-71.3163, 46.7617], [-71.3163, 46.7618], [-71.3163, 46.7619], [-71.3164, 46.762], [-71.3164, 46.762], [-71.3165, 46.7621], [-71.3166, 46.7621], [-71.3168, 46.762], [-71.3169, 46.762], [-71.3171, 46.7619], [-71.3173, 46.7618], [-71.3175, 46.7617], [-71.3176, 46.7616], [-71.3178, 46.7616], [-71.318, 46.7615], [-71.3182, 46.7615], [-71.3183, 46.7615], [-71.3185, 46.7615], [-71.3186, 46.7615], [-71.3187, 46.7615], [-71.3189, 46.7616], [-71.319, 46.7617], [-71.319, 46.7618], [-71.3191, 46.7619], [-71.3191, 46.7621], [-71.3192, 46.7623]]]}}, {"type": "Feature", "properties": {"couche": "voile", "station": "Bégon", "minutes": 4}, "geometry": {"type": "Polygon", "coordinates": [[[-71.4783, 46.8722], [-71.1573, 46.8745], [-71.1547, 46.6545], [-71.4743, 46.6522], [-71.4783, 46.8722]], [[-71.3191, 46.7621], [-71.3191, 46.7619], [-71.319, 46.7618], [-71.319, 46.7617], [-71.3189, 46.7616], [-71.3187, 46.7615], [-71.3186, 46.7615], [-71.3185, 46.7615], [-71.3183, 46.7615], [-71.3182, 46.7615], [-71.318, 46.7615], [-71.3178, 46.7616], [-71.3176, 46.7616], [-71.3175, 46.7617], [-71.3173, 46.7618], [-71.3171, 46.7619], [-71.3169, 46.762], [-71.3168, 46.762], [-71.3166, 46.7621], [-71.3165, 46.7621], [-71.3164, 46.762], [-71.3163, 46.7619], [-71.3163, 46.7618], [-71.3163, 46.7617], [-71.3162, 46.7616], [-71.3161, 46.7616], [-71.316, 46.7615], [-71.3159, 46.7615], [-71.3157, 46.7614], [-71.3156, 46.7614], [-71.3154, 46.7614], [-71.3152, 46.7614], [-71.315, 46.7615], [-71.3148, 46.7615], [-71.3146, 46.7616], [-71.3144, 46.7617], [-71.3142, 46.7618], [-71.314, 46.762], [-71.3138, 46.7621], [-71.3136, 46.7623], [-71.3134, 46.7625], [-71.3133, 46.7628], [-71.3132, 46.763], [-71.3131, 46.7633], [-71.3131, 46.7636], [-71.3131, 46.7639], [-71.3131, 46.7643], [-71.3131, 46.7646], [-71.3132, 46.7648], [-71.3132, 46.765], [-71.3133, 46.7651], [-71.3135, 46.7652], [-71.3136, 46.7653], [-71.3138, 46.7653], [-71.314, 46.7652], [-71.3142, 46.7652], [-71.3144, 46.7651], [-71.3145, 46.7651], [-71.3146, 46.7651], [-71.3147, 46.7652], [-71.3148, 46.7652], [-71.3149, 46.7653], [-71.315, 46.7653], [-71.3151, 46.7654], [-71.3152, 46.7655], [-71.3153, 46.7655], [-71.3155, 46.7655], [-71.3157, 46.7655], [-71.3159, 46.7654], [-71.3162, 46.7654], [-71.3165, 46.7653], [-71.3167, 46.7652], [-71.317, 46.7652], [-71.3173, 46.7652], [-71.3175, 46.7652], [-71.3177, 46.7652], [-71.3179, 46.7652], [-71.3181, 46.7653], [-71.3183, 46.7653], [-71.3184, 46.7654], [-71.3186, 46.7654], [-71.3187, 46.7654], [-71.3188, 46.7653], [-71.3189, 46.7653], [-71.3189, 46.7652], [-71.3189, 46.7651], [-71.319, 46.765], [-71.319, 46.7648], [-71.3189, 46.7647], [-71.3189, 46.7646], [-71.3188, 46.7645], [-71.3187, 46.7645], [-71.3186, 46.7644], [-71.3185, 46.7644], [-71.3183, 46.7643], [-71.3182, 46.7643], [-71.3181, 46.7642], [-71.3181, 46.7641], [-71.3181, 46.764], [-71.3182, 46.7639], [-71.3184, 46.7638], [-71.3186, 46.7637], [-71.3187, 46.7635], [-71.3189, 46.7634], [-71.319, 46.7632], [-71.3191, 46.7631], [-71.3191, 46.7629], [-71.3192, 46.7627], [-71.3192, 46.7625], [-71.3192, 46.7623], [-71.3191, 46.7621]]]}}, {"type": "Feature", "properties": {"couche": "aire_marche", "station": "Bégon", "ordre": 5, "minutes": 5, "superficie_ha": 24.5, "rue_km": 11.6, "disque_ha": 38.5, "part_disque_pct": 64, "accroche_m": 5, "population": 1327, "navetteurs": 497, "mode_auto_pct": 58, "mode_tc_pct": 27, "mode_actif_pct": 13, "mode_autre_pct": 2}, "geometry": {"type": "Polygon", "coordinates": [[[-71.3198, 46.7619], [-71.3198, 46.7621], [-71.3198, 46.7623], [-71.3197, 46.7625], [-71.3196, 46.7627], [-71.3195, 46.7629], [-71.3194, 46.7631], [-71.3192, 46.7633], [-71.3189, 46.7635], [-71.3187, 46.7636], [-71.3185, 46.7638], [-71.3183, 46.7639], [-71.3182, 46.764], [-71.3182, 46.764], [-71.3183, 46.7641], [-71.3184, 46.7641], [-71.3186, 46.7641], [-71.3188, 46.7641], [-71.319, 46.7641], [-71.3192, 46.7641], [-71.3194, 46.7641], [-71.3195, 46.7642], [-71.3196, 46.7642], [-71.3196, 46.7643], [-71.3197, 46.7644], [-71.3197, 46.7645], [-71.3197, 46.7646], [-71.3197, 46.7647], [-71.3196, 46.7648], [-71.3196, 46.7648], [-71.3196, 46.7649], [-71.3195, 46.7649], [-71.3194, 46.765], [-71.3193, 46.765], [-71.3193, 46.7651], [-71.3192, 46.7651], [-71.3192, 46.7652], [-71.3192, 46.7652], [-71.3192, 46.7653], [-71.3192, 46.7654], [-71.3193, 46.7655], [-71.3193, 46.7656], [-71.3193, 46.7657], [-71.3193, 46.7658], [-71.3193, 46.7659], [-71.3192, 46.7659], [-71.319, 46.766], [-71.3189, 46.766], [-71.3187, 46.766], [-71.3185, 46.766], [-71.3183, 46.766], [-71.3181, 46.766], [-71.318, 46.7659], [-71.3178, 46.7659], [-71.3177, 46.7658], [-71.3177, 46.7657], [-71.3176, 46.7656], [-71.3176, 46.7655], [-71.3175, 46.7654], [-71.3175, 46.7653], [-71.3174, 46.7653], [-71.3172, 46.7653], [-71.3171, 46.7653], [-71.3169, 46.7654], [-71.3168, 46.7655], [-71.3166, 46.7656], [-71.3164, 46.7658], [-71.3162, 46.7659], [-71.316, 46.7659], [-71.3158, 46.766], [-71.3156, 46.766], [-71.3154, 46.7661], [-71.3152, 46.7661], [-71.3151, 46.7661], [-71.3149, 46.7661], [-71.3148, 46.766], [-71.3146, 46.766], [-71.3145, 46.766], [-71.3144, 46.7659], [-71.3143, 46.7658], [-71.3143, 46.7658], [-71.3142, 46.7657], [-71.3142, 46.7656], [-71.3141, 46.7656], [-71.314, 46.7656], [-71.3138, 46.7656], [-71.3137, 46.7656], [-71.3135, 46.7656], [-71.3133, 46.7656], [-71.3131, 46.7657], [-71.3129, 46.7657], [-71.3128, 46.7657], [-71.3127, 46.7657], [-71.3126, 46.7657], [-71.3126, 46.7656], [-71.3125, 46.7656], [-71.3126, 46.7655], [-71.3126, 46.7654], [-71.3127, 46.7652], [-71.3127, 46.7651], [-71.3127, 46.7649], [-71.3127, 46.7648], [-71.3126, 46.7646], [-71.3126, 46.7645], [-71.3125, 46.7643], [-71.3124, 46.7641], [-71.3124, 46.7639], [-71.3124, 46.7637], [-71.3124, 46.7635], [-71.3125, 46.7633], [-71.3127, 46.7631], [-71.3129, 46.7629], [-71.3131, 46.7627], [-71.3134, 46.7625], [-71.3136, 46.7623], [-71.3138, 46.7621], [-71.314, 46.7619], [-71.3141, 46.7618], [-71.3142, 46.7616], [-71.3142, 46.7615], [-71.3142, 46.7614], [-71.3142, 46.7613], [-71.3142, 46.7612], [-71.3142, 46.7612], [-71.3143, 46.7611], [-71.3143, 46.7611], [-71.3144, 46.7611], [-71.3146, 46.7611], [-71.3147, 46.7612], [-71.3149, 46.7613], [-71.315, 46.7613], [-71.3152, 46.7614], [-71.3154, 46.7614], [-71.3156, 46.7614], [-71.3157, 46.7614], [-71.3159, 46.7613], [-71.3161, 46.7613], [-71.3162, 46.7612], [-71.3164, 46.7612], [-71.3165, 46.7611], [-71.3166, 46.7611], [-71.3167, 46.7612], [-71.3168, 46.7612], [-71.3169, 46.7613], [-71.3169, 46.7614], [-71.317, 46.7615], [-71.317, 46.7616], [-71.3171, 46.7616], [-71.3172, 46.7616], [-71.3173, 46.7616], [-71.3174, 46.7616], [-71.3175, 46.7616], [-71.3177, 46.7615], [-71.3179, 46.7614], [-71.318, 46.7613], [-71.3182, 46.7612], [-71.3184, 46.7612], [-71.3185, 46.7611], [-71.3187, 46.7611], [-71.3189, 46.7611], [-71.319, 46.7611], [-71.3192, 46.7611], [-71.3193, 46.7611], [-71.3194, 46.7611], [-71.3195, 46.7612], [-71.3196, 46.7613], [-71.3197, 46.7615], [-71.3197, 46.7617], [-71.3198, 46.7619]]]}}, {"type": "Feature", "properties": {"couche": "voile", "station": "Bégon", "minutes": 5}, "geometry": {"type": "Polygon", "coordinates": [[[-71.4789, 46.8728], [-71.1566, 46.8751], [-71.154, 46.6542], [-71.4749, 46.6519], [-71.4789, 46.8728]], [[-71.3197, 46.7617], [-71.3197, 46.7615], [-71.3196, 46.7613], [-71.3195, 46.7612], [-71.3194, 46.7611], [-71.3193, 46.7611], [-71.3192, 46.7611], [-71.319, 46.7611], [-71.3189, 46.7611], [-71.3187, 46.7611], [-71.3185, 46.7611], [-71.3184, 46.7612], [-71.3182, 46.7612], [-71.318, 46.7613], [-71.3179, 46.7614], [-71.3177, 46.7615], [-71.3175, 46.7616], [-71.3174, 46.7616], [-71.3173, 46.7616], [-71.3172, 46.7616], [-71.3171, 46.7616], [-71.317, 46.7616], [-71.317, 46.7615], [-71.3169, 46.7614], [-71.3169, 46.7613], [-71.3168, 46.7612], [-71.3167, 46.7612], [-71.3166, 46.7611], [-71.3165, 46.7611], [-71.3164, 46.7612], [-71.3162, 46.7612], [-71.3161, 46.7613], [-71.3159, 46.7613], [-71.3157, 46.7614], [-71.3156, 46.7614], [-71.3154, 46.7614], [-71.3152, 46.7614], [-71.315, 46.7613], [-71.3149, 46.7613], [-71.3147, 46.7612], [-71.3146, 46.7611], [-71.3144, 46.7611], [-71.3143, 46.7611], [-71.3142, 46.7612], [-71.3142, 46.7613], [-71.3142, 46.7614], [-71.3142, 46.7615], [-71.3142, 46.7616], [-71.3141, 46.7618], [-71.314, 46.7619], [-71.3138, 46.7621], [-71.3136, 46.7623], [-71.3134, 46.7625], [-71.3131, 46.7627], [-71.3129, 46.7629], [-71.3127, 46.7631], [-71.3125, 46.7633], [-71.3124, 46.7635], [-71.3124, 46.7637], [-71.3124, 46.7639], [-71.3124, 46.7641], [-71.3125, 46.7643], [-71.3126, 46.7645], [-71.3126, 46.7646], [-71.3127, 46.7648], [-71.3127, 46.7649], [-71.3127, 46.7651], [-71.3127, 46.7652], [-71.3126, 46.7654], [-71.3126, 46.7655], [-71.3125, 46.7656], [-71.3126, 46.7656], [-71.3126, 46.7657], [-71.3127, 46.7657], [-71.3128, 46.7657], [-71.3129, 46.7657], [-71.3131, 46.7657], [-71.3133, 46.7656], [-71.3135, 46.7656], [-71.3137, 46.7656], [-71.3138, 46.7656], [-71.314, 46.7656], [-71.3141, 46.7656], [-71.3142, 46.7656], [-71.3142, 46.7657], [-71.3143, 46.7658], [-71.3144, 46.7659], [-71.3145, 46.766], [-71.3146, 46.766], [-71.3148, 46.766], [-71.3149, 46.7661], [-71.3151, 46.7661], [-71.3152, 46.7661], [-71.3154, 46.7661], [-71.3156, 46.766], [-71.3158, 46.766], [-71.316, 46.7659], [-71.3162, 46.7659], [-71.3164, 46.7658], [-71.3166, 46.7656], [-71.3168, 46.7655], [-71.3169, 46.7654], [-71.3171, 46.7653], [-71.3172, 46.7653], [-71.3174, 46.7653], [-71.3175, 46.7653], [-71.3175, 46.7654], [-71.3176, 46.7655], [-71.3176, 46.7656], [-71.3177, 46.7657], [-71.3177, 46.7658], [-71.3178, 46.7659], [-71.318, 46.7659], [-71.3181, 46.766], [-71.3183, 46.766], [-71.3185, 46.766], [-71.3187, 46.766], [-71.3189, 46.766], [-71.319, 46.766], [-71.3192, 46.7659], [-71.3193, 46.7659], [-71.3193, 46.7658], [-71.3193, 46.7657], [-71.3193, 46.7656], [-71.3193, 46.7655], [-71.3192, 46.7654], [-71.3192, 46.7653], [-71.3192, 46.7652], [-71.3192, 46.7651], [-71.3193, 46.7651], [-71.3193, 46.765], [-71.3194, 46.765], [-71.3195, 46.7649], [-71.3196, 46.7649], [-71.3196, 46.7648], [-71.3197, 46.7647], [-71.3197, 46.7646], [-71.3197, 46.7645], [-71.3197, 46.7644], [-71.3196, 46.7643], [-71.3196, 46.7642], [-71.3195, 46.7642], [-71.3194, 46.7641], [-71.3192, 46.7641], [-71.319, 46.7641], [-71.3188, 46.7641], [-71.3186, 46.7641], [-71.3184, 46.7641], [-71.3183, 46.7641], [-71.3182, 46.764], [-71.3183, 46.7639], [-71.3185, 46.7638], [-71.3187, 46.7636], [-71.3189, 46.7635], [-71.3192, 46.7633], [-71.3194, 46.7631], [-71.3195, 46.7629], [-71.3196, 46.7627], [-71.3197, 46.7625], [-71.3198, 46.7623], [-71.3198, 46.7621], [-71.3198, 46.7619], [-71.3197, 46.7617]]]}}, {"type": "Feature", "properties": {"couche": "aire_marche", "station": "Bégon", "ordre": 5, "minutes": 6, "superficie_ha": 32.9, "rue_km": 14.51, "disque_ha": 55.4, "part_disque_pct": 59, "accroche_m": 5, "population": 1764, "navetteurs": 649, "mode_auto_pct": 59, "mode_tc_pct": 26, "mode_actif_pct": 13, "mode_autre_pct": 2}, "geometry": {"type": "Polygon", "coordinates": [[[-71.3205, 46.7614], [-71.3204, 46.7615], [-71.3203, 46.7616], [-71.3203, 46.7617], [-71.3203, 46.7617], [-71.3203, 46.7618], [-71.3203, 46.7619], [-71.3203, 46.762], [-71.3203, 46.7621], [-71.3204, 46.7622], [-71.3204, 46.7623], [-71.3203, 46.7624], [-71.3202, 46.7626], [-71.3201, 46.7627], [-71.3199, 46.7629], [-71.3196, 46.7631], [-71.3193, 46.7632], [-71.319, 46.7635], [-71.3187, 46.7636], [-71.3184, 46.7638], [-71.3182, 46.764], [-71.3181, 46.7641], [-71.318, 46.7642], [-71.3179, 46.7642], [-71.3179, 46.7643], [-71.3179, 46.7643], [-71.318, 46.7644], [-71.3181, 46.7643], [-71.3183, 46.7643], [-71.3184, 46.7643], [-71.3186, 46.7642], [-71.3188, 46.7641], [-71.3191, 46.7641], [-71.3193, 46.7639], [-71.3196, 46.7639], [-71.3198, 46.7639], [-71.3199, 46.764], [-71.3201, 46.7641], [-71.3202, 46.7643], [-71.3202, 46.7645], [-71.3202, 46.7648], [-71.3202, 46.7652], [-71.3202, 46.7655], [-71.3201, 46.7657], [-71.32, 46.7659], [-71.3199, 46.7661], [-71.3198, 46.7662], [-71.3197, 46.7662], [-71.3195, 46.7662], [-71.3193, 46.7661], [-71.3191, 46.766], [-71.3189, 46.766], [-71.3187, 46.766], [-71.3185, 46.766], [-71.3183, 46.766], [-71.3181, 46.7661], [-71.318, 46.7661], [-71.3178, 46.7662], [-71.3176, 46.7663], [-71.3175, 46.7663], [-71.3173, 46.7663], [-71.3172, 46.7663], [-71.3171, 46.7662], [-71.3171, 46.7661], [-71.317, 46.766], [-71.317, 46.7659], [-71.3169, 46.7658], [-71.3168, 46.7658], [-71.3167, 46.7657], [-71.3166, 46.7658], [-71.3165, 46.7658], [-71.3164, 46.7659], [-71.3162, 46.766], [-71.316, 46.7662], [-71.3159, 46.7663], [-71.3157, 46.7664], [-71.3155, 46.7664], [-71.3153, 46.7664], [-71.3152, 46.7664], [-71.315, 46.7663], [-71.3148, 46.7662], [-71.3146, 46.766], [-71.3144, 46.7659], [-71.3142, 46.7658], [-71.3141, 46.7658], [-71.3139, 46.7657], [-71.3137, 46.7658], [-71.3135, 46.7658], [-71.3133, 46.7659], [-71.3132, 46.766], [-71.313, 46.7661], [-71.3128, 46.7662], [-71.3127, 46.7663], [-71.3126, 46.7663], [-71.3124, 46.7664], [-71.3123, 46.7664], [-71.3122, 46.7664], [-71.3121, 46.7664], [-71.312, 46.7664], [-71.3119, 46.7663], [-71.3119, 46.7663], [-71.3118, 46.7662], [-71.3118, 46.7661], [-71.3118, 46.7661], [-71.3117, 46.766], [-71.3117, 46.7659], [-71.3118, 46.7658], [-71.3118, 46.7657], [-71.3118, 46.7656], [-71.3119, 46.7655], [-71.312, 46.7654], [-71.3121, 46.7653], [-71.3122, 46.7653], [-71.3123, 46.7652], [-71.3124, 46.7651], [-71.3125, 46.765], [-71.3125, 46.7649], [-71.3125, 46.7648], [-71.3124, 46.7647], [-71.3123, 46.7646], [-71.3122, 46.7645], [-71.312, 46.7644], [-71.3119, 46.7643], [-71.3117, 46.7642], [-71.3116, 46.7641], [-71.3115, 46.764], [-71.3115, 46.7639], [-71.3114, 46.7638], [-71.3114, 46.7637], [-71.3114, 46.7636], [-71.3115, 46.7635], [-71.3116, 46.7634], [-71.3117, 46.7632], [-71.3119, 46.7631], [-71.3121, 46.7629], [-71.3124, 46.7628], [-71.3127, 46.7626], [-71.3131, 46.7624], [-71.3134, 46.7622], [-71.3136, 46.7621], [-71.3138, 46.7619], [-71.3139, 46.7618], [-71.314, 46.7617], [-71.3139, 46.7616], [-71.3139, 46.7616], [-71.3137, 46.7615], [-71.3136, 46.7614], [-71.3135, 46.7614], [-71.3134, 46.7613], [-71.3134, 46.7612], [-71.3133, 46.7611], [-71.3133, 46.7611], [-71.3133, 46.761], [-71.3133, 46.7609], [-71.3134, 46.7608], [-71.3135, 46.7608], [-71.3136, 46.7607], [-71.3137, 46.7608], [-71.3139, 46.7608], [-71.3141, 46.7609], [-71.3143, 46.761], [-71.3146, 46.7611], [-71.3148, 46.7612], [-71.315, 46.7612], [-71.3153, 46.7613], [-71.3154, 46.7613], [-71.3156, 46.7612], [-71.3158, 46.7612], [-71.3159, 46.7611], [-71.3161, 46.7609], [-71.3162, 46.7608], [-71.3163, 46.7607], [-71.3165, 46.7607], [-71.3166, 46.7606], [-71.3167, 46.7606], [-71.3169, 46.7605], [-71.317, 46.7605], [-71.3172, 46.7606], [-71.3173, 46.7606], [-71.3174, 46.7606], [-71.3175, 46.7607], [-71.3176, 46.7607], [-71.3176, 46.7608], [-71.3177, 46.7609], [-71.3177, 46.761], [-71.3177, 46.7611], [-71.3177, 46.7612], [-71.3178, 46.7612], [-71.3179, 46.7613], [-71.318, 46.7613], [-71.3181, 46.7612], [-71.3183, 46.7612], [-71.3185, 46.7611], [-71.3187, 46.761], [-71.3189, 46.7609], [-71.3191, 46.7608], [-71.3193, 46.7608], [-71.3194, 46.7608], [-71.3196, 46.7608], [-71.3198, 46.7608], [-71.32, 46.7608], [-71.3201, 46.7609], [-71.3203, 46.7609], [-71.3204, 46.761], [-71.3205, 46.7611], [-71.3205, 46.7612], [-71.3205, 46.7612], [-71.3205, 46.7613], [-71.3205, 46.7614]]]}}, {"type": "Feature", "properties": {"couche": "voile", "station": "Bégon", "minutes": 6}, "geometry": {"type": "Polygon", "coordinates": [[[-71.4796, 46.8731], [-71.1557, 46.8754], [-71.153, 46.6536], [-71.4756, 46.6513], [-71.4796, 46.8731]], [[-71.3205, 46.7613], [-71.3205, 46.7612], [-71.3205, 46.7611], [-71.3204, 46.761], [-71.3203, 46.7609], [-71.3201, 46.7609], [-71.32, 46.7608], [-71.3198, 46.7608], [-71.3196, 46.7608], [-71.3194, 46.7608], [-71.3193, 46.7608], [-71.3191, 46.7608], [-71.3189, 46.7609], [-71.3187, 46.761], [-71.3185, 46.7611], [-71.3183, 46.7612], [-71.3181, 46.7612], [-71.318, 46.7613], [-71.3179, 46.7613], [-71.3178, 46.7612], [-71.3177, 46.7612], [-71.3177, 46.7611], [-71.3177, 46.761], [-71.3177, 46.7609], [-71.3176, 46.7608], [-71.3176, 46.7607], [-71.3175, 46.7607], [-71.3174, 46.7606], [-71.3173, 46.7606], [-71.3172, 46.7606], [-71.317, 46.7605], [-71.3169, 46.7605], [-71.3167, 46.7606], [-71.3166, 46.7606], [-71.3165, 46.7607], [-71.3163, 46.7607], [-71.3162, 46.7608], [-71.3161, 46.7609], [-71.3159, 46.7611], [-71.3158, 46.7612], [-71.3156, 46.7612], [-71.3154, 46.7613], [-71.3153, 46.7613], [-71.315, 46.7612], [-71.3148, 46.7612], [-71.3146, 46.7611], [-71.3143, 46.761], [-71.3141, 46.7609], [-71.3139, 46.7608], [-71.3137, 46.7608], [-71.3136, 46.7607], [-71.3135, 46.7608], [-71.3134, 46.7608], [-71.3133, 46.7609], [-71.3133, 46.761], [-71.3133, 46.7611], [-71.3134, 46.7612], [-71.3134, 46.7613], [-71.3135, 46.7614], [-71.3136, 46.7614], [-71.3137, 46.7615], [-71.3139, 46.7616], [-71.314, 46.7617], [-71.3139, 46.7618], [-71.3138, 46.7619], [-71.3136, 46.7621], [-71.3134, 46.7622], [-71.3131, 46.7624], [-71.3127, 46.7626], [-71.3124, 46.7628], [-71.3121, 46.7629], [-71.3119, 46.7631], [-71.3117, 46.7632], [-71.3116, 46.7634], [-71.3115, 46.7635], [-71.3114, 46.7636], [-71.3114, 46.7637], [-71.3114, 46.7638], [-71.3115, 46.7639], [-71.3115, 46.764], [-71.3116, 46.7641], [-71.3117, 46.7642], [-71.3119, 46.7643], [-71.312, 46.7644], [-71.3122, 46.7645], [-71.3123, 46.7646], [-71.3124, 46.7647], [-71.3125, 46.7648], [-71.3125, 46.7649], [-71.3125, 46.765], [-71.3124, 46.7651], [-71.3123, 46.7652], [-71.3122, 46.7653], [-71.3121, 46.7653], [-71.312, 46.7654], [-71.3119, 46.7655], [-71.3118, 46.7656], [-71.3118, 46.7657], [-71.3118, 46.7658], [-71.3117, 46.7659], [-71.3117, 46.766], [-71.3118, 46.7661], [-71.3118, 46.7662], [-71.3119, 46.7663], [-71.312, 46.7664], [-71.3121, 46.7664], [-71.3122, 46.7664], [-71.3123, 46.7664], [-71.3124, 46.7664], [-71.3126, 46.7663], [-71.3127, 46.7663], [-71.3128, 46.7662], [-71.313, 46.7661], [-71.3132, 46.766], [-71.3133, 46.7659], [-71.3135, 46.7658], [-71.3137, 46.7658], [-71.3139, 46.7657], [-71.3141, 46.7658], [-71.3142, 46.7658], [-71.3144, 46.7659], [-71.3146, 46.766], [-71.3148, 46.7662], [-71.315, 46.7663], [-71.3152, 46.7664], [-71.3153, 46.7664], [-71.3155, 46.7664], [-71.3157, 46.7664], [-71.3159, 46.7663], [-71.316, 46.7662], [-71.3162, 46.766], [-71.3164, 46.7659], [-71.3165, 46.7658], [-71.3166, 46.7658], [-71.3167, 46.7657], [-71.3168, 46.7658], [-71.3169, 46.7658], [-71.317, 46.7659], [-71.317, 46.766], [-71.3171, 46.7661], [-71.3171, 46.7662], [-71.3172, 46.7663], [-71.3173, 46.7663], [-71.3175, 46.7663], [-71.3176, 46.7663], [-71.3178, 46.7662], [-71.318, 46.7661], [-71.3181, 46.7661], [-71.3183, 46.766], [-71.3185, 46.766], [-71.3187, 46.766], [-71.3189, 46.766], [-71.3191, 46.766], [-71.3193, 46.7661], [-71.3195, 46.7662], [-71.3197, 46.7662], [-71.3198, 46.7662], [-71.3199, 46.7661], [-71.32, 46.7659], [-71.3201, 46.7657], [-71.3202, 46.7655], [-71.3202, 46.7652], [-71.3202, 46.7648], [-71.3202, 46.7645], [-71.3202, 46.7643], [-71.3201, 46.7641], [-71.3199, 46.764], [-71.3198, 46.7639], [-71.3196, 46.7639], [-71.3193, 46.7639], [-71.3191, 46.7641], [-71.3188, 46.7641], [-71.3186, 46.7642], [-71.3184, 46.7643], [-71.3183, 46.7643], [-71.3181, 46.7643], [-71.318, 46.7644], [-71.3179, 46.7643], [-71.3179, 46.7642], [-71.318, 46.7642], [-71.3181, 46.7641], [-71.3182, 46.764], [-71.3184, 46.7638], [-71.3187, 46.7636], [-71.319, 46.7635], [-71.3193, 46.7632], [-71.3196, 46.7631], [-71.3199, 46.7629], [-71.3201, 46.7627], [-71.3202, 46.7626], [-71.3203, 46.7624], [-71.3204, 46.7623], [-71.3204, 46.7622], [-71.3203, 46.7621], [-71.3203, 46.762], [-71.3203, 46.7619], [-71.3203, 46.7618], [-71.3203, 46.7617], [-71.3203, 46.7616], [-71.3204, 46.7615], [-71.3205, 46.7614], [-71.3205, 46.7613]]]}}, {"type": "Feature", "properties": {"couche": "aire_marche", "station": "Bégon", "ordre": 5, "minutes": 7, "superficie_ha": 45.7, "rue_km": 17.39, "disque_ha": 75.4, "part_disque_pct": 61, "accroche_m": 5, "population": 2421, "navetteurs": 871, "mode_auto_pct": 60, "mode_tc_pct": 25, "mode_actif_pct": 13, "mode_autre_pct": 2}, "geometry": {"type": "Polygon", "coordinates": [[[-71.3209, 46.7611], [-71.3207, 46.7613], [-71.3206, 46.7614], [-71.3205, 46.7615], [-71.3204, 46.7617], [-71.3204, 46.7618], [-71.3204, 46.7619], [-71.3205, 46.762], [-71.3206, 46.7621], [-71.3207, 46.7622], [-71.3208, 46.7624], [-71.3209, 46.7625], [-71.3209, 46.7626], [-71.3209, 46.7627], [-71.3209, 46.7629], [-71.3209, 46.763], [-71.3209, 46.7631], [-71.3208, 46.7633], [-71.3207, 46.7634], [-71.3207, 46.7636], [-71.3207, 46.7637], [-71.3207, 46.7638], [-71.3207, 46.7639], [-71.3207, 46.7639], [-71.3207, 46.764], [-71.3208, 46.764], [-71.3209, 46.7641], [-71.3209, 46.7642], [-71.3209, 46.7644], [-71.3209, 46.7646], [-71.321, 46.7648], [-71.3209, 46.7651], [-71.3209, 46.7654], [-71.3209, 46.7657], [-71.3209, 46.766], [-71.3208, 46.7663], [-71.3207, 46.7665], [-71.3206, 46.7667], [-71.3204, 46.7668], [-71.3203, 46.7669], [-71.3201, 46.7669], [-71.3199, 46.7669], [-71.3197, 46.7669], [-71.3195, 46.7669], [-71.3194, 46.7668], [-71.3192, 46.7667], [-71.3191, 46.7667], [-71.319, 46.7666], [-71.3189, 46.7664], [-71.3189, 46.7663], [-71.3187, 46.7662], [-71.3186, 46.7661], [-71.3184, 46.7661], [-71.3182, 46.7661], [-71.3179, 46.7662], [-71.3176, 46.7663], [-71.3173, 46.7664], [-71.3169, 46.7666], [-71.3166, 46.7667], [-71.3163, 46.7668], [-71.316, 46.7668], [-71.3157, 46.7668], [-71.3154, 46.7667], [-71.3151, 46.7666], [-71.3149, 46.7664], [-71.3147, 46.7662], [-71.3145, 46.7661], [-71.3143, 46.7659], [-71.3141, 46.7659], [-71.314, 46.7658], [-71.3138, 46.7659], [-71.3137, 46.7659], [-71.3135, 46.766], [-71.3134, 46.7662], [-71.3133, 46.7663], [-71.3131, 46.7664], [-71.3129, 46.7665], [-71.3128, 46.7666], [-71.3126, 46.7667], [-71.3124, 46.7667], [-71.3121, 46.7667], [-71.3119, 46.7668], [-71.3117, 46.7667], [-71.3115, 46.7667], [-71.3114, 46.7667], [-71.3113, 46.7666], [-71.3112, 46.7665], [-71.3111, 46.7664], [-71.3111, 46.7662], [-71.3111, 46.7661], [-71.3111, 46.7659], [-71.3111, 46.7658], [-71.3112, 46.7657], [-71.3113, 46.7656], [-71.3114, 46.7655], [-71.3116, 46.7654], [-71.3118, 46.7653], [-71.312, 46.7652], [-71.3122, 46.7651], [-71.3123, 46.765], [-71.3123, 46.7649], [-71.3123, 46.7648], [-71.3122, 46.7647], [-71.3121, 46.7646], [-71.3119, 46.7644], [-71.3116, 46.7643], [-71.3114, 46.7641], [-71.3112, 46.764], [-71.311, 46.7638], [-71.3109, 46.7637], [-71.3108, 46.7636], [-71.3107, 46.7635], [-71.3107, 46.7634], [-71.3108, 46.7633], [-71.3108, 46.7632], [-71.3108, 46.7631], [-71.3109, 46.7631], [-71.3109, 46.763], [-71.311, 46.7629], [-71.3111, 46.7629], [-71.3112, 46.7628], [-71.3112, 46.7628], [-71.3113, 46.7627], [-71.3114, 46.7627], [-71.3115, 46.7627], [-71.3116, 46.7627], [-71.3117, 46.7628], [-71.3118, 46.7628], [-71.3119, 46.7628], [-71.312, 46.7629], [-71.3121, 46.7629], [-71.3122, 46.7629], [-71.3124, 46.7629], [-71.3126, 46.7628], [-71.3128, 46.7628], [-71.313, 46.7627], [-71.3132, 46.7625], [-71.3135, 46.7623], [-71.3137, 46.7622], [-71.3138, 46.7621], [-71.3139, 46.762], [-71.3139, 46.7619], [-71.3138, 46.7618], [-71.3137, 46.7618], [-71.3136, 46.7618], [-71.3134, 46.7618], [-71.3132, 46.7617], [-71.3131, 46.7617], [-71.3129, 46.7617], [-71.3129, 46.7616], [-71.3128, 46.7616], [-71.3128, 46.7615], [-71.3129, 46.7614], [-71.313, 46.7613], [-71.313, 46.7612], [-71.3131, 46.7611], [-71.3131, 46.761], [-71.3131, 46.7609], [-71.3131, 46.7608], [-71.3131, 46.7607], [-71.313, 46.7606], [-71.313, 46.7605], [-71.3129, 46.7604], [-71.3129, 46.7603], [-71.313, 46.7602], [-71.313, 46.7601], [-71.3131, 46.7601], [-71.3132, 46.7601], [-71.3133, 46.7601], [-71.3135, 46.7601], [-71.3136, 46.7601], [-71.3138, 46.7601], [-71.3139, 46.7602], [-71.3141, 46.7603], [-71.3143, 46.7604], [-71.3145, 46.7605], [-71.3146, 46.7607], [-71.3148, 46.7609], [-71.315, 46.761], [-71.3152, 46.7612], [-71.3153, 46.7612], [-71.3154, 46.7613], [-71.3156, 46.7613], [-71.3157, 46.7613], [-71.3158, 46.7613], [-71.3159, 46.7613], [-71.3159, 46.7612], [-71.316, 46.7612], [-71.316, 46.7611], [-71.316, 46.7611], [-71.316, 46.761], [-71.3159, 46.761], [-71.3158, 46.7609], [-71.3157, 46.7609], [-71.3157, 46.7608], [-71.3156, 46.7607], [-71.3156, 46.7607], [-71.3156, 46.7606], [-71.3156, 46.7606], [-71.3156, 46.7605], [-71.3156, 46.7604], [-71.3157, 46.7603], [-71.3158, 46.7603], [-71.3158, 46.7602], [-71.3159, 46.7602], [-71.316, 46.7602], [-71.3161, 46.7602], [-71.3162, 46.7602], [-71.3164, 46.7603], [-71.3165, 46.7603], [-71.3166, 46.7604], [-71.3167, 46.7604], [-71.3168, 46.7604], [-71.317, 46.7604], [-71.3171, 46.7604], [-71.3172, 46.7604], [-71.3173, 46.7603], [-71.3175, 46.7603], [-71.3176, 46.7602], [-71.3178, 46.7602], [-71.318, 46.7601], [-71.3183, 46.7601], [-71.3186, 46.7601], [-71.3189, 46.7601], [-71.3192, 46.7601], [-71.3196, 46.7601], [-71.32, 46.7602], [-71.3203, 46.7602], [-71.3205, 46.7602], [-71.3208, 46.7602], [-71.3209, 46.7603], [-71.3211, 46.7603], [-71.3212, 46.7604], [-71.3212, 46.7604], [-71.3213, 46.7605], [-71.3213, 46.7606], [-71.3212, 46.7606], [-71.3212, 46.7607], [-71.3211, 46.7609], [-71.321, 46.761], [-71.3209, 46.7611]]]}}, {"type": "Feature", "properties": {"couche": "voile", "station": "Bégon", "minutes": 7}, "geometry": {"type": "Polygon", "coordinates": [[[-71.4804, 46.8736], [-71.155, 46.8759], [-71.1523, 46.6532], [-71.4764, 46.6509], [-71.4804, 46.8736]], [[-71.321, 46.761], [-71.3211, 46.7609], [-71.3212, 46.7607], [-71.3212, 46.7606], [-71.3213, 46.7606], [-71.3213, 46.7605], [-71.3212, 46.7604], [-71.3211, 46.7603], [-71.3209, 46.7603], [-71.3208, 46.7602], [-71.3205, 46.7602], [-71.3203, 46.7602], [-71.32, 46.7602], [-71.3196, 46.7601], [-71.3192, 46.7601], [-71.3189, 46.7601], [-71.3186, 46.7601], [-71.3183, 46.7601], [-71.318, 46.7601], [-71.3178, 46.7602], [-71.3176, 46.7602], [-71.3175, 46.7603], [-71.3173, 46.7603], [-71.3172, 46.7604], [-71.3171, 46.7604], [-71.317, 46.7604], [-71.3168, 46.7604], [-71.3167, 46.7604], [-71.3166, 46.7604], [-71.3165, 46.7603], [-71.3164, 46.7603], [-71.3162, 46.7602], [-71.3161, 46.7602], [-71.316, 46.7602], [-71.3159, 46.7602], [-71.3158, 46.7602], [-71.3158, 46.7603], [-71.3157, 46.7603], [-71.3156, 46.7604], [-71.3156, 46.7605], [-71.3156, 46.7606], [-71.3156, 46.7607], [-71.3157, 46.7608], [-71.3157, 46.7609], [-71.3158, 46.7609], [-71.3159, 46.761], [-71.316, 46.761], [-71.316, 46.7611], [-71.316, 46.7612], [-71.3159, 46.7612], [-71.3159, 46.7613], [-71.3158, 46.7613], [-71.3157, 46.7613], [-71.3156, 46.7613], [-71.3154, 46.7613], [-71.3153, 46.7612], [-71.3152, 46.7612], [-71.315, 46.761], [-71.3148, 46.7609], [-71.3146, 46.7607], [-71.3145, 46.7605], [-71.3143, 46.7604], [-71.3141, 46.7603], [-71.3139, 46.7602], [-71.3138, 46.7601], [-71.3136, 46.7601], [-71.3135, 46.7601], [-71.3133, 46.7601], [-71.3132, 46.7601], [-71.3131, 46.7601], [-71.313, 46.7601], [-71.313, 46.7602], [-71.3129, 46.7603], [-71.3129, 46.7604], [-71.313, 46.7605], [-71.313, 46.7606], [-71.3131, 46.7607], [-71.3131, 46.7608], [-71.3131, 46.7609], [-71.3131, 46.761], [-71.3131, 46.7611], [-71.313, 46.7612], [-71.313, 46.7613], [-71.3129, 46.7614], [-71.3128, 46.7615], [-71.3128, 46.7616], [-71.3129, 46.7616], [-71.3129, 46.7617], [-71.3131, 46.7617], [-71.3132, 46.7617], [-71.3134, 46.7618], [-71.3136, 46.7618], [-71.3137, 46.7618], [-71.3138, 46.7618], [-71.3139, 46.7619], [-71.3139, 46.762], [-71.3138, 46.7621], [-71.3137, 46.7622], [-71.3135, 46.7623], [-71.3132, 46.7625], [-71.313, 46.7627], [-71.3128, 46.7628], [-71.3126, 46.7628], [-71.3124, 46.7629], [-71.3122, 46.7629], [-71.3121, 46.7629], [-71.312, 46.7629], [-71.3119, 46.7628], [-71.3118, 46.7628], [-71.3117, 46.7628], [-71.3116, 46.7627], [-71.3115, 46.7627], [-71.3114, 46.7627], [-71.3113, 46.7627], [-71.3112, 46.7628], [-71.3111, 46.7629], [-71.311, 46.7629], [-71.3109, 46.763], [-71.3109, 46.7631], [-71.3108, 46.7631], [-71.3108, 46.7632], [-71.3108, 46.7633], [-71.3107, 46.7634], [-71.3107, 46.7635], [-71.3108, 46.7636], [-71.3109, 46.7637], [-71.311, 46.7638], [-71.3112, 46.764], [-71.3114, 46.7641], [-71.3116, 46.7643], [-71.3119, 46.7644], [-71.3121, 46.7646], [-71.3122, 46.7647], [-71.3123, 46.7648], [-71.3123, 46.7649], [-71.3123, 46.765], [-71.3122, 46.7651], [-71.312, 46.7652], [-71.3118, 46.7653], [-71.3116, 46.7654], [-71.3114, 46.7655], [-71.3113, 46.7656], [-71.3112, 46.7657], [-71.3111, 46.7658], [-71.3111, 46.7659], [-71.3111, 46.7661], [-71.3111, 46.7662], [-71.3111, 46.7664], [-71.3112, 46.7665], [-71.3113, 46.7666], [-71.3114, 46.7667], [-71.3115, 46.7667], [-71.3117, 46.7667], [-71.3119, 46.7668], [-71.3121, 46.7667], [-71.3124, 46.7667], [-71.3126, 46.7667], [-71.3128, 46.7666], [-71.3129, 46.7665], [-71.3131, 46.7664], [-71.3133, 46.7663], [-71.3134, 46.7662], [-71.3135, 46.766], [-71.3137, 46.7659], [-71.3138, 46.7659], [-71.314, 46.7658], [-71.3141, 46.7659], [-71.3143, 46.7659], [-71.3145, 46.7661], [-71.3147, 46.7662], [-71.3149, 46.7664], [-71.3151, 46.7666], [-71.3154, 46.7667], [-71.3157, 46.7668], [-71.316, 46.7668], [-71.3163, 46.7668], [-71.3166, 46.7667], [-71.3169, 46.7666], [-71.3173, 46.7664], [-71.3176, 46.7663], [-71.3179, 46.7662], [-71.3182, 46.7661], [-71.3184, 46.7661], [-71.3186, 46.7661], [-71.3187, 46.7662], [-71.3189, 46.7663], [-71.3189, 46.7664], [-71.319, 46.7666], [-71.3191, 46.7667], [-71.3192, 46.7667], [-71.3194, 46.7668], [-71.3195, 46.7669], [-71.3197, 46.7669], [-71.3199, 46.7669], [-71.3201, 46.7669], [-71.3203, 46.7669], [-71.3204, 46.7668], [-71.3206, 46.7667], [-71.3207, 46.7665], [-71.3208, 46.7663], [-71.3209, 46.766], [-71.3209, 46.7657], [-71.3209, 46.7654], [-71.3209, 46.7651], [-71.321, 46.7648], [-71.3209, 46.7646], [-71.3209, 46.7644], [-71.3209, 46.7642], [-71.3209, 46.7641], [-71.3208, 46.764], [-71.3207, 46.764], [-71.3207, 46.7639], [-71.3207, 46.7638], [-71.3207, 46.7637], [-71.3207, 46.7636], [-71.3207, 46.7634], [-71.3208, 46.7633], [-71.3209, 46.7631], [-71.3209, 46.763], [-71.3209, 46.7629], [-71.3209, 46.7627], [-71.3209, 46.7626], [-71.3209, 46.7625], [-71.3208, 46.7624], [-71.3207, 46.7622], [-71.3206, 46.7621], [-71.3205, 46.762], [-71.3204, 46.7619], [-71.3204, 46.7618], [-71.3204, 46.7617], [-71.3205, 46.7615], [-71.3206, 46.7614], [-71.3207, 46.7613], [-71.3209, 46.7611], [-71.321, 46.761]]]}}, {"type": "Feature", "properties": {"couche": "aire_marche", "station": "Bégon", "ordre": 5, "minutes": 8, "superficie_ha": 57.6, "rue_km": 21.7, "disque_ha": 98.5, "part_disque_pct": 59, "accroche_m": 5, "population": 2902, "navetteurs": 1011, "mode_auto_pct": 61, "mode_tc_pct": 24, "mode_actif_pct": 13, "mode_autre_pct": 2}, "geometry": {"type": "Polygon", "coordinates": [[[-71.322, 46.7607], [-71.322, 46.7609], [-71.3219, 46.761], [-71.3219, 46.7611], [-71.3218, 46.7612], [-71.3217, 46.7613], [-71.3215, 46.7614], [-71.3214, 46.7615], [-71.3212, 46.7615], [-71.3209, 46.7616], [-71.3208, 46.7617], [-71.3206, 46.7617], [-71.3206, 46.7618], [-71.3206, 46.7619], [-71.3206, 46.762], [-71.3207, 46.7621], [-71.3208, 46.7622], [-71.321, 46.7624], [-71.3212, 46.7625], [-71.3213, 46.7627], [-71.3214, 46.7629], [-71.3215, 46.7631], [-71.3215, 46.7633], [-71.3215, 46.7635], [-71.3215, 46.7638], [-71.3214, 46.7641], [-71.3214, 46.7644], [-71.3213, 46.7646], [-71.3213, 46.7648], [-71.3213, 46.765], [-71.3213, 46.7652], [-71.3214, 46.7654], [-71.3214, 46.7656], [-71.3215, 46.7657], [-71.3215, 46.7658], [-71.3216, 46.7659], [-71.3216, 46.766], [-71.3216, 46.7661], [-71.3215, 46.7662], [-71.3215, 46.7663], [-71.3214, 46.7663], [-71.3213, 46.7663], [-71.3212, 46.7664], [-71.3212, 46.7664], [-71.3212, 46.7665], [-71.3211, 46.7666], [-71.3211, 46.7667], [-71.3212, 46.7668], [-71.3212, 46.7669], [-71.3213, 46.767], [-71.3213, 46.7671], [-71.3213, 46.7671], [-71.3212, 46.7672], [-71.3212, 46.7672], [-71.3211, 46.7672], [-71.321, 46.7672], [-71.3208, 46.7671], [-71.3206, 46.767], [-71.3204, 46.767], [-71.3203, 46.7669], [-71.3201, 46.7669], [-71.3199, 46.7669], [-71.3197, 46.7669], [-71.3195, 46.767], [-71.3193, 46.767], [-71.3191, 46.7671], [-71.319, 46.7671], [-71.3188, 46.7672], [-71.3187, 46.7671], [-71.3186, 46.7671], [-71.3185, 46.7671], [-71.3184, 46.767], [-71.3184, 46.7669], [-71.3184, 46.7668], [-71.3184, 46.7667], [-71.3184, 46.7666], [-71.3184, 46.7665], [-71.3184, 46.7664], [-71.3185, 46.7663], [-71.3186, 46.7663], [-71.3186, 46.7663], [-71.3187, 46.7662], [-71.3188, 46.7662], [-71.3189, 46.7662], [-71.3189, 46.7661], [-71.3189, 46.7661], [-71.3189, 46.7661], [-71.3189, 46.766], [-71.3189, 46.766], [-71.3188, 46.766], [-71.3187, 46.766], [-71.3186, 46.766], [-71.3184, 46.766], [-71.3183, 46.7661], [-71.3181, 46.7663], [-71.3178, 46.7664], [-71.3176, 46.7666], [-71.3173, 46.7668], [-71.317, 46.767], [-71.3167, 46.7671], [-71.3164, 46.7671], [-71.3161, 46.7671], [-71.3158, 46.767], [-71.3155, 46.7669], [-71.3153, 46.7667], [-71.315, 46.7664], [-71.3147, 46.7662], [-71.3144, 46.7661], [-71.3142, 46.766], [-71.314, 46.766], [-71.3137, 46.766], [-71.3135, 46.7661], [-71.3134, 46.7663], [-71.3132, 46.7665], [-71.313, 46.7667], [-71.3128, 46.7669], [-71.3126, 46.767], [-71.3124, 46.7671], [-71.3121, 46.7672], [-71.3119, 46.7673], [-71.3116, 46.7673], [-71.3114, 46.7673], [-71.3111, 46.7672], [-71.311, 46.7671], [-71.3108, 46.767], [-71.3107, 46.7669], [-71.3106, 46.7667], [-71.3106, 46.7665], [-71.3106, 46.7663], [-71.3106, 46.766], [-71.3107, 46.7657], [-71.3108, 46.7655], [-71.3109, 46.7653], [-71.311, 46.7652], [-71.3112, 46.7651], [-71.3114, 46.765], [-71.3116, 46.765], [-71.3119, 46.765], [-71.3121, 46.7649], [-71.3122, 46.7649], [-71.3122, 46.7648], [-71.3122, 46.7646], [-71.312, 46.7645], [-71.3118, 46.7643], [-71.3116, 46.764], [-71.3112, 46.7638], [-71.3109, 46.7635], [-71.3107, 46.7633], [-71.3106, 46.7632], [-71.3105, 46.763], [-71.3105, 46.7629], [-71.3106, 46.7628], [-71.3107, 46.7628], [-71.3109, 46.7627], [-71.3111, 46.7627], [-71.3112, 46.7627], [-71.3114, 46.7627], [-71.3115, 46.7627], [-71.3117, 46.7628], [-71.3118, 46.7628], [-71.3119, 46.7628], [-71.312, 46.7629], [-71.3121, 46.7629], [-71.3122, 46.763], [-71.3123, 46.763], [-71.3124, 46.7629], [-71.3125, 46.7629], [-71.3127, 46.7628], [-71.3128, 46.7628], [-71.313, 46.7626], [-71.3131, 46.7626], [-71.3132, 46.7625], [-71.3133, 46.7624], [-71.3133, 46.7623], [-71.3134, 46.7622], [-71.3134, 46.7622], [-71.3134, 46.7621], [-71.3134, 46.7621], [-71.3133, 46.7621], [-71.3133, 46.762], [-71.3132, 46.762], [-71.3132, 46.762], [-71.3131, 46.762], [-71.313, 46.7621], [-71.3129, 46.7621], [-71.3128, 46.7622], [-71.3127, 46.7622], [-71.3127, 46.7622], [-71.3126, 46.7623], [-71.3125, 46.7623], [-71.3124, 46.7623], [-71.3123, 46.7623], [-71.3122, 46.7622], [-71.3122, 46.7622], [-71.3121, 46.7622], [-71.3121, 46.7621], [-71.312, 46.7621], [-71.312, 46.762], [-71.3121, 46.762], [-71.3121, 46.7619], [-71.3121, 46.7618], [-71.3122, 46.7618], [-71.3122, 46.7617], [-71.3123, 46.7616], [-71.3123, 46.7615], [-71.3123, 46.7615], [-71.3123, 46.7614], [-71.3122, 46.7613], [-71.3122, 46.7612], [-71.3121, 46.7612], [-71.3121, 46.7611], [-71.3121, 46.761], [-71.3121, 46.761], [-71.3121, 46.7609], [-71.3122, 46.7609], [-71.3122, 46.7608], [-71.3123, 46.7608], [-71.3124, 46.7608], [-71.3125, 46.7607], [-71.3126, 46.7607], [-71.3126, 46.7607], [-71.3126, 46.7606], [-71.3126, 46.7606], [-71.3126, 46.7605], [-71.3125, 46.7605], [-71.3124, 46.7604], [-71.3123, 46.7604], [-71.3122, 46.7603], [-71.3122, 46.7602], [-71.3121, 46.7602], [-71.3121, 46.7601], [-71.3121, 46.76], [-71.3121, 46.76], [-71.3121, 46.7599], [-71.3121, 46.7598], [-71.3122, 46.7598], [-71.3122, 46.7597], [-71.3123, 46.7597], [-71.3124, 46.7597], [-71.3125, 46.7597], [-71.3126, 46.7598], [-71.3128, 46.7598], [-71.3129, 46.7599], [-71.3131, 46.7599], [-71.3132, 46.7599], [-71.3133, 46.7599], [-71.3134, 46.7599], [-71.3135, 46.7598], [-71.3136, 46.7598], [-71.3137, 46.7597], [-71.3138, 46.7597], [-71.3139, 46.7597], [-71.314, 46.7597], [-71.3142, 46.7597], [-71.3143, 46.7598], [-71.3144, 46.7599], [-71.3146, 46.76], [-71.3148, 46.7601], [-71.3149, 46.7602], [-71.315, 46.7602], [-71.3151, 46.7603], [-71.3152, 46.7603], [-71.3152, 46.7603], [-71.3152, 46.7603], [-71.3152, 46.7602], [-71.3151, 46.7602], [-71.3151, 46.7601], [-71.315, 46.76], [-71.315, 46.76], [-71.315, 46.7599], [-71.315, 46.7599], [-71.3151, 46.7598], [-71.3151, 46.7598], [-71.3152, 46.7597], [-71.3152, 46.7597], [-71.3153, 46.7597], [-71.3154, 46.7597], [-71.3155, 46.7597], [-71.3156, 46.7597], [-71.3156, 46.7597], [-71.3157, 46.7597], [-71.3158, 46.7598], [-71.316, 46.7598], [-71.3161, 46.7599], [-71.3163, 46.7599], [-71.3165, 46.7599], [-71.3167, 46.7599], [-71.3169, 46.7598], [-71.3172, 46.7598], [-71.3175, 46.7598], [-71.3178, 46.7597], [-71.318, 46.7597], [-71.3182, 46.7597], [-71.3184, 46.7597], [-71.3185, 46.7597], [-71.3187, 46.7598], [-71.3188, 46.7598], [-71.3188, 46.7599], [-71.3189, 46.7599], [-71.319, 46.76], [-71.3191, 46.76], [-71.3193, 46.76], [-71.3194, 46.76], [-71.3196, 46.76], [-71.3198, 46.7599], [-71.32, 46.7599], [-71.3202, 46.7598], [-71.3204, 46.7598], [-71.3206, 46.7598], [-71.3208, 46.7598], [-71.321, 46.7598], [-71.3211, 46.7599], [-71.3213, 46.7599], [-71.3215, 46.76], [-71.3216, 46.7601], [-71.3217, 46.7602], [-71.3218, 46.7603], [-71.3219, 46.7604], [-71.322, 46.7605], [-71.322, 46.7606], [-71.322, 46.7607]]]}}, {"type": "Feature", "properties": {"couche": "voile", "station": "Bégon", "minutes": 8}, "geometry": {"type": "Polygon", "coordinates": [[[-71.4812, 46.8739], [-71.1548, 46.8763], [-71.1521, 46.6528], [-71.4771, 46.6505], [-71.4812, 46.8739]], [[-71.322, 46.7606], [-71.322, 46.7605], [-71.3219, 46.7604], [-71.3218, 46.7603], [-71.3217, 46.7602], [-71.3216, 46.7601], [-71.3215, 46.76], [-71.3213, 46.7599], [-71.3211, 46.7599], [-71.321, 46.7598], [-71.3208, 46.7598], [-71.3206, 46.7598], [-71.3204, 46.7598], [-71.3202, 46.7598], [-71.32, 46.7599], [-71.3198, 46.7599], [-71.3196, 46.76], [-71.3194, 46.76], [-71.3193, 46.76], [-71.3191, 46.76], [-71.319, 46.76], [-71.3189, 46.7599], [-71.3188, 46.7599], [-71.3188, 46.7598], [-71.3187, 46.7598], [-71.3185, 46.7597], [-71.3184, 46.7597], [-71.3182, 46.7597], [-71.318, 46.7597], [-71.3178, 46.7597], [-71.3175, 46.7598], [-71.3172, 46.7598], [-71.3169, 46.7598], [-71.3167, 46.7599], [-71.3165, 46.7599], [-71.3163, 46.7599], [-71.3161, 46.7599], [-71.316, 46.7598], [-71.3158, 46.7598], [-71.3157, 46.7597], [-71.3156, 46.7597], [-71.3155, 46.7597], [-71.3154, 46.7597], [-71.3153, 46.7597], [-71.3152, 46.7597], [-71.3151, 46.7598], [-71.315, 46.7599], [-71.315, 46.76], [-71.3151, 46.7601], [-71.3151, 46.7602], [-71.3152, 46.7602], [-71.3152, 46.7603], [-71.3151, 46.7603], [-71.315, 46.7602], [-71.3149, 46.7602], [-71.3148, 46.7601], [-71.3146, 46.76], [-71.3144, 46.7599], [-71.3143, 46.7598], [-71.3142, 46.7597], [-71.314, 46.7597], [-71.3139, 46.7597], [-71.3138, 46.7597], [-71.3137, 46.7597], [-71.3136, 46.7598], [-71.3135, 46.7598], [-71.3134, 46.7599], [-71.3133, 46.7599], [-71.3132, 46.7599], [-71.3131, 46.7599], [-71.3129, 46.7599], [-71.3128, 46.7598], [-71.3126, 46.7598], [-71.3125, 46.7597], [-71.3124, 46.7597], [-71.3123, 46.7597], [-71.3122, 46.7597], [-71.3122, 46.7598], [-71.3121, 46.7598], [-71.3121, 46.7599], [-71.3121, 46.76], [-71.3121, 46.7601], [-71.3121, 46.7602], [-71.3122, 46.7602], [-71.3122, 46.7603], [-71.3123, 46.7604], [-71.3124, 46.7604], [-71.3125, 46.7605], [-71.3126, 46.7605], [-71.3126, 46.7606], [-71.3126, 46.7607], [-71.3125, 46.7607], [-71.3124, 46.7608], [-71.3123, 46.7608], [-71.3122, 46.7608], [-71.3122, 46.7609], [-71.3121, 46.7609], [-71.3121, 46.761], [-71.3121, 46.7611], [-71.3121, 46.7612], [-71.3122, 46.7612], [-71.3122, 46.7613], [-71.3123, 46.7614], [-71.3123, 46.7615], [-71.3123, 46.7616], [-71.3122, 46.7617], [-71.3122, 46.7618], [-71.3121, 46.7618], [-71.3121, 46.7619], [-71.3121, 46.762], [-71.312, 46.762], [-71.312, 46.7621], [-71.3121, 46.7621], [-71.3121, 46.7622], [-71.3122, 46.7622], [-71.3123, 46.7623], [-71.3124, 46.7623], [-71.3125, 46.7623], [-71.3126, 46.7623], [-71.3127, 46.7622], [-71.3128, 46.7622], [-71.3129, 46.7621], [-71.313, 46.7621], [-71.3131, 46.762], [-71.3132, 46.762], [-71.3133, 46.762], [-71.3133, 46.7621], [-71.3134, 46.7621], [-71.3134, 46.7622], [-71.3133, 46.7623], [-71.3133, 46.7624], [-71.3132, 46.7625], [-71.3131, 46.7626], [-71.313, 46.7626], [-71.3128, 46.7628], [-71.3127, 46.7628], [-71.3125, 46.7629], [-71.3124, 46.7629], [-71.3123, 46.763], [-71.3122, 46.763], [-71.3121, 46.7629], [-71.312, 46.7629], [-71.3119, 46.7628], [-71.3118, 46.7628], [-71.3117, 46.7628], [-71.3115, 46.7627], [-71.3114, 46.7627], [-71.3112, 46.7627], [-71.3111, 46.7627], [-71.3109, 46.7627], [-71.3107, 46.7628], [-71.3106, 46.7628], [-71.3105, 46.7629], [-71.3105, 46.763], [-71.3106, 46.7632], [-71.3107, 46.7633], [-71.3109, 46.7635], [-71.3112, 46.7638], [-71.3116, 46.764], [-71.3118, 46.7643], [-71.312, 46.7645], [-71.3122, 46.7646], [-71.3122, 46.7648], [-71.3122, 46.7649], [-71.3121, 46.7649], [-71.3119, 46.765], [-71.3116, 46.765], [-71.3114, 46.765], [-71.3112, 46.7651], [-71.311, 46.7652], [-71.3109, 46.7653], [-71.3108, 46.7655], [-71.3107, 46.7657], [-71.3106, 46.766], [-71.3106, 46.7663], [-71.3106, 46.7665], [-71.3106, 46.7667], [-71.3107, 46.7669], [-71.3108, 46.767], [-71.311, 46.7671], [-71.3111, 46.7672], [-71.3114, 46.7673], [-71.3116, 46.7673], [-71.3119, 46.7673], [-71.3121, 46.7672], [-71.3124, 46.7671], [-71.3126, 46.767], [-71.3128, 46.7669], [-71.313, 46.7667], [-71.3132, 46.7665], [-71.3134, 46.7663], [-71.3135, 46.7661], [-71.3137, 46.766], [-71.314, 46.766], [-71.3142, 46.766], [-71.3144, 46.7661], [-71.3147, 46.7662], [-71.315, 46.7664], [-71.3153, 46.7667], [-71.3155, 46.7669], [-71.3158, 46.767], [-71.3161, 46.7671], [-71.3164, 46.7671], [-71.3167, 46.7671], [-71.317, 46.767], [-71.3173, 46.7668], [-71.3176, 46.7666], [-71.3178, 46.7664], [-71.3181, 46.7663], [-71.3183, 46.7661], [-71.3184, 46.766], [-71.3186, 46.766], [-71.3187, 46.766], [-71.3188, 46.766], [-71.3189, 46.766], [-71.3189, 46.7661], [-71.3189, 46.7662], [-71.3188, 46.7662], [-71.3187, 46.7662], [-71.3186, 46.7663], [-71.3185, 46.7663], [-71.3184, 46.7664], [-71.3184, 46.7665], [-71.3184, 46.7666], [-71.3184, 46.7667], [-71.3184, 46.7668], [-71.3184, 46.7669], [-71.3184, 46.767], [-71.3185, 46.7671], [-71.3186, 46.7671], [-71.3187, 46.7671], [-71.3188, 46.7672], [-71.319, 46.7671], [-71.3191, 46.7671], [-71.3193, 46.767], [-71.3195, 46.767], [-71.3197, 46.7669], [-71.3199, 46.7669], [-71.3201, 46.7669], [-71.3203, 46.7669], [-71.3204, 46.767], [-71.3206, 46.767], [-71.3208, 46.7671], [-71.321, 46.7672], [-71.3211, 46.7672], [-71.3212, 46.7672], [-71.3213, 46.7671], [-71.3213, 46.767], [-71.3212, 46.7669], [-71.3212, 46.7668], [-71.3211, 46.7667], [-71.3211, 46.7666], [-71.3212, 46.7665], [-71.3212, 46.7664], [-71.3213, 46.7663], [-71.3214, 46.7663], [-71.3215, 46.7663], [-71.3215, 46.7662], [-71.3216, 46.7661], [-71.3216, 46.766], [-71.3216, 46.7659], [-71.3215, 46.7658], [-71.3215, 46.7657], [-71.3214, 46.7656], [-71.3214, 46.7654], [-71.3213, 46.7652], [-71.3213, 46.765], [-71.3213, 46.7648], [-71.3213, 46.7646], [-71.3214, 46.7644], [-71.3214, 46.7641], [-71.3215, 46.7638], [-71.3215, 46.7635], [-71.3215, 46.7633], [-71.3215, 46.7631], [-71.3214, 46.7629], [-71.3213, 46.7627], [-71.3212, 46.7625], [-71.321, 46.7624], [-71.3208, 46.7622], [-71.3207, 46.7621], [-71.3206, 46.762], [-71.3206, 46.7619], [-71.3206, 46.7618], [-71.3206, 46.7617], [-71.3208, 46.7617], [-71.3209, 46.7616], [-71.3212, 46.7615], [-71.3214, 46.7615], [-71.3215, 46.7614], [-71.3217, 46.7613], [-71.3218, 46.7612], [-71.3219, 46.7611], [-71.3219, 46.761], [-71.322, 46.7609], [-71.322, 46.7607], [-71.322, 46.7606]]]}}, {"type": "Feature", "properties": {"couche": "aire_marche", "station": "Bégon", "ordre": 5, "minutes": 9, "superficie_ha": 76.7, "rue_km": 26.88, "disque_ha": 124.7, "part_disque_pct": 61, "accroche_m": 5, "population": 3716, "navetteurs": 1267, "mode_auto_pct": 63, "mode_tc_pct": 22, "mode_actif_pct": 13, "mode_autre_pct": 2}, "geometry": {"type": "Polygon", "coordinates": [[[-71.3222, 46.7602], [-71.3221, 46.7603], [-71.322, 46.7604], [-71.3219, 46.7605], [-71.3219, 46.7606], [-71.3219, 46.7608], [-71.3219, 46.7609], [-71.322, 46.761], [-71.322, 46.7612], [-71.3222, 46.7613], [-71.3222, 46.7614], [-71.3223, 46.7615], [-71.3223, 46.7616], [-71.3222, 46.7616], [-71.3221, 46.7617], [-71.3219, 46.7617], [-71.3218, 46.7616], [-71.3215, 46.7616], [-71.3213, 46.7615], [-71.3211, 46.7615], [-71.321, 46.7615], [-71.3208, 46.7615], [-71.3207, 46.7615], [-71.3206, 46.7615], [-71.3205, 46.7616], [-71.3204, 46.7616], [-71.3204, 46.7617], [-71.3203, 46.7617], [-71.3203, 46.7618], [-71.3203, 46.7619], [-71.3204, 46.7619], [-71.3205, 46.762], [-71.3206, 46.7621], [-71.3207, 46.7622], [-71.3208, 46.7622], [-71.3209, 46.7623], [-71.321, 46.7623], [-71.3211, 46.7623], [-71.3212, 46.7623], [-71.3213, 46.7623], [-71.3214, 46.7623], [-71.3215, 46.7623], [-71.3216, 46.7622], [-71.3216, 46.7622], [-71.3217, 46.7622], [-71.3218, 46.7622], [-71.3219, 46.7622], [-71.322, 46.7622], [-71.322, 46.7622], [-71.3221, 46.7623], [-71.3222, 46.7623], [-71.3222, 46.7623], [-71.3222, 46.7624], [-71.3222, 46.7625], [-71.3222, 46.7625], [-71.3221, 46.7626], [-71.3221, 46.7627], [-71.322, 46.7627], [-71.3219, 46.7628], [-71.3219, 46.7629], [-71.3219, 46.763], [-71.3219, 46.763], [-71.3219, 46.7631], [-71.3219, 46.7631], [-71.322, 46.7632], [-71.3221, 46.7632], [-71.3221, 46.7633], [-71.3222, 46.7634], [-71.3222, 46.7635], [-71.3222, 46.7637], [-71.3222, 46.7639], [-71.3222, 46.7641], [-71.3221, 46.7643], [-71.322, 46.7646], [-71.322, 46.7649], [-71.3219, 46.7651], [-71.3219, 46.7652], [-71.3219, 46.7654], [-71.3219, 46.7655], [-71.322, 46.7656], [-71.322, 46.7657], [-71.3221, 46.7657], [-71.3222, 46.7658], [-71.3222, 46.7658], [-71.3222, 46.7659], [-71.3222, 46.766], [-71.3222, 46.7661], [-71.3221, 46.7662], [-71.3221, 46.7664], [-71.322, 46.7665], [-71.3219, 46.7666], [-71.3219, 46.7668], [-71.3218, 46.7669], [-71.3218, 46.767], [-71.3218, 46.7671], [-71.3219, 46.7672], [-71.3219, 46.7673], [-71.3219, 46.7674], [-71.322, 46.7675], [-71.3219, 46.7675], [-71.3219, 46.7676], [-71.3218, 46.7676], [-71.3216, 46.7675], [-71.3214, 46.7674], [-71.3212, 46.7673], [-71.3209, 46.7672], [-71.3207, 46.7671], [-71.3205, 46.7671], [-71.3203, 46.767], [-71.3201, 46.767], [-71.32, 46.7671], [-71.3199, 46.7671], [-71.3198, 46.7672], [-71.3197, 46.7674], [-71.3196, 46.7675], [-71.3195, 46.7676], [-71.3194, 46.7677], [-71.3192, 46.7677], [-71.3189, 46.7678], [-71.3187, 46.7679], [-71.3184, 46.7679], [-71.3181, 46.768], [-71.3178, 46.768], [-71.3174, 46.7679], [-71.3171, 46.7678], [-71.3168, 46.7677], [-71.3165, 46.7676], [-71.3162, 46.7674], [-71.3159, 46.7672], [-71.3156, 46.767], [-71.3153, 46.7668], [-71.3151, 46.7667], [-71.3148, 46.7666], [-71.3146, 46.7666], [-71.3143, 46.7666], [-71.3141, 46.7667], [-71.3139, 46.7669], [-71.3137, 46.7671], [-71.3135, 46.7673], [-71.3132, 46.7674], [-71.313, 46.7675], [-71.3127, 46.7676], [-71.3123, 46.7677], [-71.312, 46.7677], [-71.3116, 46.7677], [-71.3112, 46.7677], [-71.3108, 46.7677], [-71.3105, 46.7676], [-71.3103, 46.7675], [-71.31, 46.7673], [-71.3099, 46.7672], [-71.3097, 46.767], [-71.3097, 46.7667], [-71.3096, 46.7664], [-71.3096, 46.7662], [-71.3096, 46.766], [-71.3096, 46.7657], [-71.3096, 46.7655], [-71.3097, 46.7654], [-71.3097, 46.7652], [-71.3098, 46.7651], [-71.3099, 46.765], [-71.3099, 46.7648], [-71.3101, 46.7648], [-71.3102, 46.7647], [-71.3103, 46.7646], [-71.3105, 46.7646], [-71.3106, 46.7645], [-71.3108, 46.7645], [-71.311, 46.7645], [-71.3112, 46.7645], [-71.3114, 46.7645], [-71.3116, 46.7645], [-71.3117, 46.7645], [-71.3119, 46.7646], [-71.312, 46.7646], [-71.3122, 46.7647], [-71.3123, 46.7647], [-71.3124, 46.7647], [-71.3124, 46.7647], [-71.3123, 46.7647], [-71.3122, 46.7645], [-71.3119, 46.7644], [-71.3116, 46.7642], [-71.3113, 46.7639], [-71.3108, 46.7637], [-71.3105, 46.7634], [-71.3102, 46.7632], [-71.3099, 46.763], [-71.3098, 46.7628], [-71.3097, 46.7627], [-71.3096, 46.7625], [-71.3097, 46.7625], [-71.3098, 46.7624], [-71.3099, 46.7624], [-71.31, 46.7623], [-71.3101, 46.7623], [-71.3102, 46.7623], [-71.3103, 46.7623], [-71.3104, 46.7624], [-71.3106, 46.7624], [-71.3107, 46.7625], [-71.3108, 46.7625], [-71.3109, 46.7626], [-71.311, 46.7626], [-71.3111, 46.7626], [-71.3113, 46.7625], [-71.3114, 46.7624], [-71.3115, 46.7623], [-71.3116, 46.7622], [-71.3116, 46.7621], [-71.3117, 46.762], [-71.3117, 46.7619], [-71.3117, 46.7619], [-71.3117, 46.7618], [-71.3117, 46.7617], [-71.3116, 46.7617], [-71.3115, 46.7617], [-71.3115, 46.7616], [-71.3114, 46.7616], [-71.3114, 46.7615], [-71.3114, 46.7615], [-71.3114, 46.7614], [-71.3114, 46.7613], [-71.3115, 46.7613], [-71.3116, 46.7612], [-71.3116, 46.7611], [-71.3117, 46.761], [-71.3117, 46.761], [-71.3117, 46.7609], [-71.3117, 46.7609], [-71.3117, 46.7608], [-71.3116, 46.7607], [-71.3115, 46.7607], [-71.3115, 46.7607], [-71.3115, 46.7606], [-71.3114, 46.7605], [-71.3114, 46.7605], [-71.3115, 46.7604], [-71.3115, 46.7604], [-71.3116, 46.7603], [-71.3116, 46.7602], [-71.3117, 46.7601], [-71.3117, 46.7601], [-71.3117, 46.76], [-71.3118, 46.7599], [-71.3118, 46.7598], [-71.3117, 46.7597], [-71.3117, 46.7596], [-71.3117, 46.7595], [-71.3116, 46.7594], [-71.3116, 46.7594], [-71.3117, 46.7593], [-71.3117, 46.7593], [-71.3118, 46.7593], [-71.3119, 46.7593], [-71.312, 46.7593], [-71.3122, 46.7594], [-71.3123, 46.7594], [-71.3124, 46.7594], [-71.3126, 46.7594], [-71.3127, 46.7594], [-71.3128, 46.7594], [-71.313, 46.7594], [-71.3131, 46.7593], [-71.3132, 46.7593], [-71.3133, 46.7593], [-71.3135, 46.7593], [-71.3136, 46.7593], [-71.3138, 46.7594], [-71.314, 46.7595], [-71.3142, 46.7596], [-71.3144, 46.7597], [-71.3146, 46.7599], [-71.3148, 46.76], [-71.3149, 46.7601], [-71.315, 46.7602], [-71.315, 46.7602], [-71.315, 46.7602], [-71.315, 46.7602], [-71.3149, 46.7601], [-71.3148, 46.76], [-71.3147, 46.7599], [-71.3146, 46.7598], [-71.3145, 46.7597], [-71.3145, 46.7596], [-71.3144, 46.7596], [-71.3144, 46.7595], [-71.3144, 46.7594], [-71.3145, 46.7594], [-71.3145, 46.7593], [-71.3146, 46.7593], [-71.3146, 46.7593], [-71.3147, 46.7592], [-71.3148, 46.7593], [-71.3149, 46.7593], [-71.315, 46.7593], [-71.3151, 46.7593], [-71.3152, 46.7594], [-71.3153, 46.7594], [-71.3155, 46.7594], [-71.3156, 46.7594], [-71.3157, 46.7594], [-71.3158, 46.7594], [-71.3159, 46.7593], [-71.316, 46.7593], [-71.3161, 46.7593], [-71.3162, 46.7593], [-71.3163, 46.7592], [-71.3164, 46.7593], [-71.3164, 46.7593], [-71.3165, 46.7593], [-71.3166, 46.7593], [-71.3166, 46.7594], [-71.3167, 46.7594], [-71.3167, 46.7595], [-71.3168, 46.7595], [-71.3168, 46.7595], [-71.3169, 46.7595], [-71.317, 46.7594], [-71.3171, 46.7594], [-71.3172, 46.7593], [-71.3173, 46.7593], [-71.3175, 46.7593], [-71.3178, 46.7593], [-71.318, 46.7593], [-71.3183, 46.7593], [-71.3187, 46.7593], [-71.3191, 46.7594], [-71.3196, 46.7594], [-71.32, 46.7595], [-71.3203, 46.7595], [-71.3206, 46.7595], [-71.3209, 46.7595], [-71.3212, 46.7595], [-71.3214, 46.7595], [-71.3215, 46.7595], [-71.3216, 46.7595], [-71.3217, 46.7594], [-71.3218, 46.7594], [-71.3219, 46.7594], [-71.322, 46.7594], [-71.3221, 46.7594], [-71.3222, 46.7595], [-71.3223, 46.7595], [-71.3224, 46.7596], [-71.3225, 46.7597], [-71.3225, 46.7597], [-71.3225, 46.7598], [-71.3225, 46.7599], [-71.3224, 46.76], [-71.3223, 46.7601], [-71.3222, 46.7602]]]}}, {"type": "Feature", "properties": {"couche": "voile", "station": "Bégon", "minutes": 9}, "geometry": {"type": "Polygon", "coordinates": [[[-71.4817, 46.8747], [-71.1538, 46.877], [-71.1511, 46.6523], [-71.4776, 46.65], [-71.4817, 46.8747]], [[-71.3122, 46.7647], [-71.312, 46.7646], [-71.3119, 46.7646], [-71.3117, 46.7645], [-71.3116, 46.7645], [-71.3114, 46.7645], [-71.3112, 46.7645], [-71.311, 46.7645], [-71.3108, 46.7645], [-71.3106, 46.7645], [-71.3105, 46.7646], [-71.3103, 46.7646], [-71.3102, 46.7647], [-71.3101, 46.7648], [-71.3099, 46.7648], [-71.3099, 46.765], [-71.3098, 46.7651], [-71.3097, 46.7652], [-71.3097, 46.7654], [-71.3096, 46.7655], [-71.3096, 46.7657], [-71.3096, 46.766], [-71.3096, 46.7662], [-71.3096, 46.7664], [-71.3097, 46.7667], [-71.3097, 46.767], [-71.3099, 46.7672], [-71.31, 46.7673], [-71.3103, 46.7675], [-71.3105, 46.7676], [-71.3108, 46.7677], [-71.3112, 46.7677], [-71.3116, 46.7677], [-71.312, 46.7677], [-71.3123, 46.7677], [-71.3127, 46.7676], [-71.313, 46.7675], [-71.3132, 46.7674], [-71.3135, 46.7673], [-71.3137, 46.7671], [-71.3139, 46.7669], [-71.3141, 46.7667], [-71.3143, 46.7666], [-71.3146, 46.7666], [-71.3148, 46.7666], [-71.3151, 46.7667], [-71.3153, 46.7668], [-71.3156, 46.767], [-71.3159, 46.7672], [-71.3162, 46.7674], [-71.3165, 46.7676], [-71.3168, 46.7677], [-71.3171, 46.7678], [-71.3174, 46.7679], [-71.3178, 46.768], [-71.3181, 46.768], [-71.3184, 46.7679], [-71.3187, 46.7679], [-71.3189, 46.7678], [-71.3192, 46.7677], [-71.3194, 46.7677], [-71.3195, 46.7676], [-71.3196, 46.7675], [-71.3197, 46.7674], [-71.3198, 46.7672], [-71.3199, 46.7671], [-71.32, 46.7671], [-71.3201, 46.767], [-71.3203, 46.767], [-71.3205, 46.7671], [-71.3207, 46.7671], [-71.3209, 46.7672], [-71.3212, 46.7673], [-71.3214, 46.7674], [-71.3216, 46.7675], [-71.3218, 46.7676], [-71.3219, 46.7676], [-71.3219, 46.7675], [-71.322, 46.7675], [-71.3219, 46.7674], [-71.3219, 46.7673], [-71.3219, 46.7672], [-71.3218, 46.7671], [-71.3218, 46.767], [-71.3218, 46.7669], [-71.3219, 46.7668], [-71.3219, 46.7666], [-71.322, 46.7665], [-71.3221, 46.7664], [-71.3221, 46.7662], [-71.3222, 46.7661], [-71.3222, 46.766], [-71.3222, 46.7659], [-71.3222, 46.7658], [-71.3221, 46.7657], [-71.322, 46.7657], [-71.322, 46.7656], [-71.3219, 46.7655], [-71.3219, 46.7654], [-71.3219, 46.7652], [-71.3219, 46.7651], [-71.322, 46.7649], [-71.322, 46.7646], [-71.3221, 46.7643], [-71.3222, 46.7641], [-71.3222, 46.7639], [-71.3222, 46.7637], [-71.3222, 46.7635], [-71.3222, 46.7634], [-71.3221, 46.7633], [-71.3221, 46.7632], [-71.322, 46.7632], [-71.3219, 46.7631], [-71.3219, 46.763], [-71.3219, 46.7629], [-71.3219, 46.7628], [-71.322, 46.7627], [-71.3221, 46.7627], [-71.3221, 46.7626], [-71.3222, 46.7625], [-71.3222, 46.7624], [-71.3222, 46.7623], [-71.3221, 46.7623], [-71.322, 46.7622], [-71.3219, 46.7622], [-71.3218, 46.7622], [-71.3217, 46.7622], [-71.3216, 46.7622], [-71.3215, 46.7623], [-71.3214, 46.7623], [-71.3213, 46.7623], [-71.3212, 46.7623], [-71.3211, 46.7623], [-71.321, 46.7623], [-71.3209, 46.7623], [-71.3208, 46.7622], [-71.3207, 46.7622], [-71.3206, 46.7621], [-71.3205, 46.762], [-71.3204, 46.7619], [-71.3203, 46.7619], [-71.3203, 46.7618], [-71.3203, 46.7617], [-71.3204, 46.7617], [-71.3204, 46.7616], [-71.3205, 46.7616], [-71.3206, 46.7615], [-71.3207, 46.7615], [-71.3208, 46.7615], [-71.321, 46.7615], [-71.3211, 46.7615], [-71.3213, 46.7615], [-71.3215, 46.7616], [-71.3218, 46.7616], [-71.3219, 46.7617], [-71.3221, 46.7617], [-71.3222, 46.7616], [-71.3223, 46.7616], [-71.3223, 46.7615], [-71.3222, 46.7614], [-71.3222, 46.7613], [-71.322, 46.7612], [-71.322, 46.761], [-71.3219, 46.7609], [-71.3219, 46.7608], [-71.3219, 46.7606], [-71.3219, 46.7605], [-71.322, 46.7604], [-71.3221, 46.7603], [-71.3222, 46.7602], [-71.3223, 46.7601], [-71.3224, 46.76], [-71.3225, 46.7599], [-71.3225, 46.7598], [-71.3225, 46.7597], [-71.3224, 46.7596], [-71.3223, 46.7595], [-71.3222, 46.7595], [-71.3221, 46.7594], [-71.322, 46.7594], [-71.3219, 46.7594], [-71.3218, 46.7594], [-71.3217, 46.7594], [-71.3216, 46.7595], [-71.3215, 46.7595], [-71.3214, 46.7595], [-71.3212, 46.7595], [-71.3209, 46.7595], [-71.3206, 46.7595], [-71.3203, 46.7595], [-71.32, 46.7595], [-71.3196, 46.7594], [-71.3191, 46.7594], [-71.3187, 46.7593], [-71.3183, 46.7593], [-71.318, 46.7593], [-71.3178, 46.7593], [-71.3175, 46.7593], [-71.3173, 46.7593], [-71.3172, 46.7593], [-71.3171, 46.7594], [-71.317, 46.7594], [-71.3169, 46.7595], [-71.3168, 46.7595], [-71.3167, 46.7595], [-71.3167, 46.7594], [-71.3166, 46.7594], [-71.3166, 46.7593], [-71.3165, 46.7593], [-71.3164, 46.7593], [-71.3163, 46.7592], [-71.3162, 46.7593], [-71.3161, 46.7593], [-71.316, 46.7593], [-71.3159, 46.7593], [-71.3158, 46.7594], [-71.3157, 46.7594], [-71.3156, 46.7594], [-71.3155, 46.7594], [-71.3153, 46.7594], [-71.3152, 46.7594], [-71.3151, 46.7593], [-71.315, 46.7593], [-71.3149, 46.7593], [-71.3148, 46.7593], [-71.3147, 46.7592], [-71.3146, 46.7593], [-71.3145, 46.7593], [-71.3145, 46.7594], [-71.3144, 46.7594], [-71.3144, 46.7595], [-71.3144, 46.7596], [-71.3145, 46.7596], [-71.3145, 46.7597], [-71.3146, 46.7598], [-71.3147, 46.7599], [-71.3148, 46.76], [-71.3146, 46.7599], [-71.3144, 46.7597], [-71.3142, 46.7596], [-71.314, 46.7595], [-71.3138, 46.7594], [-71.3136, 46.7593], [-71.3135, 46.7593], [-71.3133, 46.7593], [-71.3132, 46.7593], [-71.3131, 46.7593], [-71.313, 46.7594], [-71.3128, 46.7594], [-71.3127, 46.7594], [-71.3126, 46.7594], [-71.3124, 46.7594], [-71.3123, 46.7594], [-71.3122, 46.7594], [-71.312, 46.7593], [-71.3119, 46.7593], [-71.3118, 46.7593], [-71.3117, 46.7593], [-71.3116, 46.7594], [-71.3117, 46.7595], [-71.3117, 46.7596], [-71.3117, 46.7597], [-71.3118, 46.7598], [-71.3118, 46.7599], [-71.3117, 46.76], [-71.3117, 46.7601], [-71.3116, 46.7602], [-71.3116, 46.7603], [-71.3115, 46.7604], [-71.3114, 46.7605], [-71.3115, 46.7606], [-71.3115, 46.7607], [-71.3116, 46.7607], [-71.3117, 46.7608], [-71.3117, 46.7609], [-71.3117, 46.761], [-71.3116, 46.7611], [-71.3116, 46.7612], [-71.3115, 46.7613], [-71.3114, 46.7613], [-71.3114, 46.7614], [-71.3114, 46.7615], [-71.3114, 46.7616], [-71.3115, 46.7616], [-71.3115, 46.7617], [-71.3116, 46.7617], [-71.3117, 46.7617], [-71.3117, 46.7618], [-71.3117, 46.7619], [-71.3117, 46.762], [-71.3116, 46.7621], [-71.3116, 46.7622], [-71.3115, 46.7623], [-71.3114, 46.7624], [-71.3113, 46.7625], [-71.3111, 46.7626], [-71.311, 46.7626], [-71.3109, 46.7626], [-71.3108, 46.7625], [-71.3107, 46.7625], [-71.3106, 46.7624], [-71.3104, 46.7624], [-71.3103, 46.7623], [-71.3102, 46.7623], [-71.3101, 46.7623], [-71.31, 46.7623], [-71.3099, 46.7624], [-71.3098, 46.7624], [-71.3097, 46.7625], [-71.3096, 46.7625], [-71.3097, 46.7627], [-71.3098, 46.7628], [-71.3099, 46.763], [-71.3102, 46.7632], [-71.3105, 46.7634], [-71.3108, 46.7637], [-71.3113, 46.7639], [-71.3116, 46.7642], [-71.3119, 46.7644], [-71.3122, 46.7645], [-71.3123, 46.7647], [-71.3122, 46.7647]]]}}, {"type": "Feature", "properties": {"couche": "aire_marche", "station": "Bégon", "ordre": 5, "minutes": 10, "superficie_ha": 95.9, "rue_km": 32.07, "disque_ha": 153.9, "part_disque_pct": 62, "accroche_m": 5, "population": 4493, "navetteurs": 1503, "mode_auto_pct": 64, "mode_tc_pct": 21, "mode_actif_pct": 13, "mode_autre_pct": 2}, "geometry": {"type": "Polygon", "coordinates": [[[-71.3226, 46.76], [-71.3224, 46.7601], [-71.3222, 46.7603], [-71.3221, 46.7604], [-71.3221, 46.7606], [-71.3221, 46.7608], [-71.3221, 46.7609], [-71.3222, 46.7611], [-71.3224, 46.7613], [-71.3226, 46.7614], [-71.3228, 46.7616], [-71.3229, 46.7618], [-71.323, 46.7619], [-71.323, 46.7621], [-71.323, 46.7622], [-71.323, 46.7624], [-71.3229, 46.7626], [-71.3228, 46.7627], [-71.3227, 46.7629], [-71.3226, 46.763], [-71.3225, 46.7631], [-71.3225, 46.7632], [-71.3225, 46.7633], [-71.3226, 46.7634], [-71.3226, 46.7635], [-71.3227, 46.7636], [-71.3228, 46.7637], [-71.3229, 46.7638], [-71.3229, 46.7639], [-71.323, 46.7641], [-71.323, 46.7642], [-71.323, 46.7644], [-71.323, 46.7646], [-71.323, 46.7648], [-71.323, 46.765], [-71.323, 46.7652], [-71.323, 46.7653], [-71.3229, 46.7655], [-71.3229, 46.7656], [-71.3228, 46.7657], [-71.3227, 46.7658], [-71.3226, 46.7658], [-71.3226, 46.7659], [-71.3225, 46.766], [-71.3225, 46.7661], [-71.3225, 46.7662], [-71.3225, 46.7664], [-71.3225, 46.7665], [-71.3226, 46.7667], [-71.3227, 46.7668], [-71.3227, 46.767], [-71.3227, 46.7671], [-71.3227, 46.7673], [-71.3227, 46.7674], [-71.3226, 46.7675], [-71.3225, 46.7676], [-71.3224, 46.7678], [-71.3223, 46.7679], [-71.3222, 46.768], [-71.322, 46.768], [-71.3219, 46.7681], [-71.3218, 46.7681], [-71.3217, 46.7682], [-71.3216, 46.7682], [-71.3215, 46.7682], [-71.3214, 46.7682], [-71.3213, 46.7682], [-71.3212, 46.7682], [-71.3212, 46.7682], [-71.3212, 46.7681], [-71.3211, 46.7681], [-71.3211, 46.768], [-71.3211, 46.768], [-71.3211, 46.7679], [-71.3211, 46.7678], [-71.3211, 46.7677], [-71.3211, 46.7676], [-71.321, 46.7676], [-71.3209, 46.7675], [-71.3208, 46.7674], [-71.3207, 46.7673], [-71.3205, 46.7672], [-71.3204, 46.7671], [-71.3203, 46.7671], [-71.3202, 46.7671], [-71.3201, 46.7671], [-71.32, 46.7672], [-71.32, 46.7673], [-71.32, 46.7675], [-71.32, 46.7676], [-71.3199, 46.7678], [-71.3199, 46.7679], [-71.3198, 46.768], [-71.3198, 46.7681], [-71.3197, 46.7681], [-71.3195, 46.7681], [-71.3194, 46.768], [-71.3192, 46.7679], [-71.3191, 46.7679], [-71.3189, 46.7678], [-71.3188, 46.7678], [-71.3186, 46.7678], [-71.3185, 46.7679], [-71.3183, 46.7679], [-71.3182, 46.768], [-71.3181, 46.7681], [-71.3179, 46.7682], [-71.3177, 46.7682], [-71.3175, 46.7682], [-71.3173, 46.7682], [-71.317, 46.7681], [-71.3168, 46.768], [-71.3165, 46.7678], [-71.3162, 46.7676], [-71.3159, 46.7674], [-71.3156, 46.7672], [-71.3154, 46.7671], [-71.3152, 46.767], [-71.315, 46.7669], [-71.3148, 46.7668], [-71.3147, 46.7668], [-71.3146, 46.7668], [-71.3145, 46.7668], [-71.3144, 46.7669], [-71.3143, 46.7669], [-71.3142, 46.767], [-71.3141, 46.7671], [-71.314, 46.7673], [-71.3139, 46.7674], [-71.3139, 46.7676], [-71.3138, 46.7678], [-71.3137, 46.7679], [-71.3136, 46.768], [-71.3135, 46.7681], [-71.3134, 46.7681], [-71.3133, 46.7681], [-71.3132, 46.7681], [-71.313, 46.7681], [-71.3129, 46.768], [-71.3128, 46.768], [-71.3127, 46.768], [-71.3126, 46.768], [-71.3125, 46.768], [-71.3125, 46.768], [-71.3124, 46.7681], [-71.3123, 46.7681], [-71.3122, 46.7682], [-71.3121, 46.7682], [-71.3119, 46.7682], [-71.3117, 46.7683], [-71.3115, 46.7683], [-71.3112, 46.7683], [-71.3108, 46.7682], [-71.3104, 46.7682], [-71.3101, 46.7682], [-71.3098, 46.7681], [-71.3096, 46.768], [-71.3094, 46.7679], [-71.3092, 46.7678], [-71.3091, 46.7677], [-71.3091, 46.7676], [-71.3091, 46.7674], [-71.3091, 46.7673], [-71.3091, 46.7671], [-71.3091, 46.767], [-71.3092, 46.7669], [-71.3092, 46.7668], [-71.3093, 46.7667], [-71.3094, 46.7666], [-71.3095, 46.7665], [-71.3096, 46.7664], [-71.3096, 46.7664], [-71.3096, 46.7663], [-71.3096, 46.7663], [-71.3096, 46.7662], [-71.3095, 46.7662], [-71.3094, 46.7661], [-71.3093, 46.7661], [-71.3092, 46.7661], [-71.3091, 46.766], [-71.309, 46.766], [-71.309, 46.7659], [-71.3089, 46.7658], [-71.3089, 46.7657], [-71.3089, 46.7656], [-71.3089, 46.7655], [-71.3089, 46.7654], [-71.3089, 46.7653], [-71.3089, 46.7652], [-71.309, 46.765], [-71.309, 46.7649], [-71.3091, 46.7648], [-71.3092, 46.7646], [-71.3093, 46.7645], [-71.3094, 46.7644], [-71.3095, 46.7643], [-71.3096, 46.7642], [-71.3097, 46.7641], [-71.3099, 46.764], [-71.31, 46.764], [-71.3102, 46.764], [-71.3103, 46.7639], [-71.3104, 46.7639], [-71.3105, 46.7638], [-71.3105, 46.7638], [-71.3104, 46.7636], [-71.3103, 46.7635], [-71.3101, 46.7633], [-71.3099, 46.7631], [-71.3096, 46.7629], [-71.3094, 46.7627], [-71.3092, 46.7626], [-71.3091, 46.7624], [-71.309, 46.7623], [-71.3089, 46.7622], [-71.309, 46.7621], [-71.309, 46.762], [-71.3091, 46.7619], [-71.3093, 46.7619], [-71.3094, 46.7619], [-71.3096, 46.7619], [-71.3097, 46.7619], [-71.3099, 46.762], [-71.3101, 46.7621], [-71.3103, 46.7622], [-71.3105, 46.7623], [-71.3106, 46.7624], [-71.3108, 46.7625], [-71.3109, 46.7625], [-71.3109, 46.7625], [-71.311, 46.7626], [-71.3109, 46.7625], [-71.3109, 46.7625], [-71.3108, 46.7624], [-71.3108, 46.7624], [-71.3108, 46.7623], [-71.3108, 46.7622], [-71.3108, 46.7621], [-71.3108, 46.762], [-71.3108, 46.7619], [-71.3109, 46.7618], [-71.311, 46.7617], [-71.3111, 46.7616], [-71.3111, 46.7615], [-71.3111, 46.7614], [-71.3111, 46.7613], [-71.3111, 46.7613], [-71.3111, 46.7612], [-71.311, 46.7612], [-71.3109, 46.7612], [-71.3109, 46.7611], [-71.3108, 46.7611], [-71.3108, 46.761], [-71.3107, 46.7609], [-71.3107, 46.7608], [-71.3107, 46.7607], [-71.3107, 46.7606], [-71.3107, 46.7605], [-71.3107, 46.7603], [-71.3107, 46.7602], [-71.3108, 46.7602], [-71.3109, 46.7601], [-71.311, 46.76], [-71.3111, 46.76], [-71.3112, 46.76], [-71.3113, 46.76], [-71.3115, 46.76], [-71.3115, 46.7599], [-71.3116, 46.7598], [-71.3116, 46.7598], [-71.3116, 46.7597], [-71.3115, 46.7596], [-71.3114, 46.7594], [-71.3113, 46.7593], [-71.3112, 46.7591], [-71.3111, 46.759], [-71.3111, 46.7589], [-71.3111, 46.7589], [-71.3112, 46.7588], [-71.3113, 46.7588], [-71.3114, 46.7589], [-71.3115, 46.7589], [-71.3117, 46.7589], [-71.3118, 46.7589], [-71.3119, 46.759], [-71.312, 46.7589], [-71.3121, 46.7589], [-71.3121, 46.7589], [-71.3122, 46.7589], [-71.3123, 46.7588], [-71.3123, 46.7588], [-71.3124, 46.7588], [-71.3124, 46.7587], [-71.3125, 46.7587], [-71.3126, 46.7588], [-71.3127, 46.7588], [-71.3128, 46.7588], [-71.3129, 46.7589], [-71.313, 46.7589], [-71.3131, 46.7589], [-71.3133, 46.7589], [-71.3134, 46.7589], [-71.3135, 46.7589], [-71.3136, 46.7589], [-71.3137, 46.7589], [-71.3138, 46.7588], [-71.3139, 46.7588], [-71.314, 46.7588], [-71.3141, 46.7588], [-71.3142, 46.7588], [-71.3143, 46.7588], [-71.3144, 46.7588], [-71.3145, 46.7588], [-71.3146, 46.7589], [-71.3147, 46.7589], [-71.3149, 46.759], [-71.315, 46.759], [-71.3152, 46.759], [-71.3154, 46.759], [-71.3156, 46.7589], [-71.3159, 46.7589], [-71.3161, 46.7589], [-71.3164, 46.7588], [-71.3166, 46.7588], [-71.3168, 46.7588], [-71.317, 46.7588], [-71.3172, 46.7589], [-71.3173, 46.7589], [-71.3175, 46.759], [-71.3176, 46.759], [-71.3177, 46.7591], [-71.3179, 46.7591], [-71.318, 46.7592], [-71.3181, 46.7592], [-71.3182, 46.7592], [-71.3183, 46.7591], [-71.3184, 46.7591], [-71.3185, 46.759], [-71.3186, 46.759], [-71.3188, 46.7589], [-71.3189, 46.7589], [-71.3191, 46.7589], [-71.3193, 46.759], [-71.3196, 46.7591], [-71.3198, 46.7591], [-71.3201, 46.7593], [-71.3204, 46.7593], [-71.3206, 46.7594], [-71.3207, 46.7594], [-71.3209, 46.7594], [-71.321, 46.7594], [-71.3211, 46.7594], [-71.3211, 46.7593], [-71.3211, 46.7592], [-71.3211, 46.7592], [-71.3211, 46.7591], [-71.3212, 46.759], [-71.3213, 46.759], [-71.3214, 46.7589], [-71.3216, 46.7589], [-71.3218, 46.7589], [-71.322, 46.7589], [-71.3222, 46.7589], [-71.3223, 46.7589], [-71.3225, 46.7589], [-71.3227, 46.759], [-71.3228, 46.759], [-71.3229, 46.759], [-71.323, 46.7591], [-71.3231, 46.7592], [-71.3231, 46.7592], [-71.3231, 46.7593], [-71.3231, 46.7594], [-71.323, 46.7595], [-71.3229, 46.7597], [-71.3228, 46.7598], [-71.3226, 46.76]]]}}, {"type": "Feature", "properties": {"couche": "voile", "station": "Bégon", "minutes": 10}, "geometry": {"type": "Polygon", "coordinates": [[[-71.4823, 46.8749], [-71.1531, 46.8773], [-71.1504, 46.6518], [-71.4782, 46.6494], [-71.4823, 46.8749]], [[-71.3108, 46.7625], [-71.3106, 46.7624], [-71.3105, 46.7623], [-71.3103, 46.7622], [-71.3101, 46.7621], [-71.3099, 46.762], [-71.3097, 46.7619], [-71.3096, 46.7619], [-71.3094, 46.7619], [-71.3093, 46.7619], [-71.3091, 46.7619], [-71.309, 46.762], [-71.309, 46.7621], [-71.3089, 46.7622], [-71.309, 46.7623], [-71.3091, 46.7624], [-71.3092, 46.7626], [-71.3094, 46.7627], [-71.3096, 46.7629], [-71.3099, 46.7631], [-71.3101, 46.7633], [-71.3103, 46.7635], [-71.3104, 46.7636], [-71.3105, 46.7638], [-71.3104, 46.7639], [-71.3103, 46.7639], [-71.3102, 46.764], [-71.31, 46.764], [-71.3099, 46.764], [-71.3097, 46.7641], [-71.3096, 46.7642], [-71.3095, 46.7643], [-71.3094, 46.7644], [-71.3093, 46.7645], [-71.3092, 46.7646], [-71.3091, 46.7648], [-71.309, 46.7649], [-71.309, 46.765], [-71.3089, 46.7652], [-71.3089, 46.7653], [-71.3089, 46.7654], [-71.3089, 46.7655], [-71.3089, 46.7656], [-71.3089, 46.7657], [-71.3089, 46.7658], [-71.309, 46.7659], [-71.309, 46.766], [-71.3091, 46.766], [-71.3092, 46.7661], [-71.3093, 46.7661], [-71.3094, 46.7661], [-71.3095, 46.7662], [-71.3096, 46.7662], [-71.3096, 46.7663], [-71.3096, 46.7664], [-71.3095, 46.7665], [-71.3094, 46.7666], [-71.3093, 46.7667], [-71.3092, 46.7668], [-71.3092, 46.7669], [-71.3091, 46.767], [-71.3091, 46.7671], [-71.3091, 46.7673], [-71.3091, 46.7674], [-71.3091, 46.7676], [-71.3091, 46.7677], [-71.3092, 46.7678], [-71.3094, 46.7679], [-71.3096, 46.768], [-71.3098, 46.7681], [-71.3101, 46.7682], [-71.3104, 46.7682], [-71.3108, 46.7682], [-71.3112, 46.7683], [-71.3115, 46.7683], [-71.3117, 46.7683], [-71.3119, 46.7682], [-71.3121, 46.7682], [-71.3122, 46.7682], [-71.3123, 46.7681], [-71.3124, 46.7681], [-71.3125, 46.768], [-71.3126, 46.768], [-71.3127, 46.768], [-71.3128, 46.768], [-71.3129, 46.768], [-71.313, 46.7681], [-71.3132, 46.7681], [-71.3133, 46.7681], [-71.3134, 46.7681], [-71.3135, 46.7681], [-71.3136, 46.768], [-71.3137, 46.7679], [-71.3138, 46.7678], [-71.3139, 46.7676], [-71.3139, 46.7674], [-71.314, 46.7673], [-71.3141, 46.7671], [-71.3142, 46.767], [-71.3143, 46.7669], [-71.3144, 46.7669], [-71.3145, 46.7668], [-71.3146, 46.7668], [-71.3147, 46.7668], [-71.3148, 46.7668], [-71.315, 46.7669], [-71.3152, 46.767], [-71.3154, 46.7671], [-71.3156, 46.7672], [-71.3159, 46.7674], [-71.3162, 46.7676], [-71.3165, 46.7678], [-71.3168, 46.768], [-71.317, 46.7681], [-71.3173, 46.7682], [-71.3175, 46.7682], [-71.3177, 46.7682], [-71.3179, 46.7682], [-71.3181, 46.7681], [-71.3182, 46.768], [-71.3183, 46.7679], [-71.3185, 46.7679], [-71.3186, 46.7678], [-71.3188, 46.7678], [-71.3189, 46.7678], [-71.3191, 46.7679], [-71.3192, 46.7679], [-71.3194, 46.768], [-71.3195, 46.7681], [-71.3197, 46.7681], [-71.3198, 46.7681], [-71.3198, 46.768], [-71.3199, 46.7679], [-71.3199, 46.7678], [-71.32, 46.7676], [-71.32, 46.7675], [-71.32, 46.7673], [-71.32, 46.7672], [-71.3201, 46.7671], [-71.3202, 46.7671], [-71.3203, 46.7671], [-71.3204, 46.7671], [-71.3205, 46.7672], [-71.3207, 46.7673], [-71.3208, 46.7674], [-71.3209, 46.7675], [-71.321, 46.7676], [-71.3211, 46.7676], [-71.3211, 46.7677], [-71.3211, 46.7678], [-71.3211, 46.7679], [-71.3211, 46.768], [-71.3211, 46.7681], [-71.3212, 46.7681], [-71.3212, 46.7682], [-71.3213, 46.7682], [-71.3214, 46.7682], [-71.3215, 46.7682], [-71.3216, 46.7682], [-71.3217, 46.7682], [-71.3218, 46.7681], [-71.3219, 46.7681], [-71.322, 46.768], [-71.3222, 46.768], [-71.3223, 46.7679], [-71.3224, 46.7678], [-71.3225, 46.7676], [-71.3226, 46.7675], [-71.3227, 46.7674], [-71.3227, 46.7673], [-71.3227, 46.7671], [-71.3227, 46.767], [-71.3227, 46.7668], [-71.3226, 46.7667], [-71.3225, 46.7665], [-71.3225, 46.7664], [-71.3225, 46.7662], [-71.3225, 46.7661], [-71.3225, 46.766], [-71.3226, 46.7659], [-71.3226, 46.7658], [-71.3227, 46.7658], [-71.3228, 46.7657], [-71.3229, 46.7656], [-71.3229, 46.7655], [-71.323, 46.7653], [-71.323, 46.7652], [-71.323, 46.765], [-71.323, 46.7648], [-71.323, 46.7646], [-71.323, 46.7644], [-71.323, 46.7642], [-71.323, 46.7641], [-71.3229, 46.7639], [-71.3229, 46.7638], [-71.3228, 46.7637], [-71.3227, 46.7636], [-71.3226, 46.7635], [-71.3226, 46.7634], [-71.3225, 46.7633], [-71.3225, 46.7632], [-71.3225, 46.7631], [-71.3226, 46.763], [-71.3227, 46.7629], [-71.3228, 46.7627], [-71.3229, 46.7626], [-71.323, 46.7624], [-71.323, 46.7622], [-71.323, 46.7621], [-71.323, 46.7619], [-71.3229, 46.7618], [-71.3228, 46.7616], [-71.3226, 46.7614], [-71.3224, 46.7613], [-71.3222, 46.7611], [-71.3221, 46.7609], [-71.3221, 46.7608], [-71.3221, 46.7606], [-71.3221, 46.7604], [-71.3222, 46.7603], [-71.3224, 46.7601], [-71.3226, 46.76], [-71.3228, 46.7598], [-71.3229, 46.7597], [-71.323, 46.7595], [-71.3231, 46.7594], [-71.3231, 46.7593], [-71.3231, 46.7592], [-71.323, 46.7591], [-71.3229, 46.759], [-71.3228, 46.759], [-71.3227, 46.759], [-71.3225, 46.7589], [-71.3223, 46.7589], [-71.3222, 46.7589], [-71.322, 46.7589], [-71.3218, 46.7589], [-71.3216, 46.7589], [-71.3214, 46.7589], [-71.3213, 46.759], [-71.3212, 46.759], [-71.3211, 46.7591], [-71.3211, 46.7592], [-71.3211, 46.7593], [-71.3211, 46.7594], [-71.321, 46.7594], [-71.3209, 46.7594], [-71.3207, 46.7594], [-71.3206, 46.7594], [-71.3204, 46.7593], [-71.3201, 46.7593], [-71.3198, 46.7591], [-71.3196, 46.7591], [-71.3193, 46.759], [-71.3191, 46.7589], [-71.3189, 46.7589], [-71.3188, 46.7589], [-71.3186, 46.759], [-71.3185, 46.759], [-71.3184, 46.7591], [-71.3183, 46.7591], [-71.3182, 46.7592], [-71.3181, 46.7592], [-71.318, 46.7592], [-71.3179, 46.7591], [-71.3177, 46.7591], [-71.3176, 46.759], [-71.3175, 46.759], [-71.3173, 46.7589], [-71.3172, 46.7589], [-71.317, 46.7588], [-71.3168, 46.7588], [-71.3166, 46.7588], [-71.3164, 46.7588], [-71.3161, 46.7589], [-71.3159, 46.7589], [-71.3156, 46.7589], [-71.3154, 46.759], [-71.3152, 46.759], [-71.315, 46.759], [-71.3149, 46.759], [-71.3147, 46.7589], [-71.3146, 46.7589], [-71.3145, 46.7588], [-71.3144, 46.7588], [-71.3143, 46.7588], [-71.3142, 46.7588], [-71.3141, 46.7588], [-71.314, 46.7588], [-71.3139, 46.7588], [-71.3138, 46.7588], [-71.3137, 46.7589], [-71.3136, 46.7589], [-71.3135, 46.7589], [-71.3134, 46.7589], [-71.3133, 46.7589], [-71.3131, 46.7589], [-71.313, 46.7589], [-71.3129, 46.7589], [-71.3128, 46.7588], [-71.3127, 46.7588], [-71.3126, 46.7588], [-71.3125, 46.7587], [-71.3124, 46.7587], [-71.3124, 46.7588], [-71.3123, 46.7588], [-71.3122, 46.7589], [-71.3121, 46.7589], [-71.312, 46.7589], [-71.3119, 46.759], [-71.3118, 46.7589], [-71.3117, 46.7589], [-71.3115, 46.7589], [-71.3114, 46.7589], [-71.3113, 46.7588], [-71.3112, 46.7588], [-71.3111, 46.7589], [-71.3111, 46.759], [-71.3112, 46.7591], [-71.3113, 46.7593], [-71.3114, 46.7594], [-71.3115, 46.7596], [-71.3116, 46.7597], [-71.3116, 46.7598], [-71.3115, 46.7599], [-71.3115, 46.76], [-71.3113, 46.76], [-71.3112, 46.76], [-71.3111, 46.76], [-71.311, 46.76], [-71.3109, 46.7601], [-71.3108, 46.7602], [-71.3107, 46.7602], [-71.3107, 46.7603], [-71.3107, 46.7605], [-71.3107, 46.7606], [-71.3107, 46.7607], [-71.3107, 46.7608], [-71.3107, 46.7609], [-71.3108, 46.761], [-71.3108, 46.7611], [-71.3109, 46.7611], [-71.3109, 46.7612], [-71.311, 46.7612], [-71.3111, 46.7612], [-71.3111, 46.7613], [-71.3111, 46.7614], [-71.3111, 46.7615], [-71.3111, 46.7616], [-71.311, 46.7617], [-71.3109, 46.7618], [-71.3108, 46.7619], [-71.3108, 46.762], [-71.3108, 46.7621], [-71.3108, 46.7622], [-71.3108, 46.7623], [-71.3108, 46.7624], [-71.3109, 46.7625], [-71.3108, 46.7625]]]}}, {"type": "Feature", "properties": {"couche": "aire_marche", "station": "Bégon", "ordre": 5, "minutes": 11, "superficie_ha": 114.6, "rue_km": 36.95, "disque_ha": 186.3, "part_disque_pct": 62, "accroche_m": 5, "population": 5186, "navetteurs": 1717, "mode_auto_pct": 65, "mode_tc_pct": 20, "mode_actif_pct": 13, "mode_autre_pct": 2}, "geometry": {"type": "Polygon", "coordinates": [[[-71.323, 46.7597], [-71.3227, 46.7599], [-71.3225, 46.7601], [-71.3223, 46.7603], [-71.3222, 46.7606], [-71.3222, 46.7608], [-71.3223, 46.761], [-71.3224, 46.7612], [-71.3227, 46.7614], [-71.3229, 46.7617], [-71.3232, 46.7618], [-71.3234, 46.762], [-71.3235, 46.7622], [-71.3237, 46.7623], [-71.3237, 46.7624], [-71.3238, 46.7625], [-71.3237, 46.7626], [-71.3237, 46.7627], [-71.3236, 46.7627], [-71.3235, 46.7627], [-71.3235, 46.7627], [-71.3234, 46.7627], [-71.3233, 46.7627], [-71.3232, 46.7627], [-71.3231, 46.7627], [-71.323, 46.7626], [-71.3229, 46.7626], [-71.3228, 46.7626], [-71.3228, 46.7626], [-71.3228, 46.7626], [-71.3229, 46.7627], [-71.3229, 46.7627], [-71.323, 46.7628], [-71.3232, 46.7629], [-71.3233, 46.763], [-71.3233, 46.7631], [-71.3234, 46.7632], [-71.3234, 46.7633], [-71.3234, 46.7634], [-71.3234, 46.7634], [-71.3233, 46.7635], [-71.3233, 46.7635], [-71.3232, 46.7636], [-71.3232, 46.7636], [-71.3231, 46.7637], [-71.3232, 46.7637], [-71.3232, 46.7638], [-71.3232, 46.7638], [-71.3233, 46.7639], [-71.3234, 46.7639], [-71.3235, 46.764], [-71.3235, 46.764], [-71.3235, 46.7641], [-71.3235, 46.7641], [-71.3235, 46.7642], [-71.3235, 46.7643], [-71.3234, 46.7643], [-71.3233, 46.7644], [-71.3233, 46.7645], [-71.3232, 46.7646], [-71.3232, 46.7647], [-71.3232, 46.7647], [-71.3232, 46.7648], [-71.3232, 46.7649], [-71.3233, 46.765], [-71.3234, 46.765], [-71.3234, 46.7651], [-71.3235, 46.7652], [-71.3235, 46.7653], [-71.3235, 46.7654], [-71.3235, 46.7656], [-71.3234, 46.7657], [-71.3234, 46.7658], [-71.3233, 46.766], [-71.3232, 46.7661], [-71.3232, 46.7662], [-71.3231, 46.7664], [-71.3231, 46.7665], [-71.3232, 46.7665], [-71.3232, 46.7666], [-71.3232, 46.7667], [-71.3233, 46.7667], [-71.3234, 46.7667], [-71.3234, 46.7668], [-71.3235, 46.7669], [-71.3235, 46.767], [-71.3235, 46.7671], [-71.3235, 46.7672], [-71.3235, 46.7673], [-71.3235, 46.7675], [-71.3235, 46.7676], [-71.3234, 46.7677], [-71.3234, 46.7678], [-71.3233, 46.7678], [-71.3232, 46.7679], [-71.3231, 46.7679], [-71.323, 46.7679], [-71.3229, 46.7679], [-71.3228, 46.7679], [-71.3227, 46.7679], [-71.3226, 46.7679], [-71.3225, 46.768], [-71.3224, 46.768], [-71.3223, 46.7681], [-71.3222, 46.7682], [-71.3222, 46.7683], [-71.3221, 46.7684], [-71.322, 46.7685], [-71.3218, 46.7686], [-71.3216, 46.7687], [-71.3214, 46.7687], [-71.3212, 46.7688], [-71.3209, 46.7688], [-71.3206, 46.7688], [-71.3204, 46.7688], [-71.3201, 46.7688], [-71.3199, 46.7687], [-71.3197, 46.7687], [-71.3195, 46.7686], [-71.3194, 46.7685], [-71.3192, 46.7683], [-71.3191, 46.7682], [-71.319, 46.7681], [-71.3189, 46.768], [-71.3189, 46.7679], [-71.3188, 46.7679], [-71.3188, 46.7679], [-71.3188, 46.768], [-71.3188, 46.7681], [-71.3189, 46.7682], [-71.3189, 46.7683], [-71.3189, 46.7684], [-71.3189, 46.7685], [-71.3189, 46.7686], [-71.3188, 46.7687], [-71.3188, 46.7688], [-71.3187, 46.7688], [-71.3186, 46.7688], [-71.3185, 46.7689], [-71.3184, 46.7688], [-71.3182, 46.7688], [-71.318, 46.7687], [-71.3178, 46.7686], [-71.3175, 46.7684], [-71.3172, 46.7682], [-71.3169, 46.768], [-71.3166, 46.7679], [-71.3163, 46.7677], [-71.3161, 46.7676], [-71.3158, 46.7674], [-71.3157, 46.7674], [-71.3155, 46.7673], [-71.3153, 46.7673], [-71.3152, 46.7672], [-71.3151, 46.7672], [-71.315, 46.7672], [-71.3149, 46.7672], [-71.3148, 46.7672], [-71.3147, 46.7672], [-71.3146, 46.7673], [-71.3145, 46.7673], [-71.3144, 46.7673], [-71.3144, 46.7673], [-71.3143, 46.7674], [-71.3142, 46.7675], [-71.3142, 46.7675], [-71.3142, 46.7677], [-71.3142, 46.7678], [-71.3142, 46.768], [-71.3142, 46.7681], [-71.3142, 46.7683], [-71.3141, 46.7684], [-71.314, 46.7685], [-71.3139, 46.7686], [-71.3138, 46.7687], [-71.3137, 46.7687], [-71.3135, 46.7688], [-71.3133, 46.7688], [-71.3131, 46.7688], [-71.3129, 46.7687], [-71.3128, 46.7687], [-71.3126, 46.7687], [-71.3125, 46.7687], [-71.3124, 46.7686], [-71.3122, 46.7686], [-71.3121, 46.7685], [-71.3121, 46.7685], [-71.312, 46.7684], [-71.3119, 46.7684], [-71.3118, 46.7684], [-71.3117, 46.7684], [-71.3117, 46.7684], [-71.3116, 46.7685], [-71.3115, 46.7685], [-71.3114, 46.7686], [-71.3113, 46.7686], [-71.3111, 46.7686], [-71.3109, 46.7687], [-71.3107, 46.7687], [-71.3104, 46.7687], [-71.3101, 46.7687], [-71.3097, 46.7686], [-71.3094, 46.7686], [-71.3092, 46.7686], [-71.3089, 46.7685], [-71.3087, 46.7684], [-71.3086, 46.7683], [-71.3085, 46.7682], [-71.3084, 46.7681], [-71.3084, 46.768], [-71.3084, 46.7679], [-71.3084, 46.7678], [-71.3084, 46.7677], [-71.3085, 46.7676], [-71.3085, 46.7676], [-71.3086, 46.7675], [-71.3086, 46.7675], [-71.3087, 46.7674], [-71.3088, 46.7674], [-71.3088, 46.7673], [-71.3088, 46.7672], [-71.3088, 46.7671], [-71.3088, 46.767], [-71.3087, 46.7668], [-71.3086, 46.7667], [-71.3085, 46.7665], [-71.3085, 46.7663], [-71.3084, 46.7662], [-71.3084, 46.766], [-71.3084, 46.7659], [-71.3084, 46.7658], [-71.3085, 46.7658], [-71.3085, 46.7657], [-71.3087, 46.7657], [-71.3087, 46.7656], [-71.3088, 46.7656], [-71.3088, 46.7655], [-71.3088, 46.7654], [-71.3088, 46.7654], [-71.3087, 46.7653], [-71.3087, 46.7652], [-71.3085, 46.7651], [-71.3085, 46.765], [-71.3085, 46.7649], [-71.3085, 46.7647], [-71.3086, 46.7646], [-71.3087, 46.7645], [-71.3089, 46.7643], [-71.3091, 46.7642], [-71.3094, 46.764], [-71.3095, 46.7638], [-71.3097, 46.7637], [-71.3097, 46.7635], [-71.3097, 46.7633], [-71.3096, 46.7631], [-71.3095, 46.7629], [-71.3092, 46.7627], [-71.3089, 46.7625], [-71.3087, 46.7623], [-71.3085, 46.7621], [-71.3083, 46.762], [-71.3082, 46.7619], [-71.3082, 46.7618], [-71.3082, 46.7617], [-71.3082, 46.7616], [-71.3083, 46.7616], [-71.3084, 46.7615], [-71.3086, 46.7615], [-71.3088, 46.7616], [-71.309, 46.7616], [-71.3092, 46.7617], [-71.3095, 46.7618], [-71.3098, 46.762], [-71.3101, 46.7621], [-71.3103, 46.7623], [-71.3105, 46.7624], [-71.3106, 46.7624], [-71.3107, 46.7624], [-71.3107, 46.7624], [-71.3107, 46.7624], [-71.3106, 46.7623], [-71.3105, 46.7622], [-71.3103, 46.762], [-71.3102, 46.7619], [-71.3102, 46.7618], [-71.3101, 46.7617], [-71.3101, 46.7615], [-71.3102, 46.7614], [-71.3102, 46.7613], [-71.3103, 46.7612], [-71.3104, 46.7611], [-71.3104, 46.761], [-71.3105, 46.7609], [-71.3105, 46.7608], [-71.3105, 46.7608], [-71.3104, 46.7607], [-71.3104, 46.7607], [-71.3103, 46.7606], [-71.3102, 46.7606], [-71.3102, 46.7605], [-71.3101, 46.7605], [-71.3101, 46.7604], [-71.3101, 46.7603], [-71.3101, 46.7602], [-71.3101, 46.7601], [-71.3101, 46.7599], [-71.3101, 46.7598], [-71.3102, 46.7597], [-71.3102, 46.7596], [-71.3103, 46.7596], [-71.3103, 46.7595], [-71.3104, 46.7594], [-71.3105, 46.7594], [-71.3106, 46.7593], [-71.3106, 46.7593], [-71.3107, 46.7592], [-71.3107, 46.7592], [-71.3107, 46.7591], [-71.3107, 46.759], [-71.3106, 46.7589], [-71.3106, 46.7588], [-71.3105, 46.7587], [-71.3104, 46.7586], [-71.3104, 46.7585], [-71.3104, 46.7584], [-71.3105, 46.7584], [-71.3105, 46.7584], [-71.3106, 46.7584], [-71.3107, 46.7584], [-71.3109, 46.7584], [-71.311, 46.7585], [-71.3112, 46.7585], [-71.3113, 46.7585], [-71.3114, 46.7585], [-71.3115, 46.7585], [-71.3116, 46.7585], [-71.3117, 46.7584], [-71.3118, 46.7584], [-71.3119, 46.7583], [-71.312, 46.7583], [-71.3121, 46.7583], [-71.3122, 46.7584], [-71.3123, 46.7584], [-71.3125, 46.7585], [-71.3126, 46.7586], [-71.3128, 46.7587], [-71.3129, 46.7587], [-71.313, 46.7588], [-71.3131, 46.7588], [-71.3132, 46.7588], [-71.3132, 46.7588], [-71.3133, 46.7588], [-71.3133, 46.7587], [-71.3133, 46.7586], [-71.3133, 46.7585], [-71.3133, 46.7585], [-71.3133, 46.7584], [-71.3134, 46.7584], [-71.3135, 46.7584], [-71.3136, 46.7584], [-71.3137, 46.7584], [-71.3138, 46.7585], [-71.314, 46.7585], [-71.3141, 46.7585], [-71.3142, 46.7585], [-71.3143, 46.7585], [-71.3144, 46.7585], [-71.3145, 46.7585], [-71.3146, 46.7585], [-71.3147, 46.7584], [-71.3148, 46.7584], [-71.3149, 46.7584], [-71.315, 46.7584], [-71.3151, 46.7584], [-71.3152, 46.7584], [-71.3153, 46.7585], [-71.3155, 46.7586], [-71.3156, 46.7587], [-71.3158, 46.7588], [-71.3159, 46.7588], [-71.316, 46.7589], [-71.316, 46.7589], [-71.3161, 46.7589], [-71.3161, 46.7588], [-71.3161, 46.7588], [-71.316, 46.7587], [-71.316, 46.7587], [-71.316, 46.7586], [-71.316, 46.7585], [-71.316, 46.7585], [-71.3161, 46.7584], [-71.3161, 46.7584], [-71.3162, 46.7584], [-71.3163, 46.7583], [-71.3164, 46.7583], [-71.3165, 46.7583], [-71.3166, 46.7584], [-71.3167, 46.7584], [-71.3169, 46.7585], [-71.317, 46.7586], [-71.3172, 46.7587], [-71.3174, 46.7588], [-71.3176, 46.7589], [-71.3177, 46.759], [-71.3178, 46.7591], [-71.3178, 46.7591], [-71.3179, 46.7591], [-71.3179, 46.7591], [-71.3179, 46.759], [-71.3178, 46.7589], [-71.3178, 46.7588], [-71.3178, 46.7588], [-71.3177, 46.7587], [-71.3178, 46.7586], [-71.3178, 46.7586], [-71.3178, 46.7585], [-71.3179, 46.7585], [-71.318, 46.7584], [-71.3181, 46.7584], [-71.3182, 46.7584], [-71.3184, 46.7585], [-71.3186, 46.7585], [-71.3189, 46.7586], [-71.3192, 46.7588], [-71.3195, 46.7589], [-71.3199, 46.7591], [-71.3202, 46.7592], [-71.3204, 46.7593], [-71.3206, 46.7594], [-71.3207, 46.7594], [-71.3208, 46.7594], [-71.3208, 46.7594], [-71.3207, 46.7593], [-71.3206, 46.7592], [-71.3205, 46.7591], [-71.3204, 46.759], [-71.3204, 46.759], [-71.3203, 46.7589], [-71.3203, 46.7588], [-71.3203, 46.7587], [-71.3203, 46.7587], [-71.3204, 46.7586], [-71.3205, 46.7586], [-71.3205, 46.7586], [-71.3206, 46.7586], [-71.3207, 46.7586], [-71.3209, 46.7586], [-71.321, 46.7587], [-71.3212, 46.7587], [-71.3213, 46.7588], [-71.3215, 46.7589], [-71.3217, 46.7589], [-71.3218, 46.7589], [-71.322, 46.7589], [-71.3221, 46.7589], [-71.3223, 46.7589], [-71.3225, 46.7588], [-71.3226, 46.7587], [-71.3227, 46.7587], [-71.3229, 46.7586], [-71.323, 46.7586], [-71.3232, 46.7586], [-71.3233, 46.7586], [-71.3234, 46.7586], [-71.3235, 46.7587], [-71.3236, 46.7587], [-71.3237, 46.7588], [-71.3237, 46.7589], [-71.3237, 46.759], [-71.3236, 46.7592], [-71.3234, 46.7593], [-71.3232, 46.7595], [-71.323, 46.7597]]]}}, {"type": "Feature", "properties": {"couche": "voile", "station": "Bégon", "minutes": 11}, "geometry": {"type": "Polygon", "coordinates": [[[-71.483, 46.8756], [-71.1525, 46.8779], [-71.1498, 46.6514], [-71.4788, 46.649], [-71.483, 46.8756]], [[-71.3232, 46.7595], [-71.3234, 46.7593], [-71.3236, 46.7592], [-71.3237, 46.759], [-71.3237, 46.7589], [-71.3237, 46.7588], [-71.3236, 46.7587], [-71.3235, 46.7587], [-71.3234, 46.7586], [-71.3233, 46.7586], [-71.3232, 46.7586], [-71.323, 46.7586], [-71.3229, 46.7586], [-71.3227, 46.7587], [-71.3226, 46.7587], [-71.3225, 46.7588], [-71.3223, 46.7589], [-71.3221, 46.7589], [-71.322, 46.7589], [-71.3218, 46.7589], [-71.3217, 46.7589], [-71.3215, 46.7589], [-71.3213, 46.7588], [-71.3212, 46.7587], [-71.321, 46.7587], [-71.3209, 46.7586], [-71.3207, 46.7586], [-71.3206, 46.7586], [-71.3205, 46.7586], [-71.3204, 46.7586], [-71.3203, 46.7587], [-71.3203, 46.7588], [-71.3203, 46.7589], [-71.3204, 46.759], [-71.3205, 46.7591], [-71.3206, 46.7592], [-71.3207, 46.7593], [-71.3208, 46.7594], [-71.3207, 46.7594], [-71.3206, 46.7594], [-71.3204, 46.7593], [-71.3202, 46.7592], [-71.3199, 46.7591], [-71.3195, 46.7589], [-71.3192, 46.7588], [-71.3189, 46.7586], [-71.3186, 46.7585], [-71.3184, 46.7585], [-71.3182, 46.7584], [-71.3181, 46.7584], [-71.318, 46.7584], [-71.3179, 46.7585], [-71.3178, 46.7585], [-71.3178, 46.7586], [-71.3177, 46.7587], [-71.3178, 46.7588], [-71.3178, 46.7589], [-71.3179, 46.759], [-71.3179, 46.7591], [-71.3178, 46.7591], [-71.3177, 46.759], [-71.3176, 46.7589], [-71.3174, 46.7588], [-71.3172, 46.7587], [-71.317, 46.7586], [-71.3169, 46.7585], [-71.3167, 46.7584], [-71.3166, 46.7584], [-71.3165, 46.7583], [-71.3164, 46.7583], [-71.3163, 46.7583], [-71.3162, 46.7584], [-71.3161, 46.7584], [-71.316, 46.7585], [-71.316, 46.7586], [-71.316, 46.7587], [-71.3161, 46.7588], [-71.3161, 46.7589], [-71.316, 46.7589], [-71.3159, 46.7588], [-71.3158, 46.7588], [-71.3156, 46.7587], [-71.3155, 46.7586], [-71.3153, 46.7585], [-71.3152, 46.7584], [-71.3151, 46.7584], [-71.315, 46.7584], [-71.3149, 46.7584], [-71.3148, 46.7584], [-71.3147, 46.7584], [-71.3146, 46.7585], [-71.3145, 46.7585], [-71.3144, 46.7585], [-71.3143, 46.7585], [-71.3142, 46.7585], [-71.3141, 46.7585], [-71.314, 46.7585], [-71.3138, 46.7585], [-71.3137, 46.7584], [-71.3136, 46.7584], [-71.3135, 46.7584], [-71.3134, 46.7584], [-71.3133, 46.7584], [-71.3133, 46.7585], [-71.3133, 46.7586], [-71.3133, 46.7587], [-71.3133, 46.7588], [-71.3132, 46.7588], [-71.3131, 46.7588], [-71.313, 46.7588], [-71.3129, 46.7587], [-71.3128, 46.7587], [-71.3126, 46.7586], [-71.3125, 46.7585], [-71.3123, 46.7584], [-71.3122, 46.7584], [-71.3121, 46.7583], [-71.312, 46.7583], [-71.3119, 46.7583], [-71.3118, 46.7584], [-71.3117, 46.7584], [-71.3116, 46.7585], [-71.3115, 46.7585], [-71.3114, 46.7585], [-71.3113, 46.7585], [-71.3112, 46.7585], [-71.311, 46.7585], [-71.3109, 46.7584], [-71.3107, 46.7584], [-71.3106, 46.7584], [-71.3105, 46.7584], [-71.3104, 46.7584], [-71.3104, 46.7585], [-71.3104, 46.7586], [-71.3105, 46.7587], [-71.3106, 46.7588], [-71.3106, 46.7589], [-71.3107, 46.759], [-71.3107, 46.7591], [-71.3107, 46.7592], [-71.3106, 46.7593], [-71.3105, 46.7594], [-71.3104, 46.7594], [-71.3103, 46.7595], [-71.3103, 46.7596], [-71.3102, 46.7596], [-71.3102, 46.7597], [-71.3101, 46.7598], [-71.3101, 46.7599], [-71.3101, 46.7601], [-71.3101, 46.7602], [-71.3101, 46.7603], [-71.3101, 46.7604], [-71.3101, 46.7605], [-71.3102, 46.7605], [-71.3102, 46.7606], [-71.3103, 46.7606], [-71.3104, 46.7607], [-71.3105, 46.7608], [-71.3105, 46.7609], [-71.3104, 46.761], [-71.3104, 46.7611], [-71.3103, 46.7612], [-71.3102, 46.7613], [-71.3102, 46.7614], [-71.3101, 46.7615], [-71.3101, 46.7617], [-71.3102, 46.7618], [-71.3102, 46.7619], [-71.3103, 46.762], [-71.3105, 46.7622], [-71.3106, 46.7623], [-71.3107, 46.7624], [-71.3106, 46.7624], [-71.3105, 46.7624], [-71.3103, 46.7623], [-71.3101, 46.7621], [-71.3098, 46.762], [-71.3095, 46.7618], [-71.3092, 46.7617], [-71.309, 46.7616], [-71.3088, 46.7616], [-71.3086, 46.7615], [-71.3084, 46.7615], [-71.3083, 46.7616], [-71.3082, 46.7616], [-71.3082, 46.7617], [-71.3082, 46.7618], [-71.3082, 46.7619], [-71.3083, 46.762], [-71.3085, 46.7621], [-71.3087, 46.7623], [-71.3089, 46.7625], [-71.3092, 46.7627], [-71.3095, 46.7629], [-71.3096, 46.7631], [-71.3097, 46.7633], [-71.3097, 46.7635], [-71.3097, 46.7637], [-71.3095, 46.7638], [-71.3094, 46.764], [-71.3091, 46.7642], [-71.3089, 46.7643], [-71.3087, 46.7645], [-71.3086, 46.7646], [-71.3085, 46.7647], [-71.3085, 46.7649], [-71.3085, 46.765], [-71.3085, 46.7651], [-71.3087, 46.7652], [-71.3087, 46.7653], [-71.3088, 46.7654], [-71.3088, 46.7655], [-71.3088, 46.7656], [-71.3087, 46.7656], [-71.3087, 46.7657], [-71.3085, 46.7657], [-71.3085, 46.7658], [-71.3084, 46.7658], [-71.3084, 46.7659], [-71.3084, 46.766], [-71.3084, 46.7662], [-71.3085, 46.7663], [-71.3085, 46.7665], [-71.3086, 46.7667], [-71.3087, 46.7668], [-71.3088, 46.767], [-71.3088, 46.7671], [-71.3088, 46.7672], [-71.3088, 46.7673], [-71.3088, 46.7674], [-71.3087, 46.7674], [-71.3086, 46.7675], [-71.3085, 46.7676], [-71.3084, 46.7677], [-71.3084, 46.7678], [-71.3084, 46.7679], [-71.3084, 46.768], [-71.3084, 46.7681], [-71.3085, 46.7682], [-71.3086, 46.7683], [-71.3087, 46.7684], [-71.3089, 46.7685], [-71.3092, 46.7686], [-71.3094, 46.7686], [-71.3097, 46.7686], [-71.3101, 46.7687], [-71.3104, 46.7687], [-71.3107, 46.7687], [-71.3109, 46.7687], [-71.3111, 46.7686], [-71.3113, 46.7686], [-71.3114, 46.7686], [-71.3115, 46.7685], [-71.3116, 46.7685], [-71.3117, 46.7684], [-71.3118, 46.7684], [-71.3119, 46.7684], [-71.312, 46.7684], [-71.3121, 46.7685], [-71.3122, 46.7686], [-71.3124, 46.7686], [-71.3125, 46.7687], [-71.3126, 46.7687], [-71.3128, 46.7687], [-71.3129, 46.7687], [-71.3131, 46.7688], [-71.3133, 46.7688], [-71.3135, 46.7688], [-71.3137, 46.7687], [-71.3138, 46.7687], [-71.3139, 46.7686], [-71.314, 46.7685], [-71.3141, 46.7684], [-71.3142, 46.7683], [-71.3142, 46.7681], [-71.3142, 46.768], [-71.3142, 46.7678], [-71.3142, 46.7677], [-71.3142, 46.7675], [-71.3143, 46.7674], [-71.3144, 46.7673], [-71.3145, 46.7673], [-71.3146, 46.7673], [-71.3147, 46.7672], [-71.3148, 46.7672], [-71.3149, 46.7672], [-71.315, 46.7672], [-71.3151, 46.7672], [-71.3152, 46.7672], [-71.3153, 46.7673], [-71.3155, 46.7673], [-71.3157, 46.7674], [-71.3158, 46.7674], [-71.3161, 46.7676], [-71.3163, 46.7677], [-71.3166, 46.7679], [-71.3169, 46.768], [-71.3172, 46.7682], [-71.3175, 46.7684], [-71.3178, 46.7686], [-71.318, 46.7687], [-71.3182, 46.7688], [-71.3184, 46.7688], [-71.3185, 46.7689], [-71.3186, 46.7688], [-71.3187, 46.7688], [-71.3188, 46.7688], [-71.3188, 46.7687], [-71.3189, 46.7686], [-71.3189, 46.7685], [-71.3189, 46.7684], [-71.3189, 46.7683], [-71.3189, 46.7682], [-71.3188, 46.7681], [-71.3188, 46.768], [-71.3188, 46.7679], [-71.3189, 46.7679], [-71.3189, 46.768], [-71.319, 46.7681], [-71.3191, 46.7682], [-71.3192, 46.7683], [-71.3194, 46.7685], [-71.3195, 46.7686], [-71.3197, 46.7687], [-71.3199, 46.7687], [-71.3201, 46.7688], [-71.3204, 46.7688], [-71.3206, 46.7688], [-71.3209, 46.7688], [-71.3212, 46.7688], [-71.3214, 46.7687], [-71.3216, 46.7687], [-71.3218, 46.7686], [-71.322, 46.7685], [-71.3221, 46.7684], [-71.3222, 46.7683], [-71.3222, 46.7682], [-71.3223, 46.7681], [-71.3224, 46.768], [-71.3225, 46.768], [-71.3226, 46.7679], [-71.3227, 46.7679], [-71.3228, 46.7679], [-71.3229, 46.7679], [-71.323, 46.7679], [-71.3231, 46.7679], [-71.3232, 46.7679], [-71.3233, 46.7678], [-71.3234, 46.7678], [-71.3234, 46.7677], [-71.3235, 46.7676], [-71.3235, 46.7675], [-71.3235, 46.7673], [-71.3235, 46.7672], [-71.3235, 46.7671], [-71.3235, 46.767], [-71.3235, 46.7669], [-71.3234, 46.7668], [-71.3234, 46.7667], [-71.3233, 46.7667], [-71.3232, 46.7667], [-71.3232, 46.7666], [-71.3232, 46.7665], [-71.3231, 46.7665], [-71.3231, 46.7664], [-71.3232, 46.7662], [-71.3232, 46.7661], [-71.3233, 46.766], [-71.3234, 46.7658], [-71.3234, 46.7657], [-71.3235, 46.7656], [-71.3235, 46.7654], [-71.3235, 46.7653], [-71.3235, 46.7652], [-71.3234, 46.7651], [-71.3234, 46.765], [-71.3233, 46.765], [-71.3232, 46.7649], [-71.3232, 46.7648], [-71.3232, 46.7647], [-71.3232, 46.7646], [-71.3233, 46.7645], [-71.3233, 46.7644], [-71.3234, 46.7643], [-71.3235, 46.7643], [-71.3235, 46.7642], [-71.3235, 46.7641], [-71.3235, 46.764], [-71.3234, 46.7639], [-71.3233, 46.7639], [-71.3232, 46.7638], [-71.3232, 46.7637], [-71.3231, 46.7637], [-71.3232, 46.7636], [-71.3233, 46.7635], [-71.3234, 46.7634], [-71.3234, 46.7633], [-71.3234, 46.7632], [-71.3233, 46.7631], [-71.3233, 46.763], [-71.3232, 46.7629], [-71.323, 46.7628], [-71.3229, 46.7627], [-71.3228, 46.7626], [-71.3229, 46.7626], [-71.323, 46.7626], [-71.3231, 46.7627], [-71.3232, 46.7627], [-71.3233, 46.7627], [-71.3234, 46.7627], [-71.3235, 46.7627], [-71.3236, 46.7627], [-71.3237, 46.7627], [-71.3237, 46.7626], [-71.3238, 46.7625], [-71.3237, 46.7624], [-71.3237, 46.7623], [-71.3235, 46.7622], [-71.3234, 46.762], [-71.3232, 46.7618], [-71.3229, 46.7617], [-71.3227, 46.7614], [-71.3224, 46.7612], [-71.3223, 46.761], [-71.3222, 46.7608], [-71.3222, 46.7606], [-71.3223, 46.7603], [-71.3225, 46.7601], [-71.3227, 46.7599], [-71.323, 46.7597], [-71.3232, 46.7595]]]}}, {"type": "Feature", "properties": {"couche": "aire_marche", "station": "Bégon", "ordre": 5, "minutes": 12, "superficie_ha": 130.7, "rue_km": 42.17, "disque_ha": 221.7, "part_disque_pct": 59, "accroche_m": 5, "population": 5892, "navetteurs": 1950, "mode_auto_pct": 66, "mode_tc_pct": 20, "mode_actif_pct": 13, "mode_autre_pct": 1}, "geometry": {"type": "Polygon", "coordinates": [[[-71.3234, 46.7594], [-71.323, 46.7597], [-71.3227, 46.76], [-71.3225, 46.7603], [-71.3224, 46.7605], [-71.3224, 46.7608], [-71.3225, 46.7611], [-71.3227, 46.7614], [-71.3229, 46.7616], [-71.3233, 46.7619], [-71.3236, 46.7622], [-71.3239, 46.7624], [-71.3241, 46.7626], [-71.3242, 46.7627], [-71.3243, 46.7629], [-71.3243, 46.763], [-71.3243, 46.763], [-71.3242, 46.7631], [-71.3241, 46.7631], [-71.324, 46.7631], [-71.3239, 46.7631], [-71.3238, 46.7631], [-71.3236, 46.7631], [-71.3235, 46.763], [-71.3233, 46.7629], [-71.3232, 46.7628], [-71.323, 46.7627], [-71.323, 46.7627], [-71.3229, 46.7627], [-71.323, 46.7627], [-71.3231, 46.7628], [-71.3232, 46.7629], [-71.3234, 46.7631], [-71.3236, 46.7632], [-71.3238, 46.7634], [-71.3239, 46.7635], [-71.324, 46.7637], [-71.3241, 46.7638], [-71.3241, 46.7639], [-71.3241, 46.7639], [-71.3241, 46.764], [-71.324, 46.7641], [-71.324, 46.7641], [-71.3239, 46.7642], [-71.3239, 46.7642], [-71.3239, 46.7643], [-71.3239, 46.7644], [-71.3239, 46.7645], [-71.324, 46.7645], [-71.3241, 46.7646], [-71.3241, 46.7647], [-71.3242, 46.7648], [-71.3242, 46.7648], [-71.3242, 46.7649], [-71.3241, 46.765], [-71.3241, 46.765], [-71.324, 46.765], [-71.3239, 46.7651], [-71.3239, 46.7651], [-71.3238, 46.7651], [-71.3238, 46.7652], [-71.3238, 46.7652], [-71.3238, 46.7653], [-71.3239, 46.7654], [-71.3239, 46.7654], [-71.324, 46.7655], [-71.3241, 46.7656], [-71.3241, 46.7657], [-71.3242, 46.7659], [-71.3242, 46.7661], [-71.3242, 46.7664], [-71.3242, 46.7666], [-71.3241, 46.7669], [-71.3241, 46.7673], [-71.324, 46.7676], [-71.3238, 46.7679], [-71.3235, 46.7681], [-71.3232, 46.7684], [-71.3228, 46.7686], [-71.3223, 46.7688], [-71.3217, 46.7689], [-71.3211, 46.769], [-71.3206, 46.7691], [-71.32, 46.7691], [-71.3195, 46.7691], [-71.319, 46.7691], [-71.3186, 46.769], [-71.3182, 46.7689], [-71.3179, 46.7687], [-71.3175, 46.7685], [-71.3172, 46.7683], [-71.317, 46.7681], [-71.3167, 46.768], [-71.3165, 46.7679], [-71.3163, 46.7678], [-71.3162, 46.7678], [-71.316, 46.7677], [-71.3159, 46.7677], [-71.3158, 46.7678], [-71.3157, 46.7678], [-71.3156, 46.7679], [-71.3155, 46.768], [-71.3154, 46.7681], [-71.3153, 46.7682], [-71.3151, 46.7684], [-71.315, 46.7686], [-71.3149, 46.7688], [-71.3148, 46.7689], [-71.3146, 46.769], [-71.3145, 46.769], [-71.3144, 46.7691], [-71.3142, 46.7691], [-71.314, 46.769], [-71.3138, 46.769], [-71.3136, 46.7689], [-71.3134, 46.7689], [-71.3131, 46.7689], [-71.3128, 46.7688], [-71.3124, 46.7689], [-71.3121, 46.7689], [-71.3117, 46.7689], [-71.3112, 46.769], [-71.3108, 46.769], [-71.3105, 46.769], [-71.3102, 46.769], [-71.31, 46.769], [-71.3098, 46.769], [-71.3097, 46.7689], [-71.3096, 46.7688], [-71.3096, 46.7687], [-71.3096, 46.7686], [-71.3095, 46.7686], [-71.3095, 46.7686], [-71.3093, 46.7685], [-71.3092, 46.7686], [-71.309, 46.7686], [-71.3088, 46.7686], [-71.3086, 46.7687], [-71.3084, 46.7687], [-71.3083, 46.7687], [-71.3081, 46.7687], [-71.308, 46.7686], [-71.308, 46.7684], [-71.308, 46.7682], [-71.308, 46.768], [-71.308, 46.7677], [-71.308, 46.7674], [-71.3081, 46.7671], [-71.308, 46.7669], [-71.308, 46.7667], [-71.308, 46.7664], [-71.308, 46.7663], [-71.3079, 46.7661], [-71.3078, 46.7659], [-71.3078, 46.7657], [-71.3078, 46.7656], [-71.3079, 46.7654], [-71.3079, 46.7652], [-71.3081, 46.765], [-71.3083, 46.7648], [-71.3085, 46.7646], [-71.3087, 46.7644], [-71.309, 46.7642], [-71.3092, 46.764], [-71.3093, 46.7639], [-71.3094, 46.7637], [-71.3095, 46.7636], [-71.3096, 46.7635], [-71.3096, 46.7634], [-71.3096, 46.7633], [-71.3096, 46.7632], [-71.3095, 46.7631], [-71.3094, 46.7629], [-71.3093, 46.7628], [-71.3091, 46.7626], [-71.3089, 46.7624], [-71.3086, 46.7622], [-71.3083, 46.762], [-71.3081, 46.7618], [-71.3079, 46.7617], [-71.3077, 46.7615], [-71.3076, 46.7614], [-71.3076, 46.7613], [-71.3076, 46.7612], [-71.3076, 46.7611], [-71.3077, 46.7611], [-71.3079, 46.7611], [-71.308, 46.7611], [-71.3082, 46.7612], [-71.3085, 46.7613], [-71.3088, 46.7614], [-71.3091, 46.7615], [-71.3094, 46.7617], [-71.3098, 46.7619], [-71.3101, 46.7621], [-71.3104, 46.7622], [-71.3105, 46.7623], [-71.3106, 46.7623], [-71.3106, 46.7622], [-71.3105, 46.7621], [-71.3104, 46.7619], [-71.3101, 46.7617], [-71.31, 46.7615], [-71.3098, 46.7613], [-71.3097, 46.7611], [-71.3097, 46.7609], [-71.3096, 46.7608], [-71.3097, 46.7607], [-71.3097, 46.7606], [-71.3098, 46.7605], [-71.3099, 46.7604], [-71.31, 46.7603], [-71.31, 46.7602], [-71.31, 46.7602], [-71.31, 46.7601], [-71.31, 46.7601], [-71.3099, 46.76], [-71.3098, 46.76], [-71.3098, 46.76], [-71.3097, 46.7599], [-71.3096, 46.7599], [-71.3096, 46.7598], [-71.3095, 46.7597], [-71.3095, 46.7596], [-71.3095, 46.7595], [-71.3095, 46.7593], [-71.3095, 46.7592], [-71.3095, 46.7591], [-71.3096, 46.7589], [-71.3097, 46.7588], [-71.3098, 46.7587], [-71.3099, 46.7585], [-71.3101, 46.7584], [-71.3102, 46.7583], [-71.3104, 46.7582], [-71.3107, 46.7581], [-71.3109, 46.7581], [-71.3111, 46.7581], [-71.3114, 46.7582], [-71.3117, 46.7582], [-71.3119, 46.7583], [-71.3123, 46.7585], [-71.3125, 46.7586], [-71.3127, 46.7587], [-71.3129, 46.7587], [-71.313, 46.7587], [-71.313, 46.7587], [-71.313, 46.7586], [-71.3129, 46.7585], [-71.3128, 46.7584], [-71.3128, 46.7583], [-71.3127, 46.7582], [-71.3127, 46.7581], [-71.3127, 46.758], [-71.3128, 46.758], [-71.3129, 46.758], [-71.313, 46.758], [-71.3131, 46.758], [-71.3133, 46.7581], [-71.3134, 46.7581], [-71.3136, 46.7581], [-71.3137, 46.7581], [-71.3139, 46.7581], [-71.314, 46.758], [-71.3141, 46.758], [-71.3143, 46.758], [-71.3144, 46.7579], [-71.3145, 46.7579], [-71.3146, 46.7579], [-71.3147, 46.7579], [-71.3148, 46.7579], [-71.3148, 46.7579], [-71.3149, 46.758], [-71.3149, 46.758], [-71.315, 46.7581], [-71.315, 46.7582], [-71.3151, 46.7582], [-71.3152, 46.7583], [-71.3153, 46.7584], [-71.3154, 46.7585], [-71.3156, 46.7586], [-71.3157, 46.7587], [-71.3158, 46.7588], [-71.3159, 46.7588], [-71.3159, 46.7588], [-71.316, 46.7588], [-71.3159, 46.7587], [-71.3159, 46.7587], [-71.3158, 46.7585], [-71.3157, 46.7584], [-71.3157, 46.7583], [-71.3156, 46.7582], [-71.3157, 46.7581], [-71.3158, 46.758], [-71.3159, 46.7579], [-71.3161, 46.7579], [-71.3163, 46.7579], [-71.3166, 46.7579], [-71.3169, 46.7579], [-71.3172, 46.7579], [-71.3175, 46.758], [-71.3178, 46.7581], [-71.3181, 46.7582], [-71.3184, 46.7584], [-71.3187, 46.7586], [-71.319, 46.7588], [-71.3192, 46.7589], [-71.3195, 46.7591], [-71.3197, 46.7592], [-71.3199, 46.7593], [-71.3201, 46.7594], [-71.3203, 46.7595], [-71.3205, 46.7595], [-71.3206, 46.7596], [-71.3207, 46.7596], [-71.3208, 46.7596], [-71.3208, 46.7595], [-71.3208, 46.7595], [-71.3207, 46.7594], [-71.3206, 46.7593], [-71.3205, 46.7592], [-71.3204, 46.7591], [-71.3202, 46.7589], [-71.3201, 46.7588], [-71.32, 46.7587], [-71.3199, 46.7586], [-71.3199, 46.7585], [-71.3199, 46.7585], [-71.3199, 46.7584], [-71.3199, 46.7583], [-71.3199, 46.7583], [-71.32, 46.7583], [-71.3201, 46.7583], [-71.3203, 46.7583], [-71.3204, 46.7584], [-71.3206, 46.7585], [-71.3208, 46.7586], [-71.3211, 46.7587], [-71.3213, 46.7588], [-71.3216, 46.7588], [-71.3218, 46.7589], [-71.322, 46.7588], [-71.3222, 46.7588], [-71.3225, 46.7587], [-71.3227, 46.7586], [-71.3229, 46.7585], [-71.3231, 46.7584], [-71.3233, 46.7583], [-71.3235, 46.7582], [-71.3237, 46.7582], [-71.3238, 46.7582], [-71.324, 46.7582], [-71.3241, 46.7582], [-71.3243, 46.7583], [-71.3243, 46.7584], [-71.3243, 46.7585], [-71.3243, 46.7586], [-71.3241, 46.7588], [-71.3239, 46.759], [-71.3237, 46.7592], [-71.3234, 46.7594]]]}}, {"type": "Feature", "properties": {"couche": "voile", "station": "Bégon", "minutes": 12}, "geometry": {"type": "Polygon", "coordinates": [[[-71.4835, 46.8758], [-71.1519, 46.8781], [-71.1492, 46.651], [-71.4794, 46.6486], [-71.4835, 46.8758]], [[-71.3232, 46.7628], [-71.3233, 46.7629], [-71.3235, 46.763], [-71.3236, 46.7631], [-71.3238, 46.7631], [-71.3239, 46.7631], [-71.324, 46.7631], [-71.3241, 46.7631], [-71.3242, 46.7631], [-71.3243, 46.763], [-71.3243, 46.7629], [-71.3242, 46.7627], [-71.3241, 46.7626], [-71.3239, 46.7624], [-71.3236, 46.7622], [-71.3233, 46.7619], [-71.3229, 46.7616], [-71.3227, 46.7614], [-71.3225, 46.7611], [-71.3224, 46.7608], [-71.3224, 46.7605], [-71.3225, 46.7603], [-71.3227, 46.76], [-71.323, 46.7597], [-71.3234, 46.7594], [-71.3237, 46.7592], [-71.3239, 46.759], [-71.3241, 46.7588], [-71.3243, 46.7586], [-71.3243, 46.7585], [-71.3243, 46.7584], [-71.3243, 46.7583], [-71.3241, 46.7582], [-71.324, 46.7582], [-71.3238, 46.7582], [-71.3237, 46.7582], [-71.3235, 46.7582], [-71.3233, 46.7583], [-71.3231, 46.7584], [-71.3229, 46.7585], [-71.3227, 46.7586], [-71.3225, 46.7587], [-71.3222, 46.7588], [-71.322, 46.7588], [-71.3218, 46.7589], [-71.3216, 46.7588], [-71.3213, 46.7588], [-71.3211, 46.7587], [-71.3208, 46.7586], [-71.3206, 46.7585], [-71.3204, 46.7584], [-71.3203, 46.7583], [-71.3201, 46.7583], [-71.32, 46.7583], [-71.3199, 46.7583], [-71.3199, 46.7584], [-71.3199, 46.7585], [-71.3199, 46.7586], [-71.32, 46.7587], [-71.3201, 46.7588], [-71.3202, 46.7589], [-71.3204, 46.7591], [-71.3205, 46.7592], [-71.3206, 46.7593], [-71.3207, 46.7594], [-71.3208, 46.7595], [-71.3208, 46.7596], [-71.3207, 46.7596], [-71.3206, 46.7596], [-71.3205, 46.7595], [-71.3203, 46.7595], [-71.3201, 46.7594], [-71.3199, 46.7593], [-71.3197, 46.7592], [-71.3195, 46.7591], [-71.3192, 46.7589], [-71.319, 46.7588], [-71.3187, 46.7586], [-71.3184, 46.7584], [-71.3181, 46.7582], [-71.3178, 46.7581], [-71.3175, 46.758], [-71.3172, 46.7579], [-71.3169, 46.7579], [-71.3166, 46.7579], [-71.3163, 46.7579], [-71.3161, 46.7579], [-71.3159, 46.7579], [-71.3158, 46.758], [-71.3157, 46.7581], [-71.3156, 46.7582], [-71.3157, 46.7583], [-71.3157, 46.7584], [-71.3158, 46.7585], [-71.3159, 46.7587], [-71.316, 46.7588], [-71.3159, 46.7588], [-71.3158, 46.7588], [-71.3157, 46.7587], [-71.3156, 46.7586], [-71.3154, 46.7585], [-71.3153, 46.7584], [-71.3152, 46.7583], [-71.3151, 46.7582], [-71.315, 46.7582], [-71.315, 46.7581], [-71.3149, 46.758], [-71.3148, 46.7579], [-71.3147, 46.7579], [-71.3146, 46.7579], [-71.3145, 46.7579], [-71.3144, 46.7579], [-71.3143, 46.758], [-71.3141, 46.758], [-71.314, 46.758], [-71.3139, 46.7581], [-71.3137, 46.7581], [-71.3136, 46.7581], [-71.3134, 46.7581], [-71.3133, 46.7581], [-71.3131, 46.758], [-71.313, 46.758], [-71.3129, 46.758], [-71.3128, 46.758], [-71.3127, 46.758], [-71.3127, 46.7581], [-71.3127, 46.7582], [-71.3128, 46.7583], [-71.3128, 46.7584], [-71.3129, 46.7585], [-71.313, 46.7586], [-71.313, 46.7587], [-71.3129, 46.7587], [-71.3127, 46.7587], [-71.3125, 46.7586], [-71.3123, 46.7585], [-71.3119, 46.7583], [-71.3117, 46.7582], [-71.3114, 46.7582], [-71.3111, 46.7581], [-71.3109, 46.7581], [-71.3107, 46.7581], [-71.3104, 46.7582], [-71.3102, 46.7583], [-71.3101, 46.7584], [-71.3099, 46.7585], [-71.3098, 46.7587], [-71.3097, 46.7588], [-71.3096, 46.7589], [-71.3095, 46.7591], [-71.3095, 46.7592], [-71.3095, 46.7593], [-71.3095, 46.7595], [-71.3095, 46.7596], [-71.3095, 46.7597], [-71.3096, 46.7598], [-71.3096, 46.7599], [-71.3097, 46.7599], [-71.3098, 46.76], [-71.3099, 46.76], [-71.31, 46.7601], [-71.31, 46.7602], [-71.31, 46.7603], [-71.3099, 46.7604], [-71.3098, 46.7605], [-71.3097, 46.7606], [-71.3097, 46.7607], [-71.3096, 46.7608], [-71.3097, 46.7609], [-71.3097, 46.7611], [-71.3098, 46.7613], [-71.31, 46.7615], [-71.3101, 46.7617], [-71.3104, 46.7619], [-71.3105, 46.7621], [-71.3106, 46.7622], [-71.3106, 46.7623], [-71.3105, 46.7623], [-71.3104, 46.7622], [-71.3101, 46.7621], [-71.3098, 46.7619], [-71.3094, 46.7617], [-71.3091, 46.7615], [-71.3088, 46.7614], [-71.3085, 46.7613], [-71.3082, 46.7612], [-71.308, 46.7611], [-71.3079, 46.7611], [-71.3077, 46.7611], [-71.3076, 46.7611], [-71.3076, 46.7612], [-71.3076, 46.7613], [-71.3076, 46.7614], [-71.3077, 46.7615], [-71.3079, 46.7617], [-71.3081, 46.7618], [-71.3083, 46.762], [-71.3086, 46.7622], [-71.3089, 46.7624], [-71.3091, 46.7626], [-71.3093, 46.7628], [-71.3094, 46.7629], [-71.3095, 46.7631], [-71.3096, 46.7632], [-71.3096, 46.7633], [-71.3096, 46.7634], [-71.3096, 46.7635], [-71.3095, 46.7636], [-71.3094, 46.7637], [-71.3093, 46.7639], [-71.3092, 46.764], [-71.309, 46.7642], [-71.3087, 46.7644], [-71.3085, 46.7646], [-71.3083, 46.7648], [-71.3081, 46.765], [-71.3079, 46.7652], [-71.3079, 46.7654], [-71.3078, 46.7656], [-71.3078, 46.7657], [-71.3078, 46.7659], [-71.3079, 46.7661], [-71.308, 46.7663], [-71.308, 46.7664], [-71.308, 46.7667], [-71.308, 46.7669], [-71.3081, 46.7671], [-71.308, 46.7674], [-71.308, 46.7677], [-71.308, 46.768], [-71.308, 46.7682], [-71.308, 46.7684], [-71.308, 46.7686], [-71.3081, 46.7687], [-71.3083, 46.7687], [-71.3084, 46.7687], [-71.3086, 46.7687], [-71.3088, 46.7686], [-71.309, 46.7686], [-71.3092, 46.7686], [-71.3093, 46.7685], [-71.3095, 46.7686], [-71.3096, 46.7686], [-71.3096, 46.7687], [-71.3096, 46.7688], [-71.3097, 46.7689], [-71.3098, 46.769], [-71.31, 46.769], [-71.3102, 46.769], [-71.3105, 46.769], [-71.3108, 46.769], [-71.3112, 46.769], [-71.3117, 46.7689], [-71.3121, 46.7689], [-71.3124, 46.7689], [-71.3128, 46.7688], [-71.3131, 46.7689], [-71.3134, 46.7689], [-71.3136, 46.7689], [-71.3138, 46.769], [-71.314, 46.769], [-71.3142, 46.7691], [-71.3144, 46.7691], [-71.3145, 46.769], [-71.3146, 46.769], [-71.3148, 46.7689], [-71.3149, 46.7688], [-71.315, 46.7686], [-71.3151, 46.7684], [-71.3153, 46.7682], [-71.3154, 46.7681], [-71.3155, 46.768], [-71.3156, 46.7679], [-71.3157, 46.7678], [-71.3158, 46.7678], [-71.3159, 46.7677], [-71.316, 46.7677], [-71.3162, 46.7678], [-71.3163, 46.7678], [-71.3165, 46.7679], [-71.3167, 46.768], [-71.317, 46.7681], [-71.3172, 46.7683], [-71.3175, 46.7685], [-71.3179, 46.7687], [-71.3182, 46.7689], [-71.3186, 46.769], [-71.319, 46.7691], [-71.3195, 46.7691], [-71.32, 46.7691], [-71.3206, 46.7691], [-71.3211, 46.769], [-71.3217, 46.7689], [-71.3223, 46.7688], [-71.3228, 46.7686], [-71.3232, 46.7684], [-71.3235, 46.7681], [-71.3238, 46.7679], [-71.324, 46.7676], [-71.3241, 46.7673], [-71.3241, 46.7669], [-71.3242, 46.7666], [-71.3242, 46.7664], [-71.3242, 46.7661], [-71.3242, 46.7659], [-71.3241, 46.7657], [-71.3241, 46.7656], [-71.324, 46.7655], [-71.3239, 46.7654], [-71.3238, 46.7653], [-71.3238, 46.7652], [-71.3238, 46.7651], [-71.3239, 46.7651], [-71.324, 46.765], [-71.3241, 46.765], [-71.3242, 46.7649], [-71.3242, 46.7648], [-71.3241, 46.7647], [-71.3241, 46.7646], [-71.324, 46.7645], [-71.3239, 46.7645], [-71.3239, 46.7644], [-71.3239, 46.7643], [-71.3239, 46.7642], [-71.324, 46.7641], [-71.3241, 46.764], [-71.3241, 46.7639], [-71.3241, 46.7638], [-71.324, 46.7637], [-71.3239, 46.7635], [-71.3238, 46.7634], [-71.3236, 46.7632], [-71.3234, 46.7631], [-71.3232, 46.7629], [-71.3231, 46.7628], [-71.323, 46.7627], [-71.3232, 46.7628]]]}}, {"type": "Feature", "properties": {"couche": "aire_marche", "station": "Bégon", "ordre": 5, "minutes": 13, "superficie_ha": 151.5, "rue_km": 47.19, "disque_ha": 260.2, "part_disque_pct": 58, "accroche_m": 5, "population": 6731, "navetteurs": 2238, "mode_auto_pct": 66, "mode_tc_pct": 20, "mode_actif_pct": 13, "mode_autre_pct": 1}, "geometry": {"type": "Polygon", "coordinates": [[[-71.3251, 46.7584], [-71.3251, 46.7586], [-71.3251, 46.7588], [-71.3251, 46.7589], [-71.325, 46.7591], [-71.325, 46.7591], [-71.3249, 46.7592], [-71.3248, 46.7592], [-71.3247, 46.7592], [-71.3246, 46.7592], [-71.3244, 46.7592], [-71.3242, 46.7592], [-71.324, 46.7593], [-71.3238, 46.7593], [-71.3236, 46.7595], [-71.3233, 46.7596], [-71.323, 46.7598], [-71.3227, 46.76], [-71.3225, 46.7602], [-71.3224, 46.7604], [-71.3224, 46.7607], [-71.3224, 46.7609], [-71.3226, 46.7612], [-71.3229, 46.7615], [-71.3232, 46.7618], [-71.3236, 46.7621], [-71.324, 46.7624], [-71.3243, 46.7627], [-71.3246, 46.7629], [-71.3248, 46.7631], [-71.3249, 46.7633], [-71.3249, 46.7634], [-71.3249, 46.7635], [-71.3248, 46.7635], [-71.3247, 46.7636], [-71.3246, 46.7636], [-71.3244, 46.7635], [-71.3243, 46.7635], [-71.3241, 46.7634], [-71.3239, 46.7633], [-71.3237, 46.7632], [-71.3234, 46.763], [-71.3232, 46.7629], [-71.3231, 46.7628], [-71.3231, 46.7628], [-71.3231, 46.7629], [-71.3232, 46.7629], [-71.3234, 46.7631], [-71.3236, 46.7633], [-71.3239, 46.7635], [-71.3242, 46.7637], [-71.3244, 46.7639], [-71.3246, 46.764], [-71.3247, 46.7642], [-71.3247, 46.7643], [-71.3248, 46.7644], [-71.3247, 46.7645], [-71.3246, 46.7645], [-71.3246, 46.7646], [-71.3246, 46.7646], [-71.3245, 46.7647], [-71.3245, 46.7648], [-71.3245, 46.7648], [-71.3246, 46.7649], [-71.3246, 46.765], [-71.3247, 46.765], [-71.3248, 46.7651], [-71.3248, 46.7652], [-71.3248, 46.7653], [-71.3248, 46.7654], [-71.3248, 46.7655], [-71.3247, 46.7657], [-71.3247, 46.7658], [-71.3246, 46.766], [-71.3245, 46.7661], [-71.3245, 46.7663], [-71.3245, 46.7664], [-71.3245, 46.7666], [-71.3245, 46.7668], [-71.3246, 46.7669], [-71.3247, 46.7671], [-71.3248, 46.7672], [-71.3248, 46.7674], [-71.3249, 46.7675], [-71.3249, 46.7676], [-71.3249, 46.7677], [-71.3249, 46.7678], [-71.3248, 46.7679], [-71.3247, 46.768], [-71.3246, 46.768], [-71.3245, 46.7681], [-71.3244, 46.7682], [-71.3244, 46.7682], [-71.3243, 46.7683], [-71.3243, 46.7684], [-71.3243, 46.7685], [-71.3243, 46.7686], [-71.3243, 46.7687], [-71.3243, 46.7688], [-71.3242, 46.7689], [-71.3239, 46.769], [-71.3237, 46.7691], [-71.3233, 46.7692], [-71.3228, 46.7693], [-71.3223, 46.7694], [-71.3217, 46.7695], [-71.3211, 46.7696], [-71.3206, 46.7696], [-71.3201, 46.7696], [-71.3196, 46.7695], [-71.3192, 46.7694], [-71.3188, 46.7693], [-71.3185, 46.7691], [-71.3181, 46.7689], [-71.3178, 46.7688], [-71.3175, 46.7687], [-71.3173, 46.7686], [-71.317, 46.7686], [-71.3167, 46.7686], [-71.3165, 46.7687], [-71.3162, 46.7689], [-71.316, 46.7691], [-71.3157, 46.7692], [-71.3154, 46.7694], [-71.3151, 46.7695], [-71.3148, 46.7696], [-71.3144, 46.7696], [-71.314, 46.7697], [-71.3136, 46.7697], [-71.3132, 46.7697], [-71.3128, 46.7696], [-71.3124, 46.7696], [-71.3121, 46.7696], [-71.3119, 46.7696], [-71.3117, 46.7695], [-71.3115, 46.7695], [-71.3114, 46.7694], [-71.3114, 46.7694], [-71.3113, 46.7694], [-71.3113, 46.7693], [-71.3112, 46.7693], [-71.3111, 46.7693], [-71.3111, 46.7693], [-71.311, 46.7694], [-71.3109, 46.7694], [-71.3108, 46.7695], [-71.3107, 46.7695], [-71.3106, 46.7695], [-71.3105, 46.7696], [-71.3104, 46.7696], [-71.3103, 46.7695], [-71.3102, 46.7695], [-71.3102, 46.7695], [-71.3101, 46.7694], [-71.31, 46.7694], [-71.3099, 46.7694], [-71.3097, 46.7693], [-71.3095, 46.7693], [-71.3092, 46.7693], [-71.309, 46.7693], [-71.3087, 46.7693], [-71.3083, 46.7693], [-71.308, 46.7693], [-71.3078, 46.7693], [-71.3076, 46.7693], [-71.3075, 46.7692], [-71.3074, 46.7691], [-71.3074, 46.769], [-71.3074, 46.7689], [-71.3075, 46.7688], [-71.3075, 46.7686], [-71.3075, 46.7685], [-71.3076, 46.7683], [-71.3075, 46.7682], [-71.3075, 46.768], [-71.3075, 46.7679], [-71.3074, 46.7677], [-71.3073, 46.7676], [-71.3072, 46.7674], [-71.3072, 46.7673], [-71.3072, 46.7672], [-71.3072, 46.7671], [-71.3073, 46.767], [-71.3074, 46.7669], [-71.3075, 46.7668], [-71.3076, 46.7668], [-71.3077, 46.7668], [-71.3078, 46.7667], [-71.3079, 46.7666], [-71.3079, 46.7665], [-71.3078, 46.7665], [-71.3078, 46.7664], [-71.3076, 46.7663], [-71.3075, 46.7662], [-71.3074, 46.7661], [-71.3073, 46.766], [-71.3072, 46.7658], [-71.3071, 46.7657], [-71.307, 46.7656], [-71.307, 46.7655], [-71.307, 46.7654], [-71.307, 46.7653], [-71.307, 46.7651], [-71.307, 46.7651], [-71.3071, 46.765], [-71.3072, 46.7649], [-71.3073, 46.7649], [-71.3074, 46.7649], [-71.3075, 46.7649], [-71.3077, 46.7649], [-71.3078, 46.7649], [-71.308, 46.7649], [-71.3081, 46.7648], [-71.3083, 46.7647], [-71.3085, 46.7647], [-71.3087, 46.7645], [-71.3088, 46.7644], [-71.309, 46.7642], [-71.3092, 46.7641], [-71.3093, 46.764], [-71.3093, 46.7638], [-71.3094, 46.7638], [-71.3094, 46.7637], [-71.3093, 46.7636], [-71.3093, 46.7636], [-71.3092, 46.7636], [-71.3091, 46.7636], [-71.309, 46.7635], [-71.309, 46.7635], [-71.309, 46.7634], [-71.309, 46.7634], [-71.309, 46.7633], [-71.309, 46.7632], [-71.3091, 46.7631], [-71.3091, 46.763], [-71.3091, 46.7629], [-71.309, 46.7627], [-71.3089, 46.7625], [-71.3087, 46.7624], [-71.3084, 46.7621], [-71.3081, 46.7619], [-71.3078, 46.7617], [-71.3075, 46.7615], [-71.3073, 46.7613], [-71.3071, 46.7611], [-71.307, 46.7609], [-71.3069, 46.7608], [-71.3069, 46.7607], [-71.307, 46.7607], [-71.3071, 46.7606], [-71.3072, 46.7606], [-71.3073, 46.7606], [-71.3074, 46.7606], [-71.3075, 46.7607], [-71.3077, 46.7607], [-71.3078, 46.7608], [-71.308, 46.7609], [-71.3081, 46.761], [-71.3083, 46.7611], [-71.3084, 46.7611], [-71.3086, 46.7612], [-71.3087, 46.7612], [-71.3088, 46.7612], [-71.309, 46.7611], [-71.3091, 46.761], [-71.3092, 46.7609], [-71.3093, 46.7608], [-71.3093, 46.7607], [-71.3094, 46.7607], [-71.3094, 46.7606], [-71.3094, 46.7606], [-71.3093, 46.7605], [-71.3093, 46.7605], [-71.3092, 46.7604], [-71.3091, 46.7604], [-71.3091, 46.7604], [-71.309, 46.7603], [-71.309, 46.7603], [-71.309, 46.7602], [-71.3091, 46.7602], [-71.3091, 46.7601], [-71.3092, 46.76], [-71.3092, 46.7599], [-71.3092, 46.7599], [-71.3092, 46.7598], [-71.3092, 46.7597], [-71.3092, 46.7596], [-71.3092, 46.7596], [-71.3091, 46.7595], [-71.309, 46.7595], [-71.309, 46.7594], [-71.309, 46.7593], [-71.3091, 46.7592], [-71.3092, 46.759], [-71.3093, 46.7588], [-71.3095, 46.7587], [-71.3097, 46.7584], [-71.31, 46.7582], [-71.3103, 46.758], [-71.3106, 46.7578], [-71.3109, 46.7577], [-71.3111, 46.7576], [-71.3114, 46.7575], [-71.3117, 46.7575], [-71.3119, 46.7575], [-71.3122, 46.7576], [-71.3124, 46.7576], [-71.3126, 46.7576], [-71.3128, 46.7576], [-71.3129, 46.7576], [-71.3131, 46.7576], [-71.3132, 46.7576], [-71.3133, 46.7575], [-71.3134, 46.7575], [-71.3134, 46.7575], [-71.3135, 46.7574], [-71.3136, 46.7574], [-71.3137, 46.7574], [-71.3138, 46.7574], [-71.3139, 46.7575], [-71.314, 46.7575], [-71.3141, 46.7576], [-71.3142, 46.7576], [-71.3143, 46.7576], [-71.3143, 46.7576], [-71.3144, 46.7576], [-71.3145, 46.7576], [-71.3146, 46.7576], [-71.3148, 46.7576], [-71.3149, 46.7575], [-71.315, 46.7575], [-71.3151, 46.7575], [-71.3152, 46.7575], [-71.3153, 46.7575], [-71.3155, 46.7575], [-71.3156, 46.7576], [-71.3157, 46.7577], [-71.3159, 46.7578], [-71.316, 46.7578], [-71.3162, 46.7579], [-71.3163, 46.7579], [-71.3164, 46.7579], [-71.3165, 46.7579], [-71.3166, 46.7578], [-71.3167, 46.7578], [-71.3167, 46.7577], [-71.3168, 46.7576], [-71.317, 46.7576], [-71.3172, 46.7577], [-71.3174, 46.7578], [-71.3176, 46.7579], [-71.3179, 46.7581], [-71.3183, 46.7583], [-71.3187, 46.7585], [-71.319, 46.7588], [-71.3193, 46.759], [-71.3196, 46.7592], [-71.3199, 46.7593], [-71.3201, 46.7594], [-71.3203, 46.7595], [-71.3205, 46.7595], [-71.3206, 46.7596], [-71.3207, 46.7596], [-71.3208, 46.7596], [-71.3208, 46.7595], [-71.3208, 46.7595], [-71.3207, 46.7594], [-71.3206, 46.7593], [-71.3205, 46.7592], [-71.3204, 46.7591], [-71.3202, 46.7589], [-71.3201, 46.7588], [-71.32, 46.7587], [-71.3199, 46.7586], [-71.3199, 46.7585], [-71.3199, 46.7585], [-71.3199, 46.7584], [-71.3199, 46.7583], [-71.3199, 46.7583], [-71.32, 46.7583], [-71.3201, 46.7583], [-71.3203, 46.7583], [-71.3204, 46.7584], [-71.3206, 46.7585], [-71.3208, 46.7586], [-71.3211, 46.7587], [-71.3213, 46.7588], [-71.3216, 46.7588], [-71.3219, 46.7588], [-71.3222, 46.7588], [-71.3226, 46.7587], [-71.3229, 46.7586], [-71.3233, 46.7585], [-71.3236, 46.7583], [-71.324, 46.7581], [-71.3243, 46.758], [-71.3245, 46.758], [-71.3247, 46.758], [-71.3249, 46.7581], [-71.325, 46.7582], [-71.3251, 46.7584]]]}}, {"type": "Feature", "properties": {"couche": "voile", "station": "Bégon", "minutes": 13}, "geometry": {"type": "Polygon", "coordinates": [[[-71.4843, 46.8763], [-71.1512, 46.8787], [-71.1485, 46.6505], [-71.4802, 46.6481], [-71.4843, 46.8763]], [[-71.3234, 46.763], [-71.3237, 46.7632], [-71.3239, 46.7633], [-71.3241, 46.7634], [-71.3243, 46.7635], [-71.3244, 46.7635], [-71.3246, 46.7636], [-71.3247, 46.7636], [-71.3248, 46.7635], [-71.3249, 46.7635], [-71.3249, 46.7634], [-71.3249, 46.7633], [-71.3248, 46.7631], [-71.3246, 46.7629], [-71.3243, 46.7627], [-71.324, 46.7624], [-71.3236, 46.7621], [-71.3232, 46.7618], [-71.3229, 46.7615], [-71.3226, 46.7612], [-71.3224, 46.7609], [-71.3224, 46.7607], [-71.3224, 46.7604], [-71.3225, 46.7602], [-71.3227, 46.76], [-71.323, 46.7598], [-71.3233, 46.7596], [-71.3236, 46.7595], [-71.3238, 46.7593], [-71.324, 46.7593], [-71.3242, 46.7592], [-71.3244, 46.7592], [-71.3246, 46.7592], [-71.3247, 46.7592], [-71.3248, 46.7592], [-71.3249, 46.7592], [-71.325, 46.7591], [-71.3251, 46.7589], [-71.3251, 46.7588], [-71.3251, 46.7586], [-71.3251, 46.7584], [-71.325, 46.7582], [-71.3249, 46.7581], [-71.3247, 46.758], [-71.3245, 46.758], [-71.3243, 46.758], [-71.324, 46.7581], [-71.3236, 46.7583], [-71.3233, 46.7585], [-71.3229, 46.7586], [-71.3226, 46.7587], [-71.3222, 46.7588], [-71.3219, 46.7588], [-71.3216, 46.7588], [-71.3213, 46.7588], [-71.3211, 46.7587], [-71.3208, 46.7586], [-71.3206, 46.7585], [-71.3204, 46.7584], [-71.3203, 46.7583], [-71.3201, 46.7583], [-71.32, 46.7583], [-71.3199, 46.7583], [-71.3199, 46.7584], [-71.3199, 46.7585], [-71.3199, 46.7586], [-71.32, 46.7587], [-71.3201, 46.7588], [-71.3202, 46.7589], [-71.3204, 46.7591], [-71.3205, 46.7592], [-71.3206, 46.7593], [-71.3207, 46.7594], [-71.3208, 46.7595], [-71.3208, 46.7596], [-71.3207, 46.7596], [-71.3206, 46.7596], [-71.3205, 46.7595], [-71.3203, 46.7595], [-71.3201, 46.7594], [-71.3199, 46.7593], [-71.3196, 46.7592], [-71.3193, 46.759], [-71.319, 46.7588], [-71.3187, 46.7585], [-71.3183, 46.7583], [-71.3179, 46.7581], [-71.3176, 46.7579], [-71.3174, 46.7578], [-71.3172, 46.7577], [-71.317, 46.7576], [-71.3168, 46.7576], [-71.3167, 46.7577], [-71.3167, 46.7578], [-71.3166, 46.7578], [-71.3165, 46.7579], [-71.3164, 46.7579], [-71.3163, 46.7579], [-71.3162, 46.7579], [-71.316, 46.7578], [-71.3159, 46.7578], [-71.3157, 46.7577], [-71.3156, 46.7576], [-71.3155, 46.7575], [-71.3153, 46.7575], [-71.3152, 46.7575], [-71.3151, 46.7575], [-71.315, 46.7575], [-71.3149, 46.7575], [-71.3148, 46.7576], [-71.3146, 46.7576], [-71.3145, 46.7576], [-71.3144, 46.7576], [-71.3143, 46.7576], [-71.3142, 46.7576], [-71.3141, 46.7576], [-71.314, 46.7575], [-71.3139, 46.7575], [-71.3138, 46.7574], [-71.3137, 46.7574], [-71.3136, 46.7574], [-71.3135, 46.7574], [-71.3134, 46.7575], [-71.3133, 46.7575], [-71.3132, 46.7576], [-71.3131, 46.7576], [-71.3129, 46.7576], [-71.3128, 46.7576], [-71.3126, 46.7576], [-71.3124, 46.7576], [-71.3122, 46.7576], [-71.3119, 46.7575], [-71.3117, 46.7575], [-71.3114, 46.7575], [-71.3111, 46.7576], [-71.3109, 46.7577], [-71.3106, 46.7578], [-71.3103, 46.758], [-71.31, 46.7582], [-71.3097, 46.7584], [-71.3095, 46.7587], [-71.3093, 46.7588], [-71.3092, 46.759], [-71.3091, 46.7592], [-71.309, 46.7593], [-71.309, 46.7594], [-71.309, 46.7595], [-71.3091, 46.7595], [-71.3092, 46.7596], [-71.3092, 46.7597], [-71.3092, 46.7598], [-71.3092, 46.7599], [-71.3092, 46.76], [-71.3091, 46.7601], [-71.3091, 46.7602], [-71.309, 46.7602], [-71.309, 46.7603], [-71.3091, 46.7604], [-71.3092, 46.7604], [-71.3093, 46.7605], [-71.3094, 46.7606], [-71.3094, 46.7607], [-71.3093, 46.7607], [-71.3093, 46.7608], [-71.3092, 46.7609], [-71.3091, 46.761], [-71.309, 46.7611], [-71.3088, 46.7612], [-71.3087, 46.7612], [-71.3086, 46.7612], [-71.3084, 46.7611], [-71.3083, 46.7611], [-71.3081, 46.761], [-71.308, 46.7609], [-71.3078, 46.7608], [-71.3077, 46.7607], [-71.3075, 46.7607], [-71.3074, 46.7606], [-71.3073, 46.7606], [-71.3072, 46.7606], [-71.3071, 46.7606], [-71.307, 46.7607], [-71.3069, 46.7607], [-71.3069, 46.7608], [-71.307, 46.7609], [-71.3071, 46.7611], [-71.3073, 46.7613], [-71.3075, 46.7615], [-71.3078, 46.7617], [-71.3081, 46.7619], [-71.3084, 46.7621], [-71.3087, 46.7624], [-71.3089, 46.7625], [-71.309, 46.7627], [-71.3091, 46.7629], [-71.3091, 46.763], [-71.3091, 46.7631], [-71.309, 46.7632], [-71.309, 46.7633], [-71.309, 46.7634], [-71.309, 46.7635], [-71.3091, 46.7636], [-71.3092, 46.7636], [-71.3093, 46.7636], [-71.3094, 46.7637], [-71.3094, 46.7638], [-71.3093, 46.7638], [-71.3093, 46.764], [-71.3092, 46.7641], [-71.309, 46.7642], [-71.3088, 46.7644], [-71.3087, 46.7645], [-71.3085, 46.7647], [-71.3083, 46.7647], [-71.3081, 46.7648], [-71.308, 46.7649], [-71.3078, 46.7649], [-71.3077, 46.7649], [-71.3075, 46.7649], [-71.3074, 46.7649], [-71.3073, 46.7649], [-71.3072, 46.7649], [-71.3071, 46.765], [-71.307, 46.7651], [-71.307, 46.7653], [-71.307, 46.7654], [-71.307, 46.7655], [-71.307, 46.7656], [-71.3071, 46.7657], [-71.3072, 46.7658], [-71.3073, 46.766], [-71.3074, 46.7661], [-71.3075, 46.7662], [-71.3076, 46.7663], [-71.3078, 46.7664], [-71.3078, 46.7665], [-71.3079, 46.7665], [-71.3079, 46.7666], [-71.3078, 46.7667], [-71.3077, 46.7668], [-71.3076, 46.7668], [-71.3075, 46.7668], [-71.3074, 46.7669], [-71.3073, 46.767], [-71.3072, 46.7671], [-71.3072, 46.7672], [-71.3072, 46.7673], [-71.3072, 46.7674], [-71.3073, 46.7676], [-71.3074, 46.7677], [-71.3075, 46.7679], [-71.3075, 46.768], [-71.3075, 46.7682], [-71.3076, 46.7683], [-71.3075, 46.7685], [-71.3075, 46.7686], [-71.3075, 46.7688], [-71.3074, 46.7689], [-71.3074, 46.769], [-71.3074, 46.7691], [-71.3075, 46.7692], [-71.3076, 46.7693], [-71.3078, 46.7693], [-71.308, 46.7693], [-71.3083, 46.7693], [-71.3087, 46.7693], [-71.309, 46.7693], [-71.3092, 46.7693], [-71.3095, 46.7693], [-71.3097, 46.7693], [-71.3099, 46.7694], [-71.31, 46.7694], [-71.3101, 46.7694], [-71.3102, 46.7695], [-71.3103, 46.7695], [-71.3104, 46.7696], [-71.3105, 46.7696], [-71.3106, 46.7695], [-71.3107, 46.7695], [-71.3108, 46.7695], [-71.3109, 46.7694], [-71.311, 46.7694], [-71.3111, 46.7693], [-71.3112, 46.7693], [-71.3113, 46.7693], [-71.3113, 46.7694], [-71.3114, 46.7694], [-71.3115, 46.7695], [-71.3117, 46.7695], [-71.3119, 46.7696], [-71.3121, 46.7696], [-71.3124, 46.7696], [-71.3128, 46.7696], [-71.3132, 46.7697], [-71.3136, 46.7697], [-71.314, 46.7697], [-71.3144, 46.7696], [-71.3148, 46.7696], [-71.3151, 46.7695], [-71.3154, 46.7694], [-71.3157, 46.7692], [-71.316, 46.7691], [-71.3162, 46.7689], [-71.3165, 46.7687], [-71.3167, 46.7686], [-71.317, 46.7686], [-71.3173, 46.7686], [-71.3175, 46.7687], [-71.3178, 46.7688], [-71.3181, 46.7689], [-71.3185, 46.7691], [-71.3188, 46.7693], [-71.3192, 46.7694], [-71.3196, 46.7695], [-71.3201, 46.7696], [-71.3206, 46.7696], [-71.3211, 46.7696], [-71.3217, 46.7695], [-71.3223, 46.7694], [-71.3228, 46.7693], [-71.3233, 46.7692], [-71.3237, 46.7691], [-71.3239, 46.769], [-71.3242, 46.7689], [-71.3243, 46.7688], [-71.3243, 46.7687], [-71.3243, 46.7686], [-71.3243, 46.7685], [-71.3243, 46.7684], [-71.3243, 46.7683], [-71.3244, 46.7682], [-71.3245, 46.7681], [-71.3246, 46.768], [-71.3247, 46.768], [-71.3248, 46.7679], [-71.3249, 46.7678], [-71.3249, 46.7677], [-71.3249, 46.7676], [-71.3249, 46.7675], [-71.3248, 46.7674], [-71.3248, 46.7672], [-71.3247, 46.7671], [-71.3246, 46.7669], [-71.3245, 46.7668], [-71.3245, 46.7666], [-71.3245, 46.7664], [-71.3245, 46.7663], [-71.3245, 46.7661], [-71.3246, 46.766], [-71.3247, 46.7658], [-71.3247, 46.7657], [-71.3248, 46.7655], [-71.3248, 46.7654], [-71.3248, 46.7653], [-71.3248, 46.7652], [-71.3248, 46.7651], [-71.3247, 46.765], [-71.3246, 46.765], [-71.3246, 46.7649], [-71.3245, 46.7648], [-71.3245, 46.7647], [-71.3246, 46.7646], [-71.3246, 46.7645], [-71.3247, 46.7645], [-71.3248, 46.7644], [-71.3247, 46.7643], [-71.3247, 46.7642], [-71.3246, 46.764], [-71.3244, 46.7639], [-71.3242, 46.7637], [-71.3239, 46.7635], [-71.3236, 46.7633], [-71.3234, 46.7631], [-71.3232, 46.7629], [-71.3234, 46.763]]]}}, {"type": "Feature", "properties": {"couche": "aire_marche", "station": "Bégon", "ordre": 5, "minutes": 14, "superficie_ha": 175.0, "rue_km": 52.63, "disque_ha": 301.7, "part_disque_pct": 58, "accroche_m": 5, "population": 7747, "navetteurs": 2595, "mode_auto_pct": 67, "mode_tc_pct": 20, "mode_actif_pct": 12, "mode_autre_pct": 1}, "geometry": {"type": "Polygon", "coordinates": [[[-71.3254, 46.7596], [-71.3253, 46.7597], [-71.3252, 46.7597], [-71.325, 46.7597], [-71.3249, 46.7597], [-71.3248, 46.7597], [-71.3247, 46.7597], [-71.3246, 46.7596], [-71.3245, 46.7595], [-71.3244, 46.7594], [-71.3243, 46.7594], [-71.3241, 46.7593], [-71.324, 46.7593], [-71.3238, 46.7594], [-71.3236, 46.7595], [-71.3233, 46.7596], [-71.323, 46.7598], [-71.3227, 46.76], [-71.3225, 46.7602], [-71.3224, 46.7604], [-71.3224, 46.7607], [-71.3225, 46.761], [-71.3227, 46.7613], [-71.3231, 46.7617], [-71.3235, 46.762], [-71.324, 46.7624], [-71.3245, 46.7627], [-71.3248, 46.7631], [-71.3251, 46.7633], [-71.3254, 46.7636], [-71.3255, 46.7638], [-71.3256, 46.7639], [-71.3256, 46.764], [-71.3255, 46.7641], [-71.3255, 46.7642], [-71.3254, 46.7643], [-71.3254, 46.7644], [-71.3254, 46.7646], [-71.3254, 46.7647], [-71.3254, 46.7649], [-71.3254, 46.765], [-71.3255, 46.7652], [-71.3255, 46.7654], [-71.3255, 46.7656], [-71.3255, 46.7657], [-71.3254, 46.7659], [-71.3253, 46.766], [-71.3252, 46.7661], [-71.3251, 46.7662], [-71.3249, 46.7662], [-71.3248, 46.7663], [-71.3247, 46.7664], [-71.3246, 46.7665], [-71.3246, 46.7665], [-71.3246, 46.7666], [-71.3247, 46.7666], [-71.3248, 46.7667], [-71.3249, 46.7667], [-71.3251, 46.7668], [-71.3252, 46.7668], [-71.3253, 46.7669], [-71.3254, 46.767], [-71.3255, 46.7671], [-71.3256, 46.7672], [-71.3257, 46.7673], [-71.3257, 46.7674], [-71.3258, 46.7675], [-71.3257, 46.7676], [-71.3257, 46.7677], [-71.3256, 46.7678], [-71.3255, 46.7679], [-71.3254, 46.768], [-71.3252, 46.768], [-71.325, 46.7681], [-71.3248, 46.7681], [-71.3247, 46.7682], [-71.3246, 46.7682], [-71.3246, 46.7683], [-71.3246, 46.7683], [-71.3246, 46.7684], [-71.3248, 46.7684], [-71.3249, 46.7685], [-71.3251, 46.7685], [-71.3252, 46.7686], [-71.3252, 46.7687], [-71.3252, 46.7687], [-71.3252, 46.7688], [-71.3252, 46.7689], [-71.3251, 46.769], [-71.325, 46.7691], [-71.3248, 46.7692], [-71.3247, 46.7693], [-71.3245, 46.7694], [-71.3244, 46.7695], [-71.3242, 46.7696], [-71.324, 46.7697], [-71.3238, 46.7698], [-71.3236, 46.7699], [-71.3235, 46.7699], [-71.3233, 46.77], [-71.3231, 46.77], [-71.323, 46.77], [-71.3228, 46.7701], [-71.3227, 46.77], [-71.3226, 46.77], [-71.3225, 46.77], [-71.3224, 46.77], [-71.3222, 46.77], [-71.3221, 46.77], [-71.3219, 46.77], [-71.3217, 46.77], [-71.3214, 46.77], [-71.3212, 46.7701], [-71.3209, 46.7701], [-71.3206, 46.7702], [-71.3203, 46.7701], [-71.32, 46.7701], [-71.3197, 46.77], [-71.3194, 46.7699], [-71.3191, 46.7697], [-71.3188, 46.7695], [-71.3185, 46.7693], [-71.3183, 46.7691], [-71.318, 46.769], [-71.3177, 46.7689], [-71.3175, 46.7689], [-71.3172, 46.769], [-71.317, 46.7691], [-71.3168, 46.7692], [-71.3165, 46.7694], [-71.3163, 46.7696], [-71.3161, 46.7698], [-71.316, 46.7699], [-71.3158, 46.7699], [-71.3156, 46.77], [-71.3154, 46.7699], [-71.3153, 46.7699], [-71.3151, 46.7698], [-71.315, 46.7698], [-71.3148, 46.7697], [-71.3147, 46.7697], [-71.3145, 46.7697], [-71.3144, 46.7697], [-71.3143, 46.7698], [-71.3141, 46.7699], [-71.314, 46.7699], [-71.3138, 46.77], [-71.3137, 46.77], [-71.3135, 46.7701], [-71.3133, 46.7701], [-71.3131, 46.7701], [-71.313, 46.77], [-71.3128, 46.77], [-71.3126, 46.7699], [-71.3124, 46.7699], [-71.3122, 46.7698], [-71.3121, 46.7698], [-71.3119, 46.7698], [-71.3118, 46.7698], [-71.3117, 46.7698], [-71.3115, 46.7698], [-71.3115, 46.7699], [-71.3114, 46.7699], [-71.3113, 46.77], [-71.3112, 46.77], [-71.3111, 46.77], [-71.311, 46.77], [-71.311, 46.7699], [-71.3109, 46.7699], [-71.3108, 46.7698], [-71.3107, 46.7698], [-71.3107, 46.7698], [-71.3106, 46.7698], [-71.3105, 46.7698], [-71.3104, 46.7698], [-71.3103, 46.7698], [-71.3102, 46.7699], [-71.3101, 46.7699], [-71.31, 46.7699], [-71.3099, 46.77], [-71.3098, 46.77], [-71.3097, 46.77], [-71.3097, 46.77], [-71.3096, 46.77], [-71.3095, 46.7699], [-71.3094, 46.7699], [-71.3094, 46.7698], [-71.3093, 46.7698], [-71.3092, 46.7698], [-71.3092, 46.7698], [-71.3091, 46.7698], [-71.309, 46.7698], [-71.3089, 46.7699], [-71.3089, 46.7699], [-71.3088, 46.7699], [-71.3086, 46.77], [-71.3085, 46.77], [-71.3083, 46.77], [-71.3081, 46.77], [-71.3079, 46.77], [-71.3077, 46.77], [-71.3074, 46.7699], [-71.3072, 46.7699], [-71.307, 46.7698], [-71.3068, 46.7698], [-71.3067, 46.7697], [-71.3066, 46.7696], [-71.3065, 46.7694], [-71.3065, 46.7693], [-71.3065, 46.7691], [-71.3065, 46.769], [-71.3065, 46.7689], [-71.3066, 46.7687], [-71.3067, 46.7686], [-71.3068, 46.7686], [-71.3069, 46.7685], [-71.307, 46.7684], [-71.3072, 46.7684], [-71.3073, 46.7684], [-71.3074, 46.7683], [-71.3074, 46.7683], [-71.3074, 46.7682], [-71.3073, 46.7681], [-71.3072, 46.7681], [-71.307, 46.768], [-71.3069, 46.7679], [-71.3067, 46.7679], [-71.3066, 46.7678], [-71.3064, 46.7677], [-71.3063, 46.7676], [-71.3063, 46.7675], [-71.3062, 46.7673], [-71.3062, 46.7672], [-71.3062, 46.7671], [-71.3063, 46.767], [-71.3063, 46.7668], [-71.3064, 46.7667], [-71.3065, 46.7667], [-71.3066, 46.7666], [-71.3068, 46.7665], [-71.3069, 46.7665], [-71.3071, 46.7665], [-71.3072, 46.7664], [-71.3073, 46.7664], [-71.3074, 46.7664], [-71.3074, 46.7663], [-71.3073, 46.7663], [-71.3073, 46.7663], [-71.3071, 46.7663], [-71.307, 46.7663], [-71.3068, 46.7662], [-71.3067, 46.7662], [-71.3066, 46.7661], [-71.3065, 46.766], [-71.3064, 46.7659], [-71.3064, 46.7658], [-71.3064, 46.7656], [-71.3064, 46.7655], [-71.3064, 46.7653], [-71.3065, 46.7651], [-71.3066, 46.7649], [-71.3068, 46.7647], [-71.307, 46.7645], [-71.3073, 46.7642], [-71.3076, 46.764], [-71.308, 46.7637], [-71.3083, 46.7635], [-71.3085, 46.7632], [-71.3085, 46.7629], [-71.3085, 46.7627], [-71.3084, 46.7624], [-71.3081, 46.7621], [-71.3078, 46.7619], [-71.3074, 46.7616], [-71.307, 46.7614], [-71.3067, 46.7612], [-71.3065, 46.761], [-71.3063, 46.7608], [-71.3062, 46.7607], [-71.3062, 46.7605], [-71.3062, 46.7604], [-71.3062, 46.7603], [-71.3063, 46.7602], [-71.3064, 46.7602], [-71.3065, 46.7601], [-71.3066, 46.76], [-71.3067, 46.76], [-71.3068, 46.76], [-71.3069, 46.76], [-71.307, 46.76], [-71.3072, 46.76], [-71.3074, 46.7599], [-71.3076, 46.7598], [-71.3079, 46.7597], [-71.3082, 46.7595], [-71.3085, 46.7593], [-71.3089, 46.7591], [-71.3093, 46.7588], [-71.3097, 46.7586], [-71.31, 46.7584], [-71.3102, 46.7582], [-71.3104, 46.758], [-71.3105, 46.7579], [-71.3106, 46.7578], [-71.3106, 46.7578], [-71.3105, 46.7577], [-71.3104, 46.7577], [-71.3104, 46.7576], [-71.3103, 46.7576], [-71.3103, 46.7575], [-71.3103, 46.7575], [-71.3103, 46.7574], [-71.3103, 46.7573], [-71.3104, 46.7572], [-71.3104, 46.7571], [-71.3105, 46.7571], [-71.3105, 46.757], [-71.3106, 46.757], [-71.3108, 46.757], [-71.3109, 46.757], [-71.311, 46.757], [-71.3112, 46.7571], [-71.3114, 46.7571], [-71.3116, 46.7571], [-71.3117, 46.7571], [-71.3119, 46.7571], [-71.312, 46.7571], [-71.3122, 46.7571], [-71.3124, 46.7571], [-71.3125, 46.757], [-71.3127, 46.757], [-71.3129, 46.757], [-71.313, 46.757], [-71.3132, 46.7571], [-71.3133, 46.7571], [-71.3135, 46.7572], [-71.3137, 46.7573], [-71.3138, 46.7574], [-71.314, 46.7575], [-71.3141, 46.7575], [-71.3141, 46.7576], [-71.3142, 46.7576], [-71.3142, 46.7576], [-71.3142, 46.7575], [-71.3142, 46.7575], [-71.3141, 46.7574], [-71.3141, 46.7573], [-71.3141, 46.7573], [-71.3141, 46.7572], [-71.3141, 46.7572], [-71.3141, 46.7571], [-71.3142, 46.7571], [-71.3142, 46.757], [-71.3143, 46.757], [-71.3144, 46.757], [-71.3146, 46.757], [-71.3147, 46.757], [-71.3148, 46.7571], [-71.315, 46.7572], [-71.3152, 46.7573], [-71.3154, 46.7574], [-71.3156, 46.7576], [-71.3158, 46.7577], [-71.316, 46.7578], [-71.3161, 46.7578], [-71.3161, 46.7579], [-71.3162, 46.7578], [-71.3161, 46.7578], [-71.3161, 46.7577], [-71.316, 46.7576], [-71.3159, 46.7575], [-71.3159, 46.7574], [-71.3158, 46.7574], [-71.3158, 46.7573], [-71.3158, 46.7572], [-71.3159, 46.7572], [-71.3159, 46.7571], [-71.316, 46.7571], [-71.3162, 46.7571], [-71.3163, 46.7571], [-71.3166, 46.7572], [-71.3168, 46.7573], [-71.3172, 46.7575], [-71.3175, 46.7577], [-71.3179, 46.758], [-71.3184, 46.7583], [-71.3188, 46.7586], [-71.3192, 46.7589], [-71.3195, 46.7591], [-71.3198, 46.7593], [-71.3201, 46.7594], [-71.3203, 46.7595], [-71.3205, 46.7595], [-71.3206, 46.7596], [-71.3207, 46.7596], [-71.3208, 46.7595], [-71.3208, 46.7595], [-71.3208, 46.7594], [-71.3208, 46.7593], [-71.3207, 46.7592], [-71.3206, 46.759], [-71.3204, 46.7588], [-71.3203, 46.7587], [-71.3203, 46.7586], [-71.3203, 46.7585], [-71.3203, 46.7585], [-71.3204, 46.7585], [-71.3206, 46.7585], [-71.3208, 46.7586], [-71.321, 46.7587], [-71.3213, 46.7588], [-71.3216, 46.7588], [-71.322, 46.7588], [-71.3223, 46.7587], [-71.3227, 46.7586], [-71.3231, 46.7585], [-71.3236, 46.7583], [-71.324, 46.758], [-71.3244, 46.7578], [-71.3248, 46.7576], [-71.3251, 46.7575], [-71.3254, 46.7574], [-71.3256, 46.7574], [-71.3257, 46.7574], [-71.3258, 46.7574], [-71.3259, 46.7574], [-71.3259, 46.7575], [-71.3259, 46.7576], [-71.3258, 46.7577], [-71.3258, 46.7577], [-71.3257, 46.7578], [-71.3256, 46.7579], [-71.3255, 46.758], [-71.3253, 46.7581], [-71.3252, 46.7582], [-71.3251, 46.7584], [-71.3251, 46.7585], [-71.3251, 46.7586], [-71.3251, 46.7587], [-71.3252, 46.7588], [-71.3253, 46.7589], [-71.3254, 46.759], [-71.3255, 46.7591], [-71.3256, 46.7592], [-71.3257, 46.7593], [-71.3257, 46.7594], [-71.3256, 46.7595], [-71.3255, 46.7595], [-71.3254, 46.7596]]]}}, {"type": "Feature", "properties": {"couche": "voile", "station": "Bégon", "minutes": 14}, "geometry": {"type": "Polygon", "coordinates": [[[-71.4852, 46.8769], [-71.1504, 46.8793], [-71.1477, 46.6501], [-71.481, 46.6477], [-71.4852, 46.8769]], [[-71.316, 46.7578], [-71.3158, 46.7577], [-71.3156, 46.7576], [-71.3154, 46.7574], [-71.3152, 46.7573], [-71.315, 46.7572], [-71.3148, 46.7571], [-71.3147, 46.757], [-71.3146, 46.757], [-71.3144, 46.757], [-71.3143, 46.757], [-71.3142, 46.757], [-71.3142, 46.7571], [-71.3141, 46.7571], [-71.3141, 46.7572], [-71.3141, 46.7573], [-71.3141, 46.7574], [-71.3142, 46.7575], [-71.3142, 46.7576], [-71.3141, 46.7576], [-71.3141, 46.7575], [-71.314, 46.7575], [-71.3138, 46.7574], [-71.3137, 46.7573], [-71.3135, 46.7572], [-71.3133, 46.7571], [-71.3132, 46.7571], [-71.313, 46.757], [-71.3129, 46.757], [-71.3127, 46.757], [-71.3125, 46.757], [-71.3124, 46.7571], [-71.3122, 46.7571], [-71.312, 46.7571], [-71.3119, 46.7571], [-71.3117, 46.7571], [-71.3116, 46.7571], [-71.3114, 46.7571], [-71.3112, 46.7571], [-71.311, 46.757], [-71.3109, 46.757], [-71.3108, 46.757], [-71.3106, 46.757], [-71.3105, 46.757], [-71.3105, 46.7571], [-71.3104, 46.7571], [-71.3104, 46.7572], [-71.3103, 46.7573], [-71.3103, 46.7574], [-71.3103, 46.7575], [-71.3103, 46.7576], [-71.3104, 46.7576], [-71.3104, 46.7577], [-71.3105, 46.7577], [-71.3106, 46.7578], [-71.3105, 46.7579], [-71.3104, 46.758], [-71.3102, 46.7582], [-71.31, 46.7584], [-71.3097, 46.7586], [-71.3093, 46.7588], [-71.3089, 46.7591], [-71.3085, 46.7593], [-71.3082, 46.7595], [-71.3079, 46.7597], [-71.3076, 46.7598], [-71.3074, 46.7599], [-71.3072, 46.76], [-71.307, 46.76], [-71.3069, 46.76], [-71.3068, 46.76], [-71.3067, 46.76], [-71.3066, 46.76], [-71.3065, 46.7601], [-71.3064, 46.7602], [-71.3063, 46.7602], [-71.3062, 46.7603], [-71.3062, 46.7604], [-71.3062, 46.7605], [-71.3062, 46.7607], [-71.3063, 46.7608], [-71.3065, 46.761], [-71.3067, 46.7612], [-71.307, 46.7614], [-71.3074, 46.7616], [-71.3078, 46.7619], [-71.3081, 46.7621], [-71.3084, 46.7624], [-71.3085, 46.7627], [-71.3085, 46.7629], [-71.3085, 46.7632], [-71.3083, 46.7635], [-71.308, 46.7637], [-71.3076, 46.764], [-71.3073, 46.7642], [-71.307, 46.7645], [-71.3068, 46.7647], [-71.3066, 46.7649], [-71.3065, 46.7651], [-71.3064, 46.7653], [-71.3064, 46.7655], [-71.3064, 46.7656], [-71.3064, 46.7658], [-71.3064, 46.7659], [-71.3065, 46.766], [-71.3066, 46.7661], [-71.3067, 46.7662], [-71.3068, 46.7662], [-71.307, 46.7663], [-71.3071, 46.7663], [-71.3073, 46.7663], [-71.3074, 46.7663], [-71.3074, 46.7664], [-71.3073, 46.7664], [-71.3072, 46.7664], [-71.3071, 46.7665], [-71.3069, 46.7665], [-71.3068, 46.7665], [-71.3066, 46.7666], [-71.3065, 46.7667], [-71.3064, 46.7667], [-71.3063, 46.7668], [-71.3063, 46.767], [-71.3062, 46.7671], [-71.3062, 46.7672], [-71.3062, 46.7673], [-71.3063, 46.7675], [-71.3063, 46.7676], [-71.3064, 46.7677], [-71.3066, 46.7678], [-71.3067, 46.7679], [-71.3069, 46.7679], [-71.307, 46.768], [-71.3072, 46.7681], [-71.3073, 46.7681], [-71.3074, 46.7682], [-71.3074, 46.7683], [-71.3073, 46.7684], [-71.3072, 46.7684], [-71.307, 46.7684], [-71.3069, 46.7685], [-71.3068, 46.7686], [-71.3067, 46.7686], [-71.3066, 46.7687], [-71.3065, 46.7689], [-71.3065, 46.769], [-71.3065, 46.7691], [-71.3065, 46.7693], [-71.3065, 46.7694], [-71.3066, 46.7696], [-71.3067, 46.7697], [-71.3068, 46.7698], [-71.307, 46.7698], [-71.3072, 46.7699], [-71.3074, 46.7699], [-71.3077, 46.77], [-71.3079, 46.77], [-71.3081, 46.77], [-71.3083, 46.77], [-71.3085, 46.77], [-71.3086, 46.77], [-71.3088, 46.7699], [-71.3089, 46.7699], [-71.309, 46.7698], [-71.3091, 46.7698], [-71.3092, 46.7698], [-71.3093, 46.7698], [-71.3094, 46.7698], [-71.3094, 46.7699], [-71.3095, 46.7699], [-71.3096, 46.77], [-71.3097, 46.77], [-71.3098, 46.77], [-71.3099, 46.77], [-71.31, 46.7699], [-71.3101, 46.7699], [-71.3102, 46.7699], [-71.3103, 46.7698], [-71.3104, 46.7698], [-71.3105, 46.7698], [-71.3106, 46.7698], [-71.3107, 46.7698], [-71.3108, 46.7698], [-71.3109, 46.7699], [-71.311, 46.7699], [-71.311, 46.77], [-71.3111, 46.77], [-71.3112, 46.77], [-71.3113, 46.77], [-71.3114, 46.7699], [-71.3115, 46.7699], [-71.3115, 46.7698], [-71.3117, 46.7698], [-71.3118, 46.7698], [-71.3119, 46.7698], [-71.3121, 46.7698], [-71.3122, 46.7698], [-71.3124, 46.7699], [-71.3126, 46.7699], [-71.3128, 46.77], [-71.313, 46.77], [-71.3131, 46.7701], [-71.3133, 46.7701], [-71.3135, 46.7701], [-71.3137, 46.77], [-71.3138, 46.77], [-71.314, 46.7699], [-71.3141, 46.7699], [-71.3143, 46.7698], [-71.3144, 46.7697], [-71.3145, 46.7697], [-71.3147, 46.7697], [-71.3148, 46.7697], [-71.315, 46.7698], [-71.3151, 46.7698], [-71.3153, 46.7699], [-71.3154, 46.7699], [-71.3156, 46.77], [-71.3158, 46.7699], [-71.316, 46.7699], [-71.3161, 46.7698], [-71.3163, 46.7696], [-71.3165, 46.7694], [-71.3168, 46.7692], [-71.317, 46.7691], [-71.3172, 46.769], [-71.3175, 46.7689], [-71.3177, 46.7689], [-71.318, 46.769], [-71.3183, 46.7691], [-71.3185, 46.7693], [-71.3188, 46.7695], [-71.3191, 46.7697], [-71.3194, 46.7699], [-71.3197, 46.77], [-71.32, 46.7701], [-71.3203, 46.7701], [-71.3206, 46.7702], [-71.3209, 46.7701], [-71.3212, 46.7701], [-71.3214, 46.77], [-71.3217, 46.77], [-71.3219, 46.77], [-71.3221, 46.77], [-71.3222, 46.77], [-71.3224, 46.77], [-71.3225, 46.77], [-71.3226, 46.77], [-71.3227, 46.77], [-71.3228, 46.7701], [-71.323, 46.77], [-71.3231, 46.77], [-71.3233, 46.77], [-71.3235, 46.7699], [-71.3236, 46.7699], [-71.3238, 46.7698], [-71.324, 46.7697], [-71.3242, 46.7696], [-71.3244, 46.7695], [-71.3245, 46.7694], [-71.3247, 46.7693], [-71.3248, 46.7692], [-71.325, 46.7691], [-71.3251, 46.769], [-71.3252, 46.7689], [-71.3252, 46.7688], [-71.3252, 46.7687], [-71.3252, 46.7686], [-71.3251, 46.7685], [-71.3249, 46.7685], [-71.3248, 46.7684], [-71.3246, 46.7684], [-71.3246, 46.7683], [-71.3246, 46.7682], [-71.3247, 46.7682], [-71.3248, 46.7681], [-71.325, 46.7681], [-71.3252, 46.768], [-71.3254, 46.768], [-71.3255, 46.7679], [-71.3256, 46.7678], [-71.3257, 46.7677], [-71.3257, 46.7676], [-71.3258, 46.7675], [-71.3257, 46.7674], [-71.3257, 46.7673], [-71.3256, 46.7672], [-71.3255, 46.7671], [-71.3254, 46.767], [-71.3253, 46.7669], [-71.3252, 46.7668], [-71.3251, 46.7668], [-71.3249, 46.7667], [-71.3248, 46.7667], [-71.3247, 46.7666], [-71.3246, 46.7666], [-71.3246, 46.7665], [-71.3247, 46.7664], [-71.3248, 46.7663], [-71.3249, 46.7662], [-71.3251, 46.7662], [-71.3252, 46.7661], [-71.3253, 46.766], [-71.3254, 46.7659], [-71.3255, 46.7657], [-71.3255, 46.7656], [-71.3255, 46.7654], [-71.3255, 46.7652], [-71.3254, 46.765], [-71.3254, 46.7649], [-71.3254, 46.7647], [-71.3254, 46.7646], [-71.3254, 46.7644], [-71.3254, 46.7643], [-71.3255, 46.7642], [-71.3255, 46.7641], [-71.3256, 46.764], [-71.3256, 46.7639], [-71.3255, 46.7638], [-71.3254, 46.7636], [-71.3251, 46.7633], [-71.3248, 46.7631], [-71.3245, 46.7627], [-71.324, 46.7624], [-71.3235, 46.762], [-71.3231, 46.7617], [-71.3227, 46.7613], [-71.3225, 46.761], [-71.3224, 46.7607], [-71.3224, 46.7604], [-71.3225, 46.7602], [-71.3227, 46.76], [-71.323, 46.7598], [-71.3233, 46.7596], [-71.3236, 46.7595], [-71.3238, 46.7594], [-71.324, 46.7593], [-71.3241, 46.7593], [-71.3243, 46.7594], [-71.3244, 46.7594], [-71.3245, 46.7595], [-71.3246, 46.7596], [-71.3247, 46.7597], [-71.3248, 46.7597], [-71.3249, 46.7597], [-71.325, 46.7597], [-71.3252, 46.7597], [-71.3253, 46.7597], [-71.3254, 46.7596], [-71.3255, 46.7595], [-71.3256, 46.7595], [-71.3257, 46.7594], [-71.3257, 46.7593], [-71.3256, 46.7592], [-71.3255, 46.7591], [-71.3254, 46.759], [-71.3253, 46.7589], [-71.3252, 46.7588], [-71.3251, 46.7587], [-71.3251, 46.7586], [-71.3251, 46.7585], [-71.3251, 46.7584], [-71.3252, 46.7582], [-71.3253, 46.7581], [-71.3255, 46.758], [-71.3256, 46.7579], [-71.3257, 46.7578], [-71.3258, 46.7577], [-71.3259, 46.7576], [-71.3259, 46.7575], [-71.3259, 46.7574], [-71.3258, 46.7574], [-71.3257, 46.7574], [-71.3256, 46.7574], [-71.3254, 46.7574], [-71.3251, 46.7575], [-71.3248, 46.7576], [-71.3244, 46.7578], [-71.324, 46.758], [-71.3236, 46.7583], [-71.3231, 46.7585], [-71.3227, 46.7586], [-71.3223, 46.7587], [-71.322, 46.7588], [-71.3216, 46.7588], [-71.3213, 46.7588], [-71.321, 46.7587], [-71.3208, 46.7586], [-71.3206, 46.7585], [-71.3204, 46.7585], [-71.3203, 46.7585], [-71.3203, 46.7586], [-71.3203, 46.7587], [-71.3204, 46.7588], [-71.3206, 46.759], [-71.3207, 46.7592], [-71.3208, 46.7593], [-71.3208, 46.7594], [-71.3208, 46.7595], [-71.3207, 46.7596], [-71.3206, 46.7596], [-71.3205, 46.7595], [-71.3203, 46.7595], [-71.3201, 46.7594], [-71.3198, 46.7593], [-71.3195, 46.7591], [-71.3192, 46.7589], [-71.3188, 46.7586], [-71.3184, 46.7583], [-71.3179, 46.758], [-71.3175, 46.7577], [-71.3172, 46.7575], [-71.3168, 46.7573], [-71.3166, 46.7572], [-71.3163, 46.7571], [-71.3162, 46.7571], [-71.316, 46.7571], [-71.3159, 46.7571], [-71.3159, 46.7572], [-71.3158, 46.7572], [-71.3158, 46.7573], [-71.3158, 46.7574], [-71.3159, 46.7574], [-71.3159, 46.7575], [-71.316, 46.7576], [-71.3161, 46.7577], [-71.3161, 46.7578], [-71.316, 46.7578]]]}}, {"type": "Feature", "properties": {"couche": "aire_marche", "station": "Bégon", "ordre": 5, "minutes": 15, "superficie_ha": 196.2, "rue_km": 58.61, "disque_ha": 346.4, "part_disque_pct": 57, "accroche_m": 5, "population": 8681, "navetteurs": 2936, "mode_auto_pct": 67, "mode_tc_pct": 20, "mode_actif_pct": 12, "mode_autre_pct": 1}, "geometry": {"type": "Polygon", "coordinates": [[[-71.3264, 46.7594], [-71.3263, 46.7596], [-71.3263, 46.7598], [-71.3262, 46.7599], [-71.326, 46.7601], [-71.3259, 46.7602], [-71.3257, 46.7602], [-71.3255, 46.7603], [-71.3253, 46.7603], [-71.325, 46.7603], [-71.3248, 46.7602], [-71.3246, 46.7602], [-71.3244, 46.7601], [-71.3243, 46.76], [-71.3242, 46.7599], [-71.3242, 46.7598], [-71.3241, 46.7597], [-71.3241, 46.7596], [-71.3241, 46.7595], [-71.324, 46.7594], [-71.3239, 46.7594], [-71.3237, 46.7594], [-71.3235, 46.7595], [-71.3233, 46.7596], [-71.323, 46.7598], [-71.3227, 46.76], [-71.3225, 46.7602], [-71.3224, 46.7604], [-71.3224, 46.7607], [-71.3225, 46.7609], [-71.3226, 46.7612], [-71.3229, 46.7615], [-71.3233, 46.7619], [-71.3238, 46.7622], [-71.3242, 46.7625], [-71.3246, 46.7628], [-71.3249, 46.763], [-71.3252, 46.7631], [-71.3255, 46.7633], [-71.3257, 46.7634], [-71.3259, 46.7634], [-71.326, 46.7634], [-71.3261, 46.7634], [-71.3262, 46.7635], [-71.3263, 46.7635], [-71.3264, 46.7636], [-71.3264, 46.7637], [-71.3264, 46.7638], [-71.3264, 46.7639], [-71.3264, 46.764], [-71.3264, 46.7642], [-71.3263, 46.7643], [-71.3263, 46.7643], [-71.3262, 46.7644], [-71.3261, 46.7644], [-71.326, 46.7645], [-71.3259, 46.7645], [-71.3257, 46.7645], [-71.3256, 46.7644], [-71.3256, 46.7645], [-71.3255, 46.7645], [-71.3255, 46.7645], [-71.3255, 46.7645], [-71.3256, 46.7646], [-71.3257, 46.7646], [-71.3258, 46.7647], [-71.3259, 46.7648], [-71.326, 46.7649], [-71.326, 46.765], [-71.3261, 46.7652], [-71.3261, 46.7653], [-71.326, 46.7655], [-71.326, 46.7657], [-71.3259, 46.7659], [-71.3259, 46.7661], [-71.3259, 46.7662], [-71.3259, 46.7664], [-71.3259, 46.7665], [-71.3259, 46.7666], [-71.326, 46.7667], [-71.3261, 46.7668], [-71.3262, 46.7668], [-71.3263, 46.7669], [-71.3264, 46.7669], [-71.3265, 46.767], [-71.3265, 46.7671], [-71.3266, 46.7672], [-71.3266, 46.7673], [-71.3266, 46.7674], [-71.3267, 46.7675], [-71.3267, 46.7676], [-71.3267, 46.7677], [-71.3267, 46.7678], [-71.3266, 46.7679], [-71.3266, 46.7681], [-71.3266, 46.7682], [-71.3265, 46.7684], [-71.3264, 46.7685], [-71.3264, 46.7686], [-71.3263, 46.7688], [-71.3262, 46.7689], [-71.3261, 46.769], [-71.326, 46.769], [-71.3258, 46.7691], [-71.3257, 46.7691], [-71.3255, 46.7691], [-71.3254, 46.7691], [-71.3252, 46.7692], [-71.3252, 46.7692], [-71.3251, 46.7693], [-71.3251, 46.7693], [-71.325, 46.7694], [-71.3251, 46.7695], [-71.3251, 46.7696], [-71.3251, 46.7697], [-71.3251, 46.7698], [-71.325, 46.7699], [-71.3249, 46.7699], [-71.3248, 46.77], [-71.3247, 46.7701], [-71.3245, 46.7702], [-71.3243, 46.7703], [-71.3241, 46.7704], [-71.3239, 46.7704], [-71.3237, 46.7705], [-71.3236, 46.7705], [-71.3234, 46.7705], [-71.3233, 46.7705], [-71.3232, 46.7705], [-71.3231, 46.7704], [-71.323, 46.7704], [-71.3228, 46.7704], [-71.3226, 46.7704], [-71.3223, 46.7704], [-71.322, 46.7704], [-71.3217, 46.7705], [-71.3213, 46.7705], [-71.3208, 46.7706], [-71.3204, 46.7706], [-71.3201, 46.7706], [-71.3198, 46.7706], [-71.3196, 46.7706], [-71.3194, 46.7705], [-71.3193, 46.7704], [-71.3192, 46.7703], [-71.3191, 46.7701], [-71.3191, 46.77], [-71.319, 46.7698], [-71.319, 46.7697], [-71.3189, 46.7696], [-71.3188, 46.7695], [-71.3187, 46.7694], [-71.3186, 46.7693], [-71.3185, 46.7692], [-71.3183, 46.7691], [-71.3182, 46.7691], [-71.318, 46.7691], [-71.3179, 46.7692], [-71.3177, 46.7693], [-71.3175, 46.7695], [-71.3173, 46.7696], [-71.3171, 46.7699], [-71.3169, 46.77], [-71.3167, 46.7702], [-71.3165, 46.7703], [-71.3163, 46.7703], [-71.3161, 46.7703], [-71.3159, 46.7703], [-71.3156, 46.7702], [-71.3154, 46.77], [-71.3152, 46.7699], [-71.315, 46.7699], [-71.3148, 46.7698], [-71.3147, 46.7698], [-71.3146, 46.7699], [-71.3145, 46.77], [-71.3144, 46.7701], [-71.3143, 46.7702], [-71.3142, 46.7703], [-71.3141, 46.7704], [-71.314, 46.7705], [-71.3139, 46.7705], [-71.3138, 46.7705], [-71.3137, 46.7705], [-71.3136, 46.7704], [-71.3135, 46.7704], [-71.3133, 46.7703], [-71.3132, 46.7702], [-71.3131, 46.7702], [-71.313, 46.7702], [-71.3129, 46.7702], [-71.3129, 46.7702], [-71.3128, 46.7703], [-71.3127, 46.7703], [-71.3127, 46.7704], [-71.3126, 46.7704], [-71.3125, 46.7704], [-71.3124, 46.7704], [-71.3123, 46.7704], [-71.3121, 46.7704], [-71.312, 46.7703], [-71.3118, 46.7703], [-71.3116, 46.7703], [-71.3115, 46.7702], [-71.3113, 46.7702], [-71.3112, 46.7702], [-71.3111, 46.7702], [-71.311, 46.7702], [-71.3108, 46.7703], [-71.3107, 46.7703], [-71.3106, 46.7704], [-71.3105, 46.7704], [-71.3104, 46.7704], [-71.3103, 46.7704], [-71.3103, 46.7704], [-71.3102, 46.7704], [-71.3101, 46.7703], [-71.3101, 46.7703], [-71.31, 46.7702], [-71.31, 46.7702], [-71.3099, 46.7702], [-71.3098, 46.7702], [-71.3097, 46.7702], [-71.3096, 46.7703], [-71.3096, 46.7703], [-71.3094, 46.7703], [-71.3093, 46.7704], [-71.3092, 46.7704], [-71.3091, 46.7704], [-71.309, 46.7704], [-71.3089, 46.7703], [-71.3088, 46.7703], [-71.3086, 46.7702], [-71.3085, 46.7701], [-71.3084, 46.7701], [-71.3083, 46.77], [-71.3082, 46.77], [-71.3081, 46.77], [-71.308, 46.77], [-71.3079, 46.77], [-71.3079, 46.7701], [-71.3078, 46.7702], [-71.3077, 46.7702], [-71.3076, 46.7703], [-71.3075, 46.7703], [-71.3074, 46.7703], [-71.3072, 46.7703], [-71.307, 46.7704], [-71.3068, 46.7703], [-71.3066, 46.7703], [-71.3064, 46.7703], [-71.3062, 46.7702], [-71.3061, 46.7702], [-71.3059, 46.7701], [-71.3058, 46.77], [-71.3057, 46.7699], [-71.3057, 46.7697], [-71.3056, 46.7696], [-71.3056, 46.7694], [-71.3056, 46.7693], [-71.3057, 46.7692], [-71.3057, 46.7691], [-71.3057, 46.769], [-71.3058, 46.769], [-71.3059, 46.7689], [-71.306, 46.7689], [-71.3061, 46.7688], [-71.3061, 46.7687], [-71.3062, 46.7687], [-71.3061, 46.7686], [-71.3061, 46.7685], [-71.306, 46.7684], [-71.3059, 46.7682], [-71.3058, 46.7681], [-71.3057, 46.7679], [-71.3056, 46.7678], [-71.3056, 46.7676], [-71.3056, 46.7674], [-71.3056, 46.7672], [-71.3056, 46.767], [-71.3057, 46.7668], [-71.3058, 46.7665], [-71.3059, 46.7663], [-71.306, 46.7661], [-71.306, 46.7659], [-71.3061, 46.7657], [-71.3061, 46.7655], [-71.306, 46.7653], [-71.306, 46.7651], [-71.3059, 46.765], [-71.3059, 46.7649], [-71.3059, 46.7647], [-71.3059, 46.7646], [-71.306, 46.7646], [-71.306, 46.7645], [-71.3061, 46.7644], [-71.3063, 46.7644], [-71.3064, 46.7644], [-71.3066, 46.7644], [-71.3068, 46.7643], [-71.307, 46.7642], [-71.3072, 46.7641], [-71.3074, 46.764], [-71.3077, 46.7639], [-71.308, 46.7637], [-71.3083, 46.7635], [-71.3085, 46.7633], [-71.3086, 46.7631], [-71.3087, 46.7629], [-71.3087, 46.7627], [-71.3086, 46.7625], [-71.3085, 46.7623], [-71.3082, 46.7621], [-71.3079, 46.7619], [-71.3076, 46.7617], [-71.3074, 46.7616], [-71.3071, 46.7615], [-71.3069, 46.7614], [-71.3067, 46.7614], [-71.3065, 46.7614], [-71.3063, 46.7614], [-71.3062, 46.7614], [-71.306, 46.7615], [-71.3059, 46.7614], [-71.3058, 46.7614], [-71.3058, 46.7613], [-71.3057, 46.7612], [-71.3057, 46.761], [-71.3057, 46.7608], [-71.3057, 46.7606], [-71.3058, 46.7604], [-71.3058, 46.7602], [-71.3059, 46.76], [-71.3059, 46.7599], [-71.306, 46.7598], [-71.306, 46.7597], [-71.3061, 46.7596], [-71.3062, 46.7595], [-71.3063, 46.7595], [-71.3064, 46.7595], [-71.3065, 46.7595], [-71.3066, 46.7595], [-71.3067, 46.7595], [-71.3069, 46.7595], [-71.307, 46.7596], [-71.3072, 46.7596], [-71.3074, 46.7596], [-71.3076, 46.7596], [-71.3078, 46.7596], [-71.308, 46.7595], [-71.3083, 46.7594], [-71.3086, 46.7593], [-71.3088, 46.7591], [-71.3091, 46.759], [-71.3094, 46.7588], [-71.3096, 46.7586], [-71.3097, 46.7585], [-71.3098, 46.7584], [-71.3099, 46.7583], [-71.3099, 46.7582], [-71.3099, 46.7582], [-71.3098, 46.7581], [-71.3098, 46.7581], [-71.3097, 46.758], [-71.3097, 46.758], [-71.3097, 46.7579], [-71.3097, 46.7579], [-71.3098, 46.7578], [-71.3099, 46.7577], [-71.3099, 46.7576], [-71.31, 46.7576], [-71.3101, 46.7575], [-71.3101, 46.7574], [-71.3101, 46.7574], [-71.3101, 46.7573], [-71.31, 46.7573], [-71.31, 46.7572], [-71.3099, 46.7572], [-71.3098, 46.7571], [-71.3098, 46.7571], [-71.3097, 46.757], [-71.3097, 46.757], [-71.3097, 46.7569], [-71.3097, 46.7568], [-71.3097, 46.7568], [-71.3097, 46.7567], [-71.3098, 46.7566], [-71.3099, 46.7566], [-71.31, 46.7566], [-71.3101, 46.7566], [-71.3103, 46.7566], [-71.3105, 46.7567], [-71.3107, 46.7568], [-71.311, 46.7569], [-71.3112, 46.7569], [-71.3115, 46.757], [-71.3117, 46.757], [-71.312, 46.757], [-71.3122, 46.757], [-71.3125, 46.7569], [-71.3128, 46.7569], [-71.313, 46.7568], [-71.3133, 46.7567], [-71.3136, 46.7567], [-71.3139, 46.7567], [-71.3142, 46.7568], [-71.3145, 46.7569], [-71.3148, 46.757], [-71.3151, 46.7572], [-71.3154, 46.7574], [-71.3156, 46.7575], [-71.3158, 46.7577], [-71.3159, 46.7577], [-71.316, 46.7578], [-71.316, 46.7577], [-71.3159, 46.7577], [-71.3158, 46.7576], [-71.3156, 46.7574], [-71.3155, 46.7573], [-71.3154, 46.7571], [-71.3153, 46.757], [-71.3153, 46.7569], [-71.3153, 46.7568], [-71.3153, 46.7568], [-71.3153, 46.7567], [-71.3154, 46.7566], [-71.3156, 46.7566], [-71.3158, 46.7567], [-71.316, 46.7568], [-71.3163, 46.757], [-71.3167, 46.7572], [-71.3171, 46.7574], [-71.3176, 46.7578], [-71.3181, 46.7581], [-71.3186, 46.7585], [-71.319, 46.7588], [-71.3194, 46.759], [-71.3198, 46.7592], [-71.3201, 46.7594], [-71.3203, 46.7595], [-71.3205, 46.7595], [-71.3206, 46.7596], [-71.3207, 46.7596], [-71.3208, 46.7595], [-71.3208, 46.7595], [-71.3208, 46.7594], [-71.3208, 46.7593], [-71.3207, 46.7592], [-71.3206, 46.759], [-71.3204, 46.7588], [-71.3203, 46.7587], [-71.3203, 46.7586], [-71.3203, 46.7585], [-71.3203, 46.7585], [-71.3204, 46.7585], [-71.3206, 46.7585], [-71.3208, 46.7586], [-71.321, 46.7587], [-71.3213, 46.7588], [-71.3217, 46.7588], [-71.322, 46.7587], [-71.3224, 46.7587], [-71.3229, 46.7585], [-71.3234, 46.7583], [-71.3239, 46.7581], [-71.3244, 46.7578], [-71.3249, 46.7575], [-71.3253, 46.7573], [-71.3257, 46.7572], [-71.326, 46.757], [-71.3262, 46.757], [-71.3264, 46.7569], [-71.3265, 46.757], [-71.3265, 46.757], [-71.3265, 46.7571], [-71.3265, 46.7572], [-71.3264, 46.7573], [-71.3263, 46.7574], [-71.3262, 46.7575], [-71.326, 46.7577], [-71.3258, 46.7578], [-71.3256, 46.758], [-71.3254, 46.7581], [-71.3253, 46.7582], [-71.3252, 46.7583], [-71.3252, 46.7584], [-71.3253, 46.7585], [-71.3254, 46.7585], [-71.3255, 46.7586], [-71.3258, 46.7586], [-71.3259, 46.7586], [-71.3261, 46.7587], [-71.3262, 46.7588], [-71.3263, 46.7589], [-71.3264, 46.759], [-71.3264, 46.7592], [-71.3264, 46.7594]]]}}, {"type": "Feature", "properties": {"couche": "voile", "station": "Bégon", "minutes": 15}, "geometry": {"type": "Polygon", "coordinates": [[[-71.4858, 46.8773], [-71.1498, 46.8797], [-71.147, 46.6497], [-71.4816, 46.6473], [-71.4858, 46.8773]], [[-71.3158, 46.7577], [-71.3156, 46.7575], [-71.3154, 46.7574], [-71.3151, 46.7572], [-71.3148, 46.757], [-71.3145, 46.7569], [-71.3142, 46.7568], [-71.3139, 46.7567], [-71.3136, 46.7567], [-71.3133, 46.7567], [-71.313, 46.7568], [-71.3128, 46.7569], [-71.3125, 46.7569], [-71.3122, 46.757], [-71.312, 46.757], [-71.3117, 46.757], [-71.3115, 46.757], [-71.3112, 46.7569], [-71.311, 46.7569], [-71.3107, 46.7568], [-71.3105, 46.7567], [-71.3103, 46.7566], [-71.3101, 46.7566], [-71.31, 46.7566], [-71.3099, 46.7566], [-71.3098, 46.7566], [-71.3097, 46.7567], [-71.3097, 46.7568], [-71.3097, 46.7569], [-71.3097, 46.757], [-71.3098, 46.7571], [-71.3099, 46.7572], [-71.31, 46.7572], [-71.31, 46.7573], [-71.3101, 46.7573], [-71.3101, 46.7574], [-71.3101, 46.7575], [-71.31, 46.7576], [-71.3099, 46.7576], [-71.3099, 46.7577], [-71.3098, 46.7578], [-71.3097, 46.7579], [-71.3097, 46.758], [-71.3098, 46.7581], [-71.3099, 46.7582], [-71.3099, 46.7583], [-71.3098, 46.7584], [-71.3097, 46.7585], [-71.3096, 46.7586], [-71.3094, 46.7588], [-71.3091, 46.759], [-71.3088, 46.7591], [-71.3086, 46.7593], [-71.3083, 46.7594], [-71.308, 46.7595], [-71.3078, 46.7596], [-71.3076, 46.7596], [-71.3074, 46.7596], [-71.3072, 46.7596], [-71.307, 46.7596], [-71.3069, 46.7595], [-71.3067, 46.7595], [-71.3066, 46.7595], [-71.3065, 46.7595], [-71.3064, 46.7595], [-71.3063, 46.7595], [-71.3062, 46.7595], [-71.3061, 46.7596], [-71.306, 46.7597], [-71.306, 46.7598], [-71.3059, 46.7599], [-71.3059, 46.76], [-71.3058, 46.7602], [-71.3058, 46.7604], [-71.3057, 46.7606], [-71.3057, 46.7608], [-71.3057, 46.761], [-71.3057, 46.7612], [-71.3058, 46.7613], [-71.3058, 46.7614], [-71.3059, 46.7614], [-71.306, 46.7615], [-71.3062, 46.7614], [-71.3063, 46.7614], [-71.3065, 46.7614], [-71.3067, 46.7614], [-71.3069, 46.7614], [-71.3071, 46.7615], [-71.3074, 46.7616], [-71.3076, 46.7617], [-71.3079, 46.7619], [-71.3082, 46.7621], [-71.3085, 46.7623], [-71.3086, 46.7625], [-71.3087, 46.7627], [-71.3087, 46.7629], [-71.3086, 46.7631], [-71.3085, 46.7633], [-71.3083, 46.7635], [-71.308, 46.7637], [-71.3077, 46.7639], [-71.3074, 46.764], [-71.3072, 46.7641], [-71.307, 46.7642], [-71.3068, 46.7643], [-71.3066, 46.7644], [-71.3064, 46.7644], [-71.3063, 46.7644], [-71.3061, 46.7644], [-71.306, 46.7645], [-71.306, 46.7646], [-71.3059, 46.7646], [-71.3059, 46.7647], [-71.3059, 46.7649], [-71.3059, 46.765], [-71.306, 46.7651], [-71.306, 46.7653], [-71.3061, 46.7655], [-71.3061, 46.7657], [-71.306, 46.7659], [-71.306, 46.7661], [-71.3059, 46.7663], [-71.3058, 46.7665], [-71.3057, 46.7668], [-71.3056, 46.767], [-71.3056, 46.7672], [-71.3056, 46.7674], [-71.3056, 46.7676], [-71.3056, 46.7678], [-71.3057, 46.7679], [-71.3058, 46.7681], [-71.3059, 46.7682], [-71.306, 46.7684], [-71.3061, 46.7685], [-71.3061, 46.7686], [-71.3062, 46.7687], [-71.3061, 46.7687], [-71.3061, 46.7688], [-71.306, 46.7689], [-71.3059, 46.7689], [-71.3058, 46.769], [-71.3057, 46.769], [-71.3057, 46.7691], [-71.3057, 46.7692], [-71.3056, 46.7693], [-71.3056, 46.7694], [-71.3056, 46.7696], [-71.3057, 46.7697], [-71.3057, 46.7699], [-71.3058, 46.77], [-71.3059, 46.7701], [-71.3061, 46.7702], [-71.3062, 46.7702], [-71.3064, 46.7703], [-71.3066, 46.7703], [-71.3068, 46.7703], [-71.307, 46.7704], [-71.3072, 46.7703], [-71.3074, 46.7703], [-71.3075, 46.7703], [-71.3076, 46.7703], [-71.3077, 46.7702], [-71.3078, 46.7702], [-71.3079, 46.7701], [-71.3079, 46.77], [-71.308, 46.77], [-71.3081, 46.77], [-71.3082, 46.77], [-71.3083, 46.77], [-71.3084, 46.7701], [-71.3085, 46.7701], [-71.3086, 46.7702], [-71.3088, 46.7703], [-71.3089, 46.7703], [-71.309, 46.7704], [-71.3091, 46.7704], [-71.3092, 46.7704], [-71.3093, 46.7704], [-71.3094, 46.7703], [-71.3096, 46.7703], [-71.3097, 46.7702], [-71.3098, 46.7702], [-71.3099, 46.7702], [-71.31, 46.7702], [-71.3101, 46.7703], [-71.3102, 46.7704], [-71.3103, 46.7704], [-71.3104, 46.7704], [-71.3105, 46.7704], [-71.3106, 46.7704], [-71.3107, 46.7703], [-71.3108, 46.7703], [-71.311, 46.7702], [-71.3111, 46.7702], [-71.3112, 46.7702], [-71.3113, 46.7702], [-71.3115, 46.7702], [-71.3116, 46.7703], [-71.3118, 46.7703], [-71.312, 46.7703], [-71.3121, 46.7704], [-71.3123, 46.7704], [-71.3124, 46.7704], [-71.3125, 46.7704], [-71.3126, 46.7704], [-71.3127, 46.7704], [-71.3127, 46.7703], [-71.3128, 46.7703], [-71.3129, 46.7702], [-71.313, 46.7702], [-71.3131, 46.7702], [-71.3132, 46.7702], [-71.3133, 46.7703], [-71.3135, 46.7704], [-71.3136, 46.7704], [-71.3137, 46.7705], [-71.3138, 46.7705], [-71.3139, 46.7705], [-71.314, 46.7705], [-71.3141, 46.7704], [-71.3142, 46.7703], [-71.3143, 46.7702], [-71.3144, 46.7701], [-71.3145, 46.77], [-71.3146, 46.7699], [-71.3147, 46.7698], [-71.3148, 46.7698], [-71.315, 46.7699], [-71.3152, 46.7699], [-71.3154, 46.77], [-71.3156, 46.7702], [-71.3159, 46.7703], [-71.3161, 46.7703], [-71.3163, 46.7703], [-71.3165, 46.7703], [-71.3167, 46.7702], [-71.3169, 46.77], [-71.3171, 46.7699], [-71.3173, 46.7696], [-71.3175, 46.7695], [-71.3177, 46.7693], [-71.3179, 46.7692], [-71.318, 46.7691], [-71.3182, 46.7691], [-71.3183, 46.7691], [-71.3185, 46.7692], [-71.3186, 46.7693], [-71.3187, 46.7694], [-71.3188, 46.7695], [-71.3189, 46.7696], [-71.319, 46.7697], [-71.319, 46.7698], [-71.3191, 46.77], [-71.3191, 46.7701], [-71.3192, 46.7703], [-71.3193, 46.7704], [-71.3194, 46.7705], [-71.3196, 46.7706], [-71.3198, 46.7706], [-71.3201, 46.7706], [-71.3204, 46.7706], [-71.3208, 46.7706], [-71.3213, 46.7705], [-71.3217, 46.7705], [-71.322, 46.7704], [-71.3223, 46.7704], [-71.3226, 46.7704], [-71.3228, 46.7704], [-71.323, 46.7704], [-71.3231, 46.7704], [-71.3232, 46.7705], [-71.3233, 46.7705], [-71.3234, 46.7705], [-71.3236, 46.7705], [-71.3237, 46.7705], [-71.3239, 46.7704], [-71.3241, 46.7704], [-71.3243, 46.7703], [-71.3245, 46.7702], [-71.3247, 46.7701], [-71.3248, 46.77], [-71.3249, 46.7699], [-71.325, 46.7699], [-71.3251, 46.7698], [-71.3251, 46.7697], [-71.3251, 46.7696], [-71.3251, 46.7695], [-71.325, 46.7694], [-71.3251, 46.7693], [-71.3252, 46.7692], [-71.3254, 46.7691], [-71.3255, 46.7691], [-71.3257, 46.7691], [-71.3258, 46.7691], [-71.326, 46.769], [-71.3261, 46.769], [-71.3262, 46.7689], [-71.3263, 46.7688], [-71.3264, 46.7686], [-71.3264, 46.7685], [-71.3265, 46.7684], [-71.3266, 46.7682], [-71.3266, 46.7681], [-71.3266, 46.7679], [-71.3267, 46.7678], [-71.3267, 46.7677], [-71.3267, 46.7676], [-71.3267, 46.7675], [-71.3266, 46.7674], [-71.3266, 46.7673], [-71.3266, 46.7672], [-71.3265, 46.7671], [-71.3265, 46.767], [-71.3264, 46.7669], [-71.3263, 46.7669], [-71.3262, 46.7668], [-71.3261, 46.7668], [-71.326, 46.7667], [-71.3259, 46.7666], [-71.3259, 46.7665], [-71.3259, 46.7664], [-71.3259, 46.7662], [-71.3259, 46.7661], [-71.3259, 46.7659], [-71.326, 46.7657], [-71.326, 46.7655], [-71.3261, 46.7653], [-71.3261, 46.7652], [-71.326, 46.765], [-71.326, 46.7649], [-71.3259, 46.7648], [-71.3258, 46.7647], [-71.3257, 46.7646], [-71.3256, 46.7646], [-71.3255, 46.7645], [-71.3256, 46.7645], [-71.3256, 46.7644], [-71.3257, 46.7645], [-71.3259, 46.7645], [-71.326, 46.7645], [-71.3261, 46.7644], [-71.3262, 46.7644], [-71.3263, 46.7643], [-71.3264, 46.7642], [-71.3264, 46.764], [-71.3264, 46.7639], [-71.3264, 46.7638], [-71.3264, 46.7637], [-71.3264, 46.7636], [-71.3263, 46.7635], [-71.3262, 46.7635], [-71.3261, 46.7634], [-71.326, 46.7634], [-71.3259, 46.7634], [-71.3257, 46.7634], [-71.3255, 46.7633], [-71.3252, 46.7631], [-71.3249, 46.763], [-71.3246, 46.7628], [-71.3242, 46.7625], [-71.3238, 46.7622], [-71.3233, 46.7619], [-71.3229, 46.7615], [-71.3226, 46.7612], [-71.3225, 46.7609], [-71.3224, 46.7607], [-71.3224, 46.7604], [-71.3225, 46.7602], [-71.3227, 46.76], [-71.323, 46.7598], [-71.3233, 46.7596], [-71.3235, 46.7595], [-71.3237, 46.7594], [-71.3239, 46.7594], [-71.324, 46.7594], [-71.3241, 46.7595], [-71.3241, 46.7596], [-71.3241, 46.7597], [-71.3242, 46.7598], [-71.3242, 46.7599], [-71.3243, 46.76], [-71.3244, 46.7601], [-71.3246, 46.7602], [-71.3248, 46.7602], [-71.325, 46.7603], [-71.3253, 46.7603], [-71.3255, 46.7603], [-71.3257, 46.7602], [-71.3259, 46.7602], [-71.326, 46.7601], [-71.3262, 46.7599], [-71.3263, 46.7598], [-71.3263, 46.7596], [-71.3264, 46.7594], [-71.3264, 46.7592], [-71.3264, 46.759], [-71.3263, 46.7589], [-71.3262, 46.7588], [-71.3261, 46.7587], [-71.3259, 46.7586], [-71.3258, 46.7586], [-71.3255, 46.7586], [-71.3254, 46.7585], [-71.3253, 46.7585], [-71.3252, 46.7584], [-71.3252, 46.7583], [-71.3253, 46.7582], [-71.3254, 46.7581], [-71.3256, 46.758], [-71.3258, 46.7578], [-71.326, 46.7577], [-71.3262, 46.7575], [-71.3263, 46.7574], [-71.3264, 46.7573], [-71.3265, 46.7572], [-71.3265, 46.7571], [-71.3265, 46.757], [-71.3264, 46.7569], [-71.3262, 46.757], [-71.326, 46.757], [-71.3257, 46.7572], [-71.3253, 46.7573], [-71.3249, 46.7575], [-71.3244, 46.7578], [-71.3239, 46.7581], [-71.3234, 46.7583], [-71.3229, 46.7585], [-71.3224, 46.7587], [-71.322, 46.7587], [-71.3217, 46.7588], [-71.3213, 46.7588], [-71.321, 46.7587], [-71.3208, 46.7586], [-71.3206, 46.7585], [-71.3204, 46.7585], [-71.3203, 46.7585], [-71.3203, 46.7586], [-71.3203, 46.7587], [-71.3204, 46.7588], [-71.3206, 46.759], [-71.3207, 46.7592], [-71.3208, 46.7593], [-71.3208, 46.7594], [-71.3208, 46.7595], [-71.3207, 46.7596], [-71.3206, 46.7596], [-71.3205, 46.7595], [-71.3203, 46.7595], [-71.3201, 46.7594], [-71.3198, 46.7592], [-71.3194, 46.759], [-71.319, 46.7588], [-71.3186, 46.7585], [-71.3181, 46.7581], [-71.3176, 46.7578], [-71.3171, 46.7574], [-71.3167, 46.7572], [-71.3163, 46.757], [-71.316, 46.7568], [-71.3158, 46.7567], [-71.3156, 46.7566], [-71.3154, 46.7566], [-71.3153, 46.7567], [-71.3153, 46.7568], [-71.3153, 46.7569], [-71.3153, 46.757], [-71.3154, 46.7571], [-71.3155, 46.7573], [-71.3156, 46.7574], [-71.3158, 46.7576], [-71.3159, 46.7577], [-71.3158, 46.7577]]]}}]}