{"type": "FeatureCollection", "metadata": {"script": "scripts/analysis/tramway-isochrones.py", "genere_le": "2026-10-05", "source": "OpenStreetMap (ODbL) ; Statistique Canada, Recensement 2021", "attribution": "© les contributeurs d'OpenStreetMap", "titre": "Aires de marche et voiles — Belvédère", "paliers_min": [2, 3, 4, 5, 6, 7, 8, 9, 10, 11, 12, 13, 14, 15], "vitesse_kmh": 4.2, "methode": "Dijkstra sur le réseau marchable d'OpenStreetMap à 4.2 km/h ; couloir de 40 m autour des rues atteintes. Chaque voile est le complément de l'aire du même palier. Population par pondération de surface des aires de diffusion.", "trous": "comblés — intérieurs de grands îlots, pas des zones inaccessibles", "modes": "Mode de transport domicile–travail, recensement 2021 (mai 2021, en pleine pandémie), données-échantillon 25 %, réparti par pondération de surface."}, "features": [{"type": "Feature", "properties": {"couche": "aire_marche", "station": "Belvédère", "ordre": 17, "minutes": 2, "superficie_ha": 5.0, "rue_km": 1.34, "disque_ha": 6.2, "part_disque_pct": 80, "accroche_m": 1, "population": 217, "navetteurs": 64, "mode_auto_pct": 56, "mode_tc_pct": 23, "mode_actif_pct": 21, "mode_autre_pct": 0}, "geometry": {"type": "Polygon", "coordinates": [[[-71.2407, 46.7966], [-71.2407, 46.7968], [-71.2406, 46.7969], [-71.2406, 46.7971], [-71.2405, 46.7973], [-71.2405, 46.7974], [-71.2405, 46.7976], [-71.2405, 46.7977], [-71.2405, 46.7978], [-71.2406, 46.7979], [-71.2406, 46.798], [-71.2406, 46.7981], [-71.2405, 46.7981], [-71.2404, 46.7981], [-71.2403, 46.7981], [-71.2402, 46.7981], [-71.2401, 46.798], [-71.2399, 46.7979], [-71.2397, 46.7978], [-71.2395, 46.7978], [-71.2394, 46.7977], [-71.2393, 46.7977], [-71.2391, 46.7977], [-71.239, 46.7978], [-71.2389, 46.7978], [-71.2388, 46.7979], [-71.2387, 46.798], [-71.2386, 46.798], [-71.2385, 46.7981], [-71.2384, 46.7981], [-71.2382, 46.7981], [-71.2381, 46.7981], [-71.238, 46.7981], [-71.2379, 46.7981], [-71.2378, 46.798], [-71.2377, 46.798], [-71.2376, 46.798], [-71.2375, 46.7979], [-71.2375, 46.7978], [-71.2375, 46.7977], [-71.2375, 46.7976], [-71.2375, 46.7975], [-71.2376, 46.7974], [-71.2377, 46.7974], [-71.2378, 46.7973], [-71.2379, 46.7973], [-71.238, 46.7972], [-71.2381, 46.7972], [-71.2382, 46.7971], [-71.2383, 46.797], [-71.2383, 46.7969], [-71.2382, 46.7969], [-71.2381, 46.7969], [-71.238, 46.7968], [-71.2379, 46.7968], [-71.2378, 46.7967], [-71.2378, 46.7966], [-71.2377, 46.7965], [-71.2377, 46.7964], [-71.2377, 46.7963], [-71.2378, 46.7961], [-71.2379, 46.796], [-71.238, 46.796], [-71.2381, 46.7959], [-71.2384, 46.7958], [-71.2386, 46.7958], [-71.2389, 46.7958], [-71.2393, 46.7958], [-71.2396, 46.7958], [-71.24, 46.7959], [-71.2402, 46.7959], [-71.2404, 46.796], [-71.2406, 46.7961], [-71.2407, 46.7963], [-71.2407, 46.7964], [-71.2407, 46.7966]]]}}, {"type": "Feature", "properties": {"couche": "voile", "station": "Belvédère", "minutes": 2}, "geometry": {"type": "Polygon", "coordinates": [[[-71.3997, 46.9049], [-71.0815, 46.907], [-71.0791, 46.6888], [-71.3961, 46.6867], [-71.3997, 46.9049]], [[-71.2407, 46.7964], [-71.2407, 46.7963], [-71.2406, 46.7961], [-71.2404, 46.796], [-71.2402, 46.7959], [-71.24, 46.7959], [-71.2396, 46.7958], [-71.2393, 46.7958], [-71.2389, 46.7958], [-71.2386, 46.7958], [-71.2384, 46.7958], [-71.2381, 46.7959], [-71.238, 46.796], [-71.2379, 46.796], [-71.2378, 46.7961], [-71.2377, 46.7963], [-71.2377, 46.7964], [-71.2377, 46.7965], [-71.2378, 46.7966], [-71.2378, 46.7967], [-71.2379, 46.7968], [-71.238, 46.7968], [-71.2381, 46.7969], [-71.2382, 46.7969], [-71.2383, 46.7969], [-71.2383, 46.797], [-71.2382, 46.7971], [-71.2381, 46.7972], [-71.238, 46.7972], [-71.2379, 46.7973], [-71.2378, 46.7973], [-71.2377, 46.7974], [-71.2376, 46.7974], [-71.2375, 46.7975], [-71.2375, 46.7976], [-71.2375, 46.7977], [-71.2375, 46.7978], [-71.2375, 46.7979], [-71.2376, 46.798], [-71.2377, 46.798], [-71.2378, 46.798], [-71.2379, 46.7981], [-71.238, 46.7981], [-71.2381, 46.7981], [-71.2382, 46.7981], [-71.2384, 46.7981], [-71.2385, 46.7981], [-71.2386, 46.798], [-71.2387, 46.798], [-71.2388, 46.7979], [-71.2389, 46.7978], [-71.239, 46.7978], [-71.2391, 46.7977], [-71.2393, 46.7977], [-71.2394, 46.7977], [-71.2395, 46.7978], [-71.2397, 46.7978], [-71.2399, 46.7979], [-71.2401, 46.798], [-71.2402, 46.7981], [-71.2403, 46.7981], [-71.2404, 46.7981], [-71.2405, 46.7981], [-71.2406, 46.7981], [-71.2406, 46.798], [-71.2406, 46.7979], [-71.2405, 46.7978], [-71.2405, 46.7977], [-71.2405, 46.7976], [-71.2405, 46.7974], [-71.2405, 46.7973], [-71.2406, 46.7971], [-71.2406, 46.7969], [-71.2407, 46.7968], [-71.2407, 46.7966], [-71.2407, 46.7964]]]}}, {"type": "Feature", "properties": {"couche": "aire_marche", "station": "Belvédère", "ordre": 17, "minutes": 3, "superficie_ha": 10.3, "rue_km": 2.68, "disque_ha": 13.9, "part_disque_pct": 74, "accroche_m": 1, "population": 534, "navetteurs": 161, "mode_auto_pct": 55, "mode_tc_pct": 22, "mode_actif_pct": 23, "mode_autre_pct": 0}, "geometry": {"type": "Polygon", "coordinates": [[[-71.2415, 46.797], [-71.2414, 46.7974], [-71.2414, 46.7977], [-71.2413, 46.798], [-71.2412, 46.7983], [-71.2411, 46.7985], [-71.2409, 46.7986], [-71.2408, 46.7987], [-71.2406, 46.7988], [-71.2404, 46.7988], [-71.2402, 46.7987], [-71.24, 46.7987], [-71.2399, 46.7986], [-71.2398, 46.7985], [-71.2396, 46.7984], [-71.2396, 46.7983], [-71.2395, 46.7982], [-71.2394, 46.7981], [-71.2394, 46.7979], [-71.2393, 46.7979], [-71.2393, 46.7978], [-71.2392, 46.7979], [-71.2392, 46.798], [-71.2391, 46.7982], [-71.2391, 46.7983], [-71.239, 46.7984], [-71.2389, 46.7985], [-71.2387, 46.7985], [-71.2385, 46.7986], [-71.2383, 46.7986], [-71.238, 46.7986], [-71.2377, 46.7985], [-71.2375, 46.7984], [-71.2373, 46.7983], [-71.2372, 46.7982], [-71.237, 46.7979], [-71.237, 46.7977], [-71.237, 46.7974], [-71.237, 46.797], [-71.2371, 46.7966], [-71.2372, 46.7963], [-71.2373, 46.796], [-71.2374, 46.7958], [-71.2375, 46.7956], [-71.2376, 46.7955], [-71.2377, 46.7955], [-71.2379, 46.7955], [-71.238, 46.7955], [-71.2382, 46.7956], [-71.2384, 46.7956], [-71.2387, 46.7956], [-71.2389, 46.7957], [-71.2392, 46.7957], [-71.2396, 46.7957], [-71.2399, 46.7956], [-71.2403, 46.7956], [-71.2406, 46.7956], [-71.2409, 46.7957], [-71.2411, 46.7959], [-71.2413, 46.7961], [-71.2414, 46.7963], [-71.2415, 46.7966], [-71.2415, 46.797]]]}}, {"type": "Feature", "properties": {"couche": "voile", "station": "Belvédère", "minutes": 3}, "geometry": {"type": "Polygon", "coordinates": [[[-71.4005, 46.9056], [-71.081, 46.9077], [-71.0786, 46.6885], [-71.3969, 46.6864], [-71.4005, 46.9056]], [[-71.2415, 46.7966], [-71.2414, 46.7963], [-71.2413, 46.7961], [-71.2411, 46.7959], [-71.2409, 46.7957], [-71.2406, 46.7956], [-71.2403, 46.7956], [-71.2399, 46.7956], [-71.2396, 46.7957], [-71.2392, 46.7957], [-71.2389, 46.7957], [-71.2387, 46.7956], [-71.2384, 46.7956], [-71.2382, 46.7956], [-71.238, 46.7955], [-71.2379, 46.7955], [-71.2377, 46.7955], [-71.2376, 46.7955], [-71.2375, 46.7956], [-71.2374, 46.7958], [-71.2373, 46.796], [-71.2372, 46.7963], [-71.2371, 46.7966], [-71.237, 46.797], [-71.237, 46.7974], [-71.237, 46.7977], [-71.237, 46.7979], [-71.2372, 46.7982], [-71.2373, 46.7983], [-71.2375, 46.7984], [-71.2377, 46.7985], [-71.238, 46.7986], [-71.2383, 46.7986], [-71.2385, 46.7986], [-71.2387, 46.7985], [-71.2389, 46.7985], [-71.239, 46.7984], [-71.2391, 46.7983], [-71.2391, 46.7982], [-71.2392, 46.798], [-71.2392, 46.7979], [-71.2393, 46.7978], [-71.2393, 46.7979], [-71.2394, 46.7979], [-71.2394, 46.7981], [-71.2395, 46.7982], [-71.2396, 46.7983], [-71.2396, 46.7984], [-71.2398, 46.7985], [-71.2399, 46.7986], [-71.24, 46.7987], [-71.2402, 46.7987], [-71.2404, 46.7988], [-71.2406, 46.7988], [-71.2408, 46.7987], [-71.2409, 46.7986], [-71.2411, 46.7985], [-71.2412, 46.7983], [-71.2413, 46.798], [-71.2414, 46.7977], [-71.2414, 46.7974], [-71.2415, 46.797], [-71.2415, 46.7966]]]}}, {"type": "Feature", "properties": {"couche": "aire_marche", "station": "Belvédère", "ordre": 17, "minutes": 4, "superficie_ha": 18.0, "rue_km": 4.25, "disque_ha": 24.6, "part_disque_pct": 73, "accroche_m": 1, "population": 1023, "navetteurs": 316, "mode_auto_pct": 56, "mode_tc_pct": 20, "mode_actif_pct": 24, "mode_autre_pct": 0}, "geometry": {"type": "Polygon", "coordinates": [[[-71.2425, 46.7967], [-71.2424, 46.797], [-71.2424, 46.7973], [-71.2423, 46.7975], [-71.2423, 46.7978], [-71.2422, 46.7979], [-71.2421, 46.7981], [-71.242, 46.7982], [-71.242, 46.7983], [-71.2419, 46.7983], [-71.2418, 46.7983], [-71.2417, 46.7984], [-71.2417, 46.7985], [-71.2417, 46.7986], [-71.2417, 46.7987], [-71.2417, 46.7988], [-71.2417, 46.7989], [-71.2418, 46.799], [-71.2417, 46.7991], [-71.2416, 46.7991], [-71.2415, 46.7991], [-71.2414, 46.7991], [-71.2413, 46.799], [-71.2411, 46.7989], [-71.2409, 46.7989], [-71.2408, 46.7988], [-71.2407, 46.7988], [-71.2406, 46.7988], [-71.2405, 46.7988], [-71.2404, 46.7988], [-71.2403, 46.7989], [-71.2403, 46.799], [-71.2402, 46.799], [-71.24, 46.7991], [-71.2398, 46.7991], [-71.2395, 46.7991], [-71.2392, 46.7991], [-71.2388, 46.7991], [-71.2384, 46.7991], [-71.2378, 46.799], [-71.2374, 46.7989], [-71.237, 46.7988], [-71.2367, 46.7987], [-71.2365, 46.7985], [-71.2363, 46.7983], [-71.2362, 46.7981], [-71.2362, 46.7978], [-71.2362, 46.7975], [-71.2362, 46.7972], [-71.2363, 46.797], [-71.2364, 46.7968], [-71.2365, 46.7967], [-71.2366, 46.7965], [-71.2367, 46.7964], [-71.2369, 46.7963], [-71.237, 46.7963], [-71.2371, 46.7963], [-71.2372, 46.7962], [-71.2373, 46.7961], [-71.2372, 46.7961], [-71.2372, 46.796], [-71.2371, 46.796], [-71.2369, 46.7959], [-71.2368, 46.7959], [-71.2367, 46.7958], [-71.2366, 46.7957], [-71.2366, 46.7956], [-71.2365, 46.7955], [-71.2365, 46.7954], [-71.2366, 46.7953], [-71.2366, 46.7952], [-71.2366, 46.7951], [-71.2367, 46.795], [-71.2368, 46.795], [-71.237, 46.795], [-71.2371, 46.795], [-71.2373, 46.7951], [-71.2375, 46.7952], [-71.2377, 46.7953], [-71.238, 46.7954], [-71.2382, 46.7955], [-71.2384, 46.7955], [-71.2385, 46.7955], [-71.2387, 46.7955], [-71.2389, 46.7955], [-71.239, 46.7954], [-71.2391, 46.7954], [-71.2393, 46.7953], [-71.2394, 46.7952], [-71.2395, 46.7952], [-71.2397, 46.7952], [-71.2398, 46.7952], [-71.24, 46.7953], [-71.2401, 46.7953], [-71.2403, 46.7954], [-71.2404, 46.7954], [-71.2406, 46.7955], [-71.2407, 46.7955], [-71.2408, 46.7955], [-71.2409, 46.7955], [-71.241, 46.7954], [-71.2411, 46.7953], [-71.2412, 46.7953], [-71.2412, 46.7952], [-71.2413, 46.7951], [-71.2414, 46.7951], [-71.2416, 46.7951], [-71.2417, 46.7951], [-71.2418, 46.7952], [-71.242, 46.7952], [-71.2421, 46.7953], [-71.2423, 46.7954], [-71.2424, 46.7955], [-71.2425, 46.7957], [-71.2425, 46.7959], [-71.2425, 46.7961], [-71.2425, 46.7964], [-71.2425, 46.7967]]]}}, {"type": "Feature", "properties": {"couche": "voile", "station": "Belvédère", "minutes": 4}, "geometry": {"type": "Polygon", "coordinates": [[[-71.4015, 46.9059], [-71.0802, 46.908], [-71.0778, 46.688], [-71.3979, 46.6859], [-71.4015, 46.9059]], [[-71.2425, 46.7964], [-71.2425, 46.7961], [-71.2425, 46.7959], [-71.2425, 46.7957], [-71.2424, 46.7955], [-71.2423, 46.7954], [-71.2421, 46.7953], [-71.242, 46.7952], [-71.2418, 46.7952], [-71.2417, 46.7951], [-71.2416, 46.7951], [-71.2414, 46.7951], [-71.2413, 46.7951], [-71.2412, 46.7952], [-71.2412, 46.7953], [-71.2411, 46.7953], [-71.241, 46.7954], [-71.2409, 46.7955], [-71.2408, 46.7955], [-71.2407, 46.7955], [-71.2406, 46.7955], [-71.2404, 46.7954], [-71.2403, 46.7954], [-71.2401, 46.7953], [-71.24, 46.7953], [-71.2398, 46.7952], [-71.2397, 46.7952], [-71.2395, 46.7952], [-71.2394, 46.7952], [-71.2393, 46.7953], [-71.2391, 46.7954], [-71.239, 46.7954], [-71.2389, 46.7955], [-71.2387, 46.7955], [-71.2385, 46.7955], [-71.2384, 46.7955], [-71.2382, 46.7955], [-71.238, 46.7954], [-71.2377, 46.7953], [-71.2375, 46.7952], [-71.2373, 46.7951], [-71.2371, 46.795], [-71.237, 46.795], [-71.2368, 46.795], [-71.2367, 46.795], [-71.2366, 46.7951], [-71.2366, 46.7952], [-71.2366, 46.7953], [-71.2365, 46.7954], [-71.2365, 46.7955], [-71.2366, 46.7956], [-71.2366, 46.7957], [-71.2367, 46.7958], [-71.2368, 46.7959], [-71.2369, 46.7959], [-71.2371, 46.796], [-71.2372, 46.796], [-71.2372, 46.7961], [-71.2373, 46.7961], [-71.2372, 46.7962], [-71.2371, 46.7963], [-71.237, 46.7963], [-71.2369, 46.7963], [-71.2367, 46.7964], [-71.2366, 46.7965], [-71.2365, 46.7967], [-71.2364, 46.7968], [-71.2363, 46.797], [-71.2362, 46.7972], [-71.2362, 46.7975], [-71.2362, 46.7978], [-71.2362, 46.7981], [-71.2363, 46.7983], [-71.2365, 46.7985], [-71.2367, 46.7987], [-71.237, 46.7988], [-71.2374, 46.7989], [-71.2378, 46.799], [-71.2384, 46.7991], [-71.2388, 46.7991], [-71.2392, 46.7991], [-71.2395, 46.7991], [-71.2398, 46.7991], [-71.24, 46.7991], [-71.2402, 46.799], [-71.2403, 46.799], [-71.2403, 46.7989], [-71.2404, 46.7988], [-71.2405, 46.7988], [-71.2406, 46.7988], [-71.2407, 46.7988], [-71.2408, 46.7988], [-71.2409, 46.7989], [-71.2411, 46.7989], [-71.2413, 46.799], [-71.2414, 46.7991], [-71.2415, 46.7991], [-71.2416, 46.7991], [-71.2417, 46.7991], [-71.2418, 46.799], [-71.2417, 46.7989], [-71.2417, 46.7988], [-71.2417, 46.7987], [-71.2417, 46.7986], [-71.2417, 46.7985], [-71.2417, 46.7984], [-71.2418, 46.7983], [-71.2419, 46.7983], [-71.242, 46.7983], [-71.242, 46.7982], [-71.2421, 46.7981], [-71.2422, 46.7979], [-71.2423, 46.7978], [-71.2423, 46.7975], [-71.2424, 46.7973], [-71.2424, 46.797], [-71.2425, 46.7967], [-71.2425, 46.7964]]]}}, {"type": "Feature", "properties": {"couche": "aire_marche", "station": "Belvédère", "ordre": 17, "minutes": 5, "superficie_ha": 26.7, "rue_km": 6.63, "disque_ha": 38.5, "part_disque_pct": 69, "accroche_m": 1, "population": 1641, "navetteurs": 506, "mode_auto_pct": 56, "mode_tc_pct": 20, "mode_actif_pct": 24, "mode_autre_pct": 0}, "geometry": {"type": "Polygon", "coordinates": [[[-71.243, 46.796], [-71.243, 46.7964], [-71.243, 46.7967], [-71.243, 46.797], [-71.2429, 46.7973], [-71.2429, 46.7975], [-71.2428, 46.7976], [-71.2428, 46.7977], [-71.2427, 46.7978], [-71.2426, 46.7978], [-71.2425, 46.7979], [-71.2424, 46.798], [-71.2424, 46.7981], [-71.2425, 46.7981], [-71.2425, 46.7982], [-71.2426, 46.7983], [-71.2427, 46.7984], [-71.2427, 46.7985], [-71.2427, 46.7987], [-71.2427, 46.7988], [-71.2427, 46.7989], [-71.2427, 46.7991], [-71.2426, 46.7992], [-71.2426, 46.7994], [-71.2425, 46.7994], [-71.2423, 46.7995], [-71.2422, 46.7995], [-71.242, 46.7995], [-71.2418, 46.7994], [-71.2416, 46.7993], [-71.2414, 46.7991], [-71.2412, 46.799], [-71.241, 46.7989], [-71.2409, 46.7989], [-71.2408, 46.7988], [-71.2407, 46.7988], [-71.2408, 46.7989], [-71.2409, 46.799], [-71.241, 46.7991], [-71.241, 46.7992], [-71.241, 46.7993], [-71.2411, 46.7993], [-71.2411, 46.7994], [-71.241, 46.7995], [-71.241, 46.7996], [-71.2409, 46.7996], [-71.2407, 46.7996], [-71.2406, 46.7997], [-71.2404, 46.7997], [-71.2401, 46.7997], [-71.2399, 46.7997], [-71.2395, 46.7997], [-71.2392, 46.7996], [-71.2389, 46.7996], [-71.2386, 46.7996], [-71.2383, 46.7995], [-71.2381, 46.7995], [-71.2379, 46.7994], [-71.2377, 46.7993], [-71.2376, 46.7992], [-71.2374, 46.7991], [-71.2373, 46.7991], [-71.2372, 46.799], [-71.2371, 46.799], [-71.237, 46.799], [-71.2369, 46.799], [-71.2368, 46.7991], [-71.2367, 46.7991], [-71.2366, 46.7992], [-71.2366, 46.7993], [-71.2365, 46.7993], [-71.2364, 46.7993], [-71.2362, 46.7993], [-71.2361, 46.7993], [-71.236, 46.7993], [-71.2358, 46.7993], [-71.2357, 46.7993], [-71.2356, 46.7992], [-71.2355, 46.7992], [-71.2355, 46.7991], [-71.2354, 46.7991], [-71.2354, 46.799], [-71.2354, 46.7989], [-71.2354, 46.7988], [-71.2354, 46.7987], [-71.2354, 46.7986], [-71.2355, 46.7986], [-71.2355, 46.7985], [-71.2356, 46.7985], [-71.2357, 46.7984], [-71.2358, 46.7984], [-71.2359, 46.7984], [-71.236, 46.7983], [-71.2361, 46.7982], [-71.236, 46.7981], [-71.236, 46.798], [-71.2359, 46.7979], [-71.2358, 46.7979], [-71.2357, 46.7977], [-71.2357, 46.7975], [-71.2357, 46.7973], [-71.2357, 46.7971], [-71.2357, 46.7968], [-71.2358, 46.7965], [-71.2359, 46.7961], [-71.236, 46.7957], [-71.2361, 46.7953], [-71.2362, 46.7951], [-71.2363, 46.7948], [-71.2365, 46.7946], [-71.2366, 46.7945], [-71.2367, 46.7944], [-71.2369, 46.7943], [-71.237, 46.7943], [-71.2371, 46.7944], [-71.2373, 46.7944], [-71.2374, 46.7945], [-71.2376, 46.7946], [-71.2377, 46.7947], [-71.2378, 46.7948], [-71.238, 46.795], [-71.2381, 46.7951], [-71.2382, 46.7953], [-71.2383, 46.7954], [-71.2384, 46.7954], [-71.2385, 46.7954], [-71.2386, 46.7954], [-71.2387, 46.7953], [-71.2388, 46.7952], [-71.2389, 46.7951], [-71.239, 46.795], [-71.2391, 46.7949], [-71.2392, 46.7948], [-71.2393, 46.7948], [-71.2395, 46.7949], [-71.2397, 46.7949], [-71.2399, 46.795], [-71.2401, 46.7952], [-71.2403, 46.7953], [-71.2405, 46.7953], [-71.2406, 46.7954], [-71.2408, 46.7954], [-71.2409, 46.7954], [-71.241, 46.7954], [-71.2411, 46.7953], [-71.2412, 46.7952], [-71.2412, 46.7951], [-71.2414, 46.795], [-71.2415, 46.7949], [-71.2416, 46.7949], [-71.2418, 46.7948], [-71.2419, 46.7948], [-71.2421, 46.7948], [-71.2423, 46.7948], [-71.2425, 46.7948], [-71.2427, 46.7949], [-71.2428, 46.795], [-71.2429, 46.7952], [-71.243, 46.7954], [-71.243, 46.7957], [-71.243, 46.796]]]}}, {"type": "Feature", "properties": {"couche": "voile", "station": "Belvédère", "minutes": 5}, "geometry": {"type": "Polygon", "coordinates": [[[-71.4021, 46.9065], [-71.0794, 46.9086], [-71.077, 46.6873], [-71.3984, 46.6852], [-71.4021, 46.9065]], [[-71.243, 46.7957], [-71.243, 46.7954], [-71.2429, 46.7952], [-71.2428, 46.795], [-71.2427, 46.7949], [-71.2425, 46.7948], [-71.2423, 46.7948], [-71.2421, 46.7948], [-71.2419, 46.7948], [-71.2418, 46.7948], [-71.2416, 46.7949], [-71.2415, 46.7949], [-71.2414, 46.795], [-71.2412, 46.7951], [-71.2412, 46.7952], [-71.2411, 46.7953], [-71.241, 46.7954], [-71.2409, 46.7954], [-71.2408, 46.7954], [-71.2406, 46.7954], [-71.2405, 46.7953], [-71.2403, 46.7953], [-71.2401, 46.7952], [-71.2399, 46.795], [-71.2397, 46.7949], [-71.2395, 46.7949], [-71.2393, 46.7948], [-71.2392, 46.7948], [-71.2391, 46.7949], [-71.239, 46.795], [-71.2389, 46.7951], [-71.2388, 46.7952], [-71.2387, 46.7953], [-71.2386, 46.7954], [-71.2385, 46.7954], [-71.2384, 46.7954], [-71.2383, 46.7954], [-71.2382, 46.7953], [-71.2381, 46.7951], [-71.238, 46.795], [-71.2378, 46.7948], [-71.2377, 46.7947], [-71.2376, 46.7946], [-71.2374, 46.7945], [-71.2373, 46.7944], [-71.2371, 46.7944], [-71.237, 46.7943], [-71.2369, 46.7943], [-71.2367, 46.7944], [-71.2366, 46.7945], [-71.2365, 46.7946], [-71.2363, 46.7948], [-71.2362, 46.7951], [-71.2361, 46.7953], [-71.236, 46.7957], [-71.2359, 46.7961], [-71.2358, 46.7965], [-71.2357, 46.7968], [-71.2357, 46.7971], [-71.2357, 46.7973], [-71.2357, 46.7975], [-71.2357, 46.7977], [-71.2358, 46.7979], [-71.2359, 46.7979], [-71.236, 46.798], [-71.236, 46.7981], [-71.2361, 46.7982], [-71.236, 46.7983], [-71.2359, 46.7984], [-71.2358, 46.7984], [-71.2357, 46.7984], [-71.2356, 46.7985], [-71.2355, 46.7985], [-71.2355, 46.7986], [-71.2354, 46.7986], [-71.2354, 46.7987], [-71.2354, 46.7988], [-71.2354, 46.7989], [-71.2354, 46.799], [-71.2354, 46.7991], [-71.2355, 46.7991], [-71.2355, 46.7992], [-71.2356, 46.7992], [-71.2357, 46.7993], [-71.2358, 46.7993], [-71.236, 46.7993], [-71.2361, 46.7993], [-71.2362, 46.7993], [-71.2364, 46.7993], [-71.2365, 46.7993], [-71.2366, 46.7993], [-71.2366, 46.7992], [-71.2367, 46.7991], [-71.2368, 46.7991], [-71.2369, 46.799], [-71.237, 46.799], [-71.2371, 46.799], [-71.2372, 46.799], [-71.2373, 46.7991], [-71.2374, 46.7991], [-71.2376, 46.7992], [-71.2377, 46.7993], [-71.2379, 46.7994], [-71.2381, 46.7995], [-71.2383, 46.7995], [-71.2386, 46.7996], [-71.2389, 46.7996], [-71.2392, 46.7996], [-71.2395, 46.7997], [-71.2399, 46.7997], [-71.2401, 46.7997], [-71.2404, 46.7997], [-71.2406, 46.7997], [-71.2407, 46.7996], [-71.2409, 46.7996], [-71.241, 46.7996], [-71.241, 46.7995], [-71.2411, 46.7994], [-71.2411, 46.7993], [-71.241, 46.7993], [-71.241, 46.7992], [-71.241, 46.7991], [-71.2409, 46.799], [-71.2408, 46.7989], [-71.2407, 46.7988], [-71.2408, 46.7988], [-71.2409, 46.7989], [-71.241, 46.7989], [-71.2412, 46.799], [-71.2414, 46.7991], [-71.2416, 46.7993], [-71.2418, 46.7994], [-71.242, 46.7995], [-71.2422, 46.7995], [-71.2423, 46.7995], [-71.2425, 46.7994], [-71.2426, 46.7994], [-71.2426, 46.7992], [-71.2427, 46.7991], [-71.2427, 46.7989], [-71.2427, 46.7988], [-71.2427, 46.7987], [-71.2427, 46.7985], [-71.2427, 46.7984], [-71.2426, 46.7983], [-71.2425, 46.7982], [-71.2425, 46.7981], [-71.2424, 46.7981], [-71.2424, 46.798], [-71.2425, 46.7979], [-71.2426, 46.7978], [-71.2427, 46.7978], [-71.2428, 46.7977], [-71.2428, 46.7976], [-71.2429, 46.7975], [-71.2429, 46.7973], [-71.243, 46.797], [-71.243, 46.7967], [-71.243, 46.7964], [-71.243, 46.796], [-71.243, 46.7957]]]}}, {"type": "Feature", "properties": {"couche": "aire_marche", "station": "Belvédère", "ordre": 17, "minutes": 6, "superficie_ha": 38.2, "rue_km": 9.25, "disque_ha": 55.4, "part_disque_pct": 69, "accroche_m": 1, "population": 2395, "navetteurs": 745, "mode_auto_pct": 56, "mode_tc_pct": 20, "mode_actif_pct": 24, "mode_autre_pct": 0}, "geometry": {"type": "Polygon", "coordinates": [[[-71.2438, 46.7949], [-71.2438, 46.7951], [-71.2438, 46.7952], [-71.2438, 46.7953], [-71.2438, 46.7954], [-71.2437, 46.7955], [-71.2436, 46.7955], [-71.2435, 46.7956], [-71.2434, 46.7956], [-71.2433, 46.7956], [-71.2432, 46.7956], [-71.2431, 46.7956], [-71.2431, 46.7957], [-71.2432, 46.7958], [-71.2432, 46.7959], [-71.2433, 46.796], [-71.2434, 46.7961], [-71.2435, 46.7963], [-71.2436, 46.7965], [-71.2436, 46.7968], [-71.2436, 46.7971], [-71.2436, 46.7974], [-71.2436, 46.7978], [-71.2435, 46.7982], [-71.2434, 46.7987], [-71.2432, 46.7991], [-71.2429, 46.7994], [-71.2426, 46.7997], [-71.2421, 46.7999], [-71.2416, 46.8], [-71.241, 46.8001], [-71.2403, 46.8001], [-71.2395, 46.8001], [-71.2388, 46.8], [-71.2382, 46.8], [-71.2377, 46.7999], [-71.2372, 46.7999], [-71.2369, 46.7998], [-71.2366, 46.7998], [-71.2364, 46.7997], [-71.2363, 46.7996], [-71.2362, 46.7996], [-71.2361, 46.7995], [-71.236, 46.7995], [-71.2359, 46.7995], [-71.2358, 46.7995], [-71.2358, 46.7996], [-71.2357, 46.7996], [-71.2357, 46.7997], [-71.2356, 46.7997], [-71.2355, 46.7997], [-71.2354, 46.7997], [-71.2353, 46.7997], [-71.2352, 46.7997], [-71.2351, 46.7997], [-71.235, 46.7997], [-71.2349, 46.7997], [-71.2349, 46.7996], [-71.2348, 46.7996], [-71.2348, 46.7995], [-71.2349, 46.7994], [-71.2349, 46.7993], [-71.235, 46.7992], [-71.2351, 46.7991], [-71.2352, 46.799], [-71.2352, 46.7989], [-71.2352, 46.7988], [-71.2352, 46.7987], [-71.2352, 46.7985], [-71.2351, 46.7984], [-71.2351, 46.7983], [-71.2351, 46.7982], [-71.2351, 46.7981], [-71.2352, 46.7981], [-71.2353, 46.7981], [-71.2355, 46.7981], [-71.2357, 46.7981], [-71.2358, 46.7982], [-71.2359, 46.7982], [-71.2359, 46.7981], [-71.2359, 46.798], [-71.2358, 46.7979], [-71.2357, 46.7977], [-71.2355, 46.7976], [-71.2353, 46.7974], [-71.2352, 46.7972], [-71.2351, 46.797], [-71.2351, 46.7968], [-71.235, 46.7966], [-71.235, 46.7964], [-71.235, 46.7961], [-71.2351, 46.7959], [-71.2351, 46.7956], [-71.2352, 46.7954], [-71.2353, 46.7952], [-71.2354, 46.795], [-71.2355, 46.7948], [-71.2357, 46.7947], [-71.2358, 46.7945], [-71.236, 46.7944], [-71.2362, 46.7943], [-71.2364, 46.7942], [-71.2366, 46.7941], [-71.2369, 46.794], [-71.2371, 46.794], [-71.2374, 46.794], [-71.2377, 46.794], [-71.238, 46.7941], [-71.2383, 46.7941], [-71.2386, 46.7942], [-71.2389, 46.7943], [-71.2391, 46.7944], [-71.2394, 46.7945], [-71.2396, 46.7947], [-71.2399, 46.7948], [-71.2401, 46.795], [-71.2403, 46.7951], [-71.2405, 46.7952], [-71.2406, 46.7953], [-71.2408, 46.7953], [-71.2409, 46.7952], [-71.241, 46.7951], [-71.2411, 46.795], [-71.2412, 46.7948], [-71.2413, 46.7946], [-71.2413, 46.7945], [-71.2414, 46.7944], [-71.2415, 46.7943], [-71.2416, 46.7942], [-71.2417, 46.7942], [-71.2418, 46.7941], [-71.2419, 46.7941], [-71.242, 46.7941], [-71.2421, 46.7941], [-71.2422, 46.7942], [-71.2423, 46.7942], [-71.2424, 46.7943], [-71.2424, 46.7944], [-71.2425, 46.7944], [-71.2425, 46.7945], [-71.2426, 46.7945], [-71.2427, 46.7946], [-71.2428, 46.7946], [-71.2429, 46.7946], [-71.243, 46.7946], [-71.2431, 46.7945], [-71.2433, 46.7945], [-71.2434, 46.7945], [-71.2435, 46.7945], [-71.2436, 46.7945], [-71.2437, 46.7946], [-71.2438, 46.7947], [-71.2438, 46.7948], [-71.2438, 46.7949]]]}}, {"type": "Feature", "properties": {"couche": "voile", "station": "Belvédère", "minutes": 6}, "geometry": {"type": "Polygon", "coordinates": [[[-71.4029, 46.9069], [-71.0788, 46.909], [-71.0764, 46.687], [-71.3992, 46.6849], [-71.4029, 46.9069]], [[-71.2438, 46.7948], [-71.2438, 46.7947], [-71.2437, 46.7946], [-71.2436, 46.7945], [-71.2435, 46.7945], [-71.2434, 46.7945], [-71.2433, 46.7945], [-71.2431, 46.7945], [-71.243, 46.7946], [-71.2429, 46.7946], [-71.2428, 46.7946], [-71.2427, 46.7946], [-71.2426, 46.7945], [-71.2425, 46.7945], [-71.2425, 46.7944], [-71.2424, 46.7944], [-71.2424, 46.7943], [-71.2423, 46.7942], [-71.2422, 46.7942], [-71.2421, 46.7941], [-71.242, 46.7941], [-71.2419, 46.7941], [-71.2418, 46.7941], [-71.2417, 46.7942], [-71.2416, 46.7942], [-71.2415, 46.7943], [-71.2414, 46.7944], [-71.2413, 46.7945], [-71.2413, 46.7946], [-71.2412, 46.7948], [-71.2411, 46.795], [-71.241, 46.7951], [-71.2409, 46.7952], [-71.2408, 46.7953], [-71.2406, 46.7953], [-71.2405, 46.7952], [-71.2403, 46.7951], [-71.2401, 46.795], [-71.2399, 46.7948], [-71.2396, 46.7947], [-71.2394, 46.7945], [-71.2391, 46.7944], [-71.2389, 46.7943], [-71.2386, 46.7942], [-71.2383, 46.7941], [-71.238, 46.7941], [-71.2377, 46.794], [-71.2374, 46.794], [-71.2371, 46.794], [-71.2369, 46.794], [-71.2366, 46.7941], [-71.2364, 46.7942], [-71.2362, 46.7943], [-71.236, 46.7944], [-71.2358, 46.7945], [-71.2357, 46.7947], [-71.2355, 46.7948], [-71.2354, 46.795], [-71.2353, 46.7952], [-71.2352, 46.7954], [-71.2351, 46.7956], [-71.2351, 46.7959], [-71.235, 46.7961], [-71.235, 46.7964], [-71.235, 46.7966], [-71.2351, 46.7968], [-71.2351, 46.797], [-71.2352, 46.7972], [-71.2353, 46.7974], [-71.2355, 46.7976], [-71.2357, 46.7977], [-71.2358, 46.7979], [-71.2359, 46.798], [-71.2359, 46.7981], [-71.2359, 46.7982], [-71.2358, 46.7982], [-71.2357, 46.7981], [-71.2355, 46.7981], [-71.2353, 46.7981], [-71.2352, 46.7981], [-71.2351, 46.7981], [-71.2351, 46.7982], [-71.2351, 46.7983], [-71.2351, 46.7984], [-71.2352, 46.7985], [-71.2352, 46.7987], [-71.2352, 46.7988], [-71.2352, 46.7989], [-71.2352, 46.799], [-71.2351, 46.7991], [-71.235, 46.7992], [-71.2349, 46.7993], [-71.2349, 46.7994], [-71.2348, 46.7995], [-71.2348, 46.7996], [-71.2349, 46.7996], [-71.2349, 46.7997], [-71.235, 46.7997], [-71.2351, 46.7997], [-71.2352, 46.7997], [-71.2353, 46.7997], [-71.2354, 46.7997], [-71.2355, 46.7997], [-71.2356, 46.7997], [-71.2357, 46.7997], [-71.2357, 46.7996], [-71.2358, 46.7996], [-71.2358, 46.7995], [-71.2359, 46.7995], [-71.236, 46.7995], [-71.2361, 46.7995], [-71.2362, 46.7996], [-71.2363, 46.7996], [-71.2364, 46.7997], [-71.2366, 46.7998], [-71.2369, 46.7998], [-71.2372, 46.7999], [-71.2377, 46.7999], [-71.2382, 46.8], [-71.2388, 46.8], [-71.2395, 46.8001], [-71.2403, 46.8001], [-71.241, 46.8001], [-71.2416, 46.8], [-71.2421, 46.7999], [-71.2426, 46.7997], [-71.2429, 46.7994], [-71.2432, 46.7991], [-71.2434, 46.7987], [-71.2435, 46.7982], [-71.2436, 46.7978], [-71.2436, 46.7974], [-71.2436, 46.7971], [-71.2436, 46.7968], [-71.2436, 46.7965], [-71.2435, 46.7963], [-71.2434, 46.7961], [-71.2433, 46.796], [-71.2432, 46.7959], [-71.2432, 46.7958], [-71.2431, 46.7957], [-71.2431, 46.7956], [-71.2432, 46.7956], [-71.2433, 46.7956], [-71.2434, 46.7956], [-71.2435, 46.7956], [-71.2436, 46.7955], [-71.2437, 46.7955], [-71.2438, 46.7954], [-71.2438, 46.7953], [-71.2438, 46.7952], [-71.2438, 46.7951], [-71.2438, 46.7949], [-71.2438, 46.7948]]]}}, {"type": "Feature", "properties": {"couche": "aire_marche", "station": "Belvédère", "ordre": 17, "minutes": 7, "superficie_ha": 49.1, "rue_km": 12.92, "disque_ha": 75.4, "part_disque_pct": 65, "accroche_m": 1, "population": 3167, "navetteurs": 1001, "mode_auto_pct": 54, "mode_tc_pct": 21, "mode_actif_pct": 25, "mode_autre_pct": 0}, "geometry": {"type": "Polygon", "coordinates": [[[-71.2445, 46.7947], [-71.2444, 46.7948], [-71.2443, 46.7948], [-71.2442, 46.7949], [-71.2442, 46.795], [-71.2442, 46.7951], [-71.2442, 46.7952], [-71.2442, 46.7953], [-71.2443, 46.7954], [-71.2444, 46.7955], [-71.2444, 46.7956], [-71.2445, 46.7958], [-71.2445, 46.796], [-71.2445, 46.7962], [-71.2445, 46.7965], [-71.2445, 46.7968], [-71.2444, 46.7971], [-71.2444, 46.7974], [-71.2443, 46.7978], [-71.2442, 46.798], [-71.2442, 46.7983], [-71.2441, 46.7985], [-71.244, 46.7986], [-71.2439, 46.7987], [-71.2438, 46.7988], [-71.2437, 46.7988], [-71.2436, 46.7989], [-71.2436, 46.799], [-71.2437, 46.799], [-71.2437, 46.7991], [-71.2438, 46.7991], [-71.2439, 46.7992], [-71.244, 46.7992], [-71.244, 46.7993], [-71.244, 46.7994], [-71.2439, 46.7995], [-71.2438, 46.7996], [-71.2438, 46.7997], [-71.2437, 46.7998], [-71.2436, 46.7999], [-71.2435, 46.8], [-71.2435, 46.8001], [-71.2435, 46.8002], [-71.2435, 46.8003], [-71.2436, 46.8004], [-71.2436, 46.8005], [-71.2435, 46.8006], [-71.2434, 46.8006], [-71.2433, 46.8006], [-71.2432, 46.8006], [-71.243, 46.8005], [-71.2428, 46.8005], [-71.2426, 46.8004], [-71.2424, 46.8004], [-71.2421, 46.8004], [-71.2418, 46.8004], [-71.2414, 46.8004], [-71.2411, 46.8004], [-71.2406, 46.8005], [-71.2403, 46.8005], [-71.2399, 46.8005], [-71.2396, 46.8005], [-71.2393, 46.8004], [-71.2391, 46.8004], [-71.2389, 46.8003], [-71.2388, 46.8003], [-71.2387, 46.8002], [-71.2385, 46.8001], [-71.2384, 46.8001], [-71.2383, 46.8], [-71.2381, 46.8], [-71.238, 46.8], [-71.2378, 46.8001], [-71.2377, 46.8001], [-71.2375, 46.8002], [-71.2374, 46.8002], [-71.2373, 46.8003], [-71.2371, 46.8003], [-71.237, 46.8003], [-71.2369, 46.8003], [-71.2368, 46.8003], [-71.2368, 46.8002], [-71.2367, 46.8002], [-71.2367, 46.8001], [-71.2366, 46.8001], [-71.2366, 46.8], [-71.2366, 46.7999], [-71.2365, 46.7999], [-71.2365, 46.7998], [-71.2364, 46.7998], [-71.2363, 46.7997], [-71.2363, 46.7996], [-71.2362, 46.7996], [-71.2361, 46.7996], [-71.2361, 46.7997], [-71.2361, 46.7998], [-71.2361, 46.7999], [-71.2361, 46.8], [-71.2361, 46.8001], [-71.236, 46.8001], [-71.2359, 46.8001], [-71.2358, 46.8001], [-71.2356, 46.8], [-71.2355, 46.8], [-71.2354, 46.8], [-71.2352, 46.7999], [-71.2351, 46.7999], [-71.2349, 46.7999], [-71.2348, 46.7999], [-71.2346, 46.7999], [-71.2345, 46.8], [-71.2344, 46.8], [-71.2343, 46.8], [-71.2342, 46.8], [-71.2342, 46.7999], [-71.2341, 46.7999], [-71.2342, 46.7998], [-71.2342, 46.7997], [-71.2343, 46.7996], [-71.2343, 46.7995], [-71.2344, 46.7994], [-71.2344, 46.7993], [-71.2344, 46.7992], [-71.2344, 46.7991], [-71.2344, 46.799], [-71.2343, 46.7989], [-71.2343, 46.7988], [-71.2343, 46.7987], [-71.2343, 46.7986], [-71.2344, 46.7986], [-71.2345, 46.7986], [-71.2346, 46.7986], [-71.2348, 46.7987], [-71.2349, 46.7987], [-71.235, 46.7987], [-71.2351, 46.7986], [-71.235, 46.7985], [-71.235, 46.7984], [-71.2349, 46.7982], [-71.2348, 46.798], [-71.2347, 46.7979], [-71.2347, 46.7978], [-71.2347, 46.7977], [-71.2348, 46.7977], [-71.235, 46.7977], [-71.2352, 46.7978], [-71.2354, 46.7979], [-71.2356, 46.798], [-71.2357, 46.798], [-71.2358, 46.798], [-71.2358, 46.7979], [-71.2357, 46.7978], [-71.2356, 46.7977], [-71.2354, 46.7975], [-71.2352, 46.7973], [-71.235, 46.7971], [-71.2348, 46.7969], [-71.2346, 46.7966], [-71.2345, 46.7964], [-71.2345, 46.7962], [-71.2344, 46.796], [-71.2344, 46.7958], [-71.2345, 46.7956], [-71.2345, 46.7954], [-71.2346, 46.7953], [-71.2347, 46.7951], [-71.2348, 46.795], [-71.2349, 46.7949], [-71.2351, 46.7948], [-71.2352, 46.7947], [-71.2354, 46.7946], [-71.2356, 46.7946], [-71.2358, 46.7945], [-71.2359, 46.7944], [-71.236, 46.7943], [-71.2361, 46.7942], [-71.2361, 46.7941], [-71.2361, 46.794], [-71.2362, 46.7938], [-71.2362, 46.7937], [-71.2363, 46.7936], [-71.2364, 46.7936], [-71.2366, 46.7935], [-71.2368, 46.7935], [-71.2371, 46.7934], [-71.2373, 46.7934], [-71.2377, 46.7935], [-71.238, 46.7935], [-71.2382, 46.7935], [-71.2384, 46.7936], [-71.2386, 46.7936], [-71.2387, 46.7937], [-71.2388, 46.7937], [-71.2388, 46.7938], [-71.2388, 46.7939], [-71.2388, 46.794], [-71.2389, 46.7941], [-71.239, 46.7942], [-71.2391, 46.7943], [-71.2393, 46.7945], [-71.2395, 46.7946], [-71.2397, 46.7948], [-71.24, 46.795], [-71.2402, 46.7951], [-71.2404, 46.7953], [-71.2406, 46.7953], [-71.2407, 46.7954], [-71.2408, 46.7954], [-71.2409, 46.7954], [-71.241, 46.7954], [-71.241, 46.7953], [-71.2411, 46.7952], [-71.2411, 46.7951], [-71.241, 46.795], [-71.241, 46.7949], [-71.2409, 46.7949], [-71.2408, 46.7948], [-71.2407, 46.7947], [-71.2406, 46.7946], [-71.2406, 46.7945], [-71.2407, 46.7944], [-71.2408, 46.7943], [-71.2409, 46.7942], [-71.241, 46.7941], [-71.2411, 46.794], [-71.2413, 46.7939], [-71.2414, 46.7939], [-71.2416, 46.7939], [-71.2417, 46.794], [-71.2418, 46.794], [-71.242, 46.7941], [-71.2421, 46.7942], [-71.2423, 46.7943], [-71.2424, 46.7944], [-71.2425, 46.7944], [-71.2426, 46.7945], [-71.2428, 46.7944], [-71.2429, 46.7944], [-71.243, 46.7943], [-71.2431, 46.7942], [-71.2432, 46.7941], [-71.2434, 46.7941], [-71.2435, 46.794], [-71.2436, 46.794], [-71.2438, 46.794], [-71.2439, 46.794], [-71.2441, 46.7941], [-71.2443, 46.7942], [-71.2444, 46.7942], [-71.2445, 46.7943], [-71.2446, 46.7944], [-71.2446, 46.7945], [-71.2445, 46.7946], [-71.2445, 46.7947]]]}}, {"type": "Feature", "properties": {"couche": "voile", "station": "Belvédère", "minutes": 7}, "geometry": {"type": "Polygon", "coordinates": [[[-71.4037, 46.9074], [-71.0781, 46.9095], [-71.0757, 46.6864], [-71.4, 46.6843], [-71.4037, 46.9074]], [[-71.2445, 46.7946], [-71.2446, 46.7945], [-71.2446, 46.7944], [-71.2445, 46.7943], [-71.2444, 46.7942], [-71.2443, 46.7942], [-71.2441, 46.7941], [-71.2439, 46.794], [-71.2438, 46.794], [-71.2436, 46.794], [-71.2435, 46.794], [-71.2434, 46.7941], [-71.2432, 46.7941], [-71.2431, 46.7942], [-71.243, 46.7943], [-71.2429, 46.7944], [-71.2428, 46.7944], [-71.2426, 46.7945], [-71.2425, 46.7944], [-71.2424, 46.7944], [-71.2423, 46.7943], [-71.2421, 46.7942], [-71.242, 46.7941], [-71.2418, 46.794], [-71.2417, 46.794], [-71.2416, 46.7939], [-71.2414, 46.7939], [-71.2413, 46.7939], [-71.2411, 46.794], [-71.241, 46.7941], [-71.2409, 46.7942], [-71.2408, 46.7943], [-71.2407, 46.7944], [-71.2406, 46.7945], [-71.2406, 46.7946], [-71.2407, 46.7947], [-71.2408, 46.7948], [-71.2409, 46.7949], [-71.241, 46.7949], [-71.241, 46.795], [-71.2411, 46.7951], [-71.2411, 46.7952], [-71.241, 46.7953], [-71.241, 46.7954], [-71.2409, 46.7954], [-71.2408, 46.7954], [-71.2407, 46.7954], [-71.2406, 46.7953], [-71.2404, 46.7953], [-71.2402, 46.7951], [-71.24, 46.795], [-71.2397, 46.7948], [-71.2395, 46.7946], [-71.2393, 46.7945], [-71.2391, 46.7943], [-71.239, 46.7942], [-71.2389, 46.7941], [-71.2388, 46.794], [-71.2388, 46.7939], [-71.2388, 46.7938], [-71.2388, 46.7937], [-71.2387, 46.7937], [-71.2386, 46.7936], [-71.2384, 46.7936], [-71.2382, 46.7935], [-71.238, 46.7935], [-71.2377, 46.7935], [-71.2373, 46.7934], [-71.2371, 46.7934], [-71.2368, 46.7935], [-71.2366, 46.7935], [-71.2364, 46.7936], [-71.2363, 46.7936], [-71.2362, 46.7937], [-71.2362, 46.7938], [-71.2361, 46.794], [-71.2361, 46.7941], [-71.2361, 46.7942], [-71.236, 46.7943], [-71.2359, 46.7944], [-71.2358, 46.7945], [-71.2356, 46.7946], [-71.2354, 46.7946], [-71.2352, 46.7947], [-71.2351, 46.7948], [-71.2349, 46.7949], [-71.2348, 46.795], [-71.2347, 46.7951], [-71.2346, 46.7953], [-71.2345, 46.7954], [-71.2345, 46.7956], [-71.2344, 46.7958], [-71.2344, 46.796], [-71.2345, 46.7962], [-71.2345, 46.7964], [-71.2346, 46.7966], [-71.2348, 46.7969], [-71.235, 46.7971], [-71.2352, 46.7973], [-71.2354, 46.7975], [-71.2356, 46.7977], [-71.2357, 46.7978], [-71.2358, 46.7979], [-71.2358, 46.798], [-71.2357, 46.798], [-71.2356, 46.798], [-71.2354, 46.7979], [-71.2352, 46.7978], [-71.235, 46.7977], [-71.2348, 46.7977], [-71.2347, 46.7977], [-71.2347, 46.7978], [-71.2347, 46.7979], [-71.2348, 46.798], [-71.2349, 46.7982], [-71.235, 46.7984], [-71.235, 46.7985], [-71.2351, 46.7986], [-71.235, 46.7987], [-71.2349, 46.7987], [-71.2348, 46.7987], [-71.2346, 46.7986], [-71.2345, 46.7986], [-71.2344, 46.7986], [-71.2343, 46.7986], [-71.2343, 46.7987], [-71.2343, 46.7988], [-71.2343, 46.7989], [-71.2344, 46.799], [-71.2344, 46.7991], [-71.2344, 46.7992], [-71.2344, 46.7993], [-71.2344, 46.7994], [-71.2343, 46.7995], [-71.2343, 46.7996], [-71.2342, 46.7997], [-71.2342, 46.7998], [-71.2341, 46.7999], [-71.2342, 46.7999], [-71.2342, 46.8], [-71.2343, 46.8], [-71.2344, 46.8], [-71.2345, 46.8], [-71.2346, 46.7999], [-71.2348, 46.7999], [-71.2349, 46.7999], [-71.2351, 46.7999], [-71.2352, 46.7999], [-71.2354, 46.8], [-71.2355, 46.8], [-71.2356, 46.8], [-71.2358, 46.8001], [-71.2359, 46.8001], [-71.236, 46.8001], [-71.2361, 46.8001], [-71.2361, 46.8], [-71.2361, 46.7999], [-71.2361, 46.7998], [-71.2361, 46.7997], [-71.2361, 46.7996], [-71.2362, 46.7996], [-71.2363, 46.7996], [-71.2363, 46.7997], [-71.2364, 46.7998], [-71.2365, 46.7998], [-71.2365, 46.7999], [-71.2366, 46.7999], [-71.2366, 46.8], [-71.2366, 46.8001], [-71.2367, 46.8001], [-71.2367, 46.8002], [-71.2368, 46.8002], [-71.2368, 46.8003], [-71.2369, 46.8003], [-71.237, 46.8003], [-71.2371, 46.8003], [-71.2373, 46.8003], [-71.2374, 46.8002], [-71.2375, 46.8002], [-71.2377, 46.8001], [-71.2378, 46.8001], [-71.238, 46.8], [-71.2381, 46.8], [-71.2383, 46.8], [-71.2384, 46.8001], [-71.2385, 46.8001], [-71.2387, 46.8002], [-71.2388, 46.8003], [-71.2389, 46.8003], [-71.2391, 46.8004], [-71.2393, 46.8004], [-71.2396, 46.8005], [-71.2399, 46.8005], [-71.2403, 46.8005], [-71.2406, 46.8005], [-71.2411, 46.8004], [-71.2414, 46.8004], [-71.2418, 46.8004], [-71.2421, 46.8004], [-71.2424, 46.8004], [-71.2426, 46.8004], [-71.2428, 46.8005], [-71.243, 46.8005], [-71.2432, 46.8006], [-71.2433, 46.8006], [-71.2434, 46.8006], [-71.2435, 46.8006], [-71.2436, 46.8005], [-71.2436, 46.8004], [-71.2435, 46.8003], [-71.2435, 46.8002], [-71.2435, 46.8001], [-71.2435, 46.8], [-71.2436, 46.7999], [-71.2437, 46.7998], [-71.2438, 46.7997], [-71.2438, 46.7996], [-71.2439, 46.7995], [-71.244, 46.7994], [-71.244, 46.7993], [-71.244, 46.7992], [-71.2439, 46.7992], [-71.2438, 46.7991], [-71.2437, 46.7991], [-71.2437, 46.799], [-71.2436, 46.799], [-71.2436, 46.7989], [-71.2437, 46.7988], [-71.2438, 46.7988], [-71.2439, 46.7987], [-71.244, 46.7986], [-71.2441, 46.7985], [-71.2442, 46.7983], [-71.2442, 46.798], [-71.2443, 46.7978], [-71.2444, 46.7974], [-71.2444, 46.7971], [-71.2445, 46.7968], [-71.2445, 46.7965], [-71.2445, 46.7962], [-71.2445, 46.796], [-71.2445, 46.7958], [-71.2444, 46.7956], [-71.2444, 46.7955], [-71.2443, 46.7954], [-71.2442, 46.7953], [-71.2442, 46.7952], [-71.2442, 46.7951], [-71.2442, 46.795], [-71.2442, 46.7949], [-71.2443, 46.7948], [-71.2444, 46.7948], [-71.2445, 46.7947], [-71.2445, 46.7946]]]}}, {"type": "Feature", "properties": {"couche": "aire_marche", "station": "Belvédère", "ordre": 17, "minutes": 8, "superficie_ha": 62.9, "rue_km": 17.27, "disque_ha": 98.5, "part_disque_pct": 64, "accroche_m": 1, "population": 4107, "navetteurs": 1293, "mode_auto_pct": 53, "mode_tc_pct": 22, "mode_actif_pct": 25, "mode_autre_pct": 0}, "geometry": {"type": "Polygon", "coordinates": [[[-71.2453, 46.7943], [-71.2453, 46.7945], [-71.2453, 46.7946], [-71.2453, 46.7947], [-71.2452, 46.7948], [-71.2452, 46.7949], [-71.2451, 46.795], [-71.245, 46.795], [-71.2449, 46.795], [-71.2448, 46.795], [-71.2448, 46.7951], [-71.2448, 46.7952], [-71.2447, 46.7953], [-71.2448, 46.7954], [-71.2448, 46.7955], [-71.2449, 46.7956], [-71.2449, 46.7958], [-71.245, 46.796], [-71.245, 46.7961], [-71.245, 46.7962], [-71.245, 46.7963], [-71.245, 46.7964], [-71.2449, 46.7964], [-71.2448, 46.7965], [-71.2447, 46.7965], [-71.2446, 46.7966], [-71.2445, 46.7966], [-71.2445, 46.7967], [-71.2445, 46.7968], [-71.2446, 46.7969], [-71.2447, 46.797], [-71.2448, 46.7971], [-71.2449, 46.7973], [-71.2449, 46.7976], [-71.2449, 46.7978], [-71.2449, 46.7982], [-71.2448, 46.7986], [-71.2447, 46.799], [-71.2446, 46.7995], [-71.2445, 46.7999], [-71.2444, 46.8003], [-71.2443, 46.8006], [-71.2441, 46.8008], [-71.244, 46.801], [-71.2439, 46.801], [-71.2437, 46.8011], [-71.2436, 46.801], [-71.2434, 46.801], [-71.2432, 46.8009], [-71.2429, 46.8009], [-71.2427, 46.8009], [-71.2423, 46.8009], [-71.242, 46.8009], [-71.2416, 46.8009], [-71.2412, 46.8009], [-71.2408, 46.8009], [-71.2404, 46.8009], [-71.2401, 46.8009], [-71.2398, 46.8008], [-71.2395, 46.8008], [-71.2393, 46.8007], [-71.2391, 46.8005], [-71.2389, 46.8004], [-71.2387, 46.8003], [-71.2386, 46.8002], [-71.2384, 46.8002], [-71.2383, 46.8001], [-71.2383, 46.8002], [-71.2382, 46.8002], [-71.2382, 46.8003], [-71.2381, 46.8004], [-71.2381, 46.8005], [-71.2381, 46.8006], [-71.238, 46.8007], [-71.2379, 46.8007], [-71.2378, 46.8007], [-71.2377, 46.8007], [-71.2376, 46.8006], [-71.2375, 46.8006], [-71.2374, 46.8006], [-71.2372, 46.8005], [-71.2371, 46.8005], [-71.237, 46.8005], [-71.2369, 46.8005], [-71.2368, 46.8006], [-71.2366, 46.8006], [-71.2365, 46.8006], [-71.2364, 46.8006], [-71.2362, 46.8006], [-71.2361, 46.8006], [-71.236, 46.8005], [-71.2359, 46.8004], [-71.2357, 46.8003], [-71.2356, 46.8002], [-71.2355, 46.8002], [-71.2354, 46.8001], [-71.2353, 46.8001], [-71.2352, 46.8001], [-71.2351, 46.8001], [-71.235, 46.8002], [-71.235, 46.8003], [-71.2349, 46.8004], [-71.2348, 46.8004], [-71.2347, 46.8005], [-71.2346, 46.8005], [-71.2345, 46.8006], [-71.2343, 46.8006], [-71.2341, 46.8006], [-71.2339, 46.8005], [-71.2338, 46.8005], [-71.2336, 46.8004], [-71.2335, 46.8003], [-71.2335, 46.8001], [-71.2334, 46.7999], [-71.2334, 46.7997], [-71.2334, 46.7994], [-71.2334, 46.7991], [-71.2335, 46.7988], [-71.2335, 46.7986], [-71.2336, 46.7984], [-71.2336, 46.7982], [-71.2337, 46.7981], [-71.2338, 46.798], [-71.2339, 46.798], [-71.234, 46.798], [-71.2341, 46.798], [-71.2342, 46.798], [-71.2344, 46.7981], [-71.2345, 46.7981], [-71.2346, 46.7982], [-71.2347, 46.7983], [-71.2349, 46.7984], [-71.235, 46.7985], [-71.235, 46.7984], [-71.2349, 46.7983], [-71.2348, 46.7982], [-71.2347, 46.798], [-71.2345, 46.7978], [-71.2343, 46.7976], [-71.2342, 46.7974], [-71.2341, 46.7972], [-71.234, 46.7971], [-71.234, 46.797], [-71.2341, 46.7969], [-71.2342, 46.7969], [-71.2343, 46.7969], [-71.2344, 46.797], [-71.2346, 46.797], [-71.2347, 46.7971], [-71.2349, 46.7972], [-71.2347, 46.797], [-71.2346, 46.7969], [-71.2344, 46.7967], [-71.2343, 46.7966], [-71.2341, 46.7965], [-71.234, 46.7965], [-71.234, 46.7964], [-71.2339, 46.7964], [-71.2339, 46.7963], [-71.2338, 46.7962], [-71.2338, 46.796], [-71.2338, 46.7958], [-71.2338, 46.7957], [-71.2339, 46.7954], [-71.2339, 46.7952], [-71.234, 46.795], [-71.2341, 46.7948], [-71.2342, 46.7947], [-71.2343, 46.7946], [-71.2344, 46.7945], [-71.2346, 46.7945], [-71.2347, 46.7945], [-71.2349, 46.7946], [-71.2351, 46.7946], [-71.2353, 46.7946], [-71.2354, 46.7946], [-71.2355, 46.7947], [-71.2356, 46.7947], [-71.2357, 46.7946], [-71.2358, 46.7946], [-71.2359, 46.7946], [-71.2359, 46.7945], [-71.236, 46.7945], [-71.236, 46.7944], [-71.236, 46.7943], [-71.2359, 46.7941], [-71.2359, 46.794], [-71.2358, 46.7939], [-71.2358, 46.7937], [-71.2358, 46.7935], [-71.2358, 46.7934], [-71.236, 46.7933], [-71.2362, 46.7932], [-71.2365, 46.7932], [-71.2368, 46.7931], [-71.2373, 46.7931], [-71.2378, 46.7931], [-71.2382, 46.7931], [-71.2386, 46.7932], [-71.2389, 46.7932], [-71.2391, 46.7933], [-71.2393, 46.7934], [-71.2394, 46.7935], [-71.2394, 46.7936], [-71.2394, 46.7938], [-71.2394, 46.7939], [-71.2394, 46.7941], [-71.2394, 46.7942], [-71.2395, 46.7944], [-71.2396, 46.7945], [-71.2398, 46.7947], [-71.2399, 46.7949], [-71.2401, 46.795], [-71.2403, 46.7952], [-71.2404, 46.7953], [-71.2405, 46.7953], [-71.2406, 46.7954], [-71.2406, 46.7953], [-71.2406, 46.7952], [-71.2405, 46.7951], [-71.2404, 46.795], [-71.2404, 46.7948], [-71.2404, 46.7947], [-71.2405, 46.7946], [-71.2405, 46.7945], [-71.2406, 46.7944], [-71.2408, 46.7942], [-71.2409, 46.7941], [-71.2411, 46.794], [-71.2412, 46.794], [-71.2414, 46.794], [-71.2415, 46.794], [-71.2417, 46.794], [-71.2418, 46.794], [-71.242, 46.7941], [-71.2421, 46.7943], [-71.2422, 46.7943], [-71.2424, 46.7944], [-71.2425, 46.7944], [-71.2426, 46.7943], [-71.2427, 46.7942], [-71.2427, 46.7941], [-71.2428, 46.794], [-71.2428, 46.7938], [-71.2429, 46.7937], [-71.243, 46.7936], [-71.2431, 46.7936], [-71.2432, 46.7936], [-71.2433, 46.7936], [-71.2435, 46.7937], [-71.2436, 46.7938], [-71.2438, 46.7938], [-71.2439, 46.7938], [-71.244, 46.7938], [-71.2442, 46.7938], [-71.2443, 46.7938], [-71.2445, 46.7938], [-71.2447, 46.7937], [-71.2448, 46.7937], [-71.2449, 46.7937], [-71.245, 46.7937], [-71.2451, 46.7938], [-71.2452, 46.7939], [-71.2452, 46.794], [-71.2453, 46.7942], [-71.2453, 46.7943]]]}}, {"type": "Feature", "properties": {"couche": "voile", "station": "Belvédère", "minutes": 8}, "geometry": {"type": "Polygon", "coordinates": [[[-71.4044, 46.9079], [-71.0774, 46.91], [-71.075, 46.6861], [-71.4007, 46.684], [-71.4044, 46.9079]], [[-71.2453, 46.7942], [-71.2452, 46.794], [-71.2452, 46.7939], [-71.2451, 46.7938], [-71.245, 46.7937], [-71.2449, 46.7937], [-71.2448, 46.7937], [-71.2447, 46.7937], [-71.2445, 46.7938], [-71.2443, 46.7938], [-71.2442, 46.7938], [-71.244, 46.7938], [-71.2439, 46.7938], [-71.2438, 46.7938], [-71.2436, 46.7938], [-71.2435, 46.7937], [-71.2433, 46.7936], [-71.2432, 46.7936], [-71.2431, 46.7936], [-71.243, 46.7936], [-71.2429, 46.7937], [-71.2428, 46.7938], [-71.2428, 46.794], [-71.2427, 46.7941], [-71.2427, 46.7942], [-71.2426, 46.7943], [-71.2425, 46.7944], [-71.2424, 46.7944], [-71.2422, 46.7943], [-71.2421, 46.7943], [-71.242, 46.7941], [-71.2418, 46.794], [-71.2417, 46.794], [-71.2415, 46.794], [-71.2414, 46.794], [-71.2412, 46.794], [-71.2411, 46.794], [-71.2409, 46.7941], [-71.2408, 46.7942], [-71.2406, 46.7944], [-71.2405, 46.7945], [-71.2405, 46.7946], [-71.2404, 46.7947], [-71.2404, 46.7948], [-71.2404, 46.795], [-71.2405, 46.7951], [-71.2406, 46.7952], [-71.2406, 46.7953], [-71.2406, 46.7954], [-71.2405, 46.7953], [-71.2404, 46.7953], [-71.2403, 46.7952], [-71.2401, 46.795], [-71.2399, 46.7949], [-71.2398, 46.7947], [-71.2396, 46.7945], [-71.2395, 46.7944], [-71.2394, 46.7942], [-71.2394, 46.7941], [-71.2394, 46.7939], [-71.2394, 46.7938], [-71.2394, 46.7936], [-71.2394, 46.7935], [-71.2393, 46.7934], [-71.2391, 46.7933], [-71.2389, 46.7932], [-71.2386, 46.7932], [-71.2382, 46.7931], [-71.2378, 46.7931], [-71.2373, 46.7931], [-71.2368, 46.7931], [-71.2365, 46.7932], [-71.2362, 46.7932], [-71.236, 46.7933], [-71.2358, 46.7934], [-71.2358, 46.7935], [-71.2358, 46.7937], [-71.2358, 46.7939], [-71.2359, 46.794], [-71.2359, 46.7941], [-71.236, 46.7943], [-71.236, 46.7944], [-71.236, 46.7945], [-71.2359, 46.7945], [-71.2359, 46.7946], [-71.2358, 46.7946], [-71.2357, 46.7946], [-71.2356, 46.7947], [-71.2355, 46.7947], [-71.2354, 46.7946], [-71.2353, 46.7946], [-71.2351, 46.7946], [-71.2349, 46.7946], [-71.2347, 46.7945], [-71.2346, 46.7945], [-71.2344, 46.7945], [-71.2343, 46.7946], [-71.2342, 46.7947], [-71.2341, 46.7948], [-71.234, 46.795], [-71.2339, 46.7952], [-71.2339, 46.7954], [-71.2338, 46.7957], [-71.2338, 46.7958], [-71.2338, 46.796], [-71.2338, 46.7962], [-71.2339, 46.7963], [-71.2339, 46.7964], [-71.234, 46.7964], [-71.234, 46.7965], [-71.2341, 46.7965], [-71.2343, 46.7966], [-71.2344, 46.7967], [-71.2346, 46.7969], [-71.2347, 46.797], [-71.2349, 46.7972], [-71.2347, 46.7971], [-71.2346, 46.797], [-71.2344, 46.797], [-71.2343, 46.7969], [-71.2342, 46.7969], [-71.2341, 46.7969], [-71.234, 46.797], [-71.234, 46.7971], [-71.2341, 46.7972], [-71.2342, 46.7974], [-71.2343, 46.7976], [-71.2345, 46.7978], [-71.2347, 46.798], [-71.2348, 46.7982], [-71.2349, 46.7983], [-71.235, 46.7984], [-71.235, 46.7985], [-71.2349, 46.7984], [-71.2347, 46.7983], [-71.2346, 46.7982], [-71.2345, 46.7981], [-71.2344, 46.7981], [-71.2342, 46.798], [-71.2341, 46.798], [-71.234, 46.798], [-71.2339, 46.798], [-71.2338, 46.798], [-71.2337, 46.7981], [-71.2336, 46.7982], [-71.2336, 46.7984], [-71.2335, 46.7986], [-71.2335, 46.7988], [-71.2334, 46.7991], [-71.2334, 46.7994], [-71.2334, 46.7997], [-71.2334, 46.7999], [-71.2335, 46.8001], [-71.2335, 46.8003], [-71.2336, 46.8004], [-71.2338, 46.8005], [-71.2339, 46.8005], [-71.2341, 46.8006], [-71.2343, 46.8006], [-71.2345, 46.8006], [-71.2346, 46.8005], [-71.2347, 46.8005], [-71.2348, 46.8004], [-71.2349, 46.8004], [-71.235, 46.8003], [-71.235, 46.8002], [-71.2351, 46.8001], [-71.2352, 46.8001], [-71.2353, 46.8001], [-71.2354, 46.8001], [-71.2355, 46.8002], [-71.2356, 46.8002], [-71.2357, 46.8003], [-71.2359, 46.8004], [-71.236, 46.8005], [-71.2361, 46.8006], [-71.2362, 46.8006], [-71.2364, 46.8006], [-71.2365, 46.8006], [-71.2366, 46.8006], [-71.2368, 46.8006], [-71.2369, 46.8005], [-71.237, 46.8005], [-71.2371, 46.8005], [-71.2372, 46.8005], [-71.2374, 46.8006], [-71.2375, 46.8006], [-71.2376, 46.8006], [-71.2377, 46.8007], [-71.2378, 46.8007], [-71.2379, 46.8007], [-71.238, 46.8007], [-71.2381, 46.8006], [-71.2381, 46.8005], [-71.2381, 46.8004], [-71.2382, 46.8003], [-71.2382, 46.8002], [-71.2383, 46.8002], [-71.2383, 46.8001], [-71.2384, 46.8002], [-71.2386, 46.8002], [-71.2387, 46.8003], [-71.2389, 46.8004], [-71.2391, 46.8005], [-71.2393, 46.8007], [-71.2395, 46.8008], [-71.2398, 46.8008], [-71.2401, 46.8009], [-71.2404, 46.8009], [-71.2408, 46.8009], [-71.2412, 46.8009], [-71.2416, 46.8009], [-71.242, 46.8009], [-71.2423, 46.8009], [-71.2427, 46.8009], [-71.2429, 46.8009], [-71.2432, 46.8009], [-71.2434, 46.801], [-71.2436, 46.801], [-71.2437, 46.8011], [-71.2439, 46.801], [-71.244, 46.801], [-71.2441, 46.8008], [-71.2443, 46.8006], [-71.2444, 46.8003], [-71.2445, 46.7999], [-71.2446, 46.7995], [-71.2447, 46.799], [-71.2448, 46.7986], [-71.2449, 46.7982], [-71.2449, 46.7978], [-71.2449, 46.7976], [-71.2449, 46.7973], [-71.2448, 46.7971], [-71.2447, 46.797], [-71.2446, 46.7969], [-71.2445, 46.7968], [-71.2445, 46.7967], [-71.2445, 46.7966], [-71.2446, 46.7966], [-71.2447, 46.7965], [-71.2448, 46.7965], [-71.2449, 46.7964], [-71.245, 46.7964], [-71.245, 46.7963], [-71.245, 46.7962], [-71.245, 46.7961], [-71.245, 46.796], [-71.2449, 46.7958], [-71.2449, 46.7956], [-71.2448, 46.7955], [-71.2448, 46.7954], [-71.2447, 46.7953], [-71.2448, 46.7952], [-71.2448, 46.7951], [-71.2448, 46.795], [-71.2449, 46.795], [-71.245, 46.795], [-71.2451, 46.795], [-71.2452, 46.7949], [-71.2452, 46.7948], [-71.2453, 46.7947], [-71.2453, 46.7946], [-71.2453, 46.7945], [-71.2453, 46.7943], [-71.2453, 46.7942]]]}}, {"type": "Feature", "properties": {"couche": "aire_marche", "station": "Belvédère", "ordre": 17, "minutes": 9, "superficie_ha": 80.2, "rue_km": 22.11, "disque_ha": 124.7, "part_disque_pct": 64, "accroche_m": 1, "population": 5441, "navetteurs": 1653, "mode_auto_pct": 53, "mode_tc_pct": 22, "mode_actif_pct": 25, "mode_autre_pct": 0}, "geometry": {"type": "Polygon", "coordinates": [[[-71.2458, 46.794], [-71.2457, 46.794], [-71.2457, 46.7941], [-71.2456, 46.7942], [-71.2456, 46.7943], [-71.2457, 46.7943], [-71.2457, 46.7944], [-71.2458, 46.7945], [-71.2459, 46.7945], [-71.246, 46.7946], [-71.246, 46.7947], [-71.246, 46.7948], [-71.2459, 46.7948], [-71.2458, 46.7949], [-71.2457, 46.795], [-71.2455, 46.795], [-71.2454, 46.7951], [-71.2453, 46.7952], [-71.2452, 46.7953], [-71.2452, 46.7954], [-71.2452, 46.7956], [-71.2452, 46.7957], [-71.2453, 46.7959], [-71.2454, 46.7961], [-71.2455, 46.7962], [-71.2456, 46.7964], [-71.2456, 46.7966], [-71.2457, 46.7967], [-71.2457, 46.7968], [-71.2456, 46.7969], [-71.2456, 46.7971], [-71.2455, 46.7972], [-71.2455, 46.7973], [-71.2454, 46.7974], [-71.2454, 46.7976], [-71.2454, 46.7978], [-71.2454, 46.798], [-71.2454, 46.7982], [-71.2454, 46.7984], [-71.2454, 46.7987], [-71.2454, 46.7989], [-71.2454, 46.7991], [-71.2454, 46.7993], [-71.2454, 46.7995], [-71.2453, 46.7996], [-71.2453, 46.7997], [-71.2452, 46.7998], [-71.2451, 46.7998], [-71.245, 46.7999], [-71.2449, 46.8], [-71.2449, 46.8001], [-71.2449, 46.8002], [-71.2449, 46.8003], [-71.245, 46.8003], [-71.245, 46.8004], [-71.2451, 46.8005], [-71.2451, 46.8006], [-71.2451, 46.8007], [-71.245, 46.8007], [-71.2449, 46.8008], [-71.2448, 46.8009], [-71.2447, 46.801], [-71.2447, 46.8011], [-71.2447, 46.8012], [-71.2447, 46.8013], [-71.2447, 46.8014], [-71.2447, 46.8015], [-71.2446, 46.8015], [-71.2445, 46.8016], [-71.2444, 46.8016], [-71.2442, 46.8016], [-71.244, 46.8016], [-71.2438, 46.8015], [-71.2435, 46.8015], [-71.2432, 46.8014], [-71.2429, 46.8014], [-71.2426, 46.8014], [-71.2423, 46.8014], [-71.242, 46.8014], [-71.2418, 46.8014], [-71.2415, 46.8014], [-71.2413, 46.8015], [-71.241, 46.8015], [-71.2407, 46.8015], [-71.2404, 46.8015], [-71.2401, 46.8015], [-71.2398, 46.8014], [-71.2395, 46.8014], [-71.2392, 46.8013], [-71.2388, 46.8012], [-71.2385, 46.8011], [-71.2382, 46.801], [-71.238, 46.801], [-71.2378, 46.8009], [-71.2376, 46.8009], [-71.2375, 46.8009], [-71.2374, 46.801], [-71.2374, 46.8011], [-71.2373, 46.8011], [-71.2372, 46.8012], [-71.2371, 46.8012], [-71.2369, 46.8012], [-71.2367, 46.8012], [-71.2365, 46.8012], [-71.2363, 46.8012], [-71.236, 46.8012], [-71.2357, 46.8012], [-71.2355, 46.8012], [-71.2353, 46.8011], [-71.2351, 46.8011], [-71.2349, 46.801], [-71.2348, 46.8009], [-71.2346, 46.8009], [-71.2345, 46.8008], [-71.2344, 46.8007], [-71.2342, 46.8006], [-71.2341, 46.8006], [-71.2339, 46.8006], [-71.2338, 46.8006], [-71.2336, 46.8006], [-71.2334, 46.8006], [-71.2332, 46.8007], [-71.2331, 46.8007], [-71.233, 46.8007], [-71.2329, 46.8007], [-71.2328, 46.8007], [-71.2328, 46.8006], [-71.2329, 46.8005], [-71.2329, 46.8004], [-71.2331, 46.8003], [-71.2331, 46.8002], [-71.2332, 46.8001], [-71.2332, 46.8], [-71.2332, 46.7999], [-71.2331, 46.7998], [-71.233, 46.7998], [-71.2329, 46.7998], [-71.2328, 46.7997], [-71.2327, 46.7996], [-71.2327, 46.7995], [-71.2327, 46.7994], [-71.2327, 46.7993], [-71.2327, 46.7992], [-71.2328, 46.7991], [-71.2328, 46.799], [-71.2329, 46.799], [-71.233, 46.7989], [-71.2331, 46.7989], [-71.2332, 46.7988], [-71.2334, 46.7988], [-71.2335, 46.7988], [-71.2335, 46.7987], [-71.2336, 46.7986], [-71.2336, 46.7985], [-71.2336, 46.7984], [-71.2335, 46.7983], [-71.2335, 46.7982], [-71.2334, 46.798], [-71.2333, 46.7979], [-71.2332, 46.7978], [-71.2332, 46.7977], [-71.2332, 46.7976], [-71.2332, 46.7975], [-71.2333, 46.7975], [-71.2334, 46.7975], [-71.2335, 46.7975], [-71.2336, 46.7975], [-71.2337, 46.7976], [-71.2339, 46.7977], [-71.2341, 46.7978], [-71.2342, 46.7979], [-71.2344, 46.7981], [-71.2346, 46.7982], [-71.2345, 46.7981], [-71.2343, 46.7979], [-71.234, 46.7976], [-71.2338, 46.7974], [-71.2336, 46.7971], [-71.2335, 46.7969], [-71.2334, 46.7967], [-71.2333, 46.7965], [-71.2334, 46.7963], [-71.2335, 46.7961], [-71.2336, 46.7959], [-71.2337, 46.7958], [-71.2338, 46.7956], [-71.2338, 46.7955], [-71.2338, 46.7954], [-71.2338, 46.7953], [-71.2338, 46.7952], [-71.2337, 46.7951], [-71.2336, 46.7951], [-71.2335, 46.795], [-71.2335, 46.7949], [-71.2334, 46.7949], [-71.2334, 46.7948], [-71.2333, 46.7947], [-71.2333, 46.7946], [-71.2333, 46.7945], [-71.2334, 46.7944], [-71.2334, 46.7943], [-71.2334, 46.7942], [-71.2335, 46.7942], [-71.2335, 46.7941], [-71.2336, 46.794], [-71.2337, 46.794], [-71.2338, 46.7939], [-71.2339, 46.7939], [-71.234, 46.7938], [-71.2341, 46.7938], [-71.2342, 46.7938], [-71.2344, 46.7939], [-71.2345, 46.7939], [-71.2346, 46.794], [-71.2347, 46.7941], [-71.2349, 46.7942], [-71.235, 46.7943], [-71.2351, 46.7944], [-71.2352, 46.7945], [-71.2353, 46.7945], [-71.2354, 46.7946], [-71.2356, 46.7946], [-71.2357, 46.7946], [-71.2358, 46.7945], [-71.2359, 46.7945], [-71.236, 46.7944], [-71.236, 46.7943], [-71.236, 46.7942], [-71.236, 46.7941], [-71.236, 46.794], [-71.2359, 46.7939], [-71.2358, 46.7938], [-71.2357, 46.7938], [-71.2355, 46.7937], [-71.2354, 46.7937], [-71.2352, 46.7937], [-71.2351, 46.7936], [-71.235, 46.7936], [-71.2349, 46.7935], [-71.2348, 46.7934], [-71.2348, 46.7933], [-71.2348, 46.7932], [-71.2348, 46.793], [-71.2349, 46.7929], [-71.235, 46.7928], [-71.2351, 46.7927], [-71.2352, 46.7927], [-71.2354, 46.7926], [-71.2357, 46.7926], [-71.2359, 46.7925], [-71.2362, 46.7925], [-71.2365, 46.7925], [-71.2367, 46.7925], [-71.2369, 46.7925], [-71.2371, 46.7926], [-71.2372, 46.7926], [-71.2374, 46.7927], [-71.2374, 46.7928], [-71.2375, 46.7929], [-71.2376, 46.793], [-71.2377, 46.793], [-71.2378, 46.793], [-71.2378, 46.7929], [-71.2378, 46.7928], [-71.2379, 46.7928], [-71.238, 46.7927], [-71.2381, 46.7927], [-71.2383, 46.7926], [-71.2385, 46.7926], [-71.2387, 46.7926], [-71.239, 46.7926], [-71.2393, 46.7926], [-71.2395, 46.7927], [-71.2397, 46.7927], [-71.2399, 46.7928], [-71.24, 46.7928], [-71.2401, 46.7929], [-71.2401, 46.793], [-71.2401, 46.7931], [-71.24, 46.7932], [-71.24, 46.7933], [-71.24, 46.7934], [-71.24, 46.7935], [-71.24, 46.7936], [-71.2401, 46.7937], [-71.2402, 46.7938], [-71.2403, 46.7939], [-71.2403, 46.794], [-71.2402, 46.794], [-71.2402, 46.7941], [-71.2401, 46.7941], [-71.24, 46.7942], [-71.2398, 46.7942], [-71.2397, 46.7943], [-71.2397, 46.7944], [-71.2397, 46.7945], [-71.2397, 46.7946], [-71.2398, 46.7947], [-71.2399, 46.7948], [-71.24, 46.7949], [-71.2402, 46.7951], [-71.2404, 46.7952], [-71.2405, 46.7953], [-71.2406, 46.7953], [-71.2406, 46.7952], [-71.2405, 46.795], [-71.2405, 46.7949], [-71.2405, 46.7948], [-71.2406, 46.7946], [-71.2407, 46.7944], [-71.2409, 46.7943], [-71.2411, 46.7941], [-71.2414, 46.7939], [-71.2417, 46.7937], [-71.242, 46.7935], [-71.2423, 46.7934], [-71.2425, 46.7933], [-71.2427, 46.7933], [-71.2429, 46.7933], [-71.2431, 46.7933], [-71.2433, 46.7934], [-71.2434, 46.7935], [-71.2436, 46.7936], [-71.2438, 46.7937], [-71.2439, 46.7937], [-71.2441, 46.7937], [-71.2443, 46.7937], [-71.2444, 46.7937], [-71.2446, 46.7936], [-71.2448, 46.7935], [-71.245, 46.7934], [-71.2452, 46.7933], [-71.2453, 46.7933], [-71.2455, 46.7933], [-71.2456, 46.7933], [-71.2457, 46.7933], [-71.2458, 46.7933], [-71.2459, 46.7934], [-71.246, 46.7934], [-71.2461, 46.7935], [-71.2461, 46.7936], [-71.2461, 46.7937], [-71.246, 46.7937], [-71.246, 46.7938], [-71.2459, 46.7939], [-71.2458, 46.794]]]}}, {"type": "Feature", "properties": {"couche": "voile", "station": "Belvédère", "minutes": 9}, "geometry": {"type": "Polygon", "coordinates": [[[-71.4052, 46.9084], [-71.0767, 46.9105], [-71.0743, 46.6855], [-71.4015, 46.6834], [-71.4052, 46.9084]], [[-71.2459, 46.7939], [-71.246, 46.7938], [-71.246, 46.7937], [-71.2461, 46.7937], [-71.2461, 46.7936], [-71.2461, 46.7935], [-71.246, 46.7934], [-71.2459, 46.7934], [-71.2458, 46.7933], [-71.2457, 46.7933], [-71.2456, 46.7933], [-71.2455, 46.7933], [-71.2453, 46.7933], [-71.2452, 46.7933], [-71.245, 46.7934], [-71.2448, 46.7935], [-71.2446, 46.7936], [-71.2444, 46.7937], [-71.2443, 46.7937], [-71.2441, 46.7937], [-71.2439, 46.7937], [-71.2438, 46.7937], [-71.2436, 46.7936], [-71.2434, 46.7935], [-71.2433, 46.7934], [-71.2431, 46.7933], [-71.2429, 46.7933], [-71.2427, 46.7933], [-71.2425, 46.7933], [-71.2423, 46.7934], [-71.242, 46.7935], [-71.2417, 46.7937], [-71.2414, 46.7939], [-71.2411, 46.7941], [-71.2409, 46.7943], [-71.2407, 46.7944], [-71.2406, 46.7946], [-71.2405, 46.7948], [-71.2405, 46.7949], [-71.2405, 46.795], [-71.2406, 46.7952], [-71.2406, 46.7953], [-71.2405, 46.7953], [-71.2404, 46.7952], [-71.2402, 46.7951], [-71.24, 46.7949], [-71.2399, 46.7948], [-71.2398, 46.7947], [-71.2397, 46.7946], [-71.2397, 46.7945], [-71.2397, 46.7944], [-71.2397, 46.7943], [-71.2398, 46.7942], [-71.24, 46.7942], [-71.2401, 46.7941], [-71.2402, 46.7941], [-71.2402, 46.794], [-71.2403, 46.794], [-71.2403, 46.7939], [-71.2402, 46.7938], [-71.2401, 46.7937], [-71.24, 46.7936], [-71.24, 46.7935], [-71.24, 46.7934], [-71.24, 46.7933], [-71.24, 46.7932], [-71.2401, 46.7931], [-71.2401, 46.793], [-71.2401, 46.7929], [-71.24, 46.7928], [-71.2399, 46.7928], [-71.2397, 46.7927], [-71.2395, 46.7927], [-71.2393, 46.7926], [-71.239, 46.7926], [-71.2387, 46.7926], [-71.2385, 46.7926], [-71.2383, 46.7926], [-71.2381, 46.7927], [-71.238, 46.7927], [-71.2379, 46.7928], [-71.2378, 46.7928], [-71.2378, 46.7929], [-71.2378, 46.793], [-71.2377, 46.793], [-71.2376, 46.793], [-71.2375, 46.7929], [-71.2374, 46.7928], [-71.2374, 46.7927], [-71.2372, 46.7926], [-71.2371, 46.7926], [-71.2369, 46.7925], [-71.2367, 46.7925], [-71.2365, 46.7925], [-71.2362, 46.7925], [-71.2359, 46.7925], [-71.2357, 46.7926], [-71.2354, 46.7926], [-71.2352, 46.7927], [-71.2351, 46.7927], [-71.235, 46.7928], [-71.2349, 46.7929], [-71.2348, 46.793], [-71.2348, 46.7932], [-71.2348, 46.7933], [-71.2348, 46.7934], [-71.2349, 46.7935], [-71.235, 46.7936], [-71.2351, 46.7936], [-71.2352, 46.7937], [-71.2354, 46.7937], [-71.2355, 46.7937], [-71.2357, 46.7938], [-71.2358, 46.7938], [-71.2359, 46.7939], [-71.236, 46.794], [-71.236, 46.7941], [-71.236, 46.7942], [-71.236, 46.7943], [-71.236, 46.7944], [-71.2359, 46.7945], [-71.2358, 46.7945], [-71.2357, 46.7946], [-71.2356, 46.7946], [-71.2354, 46.7946], [-71.2353, 46.7945], [-71.2352, 46.7945], [-71.2351, 46.7944], [-71.235, 46.7943], [-71.2349, 46.7942], [-71.2347, 46.7941], [-71.2346, 46.794], [-71.2345, 46.7939], [-71.2344, 46.7939], [-71.2342, 46.7938], [-71.2341, 46.7938], [-71.234, 46.7938], [-71.2339, 46.7939], [-71.2338, 46.7939], [-71.2337, 46.794], [-71.2336, 46.794], [-71.2335, 46.7941], [-71.2335, 46.7942], [-71.2334, 46.7942], [-71.2334, 46.7943], [-71.2334, 46.7944], [-71.2333, 46.7945], [-71.2333, 46.7946], [-71.2333, 46.7947], [-71.2334, 46.7948], [-71.2334, 46.7949], [-71.2335, 46.7949], [-71.2335, 46.795], [-71.2336, 46.7951], [-71.2337, 46.7951], [-71.2338, 46.7952], [-71.2338, 46.7953], [-71.2338, 46.7954], [-71.2338, 46.7955], [-71.2338, 46.7956], [-71.2337, 46.7958], [-71.2336, 46.7959], [-71.2335, 46.7961], [-71.2334, 46.7963], [-71.2333, 46.7965], [-71.2334, 46.7967], [-71.2335, 46.7969], [-71.2336, 46.7971], [-71.2338, 46.7974], [-71.234, 46.7976], [-71.2343, 46.7979], [-71.2345, 46.7981], [-71.2346, 46.7982], [-71.2344, 46.7981], [-71.2342, 46.7979], [-71.2341, 46.7978], [-71.2339, 46.7977], [-71.2337, 46.7976], [-71.2336, 46.7975], [-71.2335, 46.7975], [-71.2334, 46.7975], [-71.2333, 46.7975], [-71.2332, 46.7975], [-71.2332, 46.7976], [-71.2332, 46.7977], [-71.2332, 46.7978], [-71.2333, 46.7979], [-71.2334, 46.798], [-71.2335, 46.7982], [-71.2335, 46.7983], [-71.2336, 46.7984], [-71.2336, 46.7985], [-71.2336, 46.7986], [-71.2335, 46.7987], [-71.2335, 46.7988], [-71.2334, 46.7988], [-71.2332, 46.7988], [-71.2331, 46.7989], [-71.233, 46.7989], [-71.2329, 46.799], [-71.2328, 46.799], [-71.2328, 46.7991], [-71.2327, 46.7992], [-71.2327, 46.7993], [-71.2327, 46.7994], [-71.2327, 46.7995], [-71.2327, 46.7996], [-71.2328, 46.7997], [-71.2329, 46.7998], [-71.233, 46.7998], [-71.2331, 46.7998], [-71.2332, 46.7999], [-71.2332, 46.8], [-71.2332, 46.8001], [-71.2331, 46.8002], [-71.2331, 46.8003], [-71.2329, 46.8004], [-71.2329, 46.8005], [-71.2328, 46.8006], [-71.2328, 46.8007], [-71.2329, 46.8007], [-71.233, 46.8007], [-71.2331, 46.8007], [-71.2332, 46.8007], [-71.2334, 46.8006], [-71.2336, 46.8006], [-71.2338, 46.8006], [-71.2339, 46.8006], [-71.2341, 46.8006], [-71.2342, 46.8006], [-71.2344, 46.8007], [-71.2345, 46.8008], [-71.2346, 46.8009], [-71.2348, 46.8009], [-71.2349, 46.801], [-71.2351, 46.8011], [-71.2353, 46.8011], [-71.2355, 46.8012], [-71.2357, 46.8012], [-71.236, 46.8012], [-71.2363, 46.8012], [-71.2365, 46.8012], [-71.2367, 46.8012], [-71.2369, 46.8012], [-71.2371, 46.8012], [-71.2372, 46.8012], [-71.2373, 46.8011], [-71.2374, 46.8011], [-71.2374, 46.801], [-71.2375, 46.8009], [-71.2376, 46.8009], [-71.2378, 46.8009], [-71.238, 46.801], [-71.2382, 46.801], [-71.2385, 46.8011], [-71.2388, 46.8012], [-71.2392, 46.8013], [-71.2395, 46.8014], [-71.2398, 46.8014], [-71.2401, 46.8015], [-71.2404, 46.8015], [-71.2407, 46.8015], [-71.241, 46.8015], [-71.2413, 46.8015], [-71.2415, 46.8014], [-71.2418, 46.8014], [-71.242, 46.8014], [-71.2423, 46.8014], [-71.2426, 46.8014], [-71.2429, 46.8014], [-71.2432, 46.8014], [-71.2435, 46.8015], [-71.2438, 46.8015], [-71.244, 46.8016], [-71.2442, 46.8016], [-71.2444, 46.8016], [-71.2445, 46.8016], [-71.2446, 46.8015], [-71.2447, 46.8015], [-71.2447, 46.8014], [-71.2447, 46.8013], [-71.2447, 46.8012], [-71.2447, 46.8011], [-71.2447, 46.801], [-71.2448, 46.8009], [-71.2449, 46.8008], [-71.245, 46.8007], [-71.2451, 46.8007], [-71.2451, 46.8006], [-71.2451, 46.8005], [-71.245, 46.8004], [-71.245, 46.8003], [-71.2449, 46.8003], [-71.2449, 46.8002], [-71.2449, 46.8001], [-71.2449, 46.8], [-71.245, 46.7999], [-71.2451, 46.7998], [-71.2452, 46.7998], [-71.2453, 46.7997], [-71.2453, 46.7996], [-71.2454, 46.7995], [-71.2454, 46.7993], [-71.2454, 46.7991], [-71.2454, 46.7989], [-71.2454, 46.7987], [-71.2454, 46.7984], [-71.2454, 46.7982], [-71.2454, 46.798], [-71.2454, 46.7978], [-71.2454, 46.7976], [-71.2454, 46.7974], [-71.2455, 46.7973], [-71.2455, 46.7972], [-71.2456, 46.7971], [-71.2456, 46.7969], [-71.2457, 46.7968], [-71.2457, 46.7967], [-71.2456, 46.7966], [-71.2456, 46.7964], [-71.2455, 46.7962], [-71.2454, 46.7961], [-71.2453, 46.7959], [-71.2452, 46.7957], [-71.2452, 46.7956], [-71.2452, 46.7954], [-71.2452, 46.7953], [-71.2453, 46.7952], [-71.2454, 46.7951], [-71.2455, 46.795], [-71.2457, 46.795], [-71.2458, 46.7949], [-71.2459, 46.7948], [-71.246, 46.7948], [-71.246, 46.7947], [-71.246, 46.7946], [-71.2459, 46.7945], [-71.2458, 46.7945], [-71.2457, 46.7944], [-71.2457, 46.7943], [-71.2456, 46.7943], [-71.2456, 46.7942], [-71.2457, 46.7941], [-71.2457, 46.794], [-71.2458, 46.794], [-71.2459, 46.7939]]]}}, {"type": "Feature", "properties": {"couche": "aire_marche", "station": "Belvédère", "ordre": 17, "minutes": 10, "superficie_ha": 98.7, "rue_km": 27.09, "disque_ha": 153.9, "part_disque_pct": 64, "accroche_m": 1, "population": 6846, "navetteurs": 2024, "mode_auto_pct": 53, "mode_tc_pct": 22, "mode_actif_pct": 25, "mode_autre_pct": 0}, "geometry": {"type": "Polygon", "coordinates": [[[-71.2468, 46.794], [-71.2468, 46.7942], [-71.2468, 46.7944], [-71.2467, 46.7946], [-71.2466, 46.7948], [-71.2465, 46.7949], [-71.2463, 46.795], [-71.2461, 46.7951], [-71.2458, 46.7951], [-71.2456, 46.7951], [-71.2454, 46.7952], [-71.2453, 46.7953], [-71.2452, 46.7954], [-71.2452, 46.7955], [-71.2451, 46.7956], [-71.2452, 46.7957], [-71.2453, 46.7958], [-71.2453, 46.796], [-71.2454, 46.7961], [-71.2455, 46.7962], [-71.2456, 46.7962], [-71.2457, 46.7963], [-71.2459, 46.7964], [-71.246, 46.7964], [-71.2461, 46.7964], [-71.2462, 46.7965], [-71.2463, 46.7965], [-71.2464, 46.7966], [-71.2465, 46.7967], [-71.2465, 46.7968], [-71.2464, 46.797], [-71.2464, 46.7971], [-71.2464, 46.7972], [-71.2463, 46.7973], [-71.2462, 46.7974], [-71.2462, 46.7975], [-71.2461, 46.7975], [-71.246, 46.7975], [-71.2458, 46.7975], [-71.2457, 46.7975], [-71.2456, 46.7975], [-71.2456, 46.7976], [-71.2456, 46.7977], [-71.2457, 46.7978], [-71.2458, 46.7979], [-71.246, 46.798], [-71.2461, 46.7981], [-71.2462, 46.7982], [-71.2463, 46.7984], [-71.2463, 46.7986], [-71.2464, 46.7988], [-71.2464, 46.799], [-71.2463, 46.7992], [-71.2463, 46.7994], [-71.2462, 46.7996], [-71.2461, 46.7998], [-71.2461, 46.8], [-71.246, 46.8001], [-71.2459, 46.8002], [-71.2458, 46.8003], [-71.2457, 46.8003], [-71.2455, 46.8003], [-71.2454, 46.8004], [-71.2453, 46.8004], [-71.2453, 46.8005], [-71.2452, 46.8006], [-71.2453, 46.8008], [-71.2453, 46.8009], [-71.2454, 46.801], [-71.2454, 46.8012], [-71.2453, 46.8013], [-71.2452, 46.8014], [-71.245, 46.8015], [-71.2448, 46.8016], [-71.2445, 46.8017], [-71.2442, 46.8018], [-71.2438, 46.8019], [-71.2434, 46.8019], [-71.2431, 46.8019], [-71.2428, 46.8019], [-71.2425, 46.8019], [-71.2423, 46.8019], [-71.2421, 46.8018], [-71.2419, 46.8017], [-71.2418, 46.8016], [-71.2416, 46.8016], [-71.2415, 46.8015], [-71.2414, 46.8015], [-71.2412, 46.8015], [-71.2411, 46.8015], [-71.241, 46.8016], [-71.2408, 46.8017], [-71.2407, 46.8018], [-71.2406, 46.8019], [-71.2405, 46.802], [-71.2404, 46.802], [-71.2403, 46.802], [-71.2402, 46.802], [-71.2402, 46.8019], [-71.2401, 46.8018], [-71.2401, 46.8017], [-71.24, 46.8016], [-71.2399, 46.8015], [-71.2398, 46.8015], [-71.2397, 46.8015], [-71.2396, 46.8016], [-71.2395, 46.8016], [-71.2394, 46.8017], [-71.2391, 46.8017], [-71.2389, 46.8017], [-71.2385, 46.8018], [-71.2382, 46.8018], [-71.2377, 46.8018], [-71.2372, 46.8017], [-71.2367, 46.8017], [-71.2362, 46.8016], [-71.2357, 46.8016], [-71.2353, 46.8015], [-71.235, 46.8014], [-71.2348, 46.8013], [-71.2346, 46.8012], [-71.2344, 46.8011], [-71.2344, 46.801], [-71.2343, 46.8008], [-71.2342, 46.8008], [-71.2342, 46.8007], [-71.2341, 46.8007], [-71.2341, 46.8008], [-71.234, 46.8009], [-71.234, 46.801], [-71.234, 46.8011], [-71.2339, 46.8012], [-71.2338, 46.8013], [-71.2337, 46.8013], [-71.2335, 46.8014], [-71.2333, 46.8014], [-71.233, 46.8014], [-71.2328, 46.8014], [-71.2325, 46.8013], [-71.2323, 46.8013], [-71.2322, 46.8012], [-71.2321, 46.8011], [-71.232, 46.801], [-71.2319, 46.8008], [-71.2319, 46.8007], [-71.2319, 46.8005], [-71.2319, 46.8003], [-71.2319, 46.8002], [-71.232, 46.8], [-71.232, 46.7999], [-71.2321, 46.7998], [-71.2322, 46.7997], [-71.2323, 46.7996], [-71.2324, 46.7996], [-71.2325, 46.7995], [-71.2325, 46.7994], [-71.2326, 46.7993], [-71.2326, 46.7992], [-71.2326, 46.7991], [-71.2326, 46.799], [-71.2325, 46.7989], [-71.2324, 46.7988], [-71.2324, 46.7987], [-71.2324, 46.7986], [-71.2325, 46.7985], [-71.2326, 46.7985], [-71.2327, 46.7985], [-71.2329, 46.7985], [-71.2331, 46.7986], [-71.2333, 46.7986], [-71.2334, 46.7986], [-71.2334, 46.7985], [-71.2335, 46.7985], [-71.2334, 46.7984], [-71.2333, 46.7983], [-71.2332, 46.7981], [-71.233, 46.798], [-71.2328, 46.7978], [-71.2327, 46.7977], [-71.2326, 46.7975], [-71.2325, 46.7974], [-71.2324, 46.7973], [-71.2323, 46.7971], [-71.2323, 46.797], [-71.2323, 46.7969], [-71.2323, 46.7968], [-71.2323, 46.7967], [-71.2324, 46.7966], [-71.2324, 46.7965], [-71.2325, 46.7965], [-71.2325, 46.7964], [-71.2326, 46.7964], [-71.2327, 46.7963], [-71.2328, 46.7963], [-71.2328, 46.7962], [-71.2329, 46.7962], [-71.2329, 46.7961], [-71.2329, 46.796], [-71.2329, 46.7959], [-71.2328, 46.7959], [-71.2327, 46.7958], [-71.2327, 46.7957], [-71.2327, 46.7956], [-71.2327, 46.7955], [-71.2327, 46.7954], [-71.2328, 46.7953], [-71.2329, 46.7953], [-71.233, 46.7952], [-71.2331, 46.7952], [-71.2331, 46.7951], [-71.2332, 46.795], [-71.2331, 46.7949], [-71.2331, 46.7947], [-71.233, 46.7946], [-71.2329, 46.7945], [-71.2329, 46.7944], [-71.2329, 46.7942], [-71.2329, 46.7941], [-71.233, 46.794], [-71.2331, 46.7939], [-71.2333, 46.7938], [-71.2336, 46.7936], [-71.2338, 46.7935], [-71.2341, 46.7934], [-71.2343, 46.7933], [-71.2344, 46.7932], [-71.2345, 46.7931], [-71.2346, 46.793], [-71.2346, 46.7929], [-71.2346, 46.7927], [-71.2345, 46.7926], [-71.2345, 46.7925], [-71.2346, 46.7924], [-71.2348, 46.7923], [-71.235, 46.7923], [-71.2353, 46.7922], [-71.2357, 46.7922], [-71.2362, 46.7922], [-71.2367, 46.7921], [-71.2372, 46.7921], [-71.2376, 46.7921], [-71.238, 46.7922], [-71.2383, 46.7922], [-71.2386, 46.7922], [-71.2388, 46.7923], [-71.2389, 46.7923], [-71.239, 46.7924], [-71.2391, 46.7924], [-71.2393, 46.7925], [-71.2394, 46.7925], [-71.2395, 46.7925], [-71.2397, 46.7925], [-71.2399, 46.7925], [-71.2401, 46.7925], [-71.2403, 46.7924], [-71.2404, 46.7924], [-71.2406, 46.7924], [-71.2407, 46.7924], [-71.2407, 46.7925], [-71.2408, 46.7925], [-71.2408, 46.7926], [-71.2408, 46.7927], [-71.2407, 46.7928], [-71.2407, 46.7929], [-71.2407, 46.793], [-71.2407, 46.7931], [-71.2407, 46.7932], [-71.2407, 46.7933], [-71.2408, 46.7933], [-71.2409, 46.7934], [-71.2409, 46.7935], [-71.2409, 46.7936], [-71.2408, 46.7937], [-71.2407, 46.7938], [-71.2405, 46.7939], [-71.2404, 46.794], [-71.2401, 46.7941], [-71.24, 46.7942], [-71.2399, 46.7943], [-71.2398, 46.7944], [-71.2398, 46.7945], [-71.2398, 46.7947], [-71.2399, 46.7948], [-71.24, 46.7949], [-71.2402, 46.7951], [-71.2404, 46.7952], [-71.2405, 46.7953], [-71.2406, 46.7954], [-71.2406, 46.7953], [-71.2406, 46.7952], [-71.2405, 46.7951], [-71.2405, 46.7949], [-71.2405, 46.7948], [-71.2406, 46.7947], [-71.2407, 46.7945], [-71.2408, 46.7944], [-71.241, 46.7943], [-71.2413, 46.7941], [-71.2416, 46.794], [-71.2418, 46.7939], [-71.2421, 46.7937], [-71.2422, 46.7936], [-71.2424, 46.7935], [-71.2425, 46.7934], [-71.2426, 46.7933], [-71.2426, 46.7932], [-71.2426, 46.7931], [-71.2426, 46.793], [-71.2427, 46.793], [-71.2428, 46.793], [-71.2429, 46.7931], [-71.243, 46.7932], [-71.2432, 46.7933], [-71.2433, 46.7934], [-71.2435, 46.7936], [-71.2437, 46.7937], [-71.2438, 46.7937], [-71.244, 46.7937], [-71.2441, 46.7938], [-71.2443, 46.7937], [-71.2444, 46.7937], [-71.2445, 46.7936], [-71.2447, 46.7935], [-71.2448, 46.7935], [-71.2448, 46.7934], [-71.2449, 46.7933], [-71.245, 46.7932], [-71.245, 46.7931], [-71.245, 46.793], [-71.2451, 46.7929], [-71.2451, 46.7928], [-71.2452, 46.7927], [-71.2453, 46.7927], [-71.2455, 46.7926], [-71.2456, 46.7926], [-71.2458, 46.7926], [-71.246, 46.7927], [-71.2462, 46.7927], [-71.2463, 46.7928], [-71.2465, 46.7929], [-71.2466, 46.7931], [-71.2467, 46.7933], [-71.2468, 46.7935], [-71.2468, 46.7937], [-71.2468, 46.794]]]}}, {"type": "Feature", "properties": {"couche": "voile", "station": "Belvédère", "minutes": 10}, "geometry": {"type": "Polygon", "coordinates": [[[-71.4059, 46.9088], [-71.0759, 46.9109], [-71.0735, 46.6851], [-71.4021, 46.683], [-71.4059, 46.9088]], [[-71.2468, 46.7937], [-71.2468, 46.7935], [-71.2467, 46.7933], [-71.2466, 46.7931], [-71.2465, 46.7929], [-71.2463, 46.7928], [-71.2462, 46.7927], [-71.246, 46.7927], [-71.2458, 46.7926], [-71.2456, 46.7926], [-71.2455, 46.7926], [-71.2453, 46.7927], [-71.2452, 46.7927], [-71.2451, 46.7928], [-71.2451, 46.7929], [-71.245, 46.793], [-71.245, 46.7931], [-71.245, 46.7932], [-71.2449, 46.7933], [-71.2448, 46.7934], [-71.2448, 46.7935], [-71.2447, 46.7935], [-71.2445, 46.7936], [-71.2444, 46.7937], [-71.2443, 46.7937], [-71.2441, 46.7938], [-71.244, 46.7937], [-71.2438, 46.7937], [-71.2437, 46.7937], [-71.2435, 46.7936], [-71.2433, 46.7934], [-71.2432, 46.7933], [-71.243, 46.7932], [-71.2429, 46.7931], [-71.2428, 46.793], [-71.2427, 46.793], [-71.2426, 46.793], [-71.2426, 46.7931], [-71.2426, 46.7932], [-71.2426, 46.7933], [-71.2425, 46.7934], [-71.2424, 46.7935], [-71.2422, 46.7936], [-71.2421, 46.7937], [-71.2418, 46.7939], [-71.2416, 46.794], [-71.2413, 46.7941], [-71.241, 46.7943], [-71.2408, 46.7944], [-71.2407, 46.7945], [-71.2406, 46.7947], [-71.2405, 46.7948], [-71.2405, 46.7949], [-71.2405, 46.7951], [-71.2406, 46.7952], [-71.2406, 46.7953], [-71.2406, 46.7954], [-71.2405, 46.7953], [-71.2404, 46.7952], [-71.2402, 46.7951], [-71.24, 46.7949], [-71.2399, 46.7948], [-71.2398, 46.7947], [-71.2398, 46.7945], [-71.2398, 46.7944], [-71.2399, 46.7943], [-71.24, 46.7942], [-71.2401, 46.7941], [-71.2404, 46.794], [-71.2405, 46.7939], [-71.2407, 46.7938], [-71.2408, 46.7937], [-71.2409, 46.7936], [-71.2409, 46.7935], [-71.2409, 46.7934], [-71.2408, 46.7933], [-71.2407, 46.7933], [-71.2407, 46.7932], [-71.2407, 46.7931], [-71.2407, 46.793], [-71.2407, 46.7929], [-71.2407, 46.7928], [-71.2408, 46.7927], [-71.2408, 46.7926], [-71.2408, 46.7925], [-71.2407, 46.7925], [-71.2407, 46.7924], [-71.2406, 46.7924], [-71.2404, 46.7924], [-71.2403, 46.7924], [-71.2401, 46.7925], [-71.2399, 46.7925], [-71.2397, 46.7925], [-71.2395, 46.7925], [-71.2394, 46.7925], [-71.2393, 46.7925], [-71.2391, 46.7924], [-71.239, 46.7924], [-71.2389, 46.7923], [-71.2388, 46.7923], [-71.2386, 46.7922], [-71.2383, 46.7922], [-71.238, 46.7922], [-71.2376, 46.7921], [-71.2372, 46.7921], [-71.2367, 46.7921], [-71.2362, 46.7922], [-71.2357, 46.7922], [-71.2353, 46.7922], [-71.235, 46.7923], [-71.2348, 46.7923], [-71.2346, 46.7924], [-71.2345, 46.7925], [-71.2345, 46.7926], [-71.2346, 46.7927], [-71.2346, 46.7929], [-71.2346, 46.793], [-71.2345, 46.7931], [-71.2344, 46.7932], [-71.2343, 46.7933], [-71.2341, 46.7934], [-71.2338, 46.7935], [-71.2336, 46.7936], [-71.2333, 46.7938], [-71.2331, 46.7939], [-71.233, 46.794], [-71.2329, 46.7941], [-71.2329, 46.7942], [-71.2329, 46.7944], [-71.2329, 46.7945], [-71.233, 46.7946], [-71.2331, 46.7947], [-71.2331, 46.7949], [-71.2332, 46.795], [-71.2331, 46.7951], [-71.2331, 46.7952], [-71.233, 46.7952], [-71.2329, 46.7953], [-71.2328, 46.7953], [-71.2327, 46.7954], [-71.2327, 46.7955], [-71.2327, 46.7956], [-71.2327, 46.7957], [-71.2327, 46.7958], [-71.2328, 46.7959], [-71.2329, 46.7959], [-71.2329, 46.796], [-71.2329, 46.7961], [-71.2329, 46.7962], [-71.2328, 46.7962], [-71.2328, 46.7963], [-71.2327, 46.7963], [-71.2326, 46.7964], [-71.2325, 46.7964], [-71.2325, 46.7965], [-71.2324, 46.7965], [-71.2324, 46.7966], [-71.2323, 46.7967], [-71.2323, 46.7968], [-71.2323, 46.7969], [-71.2323, 46.797], [-71.2323, 46.7971], [-71.2324, 46.7973], [-71.2325, 46.7974], [-71.2326, 46.7975], [-71.2327, 46.7977], [-71.2328, 46.7978], [-71.233, 46.798], [-71.2332, 46.7981], [-71.2333, 46.7983], [-71.2334, 46.7984], [-71.2335, 46.7985], [-71.2334, 46.7985], [-71.2334, 46.7986], [-71.2333, 46.7986], [-71.2331, 46.7986], [-71.2329, 46.7985], [-71.2327, 46.7985], [-71.2326, 46.7985], [-71.2325, 46.7985], [-71.2324, 46.7986], [-71.2324, 46.7987], [-71.2324, 46.7988], [-71.2325, 46.7989], [-71.2326, 46.799], [-71.2326, 46.7991], [-71.2326, 46.7992], [-71.2326, 46.7993], [-71.2325, 46.7994], [-71.2325, 46.7995], [-71.2324, 46.7996], [-71.2323, 46.7996], [-71.2322, 46.7997], [-71.2321, 46.7998], [-71.232, 46.7999], [-71.232, 46.8], [-71.2319, 46.8002], [-71.2319, 46.8003], [-71.2319, 46.8005], [-71.2319, 46.8007], [-71.2319, 46.8008], [-71.232, 46.801], [-71.2321, 46.8011], [-71.2322, 46.8012], [-71.2323, 46.8013], [-71.2325, 46.8013], [-71.2328, 46.8014], [-71.233, 46.8014], [-71.2333, 46.8014], [-71.2335, 46.8014], [-71.2337, 46.8013], [-71.2338, 46.8013], [-71.2339, 46.8012], [-71.234, 46.8011], [-71.234, 46.801], [-71.234, 46.8009], [-71.2341, 46.8008], [-71.2341, 46.8007], [-71.2342, 46.8007], [-71.2342, 46.8008], [-71.2343, 46.8008], [-71.2344, 46.801], [-71.2344, 46.8011], [-71.2346, 46.8012], [-71.2348, 46.8013], [-71.235, 46.8014], [-71.2353, 46.8015], [-71.2357, 46.8016], [-71.2362, 46.8016], [-71.2367, 46.8017], [-71.2372, 46.8017], [-71.2377, 46.8018], [-71.2382, 46.8018], [-71.2385, 46.8018], [-71.2389, 46.8017], [-71.2391, 46.8017], [-71.2394, 46.8017], [-71.2395, 46.8016], [-71.2396, 46.8016], [-71.2397, 46.8015], [-71.2398, 46.8015], [-71.2399, 46.8015], [-71.24, 46.8016], [-71.2401, 46.8017], [-71.2401, 46.8018], [-71.2402, 46.8019], [-71.2402, 46.802], [-71.2403, 46.802], [-71.2404, 46.802], [-71.2405, 46.802], [-71.2406, 46.8019], [-71.2407, 46.8018], [-71.2408, 46.8017], [-71.241, 46.8016], [-71.2411, 46.8015], [-71.2412, 46.8015], [-71.2414, 46.8015], [-71.2415, 46.8015], [-71.2416, 46.8016], [-71.2418, 46.8016], [-71.2419, 46.8017], [-71.2421, 46.8018], [-71.2423, 46.8019], [-71.2425, 46.8019], [-71.2428, 46.8019], [-71.2431, 46.8019], [-71.2434, 46.8019], [-71.2438, 46.8019], [-71.2442, 46.8018], [-71.2445, 46.8017], [-71.2448, 46.8016], [-71.245, 46.8015], [-71.2452, 46.8014], [-71.2453, 46.8013], [-71.2454, 46.8012], [-71.2454, 46.801], [-71.2453, 46.8009], [-71.2453, 46.8008], [-71.2452, 46.8006], [-71.2453, 46.8005], [-71.2453, 46.8004], [-71.2454, 46.8004], [-71.2455, 46.8003], [-71.2457, 46.8003], [-71.2458, 46.8003], [-71.2459, 46.8002], [-71.246, 46.8001], [-71.2461, 46.8], [-71.2461, 46.7998], [-71.2462, 46.7996], [-71.2463, 46.7994], [-71.2463, 46.7992], [-71.2464, 46.799], [-71.2464, 46.7988], [-71.2463, 46.7986], [-71.2463, 46.7984], [-71.2462, 46.7982], [-71.2461, 46.7981], [-71.246, 46.798], [-71.2458, 46.7979], [-71.2457, 46.7978], [-71.2456, 46.7977], [-71.2456, 46.7976], [-71.2456, 46.7975], [-71.2457, 46.7975], [-71.2458, 46.7975], [-71.246, 46.7975], [-71.2461, 46.7975], [-71.2462, 46.7975], [-71.2462, 46.7974], [-71.2463, 46.7973], [-71.2464, 46.7972], [-71.2464, 46.7971], [-71.2464, 46.797], [-71.2465, 46.7968], [-71.2465, 46.7967], [-71.2464, 46.7966], [-71.2463, 46.7965], [-71.2462, 46.7965], [-71.2461, 46.7964], [-71.246, 46.7964], [-71.2459, 46.7964], [-71.2457, 46.7963], [-71.2456, 46.7962], [-71.2455, 46.7962], [-71.2454, 46.7961], [-71.2453, 46.796], [-71.2453, 46.7958], [-71.2452, 46.7957], [-71.2451, 46.7956], [-71.2452, 46.7955], [-71.2452, 46.7954], [-71.2453, 46.7953], [-71.2454, 46.7952], [-71.2456, 46.7951], [-71.2458, 46.7951], [-71.2461, 46.7951], [-71.2463, 46.795], [-71.2465, 46.7949], [-71.2466, 46.7948], [-71.2467, 46.7946], [-71.2468, 46.7944], [-71.2468, 46.7942], [-71.2468, 46.794], [-71.2468, 46.7937]]]}}, {"type": "Feature", "properties": {"couche": "aire_marche", "station": "Belvédère", "ordre": 17, "minutes": 11, "superficie_ha": 120.4, "rue_km": 32.85, "disque_ha": 186.3, "part_disque_pct": 65, "accroche_m": 1, "population": 8110, "navetteurs": 2364, "mode_auto_pct": 53, "mode_tc_pct": 22, "mode_actif_pct": 25, "mode_autre_pct": 0}, "geometry": {"type": "Polygon", "coordinates": [[[-71.2469, 46.7952], [-71.2467, 46.7953], [-71.2465, 46.7954], [-71.2463, 46.7954], [-71.2461, 46.7955], [-71.2459, 46.7955], [-71.2458, 46.7955], [-71.2456, 46.7955], [-71.2455, 46.7955], [-71.2454, 46.7954], [-71.2453, 46.7954], [-71.2452, 46.7954], [-71.2451, 46.7954], [-71.2451, 46.7955], [-71.2451, 46.7956], [-71.2452, 46.7957], [-71.2453, 46.7958], [-71.2453, 46.796], [-71.2454, 46.796], [-71.2455, 46.7961], [-71.2457, 46.7961], [-71.2458, 46.7961], [-71.2459, 46.7961], [-71.246, 46.7961], [-71.2462, 46.796], [-71.2463, 46.796], [-71.2464, 46.7959], [-71.2466, 46.7959], [-71.2467, 46.7959], [-71.2468, 46.7959], [-71.2469, 46.7959], [-71.247, 46.7959], [-71.247, 46.796], [-71.2471, 46.796], [-71.2471, 46.7961], [-71.2471, 46.7962], [-71.2471, 46.7963], [-71.247, 46.7965], [-71.2469, 46.7966], [-71.2468, 46.7967], [-71.2468, 46.7969], [-71.2467, 46.797], [-71.2467, 46.7971], [-71.2467, 46.7972], [-71.2467, 46.7973], [-71.2468, 46.7974], [-71.2469, 46.7976], [-71.247, 46.7977], [-71.247, 46.7978], [-71.2471, 46.7979], [-71.2471, 46.798], [-71.2471, 46.7982], [-71.2471, 46.7983], [-71.247, 46.7985], [-71.2469, 46.7987], [-71.2468, 46.7989], [-71.2467, 46.7991], [-71.2466, 46.7992], [-71.2466, 46.7994], [-71.2465, 46.7996], [-71.2465, 46.7997], [-71.2466, 46.7998], [-71.2466, 46.8], [-71.2467, 46.8001], [-71.2467, 46.8002], [-71.2467, 46.8003], [-71.2467, 46.8005], [-71.2467, 46.8006], [-71.2466, 46.8008], [-71.2465, 46.8009], [-71.2464, 46.8011], [-71.2463, 46.8013], [-71.2461, 46.8015], [-71.246, 46.8016], [-71.2459, 46.8017], [-71.2458, 46.8018], [-71.2456, 46.8019], [-71.2455, 46.8019], [-71.2454, 46.8019], [-71.2453, 46.8019], [-71.2452, 46.8019], [-71.2451, 46.8019], [-71.245, 46.8019], [-71.2448, 46.8019], [-71.2447, 46.802], [-71.2445, 46.802], [-71.2444, 46.8021], [-71.2442, 46.8022], [-71.244, 46.8023], [-71.2438, 46.8023], [-71.2436, 46.8024], [-71.2434, 46.8025], [-71.2432, 46.8025], [-71.243, 46.8025], [-71.2428, 46.8025], [-71.2426, 46.8025], [-71.2424, 46.8025], [-71.2422, 46.8025], [-71.242, 46.8024], [-71.2419, 46.8024], [-71.2418, 46.8023], [-71.2417, 46.8021], [-71.2416, 46.802], [-71.2415, 46.8018], [-71.2414, 46.8017], [-71.2414, 46.8016], [-71.2413, 46.8016], [-71.2412, 46.8016], [-71.2412, 46.8017], [-71.2411, 46.8018], [-71.241, 46.802], [-71.241, 46.8022], [-71.2409, 46.8023], [-71.2408, 46.8024], [-71.2407, 46.8025], [-71.2405, 46.8025], [-71.2403, 46.8025], [-71.2401, 46.8025], [-71.2399, 46.8024], [-71.2396, 46.8022], [-71.2394, 46.8021], [-71.2392, 46.802], [-71.239, 46.802], [-71.2388, 46.8019], [-71.2386, 46.8019], [-71.2384, 46.8019], [-71.2382, 46.8019], [-71.2381, 46.802], [-71.2379, 46.802], [-71.2378, 46.8021], [-71.2377, 46.8021], [-71.2376, 46.8021], [-71.2375, 46.802], [-71.2374, 46.802], [-71.2373, 46.802], [-71.2373, 46.8019], [-71.2372, 46.8019], [-71.2371, 46.8018], [-71.237, 46.8018], [-71.2369, 46.8018], [-71.2368, 46.8019], [-71.2367, 46.8019], [-71.2366, 46.802], [-71.2365, 46.802], [-71.2363, 46.802], [-71.2362, 46.802], [-71.2361, 46.802], [-71.236, 46.802], [-71.2359, 46.8019], [-71.2358, 46.8019], [-71.2357, 46.8018], [-71.2355, 46.8017], [-71.2354, 46.8017], [-71.2353, 46.8017], [-71.2352, 46.8017], [-71.2351, 46.8017], [-71.235, 46.8017], [-71.2348, 46.8017], [-71.2347, 46.8018], [-71.2346, 46.8019], [-71.2345, 46.8019], [-71.2343, 46.8019], [-71.2342, 46.8018], [-71.234, 46.8018], [-71.2339, 46.8017], [-71.2337, 46.8016], [-71.2336, 46.8015], [-71.2334, 46.8014], [-71.2333, 46.8013], [-71.2332, 46.8013], [-71.2331, 46.8013], [-71.233, 46.8013], [-71.233, 46.8014], [-71.233, 46.8015], [-71.2329, 46.8016], [-71.2329, 46.8017], [-71.2328, 46.8017], [-71.2326, 46.8017], [-71.2325, 46.8018], [-71.2323, 46.8018], [-71.2321, 46.8018], [-71.2319, 46.8017], [-71.2317, 46.8017], [-71.2316, 46.8016], [-71.2315, 46.8016], [-71.2315, 46.8015], [-71.2315, 46.8014], [-71.2315, 46.8013], [-71.2316, 46.8011], [-71.2318, 46.801], [-71.2319, 46.8009], [-71.232, 46.8008], [-71.232, 46.8007], [-71.232, 46.8006], [-71.2319, 46.8006], [-71.2318, 46.8005], [-71.2317, 46.8005], [-71.2316, 46.8005], [-71.2315, 46.8005], [-71.2314, 46.8004], [-71.2313, 46.8003], [-71.2313, 46.8002], [-71.2313, 46.8], [-71.2313, 46.7999], [-71.2313, 46.7998], [-71.2314, 46.7996], [-71.2315, 46.7995], [-71.2316, 46.7995], [-71.2317, 46.7994], [-71.2318, 46.7994], [-71.232, 46.7993], [-71.2322, 46.7993], [-71.2323, 46.7993], [-71.2324, 46.7993], [-71.2324, 46.7992], [-71.2325, 46.7991], [-71.2324, 46.799], [-71.2324, 46.7989], [-71.2322, 46.7988], [-71.2321, 46.7986], [-71.232, 46.7985], [-71.2319, 46.7983], [-71.2318, 46.7981], [-71.2317, 46.7978], [-71.2316, 46.7976], [-71.2316, 46.7973], [-71.2316, 46.797], [-71.2316, 46.7967], [-71.2317, 46.7964], [-71.2317, 46.7962], [-71.2318, 46.7959], [-71.2319, 46.7957], [-71.232, 46.7955], [-71.2321, 46.7954], [-71.2323, 46.7952], [-71.2325, 46.7951], [-71.2326, 46.795], [-71.2327, 46.7949], [-71.2327, 46.7948], [-71.2328, 46.7947], [-71.2327, 46.7947], [-71.2327, 46.7946], [-71.2326, 46.7946], [-71.2324, 46.7946], [-71.2323, 46.7946], [-71.2322, 46.7945], [-71.2321, 46.7945], [-71.232, 46.7944], [-71.232, 46.7943], [-71.2319, 46.7942], [-71.2319, 46.7941], [-71.2319, 46.794], [-71.232, 46.7939], [-71.2321, 46.7938], [-71.2322, 46.7937], [-71.2324, 46.7937], [-71.2326, 46.7936], [-71.2329, 46.7935], [-71.2332, 46.7934], [-71.2335, 46.7934], [-71.2338, 46.7933], [-71.2341, 46.7933], [-71.2342, 46.7932], [-71.2343, 46.7932], [-71.2343, 46.7931], [-71.2342, 46.7931], [-71.234, 46.793], [-71.2339, 46.793], [-71.2337, 46.793], [-71.2336, 46.7929], [-71.2335, 46.7929], [-71.2335, 46.7928], [-71.2334, 46.7928], [-71.2334, 46.7927], [-71.2335, 46.7926], [-71.2336, 46.7925], [-71.2338, 46.7924], [-71.234, 46.7923], [-71.2343, 46.7922], [-71.2346, 46.7921], [-71.235, 46.792], [-71.2354, 46.7919], [-71.2358, 46.7918], [-71.2362, 46.7918], [-71.2366, 46.7917], [-71.237, 46.7917], [-71.2374, 46.7917], [-71.2377, 46.7917], [-71.238, 46.7917], [-71.2384, 46.7917], [-71.2387, 46.7918], [-71.2389, 46.7918], [-71.2391, 46.7919], [-71.2393, 46.7919], [-71.2394, 46.792], [-71.2396, 46.792], [-71.2396, 46.7921], [-71.2397, 46.7921], [-71.2397, 46.7922], [-71.2398, 46.7922], [-71.2399, 46.7922], [-71.24, 46.7922], [-71.2402, 46.7922], [-71.2403, 46.7922], [-71.2405, 46.7921], [-71.2407, 46.7921], [-71.2409, 46.792], [-71.2411, 46.792], [-71.2412, 46.7921], [-71.2413, 46.7922], [-71.2414, 46.7923], [-71.2414, 46.7925], [-71.2415, 46.7927], [-71.2415, 46.7929], [-71.2415, 46.7931], [-71.2415, 46.7933], [-71.2416, 46.7934], [-71.2416, 46.7935], [-71.2417, 46.7936], [-71.2418, 46.7936], [-71.242, 46.7936], [-71.2421, 46.7936], [-71.2422, 46.7936], [-71.2423, 46.7935], [-71.2424, 46.7935], [-71.2425, 46.7934], [-71.2425, 46.7933], [-71.2424, 46.7932], [-71.2424, 46.7931], [-71.2424, 46.793], [-71.2425, 46.793], [-71.2425, 46.7929], [-71.2426, 46.7929], [-71.2427, 46.7929], [-71.2428, 46.7929], [-71.2429, 46.7929], [-71.243, 46.793], [-71.2431, 46.793], [-71.2432, 46.7931], [-71.2434, 46.7933], [-71.2435, 46.7934], [-71.2436, 46.7935], [-71.2438, 46.7936], [-71.2439, 46.7937], [-71.244, 46.7937], [-71.2441, 46.7938], [-71.2443, 46.7937], [-71.2444, 46.7937], [-71.2445, 46.7936], [-71.2446, 46.7935], [-71.2447, 46.7935], [-71.2448, 46.7934], [-71.2448, 46.7933], [-71.2448, 46.7932], [-71.2448, 46.7931], [-71.2447, 46.793], [-71.2446, 46.7929], [-71.2445, 46.7929], [-71.2445, 46.7928], [-71.2445, 46.7927], [-71.2445, 46.7926], [-71.2445, 46.7925], [-71.2446, 46.7924], [-71.2447, 46.7923], [-71.2448, 46.7922], [-71.2449, 46.7922], [-71.245, 46.7921], [-71.2451, 46.7921], [-71.2453, 46.7921], [-71.2454, 46.7921], [-71.2455, 46.7922], [-71.2457, 46.7922], [-71.2458, 46.7923], [-71.246, 46.7924], [-71.2461, 46.7924], [-71.2463, 46.7925], [-71.2464, 46.7925], [-71.2466, 46.7925], [-71.2467, 46.7925], [-71.2469, 46.7925], [-71.247, 46.7925], [-71.2472, 46.7925], [-71.2473, 46.7925], [-71.2474, 46.7926], [-71.2474, 46.7927], [-71.2474, 46.7928], [-71.2473, 46.7929], [-71.2473, 46.793], [-71.2473, 46.7931], [-71.2473, 46.7932], [-71.2473, 46.7934], [-71.2473, 46.7935], [-71.2473, 46.7937], [-71.2474, 46.7939], [-71.2475, 46.7941], [-71.2475, 46.7943], [-71.2475, 46.7945], [-71.2475, 46.7946], [-71.2474, 46.7948], [-71.2473, 46.7949], [-71.2471, 46.7951], [-71.2469, 46.7952]]]}}, {"type": "Feature", "properties": {"couche": "voile", "station": "Belvédère", "minutes": 11}, "geometry": {"type": "Polygon", "coordinates": [[[-71.4066, 46.9093], [-71.0753, 46.9114], [-71.0729, 46.6847], [-71.4028, 46.6826], [-71.4066, 46.9093]], [[-71.2471, 46.7951], [-71.2473, 46.7949], [-71.2474, 46.7948], [-71.2475, 46.7946], [-71.2475, 46.7945], [-71.2475, 46.7943], [-71.2475, 46.7941], [-71.2474, 46.7939], [-71.2473, 46.7937], [-71.2473, 46.7935], [-71.2473, 46.7934], [-71.2473, 46.7932], [-71.2473, 46.7931], [-71.2473, 46.793], [-71.2473, 46.7929], [-71.2474, 46.7928], [-71.2474, 46.7927], [-71.2474, 46.7926], [-71.2473, 46.7925], [-71.2472, 46.7925], [-71.247, 46.7925], [-71.2469, 46.7925], [-71.2467, 46.7925], [-71.2466, 46.7925], [-71.2464, 46.7925], [-71.2463, 46.7925], [-71.2461, 46.7924], [-71.246, 46.7924], [-71.2458, 46.7923], [-71.2457, 46.7922], [-71.2455, 46.7922], [-71.2454, 46.7921], [-71.2453, 46.7921], [-71.2451, 46.7921], [-71.245, 46.7921], [-71.2449, 46.7922], [-71.2448, 46.7922], [-71.2447, 46.7923], [-71.2446, 46.7924], [-71.2445, 46.7925], [-71.2445, 46.7926], [-71.2445, 46.7927], [-71.2445, 46.7928], [-71.2445, 46.7929], [-71.2446, 46.7929], [-71.2447, 46.793], [-71.2448, 46.7931], [-71.2448, 46.7932], [-71.2448, 46.7933], [-71.2448, 46.7934], [-71.2447, 46.7935], [-71.2446, 46.7935], [-71.2445, 46.7936], [-71.2444, 46.7937], [-71.2443, 46.7937], [-71.2441, 46.7938], [-71.244, 46.7937], [-71.2439, 46.7937], [-71.2438, 46.7936], [-71.2436, 46.7935], [-71.2435, 46.7934], [-71.2434, 46.7933], [-71.2432, 46.7931], [-71.2431, 46.793], [-71.243, 46.793], [-71.2429, 46.7929], [-71.2428, 46.7929], [-71.2427, 46.7929], [-71.2426, 46.7929], [-71.2425, 46.7929], [-71.2425, 46.793], [-71.2424, 46.793], [-71.2424, 46.7931], [-71.2424, 46.7932], [-71.2425, 46.7933], [-71.2425, 46.7934], [-71.2424, 46.7935], [-71.2423, 46.7935], [-71.2422, 46.7936], [-71.2421, 46.7936], [-71.242, 46.7936], [-71.2418, 46.7936], [-71.2417, 46.7936], [-71.2416, 46.7935], [-71.2416, 46.7934], [-71.2415, 46.7933], [-71.2415, 46.7931], [-71.2415, 46.7929], [-71.2415, 46.7927], [-71.2414, 46.7925], [-71.2414, 46.7923], [-71.2413, 46.7922], [-71.2412, 46.7921], [-71.2411, 46.792], [-71.2409, 46.792], [-71.2407, 46.7921], [-71.2405, 46.7921], [-71.2403, 46.7922], [-71.2402, 46.7922], [-71.24, 46.7922], [-71.2399, 46.7922], [-71.2398, 46.7922], [-71.2397, 46.7922], [-71.2397, 46.7921], [-71.2396, 46.7921], [-71.2396, 46.792], [-71.2394, 46.792], [-71.2393, 46.7919], [-71.2391, 46.7919], [-71.2389, 46.7918], [-71.2387, 46.7918], [-71.2384, 46.7917], [-71.238, 46.7917], [-71.2377, 46.7917], [-71.2374, 46.7917], [-71.237, 46.7917], [-71.2366, 46.7917], [-71.2362, 46.7918], [-71.2358, 46.7918], [-71.2354, 46.7919], [-71.235, 46.792], [-71.2346, 46.7921], [-71.2343, 46.7922], [-71.234, 46.7923], [-71.2338, 46.7924], [-71.2336, 46.7925], [-71.2335, 46.7926], [-71.2334, 46.7927], [-71.2334, 46.7928], [-71.2335, 46.7928], [-71.2335, 46.7929], [-71.2336, 46.7929], [-71.2337, 46.793], [-71.2339, 46.793], [-71.234, 46.793], [-71.2342, 46.7931], [-71.2343, 46.7931], [-71.2343, 46.7932], [-71.2342, 46.7932], [-71.2341, 46.7933], [-71.2338, 46.7933], [-71.2335, 46.7934], [-71.2332, 46.7934], [-71.2329, 46.7935], [-71.2326, 46.7936], [-71.2324, 46.7937], [-71.2322, 46.7937], [-71.2321, 46.7938], [-71.232, 46.7939], [-71.2319, 46.794], [-71.2319, 46.7941], [-71.2319, 46.7942], [-71.232, 46.7943], [-71.232, 46.7944], [-71.2321, 46.7945], [-71.2322, 46.7945], [-71.2323, 46.7946], [-71.2324, 46.7946], [-71.2326, 46.7946], [-71.2327, 46.7946], [-71.2327, 46.7947], [-71.2328, 46.7947], [-71.2327, 46.7948], [-71.2327, 46.7949], [-71.2326, 46.795], [-71.2325, 46.7951], [-71.2323, 46.7952], [-71.2321, 46.7954], [-71.232, 46.7955], [-71.2319, 46.7957], [-71.2318, 46.7959], [-71.2317, 46.7962], [-71.2317, 46.7964], [-71.2316, 46.7967], [-71.2316, 46.797], [-71.2316, 46.7973], [-71.2316, 46.7976], [-71.2317, 46.7978], [-71.2318, 46.7981], [-71.2319, 46.7983], [-71.232, 46.7985], [-71.2321, 46.7986], [-71.2322, 46.7988], [-71.2324, 46.7989], [-71.2324, 46.799], [-71.2325, 46.7991], [-71.2324, 46.7992], [-71.2324, 46.7993], [-71.2323, 46.7993], [-71.2322, 46.7993], [-71.232, 46.7993], [-71.2318, 46.7994], [-71.2317, 46.7994], [-71.2316, 46.7995], [-71.2315, 46.7995], [-71.2314, 46.7996], [-71.2313, 46.7998], [-71.2313, 46.7999], [-71.2313, 46.8], [-71.2313, 46.8002], [-71.2313, 46.8003], [-71.2314, 46.8004], [-71.2315, 46.8005], [-71.2316, 46.8005], [-71.2317, 46.8005], [-71.2318, 46.8005], [-71.2319, 46.8006], [-71.232, 46.8006], [-71.232, 46.8007], [-71.232, 46.8008], [-71.2319, 46.8009], [-71.2318, 46.801], [-71.2316, 46.8011], [-71.2315, 46.8013], [-71.2315, 46.8014], [-71.2315, 46.8015], [-71.2315, 46.8016], [-71.2316, 46.8016], [-71.2317, 46.8017], [-71.2319, 46.8017], [-71.2321, 46.8018], [-71.2323, 46.8018], [-71.2325, 46.8018], [-71.2326, 46.8017], [-71.2328, 46.8017], [-71.2329, 46.8017], [-71.2329, 46.8016], [-71.233, 46.8015], [-71.233, 46.8014], [-71.233, 46.8013], [-71.2331, 46.8013], [-71.2332, 46.8013], [-71.2333, 46.8013], [-71.2334, 46.8014], [-71.2336, 46.8015], [-71.2337, 46.8016], [-71.2339, 46.8017], [-71.234, 46.8018], [-71.2342, 46.8018], [-71.2343, 46.8019], [-71.2345, 46.8019], [-71.2346, 46.8019], [-71.2347, 46.8018], [-71.2348, 46.8017], [-71.235, 46.8017], [-71.2351, 46.8017], [-71.2352, 46.8017], [-71.2353, 46.8017], [-71.2354, 46.8017], [-71.2355, 46.8017], [-71.2357, 46.8018], [-71.2358, 46.8019], [-71.2359, 46.8019], [-71.236, 46.802], [-71.2361, 46.802], [-71.2362, 46.802], [-71.2363, 46.802], [-71.2365, 46.802], [-71.2366, 46.802], [-71.2367, 46.8019], [-71.2368, 46.8019], [-71.2369, 46.8018], [-71.237, 46.8018], [-71.2371, 46.8018], [-71.2372, 46.8019], [-71.2373, 46.8019], [-71.2373, 46.802], [-71.2374, 46.802], [-71.2375, 46.802], [-71.2376, 46.8021], [-71.2377, 46.8021], [-71.2378, 46.8021], [-71.2379, 46.802], [-71.2381, 46.802], [-71.2382, 46.8019], [-71.2384, 46.8019], [-71.2386, 46.8019], [-71.2388, 46.8019], [-71.239, 46.802], [-71.2392, 46.802], [-71.2394, 46.8021], [-71.2396, 46.8022], [-71.2399, 46.8024], [-71.2401, 46.8025], [-71.2403, 46.8025], [-71.2405, 46.8025], [-71.2407, 46.8025], [-71.2408, 46.8024], [-71.2409, 46.8023], [-71.241, 46.8022], [-71.241, 46.802], [-71.2411, 46.8018], [-71.2412, 46.8017], [-71.2412, 46.8016], [-71.2413, 46.8016], [-71.2414, 46.8016], [-71.2414, 46.8017], [-71.2415, 46.8018], [-71.2416, 46.802], [-71.2417, 46.8021], [-71.2418, 46.8023], [-71.2419, 46.8024], [-71.242, 46.8024], [-71.2422, 46.8025], [-71.2424, 46.8025], [-71.2426, 46.8025], [-71.2428, 46.8025], [-71.243, 46.8025], [-71.2432, 46.8025], [-71.2434, 46.8025], [-71.2436, 46.8024], [-71.2438, 46.8023], [-71.244, 46.8023], [-71.2442, 46.8022], [-71.2444, 46.8021], [-71.2445, 46.802], [-71.2447, 46.802], [-71.2448, 46.8019], [-71.245, 46.8019], [-71.2451, 46.8019], [-71.2452, 46.8019], [-71.2453, 46.8019], [-71.2454, 46.8019], [-71.2455, 46.8019], [-71.2456, 46.8019], [-71.2458, 46.8018], [-71.2459, 46.8017], [-71.246, 46.8016], [-71.2461, 46.8015], [-71.2463, 46.8013], [-71.2464, 46.8011], [-71.2465, 46.8009], [-71.2466, 46.8008], [-71.2467, 46.8006], [-71.2467, 46.8005], [-71.2467, 46.8003], [-71.2467, 46.8002], [-71.2467, 46.8001], [-71.2466, 46.8], [-71.2466, 46.7998], [-71.2465, 46.7997], [-71.2465, 46.7996], [-71.2466, 46.7994], [-71.2466, 46.7992], [-71.2467, 46.7991], [-71.2468, 46.7989], [-71.2469, 46.7987], [-71.247, 46.7985], [-71.2471, 46.7983], [-71.2471, 46.7982], [-71.2471, 46.798], [-71.2471, 46.7979], [-71.247, 46.7978], [-71.247, 46.7977], [-71.2469, 46.7976], [-71.2468, 46.7974], [-71.2467, 46.7973], [-71.2467, 46.7972], [-71.2467, 46.7971], [-71.2467, 46.797], [-71.2468, 46.7969], [-71.2468, 46.7967], [-71.2469, 46.7966], [-71.247, 46.7965], [-71.2471, 46.7963], [-71.2471, 46.7962], [-71.2471, 46.7961], [-71.2471, 46.796], [-71.247, 46.796], [-71.247, 46.7959], [-71.2469, 46.7959], [-71.2468, 46.7959], [-71.2467, 46.7959], [-71.2466, 46.7959], [-71.2464, 46.7959], [-71.2463, 46.796], [-71.2462, 46.796], [-71.246, 46.7961], [-71.2459, 46.7961], [-71.2458, 46.7961], [-71.2457, 46.7961], [-71.2455, 46.7961], [-71.2454, 46.796], [-71.2453, 46.796], [-71.2453, 46.7958], [-71.2452, 46.7957], [-71.2451, 46.7956], [-71.2451, 46.7955], [-71.2451, 46.7954], [-71.2452, 46.7954], [-71.2453, 46.7954], [-71.2454, 46.7954], [-71.2455, 46.7955], [-71.2456, 46.7955], [-71.2458, 46.7955], [-71.2459, 46.7955], [-71.2461, 46.7955], [-71.2463, 46.7954], [-71.2465, 46.7954], [-71.2467, 46.7953], [-71.2469, 46.7952], [-71.2471, 46.7951]]]}}, {"type": "Feature", "properties": {"couche": "aire_marche", "station": "Belvédère", "ordre": 17, "minutes": 12, "superficie_ha": 143.2, "rue_km": 38.54, "disque_ha": 221.7, "part_disque_pct": 65, "accroche_m": 1, "population": 9391, "navetteurs": 2703, "mode_auto_pct": 53, "mode_tc_pct": 22, "mode_actif_pct": 25, "mode_autre_pct": 0}, "geometry": {"type": "Polygon", "coordinates": [[[-71.2482, 46.7951], [-71.2481, 46.7954], [-71.248, 46.7956], [-71.248, 46.7958], [-71.2479, 46.796], [-71.2478, 46.7961], [-71.2477, 46.7963], [-71.2476, 46.7964], [-71.2475, 46.7964], [-71.2474, 46.7964], [-71.2473, 46.7965], [-71.2472, 46.7965], [-71.2472, 46.7966], [-71.2472, 46.7967], [-71.2473, 46.7968], [-71.2474, 46.7969], [-71.2475, 46.797], [-71.2476, 46.7972], [-71.2477, 46.7973], [-71.2478, 46.7975], [-71.2479, 46.7976], [-71.248, 46.7978], [-71.248, 46.798], [-71.248, 46.7981], [-71.248, 46.7983], [-71.2479, 46.7985], [-71.2479, 46.7986], [-71.2478, 46.7988], [-71.2477, 46.7989], [-71.2476, 46.799], [-71.2475, 46.7991], [-71.2473, 46.7992], [-71.2472, 46.7993], [-71.247, 46.7993], [-71.2469, 46.7994], [-71.2468, 46.7995], [-71.2468, 46.7996], [-71.2468, 46.7997], [-71.2469, 46.7998], [-71.247, 46.7999], [-71.2472, 46.8001], [-71.2473, 46.8002], [-71.2474, 46.8003], [-71.2474, 46.8005], [-71.2473, 46.8007], [-71.2472, 46.8008], [-71.2471, 46.801], [-71.2469, 46.8012], [-71.2466, 46.8014], [-71.2463, 46.8016], [-71.2461, 46.8017], [-71.2458, 46.8019], [-71.2456, 46.802], [-71.2454, 46.802], [-71.2452, 46.8021], [-71.2449, 46.8021], [-71.2447, 46.8021], [-71.2446, 46.8021], [-71.2444, 46.8022], [-71.2443, 46.8022], [-71.2442, 46.8023], [-71.2441, 46.8023], [-71.2441, 46.8024], [-71.2441, 46.8025], [-71.2441, 46.8026], [-71.2441, 46.8027], [-71.2441, 46.8028], [-71.244, 46.8028], [-71.2439, 46.8028], [-71.2438, 46.8028], [-71.2436, 46.8027], [-71.2435, 46.8027], [-71.2433, 46.8027], [-71.2432, 46.8027], [-71.243, 46.8027], [-71.2428, 46.8027], [-71.2426, 46.8027], [-71.2424, 46.8028], [-71.2422, 46.8028], [-71.242, 46.8029], [-71.2418, 46.8029], [-71.2416, 46.8029], [-71.2414, 46.8029], [-71.2412, 46.8029], [-71.2411, 46.8029], [-71.2409, 46.8029], [-71.2408, 46.8028], [-71.2406, 46.8028], [-71.2405, 46.8027], [-71.2404, 46.8027], [-71.2403, 46.8027], [-71.2402, 46.8027], [-71.2401, 46.8027], [-71.24, 46.8027], [-71.2399, 46.8028], [-71.2398, 46.8028], [-71.2397, 46.8028], [-71.2396, 46.8027], [-71.2395, 46.8027], [-71.2394, 46.8026], [-71.2393, 46.8025], [-71.2392, 46.8024], [-71.2391, 46.8022], [-71.239, 46.8021], [-71.2389, 46.8021], [-71.2388, 46.802], [-71.2387, 46.802], [-71.2386, 46.802], [-71.2386, 46.8021], [-71.2385, 46.8022], [-71.2384, 46.8023], [-71.2383, 46.8024], [-71.2382, 46.8025], [-71.238, 46.8025], [-71.2379, 46.8026], [-71.2377, 46.8026], [-71.2375, 46.8026], [-71.2373, 46.8026], [-71.237, 46.8026], [-71.2368, 46.8026], [-71.2366, 46.8026], [-71.2364, 46.8025], [-71.2362, 46.8024], [-71.2361, 46.8023], [-71.2359, 46.8022], [-71.2358, 46.8021], [-71.2357, 46.802], [-71.2356, 46.8019], [-71.2355, 46.8018], [-71.2354, 46.8018], [-71.2353, 46.8018], [-71.2352, 46.8018], [-71.2352, 46.8019], [-71.2352, 46.802], [-71.2351, 46.8021], [-71.2351, 46.8022], [-71.235, 46.8023], [-71.2349, 46.8024], [-71.2348, 46.8024], [-71.2347, 46.8023], [-71.2346, 46.8023], [-71.2344, 46.8022], [-71.2343, 46.8022], [-71.2342, 46.8022], [-71.2341, 46.8022], [-71.234, 46.8022], [-71.2338, 46.8022], [-71.2337, 46.8022], [-71.2336, 46.8022], [-71.2334, 46.8022], [-71.2333, 46.8022], [-71.2332, 46.8022], [-71.2331, 46.8022], [-71.2329, 46.8022], [-71.2328, 46.8021], [-71.2327, 46.802], [-71.2326, 46.8019], [-71.2324, 46.8018], [-71.2323, 46.8018], [-71.2322, 46.8018], [-71.2321, 46.8018], [-71.232, 46.8019], [-71.232, 46.802], [-71.2319, 46.8021], [-71.2318, 46.8021], [-71.2317, 46.8022], [-71.2316, 46.8022], [-71.2314, 46.8022], [-71.2313, 46.8022], [-71.2311, 46.8021], [-71.2309, 46.8021], [-71.2309, 46.802], [-71.2308, 46.8019], [-71.2308, 46.8018], [-71.2309, 46.8017], [-71.2311, 46.8016], [-71.2312, 46.8014], [-71.2315, 46.8012], [-71.2317, 46.801], [-71.2318, 46.8009], [-71.2319, 46.8008], [-71.2319, 46.8007], [-71.2318, 46.8007], [-71.2317, 46.8007], [-71.2315, 46.8007], [-71.2313, 46.8008], [-71.2311, 46.8008], [-71.231, 46.8008], [-71.2309, 46.8007], [-71.2308, 46.8006], [-71.2307, 46.8005], [-71.2307, 46.8003], [-71.2307, 46.8001], [-71.2307, 46.7998], [-71.2307, 46.7996], [-71.2308, 46.7994], [-71.2309, 46.7992], [-71.2311, 46.7991], [-71.2312, 46.7991], [-71.2314, 46.799], [-71.2317, 46.7991], [-71.2319, 46.7991], [-71.2321, 46.7991], [-71.2322, 46.7991], [-71.2323, 46.7991], [-71.2323, 46.799], [-71.2322, 46.7989], [-71.2321, 46.7988], [-71.2319, 46.7986], [-71.2317, 46.7984], [-71.2315, 46.7982], [-71.2313, 46.798], [-71.2312, 46.7978], [-71.2311, 46.7975], [-71.231, 46.7973], [-71.231, 46.797], [-71.2309, 46.7967], [-71.231, 46.7964], [-71.231, 46.7962], [-71.2311, 46.7959], [-71.2312, 46.7958], [-71.2313, 46.7956], [-71.2314, 46.7955], [-71.2315, 46.7954], [-71.2317, 46.7953], [-71.2319, 46.7953], [-71.232, 46.7953], [-71.2321, 46.7952], [-71.2321, 46.7951], [-71.232, 46.795], [-71.2319, 46.795], [-71.2317, 46.7949], [-71.2316, 46.7948], [-71.2315, 46.7947], [-71.2314, 46.7946], [-71.2313, 46.7944], [-71.2313, 46.7943], [-71.2313, 46.7942], [-71.2314, 46.794], [-71.2314, 46.7938], [-71.2315, 46.7937], [-71.2316, 46.7935], [-71.2317, 46.7934], [-71.2318, 46.7932], [-71.2319, 46.7931], [-71.2321, 46.793], [-71.2322, 46.7929], [-71.2324, 46.7928], [-71.2326, 46.7927], [-71.2329, 46.7926], [-71.2332, 46.7924], [-71.2336, 46.7923], [-71.2341, 46.7921], [-71.2346, 46.792], [-71.2353, 46.7918], [-71.2359, 46.7916], [-71.2365, 46.7915], [-71.2371, 46.7913], [-71.2375, 46.7913], [-71.2379, 46.7912], [-71.2382, 46.7913], [-71.2384, 46.7913], [-71.2385, 46.7914], [-71.2386, 46.7915], [-71.2386, 46.7916], [-71.2387, 46.7917], [-71.2387, 46.7918], [-71.2388, 46.7918], [-71.2389, 46.7918], [-71.239, 46.7917], [-71.239, 46.7916], [-71.2391, 46.7916], [-71.2392, 46.7915], [-71.2394, 46.7915], [-71.2396, 46.7914], [-71.2399, 46.7914], [-71.2402, 46.7914], [-71.2406, 46.7914], [-71.241, 46.7914], [-71.2413, 46.7915], [-71.2416, 46.7915], [-71.2419, 46.7915], [-71.2421, 46.7916], [-71.2423, 46.7916], [-71.2424, 46.7917], [-71.2424, 46.7918], [-71.2424, 46.7919], [-71.2424, 46.792], [-71.2423, 46.7921], [-71.2422, 46.7921], [-71.2421, 46.7922], [-71.242, 46.7923], [-71.2418, 46.7924], [-71.2417, 46.7925], [-71.2416, 46.7926], [-71.2415, 46.7927], [-71.2414, 46.7928], [-71.2414, 46.7929], [-71.2414, 46.793], [-71.2414, 46.7931], [-71.2414, 46.7933], [-71.2414, 46.7934], [-71.2415, 46.7935], [-71.2416, 46.7935], [-71.2416, 46.7936], [-71.2417, 46.7936], [-71.2418, 46.7936], [-71.242, 46.7936], [-71.2421, 46.7936], [-71.2422, 46.7936], [-71.2423, 46.7935], [-71.2424, 46.7935], [-71.2425, 46.7934], [-71.2425, 46.7933], [-71.2424, 46.7932], [-71.2424, 46.7931], [-71.2424, 46.793], [-71.2425, 46.793], [-71.2425, 46.7929], [-71.2426, 46.7929], [-71.2427, 46.7929], [-71.2428, 46.7929], [-71.2429, 46.7929], [-71.243, 46.793], [-71.2431, 46.793], [-71.2432, 46.7931], [-71.2434, 46.7933], [-71.2435, 46.7934], [-71.2436, 46.7935], [-71.2437, 46.7936], [-71.2439, 46.7937], [-71.244, 46.7938], [-71.2441, 46.7938], [-71.2442, 46.7938], [-71.2443, 46.7938], [-71.2444, 46.7937], [-71.2445, 46.7936], [-71.2444, 46.7935], [-71.2443, 46.7934], [-71.2442, 46.7934], [-71.2441, 46.7933], [-71.244, 46.7933], [-71.2439, 46.7932], [-71.2438, 46.7931], [-71.2438, 46.793], [-71.2437, 46.7928], [-71.2437, 46.7927], [-71.2437, 46.7925], [-71.2438, 46.7923], [-71.2438, 46.7922], [-71.2439, 46.792], [-71.244, 46.7919], [-71.2441, 46.7918], [-71.2442, 46.7917], [-71.2444, 46.7916], [-71.2446, 46.7916], [-71.2448, 46.7916], [-71.2449, 46.7916], [-71.2451, 46.7915], [-71.2452, 46.7916], [-71.2453, 46.7916], [-71.2454, 46.7916], [-71.2455, 46.7917], [-71.2456, 46.7917], [-71.2456, 46.7918], [-71.2457, 46.7918], [-71.2458, 46.7919], [-71.246, 46.7919], [-71.2461, 46.792], [-71.2463, 46.792], [-71.2466, 46.792], [-71.2469, 46.7921], [-71.2472, 46.7921], [-71.2475, 46.7921], [-71.2477, 46.7921], [-71.2479, 46.7921], [-71.248, 46.7922], [-71.2481, 46.7922], [-71.2481, 46.7923], [-71.2481, 46.7924], [-71.248, 46.7925], [-71.248, 46.7926], [-71.2479, 46.7927], [-71.2479, 46.7928], [-71.2479, 46.793], [-71.2479, 46.7931], [-71.248, 46.7933], [-71.248, 46.7934], [-71.2481, 46.7936], [-71.2482, 46.7938], [-71.2482, 46.794], [-71.2482, 46.7942], [-71.2482, 46.7944], [-71.2482, 46.7946], [-71.2482, 46.7949], [-71.2482, 46.7951]]]}}, {"type": "Feature", "properties": {"couche": "voile", "station": "Belvédère", "minutes": 12}, "geometry": {"type": "Polygon", "coordinates": [[[-71.4073, 46.9097], [-71.0747, 46.9118], [-71.0723, 46.6842], [-71.4035, 46.6821], [-71.4073, 46.9097]], [[-71.2482, 46.7949], [-71.2482, 46.7946], [-71.2482, 46.7944], [-71.2482, 46.7942], [-71.2482, 46.794], [-71.2482, 46.7938], [-71.2481, 46.7936], [-71.248, 46.7934], [-71.248, 46.7933], [-71.2479, 46.7931], [-71.2479, 46.793], [-71.2479, 46.7928], [-71.2479, 46.7927], [-71.248, 46.7926], [-71.248, 46.7925], [-71.2481, 46.7924], [-71.2481, 46.7923], [-71.2481, 46.7922], [-71.248, 46.7922], [-71.2479, 46.7921], [-71.2477, 46.7921], [-71.2475, 46.7921], [-71.2472, 46.7921], [-71.2469, 46.7921], [-71.2466, 46.792], [-71.2463, 46.792], [-71.2461, 46.792], [-71.246, 46.7919], [-71.2458, 46.7919], [-71.2457, 46.7918], [-71.2456, 46.7918], [-71.2456, 46.7917], [-71.2455, 46.7917], [-71.2454, 46.7916], [-71.2453, 46.7916], [-71.2452, 46.7916], [-71.2451, 46.7915], [-71.2449, 46.7916], [-71.2448, 46.7916], [-71.2446, 46.7916], [-71.2444, 46.7916], [-71.2442, 46.7917], [-71.2441, 46.7918], [-71.244, 46.7919], [-71.2439, 46.792], [-71.2438, 46.7922], [-71.2438, 46.7923], [-71.2437, 46.7925], [-71.2437, 46.7927], [-71.2437, 46.7928], [-71.2438, 46.793], [-71.2438, 46.7931], [-71.2439, 46.7932], [-71.244, 46.7933], [-71.2441, 46.7933], [-71.2442, 46.7934], [-71.2443, 46.7934], [-71.2444, 46.7935], [-71.2445, 46.7936], [-71.2444, 46.7937], [-71.2443, 46.7938], [-71.2442, 46.7938], [-71.2441, 46.7938], [-71.244, 46.7938], [-71.2439, 46.7937], [-71.2437, 46.7936], [-71.2436, 46.7935], [-71.2435, 46.7934], [-71.2434, 46.7933], [-71.2432, 46.7931], [-71.2431, 46.793], [-71.243, 46.793], [-71.2429, 46.7929], [-71.2428, 46.7929], [-71.2427, 46.7929], [-71.2426, 46.7929], [-71.2425, 46.7929], [-71.2425, 46.793], [-71.2424, 46.793], [-71.2424, 46.7931], [-71.2424, 46.7932], [-71.2425, 46.7933], [-71.2425, 46.7934], [-71.2424, 46.7935], [-71.2423, 46.7935], [-71.2422, 46.7936], [-71.2421, 46.7936], [-71.242, 46.7936], [-71.2418, 46.7936], [-71.2417, 46.7936], [-71.2416, 46.7936], [-71.2416, 46.7935], [-71.2415, 46.7935], [-71.2414, 46.7934], [-71.2414, 46.7933], [-71.2414, 46.7931], [-71.2414, 46.793], [-71.2414, 46.7929], [-71.2414, 46.7928], [-71.2415, 46.7927], [-71.2416, 46.7926], [-71.2417, 46.7925], [-71.2418, 46.7924], [-71.242, 46.7923], [-71.2421, 46.7922], [-71.2422, 46.7921], [-71.2423, 46.7921], [-71.2424, 46.792], [-71.2424, 46.7919], [-71.2424, 46.7918], [-71.2424, 46.7917], [-71.2423, 46.7916], [-71.2421, 46.7916], [-71.2419, 46.7915], [-71.2416, 46.7915], [-71.2413, 46.7915], [-71.241, 46.7914], [-71.2406, 46.7914], [-71.2402, 46.7914], [-71.2399, 46.7914], [-71.2396, 46.7914], [-71.2394, 46.7915], [-71.2392, 46.7915], [-71.2391, 46.7916], [-71.239, 46.7916], [-71.239, 46.7917], [-71.2389, 46.7918], [-71.2388, 46.7918], [-71.2387, 46.7918], [-71.2387, 46.7917], [-71.2386, 46.7916], [-71.2386, 46.7915], [-71.2385, 46.7914], [-71.2384, 46.7913], [-71.2382, 46.7913], [-71.2379, 46.7912], [-71.2375, 46.7913], [-71.2371, 46.7913], [-71.2365, 46.7915], [-71.2359, 46.7916], [-71.2353, 46.7918], [-71.2346, 46.792], [-71.2341, 46.7921], [-71.2336, 46.7923], [-71.2332, 46.7924], [-71.2329, 46.7926], [-71.2326, 46.7927], [-71.2324, 46.7928], [-71.2322, 46.7929], [-71.2321, 46.793], [-71.2319, 46.7931], [-71.2318, 46.7932], [-71.2317, 46.7934], [-71.2316, 46.7935], [-71.2315, 46.7937], [-71.2314, 46.7938], [-71.2314, 46.794], [-71.2313, 46.7942], [-71.2313, 46.7943], [-71.2313, 46.7944], [-71.2314, 46.7946], [-71.2315, 46.7947], [-71.2316, 46.7948], [-71.2317, 46.7949], [-71.2319, 46.795], [-71.232, 46.795], [-71.2321, 46.7951], [-71.2321, 46.7952], [-71.232, 46.7953], [-71.2319, 46.7953], [-71.2317, 46.7953], [-71.2315, 46.7954], [-71.2314, 46.7955], [-71.2313, 46.7956], [-71.2312, 46.7958], [-71.2311, 46.7959], [-71.231, 46.7962], [-71.231, 46.7964], [-71.2309, 46.7967], [-71.231, 46.797], [-71.231, 46.7973], [-71.2311, 46.7975], [-71.2312, 46.7978], [-71.2313, 46.798], [-71.2315, 46.7982], [-71.2317, 46.7984], [-71.2319, 46.7986], [-71.2321, 46.7988], [-71.2322, 46.7989], [-71.2323, 46.799], [-71.2323, 46.7991], [-71.2322, 46.7991], [-71.2321, 46.7991], [-71.2319, 46.7991], [-71.2317, 46.7991], [-71.2314, 46.799], [-71.2312, 46.7991], [-71.2311, 46.7991], [-71.2309, 46.7992], [-71.2308, 46.7994], [-71.2307, 46.7996], [-71.2307, 46.7998], [-71.2307, 46.8001], [-71.2307, 46.8003], [-71.2307, 46.8005], [-71.2308, 46.8006], [-71.2309, 46.8007], [-71.231, 46.8008], [-71.2311, 46.8008], [-71.2313, 46.8008], [-71.2315, 46.8007], [-71.2317, 46.8007], [-71.2318, 46.8007], [-71.2319, 46.8007], [-71.2319, 46.8008], [-71.2318, 46.8009], [-71.2317, 46.801], [-71.2315, 46.8012], [-71.2312, 46.8014], [-71.2311, 46.8016], [-71.2309, 46.8017], [-71.2308, 46.8018], [-71.2308, 46.8019], [-71.2309, 46.802], [-71.2309, 46.8021], [-71.2311, 46.8021], [-71.2313, 46.8022], [-71.2314, 46.8022], [-71.2316, 46.8022], [-71.2317, 46.8022], [-71.2318, 46.8021], [-71.2319, 46.8021], [-71.232, 46.802], [-71.232, 46.8019], [-71.2321, 46.8018], [-71.2322, 46.8018], [-71.2323, 46.8018], [-71.2324, 46.8018], [-71.2326, 46.8019], [-71.2327, 46.802], [-71.2328, 46.8021], [-71.2329, 46.8022], [-71.2331, 46.8022], [-71.2332, 46.8022], [-71.2333, 46.8022], [-71.2334, 46.8022], [-71.2336, 46.8022], [-71.2337, 46.8022], [-71.2338, 46.8022], [-71.234, 46.8022], [-71.2341, 46.8022], [-71.2342, 46.8022], [-71.2343, 46.8022], [-71.2344, 46.8022], [-71.2346, 46.8023], [-71.2347, 46.8023], [-71.2348, 46.8024], [-71.2349, 46.8024], [-71.235, 46.8023], [-71.2351, 46.8022], [-71.2351, 46.8021], [-71.2352, 46.802], [-71.2352, 46.8019], [-71.2352, 46.8018], [-71.2353, 46.8018], [-71.2354, 46.8018], [-71.2355, 46.8018], [-71.2356, 46.8019], [-71.2357, 46.802], [-71.2358, 46.8021], [-71.2359, 46.8022], [-71.2361, 46.8023], [-71.2362, 46.8024], [-71.2364, 46.8025], [-71.2366, 46.8026], [-71.2368, 46.8026], [-71.237, 46.8026], [-71.2373, 46.8026], [-71.2375, 46.8026], [-71.2377, 46.8026], [-71.2379, 46.8026], [-71.238, 46.8025], [-71.2382, 46.8025], [-71.2383, 46.8024], [-71.2384, 46.8023], [-71.2385, 46.8022], [-71.2386, 46.8021], [-71.2386, 46.802], [-71.2387, 46.802], [-71.2388, 46.802], [-71.2389, 46.8021], [-71.239, 46.8021], [-71.2391, 46.8022], [-71.2392, 46.8024], [-71.2393, 46.8025], [-71.2394, 46.8026], [-71.2395, 46.8027], [-71.2396, 46.8027], [-71.2397, 46.8028], [-71.2398, 46.8028], [-71.2399, 46.8028], [-71.24, 46.8027], [-71.2401, 46.8027], [-71.2402, 46.8027], [-71.2403, 46.8027], [-71.2404, 46.8027], [-71.2405, 46.8027], [-71.2406, 46.8028], [-71.2408, 46.8028], [-71.2409, 46.8029], [-71.2411, 46.8029], [-71.2412, 46.8029], [-71.2414, 46.8029], [-71.2416, 46.8029], [-71.2418, 46.8029], [-71.242, 46.8029], [-71.2422, 46.8028], [-71.2424, 46.8028], [-71.2426, 46.8027], [-71.2428, 46.8027], [-71.243, 46.8027], [-71.2432, 46.8027], [-71.2433, 46.8027], [-71.2435, 46.8027], [-71.2436, 46.8027], [-71.2438, 46.8028], [-71.2439, 46.8028], [-71.244, 46.8028], [-71.2441, 46.8028], [-71.2441, 46.8027], [-71.2441, 46.8026], [-71.2441, 46.8025], [-71.2441, 46.8024], [-71.2441, 46.8023], [-71.2442, 46.8023], [-71.2443, 46.8022], [-71.2444, 46.8022], [-71.2446, 46.8021], [-71.2447, 46.8021], [-71.2449, 46.8021], [-71.2452, 46.8021], [-71.2454, 46.802], [-71.2456, 46.802], [-71.2458, 46.8019], [-71.2461, 46.8017], [-71.2463, 46.8016], [-71.2466, 46.8014], [-71.2469, 46.8012], [-71.2471, 46.801], [-71.2472, 46.8008], [-71.2473, 46.8007], [-71.2474, 46.8005], [-71.2474, 46.8003], [-71.2473, 46.8002], [-71.2472, 46.8001], [-71.247, 46.7999], [-71.2469, 46.7998], [-71.2468, 46.7997], [-71.2468, 46.7996], [-71.2468, 46.7995], [-71.2469, 46.7994], [-71.247, 46.7993], [-71.2472, 46.7993], [-71.2473, 46.7992], [-71.2475, 46.7991], [-71.2476, 46.799], [-71.2477, 46.7989], [-71.2478, 46.7988], [-71.2479, 46.7986], [-71.2479, 46.7985], [-71.248, 46.7983], [-71.248, 46.7981], [-71.248, 46.798], [-71.248, 46.7978], [-71.2479, 46.7976], [-71.2478, 46.7975], [-71.2477, 46.7973], [-71.2476, 46.7972], [-71.2475, 46.797], [-71.2474, 46.7969], [-71.2473, 46.7968], [-71.2472, 46.7967], [-71.2472, 46.7966], [-71.2472, 46.7965], [-71.2473, 46.7965], [-71.2474, 46.7964], [-71.2475, 46.7964], [-71.2476, 46.7964], [-71.2477, 46.7963], [-71.2478, 46.7961], [-71.2479, 46.796], [-71.248, 46.7958], [-71.248, 46.7956], [-71.2481, 46.7954], [-71.2482, 46.7951], [-71.2482, 46.7949]]]}}, {"type": "Feature", "properties": {"couche": "aire_marche", "station": "Belvédère", "ordre": 17, "minutes": 13, "superficie_ha": 168.4, "rue_km": 44.83, "disque_ha": 260.2, "part_disque_pct": 65, "accroche_m": 1, "population": 10854, "navetteurs": 3088, "mode_auto_pct": 54, "mode_tc_pct": 21, "mode_actif_pct": 25, "mode_autre_pct": 0}, "geometry": {"type": "Polygon", "coordinates": [[[-71.2489, 46.794], [-71.2488, 46.7941], [-71.2488, 46.7942], [-71.2487, 46.7943], [-71.2487, 46.7944], [-71.2487, 46.7945], [-71.2487, 46.7947], [-71.2487, 46.7949], [-71.2487, 46.795], [-71.2488, 46.7952], [-71.2488, 46.7954], [-71.2488, 46.7955], [-71.2488, 46.7956], [-71.2487, 46.7957], [-71.2487, 46.7958], [-71.2486, 46.7959], [-71.2485, 46.7959], [-71.2484, 46.796], [-71.2483, 46.796], [-71.2482, 46.796], [-71.2481, 46.7961], [-71.2481, 46.7962], [-71.2481, 46.7963], [-71.2482, 46.7964], [-71.2482, 46.7965], [-71.2483, 46.7966], [-71.2482, 46.7967], [-71.2481, 46.7967], [-71.248, 46.7967], [-71.2478, 46.7967], [-71.2476, 46.7967], [-71.2475, 46.7967], [-71.2474, 46.7967], [-71.2475, 46.7968], [-71.2476, 46.7968], [-71.2478, 46.7969], [-71.2481, 46.797], [-71.2483, 46.7971], [-71.2484, 46.7972], [-71.2485, 46.7973], [-71.2486, 46.7975], [-71.2486, 46.7976], [-71.2486, 46.7977], [-71.2486, 46.7979], [-71.2485, 46.798], [-71.2484, 46.7982], [-71.2483, 46.7984], [-71.2483, 46.7986], [-71.2482, 46.7988], [-71.2482, 46.799], [-71.2482, 46.7993], [-71.2483, 46.7996], [-71.2483, 46.7999], [-71.2483, 46.8001], [-71.2483, 46.8004], [-71.2482, 46.8005], [-71.2481, 46.8007], [-71.248, 46.8008], [-71.2478, 46.8009], [-71.2476, 46.801], [-71.2473, 46.801], [-71.2471, 46.801], [-71.2469, 46.8011], [-71.2467, 46.8011], [-71.2465, 46.8012], [-71.2464, 46.8013], [-71.2462, 46.8014], [-71.2461, 46.8015], [-71.246, 46.8017], [-71.2458, 46.8018], [-71.2457, 46.8019], [-71.2456, 46.802], [-71.2454, 46.802], [-71.2453, 46.8021], [-71.2451, 46.8021], [-71.2449, 46.8021], [-71.2447, 46.8021], [-71.2445, 46.8021], [-71.2444, 46.8022], [-71.2443, 46.8022], [-71.2443, 46.8023], [-71.2444, 46.8023], [-71.2445, 46.8024], [-71.2446, 46.8024], [-71.2447, 46.8025], [-71.2448, 46.8026], [-71.2448, 46.8027], [-71.2448, 46.8028], [-71.2449, 46.8029], [-71.2449, 46.803], [-71.2449, 46.8031], [-71.2448, 46.8032], [-71.2447, 46.8033], [-71.2447, 46.8034], [-71.2446, 46.8034], [-71.2445, 46.8034], [-71.2443, 46.8034], [-71.2442, 46.8034], [-71.2441, 46.8034], [-71.244, 46.8034], [-71.2439, 46.8033], [-71.2437, 46.8033], [-71.2437, 46.8032], [-71.2436, 46.8031], [-71.2435, 46.803], [-71.2434, 46.8029], [-71.2433, 46.8028], [-71.2432, 46.8028], [-71.2431, 46.8028], [-71.243, 46.8028], [-71.2428, 46.8028], [-71.2427, 46.8028], [-71.2425, 46.8029], [-71.2423, 46.803], [-71.2421, 46.8031], [-71.2419, 46.8031], [-71.2417, 46.8032], [-71.2415, 46.8032], [-71.2414, 46.8031], [-71.2412, 46.8031], [-71.241, 46.803], [-71.2409, 46.8029], [-71.2407, 46.8029], [-71.2405, 46.8028], [-71.2404, 46.8028], [-71.2402, 46.8028], [-71.2401, 46.8028], [-71.2399, 46.8028], [-71.2398, 46.8029], [-71.2396, 46.803], [-71.2395, 46.803], [-71.2394, 46.8031], [-71.2392, 46.8031], [-71.2391, 46.8031], [-71.2389, 46.8031], [-71.2388, 46.8031], [-71.2386, 46.803], [-71.2385, 46.803], [-71.2383, 46.8029], [-71.2381, 46.8029], [-71.2379, 46.8029], [-71.2377, 46.8029], [-71.2374, 46.8028], [-71.2372, 46.8029], [-71.2369, 46.8029], [-71.2365, 46.8029], [-71.2362, 46.8029], [-71.236, 46.8029], [-71.2357, 46.8029], [-71.2355, 46.8028], [-71.2353, 46.8028], [-71.2351, 46.8027], [-71.2349, 46.8026], [-71.2347, 46.8025], [-71.2346, 46.8024], [-71.2345, 46.8023], [-71.2344, 46.8023], [-71.2343, 46.8023], [-71.2342, 46.8023], [-71.2341, 46.8024], [-71.2341, 46.8025], [-71.234, 46.8026], [-71.2339, 46.8027], [-71.2338, 46.8027], [-71.2336, 46.8028], [-71.2334, 46.8028], [-71.2332, 46.8028], [-71.2329, 46.8028], [-71.2326, 46.8028], [-71.2323, 46.8027], [-71.232, 46.8027], [-71.2318, 46.8027], [-71.2317, 46.8026], [-71.2315, 46.8026], [-71.2314, 46.8025], [-71.2314, 46.8024], [-71.2313, 46.8023], [-71.2313, 46.8022], [-71.2312, 46.8022], [-71.2311, 46.8022], [-71.231, 46.8023], [-71.2309, 46.8023], [-71.2308, 46.8024], [-71.2307, 46.8024], [-71.2306, 46.8025], [-71.2305, 46.8025], [-71.2304, 46.8025], [-71.2303, 46.8026], [-71.2302, 46.8026], [-71.2302, 46.8025], [-71.2301, 46.8025], [-71.23, 46.8025], [-71.2299, 46.8024], [-71.2299, 46.8023], [-71.2299, 46.8022], [-71.2299, 46.8021], [-71.2299, 46.8019], [-71.23, 46.8017], [-71.2301, 46.8015], [-71.2301, 46.8013], [-71.2302, 46.8011], [-71.2302, 46.8009], [-71.2302, 46.8008], [-71.2302, 46.8007], [-71.2302, 46.8006], [-71.2301, 46.8005], [-71.2301, 46.8004], [-71.23, 46.8004], [-71.23, 46.8003], [-71.23, 46.8002], [-71.2301, 46.8001], [-71.2302, 46.8], [-71.2303, 46.7999], [-71.2304, 46.7999], [-71.2305, 46.7998], [-71.2305, 46.7997], [-71.2305, 46.7996], [-71.2304, 46.7996], [-71.2303, 46.7995], [-71.2302, 46.7994], [-71.2302, 46.7993], [-71.2301, 46.7992], [-71.2301, 46.799], [-71.2301, 46.7989], [-71.2301, 46.7987], [-71.2301, 46.7985], [-71.2302, 46.7983], [-71.2302, 46.7981], [-71.2303, 46.798], [-71.2303, 46.7978], [-71.2304, 46.7977], [-71.2305, 46.7976], [-71.2306, 46.7975], [-71.2307, 46.7974], [-71.2308, 46.7973], [-71.2309, 46.7972], [-71.2309, 46.797], [-71.2309, 46.7969], [-71.2309, 46.7968], [-71.2308, 46.7967], [-71.2307, 46.7965], [-71.2306, 46.7964], [-71.2305, 46.7963], [-71.2304, 46.7961], [-71.2304, 46.796], [-71.2304, 46.7959], [-71.2305, 46.7958], [-71.2305, 46.7957], [-71.2306, 46.7956], [-71.2307, 46.7955], [-71.2308, 46.7954], [-71.2309, 46.7953], [-71.231, 46.7952], [-71.231, 46.7951], [-71.231, 46.795], [-71.2309, 46.7949], [-71.2308, 46.7948], [-71.2308, 46.7947], [-71.2308, 46.7946], [-71.2308, 46.7945], [-71.2309, 46.7945], [-71.231, 46.7944], [-71.2311, 46.7943], [-71.2312, 46.7942], [-71.2312, 46.7941], [-71.2312, 46.794], [-71.2312, 46.7939], [-71.2312, 46.7938], [-71.2312, 46.7937], [-71.2312, 46.7936], [-71.2313, 46.7935], [-71.2313, 46.7933], [-71.2315, 46.7932], [-71.2316, 46.7931], [-71.2318, 46.793], [-71.232, 46.7928], [-71.2322, 46.7927], [-71.2323, 46.7926], [-71.2325, 46.7925], [-71.2327, 46.7924], [-71.2329, 46.7924], [-71.2331, 46.7923], [-71.2332, 46.7923], [-71.2334, 46.7923], [-71.2336, 46.7923], [-71.2337, 46.7922], [-71.2339, 46.7922], [-71.234, 46.7921], [-71.2342, 46.7921], [-71.2343, 46.792], [-71.2344, 46.7919], [-71.2346, 46.7918], [-71.2347, 46.7917], [-71.2348, 46.7917], [-71.235, 46.7916], [-71.2352, 46.7916], [-71.2354, 46.7915], [-71.2356, 46.7915], [-71.2358, 46.7915], [-71.236, 46.7915], [-71.2362, 46.7915], [-71.2364, 46.7915], [-71.2366, 46.7915], [-71.2367, 46.7915], [-71.2368, 46.7914], [-71.2369, 46.7914], [-71.2369, 46.7913], [-71.2369, 46.7912], [-71.2369, 46.7911], [-71.237, 46.7911], [-71.2371, 46.791], [-71.2372, 46.791], [-71.2373, 46.7909], [-71.2375, 46.7909], [-71.2376, 46.7908], [-71.2378, 46.7908], [-71.238, 46.7908], [-71.2382, 46.7907], [-71.2384, 46.7907], [-71.2386, 46.7907], [-71.2388, 46.7907], [-71.239, 46.7907], [-71.2391, 46.7908], [-71.2393, 46.7908], [-71.2395, 46.7908], [-71.2396, 46.7909], [-71.2397, 46.7909], [-71.2398, 46.791], [-71.2398, 46.7911], [-71.2399, 46.7911], [-71.2399, 46.7912], [-71.2399, 46.7913], [-71.2399, 46.7914], [-71.2399, 46.7915], [-71.24, 46.7915], [-71.2401, 46.7915], [-71.2403, 46.7914], [-71.2404, 46.7913], [-71.2406, 46.7912], [-71.2408, 46.7912], [-71.2411, 46.7911], [-71.2414, 46.791], [-71.2418, 46.791], [-71.2422, 46.791], [-71.2426, 46.791], [-71.2431, 46.791], [-71.2437, 46.791], [-71.2442, 46.791], [-71.2447, 46.791], [-71.2451, 46.7911], [-71.2455, 46.7911], [-71.2458, 46.7912], [-71.2461, 46.7913], [-71.2464, 46.7914], [-71.2466, 46.7915], [-71.2468, 46.7916], [-71.247, 46.7916], [-71.2472, 46.7917], [-71.2474, 46.7917], [-71.2476, 46.7917], [-71.2478, 46.7917], [-71.248, 46.7917], [-71.2482, 46.7917], [-71.2484, 46.7917], [-71.2485, 46.7917], [-71.2486, 46.7917], [-71.2487, 46.7918], [-71.2487, 46.7919], [-71.2487, 46.792], [-71.2486, 46.7921], [-71.2485, 46.7922], [-71.2485, 46.7923], [-71.2485, 46.7925], [-71.2485, 46.7926], [-71.2485, 46.7927], [-71.2486, 46.7929], [-71.2487, 46.793], [-71.2488, 46.7932], [-71.2489, 46.7933], [-71.2489, 46.7934], [-71.249, 46.7936], [-71.249, 46.7937], [-71.249, 46.7938], [-71.249, 46.7939], [-71.2489, 46.794]]]}}, {"type": "Feature", "properties": {"couche": "voile", "station": "Belvédère", "minutes": 13}, "geometry": {"type": "Polygon", "coordinates": [[[-71.4082, 46.9102], [-71.0739, 46.9123], [-71.0714, 46.6837], [-71.4043, 46.6815], [-71.4082, 46.9102]], [[-71.249, 46.7939], [-71.249, 46.7938], [-71.249, 46.7937], [-71.249, 46.7936], [-71.2489, 46.7934], [-71.2489, 46.7933], [-71.2488, 46.7932], [-71.2487, 46.793], [-71.2486, 46.7929], [-71.2485, 46.7927], [-71.2485, 46.7926], [-71.2485, 46.7925], [-71.2485, 46.7923], [-71.2485, 46.7922], [-71.2486, 46.7921], [-71.2487, 46.792], [-71.2487, 46.7919], [-71.2487, 46.7918], [-71.2486, 46.7917], [-71.2485, 46.7917], [-71.2484, 46.7917], [-71.2482, 46.7917], [-71.248, 46.7917], [-71.2478, 46.7917], [-71.2476, 46.7917], [-71.2474, 46.7917], [-71.2472, 46.7917], [-71.247, 46.7916], [-71.2468, 46.7916], [-71.2466, 46.7915], [-71.2464, 46.7914], [-71.2461, 46.7913], [-71.2458, 46.7912], [-71.2455, 46.7911], [-71.2451, 46.7911], [-71.2447, 46.791], [-71.2442, 46.791], [-71.2437, 46.791], [-71.2431, 46.791], [-71.2426, 46.791], [-71.2422, 46.791], [-71.2418, 46.791], [-71.2414, 46.791], [-71.2411, 46.7911], [-71.2408, 46.7912], [-71.2406, 46.7912], [-71.2404, 46.7913], [-71.2403, 46.7914], [-71.2401, 46.7915], [-71.24, 46.7915], [-71.2399, 46.7915], [-71.2399, 46.7914], [-71.2399, 46.7913], [-71.2399, 46.7912], [-71.2399, 46.7911], [-71.2398, 46.7911], [-71.2398, 46.791], [-71.2397, 46.7909], [-71.2396, 46.7909], [-71.2395, 46.7908], [-71.2393, 46.7908], [-71.2391, 46.7908], [-71.239, 46.7907], [-71.2388, 46.7907], [-71.2386, 46.7907], [-71.2384, 46.7907], [-71.2382, 46.7907], [-71.238, 46.7908], [-71.2378, 46.7908], [-71.2376, 46.7908], [-71.2375, 46.7909], [-71.2373, 46.7909], [-71.2372, 46.791], [-71.2371, 46.791], [-71.237, 46.7911], [-71.2369, 46.7911], [-71.2369, 46.7912], [-71.2369, 46.7913], [-71.2369, 46.7914], [-71.2368, 46.7914], [-71.2367, 46.7915], [-71.2366, 46.7915], [-71.2364, 46.7915], [-71.2362, 46.7915], [-71.236, 46.7915], [-71.2358, 46.7915], [-71.2356, 46.7915], [-71.2354, 46.7915], [-71.2352, 46.7916], [-71.235, 46.7916], [-71.2348, 46.7917], [-71.2347, 46.7917], [-71.2346, 46.7918], [-71.2344, 46.7919], [-71.2343, 46.792], [-71.2342, 46.7921], [-71.234, 46.7921], [-71.2339, 46.7922], [-71.2337, 46.7922], [-71.2336, 46.7923], [-71.2334, 46.7923], [-71.2332, 46.7923], [-71.2331, 46.7923], [-71.2329, 46.7924], [-71.2327, 46.7924], [-71.2325, 46.7925], [-71.2323, 46.7926], [-71.2322, 46.7927], [-71.232, 46.7928], [-71.2318, 46.793], [-71.2316, 46.7931], [-71.2315, 46.7932], [-71.2313, 46.7933], [-71.2313, 46.7935], [-71.2312, 46.7936], [-71.2312, 46.7937], [-71.2312, 46.7938], [-71.2312, 46.7939], [-71.2312, 46.794], [-71.2312, 46.7941], [-71.2312, 46.7942], [-71.2311, 46.7943], [-71.231, 46.7944], [-71.2309, 46.7945], [-71.2308, 46.7945], [-71.2308, 46.7946], [-71.2308, 46.7947], [-71.2308, 46.7948], [-71.2309, 46.7949], [-71.231, 46.795], [-71.231, 46.7951], [-71.231, 46.7952], [-71.2309, 46.7953], [-71.2308, 46.7954], [-71.2307, 46.7955], [-71.2306, 46.7956], [-71.2305, 46.7957], [-71.2305, 46.7958], [-71.2304, 46.7959], [-71.2304, 46.796], [-71.2304, 46.7961], [-71.2305, 46.7963], [-71.2306, 46.7964], [-71.2307, 46.7965], [-71.2308, 46.7967], [-71.2309, 46.7968], [-71.2309, 46.7969], [-71.2309, 46.797], [-71.2309, 46.7972], [-71.2308, 46.7973], [-71.2307, 46.7974], [-71.2306, 46.7975], [-71.2305, 46.7976], [-71.2304, 46.7977], [-71.2303, 46.7978], [-71.2303, 46.798], [-71.2302, 46.7981], [-71.2302, 46.7983], [-71.2301, 46.7985], [-71.2301, 46.7987], [-71.2301, 46.7989], [-71.2301, 46.799], [-71.2301, 46.7992], [-71.2302, 46.7993], [-71.2302, 46.7994], [-71.2303, 46.7995], [-71.2304, 46.7996], [-71.2305, 46.7996], [-71.2305, 46.7997], [-71.2305, 46.7998], [-71.2304, 46.7999], [-71.2303, 46.7999], [-71.2302, 46.8], [-71.2301, 46.8001], [-71.23, 46.8002], [-71.23, 46.8003], [-71.23, 46.8004], [-71.2301, 46.8004], [-71.2301, 46.8005], [-71.2302, 46.8006], [-71.2302, 46.8007], [-71.2302, 46.8008], [-71.2302, 46.8009], [-71.2302, 46.8011], [-71.2301, 46.8013], [-71.2301, 46.8015], [-71.23, 46.8017], [-71.2299, 46.8019], [-71.2299, 46.8021], [-71.2299, 46.8022], [-71.2299, 46.8023], [-71.2299, 46.8024], [-71.23, 46.8025], [-71.2301, 46.8025], [-71.2302, 46.8025], [-71.2302, 46.8026], [-71.2303, 46.8026], [-71.2304, 46.8025], [-71.2305, 46.8025], [-71.2306, 46.8025], [-71.2307, 46.8024], [-71.2308, 46.8024], [-71.2309, 46.8023], [-71.231, 46.8023], [-71.2311, 46.8022], [-71.2312, 46.8022], [-71.2313, 46.8022], [-71.2313, 46.8023], [-71.2314, 46.8024], [-71.2314, 46.8025], [-71.2315, 46.8026], [-71.2317, 46.8026], [-71.2318, 46.8027], [-71.232, 46.8027], [-71.2323, 46.8027], [-71.2326, 46.8028], [-71.2329, 46.8028], [-71.2332, 46.8028], [-71.2334, 46.8028], [-71.2336, 46.8028], [-71.2338, 46.8027], [-71.2339, 46.8027], [-71.234, 46.8026], [-71.2341, 46.8025], [-71.2341, 46.8024], [-71.2342, 46.8023], [-71.2343, 46.8023], [-71.2344, 46.8023], [-71.2345, 46.8023], [-71.2346, 46.8024], [-71.2347, 46.8025], [-71.2349, 46.8026], [-71.2351, 46.8027], [-71.2353, 46.8028], [-71.2355, 46.8028], [-71.2357, 46.8029], [-71.236, 46.8029], [-71.2362, 46.8029], [-71.2365, 46.8029], [-71.2369, 46.8029], [-71.2372, 46.8029], [-71.2374, 46.8028], [-71.2377, 46.8029], [-71.2379, 46.8029], [-71.2381, 46.8029], [-71.2383, 46.8029], [-71.2385, 46.803], [-71.2386, 46.803], [-71.2388, 46.8031], [-71.2389, 46.8031], [-71.2391, 46.8031], [-71.2392, 46.8031], [-71.2394, 46.8031], [-71.2395, 46.803], [-71.2396, 46.803], [-71.2398, 46.8029], [-71.2399, 46.8028], [-71.2401, 46.8028], [-71.2402, 46.8028], [-71.2404, 46.8028], [-71.2405, 46.8028], [-71.2407, 46.8029], [-71.2409, 46.8029], [-71.241, 46.803], [-71.2412, 46.8031], [-71.2414, 46.8031], [-71.2415, 46.8032], [-71.2417, 46.8032], [-71.2419, 46.8031], [-71.2421, 46.8031], [-71.2423, 46.803], [-71.2425, 46.8029], [-71.2427, 46.8028], [-71.2428, 46.8028], [-71.243, 46.8028], [-71.2431, 46.8028], [-71.2432, 46.8028], [-71.2433, 46.8028], [-71.2434, 46.8029], [-71.2435, 46.803], [-71.2436, 46.8031], [-71.2437, 46.8032], [-71.2437, 46.8033], [-71.2439, 46.8033], [-71.244, 46.8034], [-71.2441, 46.8034], [-71.2442, 46.8034], [-71.2443, 46.8034], [-71.2445, 46.8034], [-71.2446, 46.8034], [-71.2447, 46.8034], [-71.2447, 46.8033], [-71.2448, 46.8032], [-71.2449, 46.8031], [-71.2449, 46.803], [-71.2449, 46.8029], [-71.2448, 46.8028], [-71.2448, 46.8027], [-71.2448, 46.8026], [-71.2447, 46.8025], [-71.2446, 46.8024], [-71.2445, 46.8024], [-71.2444, 46.8023], [-71.2443, 46.8023], [-71.2443, 46.8022], [-71.2444, 46.8022], [-71.2445, 46.8021], [-71.2447, 46.8021], [-71.2449, 46.8021], [-71.2451, 46.8021], [-71.2453, 46.8021], [-71.2454, 46.802], [-71.2456, 46.802], [-71.2457, 46.8019], [-71.2458, 46.8018], [-71.246, 46.8017], [-71.2461, 46.8015], [-71.2462, 46.8014], [-71.2464, 46.8013], [-71.2465, 46.8012], [-71.2467, 46.8011], [-71.2469, 46.8011], [-71.2471, 46.801], [-71.2473, 46.801], [-71.2476, 46.801], [-71.2478, 46.8009], [-71.248, 46.8008], [-71.2481, 46.8007], [-71.2482, 46.8005], [-71.2483, 46.8004], [-71.2483, 46.8001], [-71.2483, 46.7999], [-71.2483, 46.7996], [-71.2482, 46.7993], [-71.2482, 46.799], [-71.2482, 46.7988], [-71.2483, 46.7986], [-71.2483, 46.7984], [-71.2484, 46.7982], [-71.2485, 46.798], [-71.2486, 46.7979], [-71.2486, 46.7977], [-71.2486, 46.7976], [-71.2486, 46.7975], [-71.2485, 46.7973], [-71.2484, 46.7972], [-71.2483, 46.7971], [-71.2481, 46.797], [-71.2478, 46.7969], [-71.2476, 46.7968], [-71.2475, 46.7968], [-71.2474, 46.7967], [-71.2475, 46.7967], [-71.2476, 46.7967], [-71.2478, 46.7967], [-71.248, 46.7967], [-71.2481, 46.7967], [-71.2482, 46.7967], [-71.2483, 46.7966], [-71.2482, 46.7965], [-71.2482, 46.7964], [-71.2481, 46.7963], [-71.2481, 46.7962], [-71.2481, 46.7961], [-71.2482, 46.796], [-71.2483, 46.796], [-71.2484, 46.796], [-71.2485, 46.7959], [-71.2486, 46.7959], [-71.2487, 46.7958], [-71.2487, 46.7957], [-71.2488, 46.7956], [-71.2488, 46.7955], [-71.2488, 46.7954], [-71.2488, 46.7952], [-71.2487, 46.795], [-71.2487, 46.7949], [-71.2487, 46.7947], [-71.2487, 46.7945], [-71.2487, 46.7944], [-71.2487, 46.7943], [-71.2488, 46.7942], [-71.2488, 46.7941], [-71.2489, 46.794], [-71.249, 46.7939]]]}}, {"type": "Feature", "properties": {"couche": "aire_marche", "station": "Belvédère", "ordre": 17, "minutes": 14, "superficie_ha": 188.5, "rue_km": 51.23, "disque_ha": 301.7, "part_disque_pct": 62, "accroche_m": 1, "population": 12182, "navetteurs": 3431, "mode_auto_pct": 54, "mode_tc_pct": 21, "mode_actif_pct": 25, "mode_autre_pct": 0}, "geometry": {"type": "Polygon", "coordinates": [[[-71.2495, 46.7936], [-71.2494, 46.7937], [-71.2493, 46.7937], [-71.2493, 46.7938], [-71.2493, 46.7939], [-71.2493, 46.794], [-71.2494, 46.794], [-71.2494, 46.7941], [-71.2495, 46.7942], [-71.2496, 46.7943], [-71.2496, 46.7944], [-71.2496, 46.7945], [-71.2497, 46.7947], [-71.2497, 46.7949], [-71.2497, 46.7951], [-71.2496, 46.7953], [-71.2496, 46.7955], [-71.2495, 46.7957], [-71.2495, 46.7959], [-71.2494, 46.796], [-71.2493, 46.7961], [-71.2491, 46.7962], [-71.249, 46.7962], [-71.2488, 46.7962], [-71.2486, 46.7962], [-71.2485, 46.7962], [-71.2484, 46.7962], [-71.2484, 46.7963], [-71.2486, 46.7964], [-71.2487, 46.7965], [-71.2489, 46.7966], [-71.2491, 46.7967], [-71.2493, 46.7969], [-71.2494, 46.797], [-71.2495, 46.7971], [-71.2496, 46.7972], [-71.2496, 46.7973], [-71.2496, 46.7974], [-71.2496, 46.7975], [-71.2495, 46.7976], [-71.2494, 46.7977], [-71.2493, 46.7978], [-71.2492, 46.7978], [-71.2491, 46.7978], [-71.249, 46.7978], [-71.2489, 46.7978], [-71.2488, 46.7978], [-71.2487, 46.7979], [-71.2487, 46.798], [-71.2488, 46.7981], [-71.2489, 46.7982], [-71.249, 46.7982], [-71.249, 46.7984], [-71.2491, 46.7985], [-71.2492, 46.7986], [-71.2492, 46.7988], [-71.2493, 46.799], [-71.2493, 46.7992], [-71.2493, 46.7995], [-71.2493, 46.7997], [-71.2492, 46.8], [-71.2492, 46.8002], [-71.2492, 46.8004], [-71.2491, 46.8005], [-71.2491, 46.8007], [-71.249, 46.8008], [-71.249, 46.8009], [-71.2489, 46.801], [-71.2488, 46.801], [-71.2487, 46.8011], [-71.2486, 46.8011], [-71.2485, 46.8012], [-71.2483, 46.8012], [-71.2481, 46.8012], [-71.2479, 46.8012], [-71.2477, 46.8011], [-71.2475, 46.8011], [-71.2473, 46.8012], [-71.2471, 46.8012], [-71.2469, 46.8013], [-71.2467, 46.8013], [-71.2465, 46.8014], [-71.2464, 46.8015], [-71.2462, 46.8017], [-71.246, 46.8018], [-71.2459, 46.8019], [-71.2458, 46.8019], [-71.2456, 46.802], [-71.2455, 46.802], [-71.2454, 46.802], [-71.2453, 46.802], [-71.2452, 46.802], [-71.2451, 46.8019], [-71.245, 46.8019], [-71.2449, 46.8019], [-71.2448, 46.8019], [-71.2447, 46.8019], [-71.2446, 46.8019], [-71.2445, 46.8019], [-71.2445, 46.802], [-71.2444, 46.802], [-71.2444, 46.8021], [-71.2445, 46.8021], [-71.2446, 46.8022], [-71.2447, 46.8022], [-71.2449, 46.8022], [-71.245, 46.8023], [-71.2452, 46.8024], [-71.2453, 46.8025], [-71.2453, 46.8026], [-71.2454, 46.8027], [-71.2454, 46.8029], [-71.2454, 46.803], [-71.2454, 46.8032], [-71.2453, 46.8034], [-71.2453, 46.8035], [-71.2452, 46.8036], [-71.2452, 46.8037], [-71.2451, 46.8038], [-71.245, 46.8038], [-71.2448, 46.8037], [-71.2447, 46.8037], [-71.2446, 46.8036], [-71.2444, 46.8036], [-71.2443, 46.8036], [-71.2442, 46.8036], [-71.244, 46.8036], [-71.2439, 46.8036], [-71.2437, 46.8036], [-71.2435, 46.8036], [-71.2434, 46.8037], [-71.2433, 46.8037], [-71.2432, 46.8036], [-71.2432, 46.8035], [-71.2433, 46.8034], [-71.2433, 46.8033], [-71.2434, 46.8032], [-71.2434, 46.8031], [-71.2435, 46.803], [-71.2435, 46.8029], [-71.2434, 46.8028], [-71.2433, 46.8027], [-71.2431, 46.8027], [-71.243, 46.8027], [-71.2428, 46.8028], [-71.2426, 46.8029], [-71.2424, 46.803], [-71.2422, 46.8031], [-71.2419, 46.8032], [-71.2416, 46.8033], [-71.2414, 46.8034], [-71.2412, 46.8035], [-71.241, 46.8035], [-71.2409, 46.8034], [-71.2407, 46.8034], [-71.2406, 46.8032], [-71.2406, 46.8031], [-71.2405, 46.803], [-71.2403, 46.8029], [-71.2402, 46.8029], [-71.24, 46.8029], [-71.2398, 46.8029], [-71.2396, 46.8029], [-71.2393, 46.803], [-71.239, 46.8031], [-71.2387, 46.8032], [-71.2385, 46.8033], [-71.2382, 46.8034], [-71.238, 46.8035], [-71.2377, 46.8035], [-71.2375, 46.8035], [-71.2373, 46.8035], [-71.2371, 46.8035], [-71.2369, 46.8035], [-71.2367, 46.8035], [-71.2365, 46.8035], [-71.2364, 46.8034], [-71.2363, 46.8034], [-71.2362, 46.8033], [-71.2361, 46.8033], [-71.236, 46.8032], [-71.2359, 46.8032], [-71.2358, 46.8031], [-71.2357, 46.8031], [-71.2356, 46.8031], [-71.2355, 46.8031], [-71.2353, 46.8031], [-71.2352, 46.8031], [-71.235, 46.8032], [-71.2348, 46.8032], [-71.2347, 46.8032], [-71.2345, 46.8032], [-71.2343, 46.8032], [-71.2342, 46.8031], [-71.2341, 46.8031], [-71.2339, 46.803], [-71.2338, 46.8029], [-71.2337, 46.8028], [-71.2335, 46.8028], [-71.2334, 46.8028], [-71.2333, 46.8028], [-71.2331, 46.8028], [-71.233, 46.8028], [-71.2329, 46.8029], [-71.2328, 46.803], [-71.2326, 46.8031], [-71.2324, 46.8031], [-71.2322, 46.8031], [-71.2319, 46.8032], [-71.2316, 46.8032], [-71.2313, 46.8031], [-71.2309, 46.8031], [-71.2305, 46.8031], [-71.2301, 46.803], [-71.2298, 46.8029], [-71.2295, 46.8028], [-71.2293, 46.8026], [-71.2292, 46.8024], [-71.2291, 46.8022], [-71.2291, 46.802], [-71.2291, 46.8018], [-71.2291, 46.8016], [-71.2291, 46.8014], [-71.2292, 46.8012], [-71.2292, 46.801], [-71.2293, 46.8008], [-71.2294, 46.8007], [-71.2295, 46.8006], [-71.2296, 46.8005], [-71.2297, 46.8004], [-71.2297, 46.8003], [-71.2298, 46.8002], [-71.2298, 46.8001], [-71.2298, 46.8], [-71.2297, 46.8], [-71.2297, 46.7999], [-71.2296, 46.7998], [-71.2295, 46.7997], [-71.2295, 46.7996], [-71.2296, 46.7996], [-71.2296, 46.7995], [-71.2297, 46.7994], [-71.2298, 46.7993], [-71.23, 46.7992], [-71.2301, 46.7992], [-71.2301, 46.7991], [-71.2302, 46.799], [-71.2301, 46.7989], [-71.23, 46.7989], [-71.2299, 46.7989], [-71.2298, 46.7989], [-71.2297, 46.7989], [-71.2297, 46.7988], [-71.2296, 46.7987], [-71.2295, 46.7986], [-71.2295, 46.7985], [-71.2295, 46.7984], [-71.2296, 46.7983], [-71.2297, 46.7982], [-71.2298, 46.7981], [-71.2299, 46.7979], [-71.23, 46.7978], [-71.2302, 46.7977], [-71.2304, 46.7975], [-71.2306, 46.7974], [-71.2307, 46.7972], [-71.2307, 46.7971], [-71.2307, 46.7969], [-71.2306, 46.7968], [-71.2305, 46.7966], [-71.2303, 46.7965], [-71.2301, 46.7963], [-71.2299, 46.7962], [-71.2298, 46.796], [-71.2297, 46.7959], [-71.2297, 46.7958], [-71.2298, 46.7957], [-71.2299, 46.7956], [-71.2301, 46.7955], [-71.2303, 46.7955], [-71.2305, 46.7954], [-71.2306, 46.7953], [-71.2307, 46.7952], [-71.2308, 46.7951], [-71.2308, 46.795], [-71.2308, 46.7948], [-71.2308, 46.7947], [-71.2307, 46.7945], [-71.2306, 46.7944], [-71.2306, 46.7942], [-71.2306, 46.794], [-71.2307, 46.7939], [-71.2308, 46.7937], [-71.2309, 46.7936], [-71.231, 46.7934], [-71.2311, 46.7933], [-71.2313, 46.7932], [-71.2315, 46.793], [-71.2317, 46.7929], [-71.232, 46.7928], [-71.2322, 46.7927], [-71.2325, 46.7926], [-71.2328, 46.7925], [-71.2331, 46.7925], [-71.2333, 46.7924], [-71.2336, 46.7923], [-71.2337, 46.7922], [-71.2339, 46.7921], [-71.234, 46.7921], [-71.234, 46.792], [-71.234, 46.7919], [-71.234, 46.7918], [-71.234, 46.7917], [-71.2341, 46.7917], [-71.2342, 46.7916], [-71.2344, 46.7916], [-71.2346, 46.7916], [-71.2349, 46.7915], [-71.2352, 46.7915], [-71.2356, 46.7915], [-71.2359, 46.7915], [-71.2362, 46.7915], [-71.2364, 46.7915], [-71.2366, 46.7914], [-71.2368, 46.7914], [-71.2369, 46.7913], [-71.237, 46.7912], [-71.237, 46.7911], [-71.2371, 46.7911], [-71.2372, 46.791], [-71.2373, 46.791], [-71.2375, 46.7909], [-71.2377, 46.7909], [-71.2379, 46.7909], [-71.2382, 46.7909], [-71.2384, 46.7909], [-71.2387, 46.7909], [-71.2389, 46.7909], [-71.2391, 46.7909], [-71.2393, 46.7908], [-71.2394, 46.7908], [-71.2396, 46.7907], [-71.2397, 46.7907], [-71.2399, 46.7906], [-71.2401, 46.7906], [-71.2402, 46.7906], [-71.2404, 46.7906], [-71.2406, 46.7906], [-71.2408, 46.7906], [-71.2411, 46.7907], [-71.2413, 46.7908], [-71.2415, 46.7908], [-71.2418, 46.7909], [-71.242, 46.7909], [-71.2422, 46.7909], [-71.2423, 46.7909], [-71.2425, 46.7908], [-71.2426, 46.7908], [-71.2428, 46.7907], [-71.243, 46.7906], [-71.2432, 46.7906], [-71.2434, 46.7906], [-71.2436, 46.7905], [-71.2439, 46.7905], [-71.2442, 46.7905], [-71.2446, 46.7905], [-71.2449, 46.7905], [-71.2453, 46.7906], [-71.2456, 46.7906], [-71.246, 46.7907], [-71.2463, 46.7907], [-71.2466, 46.7908], [-71.2468, 46.7909], [-71.2471, 46.7909], [-71.2473, 46.791], [-71.2476, 46.7911], [-71.2478, 46.7912], [-71.248, 46.7912], [-71.2482, 46.7913], [-71.2484, 46.7913], [-71.2486, 46.7913], [-71.2488, 46.7913], [-71.249, 46.7913], [-71.2492, 46.7913], [-71.2493, 46.7913], [-71.2494, 46.7914], [-71.2495, 46.7915], [-71.2495, 46.7916], [-71.2495, 46.7917], [-71.2495, 46.7919], [-71.2495, 46.7921], [-71.2494, 46.7923], [-71.2494, 46.7925], [-71.2494, 46.7926], [-71.2494, 46.7927], [-71.2495, 46.7929], [-71.2496, 46.793], [-71.2496, 46.7931], [-71.2497, 46.7931], [-71.2497, 46.7932], [-71.2497, 46.7933], [-71.2497, 46.7934], [-71.2496, 46.7935], [-71.2495, 46.7936]]]}}, {"type": "Feature", "properties": {"couche": "voile", "station": "Belvédère", "minutes": 14}, "geometry": {"type": "Polygon", "coordinates": [[[-71.4089, 46.9106], [-71.0731, 46.9127], [-71.0706, 46.6835], [-71.405, 46.6814], [-71.4089, 46.9106]], [[-71.2496, 46.7935], [-71.2497, 46.7934], [-71.2497, 46.7933], [-71.2497, 46.7932], [-71.2497, 46.7931], [-71.2496, 46.7931], [-71.2496, 46.793], [-71.2495, 46.7929], [-71.2494, 46.7927], [-71.2494, 46.7926], [-71.2494, 46.7925], [-71.2494, 46.7923], [-71.2495, 46.7921], [-71.2495, 46.7919], [-71.2495, 46.7917], [-71.2495, 46.7916], [-71.2495, 46.7915], [-71.2494, 46.7914], [-71.2493, 46.7913], [-71.2492, 46.7913], [-71.249, 46.7913], [-71.2488, 46.7913], [-71.2486, 46.7913], [-71.2484, 46.7913], [-71.2482, 46.7913], [-71.248, 46.7912], [-71.2478, 46.7912], [-71.2476, 46.7911], [-71.2473, 46.791], [-71.2471, 46.7909], [-71.2468, 46.7909], [-71.2466, 46.7908], [-71.2463, 46.7907], [-71.246, 46.7907], [-71.2456, 46.7906], [-71.2453, 46.7906], [-71.2449, 46.7905], [-71.2446, 46.7905], [-71.2442, 46.7905], [-71.2439, 46.7905], [-71.2436, 46.7905], [-71.2434, 46.7906], [-71.2432, 46.7906], [-71.243, 46.7906], [-71.2428, 46.7907], [-71.2426, 46.7908], [-71.2425, 46.7908], [-71.2423, 46.7909], [-71.2422, 46.7909], [-71.242, 46.7909], [-71.2418, 46.7909], [-71.2415, 46.7908], [-71.2413, 46.7908], [-71.2411, 46.7907], [-71.2408, 46.7906], [-71.2406, 46.7906], [-71.2404, 46.7906], [-71.2402, 46.7906], [-71.2401, 46.7906], [-71.2399, 46.7906], [-71.2397, 46.7907], [-71.2396, 46.7907], [-71.2394, 46.7908], [-71.2393, 46.7908], [-71.2391, 46.7909], [-71.2389, 46.7909], [-71.2387, 46.7909], [-71.2384, 46.7909], [-71.2382, 46.7909], [-71.2379, 46.7909], [-71.2377, 46.7909], [-71.2375, 46.7909], [-71.2373, 46.791], [-71.2372, 46.791], [-71.2371, 46.7911], [-71.237, 46.7911], [-71.237, 46.7912], [-71.2369, 46.7913], [-71.2368, 46.7914], [-71.2366, 46.7914], [-71.2364, 46.7915], [-71.2362, 46.7915], [-71.2359, 46.7915], [-71.2356, 46.7915], [-71.2352, 46.7915], [-71.2349, 46.7915], [-71.2346, 46.7916], [-71.2344, 46.7916], [-71.2342, 46.7916], [-71.2341, 46.7917], [-71.234, 46.7917], [-71.234, 46.7918], [-71.234, 46.7919], [-71.234, 46.792], [-71.234, 46.7921], [-71.2339, 46.7921], [-71.2337, 46.7922], [-71.2336, 46.7923], [-71.2333, 46.7924], [-71.2331, 46.7925], [-71.2328, 46.7925], [-71.2325, 46.7926], [-71.2322, 46.7927], [-71.232, 46.7928], [-71.2317, 46.7929], [-71.2315, 46.793], [-71.2313, 46.7932], [-71.2311, 46.7933], [-71.231, 46.7934], [-71.2309, 46.7936], [-71.2308, 46.7937], [-71.2307, 46.7939], [-71.2306, 46.794], [-71.2306, 46.7942], [-71.2306, 46.7944], [-71.2307, 46.7945], [-71.2308, 46.7947], [-71.2308, 46.7948], [-71.2308, 46.795], [-71.2308, 46.7951], [-71.2307, 46.7952], [-71.2306, 46.7953], [-71.2305, 46.7954], [-71.2303, 46.7955], [-71.2301, 46.7955], [-71.2299, 46.7956], [-71.2298, 46.7957], [-71.2297, 46.7958], [-71.2297, 46.7959], [-71.2298, 46.796], [-71.2299, 46.7962], [-71.2301, 46.7963], [-71.2303, 46.7965], [-71.2305, 46.7966], [-71.2306, 46.7968], [-71.2307, 46.7969], [-71.2307, 46.7971], [-71.2307, 46.7972], [-71.2306, 46.7974], [-71.2304, 46.7975], [-71.2302, 46.7977], [-71.23, 46.7978], [-71.2299, 46.7979], [-71.2298, 46.7981], [-71.2297, 46.7982], [-71.2296, 46.7983], [-71.2295, 46.7984], [-71.2295, 46.7985], [-71.2295, 46.7986], [-71.2296, 46.7987], [-71.2297, 46.7988], [-71.2297, 46.7989], [-71.2298, 46.7989], [-71.2299, 46.7989], [-71.23, 46.7989], [-71.2301, 46.7989], [-71.2302, 46.799], [-71.2301, 46.7991], [-71.2301, 46.7992], [-71.23, 46.7992], [-71.2298, 46.7993], [-71.2297, 46.7994], [-71.2296, 46.7995], [-71.2296, 46.7996], [-71.2295, 46.7996], [-71.2295, 46.7997], [-71.2296, 46.7998], [-71.2297, 46.7999], [-71.2297, 46.8], [-71.2298, 46.8], [-71.2298, 46.8001], [-71.2298, 46.8002], [-71.2297, 46.8003], [-71.2297, 46.8004], [-71.2296, 46.8005], [-71.2295, 46.8006], [-71.2294, 46.8007], [-71.2293, 46.8008], [-71.2292, 46.801], [-71.2292, 46.8012], [-71.2291, 46.8014], [-71.2291, 46.8016], [-71.2291, 46.8018], [-71.2291, 46.802], [-71.2291, 46.8022], [-71.2292, 46.8024], [-71.2293, 46.8026], [-71.2295, 46.8028], [-71.2298, 46.8029], [-71.2301, 46.803], [-71.2305, 46.8031], [-71.2309, 46.8031], [-71.2313, 46.8031], [-71.2316, 46.8032], [-71.2319, 46.8032], [-71.2322, 46.8031], [-71.2324, 46.8031], [-71.2326, 46.8031], [-71.2328, 46.803], [-71.2329, 46.8029], [-71.233, 46.8028], [-71.2331, 46.8028], [-71.2333, 46.8028], [-71.2334, 46.8028], [-71.2335, 46.8028], [-71.2337, 46.8028], [-71.2338, 46.8029], [-71.2339, 46.803], [-71.2341, 46.8031], [-71.2342, 46.8031], [-71.2343, 46.8032], [-71.2345, 46.8032], [-71.2347, 46.8032], [-71.2348, 46.8032], [-71.235, 46.8032], [-71.2352, 46.8031], [-71.2353, 46.8031], [-71.2355, 46.8031], [-71.2356, 46.8031], [-71.2357, 46.8031], [-71.2358, 46.8031], [-71.2359, 46.8032], [-71.236, 46.8032], [-71.2361, 46.8033], [-71.2362, 46.8033], [-71.2363, 46.8034], [-71.2364, 46.8034], [-71.2365, 46.8035], [-71.2367, 46.8035], [-71.2369, 46.8035], [-71.2371, 46.8035], [-71.2373, 46.8035], [-71.2375, 46.8035], [-71.2377, 46.8035], [-71.238, 46.8035], [-71.2382, 46.8034], [-71.2385, 46.8033], [-71.2387, 46.8032], [-71.239, 46.8031], [-71.2393, 46.803], [-71.2396, 46.8029], [-71.2398, 46.8029], [-71.24, 46.8029], [-71.2402, 46.8029], [-71.2403, 46.8029], [-71.2405, 46.803], [-71.2406, 46.8031], [-71.2406, 46.8032], [-71.2407, 46.8034], [-71.2409, 46.8034], [-71.241, 46.8035], [-71.2412, 46.8035], [-71.2414, 46.8034], [-71.2416, 46.8033], [-71.2419, 46.8032], [-71.2422, 46.8031], [-71.2424, 46.803], [-71.2426, 46.8029], [-71.2428, 46.8028], [-71.243, 46.8027], [-71.2431, 46.8027], [-71.2433, 46.8027], [-71.2434, 46.8028], [-71.2435, 46.8029], [-71.2435, 46.803], [-71.2434, 46.8031], [-71.2434, 46.8032], [-71.2433, 46.8033], [-71.2433, 46.8034], [-71.2432, 46.8035], [-71.2432, 46.8036], [-71.2433, 46.8037], [-71.2434, 46.8037], [-71.2435, 46.8036], [-71.2437, 46.8036], [-71.2439, 46.8036], [-71.244, 46.8036], [-71.2442, 46.8036], [-71.2443, 46.8036], [-71.2444, 46.8036], [-71.2446, 46.8036], [-71.2447, 46.8037], [-71.2448, 46.8037], [-71.245, 46.8038], [-71.2451, 46.8038], [-71.2452, 46.8037], [-71.2452, 46.8036], [-71.2453, 46.8035], [-71.2453, 46.8034], [-71.2454, 46.8032], [-71.2454, 46.803], [-71.2454, 46.8029], [-71.2454, 46.8027], [-71.2453, 46.8026], [-71.2453, 46.8025], [-71.2452, 46.8024], [-71.245, 46.8023], [-71.2449, 46.8022], [-71.2447, 46.8022], [-71.2446, 46.8022], [-71.2445, 46.8021], [-71.2444, 46.8021], [-71.2444, 46.802], [-71.2445, 46.802], [-71.2445, 46.8019], [-71.2446, 46.8019], [-71.2447, 46.8019], [-71.2448, 46.8019], [-71.2449, 46.8019], [-71.245, 46.8019], [-71.2451, 46.8019], [-71.2452, 46.802], [-71.2453, 46.802], [-71.2454, 46.802], [-71.2455, 46.802], [-71.2456, 46.802], [-71.2458, 46.8019], [-71.2459, 46.8019], [-71.246, 46.8018], [-71.2462, 46.8017], [-71.2464, 46.8015], [-71.2465, 46.8014], [-71.2467, 46.8013], [-71.2469, 46.8013], [-71.2471, 46.8012], [-71.2473, 46.8012], [-71.2475, 46.8011], [-71.2477, 46.8011], [-71.2479, 46.8012], [-71.2481, 46.8012], [-71.2483, 46.8012], [-71.2485, 46.8012], [-71.2486, 46.8011], [-71.2487, 46.8011], [-71.2488, 46.801], [-71.2489, 46.801], [-71.249, 46.8009], [-71.249, 46.8008], [-71.2491, 46.8007], [-71.2491, 46.8005], [-71.2492, 46.8004], [-71.2492, 46.8002], [-71.2492, 46.8], [-71.2493, 46.7997], [-71.2493, 46.7995], [-71.2493, 46.7992], [-71.2493, 46.799], [-71.2492, 46.7988], [-71.2492, 46.7986], [-71.2491, 46.7985], [-71.249, 46.7984], [-71.249, 46.7982], [-71.2489, 46.7982], [-71.2488, 46.7981], [-71.2487, 46.798], [-71.2487, 46.7979], [-71.2488, 46.7978], [-71.2489, 46.7978], [-71.249, 46.7978], [-71.2491, 46.7978], [-71.2492, 46.7978], [-71.2493, 46.7978], [-71.2494, 46.7977], [-71.2495, 46.7976], [-71.2496, 46.7975], [-71.2496, 46.7974], [-71.2496, 46.7973], [-71.2496, 46.7972], [-71.2495, 46.7971], [-71.2494, 46.797], [-71.2493, 46.7969], [-71.2491, 46.7967], [-71.2489, 46.7966], [-71.2487, 46.7965], [-71.2486, 46.7964], [-71.2484, 46.7963], [-71.2484, 46.7962], [-71.2485, 46.7962], [-71.2486, 46.7962], [-71.2488, 46.7962], [-71.249, 46.7962], [-71.2491, 46.7962], [-71.2493, 46.7961], [-71.2494, 46.796], [-71.2495, 46.7959], [-71.2495, 46.7957], [-71.2496, 46.7955], [-71.2496, 46.7953], [-71.2497, 46.7951], [-71.2497, 46.7949], [-71.2497, 46.7947], [-71.2496, 46.7945], [-71.2496, 46.7944], [-71.2496, 46.7943], [-71.2495, 46.7942], [-71.2494, 46.7941], [-71.2494, 46.794], [-71.2493, 46.794], [-71.2493, 46.7939], [-71.2493, 46.7938], [-71.2493, 46.7937], [-71.2494, 46.7937], [-71.2495, 46.7936], [-71.2496, 46.7935]]]}}, {"type": "Feature", "properties": {"couche": "aire_marche", "station": "Belvédère", "ordre": 17, "minutes": 15, "superficie_ha": 207.9, "rue_km": 57.01, "disque_ha": 346.4, "part_disque_pct": 60, "accroche_m": 1, "population": 13446, "navetteurs": 3731, "mode_auto_pct": 54, "mode_tc_pct": 21, "mode_actif_pct": 25, "mode_autre_pct": 0}, "geometry": {"type": "Polygon", "coordinates": [[[-71.25, 46.7933], [-71.2498, 46.7934], [-71.2496, 46.7935], [-71.2495, 46.7936], [-71.2495, 46.7937], [-71.2495, 46.7938], [-71.2495, 46.7939], [-71.2496, 46.7939], [-71.2497, 46.794], [-71.2499, 46.794], [-71.2501, 46.794], [-71.2502, 46.7941], [-71.2502, 46.7942], [-71.2503, 46.7943], [-71.2503, 46.7944], [-71.2503, 46.7945], [-71.2502, 46.7947], [-71.2501, 46.7948], [-71.25, 46.795], [-71.25, 46.7951], [-71.25, 46.7952], [-71.2499, 46.7954], [-71.2499, 46.7955], [-71.25, 46.7955], [-71.25, 46.7956], [-71.2501, 46.7957], [-71.2501, 46.7958], [-71.2501, 46.7959], [-71.2501, 46.796], [-71.25, 46.7961], [-71.2499, 46.7962], [-71.2499, 46.7963], [-71.2499, 46.7964], [-71.25, 46.7964], [-71.2501, 46.7965], [-71.2502, 46.7966], [-71.2502, 46.7967], [-71.2503, 46.7968], [-71.2503, 46.7971], [-71.2503, 46.7973], [-71.2502, 46.7977], [-71.2502, 46.798], [-71.2501, 46.7985], [-71.25, 46.7989], [-71.2498, 46.7994], [-71.2497, 46.7998], [-71.2496, 46.8001], [-71.2495, 46.8004], [-71.2494, 46.8006], [-71.2492, 46.8008], [-71.2491, 46.8009], [-71.249, 46.801], [-71.2489, 46.801], [-71.2487, 46.8011], [-71.2486, 46.8011], [-71.2484, 46.8012], [-71.2482, 46.8012], [-71.2481, 46.8012], [-71.2479, 46.8012], [-71.2476, 46.8012], [-71.2474, 46.8011], [-71.2472, 46.8012], [-71.2471, 46.8012], [-71.2469, 46.8013], [-71.2467, 46.8013], [-71.2465, 46.8014], [-71.2463, 46.8015], [-71.2462, 46.8017], [-71.246, 46.8018], [-71.2459, 46.8019], [-71.2457, 46.8019], [-71.2456, 46.802], [-71.2455, 46.802], [-71.2454, 46.802], [-71.2453, 46.802], [-71.2452, 46.802], [-71.2451, 46.8019], [-71.245, 46.8019], [-71.2449, 46.8019], [-71.2448, 46.8019], [-71.2447, 46.8019], [-71.2446, 46.8019], [-71.2445, 46.8019], [-71.2445, 46.802], [-71.2444, 46.802], [-71.2444, 46.8021], [-71.2445, 46.8021], [-71.2447, 46.8021], [-71.2448, 46.8021], [-71.2449, 46.8022], [-71.245, 46.8022], [-71.2451, 46.8023], [-71.2452, 46.8023], [-71.2452, 46.8024], [-71.2453, 46.8025], [-71.2453, 46.8026], [-71.2453, 46.8027], [-71.2453, 46.8028], [-71.2454, 46.8029], [-71.2455, 46.803], [-71.2456, 46.803], [-71.2457, 46.803], [-71.2458, 46.8031], [-71.2459, 46.8031], [-71.246, 46.8031], [-71.246, 46.8032], [-71.2459, 46.8033], [-71.2459, 46.8034], [-71.2457, 46.8035], [-71.2456, 46.8036], [-71.2454, 46.8038], [-71.2451, 46.8039], [-71.2449, 46.804], [-71.2447, 46.8041], [-71.2444, 46.8042], [-71.2441, 46.8042], [-71.2439, 46.8042], [-71.2436, 46.8042], [-71.2433, 46.8042], [-71.243, 46.8042], [-71.2428, 46.8041], [-71.2426, 46.804], [-71.2425, 46.804], [-71.2424, 46.8039], [-71.2423, 46.8038], [-71.2423, 46.8037], [-71.2423, 46.8036], [-71.2423, 46.8034], [-71.2424, 46.8033], [-71.2425, 46.8032], [-71.2426, 46.8031], [-71.2427, 46.8031], [-71.2429, 46.803], [-71.243, 46.803], [-71.2432, 46.803], [-71.2433, 46.803], [-71.2434, 46.8029], [-71.2434, 46.8028], [-71.2433, 46.8027], [-71.2432, 46.8027], [-71.2431, 46.8027], [-71.243, 46.8028], [-71.2428, 46.8028], [-71.2425, 46.803], [-71.2422, 46.8031], [-71.2419, 46.8033], [-71.2416, 46.8035], [-71.2413, 46.8036], [-71.241, 46.8038], [-71.2407, 46.8039], [-71.2405, 46.804], [-71.2403, 46.804], [-71.2402, 46.804], [-71.2401, 46.804], [-71.24, 46.804], [-71.2399, 46.8039], [-71.2399, 46.8038], [-71.2399, 46.8037], [-71.24, 46.8036], [-71.2401, 46.8035], [-71.2402, 46.8034], [-71.2403, 46.8033], [-71.2404, 46.8032], [-71.2405, 46.8031], [-71.2406, 46.8031], [-71.2406, 46.803], [-71.2406, 46.8029], [-71.2406, 46.8028], [-71.2405, 46.8028], [-71.2404, 46.8027], [-71.2403, 46.8027], [-71.2402, 46.8027], [-71.2401, 46.8027], [-71.2399, 46.8028], [-71.2398, 46.8028], [-71.2396, 46.8029], [-71.2394, 46.803], [-71.2392, 46.803], [-71.2391, 46.8031], [-71.239, 46.8032], [-71.2388, 46.8033], [-71.2388, 46.8034], [-71.2387, 46.8035], [-71.2386, 46.8036], [-71.2386, 46.8037], [-71.2385, 46.8038], [-71.2384, 46.8039], [-71.2383, 46.8039], [-71.2382, 46.8039], [-71.238, 46.804], [-71.2378, 46.804], [-71.2376, 46.804], [-71.2374, 46.804], [-71.2372, 46.8039], [-71.237, 46.8039], [-71.2368, 46.8038], [-71.2367, 46.8038], [-71.2365, 46.8037], [-71.2364, 46.8036], [-71.2362, 46.8034], [-71.2361, 46.8033], [-71.236, 46.8033], [-71.2359, 46.8032], [-71.2357, 46.8032], [-71.2356, 46.8032], [-71.2355, 46.8033], [-71.2354, 46.8034], [-71.2353, 46.8035], [-71.2352, 46.8036], [-71.2351, 46.8036], [-71.235, 46.8037], [-71.2349, 46.8037], [-71.2347, 46.8038], [-71.2346, 46.8038], [-71.2344, 46.8038], [-71.2343, 46.8037], [-71.2342, 46.8037], [-71.234, 46.8037], [-71.2339, 46.8036], [-71.2338, 46.8035], [-71.2337, 46.8034], [-71.2336, 46.8033], [-71.2336, 46.8032], [-71.2335, 46.8031], [-71.2334, 46.803], [-71.2333, 46.8029], [-71.2332, 46.8029], [-71.2331, 46.8029], [-71.233, 46.8029], [-71.2328, 46.803], [-71.2326, 46.8031], [-71.2324, 46.8032], [-71.2322, 46.8033], [-71.2319, 46.8034], [-71.2316, 46.8035], [-71.2313, 46.8035], [-71.231, 46.8035], [-71.2306, 46.8035], [-71.2302, 46.8035], [-71.2298, 46.8035], [-71.2294, 46.8034], [-71.2291, 46.8033], [-71.2289, 46.8033], [-71.2287, 46.8032], [-71.2286, 46.8031], [-71.2286, 46.803], [-71.2286, 46.8029], [-71.2287, 46.8028], [-71.2288, 46.8027], [-71.2288, 46.8026], [-71.2288, 46.8025], [-71.2288, 46.8024], [-71.2288, 46.8023], [-71.2288, 46.8022], [-71.2287, 46.8021], [-71.2287, 46.802], [-71.2286, 46.802], [-71.2286, 46.8019], [-71.2286, 46.8018], [-71.2286, 46.8017], [-71.2287, 46.8016], [-71.2288, 46.8015], [-71.2289, 46.8015], [-71.229, 46.8014], [-71.2291, 46.8013], [-71.2291, 46.8012], [-71.2291, 46.8011], [-71.229, 46.801], [-71.2289, 46.8009], [-71.2289, 46.8008], [-71.2288, 46.8007], [-71.2288, 46.8006], [-71.2288, 46.8004], [-71.2289, 46.8003], [-71.229, 46.8001], [-71.2292, 46.8], [-71.2294, 46.7998], [-71.2296, 46.7996], [-71.2298, 46.7994], [-71.2299, 46.7993], [-71.23, 46.7992], [-71.23, 46.7991], [-71.2299, 46.7992], [-71.2297, 46.7992], [-71.2296, 46.7993], [-71.2294, 46.7993], [-71.2293, 46.7993], [-71.2292, 46.7993], [-71.2291, 46.7992], [-71.229, 46.7992], [-71.229, 46.7991], [-71.2289, 46.799], [-71.2289, 46.7988], [-71.229, 46.7987], [-71.2291, 46.7986], [-71.2292, 46.7984], [-71.2294, 46.7983], [-71.2296, 46.7981], [-71.2298, 46.7979], [-71.2301, 46.7977], [-71.2303, 46.7975], [-71.2305, 46.7974], [-71.2305, 46.7972], [-71.2305, 46.7971], [-71.2305, 46.7969], [-71.2303, 46.7968], [-71.2301, 46.7967], [-71.2298, 46.7966], [-71.2295, 46.7965], [-71.2292, 46.7965], [-71.229, 46.7964], [-71.2289, 46.7963], [-71.2287, 46.7962], [-71.2286, 46.7961], [-71.2285, 46.796], [-71.2285, 46.7959], [-71.2285, 46.7958], [-71.2286, 46.7957], [-71.2287, 46.7956], [-71.2288, 46.7955], [-71.229, 46.7954], [-71.2291, 46.7953], [-71.2293, 46.7952], [-71.2295, 46.7951], [-71.2297, 46.795], [-71.2298, 46.7949], [-71.2299, 46.7948], [-71.23, 46.7947], [-71.2301, 46.7946], [-71.2301, 46.7945], [-71.2301, 46.7944], [-71.2302, 46.7943], [-71.2302, 46.7942], [-71.2303, 46.7941], [-71.2304, 46.7939], [-71.2305, 46.7938], [-71.2306, 46.7937], [-71.2308, 46.7935], [-71.231, 46.7934], [-71.2312, 46.7932], [-71.2314, 46.7931], [-71.2316, 46.793], [-71.2318, 46.7929], [-71.2321, 46.7928], [-71.2324, 46.7927], [-71.2327, 46.7926], [-71.233, 46.7925], [-71.2333, 46.7924], [-71.2335, 46.7923], [-71.2336, 46.7923], [-71.2337, 46.7922], [-71.2336, 46.7922], [-71.2335, 46.7921], [-71.2333, 46.7921], [-71.2332, 46.7921], [-71.2331, 46.7921], [-71.2331, 46.792], [-71.233, 46.792], [-71.233, 46.7919], [-71.233, 46.7918], [-71.233, 46.7917], [-71.2332, 46.7917], [-71.2334, 46.7916], [-71.2336, 46.7916], [-71.2339, 46.7916], [-71.2343, 46.7916], [-71.2347, 46.7915], [-71.2352, 46.7915], [-71.2356, 46.7915], [-71.236, 46.7915], [-71.2363, 46.7915], [-71.2365, 46.7915], [-71.2367, 46.7914], [-71.2368, 46.7914], [-71.2369, 46.7913], [-71.2369, 46.7912], [-71.237, 46.7911], [-71.237, 46.791], [-71.2371, 46.791], [-71.2373, 46.7909], [-71.2374, 46.7909], [-71.2376, 46.7908], [-71.2378, 46.7908], [-71.238, 46.7908], [-71.2381, 46.7908], [-71.2383, 46.7907], [-71.2384, 46.7907], [-71.2385, 46.7907], [-71.2387, 46.7908], [-71.2388, 46.7908], [-71.2389, 46.7908], [-71.2391, 46.7908], [-71.2393, 46.7908], [-71.2395, 46.7908], [-71.2398, 46.7907], [-71.2401, 46.7907], [-71.2405, 46.7906], [-71.2409, 46.7905], [-71.2413, 46.7904], [-71.2416, 46.7903], [-71.242, 46.7902], [-71.2425, 46.7902], [-71.2429, 46.7901], [-71.2433, 46.7901], [-71.2437, 46.7901], [-71.2441, 46.7901], [-71.2445, 46.7901], [-71.2449, 46.7901], [-71.2453, 46.7902], [-71.2456, 46.7902], [-71.2459, 46.7903], [-71.2462, 46.7904], [-71.2465, 46.7904], [-71.2467, 46.7905], [-71.247, 46.7906], [-71.2473, 46.7907], [-71.2476, 46.7907], [-71.2479, 46.7908], [-71.2482, 46.7908], [-71.2485, 46.7908], [-71.2488, 46.7908], [-71.2491, 46.7908], [-71.2494, 46.7908], [-71.2497, 46.7909], [-71.2498, 46.7909], [-71.25, 46.7909], [-71.2501, 46.791], [-71.2501, 46.7911], [-71.2501, 46.7912], [-71.25, 46.7913], [-71.25, 46.7914], [-71.2499, 46.7915], [-71.2499, 46.7917], [-71.2499, 46.7918], [-71.25, 46.7919], [-71.25, 46.7921], [-71.2501, 46.7922], [-71.2502, 46.7924], [-71.2503, 46.7925], [-71.2503, 46.7927], [-71.2503, 46.7928], [-71.2503, 46.7929], [-71.2502, 46.7931], [-71.2501, 46.7932], [-71.25, 46.7933]]]}}, {"type": "Feature", "properties": {"couche": "voile", "station": "Belvédère", "minutes": 15}, "geometry": {"type": "Polygon", "coordinates": [[[-71.4095, 46.911], [-71.0725, 46.9131], [-71.0701, 46.6831], [-71.4056, 46.681], [-71.4095, 46.911]], [[-71.2501, 46.7932], [-71.2502, 46.7931], [-71.2503, 46.7929], [-71.2503, 46.7928], [-71.2503, 46.7927], [-71.2503, 46.7925], [-71.2502, 46.7924], [-71.2501, 46.7922], [-71.25, 46.7921], [-71.25, 46.7919], [-71.2499, 46.7918], [-71.2499, 46.7917], [-71.2499, 46.7915], [-71.25, 46.7914], [-71.25, 46.7913], [-71.2501, 46.7912], [-71.2501, 46.7911], [-71.2501, 46.791], [-71.25, 46.7909], [-71.2498, 46.7909], [-71.2497, 46.7909], [-71.2494, 46.7908], [-71.2491, 46.7908], [-71.2488, 46.7908], [-71.2485, 46.7908], [-71.2482, 46.7908], [-71.2479, 46.7908], [-71.2476, 46.7907], [-71.2473, 46.7907], [-71.247, 46.7906], [-71.2467, 46.7905], [-71.2465, 46.7904], [-71.2462, 46.7904], [-71.2459, 46.7903], [-71.2456, 46.7902], [-71.2453, 46.7902], [-71.2449, 46.7901], [-71.2445, 46.7901], [-71.2441, 46.7901], [-71.2437, 46.7901], [-71.2433, 46.7901], [-71.2429, 46.7901], [-71.2425, 46.7902], [-71.242, 46.7902], [-71.2416, 46.7903], [-71.2413, 46.7904], [-71.2409, 46.7905], [-71.2405, 46.7906], [-71.2401, 46.7907], [-71.2398, 46.7907], [-71.2395, 46.7908], [-71.2393, 46.7908], [-71.2391, 46.7908], [-71.2389, 46.7908], [-71.2388, 46.7908], [-71.2387, 46.7908], [-71.2385, 46.7907], [-71.2384, 46.7907], [-71.2383, 46.7907], [-71.2381, 46.7908], [-71.238, 46.7908], [-71.2378, 46.7908], [-71.2376, 46.7908], [-71.2374, 46.7909], [-71.2373, 46.7909], [-71.2371, 46.791], [-71.237, 46.791], [-71.237, 46.7911], [-71.2369, 46.7912], [-71.2369, 46.7913], [-71.2368, 46.7914], [-71.2367, 46.7914], [-71.2365, 46.7915], [-71.2363, 46.7915], [-71.236, 46.7915], [-71.2356, 46.7915], [-71.2352, 46.7915], [-71.2347, 46.7915], [-71.2343, 46.7916], [-71.2339, 46.7916], [-71.2336, 46.7916], [-71.2334, 46.7916], [-71.2332, 46.7917], [-71.233, 46.7917], [-71.233, 46.7918], [-71.233, 46.7919], [-71.233, 46.792], [-71.2331, 46.792], [-71.2331, 46.7921], [-71.2332, 46.7921], [-71.2333, 46.7921], [-71.2335, 46.7921], [-71.2336, 46.7922], [-71.2337, 46.7922], [-71.2336, 46.7923], [-71.2335, 46.7923], [-71.2333, 46.7924], [-71.233, 46.7925], [-71.2327, 46.7926], [-71.2324, 46.7927], [-71.2321, 46.7928], [-71.2318, 46.7929], [-71.2316, 46.793], [-71.2314, 46.7931], [-71.2312, 46.7932], [-71.231, 46.7934], [-71.2308, 46.7935], [-71.2306, 46.7937], [-71.2305, 46.7938], [-71.2304, 46.7939], [-71.2303, 46.7941], [-71.2302, 46.7942], [-71.2302, 46.7943], [-71.2301, 46.7944], [-71.2301, 46.7945], [-71.2301, 46.7946], [-71.23, 46.7947], [-71.2299, 46.7948], [-71.2298, 46.7949], [-71.2297, 46.795], [-71.2295, 46.7951], [-71.2293, 46.7952], [-71.2291, 46.7953], [-71.229, 46.7954], [-71.2288, 46.7955], [-71.2287, 46.7956], [-71.2286, 46.7957], [-71.2285, 46.7958], [-71.2285, 46.7959], [-71.2285, 46.796], [-71.2286, 46.7961], [-71.2287, 46.7962], [-71.2289, 46.7963], [-71.229, 46.7964], [-71.2292, 46.7965], [-71.2295, 46.7965], [-71.2298, 46.7966], [-71.2301, 46.7967], [-71.2303, 46.7968], [-71.2305, 46.7969], [-71.2305, 46.7971], [-71.2305, 46.7972], [-71.2305, 46.7974], [-71.2303, 46.7975], [-71.2301, 46.7977], [-71.2298, 46.7979], [-71.2296, 46.7981], [-71.2294, 46.7983], [-71.2292, 46.7984], [-71.2291, 46.7986], [-71.229, 46.7987], [-71.2289, 46.7988], [-71.2289, 46.799], [-71.229, 46.7991], [-71.229, 46.7992], [-71.2291, 46.7992], [-71.2292, 46.7993], [-71.2293, 46.7993], [-71.2294, 46.7993], [-71.2296, 46.7993], [-71.2297, 46.7992], [-71.2299, 46.7992], [-71.23, 46.7991], [-71.23, 46.7992], [-71.2299, 46.7993], [-71.2298, 46.7994], [-71.2296, 46.7996], [-71.2294, 46.7998], [-71.2292, 46.8], [-71.229, 46.8001], [-71.2289, 46.8003], [-71.2288, 46.8004], [-71.2288, 46.8006], [-71.2288, 46.8007], [-71.2289, 46.8008], [-71.2289, 46.8009], [-71.229, 46.801], [-71.2291, 46.8011], [-71.2291, 46.8012], [-71.2291, 46.8013], [-71.229, 46.8014], [-71.2289, 46.8015], [-71.2288, 46.8015], [-71.2287, 46.8016], [-71.2286, 46.8017], [-71.2286, 46.8018], [-71.2286, 46.8019], [-71.2286, 46.802], [-71.2287, 46.802], [-71.2287, 46.8021], [-71.2288, 46.8022], [-71.2288, 46.8023], [-71.2288, 46.8024], [-71.2288, 46.8025], [-71.2288, 46.8026], [-71.2288, 46.8027], [-71.2287, 46.8028], [-71.2286, 46.8029], [-71.2286, 46.803], [-71.2286, 46.8031], [-71.2287, 46.8032], [-71.2289, 46.8033], [-71.2291, 46.8033], [-71.2294, 46.8034], [-71.2298, 46.8035], [-71.2302, 46.8035], [-71.2306, 46.8035], [-71.231, 46.8035], [-71.2313, 46.8035], [-71.2316, 46.8035], [-71.2319, 46.8034], [-71.2322, 46.8033], [-71.2324, 46.8032], [-71.2326, 46.8031], [-71.2328, 46.803], [-71.233, 46.8029], [-71.2331, 46.8029], [-71.2332, 46.8029], [-71.2333, 46.8029], [-71.2334, 46.803], [-71.2335, 46.8031], [-71.2336, 46.8032], [-71.2336, 46.8033], [-71.2337, 46.8034], [-71.2338, 46.8035], [-71.2339, 46.8036], [-71.234, 46.8037], [-71.2342, 46.8037], [-71.2343, 46.8037], [-71.2344, 46.8038], [-71.2346, 46.8038], [-71.2347, 46.8038], [-71.2349, 46.8037], [-71.235, 46.8037], [-71.2351, 46.8036], [-71.2352, 46.8036], [-71.2353, 46.8035], [-71.2354, 46.8034], [-71.2355, 46.8033], [-71.2356, 46.8032], [-71.2357, 46.8032], [-71.2359, 46.8032], [-71.236, 46.8033], [-71.2361, 46.8033], [-71.2362, 46.8034], [-71.2364, 46.8036], [-71.2365, 46.8037], [-71.2367, 46.8038], [-71.2368, 46.8038], [-71.237, 46.8039], [-71.2372, 46.8039], [-71.2374, 46.804], [-71.2376, 46.804], [-71.2378, 46.804], [-71.238, 46.804], [-71.2382, 46.8039], [-71.2383, 46.8039], [-71.2384, 46.8039], [-71.2385, 46.8038], [-71.2386, 46.8037], [-71.2386, 46.8036], [-71.2387, 46.8035], [-71.2388, 46.8034], [-71.2388, 46.8033], [-71.239, 46.8032], [-71.2391, 46.8031], [-71.2392, 46.803], [-71.2394, 46.803], [-71.2396, 46.8029], [-71.2398, 46.8028], [-71.2399, 46.8028], [-71.2401, 46.8027], [-71.2402, 46.8027], [-71.2403, 46.8027], [-71.2404, 46.8027], [-71.2405, 46.8028], [-71.2406, 46.8028], [-71.2406, 46.8029], [-71.2406, 46.803], [-71.2406, 46.8031], [-71.2405, 46.8031], [-71.2404, 46.8032], [-71.2403, 46.8033], [-71.2402, 46.8034], [-71.2401, 46.8035], [-71.24, 46.8036], [-71.2399, 46.8037], [-71.2399, 46.8038], [-71.2399, 46.8039], [-71.24, 46.804], [-71.2401, 46.804], [-71.2402, 46.804], [-71.2403, 46.804], [-71.2405, 46.804], [-71.2407, 46.8039], [-71.241, 46.8038], [-71.2413, 46.8036], [-71.2416, 46.8035], [-71.2419, 46.8033], [-71.2422, 46.8031], [-71.2425, 46.803], [-71.2428, 46.8028], [-71.243, 46.8028], [-71.2431, 46.8027], [-71.2432, 46.8027], [-71.2433, 46.8027], [-71.2434, 46.8028], [-71.2434, 46.8029], [-71.2433, 46.803], [-71.2432, 46.803], [-71.243, 46.803], [-71.2429, 46.803], [-71.2427, 46.8031], [-71.2426, 46.8031], [-71.2425, 46.8032], [-71.2424, 46.8033], [-71.2423, 46.8034], [-71.2423, 46.8036], [-71.2423, 46.8037], [-71.2423, 46.8038], [-71.2424, 46.8039], [-71.2425, 46.804], [-71.2426, 46.804], [-71.2428, 46.8041], [-71.243, 46.8042], [-71.2433, 46.8042], [-71.2436, 46.8042], [-71.2439, 46.8042], [-71.2441, 46.8042], [-71.2444, 46.8042], [-71.2447, 46.8041], [-71.2449, 46.804], [-71.2451, 46.8039], [-71.2454, 46.8038], [-71.2456, 46.8036], [-71.2457, 46.8035], [-71.2459, 46.8034], [-71.2459, 46.8033], [-71.246, 46.8032], [-71.246, 46.8031], [-71.2459, 46.8031], [-71.2458, 46.8031], [-71.2457, 46.803], [-71.2456, 46.803], [-71.2455, 46.803], [-71.2454, 46.8029], [-71.2453, 46.8028], [-71.2453, 46.8027], [-71.2453, 46.8026], [-71.2453, 46.8025], [-71.2452, 46.8024], [-71.2452, 46.8023], [-71.2451, 46.8023], [-71.245, 46.8022], [-71.2449, 46.8022], [-71.2448, 46.8021], [-71.2447, 46.8021], [-71.2445, 46.8021], [-71.2444, 46.8021], [-71.2444, 46.802], [-71.2445, 46.802], [-71.2445, 46.8019], [-71.2446, 46.8019], [-71.2447, 46.8019], [-71.2448, 46.8019], [-71.2449, 46.8019], [-71.245, 46.8019], [-71.2451, 46.8019], [-71.2452, 46.802], [-71.2453, 46.802], [-71.2454, 46.802], [-71.2455, 46.802], [-71.2456, 46.802], [-71.2457, 46.8019], [-71.2459, 46.8019], [-71.246, 46.8018], [-71.2462, 46.8017], [-71.2463, 46.8015], [-71.2465, 46.8014], [-71.2467, 46.8013], [-71.2469, 46.8013], [-71.2471, 46.8012], [-71.2472, 46.8012], [-71.2474, 46.8011], [-71.2476, 46.8012], [-71.2479, 46.8012], [-71.2481, 46.8012], [-71.2482, 46.8012], [-71.2484, 46.8012], [-71.2486, 46.8011], [-71.2487, 46.8011], [-71.2489, 46.801], [-71.249, 46.801], [-71.2491, 46.8009], [-71.2492, 46.8008], [-71.2494, 46.8006], [-71.2495, 46.8004], [-71.2496, 46.8001], [-71.2497, 46.7998], [-71.2498, 46.7994], [-71.25, 46.7989], [-71.2501, 46.7985], [-71.2502, 46.798], [-71.2502, 46.7977], [-71.2503, 46.7973], [-71.2503, 46.7971], [-71.2503, 46.7968], [-71.2502, 46.7967], [-71.2502, 46.7966], [-71.2501, 46.7965], [-71.25, 46.7964], [-71.2499, 46.7964], [-71.2499, 46.7963], [-71.2499, 46.7962], [-71.25, 46.7961], [-71.2501, 46.796], [-71.2501, 46.7959], [-71.2501, 46.7958], [-71.2501, 46.7957], [-71.25, 46.7956], [-71.25, 46.7955], [-71.2499, 46.7955], [-71.2499, 46.7954], [-71.25, 46.7952], [-71.25, 46.7951], [-71.25, 46.795], [-71.2501, 46.7948], [-71.2502, 46.7947], [-71.2503, 46.7945], [-71.2503, 46.7944], [-71.2503, 46.7943], [-71.2502, 46.7942], [-71.2502, 46.7941], [-71.2501, 46.794], [-71.2499, 46.794], [-71.2497, 46.794], [-71.2496, 46.7939], [-71.2495, 46.7939], [-71.2495, 46.7938], [-71.2495, 46.7937], [-71.2495, 46.7936], [-71.2496, 46.7935], [-71.2498, 46.7934], [-71.25, 46.7933], [-71.2501, 46.7932]]]}}]}