{"type": "FeatureCollection", "metadata": {"script": "scripts/analysis/tramway-isochrones.py", "genere_le": "2026-10-05", "source": "OpenStreetMap (ODbL) ; Statistique Canada, Recensement 2021", "attribution": "© les contributeurs d'OpenStreetMap", "titre": "Aires de marche et voiles — Brown", "paliers_min": [2, 3, 4, 5, 6, 7, 8, 9, 10, 11, 12, 13, 14, 15], "vitesse_kmh": 4.2, "methode": "Dijkstra sur le réseau marchable d'OpenStreetMap à 4.2 km/h ; couloir de 40 m autour des rues atteintes. Chaque voile est le complément de l'aire du même palier. Population par pondération de surface des aires de diffusion.", "trous": "comblés — intérieurs de grands îlots, pas des zones inaccessibles", "modes": "Mode de transport domicile–travail, recensement 2021 (mai 2021, en pleine pandémie), données-échantillon 25 %, réparti par pondération de surface."}, "features": [{"type": "Feature", "properties": {"couche": "aire_marche", "station": "Brown", "ordre": 18, "minutes": 2, "superficie_ha": 5.0, "rue_km": 0.8, "disque_ha": 6.2, "part_disque_pct": 80, "accroche_m": 0, "population": 504, "navetteurs": 144, "mode_auto_pct": 44, "mode_tc_pct": 30, "mode_actif_pct": 26, "mode_autre_pct": 0}, "geometry": {"type": "Polygon", "coordinates": [[[-71.2355, 46.7997], [-71.2354, 46.7997], [-71.2353, 46.7998], [-71.2352, 46.7999], [-71.2351, 46.8], [-71.2351, 46.8001], [-71.2351, 46.8003], [-71.2351, 46.8004], [-71.2352, 46.8006], [-71.2353, 46.8007], [-71.2353, 46.8008], [-71.2353, 46.8009], [-71.2353, 46.801], [-71.2352, 46.801], [-71.2351, 46.801], [-71.2349, 46.8009], [-71.2347, 46.8008], [-71.2346, 46.8007], [-71.2344, 46.8007], [-71.2343, 46.8007], [-71.2341, 46.8006], [-71.234, 46.8007], [-71.2339, 46.8007], [-71.2338, 46.8008], [-71.2337, 46.8009], [-71.2336, 46.801], [-71.2335, 46.801], [-71.2334, 46.801], [-71.2333, 46.8011], [-71.2331, 46.8011], [-71.233, 46.8011], [-71.2328, 46.801], [-71.2327, 46.801], [-71.2326, 46.8009], [-71.2326, 46.8008], [-71.2325, 46.8006], [-71.2325, 46.8004], [-71.2325, 46.8002], [-71.2325, 46.7999], [-71.2326, 46.7997], [-71.2327, 46.7994], [-71.2328, 46.7992], [-71.233, 46.799], [-71.2332, 46.7989], [-71.2334, 46.7988], [-71.2337, 46.7987], [-71.2341, 46.7987], [-71.2344, 46.7987], [-71.2348, 46.7988], [-71.2351, 46.7988], [-71.2353, 46.7988], [-71.2355, 46.7989], [-71.2357, 46.7989], [-71.2358, 46.799], [-71.2358, 46.7991], [-71.2359, 46.7991], [-71.2359, 46.7992], [-71.2359, 46.7993], [-71.2358, 46.7994], [-71.2357, 46.7995], [-71.2356, 46.7996], [-71.2355, 46.7997]]]}}, {"type": "Feature", "properties": {"couche": "voile", "station": "Brown", "minutes": 2}, "geometry": {"type": "Polygon", "coordinates": [[[-71.3949, 46.9079], [-71.0765, 46.91], [-71.0741, 46.6917], [-71.3913, 46.6896], [-71.3949, 46.9079]], [[-71.2356, 46.7996], [-71.2357, 46.7995], [-71.2358, 46.7994], [-71.2359, 46.7993], [-71.2359, 46.7992], [-71.2359, 46.7991], [-71.2358, 46.7991], [-71.2358, 46.799], [-71.2357, 46.7989], [-71.2355, 46.7989], [-71.2353, 46.7988], [-71.2351, 46.7988], [-71.2348, 46.7988], [-71.2344, 46.7987], [-71.2341, 46.7987], [-71.2337, 46.7987], [-71.2334, 46.7988], [-71.2332, 46.7989], [-71.233, 46.799], [-71.2328, 46.7992], [-71.2327, 46.7994], [-71.2326, 46.7997], [-71.2325, 46.7999], [-71.2325, 46.8002], [-71.2325, 46.8004], [-71.2325, 46.8006], [-71.2326, 46.8008], [-71.2326, 46.8009], [-71.2327, 46.801], [-71.2328, 46.801], [-71.233, 46.8011], [-71.2331, 46.8011], [-71.2333, 46.8011], [-71.2334, 46.801], [-71.2335, 46.801], [-71.2336, 46.801], [-71.2337, 46.8009], [-71.2338, 46.8008], [-71.2339, 46.8007], [-71.234, 46.8007], [-71.2341, 46.8006], [-71.2343, 46.8007], [-71.2344, 46.8007], [-71.2346, 46.8007], [-71.2347, 46.8008], [-71.2349, 46.8009], [-71.2351, 46.801], [-71.2352, 46.801], [-71.2353, 46.801], [-71.2353, 46.8009], [-71.2353, 46.8008], [-71.2353, 46.8007], [-71.2352, 46.8006], [-71.2351, 46.8004], [-71.2351, 46.8003], [-71.2351, 46.8001], [-71.2351, 46.8], [-71.2352, 46.7999], [-71.2353, 46.7998], [-71.2354, 46.7997], [-71.2355, 46.7997], [-71.2356, 46.7996]]]}}, {"type": "Feature", "properties": {"couche": "aire_marche", "station": "Brown", "ordre": 18, "minutes": 3, "superficie_ha": 10.4, "rue_km": 1.67, "disque_ha": 13.9, "part_disque_pct": 75, "accroche_m": 0, "population": 1055, "navetteurs": 314, "mode_auto_pct": 44, "mode_tc_pct": 28, "mode_actif_pct": 28, "mode_autre_pct": 0}, "geometry": {"type": "Polygon", "coordinates": [[[-71.2364, 46.7991], [-71.2363, 46.7992], [-71.2362, 46.7992], [-71.2362, 46.7993], [-71.2362, 46.7994], [-71.2361, 46.7994], [-71.2362, 46.7995], [-71.2362, 46.7996], [-71.2363, 46.7997], [-71.2364, 46.7998], [-71.2364, 46.8], [-71.2365, 46.8001], [-71.2365, 46.8002], [-71.2365, 46.8004], [-71.2365, 46.8006], [-71.2364, 46.8008], [-71.2364, 46.801], [-71.2363, 46.8012], [-71.2361, 46.8013], [-71.236, 46.8015], [-71.2358, 46.8016], [-71.2356, 46.8016], [-71.2354, 46.8017], [-71.2351, 46.8017], [-71.2348, 46.8017], [-71.2345, 46.8017], [-71.2343, 46.8016], [-71.2341, 46.8016], [-71.2339, 46.8016], [-71.2337, 46.8015], [-71.2335, 46.8015], [-71.2334, 46.8014], [-71.2333, 46.8013], [-71.2332, 46.8013], [-71.2331, 46.8012], [-71.233, 46.8012], [-71.2328, 46.8012], [-71.2327, 46.8012], [-71.2326, 46.8012], [-71.2324, 46.8012], [-71.2322, 46.8012], [-71.2321, 46.8013], [-71.232, 46.8013], [-71.2319, 46.8012], [-71.2318, 46.8012], [-71.2319, 46.8011], [-71.2319, 46.801], [-71.232, 46.8009], [-71.2321, 46.8008], [-71.2321, 46.8007], [-71.2322, 46.8006], [-71.2322, 46.8005], [-71.2322, 46.8004], [-71.2321, 46.8003], [-71.2321, 46.8002], [-71.232, 46.8001], [-71.232, 46.8], [-71.2319, 46.7999], [-71.2319, 46.7998], [-71.232, 46.7998], [-71.232, 46.7997], [-71.2321, 46.7996], [-71.2322, 46.7996], [-71.2323, 46.7995], [-71.2324, 46.7994], [-71.2325, 46.7994], [-71.2326, 46.7993], [-71.2326, 46.7992], [-71.2326, 46.7991], [-71.2326, 46.7989], [-71.2325, 46.7988], [-71.2324, 46.7987], [-71.2324, 46.7986], [-71.2324, 46.7985], [-71.2324, 46.7984], [-71.2325, 46.7984], [-71.2326, 46.7984], [-71.2328, 46.7985], [-71.233, 46.7985], [-71.2331, 46.7986], [-71.2333, 46.7987], [-71.2334, 46.7987], [-71.2336, 46.7987], [-71.2337, 46.7987], [-71.2338, 46.7986], [-71.2339, 46.7986], [-71.234, 46.7985], [-71.2341, 46.7985], [-71.2342, 46.7984], [-71.2343, 46.7984], [-71.2344, 46.7984], [-71.2345, 46.7984], [-71.2346, 46.7985], [-71.2348, 46.7985], [-71.2349, 46.7986], [-71.235, 46.7986], [-71.2351, 46.7987], [-71.2353, 46.7987], [-71.2354, 46.7987], [-71.2355, 46.7987], [-71.2357, 46.7987], [-71.2358, 46.7986], [-71.2359, 46.7986], [-71.2361, 46.7986], [-71.2362, 46.7985], [-71.2363, 46.7985], [-71.2364, 46.7985], [-71.2365, 46.7985], [-71.2365, 46.7986], [-71.2366, 46.7986], [-71.2366, 46.7987], [-71.2366, 46.7988], [-71.2366, 46.7989], [-71.2366, 46.799], [-71.2365, 46.7991], [-71.2364, 46.7991]]]}}, {"type": "Feature", "properties": {"couche": "voile", "station": "Brown", "minutes": 3}, "geometry": {"type": "Polygon", "coordinates": [[[-71.3956, 46.9085], [-71.0758, 46.9106], [-71.0734, 46.6913], [-71.392, 46.6893], [-71.3956, 46.9085]], [[-71.2365, 46.7991], [-71.2366, 46.799], [-71.2366, 46.7989], [-71.2366, 46.7988], [-71.2366, 46.7987], [-71.2366, 46.7986], [-71.2365, 46.7986], [-71.2365, 46.7985], [-71.2364, 46.7985], [-71.2363, 46.7985], [-71.2362, 46.7985], [-71.2361, 46.7986], [-71.2359, 46.7986], [-71.2358, 46.7986], [-71.2357, 46.7987], [-71.2355, 46.7987], [-71.2354, 46.7987], [-71.2353, 46.7987], [-71.2351, 46.7987], [-71.235, 46.7986], [-71.2349, 46.7986], [-71.2348, 46.7985], [-71.2346, 46.7985], [-71.2345, 46.7984], [-71.2344, 46.7984], [-71.2343, 46.7984], [-71.2342, 46.7984], [-71.2341, 46.7985], [-71.234, 46.7985], [-71.2339, 46.7986], [-71.2338, 46.7986], [-71.2337, 46.7987], [-71.2336, 46.7987], [-71.2334, 46.7987], [-71.2333, 46.7987], [-71.2331, 46.7986], [-71.233, 46.7985], [-71.2328, 46.7985], [-71.2326, 46.7984], [-71.2325, 46.7984], [-71.2324, 46.7984], [-71.2324, 46.7985], [-71.2324, 46.7986], [-71.2324, 46.7987], [-71.2325, 46.7988], [-71.2326, 46.7989], [-71.2326, 46.7991], [-71.2326, 46.7992], [-71.2326, 46.7993], [-71.2325, 46.7994], [-71.2324, 46.7994], [-71.2323, 46.7995], [-71.2322, 46.7996], [-71.2321, 46.7996], [-71.232, 46.7997], [-71.232, 46.7998], [-71.2319, 46.7998], [-71.2319, 46.7999], [-71.232, 46.8], [-71.232, 46.8001], [-71.2321, 46.8002], [-71.2321, 46.8003], [-71.2322, 46.8004], [-71.2322, 46.8005], [-71.2322, 46.8006], [-71.2321, 46.8007], [-71.2321, 46.8008], [-71.232, 46.8009], [-71.2319, 46.801], [-71.2319, 46.8011], [-71.2318, 46.8012], [-71.2319, 46.8012], [-71.232, 46.8013], [-71.2321, 46.8013], [-71.2322, 46.8012], [-71.2324, 46.8012], [-71.2326, 46.8012], [-71.2327, 46.8012], [-71.2328, 46.8012], [-71.233, 46.8012], [-71.2331, 46.8012], [-71.2332, 46.8013], [-71.2333, 46.8013], [-71.2334, 46.8014], [-71.2335, 46.8015], [-71.2337, 46.8015], [-71.2339, 46.8016], [-71.2341, 46.8016], [-71.2343, 46.8016], [-71.2345, 46.8017], [-71.2348, 46.8017], [-71.2351, 46.8017], [-71.2354, 46.8017], [-71.2356, 46.8016], [-71.2358, 46.8016], [-71.236, 46.8015], [-71.2361, 46.8013], [-71.2363, 46.8012], [-71.2364, 46.801], [-71.2364, 46.8008], [-71.2365, 46.8006], [-71.2365, 46.8004], [-71.2365, 46.8002], [-71.2365, 46.8001], [-71.2364, 46.8], [-71.2364, 46.7998], [-71.2363, 46.7997], [-71.2362, 46.7996], [-71.2362, 46.7995], [-71.2361, 46.7994], [-71.2362, 46.7994], [-71.2362, 46.7993], [-71.2362, 46.7992], [-71.2363, 46.7992], [-71.2364, 46.7991], [-71.2365, 46.7991]]]}}, {"type": "Feature", "properties": {"couche": "aire_marche", "station": "Brown", "ordre": 18, "minutes": 4, "superficie_ha": 16.3, "rue_km": 2.82, "disque_ha": 24.6, "part_disque_pct": 66, "accroche_m": 0, "population": 1672, "navetteurs": 495, "mode_auto_pct": 45, "mode_tc_pct": 26, "mode_actif_pct": 29, "mode_autre_pct": 0}, "geometry": {"type": "Polygon", "coordinates": [[[-71.237, 46.7991], [-71.237, 46.7993], [-71.2369, 46.7994], [-71.2368, 46.7995], [-71.2368, 46.7996], [-71.2367, 46.7997], [-71.2366, 46.7997], [-71.2365, 46.7997], [-71.2367, 46.7998], [-71.2368, 46.8], [-71.2369, 46.8001], [-71.237, 46.8003], [-71.237, 46.8004], [-71.237, 46.8006], [-71.237, 46.8009], [-71.237, 46.8011], [-71.2369, 46.8014], [-71.2368, 46.8016], [-71.2367, 46.8017], [-71.2366, 46.8019], [-71.2365, 46.802], [-71.2363, 46.802], [-71.2362, 46.802], [-71.236, 46.8019], [-71.2359, 46.8019], [-71.2357, 46.8018], [-71.2356, 46.8017], [-71.2354, 46.8017], [-71.2353, 46.8017], [-71.2352, 46.8017], [-71.2351, 46.8017], [-71.2351, 46.8018], [-71.235, 46.8019], [-71.2349, 46.8019], [-71.2349, 46.802], [-71.2348, 46.802], [-71.2347, 46.8021], [-71.2346, 46.8021], [-71.2345, 46.8021], [-71.2343, 46.8021], [-71.2342, 46.8021], [-71.2341, 46.8021], [-71.234, 46.8021], [-71.2339, 46.802], [-71.2338, 46.802], [-71.2337, 46.8019], [-71.2337, 46.8018], [-71.2336, 46.8018], [-71.2336, 46.8017], [-71.2336, 46.8016], [-71.2335, 46.8016], [-71.2335, 46.8015], [-71.2334, 46.8015], [-71.2334, 46.8014], [-71.2333, 46.8013], [-71.2332, 46.8013], [-71.2331, 46.8012], [-71.2331, 46.8013], [-71.233, 46.8013], [-71.233, 46.8014], [-71.233, 46.8015], [-71.233, 46.8016], [-71.233, 46.8017], [-71.233, 46.8018], [-71.2329, 46.8018], [-71.2327, 46.8019], [-71.2326, 46.8019], [-71.2324, 46.8019], [-71.2321, 46.8019], [-71.2319, 46.8019], [-71.2316, 46.8018], [-71.2315, 46.8017], [-71.2314, 46.8017], [-71.2313, 46.8016], [-71.2313, 46.8015], [-71.2314, 46.8014], [-71.2315, 46.8012], [-71.2317, 46.8011], [-71.2318, 46.8009], [-71.2319, 46.8008], [-71.232, 46.8007], [-71.232, 46.8006], [-71.2319, 46.8006], [-71.2318, 46.8006], [-71.2316, 46.8006], [-71.2315, 46.8006], [-71.2314, 46.8006], [-71.2313, 46.8005], [-71.2312, 46.8004], [-71.2311, 46.8003], [-71.2311, 46.8002], [-71.2311, 46.8], [-71.2311, 46.7999], [-71.2312, 46.7997], [-71.2312, 46.7996], [-71.2313, 46.7995], [-71.2314, 46.7994], [-71.2316, 46.7993], [-71.2317, 46.7993], [-71.2319, 46.7993], [-71.2321, 46.7993], [-71.2322, 46.7993], [-71.2323, 46.7992], [-71.2324, 46.7992], [-71.2324, 46.7991], [-71.2324, 46.799], [-71.2323, 46.7989], [-71.2322, 46.7988], [-71.232, 46.7986], [-71.2319, 46.7985], [-71.2318, 46.7984], [-71.2317, 46.7983], [-71.2316, 46.7981], [-71.2315, 46.798], [-71.2316, 46.7979], [-71.2316, 46.7978], [-71.2317, 46.7978], [-71.2318, 46.7978], [-71.2319, 46.7979], [-71.2321, 46.7979], [-71.2323, 46.798], [-71.2325, 46.7982], [-71.2327, 46.7983], [-71.233, 46.7984], [-71.2331, 46.7985], [-71.2333, 46.7986], [-71.2334, 46.7986], [-71.2335, 46.7985], [-71.2336, 46.7985], [-71.2336, 46.7984], [-71.2336, 46.7982], [-71.2337, 46.7981], [-71.2338, 46.798], [-71.2339, 46.798], [-71.2341, 46.7981], [-71.2342, 46.7981], [-71.2344, 46.7982], [-71.2346, 46.7984], [-71.2348, 46.7985], [-71.2349, 46.7985], [-71.235, 46.7986], [-71.2351, 46.7986], [-71.2352, 46.7986], [-71.2352, 46.7985], [-71.2352, 46.7984], [-71.2352, 46.7983], [-71.2352, 46.7982], [-71.2352, 46.7981], [-71.2353, 46.7981], [-71.2354, 46.7981], [-71.2355, 46.7981], [-71.2357, 46.7982], [-71.2358, 46.7982], [-71.2359, 46.7982], [-71.2361, 46.7983], [-71.2362, 46.7983], [-71.2363, 46.7983], [-71.2365, 46.7982], [-71.2366, 46.7982], [-71.2367, 46.7982], [-71.2368, 46.7982], [-71.2369, 46.7982], [-71.237, 46.7982], [-71.237, 46.7983], [-71.2371, 46.7985], [-71.2371, 46.7986], [-71.237, 46.7988], [-71.237, 46.7991]]]}}, {"type": "Feature", "properties": {"couche": "voile", "station": "Brown", "minutes": 4}, "geometry": {"type": "Polygon", "coordinates": [[[-71.3961, 46.9089], [-71.0751, 46.911], [-71.0727, 46.6907], [-71.3925, 46.6887], [-71.3961, 46.9089]], [[-71.237, 46.7988], [-71.2371, 46.7986], [-71.2371, 46.7985], [-71.237, 46.7983], [-71.237, 46.7982], [-71.2369, 46.7982], [-71.2368, 46.7982], [-71.2367, 46.7982], [-71.2366, 46.7982], [-71.2365, 46.7982], [-71.2363, 46.7983], [-71.2362, 46.7983], [-71.2361, 46.7983], [-71.2359, 46.7982], [-71.2358, 46.7982], [-71.2357, 46.7982], [-71.2355, 46.7981], [-71.2354, 46.7981], [-71.2353, 46.7981], [-71.2352, 46.7981], [-71.2352, 46.7982], [-71.2352, 46.7983], [-71.2352, 46.7984], [-71.2352, 46.7985], [-71.2352, 46.7986], [-71.2351, 46.7986], [-71.235, 46.7986], [-71.2349, 46.7985], [-71.2348, 46.7985], [-71.2346, 46.7984], [-71.2344, 46.7982], [-71.2342, 46.7981], [-71.2341, 46.7981], [-71.2339, 46.798], [-71.2338, 46.798], [-71.2337, 46.7981], [-71.2336, 46.7982], [-71.2336, 46.7984], [-71.2336, 46.7985], [-71.2335, 46.7985], [-71.2334, 46.7986], [-71.2333, 46.7986], [-71.2331, 46.7985], [-71.233, 46.7984], [-71.2327, 46.7983], [-71.2325, 46.7982], [-71.2323, 46.798], [-71.2321, 46.7979], [-71.2319, 46.7979], [-71.2318, 46.7978], [-71.2317, 46.7978], [-71.2316, 46.7978], [-71.2316, 46.7979], [-71.2315, 46.798], [-71.2316, 46.7981], [-71.2317, 46.7983], [-71.2318, 46.7984], [-71.2319, 46.7985], [-71.232, 46.7986], [-71.2322, 46.7988], [-71.2323, 46.7989], [-71.2324, 46.799], [-71.2324, 46.7991], [-71.2324, 46.7992], [-71.2323, 46.7992], [-71.2322, 46.7993], [-71.2321, 46.7993], [-71.2319, 46.7993], [-71.2317, 46.7993], [-71.2316, 46.7993], [-71.2314, 46.7994], [-71.2313, 46.7995], [-71.2312, 46.7996], [-71.2312, 46.7997], [-71.2311, 46.7999], [-71.2311, 46.8], [-71.2311, 46.8002], [-71.2311, 46.8003], [-71.2312, 46.8004], [-71.2313, 46.8005], [-71.2314, 46.8006], [-71.2315, 46.8006], [-71.2316, 46.8006], [-71.2318, 46.8006], [-71.2319, 46.8006], [-71.232, 46.8006], [-71.232, 46.8007], [-71.2319, 46.8008], [-71.2318, 46.8009], [-71.2317, 46.8011], [-71.2315, 46.8012], [-71.2314, 46.8014], [-71.2313, 46.8015], [-71.2313, 46.8016], [-71.2314, 46.8017], [-71.2315, 46.8017], [-71.2316, 46.8018], [-71.2319, 46.8019], [-71.2321, 46.8019], [-71.2324, 46.8019], [-71.2326, 46.8019], [-71.2327, 46.8019], [-71.2329, 46.8018], [-71.233, 46.8018], [-71.233, 46.8017], [-71.233, 46.8016], [-71.233, 46.8015], [-71.233, 46.8014], [-71.233, 46.8013], [-71.2331, 46.8013], [-71.2331, 46.8012], [-71.2332, 46.8013], [-71.2333, 46.8013], [-71.2334, 46.8014], [-71.2334, 46.8015], [-71.2335, 46.8015], [-71.2335, 46.8016], [-71.2336, 46.8016], [-71.2336, 46.8017], [-71.2336, 46.8018], [-71.2337, 46.8018], [-71.2337, 46.8019], [-71.2338, 46.802], [-71.2339, 46.802], [-71.234, 46.8021], [-71.2341, 46.8021], [-71.2342, 46.8021], [-71.2343, 46.8021], [-71.2345, 46.8021], [-71.2346, 46.8021], [-71.2347, 46.8021], [-71.2348, 46.802], [-71.2349, 46.802], [-71.2349, 46.8019], [-71.235, 46.8019], [-71.2351, 46.8018], [-71.2351, 46.8017], [-71.2352, 46.8017], [-71.2353, 46.8017], [-71.2354, 46.8017], [-71.2356, 46.8017], [-71.2357, 46.8018], [-71.2359, 46.8019], [-71.236, 46.8019], [-71.2362, 46.802], [-71.2363, 46.802], [-71.2365, 46.802], [-71.2366, 46.8019], [-71.2367, 46.8017], [-71.2368, 46.8016], [-71.2369, 46.8014], [-71.237, 46.8011], [-71.237, 46.8009], [-71.237, 46.8006], [-71.237, 46.8004], [-71.237, 46.8003], [-71.2369, 46.8001], [-71.2368, 46.8], [-71.2367, 46.7998], [-71.2365, 46.7997], [-71.2366, 46.7997], [-71.2367, 46.7997], [-71.2368, 46.7996], [-71.2368, 46.7995], [-71.2369, 46.7994], [-71.237, 46.7993], [-71.237, 46.7991], [-71.237, 46.7988]]]}}, {"type": "Feature", "properties": {"couche": "aire_marche", "station": "Brown", "ordre": 18, "minutes": 5, "superficie_ha": 25.8, "rue_km": 4.55, "disque_ha": 38.5, "part_disque_pct": 67, "accroche_m": 0, "population": 2554, "navetteurs": 754, "mode_auto_pct": 45, "mode_tc_pct": 25, "mode_actif_pct": 30, "mode_autre_pct": 0}, "geometry": {"type": "Polygon", "coordinates": [[[-71.2378, 46.7986], [-71.2377, 46.7987], [-71.2376, 46.7989], [-71.2375, 46.799], [-71.2375, 46.7992], [-71.2375, 46.7993], [-71.2375, 46.7994], [-71.2375, 46.7995], [-71.2376, 46.7996], [-71.2377, 46.7996], [-71.2377, 46.7997], [-71.2378, 46.7998], [-71.2378, 46.7999], [-71.2378, 46.8], [-71.2377, 46.8], [-71.2377, 46.8001], [-71.2376, 46.8002], [-71.2375, 46.8003], [-71.2374, 46.8003], [-71.2374, 46.8004], [-71.2374, 46.8005], [-71.2374, 46.8006], [-71.2375, 46.8007], [-71.2375, 46.8008], [-71.2376, 46.8009], [-71.2376, 46.801], [-71.2376, 46.8011], [-71.2377, 46.8012], [-71.2376, 46.8013], [-71.2376, 46.8015], [-71.2376, 46.8017], [-71.2375, 46.8018], [-71.2375, 46.802], [-71.2374, 46.8021], [-71.2373, 46.8023], [-71.2372, 46.8024], [-71.237, 46.8024], [-71.2369, 46.8025], [-71.2367, 46.8025], [-71.2366, 46.8026], [-71.2364, 46.8026], [-71.2362, 46.8026], [-71.2361, 46.8025], [-71.236, 46.8025], [-71.2358, 46.8024], [-71.2357, 46.8023], [-71.2356, 46.8022], [-71.2356, 46.802], [-71.2355, 46.8019], [-71.2354, 46.8018], [-71.2353, 46.8018], [-71.2353, 46.8019], [-71.2353, 46.802], [-71.2353, 46.8022], [-71.2352, 46.8023], [-71.2352, 46.8024], [-71.2351, 46.8025], [-71.235, 46.8025], [-71.2349, 46.8024], [-71.2348, 46.8024], [-71.2347, 46.8023], [-71.2345, 46.8023], [-71.2344, 46.8022], [-71.2342, 46.8022], [-71.2341, 46.8022], [-71.234, 46.8022], [-71.2338, 46.8022], [-71.2337, 46.8023], [-71.2335, 46.8023], [-71.2334, 46.8023], [-71.2332, 46.8023], [-71.2331, 46.8023], [-71.233, 46.8023], [-71.2329, 46.8022], [-71.2327, 46.8022], [-71.2326, 46.8021], [-71.2325, 46.802], [-71.2324, 46.8019], [-71.2323, 46.8018], [-71.2322, 46.8018], [-71.2321, 46.8019], [-71.2321, 46.802], [-71.2321, 46.8021], [-71.232, 46.8022], [-71.2319, 46.8022], [-71.2318, 46.8023], [-71.2317, 46.8023], [-71.2315, 46.8023], [-71.2313, 46.8023], [-71.231, 46.8023], [-71.2308, 46.8022], [-71.2307, 46.8022], [-71.2305, 46.8022], [-71.2304, 46.8021], [-71.2303, 46.8021], [-71.2303, 46.802], [-71.2302, 46.8019], [-71.2303, 46.8018], [-71.2303, 46.8017], [-71.2304, 46.8016], [-71.2306, 46.8015], [-71.2307, 46.8014], [-71.2309, 46.8013], [-71.2312, 46.8012], [-71.2314, 46.801], [-71.2316, 46.8009], [-71.2317, 46.8008], [-71.2318, 46.8008], [-71.2318, 46.8007], [-71.2316, 46.8007], [-71.2315, 46.8008], [-71.2312, 46.8009], [-71.231, 46.8009], [-71.2309, 46.8009], [-71.2307, 46.8009], [-71.2307, 46.8008], [-71.2306, 46.8007], [-71.2306, 46.8006], [-71.2307, 46.8004], [-71.2308, 46.8002], [-71.2308, 46.8], [-71.2309, 46.7998], [-71.2309, 46.7997], [-71.2309, 46.7995], [-71.2309, 46.7994], [-71.2309, 46.7993], [-71.2309, 46.7992], [-71.2308, 46.7991], [-71.2308, 46.799], [-71.2308, 46.7989], [-71.2309, 46.7989], [-71.231, 46.7989], [-71.2311, 46.7989], [-71.2313, 46.7989], [-71.2316, 46.799], [-71.2318, 46.7991], [-71.232, 46.7991], [-71.2322, 46.7991], [-71.2323, 46.7991], [-71.2322, 46.799], [-71.2321, 46.7989], [-71.2319, 46.7988], [-71.2317, 46.7986], [-71.2315, 46.7985], [-71.2313, 46.7983], [-71.2312, 46.7982], [-71.2311, 46.7981], [-71.231, 46.7979], [-71.231, 46.7978], [-71.231, 46.7977], [-71.231, 46.7976], [-71.231, 46.7975], [-71.2311, 46.7974], [-71.2312, 46.7973], [-71.2313, 46.7973], [-71.2314, 46.7972], [-71.2315, 46.7972], [-71.2317, 46.7972], [-71.2318, 46.7972], [-71.232, 46.7972], [-71.2321, 46.7973], [-71.2322, 46.7973], [-71.2323, 46.7973], [-71.2324, 46.7974], [-71.2324, 46.7975], [-71.2325, 46.7976], [-71.2325, 46.7977], [-71.2325, 46.7978], [-71.2326, 46.7979], [-71.2327, 46.798], [-71.2328, 46.7981], [-71.2329, 46.7982], [-71.233, 46.7983], [-71.2331, 46.7984], [-71.2332, 46.7985], [-71.2333, 46.7986], [-71.2334, 46.7986], [-71.2333, 46.7985], [-71.2332, 46.7983], [-71.2331, 46.7982], [-71.233, 46.7981], [-71.2329, 46.798], [-71.2329, 46.7978], [-71.2329, 46.7977], [-71.2329, 46.7976], [-71.2329, 46.7975], [-71.233, 46.7975], [-71.2331, 46.7975], [-71.2332, 46.7975], [-71.2334, 46.7976], [-71.2336, 46.7977], [-71.2338, 46.7978], [-71.2341, 46.798], [-71.2343, 46.7982], [-71.2346, 46.7983], [-71.2348, 46.7984], [-71.2349, 46.7985], [-71.235, 46.7985], [-71.2349, 46.7984], [-71.2347, 46.7983], [-71.2346, 46.7982], [-71.2345, 46.7981], [-71.2345, 46.798], [-71.2344, 46.7979], [-71.2344, 46.7978], [-71.2344, 46.7977], [-71.2345, 46.7976], [-71.2346, 46.7975], [-71.2347, 46.7976], [-71.2348, 46.7976], [-71.2349, 46.7976], [-71.2351, 46.7977], [-71.2353, 46.7978], [-71.2355, 46.7979], [-71.2356, 46.798], [-71.2358, 46.7981], [-71.2359, 46.7981], [-71.236, 46.7981], [-71.2361, 46.7981], [-71.2362, 46.7981], [-71.2362, 46.798], [-71.2362, 46.7979], [-71.2363, 46.7978], [-71.2364, 46.7977], [-71.2365, 46.7977], [-71.2366, 46.7977], [-71.2367, 46.7977], [-71.2369, 46.7977], [-71.2371, 46.7977], [-71.2374, 46.7978], [-71.2376, 46.7979], [-71.2377, 46.798], [-71.2378, 46.7981], [-71.2379, 46.7982], [-71.2379, 46.7983], [-71.2379, 46.7984], [-71.2378, 46.7986]]]}}, {"type": "Feature", "properties": {"couche": "voile", "station": "Brown", "minutes": 5}, "geometry": {"type": "Polygon", "coordinates": [[[-71.397, 46.9094], [-71.0742, 46.9115], [-71.0718, 46.6902], [-71.3933, 46.6881], [-71.397, 46.9094]], [[-71.2379, 46.7984], [-71.2379, 46.7983], [-71.2379, 46.7982], [-71.2378, 46.7981], [-71.2377, 46.798], [-71.2376, 46.7979], [-71.2374, 46.7978], [-71.2371, 46.7977], [-71.2369, 46.7977], [-71.2367, 46.7977], [-71.2366, 46.7977], [-71.2365, 46.7977], [-71.2364, 46.7977], [-71.2363, 46.7978], [-71.2362, 46.7979], [-71.2362, 46.798], [-71.2362, 46.7981], [-71.2361, 46.7981], [-71.236, 46.7981], [-71.2359, 46.7981], [-71.2358, 46.7981], [-71.2356, 46.798], [-71.2355, 46.7979], [-71.2353, 46.7978], [-71.2351, 46.7977], [-71.2349, 46.7976], [-71.2348, 46.7976], [-71.2347, 46.7976], [-71.2346, 46.7975], [-71.2345, 46.7976], [-71.2344, 46.7977], [-71.2344, 46.7978], [-71.2344, 46.7979], [-71.2345, 46.798], [-71.2345, 46.7981], [-71.2346, 46.7982], [-71.2347, 46.7983], [-71.2349, 46.7984], [-71.235, 46.7985], [-71.2349, 46.7985], [-71.2348, 46.7984], [-71.2346, 46.7983], [-71.2343, 46.7982], [-71.2341, 46.798], [-71.2338, 46.7978], [-71.2336, 46.7977], [-71.2334, 46.7976], [-71.2332, 46.7975], [-71.2331, 46.7975], [-71.233, 46.7975], [-71.2329, 46.7975], [-71.2329, 46.7976], [-71.2329, 46.7977], [-71.2329, 46.7978], [-71.2329, 46.798], [-71.233, 46.7981], [-71.2331, 46.7982], [-71.2332, 46.7983], [-71.2333, 46.7985], [-71.2334, 46.7986], [-71.2333, 46.7986], [-71.2332, 46.7985], [-71.2331, 46.7984], [-71.233, 46.7983], [-71.2329, 46.7982], [-71.2328, 46.7981], [-71.2327, 46.798], [-71.2326, 46.7979], [-71.2325, 46.7978], [-71.2325, 46.7977], [-71.2325, 46.7976], [-71.2324, 46.7975], [-71.2324, 46.7974], [-71.2323, 46.7973], [-71.2322, 46.7973], [-71.2321, 46.7973], [-71.232, 46.7972], [-71.2318, 46.7972], [-71.2317, 46.7972], [-71.2315, 46.7972], [-71.2314, 46.7972], [-71.2313, 46.7973], [-71.2312, 46.7973], [-71.2311, 46.7974], [-71.231, 46.7975], [-71.231, 46.7976], [-71.231, 46.7977], [-71.231, 46.7978], [-71.231, 46.7979], [-71.2311, 46.7981], [-71.2312, 46.7982], [-71.2313, 46.7983], [-71.2315, 46.7985], [-71.2317, 46.7986], [-71.2319, 46.7988], [-71.2321, 46.7989], [-71.2322, 46.799], [-71.2323, 46.7991], [-71.2322, 46.7991], [-71.232, 46.7991], [-71.2318, 46.7991], [-71.2316, 46.799], [-71.2313, 46.7989], [-71.2311, 46.7989], [-71.231, 46.7989], [-71.2309, 46.7989], [-71.2308, 46.7989], [-71.2308, 46.799], [-71.2308, 46.7991], [-71.2309, 46.7992], [-71.2309, 46.7993], [-71.2309, 46.7994], [-71.2309, 46.7995], [-71.2309, 46.7997], [-71.2309, 46.7998], [-71.2308, 46.8], [-71.2308, 46.8002], [-71.2307, 46.8004], [-71.2306, 46.8006], [-71.2306, 46.8007], [-71.2307, 46.8008], [-71.2307, 46.8009], [-71.2309, 46.8009], [-71.231, 46.8009], [-71.2312, 46.8009], [-71.2315, 46.8008], [-71.2316, 46.8007], [-71.2318, 46.8007], [-71.2318, 46.8008], [-71.2317, 46.8008], [-71.2316, 46.8009], [-71.2314, 46.801], [-71.2312, 46.8012], [-71.2309, 46.8013], [-71.2307, 46.8014], [-71.2306, 46.8015], [-71.2304, 46.8016], [-71.2303, 46.8017], [-71.2303, 46.8018], [-71.2302, 46.8019], [-71.2303, 46.802], [-71.2303, 46.8021], [-71.2304, 46.8021], [-71.2305, 46.8022], [-71.2307, 46.8022], [-71.2308, 46.8022], [-71.231, 46.8023], [-71.2313, 46.8023], [-71.2315, 46.8023], [-71.2317, 46.8023], [-71.2318, 46.8023], [-71.2319, 46.8022], [-71.232, 46.8022], [-71.2321, 46.8021], [-71.2321, 46.802], [-71.2321, 46.8019], [-71.2322, 46.8018], [-71.2323, 46.8018], [-71.2324, 46.8019], [-71.2325, 46.802], [-71.2326, 46.8021], [-71.2327, 46.8022], [-71.2329, 46.8022], [-71.233, 46.8023], [-71.2331, 46.8023], [-71.2332, 46.8023], [-71.2334, 46.8023], [-71.2335, 46.8023], [-71.2337, 46.8023], [-71.2338, 46.8022], [-71.234, 46.8022], [-71.2341, 46.8022], [-71.2342, 46.8022], [-71.2344, 46.8022], [-71.2345, 46.8023], [-71.2347, 46.8023], [-71.2348, 46.8024], [-71.2349, 46.8024], [-71.235, 46.8025], [-71.2351, 46.8025], [-71.2352, 46.8024], [-71.2352, 46.8023], [-71.2353, 46.8022], [-71.2353, 46.802], [-71.2353, 46.8019], [-71.2353, 46.8018], [-71.2354, 46.8018], [-71.2355, 46.8019], [-71.2356, 46.802], [-71.2356, 46.8022], [-71.2357, 46.8023], [-71.2358, 46.8024], [-71.236, 46.8025], [-71.2361, 46.8025], [-71.2362, 46.8026], [-71.2364, 46.8026], [-71.2366, 46.8026], [-71.2367, 46.8025], [-71.2369, 46.8025], [-71.237, 46.8024], [-71.2372, 46.8024], [-71.2373, 46.8023], [-71.2374, 46.8021], [-71.2375, 46.802], [-71.2375, 46.8018], [-71.2376, 46.8017], [-71.2376, 46.8015], [-71.2376, 46.8013], [-71.2377, 46.8012], [-71.2376, 46.8011], [-71.2376, 46.801], [-71.2376, 46.8009], [-71.2375, 46.8008], [-71.2375, 46.8007], [-71.2374, 46.8006], [-71.2374, 46.8005], [-71.2374, 46.8004], [-71.2374, 46.8003], [-71.2375, 46.8003], [-71.2376, 46.8002], [-71.2377, 46.8001], [-71.2377, 46.8], [-71.2378, 46.8], [-71.2378, 46.7999], [-71.2378, 46.7998], [-71.2377, 46.7997], [-71.2377, 46.7996], [-71.2376, 46.7996], [-71.2375, 46.7995], [-71.2375, 46.7994], [-71.2375, 46.7993], [-71.2375, 46.7992], [-71.2375, 46.799], [-71.2376, 46.7989], [-71.2377, 46.7987], [-71.2378, 46.7986], [-71.2379, 46.7984]]]}}, {"type": "Feature", "properties": {"couche": "aire_marche", "station": "Brown", "ordre": 18, "minutes": 6, "superficie_ha": 39.2, "rue_km": 7.52, "disque_ha": 55.4, "part_disque_pct": 71, "accroche_m": 0, "population": 3767, "navetteurs": 1074, "mode_auto_pct": 46, "mode_tc_pct": 24, "mode_actif_pct": 30, "mode_autre_pct": 0}, "geometry": {"type": "Polygon", "coordinates": [[[-71.2386, 46.7985], [-71.2386, 46.7988], [-71.2386, 46.799], [-71.2386, 46.7992], [-71.2386, 46.7994], [-71.2385, 46.7995], [-71.2385, 46.7997], [-71.2384, 46.7997], [-71.2383, 46.7998], [-71.2383, 46.7999], [-71.2382, 46.7999], [-71.2382, 46.8], [-71.2382, 46.8001], [-71.2382, 46.8002], [-71.2383, 46.8003], [-71.2383, 46.8004], [-71.2384, 46.8004], [-71.2384, 46.8005], [-71.2384, 46.8006], [-71.2383, 46.8007], [-71.2382, 46.8007], [-71.2381, 46.8007], [-71.238, 46.8008], [-71.2379, 46.8008], [-71.2379, 46.8009], [-71.2379, 46.801], [-71.2379, 46.8011], [-71.238, 46.8012], [-71.2381, 46.8013], [-71.2382, 46.8014], [-71.2382, 46.8015], [-71.2382, 46.8017], [-71.2382, 46.8018], [-71.2382, 46.8019], [-71.2382, 46.8021], [-71.2381, 46.8022], [-71.2381, 46.8024], [-71.238, 46.8026], [-71.2378, 46.8027], [-71.2376, 46.8028], [-71.2374, 46.8029], [-71.2372, 46.8029], [-71.237, 46.803], [-71.2367, 46.803], [-71.2363, 46.803], [-71.236, 46.803], [-71.2358, 46.803], [-71.2355, 46.803], [-71.2353, 46.8029], [-71.2351, 46.8028], [-71.2349, 46.8027], [-71.2348, 46.8026], [-71.2346, 46.8025], [-71.2345, 46.8024], [-71.2344, 46.8024], [-71.2343, 46.8023], [-71.2342, 46.8023], [-71.2342, 46.8024], [-71.2342, 46.8025], [-71.2342, 46.8026], [-71.2342, 46.8027], [-71.2341, 46.8028], [-71.234, 46.8028], [-71.234, 46.8029], [-71.2339, 46.8028], [-71.2338, 46.8028], [-71.2337, 46.8028], [-71.2336, 46.8027], [-71.2335, 46.8027], [-71.2334, 46.8027], [-71.2333, 46.8027], [-71.2332, 46.8027], [-71.2331, 46.8027], [-71.233, 46.8027], [-71.2329, 46.8028], [-71.2328, 46.8028], [-71.2326, 46.8028], [-71.2324, 46.8028], [-71.2322, 46.8028], [-71.2319, 46.8028], [-71.2316, 46.8028], [-71.2313, 46.8028], [-71.2309, 46.8027], [-71.2305, 46.8027], [-71.2303, 46.8026], [-71.2301, 46.8025], [-71.2299, 46.8023], [-71.2298, 46.8022], [-71.2298, 46.802], [-71.2298, 46.8018], [-71.2299, 46.8016], [-71.23, 46.8014], [-71.23, 46.8012], [-71.23, 46.801], [-71.23, 46.8009], [-71.23, 46.8008], [-71.23, 46.8007], [-71.23, 46.8006], [-71.2299, 46.8005], [-71.2298, 46.8005], [-71.2298, 46.8004], [-71.2298, 46.8003], [-71.2299, 46.8002], [-71.23, 46.8002], [-71.23, 46.8001], [-71.2301, 46.8], [-71.2302, 46.8], [-71.2303, 46.7999], [-71.2303, 46.7998], [-71.2303, 46.7997], [-71.2302, 46.7997], [-71.2301, 46.7996], [-71.23, 46.7996], [-71.23, 46.7995], [-71.23, 46.7994], [-71.2301, 46.7993], [-71.2302, 46.7992], [-71.2302, 46.7991], [-71.2303, 46.799], [-71.2303, 46.7989], [-71.2303, 46.7988], [-71.2302, 46.7987], [-71.2302, 46.7986], [-71.2302, 46.7985], [-71.2302, 46.7984], [-71.2302, 46.7983], [-71.2302, 46.7981], [-71.2303, 46.798], [-71.2304, 46.7978], [-71.2306, 46.7976], [-71.2307, 46.7974], [-71.2309, 46.7972], [-71.2311, 46.797], [-71.2313, 46.7969], [-71.2315, 46.7968], [-71.2317, 46.7967], [-71.2319, 46.7967], [-71.2321, 46.7967], [-71.2323, 46.7967], [-71.2325, 46.7968], [-71.2327, 46.7969], [-71.233, 46.797], [-71.2332, 46.7971], [-71.2335, 46.7973], [-71.2338, 46.7975], [-71.234, 46.7977], [-71.2343, 46.7979], [-71.2341, 46.7977], [-71.234, 46.7976], [-71.2339, 46.7975], [-71.2339, 46.7973], [-71.2339, 46.7972], [-71.2339, 46.7971], [-71.234, 46.7971], [-71.2342, 46.7971], [-71.2343, 46.7972], [-71.2345, 46.7973], [-71.2347, 46.7974], [-71.2349, 46.7975], [-71.2352, 46.7977], [-71.2354, 46.7979], [-71.2356, 46.798], [-71.2357, 46.798], [-71.2358, 46.7981], [-71.2359, 46.7981], [-71.2358, 46.798], [-71.2357, 46.7979], [-71.2356, 46.7978], [-71.2355, 46.7977], [-71.2355, 46.7976], [-71.2355, 46.7975], [-71.2354, 46.7974], [-71.2354, 46.7973], [-71.2355, 46.7973], [-71.2355, 46.7972], [-71.2356, 46.7972], [-71.2357, 46.7971], [-71.2359, 46.7971], [-71.2361, 46.7971], [-71.2363, 46.7971], [-71.2366, 46.7971], [-71.237, 46.7971], [-71.2373, 46.7971], [-71.2376, 46.7972], [-71.2379, 46.7973], [-71.2382, 46.7974], [-71.2383, 46.7976], [-71.2385, 46.7978], [-71.2386, 46.798], [-71.2386, 46.7982], [-71.2386, 46.7985]]]}}, {"type": "Feature", "properties": {"couche": "voile", "station": "Brown", "minutes": 6}, "geometry": {"type": "Polygon", "coordinates": [[[-71.3977, 46.9098], [-71.0738, 46.9119], [-71.0714, 46.6897], [-71.394, 46.6876], [-71.3977, 46.9098]], [[-71.2386, 46.7982], [-71.2386, 46.798], [-71.2385, 46.7978], [-71.2383, 46.7976], [-71.2382, 46.7974], [-71.2379, 46.7973], [-71.2376, 46.7972], [-71.2373, 46.7971], [-71.237, 46.7971], [-71.2366, 46.7971], [-71.2363, 46.7971], [-71.2361, 46.7971], [-71.2359, 46.7971], [-71.2357, 46.7971], [-71.2356, 46.7972], [-71.2355, 46.7972], [-71.2355, 46.7973], [-71.2354, 46.7973], [-71.2354, 46.7974], [-71.2355, 46.7975], [-71.2355, 46.7976], [-71.2355, 46.7977], [-71.2356, 46.7978], [-71.2357, 46.7979], [-71.2358, 46.798], [-71.2359, 46.7981], [-71.2358, 46.7981], [-71.2357, 46.798], [-71.2356, 46.798], [-71.2354, 46.7979], [-71.2352, 46.7977], [-71.2349, 46.7975], [-71.2347, 46.7974], [-71.2345, 46.7973], [-71.2343, 46.7972], [-71.2342, 46.7971], [-71.234, 46.7971], [-71.2339, 46.7971], [-71.2339, 46.7972], [-71.2339, 46.7973], [-71.2339, 46.7975], [-71.234, 46.7976], [-71.2341, 46.7977], [-71.2343, 46.7979], [-71.234, 46.7977], [-71.2338, 46.7975], [-71.2335, 46.7973], [-71.2332, 46.7971], [-71.233, 46.797], [-71.2327, 46.7969], [-71.2325, 46.7968], [-71.2323, 46.7967], [-71.2321, 46.7967], [-71.2319, 46.7967], [-71.2317, 46.7967], [-71.2315, 46.7968], [-71.2313, 46.7969], [-71.2311, 46.797], [-71.2309, 46.7972], [-71.2307, 46.7974], [-71.2306, 46.7976], [-71.2304, 46.7978], [-71.2303, 46.798], [-71.2302, 46.7981], [-71.2302, 46.7983], [-71.2302, 46.7984], [-71.2302, 46.7985], [-71.2302, 46.7986], [-71.2302, 46.7987], [-71.2303, 46.7988], [-71.2303, 46.7989], [-71.2303, 46.799], [-71.2302, 46.7991], [-71.2302, 46.7992], [-71.2301, 46.7993], [-71.23, 46.7994], [-71.23, 46.7995], [-71.23, 46.7996], [-71.2301, 46.7996], [-71.2302, 46.7997], [-71.2303, 46.7997], [-71.2303, 46.7998], [-71.2303, 46.7999], [-71.2302, 46.8], [-71.2301, 46.8], [-71.23, 46.8001], [-71.23, 46.8002], [-71.2299, 46.8002], [-71.2298, 46.8003], [-71.2298, 46.8004], [-71.2298, 46.8005], [-71.2299, 46.8005], [-71.23, 46.8006], [-71.23, 46.8007], [-71.23, 46.8008], [-71.23, 46.8009], [-71.23, 46.801], [-71.23, 46.8012], [-71.23, 46.8014], [-71.2299, 46.8016], [-71.2298, 46.8018], [-71.2298, 46.802], [-71.2298, 46.8022], [-71.2299, 46.8023], [-71.2301, 46.8025], [-71.2303, 46.8026], [-71.2305, 46.8027], [-71.2309, 46.8027], [-71.2313, 46.8028], [-71.2316, 46.8028], [-71.2319, 46.8028], [-71.2322, 46.8028], [-71.2324, 46.8028], [-71.2326, 46.8028], [-71.2328, 46.8028], [-71.2329, 46.8028], [-71.233, 46.8027], [-71.2331, 46.8027], [-71.2332, 46.8027], [-71.2333, 46.8027], [-71.2334, 46.8027], [-71.2335, 46.8027], [-71.2336, 46.8027], [-71.2337, 46.8028], [-71.2338, 46.8028], [-71.2339, 46.8028], [-71.234, 46.8029], [-71.234, 46.8028], [-71.2341, 46.8028], [-71.2342, 46.8027], [-71.2342, 46.8026], [-71.2342, 46.8025], [-71.2342, 46.8024], [-71.2342, 46.8023], [-71.2343, 46.8023], [-71.2344, 46.8024], [-71.2345, 46.8024], [-71.2346, 46.8025], [-71.2348, 46.8026], [-71.2349, 46.8027], [-71.2351, 46.8028], [-71.2353, 46.8029], [-71.2355, 46.803], [-71.2358, 46.803], [-71.236, 46.803], [-71.2363, 46.803], [-71.2367, 46.803], [-71.237, 46.803], [-71.2372, 46.8029], [-71.2374, 46.8029], [-71.2376, 46.8028], [-71.2378, 46.8027], [-71.238, 46.8026], [-71.2381, 46.8024], [-71.2381, 46.8022], [-71.2382, 46.8021], [-71.2382, 46.8019], [-71.2382, 46.8018], [-71.2382, 46.8017], [-71.2382, 46.8015], [-71.2382, 46.8014], [-71.2381, 46.8013], [-71.238, 46.8012], [-71.2379, 46.8011], [-71.2379, 46.801], [-71.2379, 46.8009], [-71.2379, 46.8008], [-71.238, 46.8008], [-71.2381, 46.8007], [-71.2382, 46.8007], [-71.2383, 46.8007], [-71.2384, 46.8006], [-71.2384, 46.8005], [-71.2384, 46.8004], [-71.2383, 46.8004], [-71.2383, 46.8003], [-71.2382, 46.8002], [-71.2382, 46.8001], [-71.2382, 46.8], [-71.2382, 46.7999], [-71.2383, 46.7999], [-71.2383, 46.7998], [-71.2384, 46.7997], [-71.2385, 46.7997], [-71.2385, 46.7995], [-71.2386, 46.7994], [-71.2386, 46.7992], [-71.2386, 46.799], [-71.2386, 46.7988], [-71.2386, 46.7985], [-71.2386, 46.7982]]]}}, {"type": "Feature", "properties": {"couche": "aire_marche", "station": "Brown", "ordre": 18, "minutes": 7, "superficie_ha": 51.2, "rue_km": 11.07, "disque_ha": 75.4, "part_disque_pct": 68, "accroche_m": 0, "population": 4867, "navetteurs": 1361, "mode_auto_pct": 46, "mode_tc_pct": 23, "mode_actif_pct": 31, "mode_autre_pct": 0}, "geometry": {"type": "Polygon", "coordinates": [[[-71.239, 46.7988], [-71.239, 46.799], [-71.239, 46.7993], [-71.239, 46.7995], [-71.239, 46.7997], [-71.2389, 46.7998], [-71.2389, 46.7999], [-71.2388, 46.8], [-71.2387, 46.8], [-71.2385, 46.8], [-71.2384, 46.8], [-71.2384, 46.8001], [-71.2383, 46.8001], [-71.2383, 46.8002], [-71.2384, 46.8003], [-71.2384, 46.8005], [-71.2385, 46.8006], [-71.2387, 46.8008], [-71.2388, 46.8009], [-71.2389, 46.8011], [-71.2389, 46.8012], [-71.239, 46.8013], [-71.2389, 46.8014], [-71.2389, 46.8015], [-71.2388, 46.8016], [-71.2387, 46.8017], [-71.2386, 46.8017], [-71.2386, 46.8018], [-71.2385, 46.8019], [-71.2385, 46.802], [-71.2385, 46.8021], [-71.2386, 46.8022], [-71.2387, 46.8023], [-71.2387, 46.8024], [-71.2387, 46.8025], [-71.2387, 46.8026], [-71.2387, 46.8027], [-71.2387, 46.8028], [-71.2386, 46.8029], [-71.2385, 46.8031], [-71.2384, 46.8032], [-71.2383, 46.8033], [-71.2382, 46.8034], [-71.2381, 46.8035], [-71.2379, 46.8035], [-71.2377, 46.8036], [-71.2375, 46.8036], [-71.2373, 46.8036], [-71.2371, 46.8036], [-71.2369, 46.8036], [-71.2367, 46.8036], [-71.2366, 46.8035], [-71.2364, 46.8035], [-71.2363, 46.8034], [-71.2362, 46.8034], [-71.2361, 46.8033], [-71.236, 46.8032], [-71.2359, 46.8032], [-71.2358, 46.8031], [-71.2356, 46.8031], [-71.2355, 46.8031], [-71.2353, 46.8031], [-71.2351, 46.8032], [-71.235, 46.8032], [-71.2348, 46.8033], [-71.2346, 46.8033], [-71.2345, 46.8033], [-71.2343, 46.8033], [-71.2342, 46.8032], [-71.234, 46.8031], [-71.2339, 46.8031], [-71.2338, 46.803], [-71.2336, 46.8029], [-71.2335, 46.8028], [-71.2334, 46.8028], [-71.2332, 46.8028], [-71.2331, 46.8028], [-71.233, 46.8029], [-71.2328, 46.8029], [-71.2327, 46.803], [-71.2325, 46.8031], [-71.2324, 46.8032], [-71.2323, 46.8032], [-71.2322, 46.8033], [-71.2321, 46.8032], [-71.232, 46.8032], [-71.2319, 46.8032], [-71.2318, 46.8031], [-71.2317, 46.8031], [-71.2317, 46.803], [-71.2316, 46.803], [-71.2315, 46.803], [-71.2314, 46.803], [-71.2313, 46.803], [-71.2312, 46.803], [-71.2311, 46.8031], [-71.231, 46.8031], [-71.2309, 46.8031], [-71.2307, 46.8032], [-71.2305, 46.8032], [-71.2303, 46.8032], [-71.2301, 46.8031], [-71.2299, 46.8031], [-71.2297, 46.8031], [-71.2294, 46.803], [-71.2293, 46.8029], [-71.2291, 46.8028], [-71.229, 46.8026], [-71.2289, 46.8025], [-71.2289, 46.8023], [-71.2289, 46.802], [-71.2289, 46.8018], [-71.2289, 46.8015], [-71.229, 46.8013], [-71.229, 46.8011], [-71.2291, 46.8009], [-71.2291, 46.8008], [-71.2292, 46.8007], [-71.2293, 46.8006], [-71.2294, 46.8005], [-71.2295, 46.8004], [-71.2295, 46.8003], [-71.2296, 46.8003], [-71.2296, 46.8002], [-71.2296, 46.8001], [-71.2295, 46.8001], [-71.2295, 46.8], [-71.2294, 46.7999], [-71.2294, 46.7998], [-71.2294, 46.7997], [-71.2295, 46.7996], [-71.2296, 46.7995], [-71.2297, 46.7994], [-71.2299, 46.7993], [-71.23, 46.7992], [-71.2301, 46.7991], [-71.2302, 46.799], [-71.2301, 46.799], [-71.23, 46.799], [-71.2299, 46.799], [-71.2298, 46.799], [-71.2297, 46.799], [-71.2296, 46.799], [-71.2295, 46.7989], [-71.2294, 46.7988], [-71.2294, 46.7987], [-71.2294, 46.7986], [-71.2294, 46.7985], [-71.2295, 46.7984], [-71.2295, 46.7983], [-71.2296, 46.7982], [-71.2298, 46.7981], [-71.2299, 46.7979], [-71.2301, 46.7978], [-71.2303, 46.7977], [-71.2305, 46.7975], [-71.2307, 46.7974], [-71.2308, 46.7972], [-71.2309, 46.7971], [-71.231, 46.797], [-71.231, 46.7968], [-71.231, 46.7967], [-71.231, 46.7965], [-71.231, 46.7964], [-71.2311, 46.7963], [-71.2312, 46.7963], [-71.2314, 46.7962], [-71.2316, 46.7962], [-71.2319, 46.7962], [-71.2322, 46.7962], [-71.2326, 46.7963], [-71.2329, 46.7963], [-71.2333, 46.7964], [-71.2336, 46.7965], [-71.234, 46.7967], [-71.2343, 46.7969], [-71.2346, 46.7971], [-71.2349, 46.7973], [-71.2352, 46.7975], [-71.2354, 46.7977], [-71.2356, 46.7978], [-71.2357, 46.7979], [-71.2358, 46.7979], [-71.2358, 46.7978], [-71.2357, 46.7977], [-71.2356, 46.7976], [-71.2355, 46.7974], [-71.2354, 46.7972], [-71.2354, 46.797], [-71.2354, 46.7969], [-71.2355, 46.7968], [-71.2356, 46.7967], [-71.2358, 46.7966], [-71.236, 46.7966], [-71.2364, 46.7966], [-71.2366, 46.7967], [-71.2369, 46.7967], [-71.2371, 46.7967], [-71.2373, 46.7968], [-71.2375, 46.7968], [-71.2376, 46.7969], [-71.2378, 46.7969], [-71.2378, 46.797], [-71.2379, 46.797], [-71.2381, 46.7971], [-71.2382, 46.7971], [-71.2383, 46.7971], [-71.2384, 46.7971], [-71.2386, 46.7971], [-71.2387, 46.797], [-71.2388, 46.797], [-71.239, 46.797], [-71.2391, 46.7969], [-71.2392, 46.7969], [-71.2393, 46.7969], [-71.2394, 46.797], [-71.2395, 46.797], [-71.2395, 46.7971], [-71.2395, 46.7972], [-71.2395, 46.7973], [-71.2394, 46.7974], [-71.2393, 46.7974], [-71.2393, 46.7975], [-71.2392, 46.7976], [-71.2391, 46.7977], [-71.239, 46.7978], [-71.239, 46.7979], [-71.239, 46.7981], [-71.2389, 46.7983], [-71.2389, 46.7985], [-71.239, 46.7988]]]}}, {"type": "Feature", "properties": {"couche": "voile", "station": "Brown", "minutes": 7}, "geometry": {"type": "Polygon", "coordinates": [[[-71.3986, 46.9104], [-71.0729, 46.9125], [-71.0705, 46.6892], [-71.3949, 46.6871], [-71.3986, 46.9104]], [[-71.2389, 46.7985], [-71.2389, 46.7983], [-71.239, 46.7981], [-71.239, 46.7979], [-71.239, 46.7978], [-71.2391, 46.7977], [-71.2392, 46.7976], [-71.2393, 46.7975], [-71.2393, 46.7974], [-71.2394, 46.7974], [-71.2395, 46.7973], [-71.2395, 46.7972], [-71.2395, 46.7971], [-71.2395, 46.797], [-71.2394, 46.797], [-71.2393, 46.7969], [-71.2392, 46.7969], [-71.2391, 46.7969], [-71.239, 46.797], [-71.2388, 46.797], [-71.2387, 46.797], [-71.2386, 46.7971], [-71.2384, 46.7971], [-71.2383, 46.7971], [-71.2382, 46.7971], [-71.2381, 46.7971], [-71.2379, 46.797], [-71.2378, 46.797], [-71.2378, 46.7969], [-71.2376, 46.7969], [-71.2375, 46.7968], [-71.2373, 46.7968], [-71.2371, 46.7967], [-71.2369, 46.7967], [-71.2366, 46.7967], [-71.2364, 46.7966], [-71.236, 46.7966], [-71.2358, 46.7966], [-71.2356, 46.7967], [-71.2355, 46.7968], [-71.2354, 46.7969], [-71.2354, 46.797], [-71.2354, 46.7972], [-71.2355, 46.7974], [-71.2356, 46.7976], [-71.2357, 46.7977], [-71.2358, 46.7978], [-71.2358, 46.7979], [-71.2357, 46.7979], [-71.2356, 46.7978], [-71.2354, 46.7977], [-71.2352, 46.7975], [-71.2349, 46.7973], [-71.2346, 46.7971], [-71.2343, 46.7969], [-71.234, 46.7967], [-71.2336, 46.7965], [-71.2333, 46.7964], [-71.2329, 46.7963], [-71.2326, 46.7963], [-71.2322, 46.7962], [-71.2319, 46.7962], [-71.2316, 46.7962], [-71.2314, 46.7962], [-71.2312, 46.7963], [-71.2311, 46.7963], [-71.231, 46.7964], [-71.231, 46.7965], [-71.231, 46.7967], [-71.231, 46.7968], [-71.231, 46.797], [-71.2309, 46.7971], [-71.2308, 46.7972], [-71.2307, 46.7974], [-71.2305, 46.7975], [-71.2303, 46.7977], [-71.2301, 46.7978], [-71.2299, 46.7979], [-71.2298, 46.7981], [-71.2296, 46.7982], [-71.2295, 46.7983], [-71.2295, 46.7984], [-71.2294, 46.7985], [-71.2294, 46.7986], [-71.2294, 46.7987], [-71.2294, 46.7988], [-71.2295, 46.7989], [-71.2296, 46.799], [-71.2297, 46.799], [-71.2298, 46.799], [-71.2299, 46.799], [-71.23, 46.799], [-71.2301, 46.799], [-71.2302, 46.799], [-71.2301, 46.7991], [-71.23, 46.7992], [-71.2299, 46.7993], [-71.2297, 46.7994], [-71.2296, 46.7995], [-71.2295, 46.7996], [-71.2294, 46.7997], [-71.2294, 46.7998], [-71.2294, 46.7999], [-71.2295, 46.8], [-71.2295, 46.8001], [-71.2296, 46.8001], [-71.2296, 46.8002], [-71.2296, 46.8003], [-71.2295, 46.8003], [-71.2295, 46.8004], [-71.2294, 46.8005], [-71.2293, 46.8006], [-71.2292, 46.8007], [-71.2291, 46.8008], [-71.2291, 46.8009], [-71.229, 46.8011], [-71.229, 46.8013], [-71.2289, 46.8015], [-71.2289, 46.8018], [-71.2289, 46.802], [-71.2289, 46.8023], [-71.2289, 46.8025], [-71.229, 46.8026], [-71.2291, 46.8028], [-71.2293, 46.8029], [-71.2294, 46.803], [-71.2297, 46.8031], [-71.2299, 46.8031], [-71.2301, 46.8031], [-71.2303, 46.8032], [-71.2305, 46.8032], [-71.2307, 46.8032], [-71.2309, 46.8031], [-71.231, 46.8031], [-71.2311, 46.8031], [-71.2312, 46.803], [-71.2313, 46.803], [-71.2314, 46.803], [-71.2315, 46.803], [-71.2316, 46.803], [-71.2317, 46.803], [-71.2317, 46.8031], [-71.2318, 46.8031], [-71.2319, 46.8032], [-71.232, 46.8032], [-71.2321, 46.8032], [-71.2322, 46.8033], [-71.2323, 46.8032], [-71.2324, 46.8032], [-71.2325, 46.8031], [-71.2327, 46.803], [-71.2328, 46.8029], [-71.233, 46.8029], [-71.2331, 46.8028], [-71.2332, 46.8028], [-71.2334, 46.8028], [-71.2335, 46.8028], [-71.2336, 46.8029], [-71.2338, 46.803], [-71.2339, 46.8031], [-71.234, 46.8031], [-71.2342, 46.8032], [-71.2343, 46.8033], [-71.2345, 46.8033], [-71.2346, 46.8033], [-71.2348, 46.8033], [-71.235, 46.8032], [-71.2351, 46.8032], [-71.2353, 46.8031], [-71.2355, 46.8031], [-71.2356, 46.8031], [-71.2358, 46.8031], [-71.2359, 46.8032], [-71.236, 46.8032], [-71.2361, 46.8033], [-71.2362, 46.8034], [-71.2363, 46.8034], [-71.2364, 46.8035], [-71.2366, 46.8035], [-71.2367, 46.8036], [-71.2369, 46.8036], [-71.2371, 46.8036], [-71.2373, 46.8036], [-71.2375, 46.8036], [-71.2377, 46.8036], [-71.2379, 46.8035], [-71.2381, 46.8035], [-71.2382, 46.8034], [-71.2383, 46.8033], [-71.2384, 46.8032], [-71.2385, 46.8031], [-71.2386, 46.8029], [-71.2387, 46.8028], [-71.2387, 46.8027], [-71.2387, 46.8026], [-71.2387, 46.8025], [-71.2387, 46.8024], [-71.2387, 46.8023], [-71.2386, 46.8022], [-71.2385, 46.8021], [-71.2385, 46.802], [-71.2385, 46.8019], [-71.2386, 46.8018], [-71.2386, 46.8017], [-71.2387, 46.8017], [-71.2388, 46.8016], [-71.2389, 46.8015], [-71.2389, 46.8014], [-71.239, 46.8013], [-71.2389, 46.8012], [-71.2389, 46.8011], [-71.2388, 46.8009], [-71.2387, 46.8008], [-71.2385, 46.8006], [-71.2384, 46.8005], [-71.2384, 46.8003], [-71.2383, 46.8002], [-71.2383, 46.8001], [-71.2384, 46.8001], [-71.2384, 46.8], [-71.2385, 46.8], [-71.2387, 46.8], [-71.2388, 46.8], [-71.2389, 46.7999], [-71.2389, 46.7998], [-71.239, 46.7997], [-71.239, 46.7995], [-71.239, 46.7993], [-71.239, 46.799], [-71.239, 46.7988], [-71.2389, 46.7985]]]}}, {"type": "Feature", "properties": {"couche": "aire_marche", "station": "Brown", "ordre": 18, "minutes": 8, "superficie_ha": 64.5, "rue_km": 14.58, "disque_ha": 98.5, "part_disque_pct": 66, "accroche_m": 0, "population": 6057, "navetteurs": 1655, "mode_auto_pct": 47, "mode_tc_pct": 22, "mode_actif_pct": 31, "mode_autre_pct": 0}, "geometry": {"type": "Polygon", "coordinates": [[[-71.24, 46.797], [-71.24, 46.7971], [-71.24, 46.7973], [-71.2399, 46.7974], [-71.2399, 46.7975], [-71.2398, 46.7976], [-71.2397, 46.7977], [-71.2396, 46.7977], [-71.2395, 46.7977], [-71.2393, 46.7977], [-71.2392, 46.7978], [-71.2391, 46.7978], [-71.2391, 46.7979], [-71.2392, 46.798], [-71.2393, 46.798], [-71.2394, 46.7981], [-71.2395, 46.7982], [-71.2397, 46.7983], [-71.2398, 46.7985], [-71.2399, 46.7986], [-71.2399, 46.7988], [-71.24, 46.799], [-71.24, 46.7992], [-71.24, 46.7994], [-71.2399, 46.7996], [-71.2399, 46.7998], [-71.2398, 46.8], [-71.2397, 46.8001], [-71.2396, 46.8002], [-71.2394, 46.8002], [-71.2392, 46.8003], [-71.239, 46.8002], [-71.2388, 46.8002], [-71.2387, 46.8002], [-71.2385, 46.8001], [-71.2385, 46.8002], [-71.2386, 46.8002], [-71.2387, 46.8003], [-71.2389, 46.8004], [-71.2391, 46.8005], [-71.2393, 46.8007], [-71.2395, 46.8008], [-71.2396, 46.8009], [-71.2397, 46.801], [-71.2398, 46.8012], [-71.2398, 46.8013], [-71.2398, 46.8014], [-71.2398, 46.8015], [-71.2397, 46.8016], [-71.2397, 46.8017], [-71.2396, 46.8018], [-71.2395, 46.8018], [-71.2393, 46.8019], [-71.2392, 46.8019], [-71.2391, 46.8019], [-71.2389, 46.8019], [-71.2388, 46.8019], [-71.2387, 46.802], [-71.2386, 46.802], [-71.2386, 46.8021], [-71.2387, 46.8021], [-71.2387, 46.8022], [-71.2388, 46.8023], [-71.239, 46.8024], [-71.2391, 46.8025], [-71.2392, 46.8026], [-71.2393, 46.8027], [-71.2393, 46.8028], [-71.2393, 46.8029], [-71.2392, 46.8029], [-71.2392, 46.803], [-71.2391, 46.803], [-71.239, 46.8031], [-71.2389, 46.8032], [-71.2388, 46.8033], [-71.2388, 46.8034], [-71.2388, 46.8035], [-71.2388, 46.8036], [-71.2388, 46.8037], [-71.2387, 46.8038], [-71.2386, 46.8038], [-71.2385, 46.8039], [-71.2384, 46.8039], [-71.2382, 46.804], [-71.238, 46.804], [-71.2378, 46.804], [-71.2376, 46.804], [-71.2373, 46.804], [-71.2371, 46.8039], [-71.2369, 46.8039], [-71.2368, 46.8038], [-71.2366, 46.8037], [-71.2364, 46.8036], [-71.2363, 46.8035], [-71.2361, 46.8034], [-71.236, 46.8033], [-71.2359, 46.8032], [-71.2358, 46.8032], [-71.2356, 46.8032], [-71.2355, 46.8033], [-71.2354, 46.8034], [-71.2353, 46.8035], [-71.2352, 46.8036], [-71.2351, 46.8037], [-71.2349, 46.8037], [-71.2348, 46.8038], [-71.2346, 46.8038], [-71.2345, 46.8038], [-71.2343, 46.8038], [-71.2341, 46.8038], [-71.234, 46.8038], [-71.2339, 46.8037], [-71.2337, 46.8037], [-71.2336, 46.8036], [-71.2336, 46.8035], [-71.2335, 46.8034], [-71.2334, 46.8032], [-71.2334, 46.8031], [-71.2334, 46.803], [-71.2333, 46.8029], [-71.2332, 46.8029], [-71.2331, 46.8029], [-71.2329, 46.8029], [-71.2327, 46.803], [-71.2325, 46.8031], [-71.2323, 46.8033], [-71.2321, 46.8034], [-71.2318, 46.8035], [-71.2315, 46.8036], [-71.2312, 46.8036], [-71.2308, 46.8037], [-71.2304, 46.8037], [-71.23, 46.8036], [-71.2296, 46.8036], [-71.2293, 46.8035], [-71.229, 46.8035], [-71.2287, 46.8034], [-71.2286, 46.8033], [-71.2285, 46.8032], [-71.2285, 46.8031], [-71.2285, 46.803], [-71.2286, 46.8029], [-71.2287, 46.8028], [-71.2288, 46.8027], [-71.2288, 46.8026], [-71.2288, 46.8025], [-71.2287, 46.8024], [-71.2286, 46.8024], [-71.2285, 46.8024], [-71.2285, 46.8023], [-71.2284, 46.8023], [-71.2283, 46.8022], [-71.2282, 46.8021], [-71.2282, 46.802], [-71.2282, 46.8019], [-71.2282, 46.8018], [-71.2283, 46.8017], [-71.2283, 46.8016], [-71.2284, 46.8016], [-71.2285, 46.8015], [-71.2286, 46.8015], [-71.2287, 46.8014], [-71.2288, 46.8014], [-71.2289, 46.8014], [-71.229, 46.8013], [-71.229, 46.8012], [-71.229, 46.8011], [-71.229, 46.801], [-71.2289, 46.8009], [-71.2288, 46.8007], [-71.2287, 46.8006], [-71.2287, 46.8005], [-71.2287, 46.8003], [-71.2288, 46.8002], [-71.2289, 46.8], [-71.2291, 46.7999], [-71.2293, 46.7997], [-71.2295, 46.7995], [-71.2297, 46.7994], [-71.2299, 46.7993], [-71.23, 46.7992], [-71.23, 46.7991], [-71.2299, 46.7992], [-71.2298, 46.7992], [-71.2296, 46.7993], [-71.2295, 46.7993], [-71.2293, 46.7994], [-71.2292, 46.7994], [-71.2291, 46.7994], [-71.229, 46.7993], [-71.2289, 46.7993], [-71.2288, 46.7992], [-71.2288, 46.7991], [-71.2288, 46.7989], [-71.2288, 46.7988], [-71.2289, 46.7987], [-71.2291, 46.7985], [-71.2292, 46.7983], [-71.2295, 46.7982], [-71.2297, 46.798], [-71.23, 46.7978], [-71.2303, 46.7976], [-71.2305, 46.7974], [-71.2306, 46.7973], [-71.2307, 46.7971], [-71.2307, 46.797], [-71.2307, 46.7969], [-71.2306, 46.7968], [-71.2304, 46.7967], [-71.2302, 46.7966], [-71.2301, 46.7965], [-71.23, 46.7964], [-71.23, 46.7963], [-71.2299, 46.7963], [-71.2299, 46.7962], [-71.2299, 46.7961], [-71.23, 46.796], [-71.2302, 46.796], [-71.2306, 46.796], [-71.231, 46.7959], [-71.2315, 46.796], [-71.2322, 46.796], [-71.2329, 46.796], [-71.2338, 46.796], [-71.2346, 46.7961], [-71.2353, 46.7962], [-71.2359, 46.7962], [-71.2364, 46.7963], [-71.2368, 46.7964], [-71.2371, 46.7965], [-71.2374, 46.7966], [-71.2376, 46.7968], [-71.2377, 46.7969], [-71.2379, 46.7969], [-71.238, 46.797], [-71.2381, 46.797], [-71.2382, 46.797], [-71.2383, 46.7969], [-71.2383, 46.7968], [-71.2384, 46.7967], [-71.2384, 46.7966], [-71.2385, 46.7966], [-71.2386, 46.7965], [-71.2387, 46.7964], [-71.2388, 46.7964], [-71.239, 46.7964], [-71.2391, 46.7964], [-71.2393, 46.7964], [-71.2395, 46.7964], [-71.2396, 46.7964], [-71.2397, 46.7965], [-71.2398, 46.7966], [-71.2399, 46.7967], [-71.2399, 46.7968], [-71.24, 46.797]]]}}, {"type": "Feature", "properties": {"couche": "voile", "station": "Brown", "minutes": 8}, "geometry": {"type": "Polygon", "coordinates": [[[-71.3991, 46.9108], [-71.0722, 46.9129], [-71.0698, 46.6889], [-71.3954, 46.6868], [-71.3991, 46.9108]], [[-71.2399, 46.7968], [-71.2399, 46.7967], [-71.2398, 46.7966], [-71.2397, 46.7965], [-71.2396, 46.7964], [-71.2395, 46.7964], [-71.2393, 46.7964], [-71.2391, 46.7964], [-71.239, 46.7964], [-71.2388, 46.7964], [-71.2387, 46.7964], [-71.2386, 46.7965], [-71.2385, 46.7966], [-71.2384, 46.7966], [-71.2384, 46.7967], [-71.2383, 46.7968], [-71.2383, 46.7969], [-71.2382, 46.797], [-71.2381, 46.797], [-71.238, 46.797], [-71.2379, 46.7969], [-71.2377, 46.7969], [-71.2376, 46.7968], [-71.2374, 46.7966], [-71.2371, 46.7965], [-71.2368, 46.7964], [-71.2364, 46.7963], [-71.2359, 46.7962], [-71.2353, 46.7962], [-71.2346, 46.7961], [-71.2338, 46.796], [-71.2329, 46.796], [-71.2322, 46.796], [-71.2315, 46.796], [-71.231, 46.7959], [-71.2306, 46.796], [-71.2302, 46.796], [-71.23, 46.796], [-71.2299, 46.7961], [-71.2299, 46.7962], [-71.2299, 46.7963], [-71.23, 46.7963], [-71.23, 46.7964], [-71.2301, 46.7965], [-71.2302, 46.7966], [-71.2304, 46.7967], [-71.2306, 46.7968], [-71.2307, 46.7969], [-71.2307, 46.797], [-71.2307, 46.7971], [-71.2306, 46.7973], [-71.2305, 46.7974], [-71.2303, 46.7976], [-71.23, 46.7978], [-71.2297, 46.798], [-71.2295, 46.7982], [-71.2292, 46.7983], [-71.2291, 46.7985], [-71.2289, 46.7987], [-71.2288, 46.7988], [-71.2288, 46.7989], [-71.2288, 46.7991], [-71.2288, 46.7992], [-71.2289, 46.7993], [-71.229, 46.7993], [-71.2291, 46.7994], [-71.2292, 46.7994], [-71.2293, 46.7994], [-71.2295, 46.7993], [-71.2296, 46.7993], [-71.2298, 46.7992], [-71.2299, 46.7992], [-71.23, 46.7991], [-71.23, 46.7992], [-71.2299, 46.7993], [-71.2297, 46.7994], [-71.2295, 46.7995], [-71.2293, 46.7997], [-71.2291, 46.7999], [-71.2289, 46.8], [-71.2288, 46.8002], [-71.2287, 46.8003], [-71.2287, 46.8005], [-71.2287, 46.8006], [-71.2288, 46.8007], [-71.2289, 46.8009], [-71.229, 46.801], [-71.229, 46.8011], [-71.229, 46.8012], [-71.229, 46.8013], [-71.2289, 46.8014], [-71.2288, 46.8014], [-71.2287, 46.8014], [-71.2286, 46.8015], [-71.2285, 46.8015], [-71.2284, 46.8016], [-71.2283, 46.8016], [-71.2283, 46.8017], [-71.2282, 46.8018], [-71.2282, 46.8019], [-71.2282, 46.802], [-71.2282, 46.8021], [-71.2283, 46.8022], [-71.2284, 46.8023], [-71.2285, 46.8023], [-71.2285, 46.8024], [-71.2286, 46.8024], [-71.2287, 46.8024], [-71.2288, 46.8025], [-71.2288, 46.8026], [-71.2288, 46.8027], [-71.2287, 46.8028], [-71.2286, 46.8029], [-71.2285, 46.803], [-71.2285, 46.8031], [-71.2285, 46.8032], [-71.2286, 46.8033], [-71.2287, 46.8034], [-71.229, 46.8035], [-71.2293, 46.8035], [-71.2296, 46.8036], [-71.23, 46.8036], [-71.2304, 46.8037], [-71.2308, 46.8037], [-71.2312, 46.8036], [-71.2315, 46.8036], [-71.2318, 46.8035], [-71.2321, 46.8034], [-71.2323, 46.8033], [-71.2325, 46.8031], [-71.2327, 46.803], [-71.2329, 46.8029], [-71.2331, 46.8029], [-71.2332, 46.8029], [-71.2333, 46.8029], [-71.2334, 46.803], [-71.2334, 46.8031], [-71.2334, 46.8032], [-71.2335, 46.8034], [-71.2336, 46.8035], [-71.2336, 46.8036], [-71.2337, 46.8037], [-71.2339, 46.8037], [-71.234, 46.8038], [-71.2341, 46.8038], [-71.2343, 46.8038], [-71.2345, 46.8038], [-71.2346, 46.8038], [-71.2348, 46.8038], [-71.2349, 46.8037], [-71.2351, 46.8037], [-71.2352, 46.8036], [-71.2353, 46.8035], [-71.2354, 46.8034], [-71.2355, 46.8033], [-71.2356, 46.8032], [-71.2358, 46.8032], [-71.2359, 46.8032], [-71.236, 46.8033], [-71.2361, 46.8034], [-71.2363, 46.8035], [-71.2364, 46.8036], [-71.2366, 46.8037], [-71.2368, 46.8038], [-71.2369, 46.8039], [-71.2371, 46.8039], [-71.2373, 46.804], [-71.2376, 46.804], [-71.2378, 46.804], [-71.238, 46.804], [-71.2382, 46.804], [-71.2384, 46.8039], [-71.2385, 46.8039], [-71.2386, 46.8038], [-71.2387, 46.8038], [-71.2388, 46.8037], [-71.2388, 46.8036], [-71.2388, 46.8035], [-71.2388, 46.8034], [-71.2388, 46.8033], [-71.2389, 46.8032], [-71.239, 46.8031], [-71.2391, 46.803], [-71.2392, 46.803], [-71.2392, 46.8029], [-71.2393, 46.8029], [-71.2393, 46.8028], [-71.2393, 46.8027], [-71.2392, 46.8026], [-71.2391, 46.8025], [-71.239, 46.8024], [-71.2388, 46.8023], [-71.2387, 46.8022], [-71.2387, 46.8021], [-71.2386, 46.8021], [-71.2386, 46.802], [-71.2387, 46.802], [-71.2388, 46.8019], [-71.2389, 46.8019], [-71.2391, 46.8019], [-71.2392, 46.8019], [-71.2393, 46.8019], [-71.2395, 46.8018], [-71.2396, 46.8018], [-71.2397, 46.8017], [-71.2397, 46.8016], [-71.2398, 46.8015], [-71.2398, 46.8014], [-71.2398, 46.8013], [-71.2398, 46.8012], [-71.2397, 46.801], [-71.2396, 46.8009], [-71.2395, 46.8008], [-71.2393, 46.8007], [-71.2391, 46.8005], [-71.2389, 46.8004], [-71.2387, 46.8003], [-71.2386, 46.8002], [-71.2385, 46.8002], [-71.2385, 46.8001], [-71.2387, 46.8002], [-71.2388, 46.8002], [-71.239, 46.8002], [-71.2392, 46.8003], [-71.2394, 46.8002], [-71.2396, 46.8002], [-71.2397, 46.8001], [-71.2398, 46.8], [-71.2399, 46.7998], [-71.2399, 46.7996], [-71.24, 46.7994], [-71.24, 46.7992], [-71.24, 46.799], [-71.2399, 46.7988], [-71.2399, 46.7986], [-71.2398, 46.7985], [-71.2397, 46.7983], [-71.2395, 46.7982], [-71.2394, 46.7981], [-71.2393, 46.798], [-71.2392, 46.798], [-71.2391, 46.7979], [-71.2391, 46.7978], [-71.2392, 46.7978], [-71.2393, 46.7977], [-71.2395, 46.7977], [-71.2396, 46.7977], [-71.2397, 46.7977], [-71.2398, 46.7976], [-71.2399, 46.7975], [-71.2399, 46.7974], [-71.24, 46.7973], [-71.24, 46.7971], [-71.24, 46.797], [-71.2399, 46.7968]]]}}, {"type": "Feature", "properties": {"couche": "aire_marche", "station": "Brown", "ordre": 18, "minutes": 9, "superficie_ha": 80.7, "rue_km": 18.54, "disque_ha": 124.7, "part_disque_pct": 65, "accroche_m": 0, "population": 7519, "navetteurs": 2040, "mode_auto_pct": 48, "mode_tc_pct": 22, "mode_actif_pct": 30, "mode_autre_pct": 0}, "geometry": {"type": "Polygon", "coordinates": [[[-71.2393, 46.7961], [-71.2397, 46.7961], [-71.24, 46.7962], [-71.2403, 46.7963], [-71.2405, 46.7964], [-71.2406, 46.7964], [-71.2407, 46.7965], [-71.2407, 46.7966], [-71.2407, 46.7967], [-71.2406, 46.7969], [-71.2405, 46.797], [-71.2405, 46.7971], [-71.2404, 46.7972], [-71.2404, 46.7973], [-71.2404, 46.7974], [-71.2405, 46.7975], [-71.2406, 46.7976], [-71.2406, 46.7977], [-71.2407, 46.7979], [-71.2407, 46.7981], [-71.2408, 46.7983], [-71.2408, 46.7986], [-71.2408, 46.7989], [-71.2408, 46.7993], [-71.2408, 46.7997], [-71.2408, 46.8], [-71.2407, 46.8003], [-71.2407, 46.8006], [-71.2406, 46.8008], [-71.2405, 46.801], [-71.2404, 46.8011], [-71.2403, 46.8012], [-71.2402, 46.8012], [-71.24, 46.8013], [-71.2399, 46.8014], [-71.2399, 46.8015], [-71.2399, 46.8016], [-71.24, 46.8017], [-71.2401, 46.8018], [-71.2401, 46.8019], [-71.2402, 46.802], [-71.2402, 46.8022], [-71.2403, 46.8023], [-71.2403, 46.8024], [-71.2402, 46.8025], [-71.2402, 46.8026], [-71.2401, 46.8027], [-71.2401, 46.8028], [-71.24, 46.8028], [-71.2399, 46.8029], [-71.2398, 46.803], [-71.2397, 46.803], [-71.2395, 46.8031], [-71.2394, 46.8031], [-71.2393, 46.8031], [-71.2391, 46.8032], [-71.239, 46.8032], [-71.2389, 46.8033], [-71.2388, 46.8034], [-71.2388, 46.8035], [-71.2388, 46.8036], [-71.2388, 46.8037], [-71.2387, 46.8038], [-71.2386, 46.8038], [-71.2384, 46.8039], [-71.2382, 46.8039], [-71.238, 46.804], [-71.2378, 46.804], [-71.2376, 46.804], [-71.2373, 46.804], [-71.2371, 46.8039], [-71.2369, 46.8039], [-71.2368, 46.8038], [-71.2366, 46.8037], [-71.2364, 46.8036], [-71.2363, 46.8035], [-71.2362, 46.8034], [-71.236, 46.8033], [-71.2359, 46.8033], [-71.2358, 46.8033], [-71.2357, 46.8033], [-71.2356, 46.8034], [-71.2355, 46.8036], [-71.2354, 46.8037], [-71.2353, 46.8039], [-71.2352, 46.804], [-71.235, 46.8041], [-71.2348, 46.8041], [-71.2346, 46.8042], [-71.2344, 46.8042], [-71.2341, 46.8042], [-71.2338, 46.8042], [-71.2335, 46.8042], [-71.2333, 46.8041], [-71.2331, 46.8041], [-71.2329, 46.804], [-71.2328, 46.804], [-71.2327, 46.8039], [-71.2326, 46.8039], [-71.2326, 46.8038], [-71.2326, 46.8037], [-71.2326, 46.8036], [-71.2327, 46.8035], [-71.2328, 46.8035], [-71.2329, 46.8034], [-71.2331, 46.8033], [-71.2332, 46.8032], [-71.2334, 46.8032], [-71.2335, 46.8031], [-71.2336, 46.803], [-71.2336, 46.8029], [-71.2336, 46.8028], [-71.2335, 46.8027], [-71.2334, 46.8027], [-71.2332, 46.8028], [-71.2331, 46.8029], [-71.2329, 46.803], [-71.2328, 46.8031], [-71.2326, 46.8033], [-71.2324, 46.8035], [-71.2321, 46.8037], [-71.2319, 46.8039], [-71.2318, 46.804], [-71.2316, 46.8041], [-71.2314, 46.8042], [-71.2312, 46.8042], [-71.2311, 46.8042], [-71.2309, 46.8042], [-71.2308, 46.8042], [-71.2307, 46.8042], [-71.2306, 46.8041], [-71.2305, 46.8041], [-71.2304, 46.804], [-71.2304, 46.8039], [-71.2304, 46.8038], [-71.2303, 46.8037], [-71.2302, 46.8037], [-71.2301, 46.8037], [-71.23, 46.8038], [-71.2298, 46.8039], [-71.2297, 46.8039], [-71.2296, 46.8039], [-71.2294, 46.804], [-71.2292, 46.804], [-71.229, 46.804], [-71.2288, 46.804], [-71.2286, 46.804], [-71.2283, 46.8039], [-71.2281, 46.8039], [-71.2279, 46.8038], [-71.2277, 46.8037], [-71.2276, 46.8036], [-71.2275, 46.8035], [-71.2275, 46.8034], [-71.2274, 46.8032], [-71.2274, 46.803], [-71.2275, 46.8029], [-71.2275, 46.8027], [-71.2275, 46.8026], [-71.2276, 46.8025], [-71.2276, 46.8023], [-71.2277, 46.8022], [-71.2278, 46.8022], [-71.2279, 46.8021], [-71.228, 46.802], [-71.2281, 46.8019], [-71.2281, 46.8018], [-71.2281, 46.8017], [-71.2281, 46.8016], [-71.228, 46.8015], [-71.2279, 46.8014], [-71.2279, 46.8013], [-71.2279, 46.8012], [-71.228, 46.8012], [-71.2281, 46.8011], [-71.2282, 46.8011], [-71.2284, 46.8012], [-71.2286, 46.8012], [-71.2287, 46.8012], [-71.2288, 46.8012], [-71.2289, 46.8012], [-71.2288, 46.8011], [-71.2287, 46.8011], [-71.2286, 46.801], [-71.2284, 46.8009], [-71.2282, 46.8008], [-71.2281, 46.8006], [-71.228, 46.8005], [-71.2279, 46.8004], [-71.2279, 46.8002], [-71.2278, 46.8001], [-71.2278, 46.7999], [-71.2279, 46.7997], [-71.2279, 46.7995], [-71.2281, 46.7993], [-71.2282, 46.7991], [-71.2284, 46.7989], [-71.2287, 46.7986], [-71.229, 46.7984], [-71.2294, 46.7982], [-71.2297, 46.7979], [-71.2301, 46.7977], [-71.2303, 46.7975], [-71.2304, 46.7973], [-71.2305, 46.7971], [-71.2305, 46.7969], [-71.2304, 46.7968], [-71.2302, 46.7967], [-71.2299, 46.7966], [-71.2297, 46.7965], [-71.2295, 46.7964], [-71.2293, 46.7964], [-71.2292, 46.7963], [-71.2291, 46.7962], [-71.229, 46.7961], [-71.229, 46.796], [-71.229, 46.7959], [-71.2291, 46.7959], [-71.2292, 46.7958], [-71.2293, 46.7957], [-71.2295, 46.7957], [-71.2296, 46.7956], [-71.2299, 46.7956], [-71.2301, 46.7955], [-71.2304, 46.7955], [-71.2307, 46.7954], [-71.2311, 46.7954], [-71.2316, 46.7954], [-71.2321, 46.7954], [-71.2327, 46.7954], [-71.2333, 46.7955], [-71.2339, 46.7955], [-71.2345, 46.7956], [-71.2351, 46.7957], [-71.2356, 46.7958], [-71.236, 46.7959], [-71.2364, 46.796], [-71.2368, 46.7962], [-71.2371, 46.7964], [-71.2373, 46.7966], [-71.2375, 46.7967], [-71.2377, 46.7968], [-71.2378, 46.7969], [-71.2379, 46.7969], [-71.238, 46.7968], [-71.238, 46.7966], [-71.238, 46.7965], [-71.238, 46.7963], [-71.2381, 46.7962], [-71.2382, 46.7961], [-71.2384, 46.7961], [-71.2386, 46.7961], [-71.2389, 46.7961], [-71.2393, 46.7961]]]}}, {"type": "Feature", "properties": {"couche": "voile", "station": "Brown", "minutes": 9}, "geometry": {"type": "Polygon", "coordinates": [[[-71.3999, 46.911], [-71.0713, 46.9131], [-71.069, 46.6884], [-71.3961, 46.6863], [-71.3999, 46.911]], [[-71.2389, 46.7961], [-71.2386, 46.7961], [-71.2384, 46.7961], [-71.2382, 46.7961], [-71.2381, 46.7962], [-71.238, 46.7963], [-71.238, 46.7965], [-71.238, 46.7966], [-71.238, 46.7968], [-71.2379, 46.7969], [-71.2378, 46.7969], [-71.2377, 46.7968], [-71.2375, 46.7967], [-71.2373, 46.7966], [-71.2371, 46.7964], [-71.2368, 46.7962], [-71.2364, 46.796], [-71.236, 46.7959], [-71.2356, 46.7958], [-71.2351, 46.7957], [-71.2345, 46.7956], [-71.2339, 46.7955], [-71.2333, 46.7955], [-71.2327, 46.7954], [-71.2321, 46.7954], [-71.2316, 46.7954], [-71.2311, 46.7954], [-71.2307, 46.7954], [-71.2304, 46.7955], [-71.2301, 46.7955], [-71.2299, 46.7956], [-71.2296, 46.7956], [-71.2295, 46.7957], [-71.2293, 46.7957], [-71.2292, 46.7958], [-71.2291, 46.7959], [-71.229, 46.7959], [-71.229, 46.796], [-71.229, 46.7961], [-71.2291, 46.7962], [-71.2292, 46.7963], [-71.2293, 46.7964], [-71.2295, 46.7964], [-71.2297, 46.7965], [-71.2299, 46.7966], [-71.2302, 46.7967], [-71.2304, 46.7968], [-71.2305, 46.7969], [-71.2305, 46.7971], [-71.2304, 46.7973], [-71.2303, 46.7975], [-71.2301, 46.7977], [-71.2297, 46.7979], [-71.2294, 46.7982], [-71.229, 46.7984], [-71.2287, 46.7986], [-71.2284, 46.7989], [-71.2282, 46.7991], [-71.2281, 46.7993], [-71.2279, 46.7995], [-71.2279, 46.7997], [-71.2278, 46.7999], [-71.2278, 46.8001], [-71.2279, 46.8002], [-71.2279, 46.8004], [-71.228, 46.8005], [-71.2281, 46.8006], [-71.2282, 46.8008], [-71.2284, 46.8009], [-71.2286, 46.801], [-71.2287, 46.8011], [-71.2288, 46.8011], [-71.2289, 46.8012], [-71.2288, 46.8012], [-71.2287, 46.8012], [-71.2286, 46.8012], [-71.2284, 46.8012], [-71.2282, 46.8011], [-71.2281, 46.8011], [-71.228, 46.8012], [-71.2279, 46.8012], [-71.2279, 46.8013], [-71.2279, 46.8014], [-71.228, 46.8015], [-71.2281, 46.8016], [-71.2281, 46.8017], [-71.2281, 46.8018], [-71.2281, 46.8019], [-71.228, 46.802], [-71.2279, 46.8021], [-71.2278, 46.8022], [-71.2277, 46.8022], [-71.2276, 46.8023], [-71.2276, 46.8025], [-71.2275, 46.8026], [-71.2275, 46.8027], [-71.2275, 46.8029], [-71.2274, 46.803], [-71.2274, 46.8032], [-71.2275, 46.8034], [-71.2275, 46.8035], [-71.2276, 46.8036], [-71.2277, 46.8037], [-71.2279, 46.8038], [-71.2281, 46.8039], [-71.2283, 46.8039], [-71.2286, 46.804], [-71.2288, 46.804], [-71.229, 46.804], [-71.2292, 46.804], [-71.2294, 46.804], [-71.2296, 46.8039], [-71.2297, 46.8039], [-71.2298, 46.8039], [-71.23, 46.8038], [-71.2301, 46.8037], [-71.2302, 46.8037], [-71.2303, 46.8037], [-71.2304, 46.8038], [-71.2304, 46.8039], [-71.2304, 46.804], [-71.2305, 46.8041], [-71.2306, 46.8041], [-71.2307, 46.8042], [-71.2308, 46.8042], [-71.2309, 46.8042], [-71.2311, 46.8042], [-71.2312, 46.8042], [-71.2314, 46.8042], [-71.2316, 46.8041], [-71.2318, 46.804], [-71.2319, 46.8039], [-71.2321, 46.8037], [-71.2324, 46.8035], [-71.2326, 46.8033], [-71.2328, 46.8031], [-71.2329, 46.803], [-71.2331, 46.8029], [-71.2332, 46.8028], [-71.2334, 46.8027], [-71.2335, 46.8027], [-71.2336, 46.8028], [-71.2336, 46.8029], [-71.2336, 46.803], [-71.2335, 46.8031], [-71.2334, 46.8032], [-71.2332, 46.8032], [-71.2331, 46.8033], [-71.2329, 46.8034], [-71.2328, 46.8035], [-71.2327, 46.8035], [-71.2326, 46.8036], [-71.2326, 46.8037], [-71.2326, 46.8038], [-71.2326, 46.8039], [-71.2327, 46.8039], [-71.2328, 46.804], [-71.2329, 46.804], [-71.2331, 46.8041], [-71.2333, 46.8041], [-71.2335, 46.8042], [-71.2338, 46.8042], [-71.2341, 46.8042], [-71.2344, 46.8042], [-71.2346, 46.8042], [-71.2348, 46.8041], [-71.235, 46.8041], [-71.2352, 46.804], [-71.2353, 46.8039], [-71.2354, 46.8037], [-71.2355, 46.8036], [-71.2356, 46.8034], [-71.2357, 46.8033], [-71.2358, 46.8033], [-71.2359, 46.8033], [-71.236, 46.8033], [-71.2362, 46.8034], [-71.2363, 46.8035], [-71.2364, 46.8036], [-71.2366, 46.8037], [-71.2368, 46.8038], [-71.2369, 46.8039], [-71.2371, 46.8039], [-71.2373, 46.804], [-71.2376, 46.804], [-71.2378, 46.804], [-71.238, 46.804], [-71.2382, 46.8039], [-71.2384, 46.8039], [-71.2386, 46.8038], [-71.2387, 46.8038], [-71.2388, 46.8037], [-71.2388, 46.8036], [-71.2388, 46.8035], [-71.2388, 46.8034], [-71.2389, 46.8033], [-71.239, 46.8032], [-71.2391, 46.8032], [-71.2393, 46.8031], [-71.2394, 46.8031], [-71.2395, 46.8031], [-71.2397, 46.803], [-71.2398, 46.803], [-71.2399, 46.8029], [-71.24, 46.8028], [-71.2401, 46.8028], [-71.2401, 46.8027], [-71.2402, 46.8026], [-71.2402, 46.8025], [-71.2403, 46.8024], [-71.2403, 46.8023], [-71.2402, 46.8022], [-71.2402, 46.802], [-71.2401, 46.8019], [-71.2401, 46.8018], [-71.24, 46.8017], [-71.2399, 46.8016], [-71.2399, 46.8015], [-71.2399, 46.8014], [-71.24, 46.8013], [-71.2402, 46.8012], [-71.2403, 46.8012], [-71.2404, 46.8011], [-71.2405, 46.801], [-71.2406, 46.8008], [-71.2407, 46.8006], [-71.2407, 46.8003], [-71.2408, 46.8], [-71.2408, 46.7997], [-71.2408, 46.7993], [-71.2408, 46.7989], [-71.2408, 46.7986], [-71.2408, 46.7983], [-71.2407, 46.7981], [-71.2407, 46.7979], [-71.2406, 46.7977], [-71.2406, 46.7976], [-71.2405, 46.7975], [-71.2404, 46.7974], [-71.2404, 46.7973], [-71.2404, 46.7972], [-71.2405, 46.7971], [-71.2405, 46.797], [-71.2406, 46.7969], [-71.2407, 46.7967], [-71.2407, 46.7966], [-71.2407, 46.7965], [-71.2406, 46.7964], [-71.2405, 46.7964], [-71.2403, 46.7963], [-71.24, 46.7962], [-71.2397, 46.7961], [-71.2393, 46.7961], [-71.2389, 46.7961]]]}}, {"type": "Feature", "properties": {"couche": "aire_marche", "station": "Brown", "ordre": 18, "minutes": 10, "superficie_ha": 95.0, "rue_km": 23.59, "disque_ha": 153.9, "part_disque_pct": 62, "accroche_m": 0, "population": 8814, "navetteurs": 2372, "mode_auto_pct": 49, "mode_tc_pct": 21, "mode_actif_pct": 30, "mode_autre_pct": 0}, "geometry": {"type": "Polygon", "coordinates": [[[-71.2394, 46.7956], [-71.2399, 46.7957], [-71.2404, 46.7958], [-71.2407, 46.7958], [-71.241, 46.7959], [-71.2413, 46.796], [-71.2414, 46.7961], [-71.2415, 46.7962], [-71.2414, 46.7963], [-71.2413, 46.7964], [-71.2413, 46.7966], [-71.2412, 46.7967], [-71.2412, 46.7969], [-71.2411, 46.797], [-71.2411, 46.7972], [-71.2412, 46.7974], [-71.2412, 46.7976], [-71.2413, 46.7978], [-71.2413, 46.798], [-71.2413, 46.7982], [-71.2413, 46.7983], [-71.2413, 46.7984], [-71.2412, 46.7985], [-71.2411, 46.7986], [-71.241, 46.7986], [-71.2409, 46.7986], [-71.2408, 46.7986], [-71.2408, 46.7987], [-71.2407, 46.7988], [-71.2407, 46.799], [-71.2408, 46.7992], [-71.2409, 46.7994], [-71.241, 46.7997], [-71.2411, 46.8], [-71.2412, 46.8002], [-71.2413, 46.8005], [-71.2413, 46.8007], [-71.2413, 46.8009], [-71.2412, 46.8011], [-71.2411, 46.8012], [-71.241, 46.8014], [-71.2408, 46.8015], [-71.2407, 46.8016], [-71.2405, 46.8017], [-71.2404, 46.8018], [-71.2403, 46.8019], [-71.2402, 46.8021], [-71.2401, 46.8022], [-71.2401, 46.8023], [-71.2401, 46.8025], [-71.24, 46.8026], [-71.24, 46.8027], [-71.2399, 46.8028], [-71.2398, 46.8029], [-71.2397, 46.803], [-71.2396, 46.8031], [-71.2394, 46.8031], [-71.2393, 46.8031], [-71.2391, 46.8032], [-71.239, 46.8032], [-71.2389, 46.8032], [-71.2389, 46.8033], [-71.2388, 46.8034], [-71.2388, 46.8035], [-71.2388, 46.8036], [-71.2388, 46.8037], [-71.2387, 46.8038], [-71.2386, 46.8039], [-71.2384, 46.8039], [-71.2383, 46.8039], [-71.2381, 46.804], [-71.2378, 46.804], [-71.2376, 46.804], [-71.2374, 46.804], [-71.2373, 46.804], [-71.2371, 46.804], [-71.2369, 46.8039], [-71.2368, 46.8039], [-71.2367, 46.8038], [-71.2366, 46.8038], [-71.2365, 46.8037], [-71.2364, 46.8037], [-71.2363, 46.8037], [-71.2362, 46.8037], [-71.2361, 46.8038], [-71.236, 46.8039], [-71.2359, 46.8041], [-71.2358, 46.8042], [-71.2357, 46.8044], [-71.2356, 46.8045], [-71.2354, 46.8046], [-71.2352, 46.8046], [-71.2349, 46.8046], [-71.2346, 46.8046], [-71.2343, 46.8046], [-71.234, 46.8045], [-71.2337, 46.8044], [-71.2333, 46.8044], [-71.233, 46.8044], [-71.2327, 46.8044], [-71.2324, 46.8044], [-71.2321, 46.8044], [-71.2319, 46.8045], [-71.2316, 46.8045], [-71.2313, 46.8046], [-71.2311, 46.8046], [-71.2308, 46.8046], [-71.2305, 46.8047], [-71.2303, 46.8047], [-71.23, 46.8046], [-71.2297, 46.8046], [-71.2294, 46.8046], [-71.2292, 46.8045], [-71.229, 46.8045], [-71.2288, 46.8044], [-71.2286, 46.8044], [-71.2285, 46.8043], [-71.2284, 46.8043], [-71.2283, 46.8042], [-71.2282, 46.8041], [-71.2281, 46.8041], [-71.228, 46.804], [-71.2279, 46.804], [-71.2277, 46.8041], [-71.2275, 46.8041], [-71.2274, 46.8041], [-71.2272, 46.8041], [-71.2271, 46.8041], [-71.227, 46.804], [-71.2271, 46.8039], [-71.2272, 46.8038], [-71.2273, 46.8036], [-71.2274, 46.8035], [-71.2274, 46.8034], [-71.2275, 46.8033], [-71.2274, 46.8032], [-71.2274, 46.8031], [-71.2273, 46.8031], [-71.2271, 46.8031], [-71.2271, 46.803], [-71.227, 46.8029], [-71.2269, 46.8028], [-71.2269, 46.8027], [-71.227, 46.8026], [-71.227, 46.8024], [-71.2271, 46.8022], [-71.2272, 46.802], [-71.2273, 46.8018], [-71.2273, 46.8016], [-71.2274, 46.8014], [-71.2274, 46.8012], [-71.2274, 46.8009], [-71.2274, 46.8007], [-71.2274, 46.8005], [-71.2273, 46.8003], [-71.2273, 46.8], [-71.2274, 46.7998], [-71.2276, 46.7996], [-71.2278, 46.7993], [-71.2281, 46.799], [-71.2285, 46.7987], [-71.2289, 46.7984], [-71.2294, 46.7981], [-71.2298, 46.7979], [-71.2302, 46.7976], [-71.2304, 46.7974], [-71.2306, 46.7972], [-71.2307, 46.7971], [-71.2308, 46.7969], [-71.2308, 46.7968], [-71.2307, 46.7968], [-71.2305, 46.7967], [-71.2304, 46.7966], [-71.2302, 46.7966], [-71.23, 46.7965], [-71.2298, 46.7965], [-71.2296, 46.7965], [-71.2293, 46.7964], [-71.229, 46.7964], [-71.2288, 46.7964], [-71.2286, 46.7963], [-71.2285, 46.7963], [-71.2284, 46.7962], [-71.2283, 46.7961], [-71.2283, 46.796], [-71.2284, 46.7959], [-71.2284, 46.7958], [-71.2285, 46.7957], [-71.2287, 46.7955], [-71.2288, 46.7955], [-71.2289, 46.7954], [-71.2291, 46.7953], [-71.2292, 46.7952], [-71.2294, 46.7951], [-71.2296, 46.7951], [-71.2298, 46.795], [-71.23, 46.795], [-71.2302, 46.795], [-71.2304, 46.795], [-71.2306, 46.795], [-71.2309, 46.795], [-71.2311, 46.7951], [-71.2314, 46.7951], [-71.2316, 46.7952], [-71.2318, 46.7952], [-71.232, 46.7952], [-71.2322, 46.7952], [-71.2324, 46.7952], [-71.2325, 46.7952], [-71.2326, 46.7951], [-71.2327, 46.795], [-71.2329, 46.795], [-71.233, 46.795], [-71.2332, 46.7949], [-71.2334, 46.7949], [-71.2336, 46.7949], [-71.2338, 46.7949], [-71.2341, 46.7949], [-71.2344, 46.7949], [-71.2346, 46.795], [-71.2349, 46.7951], [-71.2352, 46.7951], [-71.2354, 46.7952], [-71.2357, 46.7953], [-71.2359, 46.7955], [-71.2362, 46.7956], [-71.2364, 46.7958], [-71.2366, 46.7959], [-71.2368, 46.796], [-71.2369, 46.7961], [-71.2371, 46.7961], [-71.2372, 46.7961], [-71.2373, 46.796], [-71.2373, 46.7959], [-71.2374, 46.7958], [-71.2375, 46.7957], [-71.2376, 46.7956], [-71.2378, 46.7956], [-71.2381, 46.7955], [-71.2385, 46.7955], [-71.2389, 46.7956], [-71.2394, 46.7956]]]}}, {"type": "Feature", "properties": {"couche": "voile", "station": "Brown", "minutes": 10}, "geometry": {"type": "Polygon", "coordinates": [[[-71.4006, 46.9114], [-71.0709, 46.9136], [-71.0685, 46.6879], [-71.3969, 46.6858], [-71.4006, 46.9114]], [[-71.2389, 46.7956], [-71.2385, 46.7955], [-71.2381, 46.7955], [-71.2378, 46.7956], [-71.2376, 46.7956], [-71.2375, 46.7957], [-71.2374, 46.7958], [-71.2373, 46.7959], [-71.2373, 46.796], [-71.2372, 46.7961], [-71.2371, 46.7961], [-71.2369, 46.7961], [-71.2368, 46.796], [-71.2366, 46.7959], [-71.2364, 46.7958], [-71.2362, 46.7956], [-71.2359, 46.7955], [-71.2357, 46.7953], [-71.2354, 46.7952], [-71.2352, 46.7951], [-71.2349, 46.7951], [-71.2346, 46.795], [-71.2344, 46.7949], [-71.2341, 46.7949], [-71.2338, 46.7949], [-71.2336, 46.7949], [-71.2334, 46.7949], [-71.2332, 46.7949], [-71.233, 46.795], [-71.2329, 46.795], [-71.2327, 46.795], [-71.2326, 46.7951], [-71.2325, 46.7952], [-71.2324, 46.7952], [-71.2322, 46.7952], [-71.232, 46.7952], [-71.2318, 46.7952], [-71.2316, 46.7952], [-71.2314, 46.7951], [-71.2311, 46.7951], [-71.2309, 46.795], [-71.2306, 46.795], [-71.2304, 46.795], [-71.2302, 46.795], [-71.23, 46.795], [-71.2298, 46.795], [-71.2296, 46.7951], [-71.2294, 46.7951], [-71.2292, 46.7952], [-71.2291, 46.7953], [-71.2289, 46.7954], [-71.2288, 46.7955], [-71.2287, 46.7955], [-71.2285, 46.7957], [-71.2284, 46.7958], [-71.2284, 46.7959], [-71.2283, 46.796], [-71.2283, 46.7961], [-71.2284, 46.7962], [-71.2285, 46.7963], [-71.2286, 46.7963], [-71.2288, 46.7964], [-71.229, 46.7964], [-71.2293, 46.7964], [-71.2296, 46.7965], [-71.2298, 46.7965], [-71.23, 46.7965], [-71.2302, 46.7966], [-71.2304, 46.7966], [-71.2305, 46.7967], [-71.2307, 46.7968], [-71.2308, 46.7968], [-71.2308, 46.7969], [-71.2307, 46.7971], [-71.2306, 46.7972], [-71.2304, 46.7974], [-71.2302, 46.7976], [-71.2298, 46.7979], [-71.2294, 46.7981], [-71.2289, 46.7984], [-71.2285, 46.7987], [-71.2281, 46.799], [-71.2278, 46.7993], [-71.2276, 46.7996], [-71.2274, 46.7998], [-71.2273, 46.8], [-71.2273, 46.8003], [-71.2274, 46.8005], [-71.2274, 46.8007], [-71.2274, 46.8009], [-71.2274, 46.8012], [-71.2274, 46.8014], [-71.2273, 46.8016], [-71.2273, 46.8018], [-71.2272, 46.802], [-71.2271, 46.8022], [-71.227, 46.8024], [-71.227, 46.8026], [-71.2269, 46.8027], [-71.2269, 46.8028], [-71.227, 46.8029], [-71.2271, 46.803], [-71.2271, 46.8031], [-71.2273, 46.8031], [-71.2274, 46.8031], [-71.2274, 46.8032], [-71.2275, 46.8033], [-71.2274, 46.8034], [-71.2274, 46.8035], [-71.2273, 46.8036], [-71.2272, 46.8038], [-71.2271, 46.8039], [-71.227, 46.804], [-71.2271, 46.8041], [-71.2272, 46.8041], [-71.2274, 46.8041], [-71.2275, 46.8041], [-71.2277, 46.8041], [-71.2279, 46.804], [-71.228, 46.804], [-71.2281, 46.8041], [-71.2282, 46.8041], [-71.2283, 46.8042], [-71.2284, 46.8043], [-71.2285, 46.8043], [-71.2286, 46.8044], [-71.2288, 46.8044], [-71.229, 46.8045], [-71.2292, 46.8045], [-71.2294, 46.8046], [-71.2297, 46.8046], [-71.23, 46.8046], [-71.2303, 46.8047], [-71.2305, 46.8047], [-71.2308, 46.8046], [-71.2311, 46.8046], [-71.2313, 46.8046], [-71.2316, 46.8045], [-71.2319, 46.8045], [-71.2321, 46.8044], [-71.2324, 46.8044], [-71.2327, 46.8044], [-71.233, 46.8044], [-71.2333, 46.8044], [-71.2337, 46.8044], [-71.234, 46.8045], [-71.2343, 46.8046], [-71.2346, 46.8046], [-71.2349, 46.8046], [-71.2352, 46.8046], [-71.2354, 46.8046], [-71.2356, 46.8045], [-71.2357, 46.8044], [-71.2358, 46.8042], [-71.2359, 46.8041], [-71.236, 46.8039], [-71.2361, 46.8038], [-71.2362, 46.8037], [-71.2363, 46.8037], [-71.2364, 46.8037], [-71.2365, 46.8037], [-71.2366, 46.8038], [-71.2367, 46.8038], [-71.2368, 46.8039], [-71.2369, 46.8039], [-71.2371, 46.804], [-71.2373, 46.804], [-71.2374, 46.804], [-71.2376, 46.804], [-71.2378, 46.804], [-71.2381, 46.804], [-71.2383, 46.8039], [-71.2384, 46.8039], [-71.2386, 46.8039], [-71.2387, 46.8038], [-71.2388, 46.8037], [-71.2388, 46.8036], [-71.2388, 46.8035], [-71.2388, 46.8034], [-71.2389, 46.8033], [-71.2389, 46.8032], [-71.239, 46.8032], [-71.2391, 46.8032], [-71.2393, 46.8031], [-71.2394, 46.8031], [-71.2396, 46.8031], [-71.2397, 46.803], [-71.2398, 46.8029], [-71.2399, 46.8028], [-71.24, 46.8027], [-71.24, 46.8026], [-71.2401, 46.8025], [-71.2401, 46.8023], [-71.2401, 46.8022], [-71.2402, 46.8021], [-71.2403, 46.8019], [-71.2404, 46.8018], [-71.2405, 46.8017], [-71.2407, 46.8016], [-71.2408, 46.8015], [-71.241, 46.8014], [-71.2411, 46.8012], [-71.2412, 46.8011], [-71.2413, 46.8009], [-71.2413, 46.8007], [-71.2413, 46.8005], [-71.2412, 46.8002], [-71.2411, 46.8], [-71.241, 46.7997], [-71.2409, 46.7994], [-71.2408, 46.7992], [-71.2407, 46.799], [-71.2407, 46.7988], [-71.2408, 46.7987], [-71.2408, 46.7986], [-71.2409, 46.7986], [-71.241, 46.7986], [-71.2411, 46.7986], [-71.2412, 46.7985], [-71.2413, 46.7984], [-71.2413, 46.7983], [-71.2413, 46.7982], [-71.2413, 46.798], [-71.2413, 46.7978], [-71.2412, 46.7976], [-71.2412, 46.7974], [-71.2411, 46.7972], [-71.2411, 46.797], [-71.2412, 46.7969], [-71.2412, 46.7967], [-71.2413, 46.7966], [-71.2413, 46.7964], [-71.2414, 46.7963], [-71.2415, 46.7962], [-71.2414, 46.7961], [-71.2413, 46.796], [-71.241, 46.7959], [-71.2407, 46.7958], [-71.2404, 46.7958], [-71.2399, 46.7957], [-71.2394, 46.7956], [-71.2389, 46.7956]]]}}, {"type": "Feature", "properties": {"couche": "aire_marche", "station": "Brown", "ordre": 18, "minutes": 11, "superficie_ha": 113.8, "rue_km": 29.03, "disque_ha": 186.3, "part_disque_pct": 61, "accroche_m": 0, "population": 10335, "navetteurs": 2778, "mode_auto_pct": 50, "mode_tc_pct": 21, "mode_actif_pct": 29, "mode_autre_pct": 0}, "geometry": {"type": "Polygon", "coordinates": [[[-71.2421, 46.7968], [-71.2421, 46.7971], [-71.2421, 46.7974], [-71.2421, 46.7977], [-71.2421, 46.7978], [-71.242, 46.798], [-71.242, 46.7981], [-71.2419, 46.7982], [-71.2418, 46.7982], [-71.2417, 46.7983], [-71.2416, 46.7984], [-71.2416, 46.7985], [-71.2417, 46.7986], [-71.2417, 46.7987], [-71.2418, 46.7988], [-71.2419, 46.7989], [-71.2419, 46.799], [-71.2418, 46.7991], [-71.2417, 46.7992], [-71.2416, 46.7992], [-71.2415, 46.7992], [-71.2414, 46.7992], [-71.2413, 46.7992], [-71.2412, 46.7991], [-71.2411, 46.7991], [-71.241, 46.799], [-71.2409, 46.7989], [-71.2408, 46.7989], [-71.2409, 46.799], [-71.241, 46.7991], [-71.2412, 46.7992], [-71.2413, 46.7993], [-71.2414, 46.7995], [-71.2415, 46.7995], [-71.2416, 46.7996], [-71.2418, 46.7997], [-71.2419, 46.7998], [-71.242, 46.7998], [-71.2421, 46.7998], [-71.2421, 46.7999], [-71.2421, 46.8], [-71.2421, 46.8001], [-71.242, 46.8001], [-71.242, 46.8002], [-71.2419, 46.8003], [-71.2419, 46.8004], [-71.2419, 46.8005], [-71.2419, 46.8006], [-71.2419, 46.8007], [-71.242, 46.8008], [-71.242, 46.8009], [-71.2421, 46.801], [-71.2421, 46.8011], [-71.242, 46.8012], [-71.2419, 46.8012], [-71.2418, 46.8013], [-71.2417, 46.8013], [-71.2415, 46.8013], [-71.2414, 46.8013], [-71.2413, 46.8014], [-71.2412, 46.8014], [-71.2411, 46.8015], [-71.241, 46.8016], [-71.241, 46.8017], [-71.241, 46.8018], [-71.241, 46.8019], [-71.2409, 46.802], [-71.2409, 46.8021], [-71.2407, 46.8023], [-71.2406, 46.8024], [-71.2404, 46.8025], [-71.2402, 46.8026], [-71.24, 46.8027], [-71.2397, 46.8028], [-71.2395, 46.8029], [-71.2392, 46.803], [-71.2391, 46.8031], [-71.2389, 46.8032], [-71.2389, 46.8033], [-71.2388, 46.8034], [-71.2388, 46.8035], [-71.2388, 46.8036], [-71.2388, 46.8037], [-71.2387, 46.8037], [-71.2386, 46.8038], [-71.2385, 46.8038], [-71.2383, 46.8039], [-71.2381, 46.8039], [-71.2379, 46.8039], [-71.2376, 46.8039], [-71.2374, 46.8039], [-71.2372, 46.8039], [-71.237, 46.804], [-71.2369, 46.804], [-71.2368, 46.8041], [-71.2367, 46.8041], [-71.2366, 46.8042], [-71.2366, 46.8043], [-71.2365, 46.8044], [-71.2364, 46.8045], [-71.2363, 46.8046], [-71.2362, 46.8046], [-71.2361, 46.8047], [-71.2359, 46.8048], [-71.2357, 46.8049], [-71.2355, 46.805], [-71.2352, 46.805], [-71.235, 46.805], [-71.2347, 46.8051], [-71.2344, 46.805], [-71.234, 46.805], [-71.2337, 46.805], [-71.2333, 46.8049], [-71.233, 46.8048], [-71.2326, 46.8048], [-71.2323, 46.8048], [-71.232, 46.8048], [-71.2318, 46.8048], [-71.2316, 46.8048], [-71.2314, 46.8049], [-71.2312, 46.8049], [-71.231, 46.805], [-71.2307, 46.805], [-71.2304, 46.805], [-71.23, 46.805], [-71.2296, 46.805], [-71.2291, 46.805], [-71.2286, 46.8049], [-71.228, 46.8049], [-71.2275, 46.8048], [-71.2271, 46.8047], [-71.2267, 46.8046], [-71.2265, 46.8046], [-71.2263, 46.8045], [-71.2261, 46.8044], [-71.226, 46.8043], [-71.2261, 46.8042], [-71.2261, 46.8041], [-71.2261, 46.804], [-71.2261, 46.8039], [-71.2262, 46.8039], [-71.2262, 46.8038], [-71.2263, 46.8038], [-71.2264, 46.8038], [-71.2265, 46.8038], [-71.2266, 46.8038], [-71.2266, 46.8037], [-71.2267, 46.8037], [-71.2268, 46.8037], [-71.227, 46.8036], [-71.2271, 46.8036], [-71.2272, 46.8035], [-71.2273, 46.8034], [-71.2272, 46.8034], [-71.2271, 46.8035], [-71.227, 46.8035], [-71.2268, 46.8035], [-71.2267, 46.8036], [-71.2266, 46.8036], [-71.2265, 46.8036], [-71.2264, 46.8036], [-71.2263, 46.8035], [-71.2262, 46.8035], [-71.2262, 46.8034], [-71.2262, 46.8033], [-71.2263, 46.8032], [-71.2263, 46.8031], [-71.2264, 46.803], [-71.2265, 46.8029], [-71.2266, 46.8029], [-71.2267, 46.8028], [-71.2267, 46.8027], [-71.2267, 46.8026], [-71.2267, 46.8025], [-71.2266, 46.8025], [-71.2265, 46.8024], [-71.2264, 46.8024], [-71.2264, 46.8022], [-71.2263, 46.8021], [-71.2263, 46.8019], [-71.2262, 46.8017], [-71.2262, 46.8014], [-71.2262, 46.8011], [-71.2263, 46.8007], [-71.2263, 46.8004], [-71.2265, 46.8001], [-71.2268, 46.7997], [-71.2271, 46.7994], [-71.2274, 46.7991], [-71.2279, 46.7988], [-71.2284, 46.7985], [-71.229, 46.7982], [-71.2295, 46.7979], [-71.2299, 46.7976], [-71.2302, 46.7974], [-71.2305, 46.7972], [-71.2306, 46.797], [-71.2306, 46.7969], [-71.2305, 46.7968], [-71.2304, 46.7967], [-71.2302, 46.7966], [-71.23, 46.7966], [-71.2298, 46.7965], [-71.2295, 46.7965], [-71.2292, 46.7965], [-71.229, 46.7964], [-71.2287, 46.7964], [-71.2283, 46.7965], [-71.2281, 46.7964], [-71.2278, 46.7964], [-71.2277, 46.7963], [-71.2276, 46.7962], [-71.2276, 46.7961], [-71.2276, 46.7959], [-71.2277, 46.7958], [-71.2278, 46.7956], [-71.2279, 46.7954], [-71.2281, 46.7952], [-71.2282, 46.795], [-71.2284, 46.7949], [-71.2286, 46.7948], [-71.2288, 46.7947], [-71.229, 46.7947], [-71.2292, 46.7946], [-71.2294, 46.7946], [-71.2296, 46.7946], [-71.2298, 46.7946], [-71.2299, 46.7946], [-71.2301, 46.7947], [-71.2302, 46.7947], [-71.2304, 46.7948], [-71.2305, 46.7949], [-71.2307, 46.795], [-71.2308, 46.7951], [-71.231, 46.7951], [-71.2312, 46.7951], [-71.2313, 46.795], [-71.2315, 46.795], [-71.2317, 46.7949], [-71.2319, 46.7948], [-71.2321, 46.7947], [-71.2323, 46.7946], [-71.2325, 46.7945], [-71.2326, 46.7945], [-71.2328, 46.7944], [-71.233, 46.7944], [-71.2331, 46.7944], [-71.2333, 46.7944], [-71.2335, 46.7944], [-71.2337, 46.7944], [-71.234, 46.7944], [-71.2343, 46.7945], [-71.2347, 46.7945], [-71.235, 46.7945], [-71.2354, 46.7946], [-71.2359, 46.7947], [-71.2363, 46.7947], [-71.2367, 46.7948], [-71.237, 46.7949], [-71.2373, 46.795], [-71.2376, 46.7951], [-71.2378, 46.7952], [-71.238, 46.7953], [-71.2381, 46.7954], [-71.2382, 46.7955], [-71.2383, 46.7955], [-71.2385, 46.7956], [-71.2386, 46.7957], [-71.2387, 46.7957], [-71.2388, 46.7957], [-71.239, 46.7957], [-71.2391, 46.7957], [-71.2392, 46.7957], [-71.2393, 46.7957], [-71.2394, 46.7957], [-71.2394, 46.7956], [-71.2395, 46.7956], [-71.2396, 46.7955], [-71.2396, 46.7954], [-71.2397, 46.7953], [-71.2398, 46.7952], [-71.2399, 46.7952], [-71.24, 46.7953], [-71.2401, 46.7953], [-71.2402, 46.7953], [-71.2404, 46.7954], [-71.2405, 46.7955], [-71.2406, 46.7955], [-71.2407, 46.7955], [-71.2408, 46.7955], [-71.2409, 46.7955], [-71.241, 46.7954], [-71.2411, 46.7953], [-71.2412, 46.7952], [-71.2413, 46.7952], [-71.2414, 46.7952], [-71.2416, 46.7952], [-71.2417, 46.7952], [-71.2418, 46.7952], [-71.2419, 46.7953], [-71.2419, 46.7955], [-71.242, 46.7957], [-71.2421, 46.7959], [-71.2421, 46.7962], [-71.2421, 46.7965], [-71.2421, 46.7968]]]}}, {"type": "Feature", "properties": {"couche": "voile", "station": "Brown", "minutes": 11}, "geometry": {"type": "Polygon", "coordinates": [[[-71.4012, 46.9119], [-71.0699, 46.914], [-71.0675, 46.6874], [-71.3975, 46.6853], [-71.4012, 46.9119]], [[-71.2421, 46.7965], [-71.2421, 46.7962], [-71.2421, 46.7959], [-71.242, 46.7957], [-71.2419, 46.7955], [-71.2419, 46.7953], [-71.2418, 46.7952], [-71.2417, 46.7952], [-71.2416, 46.7952], [-71.2414, 46.7952], [-71.2413, 46.7952], [-71.2412, 46.7952], [-71.2411, 46.7953], [-71.241, 46.7954], [-71.2409, 46.7955], [-71.2408, 46.7955], [-71.2407, 46.7955], [-71.2406, 46.7955], [-71.2405, 46.7955], [-71.2404, 46.7954], [-71.2402, 46.7953], [-71.2401, 46.7953], [-71.24, 46.7953], [-71.2399, 46.7952], [-71.2398, 46.7952], [-71.2397, 46.7953], [-71.2396, 46.7954], [-71.2396, 46.7955], [-71.2395, 46.7956], [-71.2394, 46.7956], [-71.2394, 46.7957], [-71.2393, 46.7957], [-71.2392, 46.7957], [-71.2391, 46.7957], [-71.239, 46.7957], [-71.2388, 46.7957], [-71.2387, 46.7957], [-71.2386, 46.7957], [-71.2385, 46.7956], [-71.2383, 46.7955], [-71.2382, 46.7955], [-71.2381, 46.7954], [-71.238, 46.7953], [-71.2378, 46.7952], [-71.2376, 46.7951], [-71.2373, 46.795], [-71.237, 46.7949], [-71.2367, 46.7948], [-71.2363, 46.7947], [-71.2359, 46.7947], [-71.2354, 46.7946], [-71.235, 46.7945], [-71.2347, 46.7945], [-71.2343, 46.7945], [-71.234, 46.7944], [-71.2337, 46.7944], [-71.2335, 46.7944], [-71.2333, 46.7944], [-71.2331, 46.7944], [-71.233, 46.7944], [-71.2328, 46.7944], [-71.2326, 46.7945], [-71.2325, 46.7945], [-71.2323, 46.7946], [-71.2321, 46.7947], [-71.2319, 46.7948], [-71.2317, 46.7949], [-71.2315, 46.795], [-71.2313, 46.795], [-71.2312, 46.7951], [-71.231, 46.7951], [-71.2308, 46.7951], [-71.2307, 46.795], [-71.2305, 46.7949], [-71.2304, 46.7948], [-71.2302, 46.7947], [-71.2301, 46.7947], [-71.2299, 46.7946], [-71.2298, 46.7946], [-71.2296, 46.7946], [-71.2294, 46.7946], [-71.2292, 46.7946], [-71.229, 46.7947], [-71.2288, 46.7947], [-71.2286, 46.7948], [-71.2284, 46.7949], [-71.2282, 46.795], [-71.2281, 46.7952], [-71.2279, 46.7954], [-71.2278, 46.7956], [-71.2277, 46.7958], [-71.2276, 46.7959], [-71.2276, 46.7961], [-71.2276, 46.7962], [-71.2277, 46.7963], [-71.2278, 46.7964], [-71.2281, 46.7964], [-71.2283, 46.7965], [-71.2287, 46.7964], [-71.229, 46.7964], [-71.2292, 46.7965], [-71.2295, 46.7965], [-71.2298, 46.7965], [-71.23, 46.7966], [-71.2302, 46.7966], [-71.2304, 46.7967], [-71.2305, 46.7968], [-71.2306, 46.7969], [-71.2306, 46.797], [-71.2305, 46.7972], [-71.2302, 46.7974], [-71.2299, 46.7976], [-71.2295, 46.7979], [-71.229, 46.7982], [-71.2284, 46.7985], [-71.2279, 46.7988], [-71.2274, 46.7991], [-71.2271, 46.7994], [-71.2268, 46.7997], [-71.2265, 46.8001], [-71.2263, 46.8004], [-71.2263, 46.8007], [-71.2262, 46.8011], [-71.2262, 46.8014], [-71.2262, 46.8017], [-71.2263, 46.8019], [-71.2263, 46.8021], [-71.2264, 46.8022], [-71.2264, 46.8024], [-71.2265, 46.8024], [-71.2266, 46.8025], [-71.2267, 46.8025], [-71.2267, 46.8026], [-71.2267, 46.8027], [-71.2267, 46.8028], [-71.2266, 46.8029], [-71.2265, 46.8029], [-71.2264, 46.803], [-71.2263, 46.8031], [-71.2263, 46.8032], [-71.2262, 46.8033], [-71.2262, 46.8034], [-71.2262, 46.8035], [-71.2263, 46.8035], [-71.2264, 46.8036], [-71.2265, 46.8036], [-71.2266, 46.8036], [-71.2267, 46.8036], [-71.2268, 46.8035], [-71.227, 46.8035], [-71.2271, 46.8035], [-71.2272, 46.8034], [-71.2273, 46.8034], [-71.2272, 46.8035], [-71.2271, 46.8036], [-71.227, 46.8036], [-71.2268, 46.8037], [-71.2267, 46.8037], [-71.2266, 46.8037], [-71.2266, 46.8038], [-71.2265, 46.8038], [-71.2264, 46.8038], [-71.2263, 46.8038], [-71.2262, 46.8038], [-71.2262, 46.8039], [-71.2261, 46.8039], [-71.2261, 46.804], [-71.2261, 46.8041], [-71.2261, 46.8042], [-71.226, 46.8043], [-71.2261, 46.8044], [-71.2263, 46.8045], [-71.2265, 46.8046], [-71.2267, 46.8046], [-71.2271, 46.8047], [-71.2275, 46.8048], [-71.228, 46.8049], [-71.2286, 46.8049], [-71.2291, 46.805], [-71.2296, 46.805], [-71.23, 46.805], [-71.2304, 46.805], [-71.2307, 46.805], [-71.231, 46.805], [-71.2312, 46.8049], [-71.2314, 46.8049], [-71.2316, 46.8048], [-71.2318, 46.8048], [-71.232, 46.8048], [-71.2323, 46.8048], [-71.2326, 46.8048], [-71.233, 46.8048], [-71.2333, 46.8049], [-71.2337, 46.805], [-71.234, 46.805], [-71.2344, 46.805], [-71.2347, 46.8051], [-71.235, 46.805], [-71.2352, 46.805], [-71.2355, 46.805], [-71.2357, 46.8049], [-71.2359, 46.8048], [-71.2361, 46.8047], [-71.2362, 46.8046], [-71.2363, 46.8046], [-71.2364, 46.8045], [-71.2365, 46.8044], [-71.2366, 46.8043], [-71.2366, 46.8042], [-71.2367, 46.8041], [-71.2368, 46.8041], [-71.2369, 46.804], [-71.237, 46.804], [-71.2372, 46.8039], [-71.2374, 46.8039], [-71.2376, 46.8039], [-71.2379, 46.8039], [-71.2381, 46.8039], [-71.2383, 46.8039], [-71.2385, 46.8038], [-71.2386, 46.8038], [-71.2387, 46.8037], [-71.2388, 46.8037], [-71.2388, 46.8036], [-71.2388, 46.8035], [-71.2388, 46.8034], [-71.2389, 46.8033], [-71.2389, 46.8032], [-71.2391, 46.8031], [-71.2392, 46.803], [-71.2395, 46.8029], [-71.2397, 46.8028], [-71.24, 46.8027], [-71.2402, 46.8026], [-71.2404, 46.8025], [-71.2406, 46.8024], [-71.2407, 46.8023], [-71.2409, 46.8021], [-71.2409, 46.802], [-71.241, 46.8019], [-71.241, 46.8018], [-71.241, 46.8017], [-71.241, 46.8016], [-71.2411, 46.8015], [-71.2412, 46.8014], [-71.2413, 46.8014], [-71.2414, 46.8013], [-71.2415, 46.8013], [-71.2417, 46.8013], [-71.2418, 46.8013], [-71.2419, 46.8012], [-71.242, 46.8012], [-71.2421, 46.8011], [-71.2421, 46.801], [-71.242, 46.8009], [-71.242, 46.8008], [-71.2419, 46.8007], [-71.2419, 46.8006], [-71.2419, 46.8005], [-71.2419, 46.8004], [-71.2419, 46.8003], [-71.242, 46.8002], [-71.242, 46.8001], [-71.2421, 46.8001], [-71.2421, 46.8], [-71.2421, 46.7999], [-71.2421, 46.7998], [-71.242, 46.7998], [-71.2419, 46.7998], [-71.2418, 46.7997], [-71.2416, 46.7996], [-71.2415, 46.7995], [-71.2414, 46.7995], [-71.2413, 46.7993], [-71.2412, 46.7992], [-71.241, 46.7991], [-71.2409, 46.799], [-71.2408, 46.7989], [-71.2409, 46.7989], [-71.241, 46.799], [-71.2411, 46.7991], [-71.2412, 46.7991], [-71.2413, 46.7992], [-71.2414, 46.7992], [-71.2415, 46.7992], [-71.2416, 46.7992], [-71.2417, 46.7992], [-71.2418, 46.7991], [-71.2419, 46.799], [-71.2419, 46.7989], [-71.2418, 46.7988], [-71.2417, 46.7987], [-71.2417, 46.7986], [-71.2416, 46.7985], [-71.2416, 46.7984], [-71.2417, 46.7983], [-71.2418, 46.7982], [-71.2419, 46.7982], [-71.242, 46.7981], [-71.242, 46.798], [-71.2421, 46.7978], [-71.2421, 46.7977], [-71.2421, 46.7974], [-71.2421, 46.7971], [-71.2421, 46.7968], [-71.2421, 46.7965]]]}}, {"type": "Feature", "properties": {"couche": "aire_marche", "station": "Brown", "ordre": 18, "minutes": 12, "superficie_ha": 129.9, "rue_km": 34.72, "disque_ha": 221.7, "part_disque_pct": 59, "accroche_m": 0, "population": 11524, "navetteurs": 3120, "mode_auto_pct": 50, "mode_tc_pct": 21, "mode_actif_pct": 29, "mode_autre_pct": 0}, "geometry": {"type": "Polygon", "coordinates": [[[-71.2426, 46.8005], [-71.2425, 46.8006], [-71.2424, 46.8007], [-71.2424, 46.8009], [-71.2424, 46.801], [-71.2424, 46.8011], [-71.2424, 46.8012], [-71.2424, 46.8013], [-71.2425, 46.8015], [-71.2425, 46.8016], [-71.2425, 46.8017], [-71.2424, 46.8017], [-71.2423, 46.8017], [-71.2421, 46.8017], [-71.242, 46.8016], [-71.2417, 46.8016], [-71.2416, 46.8016], [-71.2414, 46.8016], [-71.2413, 46.8016], [-71.2412, 46.8017], [-71.2412, 46.8018], [-71.2411, 46.8019], [-71.2412, 46.802], [-71.2412, 46.8022], [-71.2412, 46.8024], [-71.2412, 46.8025], [-71.2412, 46.8026], [-71.2412, 46.8027], [-71.2411, 46.8028], [-71.241, 46.8028], [-71.2409, 46.8028], [-71.2408, 46.8027], [-71.2406, 46.8027], [-71.2405, 46.8027], [-71.2403, 46.8027], [-71.2401, 46.8027], [-71.24, 46.8028], [-71.2398, 46.8028], [-71.2396, 46.8029], [-71.2394, 46.803], [-71.2392, 46.803], [-71.2391, 46.8031], [-71.239, 46.8032], [-71.2389, 46.8033], [-71.2388, 46.8034], [-71.2388, 46.8035], [-71.2388, 46.8036], [-71.2388, 46.8037], [-71.2387, 46.8038], [-71.2386, 46.8038], [-71.2386, 46.8039], [-71.2385, 46.8038], [-71.2384, 46.8038], [-71.2382, 46.8038], [-71.238, 46.8039], [-71.2378, 46.804], [-71.2375, 46.8041], [-71.2372, 46.8042], [-71.2369, 46.8044], [-71.2364, 46.8046], [-71.236, 46.8048], [-71.2356, 46.805], [-71.2351, 46.8051], [-71.2347, 46.8053], [-71.2343, 46.8054], [-71.2339, 46.8054], [-71.2336, 46.8055], [-71.2332, 46.8055], [-71.2329, 46.8054], [-71.2326, 46.8054], [-71.2323, 46.8054], [-71.2321, 46.8053], [-71.2319, 46.8053], [-71.2317, 46.8053], [-71.2316, 46.8052], [-71.2315, 46.8052], [-71.2315, 46.8051], [-71.2314, 46.8051], [-71.2313, 46.805], [-71.2312, 46.805], [-71.2311, 46.8051], [-71.231, 46.8051], [-71.2308, 46.8051], [-71.2307, 46.8052], [-71.2305, 46.8053], [-71.2303, 46.8053], [-71.2301, 46.8054], [-71.2298, 46.8054], [-71.2296, 46.8055], [-71.2293, 46.8055], [-71.229, 46.8054], [-71.2286, 46.8054], [-71.2283, 46.8054], [-71.228, 46.8054], [-71.2277, 46.8053], [-71.2275, 46.8053], [-71.2273, 46.8052], [-71.2271, 46.8052], [-71.227, 46.8051], [-71.2269, 46.8051], [-71.2268, 46.805], [-71.2267, 46.8049], [-71.2266, 46.8049], [-71.2265, 46.8049], [-71.2264, 46.8049], [-71.2263, 46.8048], [-71.2262, 46.8048], [-71.226, 46.8049], [-71.2258, 46.8049], [-71.2257, 46.8049], [-71.2256, 46.8049], [-71.2255, 46.8049], [-71.2255, 46.8048], [-71.2254, 46.8048], [-71.2255, 46.8047], [-71.2256, 46.8046], [-71.2256, 46.8045], [-71.2257, 46.8044], [-71.2257, 46.8043], [-71.2257, 46.8042], [-71.2257, 46.8041], [-71.2257, 46.804], [-71.2256, 46.8039], [-71.2256, 46.8038], [-71.2255, 46.8037], [-71.2255, 46.8036], [-71.2255, 46.8035], [-71.2255, 46.8034], [-71.2256, 46.8033], [-71.2257, 46.8033], [-71.2258, 46.8032], [-71.2259, 46.8032], [-71.226, 46.8031], [-71.2261, 46.8031], [-71.2263, 46.803], [-71.2264, 46.8029], [-71.2265, 46.8029], [-71.2266, 46.8028], [-71.2265, 46.8028], [-71.2263, 46.8029], [-71.2262, 46.8029], [-71.2261, 46.8029], [-71.226, 46.8029], [-71.2259, 46.8029], [-71.2258, 46.8029], [-71.2257, 46.8029], [-71.2257, 46.8028], [-71.2256, 46.8028], [-71.2256, 46.8027], [-71.2257, 46.8026], [-71.2257, 46.8025], [-71.2258, 46.8024], [-71.2259, 46.8024], [-71.2259, 46.8023], [-71.226, 46.8022], [-71.226, 46.8021], [-71.226, 46.802], [-71.2259, 46.8019], [-71.2258, 46.8019], [-71.2258, 46.8018], [-71.2257, 46.8017], [-71.2257, 46.8016], [-71.2256, 46.8014], [-71.2256, 46.8012], [-71.2256, 46.8009], [-71.2256, 46.8006], [-71.2256, 46.8003], [-71.2256, 46.8], [-71.2257, 46.7998], [-71.2257, 46.7996], [-71.2258, 46.7994], [-71.226, 46.7993], [-71.2261, 46.7993], [-71.2263, 46.7993], [-71.2265, 46.7993], [-71.2267, 46.7993], [-71.227, 46.7992], [-71.2273, 46.7992], [-71.2277, 46.799], [-71.228, 46.7989], [-71.2285, 46.7986], [-71.2289, 46.7984], [-71.2294, 46.7981], [-71.2298, 46.7978], [-71.2301, 46.7976], [-71.2304, 46.7974], [-71.2305, 46.7972], [-71.2306, 46.797], [-71.2305, 46.7969], [-71.2304, 46.7968], [-71.2302, 46.7967], [-71.23, 46.7966], [-71.2298, 46.7966], [-71.2295, 46.7965], [-71.2292, 46.7965], [-71.2289, 46.7965], [-71.2285, 46.7965], [-71.2282, 46.7966], [-71.2278, 46.7966], [-71.2275, 46.7967], [-71.2272, 46.7967], [-71.227, 46.7967], [-71.2268, 46.7966], [-71.2267, 46.7965], [-71.2266, 46.7964], [-71.2266, 46.7963], [-71.2266, 46.7961], [-71.2267, 46.796], [-71.2268, 46.7959], [-71.2269, 46.7958], [-71.227, 46.7957], [-71.2271, 46.7956], [-71.2272, 46.7956], [-71.2274, 46.7955], [-71.2276, 46.7955], [-71.2277, 46.7955], [-71.2279, 46.7954], [-71.228, 46.7953], [-71.228, 46.7952], [-71.2279, 46.7952], [-71.2278, 46.7951], [-71.2277, 46.795], [-71.2277, 46.7949], [-71.2276, 46.7948], [-71.2276, 46.7947], [-71.2276, 46.7946], [-71.2276, 46.7945], [-71.2277, 46.7945], [-71.2278, 46.7944], [-71.2279, 46.7944], [-71.228, 46.7943], [-71.2281, 46.7943], [-71.2283, 46.7942], [-71.2285, 46.7942], [-71.2287, 46.7942], [-71.2289, 46.7942], [-71.2291, 46.7942], [-71.2293, 46.7942], [-71.2295, 46.7943], [-71.2297, 46.7944], [-71.2299, 46.7945], [-71.2301, 46.7946], [-71.2303, 46.7948], [-71.2305, 46.7949], [-71.2307, 46.7949], [-71.2309, 46.795], [-71.2311, 46.795], [-71.2313, 46.7949], [-71.2315, 46.7949], [-71.2317, 46.7948], [-71.2318, 46.7946], [-71.232, 46.7945], [-71.2322, 46.7944], [-71.2324, 46.7943], [-71.2326, 46.7942], [-71.2329, 46.7941], [-71.2331, 46.7941], [-71.2333, 46.794], [-71.2335, 46.794], [-71.2338, 46.794], [-71.234, 46.7941], [-71.2342, 46.7941], [-71.2344, 46.7941], [-71.2346, 46.7942], [-71.2347, 46.7942], [-71.2349, 46.7943], [-71.2351, 46.7944], [-71.2352, 46.7945], [-71.2354, 46.7945], [-71.2355, 46.7946], [-71.2357, 46.7946], [-71.2358, 46.7946], [-71.236, 46.7946], [-71.2361, 46.7945], [-71.2362, 46.7945], [-71.2364, 46.7944], [-71.2366, 46.7944], [-71.2367, 46.7945], [-71.2369, 46.7945], [-71.2371, 46.7946], [-71.2373, 46.7947], [-71.2375, 46.7949], [-71.2378, 46.7951], [-71.238, 46.7952], [-71.2382, 46.7953], [-71.2383, 46.7954], [-71.2385, 46.7954], [-71.2386, 46.7954], [-71.2387, 46.7954], [-71.2388, 46.7953], [-71.2389, 46.7952], [-71.239, 46.7951], [-71.2391, 46.795], [-71.2392, 46.795], [-71.2394, 46.795], [-71.2395, 46.795], [-71.2397, 46.795], [-71.2399, 46.7951], [-71.2401, 46.7952], [-71.2403, 46.7953], [-71.2405, 46.7954], [-71.2406, 46.7954], [-71.2408, 46.7954], [-71.2409, 46.7954], [-71.241, 46.7953], [-71.2411, 46.7953], [-71.2412, 46.7952], [-71.2413, 46.7951], [-71.2414, 46.795], [-71.2415, 46.7949], [-71.2416, 46.7949], [-71.2418, 46.7948], [-71.2419, 46.7948], [-71.2421, 46.7948], [-71.2423, 46.7948], [-71.2425, 46.7949], [-71.2426, 46.795], [-71.2427, 46.7951], [-71.2428, 46.7953], [-71.2429, 46.7955], [-71.2429, 46.7958], [-71.2429, 46.7961], [-71.2429, 46.7964], [-71.2429, 46.7967], [-71.2429, 46.797], [-71.2429, 46.7972], [-71.2428, 46.7974], [-71.2428, 46.7975], [-71.2427, 46.7977], [-71.2426, 46.7977], [-71.2425, 46.7978], [-71.2424, 46.7978], [-71.2424, 46.7979], [-71.2424, 46.798], [-71.2424, 46.7982], [-71.2424, 46.7983], [-71.2425, 46.7985], [-71.2426, 46.7987], [-71.2427, 46.799], [-71.2428, 46.7992], [-71.2428, 46.7994], [-71.2429, 46.7996], [-71.2429, 46.7998], [-71.2428, 46.8], [-71.2428, 46.8002], [-71.2427, 46.8003], [-71.2426, 46.8005]]]}}, {"type": "Feature", "properties": {"couche": "voile", "station": "Brown", "minutes": 12}, "geometry": {"type": "Polygon", "coordinates": [[[-71.402, 46.9123], [-71.0693, 46.9144], [-71.0669, 46.687], [-71.3983, 46.6849], [-71.402, 46.9123]], [[-71.2427, 46.8003], [-71.2428, 46.8002], [-71.2428, 46.8], [-71.2429, 46.7998], [-71.2429, 46.7996], [-71.2428, 46.7994], [-71.2428, 46.7992], [-71.2427, 46.799], [-71.2426, 46.7987], [-71.2425, 46.7985], [-71.2424, 46.7983], [-71.2424, 46.7982], [-71.2424, 46.798], [-71.2424, 46.7979], [-71.2424, 46.7978], [-71.2425, 46.7978], [-71.2426, 46.7977], [-71.2427, 46.7977], [-71.2428, 46.7975], [-71.2428, 46.7974], [-71.2429, 46.7972], [-71.2429, 46.797], [-71.2429, 46.7967], [-71.2429, 46.7964], [-71.2429, 46.7961], [-71.2429, 46.7958], [-71.2429, 46.7955], [-71.2428, 46.7953], [-71.2427, 46.7951], [-71.2426, 46.795], [-71.2425, 46.7949], [-71.2423, 46.7948], [-71.2421, 46.7948], [-71.2419, 46.7948], [-71.2418, 46.7948], [-71.2416, 46.7949], [-71.2415, 46.7949], [-71.2414, 46.795], [-71.2413, 46.7951], [-71.2412, 46.7952], [-71.2411, 46.7953], [-71.241, 46.7953], [-71.2409, 46.7954], [-71.2408, 46.7954], [-71.2406, 46.7954], [-71.2405, 46.7954], [-71.2403, 46.7953], [-71.2401, 46.7952], [-71.2399, 46.7951], [-71.2397, 46.795], [-71.2395, 46.795], [-71.2394, 46.795], [-71.2392, 46.795], [-71.2391, 46.795], [-71.239, 46.7951], [-71.2389, 46.7952], [-71.2388, 46.7953], [-71.2387, 46.7954], [-71.2386, 46.7954], [-71.2385, 46.7954], [-71.2383, 46.7954], [-71.2382, 46.7953], [-71.238, 46.7952], [-71.2378, 46.7951], [-71.2375, 46.7949], [-71.2373, 46.7947], [-71.2371, 46.7946], [-71.2369, 46.7945], [-71.2367, 46.7945], [-71.2366, 46.7944], [-71.2364, 46.7944], [-71.2362, 46.7945], [-71.2361, 46.7945], [-71.236, 46.7946], [-71.2358, 46.7946], [-71.2357, 46.7946], [-71.2355, 46.7946], [-71.2354, 46.7945], [-71.2352, 46.7945], [-71.2351, 46.7944], [-71.2349, 46.7943], [-71.2347, 46.7942], [-71.2346, 46.7942], [-71.2344, 46.7941], [-71.2342, 46.7941], [-71.234, 46.7941], [-71.2338, 46.794], [-71.2335, 46.794], [-71.2333, 46.794], [-71.2331, 46.7941], [-71.2329, 46.7941], [-71.2326, 46.7942], [-71.2324, 46.7943], [-71.2322, 46.7944], [-71.232, 46.7945], [-71.2318, 46.7946], [-71.2317, 46.7948], [-71.2315, 46.7949], [-71.2313, 46.7949], [-71.2311, 46.795], [-71.2309, 46.795], [-71.2307, 46.7949], [-71.2305, 46.7949], [-71.2303, 46.7948], [-71.2301, 46.7946], [-71.2299, 46.7945], [-71.2297, 46.7944], [-71.2295, 46.7943], [-71.2293, 46.7942], [-71.2291, 46.7942], [-71.2289, 46.7942], [-71.2287, 46.7942], [-71.2285, 46.7942], [-71.2283, 46.7942], [-71.2281, 46.7943], [-71.228, 46.7943], [-71.2279, 46.7944], [-71.2278, 46.7944], [-71.2277, 46.7945], [-71.2276, 46.7945], [-71.2276, 46.7946], [-71.2276, 46.7947], [-71.2276, 46.7948], [-71.2277, 46.7949], [-71.2277, 46.795], [-71.2278, 46.7951], [-71.2279, 46.7952], [-71.228, 46.7952], [-71.228, 46.7953], [-71.2279, 46.7954], [-71.2277, 46.7955], [-71.2276, 46.7955], [-71.2274, 46.7955], [-71.2272, 46.7956], [-71.2271, 46.7956], [-71.227, 46.7957], [-71.2269, 46.7958], [-71.2268, 46.7959], [-71.2267, 46.796], [-71.2266, 46.7961], [-71.2266, 46.7963], [-71.2266, 46.7964], [-71.2267, 46.7965], [-71.2268, 46.7966], [-71.227, 46.7967], [-71.2272, 46.7967], [-71.2275, 46.7967], [-71.2278, 46.7966], [-71.2282, 46.7966], [-71.2285, 46.7965], [-71.2289, 46.7965], [-71.2292, 46.7965], [-71.2295, 46.7965], [-71.2298, 46.7966], [-71.23, 46.7966], [-71.2302, 46.7967], [-71.2304, 46.7968], [-71.2305, 46.7969], [-71.2306, 46.797], [-71.2305, 46.7972], [-71.2304, 46.7974], [-71.2301, 46.7976], [-71.2298, 46.7978], [-71.2294, 46.7981], [-71.2289, 46.7984], [-71.2285, 46.7986], [-71.228, 46.7989], [-71.2277, 46.799], [-71.2273, 46.7992], [-71.227, 46.7992], [-71.2267, 46.7993], [-71.2265, 46.7993], [-71.2263, 46.7993], [-71.2261, 46.7993], [-71.226, 46.7993], [-71.2258, 46.7994], [-71.2257, 46.7996], [-71.2257, 46.7998], [-71.2256, 46.8], [-71.2256, 46.8003], [-71.2256, 46.8006], [-71.2256, 46.8009], [-71.2256, 46.8012], [-71.2256, 46.8014], [-71.2257, 46.8016], [-71.2257, 46.8017], [-71.2258, 46.8018], [-71.2258, 46.8019], [-71.2259, 46.8019], [-71.226, 46.802], [-71.226, 46.8021], [-71.226, 46.8022], [-71.2259, 46.8023], [-71.2259, 46.8024], [-71.2258, 46.8024], [-71.2257, 46.8025], [-71.2257, 46.8026], [-71.2256, 46.8027], [-71.2256, 46.8028], [-71.2257, 46.8028], [-71.2257, 46.8029], [-71.2258, 46.8029], [-71.2259, 46.8029], [-71.226, 46.8029], [-71.2261, 46.8029], [-71.2262, 46.8029], [-71.2263, 46.8029], [-71.2265, 46.8028], [-71.2266, 46.8028], [-71.2265, 46.8029], [-71.2264, 46.8029], [-71.2263, 46.803], [-71.2261, 46.8031], [-71.226, 46.8031], [-71.2259, 46.8032], [-71.2258, 46.8032], [-71.2257, 46.8033], [-71.2256, 46.8033], [-71.2255, 46.8034], [-71.2255, 46.8035], [-71.2255, 46.8036], [-71.2255, 46.8037], [-71.2256, 46.8038], [-71.2256, 46.8039], [-71.2257, 46.804], [-71.2257, 46.8041], [-71.2257, 46.8042], [-71.2257, 46.8043], [-71.2257, 46.8044], [-71.2256, 46.8045], [-71.2256, 46.8046], [-71.2255, 46.8047], [-71.2254, 46.8048], [-71.2255, 46.8048], [-71.2255, 46.8049], [-71.2256, 46.8049], [-71.2257, 46.8049], [-71.2258, 46.8049], [-71.226, 46.8049], [-71.2262, 46.8048], [-71.2263, 46.8048], [-71.2264, 46.8049], [-71.2265, 46.8049], [-71.2266, 46.8049], [-71.2267, 46.8049], [-71.2268, 46.805], [-71.2269, 46.8051], [-71.227, 46.8051], [-71.2271, 46.8052], [-71.2273, 46.8052], [-71.2275, 46.8053], [-71.2277, 46.8053], [-71.228, 46.8054], [-71.2283, 46.8054], [-71.2286, 46.8054], [-71.229, 46.8054], [-71.2293, 46.8055], [-71.2296, 46.8055], [-71.2298, 46.8054], [-71.2301, 46.8054], [-71.2303, 46.8053], [-71.2305, 46.8053], [-71.2307, 46.8052], [-71.2308, 46.8051], [-71.231, 46.8051], [-71.2311, 46.8051], [-71.2312, 46.805], [-71.2313, 46.805], [-71.2314, 46.8051], [-71.2315, 46.8051], [-71.2315, 46.8052], [-71.2316, 46.8052], [-71.2317, 46.8053], [-71.2319, 46.8053], [-71.2321, 46.8053], [-71.2323, 46.8054], [-71.2326, 46.8054], [-71.2329, 46.8054], [-71.2332, 46.8055], [-71.2336, 46.8055], [-71.2339, 46.8054], [-71.2343, 46.8054], [-71.2347, 46.8053], [-71.2351, 46.8051], [-71.2356, 46.805], [-71.236, 46.8048], [-71.2364, 46.8046], [-71.2369, 46.8044], [-71.2372, 46.8042], [-71.2375, 46.8041], [-71.2378, 46.804], [-71.238, 46.8039], [-71.2382, 46.8038], [-71.2384, 46.8038], [-71.2385, 46.8038], [-71.2386, 46.8039], [-71.2386, 46.8038], [-71.2387, 46.8038], [-71.2388, 46.8037], [-71.2388, 46.8036], [-71.2388, 46.8035], [-71.2388, 46.8034], [-71.2389, 46.8033], [-71.239, 46.8032], [-71.2391, 46.8031], [-71.2392, 46.803], [-71.2394, 46.803], [-71.2396, 46.8029], [-71.2398, 46.8028], [-71.24, 46.8028], [-71.2401, 46.8027], [-71.2403, 46.8027], [-71.2405, 46.8027], [-71.2406, 46.8027], [-71.2408, 46.8027], [-71.2409, 46.8028], [-71.241, 46.8028], [-71.2411, 46.8028], [-71.2412, 46.8027], [-71.2412, 46.8026], [-71.2412, 46.8025], [-71.2412, 46.8024], [-71.2412, 46.8022], [-71.2412, 46.802], [-71.2411, 46.8019], [-71.2412, 46.8018], [-71.2412, 46.8017], [-71.2413, 46.8016], [-71.2414, 46.8016], [-71.2416, 46.8016], [-71.2417, 46.8016], [-71.242, 46.8016], [-71.2421, 46.8017], [-71.2423, 46.8017], [-71.2424, 46.8017], [-71.2425, 46.8017], [-71.2425, 46.8016], [-71.2425, 46.8015], [-71.2424, 46.8013], [-71.2424, 46.8012], [-71.2424, 46.8011], [-71.2424, 46.801], [-71.2424, 46.8009], [-71.2424, 46.8007], [-71.2425, 46.8006], [-71.2426, 46.8005], [-71.2427, 46.8003]]]}}, {"type": "Feature", "properties": {"couche": "aire_marche", "station": "Brown", "ordre": 18, "minutes": 13, "superficie_ha": 148.8, "rue_km": 40.04, "disque_ha": 260.2, "part_disque_pct": 57, "accroche_m": 0, "population": 12673, "navetteurs": 3449, "mode_auto_pct": 50, "mode_tc_pct": 21, "mode_actif_pct": 29, "mode_autre_pct": 0}, "geometry": {"type": "Polygon", "coordinates": [[[-71.2438, 46.7951], [-71.2438, 46.7952], [-71.2438, 46.7953], [-71.2437, 46.7953], [-71.2437, 46.7954], [-71.2436, 46.7954], [-71.2435, 46.7955], [-71.2434, 46.7955], [-71.2433, 46.7955], [-71.2432, 46.7955], [-71.2431, 46.7956], [-71.2431, 46.7957], [-71.2431, 46.7958], [-71.2432, 46.7959], [-71.2432, 46.796], [-71.2433, 46.7962], [-71.2434, 46.7963], [-71.2435, 46.7965], [-71.2435, 46.7967], [-71.2435, 46.7969], [-71.2435, 46.7971], [-71.2435, 46.7973], [-71.2434, 46.7975], [-71.2433, 46.7978], [-71.2433, 46.798], [-71.2433, 46.7982], [-71.2432, 46.7984], [-71.2433, 46.7986], [-71.2433, 46.7987], [-71.2434, 46.7989], [-71.2434, 46.799], [-71.2435, 46.7991], [-71.2436, 46.7992], [-71.2437, 46.7993], [-71.2437, 46.7995], [-71.2437, 46.7997], [-71.2436, 46.7999], [-71.2435, 46.8001], [-71.2434, 46.8003], [-71.2433, 46.8006], [-71.2432, 46.8008], [-71.2431, 46.801], [-71.243, 46.8012], [-71.243, 46.8014], [-71.243, 46.8016], [-71.243, 46.8017], [-71.243, 46.8018], [-71.2431, 46.802], [-71.2431, 46.8021], [-71.2431, 46.8022], [-71.243, 46.8023], [-71.2429, 46.8024], [-71.2428, 46.8025], [-71.2427, 46.8026], [-71.2425, 46.8027], [-71.2423, 46.8027], [-71.2421, 46.8028], [-71.2419, 46.8029], [-71.2417, 46.8029], [-71.2415, 46.8029], [-71.2413, 46.8029], [-71.2411, 46.8029], [-71.241, 46.8029], [-71.2408, 46.8028], [-71.2407, 46.8028], [-71.2405, 46.8027], [-71.2403, 46.8027], [-71.2402, 46.8027], [-71.24, 46.8028], [-71.2398, 46.8028], [-71.2396, 46.8029], [-71.2394, 46.803], [-71.2392, 46.803], [-71.2391, 46.8031], [-71.239, 46.8032], [-71.2389, 46.8033], [-71.2388, 46.8034], [-71.2388, 46.8035], [-71.2388, 46.8036], [-71.2388, 46.8037], [-71.2387, 46.8038], [-71.2386, 46.8038], [-71.2386, 46.8039], [-71.2385, 46.8039], [-71.2383, 46.8039], [-71.2382, 46.8039], [-71.238, 46.8039], [-71.2378, 46.804], [-71.2375, 46.8041], [-71.2372, 46.8042], [-71.2369, 46.8044], [-71.2365, 46.8046], [-71.2361, 46.8048], [-71.2356, 46.8051], [-71.2352, 46.8053], [-71.2347, 46.8055], [-71.2343, 46.8056], [-71.2339, 46.8058], [-71.2334, 46.8058], [-71.233, 46.8059], [-71.2326, 46.8059], [-71.2323, 46.8058], [-71.2319, 46.8058], [-71.2316, 46.8058], [-71.2314, 46.8057], [-71.2312, 46.8057], [-71.231, 46.8056], [-71.2309, 46.8056], [-71.2308, 46.8055], [-71.2307, 46.8055], [-71.2307, 46.8054], [-71.2306, 46.8054], [-71.2305, 46.8054], [-71.2304, 46.8054], [-71.2303, 46.8055], [-71.2302, 46.8056], [-71.23, 46.8057], [-71.2299, 46.8057], [-71.2297, 46.8058], [-71.2296, 46.8058], [-71.2293, 46.8058], [-71.2291, 46.8058], [-71.2289, 46.8058], [-71.2286, 46.8057], [-71.2283, 46.8056], [-71.228, 46.8056], [-71.2277, 46.8055], [-71.2274, 46.8055], [-71.2271, 46.8054], [-71.2268, 46.8054], [-71.2265, 46.8054], [-71.2261, 46.8054], [-71.2258, 46.8054], [-71.2255, 46.8054], [-71.2253, 46.8053], [-71.2251, 46.8052], [-71.2249, 46.805], [-71.2248, 46.8049], [-71.2247, 46.8046], [-71.2247, 46.8044], [-71.2247, 46.8041], [-71.2247, 46.8038], [-71.2248, 46.8035], [-71.2248, 46.8033], [-71.2249, 46.8031], [-71.2249, 46.803], [-71.225, 46.8029], [-71.2251, 46.8028], [-71.2252, 46.8027], [-71.2253, 46.8026], [-71.2253, 46.8025], [-71.2253, 46.8024], [-71.2252, 46.8023], [-71.2251, 46.8022], [-71.225, 46.8021], [-71.225, 46.8019], [-71.225, 46.8016], [-71.2249, 46.8014], [-71.2249, 46.801], [-71.2249, 46.8006], [-71.225, 46.8002], [-71.225, 46.7998], [-71.225, 46.7995], [-71.2251, 46.7992], [-71.2252, 46.799], [-71.2252, 46.7988], [-71.2253, 46.7987], [-71.2254, 46.7986], [-71.2255, 46.7986], [-71.2256, 46.7986], [-71.2257, 46.7986], [-71.2258, 46.7986], [-71.226, 46.7987], [-71.2261, 46.7987], [-71.2263, 46.7988], [-71.2264, 46.7989], [-71.2266, 46.799], [-71.2268, 46.7991], [-71.2271, 46.7991], [-71.2274, 46.799], [-71.2277, 46.799], [-71.2281, 46.7988], [-71.2285, 46.7986], [-71.2289, 46.7984], [-71.2294, 46.7981], [-71.2298, 46.7978], [-71.2301, 46.7975], [-71.2303, 46.7973], [-71.2304, 46.7971], [-71.2304, 46.797], [-71.2303, 46.7968], [-71.2302, 46.7967], [-71.2299, 46.7967], [-71.2296, 46.7966], [-71.2293, 46.7966], [-71.229, 46.7966], [-71.2287, 46.7966], [-71.2283, 46.7966], [-71.228, 46.7967], [-71.2276, 46.7968], [-71.2272, 46.7969], [-71.2269, 46.797], [-71.2266, 46.7971], [-71.2263, 46.7971], [-71.2261, 46.7972], [-71.226, 46.7971], [-71.2259, 46.7971], [-71.2258, 46.797], [-71.2258, 46.7969], [-71.2258, 46.7968], [-71.2258, 46.7967], [-71.2258, 46.7966], [-71.2259, 46.7964], [-71.226, 46.7963], [-71.2261, 46.7962], [-71.2263, 46.796], [-71.2265, 46.7959], [-71.2266, 46.7958], [-71.2268, 46.7956], [-71.2269, 46.7955], [-71.227, 46.7953], [-71.227, 46.7952], [-71.227, 46.795], [-71.227, 46.7949], [-71.227, 46.7947], [-71.227, 46.7946], [-71.2271, 46.7945], [-71.2272, 46.7943], [-71.2274, 46.7942], [-71.2276, 46.7941], [-71.2279, 46.794], [-71.2282, 46.7939], [-71.2286, 46.7939], [-71.2289, 46.7938], [-71.2292, 46.7938], [-71.2294, 46.7938], [-71.2296, 46.7938], [-71.2297, 46.7938], [-71.2298, 46.7939], [-71.2298, 46.7941], [-71.2298, 46.7942], [-71.2298, 46.7943], [-71.2299, 46.7944], [-71.2299, 46.7945], [-71.23, 46.7946], [-71.2302, 46.7947], [-71.2303, 46.7948], [-71.2305, 46.7949], [-71.2306, 46.795], [-71.2309, 46.795], [-71.2311, 46.795], [-71.2314, 46.7949], [-71.2317, 46.7948], [-71.232, 46.7947], [-71.2324, 46.7945], [-71.2327, 46.7943], [-71.2331, 46.7941], [-71.2334, 46.7939], [-71.2337, 46.7938], [-71.2339, 46.7937], [-71.2341, 46.7936], [-71.2343, 46.7935], [-71.2344, 46.7935], [-71.2345, 46.7935], [-71.2346, 46.7936], [-71.2347, 46.7936], [-71.2348, 46.7937], [-71.2348, 46.7938], [-71.2348, 46.7939], [-71.2348, 46.794], [-71.2348, 46.7941], [-71.2349, 46.7942], [-71.2349, 46.7943], [-71.235, 46.7943], [-71.2351, 46.7944], [-71.2352, 46.7945], [-71.2353, 46.7945], [-71.2354, 46.7946], [-71.2355, 46.7946], [-71.2357, 46.7946], [-71.2358, 46.7945], [-71.2359, 46.7944], [-71.236, 46.7944], [-71.2362, 46.7942], [-71.2363, 46.7942], [-71.2364, 46.7941], [-71.2365, 46.794], [-71.2367, 46.7939], [-71.2368, 46.7939], [-71.2369, 46.7939], [-71.237, 46.7939], [-71.2371, 46.7939], [-71.2372, 46.7939], [-71.2373, 46.7939], [-71.2374, 46.7939], [-71.2375, 46.7939], [-71.2376, 46.7939], [-71.2377, 46.794], [-71.2378, 46.794], [-71.2379, 46.794], [-71.2379, 46.7941], [-71.238, 46.7941], [-71.238, 46.7942], [-71.238, 46.7943], [-71.238, 46.7944], [-71.2379, 46.7945], [-71.2378, 46.7946], [-71.2378, 46.7947], [-71.2377, 46.7948], [-71.2378, 46.7949], [-71.2378, 46.795], [-71.2379, 46.7951], [-71.238, 46.7953], [-71.2381, 46.7954], [-71.2382, 46.7954], [-71.2383, 46.7955], [-71.2384, 46.7955], [-71.2385, 46.7954], [-71.2386, 46.7953], [-71.2386, 46.7952], [-71.2386, 46.7951], [-71.2387, 46.7949], [-71.2387, 46.7947], [-71.2388, 46.7946], [-71.2389, 46.7946], [-71.2391, 46.7946], [-71.2392, 46.7946], [-71.2394, 46.7947], [-71.2397, 46.7948], [-71.2399, 46.795], [-71.2402, 46.7951], [-71.2404, 46.7952], [-71.2406, 46.7953], [-71.2408, 46.7953], [-71.2409, 46.7952], [-71.2411, 46.7952], [-71.2412, 46.795], [-71.2413, 46.7948], [-71.2414, 46.7947], [-71.2416, 46.7946], [-71.2418, 46.7945], [-71.242, 46.7945], [-71.2422, 46.7944], [-71.2424, 46.7945], [-71.2427, 46.7945], [-71.2429, 46.7946], [-71.2432, 46.7947], [-71.2434, 46.7948], [-71.2435, 46.7948], [-71.2437, 46.7949], [-71.2438, 46.795], [-71.2438, 46.7951]]]}}, {"type": "Feature", "properties": {"couche": "voile", "station": "Brown", "minutes": 13}, "geometry": {"type": "Polygon", "coordinates": [[[-71.403, 46.9126], [-71.0686, 46.9148], [-71.0662, 46.6865], [-71.3992, 46.6844], [-71.403, 46.9126]], [[-71.2438, 46.795], [-71.2437, 46.7949], [-71.2435, 46.7948], [-71.2434, 46.7948], [-71.2432, 46.7947], [-71.2429, 46.7946], [-71.2427, 46.7945], [-71.2424, 46.7945], [-71.2422, 46.7944], [-71.242, 46.7945], [-71.2418, 46.7945], [-71.2416, 46.7946], [-71.2414, 46.7947], [-71.2413, 46.7948], [-71.2412, 46.795], [-71.2411, 46.7952], [-71.2409, 46.7952], [-71.2408, 46.7953], [-71.2406, 46.7953], [-71.2404, 46.7952], [-71.2402, 46.7951], [-71.2399, 46.795], [-71.2397, 46.7948], [-71.2394, 46.7947], [-71.2392, 46.7946], [-71.2391, 46.7946], [-71.2389, 46.7946], [-71.2388, 46.7946], [-71.2387, 46.7947], [-71.2387, 46.7949], [-71.2386, 46.7951], [-71.2386, 46.7952], [-71.2386, 46.7953], [-71.2385, 46.7954], [-71.2384, 46.7955], [-71.2383, 46.7955], [-71.2382, 46.7954], [-71.2381, 46.7954], [-71.238, 46.7953], [-71.2379, 46.7951], [-71.2378, 46.795], [-71.2378, 46.7949], [-71.2377, 46.7948], [-71.2378, 46.7947], [-71.2378, 46.7946], [-71.2379, 46.7945], [-71.238, 46.7944], [-71.238, 46.7943], [-71.238, 46.7942], [-71.238, 46.7941], [-71.2379, 46.7941], [-71.2379, 46.794], [-71.2378, 46.794], [-71.2377, 46.794], [-71.2376, 46.7939], [-71.2375, 46.7939], [-71.2374, 46.7939], [-71.2373, 46.7939], [-71.2372, 46.7939], [-71.2371, 46.7939], [-71.237, 46.7939], [-71.2369, 46.7939], [-71.2368, 46.7939], [-71.2367, 46.7939], [-71.2365, 46.794], [-71.2364, 46.7941], [-71.2363, 46.7942], [-71.2362, 46.7942], [-71.236, 46.7944], [-71.2359, 46.7944], [-71.2358, 46.7945], [-71.2357, 46.7946], [-71.2355, 46.7946], [-71.2354, 46.7946], [-71.2353, 46.7945], [-71.2352, 46.7945], [-71.2351, 46.7944], [-71.235, 46.7943], [-71.2349, 46.7943], [-71.2349, 46.7942], [-71.2348, 46.7941], [-71.2348, 46.794], [-71.2348, 46.7939], [-71.2348, 46.7938], [-71.2348, 46.7937], [-71.2347, 46.7936], [-71.2346, 46.7936], [-71.2345, 46.7935], [-71.2344, 46.7935], [-71.2343, 46.7935], [-71.2341, 46.7936], [-71.2339, 46.7937], [-71.2337, 46.7938], [-71.2334, 46.7939], [-71.2331, 46.7941], [-71.2327, 46.7943], [-71.2324, 46.7945], [-71.232, 46.7947], [-71.2317, 46.7948], [-71.2314, 46.7949], [-71.2311, 46.795], [-71.2309, 46.795], [-71.2306, 46.795], [-71.2305, 46.7949], [-71.2303, 46.7948], [-71.2302, 46.7947], [-71.23, 46.7946], [-71.2299, 46.7945], [-71.2299, 46.7944], [-71.2298, 46.7943], [-71.2298, 46.7942], [-71.2298, 46.7941], [-71.2298, 46.7939], [-71.2297, 46.7938], [-71.2296, 46.7938], [-71.2294, 46.7938], [-71.2292, 46.7938], [-71.2289, 46.7938], [-71.2286, 46.7939], [-71.2282, 46.7939], [-71.2279, 46.794], [-71.2276, 46.7941], [-71.2274, 46.7942], [-71.2272, 46.7943], [-71.2271, 46.7945], [-71.227, 46.7946], [-71.227, 46.7947], [-71.227, 46.7949], [-71.227, 46.795], [-71.227, 46.7952], [-71.227, 46.7953], [-71.2269, 46.7955], [-71.2268, 46.7956], [-71.2266, 46.7958], [-71.2265, 46.7959], [-71.2263, 46.796], [-71.2261, 46.7962], [-71.226, 46.7963], [-71.2259, 46.7964], [-71.2258, 46.7966], [-71.2258, 46.7967], [-71.2258, 46.7968], [-71.2258, 46.7969], [-71.2258, 46.797], [-71.2259, 46.7971], [-71.226, 46.7971], [-71.2261, 46.7972], [-71.2263, 46.7971], [-71.2266, 46.7971], [-71.2269, 46.797], [-71.2272, 46.7969], [-71.2276, 46.7968], [-71.228, 46.7967], [-71.2283, 46.7966], [-71.2287, 46.7966], [-71.229, 46.7966], [-71.2293, 46.7966], [-71.2296, 46.7966], [-71.2299, 46.7967], [-71.2302, 46.7967], [-71.2303, 46.7968], [-71.2304, 46.797], [-71.2304, 46.7971], [-71.2303, 46.7973], [-71.2301, 46.7975], [-71.2298, 46.7978], [-71.2294, 46.7981], [-71.2289, 46.7984], [-71.2285, 46.7986], [-71.2281, 46.7988], [-71.2277, 46.799], [-71.2274, 46.799], [-71.2271, 46.7991], [-71.2268, 46.7991], [-71.2266, 46.799], [-71.2264, 46.7989], [-71.2263, 46.7988], [-71.2261, 46.7987], [-71.226, 46.7987], [-71.2258, 46.7986], [-71.2257, 46.7986], [-71.2256, 46.7986], [-71.2255, 46.7986], [-71.2254, 46.7986], [-71.2253, 46.7987], [-71.2252, 46.7988], [-71.2252, 46.799], [-71.2251, 46.7992], [-71.225, 46.7995], [-71.225, 46.7998], [-71.225, 46.8002], [-71.2249, 46.8006], [-71.2249, 46.801], [-71.2249, 46.8014], [-71.225, 46.8016], [-71.225, 46.8019], [-71.225, 46.8021], [-71.2251, 46.8022], [-71.2252, 46.8023], [-71.2253, 46.8024], [-71.2253, 46.8025], [-71.2253, 46.8026], [-71.2252, 46.8027], [-71.2251, 46.8028], [-71.225, 46.8029], [-71.2249, 46.803], [-71.2249, 46.8031], [-71.2248, 46.8033], [-71.2248, 46.8035], [-71.2247, 46.8038], [-71.2247, 46.8041], [-71.2247, 46.8044], [-71.2247, 46.8046], [-71.2248, 46.8049], [-71.2249, 46.805], [-71.2251, 46.8052], [-71.2253, 46.8053], [-71.2255, 46.8054], [-71.2258, 46.8054], [-71.2261, 46.8054], [-71.2265, 46.8054], [-71.2268, 46.8054], [-71.2271, 46.8054], [-71.2274, 46.8055], [-71.2277, 46.8055], [-71.228, 46.8056], [-71.2283, 46.8056], [-71.2286, 46.8057], [-71.2289, 46.8058], [-71.2291, 46.8058], [-71.2293, 46.8058], [-71.2296, 46.8058], [-71.2297, 46.8058], [-71.2299, 46.8057], [-71.23, 46.8057], [-71.2302, 46.8056], [-71.2303, 46.8055], [-71.2304, 46.8054], [-71.2305, 46.8054], [-71.2306, 46.8054], [-71.2307, 46.8054], [-71.2307, 46.8055], [-71.2308, 46.8055], [-71.2309, 46.8056], [-71.231, 46.8056], [-71.2312, 46.8057], [-71.2314, 46.8057], [-71.2316, 46.8058], [-71.2319, 46.8058], [-71.2323, 46.8058], [-71.2326, 46.8059], [-71.233, 46.8059], [-71.2334, 46.8058], [-71.2339, 46.8058], [-71.2343, 46.8056], [-71.2347, 46.8055], [-71.2352, 46.8053], [-71.2356, 46.8051], [-71.2361, 46.8048], [-71.2365, 46.8046], [-71.2369, 46.8044], [-71.2372, 46.8042], [-71.2375, 46.8041], [-71.2378, 46.804], [-71.238, 46.8039], [-71.2382, 46.8039], [-71.2383, 46.8039], [-71.2385, 46.8039], [-71.2386, 46.8039], [-71.2386, 46.8038], [-71.2387, 46.8038], [-71.2388, 46.8037], [-71.2388, 46.8036], [-71.2388, 46.8035], [-71.2388, 46.8034], [-71.2389, 46.8033], [-71.239, 46.8032], [-71.2391, 46.8031], [-71.2392, 46.803], [-71.2394, 46.803], [-71.2396, 46.8029], [-71.2398, 46.8028], [-71.24, 46.8028], [-71.2402, 46.8027], [-71.2403, 46.8027], [-71.2405, 46.8027], [-71.2407, 46.8028], [-71.2408, 46.8028], [-71.241, 46.8029], [-71.2411, 46.8029], [-71.2413, 46.8029], [-71.2415, 46.8029], [-71.2417, 46.8029], [-71.2419, 46.8029], [-71.2421, 46.8028], [-71.2423, 46.8027], [-71.2425, 46.8027], [-71.2427, 46.8026], [-71.2428, 46.8025], [-71.2429, 46.8024], [-71.243, 46.8023], [-71.2431, 46.8022], [-71.2431, 46.8021], [-71.2431, 46.802], [-71.243, 46.8018], [-71.243, 46.8017], [-71.243, 46.8016], [-71.243, 46.8014], [-71.243, 46.8012], [-71.2431, 46.801], [-71.2432, 46.8008], [-71.2433, 46.8006], [-71.2434, 46.8003], [-71.2435, 46.8001], [-71.2436, 46.7999], [-71.2437, 46.7997], [-71.2437, 46.7995], [-71.2437, 46.7993], [-71.2436, 46.7992], [-71.2435, 46.7991], [-71.2434, 46.799], [-71.2434, 46.7989], [-71.2433, 46.7987], [-71.2433, 46.7986], [-71.2432, 46.7984], [-71.2433, 46.7982], [-71.2433, 46.798], [-71.2433, 46.7978], [-71.2434, 46.7975], [-71.2435, 46.7973], [-71.2435, 46.7971], [-71.2435, 46.7969], [-71.2435, 46.7967], [-71.2435, 46.7965], [-71.2434, 46.7963], [-71.2433, 46.7962], [-71.2432, 46.796], [-71.2432, 46.7959], [-71.2431, 46.7958], [-71.2431, 46.7957], [-71.2431, 46.7956], [-71.2432, 46.7955], [-71.2433, 46.7955], [-71.2434, 46.7955], [-71.2435, 46.7955], [-71.2436, 46.7954], [-71.2437, 46.7954], [-71.2437, 46.7953], [-71.2438, 46.7953], [-71.2438, 46.7952], [-71.2438, 46.7951], [-71.2438, 46.795]]]}}, {"type": "Feature", "properties": {"couche": "aire_marche", "station": "Brown", "ordre": 18, "minutes": 14, "superficie_ha": 177.1, "rue_km": 46.02, "disque_ha": 301.7, "part_disque_pct": 59, "accroche_m": 0, "population": 13999, "navetteurs": 3837, "mode_auto_pct": 51, "mode_tc_pct": 21, "mode_actif_pct": 28, "mode_autre_pct": 0}, "geometry": {"type": "Polygon", "coordinates": [[[-71.2444, 46.7947], [-71.2443, 46.7948], [-71.2442, 46.7949], [-71.2442, 46.795], [-71.2441, 46.795], [-71.2441, 46.7951], [-71.2441, 46.7952], [-71.2442, 46.7952], [-71.2442, 46.7953], [-71.2443, 46.7954], [-71.2443, 46.7955], [-71.2443, 46.7956], [-71.2444, 46.7958], [-71.2444, 46.796], [-71.2444, 46.7963], [-71.2443, 46.7966], [-71.2443, 46.7969], [-71.2443, 46.7973], [-71.2442, 46.7976], [-71.2441, 46.7979], [-71.2441, 46.7981], [-71.244, 46.7984], [-71.2439, 46.7985], [-71.2438, 46.7986], [-71.2438, 46.7987], [-71.2437, 46.7987], [-71.2436, 46.7988], [-71.2436, 46.7989], [-71.2437, 46.7989], [-71.2438, 46.7989], [-71.2439, 46.7989], [-71.2441, 46.799], [-71.2442, 46.799], [-71.2443, 46.7991], [-71.2444, 46.7992], [-71.2444, 46.7994], [-71.2444, 46.7996], [-71.2443, 46.7998], [-71.2442, 46.8], [-71.2441, 46.8003], [-71.244, 46.8005], [-71.2439, 46.8007], [-71.2438, 46.801], [-71.2438, 46.8012], [-71.2437, 46.8014], [-71.2437, 46.8016], [-71.2437, 46.8018], [-71.2438, 46.802], [-71.2438, 46.8022], [-71.2437, 46.8023], [-71.2436, 46.8024], [-71.2435, 46.8026], [-71.2433, 46.8027], [-71.2431, 46.8028], [-71.2428, 46.8028], [-71.2425, 46.8029], [-71.2422, 46.8029], [-71.2419, 46.8029], [-71.2417, 46.8029], [-71.2414, 46.8029], [-71.2412, 46.8029], [-71.241, 46.8029], [-71.2409, 46.8029], [-71.2408, 46.8028], [-71.2406, 46.8028], [-71.2405, 46.8027], [-71.2403, 46.8027], [-71.2401, 46.8027], [-71.24, 46.8028], [-71.2398, 46.8028], [-71.2396, 46.8029], [-71.2394, 46.803], [-71.2392, 46.803], [-71.2391, 46.8031], [-71.239, 46.8032], [-71.2389, 46.8033], [-71.2388, 46.8034], [-71.2388, 46.8035], [-71.2388, 46.8036], [-71.2388, 46.8037], [-71.2387, 46.8038], [-71.2386, 46.8038], [-71.2386, 46.8039], [-71.2385, 46.8038], [-71.2384, 46.8038], [-71.2382, 46.8038], [-71.238, 46.8039], [-71.2378, 46.804], [-71.2375, 46.8041], [-71.2372, 46.8042], [-71.2369, 46.8044], [-71.2365, 46.8046], [-71.236, 46.8048], [-71.2356, 46.805], [-71.2353, 46.8052], [-71.235, 46.8054], [-71.2348, 46.8055], [-71.2346, 46.8057], [-71.2345, 46.8058], [-71.2345, 46.8059], [-71.2345, 46.806], [-71.2345, 46.8061], [-71.2344, 46.8062], [-71.2343, 46.8062], [-71.2341, 46.8063], [-71.2339, 46.8063], [-71.2336, 46.8062], [-71.2333, 46.8062], [-71.2329, 46.8061], [-71.2326, 46.8061], [-71.2323, 46.8061], [-71.232, 46.8061], [-71.2317, 46.8061], [-71.2314, 46.8061], [-71.2312, 46.8061], [-71.231, 46.8062], [-71.2308, 46.8062], [-71.2306, 46.8063], [-71.2305, 46.8063], [-71.2303, 46.8063], [-71.2302, 46.8063], [-71.23, 46.8063], [-71.2299, 46.8063], [-71.2298, 46.8063], [-71.2297, 46.8062], [-71.2296, 46.8061], [-71.2295, 46.8061], [-71.2293, 46.8061], [-71.2292, 46.8061], [-71.2291, 46.8061], [-71.229, 46.8061], [-71.2289, 46.8061], [-71.2288, 46.8062], [-71.2287, 46.8062], [-71.2285, 46.8063], [-71.2283, 46.8063], [-71.2281, 46.8063], [-71.2278, 46.8063], [-71.2276, 46.8063], [-71.2273, 46.8062], [-71.2269, 46.8062], [-71.2266, 46.8062], [-71.2264, 46.8061], [-71.2261, 46.8061], [-71.226, 46.806], [-71.2258, 46.806], [-71.2257, 46.8059], [-71.2256, 46.8058], [-71.2256, 46.8057], [-71.2255, 46.8057], [-71.2254, 46.8056], [-71.2253, 46.8056], [-71.2252, 46.8056], [-71.2251, 46.8056], [-71.2249, 46.8056], [-71.2248, 46.8056], [-71.2246, 46.8057], [-71.2244, 46.8056], [-71.2243, 46.8056], [-71.2242, 46.8055], [-71.2241, 46.8053], [-71.224, 46.8051], [-71.224, 46.8048], [-71.224, 46.8044], [-71.224, 46.804], [-71.2241, 46.8037], [-71.2241, 46.8033], [-71.2242, 46.8031], [-71.2242, 46.8028], [-71.2243, 46.8026], [-71.2244, 46.8024], [-71.2245, 46.8023], [-71.2246, 46.8022], [-71.2247, 46.8021], [-71.2247, 46.802], [-71.2247, 46.8019], [-71.2247, 46.8018], [-71.2246, 46.8017], [-71.2245, 46.8017], [-71.2245, 46.8016], [-71.2244, 46.8015], [-71.2245, 46.8014], [-71.2246, 46.8013], [-71.2247, 46.8012], [-71.2248, 46.8011], [-71.2248, 46.801], [-71.2249, 46.8009], [-71.2249, 46.8008], [-71.2249, 46.8007], [-71.2248, 46.8006], [-71.2247, 46.8005], [-71.2246, 46.8004], [-71.2245, 46.8003], [-71.2244, 46.8002], [-71.2243, 46.8001], [-71.2243, 46.8], [-71.2244, 46.7999], [-71.2245, 46.7998], [-71.2246, 46.7997], [-71.2247, 46.7995], [-71.2248, 46.7994], [-71.2248, 46.7992], [-71.2249, 46.799], [-71.2249, 46.7988], [-71.225, 46.7986], [-71.225, 46.7983], [-71.2249, 46.798], [-71.225, 46.7977], [-71.225, 46.7974], [-71.2251, 46.7972], [-71.2252, 46.7969], [-71.2254, 46.7967], [-71.2255, 46.7965], [-71.2257, 46.7963], [-71.226, 46.7962], [-71.2262, 46.796], [-71.2263, 46.7959], [-71.2264, 46.7958], [-71.2265, 46.7957], [-71.2265, 46.7956], [-71.2264, 46.7955], [-71.2263, 46.7955], [-71.2262, 46.7955], [-71.2261, 46.7955], [-71.2261, 46.7954], [-71.226, 46.7953], [-71.226, 46.7952], [-71.226, 46.7951], [-71.226, 46.7949], [-71.2261, 46.7948], [-71.2263, 46.7947], [-71.2265, 46.7945], [-71.2268, 46.7944], [-71.2271, 46.7942], [-71.2275, 46.7941], [-71.228, 46.7939], [-71.2286, 46.7937], [-71.229, 46.7936], [-71.2294, 46.7935], [-71.2298, 46.7934], [-71.2301, 46.7933], [-71.2303, 46.7933], [-71.2305, 46.7933], [-71.2306, 46.7933], [-71.2306, 46.7934], [-71.2307, 46.7934], [-71.2307, 46.7935], [-71.2306, 46.7936], [-71.2306, 46.7937], [-71.2305, 46.7938], [-71.2304, 46.7938], [-71.2303, 46.7939], [-71.2302, 46.7941], [-71.2301, 46.7942], [-71.23, 46.7943], [-71.23, 46.7944], [-71.23, 46.7945], [-71.2301, 46.7946], [-71.2302, 46.7947], [-71.2303, 46.7948], [-71.2305, 46.7949], [-71.2306, 46.795], [-71.2308, 46.795], [-71.2309, 46.795], [-71.2311, 46.7949], [-71.2313, 46.7949], [-71.2314, 46.7947], [-71.2316, 46.7946], [-71.2318, 46.7944], [-71.2319, 46.7942], [-71.2322, 46.794], [-71.2324, 46.7938], [-71.2326, 46.7937], [-71.2329, 46.7936], [-71.2332, 46.7935], [-71.2336, 46.7934], [-71.2339, 46.7933], [-71.2342, 46.7933], [-71.2345, 46.7932], [-71.2348, 46.7932], [-71.235, 46.7932], [-71.2352, 46.7932], [-71.2353, 46.7932], [-71.2354, 46.7933], [-71.2355, 46.7933], [-71.2355, 46.7934], [-71.2355, 46.7935], [-71.2355, 46.7936], [-71.2354, 46.7936], [-71.2354, 46.7937], [-71.2353, 46.7938], [-71.2351, 46.7939], [-71.235, 46.794], [-71.2349, 46.7941], [-71.2349, 46.7942], [-71.2349, 46.7943], [-71.235, 46.7944], [-71.235, 46.7945], [-71.2351, 46.7945], [-71.2352, 46.7945], [-71.2353, 46.7946], [-71.2354, 46.7946], [-71.2355, 46.7946], [-71.2356, 46.7946], [-71.2357, 46.7946], [-71.2358, 46.7945], [-71.2359, 46.7944], [-71.236, 46.7944], [-71.236, 46.7943], [-71.2361, 46.7942], [-71.2361, 46.7941], [-71.2361, 46.794], [-71.2361, 46.7939], [-71.2361, 46.7938], [-71.2362, 46.7937], [-71.2362, 46.7936], [-71.2363, 46.7935], [-71.2364, 46.7934], [-71.2365, 46.7934], [-71.2366, 46.7934], [-71.2368, 46.7933], [-71.237, 46.7933], [-71.2371, 46.7933], [-71.2373, 46.7933], [-71.2374, 46.7933], [-71.2376, 46.7934], [-71.2378, 46.7934], [-71.238, 46.7934], [-71.2381, 46.7935], [-71.2383, 46.7935], [-71.2385, 46.7936], [-71.2387, 46.7938], [-71.2389, 46.7939], [-71.2392, 46.7941], [-71.2394, 46.7943], [-71.2397, 46.7945], [-71.2399, 46.7948], [-71.2402, 46.795], [-71.2404, 46.7951], [-71.2405, 46.7953], [-71.2407, 46.7954], [-71.2408, 46.7954], [-71.2409, 46.7954], [-71.241, 46.7954], [-71.241, 46.7953], [-71.2411, 46.7952], [-71.2411, 46.7951], [-71.2411, 46.795], [-71.241, 46.7949], [-71.241, 46.7948], [-71.2409, 46.7947], [-71.2408, 46.7947], [-71.2408, 46.7946], [-71.2408, 46.7945], [-71.2408, 46.7944], [-71.2408, 46.7943], [-71.2409, 46.7942], [-71.241, 46.7941], [-71.2411, 46.794], [-71.2413, 46.794], [-71.2414, 46.7939], [-71.2415, 46.7939], [-71.2416, 46.794], [-71.2418, 46.794], [-71.2419, 46.7941], [-71.242, 46.7942], [-71.2422, 46.7943], [-71.2423, 46.7944], [-71.2424, 46.7944], [-71.2426, 46.7945], [-71.2427, 46.7945], [-71.2428, 46.7945], [-71.243, 46.7944], [-71.2431, 46.7944], [-71.2432, 46.7943], [-71.2434, 46.7942], [-71.2435, 46.7942], [-71.2436, 46.7942], [-71.2438, 46.7941], [-71.2439, 46.7941], [-71.244, 46.7942], [-71.2441, 46.7942], [-71.2442, 46.7943], [-71.2443, 46.7943], [-71.2444, 46.7944], [-71.2444, 46.7945], [-71.2445, 46.7945], [-71.2444, 46.7946], [-71.2444, 46.7947]]]}}, {"type": "Feature", "properties": {"couche": "voile", "station": "Brown", "minutes": 14}, "geometry": {"type": "Polygon", "coordinates": [[[-71.4037, 46.913], [-71.0679, 46.9152], [-71.0655, 46.6862], [-71.3999, 46.6841], [-71.4037, 46.913]], [[-71.2444, 46.7946], [-71.2445, 46.7945], [-71.2444, 46.7945], [-71.2444, 46.7944], [-71.2443, 46.7943], [-71.2442, 46.7943], [-71.2441, 46.7942], [-71.244, 46.7942], [-71.2439, 46.7941], [-71.2438, 46.7941], [-71.2436, 46.7942], [-71.2435, 46.7942], [-71.2434, 46.7942], [-71.2432, 46.7943], [-71.2431, 46.7944], [-71.243, 46.7944], [-71.2428, 46.7945], [-71.2427, 46.7945], [-71.2426, 46.7945], [-71.2424, 46.7944], [-71.2423, 46.7944], [-71.2422, 46.7943], [-71.242, 46.7942], [-71.2419, 46.7941], [-71.2418, 46.794], [-71.2416, 46.794], [-71.2415, 46.7939], [-71.2414, 46.7939], [-71.2413, 46.794], [-71.2411, 46.794], [-71.241, 46.7941], [-71.2409, 46.7942], [-71.2408, 46.7943], [-71.2408, 46.7944], [-71.2408, 46.7945], [-71.2408, 46.7946], [-71.2408, 46.7947], [-71.2409, 46.7947], [-71.241, 46.7948], [-71.241, 46.7949], [-71.2411, 46.795], [-71.2411, 46.7951], [-71.2411, 46.7952], [-71.241, 46.7953], [-71.241, 46.7954], [-71.2409, 46.7954], [-71.2408, 46.7954], [-71.2407, 46.7954], [-71.2405, 46.7953], [-71.2404, 46.7951], [-71.2402, 46.795], [-71.2399, 46.7948], [-71.2397, 46.7945], [-71.2394, 46.7943], [-71.2392, 46.7941], [-71.2389, 46.7939], [-71.2387, 46.7938], [-71.2385, 46.7936], [-71.2383, 46.7935], [-71.2381, 46.7935], [-71.238, 46.7934], [-71.2378, 46.7934], [-71.2376, 46.7934], [-71.2374, 46.7933], [-71.2373, 46.7933], [-71.2371, 46.7933], [-71.237, 46.7933], [-71.2368, 46.7933], [-71.2366, 46.7934], [-71.2365, 46.7934], [-71.2364, 46.7934], [-71.2363, 46.7935], [-71.2362, 46.7936], [-71.2362, 46.7937], [-71.2361, 46.7938], [-71.2361, 46.7939], [-71.2361, 46.794], [-71.2361, 46.7941], [-71.2361, 46.7942], [-71.236, 46.7943], [-71.236, 46.7944], [-71.2359, 46.7944], [-71.2358, 46.7945], [-71.2357, 46.7946], [-71.2356, 46.7946], [-71.2355, 46.7946], [-71.2354, 46.7946], [-71.2353, 46.7946], [-71.2352, 46.7945], [-71.2351, 46.7945], [-71.235, 46.7945], [-71.235, 46.7944], [-71.2349, 46.7943], [-71.2349, 46.7942], [-71.2349, 46.7941], [-71.235, 46.794], [-71.2351, 46.7939], [-71.2353, 46.7938], [-71.2354, 46.7937], [-71.2354, 46.7936], [-71.2355, 46.7936], [-71.2355, 46.7935], [-71.2355, 46.7934], [-71.2355, 46.7933], [-71.2354, 46.7933], [-71.2353, 46.7932], [-71.2352, 46.7932], [-71.235, 46.7932], [-71.2348, 46.7932], [-71.2345, 46.7932], [-71.2342, 46.7933], [-71.2339, 46.7933], [-71.2336, 46.7934], [-71.2332, 46.7935], [-71.2329, 46.7936], [-71.2326, 46.7937], [-71.2324, 46.7938], [-71.2322, 46.794], [-71.2319, 46.7942], [-71.2318, 46.7944], [-71.2316, 46.7946], [-71.2314, 46.7947], [-71.2313, 46.7949], [-71.2311, 46.7949], [-71.2309, 46.795], [-71.2308, 46.795], [-71.2306, 46.795], [-71.2305, 46.7949], [-71.2303, 46.7948], [-71.2302, 46.7947], [-71.2301, 46.7946], [-71.23, 46.7945], [-71.23, 46.7944], [-71.23, 46.7943], [-71.2301, 46.7942], [-71.2302, 46.7941], [-71.2303, 46.7939], [-71.2304, 46.7938], [-71.2305, 46.7938], [-71.2306, 46.7937], [-71.2306, 46.7936], [-71.2307, 46.7935], [-71.2307, 46.7934], [-71.2306, 46.7934], [-71.2306, 46.7933], [-71.2305, 46.7933], [-71.2303, 46.7933], [-71.2301, 46.7933], [-71.2298, 46.7934], [-71.2294, 46.7935], [-71.229, 46.7936], [-71.2286, 46.7937], [-71.228, 46.7939], [-71.2275, 46.7941], [-71.2271, 46.7942], [-71.2268, 46.7944], [-71.2265, 46.7945], [-71.2263, 46.7947], [-71.2261, 46.7948], [-71.226, 46.7949], [-71.226, 46.7951], [-71.226, 46.7952], [-71.226, 46.7953], [-71.2261, 46.7954], [-71.2261, 46.7955], [-71.2262, 46.7955], [-71.2263, 46.7955], [-71.2264, 46.7955], [-71.2265, 46.7956], [-71.2265, 46.7957], [-71.2264, 46.7958], [-71.2263, 46.7959], [-71.2262, 46.796], [-71.226, 46.7962], [-71.2257, 46.7963], [-71.2255, 46.7965], [-71.2254, 46.7967], [-71.2252, 46.7969], [-71.2251, 46.7972], [-71.225, 46.7974], [-71.225, 46.7977], [-71.2249, 46.798], [-71.225, 46.7983], [-71.225, 46.7986], [-71.2249, 46.7988], [-71.2249, 46.799], [-71.2248, 46.7992], [-71.2248, 46.7994], [-71.2247, 46.7995], [-71.2246, 46.7997], [-71.2245, 46.7998], [-71.2244, 46.7999], [-71.2243, 46.8], [-71.2243, 46.8001], [-71.2244, 46.8002], [-71.2245, 46.8003], [-71.2246, 46.8004], [-71.2247, 46.8005], [-71.2248, 46.8006], [-71.2249, 46.8007], [-71.2249, 46.8008], [-71.2249, 46.8009], [-71.2248, 46.801], [-71.2248, 46.8011], [-71.2247, 46.8012], [-71.2246, 46.8013], [-71.2245, 46.8014], [-71.2244, 46.8015], [-71.2245, 46.8016], [-71.2245, 46.8017], [-71.2246, 46.8017], [-71.2247, 46.8018], [-71.2247, 46.8019], [-71.2247, 46.802], [-71.2247, 46.8021], [-71.2246, 46.8022], [-71.2245, 46.8023], [-71.2244, 46.8024], [-71.2243, 46.8026], [-71.2242, 46.8028], [-71.2242, 46.8031], [-71.2241, 46.8033], [-71.2241, 46.8037], [-71.224, 46.804], [-71.224, 46.8044], [-71.224, 46.8048], [-71.224, 46.8051], [-71.2241, 46.8053], [-71.2242, 46.8055], [-71.2243, 46.8056], [-71.2244, 46.8056], [-71.2246, 46.8057], [-71.2248, 46.8056], [-71.2249, 46.8056], [-71.2251, 46.8056], [-71.2252, 46.8056], [-71.2253, 46.8056], [-71.2254, 46.8056], [-71.2255, 46.8057], [-71.2256, 46.8057], [-71.2256, 46.8058], [-71.2257, 46.8059], [-71.2258, 46.806], [-71.226, 46.806], [-71.2261, 46.8061], [-71.2264, 46.8061], [-71.2266, 46.8062], [-71.2269, 46.8062], [-71.2273, 46.8062], [-71.2276, 46.8063], [-71.2278, 46.8063], [-71.2281, 46.8063], [-71.2283, 46.8063], [-71.2285, 46.8063], [-71.2287, 46.8062], [-71.2288, 46.8062], [-71.2289, 46.8061], [-71.229, 46.8061], [-71.2291, 46.8061], [-71.2292, 46.8061], [-71.2293, 46.8061], [-71.2295, 46.8061], [-71.2296, 46.8061], [-71.2297, 46.8062], [-71.2298, 46.8063], [-71.2299, 46.8063], [-71.23, 46.8063], [-71.2302, 46.8063], [-71.2303, 46.8063], [-71.2305, 46.8063], [-71.2306, 46.8063], [-71.2308, 46.8062], [-71.231, 46.8062], [-71.2312, 46.8061], [-71.2314, 46.8061], [-71.2317, 46.8061], [-71.232, 46.8061], [-71.2323, 46.8061], [-71.2326, 46.8061], [-71.2329, 46.8061], [-71.2333, 46.8062], [-71.2336, 46.8062], [-71.2339, 46.8063], [-71.2341, 46.8063], [-71.2343, 46.8062], [-71.2344, 46.8062], [-71.2345, 46.8061], [-71.2345, 46.806], [-71.2345, 46.8059], [-71.2345, 46.8058], [-71.2346, 46.8057], [-71.2348, 46.8055], [-71.235, 46.8054], [-71.2353, 46.8052], [-71.2356, 46.805], [-71.236, 46.8048], [-71.2365, 46.8046], [-71.2369, 46.8044], [-71.2372, 46.8042], [-71.2375, 46.8041], [-71.2378, 46.804], [-71.238, 46.8039], [-71.2382, 46.8038], [-71.2384, 46.8038], [-71.2385, 46.8038], [-71.2386, 46.8039], [-71.2386, 46.8038], [-71.2387, 46.8038], [-71.2388, 46.8037], [-71.2388, 46.8036], [-71.2388, 46.8035], [-71.2388, 46.8034], [-71.2389, 46.8033], [-71.239, 46.8032], [-71.2391, 46.8031], [-71.2392, 46.803], [-71.2394, 46.803], [-71.2396, 46.8029], [-71.2398, 46.8028], [-71.24, 46.8028], [-71.2401, 46.8027], [-71.2403, 46.8027], [-71.2405, 46.8027], [-71.2406, 46.8028], [-71.2408, 46.8028], [-71.2409, 46.8029], [-71.241, 46.8029], [-71.2412, 46.8029], [-71.2414, 46.8029], [-71.2417, 46.8029], [-71.2419, 46.8029], [-71.2422, 46.8029], [-71.2425, 46.8029], [-71.2428, 46.8028], [-71.2431, 46.8028], [-71.2433, 46.8027], [-71.2435, 46.8026], [-71.2436, 46.8024], [-71.2437, 46.8023], [-71.2438, 46.8022], [-71.2438, 46.802], [-71.2437, 46.8018], [-71.2437, 46.8016], [-71.2437, 46.8014], [-71.2438, 46.8012], [-71.2438, 46.801], [-71.2439, 46.8007], [-71.244, 46.8005], [-71.2441, 46.8003], [-71.2442, 46.8], [-71.2443, 46.7998], [-71.2444, 46.7996], [-71.2444, 46.7994], [-71.2444, 46.7992], [-71.2443, 46.7991], [-71.2442, 46.799], [-71.2441, 46.799], [-71.2439, 46.7989], [-71.2438, 46.7989], [-71.2437, 46.7989], [-71.2436, 46.7989], [-71.2436, 46.7988], [-71.2437, 46.7987], [-71.2438, 46.7987], [-71.2438, 46.7986], [-71.2439, 46.7985], [-71.244, 46.7984], [-71.2441, 46.7981], [-71.2441, 46.7979], [-71.2442, 46.7976], [-71.2443, 46.7973], [-71.2443, 46.7969], [-71.2443, 46.7966], [-71.2444, 46.7963], [-71.2444, 46.796], [-71.2444, 46.7958], [-71.2443, 46.7956], [-71.2443, 46.7955], [-71.2443, 46.7954], [-71.2442, 46.7953], [-71.2442, 46.7952], [-71.2441, 46.7952], [-71.2441, 46.7951], [-71.2441, 46.795], [-71.2442, 46.795], [-71.2442, 46.7949], [-71.2443, 46.7948], [-71.2444, 46.7947], [-71.2444, 46.7946]]]}}, {"type": "Feature", "properties": {"couche": "aire_marche", "station": "Brown", "ordre": 18, "minutes": 15, "superficie_ha": 196.4, "rue_km": 52.79, "disque_ha": 346.4, "part_disque_pct": 57, "accroche_m": 0, "population": 15189, "navetteurs": 4184, "mode_auto_pct": 51, "mode_tc_pct": 21, "mode_actif_pct": 28, "mode_autre_pct": 0}, "geometry": {"type": "Polygon", "coordinates": [[[-71.2451, 46.7942], [-71.2451, 46.7943], [-71.2451, 46.7945], [-71.2451, 46.7946], [-71.245, 46.7947], [-71.2449, 46.7948], [-71.2449, 46.7949], [-71.2448, 46.7949], [-71.2446, 46.795], [-71.2445, 46.795], [-71.2444, 46.795], [-71.2443, 46.795], [-71.2443, 46.7951], [-71.2444, 46.7952], [-71.2445, 46.7952], [-71.2446, 46.7953], [-71.2448, 46.7953], [-71.2449, 46.7954], [-71.2449, 46.7955], [-71.245, 46.7956], [-71.245, 46.7957], [-71.2451, 46.7958], [-71.2451, 46.7959], [-71.2451, 46.796], [-71.245, 46.7961], [-71.245, 46.7962], [-71.2449, 46.7963], [-71.2448, 46.7964], [-71.2448, 46.7965], [-71.2447, 46.7965], [-71.2446, 46.7965], [-71.2445, 46.7966], [-71.2444, 46.7966], [-71.2444, 46.7967], [-71.2444, 46.7968], [-71.2445, 46.7968], [-71.2445, 46.7969], [-71.2446, 46.797], [-71.2447, 46.7971], [-71.2448, 46.7972], [-71.2448, 46.7973], [-71.2448, 46.7974], [-71.2449, 46.7975], [-71.2449, 46.7976], [-71.2449, 46.7978], [-71.2448, 46.7979], [-71.2448, 46.798], [-71.2448, 46.7982], [-71.2449, 46.7983], [-71.2449, 46.7984], [-71.245, 46.7985], [-71.2451, 46.7986], [-71.2452, 46.7986], [-71.2452, 46.7987], [-71.2453, 46.7988], [-71.2453, 46.7989], [-71.2453, 46.7991], [-71.2452, 46.7992], [-71.2451, 46.7994], [-71.245, 46.7997], [-71.2449, 46.7999], [-71.2448, 46.8002], [-71.2447, 46.8004], [-71.2446, 46.8006], [-71.2446, 46.8008], [-71.2446, 46.8009], [-71.2446, 46.8011], [-71.2447, 46.8012], [-71.2447, 46.8013], [-71.2448, 46.8014], [-71.2448, 46.8015], [-71.2448, 46.8016], [-71.2448, 46.8017], [-71.2447, 46.8017], [-71.2447, 46.8018], [-71.2446, 46.8019], [-71.2444, 46.8019], [-71.2443, 46.802], [-71.2443, 46.8021], [-71.2442, 46.8022], [-71.2442, 46.8023], [-71.2442, 46.8025], [-71.2442, 46.8026], [-71.2443, 46.8027], [-71.2443, 46.8028], [-71.2443, 46.8029], [-71.2442, 46.8029], [-71.244, 46.8029], [-71.2439, 46.8029], [-71.2437, 46.8028], [-71.2436, 46.8028], [-71.2434, 46.8027], [-71.2432, 46.8027], [-71.2431, 46.8027], [-71.2429, 46.8027], [-71.2427, 46.8028], [-71.2425, 46.8029], [-71.2423, 46.8029], [-71.2422, 46.803], [-71.242, 46.803], [-71.2418, 46.8031], [-71.2416, 46.8031], [-71.2415, 46.8031], [-71.2413, 46.803], [-71.2411, 46.803], [-71.2409, 46.8029], [-71.2407, 46.8028], [-71.2406, 46.8028], [-71.2404, 46.8028], [-71.2402, 46.8028], [-71.24, 46.8028], [-71.2398, 46.8028], [-71.2396, 46.8029], [-71.2394, 46.803], [-71.2392, 46.803], [-71.2391, 46.8031], [-71.239, 46.8032], [-71.2389, 46.8033], [-71.2388, 46.8034], [-71.2388, 46.8035], [-71.2388, 46.8036], [-71.2388, 46.8037], [-71.2387, 46.8038], [-71.2386, 46.8038], [-71.2386, 46.8039], [-71.2385, 46.8038], [-71.2384, 46.8038], [-71.2382, 46.8038], [-71.238, 46.8039], [-71.2378, 46.804], [-71.2375, 46.8041], [-71.2372, 46.8042], [-71.2369, 46.8044], [-71.2365, 46.8046], [-71.236, 46.8048], [-71.2356, 46.805], [-71.2353, 46.8052], [-71.2351, 46.8053], [-71.2349, 46.8055], [-71.2348, 46.8056], [-71.2347, 46.8057], [-71.2347, 46.8058], [-71.2348, 46.8059], [-71.2348, 46.806], [-71.2349, 46.8061], [-71.2349, 46.8062], [-71.2349, 46.8063], [-71.2348, 46.8063], [-71.2348, 46.8064], [-71.2347, 46.8065], [-71.2346, 46.8066], [-71.2344, 46.8066], [-71.2343, 46.8067], [-71.2342, 46.8067], [-71.2341, 46.8067], [-71.234, 46.8067], [-71.2339, 46.8066], [-71.2338, 46.8066], [-71.2338, 46.8065], [-71.2336, 46.8065], [-71.2334, 46.8064], [-71.2332, 46.8064], [-71.2329, 46.8064], [-71.2326, 46.8064], [-71.2322, 46.8065], [-71.2318, 46.8066], [-71.2313, 46.8067], [-71.2308, 46.8067], [-71.2305, 46.8068], [-71.2301, 46.8068], [-71.2299, 46.8068], [-71.2297, 46.8067], [-71.2295, 46.8067], [-71.2294, 46.8066], [-71.2293, 46.8065], [-71.2293, 46.8064], [-71.2292, 46.8063], [-71.2291, 46.8063], [-71.229, 46.8063], [-71.2289, 46.8063], [-71.2287, 46.8063], [-71.2286, 46.8064], [-71.2285, 46.8065], [-71.2283, 46.8065], [-71.2281, 46.8066], [-71.228, 46.8067], [-71.2278, 46.8067], [-71.2276, 46.8067], [-71.2274, 46.8067], [-71.2272, 46.8067], [-71.227, 46.8067], [-71.2269, 46.8067], [-71.2267, 46.8067], [-71.2266, 46.8067], [-71.2264, 46.8066], [-71.2263, 46.8066], [-71.2262, 46.8065], [-71.2261, 46.8064], [-71.226, 46.8064], [-71.226, 46.8063], [-71.2259, 46.8063], [-71.2258, 46.8062], [-71.2256, 46.8062], [-71.2255, 46.8062], [-71.2254, 46.8062], [-71.2252, 46.8062], [-71.2251, 46.8062], [-71.225, 46.8062], [-71.2249, 46.8062], [-71.2249, 46.8061], [-71.2249, 46.806], [-71.225, 46.8059], [-71.2251, 46.8058], [-71.2252, 46.8057], [-71.2251, 46.8056], [-71.225, 46.8056], [-71.2249, 46.8057], [-71.2247, 46.8057], [-71.2245, 46.8058], [-71.2242, 46.8059], [-71.2239, 46.8059], [-71.2237, 46.8059], [-71.2236, 46.8058], [-71.2234, 46.8057], [-71.2233, 46.8056], [-71.2233, 46.8053], [-71.2233, 46.8051], [-71.2233, 46.8047], [-71.2233, 46.8044], [-71.2234, 46.8042], [-71.2234, 46.804], [-71.2235, 46.8038], [-71.2236, 46.8036], [-71.2237, 46.8035], [-71.2238, 46.8034], [-71.224, 46.8033], [-71.2241, 46.8032], [-71.2242, 46.8031], [-71.2241, 46.803], [-71.2241, 46.8029], [-71.224, 46.8028], [-71.2239, 46.8027], [-71.2238, 46.8026], [-71.2237, 46.8025], [-71.2237, 46.8024], [-71.2236, 46.8023], [-71.2236, 46.8022], [-71.2236, 46.8021], [-71.2236, 46.802], [-71.2236, 46.8019], [-71.2236, 46.8017], [-71.2237, 46.8016], [-71.2237, 46.8015], [-71.2238, 46.8014], [-71.224, 46.8013], [-71.2241, 46.8012], [-71.2243, 46.8012], [-71.2245, 46.8011], [-71.2246, 46.801], [-71.2247, 46.801], [-71.2248, 46.8009], [-71.2247, 46.8009], [-71.2246, 46.8009], [-71.2245, 46.8009], [-71.2243, 46.8009], [-71.2242, 46.8009], [-71.224, 46.8009], [-71.2239, 46.8009], [-71.2238, 46.8009], [-71.2237, 46.8008], [-71.2236, 46.8008], [-71.2235, 46.8007], [-71.2235, 46.8006], [-71.2235, 46.8005], [-71.2235, 46.8004], [-71.2235, 46.8003], [-71.2236, 46.8003], [-71.2237, 46.8002], [-71.2238, 46.8002], [-71.2239, 46.8001], [-71.2239, 46.8], [-71.224, 46.8], [-71.224, 46.7999], [-71.224, 46.7998], [-71.224, 46.7997], [-71.224, 46.7996], [-71.224, 46.7995], [-71.224, 46.7994], [-71.224, 46.7993], [-71.2241, 46.7992], [-71.2242, 46.7991], [-71.2243, 46.7991], [-71.2244, 46.799], [-71.2245, 46.7989], [-71.2246, 46.7988], [-71.2246, 46.7987], [-71.2246, 46.7986], [-71.2246, 46.7985], [-71.2246, 46.7983], [-71.2245, 46.7981], [-71.2245, 46.7979], [-71.2244, 46.7977], [-71.2244, 46.7976], [-71.2245, 46.7974], [-71.2245, 46.7972], [-71.2247, 46.7971], [-71.2248, 46.7969], [-71.225, 46.7968], [-71.2253, 46.7967], [-71.2255, 46.7966], [-71.2257, 46.7964], [-71.2259, 46.7963], [-71.2261, 46.7962], [-71.2262, 46.7961], [-71.2264, 46.796], [-71.2265, 46.7959], [-71.2266, 46.7958], [-71.2266, 46.7957], [-71.2265, 46.7957], [-71.2264, 46.7957], [-71.2263, 46.7957], [-71.2261, 46.7957], [-71.2259, 46.7958], [-71.2258, 46.7958], [-71.2256, 46.7958], [-71.2256, 46.7957], [-71.2255, 46.7957], [-71.2255, 46.7956], [-71.2255, 46.7955], [-71.2256, 46.7953], [-71.2257, 46.7952], [-71.2258, 46.795], [-71.226, 46.7948], [-71.2263, 46.7946], [-71.2267, 46.7944], [-71.2271, 46.7942], [-71.2276, 46.7939], [-71.2281, 46.7937], [-71.2287, 46.7934], [-71.2292, 46.7932], [-71.2297, 46.7931], [-71.2301, 46.7929], [-71.2305, 46.7928], [-71.2307, 46.7928], [-71.2309, 46.7928], [-71.231, 46.7928], [-71.2311, 46.7929], [-71.2311, 46.793], [-71.2311, 46.7931], [-71.231, 46.7932], [-71.2309, 46.7934], [-71.2308, 46.7935], [-71.2306, 46.7937], [-71.2304, 46.7938], [-71.2303, 46.794], [-71.2302, 46.7941], [-71.2301, 46.7943], [-71.2301, 46.7944], [-71.2301, 46.7946], [-71.2302, 46.7947], [-71.2303, 46.7948], [-71.2305, 46.7949], [-71.2306, 46.795], [-71.2308, 46.795], [-71.2309, 46.7949], [-71.2311, 46.7949], [-71.2312, 46.7947], [-71.2313, 46.7945], [-71.2315, 46.7943], [-71.2316, 46.794], [-71.2317, 46.7938], [-71.2319, 46.7936], [-71.2321, 46.7934], [-71.2323, 46.7933], [-71.2326, 46.7932], [-71.2328, 46.7932], [-71.2331, 46.7932], [-71.2334, 46.7932], [-71.2337, 46.7933], [-71.2339, 46.7933], [-71.2341, 46.7933], [-71.2343, 46.7932], [-71.2345, 46.7932], [-71.2347, 46.7931], [-71.2348, 46.793], [-71.2349, 46.793], [-71.235, 46.7929], [-71.2352, 46.7928], [-71.2353, 46.7928], [-71.2355, 46.7928], [-71.2356, 46.7928], [-71.2358, 46.7929], [-71.236, 46.7929], [-71.2362, 46.793], [-71.2364, 46.7931], [-71.2366, 46.7931], [-71.2369, 46.7932], [-71.2371, 46.7932], [-71.2374, 46.7932], [-71.2377, 46.7933], [-71.238, 46.7933], [-71.2383, 46.7932], [-71.2386, 46.7933], [-71.2388, 46.7933], [-71.239, 46.7933], [-71.2391, 46.7934], [-71.2392, 46.7934], [-71.2393, 46.7935], [-71.2393, 46.7936], [-71.2392, 46.7938], [-71.2392, 46.7939], [-71.2392, 46.794], [-71.2393, 46.7942], [-71.2394, 46.7943], [-71.2395, 46.7945], [-71.2396, 46.7947], [-71.2398, 46.7948], [-71.2401, 46.795], [-71.2402, 46.7952], [-71.2404, 46.7953], [-71.2405, 46.7953], [-71.2406, 46.7954], [-71.2406, 46.7953], [-71.2406, 46.7952], [-71.2405, 46.7951], [-71.2404, 46.795], [-71.2404, 46.7948], [-71.2404, 46.7947], [-71.2405, 46.7946], [-71.2405, 46.7945], [-71.2406, 46.7944], [-71.2408, 46.7942], [-71.2409, 46.7941], [-71.2411, 46.794], [-71.2412, 46.794], [-71.2414, 46.794], [-71.2415, 46.794], [-71.2417, 46.794], [-71.2418, 46.794], [-71.242, 46.7941], [-71.2421, 46.7943], [-71.2422, 46.7943], [-71.2424, 46.7944], [-71.2425, 46.7944], [-71.2426, 46.7944], [-71.2427, 46.7944], [-71.2427, 46.7943], [-71.2428, 46.7942], [-71.2428, 46.794], [-71.2429, 46.7939], [-71.243, 46.7938], [-71.2431, 46.7938], [-71.2431, 46.7937], [-71.2432, 46.7937], [-71.2433, 46.7937], [-71.2434, 46.7937], [-71.2436, 46.7938], [-71.2437, 46.7938], [-71.2438, 46.7938], [-71.2439, 46.7939], [-71.244, 46.7939], [-71.2442, 46.7939], [-71.2443, 46.7938], [-71.2444, 46.7938], [-71.2445, 46.7938], [-71.2447, 46.7938], [-71.2448, 46.7938], [-71.2449, 46.7939], [-71.245, 46.794], [-71.245, 46.7941], [-71.2451, 46.7942]]]}}, {"type": "Feature", "properties": {"couche": "voile", "station": "Brown", "minutes": 15}, "geometry": {"type": "Polygon", "coordinates": [[[-71.4044, 46.9135], [-71.0672, 46.9157], [-71.0648, 46.6858], [-71.4006, 46.6836], [-71.4044, 46.9135]], [[-71.245, 46.7941], [-71.245, 46.794], [-71.2449, 46.7939], [-71.2448, 46.7938], [-71.2447, 46.7938], [-71.2445, 46.7938], [-71.2444, 46.7938], [-71.2443, 46.7938], [-71.2442, 46.7939], [-71.244, 46.7939], [-71.2439, 46.7939], [-71.2438, 46.7938], [-71.2437, 46.7938], [-71.2436, 46.7938], [-71.2434, 46.7937], [-71.2433, 46.7937], [-71.2432, 46.7937], [-71.2431, 46.7937], [-71.2431, 46.7938], [-71.243, 46.7938], [-71.2429, 46.7939], [-71.2428, 46.794], [-71.2428, 46.7942], [-71.2427, 46.7943], [-71.2427, 46.7944], [-71.2426, 46.7944], [-71.2425, 46.7944], [-71.2424, 46.7944], [-71.2422, 46.7943], [-71.2421, 46.7943], [-71.242, 46.7941], [-71.2418, 46.794], [-71.2417, 46.794], [-71.2415, 46.794], [-71.2414, 46.794], [-71.2412, 46.794], [-71.2411, 46.794], [-71.2409, 46.7941], [-71.2408, 46.7942], [-71.2406, 46.7944], [-71.2405, 46.7945], [-71.2405, 46.7946], [-71.2404, 46.7947], [-71.2404, 46.7948], [-71.2404, 46.795], [-71.2405, 46.7951], [-71.2406, 46.7952], [-71.2406, 46.7953], [-71.2406, 46.7954], [-71.2405, 46.7953], [-71.2404, 46.7953], [-71.2402, 46.7952], [-71.2401, 46.795], [-71.2398, 46.7948], [-71.2396, 46.7947], [-71.2395, 46.7945], [-71.2394, 46.7943], [-71.2393, 46.7942], [-71.2392, 46.794], [-71.2392, 46.7939], [-71.2392, 46.7938], [-71.2393, 46.7936], [-71.2393, 46.7935], [-71.2392, 46.7934], [-71.2391, 46.7934], [-71.239, 46.7933], [-71.2388, 46.7933], [-71.2386, 46.7933], [-71.2383, 46.7932], [-71.238, 46.7933], [-71.2377, 46.7933], [-71.2374, 46.7932], [-71.2371, 46.7932], [-71.2369, 46.7932], [-71.2366, 46.7931], [-71.2364, 46.7931], [-71.2362, 46.793], [-71.236, 46.7929], [-71.2358, 46.7929], [-71.2356, 46.7928], [-71.2355, 46.7928], [-71.2353, 46.7928], [-71.2352, 46.7928], [-71.235, 46.7929], [-71.2349, 46.793], [-71.2348, 46.793], [-71.2347, 46.7931], [-71.2345, 46.7932], [-71.2343, 46.7932], [-71.2341, 46.7933], [-71.2339, 46.7933], [-71.2337, 46.7933], [-71.2334, 46.7932], [-71.2331, 46.7932], [-71.2328, 46.7932], [-71.2326, 46.7932], [-71.2323, 46.7933], [-71.2321, 46.7934], [-71.2319, 46.7936], [-71.2317, 46.7938], [-71.2316, 46.794], [-71.2315, 46.7943], [-71.2313, 46.7945], [-71.2312, 46.7947], [-71.2311, 46.7949], [-71.2309, 46.7949], [-71.2308, 46.795], [-71.2306, 46.795], [-71.2305, 46.7949], [-71.2303, 46.7948], [-71.2302, 46.7947], [-71.2301, 46.7946], [-71.2301, 46.7944], [-71.2301, 46.7943], [-71.2302, 46.7941], [-71.2303, 46.794], [-71.2304, 46.7938], [-71.2306, 46.7937], [-71.2308, 46.7935], [-71.2309, 46.7934], [-71.231, 46.7932], [-71.2311, 46.7931], [-71.2311, 46.793], [-71.2311, 46.7929], [-71.231, 46.7928], [-71.2309, 46.7928], [-71.2307, 46.7928], [-71.2305, 46.7928], [-71.2301, 46.7929], [-71.2297, 46.7931], [-71.2292, 46.7932], [-71.2287, 46.7934], [-71.2281, 46.7937], [-71.2276, 46.7939], [-71.2271, 46.7942], [-71.2267, 46.7944], [-71.2263, 46.7946], [-71.226, 46.7948], [-71.2258, 46.795], [-71.2257, 46.7952], [-71.2256, 46.7953], [-71.2255, 46.7955], [-71.2255, 46.7956], [-71.2255, 46.7957], [-71.2256, 46.7957], [-71.2256, 46.7958], [-71.2258, 46.7958], [-71.2259, 46.7958], [-71.2261, 46.7957], [-71.2263, 46.7957], [-71.2264, 46.7957], [-71.2265, 46.7957], [-71.2266, 46.7957], [-71.2266, 46.7958], [-71.2265, 46.7959], [-71.2264, 46.796], [-71.2262, 46.7961], [-71.2261, 46.7962], [-71.2259, 46.7963], [-71.2257, 46.7964], [-71.2255, 46.7966], [-71.2253, 46.7967], [-71.225, 46.7968], [-71.2248, 46.7969], [-71.2247, 46.7971], [-71.2245, 46.7972], [-71.2245, 46.7974], [-71.2244, 46.7976], [-71.2244, 46.7977], [-71.2245, 46.7979], [-71.2245, 46.7981], [-71.2246, 46.7983], [-71.2246, 46.7985], [-71.2246, 46.7986], [-71.2246, 46.7987], [-71.2246, 46.7988], [-71.2245, 46.7989], [-71.2244, 46.799], [-71.2243, 46.7991], [-71.2242, 46.7991], [-71.2241, 46.7992], [-71.224, 46.7993], [-71.224, 46.7994], [-71.224, 46.7995], [-71.224, 46.7996], [-71.224, 46.7997], [-71.224, 46.7998], [-71.224, 46.7999], [-71.224, 46.8], [-71.2239, 46.8], [-71.2239, 46.8001], [-71.2238, 46.8002], [-71.2237, 46.8002], [-71.2236, 46.8003], [-71.2235, 46.8003], [-71.2235, 46.8004], [-71.2235, 46.8005], [-71.2235, 46.8006], [-71.2235, 46.8007], [-71.2236, 46.8008], [-71.2237, 46.8008], [-71.2238, 46.8009], [-71.2239, 46.8009], [-71.224, 46.8009], [-71.2242, 46.8009], [-71.2243, 46.8009], [-71.2245, 46.8009], [-71.2246, 46.8009], [-71.2247, 46.8009], [-71.2248, 46.8009], [-71.2247, 46.801], [-71.2246, 46.801], [-71.2245, 46.8011], [-71.2243, 46.8012], [-71.2241, 46.8012], [-71.224, 46.8013], [-71.2238, 46.8014], [-71.2237, 46.8015], [-71.2237, 46.8016], [-71.2236, 46.8017], [-71.2236, 46.8019], [-71.2236, 46.802], [-71.2236, 46.8021], [-71.2236, 46.8022], [-71.2236, 46.8023], [-71.2237, 46.8024], [-71.2237, 46.8025], [-71.2238, 46.8026], [-71.2239, 46.8027], [-71.224, 46.8028], [-71.2241, 46.8029], [-71.2241, 46.803], [-71.2242, 46.8031], [-71.2241, 46.8032], [-71.224, 46.8033], [-71.2238, 46.8034], [-71.2237, 46.8035], [-71.2236, 46.8036], [-71.2235, 46.8038], [-71.2234, 46.804], [-71.2234, 46.8042], [-71.2233, 46.8044], [-71.2233, 46.8047], [-71.2233, 46.8051], [-71.2233, 46.8053], [-71.2233, 46.8056], [-71.2234, 46.8057], [-71.2236, 46.8058], [-71.2237, 46.8059], [-71.2239, 46.8059], [-71.2242, 46.8059], [-71.2245, 46.8058], [-71.2247, 46.8057], [-71.2249, 46.8057], [-71.225, 46.8056], [-71.2251, 46.8056], [-71.2252, 46.8057], [-71.2251, 46.8058], [-71.225, 46.8059], [-71.2249, 46.806], [-71.2249, 46.8061], [-71.2249, 46.8062], [-71.225, 46.8062], [-71.2251, 46.8062], [-71.2252, 46.8062], [-71.2254, 46.8062], [-71.2255, 46.8062], [-71.2256, 46.8062], [-71.2258, 46.8062], [-71.2259, 46.8063], [-71.226, 46.8063], [-71.226, 46.8064], [-71.2261, 46.8064], [-71.2262, 46.8065], [-71.2263, 46.8066], [-71.2264, 46.8066], [-71.2266, 46.8067], [-71.2267, 46.8067], [-71.2269, 46.8067], [-71.227, 46.8067], [-71.2272, 46.8067], [-71.2274, 46.8067], [-71.2276, 46.8067], [-71.2278, 46.8067], [-71.228, 46.8067], [-71.2281, 46.8066], [-71.2283, 46.8065], [-71.2285, 46.8065], [-71.2286, 46.8064], [-71.2287, 46.8063], [-71.2289, 46.8063], [-71.229, 46.8063], [-71.2291, 46.8063], [-71.2292, 46.8063], [-71.2293, 46.8064], [-71.2293, 46.8065], [-71.2294, 46.8066], [-71.2295, 46.8067], [-71.2297, 46.8067], [-71.2299, 46.8068], [-71.2301, 46.8068], [-71.2305, 46.8068], [-71.2308, 46.8067], [-71.2313, 46.8067], [-71.2318, 46.8066], [-71.2322, 46.8065], [-71.2326, 46.8064], [-71.2329, 46.8064], [-71.2332, 46.8064], [-71.2334, 46.8064], [-71.2336, 46.8065], [-71.2338, 46.8065], [-71.2338, 46.8066], [-71.2339, 46.8066], [-71.234, 46.8067], [-71.2341, 46.8067], [-71.2342, 46.8067], [-71.2343, 46.8067], [-71.2344, 46.8066], [-71.2346, 46.8066], [-71.2347, 46.8065], [-71.2348, 46.8064], [-71.2348, 46.8063], [-71.2349, 46.8063], [-71.2349, 46.8062], [-71.2349, 46.8061], [-71.2348, 46.806], [-71.2348, 46.8059], [-71.2347, 46.8058], [-71.2347, 46.8057], [-71.2348, 46.8056], [-71.2349, 46.8055], [-71.2351, 46.8053], [-71.2353, 46.8052], [-71.2356, 46.805], [-71.236, 46.8048], [-71.2365, 46.8046], [-71.2369, 46.8044], [-71.2372, 46.8042], [-71.2375, 46.8041], [-71.2378, 46.804], [-71.238, 46.8039], [-71.2382, 46.8038], [-71.2384, 46.8038], [-71.2385, 46.8038], [-71.2386, 46.8039], [-71.2386, 46.8038], [-71.2387, 46.8038], [-71.2388, 46.8037], [-71.2388, 46.8036], [-71.2388, 46.8035], [-71.2388, 46.8034], [-71.2389, 46.8033], [-71.239, 46.8032], [-71.2391, 46.8031], [-71.2392, 46.803], [-71.2394, 46.803], [-71.2396, 46.8029], [-71.2398, 46.8028], [-71.24, 46.8028], [-71.2402, 46.8028], [-71.2404, 46.8028], [-71.2406, 46.8028], [-71.2407, 46.8028], [-71.2409, 46.8029], [-71.2411, 46.803], [-71.2413, 46.803], [-71.2415, 46.8031], [-71.2416, 46.8031], [-71.2418, 46.8031], [-71.242, 46.803], [-71.2422, 46.803], [-71.2423, 46.8029], [-71.2425, 46.8029], [-71.2427, 46.8028], [-71.2429, 46.8027], [-71.2431, 46.8027], [-71.2432, 46.8027], [-71.2434, 46.8027], [-71.2436, 46.8028], [-71.2437, 46.8028], [-71.2439, 46.8029], [-71.244, 46.8029], [-71.2442, 46.8029], [-71.2443, 46.8029], [-71.2443, 46.8028], [-71.2443, 46.8027], [-71.2442, 46.8026], [-71.2442, 46.8025], [-71.2442, 46.8023], [-71.2442, 46.8022], [-71.2443, 46.8021], [-71.2443, 46.802], [-71.2444, 46.8019], [-71.2446, 46.8019], [-71.2447, 46.8018], [-71.2447, 46.8017], [-71.2448, 46.8017], [-71.2448, 46.8016], [-71.2448, 46.8015], [-71.2448, 46.8014], [-71.2447, 46.8013], [-71.2447, 46.8012], [-71.2446, 46.8011], [-71.2446, 46.8009], [-71.2446, 46.8008], [-71.2446, 46.8006], [-71.2447, 46.8004], [-71.2448, 46.8002], [-71.2449, 46.7999], [-71.245, 46.7997], [-71.2451, 46.7994], [-71.2452, 46.7992], [-71.2453, 46.7991], [-71.2453, 46.7989], [-71.2453, 46.7988], [-71.2452, 46.7987], [-71.2452, 46.7986], [-71.2451, 46.7986], [-71.245, 46.7985], [-71.2449, 46.7984], [-71.2449, 46.7983], [-71.2448, 46.7982], [-71.2448, 46.798], [-71.2448, 46.7979], [-71.2449, 46.7978], [-71.2449, 46.7976], [-71.2449, 46.7975], [-71.2448, 46.7974], [-71.2448, 46.7973], [-71.2448, 46.7972], [-71.2447, 46.7971], [-71.2446, 46.797], [-71.2445, 46.7969], [-71.2445, 46.7968], [-71.2444, 46.7968], [-71.2444, 46.7967], [-71.2444, 46.7966], [-71.2445, 46.7966], [-71.2446, 46.7965], [-71.2447, 46.7965], [-71.2448, 46.7965], [-71.2448, 46.7964], [-71.2449, 46.7963], [-71.245, 46.7962], [-71.245, 46.7961], [-71.2451, 46.796], [-71.2451, 46.7959], [-71.2451, 46.7958], [-71.245, 46.7957], [-71.245, 46.7956], [-71.2449, 46.7955], [-71.2449, 46.7954], [-71.2448, 46.7953], [-71.2446, 46.7953], [-71.2445, 46.7952], [-71.2444, 46.7952], [-71.2443, 46.7951], [-71.2443, 46.795], [-71.2444, 46.795], [-71.2445, 46.795], [-71.2446, 46.795], [-71.2448, 46.7949], [-71.2449, 46.7949], [-71.2449, 46.7948], [-71.245, 46.7947], [-71.2451, 46.7946], [-71.2451, 46.7945], [-71.2451, 46.7943], [-71.2451, 46.7942], [-71.245, 46.7941]]]}}]}