{"type": "FeatureCollection", "metadata": {"script": "scripts/analysis/tramway-isochrones.py", "genere_le": "2026-10-05", "source": "OpenStreetMap (ODbL) ; Statistique Canada, Recensement 2021", "attribution": "© les contributeurs d'OpenStreetMap", "titre": "Aires de marche et voiles — Cartier", "paliers_min": [2, 3, 4, 5, 6, 7, 8, 9, 10, 11, 12, 13, 14, 15], "vitesse_kmh": 4.2, "methode": "Dijkstra sur le réseau marchable d'OpenStreetMap à 4.2 km/h ; couloir de 40 m autour des rues atteintes. Chaque voile est le complément de l'aire du même palier. Population par pondération de surface des aires de diffusion.", "trous": "comblés — intérieurs de grands îlots, pas des zones inaccessibles", "modes": "Mode de transport domicile–travail, recensement 2021 (mai 2021, en pleine pandémie), données-échantillon 25 %, réparti par pondération de surface."}, "features": [{"type": "Feature", "properties": {"couche": "aire_marche", "station": "Cartier", "ordre": 19, "minutes": 2, "superficie_ha": 5.7, "rue_km": 1.51, "disque_ha": 6.2, "part_disque_pct": 92, "accroche_m": 1, "population": 613, "navetteurs": 235, "mode_auto_pct": 55, "mode_tc_pct": 18, "mode_actif_pct": 27, "mode_autre_pct": 0}, "geometry": {"type": "Polygon", "coordinates": [[[-71.2284, 46.8044], [-71.2283, 46.8047], [-71.2282, 46.8049], [-71.2281, 46.8051], [-71.2279, 46.8052], [-71.2276, 46.8053], [-71.2274, 46.8054], [-71.227, 46.8054], [-71.2267, 46.8054], [-71.2263, 46.8054], [-71.2259, 46.8054], [-71.2256, 46.8053], [-71.2253, 46.8053], [-71.2251, 46.8052], [-71.225, 46.8051], [-71.2249, 46.8051], [-71.2248, 46.805], [-71.2248, 46.8049], [-71.2248, 46.8048], [-71.2249, 46.8047], [-71.225, 46.8046], [-71.2251, 46.8045], [-71.2252, 46.8045], [-71.2253, 46.8045], [-71.2254, 46.8044], [-71.2255, 46.8044], [-71.2255, 46.8043], [-71.2256, 46.8043], [-71.2255, 46.8042], [-71.2254, 46.8042], [-71.2253, 46.8042], [-71.2252, 46.8041], [-71.2251, 46.8041], [-71.2251, 46.804], [-71.225, 46.804], [-71.225, 46.8039], [-71.225, 46.8038], [-71.225, 46.8036], [-71.225, 46.8035], [-71.2251, 46.8034], [-71.2252, 46.8033], [-71.2253, 46.8032], [-71.2254, 46.8031], [-71.2255, 46.8031], [-71.2257, 46.8031], [-71.2258, 46.803], [-71.226, 46.803], [-71.2262, 46.8031], [-71.2263, 46.8031], [-71.2265, 46.8031], [-71.2266, 46.8032], [-71.2267, 46.8033], [-71.2267, 46.8034], [-71.2268, 46.8035], [-71.2269, 46.8036], [-71.227, 46.8036], [-71.2271, 46.8036], [-71.2272, 46.8035], [-71.2273, 46.8035], [-71.2275, 46.8034], [-71.2276, 46.8033], [-71.2277, 46.8033], [-71.2278, 46.8033], [-71.228, 46.8032], [-71.2281, 46.8032], [-71.2281, 46.8033], [-71.2282, 46.8033], [-71.2283, 46.8034], [-71.2284, 46.8034], [-71.2284, 46.8035], [-71.2284, 46.8037], [-71.2284, 46.8038], [-71.2284, 46.804], [-71.2284, 46.8042], [-71.2284, 46.8044]]]}}, {"type": "Feature", "properties": {"couche": "voile", "station": "Cartier", "minutes": 2}, "geometry": {"type": "Polygon", "coordinates": [[[-71.3874, 46.9122], [-71.0687, 46.9143], [-71.0664, 46.6959], [-71.3838, 46.6939], [-71.3874, 46.9122]], [[-71.2284, 46.8042], [-71.2284, 46.804], [-71.2284, 46.8038], [-71.2284, 46.8037], [-71.2284, 46.8035], [-71.2284, 46.8034], [-71.2283, 46.8034], [-71.2282, 46.8033], [-71.2281, 46.8033], [-71.2281, 46.8032], [-71.228, 46.8032], [-71.2278, 46.8033], [-71.2277, 46.8033], [-71.2276, 46.8033], [-71.2275, 46.8034], [-71.2273, 46.8035], [-71.2272, 46.8035], [-71.2271, 46.8036], [-71.227, 46.8036], [-71.2269, 46.8036], [-71.2268, 46.8035], [-71.2267, 46.8034], [-71.2267, 46.8033], [-71.2266, 46.8032], [-71.2265, 46.8031], [-71.2263, 46.8031], [-71.2262, 46.8031], [-71.226, 46.803], [-71.2258, 46.803], [-71.2257, 46.8031], [-71.2255, 46.8031], [-71.2254, 46.8031], [-71.2253, 46.8032], [-71.2252, 46.8033], [-71.2251, 46.8034], [-71.225, 46.8035], [-71.225, 46.8036], [-71.225, 46.8038], [-71.225, 46.8039], [-71.225, 46.804], [-71.2251, 46.804], [-71.2251, 46.8041], [-71.2252, 46.8041], [-71.2253, 46.8042], [-71.2254, 46.8042], [-71.2255, 46.8042], [-71.2256, 46.8043], [-71.2255, 46.8043], [-71.2255, 46.8044], [-71.2254, 46.8044], [-71.2253, 46.8045], [-71.2252, 46.8045], [-71.2251, 46.8045], [-71.225, 46.8046], [-71.2249, 46.8047], [-71.2248, 46.8048], [-71.2248, 46.8049], [-71.2248, 46.805], [-71.2249, 46.8051], [-71.225, 46.8051], [-71.2251, 46.8052], [-71.2253, 46.8053], [-71.2256, 46.8053], [-71.2259, 46.8054], [-71.2263, 46.8054], [-71.2267, 46.8054], [-71.227, 46.8054], [-71.2274, 46.8054], [-71.2276, 46.8053], [-71.2279, 46.8052], [-71.2281, 46.8051], [-71.2282, 46.8049], [-71.2283, 46.8047], [-71.2284, 46.8044], [-71.2284, 46.8042]]]}}, {"type": "Feature", "properties": {"couche": "aire_marche", "station": "Cartier", "ordre": 19, "minutes": 3, "superficie_ha": 10.9, "rue_km": 2.79, "disque_ha": 13.9, "part_disque_pct": 78, "accroche_m": 1, "population": 1151, "navetteurs": 426, "mode_auto_pct": 54, "mode_tc_pct": 18, "mode_actif_pct": 28, "mode_autre_pct": 0}, "geometry": {"type": "Polygon", "coordinates": [[[-71.2289, 46.8042], [-71.2289, 46.8046], [-71.2288, 46.805], [-71.2287, 46.8053], [-71.2287, 46.8055], [-71.2286, 46.8057], [-71.2285, 46.8059], [-71.2283, 46.8059], [-71.2282, 46.806], [-71.2281, 46.806], [-71.2279, 46.806], [-71.2278, 46.806], [-71.2277, 46.8059], [-71.2276, 46.8059], [-71.2276, 46.8058], [-71.2275, 46.8058], [-71.2275, 46.8057], [-71.2274, 46.8056], [-71.2273, 46.8055], [-71.2272, 46.8055], [-71.2271, 46.8055], [-71.227, 46.8056], [-71.2269, 46.8056], [-71.2268, 46.8057], [-71.2267, 46.8058], [-71.2266, 46.8058], [-71.2265, 46.8058], [-71.2263, 46.8058], [-71.2262, 46.8058], [-71.2261, 46.8058], [-71.226, 46.8057], [-71.2259, 46.8057], [-71.2257, 46.8056], [-71.2256, 46.8056], [-71.2255, 46.8055], [-71.2253, 46.8055], [-71.2252, 46.8055], [-71.225, 46.8055], [-71.2248, 46.8055], [-71.2247, 46.8056], [-71.2245, 46.8056], [-71.2244, 46.8055], [-71.2243, 46.8055], [-71.2242, 46.8054], [-71.2242, 46.8053], [-71.2241, 46.8052], [-71.2241, 46.805], [-71.2241, 46.8048], [-71.2242, 46.8047], [-71.2242, 46.8045], [-71.2243, 46.8044], [-71.2243, 46.8042], [-71.2244, 46.8041], [-71.2245, 46.804], [-71.2246, 46.804], [-71.2247, 46.8039], [-71.2248, 46.8038], [-71.2249, 46.8037], [-71.2248, 46.8036], [-71.2247, 46.8036], [-71.2246, 46.8036], [-71.2246, 46.8035], [-71.2245, 46.8035], [-71.2244, 46.8034], [-71.2244, 46.8033], [-71.2244, 46.8032], [-71.2244, 46.8031], [-71.2244, 46.803], [-71.2245, 46.8029], [-71.2245, 46.8028], [-71.2246, 46.8027], [-71.2247, 46.8026], [-71.2249, 46.8026], [-71.225, 46.8026], [-71.2251, 46.8026], [-71.2253, 46.8026], [-71.2255, 46.8026], [-71.2256, 46.8026], [-71.2257, 46.8026], [-71.2258, 46.8027], [-71.2259, 46.8027], [-71.2259, 46.8028], [-71.226, 46.8028], [-71.226, 46.8029], [-71.2261, 46.803], [-71.2262, 46.803], [-71.2264, 46.803], [-71.2265, 46.803], [-71.2267, 46.8029], [-71.2268, 46.8029], [-71.227, 46.8029], [-71.2271, 46.8028], [-71.2272, 46.8029], [-71.2272, 46.803], [-71.2272, 46.8031], [-71.2271, 46.8033], [-71.227, 46.8034], [-71.227, 46.8035], [-71.2271, 46.8034], [-71.2272, 46.8034], [-71.2273, 46.8033], [-71.2275, 46.8031], [-71.2276, 46.803], [-71.2278, 46.8029], [-71.2279, 46.8029], [-71.2281, 46.8028], [-71.2282, 46.8028], [-71.2284, 46.8027], [-71.2285, 46.8027], [-71.2286, 46.8027], [-71.2287, 46.8028], [-71.2288, 46.8029], [-71.2289, 46.8031], [-71.2289, 46.8033], [-71.2289, 46.8035], [-71.2289, 46.8038], [-71.2289, 46.8042]]]}}, {"type": "Feature", "properties": {"couche": "voile", "station": "Cartier", "minutes": 3}, "geometry": {"type": "Polygon", "coordinates": [[[-71.3879, 46.9128], [-71.068, 46.9149], [-71.0657, 46.6955], [-71.3843, 46.6935], [-71.3879, 46.9128]], [[-71.2289, 46.8038], [-71.2289, 46.8035], [-71.2289, 46.8033], [-71.2289, 46.8031], [-71.2288, 46.8029], [-71.2287, 46.8028], [-71.2286, 46.8027], [-71.2285, 46.8027], [-71.2284, 46.8027], [-71.2282, 46.8028], [-71.2281, 46.8028], [-71.2279, 46.8029], [-71.2278, 46.8029], [-71.2276, 46.803], [-71.2275, 46.8031], [-71.2273, 46.8033], [-71.2272, 46.8034], [-71.2271, 46.8034], [-71.227, 46.8035], [-71.227, 46.8034], [-71.2271, 46.8033], [-71.2272, 46.8031], [-71.2272, 46.803], [-71.2272, 46.8029], [-71.2271, 46.8028], [-71.227, 46.8029], [-71.2268, 46.8029], [-71.2267, 46.8029], [-71.2265, 46.803], [-71.2264, 46.803], [-71.2262, 46.803], [-71.2261, 46.803], [-71.226, 46.8029], [-71.226, 46.8028], [-71.2259, 46.8028], [-71.2259, 46.8027], [-71.2258, 46.8027], [-71.2257, 46.8026], [-71.2256, 46.8026], [-71.2255, 46.8026], [-71.2253, 46.8026], [-71.2251, 46.8026], [-71.225, 46.8026], [-71.2249, 46.8026], [-71.2247, 46.8026], [-71.2246, 46.8027], [-71.2245, 46.8028], [-71.2245, 46.8029], [-71.2244, 46.803], [-71.2244, 46.8031], [-71.2244, 46.8032], [-71.2244, 46.8033], [-71.2244, 46.8034], [-71.2245, 46.8035], [-71.2246, 46.8035], [-71.2246, 46.8036], [-71.2247, 46.8036], [-71.2248, 46.8036], [-71.2249, 46.8037], [-71.2248, 46.8038], [-71.2247, 46.8039], [-71.2246, 46.804], [-71.2245, 46.804], [-71.2244, 46.8041], [-71.2243, 46.8042], [-71.2243, 46.8044], [-71.2242, 46.8045], [-71.2242, 46.8047], [-71.2241, 46.8048], [-71.2241, 46.805], [-71.2241, 46.8052], [-71.2242, 46.8053], [-71.2242, 46.8054], [-71.2243, 46.8055], [-71.2244, 46.8055], [-71.2245, 46.8056], [-71.2247, 46.8056], [-71.2248, 46.8055], [-71.225, 46.8055], [-71.2252, 46.8055], [-71.2253, 46.8055], [-71.2255, 46.8055], [-71.2256, 46.8056], [-71.2257, 46.8056], [-71.2259, 46.8057], [-71.226, 46.8057], [-71.2261, 46.8058], [-71.2262, 46.8058], [-71.2263, 46.8058], [-71.2265, 46.8058], [-71.2266, 46.8058], [-71.2267, 46.8058], [-71.2268, 46.8057], [-71.2269, 46.8056], [-71.227, 46.8056], [-71.2271, 46.8055], [-71.2272, 46.8055], [-71.2273, 46.8055], [-71.2274, 46.8056], [-71.2275, 46.8057], [-71.2275, 46.8058], [-71.2276, 46.8058], [-71.2276, 46.8059], [-71.2277, 46.8059], [-71.2278, 46.806], [-71.2279, 46.806], [-71.2281, 46.806], [-71.2282, 46.806], [-71.2283, 46.8059], [-71.2285, 46.8059], [-71.2286, 46.8057], [-71.2287, 46.8055], [-71.2287, 46.8053], [-71.2288, 46.805], [-71.2289, 46.8046], [-71.2289, 46.8042], [-71.2289, 46.8038]]]}}, {"type": "Feature", "properties": {"couche": "aire_marche", "station": "Cartier", "ordre": 19, "minutes": 4, "superficie_ha": 18.1, "rue_km": 4.49, "disque_ha": 24.6, "part_disque_pct": 74, "accroche_m": 1, "population": 1938, "navetteurs": 671, "mode_auto_pct": 53, "mode_tc_pct": 19, "mode_actif_pct": 28, "mode_autre_pct": 0}, "geometry": {"type": "Polygon", "coordinates": [[[-71.2296, 46.8038], [-71.2296, 46.8042], [-71.2296, 46.8046], [-71.2295, 46.805], [-71.2295, 46.8053], [-71.2294, 46.8055], [-71.2293, 46.8057], [-71.2292, 46.8059], [-71.2291, 46.806], [-71.229, 46.8061], [-71.2288, 46.8062], [-71.2286, 46.8063], [-71.2284, 46.8063], [-71.2281, 46.8064], [-71.2278, 46.8064], [-71.2274, 46.8064], [-71.2271, 46.8064], [-71.2266, 46.8064], [-71.2263, 46.8063], [-71.226, 46.8063], [-71.2257, 46.8063], [-71.2255, 46.8062], [-71.2254, 46.8061], [-71.2253, 46.806], [-71.2253, 46.8059], [-71.2253, 46.8058], [-71.2253, 46.8057], [-71.2252, 46.8056], [-71.2251, 46.8056], [-71.2249, 46.8056], [-71.2248, 46.8057], [-71.2245, 46.8057], [-71.2243, 46.8058], [-71.2241, 46.8058], [-71.2239, 46.8058], [-71.2237, 46.8058], [-71.2236, 46.8057], [-71.2235, 46.8055], [-71.2235, 46.8053], [-71.2235, 46.8051], [-71.2235, 46.8048], [-71.2235, 46.8045], [-71.2236, 46.8043], [-71.2236, 46.804], [-71.2237, 46.8039], [-71.2237, 46.8037], [-71.2238, 46.8036], [-71.2239, 46.8035], [-71.224, 46.8034], [-71.2241, 46.8033], [-71.2242, 46.8032], [-71.2242, 46.8031], [-71.2242, 46.803], [-71.2243, 46.8029], [-71.2242, 46.8028], [-71.2242, 46.8027], [-71.2241, 46.8025], [-71.2241, 46.8024], [-71.2241, 46.8023], [-71.2241, 46.8022], [-71.2242, 46.8022], [-71.2242, 46.8021], [-71.2243, 46.8021], [-71.2245, 46.8021], [-71.2246, 46.8021], [-71.2248, 46.8021], [-71.2249, 46.8021], [-71.225, 46.8021], [-71.2251, 46.8021], [-71.2252, 46.8022], [-71.2253, 46.8023], [-71.2254, 46.8024], [-71.2255, 46.8024], [-71.2256, 46.8024], [-71.2257, 46.8024], [-71.2258, 46.8024], [-71.226, 46.8024], [-71.2261, 46.8023], [-71.2262, 46.8023], [-71.2263, 46.8023], [-71.2264, 46.8023], [-71.2264, 46.8024], [-71.2264, 46.8025], [-71.2264, 46.8026], [-71.2263, 46.8027], [-71.2263, 46.8028], [-71.2262, 46.8029], [-71.2263, 46.8029], [-71.2264, 46.8029], [-71.2265, 46.8028], [-71.2267, 46.8027], [-71.2269, 46.8026], [-71.2271, 46.8025], [-71.2272, 46.8024], [-71.2274, 46.8024], [-71.2275, 46.8024], [-71.2277, 46.8024], [-71.2278, 46.8024], [-71.228, 46.8024], [-71.2281, 46.8025], [-71.2282, 46.8026], [-71.2283, 46.8026], [-71.2285, 46.8026], [-71.2286, 46.8026], [-71.2287, 46.8026], [-71.2289, 46.8026], [-71.229, 46.8026], [-71.2291, 46.8025], [-71.2293, 46.8025], [-71.2294, 46.8026], [-71.2295, 46.8027], [-71.2295, 46.8029], [-71.2296, 46.8031], [-71.2296, 46.8035], [-71.2296, 46.8038]]]}}, {"type": "Feature", "properties": {"couche": "voile", "station": "Cartier", "minutes": 4}, "geometry": {"type": "Polygon", "coordinates": [[[-71.3886, 46.9132], [-71.0674, 46.9153], [-71.0651, 46.695], [-71.385, 46.693], [-71.3886, 46.9132]], [[-71.2296, 46.8035], [-71.2296, 46.8031], [-71.2295, 46.8029], [-71.2295, 46.8027], [-71.2294, 46.8026], [-71.2293, 46.8025], [-71.2291, 46.8025], [-71.229, 46.8026], [-71.2289, 46.8026], [-71.2287, 46.8026], [-71.2286, 46.8026], [-71.2285, 46.8026], [-71.2283, 46.8026], [-71.2282, 46.8026], [-71.2281, 46.8025], [-71.228, 46.8024], [-71.2278, 46.8024], [-71.2277, 46.8024], [-71.2275, 46.8024], [-71.2274, 46.8024], [-71.2272, 46.8024], [-71.2271, 46.8025], [-71.2269, 46.8026], [-71.2267, 46.8027], [-71.2265, 46.8028], [-71.2264, 46.8029], [-71.2263, 46.8029], [-71.2262, 46.8029], [-71.2263, 46.8028], [-71.2263, 46.8027], [-71.2264, 46.8026], [-71.2264, 46.8025], [-71.2264, 46.8024], [-71.2264, 46.8023], [-71.2263, 46.8023], [-71.2262, 46.8023], [-71.2261, 46.8023], [-71.226, 46.8024], [-71.2258, 46.8024], [-71.2257, 46.8024], [-71.2256, 46.8024], [-71.2255, 46.8024], [-71.2254, 46.8024], [-71.2253, 46.8023], [-71.2252, 46.8022], [-71.2251, 46.8021], [-71.225, 46.8021], [-71.2249, 46.8021], [-71.2248, 46.8021], [-71.2246, 46.8021], [-71.2245, 46.8021], [-71.2243, 46.8021], [-71.2242, 46.8021], [-71.2242, 46.8022], [-71.2241, 46.8022], [-71.2241, 46.8023], [-71.2241, 46.8024], [-71.2241, 46.8025], [-71.2242, 46.8027], [-71.2242, 46.8028], [-71.2243, 46.8029], [-71.2242, 46.803], [-71.2242, 46.8031], [-71.2242, 46.8032], [-71.2241, 46.8033], [-71.224, 46.8034], [-71.2239, 46.8035], [-71.2238, 46.8036], [-71.2237, 46.8037], [-71.2237, 46.8039], [-71.2236, 46.804], [-71.2236, 46.8043], [-71.2235, 46.8045], [-71.2235, 46.8048], [-71.2235, 46.8051], [-71.2235, 46.8053], [-71.2235, 46.8055], [-71.2236, 46.8057], [-71.2237, 46.8058], [-71.2239, 46.8058], [-71.2241, 46.8058], [-71.2243, 46.8058], [-71.2245, 46.8057], [-71.2248, 46.8057], [-71.2249, 46.8056], [-71.2251, 46.8056], [-71.2252, 46.8056], [-71.2253, 46.8057], [-71.2253, 46.8058], [-71.2253, 46.8059], [-71.2253, 46.806], [-71.2254, 46.8061], [-71.2255, 46.8062], [-71.2257, 46.8063], [-71.226, 46.8063], [-71.2263, 46.8063], [-71.2266, 46.8064], [-71.2271, 46.8064], [-71.2274, 46.8064], [-71.2278, 46.8064], [-71.2281, 46.8064], [-71.2284, 46.8063], [-71.2286, 46.8063], [-71.2288, 46.8062], [-71.229, 46.8061], [-71.2291, 46.806], [-71.2292, 46.8059], [-71.2293, 46.8057], [-71.2294, 46.8055], [-71.2295, 46.8053], [-71.2295, 46.805], [-71.2296, 46.8046], [-71.2296, 46.8042], [-71.2296, 46.8038], [-71.2296, 46.8035]]]}}, {"type": "Feature", "properties": {"couche": "aire_marche", "station": "Cartier", "ordre": 19, "minutes": 5, "superficie_ha": 26.3, "rue_km": 6.35, "disque_ha": 38.5, "part_disque_pct": 68, "accroche_m": 1, "population": 2811, "navetteurs": 936, "mode_auto_pct": 51, "mode_tc_pct": 20, "mode_actif_pct": 29, "mode_autre_pct": 0}, "geometry": {"type": "Polygon", "coordinates": [[[-71.2301, 46.8042], [-71.2301, 46.8047], [-71.23, 46.8051], [-71.23, 46.8054], [-71.2299, 46.8056], [-71.2299, 46.8058], [-71.2298, 46.8059], [-71.2297, 46.806], [-71.2296, 46.806], [-71.2295, 46.806], [-71.2294, 46.806], [-71.2293, 46.8061], [-71.2292, 46.8061], [-71.229, 46.8062], [-71.2289, 46.8063], [-71.2287, 46.8064], [-71.2285, 46.8065], [-71.2284, 46.8066], [-71.2282, 46.8067], [-71.228, 46.8068], [-71.2278, 46.8068], [-71.2276, 46.8069], [-71.2273, 46.8069], [-71.2271, 46.8069], [-71.2268, 46.8069], [-71.2266, 46.8069], [-71.2264, 46.8069], [-71.2263, 46.8069], [-71.2261, 46.8068], [-71.226, 46.8068], [-71.226, 46.8067], [-71.2259, 46.8066], [-71.2259, 46.8065], [-71.2259, 46.8064], [-71.2258, 46.8064], [-71.2257, 46.8063], [-71.2255, 46.8064], [-71.2254, 46.8064], [-71.2253, 46.8065], [-71.2252, 46.8065], [-71.225, 46.8066], [-71.2249, 46.8066], [-71.2248, 46.8066], [-71.2247, 46.8066], [-71.2246, 46.8066], [-71.2245, 46.8066], [-71.2244, 46.8066], [-71.2244, 46.8065], [-71.2244, 46.8064], [-71.2244, 46.8063], [-71.2245, 46.8062], [-71.2246, 46.8061], [-71.2247, 46.806], [-71.2249, 46.8059], [-71.225, 46.8058], [-71.2248, 46.8058], [-71.2246, 46.8059], [-71.2244, 46.8061], [-71.2242, 46.8062], [-71.224, 46.8063], [-71.2238, 46.8064], [-71.2236, 46.8065], [-71.2235, 46.8065], [-71.2233, 46.8065], [-71.2232, 46.8065], [-71.2231, 46.8065], [-71.223, 46.8065], [-71.2229, 46.8064], [-71.2228, 46.8064], [-71.2228, 46.8063], [-71.2227, 46.8062], [-71.2227, 46.806], [-71.2227, 46.8059], [-71.2227, 46.8057], [-71.2227, 46.8055], [-71.2228, 46.8054], [-71.2228, 46.8053], [-71.2229, 46.8052], [-71.223, 46.8051], [-71.2231, 46.805], [-71.2232, 46.8049], [-71.2233, 46.8049], [-71.2234, 46.8048], [-71.2235, 46.8048], [-71.2235, 46.8047], [-71.2235, 46.8045], [-71.2235, 46.8044], [-71.2235, 46.8042], [-71.2234, 46.8041], [-71.2233, 46.8039], [-71.2232, 46.8037], [-71.2232, 46.8036], [-71.2232, 46.8034], [-71.2233, 46.8033], [-71.2235, 46.8032], [-71.2236, 46.8032], [-71.2238, 46.8032], [-71.2239, 46.8032], [-71.224, 46.8031], [-71.2241, 46.8031], [-71.2241, 46.803], [-71.224, 46.803], [-71.2239, 46.8029], [-71.2238, 46.8028], [-71.2237, 46.8027], [-71.2235, 46.8026], [-71.2234, 46.8025], [-71.2234, 46.8024], [-71.2233, 46.8023], [-71.2233, 46.8022], [-71.2234, 46.8021], [-71.2234, 46.802], [-71.2235, 46.8019], [-71.2236, 46.8019], [-71.2237, 46.8018], [-71.2238, 46.8018], [-71.2239, 46.8018], [-71.224, 46.8018], [-71.2241, 46.8018], [-71.2242, 46.8018], [-71.2243, 46.8019], [-71.2244, 46.8019], [-71.2245, 46.8019], [-71.2247, 46.802], [-71.2248, 46.802], [-71.2249, 46.8019], [-71.225, 46.8019], [-71.2251, 46.8019], [-71.2252, 46.8018], [-71.2253, 46.8018], [-71.2254, 46.8017], [-71.2255, 46.8017], [-71.2256, 46.8017], [-71.2257, 46.8018], [-71.2258, 46.8018], [-71.2259, 46.8019], [-71.226, 46.8019], [-71.226, 46.802], [-71.2261, 46.802], [-71.2262, 46.802], [-71.2263, 46.802], [-71.2264, 46.802], [-71.2265, 46.8019], [-71.2266, 46.8019], [-71.2267, 46.8018], [-71.2268, 46.8018], [-71.2269, 46.8018], [-71.227, 46.8018], [-71.2271, 46.8018], [-71.2272, 46.8018], [-71.2273, 46.8019], [-71.2274, 46.8019], [-71.2275, 46.802], [-71.2277, 46.802], [-71.2279, 46.802], [-71.2281, 46.8021], [-71.2283, 46.8021], [-71.2286, 46.8021], [-71.2289, 46.802], [-71.2292, 46.802], [-71.2294, 46.802], [-71.2297, 46.8022], [-71.2298, 46.8023], [-71.23, 46.8026], [-71.2301, 46.8029], [-71.2301, 46.8033], [-71.2301, 46.8037], [-71.2301, 46.8042]]]}}, {"type": "Feature", "properties": {"couche": "voile", "station": "Cartier", "minutes": 5}, "geometry": {"type": "Polygon", "coordinates": [[[-71.3891, 46.9137], [-71.0666, 46.9158], [-71.0643, 46.6946], [-71.3855, 46.6926], [-71.3891, 46.9137]], [[-71.2301, 46.8037], [-71.2301, 46.8033], [-71.2301, 46.8029], [-71.23, 46.8026], [-71.2298, 46.8023], [-71.2297, 46.8022], [-71.2294, 46.802], [-71.2292, 46.802], [-71.2289, 46.802], [-71.2286, 46.8021], [-71.2283, 46.8021], [-71.2281, 46.8021], [-71.2279, 46.802], [-71.2277, 46.802], [-71.2275, 46.802], [-71.2274, 46.8019], [-71.2273, 46.8019], [-71.2272, 46.8018], [-71.2271, 46.8018], [-71.227, 46.8018], [-71.2269, 46.8018], [-71.2268, 46.8018], [-71.2267, 46.8018], [-71.2266, 46.8019], [-71.2265, 46.8019], [-71.2264, 46.802], [-71.2263, 46.802], [-71.2262, 46.802], [-71.2261, 46.802], [-71.226, 46.802], [-71.226, 46.8019], [-71.2259, 46.8019], [-71.2258, 46.8018], [-71.2257, 46.8018], [-71.2256, 46.8017], [-71.2255, 46.8017], [-71.2254, 46.8017], [-71.2253, 46.8018], [-71.2252, 46.8018], [-71.2251, 46.8019], [-71.225, 46.8019], [-71.2249, 46.8019], [-71.2248, 46.802], [-71.2247, 46.802], [-71.2245, 46.8019], [-71.2244, 46.8019], [-71.2243, 46.8019], [-71.2242, 46.8018], [-71.2241, 46.8018], [-71.224, 46.8018], [-71.2239, 46.8018], [-71.2238, 46.8018], [-71.2237, 46.8018], [-71.2236, 46.8019], [-71.2235, 46.8019], [-71.2234, 46.802], [-71.2234, 46.8021], [-71.2233, 46.8022], [-71.2233, 46.8023], [-71.2234, 46.8024], [-71.2234, 46.8025], [-71.2235, 46.8026], [-71.2237, 46.8027], [-71.2238, 46.8028], [-71.2239, 46.8029], [-71.224, 46.803], [-71.2241, 46.803], [-71.2241, 46.8031], [-71.224, 46.8031], [-71.2239, 46.8032], [-71.2238, 46.8032], [-71.2236, 46.8032], [-71.2235, 46.8032], [-71.2233, 46.8033], [-71.2232, 46.8034], [-71.2232, 46.8036], [-71.2232, 46.8037], [-71.2233, 46.8039], [-71.2234, 46.8041], [-71.2235, 46.8042], [-71.2235, 46.8044], [-71.2235, 46.8045], [-71.2235, 46.8047], [-71.2235, 46.8048], [-71.2234, 46.8048], [-71.2233, 46.8049], [-71.2232, 46.8049], [-71.2231, 46.805], [-71.223, 46.8051], [-71.2229, 46.8052], [-71.2228, 46.8053], [-71.2228, 46.8054], [-71.2227, 46.8055], [-71.2227, 46.8057], [-71.2227, 46.8059], [-71.2227, 46.806], [-71.2227, 46.8062], [-71.2228, 46.8063], [-71.2228, 46.8064], [-71.2229, 46.8064], [-71.223, 46.8065], [-71.2231, 46.8065], [-71.2232, 46.8065], [-71.2233, 46.8065], [-71.2235, 46.8065], [-71.2236, 46.8065], [-71.2238, 46.8064], [-71.224, 46.8063], [-71.2242, 46.8062], [-71.2244, 46.8061], [-71.2246, 46.8059], [-71.2248, 46.8058], [-71.225, 46.8058], [-71.2249, 46.8059], [-71.2247, 46.806], [-71.2246, 46.8061], [-71.2245, 46.8062], [-71.2244, 46.8063], [-71.2244, 46.8064], [-71.2244, 46.8065], [-71.2244, 46.8066], [-71.2245, 46.8066], [-71.2246, 46.8066], [-71.2247, 46.8066], [-71.2248, 46.8066], [-71.2249, 46.8066], [-71.225, 46.8066], [-71.2252, 46.8065], [-71.2253, 46.8065], [-71.2254, 46.8064], [-71.2255, 46.8064], [-71.2257, 46.8063], [-71.2258, 46.8064], [-71.2259, 46.8064], [-71.2259, 46.8065], [-71.2259, 46.8066], [-71.226, 46.8067], [-71.226, 46.8068], [-71.2261, 46.8068], [-71.2263, 46.8069], [-71.2264, 46.8069], [-71.2266, 46.8069], [-71.2268, 46.8069], [-71.2271, 46.8069], [-71.2273, 46.8069], [-71.2276, 46.8069], [-71.2278, 46.8068], [-71.228, 46.8068], [-71.2282, 46.8067], [-71.2284, 46.8066], [-71.2285, 46.8065], [-71.2287, 46.8064], [-71.2289, 46.8063], [-71.229, 46.8062], [-71.2292, 46.8061], [-71.2293, 46.8061], [-71.2294, 46.806], [-71.2295, 46.806], [-71.2296, 46.806], [-71.2297, 46.806], [-71.2298, 46.8059], [-71.2299, 46.8058], [-71.2299, 46.8056], [-71.23, 46.8054], [-71.23, 46.8051], [-71.2301, 46.8047], [-71.2301, 46.8042], [-71.2301, 46.8037]]]}}, {"type": "Feature", "properties": {"couche": "aire_marche", "station": "Cartier", "ordre": 19, "minutes": 6, "superficie_ha": 38.3, "rue_km": 8.97, "disque_ha": 55.4, "part_disque_pct": 69, "accroche_m": 1, "population": 4190, "navetteurs": 1285, "mode_auto_pct": 50, "mode_tc_pct": 20, "mode_actif_pct": 30, "mode_autre_pct": 0}, "geometry": {"type": "Polygon", "coordinates": [[[-71.2298, 46.8016], [-71.2302, 46.8017], [-71.2305, 46.8018], [-71.2307, 46.8019], [-71.2309, 46.8021], [-71.2311, 46.8023], [-71.2312, 46.8025], [-71.2312, 46.8028], [-71.2312, 46.8032], [-71.2312, 46.8036], [-71.2312, 46.8039], [-71.2311, 46.8042], [-71.231, 46.8045], [-71.231, 46.8047], [-71.2309, 46.8049], [-71.2308, 46.805], [-71.2307, 46.8051], [-71.2306, 46.8052], [-71.2305, 46.8053], [-71.2304, 46.8054], [-71.2304, 46.8055], [-71.2305, 46.8055], [-71.2306, 46.8056], [-71.2307, 46.8057], [-71.2308, 46.8058], [-71.2308, 46.8059], [-71.2308, 46.806], [-71.2307, 46.8061], [-71.2307, 46.8062], [-71.2306, 46.8063], [-71.2306, 46.8064], [-71.2305, 46.8064], [-71.2304, 46.8065], [-71.2303, 46.8065], [-71.2301, 46.8065], [-71.23, 46.8065], [-71.2299, 46.8065], [-71.2298, 46.8065], [-71.2298, 46.8064], [-71.2297, 46.8064], [-71.2296, 46.8063], [-71.2295, 46.8063], [-71.2295, 46.8062], [-71.2294, 46.8062], [-71.2294, 46.8061], [-71.2293, 46.8061], [-71.2292, 46.8061], [-71.2291, 46.8061], [-71.229, 46.8062], [-71.2289, 46.8062], [-71.2288, 46.8063], [-71.2287, 46.8063], [-71.2286, 46.8064], [-71.2286, 46.8065], [-71.2286, 46.8066], [-71.2286, 46.8067], [-71.2287, 46.8068], [-71.2287, 46.8069], [-71.2288, 46.8069], [-71.2288, 46.807], [-71.2288, 46.8071], [-71.2287, 46.8072], [-71.2286, 46.8073], [-71.2285, 46.8073], [-71.2283, 46.8074], [-71.2282, 46.8074], [-71.228, 46.8074], [-71.2279, 46.8074], [-71.2277, 46.8074], [-71.2275, 46.8074], [-71.2273, 46.8074], [-71.2271, 46.8074], [-71.227, 46.8073], [-71.2268, 46.8073], [-71.2267, 46.8073], [-71.2266, 46.8072], [-71.2266, 46.8071], [-71.2265, 46.807], [-71.2264, 46.807], [-71.2263, 46.807], [-71.2262, 46.807], [-71.2261, 46.807], [-71.226, 46.807], [-71.2258, 46.807], [-71.2256, 46.8071], [-71.2255, 46.8071], [-71.2254, 46.8071], [-71.2253, 46.8071], [-71.2253, 46.807], [-71.2253, 46.8069], [-71.2254, 46.8068], [-71.2255, 46.8067], [-71.2256, 46.8065], [-71.2256, 46.8064], [-71.2255, 46.8064], [-71.2253, 46.8065], [-71.2251, 46.8066], [-71.2249, 46.8067], [-71.2247, 46.8068], [-71.2245, 46.8069], [-71.2242, 46.807], [-71.224, 46.807], [-71.2237, 46.807], [-71.2235, 46.807], [-71.2232, 46.807], [-71.2229, 46.807], [-71.2227, 46.8069], [-71.2225, 46.8069], [-71.2224, 46.8067], [-71.2222, 46.8066], [-71.2221, 46.8064], [-71.2221, 46.8062], [-71.2221, 46.8059], [-71.2221, 46.8056], [-71.2222, 46.8053], [-71.2222, 46.8051], [-71.2223, 46.805], [-71.2224, 46.8048], [-71.2225, 46.8047], [-71.2227, 46.8047], [-71.2229, 46.8046], [-71.2231, 46.8047], [-71.2232, 46.8047], [-71.2233, 46.8046], [-71.2234, 46.8045], [-71.2234, 46.8044], [-71.2233, 46.8043], [-71.2233, 46.8042], [-71.2231, 46.804], [-71.223, 46.8037], [-71.2228, 46.8035], [-71.2227, 46.8033], [-71.2226, 46.8031], [-71.2225, 46.8029], [-71.2225, 46.8028], [-71.2225, 46.8026], [-71.2225, 46.8024], [-71.2225, 46.8023], [-71.2226, 46.8021], [-71.2226, 46.802], [-71.2227, 46.8019], [-71.2228, 46.8018], [-71.2229, 46.8018], [-71.223, 46.8018], [-71.2231, 46.8018], [-71.2232, 46.8018], [-71.2233, 46.8018], [-71.2234, 46.8018], [-71.2235, 46.8017], [-71.2236, 46.8017], [-71.2236, 46.8016], [-71.2237, 46.8015], [-71.2238, 46.8014], [-71.2239, 46.8014], [-71.2241, 46.8013], [-71.2243, 46.8013], [-71.2246, 46.8012], [-71.2249, 46.8012], [-71.2253, 46.8012], [-71.2257, 46.8012], [-71.2262, 46.8012], [-71.2266, 46.8013], [-71.227, 46.8013], [-71.2273, 46.8014], [-71.2275, 46.8014], [-71.2277, 46.8015], [-71.2278, 46.8016], [-71.2279, 46.8017], [-71.2278, 46.8018], [-71.2278, 46.8019], [-71.2279, 46.8019], [-71.2279, 46.802], [-71.228, 46.8019], [-71.2281, 46.8018], [-71.2282, 46.8017], [-71.2284, 46.8017], [-71.2285, 46.8016], [-71.2287, 46.8016], [-71.229, 46.8015], [-71.2292, 46.8015], [-71.2295, 46.8016], [-71.2298, 46.8016]]]}}, {"type": "Feature", "properties": {"couche": "voile", "station": "Cartier", "minutes": 6}, "geometry": {"type": "Polygon", "coordinates": [[[-71.3903, 46.9142], [-71.066, 46.9163], [-71.0637, 46.6941], [-71.3866, 46.6921], [-71.3903, 46.9142]], [[-71.2295, 46.8016], [-71.2292, 46.8015], [-71.229, 46.8015], [-71.2287, 46.8016], [-71.2285, 46.8016], [-71.2284, 46.8017], [-71.2282, 46.8017], [-71.2281, 46.8018], [-71.228, 46.8019], [-71.2279, 46.802], [-71.2279, 46.8019], [-71.2278, 46.8019], [-71.2278, 46.8018], [-71.2279, 46.8017], [-71.2278, 46.8016], [-71.2277, 46.8015], [-71.2275, 46.8014], [-71.2273, 46.8014], [-71.227, 46.8013], [-71.2266, 46.8013], [-71.2262, 46.8012], [-71.2257, 46.8012], [-71.2253, 46.8012], [-71.2249, 46.8012], [-71.2246, 46.8012], [-71.2243, 46.8013], [-71.2241, 46.8013], [-71.2239, 46.8014], [-71.2238, 46.8014], [-71.2237, 46.8015], [-71.2236, 46.8016], [-71.2236, 46.8017], [-71.2235, 46.8017], [-71.2234, 46.8018], [-71.2233, 46.8018], [-71.2232, 46.8018], [-71.2231, 46.8018], [-71.223, 46.8018], [-71.2229, 46.8018], [-71.2228, 46.8018], [-71.2227, 46.8019], [-71.2226, 46.802], [-71.2226, 46.8021], [-71.2225, 46.8023], [-71.2225, 46.8024], [-71.2225, 46.8026], [-71.2225, 46.8028], [-71.2225, 46.8029], [-71.2226, 46.8031], [-71.2227, 46.8033], [-71.2228, 46.8035], [-71.223, 46.8037], [-71.2231, 46.804], [-71.2233, 46.8042], [-71.2233, 46.8043], [-71.2234, 46.8044], [-71.2234, 46.8045], [-71.2233, 46.8046], [-71.2232, 46.8047], [-71.2231, 46.8047], [-71.2229, 46.8046], [-71.2227, 46.8047], [-71.2225, 46.8047], [-71.2224, 46.8048], [-71.2223, 46.805], [-71.2222, 46.8051], [-71.2222, 46.8053], [-71.2221, 46.8056], [-71.2221, 46.8059], [-71.2221, 46.8062], [-71.2221, 46.8064], [-71.2222, 46.8066], [-71.2224, 46.8067], [-71.2225, 46.8069], [-71.2227, 46.8069], [-71.2229, 46.807], [-71.2232, 46.807], [-71.2235, 46.807], [-71.2237, 46.807], [-71.224, 46.807], [-71.2242, 46.807], [-71.2245, 46.8069], [-71.2247, 46.8068], [-71.2249, 46.8067], [-71.2251, 46.8066], [-71.2253, 46.8065], [-71.2255, 46.8064], [-71.2256, 46.8064], [-71.2256, 46.8065], [-71.2255, 46.8067], [-71.2254, 46.8068], [-71.2253, 46.8069], [-71.2253, 46.807], [-71.2253, 46.8071], [-71.2254, 46.8071], [-71.2255, 46.8071], [-71.2256, 46.8071], [-71.2258, 46.807], [-71.226, 46.807], [-71.2261, 46.807], [-71.2262, 46.807], [-71.2263, 46.807], [-71.2264, 46.807], [-71.2265, 46.807], [-71.2266, 46.8071], [-71.2266, 46.8072], [-71.2267, 46.8073], [-71.2268, 46.8073], [-71.227, 46.8073], [-71.2271, 46.8074], [-71.2273, 46.8074], [-71.2275, 46.8074], [-71.2277, 46.8074], [-71.2279, 46.8074], [-71.228, 46.8074], [-71.2282, 46.8074], [-71.2283, 46.8074], [-71.2285, 46.8073], [-71.2286, 46.8073], [-71.2287, 46.8072], [-71.2288, 46.8071], [-71.2288, 46.807], [-71.2288, 46.8069], [-71.2287, 46.8069], [-71.2287, 46.8068], [-71.2286, 46.8067], [-71.2286, 46.8066], [-71.2286, 46.8065], [-71.2286, 46.8064], [-71.2287, 46.8063], [-71.2288, 46.8063], [-71.2289, 46.8062], [-71.229, 46.8062], [-71.2291, 46.8061], [-71.2292, 46.8061], [-71.2293, 46.8061], [-71.2294, 46.8061], [-71.2294, 46.8062], [-71.2295, 46.8062], [-71.2295, 46.8063], [-71.2296, 46.8063], [-71.2297, 46.8064], [-71.2298, 46.8064], [-71.2298, 46.8065], [-71.2299, 46.8065], [-71.23, 46.8065], [-71.2301, 46.8065], [-71.2303, 46.8065], [-71.2304, 46.8065], [-71.2305, 46.8064], [-71.2306, 46.8064], [-71.2306, 46.8063], [-71.2307, 46.8062], [-71.2307, 46.8061], [-71.2308, 46.806], [-71.2308, 46.8059], [-71.2308, 46.8058], [-71.2307, 46.8057], [-71.2306, 46.8056], [-71.2305, 46.8055], [-71.2304, 46.8055], [-71.2304, 46.8054], [-71.2305, 46.8053], [-71.2306, 46.8052], [-71.2307, 46.8051], [-71.2308, 46.805], [-71.2309, 46.8049], [-71.231, 46.8047], [-71.231, 46.8045], [-71.2311, 46.8042], [-71.2312, 46.8039], [-71.2312, 46.8036], [-71.2312, 46.8032], [-71.2312, 46.8028], [-71.2312, 46.8025], [-71.2311, 46.8023], [-71.2309, 46.8021], [-71.2307, 46.8019], [-71.2305, 46.8018], [-71.2302, 46.8017], [-71.2298, 46.8016], [-71.2295, 46.8016]]]}}, {"type": "Feature", "properties": {"couche": "aire_marche", "station": "Cartier", "ordre": 19, "minutes": 7, "superficie_ha": 51.2, "rue_km": 12.58, "disque_ha": 75.4, "part_disque_pct": 68, "accroche_m": 1, "population": 5461, "navetteurs": 1608, "mode_auto_pct": 49, "mode_tc_pct": 20, "mode_actif_pct": 31, "mode_autre_pct": 0}, "geometry": {"type": "Polygon", "coordinates": [[[-71.2316, 46.8019], [-71.2314, 46.802], [-71.2313, 46.802], [-71.2313, 46.8021], [-71.2312, 46.8022], [-71.2313, 46.8023], [-71.2314, 46.8023], [-71.2315, 46.8024], [-71.2316, 46.8024], [-71.2317, 46.8025], [-71.2317, 46.8026], [-71.2317, 46.8027], [-71.2316, 46.8028], [-71.2315, 46.8028], [-71.2314, 46.8029], [-71.2314, 46.803], [-71.2313, 46.8031], [-71.2314, 46.8032], [-71.2315, 46.8033], [-71.2316, 46.8033], [-71.2316, 46.8034], [-71.2317, 46.8035], [-71.2318, 46.8035], [-71.2318, 46.8036], [-71.2318, 46.8037], [-71.2318, 46.8039], [-71.2318, 46.804], [-71.2318, 46.8041], [-71.2318, 46.8043], [-71.2318, 46.8044], [-71.2317, 46.8045], [-71.2317, 46.8046], [-71.2316, 46.8047], [-71.2315, 46.8048], [-71.2314, 46.8049], [-71.2313, 46.8049], [-71.2312, 46.805], [-71.2312, 46.8051], [-71.2313, 46.8052], [-71.2314, 46.8053], [-71.2314, 46.8054], [-71.2315, 46.8055], [-71.2315, 46.8056], [-71.2315, 46.8057], [-71.2314, 46.8059], [-71.2314, 46.8061], [-71.2314, 46.8063], [-71.2313, 46.8065], [-71.2312, 46.8066], [-71.2311, 46.8068], [-71.231, 46.8069], [-71.2308, 46.8069], [-71.2307, 46.807], [-71.2305, 46.807], [-71.2303, 46.8071], [-71.2301, 46.8071], [-71.2299, 46.8071], [-71.2298, 46.8072], [-71.2297, 46.8072], [-71.2295, 46.8073], [-71.2294, 46.8073], [-71.2294, 46.8074], [-71.2293, 46.8075], [-71.2292, 46.8076], [-71.229, 46.8077], [-71.2288, 46.8077], [-71.2286, 46.8078], [-71.2284, 46.8078], [-71.2281, 46.8078], [-71.2277, 46.8078], [-71.2273, 46.8078], [-71.227, 46.8078], [-71.2268, 46.8078], [-71.2265, 46.8078], [-71.2264, 46.8077], [-71.2263, 46.8076], [-71.2262, 46.8075], [-71.2262, 46.8074], [-71.2262, 46.8073], [-71.2262, 46.8072], [-71.2262, 46.8071], [-71.2261, 46.8071], [-71.226, 46.8071], [-71.2258, 46.8072], [-71.2257, 46.8073], [-71.2255, 46.8074], [-71.2252, 46.8074], [-71.225, 46.8075], [-71.2247, 46.8075], [-71.2244, 46.8076], [-71.224, 46.8076], [-71.2236, 46.8076], [-71.2232, 46.8075], [-71.2228, 46.8075], [-71.2224, 46.8074], [-71.2221, 46.8073], [-71.2219, 46.8072], [-71.2217, 46.8071], [-71.2216, 46.807], [-71.2216, 46.8068], [-71.2217, 46.8067], [-71.2218, 46.8065], [-71.2219, 46.8063], [-71.2219, 46.8062], [-71.222, 46.8061], [-71.222, 46.8059], [-71.222, 46.8058], [-71.2219, 46.8058], [-71.2219, 46.8057], [-71.2218, 46.8056], [-71.2217, 46.8056], [-71.2216, 46.8055], [-71.2216, 46.8054], [-71.2215, 46.8053], [-71.2215, 46.8051], [-71.2215, 46.805], [-71.2215, 46.8048], [-71.2215, 46.8047], [-71.2216, 46.8045], [-71.2217, 46.8044], [-71.2218, 46.8043], [-71.222, 46.8043], [-71.2221, 46.8043], [-71.2223, 46.8043], [-71.2226, 46.8044], [-71.2228, 46.8044], [-71.223, 46.8045], [-71.2232, 46.8045], [-71.2233, 46.8045], [-71.2234, 46.8044], [-71.2233, 46.8043], [-71.2233, 46.8041], [-71.2231, 46.8039], [-71.223, 46.8038], [-71.2229, 46.8036], [-71.2228, 46.8035], [-71.2226, 46.8034], [-71.2225, 46.8033], [-71.2224, 46.8033], [-71.2223, 46.8032], [-71.2221, 46.8032], [-71.222, 46.8032], [-71.2219, 46.8031], [-71.2219, 46.803], [-71.2218, 46.8029], [-71.2218, 46.8027], [-71.2218, 46.8026], [-71.2218, 46.8024], [-71.2219, 46.8021], [-71.2219, 46.8019], [-71.222, 46.8017], [-71.2221, 46.8016], [-71.2222, 46.8015], [-71.2223, 46.8014], [-71.2224, 46.8014], [-71.2225, 46.8014], [-71.2227, 46.8015], [-71.2228, 46.8015], [-71.2229, 46.8015], [-71.223, 46.8015], [-71.2231, 46.8015], [-71.2232, 46.8014], [-71.2233, 46.8014], [-71.2234, 46.8013], [-71.2235, 46.8012], [-71.2236, 46.8011], [-71.2238, 46.8011], [-71.224, 46.801], [-71.2242, 46.801], [-71.2244, 46.8009], [-71.2246, 46.8009], [-71.2249, 46.8009], [-71.2251, 46.8008], [-71.2254, 46.8008], [-71.2256, 46.8008], [-71.2258, 46.8008], [-71.226, 46.8008], [-71.2263, 46.8008], [-71.2264, 46.8008], [-71.2266, 46.8008], [-71.2268, 46.8009], [-71.2269, 46.8009], [-71.227, 46.8009], [-71.2271, 46.801], [-71.2271, 46.8011], [-71.2272, 46.8011], [-71.2272, 46.8012], [-71.2271, 46.8013], [-71.2272, 46.8014], [-71.2273, 46.8014], [-71.2274, 46.8013], [-71.2275, 46.8013], [-71.2277, 46.8012], [-71.2278, 46.8011], [-71.228, 46.8011], [-71.2281, 46.801], [-71.2282, 46.801], [-71.2283, 46.801], [-71.2285, 46.8011], [-71.2286, 46.8011], [-71.2287, 46.8012], [-71.2288, 46.8012], [-71.2289, 46.8013], [-71.229, 46.8013], [-71.2291, 46.8013], [-71.2292, 46.8013], [-71.2293, 46.8013], [-71.2294, 46.8012], [-71.2295, 46.8012], [-71.2296, 46.8011], [-71.2297, 46.8011], [-71.2299, 46.8011], [-71.23, 46.8011], [-71.2301, 46.8011], [-71.2302, 46.8011], [-71.2303, 46.8012], [-71.2304, 46.8012], [-71.2305, 46.8013], [-71.2306, 46.8013], [-71.2307, 46.8013], [-71.2308, 46.8013], [-71.231, 46.8013], [-71.2311, 46.8013], [-71.2312, 46.8013], [-71.2313, 46.8012], [-71.2314, 46.8012], [-71.2315, 46.8012], [-71.2316, 46.8012], [-71.2317, 46.8012], [-71.2318, 46.8013], [-71.2319, 46.8014], [-71.2319, 46.8015], [-71.2319, 46.8016], [-71.2318, 46.8017], [-71.2317, 46.8018], [-71.2316, 46.8019]]]}}, {"type": "Feature", "properties": {"couche": "voile", "station": "Cartier", "minutes": 7}, "geometry": {"type": "Polygon", "coordinates": [[[-71.391, 46.9146], [-71.0654, 46.9167], [-71.0631, 46.6938], [-71.3873, 46.6917], [-71.391, 46.9146]], [[-71.2317, 46.8018], [-71.2318, 46.8017], [-71.2319, 46.8016], [-71.2319, 46.8015], [-71.2319, 46.8014], [-71.2318, 46.8013], [-71.2317, 46.8012], [-71.2316, 46.8012], [-71.2315, 46.8012], [-71.2314, 46.8012], [-71.2313, 46.8012], [-71.2312, 46.8013], [-71.2311, 46.8013], [-71.231, 46.8013], [-71.2308, 46.8013], [-71.2307, 46.8013], [-71.2306, 46.8013], [-71.2305, 46.8013], [-71.2304, 46.8012], [-71.2303, 46.8012], [-71.2302, 46.8011], [-71.2301, 46.8011], [-71.23, 46.8011], [-71.2299, 46.8011], [-71.2297, 46.8011], [-71.2296, 46.8011], [-71.2295, 46.8012], [-71.2294, 46.8012], [-71.2293, 46.8013], [-71.2292, 46.8013], [-71.2291, 46.8013], [-71.229, 46.8013], [-71.2289, 46.8013], [-71.2288, 46.8012], [-71.2287, 46.8012], [-71.2286, 46.8011], [-71.2285, 46.8011], [-71.2283, 46.801], [-71.2282, 46.801], [-71.2281, 46.801], [-71.228, 46.8011], [-71.2278, 46.8011], [-71.2277, 46.8012], [-71.2275, 46.8013], [-71.2274, 46.8013], [-71.2273, 46.8014], [-71.2272, 46.8014], [-71.2271, 46.8013], [-71.2272, 46.8012], [-71.2272, 46.8011], [-71.2271, 46.8011], [-71.2271, 46.801], [-71.227, 46.8009], [-71.2269, 46.8009], [-71.2268, 46.8009], [-71.2266, 46.8008], [-71.2264, 46.8008], [-71.2263, 46.8008], [-71.226, 46.8008], [-71.2258, 46.8008], [-71.2256, 46.8008], [-71.2254, 46.8008], [-71.2251, 46.8008], [-71.2249, 46.8009], [-71.2246, 46.8009], [-71.2244, 46.8009], [-71.2242, 46.801], [-71.224, 46.801], [-71.2238, 46.8011], [-71.2236, 46.8011], [-71.2235, 46.8012], [-71.2234, 46.8013], [-71.2233, 46.8014], [-71.2232, 46.8014], [-71.2231, 46.8015], [-71.223, 46.8015], [-71.2229, 46.8015], [-71.2228, 46.8015], [-71.2227, 46.8015], [-71.2225, 46.8014], [-71.2224, 46.8014], [-71.2223, 46.8014], [-71.2222, 46.8015], [-71.2221, 46.8016], [-71.222, 46.8017], [-71.2219, 46.8019], [-71.2219, 46.8021], [-71.2218, 46.8024], [-71.2218, 46.8026], [-71.2218, 46.8027], [-71.2218, 46.8029], [-71.2219, 46.803], [-71.2219, 46.8031], [-71.222, 46.8032], [-71.2221, 46.8032], [-71.2223, 46.8032], [-71.2224, 46.8033], [-71.2225, 46.8033], [-71.2226, 46.8034], [-71.2228, 46.8035], [-71.2229, 46.8036], [-71.223, 46.8038], [-71.2231, 46.8039], [-71.2233, 46.8041], [-71.2233, 46.8043], [-71.2234, 46.8044], [-71.2233, 46.8045], [-71.2232, 46.8045], [-71.223, 46.8045], [-71.2228, 46.8044], [-71.2226, 46.8044], [-71.2223, 46.8043], [-71.2221, 46.8043], [-71.222, 46.8043], [-71.2218, 46.8043], [-71.2217, 46.8044], [-71.2216, 46.8045], [-71.2215, 46.8047], [-71.2215, 46.8048], [-71.2215, 46.805], [-71.2215, 46.8051], [-71.2215, 46.8053], [-71.2216, 46.8054], [-71.2216, 46.8055], [-71.2217, 46.8056], [-71.2218, 46.8056], [-71.2219, 46.8057], [-71.2219, 46.8058], [-71.222, 46.8058], [-71.222, 46.8059], [-71.222, 46.8061], [-71.2219, 46.8062], [-71.2219, 46.8063], [-71.2218, 46.8065], [-71.2217, 46.8067], [-71.2216, 46.8068], [-71.2216, 46.807], [-71.2217, 46.8071], [-71.2219, 46.8072], [-71.2221, 46.8073], [-71.2224, 46.8074], [-71.2228, 46.8075], [-71.2232, 46.8075], [-71.2236, 46.8076], [-71.224, 46.8076], [-71.2244, 46.8076], [-71.2247, 46.8075], [-71.225, 46.8075], [-71.2252, 46.8074], [-71.2255, 46.8074], [-71.2257, 46.8073], [-71.2258, 46.8072], [-71.226, 46.8071], [-71.2261, 46.8071], [-71.2262, 46.8071], [-71.2262, 46.8072], [-71.2262, 46.8073], [-71.2262, 46.8074], [-71.2262, 46.8075], [-71.2263, 46.8076], [-71.2264, 46.8077], [-71.2265, 46.8078], [-71.2268, 46.8078], [-71.227, 46.8078], [-71.2273, 46.8078], [-71.2277, 46.8078], [-71.2281, 46.8078], [-71.2284, 46.8078], [-71.2286, 46.8078], [-71.2288, 46.8077], [-71.229, 46.8077], [-71.2292, 46.8076], [-71.2293, 46.8075], [-71.2294, 46.8074], [-71.2294, 46.8073], [-71.2295, 46.8073], [-71.2297, 46.8072], [-71.2298, 46.8072], [-71.2299, 46.8071], [-71.2301, 46.8071], [-71.2303, 46.8071], [-71.2305, 46.807], [-71.2307, 46.807], [-71.2308, 46.8069], [-71.231, 46.8069], [-71.2311, 46.8068], [-71.2312, 46.8066], [-71.2313, 46.8065], [-71.2314, 46.8063], [-71.2314, 46.8061], [-71.2314, 46.8059], [-71.2315, 46.8057], [-71.2315, 46.8056], [-71.2315, 46.8055], [-71.2314, 46.8054], [-71.2314, 46.8053], [-71.2313, 46.8052], [-71.2312, 46.8051], [-71.2312, 46.805], [-71.2313, 46.8049], [-71.2314, 46.8049], [-71.2315, 46.8048], [-71.2316, 46.8047], [-71.2317, 46.8046], [-71.2317, 46.8045], [-71.2318, 46.8044], [-71.2318, 46.8043], [-71.2318, 46.8041], [-71.2318, 46.804], [-71.2318, 46.8039], [-71.2318, 46.8037], [-71.2318, 46.8036], [-71.2318, 46.8035], [-71.2317, 46.8035], [-71.2316, 46.8034], [-71.2316, 46.8033], [-71.2315, 46.8033], [-71.2314, 46.8032], [-71.2313, 46.8031], [-71.2314, 46.803], [-71.2314, 46.8029], [-71.2315, 46.8028], [-71.2316, 46.8028], [-71.2317, 46.8027], [-71.2317, 46.8026], [-71.2317, 46.8025], [-71.2316, 46.8024], [-71.2315, 46.8024], [-71.2314, 46.8023], [-71.2313, 46.8023], [-71.2312, 46.8022], [-71.2313, 46.8021], [-71.2313, 46.802], [-71.2314, 46.802], [-71.2316, 46.8019], [-71.2317, 46.8018]]]}}, {"type": "Feature", "properties": {"couche": "aire_marche", "station": "Cartier", "ordre": 19, "minutes": 8, "superficie_ha": 67.0, "rue_km": 17.15, "disque_ha": 98.5, "part_disque_pct": 68, "accroche_m": 1, "population": 7180, "navetteurs": 2067, "mode_auto_pct": 47, "mode_tc_pct": 20, "mode_actif_pct": 33, "mode_autre_pct": 0}, "geometry": {"type": "Polygon", "coordinates": [[[-71.2325, 46.8013], [-71.2324, 46.8014], [-71.2323, 46.8015], [-71.2322, 46.8016], [-71.2322, 46.8017], [-71.2322, 46.8018], [-71.2323, 46.8019], [-71.2324, 46.802], [-71.2324, 46.8021], [-71.2325, 46.8022], [-71.2325, 46.8023], [-71.2324, 46.8024], [-71.2323, 46.8025], [-71.2322, 46.8026], [-71.2321, 46.8026], [-71.232, 46.8027], [-71.2319, 46.8027], [-71.2319, 46.8028], [-71.232, 46.8028], [-71.2321, 46.8029], [-71.2322, 46.8029], [-71.2323, 46.8029], [-71.2323, 46.803], [-71.2323, 46.8031], [-71.2323, 46.8032], [-71.2322, 46.8033], [-71.2321, 46.8034], [-71.232, 46.8035], [-71.232, 46.8036], [-71.232, 46.8037], [-71.2321, 46.8037], [-71.2321, 46.8038], [-71.2322, 46.8039], [-71.2323, 46.8039], [-71.2323, 46.804], [-71.2324, 46.804], [-71.2324, 46.8041], [-71.2324, 46.8042], [-71.2323, 46.8043], [-71.2323, 46.8044], [-71.2322, 46.8044], [-71.2321, 46.8045], [-71.232, 46.8046], [-71.232, 46.8048], [-71.232, 46.805], [-71.232, 46.8051], [-71.232, 46.8054], [-71.232, 46.8056], [-71.2321, 46.8059], [-71.2321, 46.8061], [-71.2321, 46.8064], [-71.2321, 46.8066], [-71.2321, 46.8067], [-71.2321, 46.8069], [-71.232, 46.807], [-71.232, 46.8071], [-71.2319, 46.8072], [-71.2318, 46.8073], [-71.2317, 46.8073], [-71.2316, 46.8074], [-71.2315, 46.8074], [-71.2313, 46.8074], [-71.2312, 46.8075], [-71.2311, 46.8074], [-71.2309, 46.8074], [-71.2308, 46.8074], [-71.2306, 46.8075], [-71.2305, 46.8075], [-71.2303, 46.8075], [-71.2302, 46.8076], [-71.23, 46.8077], [-71.2298, 46.8078], [-71.2297, 46.8079], [-71.2294, 46.808], [-71.2291, 46.8081], [-71.2288, 46.8082], [-71.2283, 46.8082], [-71.2278, 46.8083], [-71.2272, 46.8083], [-71.2265, 46.8082], [-71.2257, 46.8082], [-71.2251, 46.8082], [-71.2245, 46.8081], [-71.224, 46.8081], [-71.2236, 46.808], [-71.2233, 46.8079], [-71.2231, 46.8078], [-71.223, 46.8077], [-71.223, 46.8076], [-71.2229, 46.8076], [-71.2229, 46.8075], [-71.2228, 46.8075], [-71.2227, 46.8075], [-71.2226, 46.8075], [-71.2224, 46.8075], [-71.2223, 46.8075], [-71.2221, 46.8076], [-71.222, 46.8077], [-71.2218, 46.8077], [-71.2216, 46.8078], [-71.2215, 46.8078], [-71.2213, 46.8078], [-71.2212, 46.8078], [-71.2211, 46.8078], [-71.2209, 46.8078], [-71.2208, 46.8077], [-71.2207, 46.8076], [-71.2207, 46.8075], [-71.2206, 46.8074], [-71.2206, 46.8072], [-71.2206, 46.807], [-71.2206, 46.8068], [-71.2206, 46.8065], [-71.2207, 46.8063], [-71.2207, 46.8061], [-71.2207, 46.8059], [-71.2208, 46.8058], [-71.2209, 46.8056], [-71.2209, 46.8055], [-71.221, 46.8054], [-71.2211, 46.8054], [-71.2212, 46.8053], [-71.2212, 46.8052], [-71.2212, 46.8051], [-71.2212, 46.805], [-71.2212, 46.8049], [-71.2211, 46.8049], [-71.221, 46.8048], [-71.221, 46.8047], [-71.221, 46.8045], [-71.221, 46.8044], [-71.2211, 46.8042], [-71.2211, 46.8041], [-71.2212, 46.8039], [-71.2213, 46.8037], [-71.2213, 46.8035], [-71.2214, 46.8033], [-71.2214, 46.8032], [-71.2214, 46.803], [-71.2214, 46.8029], [-71.2214, 46.8027], [-71.2214, 46.8026], [-71.2213, 46.8025], [-71.2213, 46.8024], [-71.2213, 46.8023], [-71.2213, 46.8022], [-71.2213, 46.8021], [-71.2214, 46.802], [-71.2214, 46.8019], [-71.2215, 46.8019], [-71.2216, 46.8018], [-71.2216, 46.8017], [-71.2217, 46.8017], [-71.2217, 46.8016], [-71.2217, 46.8015], [-71.2217, 46.8014], [-71.2216, 46.8013], [-71.2216, 46.8012], [-71.2216, 46.8011], [-71.2216, 46.801], [-71.2217, 46.8009], [-71.2218, 46.8009], [-71.222, 46.8008], [-71.2222, 46.8008], [-71.2224, 46.8008], [-71.2226, 46.8008], [-71.2227, 46.8008], [-71.2229, 46.8008], [-71.223, 46.8009], [-71.223, 46.801], [-71.2231, 46.801], [-71.2231, 46.8011], [-71.2231, 46.8012], [-71.2232, 46.8013], [-71.2234, 46.8013], [-71.2235, 46.8013], [-71.2237, 46.8012], [-71.2239, 46.8011], [-71.2242, 46.801], [-71.2245, 46.8009], [-71.2248, 46.8007], [-71.2251, 46.8006], [-71.2254, 46.8005], [-71.2257, 46.8004], [-71.226, 46.8004], [-71.2263, 46.8003], [-71.2266, 46.8003], [-71.2268, 46.8004], [-71.2271, 46.8004], [-71.2274, 46.8004], [-71.2276, 46.8005], [-71.2278, 46.8006], [-71.228, 46.8007], [-71.2282, 46.8008], [-71.2284, 46.8009], [-71.2285, 46.801], [-71.2287, 46.8011], [-71.2288, 46.8011], [-71.2289, 46.8012], [-71.229, 46.8012], [-71.2291, 46.8012], [-71.2291, 46.8011], [-71.2292, 46.801], [-71.2292, 46.8009], [-71.2293, 46.8008], [-71.2294, 46.8007], [-71.2295, 46.8007], [-71.2296, 46.8006], [-71.2297, 46.8006], [-71.2299, 46.8006], [-71.2301, 46.8006], [-71.2303, 46.8006], [-71.2305, 46.8006], [-71.2307, 46.8007], [-71.2308, 46.8007], [-71.2309, 46.8008], [-71.2309, 46.8009], [-71.231, 46.8009], [-71.2309, 46.801], [-71.2309, 46.8011], [-71.2309, 46.8012], [-71.231, 46.8012], [-71.2311, 46.8012], [-71.2312, 46.8012], [-71.2314, 46.8011], [-71.2316, 46.801], [-71.2317, 46.8009], [-71.2319, 46.8009], [-71.232, 46.8008], [-71.2321, 46.8008], [-71.2322, 46.8008], [-71.2323, 46.8008], [-71.2324, 46.8009], [-71.2325, 46.8009], [-71.2326, 46.801], [-71.2326, 46.8011], [-71.2326, 46.8012], [-71.2325, 46.8013]]]}}, {"type": "Feature", "properties": {"couche": "voile", "station": "Cartier", "minutes": 8}, "geometry": {"type": "Polygon", "coordinates": [[[-71.3917, 46.9151], [-71.0645, 46.9172], [-71.0622, 46.6933], [-71.388, 46.6912], [-71.3917, 46.9151]], [[-71.2326, 46.8012], [-71.2326, 46.8011], [-71.2326, 46.801], [-71.2325, 46.8009], [-71.2324, 46.8009], [-71.2323, 46.8008], [-71.2322, 46.8008], [-71.2321, 46.8008], [-71.232, 46.8008], [-71.2319, 46.8009], [-71.2317, 46.8009], [-71.2316, 46.801], [-71.2314, 46.8011], [-71.2312, 46.8012], [-71.2311, 46.8012], [-71.231, 46.8012], [-71.2309, 46.8012], [-71.2309, 46.8011], [-71.2309, 46.801], [-71.231, 46.8009], [-71.2309, 46.8009], [-71.2309, 46.8008], [-71.2308, 46.8007], [-71.2307, 46.8007], [-71.2305, 46.8006], [-71.2303, 46.8006], [-71.2301, 46.8006], [-71.2299, 46.8006], [-71.2297, 46.8006], [-71.2296, 46.8006], [-71.2295, 46.8007], [-71.2294, 46.8007], [-71.2293, 46.8008], [-71.2292, 46.8009], [-71.2292, 46.801], [-71.2291, 46.8011], [-71.2291, 46.8012], [-71.229, 46.8012], [-71.2289, 46.8012], [-71.2288, 46.8011], [-71.2287, 46.8011], [-71.2285, 46.801], [-71.2284, 46.8009], [-71.2282, 46.8008], [-71.228, 46.8007], [-71.2278, 46.8006], [-71.2276, 46.8005], [-71.2274, 46.8004], [-71.2271, 46.8004], [-71.2268, 46.8004], [-71.2266, 46.8003], [-71.2263, 46.8003], [-71.226, 46.8004], [-71.2257, 46.8004], [-71.2254, 46.8005], [-71.2251, 46.8006], [-71.2248, 46.8007], [-71.2245, 46.8009], [-71.2242, 46.801], [-71.2239, 46.8011], [-71.2237, 46.8012], [-71.2235, 46.8013], [-71.2234, 46.8013], [-71.2232, 46.8013], [-71.2231, 46.8012], [-71.2231, 46.8011], [-71.2231, 46.801], [-71.223, 46.801], [-71.223, 46.8009], [-71.2229, 46.8008], [-71.2227, 46.8008], [-71.2226, 46.8008], [-71.2224, 46.8008], [-71.2222, 46.8008], [-71.222, 46.8008], [-71.2218, 46.8009], [-71.2217, 46.8009], [-71.2216, 46.801], [-71.2216, 46.8011], [-71.2216, 46.8012], [-71.2216, 46.8013], [-71.2217, 46.8014], [-71.2217, 46.8015], [-71.2217, 46.8016], [-71.2217, 46.8017], [-71.2216, 46.8017], [-71.2216, 46.8018], [-71.2215, 46.8019], [-71.2214, 46.8019], [-71.2214, 46.802], [-71.2213, 46.8021], [-71.2213, 46.8022], [-71.2213, 46.8023], [-71.2213, 46.8024], [-71.2213, 46.8025], [-71.2214, 46.8026], [-71.2214, 46.8027], [-71.2214, 46.8029], [-71.2214, 46.803], [-71.2214, 46.8032], [-71.2214, 46.8033], [-71.2213, 46.8035], [-71.2213, 46.8037], [-71.2212, 46.8039], [-71.2211, 46.8041], [-71.2211, 46.8042], [-71.221, 46.8044], [-71.221, 46.8045], [-71.221, 46.8047], [-71.221, 46.8048], [-71.2211, 46.8049], [-71.2212, 46.8049], [-71.2212, 46.805], [-71.2212, 46.8051], [-71.2212, 46.8052], [-71.2212, 46.8053], [-71.2211, 46.8054], [-71.221, 46.8054], [-71.2209, 46.8055], [-71.2209, 46.8056], [-71.2208, 46.8058], [-71.2207, 46.8059], [-71.2207, 46.8061], [-71.2207, 46.8063], [-71.2206, 46.8065], [-71.2206, 46.8068], [-71.2206, 46.807], [-71.2206, 46.8072], [-71.2206, 46.8074], [-71.2207, 46.8075], [-71.2207, 46.8076], [-71.2208, 46.8077], [-71.2209, 46.8078], [-71.2211, 46.8078], [-71.2212, 46.8078], [-71.2213, 46.8078], [-71.2215, 46.8078], [-71.2216, 46.8078], [-71.2218, 46.8077], [-71.222, 46.8077], [-71.2221, 46.8076], [-71.2223, 46.8075], [-71.2224, 46.8075], [-71.2226, 46.8075], [-71.2227, 46.8075], [-71.2228, 46.8075], [-71.2229, 46.8075], [-71.2229, 46.8076], [-71.223, 46.8076], [-71.223, 46.8077], [-71.2231, 46.8078], [-71.2233, 46.8079], [-71.2236, 46.808], [-71.224, 46.8081], [-71.2245, 46.8081], [-71.2251, 46.8082], [-71.2257, 46.8082], [-71.2265, 46.8082], [-71.2272, 46.8083], [-71.2278, 46.8083], [-71.2283, 46.8082], [-71.2288, 46.8082], [-71.2291, 46.8081], [-71.2294, 46.808], [-71.2297, 46.8079], [-71.2298, 46.8078], [-71.23, 46.8077], [-71.2302, 46.8076], [-71.2303, 46.8075], [-71.2305, 46.8075], [-71.2306, 46.8075], [-71.2308, 46.8074], [-71.2309, 46.8074], [-71.2311, 46.8074], [-71.2312, 46.8075], [-71.2313, 46.8074], [-71.2315, 46.8074], [-71.2316, 46.8074], [-71.2317, 46.8073], [-71.2318, 46.8073], [-71.2319, 46.8072], [-71.232, 46.8071], [-71.232, 46.807], [-71.2321, 46.8069], [-71.2321, 46.8067], [-71.2321, 46.8066], [-71.2321, 46.8064], [-71.2321, 46.8061], [-71.2321, 46.8059], [-71.232, 46.8056], [-71.232, 46.8054], [-71.232, 46.8051], [-71.232, 46.805], [-71.232, 46.8048], [-71.232, 46.8046], [-71.2321, 46.8045], [-71.2322, 46.8044], [-71.2323, 46.8044], [-71.2323, 46.8043], [-71.2324, 46.8042], [-71.2324, 46.8041], [-71.2324, 46.804], [-71.2323, 46.804], [-71.2323, 46.8039], [-71.2322, 46.8039], [-71.2321, 46.8038], [-71.2321, 46.8037], [-71.232, 46.8037], [-71.232, 46.8036], [-71.232, 46.8035], [-71.2321, 46.8034], [-71.2322, 46.8033], [-71.2323, 46.8032], [-71.2323, 46.8031], [-71.2323, 46.803], [-71.2323, 46.8029], [-71.2322, 46.8029], [-71.2321, 46.8029], [-71.232, 46.8028], [-71.2319, 46.8028], [-71.2319, 46.8027], [-71.232, 46.8027], [-71.2321, 46.8026], [-71.2322, 46.8026], [-71.2323, 46.8025], [-71.2324, 46.8024], [-71.2325, 46.8023], [-71.2325, 46.8022], [-71.2324, 46.8021], [-71.2324, 46.802], [-71.2323, 46.8019], [-71.2322, 46.8018], [-71.2322, 46.8017], [-71.2322, 46.8016], [-71.2323, 46.8015], [-71.2324, 46.8014], [-71.2325, 46.8013], [-71.2326, 46.8012]]]}}, {"type": "Feature", "properties": {"couche": "aire_marche", "station": "Cartier", "ordre": 19, "minutes": 9, "superficie_ha": 83.7, "rue_km": 22.35, "disque_ha": 124.7, "part_disque_pct": 67, "accroche_m": 1, "population": 8763, "navetteurs": 2561, "mode_auto_pct": 47, "mode_tc_pct": 19, "mode_actif_pct": 34, "mode_autre_pct": 0}, "geometry": {"type": "Polygon", "coordinates": [[[-71.233, 46.8012], [-71.233, 46.8014], [-71.2329, 46.8015], [-71.2329, 46.8017], [-71.2328, 46.8017], [-71.2328, 46.8018], [-71.2327, 46.8018], [-71.2326, 46.8018], [-71.2325, 46.8018], [-71.2324, 46.8017], [-71.2323, 46.8017], [-71.2323, 46.8018], [-71.2324, 46.8018], [-71.2325, 46.8019], [-71.2326, 46.802], [-71.2327, 46.8021], [-71.2328, 46.8022], [-71.2329, 46.8023], [-71.2329, 46.8025], [-71.2329, 46.8026], [-71.2329, 46.8027], [-71.2328, 46.8029], [-71.2326, 46.803], [-71.2325, 46.8032], [-71.2323, 46.8033], [-71.2322, 46.8034], [-71.2322, 46.8035], [-71.2321, 46.8035], [-71.2322, 46.8036], [-71.2323, 46.8036], [-71.2325, 46.8035], [-71.2326, 46.8035], [-71.2327, 46.8035], [-71.2328, 46.8035], [-71.2329, 46.8035], [-71.233, 46.8035], [-71.2331, 46.8036], [-71.2332, 46.8036], [-71.2332, 46.8037], [-71.2333, 46.8038], [-71.2333, 46.8039], [-71.2333, 46.804], [-71.2333, 46.8041], [-71.2333, 46.8043], [-71.2332, 46.8044], [-71.2332, 46.8046], [-71.2331, 46.8047], [-71.233, 46.8049], [-71.233, 46.805], [-71.2329, 46.8052], [-71.2327, 46.8053], [-71.2326, 46.8054], [-71.2325, 46.8055], [-71.2323, 46.8056], [-71.2322, 46.8057], [-71.2321, 46.8057], [-71.2321, 46.8058], [-71.2321, 46.8059], [-71.2322, 46.806], [-71.2323, 46.806], [-71.2325, 46.8061], [-71.2326, 46.8061], [-71.2327, 46.8062], [-71.2328, 46.8063], [-71.2328, 46.8065], [-71.2328, 46.8066], [-71.2328, 46.8068], [-71.2327, 46.807], [-71.2326, 46.8072], [-71.2324, 46.8074], [-71.2323, 46.8076], [-71.2322, 46.8077], [-71.2321, 46.8078], [-71.2319, 46.8078], [-71.2318, 46.8078], [-71.2317, 46.8078], [-71.2315, 46.8078], [-71.2314, 46.8077], [-71.2312, 46.8077], [-71.2311, 46.8077], [-71.231, 46.8078], [-71.2309, 46.8078], [-71.2308, 46.8079], [-71.2308, 46.808], [-71.2307, 46.8082], [-71.2306, 46.8083], [-71.2305, 46.8084], [-71.2304, 46.8085], [-71.2303, 46.8086], [-71.2301, 46.8087], [-71.23, 46.8087], [-71.2298, 46.8088], [-71.2296, 46.8088], [-71.2293, 46.8089], [-71.2291, 46.8089], [-71.2288, 46.8089], [-71.2284, 46.8089], [-71.228, 46.8089], [-71.2276, 46.8089], [-71.2271, 46.8089], [-71.2267, 46.8089], [-71.2262, 46.8088], [-71.2258, 46.8088], [-71.2255, 46.8088], [-71.2252, 46.8087], [-71.2249, 46.8087], [-71.2248, 46.8086], [-71.2246, 46.8086], [-71.2245, 46.8085], [-71.2244, 46.8084], [-71.2243, 46.8084], [-71.2242, 46.8084], [-71.2241, 46.8084], [-71.2239, 46.8083], [-71.2237, 46.8084], [-71.2236, 46.8084], [-71.2234, 46.8084], [-71.2232, 46.8084], [-71.2231, 46.8084], [-71.2229, 46.8083], [-71.2228, 46.8082], [-71.2228, 46.8081], [-71.2228, 46.808], [-71.2228, 46.8078], [-71.2228, 46.8077], [-71.2228, 46.8076], [-71.2227, 46.8076], [-71.2226, 46.8076], [-71.2226, 46.8077], [-71.2225, 46.8078], [-71.2223, 46.8079], [-71.2222, 46.8081], [-71.222, 46.8082], [-71.2219, 46.8082], [-71.2217, 46.8083], [-71.2215, 46.8083], [-71.2212, 46.8083], [-71.221, 46.8083], [-71.2207, 46.8082], [-71.2205, 46.8081], [-71.2203, 46.808], [-71.2201, 46.8079], [-71.22, 46.8077], [-71.2199, 46.8075], [-71.2199, 46.8073], [-71.2199, 46.8071], [-71.2199, 46.8068], [-71.22, 46.8066], [-71.22, 46.8064], [-71.2201, 46.8062], [-71.2202, 46.806], [-71.2204, 46.8058], [-71.2205, 46.8057], [-71.2206, 46.8056], [-71.2208, 46.8055], [-71.2209, 46.8054], [-71.221, 46.8053], [-71.2211, 46.8052], [-71.2211, 46.8051], [-71.2211, 46.8049], [-71.221, 46.8048], [-71.2209, 46.8046], [-71.2208, 46.8045], [-71.2207, 46.8043], [-71.2206, 46.8042], [-71.2206, 46.804], [-71.2206, 46.8039], [-71.2206, 46.8037], [-71.2207, 46.8036], [-71.2208, 46.8035], [-71.221, 46.8034], [-71.2211, 46.8033], [-71.2212, 46.8032], [-71.2213, 46.8031], [-71.2213, 46.803], [-71.2212, 46.8029], [-71.2211, 46.8028], [-71.2209, 46.8028], [-71.2208, 46.8027], [-71.2207, 46.8026], [-71.2207, 46.8025], [-71.2206, 46.8023], [-71.2206, 46.8021], [-71.2206, 46.8019], [-71.2207, 46.8016], [-71.2207, 46.8013], [-71.2208, 46.8011], [-71.221, 46.8009], [-71.2212, 46.8007], [-71.2214, 46.8005], [-71.2216, 46.8004], [-71.2219, 46.8003], [-71.2222, 46.8003], [-71.2225, 46.8003], [-71.2228, 46.8003], [-71.2231, 46.8004], [-71.2234, 46.8004], [-71.2236, 46.8005], [-71.2238, 46.8005], [-71.224, 46.8006], [-71.2242, 46.8007], [-71.2243, 46.8008], [-71.2244, 46.8008], [-71.2245, 46.8009], [-71.2246, 46.8009], [-71.2247, 46.8008], [-71.2248, 46.8007], [-71.2248, 46.8005], [-71.2248, 46.8004], [-71.2249, 46.8002], [-71.2251, 46.8001], [-71.2253, 46.8], [-71.2255, 46.8], [-71.2259, 46.7999], [-71.2262, 46.7999], [-71.2267, 46.7999], [-71.2272, 46.7999], [-71.2276, 46.8], [-71.2281, 46.8], [-71.2284, 46.8001], [-71.2287, 46.8001], [-71.229, 46.8002], [-71.2292, 46.8003], [-71.2294, 46.8004], [-71.2296, 46.8005], [-71.2297, 46.8006], [-71.2299, 46.8006], [-71.23, 46.8007], [-71.2302, 46.8007], [-71.2304, 46.8007], [-71.2306, 46.8006], [-71.2308, 46.8006], [-71.231, 46.8005], [-71.2311, 46.8004], [-71.2313, 46.8004], [-71.2314, 46.8004], [-71.2315, 46.8004], [-71.2316, 46.8004], [-71.2317, 46.8004], [-71.2318, 46.8004], [-71.2318, 46.8005], [-71.2318, 46.8006], [-71.2317, 46.8007], [-71.2317, 46.8008], [-71.2316, 46.8009], [-71.2315, 46.8009], [-71.2314, 46.801], [-71.2313, 46.8011], [-71.2312, 46.8012], [-71.2314, 46.8011], [-71.2315, 46.801], [-71.2318, 46.8009], [-71.232, 46.8008], [-71.2323, 46.8007], [-71.2325, 46.8006], [-71.2327, 46.8006], [-71.2328, 46.8007], [-71.2329, 46.8007], [-71.233, 46.8009], [-71.233, 46.801], [-71.233, 46.8012]]]}}, {"type": "Feature", "properties": {"couche": "voile", "station": "Cartier", "minutes": 9}, "geometry": {"type": "Polygon", "coordinates": [[[-71.3924, 46.9157], [-71.0638, 46.9178], [-71.0615, 46.6929], [-71.3887, 46.6908], [-71.3924, 46.9157]], [[-71.233, 46.801], [-71.233, 46.8009], [-71.2329, 46.8007], [-71.2328, 46.8007], [-71.2327, 46.8006], [-71.2325, 46.8006], [-71.2323, 46.8007], [-71.232, 46.8008], [-71.2318, 46.8009], [-71.2315, 46.801], [-71.2314, 46.8011], [-71.2312, 46.8012], [-71.2313, 46.8011], [-71.2314, 46.801], [-71.2315, 46.8009], [-71.2316, 46.8009], [-71.2317, 46.8008], [-71.2317, 46.8007], [-71.2318, 46.8006], [-71.2318, 46.8005], [-71.2318, 46.8004], [-71.2317, 46.8004], [-71.2316, 46.8004], [-71.2315, 46.8004], [-71.2314, 46.8004], [-71.2313, 46.8004], [-71.2311, 46.8004], [-71.231, 46.8005], [-71.2308, 46.8006], [-71.2306, 46.8006], [-71.2304, 46.8007], [-71.2302, 46.8007], [-71.23, 46.8007], [-71.2299, 46.8006], [-71.2297, 46.8006], [-71.2296, 46.8005], [-71.2294, 46.8004], [-71.2292, 46.8003], [-71.229, 46.8002], [-71.2287, 46.8001], [-71.2284, 46.8001], [-71.2281, 46.8], [-71.2276, 46.8], [-71.2272, 46.7999], [-71.2267, 46.7999], [-71.2262, 46.7999], [-71.2259, 46.7999], [-71.2255, 46.8], [-71.2253, 46.8], [-71.2251, 46.8001], [-71.2249, 46.8002], [-71.2248, 46.8004], [-71.2248, 46.8005], [-71.2248, 46.8007], [-71.2247, 46.8008], [-71.2246, 46.8009], [-71.2245, 46.8009], [-71.2244, 46.8008], [-71.2243, 46.8008], [-71.2242, 46.8007], [-71.224, 46.8006], [-71.2238, 46.8005], [-71.2236, 46.8005], [-71.2234, 46.8004], [-71.2231, 46.8004], [-71.2228, 46.8003], [-71.2225, 46.8003], [-71.2222, 46.8003], [-71.2219, 46.8003], [-71.2216, 46.8004], [-71.2214, 46.8005], [-71.2212, 46.8007], [-71.221, 46.8009], [-71.2208, 46.8011], [-71.2207, 46.8013], [-71.2207, 46.8016], [-71.2206, 46.8019], [-71.2206, 46.8021], [-71.2206, 46.8023], [-71.2207, 46.8025], [-71.2207, 46.8026], [-71.2208, 46.8027], [-71.2209, 46.8028], [-71.2211, 46.8028], [-71.2212, 46.8029], [-71.2213, 46.803], [-71.2213, 46.8031], [-71.2212, 46.8032], [-71.2211, 46.8033], [-71.221, 46.8034], [-71.2208, 46.8035], [-71.2207, 46.8036], [-71.2206, 46.8037], [-71.2206, 46.8039], [-71.2206, 46.804], [-71.2206, 46.8042], [-71.2207, 46.8043], [-71.2208, 46.8045], [-71.2209, 46.8046], [-71.221, 46.8048], [-71.2211, 46.8049], [-71.2211, 46.8051], [-71.2211, 46.8052], [-71.221, 46.8053], [-71.2209, 46.8054], [-71.2208, 46.8055], [-71.2206, 46.8056], [-71.2205, 46.8057], [-71.2204, 46.8058], [-71.2202, 46.806], [-71.2201, 46.8062], [-71.22, 46.8064], [-71.22, 46.8066], [-71.2199, 46.8068], [-71.2199, 46.8071], [-71.2199, 46.8073], [-71.2199, 46.8075], [-71.22, 46.8077], [-71.2201, 46.8079], [-71.2203, 46.808], [-71.2205, 46.8081], [-71.2207, 46.8082], [-71.221, 46.8083], [-71.2212, 46.8083], [-71.2215, 46.8083], [-71.2217, 46.8083], [-71.2219, 46.8082], [-71.222, 46.8082], [-71.2222, 46.8081], [-71.2223, 46.8079], [-71.2225, 46.8078], [-71.2226, 46.8077], [-71.2226, 46.8076], [-71.2227, 46.8076], [-71.2228, 46.8076], [-71.2228, 46.8077], [-71.2228, 46.8078], [-71.2228, 46.808], [-71.2228, 46.8081], [-71.2228, 46.8082], [-71.2229, 46.8083], [-71.2231, 46.8084], [-71.2232, 46.8084], [-71.2234, 46.8084], [-71.2236, 46.8084], [-71.2237, 46.8084], [-71.2239, 46.8083], [-71.2241, 46.8084], [-71.2242, 46.8084], [-71.2243, 46.8084], [-71.2244, 46.8084], [-71.2245, 46.8085], [-71.2246, 46.8086], [-71.2248, 46.8086], [-71.2249, 46.8087], [-71.2252, 46.8087], [-71.2255, 46.8088], [-71.2258, 46.8088], [-71.2262, 46.8088], [-71.2267, 46.8089], [-71.2271, 46.8089], [-71.2276, 46.8089], [-71.228, 46.8089], [-71.2284, 46.8089], [-71.2288, 46.8089], [-71.2291, 46.8089], [-71.2293, 46.8089], [-71.2296, 46.8088], [-71.2298, 46.8088], [-71.23, 46.8087], [-71.2301, 46.8087], [-71.2303, 46.8086], [-71.2304, 46.8085], [-71.2305, 46.8084], [-71.2306, 46.8083], [-71.2307, 46.8082], [-71.2308, 46.808], [-71.2308, 46.8079], [-71.2309, 46.8078], [-71.231, 46.8078], [-71.2311, 46.8077], [-71.2312, 46.8077], [-71.2314, 46.8077], [-71.2315, 46.8078], [-71.2317, 46.8078], [-71.2318, 46.8078], [-71.2319, 46.8078], [-71.2321, 46.8078], [-71.2322, 46.8077], [-71.2323, 46.8076], [-71.2324, 46.8074], [-71.2326, 46.8072], [-71.2327, 46.807], [-71.2328, 46.8068], [-71.2328, 46.8066], [-71.2328, 46.8065], [-71.2328, 46.8063], [-71.2327, 46.8062], [-71.2326, 46.8061], [-71.2325, 46.8061], [-71.2323, 46.806], [-71.2322, 46.806], [-71.2321, 46.8059], [-71.2321, 46.8058], [-71.2321, 46.8057], [-71.2322, 46.8057], [-71.2323, 46.8056], [-71.2325, 46.8055], [-71.2326, 46.8054], [-71.2327, 46.8053], [-71.2329, 46.8052], [-71.233, 46.805], [-71.233, 46.8049], [-71.2331, 46.8047], [-71.2332, 46.8046], [-71.2332, 46.8044], [-71.2333, 46.8043], [-71.2333, 46.8041], [-71.2333, 46.804], [-71.2333, 46.8039], [-71.2333, 46.8038], [-71.2332, 46.8037], [-71.2332, 46.8036], [-71.2331, 46.8036], [-71.233, 46.8035], [-71.2329, 46.8035], [-71.2328, 46.8035], [-71.2327, 46.8035], [-71.2326, 46.8035], [-71.2325, 46.8035], [-71.2323, 46.8036], [-71.2322, 46.8036], [-71.2321, 46.8035], [-71.2322, 46.8035], [-71.2322, 46.8034], [-71.2323, 46.8033], [-71.2325, 46.8032], [-71.2326, 46.803], [-71.2328, 46.8029], [-71.2329, 46.8027], [-71.2329, 46.8026], [-71.2329, 46.8025], [-71.2329, 46.8023], [-71.2328, 46.8022], [-71.2327, 46.8021], [-71.2326, 46.802], [-71.2325, 46.8019], [-71.2324, 46.8018], [-71.2323, 46.8018], [-71.2323, 46.8017], [-71.2324, 46.8017], [-71.2325, 46.8018], [-71.2326, 46.8018], [-71.2327, 46.8018], [-71.2328, 46.8018], [-71.2328, 46.8017], [-71.2329, 46.8017], [-71.2329, 46.8015], [-71.233, 46.8014], [-71.233, 46.8012], [-71.233, 46.801]]]}}, {"type": "Feature", "properties": {"couche": "aire_marche", "station": "Cartier", "ordre": 19, "minutes": 10, "superficie_ha": 102.2, "rue_km": 27.97, "disque_ha": 153.9, "part_disque_pct": 66, "accroche_m": 1, "population": 10484, "navetteurs": 3086, "mode_auto_pct": 47, "mode_tc_pct": 19, "mode_actif_pct": 34, "mode_autre_pct": 0}, "geometry": {"type": "Polygon", "coordinates": [[[-71.2339, 46.8006], [-71.2339, 46.8007], [-71.2339, 46.8009], [-71.2338, 46.801], [-71.2338, 46.8011], [-71.2337, 46.8012], [-71.2336, 46.8012], [-71.2335, 46.8012], [-71.2334, 46.8012], [-71.2333, 46.8012], [-71.2332, 46.8012], [-71.2332, 46.8013], [-71.2332, 46.8014], [-71.2333, 46.8015], [-71.2333, 46.8016], [-71.2335, 46.8018], [-71.2335, 46.8019], [-71.2336, 46.8021], [-71.2335, 46.8022], [-71.2335, 46.8024], [-71.2334, 46.8025], [-71.2332, 46.8027], [-71.233, 46.8029], [-71.2327, 46.8031], [-71.2325, 46.8032], [-71.2324, 46.8033], [-71.2323, 46.8034], [-71.2323, 46.8035], [-71.2324, 46.8035], [-71.2326, 46.8034], [-71.2328, 46.8034], [-71.233, 46.8033], [-71.2332, 46.8032], [-71.2333, 46.8032], [-71.2335, 46.8032], [-71.2336, 46.8032], [-71.2337, 46.8032], [-71.2338, 46.8032], [-71.2339, 46.8033], [-71.234, 46.8034], [-71.234, 46.8035], [-71.234, 46.8037], [-71.234, 46.8038], [-71.234, 46.804], [-71.2339, 46.8042], [-71.2339, 46.8045], [-71.2338, 46.8047], [-71.2337, 46.8049], [-71.2337, 46.805], [-71.2336, 46.8051], [-71.2335, 46.8052], [-71.2334, 46.8053], [-71.2333, 46.8053], [-71.2332, 46.8053], [-71.2331, 46.8053], [-71.233, 46.8054], [-71.2329, 46.8054], [-71.2327, 46.8054], [-71.2326, 46.8055], [-71.2325, 46.8055], [-71.2324, 46.8056], [-71.2322, 46.8056], [-71.2321, 46.8057], [-71.232, 46.8057], [-71.232, 46.8058], [-71.2321, 46.8058], [-71.2322, 46.8057], [-71.2323, 46.8057], [-71.2325, 46.8057], [-71.2326, 46.8056], [-71.2328, 46.8056], [-71.2329, 46.8056], [-71.2331, 46.8056], [-71.2332, 46.8056], [-71.2333, 46.8056], [-71.2334, 46.8056], [-71.2335, 46.8057], [-71.2336, 46.8058], [-71.2336, 46.806], [-71.2336, 46.8062], [-71.2335, 46.8064], [-71.2334, 46.8067], [-71.2334, 46.807], [-71.2332, 46.8073], [-71.2331, 46.8076], [-71.233, 46.8078], [-71.2329, 46.808], [-71.2327, 46.8082], [-71.2326, 46.8083], [-71.2325, 46.8084], [-71.2324, 46.8084], [-71.2323, 46.8084], [-71.2321, 46.8084], [-71.2319, 46.8084], [-71.2317, 46.8085], [-71.2315, 46.8085], [-71.2313, 46.8086], [-71.231, 46.8087], [-71.2307, 46.8089], [-71.2304, 46.809], [-71.2301, 46.8091], [-71.2299, 46.8092], [-71.2297, 46.8093], [-71.2294, 46.8093], [-71.2293, 46.8093], [-71.2291, 46.8093], [-71.229, 46.8093], [-71.2289, 46.8092], [-71.2287, 46.8091], [-71.2285, 46.8091], [-71.2282, 46.809], [-71.2279, 46.809], [-71.2275, 46.809], [-71.2271, 46.809], [-71.2266, 46.809], [-71.226, 46.809], [-71.2255, 46.809], [-71.2251, 46.809], [-71.2247, 46.809], [-71.2244, 46.809], [-71.2242, 46.8089], [-71.2239, 46.8089], [-71.2238, 46.8088], [-71.2237, 46.8087], [-71.2236, 46.8086], [-71.2235, 46.8086], [-71.2234, 46.8085], [-71.2232, 46.8085], [-71.2231, 46.8086], [-71.223, 46.8086], [-71.2228, 46.8087], [-71.2226, 46.8088], [-71.2225, 46.8088], [-71.2222, 46.8089], [-71.222, 46.8089], [-71.2217, 46.8089], [-71.2214, 46.8089], [-71.2211, 46.8088], [-71.2207, 46.8088], [-71.2203, 46.8087], [-71.22, 46.8086], [-71.2198, 46.8084], [-71.2195, 46.8082], [-71.2194, 46.808], [-71.2193, 46.8077], [-71.2193, 46.8074], [-71.2193, 46.8071], [-71.2194, 46.8067], [-71.2195, 46.8064], [-71.2196, 46.8061], [-71.2197, 46.8058], [-71.2199, 46.8056], [-71.22, 46.8055], [-71.2202, 46.8054], [-71.2204, 46.8053], [-71.2206, 46.8053], [-71.2208, 46.8052], [-71.2209, 46.8052], [-71.2209, 46.8051], [-71.2209, 46.805], [-71.2208, 46.8049], [-71.2206, 46.8048], [-71.2204, 46.8047], [-71.2202, 46.8046], [-71.2201, 46.8045], [-71.22, 46.8044], [-71.2201, 46.8042], [-71.2201, 46.8041], [-71.2203, 46.8039], [-71.2204, 46.8037], [-71.2207, 46.8036], [-71.2209, 46.8034], [-71.221, 46.8033], [-71.2211, 46.8032], [-71.2212, 46.8032], [-71.2212, 46.8031], [-71.2211, 46.8031], [-71.221, 46.8032], [-71.2209, 46.8032], [-71.2207, 46.8032], [-71.2206, 46.8033], [-71.2204, 46.8033], [-71.2203, 46.8033], [-71.2202, 46.8033], [-71.2201, 46.8033], [-71.22, 46.8033], [-71.22, 46.8032], [-71.2199, 46.8032], [-71.2199, 46.8031], [-71.2199, 46.803], [-71.2199, 46.8028], [-71.2199, 46.8027], [-71.2199, 46.8025], [-71.22, 46.8023], [-71.22, 46.802], [-71.2201, 46.8018], [-71.2201, 46.8016], [-71.2201, 46.8014], [-71.2201, 46.8013], [-71.2201, 46.8011], [-71.2201, 46.801], [-71.22, 46.8009], [-71.2199, 46.8008], [-71.2198, 46.8007], [-71.2198, 46.8006], [-71.2199, 46.8005], [-71.2199, 46.8004], [-71.22, 46.8003], [-71.2201, 46.8002], [-71.2202, 46.8001], [-71.2203, 46.8], [-71.2205, 46.7999], [-71.2206, 46.7999], [-71.2208, 46.7999], [-71.2209, 46.8], [-71.2211, 46.8], [-71.2212, 46.8001], [-71.2214, 46.8002], [-71.2215, 46.8003], [-71.2217, 46.8004], [-71.2219, 46.8004], [-71.2221, 46.8004], [-71.2223, 46.8004], [-71.2226, 46.8004], [-71.2228, 46.8003], [-71.2231, 46.8003], [-71.2234, 46.8002], [-71.2236, 46.8001], [-71.2238, 46.8], [-71.2239, 46.8], [-71.2241, 46.7999], [-71.2242, 46.7998], [-71.2242, 46.7997], [-71.2243, 46.7997], [-71.2244, 46.7996], [-71.2245, 46.7995], [-71.2246, 46.7995], [-71.2248, 46.7994], [-71.225, 46.7994], [-71.2252, 46.7994], [-71.2255, 46.7994], [-71.2258, 46.7993], [-71.226, 46.7993], [-71.2263, 46.7993], [-71.2266, 46.7994], [-71.2268, 46.7994], [-71.2271, 46.7994], [-71.2273, 46.7994], [-71.2275, 46.7994], [-71.2277, 46.7995], [-71.2279, 46.7995], [-71.2281, 46.7996], [-71.2283, 46.7997], [-71.2285, 46.7998], [-71.2287, 46.7999], [-71.2289, 46.8], [-71.2292, 46.8001], [-71.2294, 46.8003], [-71.2296, 46.8004], [-71.2298, 46.8005], [-71.23, 46.8005], [-71.2302, 46.8006], [-71.2305, 46.8005], [-71.2307, 46.8005], [-71.231, 46.8004], [-71.2312, 46.8002], [-71.2315, 46.8001], [-71.2317, 46.8], [-71.232, 46.8], [-71.2322, 46.7999], [-71.2325, 46.7999], [-71.2327, 46.7999], [-71.2329, 46.7999], [-71.2332, 46.7999], [-71.2334, 46.7999], [-71.2335, 46.8], [-71.2337, 46.8001], [-71.2338, 46.8002], [-71.2339, 46.8003], [-71.2339, 46.8004], [-71.2339, 46.8006]]]}}, {"type": "Feature", "properties": {"couche": "voile", "station": "Cartier", "minutes": 10}, "geometry": {"type": "Polygon", "coordinates": [[[-71.3931, 46.9161], [-71.0632, 46.9182], [-71.0609, 46.6923], [-71.3894, 46.6902], [-71.3931, 46.9161]], [[-71.2339, 46.8004], [-71.2339, 46.8003], [-71.2338, 46.8002], [-71.2337, 46.8001], [-71.2335, 46.8], [-71.2334, 46.7999], [-71.2332, 46.7999], [-71.2329, 46.7999], [-71.2327, 46.7999], [-71.2325, 46.7999], [-71.2322, 46.7999], [-71.232, 46.8], [-71.2317, 46.8], [-71.2315, 46.8001], [-71.2312, 46.8002], [-71.231, 46.8004], [-71.2307, 46.8005], [-71.2305, 46.8005], [-71.2302, 46.8006], [-71.23, 46.8005], [-71.2298, 46.8005], [-71.2296, 46.8004], [-71.2294, 46.8003], [-71.2292, 46.8001], [-71.2289, 46.8], [-71.2287, 46.7999], [-71.2285, 46.7998], [-71.2283, 46.7997], [-71.2281, 46.7996], [-71.2279, 46.7995], [-71.2277, 46.7995], [-71.2275, 46.7994], [-71.2273, 46.7994], [-71.2271, 46.7994], [-71.2268, 46.7994], [-71.2266, 46.7994], [-71.2263, 46.7993], [-71.226, 46.7993], [-71.2258, 46.7993], [-71.2255, 46.7994], [-71.2252, 46.7994], [-71.225, 46.7994], [-71.2248, 46.7994], [-71.2246, 46.7995], [-71.2245, 46.7995], [-71.2244, 46.7996], [-71.2243, 46.7997], [-71.2242, 46.7997], [-71.2242, 46.7998], [-71.2241, 46.7999], [-71.2239, 46.8], [-71.2238, 46.8], [-71.2236, 46.8001], [-71.2234, 46.8002], [-71.2231, 46.8003], [-71.2228, 46.8003], [-71.2226, 46.8004], [-71.2223, 46.8004], [-71.2221, 46.8004], [-71.2219, 46.8004], [-71.2217, 46.8004], [-71.2215, 46.8003], [-71.2214, 46.8002], [-71.2212, 46.8001], [-71.2211, 46.8], [-71.2209, 46.8], [-71.2208, 46.7999], [-71.2206, 46.7999], [-71.2205, 46.7999], [-71.2203, 46.8], [-71.2202, 46.8001], [-71.2201, 46.8002], [-71.22, 46.8003], [-71.2199, 46.8004], [-71.2199, 46.8005], [-71.2198, 46.8006], [-71.2198, 46.8007], [-71.2199, 46.8008], [-71.22, 46.8009], [-71.2201, 46.801], [-71.2201, 46.8011], [-71.2201, 46.8013], [-71.2201, 46.8014], [-71.2201, 46.8016], [-71.2201, 46.8018], [-71.22, 46.802], [-71.22, 46.8023], [-71.2199, 46.8025], [-71.2199, 46.8027], [-71.2199, 46.8028], [-71.2199, 46.803], [-71.2199, 46.8031], [-71.2199, 46.8032], [-71.22, 46.8032], [-71.22, 46.8033], [-71.2201, 46.8033], [-71.2202, 46.8033], [-71.2203, 46.8033], [-71.2204, 46.8033], [-71.2206, 46.8033], [-71.2207, 46.8032], [-71.2209, 46.8032], [-71.221, 46.8032], [-71.2211, 46.8031], [-71.2212, 46.8031], [-71.2212, 46.8032], [-71.2211, 46.8032], [-71.221, 46.8033], [-71.2209, 46.8034], [-71.2207, 46.8036], [-71.2204, 46.8037], [-71.2203, 46.8039], [-71.2201, 46.8041], [-71.2201, 46.8042], [-71.22, 46.8044], [-71.2201, 46.8045], [-71.2202, 46.8046], [-71.2204, 46.8047], [-71.2206, 46.8048], [-71.2208, 46.8049], [-71.2209, 46.805], [-71.2209, 46.8051], [-71.2209, 46.8052], [-71.2208, 46.8052], [-71.2206, 46.8053], [-71.2204, 46.8053], [-71.2202, 46.8054], [-71.22, 46.8055], [-71.2199, 46.8056], [-71.2197, 46.8058], [-71.2196, 46.8061], [-71.2195, 46.8064], [-71.2194, 46.8067], [-71.2193, 46.8071], [-71.2193, 46.8074], [-71.2193, 46.8077], [-71.2194, 46.808], [-71.2195, 46.8082], [-71.2198, 46.8084], [-71.22, 46.8086], [-71.2203, 46.8087], [-71.2207, 46.8088], [-71.2211, 46.8088], [-71.2214, 46.8089], [-71.2217, 46.8089], [-71.222, 46.8089], [-71.2222, 46.8089], [-71.2225, 46.8088], [-71.2226, 46.8088], [-71.2228, 46.8087], [-71.223, 46.8086], [-71.2231, 46.8086], [-71.2232, 46.8085], [-71.2234, 46.8085], [-71.2235, 46.8086], [-71.2236, 46.8086], [-71.2237, 46.8087], [-71.2238, 46.8088], [-71.2239, 46.8089], [-71.2242, 46.8089], [-71.2244, 46.809], [-71.2247, 46.809], [-71.2251, 46.809], [-71.2255, 46.809], [-71.226, 46.809], [-71.2266, 46.809], [-71.2271, 46.809], [-71.2275, 46.809], [-71.2279, 46.809], [-71.2282, 46.809], [-71.2285, 46.8091], [-71.2287, 46.8091], [-71.2289, 46.8092], [-71.229, 46.8093], [-71.2291, 46.8093], [-71.2293, 46.8093], [-71.2294, 46.8093], [-71.2297, 46.8093], [-71.2299, 46.8092], [-71.2301, 46.8091], [-71.2304, 46.809], [-71.2307, 46.8089], [-71.231, 46.8087], [-71.2313, 46.8086], [-71.2315, 46.8085], [-71.2317, 46.8085], [-71.2319, 46.8084], [-71.2321, 46.8084], [-71.2323, 46.8084], [-71.2324, 46.8084], [-71.2325, 46.8084], [-71.2326, 46.8083], [-71.2327, 46.8082], [-71.2329, 46.808], [-71.233, 46.8078], [-71.2331, 46.8076], [-71.2332, 46.8073], [-71.2334, 46.807], [-71.2334, 46.8067], [-71.2335, 46.8064], [-71.2336, 46.8062], [-71.2336, 46.806], [-71.2336, 46.8058], [-71.2335, 46.8057], [-71.2334, 46.8056], [-71.2333, 46.8056], [-71.2332, 46.8056], [-71.2331, 46.8056], [-71.2329, 46.8056], [-71.2328, 46.8056], [-71.2326, 46.8056], [-71.2325, 46.8057], [-71.2323, 46.8057], [-71.2322, 46.8057], [-71.2321, 46.8058], [-71.232, 46.8058], [-71.232, 46.8057], [-71.2321, 46.8057], [-71.2322, 46.8056], [-71.2324, 46.8056], [-71.2325, 46.8055], [-71.2326, 46.8055], [-71.2327, 46.8054], [-71.2329, 46.8054], [-71.233, 46.8054], [-71.2331, 46.8053], [-71.2332, 46.8053], [-71.2333, 46.8053], [-71.2334, 46.8053], [-71.2335, 46.8052], [-71.2336, 46.8051], [-71.2337, 46.805], [-71.2337, 46.8049], [-71.2338, 46.8047], [-71.2339, 46.8045], [-71.2339, 46.8042], [-71.234, 46.804], [-71.234, 46.8038], [-71.234, 46.8037], [-71.234, 46.8035], [-71.234, 46.8034], [-71.2339, 46.8033], [-71.2338, 46.8032], [-71.2337, 46.8032], [-71.2336, 46.8032], [-71.2335, 46.8032], [-71.2333, 46.8032], [-71.2332, 46.8032], [-71.233, 46.8033], [-71.2328, 46.8034], [-71.2326, 46.8034], [-71.2324, 46.8035], [-71.2323, 46.8035], [-71.2323, 46.8034], [-71.2324, 46.8033], [-71.2325, 46.8032], [-71.2327, 46.8031], [-71.233, 46.8029], [-71.2332, 46.8027], [-71.2334, 46.8025], [-71.2335, 46.8024], [-71.2335, 46.8022], [-71.2336, 46.8021], [-71.2335, 46.8019], [-71.2335, 46.8018], [-71.2333, 46.8016], [-71.2333, 46.8015], [-71.2332, 46.8014], [-71.2332, 46.8013], [-71.2332, 46.8012], [-71.2333, 46.8012], [-71.2334, 46.8012], [-71.2335, 46.8012], [-71.2336, 46.8012], [-71.2337, 46.8012], [-71.2338, 46.8011], [-71.2338, 46.801], [-71.2339, 46.8009], [-71.2339, 46.8007], [-71.2339, 46.8006], [-71.2339, 46.8004]]]}}, {"type": "Feature", "properties": {"couche": "aire_marche", "station": "Cartier", "ordre": 19, "minutes": 11, "superficie_ha": 127.1, "rue_km": 35.51, "disque_ha": 186.3, "part_disque_pct": 68, "accroche_m": 1, "population": 12849, "navetteurs": 3803, "mode_auto_pct": 47, "mode_tc_pct": 19, "mode_actif_pct": 34, "mode_autre_pct": 0}, "geometry": {"type": "Polygon", "coordinates": [[[-71.2344, 46.8003], [-71.2343, 46.8004], [-71.2342, 46.8004], [-71.2341, 46.8005], [-71.234, 46.8006], [-71.234, 46.8007], [-71.2341, 46.8008], [-71.2341, 46.8009], [-71.2342, 46.801], [-71.2343, 46.8011], [-71.2344, 46.8012], [-71.2344, 46.8013], [-71.2345, 46.8014], [-71.2345, 46.8015], [-71.2345, 46.8016], [-71.2345, 46.8017], [-71.2344, 46.8017], [-71.2344, 46.8018], [-71.2343, 46.8019], [-71.2343, 46.802], [-71.2343, 46.8021], [-71.2343, 46.8022], [-71.2343, 46.8023], [-71.2344, 46.8025], [-71.2345, 46.8026], [-71.2346, 46.8027], [-71.2347, 46.8029], [-71.2347, 46.803], [-71.2347, 46.8032], [-71.2347, 46.8034], [-71.2347, 46.8036], [-71.2347, 46.8038], [-71.2346, 46.804], [-71.2345, 46.8043], [-71.2344, 46.8045], [-71.2344, 46.8047], [-71.2344, 46.805], [-71.2344, 46.8052], [-71.2344, 46.8054], [-71.2344, 46.8056], [-71.2345, 46.8058], [-71.2346, 46.8059], [-71.2346, 46.8061], [-71.2346, 46.8063], [-71.2346, 46.8064], [-71.2346, 46.8065], [-71.2345, 46.8066], [-71.2344, 46.8067], [-71.2343, 46.8068], [-71.2342, 46.8069], [-71.234, 46.807], [-71.2339, 46.8071], [-71.2338, 46.8073], [-71.2337, 46.8074], [-71.2336, 46.8076], [-71.2336, 46.8078], [-71.2335, 46.808], [-71.2335, 46.8082], [-71.2335, 46.8084], [-71.2334, 46.8085], [-71.2333, 46.8086], [-71.2332, 46.8087], [-71.2331, 46.8088], [-71.233, 46.8088], [-71.2328, 46.8089], [-71.2326, 46.8088], [-71.2325, 46.8088], [-71.2323, 46.8088], [-71.2322, 46.8089], [-71.232, 46.8089], [-71.2319, 46.809], [-71.2318, 46.809], [-71.2317, 46.8091], [-71.2316, 46.8092], [-71.2315, 46.8093], [-71.2314, 46.8094], [-71.2313, 46.8095], [-71.2311, 46.8096], [-71.2309, 46.8097], [-71.2308, 46.8097], [-71.2306, 46.8098], [-71.2304, 46.8099], [-71.2302, 46.8099], [-71.23, 46.81], [-71.2298, 46.81], [-71.2296, 46.81], [-71.2294, 46.81], [-71.2292, 46.81], [-71.229, 46.81], [-71.2289, 46.8099], [-71.2287, 46.8099], [-71.2286, 46.8098], [-71.2285, 46.8098], [-71.2284, 46.8097], [-71.2283, 46.8096], [-71.2282, 46.8095], [-71.2282, 46.8094], [-71.2282, 46.8093], [-71.2281, 46.8093], [-71.228, 46.8092], [-71.2279, 46.8093], [-71.2277, 46.8093], [-71.2276, 46.8093], [-71.2274, 46.8094], [-71.2272, 46.8095], [-71.2269, 46.8095], [-71.2266, 46.8095], [-71.2263, 46.8096], [-71.2259, 46.8095], [-71.2256, 46.8095], [-71.2251, 46.8095], [-71.2247, 46.8094], [-71.2242, 46.8094], [-71.2239, 46.8094], [-71.2235, 46.8093], [-71.2232, 46.8093], [-71.223, 46.8093], [-71.2228, 46.8094], [-71.2226, 46.8094], [-71.2225, 46.8094], [-71.2223, 46.8095], [-71.2221, 46.8095], [-71.2219, 46.8094], [-71.2216, 46.8094], [-71.2212, 46.8094], [-71.2208, 46.8093], [-71.2204, 46.8092], [-71.2199, 46.8091], [-71.2195, 46.809], [-71.2191, 46.8088], [-71.2188, 46.8086], [-71.2186, 46.8085], [-71.2184, 46.8082], [-71.2183, 46.808], [-71.2182, 46.8078], [-71.2182, 46.8075], [-71.2182, 46.8072], [-71.2183, 46.807], [-71.2183, 46.8068], [-71.2183, 46.8066], [-71.2184, 46.8064], [-71.2184, 46.8063], [-71.2185, 46.8061], [-71.2186, 46.806], [-71.2187, 46.8059], [-71.2188, 46.8058], [-71.2189, 46.8057], [-71.219, 46.8057], [-71.2191, 46.8057], [-71.2192, 46.8056], [-71.2193, 46.8057], [-71.2194, 46.8057], [-71.2194, 46.8056], [-71.2194, 46.8055], [-71.2194, 46.8054], [-71.2193, 46.8053], [-71.2192, 46.8051], [-71.2191, 46.805], [-71.2191, 46.8048], [-71.219, 46.8046], [-71.219, 46.8044], [-71.219, 46.8041], [-71.219, 46.8038], [-71.219, 46.8035], [-71.219, 46.8032], [-71.219, 46.8029], [-71.2191, 46.8026], [-71.2191, 46.8024], [-71.2192, 46.8021], [-71.2193, 46.8019], [-71.2194, 46.8018], [-71.2195, 46.8016], [-71.2196, 46.8015], [-71.2196, 46.8014], [-71.2197, 46.8013], [-71.2197, 46.8011], [-71.2197, 46.801], [-71.2196, 46.8009], [-71.2196, 46.8008], [-71.2195, 46.8007], [-71.2193, 46.8006], [-71.2192, 46.8005], [-71.2192, 46.8004], [-71.2192, 46.8003], [-71.2192, 46.8002], [-71.2193, 46.8001], [-71.2194, 46.7999], [-71.2196, 46.7998], [-71.2198, 46.7997], [-71.22, 46.7995], [-71.2202, 46.7994], [-71.2203, 46.7994], [-71.2205, 46.7993], [-71.2206, 46.7992], [-71.2208, 46.7992], [-71.2209, 46.7992], [-71.221, 46.7992], [-71.2211, 46.7993], [-71.2212, 46.7993], [-71.2213, 46.7994], [-71.2214, 46.7995], [-71.2215, 46.7996], [-71.2215, 46.7997], [-71.2216, 46.7999], [-71.2217, 46.8], [-71.2217, 46.8002], [-71.2218, 46.8003], [-71.2219, 46.8004], [-71.222, 46.8005], [-71.2221, 46.8005], [-71.2222, 46.8005], [-71.2223, 46.8005], [-71.2224, 46.8005], [-71.2225, 46.8004], [-71.2226, 46.8003], [-71.2226, 46.8002], [-71.2227, 46.8001], [-71.2227, 46.8], [-71.2227, 46.7999], [-71.2227, 46.7998], [-71.2228, 46.7998], [-71.2228, 46.7997], [-71.2229, 46.7997], [-71.223, 46.7996], [-71.2231, 46.7996], [-71.2232, 46.7996], [-71.2233, 46.7997], [-71.2234, 46.7997], [-71.2235, 46.7997], [-71.2236, 46.7997], [-71.2237, 46.7997], [-71.2238, 46.7997], [-71.2238, 46.7996], [-71.2238, 46.7995], [-71.2239, 46.7994], [-71.2239, 46.7993], [-71.224, 46.7993], [-71.2241, 46.7992], [-71.2242, 46.7991], [-71.2244, 46.799], [-71.2245, 46.799], [-71.2247, 46.7989], [-71.2249, 46.7988], [-71.2251, 46.7988], [-71.2253, 46.7988], [-71.2255, 46.7988], [-71.2257, 46.7989], [-71.2259, 46.7989], [-71.2261, 46.799], [-71.2264, 46.7991], [-71.2266, 46.7992], [-71.2268, 46.7992], [-71.2271, 46.7993], [-71.2273, 46.7993], [-71.2275, 46.7993], [-71.2277, 46.7993], [-71.2279, 46.7993], [-71.2282, 46.7993], [-71.2283, 46.7993], [-71.2285, 46.7993], [-71.2286, 46.7993], [-71.2287, 46.7993], [-71.2288, 46.7993], [-71.2288, 46.7994], [-71.2289, 46.7995], [-71.2288, 46.7995], [-71.2288, 46.7996], [-71.2289, 46.7997], [-71.2289, 46.7998], [-71.229, 46.7999], [-71.2291, 46.8], [-71.2292, 46.8002], [-71.2293, 46.8003], [-71.2295, 46.8004], [-71.2297, 46.8005], [-71.2298, 46.8005], [-71.23, 46.8005], [-71.2302, 46.8005], [-71.2304, 46.8004], [-71.2306, 46.8003], [-71.2308, 46.8002], [-71.2311, 46.8], [-71.2313, 46.7998], [-71.2315, 46.7997], [-71.2317, 46.7996], [-71.2319, 46.7995], [-71.2321, 46.7994], [-71.2323, 46.7994], [-71.2324, 46.7994], [-71.2326, 46.7994], [-71.2327, 46.7994], [-71.2329, 46.7995], [-71.233, 46.7995], [-71.2331, 46.7996], [-71.2331, 46.7997], [-71.2332, 46.7997], [-71.2331, 46.7998], [-71.2332, 46.7999], [-71.2333, 46.7999], [-71.2334, 46.7999], [-71.2335, 46.7998], [-71.2336, 46.7997], [-71.2337, 46.7997], [-71.2338, 46.7996], [-71.2339, 46.7996], [-71.234, 46.7996], [-71.2341, 46.7996], [-71.2342, 46.7996], [-71.2343, 46.7997], [-71.2345, 46.7998], [-71.2346, 46.7999], [-71.2346, 46.8], [-71.2346, 46.8001], [-71.2345, 46.8002], [-71.2344, 46.8003]]]}}, {"type": "Feature", "properties": {"couche": "voile", "station": "Cartier", "minutes": 11}, "geometry": {"type": "Polygon", "coordinates": [[[-71.3938, 46.9168], [-71.0621, 46.9189], [-71.0598, 46.6918], [-71.3901, 46.6897], [-71.3938, 46.9168]], [[-71.2345, 46.8002], [-71.2346, 46.8001], [-71.2346, 46.8], [-71.2346, 46.7999], [-71.2345, 46.7998], [-71.2343, 46.7997], [-71.2342, 46.7996], [-71.2341, 46.7996], [-71.234, 46.7996], [-71.2339, 46.7996], [-71.2338, 46.7996], [-71.2337, 46.7997], [-71.2336, 46.7997], [-71.2335, 46.7998], [-71.2334, 46.7999], [-71.2333, 46.7999], [-71.2332, 46.7999], [-71.2331, 46.7998], [-71.2332, 46.7997], [-71.2331, 46.7997], [-71.2331, 46.7996], [-71.233, 46.7995], [-71.2329, 46.7995], [-71.2327, 46.7994], [-71.2326, 46.7994], [-71.2324, 46.7994], [-71.2323, 46.7994], [-71.2321, 46.7994], [-71.2319, 46.7995], [-71.2317, 46.7996], [-71.2315, 46.7997], [-71.2313, 46.7998], [-71.2311, 46.8], [-71.2308, 46.8002], [-71.2306, 46.8003], [-71.2304, 46.8004], [-71.2302, 46.8005], [-71.23, 46.8005], [-71.2298, 46.8005], [-71.2297, 46.8005], [-71.2295, 46.8004], [-71.2293, 46.8003], [-71.2292, 46.8002], [-71.2291, 46.8], [-71.229, 46.7999], [-71.2289, 46.7998], [-71.2289, 46.7997], [-71.2288, 46.7996], [-71.2288, 46.7995], [-71.2289, 46.7995], [-71.2288, 46.7994], [-71.2288, 46.7993], [-71.2287, 46.7993], [-71.2286, 46.7993], [-71.2285, 46.7993], [-71.2283, 46.7993], [-71.2282, 46.7993], [-71.2279, 46.7993], [-71.2277, 46.7993], [-71.2275, 46.7993], [-71.2273, 46.7993], [-71.2271, 46.7993], [-71.2268, 46.7992], [-71.2266, 46.7992], [-71.2264, 46.7991], [-71.2261, 46.799], [-71.2259, 46.7989], [-71.2257, 46.7989], [-71.2255, 46.7988], [-71.2253, 46.7988], [-71.2251, 46.7988], [-71.2249, 46.7988], [-71.2247, 46.7989], [-71.2245, 46.799], [-71.2244, 46.799], [-71.2242, 46.7991], [-71.2241, 46.7992], [-71.224, 46.7993], [-71.2239, 46.7993], [-71.2239, 46.7994], [-71.2238, 46.7995], [-71.2238, 46.7996], [-71.2238, 46.7997], [-71.2237, 46.7997], [-71.2236, 46.7997], [-71.2235, 46.7997], [-71.2234, 46.7997], [-71.2233, 46.7997], [-71.2232, 46.7996], [-71.2231, 46.7996], [-71.223, 46.7996], [-71.2229, 46.7997], [-71.2228, 46.7997], [-71.2228, 46.7998], [-71.2227, 46.7998], [-71.2227, 46.7999], [-71.2227, 46.8], [-71.2227, 46.8001], [-71.2226, 46.8002], [-71.2226, 46.8003], [-71.2225, 46.8004], [-71.2224, 46.8005], [-71.2223, 46.8005], [-71.2222, 46.8005], [-71.2221, 46.8005], [-71.222, 46.8005], [-71.2219, 46.8004], [-71.2218, 46.8003], [-71.2217, 46.8002], [-71.2217, 46.8], [-71.2216, 46.7999], [-71.2215, 46.7997], [-71.2215, 46.7996], [-71.2214, 46.7995], [-71.2213, 46.7994], [-71.2212, 46.7993], [-71.2211, 46.7993], [-71.221, 46.7992], [-71.2209, 46.7992], [-71.2208, 46.7992], [-71.2206, 46.7992], [-71.2205, 46.7993], [-71.2203, 46.7994], [-71.2202, 46.7994], [-71.22, 46.7995], [-71.2198, 46.7997], [-71.2196, 46.7998], [-71.2194, 46.7999], [-71.2193, 46.8001], [-71.2192, 46.8002], [-71.2192, 46.8003], [-71.2192, 46.8004], [-71.2192, 46.8005], [-71.2193, 46.8006], [-71.2195, 46.8007], [-71.2196, 46.8008], [-71.2196, 46.8009], [-71.2197, 46.801], [-71.2197, 46.8011], [-71.2197, 46.8013], [-71.2196, 46.8014], [-71.2196, 46.8015], [-71.2195, 46.8016], [-71.2194, 46.8018], [-71.2193, 46.8019], [-71.2192, 46.8021], [-71.2191, 46.8024], [-71.2191, 46.8026], [-71.219, 46.8029], [-71.219, 46.8032], [-71.219, 46.8035], [-71.219, 46.8038], [-71.219, 46.8041], [-71.219, 46.8044], [-71.219, 46.8046], [-71.2191, 46.8048], [-71.2191, 46.805], [-71.2192, 46.8051], [-71.2193, 46.8053], [-71.2194, 46.8054], [-71.2194, 46.8055], [-71.2194, 46.8056], [-71.2194, 46.8057], [-71.2193, 46.8057], [-71.2192, 46.8056], [-71.2191, 46.8057], [-71.219, 46.8057], [-71.2189, 46.8057], [-71.2188, 46.8058], [-71.2187, 46.8059], [-71.2186, 46.806], [-71.2185, 46.8061], [-71.2184, 46.8063], [-71.2184, 46.8064], [-71.2183, 46.8066], [-71.2183, 46.8068], [-71.2183, 46.807], [-71.2182, 46.8072], [-71.2182, 46.8075], [-71.2182, 46.8078], [-71.2183, 46.808], [-71.2184, 46.8082], [-71.2186, 46.8085], [-71.2188, 46.8086], [-71.2191, 46.8088], [-71.2195, 46.809], [-71.2199, 46.8091], [-71.2204, 46.8092], [-71.2208, 46.8093], [-71.2212, 46.8094], [-71.2216, 46.8094], [-71.2219, 46.8094], [-71.2221, 46.8095], [-71.2223, 46.8095], [-71.2225, 46.8094], [-71.2226, 46.8094], [-71.2228, 46.8094], [-71.223, 46.8093], [-71.2232, 46.8093], [-71.2235, 46.8093], [-71.2239, 46.8094], [-71.2242, 46.8094], [-71.2247, 46.8094], [-71.2251, 46.8095], [-71.2256, 46.8095], [-71.2259, 46.8095], [-71.2263, 46.8096], [-71.2266, 46.8095], [-71.2269, 46.8095], [-71.2272, 46.8095], [-71.2274, 46.8094], [-71.2276, 46.8093], [-71.2277, 46.8093], [-71.2279, 46.8093], [-71.228, 46.8092], [-71.2281, 46.8093], [-71.2282, 46.8093], [-71.2282, 46.8094], [-71.2282, 46.8095], [-71.2283, 46.8096], [-71.2284, 46.8097], [-71.2285, 46.8098], [-71.2286, 46.8098], [-71.2287, 46.8099], [-71.2289, 46.8099], [-71.229, 46.81], [-71.2292, 46.81], [-71.2294, 46.81], [-71.2296, 46.81], [-71.2298, 46.81], [-71.23, 46.81], [-71.2302, 46.8099], [-71.2304, 46.8099], [-71.2306, 46.8098], [-71.2308, 46.8097], [-71.2309, 46.8097], [-71.2311, 46.8096], [-71.2313, 46.8095], [-71.2314, 46.8094], [-71.2315, 46.8093], [-71.2316, 46.8092], [-71.2317, 46.8091], [-71.2318, 46.809], [-71.2319, 46.809], [-71.232, 46.8089], [-71.2322, 46.8089], [-71.2323, 46.8088], [-71.2325, 46.8088], [-71.2326, 46.8088], [-71.2328, 46.8089], [-71.233, 46.8088], [-71.2331, 46.8088], [-71.2332, 46.8087], [-71.2333, 46.8086], [-71.2334, 46.8085], [-71.2335, 46.8084], [-71.2335, 46.8082], [-71.2335, 46.808], [-71.2336, 46.8078], [-71.2336, 46.8076], [-71.2337, 46.8074], [-71.2338, 46.8073], [-71.2339, 46.8071], [-71.234, 46.807], [-71.2342, 46.8069], [-71.2343, 46.8068], [-71.2344, 46.8067], [-71.2345, 46.8066], [-71.2346, 46.8065], [-71.2346, 46.8064], [-71.2346, 46.8063], [-71.2346, 46.8061], [-71.2346, 46.8059], [-71.2345, 46.8058], [-71.2344, 46.8056], [-71.2344, 46.8054], [-71.2344, 46.8052], [-71.2344, 46.805], [-71.2344, 46.8047], [-71.2344, 46.8045], [-71.2345, 46.8043], [-71.2346, 46.804], [-71.2347, 46.8038], [-71.2347, 46.8036], [-71.2347, 46.8034], [-71.2347, 46.8032], [-71.2347, 46.803], [-71.2347, 46.8029], [-71.2346, 46.8027], [-71.2345, 46.8026], [-71.2344, 46.8025], [-71.2343, 46.8023], [-71.2343, 46.8022], [-71.2343, 46.8021], [-71.2343, 46.802], [-71.2343, 46.8019], [-71.2344, 46.8018], [-71.2344, 46.8017], [-71.2345, 46.8017], [-71.2345, 46.8016], [-71.2345, 46.8015], [-71.2345, 46.8014], [-71.2344, 46.8013], [-71.2344, 46.8012], [-71.2343, 46.8011], [-71.2342, 46.801], [-71.2341, 46.8009], [-71.2341, 46.8008], [-71.234, 46.8007], [-71.234, 46.8006], [-71.2341, 46.8005], [-71.2342, 46.8004], [-71.2343, 46.8004], [-71.2344, 46.8003], [-71.2345, 46.8002]]]}}, {"type": "Feature", "properties": {"couche": "aire_marche", "station": "Cartier", "ordre": 19, "minutes": 12, "superficie_ha": 146.2, "rue_km": 42.85, "disque_ha": 221.7, "part_disque_pct": 66, "accroche_m": 1, "population": 14651, "navetteurs": 4396, "mode_auto_pct": 47, "mode_tc_pct": 19, "mode_actif_pct": 34, "mode_autre_pct": 0}, "geometry": {"type": "Polygon", "coordinates": [[[-71.235, 46.807], [-71.2348, 46.8071], [-71.2347, 46.8072], [-71.2345, 46.8074], [-71.2344, 46.8075], [-71.2343, 46.8077], [-71.2342, 46.8079], [-71.2342, 46.8081], [-71.2341, 46.8083], [-71.2341, 46.8085], [-71.2341, 46.8087], [-71.234, 46.8089], [-71.234, 46.8091], [-71.2339, 46.8092], [-71.2337, 46.8093], [-71.2336, 46.8093], [-71.2334, 46.8094], [-71.2332, 46.8094], [-71.233, 46.8094], [-71.2328, 46.8094], [-71.2326, 46.8095], [-71.2323, 46.8096], [-71.232, 46.8097], [-71.2318, 46.8098], [-71.2315, 46.81], [-71.2312, 46.8101], [-71.2307, 46.8102], [-71.2301, 46.8103], [-71.2293, 46.8103], [-71.2284, 46.8103], [-71.2273, 46.8103], [-71.226, 46.8102], [-71.2246, 46.81], [-71.2231, 46.8098], [-71.2217, 46.8096], [-71.2206, 46.8095], [-71.2196, 46.8093], [-71.2188, 46.8091], [-71.2182, 46.8089], [-71.2178, 46.8088], [-71.2176, 46.8086], [-71.2176, 46.8084], [-71.2176, 46.8083], [-71.2176, 46.8081], [-71.2176, 46.808], [-71.2177, 46.8079], [-71.2177, 46.8078], [-71.2178, 46.8078], [-71.2179, 46.8077], [-71.2181, 46.8077], [-71.2181, 46.8076], [-71.2182, 46.8075], [-71.2182, 46.8074], [-71.2182, 46.8073], [-71.2181, 46.8073], [-71.218, 46.8072], [-71.2179, 46.8071], [-71.2178, 46.807], [-71.2177, 46.8069], [-71.2176, 46.8068], [-71.2176, 46.8067], [-71.2176, 46.8066], [-71.2176, 46.8065], [-71.2176, 46.8064], [-71.2177, 46.8063], [-71.2178, 46.8062], [-71.2179, 46.8061], [-71.218, 46.8061], [-71.2181, 46.806], [-71.2182, 46.806], [-71.2183, 46.806], [-71.2184, 46.806], [-71.2185, 46.8059], [-71.2185, 46.8058], [-71.2185, 46.8057], [-71.2185, 46.8056], [-71.2184, 46.8055], [-71.2183, 46.8054], [-71.2183, 46.8052], [-71.2183, 46.805], [-71.2183, 46.8048], [-71.2183, 46.8046], [-71.2183, 46.8043], [-71.2183, 46.804], [-71.2184, 46.8037], [-71.2184, 46.8034], [-71.2185, 46.8031], [-71.2186, 46.8028], [-71.2187, 46.8026], [-71.2188, 46.8023], [-71.219, 46.8021], [-71.2191, 46.8019], [-71.2193, 46.8018], [-71.2194, 46.8016], [-71.2195, 46.8015], [-71.2195, 46.8013], [-71.2195, 46.8012], [-71.2194, 46.801], [-71.2193, 46.8009], [-71.2191, 46.8008], [-71.2188, 46.8007], [-71.2187, 46.8006], [-71.2186, 46.8004], [-71.2186, 46.8003], [-71.2186, 46.8002], [-71.2188, 46.8], [-71.219, 46.7999], [-71.2193, 46.7998], [-71.2197, 46.7996], [-71.22, 46.7995], [-71.2203, 46.7994], [-71.2206, 46.7994], [-71.2208, 46.7994], [-71.221, 46.7995], [-71.2212, 46.7996], [-71.2214, 46.7997], [-71.2215, 46.7999], [-71.2216, 46.8001], [-71.2217, 46.8002], [-71.2218, 46.8004], [-71.2219, 46.8004], [-71.222, 46.8005], [-71.2221, 46.8005], [-71.2222, 46.8005], [-71.2223, 46.8005], [-71.2224, 46.8005], [-71.2225, 46.8004], [-71.2226, 46.8003], [-71.2226, 46.8002], [-71.2226, 46.8001], [-71.2226, 46.8], [-71.2225, 46.7999], [-71.2225, 46.7998], [-71.2226, 46.7996], [-71.2227, 46.7995], [-71.2228, 46.7995], [-71.223, 46.7994], [-71.2232, 46.7993], [-71.2235, 46.7992], [-71.2237, 46.7992], [-71.224, 46.7991], [-71.2242, 46.7991], [-71.2244, 46.799], [-71.2246, 46.7989], [-71.2247, 46.7988], [-71.2249, 46.7987], [-71.2249, 46.7986], [-71.225, 46.7985], [-71.225, 46.7984], [-71.2251, 46.7983], [-71.2253, 46.7983], [-71.2254, 46.7983], [-71.2256, 46.7984], [-71.2258, 46.7985], [-71.226, 46.7986], [-71.2263, 46.7988], [-71.2265, 46.7989], [-71.2268, 46.7991], [-71.227, 46.7991], [-71.2272, 46.7992], [-71.2274, 46.7992], [-71.2276, 46.7992], [-71.2278, 46.7991], [-71.2279, 46.799], [-71.2281, 46.7989], [-71.2283, 46.7989], [-71.2284, 46.7988], [-71.2286, 46.7988], [-71.2287, 46.7988], [-71.2289, 46.7987], [-71.229, 46.7987], [-71.2291, 46.7988], [-71.2293, 46.7988], [-71.2294, 46.7989], [-71.2294, 46.799], [-71.2293, 46.7991], [-71.2293, 46.7993], [-71.2292, 46.7994], [-71.2291, 46.7995], [-71.229, 46.7996], [-71.229, 46.7998], [-71.2291, 46.7999], [-71.2291, 46.8], [-71.2292, 46.8002], [-71.2293, 46.8003], [-71.2295, 46.8004], [-71.2297, 46.8005], [-71.2298, 46.8006], [-71.23, 46.8006], [-71.2301, 46.8006], [-71.2303, 46.8006], [-71.2304, 46.8006], [-71.2306, 46.8005], [-71.2307, 46.8005], [-71.2309, 46.8004], [-71.231, 46.8003], [-71.2311, 46.8002], [-71.2311, 46.8], [-71.2312, 46.7999], [-71.2312, 46.7998], [-71.2312, 46.7996], [-71.2312, 46.7994], [-71.2312, 46.7993], [-71.2312, 46.7992], [-71.2313, 46.7991], [-71.2314, 46.7991], [-71.2315, 46.7991], [-71.2316, 46.7991], [-71.2317, 46.7991], [-71.2319, 46.7992], [-71.232, 46.7993], [-71.2322, 46.7993], [-71.2323, 46.7993], [-71.2325, 46.7993], [-71.2326, 46.7993], [-71.2327, 46.7993], [-71.2328, 46.7993], [-71.233, 46.7992], [-71.2331, 46.7991], [-71.2332, 46.7991], [-71.2333, 46.7991], [-71.2334, 46.7991], [-71.2335, 46.7991], [-71.2336, 46.7991], [-71.2337, 46.7992], [-71.2339, 46.7992], [-71.234, 46.7993], [-71.2341, 46.7993], [-71.2342, 46.7993], [-71.2343, 46.7993], [-71.2345, 46.7993], [-71.2346, 46.7993], [-71.2347, 46.7993], [-71.2348, 46.7993], [-71.235, 46.7993], [-71.2351, 46.7993], [-71.2351, 46.7994], [-71.2352, 46.7996], [-71.2352, 46.7998], [-71.2353, 46.8001], [-71.2353, 46.8004], [-71.2353, 46.8008], [-71.2352, 46.8011], [-71.2352, 46.8014], [-71.2351, 46.8016], [-71.2351, 46.8018], [-71.235, 46.8019], [-71.2349, 46.802], [-71.2347, 46.8021], [-71.2346, 46.8021], [-71.2345, 46.8021], [-71.2344, 46.8022], [-71.2345, 46.8022], [-71.2346, 46.8023], [-71.2347, 46.8023], [-71.2348, 46.8024], [-71.235, 46.8025], [-71.2352, 46.8026], [-71.2353, 46.8027], [-71.2353, 46.8029], [-71.2354, 46.8031], [-71.2353, 46.8034], [-71.2353, 46.8036], [-71.2352, 46.804], [-71.235, 46.8043], [-71.2349, 46.8046], [-71.2348, 46.8049], [-71.2347, 46.8051], [-71.2347, 46.8053], [-71.2347, 46.8055], [-71.2348, 46.8056], [-71.2349, 46.8056], [-71.235, 46.8056], [-71.2351, 46.8057], [-71.2352, 46.8057], [-71.2353, 46.8058], [-71.2354, 46.8058], [-71.2354, 46.8059], [-71.2355, 46.806], [-71.2355, 46.8061], [-71.2356, 46.8062], [-71.2356, 46.8064], [-71.2356, 46.8065], [-71.2355, 46.8066], [-71.2354, 46.8067], [-71.2353, 46.8068], [-71.2352, 46.8069], [-71.235, 46.807]]]}}, {"type": "Feature", "properties": {"couche": "voile", "station": "Cartier", "minutes": 12}, "geometry": {"type": "Polygon", "coordinates": [[[-71.3947, 46.9171], [-71.0615, 46.9192], [-71.0592, 46.6913], [-71.3909, 46.6892], [-71.3947, 46.9171]], [[-71.2352, 46.8069], [-71.2353, 46.8068], [-71.2354, 46.8067], [-71.2355, 46.8066], [-71.2356, 46.8065], [-71.2356, 46.8064], [-71.2356, 46.8062], [-71.2355, 46.8061], [-71.2355, 46.806], [-71.2354, 46.8059], [-71.2354, 46.8058], [-71.2353, 46.8058], [-71.2352, 46.8057], [-71.2351, 46.8057], [-71.235, 46.8056], [-71.2349, 46.8056], [-71.2348, 46.8056], [-71.2347, 46.8055], [-71.2347, 46.8053], [-71.2347, 46.8051], [-71.2348, 46.8049], [-71.2349, 46.8046], [-71.235, 46.8043], [-71.2352, 46.804], [-71.2353, 46.8036], [-71.2353, 46.8034], [-71.2354, 46.8031], [-71.2353, 46.8029], [-71.2353, 46.8027], [-71.2352, 46.8026], [-71.235, 46.8025], [-71.2348, 46.8024], [-71.2347, 46.8023], [-71.2346, 46.8023], [-71.2345, 46.8022], [-71.2344, 46.8022], [-71.2345, 46.8021], [-71.2346, 46.8021], [-71.2347, 46.8021], [-71.2349, 46.802], [-71.235, 46.8019], [-71.2351, 46.8018], [-71.2351, 46.8016], [-71.2352, 46.8014], [-71.2352, 46.8011], [-71.2353, 46.8008], [-71.2353, 46.8004], [-71.2353, 46.8001], [-71.2352, 46.7998], [-71.2352, 46.7996], [-71.2351, 46.7994], [-71.2351, 46.7993], [-71.235, 46.7993], [-71.2348, 46.7993], [-71.2347, 46.7993], [-71.2346, 46.7993], [-71.2345, 46.7993], [-71.2343, 46.7993], [-71.2342, 46.7993], [-71.2341, 46.7993], [-71.234, 46.7993], [-71.2339, 46.7992], [-71.2337, 46.7992], [-71.2336, 46.7991], [-71.2335, 46.7991], [-71.2334, 46.7991], [-71.2333, 46.7991], [-71.2332, 46.7991], [-71.2331, 46.7991], [-71.233, 46.7992], [-71.2328, 46.7993], [-71.2327, 46.7993], [-71.2326, 46.7993], [-71.2325, 46.7993], [-71.2323, 46.7993], [-71.2322, 46.7993], [-71.232, 46.7993], [-71.2319, 46.7992], [-71.2317, 46.7991], [-71.2316, 46.7991], [-71.2315, 46.7991], [-71.2314, 46.7991], [-71.2313, 46.7991], [-71.2312, 46.7992], [-71.2312, 46.7993], [-71.2312, 46.7994], [-71.2312, 46.7996], [-71.2312, 46.7998], [-71.2312, 46.7999], [-71.2311, 46.8], [-71.2311, 46.8002], [-71.231, 46.8003], [-71.2309, 46.8004], [-71.2307, 46.8005], [-71.2306, 46.8005], [-71.2304, 46.8006], [-71.2303, 46.8006], [-71.2301, 46.8006], [-71.23, 46.8006], [-71.2298, 46.8006], [-71.2297, 46.8005], [-71.2295, 46.8004], [-71.2293, 46.8003], [-71.2292, 46.8002], [-71.2291, 46.8], [-71.2291, 46.7999], [-71.229, 46.7998], [-71.229, 46.7996], [-71.2291, 46.7995], [-71.2292, 46.7994], [-71.2293, 46.7993], [-71.2293, 46.7991], [-71.2294, 46.799], [-71.2294, 46.7989], [-71.2293, 46.7988], [-71.2291, 46.7988], [-71.229, 46.7987], [-71.2289, 46.7987], [-71.2287, 46.7988], [-71.2286, 46.7988], [-71.2284, 46.7988], [-71.2283, 46.7989], [-71.2281, 46.7989], [-71.2279, 46.799], [-71.2278, 46.7991], [-71.2276, 46.7992], [-71.2274, 46.7992], [-71.2272, 46.7992], [-71.227, 46.7991], [-71.2268, 46.7991], [-71.2265, 46.7989], [-71.2263, 46.7988], [-71.226, 46.7986], [-71.2258, 46.7985], [-71.2256, 46.7984], [-71.2254, 46.7983], [-71.2253, 46.7983], [-71.2251, 46.7983], [-71.225, 46.7984], [-71.225, 46.7985], [-71.2249, 46.7986], [-71.2249, 46.7987], [-71.2247, 46.7988], [-71.2246, 46.7989], [-71.2244, 46.799], [-71.2242, 46.7991], [-71.224, 46.7991], [-71.2237, 46.7992], [-71.2235, 46.7992], [-71.2232, 46.7993], [-71.223, 46.7994], [-71.2228, 46.7995], [-71.2227, 46.7995], [-71.2226, 46.7996], [-71.2225, 46.7998], [-71.2225, 46.7999], [-71.2226, 46.8], [-71.2226, 46.8001], [-71.2226, 46.8002], [-71.2226, 46.8003], [-71.2225, 46.8004], [-71.2224, 46.8005], [-71.2223, 46.8005], [-71.2222, 46.8005], [-71.2221, 46.8005], [-71.222, 46.8005], [-71.2219, 46.8004], [-71.2218, 46.8004], [-71.2217, 46.8002], [-71.2216, 46.8001], [-71.2215, 46.7999], [-71.2214, 46.7997], [-71.2212, 46.7996], [-71.221, 46.7995], [-71.2208, 46.7994], [-71.2206, 46.7994], [-71.2203, 46.7994], [-71.22, 46.7995], [-71.2197, 46.7996], [-71.2193, 46.7998], [-71.219, 46.7999], [-71.2188, 46.8], [-71.2186, 46.8002], [-71.2186, 46.8003], [-71.2186, 46.8004], [-71.2187, 46.8006], [-71.2188, 46.8007], [-71.2191, 46.8008], [-71.2193, 46.8009], [-71.2194, 46.801], [-71.2195, 46.8012], [-71.2195, 46.8013], [-71.2195, 46.8015], [-71.2194, 46.8016], [-71.2193, 46.8018], [-71.2191, 46.8019], [-71.219, 46.8021], [-71.2188, 46.8023], [-71.2187, 46.8026], [-71.2186, 46.8028], [-71.2185, 46.8031], [-71.2184, 46.8034], [-71.2184, 46.8037], [-71.2183, 46.804], [-71.2183, 46.8043], [-71.2183, 46.8046], [-71.2183, 46.8048], [-71.2183, 46.805], [-71.2183, 46.8052], [-71.2183, 46.8054], [-71.2184, 46.8055], [-71.2185, 46.8056], [-71.2185, 46.8057], [-71.2185, 46.8058], [-71.2185, 46.8059], [-71.2184, 46.806], [-71.2183, 46.806], [-71.2182, 46.806], [-71.2181, 46.806], [-71.218, 46.8061], [-71.2179, 46.8061], [-71.2178, 46.8062], [-71.2177, 46.8063], [-71.2176, 46.8064], [-71.2176, 46.8065], [-71.2176, 46.8066], [-71.2176, 46.8067], [-71.2176, 46.8068], [-71.2177, 46.8069], [-71.2178, 46.807], [-71.2179, 46.8071], [-71.218, 46.8072], [-71.2181, 46.8073], [-71.2182, 46.8073], [-71.2182, 46.8074], [-71.2182, 46.8075], [-71.2181, 46.8076], [-71.2181, 46.8077], [-71.2179, 46.8077], [-71.2178, 46.8078], [-71.2177, 46.8078], [-71.2177, 46.8079], [-71.2176, 46.808], [-71.2176, 46.8081], [-71.2176, 46.8083], [-71.2176, 46.8084], [-71.2176, 46.8086], [-71.2178, 46.8088], [-71.2182, 46.8089], [-71.2188, 46.8091], [-71.2196, 46.8093], [-71.2206, 46.8095], [-71.2217, 46.8096], [-71.2231, 46.8098], [-71.2246, 46.81], [-71.226, 46.8102], [-71.2273, 46.8103], [-71.2284, 46.8103], [-71.2293, 46.8103], [-71.2301, 46.8103], [-71.2307, 46.8102], [-71.2312, 46.8101], [-71.2315, 46.81], [-71.2318, 46.8098], [-71.232, 46.8097], [-71.2323, 46.8096], [-71.2326, 46.8095], [-71.2328, 46.8094], [-71.233, 46.8094], [-71.2332, 46.8094], [-71.2334, 46.8094], [-71.2336, 46.8093], [-71.2337, 46.8093], [-71.2339, 46.8092], [-71.234, 46.8091], [-71.234, 46.8089], [-71.2341, 46.8087], [-71.2341, 46.8085], [-71.2341, 46.8083], [-71.2342, 46.8081], [-71.2342, 46.8079], [-71.2343, 46.8077], [-71.2344, 46.8075], [-71.2345, 46.8074], [-71.2347, 46.8072], [-71.2348, 46.8071], [-71.235, 46.807], [-71.2352, 46.8069]]]}}, {"type": "Feature", "properties": {"couche": "aire_marche", "station": "Cartier", "ordre": 19, "minutes": 13, "superficie_ha": 173.7, "rue_km": 51.27, "disque_ha": 260.2, "part_disque_pct": 67, "accroche_m": 1, "population": 17234, "navetteurs": 5232, "mode_auto_pct": 46, "mode_tc_pct": 19, "mode_actif_pct": 35, "mode_autre_pct": 0}, "geometry": {"type": "Polygon", "coordinates": [[[-71.2359, 46.8073], [-71.2357, 46.8075], [-71.2355, 46.8076], [-71.2354, 46.8078], [-71.2352, 46.808], [-71.2351, 46.8082], [-71.235, 46.8083], [-71.235, 46.8086], [-71.2349, 46.8088], [-71.2349, 46.809], [-71.2348, 46.8092], [-71.2347, 46.8094], [-71.2346, 46.8095], [-71.2345, 46.8096], [-71.2344, 46.8097], [-71.2343, 46.8098], [-71.2341, 46.8098], [-71.234, 46.8098], [-71.2338, 46.8098], [-71.2336, 46.8098], [-71.2333, 46.8099], [-71.2331, 46.81], [-71.2328, 46.8101], [-71.2324, 46.8102], [-71.2321, 46.8104], [-71.2317, 46.8106], [-71.2313, 46.8107], [-71.2309, 46.8109], [-71.2305, 46.8109], [-71.2301, 46.811], [-71.2296, 46.811], [-71.2292, 46.8109], [-71.2287, 46.8108], [-71.2282, 46.8107], [-71.2277, 46.8106], [-71.2272, 46.8105], [-71.2267, 46.8104], [-71.2261, 46.8104], [-71.2256, 46.8103], [-71.225, 46.8103], [-71.2244, 46.8103], [-71.2238, 46.8104], [-71.2232, 46.8104], [-71.2225, 46.8104], [-71.2219, 46.8103], [-71.2213, 46.8103], [-71.2207, 46.8102], [-71.2201, 46.8101], [-71.2195, 46.81], [-71.2189, 46.8099], [-71.2184, 46.8098], [-71.2179, 46.8097], [-71.2176, 46.8096], [-71.2172, 46.8095], [-71.217, 46.8094], [-71.2168, 46.8093], [-71.2167, 46.8092], [-71.2166, 46.8091], [-71.2166, 46.809], [-71.2166, 46.8089], [-71.2166, 46.8088], [-71.2166, 46.8087], [-71.2167, 46.8086], [-71.2167, 46.8085], [-71.2168, 46.8084], [-71.2169, 46.8083], [-71.2169, 46.8081], [-71.217, 46.808], [-71.217, 46.8079], [-71.217, 46.8078], [-71.217, 46.8077], [-71.217, 46.8076], [-71.2169, 46.8075], [-71.2168, 46.8074], [-71.2168, 46.8073], [-71.2167, 46.8072], [-71.2167, 46.8071], [-71.2167, 46.807], [-71.2168, 46.8069], [-71.2168, 46.8068], [-71.2169, 46.8067], [-71.2169, 46.8066], [-71.217, 46.8065], [-71.2171, 46.8065], [-71.2172, 46.8064], [-71.2173, 46.8064], [-71.2174, 46.8064], [-71.2175, 46.8064], [-71.2176, 46.8064], [-71.2177, 46.8063], [-71.2178, 46.8062], [-71.2178, 46.806], [-71.2178, 46.8057], [-71.2178, 46.8054], [-71.2178, 46.805], [-71.2178, 46.8046], [-71.2178, 46.8042], [-71.2179, 46.8038], [-71.218, 46.8034], [-71.2181, 46.8031], [-71.2183, 46.8028], [-71.2185, 46.8025], [-71.2187, 46.8022], [-71.219, 46.802], [-71.2192, 46.8018], [-71.2194, 46.8016], [-71.2195, 46.8014], [-71.2197, 46.8013], [-71.2197, 46.8012], [-71.2198, 46.8011], [-71.2197, 46.801], [-71.2197, 46.8009], [-71.2196, 46.8009], [-71.2195, 46.8008], [-71.2194, 46.8008], [-71.2192, 46.8008], [-71.219, 46.8008], [-71.2188, 46.8008], [-71.2186, 46.8008], [-71.2183, 46.8008], [-71.2181, 46.8009], [-71.2179, 46.8009], [-71.2177, 46.8009], [-71.2175, 46.8008], [-71.2174, 46.8008], [-71.2173, 46.8008], [-71.2173, 46.8007], [-71.2172, 46.8007], [-71.2172, 46.8006], [-71.2173, 46.8005], [-71.2175, 46.8004], [-71.2176, 46.8004], [-71.2178, 46.8003], [-71.218, 46.8002], [-71.2183, 46.8002], [-71.2185, 46.8001], [-71.2187, 46.8], [-71.2189, 46.7999], [-71.2191, 46.7998], [-71.2193, 46.7997], [-71.2195, 46.7996], [-71.2197, 46.7994], [-71.2198, 46.7992], [-71.22, 46.7991], [-71.2201, 46.799], [-71.2203, 46.7989], [-71.2204, 46.7989], [-71.2205, 46.7988], [-71.2207, 46.7989], [-71.2208, 46.7989], [-71.2209, 46.799], [-71.2211, 46.7991], [-71.2212, 46.7992], [-71.2213, 46.7993], [-71.2214, 46.7994], [-71.2215, 46.7996], [-71.2215, 46.7997], [-71.2216, 46.7999], [-71.2217, 46.8], [-71.2217, 46.8002], [-71.2218, 46.8003], [-71.2219, 46.8004], [-71.222, 46.8005], [-71.2221, 46.8005], [-71.2222, 46.8005], [-71.2223, 46.8005], [-71.2224, 46.8005], [-71.2225, 46.8004], [-71.2226, 46.8003], [-71.2226, 46.8002], [-71.2226, 46.8001], [-71.2226, 46.8], [-71.2225, 46.7999], [-71.2225, 46.7997], [-71.2226, 46.7996], [-71.2227, 46.7994], [-71.2229, 46.7992], [-71.2231, 46.799], [-71.2234, 46.7988], [-71.2237, 46.7986], [-71.224, 46.7983], [-71.2244, 46.7981], [-71.2246, 46.7979], [-71.2249, 46.7978], [-71.2251, 46.7976], [-71.2253, 46.7976], [-71.2255, 46.7975], [-71.2256, 46.7975], [-71.2257, 46.7976], [-71.2258, 46.7976], [-71.2259, 46.7977], [-71.2259, 46.7978], [-71.226, 46.7979], [-71.226, 46.798], [-71.2261, 46.7981], [-71.2261, 46.7982], [-71.2261, 46.7984], [-71.2261, 46.7985], [-71.2262, 46.7986], [-71.2262, 46.7988], [-71.2263, 46.7989], [-71.2264, 46.799], [-71.2265, 46.7991], [-71.2266, 46.7991], [-71.2267, 46.7992], [-71.2269, 46.7992], [-71.2271, 46.7992], [-71.2272, 46.7992], [-71.2274, 46.7992], [-71.2277, 46.7991], [-71.2279, 46.799], [-71.2281, 46.7989], [-71.2284, 46.7988], [-71.2287, 46.7986], [-71.2289, 46.7985], [-71.2292, 46.7985], [-71.2294, 46.7984], [-71.2297, 46.7983], [-71.2299, 46.7983], [-71.2301, 46.7983], [-71.2303, 46.7983], [-71.2305, 46.7984], [-71.2307, 46.7984], [-71.2309, 46.7985], [-71.2311, 46.7986], [-71.2313, 46.7986], [-71.2315, 46.7987], [-71.2317, 46.7989], [-71.2319, 46.799], [-71.232, 46.7991], [-71.2321, 46.7992], [-71.2323, 46.7992], [-71.2324, 46.7992], [-71.2325, 46.7991], [-71.2326, 46.799], [-71.2326, 46.7989], [-71.2327, 46.7988], [-71.2328, 46.7987], [-71.233, 46.7987], [-71.2332, 46.7986], [-71.2335, 46.7986], [-71.2338, 46.7986], [-71.2341, 46.7986], [-71.2346, 46.7986], [-71.2349, 46.7986], [-71.2352, 46.7987], [-71.2355, 46.7988], [-71.2357, 46.7989], [-71.2359, 46.799], [-71.236, 46.7991], [-71.2361, 46.7992], [-71.2361, 46.7994], [-71.2361, 46.7995], [-71.236, 46.7996], [-71.236, 46.7997], [-71.2359, 46.7998], [-71.2358, 46.7999], [-71.2357, 46.7999], [-71.2356, 46.7999], [-71.2354, 46.7999], [-71.2353, 46.8], [-71.2352, 46.8], [-71.2352, 46.8001], [-71.2352, 46.8002], [-71.2352, 46.8003], [-71.2353, 46.8004], [-71.2354, 46.8006], [-71.2355, 46.8007], [-71.2356, 46.8009], [-71.2357, 46.801], [-71.2358, 46.8011], [-71.2358, 46.8012], [-71.2357, 46.8013], [-71.2357, 46.8014], [-71.2356, 46.8014], [-71.2355, 46.8015], [-71.2354, 46.8015], [-71.2353, 46.8016], [-71.2353, 46.8017], [-71.2354, 46.8017], [-71.2354, 46.8018], [-71.2355, 46.8019], [-71.2357, 46.802], [-71.2359, 46.8021], [-71.236, 46.8023], [-71.2361, 46.8024], [-71.2362, 46.8026], [-71.2363, 46.8028], [-71.2363, 46.803], [-71.2363, 46.8032], [-71.2363, 46.8034], [-71.2362, 46.8037], [-71.2361, 46.8039], [-71.236, 46.8042], [-71.2359, 46.8044], [-71.2358, 46.8046], [-71.2356, 46.8047], [-71.2355, 46.8049], [-71.2353, 46.805], [-71.2351, 46.8051], [-71.235, 46.8052], [-71.2349, 46.8053], [-71.2348, 46.8054], [-71.2349, 46.8054], [-71.235, 46.8054], [-71.2351, 46.8054], [-71.2353, 46.8054], [-71.2355, 46.8054], [-71.2357, 46.8054], [-71.2358, 46.8055], [-71.236, 46.8055], [-71.2361, 46.8057], [-71.2362, 46.8058], [-71.2363, 46.806], [-71.2363, 46.8062], [-71.2364, 46.8063], [-71.2364, 46.8065], [-71.2364, 46.8067], [-71.2363, 46.8069], [-71.2362, 46.807], [-71.2361, 46.8072], [-71.2359, 46.8073]]]}}, {"type": "Feature", "properties": {"couche": "voile", "station": "Cartier", "minutes": 13}, "geometry": {"type": "Polygon", "coordinates": [[[-71.3955, 46.9178], [-71.0605, 46.9199], [-71.0581, 46.6905], [-71.3917, 46.6884], [-71.3955, 46.9178]], [[-71.2361, 46.8072], [-71.2362, 46.807], [-71.2363, 46.8069], [-71.2364, 46.8067], [-71.2364, 46.8065], [-71.2364, 46.8063], [-71.2363, 46.8062], [-71.2363, 46.806], [-71.2362, 46.8058], [-71.2361, 46.8057], [-71.236, 46.8055], [-71.2358, 46.8055], [-71.2357, 46.8054], [-71.2355, 46.8054], [-71.2353, 46.8054], [-71.2351, 46.8054], [-71.235, 46.8054], [-71.2349, 46.8054], [-71.2348, 46.8054], [-71.2349, 46.8053], [-71.235, 46.8052], [-71.2351, 46.8051], [-71.2353, 46.805], [-71.2355, 46.8049], [-71.2356, 46.8047], [-71.2358, 46.8046], [-71.2359, 46.8044], [-71.236, 46.8042], [-71.2361, 46.8039], [-71.2362, 46.8037], [-71.2363, 46.8034], [-71.2363, 46.8032], [-71.2363, 46.803], [-71.2363, 46.8028], [-71.2362, 46.8026], [-71.2361, 46.8024], [-71.236, 46.8023], [-71.2359, 46.8021], [-71.2357, 46.802], [-71.2355, 46.8019], [-71.2354, 46.8018], [-71.2354, 46.8017], [-71.2353, 46.8017], [-71.2353, 46.8016], [-71.2354, 46.8015], [-71.2355, 46.8015], [-71.2356, 46.8014], [-71.2357, 46.8014], [-71.2357, 46.8013], [-71.2358, 46.8012], [-71.2358, 46.8011], [-71.2357, 46.801], [-71.2356, 46.8009], [-71.2355, 46.8007], [-71.2354, 46.8006], [-71.2353, 46.8004], [-71.2352, 46.8003], [-71.2352, 46.8002], [-71.2352, 46.8001], [-71.2352, 46.8], [-71.2353, 46.8], [-71.2354, 46.7999], [-71.2356, 46.7999], [-71.2357, 46.7999], [-71.2358, 46.7999], [-71.2359, 46.7998], [-71.236, 46.7997], [-71.236, 46.7996], [-71.2361, 46.7995], [-71.2361, 46.7994], [-71.2361, 46.7992], [-71.236, 46.7991], [-71.2359, 46.799], [-71.2357, 46.7989], [-71.2355, 46.7988], [-71.2352, 46.7987], [-71.2349, 46.7986], [-71.2346, 46.7986], [-71.2341, 46.7986], [-71.2338, 46.7986], [-71.2335, 46.7986], [-71.2332, 46.7986], [-71.233, 46.7987], [-71.2328, 46.7987], [-71.2327, 46.7988], [-71.2326, 46.7989], [-71.2326, 46.799], [-71.2325, 46.7991], [-71.2324, 46.7992], [-71.2323, 46.7992], [-71.2321, 46.7992], [-71.232, 46.7991], [-71.2319, 46.799], [-71.2317, 46.7989], [-71.2315, 46.7987], [-71.2313, 46.7986], [-71.2311, 46.7986], [-71.2309, 46.7985], [-71.2307, 46.7984], [-71.2305, 46.7984], [-71.2303, 46.7983], [-71.2301, 46.7983], [-71.2299, 46.7983], [-71.2297, 46.7983], [-71.2294, 46.7984], [-71.2292, 46.7985], [-71.2289, 46.7985], [-71.2287, 46.7986], [-71.2284, 46.7988], [-71.2281, 46.7989], [-71.2279, 46.799], [-71.2277, 46.7991], [-71.2274, 46.7992], [-71.2272, 46.7992], [-71.2271, 46.7992], [-71.2269, 46.7992], [-71.2267, 46.7992], [-71.2266, 46.7991], [-71.2265, 46.7991], [-71.2264, 46.799], [-71.2263, 46.7989], [-71.2262, 46.7988], [-71.2262, 46.7986], [-71.2261, 46.7985], [-71.2261, 46.7984], [-71.2261, 46.7982], [-71.2261, 46.7981], [-71.226, 46.798], [-71.226, 46.7979], [-71.2259, 46.7978], [-71.2259, 46.7977], [-71.2258, 46.7976], [-71.2257, 46.7976], [-71.2256, 46.7975], [-71.2255, 46.7975], [-71.2253, 46.7976], [-71.2251, 46.7976], [-71.2249, 46.7978], [-71.2246, 46.7979], [-71.2244, 46.7981], [-71.224, 46.7983], [-71.2237, 46.7986], [-71.2234, 46.7988], [-71.2231, 46.799], [-71.2229, 46.7992], [-71.2227, 46.7994], [-71.2226, 46.7996], [-71.2225, 46.7997], [-71.2225, 46.7999], [-71.2226, 46.8], [-71.2226, 46.8001], [-71.2226, 46.8002], [-71.2226, 46.8003], [-71.2225, 46.8004], [-71.2224, 46.8005], [-71.2223, 46.8005], [-71.2222, 46.8005], [-71.2221, 46.8005], [-71.222, 46.8005], [-71.2219, 46.8004], [-71.2218, 46.8003], [-71.2217, 46.8002], [-71.2217, 46.8], [-71.2216, 46.7999], [-71.2215, 46.7997], [-71.2215, 46.7996], [-71.2214, 46.7994], [-71.2213, 46.7993], [-71.2212, 46.7992], [-71.2211, 46.7991], [-71.2209, 46.799], [-71.2208, 46.7989], [-71.2207, 46.7989], [-71.2205, 46.7988], [-71.2204, 46.7989], [-71.2203, 46.7989], [-71.2201, 46.799], [-71.22, 46.7991], [-71.2198, 46.7992], [-71.2197, 46.7994], [-71.2195, 46.7996], [-71.2193, 46.7997], [-71.2191, 46.7998], [-71.2189, 46.7999], [-71.2187, 46.8], [-71.2185, 46.8001], [-71.2183, 46.8002], [-71.218, 46.8002], [-71.2178, 46.8003], [-71.2176, 46.8004], [-71.2175, 46.8004], [-71.2173, 46.8005], [-71.2172, 46.8006], [-71.2172, 46.8007], [-71.2173, 46.8007], [-71.2173, 46.8008], [-71.2174, 46.8008], [-71.2175, 46.8008], [-71.2177, 46.8009], [-71.2179, 46.8009], [-71.2181, 46.8009], [-71.2183, 46.8008], [-71.2186, 46.8008], [-71.2188, 46.8008], [-71.219, 46.8008], [-71.2192, 46.8008], [-71.2194, 46.8008], [-71.2195, 46.8008], [-71.2196, 46.8009], [-71.2197, 46.8009], [-71.2197, 46.801], [-71.2198, 46.8011], [-71.2197, 46.8012], [-71.2197, 46.8013], [-71.2195, 46.8014], [-71.2194, 46.8016], [-71.2192, 46.8018], [-71.219, 46.802], [-71.2187, 46.8022], [-71.2185, 46.8025], [-71.2183, 46.8028], [-71.2181, 46.8031], [-71.218, 46.8034], [-71.2179, 46.8038], [-71.2178, 46.8042], [-71.2178, 46.8046], [-71.2178, 46.805], [-71.2178, 46.8054], [-71.2178, 46.8057], [-71.2178, 46.806], [-71.2178, 46.8062], [-71.2177, 46.8063], [-71.2176, 46.8064], [-71.2175, 46.8064], [-71.2174, 46.8064], [-71.2173, 46.8064], [-71.2172, 46.8064], [-71.2171, 46.8065], [-71.217, 46.8065], [-71.2169, 46.8066], [-71.2169, 46.8067], [-71.2168, 46.8068], [-71.2168, 46.8069], [-71.2167, 46.807], [-71.2167, 46.8071], [-71.2167, 46.8072], [-71.2168, 46.8073], [-71.2168, 46.8074], [-71.2169, 46.8075], [-71.217, 46.8076], [-71.217, 46.8077], [-71.217, 46.8078], [-71.217, 46.8079], [-71.217, 46.808], [-71.2169, 46.8081], [-71.2169, 46.8083], [-71.2168, 46.8084], [-71.2167, 46.8085], [-71.2167, 46.8086], [-71.2166, 46.8087], [-71.2166, 46.8088], [-71.2166, 46.8089], [-71.2166, 46.809], [-71.2166, 46.8091], [-71.2167, 46.8092], [-71.2168, 46.8093], [-71.217, 46.8094], [-71.2172, 46.8095], [-71.2176, 46.8096], [-71.2179, 46.8097], [-71.2184, 46.8098], [-71.2189, 46.8099], [-71.2195, 46.81], [-71.2201, 46.8101], [-71.2207, 46.8102], [-71.2213, 46.8103], [-71.2219, 46.8103], [-71.2225, 46.8104], [-71.2232, 46.8104], [-71.2238, 46.8104], [-71.2244, 46.8103], [-71.225, 46.8103], [-71.2256, 46.8103], [-71.2261, 46.8104], [-71.2267, 46.8104], [-71.2272, 46.8105], [-71.2277, 46.8106], [-71.2282, 46.8107], [-71.2287, 46.8108], [-71.2292, 46.8109], [-71.2296, 46.811], [-71.2301, 46.811], [-71.2305, 46.8109], [-71.2309, 46.8109], [-71.2313, 46.8107], [-71.2317, 46.8106], [-71.2321, 46.8104], [-71.2324, 46.8102], [-71.2328, 46.8101], [-71.2331, 46.81], [-71.2333, 46.8099], [-71.2336, 46.8098], [-71.2338, 46.8098], [-71.234, 46.8098], [-71.2341, 46.8098], [-71.2343, 46.8098], [-71.2344, 46.8097], [-71.2345, 46.8096], [-71.2346, 46.8095], [-71.2347, 46.8094], [-71.2348, 46.8092], [-71.2349, 46.809], [-71.2349, 46.8088], [-71.235, 46.8086], [-71.235, 46.8083], [-71.2351, 46.8082], [-71.2352, 46.808], [-71.2354, 46.8078], [-71.2355, 46.8076], [-71.2357, 46.8075], [-71.2359, 46.8073], [-71.2361, 46.8072]]]}}, {"type": "Feature", "properties": {"couche": "aire_marche", "station": "Cartier", "ordre": 19, "minutes": 14, "superficie_ha": 197.7, "rue_km": 59.73, "disque_ha": 301.7, "part_disque_pct": 66, "accroche_m": 1, "population": 19363, "navetteurs": 5917, "mode_auto_pct": 46, "mode_tc_pct": 19, "mode_actif_pct": 35, "mode_autre_pct": 0}, "geometry": {"type": "Polygon", "coordinates": [[[-71.2371, 46.8072], [-71.2371, 46.8073], [-71.237, 46.8074], [-71.2369, 46.8076], [-71.2368, 46.8077], [-71.2367, 46.8078], [-71.2365, 46.8079], [-71.2364, 46.808], [-71.2362, 46.8081], [-71.236, 46.8082], [-71.2359, 46.8083], [-71.2357, 46.8084], [-71.2356, 46.8086], [-71.2355, 46.8087], [-71.2355, 46.8089], [-71.2354, 46.8091], [-71.2354, 46.8093], [-71.2354, 46.8095], [-71.2353, 46.8097], [-71.2353, 46.8099], [-71.2352, 46.81], [-71.2351, 46.8101], [-71.235, 46.8102], [-71.2348, 46.8102], [-71.2346, 46.8102], [-71.2344, 46.8102], [-71.2343, 46.8102], [-71.2341, 46.8102], [-71.234, 46.8102], [-71.2338, 46.8102], [-71.2337, 46.8103], [-71.2336, 46.8104], [-71.2335, 46.8105], [-71.2334, 46.8106], [-71.2333, 46.8107], [-71.2332, 46.8108], [-71.2331, 46.8108], [-71.233, 46.8109], [-71.2328, 46.811], [-71.2327, 46.811], [-71.2325, 46.811], [-71.2323, 46.811], [-71.2321, 46.8111], [-71.2319, 46.8111], [-71.2318, 46.8111], [-71.2316, 46.8112], [-71.2315, 46.8113], [-71.2313, 46.8113], [-71.2312, 46.8114], [-71.2311, 46.8115], [-71.231, 46.8116], [-71.2308, 46.8116], [-71.2307, 46.8117], [-71.2305, 46.8117], [-71.2303, 46.8116], [-71.2301, 46.8116], [-71.2299, 46.8115], [-71.2297, 46.8114], [-71.2294, 46.8113], [-71.2292, 46.8113], [-71.2289, 46.8112], [-71.2286, 46.8111], [-71.2283, 46.8111], [-71.228, 46.8111], [-71.2277, 46.811], [-71.2273, 46.811], [-71.227, 46.811], [-71.2268, 46.811], [-71.2265, 46.811], [-71.2263, 46.8109], [-71.2262, 46.8109], [-71.2261, 46.8109], [-71.226, 46.8108], [-71.2259, 46.8107], [-71.2257, 46.8107], [-71.2255, 46.8107], [-71.2253, 46.8107], [-71.2249, 46.8107], [-71.2246, 46.8107], [-71.2241, 46.8108], [-71.2237, 46.8108], [-71.2232, 46.8109], [-71.2226, 46.8109], [-71.222, 46.8108], [-71.2214, 46.8108], [-71.2208, 46.8107], [-71.2201, 46.8106], [-71.2194, 46.8105], [-71.2187, 46.8103], [-71.218, 46.8102], [-71.2175, 46.8101], [-71.217, 46.8099], [-71.2166, 46.8098], [-71.2163, 46.8097], [-71.2161, 46.8096], [-71.2159, 46.8094], [-71.2159, 46.8093], [-71.2159, 46.8092], [-71.2159, 46.8091], [-71.2159, 46.809], [-71.216, 46.8089], [-71.216, 46.8088], [-71.2161, 46.8088], [-71.2163, 46.8087], [-71.2163, 46.8086], [-71.2164, 46.8085], [-71.2164, 46.8084], [-71.2164, 46.8083], [-71.2163, 46.8081], [-71.2162, 46.808], [-71.2161, 46.8079], [-71.2161, 46.8078], [-71.216, 46.8076], [-71.216, 46.8075], [-71.216, 46.8074], [-71.216, 46.8073], [-71.2161, 46.8073], [-71.2162, 46.8072], [-71.2164, 46.8071], [-71.2165, 46.807], [-71.2166, 46.8068], [-71.2167, 46.8066], [-71.2168, 46.8064], [-71.2168, 46.8061], [-71.2169, 46.8058], [-71.2169, 46.8055], [-71.2169, 46.8051], [-71.2169, 46.8048], [-71.217, 46.8045], [-71.217, 46.8042], [-71.2171, 46.804], [-71.2171, 46.8038], [-71.2172, 46.8036], [-71.2173, 46.8035], [-71.2174, 46.8034], [-71.2175, 46.8034], [-71.2175, 46.8033], [-71.2176, 46.8032], [-71.2177, 46.8031], [-71.2177, 46.803], [-71.2177, 46.8029], [-71.2177, 46.8028], [-71.2177, 46.8027], [-71.2177, 46.8026], [-71.2178, 46.8025], [-71.2179, 46.8024], [-71.218, 46.8023], [-71.2181, 46.8023], [-71.2182, 46.8023], [-71.2183, 46.8023], [-71.2185, 46.8023], [-71.2186, 46.8023], [-71.2187, 46.8022], [-71.2189, 46.8021], [-71.219, 46.802], [-71.2192, 46.8019], [-71.2194, 46.8017], [-71.2195, 46.8016], [-71.2196, 46.8014], [-71.2197, 46.8013], [-71.2197, 46.8012], [-71.2197, 46.8011], [-71.2197, 46.801], [-71.2196, 46.8009], [-71.2195, 46.8009], [-71.2193, 46.8008], [-71.2192, 46.8008], [-71.219, 46.8008], [-71.2187, 46.8008], [-71.2185, 46.8009], [-71.2182, 46.8009], [-71.2178, 46.801], [-71.2175, 46.801], [-71.2172, 46.801], [-71.217, 46.8011], [-71.2168, 46.8011], [-71.2167, 46.801], [-71.2165, 46.801], [-71.2164, 46.8009], [-71.2164, 46.8008], [-71.2165, 46.8008], [-71.2166, 46.8007], [-71.2167, 46.8006], [-71.2169, 46.8005], [-71.2172, 46.8005], [-71.2175, 46.8004], [-71.2179, 46.8003], [-71.2182, 46.8002], [-71.2185, 46.8001], [-71.2187, 46.8], [-71.2189, 46.7999], [-71.2191, 46.7998], [-71.2192, 46.7997], [-71.2192, 46.7995], [-71.2193, 46.7994], [-71.2193, 46.7993], [-71.2194, 46.7992], [-71.2195, 46.7991], [-71.2196, 46.7989], [-71.2197, 46.7988], [-71.2199, 46.7987], [-71.2201, 46.7986], [-71.2203, 46.7986], [-71.2205, 46.7985], [-71.2207, 46.7985], [-71.2209, 46.7986], [-71.221, 46.7987], [-71.2211, 46.7988], [-71.2213, 46.799], [-71.2214, 46.7992], [-71.2215, 46.7995], [-71.2216, 46.7998], [-71.2217, 46.8], [-71.2218, 46.8001], [-71.2219, 46.8003], [-71.222, 46.8004], [-71.2221, 46.8004], [-71.2222, 46.8005], [-71.2223, 46.8005], [-71.2224, 46.8004], [-71.2225, 46.8004], [-71.2225, 46.8003], [-71.2226, 46.8002], [-71.2226, 46.8001], [-71.2226, 46.8], [-71.2225, 46.7999], [-71.2225, 46.7998], [-71.2226, 46.7996], [-71.2227, 46.7995], [-71.2228, 46.7993], [-71.223, 46.7992], [-71.2232, 46.7991], [-71.2234, 46.7989], [-71.2237, 46.7987], [-71.224, 46.7986], [-71.2242, 46.7984], [-71.2244, 46.7983], [-71.2246, 46.7981], [-71.2248, 46.7979], [-71.225, 46.7978], [-71.2251, 46.7976], [-71.2252, 46.7974], [-71.2253, 46.7973], [-71.2255, 46.7972], [-71.2256, 46.7971], [-71.2257, 46.797], [-71.2258, 46.797], [-71.2259, 46.797], [-71.226, 46.797], [-71.2261, 46.797], [-71.2262, 46.7971], [-71.2263, 46.7972], [-71.2263, 46.7973], [-71.2263, 46.7974], [-71.2264, 46.7976], [-71.2264, 46.7977], [-71.2263, 46.7979], [-71.2263, 46.7982], [-71.2263, 46.7984], [-71.2263, 46.7985], [-71.2263, 46.7987], [-71.2263, 46.7988], [-71.2264, 46.7989], [-71.2265, 46.799], [-71.2266, 46.7991], [-71.2267, 46.7992], [-71.2269, 46.7992], [-71.2271, 46.7992], [-71.2273, 46.7992], [-71.2275, 46.7991], [-71.2278, 46.799], [-71.2281, 46.7989], [-71.2284, 46.7987], [-71.2288, 46.7985], [-71.2291, 46.7984], [-71.2294, 46.7982], [-71.2297, 46.7981], [-71.2299, 46.798], [-71.2301, 46.798], [-71.2303, 46.7979], [-71.2305, 46.7979], [-71.2306, 46.7979], [-71.2308, 46.798], [-71.2309, 46.798], [-71.2311, 46.7981], [-71.2312, 46.7982], [-71.2314, 46.7983], [-71.2315, 46.7985], [-71.2317, 46.7987], [-71.2319, 46.7988], [-71.232, 46.799], [-71.2321, 46.7991], [-71.2322, 46.7991], [-71.2323, 46.7991], [-71.2323, 46.799], [-71.2323, 46.7988], [-71.2323, 46.7986], [-71.2323, 46.7985], [-71.2323, 46.7984], [-71.2323, 46.7983], [-71.2324, 46.7983], [-71.2325, 46.7982], [-71.2326, 46.7983], [-71.2328, 46.7984], [-71.233, 46.7985], [-71.2331, 46.7985], [-71.2333, 46.7986], [-71.2334, 46.7986], [-71.2335, 46.7987], [-71.2336, 46.7986], [-71.2337, 46.7986], [-71.2338, 46.7985], [-71.2339, 46.7984], [-71.234, 46.7983], [-71.2341, 46.7983], [-71.2342, 46.7983], [-71.2344, 46.7983], [-71.2345, 46.7984], [-71.2346, 46.7984], [-71.2348, 46.7985], [-71.2349, 46.7986], [-71.235, 46.7986], [-71.2351, 46.7987], [-71.2352, 46.7987], [-71.2353, 46.7987], [-71.2354, 46.7986], [-71.2354, 46.7985], [-71.2355, 46.7984], [-71.2356, 46.7984], [-71.2356, 46.7983], [-71.2357, 46.7983], [-71.2359, 46.7983], [-71.236, 46.7983], [-71.2361, 46.7983], [-71.2363, 46.7983], [-71.2364, 46.7983], [-71.2365, 46.7984], [-71.2366, 46.7985], [-71.2367, 46.7985], [-71.2367, 46.7986], [-71.2368, 46.7987], [-71.2368, 46.7989], [-71.2368, 46.799], [-71.2368, 46.7991], [-71.2368, 46.7992], [-71.2367, 46.7992], [-71.2367, 46.7993], [-71.2366, 46.7993], [-71.2365, 46.7994], [-71.2364, 46.7994], [-71.2363, 46.7994], [-71.2362, 46.7994], [-71.2362, 46.7995], [-71.2362, 46.7996], [-71.2363, 46.7996], [-71.2363, 46.7997], [-71.2364, 46.7998], [-71.2365, 46.7999], [-71.2366, 46.8], [-71.2366, 46.8002], [-71.2366, 46.8003], [-71.2367, 46.8004], [-71.2366, 46.8005], [-71.2366, 46.8007], [-71.2366, 46.8008], [-71.2365, 46.801], [-71.2365, 46.8011], [-71.2365, 46.8012], [-71.2366, 46.8014], [-71.2366, 46.8015], [-71.2367, 46.8016], [-71.2368, 46.8017], [-71.2369, 46.8018], [-71.237, 46.8019], [-71.237, 46.802], [-71.2371, 46.8022], [-71.2371, 46.8024], [-71.2371, 46.8026], [-71.2371, 46.8028], [-71.237, 46.8031], [-71.237, 46.8033], [-71.2369, 46.8036], [-71.2367, 46.8039], [-71.2366, 46.8041], [-71.2364, 46.8043], [-71.2362, 46.8045], [-71.236, 46.8047], [-71.2357, 46.8049], [-71.2354, 46.805], [-71.2352, 46.8051], [-71.2351, 46.8052], [-71.235, 46.8053], [-71.2351, 46.8053], [-71.2352, 46.8053], [-71.2354, 46.8052], [-71.2357, 46.8051], [-71.2359, 46.8051], [-71.2362, 46.8051], [-71.2364, 46.8051], [-71.2366, 46.8052], [-71.2367, 46.8053], [-71.2369, 46.8054], [-71.237, 46.8056], [-71.237, 46.8058], [-71.2371, 46.8061], [-71.2372, 46.8063], [-71.2372, 46.8065], [-71.2372, 46.8067], [-71.2372, 46.8068], [-71.2372, 46.807], [-71.2371, 46.8072]]]}}, {"type": "Feature", "properties": {"couche": "voile", "station": "Cartier", "minutes": 14}, "geometry": {"type": "Polygon", "coordinates": [[[-71.3963, 46.9185], [-71.0598, 46.9206], [-71.0574, 46.69], [-71.3925, 46.6879], [-71.3963, 46.9185]], [[-71.2372, 46.807], [-71.2372, 46.8068], [-71.2372, 46.8067], [-71.2372, 46.8065], [-71.2372, 46.8063], [-71.2371, 46.8061], [-71.237, 46.8058], [-71.237, 46.8056], [-71.2369, 46.8054], [-71.2367, 46.8053], [-71.2366, 46.8052], [-71.2364, 46.8051], [-71.2362, 46.8051], [-71.2359, 46.8051], [-71.2357, 46.8051], [-71.2354, 46.8052], [-71.2352, 46.8053], [-71.2351, 46.8053], [-71.235, 46.8053], [-71.2351, 46.8052], [-71.2352, 46.8051], [-71.2354, 46.805], [-71.2357, 46.8049], [-71.236, 46.8047], [-71.2362, 46.8045], [-71.2364, 46.8043], [-71.2366, 46.8041], [-71.2367, 46.8039], [-71.2369, 46.8036], [-71.237, 46.8033], [-71.237, 46.8031], [-71.2371, 46.8028], [-71.2371, 46.8026], [-71.2371, 46.8024], [-71.2371, 46.8022], [-71.237, 46.802], [-71.237, 46.8019], [-71.2369, 46.8018], [-71.2368, 46.8017], [-71.2367, 46.8016], [-71.2366, 46.8015], [-71.2366, 46.8014], [-71.2365, 46.8012], [-71.2365, 46.8011], [-71.2365, 46.801], [-71.2366, 46.8008], [-71.2366, 46.8007], [-71.2366, 46.8005], [-71.2367, 46.8004], [-71.2366, 46.8003], [-71.2366, 46.8002], [-71.2366, 46.8], [-71.2365, 46.7999], [-71.2364, 46.7998], [-71.2363, 46.7997], [-71.2363, 46.7996], [-71.2362, 46.7996], [-71.2362, 46.7995], [-71.2362, 46.7994], [-71.2363, 46.7994], [-71.2364, 46.7994], [-71.2365, 46.7994], [-71.2366, 46.7993], [-71.2367, 46.7993], [-71.2367, 46.7992], [-71.2368, 46.7992], [-71.2368, 46.7991], [-71.2368, 46.799], [-71.2368, 46.7989], [-71.2368, 46.7987], [-71.2367, 46.7986], [-71.2367, 46.7985], [-71.2366, 46.7985], [-71.2365, 46.7984], [-71.2364, 46.7983], [-71.2363, 46.7983], [-71.2361, 46.7983], [-71.236, 46.7983], [-71.2359, 46.7983], [-71.2357, 46.7983], [-71.2356, 46.7983], [-71.2356, 46.7984], [-71.2355, 46.7984], [-71.2354, 46.7985], [-71.2354, 46.7986], [-71.2353, 46.7987], [-71.2352, 46.7987], [-71.2351, 46.7987], [-71.235, 46.7986], [-71.2349, 46.7986], [-71.2348, 46.7985], [-71.2346, 46.7984], [-71.2345, 46.7984], [-71.2344, 46.7983], [-71.2342, 46.7983], [-71.2341, 46.7983], [-71.234, 46.7983], [-71.2339, 46.7984], [-71.2338, 46.7985], [-71.2337, 46.7986], [-71.2336, 46.7986], [-71.2335, 46.7987], [-71.2334, 46.7986], [-71.2333, 46.7986], [-71.2331, 46.7985], [-71.233, 46.7985], [-71.2328, 46.7984], [-71.2326, 46.7983], [-71.2325, 46.7982], [-71.2324, 46.7983], [-71.2323, 46.7983], [-71.2323, 46.7984], [-71.2323, 46.7985], [-71.2323, 46.7986], [-71.2323, 46.7988], [-71.2323, 46.799], [-71.2323, 46.7991], [-71.2322, 46.7991], [-71.2321, 46.7991], [-71.232, 46.799], [-71.2319, 46.7988], [-71.2317, 46.7987], [-71.2315, 46.7985], [-71.2314, 46.7983], [-71.2312, 46.7982], [-71.2311, 46.7981], [-71.2309, 46.798], [-71.2308, 46.798], [-71.2306, 46.7979], [-71.2305, 46.7979], [-71.2303, 46.7979], [-71.2301, 46.798], [-71.2299, 46.798], [-71.2297, 46.7981], [-71.2294, 46.7982], [-71.2291, 46.7984], [-71.2288, 46.7985], [-71.2284, 46.7987], [-71.2281, 46.7989], [-71.2278, 46.799], [-71.2275, 46.7991], [-71.2273, 46.7992], [-71.2271, 46.7992], [-71.2269, 46.7992], [-71.2267, 46.7992], [-71.2266, 46.7991], [-71.2265, 46.799], [-71.2264, 46.7989], [-71.2263, 46.7988], [-71.2263, 46.7987], [-71.2263, 46.7985], [-71.2263, 46.7984], [-71.2263, 46.7982], [-71.2263, 46.7979], [-71.2264, 46.7977], [-71.2264, 46.7976], [-71.2263, 46.7974], [-71.2263, 46.7973], [-71.2263, 46.7972], [-71.2262, 46.7971], [-71.2261, 46.797], [-71.226, 46.797], [-71.2259, 46.797], [-71.2258, 46.797], [-71.2257, 46.797], [-71.2256, 46.7971], [-71.2255, 46.7972], [-71.2253, 46.7973], [-71.2252, 46.7974], [-71.2251, 46.7976], [-71.225, 46.7978], [-71.2248, 46.7979], [-71.2246, 46.7981], [-71.2244, 46.7983], [-71.2242, 46.7984], [-71.224, 46.7986], [-71.2237, 46.7987], [-71.2234, 46.7989], [-71.2232, 46.7991], [-71.223, 46.7992], [-71.2228, 46.7993], [-71.2227, 46.7995], [-71.2226, 46.7996], [-71.2225, 46.7998], [-71.2225, 46.7999], [-71.2226, 46.8], [-71.2226, 46.8001], [-71.2226, 46.8002], [-71.2225, 46.8003], [-71.2225, 46.8004], [-71.2224, 46.8004], [-71.2223, 46.8005], [-71.2222, 46.8005], [-71.2221, 46.8004], [-71.222, 46.8004], [-71.2219, 46.8003], [-71.2218, 46.8001], [-71.2217, 46.8], [-71.2216, 46.7998], [-71.2215, 46.7995], [-71.2214, 46.7992], [-71.2213, 46.799], [-71.2211, 46.7988], [-71.221, 46.7987], [-71.2209, 46.7986], [-71.2207, 46.7985], [-71.2205, 46.7985], [-71.2203, 46.7986], [-71.2201, 46.7986], [-71.2199, 46.7987], [-71.2197, 46.7988], [-71.2196, 46.7989], [-71.2195, 46.7991], [-71.2194, 46.7992], [-71.2193, 46.7993], [-71.2193, 46.7994], [-71.2192, 46.7995], [-71.2192, 46.7997], [-71.2191, 46.7998], [-71.2189, 46.7999], [-71.2187, 46.8], [-71.2185, 46.8001], [-71.2182, 46.8002], [-71.2179, 46.8003], [-71.2175, 46.8004], [-71.2172, 46.8005], [-71.2169, 46.8005], [-71.2167, 46.8006], [-71.2166, 46.8007], [-71.2165, 46.8008], [-71.2164, 46.8008], [-71.2164, 46.8009], [-71.2165, 46.801], [-71.2167, 46.801], [-71.2168, 46.8011], [-71.217, 46.8011], [-71.2172, 46.801], [-71.2175, 46.801], [-71.2178, 46.801], [-71.2182, 46.8009], [-71.2185, 46.8009], [-71.2187, 46.8008], [-71.219, 46.8008], [-71.2192, 46.8008], [-71.2193, 46.8008], [-71.2195, 46.8009], [-71.2196, 46.8009], [-71.2197, 46.801], [-71.2197, 46.8011], [-71.2197, 46.8012], [-71.2197, 46.8013], [-71.2196, 46.8014], [-71.2195, 46.8016], [-71.2194, 46.8017], [-71.2192, 46.8019], [-71.219, 46.802], [-71.2189, 46.8021], [-71.2187, 46.8022], [-71.2186, 46.8023], [-71.2185, 46.8023], [-71.2183, 46.8023], [-71.2182, 46.8023], [-71.2181, 46.8023], [-71.218, 46.8023], [-71.2179, 46.8024], [-71.2178, 46.8025], [-71.2177, 46.8026], [-71.2177, 46.8027], [-71.2177, 46.8028], [-71.2177, 46.8029], [-71.2177, 46.803], [-71.2177, 46.8031], [-71.2176, 46.8032], [-71.2175, 46.8033], [-71.2175, 46.8034], [-71.2174, 46.8034], [-71.2173, 46.8035], [-71.2172, 46.8036], [-71.2171, 46.8038], [-71.2171, 46.804], [-71.217, 46.8042], [-71.217, 46.8045], [-71.2169, 46.8048], [-71.2169, 46.8051], [-71.2169, 46.8055], [-71.2169, 46.8058], [-71.2168, 46.8061], [-71.2168, 46.8064], [-71.2167, 46.8066], [-71.2166, 46.8068], [-71.2165, 46.807], [-71.2164, 46.8071], [-71.2162, 46.8072], [-71.2161, 46.8073], [-71.216, 46.8073], [-71.216, 46.8074], [-71.216, 46.8075], [-71.216, 46.8076], [-71.2161, 46.8078], [-71.2161, 46.8079], [-71.2162, 46.808], [-71.2163, 46.8081], [-71.2164, 46.8083], [-71.2164, 46.8084], [-71.2164, 46.8085], [-71.2163, 46.8086], [-71.2163, 46.8087], [-71.2161, 46.8088], [-71.216, 46.8088], [-71.216, 46.8089], [-71.2159, 46.809], [-71.2159, 46.8091], [-71.2159, 46.8092], [-71.2159, 46.8093], [-71.2159, 46.8094], [-71.2161, 46.8096], [-71.2163, 46.8097], [-71.2166, 46.8098], [-71.217, 46.8099], [-71.2175, 46.8101], [-71.218, 46.8102], [-71.2187, 46.8103], [-71.2194, 46.8105], [-71.2201, 46.8106], [-71.2208, 46.8107], [-71.2214, 46.8108], [-71.222, 46.8108], [-71.2226, 46.8109], [-71.2232, 46.8109], [-71.2237, 46.8108], [-71.2241, 46.8108], [-71.2246, 46.8107], [-71.2249, 46.8107], [-71.2253, 46.8107], [-71.2255, 46.8107], [-71.2257, 46.8107], [-71.2259, 46.8107], [-71.226, 46.8108], [-71.2261, 46.8109], [-71.2262, 46.8109], [-71.2263, 46.8109], [-71.2265, 46.811], [-71.2268, 46.811], [-71.227, 46.811], [-71.2273, 46.811], [-71.2277, 46.811], [-71.228, 46.8111], [-71.2283, 46.8111], [-71.2286, 46.8111], [-71.2289, 46.8112], [-71.2292, 46.8113], [-71.2294, 46.8113], [-71.2297, 46.8114], [-71.2299, 46.8115], [-71.2301, 46.8116], [-71.2303, 46.8116], [-71.2305, 46.8117], [-71.2307, 46.8117], [-71.2308, 46.8116], [-71.231, 46.8116], [-71.2311, 46.8115], [-71.2312, 46.8114], [-71.2313, 46.8113], [-71.2315, 46.8113], [-71.2316, 46.8112], [-71.2318, 46.8111], [-71.2319, 46.8111], [-71.2321, 46.8111], [-71.2323, 46.811], [-71.2325, 46.811], [-71.2327, 46.811], [-71.2328, 46.811], [-71.233, 46.8109], [-71.2331, 46.8108], [-71.2332, 46.8108], [-71.2333, 46.8107], [-71.2334, 46.8106], [-71.2335, 46.8105], [-71.2336, 46.8104], [-71.2337, 46.8103], [-71.2338, 46.8102], [-71.234, 46.8102], [-71.2341, 46.8102], [-71.2343, 46.8102], [-71.2344, 46.8102], [-71.2346, 46.8102], [-71.2348, 46.8102], [-71.235, 46.8102], [-71.2351, 46.8101], [-71.2352, 46.81], [-71.2353, 46.8099], [-71.2353, 46.8097], [-71.2354, 46.8095], [-71.2354, 46.8093], [-71.2354, 46.8091], [-71.2355, 46.8089], [-71.2355, 46.8087], [-71.2356, 46.8086], [-71.2357, 46.8084], [-71.2359, 46.8083], [-71.236, 46.8082], [-71.2362, 46.8081], [-71.2364, 46.808], [-71.2365, 46.8079], [-71.2367, 46.8078], [-71.2368, 46.8077], [-71.2369, 46.8076], [-71.237, 46.8074], [-71.2371, 46.8073], [-71.2371, 46.8072], [-71.2372, 46.807]]]}}, {"type": "Feature", "properties": {"couche": "aire_marche", "station": "Cartier", "ordre": 19, "minutes": 15, "superficie_ha": 223.7, "rue_km": 69.06, "disque_ha": 346.4, "part_disque_pct": 65, "accroche_m": 1, "population": 21634, "navetteurs": 6678, "mode_auto_pct": 46, "mode_tc_pct": 19, "mode_actif_pct": 35, "mode_autre_pct": 0}, "geometry": {"type": "Polygon", "coordinates": [[[-71.2379, 46.8077], [-71.2378, 46.8078], [-71.2377, 46.808], [-71.2376, 46.8081], [-71.2374, 46.8082], [-71.2373, 46.8083], [-71.2371, 46.8084], [-71.2369, 46.8085], [-71.2367, 46.8085], [-71.2365, 46.8086], [-71.2364, 46.8087], [-71.2362, 46.8088], [-71.2361, 46.8089], [-71.236, 46.8091], [-71.2359, 46.8092], [-71.2359, 46.8094], [-71.2359, 46.8097], [-71.2359, 46.8099], [-71.2358, 46.8101], [-71.2357, 46.8103], [-71.2356, 46.8105], [-71.2354, 46.8107], [-71.2351, 46.8108], [-71.2348, 46.811], [-71.2344, 46.8111], [-71.2339, 46.8112], [-71.2335, 46.8113], [-71.2332, 46.8114], [-71.2328, 46.8115], [-71.2325, 46.8116], [-71.2322, 46.8117], [-71.232, 46.8118], [-71.2318, 46.8119], [-71.2316, 46.812], [-71.2314, 46.8121], [-71.231, 46.8122], [-71.2306, 46.8122], [-71.2302, 46.8121], [-71.2296, 46.8121], [-71.229, 46.812], [-71.2283, 46.8118], [-71.2275, 46.8117], [-71.2268, 46.8115], [-71.2261, 46.8114], [-71.2255, 46.8113], [-71.225, 46.8113], [-71.2245, 46.8112], [-71.2241, 46.8112], [-71.2237, 46.8113], [-71.2234, 46.8113], [-71.2231, 46.8114], [-71.2227, 46.8114], [-71.2223, 46.8114], [-71.2218, 46.8114], [-71.2213, 46.8113], [-71.2208, 46.8113], [-71.2202, 46.8112], [-71.2196, 46.811], [-71.2191, 46.8109], [-71.2186, 46.8108], [-71.2182, 46.8107], [-71.2178, 46.8106], [-71.2175, 46.8105], [-71.2173, 46.8104], [-71.2171, 46.8102], [-71.217, 46.8101], [-71.2169, 46.8101], [-71.2168, 46.81], [-71.2166, 46.8099], [-71.2165, 46.8099], [-71.2163, 46.8099], [-71.2162, 46.8099], [-71.216, 46.8099], [-71.2159, 46.81], [-71.2157, 46.81], [-71.2156, 46.8099], [-71.2155, 46.8098], [-71.2154, 46.8096], [-71.2153, 46.8094], [-71.2153, 46.8091], [-71.2152, 46.8088], [-71.2152, 46.8084], [-71.2152, 46.8081], [-71.2152, 46.8078], [-71.2153, 46.8075], [-71.2154, 46.8073], [-71.2155, 46.8072], [-71.2157, 46.8071], [-71.2159, 46.807], [-71.2161, 46.807], [-71.2163, 46.8069], [-71.2164, 46.8069], [-71.2165, 46.8069], [-71.2165, 46.8068], [-71.2164, 46.8067], [-71.2163, 46.8067], [-71.2162, 46.8067], [-71.2161, 46.8066], [-71.216, 46.8066], [-71.216, 46.8065], [-71.216, 46.8064], [-71.2161, 46.8063], [-71.2161, 46.8062], [-71.2162, 46.8061], [-71.2162, 46.806], [-71.2163, 46.8059], [-71.2163, 46.8058], [-71.2163, 46.8056], [-71.2163, 46.8054], [-71.2163, 46.8052], [-71.2163, 46.805], [-71.2163, 46.8048], [-71.2163, 46.8046], [-71.2164, 46.8044], [-71.2164, 46.8042], [-71.2166, 46.8041], [-71.2167, 46.8039], [-71.2169, 46.8038], [-71.2171, 46.8037], [-71.2172, 46.8035], [-71.2173, 46.8034], [-71.2174, 46.8032], [-71.2175, 46.8031], [-71.2175, 46.8029], [-71.2175, 46.8028], [-71.2174, 46.8026], [-71.2174, 46.8025], [-71.2173, 46.8023], [-71.2173, 46.8022], [-71.2172, 46.8021], [-71.2172, 46.802], [-71.2173, 46.8019], [-71.2174, 46.8018], [-71.2175, 46.8018], [-71.2176, 46.8018], [-71.2177, 46.8018], [-71.2178, 46.8018], [-71.2179, 46.8019], [-71.218, 46.8019], [-71.2181, 46.802], [-71.2182, 46.8021], [-71.2184, 46.8021], [-71.2185, 46.8022], [-71.2186, 46.8022], [-71.2187, 46.8021], [-71.2189, 46.8021], [-71.219, 46.802], [-71.2192, 46.8019], [-71.2194, 46.8017], [-71.2195, 46.8016], [-71.2196, 46.8014], [-71.2196, 46.8013], [-71.2196, 46.8012], [-71.2196, 46.8011], [-71.2195, 46.801], [-71.2194, 46.8009], [-71.2192, 46.8009], [-71.219, 46.8009], [-71.2188, 46.8009], [-71.2185, 46.8009], [-71.2183, 46.801], [-71.218, 46.801], [-71.2176, 46.8011], [-71.2172, 46.8012], [-71.2169, 46.8013], [-71.2166, 46.8013], [-71.2164, 46.8014], [-71.2162, 46.8014], [-71.216, 46.8014], [-71.2159, 46.8013], [-71.2158, 46.8013], [-71.2157, 46.8012], [-71.2158, 46.8011], [-71.2158, 46.801], [-71.216, 46.8009], [-71.2162, 46.8008], [-71.2164, 46.8007], [-71.2168, 46.8006], [-71.2171, 46.8005], [-71.2176, 46.8004], [-71.218, 46.8003], [-71.2183, 46.8002], [-71.2185, 46.8001], [-71.2187, 46.8], [-71.2189, 46.7999], [-71.2189, 46.7998], [-71.2189, 46.7997], [-71.2189, 46.7996], [-71.2188, 46.7995], [-71.2189, 46.7994], [-71.219, 46.7993], [-71.2192, 46.7992], [-71.2194, 46.799], [-71.2197, 46.7989], [-71.2201, 46.7987], [-71.2205, 46.7986], [-71.2208, 46.7984], [-71.2212, 46.7983], [-71.2214, 46.7983], [-71.2217, 46.7982], [-71.2219, 46.7982], [-71.222, 46.7982], [-71.2221, 46.7983], [-71.2222, 46.7983], [-71.2222, 46.7984], [-71.2222, 46.7985], [-71.2221, 46.7986], [-71.222, 46.7986], [-71.2219, 46.7987], [-71.2218, 46.7988], [-71.2216, 46.7989], [-71.2214, 46.7989], [-71.2213, 46.799], [-71.2213, 46.7991], [-71.2212, 46.7993], [-71.2212, 46.7994], [-71.2213, 46.7996], [-71.2214, 46.7998], [-71.2215, 46.7999], [-71.2216, 46.8001], [-71.2217, 46.8002], [-71.2218, 46.8004], [-71.2219, 46.8004], [-71.222, 46.8005], [-71.2221, 46.8005], [-71.2222, 46.8005], [-71.2223, 46.8005], [-71.2224, 46.8005], [-71.2225, 46.8004], [-71.2226, 46.8003], [-71.2226, 46.8002], [-71.2226, 46.8001], [-71.2226, 46.8], [-71.2225, 46.7999], [-71.2225, 46.7998], [-71.2226, 46.7996], [-71.2227, 46.7995], [-71.2228, 46.7993], [-71.223, 46.7992], [-71.2232, 46.7991], [-71.2234, 46.7989], [-71.2237, 46.7987], [-71.224, 46.7986], [-71.2242, 46.7984], [-71.2245, 46.7982], [-71.2247, 46.798], [-71.2249, 46.7978], [-71.2251, 46.7976], [-71.2253, 46.7974], [-71.2254, 46.7972], [-71.2256, 46.797], [-71.2257, 46.7968], [-71.2259, 46.7967], [-71.226, 46.7966], [-71.2262, 46.7965], [-71.2263, 46.7965], [-71.2264, 46.7965], [-71.2266, 46.7965], [-71.2267, 46.7966], [-71.2267, 46.7967], [-71.2268, 46.7968], [-71.2268, 46.7969], [-71.2267, 46.7971], [-71.2267, 46.7972], [-71.2266, 46.7974], [-71.2265, 46.7977], [-71.2264, 46.7979], [-71.2263, 46.7981], [-71.2263, 46.7982], [-71.2263, 46.7984], [-71.2264, 46.7986], [-71.2265, 46.7987], [-71.2266, 46.7989], [-71.2267, 46.799], [-71.2269, 46.7991], [-71.2271, 46.7991], [-71.2274, 46.7991], [-71.2276, 46.799], [-71.228, 46.7989], [-71.2283, 46.7988], [-71.2287, 46.7986], [-71.2292, 46.7983], [-71.2296, 46.7981], [-71.23, 46.7979], [-71.2303, 46.7978], [-71.2306, 46.7976], [-71.2309, 46.7976], [-71.2311, 46.7975], [-71.2313, 46.7975], [-71.2315, 46.7975], [-71.2317, 46.7975], [-71.2318, 46.7976], [-71.232, 46.7976], [-71.2322, 46.7977], [-71.2324, 46.7978], [-71.2326, 46.798], [-71.2327, 46.7981], [-71.2329, 46.7983], [-71.2331, 46.7984], [-71.2332, 46.7985], [-71.2333, 46.7985], [-71.2334, 46.7985], [-71.2335, 46.7985], [-71.2335, 46.7984], [-71.2335, 46.7983], [-71.2335, 46.7982], [-71.2335, 46.7981], [-71.2336, 46.798], [-71.2337, 46.7979], [-71.2338, 46.7979], [-71.2339, 46.798], [-71.2341, 46.7981], [-71.2343, 46.7982], [-71.2345, 46.7983], [-71.2347, 46.7984], [-71.2349, 46.7985], [-71.235, 46.7985], [-71.2351, 46.7986], [-71.2351, 46.7985], [-71.2352, 46.7985], [-71.2351, 46.7984], [-71.2351, 46.7982], [-71.2351, 46.7981], [-71.2351, 46.798], [-71.2352, 46.798], [-71.2353, 46.798], [-71.2354, 46.798], [-71.2356, 46.7981], [-71.2358, 46.7982], [-71.2359, 46.7982], [-71.2361, 46.7982], [-71.2362, 46.7982], [-71.2364, 46.7982], [-71.2365, 46.7982], [-71.2367, 46.7982], [-71.2368, 46.7981], [-71.237, 46.7981], [-71.2371, 46.7982], [-71.2372, 46.7983], [-71.2372, 46.7984], [-71.2372, 46.7987], [-71.2372, 46.799], [-71.2372, 46.7993], [-71.2371, 46.7997], [-71.2371, 46.8001], [-71.2371, 46.8004], [-71.2371, 46.8007], [-71.2372, 46.8009], [-71.2372, 46.8011], [-71.2373, 46.8013], [-71.2374, 46.8014], [-71.2376, 46.8015], [-71.2377, 46.8016], [-71.2377, 46.8018], [-71.2378, 46.802], [-71.2378, 46.8022], [-71.2377, 46.8024], [-71.2376, 46.8027], [-71.2375, 46.8029], [-71.2374, 46.8033], [-71.2373, 46.8035], [-71.2372, 46.8038], [-71.2371, 46.804], [-71.2371, 46.8042], [-71.2371, 46.8043], [-71.2371, 46.8044], [-71.2372, 46.8045], [-71.2373, 46.8045], [-71.2374, 46.8046], [-71.2375, 46.8047], [-71.2376, 46.8048], [-71.2376, 46.805], [-71.2377, 46.8052], [-71.2378, 46.8055], [-71.2379, 46.8057], [-71.238, 46.8061], [-71.2381, 46.8063], [-71.2381, 46.8066], [-71.2381, 46.8069], [-71.2381, 46.8071], [-71.2381, 46.8073], [-71.238, 46.8075], [-71.2379, 46.8077]]]}}, {"type": "Feature", "properties": {"couche": "voile", "station": "Cartier", "minutes": 15}, "geometry": {"type": "Polygon", "coordinates": [[[-71.3972, 46.919], [-71.0591, 46.9211], [-71.0567, 46.6895], [-71.3934, 46.6874], [-71.3972, 46.919]], [[-71.238, 46.8075], [-71.2381, 46.8073], [-71.2381, 46.8071], [-71.2381, 46.8069], [-71.2381, 46.8066], [-71.2381, 46.8063], [-71.238, 46.8061], [-71.2379, 46.8057], [-71.2378, 46.8055], [-71.2377, 46.8052], [-71.2376, 46.805], [-71.2376, 46.8048], [-71.2375, 46.8047], [-71.2374, 46.8046], [-71.2373, 46.8045], [-71.2372, 46.8045], [-71.2371, 46.8044], [-71.2371, 46.8043], [-71.2371, 46.8042], [-71.2371, 46.804], [-71.2372, 46.8038], [-71.2373, 46.8035], [-71.2374, 46.8033], [-71.2375, 46.8029], [-71.2376, 46.8027], [-71.2377, 46.8024], [-71.2378, 46.8022], [-71.2378, 46.802], [-71.2377, 46.8018], [-71.2377, 46.8016], [-71.2376, 46.8015], [-71.2374, 46.8014], [-71.2373, 46.8013], [-71.2372, 46.8011], [-71.2372, 46.8009], [-71.2371, 46.8007], [-71.2371, 46.8004], [-71.2371, 46.8001], [-71.2371, 46.7997], [-71.2372, 46.7993], [-71.2372, 46.799], [-71.2372, 46.7987], [-71.2372, 46.7984], [-71.2372, 46.7983], [-71.2371, 46.7982], [-71.237, 46.7981], [-71.2368, 46.7981], [-71.2367, 46.7982], [-71.2365, 46.7982], [-71.2364, 46.7982], [-71.2362, 46.7982], [-71.2361, 46.7982], [-71.2359, 46.7982], [-71.2358, 46.7982], [-71.2356, 46.7981], [-71.2354, 46.798], [-71.2353, 46.798], [-71.2352, 46.798], [-71.2351, 46.798], [-71.2351, 46.7981], [-71.2351, 46.7982], [-71.2351, 46.7984], [-71.2352, 46.7985], [-71.2351, 46.7985], [-71.2351, 46.7986], [-71.235, 46.7985], [-71.2349, 46.7985], [-71.2347, 46.7984], [-71.2345, 46.7983], [-71.2343, 46.7982], [-71.2341, 46.7981], [-71.2339, 46.798], [-71.2338, 46.7979], [-71.2337, 46.7979], [-71.2336, 46.798], [-71.2335, 46.7981], [-71.2335, 46.7982], [-71.2335, 46.7983], [-71.2335, 46.7984], [-71.2335, 46.7985], [-71.2334, 46.7985], [-71.2333, 46.7985], [-71.2332, 46.7985], [-71.2331, 46.7984], [-71.2329, 46.7983], [-71.2327, 46.7981], [-71.2326, 46.798], [-71.2324, 46.7978], [-71.2322, 46.7977], [-71.232, 46.7976], [-71.2318, 46.7976], [-71.2317, 46.7975], [-71.2315, 46.7975], [-71.2313, 46.7975], [-71.2311, 46.7975], [-71.2309, 46.7976], [-71.2306, 46.7976], [-71.2303, 46.7978], [-71.23, 46.7979], [-71.2296, 46.7981], [-71.2292, 46.7983], [-71.2287, 46.7986], [-71.2283, 46.7988], [-71.228, 46.7989], [-71.2276, 46.799], [-71.2274, 46.7991], [-71.2271, 46.7991], [-71.2269, 46.7991], [-71.2267, 46.799], [-71.2266, 46.7989], [-71.2265, 46.7987], [-71.2264, 46.7986], [-71.2263, 46.7984], [-71.2263, 46.7982], [-71.2263, 46.7981], [-71.2264, 46.7979], [-71.2265, 46.7977], [-71.2266, 46.7974], [-71.2267, 46.7972], [-71.2267, 46.7971], [-71.2268, 46.7969], [-71.2268, 46.7968], [-71.2267, 46.7967], [-71.2267, 46.7966], [-71.2266, 46.7965], [-71.2264, 46.7965], [-71.2263, 46.7965], [-71.2262, 46.7965], [-71.226, 46.7966], [-71.2259, 46.7967], [-71.2257, 46.7968], [-71.2256, 46.797], [-71.2254, 46.7972], [-71.2253, 46.7974], [-71.2251, 46.7976], [-71.2249, 46.7978], [-71.2247, 46.798], [-71.2245, 46.7982], [-71.2242, 46.7984], [-71.224, 46.7986], [-71.2237, 46.7987], [-71.2234, 46.7989], [-71.2232, 46.7991], [-71.223, 46.7992], [-71.2228, 46.7993], [-71.2227, 46.7995], [-71.2226, 46.7996], [-71.2225, 46.7998], [-71.2225, 46.7999], [-71.2226, 46.8], [-71.2226, 46.8001], [-71.2226, 46.8002], [-71.2226, 46.8003], [-71.2225, 46.8004], [-71.2224, 46.8005], [-71.2223, 46.8005], [-71.2222, 46.8005], [-71.2221, 46.8005], [-71.222, 46.8005], [-71.2219, 46.8004], [-71.2218, 46.8004], [-71.2217, 46.8002], [-71.2216, 46.8001], [-71.2215, 46.7999], [-71.2214, 46.7998], [-71.2213, 46.7996], [-71.2212, 46.7994], [-71.2212, 46.7993], [-71.2213, 46.7991], [-71.2213, 46.799], [-71.2214, 46.7989], [-71.2216, 46.7989], [-71.2218, 46.7988], [-71.2219, 46.7987], [-71.222, 46.7986], [-71.2221, 46.7986], [-71.2222, 46.7985], [-71.2222, 46.7984], [-71.2222, 46.7983], [-71.2221, 46.7983], [-71.222, 46.7982], [-71.2219, 46.7982], [-71.2217, 46.7982], [-71.2214, 46.7983], [-71.2212, 46.7983], [-71.2208, 46.7984], [-71.2205, 46.7986], [-71.2201, 46.7987], [-71.2197, 46.7989], [-71.2194, 46.799], [-71.2192, 46.7992], [-71.219, 46.7993], [-71.2189, 46.7994], [-71.2188, 46.7995], [-71.2189, 46.7996], [-71.2189, 46.7997], [-71.2189, 46.7998], [-71.2189, 46.7999], [-71.2187, 46.8], [-71.2185, 46.8001], [-71.2183, 46.8002], [-71.218, 46.8003], [-71.2176, 46.8004], [-71.2171, 46.8005], [-71.2168, 46.8006], [-71.2164, 46.8007], [-71.2162, 46.8008], [-71.216, 46.8009], [-71.2158, 46.801], [-71.2158, 46.8011], [-71.2157, 46.8012], [-71.2158, 46.8013], [-71.2159, 46.8013], [-71.216, 46.8014], [-71.2162, 46.8014], [-71.2164, 46.8014], [-71.2166, 46.8013], [-71.2169, 46.8013], [-71.2172, 46.8012], [-71.2176, 46.8011], [-71.218, 46.801], [-71.2183, 46.801], [-71.2185, 46.8009], [-71.2188, 46.8009], [-71.219, 46.8009], [-71.2192, 46.8009], [-71.2194, 46.8009], [-71.2195, 46.801], [-71.2196, 46.8011], [-71.2196, 46.8012], [-71.2196, 46.8013], [-71.2196, 46.8014], [-71.2195, 46.8016], [-71.2194, 46.8017], [-71.2192, 46.8019], [-71.219, 46.802], [-71.2189, 46.8021], [-71.2187, 46.8021], [-71.2186, 46.8022], [-71.2185, 46.8022], [-71.2184, 46.8021], [-71.2182, 46.8021], [-71.2181, 46.802], [-71.218, 46.8019], [-71.2179, 46.8019], [-71.2178, 46.8018], [-71.2177, 46.8018], [-71.2176, 46.8018], [-71.2175, 46.8018], [-71.2174, 46.8018], [-71.2173, 46.8019], [-71.2172, 46.802], [-71.2172, 46.8021], [-71.2173, 46.8022], [-71.2173, 46.8023], [-71.2174, 46.8025], [-71.2174, 46.8026], [-71.2175, 46.8028], [-71.2175, 46.8029], [-71.2175, 46.8031], [-71.2174, 46.8032], [-71.2173, 46.8034], [-71.2172, 46.8035], [-71.2171, 46.8037], [-71.2169, 46.8038], [-71.2167, 46.8039], [-71.2166, 46.8041], [-71.2164, 46.8042], [-71.2164, 46.8044], [-71.2163, 46.8046], [-71.2163, 46.8048], [-71.2163, 46.805], [-71.2163, 46.8052], [-71.2163, 46.8054], [-71.2163, 46.8056], [-71.2163, 46.8058], [-71.2163, 46.8059], [-71.2162, 46.806], [-71.2162, 46.8061], [-71.2161, 46.8062], [-71.2161, 46.8063], [-71.216, 46.8064], [-71.216, 46.8065], [-71.216, 46.8066], [-71.2161, 46.8066], [-71.2162, 46.8067], [-71.2163, 46.8067], [-71.2164, 46.8067], [-71.2165, 46.8068], [-71.2165, 46.8069], [-71.2164, 46.8069], [-71.2163, 46.8069], [-71.2161, 46.807], [-71.2159, 46.807], [-71.2157, 46.8071], [-71.2155, 46.8072], [-71.2154, 46.8073], [-71.2153, 46.8075], [-71.2152, 46.8078], [-71.2152, 46.8081], [-71.2152, 46.8084], [-71.2152, 46.8088], [-71.2153, 46.8091], [-71.2153, 46.8094], [-71.2154, 46.8096], [-71.2155, 46.8098], [-71.2156, 46.8099], [-71.2157, 46.81], [-71.2159, 46.81], [-71.216, 46.8099], [-71.2162, 46.8099], [-71.2163, 46.8099], [-71.2165, 46.8099], [-71.2166, 46.8099], [-71.2168, 46.81], [-71.2169, 46.8101], [-71.217, 46.8101], [-71.2171, 46.8102], [-71.2173, 46.8104], [-71.2175, 46.8105], [-71.2178, 46.8106], [-71.2182, 46.8107], [-71.2186, 46.8108], [-71.2191, 46.8109], [-71.2196, 46.811], [-71.2202, 46.8112], [-71.2208, 46.8113], [-71.2213, 46.8113], [-71.2218, 46.8114], [-71.2223, 46.8114], [-71.2227, 46.8114], [-71.2231, 46.8114], [-71.2234, 46.8113], [-71.2237, 46.8113], [-71.2241, 46.8112], [-71.2245, 46.8112], [-71.225, 46.8113], [-71.2255, 46.8113], [-71.2261, 46.8114], [-71.2268, 46.8115], [-71.2275, 46.8117], [-71.2283, 46.8118], [-71.229, 46.812], [-71.2296, 46.8121], [-71.2302, 46.8121], [-71.2306, 46.8122], [-71.231, 46.8122], [-71.2314, 46.8121], [-71.2316, 46.812], [-71.2318, 46.8119], [-71.232, 46.8118], [-71.2322, 46.8117], [-71.2325, 46.8116], [-71.2328, 46.8115], [-71.2332, 46.8114], [-71.2335, 46.8113], [-71.2339, 46.8112], [-71.2344, 46.8111], [-71.2348, 46.811], [-71.2351, 46.8108], [-71.2354, 46.8107], [-71.2356, 46.8105], [-71.2357, 46.8103], [-71.2358, 46.8101], [-71.2359, 46.8099], [-71.2359, 46.8097], [-71.2359, 46.8094], [-71.2359, 46.8092], [-71.236, 46.8091], [-71.2361, 46.8089], [-71.2362, 46.8088], [-71.2364, 46.8087], [-71.2365, 46.8086], [-71.2367, 46.8085], [-71.2369, 46.8085], [-71.2371, 46.8084], [-71.2373, 46.8083], [-71.2374, 46.8082], [-71.2376, 46.8081], [-71.2377, 46.808], [-71.2378, 46.8078], [-71.2379, 46.8077], [-71.238, 46.8075]]]}}]}