{"type": "FeatureCollection", "metadata": {"script": "scripts/analysis/tramway-isochrones.py", "genere_le": "2026-10-05", "source": "OpenStreetMap (ODbL) ; Statistique Canada, Recensement 2021", "attribution": "© les contributeurs d'OpenStreetMap", "titre": "Aires de marche et voiles — Charlesbourg", "paliers_min": [2, 3, 4, 5, 6, 7, 8, 9, 10, 11, 12, 13, 14, 15], "vitesse_kmh": 4.2, "methode": "Dijkstra sur le réseau marchable d'OpenStreetMap à 4.2 km/h ; couloir de 40 m autour des rues atteintes. Chaque voile est le complément de l'aire du même palier. Population par pondération de surface des aires de diffusion.", "trous": "comblés — intérieurs de grands îlots, pas des zones inaccessibles", "modes": "Mode de transport domicile–travail, recensement 2021 (mai 2021, en pleine pandémie), données-échantillon 25 %, réparti par pondération de surface."}, "features": [{"type": "Feature", "properties": {"couche": "aire_marche", "station": "Charlesbourg", "ordre": 29, "minutes": 2, "superficie_ha": 5.0, "rue_km": 1.71, "disque_ha": 6.2, "part_disque_pct": 81, "accroche_m": 5, "population": 145, "navetteurs": 61, "mode_auto_pct": 71, "mode_tc_pct": 23, "mode_actif_pct": 6, "mode_autre_pct": 0}, "geometry": {"type": "Polygon", "coordinates": [[[-71.2499, 46.8415], [-71.2498, 46.8418], [-71.2497, 46.8421], [-71.2496, 46.8423], [-71.2494, 46.8424], [-71.2492, 46.8425], [-71.2489, 46.8426], [-71.2486, 46.8426], [-71.2482, 46.8426], [-71.2478, 46.8425], [-71.2475, 46.8425], [-71.2473, 46.8424], [-71.2471, 46.8423], [-71.2469, 46.8423], [-71.2468, 46.8422], [-71.2468, 46.8421], [-71.2469, 46.842], [-71.247, 46.8419], [-71.2471, 46.8418], [-71.2471, 46.8417], [-71.2471, 46.8416], [-71.2472, 46.8416], [-71.2471, 46.8415], [-71.2471, 46.8414], [-71.247, 46.8414], [-71.2469, 46.8413], [-71.2468, 46.8413], [-71.2468, 46.8412], [-71.2468, 46.8411], [-71.2467, 46.841], [-71.2467, 46.8409], [-71.2468, 46.8408], [-71.2468, 46.8407], [-71.2469, 46.8406], [-71.2469, 46.8405], [-71.247, 46.8404], [-71.2471, 46.8403], [-71.2472, 46.8402], [-71.2474, 46.8402], [-71.2475, 46.8402], [-71.2477, 46.8402], [-71.2478, 46.8402], [-71.248, 46.8402], [-71.2481, 46.8402], [-71.2482, 46.8403], [-71.2483, 46.8403], [-71.2484, 46.8404], [-71.2485, 46.8404], [-71.2485, 46.8405], [-71.2486, 46.8406], [-71.2487, 46.8407], [-71.2488, 46.8407], [-71.2489, 46.8407], [-71.249, 46.8407], [-71.2491, 46.8407], [-71.2493, 46.8407], [-71.2494, 46.8407], [-71.2496, 46.8407], [-71.2497, 46.8407], [-71.2498, 46.8408], [-71.2498, 46.8409], [-71.2499, 46.8411], [-71.2499, 46.8413], [-71.2499, 46.8415]]]}}, {"type": "Feature", "properties": {"couche": "voile", "station": "Charlesbourg", "minutes": 2}, "geometry": {"type": "Polygon", "coordinates": [[[-71.4091, 46.9494], [-71.0906, 46.9515], [-71.0882, 46.7332], [-71.4054, 46.7311], [-71.4091, 46.9494]], [[-71.2499, 46.8413], [-71.2499, 46.8411], [-71.2498, 46.8409], [-71.2498, 46.8408], [-71.2497, 46.8407], [-71.2496, 46.8407], [-71.2494, 46.8407], [-71.2493, 46.8407], [-71.2491, 46.8407], [-71.249, 46.8407], [-71.2489, 46.8407], [-71.2488, 46.8407], [-71.2487, 46.8407], [-71.2486, 46.8406], [-71.2485, 46.8405], [-71.2485, 46.8404], [-71.2484, 46.8404], [-71.2483, 46.8403], [-71.2482, 46.8403], [-71.2481, 46.8402], [-71.248, 46.8402], [-71.2478, 46.8402], [-71.2477, 46.8402], [-71.2475, 46.8402], [-71.2474, 46.8402], [-71.2472, 46.8402], [-71.2471, 46.8403], [-71.247, 46.8404], [-71.2469, 46.8405], [-71.2469, 46.8406], [-71.2468, 46.8407], [-71.2468, 46.8408], [-71.2467, 46.8409], [-71.2467, 46.841], [-71.2468, 46.8411], [-71.2468, 46.8412], [-71.2468, 46.8413], [-71.2469, 46.8413], [-71.247, 46.8414], [-71.2471, 46.8414], [-71.2471, 46.8415], [-71.2472, 46.8416], [-71.2471, 46.8416], [-71.2471, 46.8417], [-71.2471, 46.8418], [-71.247, 46.8419], [-71.2469, 46.842], [-71.2468, 46.8421], [-71.2468, 46.8422], [-71.2469, 46.8423], [-71.2471, 46.8423], [-71.2473, 46.8424], [-71.2475, 46.8425], [-71.2478, 46.8425], [-71.2482, 46.8426], [-71.2486, 46.8426], [-71.2489, 46.8426], [-71.2492, 46.8425], [-71.2494, 46.8424], [-71.2496, 46.8423], [-71.2497, 46.8421], [-71.2498, 46.8418], [-71.2499, 46.8415], [-71.2499, 46.8413]]]}}, {"type": "Feature", "properties": {"couche": "aire_marche", "station": "Charlesbourg", "ordre": 29, "minutes": 3, "superficie_ha": 10.5, "rue_km": 3.34, "disque_ha": 13.9, "part_disque_pct": 75, "accroche_m": 5, "population": 328, "navetteurs": 138, "mode_auto_pct": 70, "mode_tc_pct": 25, "mode_actif_pct": 5, "mode_autre_pct": 0}, "geometry": {"type": "Polygon", "coordinates": [[[-71.2506, 46.8411], [-71.2505, 46.8412], [-71.2503, 46.8413], [-71.2503, 46.8414], [-71.2502, 46.8415], [-71.2502, 46.8416], [-71.2502, 46.8417], [-71.2502, 46.8418], [-71.2503, 46.8419], [-71.2504, 46.8419], [-71.2504, 46.842], [-71.2505, 46.8421], [-71.2505, 46.8422], [-71.2505, 46.8423], [-71.2505, 46.8424], [-71.2505, 46.8425], [-71.2504, 46.8427], [-71.2504, 46.8428], [-71.2502, 46.8429], [-71.25, 46.843], [-71.2498, 46.8431], [-71.2495, 46.8431], [-71.2491, 46.8431], [-71.2487, 46.8431], [-71.2482, 46.843], [-71.2476, 46.843], [-71.2472, 46.8429], [-71.2468, 46.8428], [-71.2465, 46.8427], [-71.2463, 46.8426], [-71.2461, 46.8425], [-71.2461, 46.8424], [-71.2461, 46.8423], [-71.2462, 46.8422], [-71.2463, 46.8421], [-71.2464, 46.8421], [-71.2464, 46.842], [-71.2464, 46.8419], [-71.2464, 46.8418], [-71.2463, 46.8417], [-71.2462, 46.8416], [-71.2462, 46.8415], [-71.2461, 46.8414], [-71.2461, 46.8413], [-71.2461, 46.8411], [-71.2462, 46.8409], [-71.2462, 46.8407], [-71.2463, 46.8404], [-71.2464, 46.8402], [-71.2465, 46.8401], [-71.2467, 46.8399], [-71.2469, 46.8398], [-71.2471, 46.8398], [-71.2474, 46.8397], [-71.2477, 46.8397], [-71.248, 46.8398], [-71.2483, 46.8398], [-71.2486, 46.8399], [-71.2488, 46.84], [-71.2489, 46.84], [-71.249, 46.8401], [-71.249, 46.8402], [-71.249, 46.8403], [-71.2489, 46.8404], [-71.2489, 46.8405], [-71.2489, 46.8406], [-71.249, 46.8406], [-71.2491, 46.8406], [-71.2493, 46.8406], [-71.2495, 46.8405], [-71.2497, 46.8405], [-71.2499, 46.8404], [-71.2501, 46.8404], [-71.2503, 46.8403], [-71.2504, 46.8403], [-71.2506, 46.8403], [-71.2507, 46.8403], [-71.2508, 46.8404], [-71.2509, 46.8404], [-71.2509, 46.8405], [-71.2509, 46.8406], [-71.2509, 46.8407], [-71.2509, 46.8408], [-71.2508, 46.8409], [-71.2507, 46.841], [-71.2506, 46.8411]]]}}, {"type": "Feature", "properties": {"couche": "voile", "station": "Charlesbourg", "minutes": 3}, "geometry": {"type": "Polygon", "coordinates": [[[-71.4101, 46.9499], [-71.09, 46.952], [-71.0876, 46.7327], [-71.4064, 46.7306], [-71.4101, 46.9499]], [[-71.2507, 46.841], [-71.2508, 46.8409], [-71.2509, 46.8408], [-71.2509, 46.8407], [-71.2509, 46.8406], [-71.2509, 46.8405], [-71.2509, 46.8404], [-71.2508, 46.8404], [-71.2507, 46.8403], [-71.2506, 46.8403], [-71.2504, 46.8403], [-71.2503, 46.8403], [-71.2501, 46.8404], [-71.2499, 46.8404], [-71.2497, 46.8405], [-71.2495, 46.8405], [-71.2493, 46.8406], [-71.2491, 46.8406], [-71.249, 46.8406], [-71.2489, 46.8406], [-71.2489, 46.8405], [-71.2489, 46.8404], [-71.249, 46.8403], [-71.249, 46.8402], [-71.249, 46.8401], [-71.2489, 46.84], [-71.2488, 46.84], [-71.2486, 46.8399], [-71.2483, 46.8398], [-71.248, 46.8398], [-71.2477, 46.8397], [-71.2474, 46.8397], [-71.2471, 46.8398], [-71.2469, 46.8398], [-71.2467, 46.8399], [-71.2465, 46.8401], [-71.2464, 46.8402], [-71.2463, 46.8404], [-71.2462, 46.8407], [-71.2462, 46.8409], [-71.2461, 46.8411], [-71.2461, 46.8413], [-71.2461, 46.8414], [-71.2462, 46.8415], [-71.2462, 46.8416], [-71.2463, 46.8417], [-71.2464, 46.8418], [-71.2464, 46.8419], [-71.2464, 46.842], [-71.2464, 46.8421], [-71.2463, 46.8421], [-71.2462, 46.8422], [-71.2461, 46.8423], [-71.2461, 46.8424], [-71.2461, 46.8425], [-71.2463, 46.8426], [-71.2465, 46.8427], [-71.2468, 46.8428], [-71.2472, 46.8429], [-71.2476, 46.843], [-71.2482, 46.843], [-71.2487, 46.8431], [-71.2491, 46.8431], [-71.2495, 46.8431], [-71.2498, 46.8431], [-71.25, 46.843], [-71.2502, 46.8429], [-71.2504, 46.8428], [-71.2504, 46.8427], [-71.2505, 46.8425], [-71.2505, 46.8424], [-71.2505, 46.8423], [-71.2505, 46.8422], [-71.2505, 46.8421], [-71.2504, 46.842], [-71.2504, 46.8419], [-71.2503, 46.8419], [-71.2502, 46.8418], [-71.2502, 46.8417], [-71.2502, 46.8416], [-71.2502, 46.8415], [-71.2503, 46.8414], [-71.2503, 46.8413], [-71.2505, 46.8412], [-71.2506, 46.8411], [-71.2507, 46.841]]]}}, {"type": "Feature", "properties": {"couche": "aire_marche", "station": "Charlesbourg", "ordre": 29, "minutes": 4, "superficie_ha": 17.6, "rue_km": 4.98, "disque_ha": 24.6, "part_disque_pct": 71, "accroche_m": 5, "population": 557, "navetteurs": 235, "mode_auto_pct": 70, "mode_tc_pct": 24, "mode_actif_pct": 6, "mode_autre_pct": 0}, "geometry": {"type": "Polygon", "coordinates": [[[-71.2499, 46.8404], [-71.2502, 46.8403], [-71.2505, 46.8402], [-71.2508, 46.8401], [-71.251, 46.84], [-71.2512, 46.84], [-71.2514, 46.84], [-71.2515, 46.84], [-71.2516, 46.84], [-71.2517, 46.84], [-71.2517, 46.8401], [-71.2517, 46.8403], [-71.2517, 46.8405], [-71.2517, 46.8407], [-71.2516, 46.841], [-71.2515, 46.8414], [-71.2514, 46.8418], [-71.2512, 46.8422], [-71.251, 46.8426], [-71.2508, 46.8429], [-71.2506, 46.8432], [-71.2503, 46.8434], [-71.25, 46.8435], [-71.2497, 46.8435], [-71.2494, 46.8434], [-71.249, 46.8433], [-71.2486, 46.8432], [-71.2483, 46.8432], [-71.248, 46.8431], [-71.2478, 46.8431], [-71.2475, 46.8431], [-71.2474, 46.8431], [-71.2472, 46.8431], [-71.247, 46.8432], [-71.2469, 46.8433], [-71.2468, 46.8433], [-71.2466, 46.8433], [-71.2464, 46.8433], [-71.2463, 46.8433], [-71.2461, 46.8433], [-71.2459, 46.8433], [-71.2457, 46.8432], [-71.2455, 46.8432], [-71.2454, 46.8431], [-71.2453, 46.843], [-71.2452, 46.8429], [-71.2451, 46.8428], [-71.2451, 46.8426], [-71.2451, 46.8425], [-71.2451, 46.8423], [-71.2452, 46.8422], [-71.2452, 46.842], [-71.2453, 46.8419], [-71.2454, 46.8418], [-71.2454, 46.8417], [-71.2455, 46.8416], [-71.2456, 46.8415], [-71.2457, 46.8415], [-71.2458, 46.8414], [-71.2459, 46.8414], [-71.2459, 46.8413], [-71.2459, 46.8412], [-71.2458, 46.8412], [-71.2457, 46.8411], [-71.2456, 46.8411], [-71.2456, 46.841], [-71.2455, 46.841], [-71.2455, 46.8409], [-71.2455, 46.8408], [-71.2456, 46.8408], [-71.2457, 46.8407], [-71.2458, 46.8406], [-71.2459, 46.8405], [-71.2461, 46.8405], [-71.2461, 46.8404], [-71.2462, 46.8403], [-71.2461, 46.8402], [-71.2459, 46.8402], [-71.2458, 46.8401], [-71.2457, 46.84], [-71.2457, 46.8399], [-71.2457, 46.8398], [-71.2457, 46.8396], [-71.2458, 46.8395], [-71.2458, 46.8394], [-71.2459, 46.8393], [-71.246, 46.8393], [-71.2461, 46.8392], [-71.2463, 46.8392], [-71.2464, 46.8391], [-71.2466, 46.8391], [-71.2467, 46.8392], [-71.2469, 46.8392], [-71.247, 46.8392], [-71.2472, 46.8392], [-71.2473, 46.8393], [-71.2474, 46.8394], [-71.2475, 46.8394], [-71.2475, 46.8395], [-71.2476, 46.8396], [-71.2478, 46.8396], [-71.2479, 46.8396], [-71.2482, 46.8396], [-71.2484, 46.8396], [-71.2487, 46.8396], [-71.249, 46.8396], [-71.2492, 46.8396], [-71.2494, 46.8397], [-71.2495, 46.8397], [-71.2496, 46.8398], [-71.2496, 46.8399], [-71.2496, 46.84], [-71.2495, 46.8401], [-71.2493, 46.8403], [-71.2492, 46.8404], [-71.2491, 46.8405], [-71.2492, 46.8406], [-71.2494, 46.8405], [-71.2496, 46.8405], [-71.2499, 46.8404]]]}}, {"type": "Feature", "properties": {"couche": "voile", "station": "Charlesbourg", "minutes": 4}, "geometry": {"type": "Polygon", "coordinates": [[[-71.4109, 46.9503], [-71.089, 46.9524], [-71.0866, 46.7321], [-71.4072, 46.73], [-71.4109, 46.9503]], [[-71.2496, 46.8405], [-71.2494, 46.8405], [-71.2492, 46.8406], [-71.2491, 46.8405], [-71.2492, 46.8404], [-71.2493, 46.8403], [-71.2495, 46.8401], [-71.2496, 46.84], [-71.2496, 46.8399], [-71.2496, 46.8398], [-71.2495, 46.8397], [-71.2494, 46.8397], [-71.2492, 46.8396], [-71.249, 46.8396], [-71.2487, 46.8396], [-71.2484, 46.8396], [-71.2482, 46.8396], [-71.2479, 46.8396], [-71.2478, 46.8396], [-71.2476, 46.8396], [-71.2475, 46.8395], [-71.2475, 46.8394], [-71.2474, 46.8394], [-71.2473, 46.8393], [-71.2472, 46.8392], [-71.247, 46.8392], [-71.2469, 46.8392], [-71.2467, 46.8392], [-71.2466, 46.8391], [-71.2464, 46.8391], [-71.2463, 46.8392], [-71.2461, 46.8392], [-71.246, 46.8393], [-71.2459, 46.8393], [-71.2458, 46.8394], [-71.2458, 46.8395], [-71.2457, 46.8396], [-71.2457, 46.8398], [-71.2457, 46.8399], [-71.2457, 46.84], [-71.2458, 46.8401], [-71.2459, 46.8402], [-71.2461, 46.8402], [-71.2462, 46.8403], [-71.2461, 46.8404], [-71.2461, 46.8405], [-71.2459, 46.8405], [-71.2458, 46.8406], [-71.2457, 46.8407], [-71.2456, 46.8408], [-71.2455, 46.8408], [-71.2455, 46.8409], [-71.2455, 46.841], [-71.2456, 46.841], [-71.2456, 46.8411], [-71.2457, 46.8411], [-71.2458, 46.8412], [-71.2459, 46.8412], [-71.2459, 46.8413], [-71.2459, 46.8414], [-71.2458, 46.8414], [-71.2457, 46.8415], [-71.2456, 46.8415], [-71.2455, 46.8416], [-71.2454, 46.8417], [-71.2454, 46.8418], [-71.2453, 46.8419], [-71.2452, 46.842], [-71.2452, 46.8422], [-71.2451, 46.8423], [-71.2451, 46.8425], [-71.2451, 46.8426], [-71.2451, 46.8428], [-71.2452, 46.8429], [-71.2453, 46.843], [-71.2454, 46.8431], [-71.2455, 46.8432], [-71.2457, 46.8432], [-71.2459, 46.8433], [-71.2461, 46.8433], [-71.2463, 46.8433], [-71.2464, 46.8433], [-71.2466, 46.8433], [-71.2468, 46.8433], [-71.2469, 46.8433], [-71.247, 46.8432], [-71.2472, 46.8431], [-71.2474, 46.8431], [-71.2475, 46.8431], [-71.2478, 46.8431], [-71.248, 46.8431], [-71.2483, 46.8432], [-71.2486, 46.8432], [-71.249, 46.8433], [-71.2494, 46.8434], [-71.2497, 46.8435], [-71.25, 46.8435], [-71.2503, 46.8434], [-71.2506, 46.8432], [-71.2508, 46.8429], [-71.251, 46.8426], [-71.2512, 46.8422], [-71.2514, 46.8418], [-71.2515, 46.8414], [-71.2516, 46.841], [-71.2517, 46.8407], [-71.2517, 46.8405], [-71.2517, 46.8403], [-71.2517, 46.8401], [-71.2517, 46.84], [-71.2516, 46.84], [-71.2515, 46.84], [-71.2514, 46.84], [-71.2512, 46.84], [-71.251, 46.84], [-71.2508, 46.8401], [-71.2505, 46.8402], [-71.2502, 46.8403], [-71.2499, 46.8404], [-71.2496, 46.8405]]]}}, {"type": "Feature", "properties": {"couche": "aire_marche", "station": "Charlesbourg", "ordre": 29, "minutes": 5, "superficie_ha": 25.8, "rue_km": 6.69, "disque_ha": 38.5, "part_disque_pct": 67, "accroche_m": 5, "population": 910, "navetteurs": 381, "mode_auto_pct": 68, "mode_tc_pct": 26, "mode_actif_pct": 6, "mode_autre_pct": 0}, "geometry": {"type": "Polygon", "coordinates": [[[-71.2523, 46.8402], [-71.2522, 46.8402], [-71.2521, 46.8403], [-71.2521, 46.8404], [-71.2521, 46.8405], [-71.2522, 46.8405], [-71.2522, 46.8406], [-71.2523, 46.8407], [-71.2523, 46.8408], [-71.2523, 46.841], [-71.2523, 46.8411], [-71.2522, 46.8413], [-71.2522, 46.8415], [-71.2521, 46.8417], [-71.252, 46.8419], [-71.2519, 46.842], [-71.2518, 46.8422], [-71.2517, 46.8423], [-71.2516, 46.8424], [-71.2514, 46.8425], [-71.2513, 46.8426], [-71.2512, 46.8427], [-71.251, 46.8428], [-71.2509, 46.8429], [-71.2509, 46.843], [-71.2508, 46.8431], [-71.2508, 46.8433], [-71.2508, 46.8434], [-71.2509, 46.8436], [-71.2509, 46.8438], [-71.251, 46.8439], [-71.251, 46.844], [-71.2509, 46.8441], [-71.2509, 46.8442], [-71.2508, 46.8442], [-71.2506, 46.8442], [-71.2505, 46.8442], [-71.2503, 46.8442], [-71.2501, 46.8441], [-71.25, 46.8441], [-71.2498, 46.844], [-71.2497, 46.8439], [-71.2496, 46.8438], [-71.2496, 46.8437], [-71.2495, 46.8436], [-71.2495, 46.8435], [-71.2494, 46.8434], [-71.2494, 46.8433], [-71.2493, 46.8433], [-71.2492, 46.8433], [-71.2491, 46.8433], [-71.249, 46.8433], [-71.2489, 46.8433], [-71.2488, 46.8434], [-71.2487, 46.8434], [-71.2486, 46.8434], [-71.2485, 46.8434], [-71.2484, 46.8433], [-71.2483, 46.8433], [-71.2481, 46.8432], [-71.248, 46.8432], [-71.2479, 46.8431], [-71.2478, 46.8431], [-71.2476, 46.8431], [-71.2475, 46.8431], [-71.2473, 46.8432], [-71.2471, 46.8433], [-71.2469, 46.8434], [-71.2467, 46.8435], [-71.2465, 46.8436], [-71.2463, 46.8436], [-71.2462, 46.8437], [-71.246, 46.8437], [-71.2459, 46.8438], [-71.2458, 46.8438], [-71.2457, 46.8437], [-71.2456, 46.8436], [-71.2456, 46.8435], [-71.2456, 46.8434], [-71.2457, 46.8433], [-71.2457, 46.8432], [-71.2457, 46.8431], [-71.2456, 46.8431], [-71.2455, 46.8431], [-71.2454, 46.8432], [-71.2452, 46.8432], [-71.245, 46.8432], [-71.2448, 46.8432], [-71.2446, 46.8432], [-71.2445, 46.8431], [-71.2444, 46.843], [-71.2444, 46.8428], [-71.2443, 46.8426], [-71.2443, 46.8424], [-71.2444, 46.8421], [-71.2444, 46.8419], [-71.2445, 46.8416], [-71.2447, 46.8414], [-71.2448, 46.8412], [-71.245, 46.8411], [-71.2452, 46.8409], [-71.2454, 46.8408], [-71.2456, 46.8407], [-71.2458, 46.8406], [-71.2459, 46.8405], [-71.246, 46.8404], [-71.2459, 46.8403], [-71.2457, 46.8403], [-71.2455, 46.8404], [-71.2454, 46.8404], [-71.2452, 46.8404], [-71.2451, 46.8404], [-71.2451, 46.8403], [-71.2451, 46.8402], [-71.2452, 46.8401], [-71.2453, 46.84], [-71.2454, 46.84], [-71.2454, 46.8399], [-71.2455, 46.8398], [-71.2455, 46.8397], [-71.2455, 46.8396], [-71.2454, 46.8396], [-71.2453, 46.8395], [-71.2452, 46.8394], [-71.2452, 46.8393], [-71.2452, 46.8392], [-71.2452, 46.8391], [-71.2453, 46.839], [-71.2453, 46.8389], [-71.2454, 46.8388], [-71.2455, 46.8387], [-71.2456, 46.8387], [-71.2457, 46.8386], [-71.2458, 46.8386], [-71.2459, 46.8386], [-71.2461, 46.8386], [-71.2462, 46.8386], [-71.2464, 46.8386], [-71.2465, 46.8386], [-71.2466, 46.8387], [-71.2467, 46.8387], [-71.2468, 46.8388], [-71.2469, 46.8389], [-71.2469, 46.839], [-71.247, 46.839], [-71.2471, 46.839], [-71.2472, 46.839], [-71.2473, 46.839], [-71.2474, 46.839], [-71.2475, 46.839], [-71.2476, 46.8389], [-71.2477, 46.8389], [-71.2478, 46.8389], [-71.2479, 46.8389], [-71.248, 46.839], [-71.2481, 46.839], [-71.2481, 46.8391], [-71.2482, 46.8392], [-71.2483, 46.8392], [-71.2484, 46.8392], [-71.2485, 46.8392], [-71.2486, 46.8392], [-71.2487, 46.8392], [-71.2488, 46.8391], [-71.2489, 46.8391], [-71.2491, 46.8391], [-71.2492, 46.839], [-71.2494, 46.839], [-71.2495, 46.8391], [-71.2497, 46.8391], [-71.2499, 46.8391], [-71.2501, 46.8391], [-71.2503, 46.8392], [-71.2504, 46.8392], [-71.2506, 46.8393], [-71.2507, 46.8393], [-71.2508, 46.8394], [-71.2508, 46.8395], [-71.2508, 46.8396], [-71.2507, 46.8397], [-71.2506, 46.8398], [-71.2505, 46.8399], [-71.2503, 46.84], [-71.2501, 46.8401], [-71.2499, 46.8402], [-71.2496, 46.8404], [-71.2494, 46.8405], [-71.2495, 46.8405], [-71.2498, 46.8404], [-71.2501, 46.8402], [-71.2505, 46.8401], [-71.2508, 46.8399], [-71.2512, 46.8398], [-71.2514, 46.8397], [-71.2517, 46.8397], [-71.2519, 46.8397], [-71.2521, 46.8396], [-71.2522, 46.8397], [-71.2523, 46.8397], [-71.2524, 46.8398], [-71.2525, 46.8399], [-71.2525, 46.84], [-71.2524, 46.8401], [-71.2523, 46.8401], [-71.2523, 46.8402]]]}}, {"type": "Feature", "properties": {"couche": "voile", "station": "Charlesbourg", "minutes": 5}, "geometry": {"type": "Polygon", "coordinates": [[[-71.4117, 46.951], [-71.0882, 46.9531], [-71.0858, 46.7316], [-71.408, 46.7295], [-71.4117, 46.951]], [[-71.2523, 46.8401], [-71.2524, 46.8401], [-71.2525, 46.84], [-71.2525, 46.8399], [-71.2524, 46.8398], [-71.2523, 46.8397], [-71.2522, 46.8397], [-71.2521, 46.8396], [-71.2519, 46.8397], [-71.2517, 46.8397], [-71.2514, 46.8397], [-71.2512, 46.8398], [-71.2508, 46.8399], [-71.2505, 46.8401], [-71.2501, 46.8402], [-71.2498, 46.8404], [-71.2495, 46.8405], [-71.2494, 46.8405], [-71.2496, 46.8404], [-71.2499, 46.8402], [-71.2501, 46.8401], [-71.2503, 46.84], [-71.2505, 46.8399], [-71.2506, 46.8398], [-71.2507, 46.8397], [-71.2508, 46.8396], [-71.2508, 46.8395], [-71.2508, 46.8394], [-71.2507, 46.8393], [-71.2506, 46.8393], [-71.2504, 46.8392], [-71.2503, 46.8392], [-71.2501, 46.8391], [-71.2499, 46.8391], [-71.2497, 46.8391], [-71.2495, 46.8391], [-71.2494, 46.839], [-71.2492, 46.839], [-71.2491, 46.8391], [-71.2489, 46.8391], [-71.2488, 46.8391], [-71.2487, 46.8392], [-71.2486, 46.8392], [-71.2485, 46.8392], [-71.2484, 46.8392], [-71.2483, 46.8392], [-71.2482, 46.8392], [-71.2481, 46.8391], [-71.2481, 46.839], [-71.248, 46.839], [-71.2479, 46.8389], [-71.2478, 46.8389], [-71.2477, 46.8389], [-71.2476, 46.8389], [-71.2475, 46.839], [-71.2474, 46.839], [-71.2473, 46.839], [-71.2472, 46.839], [-71.2471, 46.839], [-71.247, 46.839], [-71.2469, 46.839], [-71.2469, 46.8389], [-71.2468, 46.8388], [-71.2467, 46.8387], [-71.2466, 46.8387], [-71.2465, 46.8386], [-71.2464, 46.8386], [-71.2462, 46.8386], [-71.2461, 46.8386], [-71.2459, 46.8386], [-71.2458, 46.8386], [-71.2457, 46.8386], [-71.2456, 46.8387], [-71.2455, 46.8387], [-71.2454, 46.8388], [-71.2453, 46.8389], [-71.2453, 46.839], [-71.2452, 46.8391], [-71.2452, 46.8392], [-71.2452, 46.8393], [-71.2452, 46.8394], [-71.2453, 46.8395], [-71.2454, 46.8396], [-71.2455, 46.8396], [-71.2455, 46.8397], [-71.2455, 46.8398], [-71.2454, 46.8399], [-71.2454, 46.84], [-71.2453, 46.84], [-71.2452, 46.8401], [-71.2451, 46.8402], [-71.2451, 46.8403], [-71.2451, 46.8404], [-71.2452, 46.8404], [-71.2454, 46.8404], [-71.2455, 46.8404], [-71.2457, 46.8403], [-71.2459, 46.8403], [-71.246, 46.8404], [-71.2459, 46.8405], [-71.2458, 46.8406], [-71.2456, 46.8407], [-71.2454, 46.8408], [-71.2452, 46.8409], [-71.245, 46.8411], [-71.2448, 46.8412], [-71.2447, 46.8414], [-71.2445, 46.8416], [-71.2444, 46.8419], [-71.2444, 46.8421], [-71.2443, 46.8424], [-71.2443, 46.8426], [-71.2444, 46.8428], [-71.2444, 46.843], [-71.2445, 46.8431], [-71.2446, 46.8432], [-71.2448, 46.8432], [-71.245, 46.8432], [-71.2452, 46.8432], [-71.2454, 46.8432], [-71.2455, 46.8431], [-71.2456, 46.8431], [-71.2457, 46.8431], [-71.2457, 46.8432], [-71.2457, 46.8433], [-71.2456, 46.8434], [-71.2456, 46.8435], [-71.2456, 46.8436], [-71.2457, 46.8437], [-71.2458, 46.8438], [-71.2459, 46.8438], [-71.246, 46.8437], [-71.2462, 46.8437], [-71.2463, 46.8436], [-71.2465, 46.8436], [-71.2467, 46.8435], [-71.2469, 46.8434], [-71.2471, 46.8433], [-71.2473, 46.8432], [-71.2475, 46.8431], [-71.2476, 46.8431], [-71.2478, 46.8431], [-71.2479, 46.8431], [-71.248, 46.8432], [-71.2481, 46.8432], [-71.2483, 46.8433], [-71.2484, 46.8433], [-71.2485, 46.8434], [-71.2486, 46.8434], [-71.2487, 46.8434], [-71.2488, 46.8434], [-71.2489, 46.8433], [-71.249, 46.8433], [-71.2491, 46.8433], [-71.2492, 46.8433], [-71.2493, 46.8433], [-71.2494, 46.8433], [-71.2494, 46.8434], [-71.2495, 46.8435], [-71.2495, 46.8436], [-71.2496, 46.8437], [-71.2496, 46.8438], [-71.2497, 46.8439], [-71.2498, 46.844], [-71.25, 46.8441], [-71.2501, 46.8441], [-71.2503, 46.8442], [-71.2505, 46.8442], [-71.2506, 46.8442], [-71.2508, 46.8442], [-71.2509, 46.8442], [-71.2509, 46.8441], [-71.251, 46.844], [-71.251, 46.8439], [-71.2509, 46.8438], [-71.2509, 46.8436], [-71.2508, 46.8434], [-71.2508, 46.8433], [-71.2508, 46.8431], [-71.2509, 46.843], [-71.2509, 46.8429], [-71.251, 46.8428], [-71.2512, 46.8427], [-71.2513, 46.8426], [-71.2514, 46.8425], [-71.2516, 46.8424], [-71.2517, 46.8423], [-71.2518, 46.8422], [-71.2519, 46.842], [-71.252, 46.8419], [-71.2521, 46.8417], [-71.2522, 46.8415], [-71.2522, 46.8413], [-71.2523, 46.8411], [-71.2523, 46.841], [-71.2523, 46.8408], [-71.2523, 46.8407], [-71.2522, 46.8406], [-71.2522, 46.8405], [-71.2521, 46.8405], [-71.2521, 46.8404], [-71.2521, 46.8403], [-71.2522, 46.8402], [-71.2523, 46.8402], [-71.2523, 46.8401]]]}}, {"type": "Feature", "properties": {"couche": "aire_marche", "station": "Charlesbourg", "ordre": 29, "minutes": 6, "superficie_ha": 36.3, "rue_km": 8.6, "disque_ha": 55.4, "part_disque_pct": 66, "accroche_m": 5, "population": 1286, "navetteurs": 540, "mode_auto_pct": 68, "mode_tc_pct": 25, "mode_actif_pct": 7, "mode_autre_pct": 0}, "geometry": {"type": "Polygon", "coordinates": [[[-71.2531, 46.8401], [-71.253, 46.8404], [-71.253, 46.8406], [-71.253, 46.8408], [-71.2529, 46.8409], [-71.2528, 46.8411], [-71.2527, 46.8412], [-71.2526, 46.8412], [-71.2525, 46.8412], [-71.2524, 46.8412], [-71.2522, 46.8412], [-71.2521, 46.8413], [-71.252, 46.8414], [-71.2519, 46.8415], [-71.2519, 46.8416], [-71.2519, 46.8417], [-71.2518, 46.8419], [-71.2518, 46.842], [-71.2518, 46.8421], [-71.2517, 46.8422], [-71.2516, 46.8424], [-71.2515, 46.8425], [-71.2514, 46.8426], [-71.2513, 46.8426], [-71.2512, 46.8427], [-71.251, 46.8428], [-71.251, 46.8429], [-71.251, 46.843], [-71.251, 46.8431], [-71.2511, 46.8432], [-71.2513, 46.8433], [-71.2515, 46.8433], [-71.2516, 46.8434], [-71.2518, 46.8435], [-71.2519, 46.8437], [-71.2519, 46.8438], [-71.2519, 46.8439], [-71.2519, 46.844], [-71.2519, 46.8442], [-71.2518, 46.8444], [-71.2517, 46.8445], [-71.2516, 46.8446], [-71.2514, 46.8447], [-71.2512, 46.8447], [-71.251, 46.8447], [-71.2507, 46.8447], [-71.2504, 46.8447], [-71.25, 46.8446], [-71.2497, 46.8445], [-71.2495, 46.8444], [-71.2493, 46.8443], [-71.2492, 46.8442], [-71.2491, 46.8441], [-71.249, 46.844], [-71.2491, 46.8438], [-71.2491, 46.8437], [-71.2492, 46.8436], [-71.2492, 46.8435], [-71.2492, 46.8434], [-71.2492, 46.8433], [-71.2491, 46.8433], [-71.249, 46.8433], [-71.2489, 46.8433], [-71.2488, 46.8433], [-71.2486, 46.8434], [-71.2485, 46.8434], [-71.2484, 46.8434], [-71.2483, 46.8433], [-71.2482, 46.8433], [-71.2481, 46.8433], [-71.248, 46.8432], [-71.2479, 46.8432], [-71.2478, 46.8431], [-71.2477, 46.8431], [-71.2476, 46.8432], [-71.2474, 46.8432], [-71.2473, 46.8433], [-71.2471, 46.8434], [-71.2469, 46.8436], [-71.2467, 46.8438], [-71.2465, 46.8439], [-71.2463, 46.844], [-71.246, 46.8441], [-71.2458, 46.8441], [-71.2455, 46.8442], [-71.2452, 46.8441], [-71.2449, 46.8441], [-71.2446, 46.844], [-71.2443, 46.8439], [-71.244, 46.8438], [-71.2438, 46.8437], [-71.2436, 46.8437], [-71.2435, 46.8436], [-71.2434, 46.8435], [-71.2434, 46.8434], [-71.2434, 46.8433], [-71.2434, 46.8432], [-71.2434, 46.8431], [-71.2435, 46.843], [-71.2436, 46.8429], [-71.2437, 46.8429], [-71.2438, 46.8429], [-71.2439, 46.8429], [-71.244, 46.8429], [-71.2441, 46.8429], [-71.2442, 46.8429], [-71.2443, 46.8429], [-71.2442, 46.8428], [-71.2441, 46.8428], [-71.244, 46.8428], [-71.2439, 46.8427], [-71.2439, 46.8426], [-71.2439, 46.8425], [-71.244, 46.8424], [-71.2441, 46.8423], [-71.2441, 46.8422], [-71.2442, 46.8422], [-71.2442, 46.8421], [-71.2442, 46.842], [-71.2441, 46.8419], [-71.244, 46.8418], [-71.2439, 46.8418], [-71.2439, 46.8417], [-71.2438, 46.8416], [-71.2438, 46.8415], [-71.2438, 46.8414], [-71.2438, 46.8413], [-71.2438, 46.8411], [-71.2439, 46.841], [-71.2439, 46.8409], [-71.244, 46.8407], [-71.2441, 46.8406], [-71.2442, 46.8405], [-71.2442, 46.8404], [-71.2443, 46.8404], [-71.2444, 46.8403], [-71.2445, 46.8402], [-71.2446, 46.8402], [-71.2447, 46.8401], [-71.2447, 46.84], [-71.2447, 46.8399], [-71.2446, 46.8398], [-71.2445, 46.8398], [-71.2445, 46.8397], [-71.2445, 46.8396], [-71.2446, 46.8395], [-71.2447, 46.8394], [-71.2448, 46.8393], [-71.2449, 46.8392], [-71.2449, 46.8391], [-71.245, 46.839], [-71.245, 46.8389], [-71.2451, 46.8388], [-71.2451, 46.8387], [-71.2451, 46.8385], [-71.2451, 46.8384], [-71.2451, 46.8383], [-71.2452, 46.8382], [-71.2453, 46.8382], [-71.2454, 46.8382], [-71.2456, 46.8382], [-71.2457, 46.8382], [-71.2459, 46.8383], [-71.2461, 46.8384], [-71.2462, 46.8384], [-71.2464, 46.8384], [-71.2466, 46.8384], [-71.2467, 46.8385], [-71.2468, 46.8384], [-71.247, 46.8384], [-71.2471, 46.8384], [-71.2472, 46.8384], [-71.2473, 46.8384], [-71.2474, 46.8384], [-71.2475, 46.8384], [-71.2476, 46.8385], [-71.2477, 46.8386], [-71.2478, 46.8387], [-71.2479, 46.8387], [-71.248, 46.8387], [-71.2481, 46.8387], [-71.2482, 46.8386], [-71.2483, 46.8386], [-71.2485, 46.8386], [-71.2487, 46.8386], [-71.2489, 46.8386], [-71.2492, 46.8386], [-71.2495, 46.8387], [-71.2499, 46.8388], [-71.2503, 46.8389], [-71.2507, 46.839], [-71.2511, 46.8391], [-71.2515, 46.8392], [-71.2518, 46.8392], [-71.252, 46.8393], [-71.2523, 46.8393], [-71.2525, 46.8393], [-71.2526, 46.8393], [-71.2527, 46.8393], [-71.2528, 46.8393], [-71.2529, 46.8393], [-71.253, 46.8394], [-71.253, 46.8395], [-71.253, 46.8397], [-71.2531, 46.8399], [-71.2531, 46.8401]]]}}, {"type": "Feature", "properties": {"couche": "voile", "station": "Charlesbourg", "minutes": 6}, "geometry": {"type": "Polygon", "coordinates": [[[-71.4123, 46.9515], [-71.0873, 46.9536], [-71.0848, 46.7312], [-71.4086, 46.7291], [-71.4123, 46.9515]], [[-71.2531, 46.8399], [-71.253, 46.8397], [-71.253, 46.8395], [-71.253, 46.8394], [-71.2529, 46.8393], [-71.2528, 46.8393], [-71.2527, 46.8393], [-71.2526, 46.8393], [-71.2525, 46.8393], [-71.2523, 46.8393], [-71.252, 46.8393], [-71.2518, 46.8392], [-71.2515, 46.8392], [-71.2511, 46.8391], [-71.2507, 46.839], [-71.2503, 46.8389], [-71.2499, 46.8388], [-71.2495, 46.8387], [-71.2492, 46.8386], [-71.2489, 46.8386], [-71.2487, 46.8386], [-71.2485, 46.8386], [-71.2483, 46.8386], [-71.2482, 46.8386], [-71.2481, 46.8387], [-71.248, 46.8387], [-71.2479, 46.8387], [-71.2478, 46.8387], [-71.2477, 46.8386], [-71.2476, 46.8385], [-71.2475, 46.8384], [-71.2474, 46.8384], [-71.2473, 46.8384], [-71.2472, 46.8384], [-71.2471, 46.8384], [-71.247, 46.8384], [-71.2468, 46.8384], [-71.2467, 46.8385], [-71.2466, 46.8384], [-71.2464, 46.8384], [-71.2462, 46.8384], [-71.2461, 46.8384], [-71.2459, 46.8383], [-71.2457, 46.8382], [-71.2456, 46.8382], [-71.2454, 46.8382], [-71.2453, 46.8382], [-71.2452, 46.8382], [-71.2451, 46.8383], [-71.2451, 46.8384], [-71.2451, 46.8385], [-71.2451, 46.8387], [-71.2451, 46.8388], [-71.245, 46.8389], [-71.245, 46.839], [-71.2449, 46.8391], [-71.2449, 46.8392], [-71.2448, 46.8393], [-71.2447, 46.8394], [-71.2446, 46.8395], [-71.2445, 46.8396], [-71.2445, 46.8397], [-71.2445, 46.8398], [-71.2446, 46.8398], [-71.2447, 46.8399], [-71.2447, 46.84], [-71.2447, 46.8401], [-71.2446, 46.8402], [-71.2445, 46.8402], [-71.2444, 46.8403], [-71.2443, 46.8404], [-71.2442, 46.8404], [-71.2442, 46.8405], [-71.2441, 46.8406], [-71.244, 46.8407], [-71.2439, 46.8409], [-71.2439, 46.841], [-71.2438, 46.8411], [-71.2438, 46.8413], [-71.2438, 46.8414], [-71.2438, 46.8415], [-71.2438, 46.8416], [-71.2439, 46.8417], [-71.2439, 46.8418], [-71.244, 46.8418], [-71.2441, 46.8419], [-71.2442, 46.842], [-71.2442, 46.8421], [-71.2442, 46.8422], [-71.2441, 46.8422], [-71.2441, 46.8423], [-71.244, 46.8424], [-71.2439, 46.8425], [-71.2439, 46.8426], [-71.2439, 46.8427], [-71.244, 46.8428], [-71.2441, 46.8428], [-71.2442, 46.8428], [-71.2443, 46.8429], [-71.2442, 46.8429], [-71.2441, 46.8429], [-71.244, 46.8429], [-71.2439, 46.8429], [-71.2438, 46.8429], [-71.2437, 46.8429], [-71.2436, 46.8429], [-71.2435, 46.843], [-71.2434, 46.8431], [-71.2434, 46.8432], [-71.2434, 46.8433], [-71.2434, 46.8434], [-71.2434, 46.8435], [-71.2435, 46.8436], [-71.2436, 46.8437], [-71.2438, 46.8437], [-71.244, 46.8438], [-71.2443, 46.8439], [-71.2446, 46.844], [-71.2449, 46.8441], [-71.2452, 46.8441], [-71.2455, 46.8442], [-71.2458, 46.8441], [-71.246, 46.8441], [-71.2463, 46.844], [-71.2465, 46.8439], [-71.2467, 46.8438], [-71.2469, 46.8436], [-71.2471, 46.8434], [-71.2473, 46.8433], [-71.2474, 46.8432], [-71.2476, 46.8432], [-71.2477, 46.8431], [-71.2478, 46.8431], [-71.2479, 46.8432], [-71.248, 46.8432], [-71.2481, 46.8433], [-71.2482, 46.8433], [-71.2483, 46.8433], [-71.2484, 46.8434], [-71.2485, 46.8434], [-71.2486, 46.8434], [-71.2488, 46.8433], [-71.2489, 46.8433], [-71.249, 46.8433], [-71.2491, 46.8433], [-71.2492, 46.8433], [-71.2492, 46.8434], [-71.2492, 46.8435], [-71.2492, 46.8436], [-71.2491, 46.8437], [-71.2491, 46.8438], [-71.249, 46.844], [-71.2491, 46.8441], [-71.2492, 46.8442], [-71.2493, 46.8443], [-71.2495, 46.8444], [-71.2497, 46.8445], [-71.25, 46.8446], [-71.2504, 46.8447], [-71.2507, 46.8447], [-71.251, 46.8447], [-71.2512, 46.8447], [-71.2514, 46.8447], [-71.2516, 46.8446], [-71.2517, 46.8445], [-71.2518, 46.8444], [-71.2519, 46.8442], [-71.2519, 46.844], [-71.2519, 46.8439], [-71.2519, 46.8438], [-71.2519, 46.8437], [-71.2518, 46.8435], [-71.2516, 46.8434], [-71.2515, 46.8433], [-71.2513, 46.8433], [-71.2511, 46.8432], [-71.251, 46.8431], [-71.251, 46.843], [-71.251, 46.8429], [-71.251, 46.8428], [-71.2512, 46.8427], [-71.2513, 46.8426], [-71.2514, 46.8426], [-71.2515, 46.8425], [-71.2516, 46.8424], [-71.2517, 46.8422], [-71.2518, 46.8421], [-71.2518, 46.842], [-71.2518, 46.8419], [-71.2519, 46.8417], [-71.2519, 46.8416], [-71.2519, 46.8415], [-71.252, 46.8414], [-71.2521, 46.8413], [-71.2522, 46.8412], [-71.2524, 46.8412], [-71.2525, 46.8412], [-71.2526, 46.8412], [-71.2527, 46.8412], [-71.2528, 46.8411], [-71.2529, 46.8409], [-71.253, 46.8408], [-71.253, 46.8406], [-71.253, 46.8404], [-71.2531, 46.8401], [-71.2531, 46.8399]]]}}, {"type": "Feature", "properties": {"couche": "aire_marche", "station": "Charlesbourg", "ordre": 29, "minutes": 7, "superficie_ha": 48.4, "rue_km": 11.64, "disque_ha": 75.4, "part_disque_pct": 64, "accroche_m": 5, "population": 1779, "navetteurs": 740, "mode_auto_pct": 69, "mode_tc_pct": 23, "mode_actif_pct": 8, "mode_autre_pct": 0}, "geometry": {"type": "Polygon", "coordinates": [[[-71.2524, 46.8418], [-71.252, 46.8421], [-71.2517, 46.8423], [-71.2514, 46.8425], [-71.2512, 46.8427], [-71.251, 46.8429], [-71.2509, 46.843], [-71.2508, 46.8431], [-71.2509, 46.8432], [-71.2509, 46.8433], [-71.251, 46.8433], [-71.2511, 46.8434], [-71.2512, 46.8434], [-71.2513, 46.8434], [-71.2514, 46.8434], [-71.2515, 46.8434], [-71.2516, 46.8433], [-71.2518, 46.8433], [-71.2519, 46.8432], [-71.252, 46.8432], [-71.2522, 46.8431], [-71.2523, 46.8431], [-71.2524, 46.8431], [-71.2525, 46.8431], [-71.2526, 46.8432], [-71.2527, 46.8432], [-71.2527, 46.8433], [-71.2527, 46.8434], [-71.2526, 46.8435], [-71.2525, 46.8436], [-71.2524, 46.8437], [-71.2523, 46.8438], [-71.2522, 46.8439], [-71.2522, 46.844], [-71.2522, 46.8441], [-71.2523, 46.8442], [-71.2524, 46.8443], [-71.2524, 46.8444], [-71.2524, 46.8445], [-71.2524, 46.8446], [-71.2524, 46.8447], [-71.2523, 46.8449], [-71.2522, 46.845], [-71.2521, 46.8451], [-71.252, 46.8452], [-71.2519, 46.8453], [-71.2518, 46.8454], [-71.2516, 46.8454], [-71.2515, 46.8454], [-71.2513, 46.8454], [-71.2511, 46.8454], [-71.2509, 46.8453], [-71.2508, 46.8453], [-71.2507, 46.8453], [-71.2506, 46.8452], [-71.2505, 46.8452], [-71.2504, 46.8451], [-71.2504, 46.845], [-71.2504, 46.8449], [-71.2503, 46.8449], [-71.2502, 46.8448], [-71.2501, 46.8448], [-71.25, 46.8449], [-71.2499, 46.8449], [-71.2498, 46.8449], [-71.2496, 46.845], [-71.2495, 46.845], [-71.2494, 46.845], [-71.2492, 46.845], [-71.2491, 46.845], [-71.2489, 46.8449], [-71.2488, 46.8449], [-71.2486, 46.8449], [-71.2485, 46.8448], [-71.2484, 46.8447], [-71.2484, 46.8446], [-71.2484, 46.8445], [-71.2484, 46.8443], [-71.2485, 46.8442], [-71.2486, 46.844], [-71.2488, 46.8438], [-71.2489, 46.8437], [-71.249, 46.8436], [-71.2491, 46.8435], [-71.2491, 46.8434], [-71.2491, 46.8433], [-71.249, 46.8433], [-71.2489, 46.8433], [-71.2488, 46.8433], [-71.2486, 46.8434], [-71.2485, 46.8434], [-71.2484, 46.8434], [-71.2483, 46.8433], [-71.2482, 46.8433], [-71.2481, 46.8433], [-71.248, 46.8432], [-71.2479, 46.8432], [-71.2478, 46.8431], [-71.2477, 46.8432], [-71.2475, 46.8432], [-71.2474, 46.8433], [-71.2472, 46.8434], [-71.2469, 46.8436], [-71.2467, 46.8437], [-71.2465, 46.844], [-71.2462, 46.8442], [-71.2459, 46.8443], [-71.2456, 46.8444], [-71.2453, 46.8445], [-71.245, 46.8445], [-71.2446, 46.8445], [-71.2443, 46.8444], [-71.2439, 46.8443], [-71.2436, 46.8442], [-71.2433, 46.8441], [-71.243, 46.844], [-71.2429, 46.8439], [-71.2427, 46.8438], [-71.2426, 46.8436], [-71.2426, 46.8435], [-71.2425, 46.8434], [-71.2426, 46.8432], [-71.2426, 46.8431], [-71.2426, 46.843], [-71.2427, 46.8429], [-71.2428, 46.8428], [-71.2429, 46.8427], [-71.243, 46.8426], [-71.2431, 46.8426], [-71.2432, 46.8425], [-71.2433, 46.8425], [-71.2434, 46.8424], [-71.2434, 46.8423], [-71.2434, 46.8422], [-71.2433, 46.8422], [-71.2432, 46.8421], [-71.2431, 46.842], [-71.2431, 46.8419], [-71.2432, 46.8419], [-71.2432, 46.8418], [-71.2433, 46.8417], [-71.2434, 46.8417], [-71.2436, 46.8416], [-71.2437, 46.8415], [-71.2438, 46.8414], [-71.2438, 46.8413], [-71.2438, 46.8412], [-71.2437, 46.8412], [-71.2436, 46.8411], [-71.2435, 46.841], [-71.2435, 46.8409], [-71.2435, 46.8407], [-71.2435, 46.8405], [-71.2436, 46.8402], [-71.2437, 46.8398], [-71.2438, 46.8394], [-71.244, 46.839], [-71.2442, 46.8386], [-71.2444, 46.8383], [-71.2446, 46.838], [-71.2447, 46.8379], [-71.2449, 46.8377], [-71.2451, 46.8377], [-71.2453, 46.8377], [-71.2454, 46.8377], [-71.2456, 46.8378], [-71.2458, 46.8378], [-71.2459, 46.8379], [-71.2461, 46.8379], [-71.2462, 46.8379], [-71.2464, 46.8379], [-71.2465, 46.8379], [-71.2466, 46.8379], [-71.2467, 46.8378], [-71.2468, 46.8378], [-71.2469, 46.8378], [-71.247, 46.8379], [-71.2471, 46.8379], [-71.2472, 46.838], [-71.2473, 46.8381], [-71.2474, 46.8381], [-71.2475, 46.8381], [-71.2477, 46.8381], [-71.2479, 46.8382], [-71.2481, 46.8382], [-71.2483, 46.8382], [-71.2486, 46.8382], [-71.2489, 46.8381], [-71.2491, 46.8382], [-71.2493, 46.8382], [-71.2495, 46.8382], [-71.2496, 46.8382], [-71.2497, 46.8383], [-71.2498, 46.8383], [-71.2499, 46.8384], [-71.25, 46.8385], [-71.2501, 46.8385], [-71.2502, 46.8385], [-71.2503, 46.8385], [-71.2504, 46.8385], [-71.2505, 46.8385], [-71.2506, 46.8384], [-71.2508, 46.8384], [-71.2509, 46.8384], [-71.2511, 46.8385], [-71.2512, 46.8385], [-71.2513, 46.8386], [-71.2515, 46.8387], [-71.2516, 46.8388], [-71.2518, 46.8389], [-71.2519, 46.839], [-71.2521, 46.8391], [-71.2522, 46.8392], [-71.2524, 46.8392], [-71.2526, 46.8392], [-71.2528, 46.8392], [-71.253, 46.8392], [-71.2532, 46.8391], [-71.2534, 46.8391], [-71.2536, 46.839], [-71.2537, 46.839], [-71.2538, 46.839], [-71.2539, 46.839], [-71.254, 46.8391], [-71.2541, 46.8391], [-71.2541, 46.8392], [-71.2541, 46.8393], [-71.254, 46.8394], [-71.2539, 46.8395], [-71.2538, 46.8396], [-71.2536, 46.8396], [-71.2535, 46.8397], [-71.2534, 46.8398], [-71.2533, 46.8399], [-71.2532, 46.8399], [-71.2532, 46.84], [-71.2532, 46.8401], [-71.2533, 46.8402], [-71.2534, 46.8404], [-71.2535, 46.8405], [-71.2535, 46.8406], [-71.2535, 46.8408], [-71.2534, 46.8409], [-71.2533, 46.8411], [-71.2531, 46.8413], [-71.2528, 46.8416], [-71.2524, 46.8418]]]}}, {"type": "Feature", "properties": {"couche": "voile", "station": "Charlesbourg", "minutes": 7}, "geometry": {"type": "Polygon", "coordinates": [[[-71.4133, 46.9522], [-71.0864, 46.9543], [-71.0839, 46.7307], [-71.4096, 46.7286], [-71.4133, 46.9522]], [[-71.2528, 46.8416], [-71.2531, 46.8413], [-71.2533, 46.8411], [-71.2534, 46.8409], [-71.2535, 46.8408], [-71.2535, 46.8406], [-71.2535, 46.8405], [-71.2534, 46.8404], [-71.2533, 46.8402], [-71.2532, 46.8401], [-71.2532, 46.84], [-71.2532, 46.8399], [-71.2533, 46.8399], [-71.2534, 46.8398], [-71.2535, 46.8397], [-71.2536, 46.8396], [-71.2538, 46.8396], [-71.2539, 46.8395], [-71.254, 46.8394], [-71.2541, 46.8393], [-71.2541, 46.8392], [-71.2541, 46.8391], [-71.254, 46.8391], [-71.2539, 46.839], [-71.2538, 46.839], [-71.2537, 46.839], [-71.2536, 46.839], [-71.2534, 46.8391], [-71.2532, 46.8391], [-71.253, 46.8392], [-71.2528, 46.8392], [-71.2526, 46.8392], [-71.2524, 46.8392], [-71.2522, 46.8392], [-71.2521, 46.8391], [-71.2519, 46.839], [-71.2518, 46.8389], [-71.2516, 46.8388], [-71.2515, 46.8387], [-71.2513, 46.8386], [-71.2512, 46.8385], [-71.2511, 46.8385], [-71.2509, 46.8384], [-71.2508, 46.8384], [-71.2506, 46.8384], [-71.2505, 46.8385], [-71.2504, 46.8385], [-71.2503, 46.8385], [-71.2502, 46.8385], [-71.2501, 46.8385], [-71.25, 46.8385], [-71.2499, 46.8384], [-71.2498, 46.8383], [-71.2497, 46.8383], [-71.2496, 46.8382], [-71.2495, 46.8382], [-71.2493, 46.8382], [-71.2491, 46.8382], [-71.2489, 46.8381], [-71.2486, 46.8382], [-71.2483, 46.8382], [-71.2481, 46.8382], [-71.2479, 46.8382], [-71.2477, 46.8381], [-71.2475, 46.8381], [-71.2474, 46.8381], [-71.2473, 46.8381], [-71.2472, 46.838], [-71.2471, 46.8379], [-71.247, 46.8379], [-71.2469, 46.8378], [-71.2468, 46.8378], [-71.2467, 46.8378], [-71.2466, 46.8379], [-71.2465, 46.8379], [-71.2464, 46.8379], [-71.2462, 46.8379], [-71.2461, 46.8379], [-71.2459, 46.8379], [-71.2458, 46.8378], [-71.2456, 46.8378], [-71.2454, 46.8377], [-71.2453, 46.8377], [-71.2451, 46.8377], [-71.2449, 46.8377], [-71.2447, 46.8379], [-71.2446, 46.838], [-71.2444, 46.8383], [-71.2442, 46.8386], [-71.244, 46.839], [-71.2438, 46.8394], [-71.2437, 46.8398], [-71.2436, 46.8402], [-71.2435, 46.8405], [-71.2435, 46.8407], [-71.2435, 46.8409], [-71.2435, 46.841], [-71.2436, 46.8411], [-71.2437, 46.8412], [-71.2438, 46.8412], [-71.2438, 46.8413], [-71.2438, 46.8414], [-71.2437, 46.8415], [-71.2436, 46.8416], [-71.2434, 46.8417], [-71.2433, 46.8417], [-71.2432, 46.8418], [-71.2432, 46.8419], [-71.2431, 46.8419], [-71.2431, 46.842], [-71.2432, 46.8421], [-71.2433, 46.8422], [-71.2434, 46.8422], [-71.2434, 46.8423], [-71.2434, 46.8424], [-71.2433, 46.8425], [-71.2432, 46.8425], [-71.2431, 46.8426], [-71.243, 46.8426], [-71.2429, 46.8427], [-71.2428, 46.8428], [-71.2427, 46.8429], [-71.2426, 46.843], [-71.2426, 46.8431], [-71.2426, 46.8432], [-71.2425, 46.8434], [-71.2426, 46.8435], [-71.2426, 46.8436], [-71.2427, 46.8438], [-71.2429, 46.8439], [-71.243, 46.844], [-71.2433, 46.8441], [-71.2436, 46.8442], [-71.2439, 46.8443], [-71.2443, 46.8444], [-71.2446, 46.8445], [-71.245, 46.8445], [-71.2453, 46.8445], [-71.2456, 46.8444], [-71.2459, 46.8443], [-71.2462, 46.8442], [-71.2465, 46.844], [-71.2467, 46.8437], [-71.2469, 46.8436], [-71.2472, 46.8434], [-71.2474, 46.8433], [-71.2475, 46.8432], [-71.2477, 46.8432], [-71.2478, 46.8431], [-71.2479, 46.8432], [-71.248, 46.8432], [-71.2481, 46.8433], [-71.2482, 46.8433], [-71.2483, 46.8433], [-71.2484, 46.8434], [-71.2485, 46.8434], [-71.2486, 46.8434], [-71.2488, 46.8433], [-71.2489, 46.8433], [-71.249, 46.8433], [-71.2491, 46.8433], [-71.2491, 46.8434], [-71.2491, 46.8435], [-71.249, 46.8436], [-71.2489, 46.8437], [-71.2488, 46.8438], [-71.2486, 46.844], [-71.2485, 46.8442], [-71.2484, 46.8443], [-71.2484, 46.8445], [-71.2484, 46.8446], [-71.2484, 46.8447], [-71.2485, 46.8448], [-71.2486, 46.8449], [-71.2488, 46.8449], [-71.2489, 46.8449], [-71.2491, 46.845], [-71.2492, 46.845], [-71.2494, 46.845], [-71.2495, 46.845], [-71.2496, 46.845], [-71.2498, 46.8449], [-71.2499, 46.8449], [-71.25, 46.8449], [-71.2501, 46.8448], [-71.2502, 46.8448], [-71.2503, 46.8449], [-71.2504, 46.8449], [-71.2504, 46.845], [-71.2504, 46.8451], [-71.2505, 46.8452], [-71.2506, 46.8452], [-71.2507, 46.8453], [-71.2508, 46.8453], [-71.2509, 46.8453], [-71.2511, 46.8454], [-71.2513, 46.8454], [-71.2515, 46.8454], [-71.2516, 46.8454], [-71.2518, 46.8454], [-71.2519, 46.8453], [-71.252, 46.8452], [-71.2521, 46.8451], [-71.2522, 46.845], [-71.2523, 46.8449], [-71.2524, 46.8447], [-71.2524, 46.8446], [-71.2524, 46.8445], [-71.2524, 46.8444], [-71.2524, 46.8443], [-71.2523, 46.8442], [-71.2522, 46.8441], [-71.2522, 46.844], [-71.2522, 46.8439], [-71.2523, 46.8438], [-71.2524, 46.8437], [-71.2525, 46.8436], [-71.2526, 46.8435], [-71.2527, 46.8434], [-71.2527, 46.8433], [-71.2527, 46.8432], [-71.2526, 46.8432], [-71.2525, 46.8431], [-71.2524, 46.8431], [-71.2523, 46.8431], [-71.2522, 46.8431], [-71.252, 46.8432], [-71.2519, 46.8432], [-71.2518, 46.8433], [-71.2516, 46.8433], [-71.2515, 46.8434], [-71.2514, 46.8434], [-71.2513, 46.8434], [-71.2512, 46.8434], [-71.2511, 46.8434], [-71.251, 46.8433], [-71.2509, 46.8433], [-71.2509, 46.8432], [-71.2508, 46.8431], [-71.2509, 46.843], [-71.251, 46.8429], [-71.2512, 46.8427], [-71.2514, 46.8425], [-71.2517, 46.8423], [-71.252, 46.8421], [-71.2524, 46.8418], [-71.2528, 46.8416]]]}}, {"type": "Feature", "properties": {"couche": "aire_marche", "station": "Charlesbourg", "ordre": 29, "minutes": 8, "superficie_ha": 61.9, "rue_km": 14.91, "disque_ha": 98.5, "part_disque_pct": 63, "accroche_m": 5, "population": 2313, "navetteurs": 948, "mode_auto_pct": 69, "mode_tc_pct": 22, "mode_actif_pct": 9, "mode_autre_pct": 0}, "geometry": {"type": "Polygon", "coordinates": [[[-71.2545, 46.8388], [-71.2546, 46.8389], [-71.2546, 46.839], [-71.2546, 46.8391], [-71.2545, 46.8392], [-71.2544, 46.8393], [-71.2543, 46.8394], [-71.2541, 46.8395], [-71.2538, 46.8396], [-71.2536, 46.8397], [-71.2535, 46.8398], [-71.2534, 46.8398], [-71.2534, 46.8399], [-71.2534, 46.84], [-71.2535, 46.84], [-71.2537, 46.8401], [-71.2539, 46.8401], [-71.2541, 46.8402], [-71.2542, 46.8403], [-71.2543, 46.8404], [-71.2544, 46.8405], [-71.2544, 46.8406], [-71.2545, 46.8407], [-71.2545, 46.8409], [-71.2544, 46.841], [-71.2544, 46.8412], [-71.2543, 46.8413], [-71.2542, 46.8414], [-71.2541, 46.8414], [-71.254, 46.8415], [-71.2539, 46.8415], [-71.2538, 46.8415], [-71.2536, 46.8414], [-71.2535, 46.8414], [-71.2533, 46.8415], [-71.2531, 46.8415], [-71.2528, 46.8416], [-71.2526, 46.8417], [-71.2523, 46.8419], [-71.252, 46.842], [-71.2517, 46.8422], [-71.2515, 46.8424], [-71.2512, 46.8426], [-71.2511, 46.8428], [-71.2509, 46.8429], [-71.2509, 46.843], [-71.2508, 46.8431], [-71.2509, 46.8432], [-71.2509, 46.8433], [-71.251, 46.8433], [-71.2511, 46.8434], [-71.2512, 46.8434], [-71.2514, 46.8434], [-71.2515, 46.8433], [-71.2517, 46.8433], [-71.2519, 46.8432], [-71.2522, 46.8431], [-71.2524, 46.843], [-71.2526, 46.8429], [-71.2527, 46.8428], [-71.2529, 46.8428], [-71.253, 46.8428], [-71.2531, 46.8428], [-71.2533, 46.8428], [-71.2534, 46.8428], [-71.2534, 46.8429], [-71.2534, 46.843], [-71.2534, 46.8431], [-71.2533, 46.8431], [-71.2533, 46.8432], [-71.2532, 46.8433], [-71.2531, 46.8434], [-71.253, 46.8435], [-71.253, 46.8436], [-71.253, 46.8437], [-71.253, 46.8438], [-71.2531, 46.8439], [-71.2532, 46.844], [-71.2532, 46.8442], [-71.2532, 46.8443], [-71.2531, 46.8445], [-71.253, 46.8447], [-71.253, 46.8449], [-71.2529, 46.8452], [-71.2527, 46.8454], [-71.2526, 46.8456], [-71.2525, 46.8457], [-71.2524, 46.8458], [-71.2523, 46.8459], [-71.2521, 46.846], [-71.252, 46.846], [-71.2519, 46.846], [-71.2518, 46.8459], [-71.2516, 46.8459], [-71.2515, 46.8459], [-71.2515, 46.8458], [-71.2514, 46.8457], [-71.2513, 46.8457], [-71.2513, 46.8456], [-71.2513, 46.8455], [-71.2512, 46.8454], [-71.2511, 46.8454], [-71.251, 46.8453], [-71.2509, 46.8453], [-71.2508, 46.8454], [-71.2506, 46.8454], [-71.2505, 46.8455], [-71.2503, 46.8455], [-71.2502, 46.8455], [-71.2501, 46.8455], [-71.25, 46.8455], [-71.2499, 46.8455], [-71.2498, 46.8455], [-71.2498, 46.8454], [-71.2497, 46.8453], [-71.2496, 46.8452], [-71.2495, 46.8452], [-71.2494, 46.8452], [-71.2493, 46.8452], [-71.2491, 46.8452], [-71.249, 46.8453], [-71.2489, 46.8453], [-71.2487, 46.8453], [-71.2486, 46.8453], [-71.2485, 46.8453], [-71.2483, 46.8453], [-71.2481, 46.8453], [-71.248, 46.8452], [-71.2478, 46.8452], [-71.2477, 46.8451], [-71.2477, 46.845], [-71.2477, 46.8449], [-71.2477, 46.8448], [-71.2478, 46.8446], [-71.248, 46.8444], [-71.2482, 46.8442], [-71.2485, 46.844], [-71.2487, 46.8438], [-71.2488, 46.8436], [-71.2488, 46.8435], [-71.2488, 46.8434], [-71.2487, 46.8433], [-71.2486, 46.8432], [-71.2483, 46.8432], [-71.248, 46.8432], [-71.2478, 46.8433], [-71.2475, 46.8433], [-71.2472, 46.8434], [-71.247, 46.8436], [-71.2468, 46.8437], [-71.2466, 46.8439], [-71.2465, 46.8441], [-71.2463, 46.8444], [-71.2462, 46.8446], [-71.246, 46.8448], [-71.2458, 46.8449], [-71.2456, 46.845], [-71.2454, 46.8451], [-71.2452, 46.8451], [-71.245, 46.8451], [-71.2447, 46.845], [-71.2445, 46.8449], [-71.2443, 46.8449], [-71.2441, 46.8448], [-71.2439, 46.8448], [-71.2438, 46.8447], [-71.2437, 46.8446], [-71.2436, 46.8445], [-71.2435, 46.8445], [-71.2435, 46.8444], [-71.2434, 46.8443], [-71.2433, 46.8443], [-71.2431, 46.8443], [-71.243, 46.8443], [-71.2428, 46.8443], [-71.2427, 46.8443], [-71.2425, 46.8443], [-71.2423, 46.8443], [-71.2422, 46.8442], [-71.2421, 46.8442], [-71.242, 46.844], [-71.242, 46.8439], [-71.2419, 46.8437], [-71.2419, 46.8435], [-71.242, 46.8432], [-71.242, 46.843], [-71.2421, 46.8428], [-71.2422, 46.8425], [-71.2423, 46.8424], [-71.2425, 46.8422], [-71.2427, 46.842], [-71.2429, 46.8419], [-71.2432, 46.8418], [-71.2434, 46.8417], [-71.2435, 46.8416], [-71.2436, 46.8415], [-71.2434, 46.8416], [-71.2433, 46.8416], [-71.2432, 46.8416], [-71.2431, 46.8416], [-71.243, 46.8416], [-71.2429, 46.8416], [-71.2428, 46.8416], [-71.2427, 46.8416], [-71.2427, 46.8415], [-71.2426, 46.8415], [-71.2426, 46.8414], [-71.2427, 46.8413], [-71.2427, 46.8412], [-71.2428, 46.8412], [-71.2429, 46.8411], [-71.243, 46.841], [-71.2431, 46.8409], [-71.2432, 46.8409], [-71.2432, 46.8408], [-71.2433, 46.8407], [-71.2432, 46.8407], [-71.2432, 46.8406], [-71.2431, 46.8406], [-71.243, 46.8406], [-71.243, 46.8405], [-71.2429, 46.8405], [-71.2429, 46.8404], [-71.2429, 46.8403], [-71.2429, 46.8402], [-71.2429, 46.8401], [-71.2429, 46.84], [-71.243, 46.8399], [-71.2431, 46.8399], [-71.2431, 46.8398], [-71.2432, 46.8398], [-71.2433, 46.8397], [-71.2435, 46.8397], [-71.2436, 46.8397], [-71.2437, 46.8396], [-71.2438, 46.8396], [-71.2438, 46.8395], [-71.2439, 46.8395], [-71.2439, 46.8394], [-71.2438, 46.8393], [-71.2438, 46.8392], [-71.2437, 46.8391], [-71.2436, 46.839], [-71.2435, 46.8389], [-71.2435, 46.8388], [-71.2435, 46.8387], [-71.2435, 46.8386], [-71.2436, 46.8385], [-71.2436, 46.8384], [-71.2437, 46.8384], [-71.2438, 46.8383], [-71.2439, 46.8382], [-71.2439, 46.8381], [-71.244, 46.838], [-71.244, 46.8379], [-71.244, 46.8377], [-71.2441, 46.8376], [-71.2441, 46.8375], [-71.2441, 46.8373], [-71.2441, 46.8372], [-71.2442, 46.8372], [-71.2443, 46.8371], [-71.2444, 46.8371], [-71.2446, 46.8371], [-71.2448, 46.8372], [-71.245, 46.8372], [-71.2451, 46.8373], [-71.2453, 46.8373], [-71.2455, 46.8373], [-71.2456, 46.8374], [-71.2458, 46.8374], [-71.2459, 46.8374], [-71.246, 46.8373], [-71.2461, 46.8373], [-71.2462, 46.8373], [-71.2463, 46.8373], [-71.2464, 46.8373], [-71.2465, 46.8373], [-71.2466, 46.8374], [-71.2467, 46.8374], [-71.2467, 46.8375], [-71.2468, 46.8375], [-71.2469, 46.8375], [-71.247, 46.8376], [-71.2472, 46.8376], [-71.2474, 46.8376], [-71.2476, 46.8376], [-71.2478, 46.8376], [-71.2481, 46.8376], [-71.2484, 46.8376], [-71.2486, 46.8376], [-71.2488, 46.8376], [-71.2489, 46.8377], [-71.2491, 46.8377], [-71.2492, 46.8378], [-71.2493, 46.8379], [-71.2494, 46.8379], [-71.2495, 46.838], [-71.2496, 46.838], [-71.2498, 46.838], [-71.25, 46.838], [-71.2502, 46.838], [-71.2504, 46.838], [-71.2507, 46.838], [-71.251, 46.838], [-71.2512, 46.838], [-71.2514, 46.8381], [-71.2516, 46.8382], [-71.2518, 46.8383], [-71.2519, 46.8384], [-71.252, 46.8386], [-71.252, 46.8388], [-71.2521, 46.8389], [-71.2522, 46.839], [-71.2523, 46.8391], [-71.2525, 46.8391], [-71.2526, 46.8391], [-71.2528, 46.839], [-71.253, 46.8389], [-71.2532, 46.8388], [-71.2534, 46.8387], [-71.2536, 46.8386], [-71.2538, 46.8386], [-71.2539, 46.8386], [-71.2541, 46.8386], [-71.2542, 46.8386], [-71.2544, 46.8387], [-71.2545, 46.8388]]]}}, {"type": "Feature", "properties": {"couche": "voile", "station": "Charlesbourg", "minutes": 8}, "geometry": {"type": "Polygon", "coordinates": [[[-71.4139, 46.9528], [-71.0858, 46.9549], [-71.0833, 46.7301], [-71.4101, 46.7279], [-71.4139, 46.9528]], [[-71.2544, 46.8387], [-71.2542, 46.8386], [-71.2541, 46.8386], [-71.2539, 46.8386], [-71.2538, 46.8386], [-71.2536, 46.8386], [-71.2534, 46.8387], [-71.2532, 46.8388], [-71.253, 46.8389], [-71.2528, 46.839], [-71.2526, 46.8391], [-71.2525, 46.8391], [-71.2523, 46.8391], [-71.2522, 46.839], [-71.2521, 46.8389], [-71.252, 46.8388], [-71.252, 46.8386], [-71.2519, 46.8384], [-71.2518, 46.8383], [-71.2516, 46.8382], [-71.2514, 46.8381], [-71.2512, 46.838], [-71.251, 46.838], [-71.2507, 46.838], [-71.2504, 46.838], [-71.2502, 46.838], [-71.25, 46.838], [-71.2498, 46.838], [-71.2496, 46.838], [-71.2495, 46.838], [-71.2494, 46.8379], [-71.2493, 46.8379], [-71.2492, 46.8378], [-71.2491, 46.8377], [-71.2489, 46.8377], [-71.2488, 46.8376], [-71.2486, 46.8376], [-71.2484, 46.8376], [-71.2481, 46.8376], [-71.2478, 46.8376], [-71.2476, 46.8376], [-71.2474, 46.8376], [-71.2472, 46.8376], [-71.247, 46.8376], [-71.2469, 46.8375], [-71.2468, 46.8375], [-71.2467, 46.8375], [-71.2467, 46.8374], [-71.2466, 46.8374], [-71.2465, 46.8373], [-71.2464, 46.8373], [-71.2463, 46.8373], [-71.2462, 46.8373], [-71.2461, 46.8373], [-71.246, 46.8373], [-71.2459, 46.8374], [-71.2458, 46.8374], [-71.2456, 46.8374], [-71.2455, 46.8373], [-71.2453, 46.8373], [-71.2451, 46.8373], [-71.245, 46.8372], [-71.2448, 46.8372], [-71.2446, 46.8371], [-71.2444, 46.8371], [-71.2443, 46.8371], [-71.2442, 46.8372], [-71.2441, 46.8372], [-71.2441, 46.8373], [-71.2441, 46.8375], [-71.2441, 46.8376], [-71.244, 46.8377], [-71.244, 46.8379], [-71.244, 46.838], [-71.2439, 46.8381], [-71.2439, 46.8382], [-71.2438, 46.8383], [-71.2437, 46.8384], [-71.2436, 46.8384], [-71.2436, 46.8385], [-71.2435, 46.8386], [-71.2435, 46.8387], [-71.2435, 46.8388], [-71.2435, 46.8389], [-71.2436, 46.839], [-71.2437, 46.8391], [-71.2438, 46.8392], [-71.2438, 46.8393], [-71.2439, 46.8394], [-71.2439, 46.8395], [-71.2438, 46.8395], [-71.2438, 46.8396], [-71.2437, 46.8396], [-71.2436, 46.8397], [-71.2435, 46.8397], [-71.2433, 46.8397], [-71.2432, 46.8398], [-71.2431, 46.8398], [-71.2431, 46.8399], [-71.243, 46.8399], [-71.2429, 46.84], [-71.2429, 46.8401], [-71.2429, 46.8402], [-71.2429, 46.8403], [-71.2429, 46.8404], [-71.2429, 46.8405], [-71.243, 46.8405], [-71.243, 46.8406], [-71.2431, 46.8406], [-71.2432, 46.8406], [-71.2432, 46.8407], [-71.2433, 46.8407], [-71.2432, 46.8408], [-71.2432, 46.8409], [-71.2431, 46.8409], [-71.243, 46.841], [-71.2429, 46.8411], [-71.2428, 46.8412], [-71.2427, 46.8412], [-71.2427, 46.8413], [-71.2426, 46.8414], [-71.2426, 46.8415], [-71.2427, 46.8415], [-71.2427, 46.8416], [-71.2428, 46.8416], [-71.2429, 46.8416], [-71.243, 46.8416], [-71.2431, 46.8416], [-71.2432, 46.8416], [-71.2433, 46.8416], [-71.2434, 46.8416], [-71.2436, 46.8415], [-71.2435, 46.8416], [-71.2434, 46.8417], [-71.2432, 46.8418], [-71.2429, 46.8419], [-71.2427, 46.842], [-71.2425, 46.8422], [-71.2423, 46.8424], [-71.2422, 46.8425], [-71.2421, 46.8428], [-71.242, 46.843], [-71.242, 46.8432], [-71.2419, 46.8435], [-71.2419, 46.8437], [-71.242, 46.8439], [-71.242, 46.844], [-71.2421, 46.8442], [-71.2422, 46.8442], [-71.2423, 46.8443], [-71.2425, 46.8443], [-71.2427, 46.8443], [-71.2428, 46.8443], [-71.243, 46.8443], [-71.2431, 46.8443], [-71.2433, 46.8443], [-71.2434, 46.8443], [-71.2435, 46.8444], [-71.2435, 46.8445], [-71.2436, 46.8445], [-71.2437, 46.8446], [-71.2438, 46.8447], [-71.2439, 46.8448], [-71.2441, 46.8448], [-71.2443, 46.8449], [-71.2445, 46.8449], [-71.2447, 46.845], [-71.245, 46.8451], [-71.2452, 46.8451], [-71.2454, 46.8451], [-71.2456, 46.845], [-71.2458, 46.8449], [-71.246, 46.8448], [-71.2462, 46.8446], [-71.2463, 46.8444], [-71.2465, 46.8441], [-71.2466, 46.8439], [-71.2468, 46.8437], [-71.247, 46.8436], [-71.2472, 46.8434], [-71.2475, 46.8433], [-71.2478, 46.8433], [-71.248, 46.8432], [-71.2483, 46.8432], [-71.2486, 46.8432], [-71.2487, 46.8433], [-71.2488, 46.8434], [-71.2488, 46.8435], [-71.2488, 46.8436], [-71.2487, 46.8438], [-71.2485, 46.844], [-71.2482, 46.8442], [-71.248, 46.8444], [-71.2478, 46.8446], [-71.2477, 46.8448], [-71.2477, 46.8449], [-71.2477, 46.845], [-71.2477, 46.8451], [-71.2478, 46.8452], [-71.248, 46.8452], [-71.2481, 46.8453], [-71.2483, 46.8453], [-71.2485, 46.8453], [-71.2486, 46.8453], [-71.2487, 46.8453], [-71.2489, 46.8453], [-71.249, 46.8453], [-71.2491, 46.8452], [-71.2493, 46.8452], [-71.2494, 46.8452], [-71.2495, 46.8452], [-71.2496, 46.8452], [-71.2497, 46.8453], [-71.2498, 46.8454], [-71.2498, 46.8455], [-71.2499, 46.8455], [-71.25, 46.8455], [-71.2501, 46.8455], [-71.2502, 46.8455], [-71.2503, 46.8455], [-71.2505, 46.8455], [-71.2506, 46.8454], [-71.2508, 46.8454], [-71.2509, 46.8453], [-71.251, 46.8453], [-71.2511, 46.8454], [-71.2512, 46.8454], [-71.2513, 46.8455], [-71.2513, 46.8456], [-71.2513, 46.8457], [-71.2514, 46.8457], [-71.2515, 46.8458], [-71.2515, 46.8459], [-71.2516, 46.8459], [-71.2518, 46.8459], [-71.2519, 46.846], [-71.252, 46.846], [-71.2521, 46.846], [-71.2523, 46.8459], [-71.2524, 46.8458], [-71.2525, 46.8457], [-71.2526, 46.8456], [-71.2527, 46.8454], [-71.2529, 46.8452], [-71.253, 46.8449], [-71.253, 46.8447], [-71.2531, 46.8445], [-71.2532, 46.8443], [-71.2532, 46.8442], [-71.2532, 46.844], [-71.2531, 46.8439], [-71.253, 46.8438], [-71.253, 46.8437], [-71.253, 46.8436], [-71.253, 46.8435], [-71.2531, 46.8434], [-71.2532, 46.8433], [-71.2533, 46.8432], [-71.2533, 46.8431], [-71.2534, 46.8431], [-71.2534, 46.843], [-71.2534, 46.8429], [-71.2534, 46.8428], [-71.2533, 46.8428], [-71.2531, 46.8428], [-71.253, 46.8428], [-71.2529, 46.8428], [-71.2527, 46.8428], [-71.2526, 46.8429], [-71.2524, 46.843], [-71.2522, 46.8431], [-71.2519, 46.8432], [-71.2517, 46.8433], [-71.2515, 46.8433], [-71.2514, 46.8434], [-71.2512, 46.8434], [-71.2511, 46.8434], [-71.251, 46.8433], [-71.2509, 46.8433], [-71.2509, 46.8432], [-71.2508, 46.8431], [-71.2509, 46.843], [-71.2509, 46.8429], [-71.2511, 46.8428], [-71.2512, 46.8426], [-71.2515, 46.8424], [-71.2517, 46.8422], [-71.252, 46.842], [-71.2523, 46.8419], [-71.2526, 46.8417], [-71.2528, 46.8416], [-71.2531, 46.8415], [-71.2533, 46.8415], [-71.2535, 46.8414], [-71.2536, 46.8414], [-71.2538, 46.8415], [-71.2539, 46.8415], [-71.254, 46.8415], [-71.2541, 46.8414], [-71.2542, 46.8414], [-71.2543, 46.8413], [-71.2544, 46.8412], [-71.2544, 46.841], [-71.2545, 46.8409], [-71.2545, 46.8407], [-71.2544, 46.8406], [-71.2544, 46.8405], [-71.2543, 46.8404], [-71.2542, 46.8403], [-71.2541, 46.8402], [-71.2539, 46.8401], [-71.2537, 46.8401], [-71.2535, 46.84], [-71.2534, 46.84], [-71.2534, 46.8399], [-71.2534, 46.8398], [-71.2535, 46.8398], [-71.2536, 46.8397], [-71.2538, 46.8396], [-71.2541, 46.8395], [-71.2543, 46.8394], [-71.2544, 46.8393], [-71.2545, 46.8392], [-71.2546, 46.8391], [-71.2546, 46.839], [-71.2546, 46.8389], [-71.2545, 46.8388], [-71.2544, 46.8387]]]}}, {"type": "Feature", "properties": {"couche": "aire_marche", "station": "Charlesbourg", "ordre": 29, "minutes": 9, "superficie_ha": 79.1, "rue_km": 18.63, "disque_ha": 124.7, "part_disque_pct": 63, "accroche_m": 5, "population": 3046, "navetteurs": 1229, "mode_auto_pct": 69, "mode_tc_pct": 22, "mode_actif_pct": 9, "mode_autre_pct": 0}, "geometry": {"type": "Polygon", "coordinates": [[[-71.2549, 46.8382], [-71.2551, 46.8383], [-71.2552, 46.8384], [-71.2553, 46.8386], [-71.2553, 46.8387], [-71.2553, 46.8388], [-71.2552, 46.8389], [-71.2551, 46.839], [-71.2549, 46.8391], [-71.2547, 46.8392], [-71.2545, 46.8393], [-71.2544, 46.8394], [-71.2543, 46.8395], [-71.2543, 46.8396], [-71.2544, 46.8397], [-71.2545, 46.8398], [-71.2547, 46.8398], [-71.2549, 46.8399], [-71.255, 46.84], [-71.2551, 46.8401], [-71.2551, 46.8402], [-71.2551, 46.8403], [-71.2551, 46.8405], [-71.255, 46.8406], [-71.2548, 46.8408], [-71.2547, 46.8409], [-71.2547, 46.8411], [-71.2546, 46.8412], [-71.2545, 46.8413], [-71.2545, 46.8415], [-71.2545, 46.8416], [-71.2546, 46.8417], [-71.2546, 46.8418], [-71.2546, 46.8419], [-71.2546, 46.842], [-71.2546, 46.8421], [-71.2545, 46.8422], [-71.2544, 46.8422], [-71.2543, 46.8422], [-71.2542, 46.8422], [-71.2541, 46.8421], [-71.254, 46.8421], [-71.2538, 46.842], [-71.2537, 46.8419], [-71.2536, 46.8418], [-71.2535, 46.8417], [-71.2534, 46.8416], [-71.2532, 46.8416], [-71.253, 46.8416], [-71.2528, 46.8417], [-71.2526, 46.8417], [-71.2523, 46.8419], [-71.252, 46.842], [-71.2517, 46.8422], [-71.2515, 46.8424], [-71.2512, 46.8426], [-71.2511, 46.8428], [-71.2509, 46.8429], [-71.2509, 46.843], [-71.2508, 46.8431], [-71.2509, 46.8432], [-71.2509, 46.8433], [-71.251, 46.8433], [-71.2511, 46.8434], [-71.2513, 46.8433], [-71.2515, 46.8433], [-71.2517, 46.8432], [-71.252, 46.8431], [-71.2523, 46.843], [-71.2526, 46.8429], [-71.2529, 46.8427], [-71.2531, 46.8426], [-71.2534, 46.8426], [-71.2536, 46.8425], [-71.2538, 46.8425], [-71.2539, 46.8424], [-71.254, 46.8424], [-71.2541, 46.8425], [-71.2542, 46.8425], [-71.2542, 46.8426], [-71.2542, 46.8427], [-71.2541, 46.8428], [-71.2541, 46.8429], [-71.254, 46.8429], [-71.2539, 46.843], [-71.2538, 46.8431], [-71.2538, 46.8432], [-71.2537, 46.8433], [-71.2537, 46.8434], [-71.2537, 46.8435], [-71.2538, 46.8436], [-71.2538, 46.8437], [-71.2538, 46.8438], [-71.2538, 46.8439], [-71.2538, 46.844], [-71.2537, 46.844], [-71.2537, 46.8441], [-71.2536, 46.8442], [-71.2535, 46.8442], [-71.2534, 46.8442], [-71.2533, 46.8443], [-71.2532, 46.8443], [-71.2532, 46.8444], [-71.2532, 46.8445], [-71.2532, 46.8446], [-71.2533, 46.8447], [-71.2534, 46.8448], [-71.2534, 46.845], [-71.2535, 46.8451], [-71.2534, 46.8452], [-71.2534, 46.8454], [-71.2534, 46.8455], [-71.2533, 46.8457], [-71.2532, 46.8459], [-71.2531, 46.8461], [-71.253, 46.8462], [-71.2528, 46.8463], [-71.2526, 46.8464], [-71.2524, 46.8464], [-71.2522, 46.8464], [-71.2519, 46.8464], [-71.2516, 46.8464], [-71.2514, 46.8463], [-71.2512, 46.8463], [-71.251, 46.8462], [-71.2509, 46.8461], [-71.2508, 46.846], [-71.2508, 46.8459], [-71.2508, 46.8458], [-71.2509, 46.8456], [-71.251, 46.8455], [-71.2509, 46.8454], [-71.2508, 46.8454], [-71.2507, 46.8454], [-71.2506, 46.8455], [-71.2504, 46.8456], [-71.2501, 46.8457], [-71.2499, 46.8457], [-71.2496, 46.8458], [-71.2494, 46.8459], [-71.2492, 46.8459], [-71.2489, 46.8459], [-71.2487, 46.8459], [-71.2484, 46.8458], [-71.2482, 46.8458], [-71.248, 46.8457], [-71.2478, 46.8457], [-71.2476, 46.8456], [-71.2475, 46.8455], [-71.2474, 46.8454], [-71.2473, 46.8453], [-71.2472, 46.8452], [-71.2471, 46.8451], [-71.2471, 46.845], [-71.2472, 46.8449], [-71.2473, 46.8447], [-71.2474, 46.8446], [-71.2476, 46.8444], [-71.2478, 46.8442], [-71.248, 46.844], [-71.2483, 46.8439], [-71.2486, 46.8437], [-71.2487, 46.8436], [-71.2488, 46.8434], [-71.2487, 46.8433], [-71.2486, 46.8432], [-71.2483, 46.8432], [-71.248, 46.8432], [-71.2478, 46.8433], [-71.2475, 46.8433], [-71.2473, 46.8434], [-71.2471, 46.8435], [-71.2469, 46.8437], [-71.2468, 46.8438], [-71.2467, 46.844], [-71.2466, 46.8443], [-71.2465, 46.8445], [-71.2464, 46.8446], [-71.2463, 46.8448], [-71.2462, 46.8449], [-71.2461, 46.845], [-71.246, 46.8451], [-71.2458, 46.8452], [-71.2457, 46.8453], [-71.2455, 46.8453], [-71.2453, 46.8453], [-71.245, 46.8453], [-71.2447, 46.8453], [-71.2443, 46.8453], [-71.2439, 46.8452], [-71.2434, 46.8451], [-71.2429, 46.845], [-71.2425, 46.845], [-71.2421, 46.8449], [-71.2418, 46.8448], [-71.2416, 46.8447], [-71.2414, 46.8446], [-71.2413, 46.8445], [-71.2414, 46.8444], [-71.2414, 46.8443], [-71.2414, 46.8442], [-71.2414, 46.8441], [-71.2414, 46.844], [-71.2414, 46.8439], [-71.2413, 46.8439], [-71.2412, 46.8438], [-71.2412, 46.8437], [-71.2411, 46.8437], [-71.2412, 46.8436], [-71.2412, 46.8435], [-71.2413, 46.8435], [-71.2414, 46.8434], [-71.2415, 46.8433], [-71.2416, 46.8433], [-71.2418, 46.8432], [-71.2419, 46.8431], [-71.2419, 46.843], [-71.2418, 46.8429], [-71.2417, 46.8429], [-71.2416, 46.8429], [-71.2415, 46.8429], [-71.2414, 46.8428], [-71.2414, 46.8427], [-71.2413, 46.8426], [-71.2414, 46.8425], [-71.2414, 46.8424], [-71.2414, 46.8422], [-71.2415, 46.8421], [-71.2416, 46.842], [-71.2417, 46.8419], [-71.2418, 46.8418], [-71.2419, 46.8416], [-71.2421, 46.8415], [-71.2422, 46.8414], [-71.2424, 46.8413], [-71.2425, 46.8412], [-71.2425, 46.8411], [-71.2426, 46.841], [-71.2425, 46.8409], [-71.2424, 46.8408], [-71.2423, 46.8408], [-71.2422, 46.8407], [-71.2422, 46.8406], [-71.2422, 46.8405], [-71.2423, 46.8405], [-71.2424, 46.8404], [-71.2425, 46.8404], [-71.2425, 46.8403], [-71.2425, 46.8402], [-71.2426, 46.8402], [-71.2426, 46.8401], [-71.2425, 46.8401], [-71.2425, 46.84], [-71.2424, 46.8399], [-71.2424, 46.8398], [-71.2424, 46.8397], [-71.2425, 46.8396], [-71.2425, 46.8395], [-71.2426, 46.8394], [-71.2427, 46.8392], [-71.2428, 46.839], [-71.2429, 46.8389], [-71.243, 46.8388], [-71.2431, 46.8386], [-71.2431, 46.8385], [-71.2431, 46.8384], [-71.2431, 46.8383], [-71.243, 46.8382], [-71.243, 46.8381], [-71.243, 46.838], [-71.2431, 46.8379], [-71.2432, 46.8379], [-71.2433, 46.8378], [-71.2433, 46.8377], [-71.2434, 46.8377], [-71.2435, 46.8376], [-71.2435, 46.8375], [-71.2435, 46.8373], [-71.2436, 46.8372], [-71.2436, 46.8371], [-71.2436, 46.8369], [-71.2436, 46.8368], [-71.2437, 46.8367], [-71.2439, 46.8366], [-71.2441, 46.8366], [-71.2443, 46.8366], [-71.2445, 46.8366], [-71.2448, 46.8367], [-71.2452, 46.8368], [-71.2455, 46.8369], [-71.2459, 46.8369], [-71.2462, 46.837], [-71.2465, 46.837], [-71.2468, 46.8371], [-71.2471, 46.8371], [-71.2474, 46.8371], [-71.2477, 46.8371], [-71.2479, 46.8371], [-71.2481, 46.8371], [-71.2483, 46.8371], [-71.2485, 46.8371], [-71.2486, 46.8372], [-71.2487, 46.8372], [-71.2488, 46.8372], [-71.2488, 46.8373], [-71.2489, 46.8374], [-71.249, 46.8374], [-71.2492, 46.8374], [-71.2495, 46.8375], [-71.2498, 46.8375], [-71.2501, 46.8375], [-71.2505, 46.8376], [-71.251, 46.8376], [-71.2514, 46.8376], [-71.2517, 46.8377], [-71.252, 46.8378], [-71.2522, 46.8379], [-71.2523, 46.838], [-71.2524, 46.8382], [-71.2524, 46.8384], [-71.2524, 46.8386], [-71.2524, 46.8388], [-71.2524, 46.839], [-71.2524, 46.8391], [-71.2525, 46.8391], [-71.2526, 46.8392], [-71.2527, 46.8392], [-71.2528, 46.8392], [-71.253, 46.8391], [-71.2531, 46.839], [-71.2533, 46.8389], [-71.2534, 46.8388], [-71.2535, 46.8387], [-71.2536, 46.8386], [-71.2537, 46.8385], [-71.2538, 46.8384], [-71.2539, 46.8383], [-71.254, 46.8382], [-71.2541, 46.8381], [-71.2542, 46.838], [-71.2544, 46.838], [-71.2545, 46.8381], [-71.2547, 46.8381], [-71.2549, 46.8382]]]}}, {"type": "Feature", "properties": {"couche": "voile", "station": "Charlesbourg", "minutes": 9}, "geometry": {"type": "Polygon", "coordinates": [[[-71.4146, 46.9532], [-71.085, 46.9553], [-71.0825, 46.7296], [-71.4107, 46.7274], [-71.4146, 46.9532]], [[-71.2547, 46.8381], [-71.2545, 46.8381], [-71.2544, 46.838], [-71.2542, 46.838], [-71.2541, 46.8381], [-71.254, 46.8382], [-71.2539, 46.8383], [-71.2538, 46.8384], [-71.2537, 46.8385], [-71.2536, 46.8386], [-71.2535, 46.8387], [-71.2534, 46.8388], [-71.2533, 46.8389], [-71.2531, 46.839], [-71.253, 46.8391], [-71.2528, 46.8392], [-71.2527, 46.8392], [-71.2526, 46.8392], [-71.2525, 46.8391], [-71.2524, 46.8391], [-71.2524, 46.839], [-71.2524, 46.8388], [-71.2524, 46.8386], [-71.2524, 46.8384], [-71.2524, 46.8382], [-71.2523, 46.838], [-71.2522, 46.8379], [-71.252, 46.8378], [-71.2517, 46.8377], [-71.2514, 46.8376], [-71.251, 46.8376], [-71.2505, 46.8376], [-71.2501, 46.8375], [-71.2498, 46.8375], [-71.2495, 46.8375], [-71.2492, 46.8374], [-71.249, 46.8374], [-71.2489, 46.8374], [-71.2488, 46.8373], [-71.2488, 46.8372], [-71.2487, 46.8372], [-71.2486, 46.8372], [-71.2485, 46.8371], [-71.2483, 46.8371], [-71.2481, 46.8371], [-71.2479, 46.8371], [-71.2477, 46.8371], [-71.2474, 46.8371], [-71.2471, 46.8371], [-71.2468, 46.8371], [-71.2465, 46.837], [-71.2462, 46.837], [-71.2459, 46.8369], [-71.2455, 46.8369], [-71.2452, 46.8368], [-71.2448, 46.8367], [-71.2445, 46.8366], [-71.2443, 46.8366], [-71.2441, 46.8366], [-71.2439, 46.8366], [-71.2437, 46.8367], [-71.2436, 46.8368], [-71.2436, 46.8369], [-71.2436, 46.8371], [-71.2436, 46.8372], [-71.2435, 46.8373], [-71.2435, 46.8375], [-71.2435, 46.8376], [-71.2434, 46.8377], [-71.2433, 46.8377], [-71.2433, 46.8378], [-71.2432, 46.8379], [-71.2431, 46.8379], [-71.243, 46.838], [-71.243, 46.8381], [-71.243, 46.8382], [-71.2431, 46.8383], [-71.2431, 46.8384], [-71.2431, 46.8385], [-71.2431, 46.8386], [-71.243, 46.8388], [-71.2429, 46.8389], [-71.2428, 46.839], [-71.2427, 46.8392], [-71.2426, 46.8394], [-71.2425, 46.8395], [-71.2425, 46.8396], [-71.2424, 46.8397], [-71.2424, 46.8398], [-71.2424, 46.8399], [-71.2425, 46.84], [-71.2425, 46.8401], [-71.2426, 46.8401], [-71.2426, 46.8402], [-71.2425, 46.8402], [-71.2425, 46.8403], [-71.2425, 46.8404], [-71.2424, 46.8404], [-71.2423, 46.8405], [-71.2422, 46.8405], [-71.2422, 46.8406], [-71.2422, 46.8407], [-71.2423, 46.8408], [-71.2424, 46.8408], [-71.2425, 46.8409], [-71.2426, 46.841], [-71.2425, 46.8411], [-71.2425, 46.8412], [-71.2424, 46.8413], [-71.2422, 46.8414], [-71.2421, 46.8415], [-71.2419, 46.8416], [-71.2418, 46.8418], [-71.2417, 46.8419], [-71.2416, 46.842], [-71.2415, 46.8421], [-71.2414, 46.8422], [-71.2414, 46.8424], [-71.2414, 46.8425], [-71.2413, 46.8426], [-71.2414, 46.8427], [-71.2414, 46.8428], [-71.2415, 46.8429], [-71.2416, 46.8429], [-71.2417, 46.8429], [-71.2418, 46.8429], [-71.2419, 46.843], [-71.2419, 46.8431], [-71.2418, 46.8432], [-71.2416, 46.8433], [-71.2415, 46.8433], [-71.2414, 46.8434], [-71.2413, 46.8435], [-71.2412, 46.8435], [-71.2412, 46.8436], [-71.2411, 46.8437], [-71.2412, 46.8437], [-71.2412, 46.8438], [-71.2413, 46.8439], [-71.2414, 46.8439], [-71.2414, 46.844], [-71.2414, 46.8441], [-71.2414, 46.8442], [-71.2414, 46.8443], [-71.2414, 46.8444], [-71.2413, 46.8445], [-71.2414, 46.8446], [-71.2416, 46.8447], [-71.2418, 46.8448], [-71.2421, 46.8449], [-71.2425, 46.845], [-71.2429, 46.845], [-71.2434, 46.8451], [-71.2439, 46.8452], [-71.2443, 46.8453], [-71.2447, 46.8453], [-71.245, 46.8453], [-71.2453, 46.8453], [-71.2455, 46.8453], [-71.2457, 46.8453], [-71.2458, 46.8452], [-71.246, 46.8451], [-71.2461, 46.845], [-71.2462, 46.8449], [-71.2463, 46.8448], [-71.2464, 46.8446], [-71.2465, 46.8445], [-71.2466, 46.8443], [-71.2467, 46.844], [-71.2468, 46.8438], [-71.2469, 46.8437], [-71.2471, 46.8435], [-71.2473, 46.8434], [-71.2475, 46.8433], [-71.2478, 46.8433], [-71.248, 46.8432], [-71.2483, 46.8432], [-71.2486, 46.8432], [-71.2487, 46.8433], [-71.2488, 46.8434], [-71.2487, 46.8436], [-71.2486, 46.8437], [-71.2483, 46.8439], [-71.248, 46.844], [-71.2478, 46.8442], [-71.2476, 46.8444], [-71.2474, 46.8446], [-71.2473, 46.8447], [-71.2472, 46.8449], [-71.2471, 46.845], [-71.2471, 46.8451], [-71.2472, 46.8452], [-71.2473, 46.8453], [-71.2474, 46.8454], [-71.2475, 46.8455], [-71.2476, 46.8456], [-71.2478, 46.8457], [-71.248, 46.8457], [-71.2482, 46.8458], [-71.2484, 46.8458], [-71.2487, 46.8459], [-71.2489, 46.8459], [-71.2492, 46.8459], [-71.2494, 46.8459], [-71.2496, 46.8458], [-71.2499, 46.8457], [-71.2501, 46.8457], [-71.2504, 46.8456], [-71.2506, 46.8455], [-71.2507, 46.8454], [-71.2508, 46.8454], [-71.2509, 46.8454], [-71.251, 46.8455], [-71.2509, 46.8456], [-71.2508, 46.8458], [-71.2508, 46.8459], [-71.2508, 46.846], [-71.2509, 46.8461], [-71.251, 46.8462], [-71.2512, 46.8463], [-71.2514, 46.8463], [-71.2516, 46.8464], [-71.2519, 46.8464], [-71.2522, 46.8464], [-71.2524, 46.8464], [-71.2526, 46.8464], [-71.2528, 46.8463], [-71.253, 46.8462], [-71.2531, 46.8461], [-71.2532, 46.8459], [-71.2533, 46.8457], [-71.2534, 46.8455], [-71.2534, 46.8454], [-71.2534, 46.8452], [-71.2535, 46.8451], [-71.2534, 46.845], [-71.2534, 46.8448], [-71.2533, 46.8447], [-71.2532, 46.8446], [-71.2532, 46.8445], [-71.2532, 46.8444], [-71.2532, 46.8443], [-71.2533, 46.8443], [-71.2534, 46.8442], [-71.2535, 46.8442], [-71.2536, 46.8442], [-71.2537, 46.8441], [-71.2537, 46.844], [-71.2538, 46.844], [-71.2538, 46.8439], [-71.2538, 46.8438], [-71.2538, 46.8437], [-71.2538, 46.8436], [-71.2537, 46.8435], [-71.2537, 46.8434], [-71.2537, 46.8433], [-71.2538, 46.8432], [-71.2538, 46.8431], [-71.2539, 46.843], [-71.254, 46.8429], [-71.2541, 46.8429], [-71.2541, 46.8428], [-71.2542, 46.8427], [-71.2542, 46.8426], [-71.2542, 46.8425], [-71.2541, 46.8425], [-71.254, 46.8424], [-71.2539, 46.8424], [-71.2538, 46.8425], [-71.2536, 46.8425], [-71.2534, 46.8426], [-71.2531, 46.8426], [-71.2529, 46.8427], [-71.2526, 46.8429], [-71.2523, 46.843], [-71.252, 46.8431], [-71.2517, 46.8432], [-71.2515, 46.8433], [-71.2513, 46.8433], [-71.2511, 46.8434], [-71.251, 46.8433], [-71.2509, 46.8433], [-71.2509, 46.8432], [-71.2508, 46.8431], [-71.2509, 46.843], [-71.2509, 46.8429], [-71.2511, 46.8428], [-71.2512, 46.8426], [-71.2515, 46.8424], [-71.2517, 46.8422], [-71.252, 46.842], [-71.2523, 46.8419], [-71.2526, 46.8417], [-71.2528, 46.8417], [-71.253, 46.8416], [-71.2532, 46.8416], [-71.2534, 46.8416], [-71.2535, 46.8417], [-71.2536, 46.8418], [-71.2537, 46.8419], [-71.2538, 46.842], [-71.254, 46.8421], [-71.2541, 46.8421], [-71.2542, 46.8422], [-71.2543, 46.8422], [-71.2544, 46.8422], [-71.2545, 46.8422], [-71.2546, 46.8421], [-71.2546, 46.842], [-71.2546, 46.8419], [-71.2546, 46.8418], [-71.2546, 46.8417], [-71.2545, 46.8416], [-71.2545, 46.8415], [-71.2545, 46.8413], [-71.2546, 46.8412], [-71.2547, 46.8411], [-71.2547, 46.8409], [-71.2548, 46.8408], [-71.255, 46.8406], [-71.2551, 46.8405], [-71.2551, 46.8403], [-71.2551, 46.8402], [-71.2551, 46.8401], [-71.255, 46.84], [-71.2549, 46.8399], [-71.2547, 46.8398], [-71.2545, 46.8398], [-71.2544, 46.8397], [-71.2543, 46.8396], [-71.2543, 46.8395], [-71.2544, 46.8394], [-71.2545, 46.8393], [-71.2547, 46.8392], [-71.2549, 46.8391], [-71.2551, 46.839], [-71.2552, 46.8389], [-71.2553, 46.8388], [-71.2553, 46.8387], [-71.2553, 46.8386], [-71.2552, 46.8384], [-71.2551, 46.8383], [-71.2549, 46.8382], [-71.2547, 46.8381]]]}}, {"type": "Feature", "properties": {"couche": "aire_marche", "station": "Charlesbourg", "ordre": 29, "minutes": 10, "superficie_ha": 103.1, "rue_km": 23.07, "disque_ha": 153.9, "part_disque_pct": 67, "accroche_m": 5, "population": 4165, "navetteurs": 1661, "mode_auto_pct": 70, "mode_tc_pct": 21, "mode_actif_pct": 9, "mode_autre_pct": 0}, "geometry": {"type": "Polygon", "coordinates": [[[-71.2563, 46.8386], [-71.2563, 46.8387], [-71.2562, 46.8388], [-71.2561, 46.8389], [-71.256, 46.839], [-71.2559, 46.839], [-71.2557, 46.8391], [-71.2555, 46.8391], [-71.2553, 46.8391], [-71.2552, 46.8392], [-71.2551, 46.8392], [-71.255, 46.8393], [-71.2551, 46.8394], [-71.2552, 46.8394], [-71.2553, 46.8395], [-71.2555, 46.8396], [-71.2557, 46.8397], [-71.2558, 46.8397], [-71.2559, 46.8398], [-71.256, 46.8399], [-71.2561, 46.84], [-71.2561, 46.8401], [-71.2561, 46.8402], [-71.256, 46.8403], [-71.2559, 46.8404], [-71.2559, 46.8405], [-71.2558, 46.8406], [-71.2557, 46.8407], [-71.2555, 46.8408], [-71.2554, 46.8409], [-71.2552, 46.841], [-71.255, 46.841], [-71.2549, 46.8411], [-71.2548, 46.8412], [-71.2547, 46.8413], [-71.2547, 46.8414], [-71.2547, 46.8415], [-71.2548, 46.8416], [-71.2548, 46.8418], [-71.255, 46.8419], [-71.2551, 46.842], [-71.2551, 46.8421], [-71.2551, 46.8422], [-71.2551, 46.8423], [-71.2551, 46.8424], [-71.255, 46.8425], [-71.2549, 46.8426], [-71.2548, 46.8427], [-71.2547, 46.8428], [-71.2546, 46.8428], [-71.2545, 46.8429], [-71.2545, 46.843], [-71.2545, 46.8431], [-71.2546, 46.8432], [-71.2547, 46.8432], [-71.2547, 46.8433], [-71.2547, 46.8434], [-71.2547, 46.8435], [-71.2546, 46.8435], [-71.2545, 46.8436], [-71.2544, 46.8437], [-71.2543, 46.8437], [-71.2542, 46.8438], [-71.2542, 46.8439], [-71.2542, 46.844], [-71.2542, 46.8441], [-71.2542, 46.8443], [-71.2542, 46.8444], [-71.2543, 46.8445], [-71.2542, 46.8446], [-71.2542, 46.8448], [-71.2542, 46.845], [-71.2541, 46.8453], [-71.254, 46.8455], [-71.2539, 46.8458], [-71.2538, 46.8461], [-71.2536, 46.8464], [-71.2534, 46.8466], [-71.2531, 46.8467], [-71.2529, 46.8468], [-71.2525, 46.8469], [-71.2522, 46.8469], [-71.2518, 46.8469], [-71.2513, 46.8468], [-71.251, 46.8467], [-71.2507, 46.8466], [-71.2505, 46.8465], [-71.2503, 46.8464], [-71.2503, 46.8462], [-71.2503, 46.8461], [-71.2504, 46.8459], [-71.2506, 46.8458], [-71.2507, 46.8457], [-71.2508, 46.8456], [-71.2508, 46.8455], [-71.2507, 46.8456], [-71.2505, 46.8456], [-71.2503, 46.8457], [-71.2501, 46.8459], [-71.2498, 46.846], [-71.2496, 46.8461], [-71.2494, 46.8462], [-71.2492, 46.8463], [-71.249, 46.8463], [-71.2488, 46.8464], [-71.2487, 46.8464], [-71.2485, 46.8463], [-71.2484, 46.8463], [-71.2483, 46.8463], [-71.2482, 46.8462], [-71.2481, 46.8462], [-71.2481, 46.8461], [-71.248, 46.846], [-71.248, 46.8459], [-71.248, 46.8458], [-71.2479, 46.8458], [-71.2478, 46.8458], [-71.2477, 46.8458], [-71.2475, 46.8458], [-71.2474, 46.8458], [-71.2472, 46.8458], [-71.2471, 46.8457], [-71.247, 46.8457], [-71.247, 46.8456], [-71.2469, 46.8456], [-71.2469, 46.8454], [-71.2469, 46.8453], [-71.2469, 46.8452], [-71.247, 46.845], [-71.2471, 46.8449], [-71.2472, 46.8447], [-71.2474, 46.8446], [-71.2476, 46.8444], [-71.2478, 46.8442], [-71.2481, 46.844], [-71.2484, 46.8438], [-71.2486, 46.8437], [-71.2487, 46.8435], [-71.2488, 46.8434], [-71.2488, 46.8433], [-71.2487, 46.8433], [-71.2486, 46.8432], [-71.2483, 46.8432], [-71.248, 46.8432], [-71.2478, 46.8433], [-71.2475, 46.8434], [-71.2472, 46.8435], [-71.247, 46.8437], [-71.2468, 46.8439], [-71.2466, 46.8442], [-71.2464, 46.8445], [-71.2463, 46.8448], [-71.2461, 46.8451], [-71.2459, 46.8453], [-71.2456, 46.8455], [-71.2453, 46.8457], [-71.245, 46.8458], [-71.2447, 46.8458], [-71.2444, 46.8458], [-71.244, 46.8458], [-71.2436, 46.8457], [-71.2434, 46.8456], [-71.2431, 46.8456], [-71.2429, 46.8455], [-71.2427, 46.8454], [-71.2426, 46.8453], [-71.2425, 46.8452], [-71.2425, 46.8451], [-71.2424, 46.845], [-71.2423, 46.845], [-71.2422, 46.845], [-71.2421, 46.8451], [-71.242, 46.8452], [-71.2419, 46.8452], [-71.2418, 46.8452], [-71.2417, 46.8453], [-71.2415, 46.8453], [-71.2414, 46.8453], [-71.2412, 46.8452], [-71.241, 46.8452], [-71.2408, 46.8451], [-71.2407, 46.8451], [-71.2405, 46.845], [-71.2404, 46.8449], [-71.2404, 46.8448], [-71.2403, 46.8447], [-71.2403, 46.8446], [-71.2402, 46.8444], [-71.2403, 46.8443], [-71.2403, 46.8441], [-71.2404, 46.844], [-71.2405, 46.8439], [-71.2407, 46.8437], [-71.2409, 46.8436], [-71.2411, 46.8435], [-71.2413, 46.8434], [-71.2415, 46.8433], [-71.2417, 46.8432], [-71.2415, 46.8432], [-71.2414, 46.8433], [-71.2413, 46.8433], [-71.2411, 46.8433], [-71.241, 46.8433], [-71.2409, 46.8433], [-71.2408, 46.8433], [-71.2407, 46.8433], [-71.2406, 46.8432], [-71.2406, 46.8431], [-71.2406, 46.843], [-71.2407, 46.843], [-71.2408, 46.8429], [-71.2408, 46.8428], [-71.241, 46.8428], [-71.2411, 46.8427], [-71.2411, 46.8426], [-71.2412, 46.8425], [-71.2412, 46.8424], [-71.2412, 46.8423], [-71.2411, 46.8423], [-71.241, 46.8422], [-71.241, 46.8421], [-71.241, 46.842], [-71.241, 46.8419], [-71.2411, 46.8417], [-71.2411, 46.8416], [-71.2413, 46.8414], [-71.2414, 46.8412], [-71.2415, 46.841], [-71.2416, 46.8409], [-71.2417, 46.8407], [-71.2417, 46.8406], [-71.2417, 46.8405], [-71.2417, 46.8404], [-71.2417, 46.8403], [-71.2416, 46.8403], [-71.2416, 46.8402], [-71.2416, 46.8401], [-71.2417, 46.8401], [-71.2417, 46.84], [-71.2418, 46.8399], [-71.2419, 46.8399], [-71.242, 46.8398], [-71.2421, 46.8397], [-71.2421, 46.8396], [-71.2421, 46.8395], [-71.242, 46.8395], [-71.242, 46.8394], [-71.242, 46.8393], [-71.242, 46.8392], [-71.242, 46.839], [-71.242, 46.8388], [-71.2421, 46.8385], [-71.2423, 46.8381], [-71.2424, 46.8378], [-71.2426, 46.8373], [-71.2428, 46.837], [-71.243, 46.8367], [-71.2432, 46.8364], [-71.2435, 46.8363], [-71.2438, 46.8362], [-71.2441, 46.8361], [-71.2444, 46.8361], [-71.2448, 46.8362], [-71.2451, 46.8363], [-71.2454, 46.8364], [-71.2458, 46.8364], [-71.2461, 46.8365], [-71.2464, 46.8365], [-71.2466, 46.8365], [-71.2469, 46.8365], [-71.2472, 46.8365], [-71.2474, 46.8365], [-71.2476, 46.8366], [-71.2478, 46.8366], [-71.248, 46.8366], [-71.2481, 46.8366], [-71.2482, 46.8367], [-71.2483, 46.8367], [-71.2483, 46.8368], [-71.2484, 46.8368], [-71.2485, 46.8369], [-71.2486, 46.8369], [-71.2487, 46.8369], [-71.2488, 46.8369], [-71.2489, 46.8368], [-71.2491, 46.8368], [-71.2492, 46.8368], [-71.2494, 46.8368], [-71.2495, 46.8368], [-71.2497, 46.8368], [-71.2499, 46.8369], [-71.2501, 46.8369], [-71.2502, 46.837], [-71.2504, 46.837], [-71.2506, 46.8371], [-71.2508, 46.8372], [-71.251, 46.8372], [-71.2511, 46.8372], [-71.2513, 46.8372], [-71.2514, 46.8372], [-71.2515, 46.8372], [-71.2516, 46.8372], [-71.2518, 46.8372], [-71.2519, 46.8372], [-71.252, 46.8372], [-71.2521, 46.8372], [-71.2522, 46.8373], [-71.2523, 46.8374], [-71.2524, 46.8374], [-71.2525, 46.8374], [-71.2526, 46.8374], [-71.2527, 46.8374], [-71.2528, 46.8374], [-71.2529, 46.8374], [-71.253, 46.8374], [-71.2531, 46.8374], [-71.2532, 46.8374], [-71.2533, 46.8375], [-71.2534, 46.8376], [-71.2534, 46.8377], [-71.2534, 46.8378], [-71.2535, 46.8378], [-71.2536, 46.8379], [-71.2537, 46.8378], [-71.2538, 46.8378], [-71.2539, 46.8378], [-71.254, 46.8377], [-71.2542, 46.8376], [-71.2544, 46.8375], [-71.2546, 46.8374], [-71.2547, 46.8374], [-71.2549, 46.8374], [-71.2551, 46.8374], [-71.2553, 46.8375], [-71.2555, 46.8376], [-71.2557, 46.8376], [-71.2559, 46.8378], [-71.2561, 46.8379], [-71.2562, 46.838], [-71.2563, 46.8381], [-71.2563, 46.8382], [-71.2564, 46.8383], [-71.2564, 46.8384], [-71.2563, 46.8386]]]}}, {"type": "Feature", "properties": {"couche": "voile", "station": "Charlesbourg", "minutes": 10}, "geometry": {"type": "Polygon", "coordinates": [[[-71.4157, 46.9537], [-71.0841, 46.9558], [-71.0816, 46.7291], [-71.4118, 46.7269], [-71.4157, 46.9537]], [[-71.2564, 46.8384], [-71.2564, 46.8383], [-71.2563, 46.8382], [-71.2563, 46.8381], [-71.2562, 46.838], [-71.2561, 46.8379], [-71.2559, 46.8378], [-71.2557, 46.8376], [-71.2555, 46.8376], [-71.2553, 46.8375], [-71.2551, 46.8374], [-71.2549, 46.8374], [-71.2547, 46.8374], [-71.2546, 46.8374], [-71.2544, 46.8375], [-71.2542, 46.8376], [-71.254, 46.8377], [-71.2539, 46.8378], [-71.2538, 46.8378], [-71.2537, 46.8378], [-71.2536, 46.8379], [-71.2535, 46.8378], [-71.2534, 46.8378], [-71.2534, 46.8377], [-71.2534, 46.8376], [-71.2533, 46.8375], [-71.2532, 46.8374], [-71.2531, 46.8374], [-71.253, 46.8374], [-71.2529, 46.8374], [-71.2528, 46.8374], [-71.2527, 46.8374], [-71.2526, 46.8374], [-71.2525, 46.8374], [-71.2524, 46.8374], [-71.2523, 46.8374], [-71.2522, 46.8373], [-71.2521, 46.8372], [-71.252, 46.8372], [-71.2519, 46.8372], [-71.2518, 46.8372], [-71.2516, 46.8372], [-71.2515, 46.8372], [-71.2514, 46.8372], [-71.2513, 46.8372], [-71.2511, 46.8372], [-71.251, 46.8372], [-71.2508, 46.8372], [-71.2506, 46.8371], [-71.2504, 46.837], [-71.2502, 46.837], [-71.2501, 46.8369], [-71.2499, 46.8369], [-71.2497, 46.8368], [-71.2495, 46.8368], [-71.2494, 46.8368], [-71.2492, 46.8368], [-71.2491, 46.8368], [-71.2489, 46.8368], [-71.2488, 46.8369], [-71.2487, 46.8369], [-71.2486, 46.8369], [-71.2485, 46.8369], [-71.2484, 46.8368], [-71.2483, 46.8368], [-71.2483, 46.8367], [-71.2482, 46.8367], [-71.2481, 46.8366], [-71.248, 46.8366], [-71.2478, 46.8366], [-71.2476, 46.8366], [-71.2474, 46.8365], [-71.2472, 46.8365], [-71.2469, 46.8365], [-71.2466, 46.8365], [-71.2464, 46.8365], [-71.2461, 46.8365], [-71.2458, 46.8364], [-71.2454, 46.8364], [-71.2451, 46.8363], [-71.2448, 46.8362], [-71.2444, 46.8361], [-71.2441, 46.8361], [-71.2438, 46.8362], [-71.2435, 46.8363], [-71.2432, 46.8364], [-71.243, 46.8367], [-71.2428, 46.837], [-71.2426, 46.8373], [-71.2424, 46.8378], [-71.2423, 46.8381], [-71.2421, 46.8385], [-71.242, 46.8388], [-71.242, 46.839], [-71.242, 46.8392], [-71.242, 46.8393], [-71.242, 46.8394], [-71.242, 46.8395], [-71.2421, 46.8395], [-71.2421, 46.8396], [-71.2421, 46.8397], [-71.242, 46.8398], [-71.2419, 46.8399], [-71.2418, 46.8399], [-71.2417, 46.84], [-71.2417, 46.8401], [-71.2416, 46.8401], [-71.2416, 46.8402], [-71.2416, 46.8403], [-71.2417, 46.8403], [-71.2417, 46.8404], [-71.2417, 46.8405], [-71.2417, 46.8406], [-71.2417, 46.8407], [-71.2416, 46.8409], [-71.2415, 46.841], [-71.2414, 46.8412], [-71.2413, 46.8414], [-71.2411, 46.8416], [-71.2411, 46.8417], [-71.241, 46.8419], [-71.241, 46.842], [-71.241, 46.8421], [-71.241, 46.8422], [-71.2411, 46.8423], [-71.2412, 46.8423], [-71.2412, 46.8424], [-71.2412, 46.8425], [-71.2411, 46.8426], [-71.2411, 46.8427], [-71.241, 46.8428], [-71.2408, 46.8428], [-71.2408, 46.8429], [-71.2407, 46.843], [-71.2406, 46.843], [-71.2406, 46.8431], [-71.2406, 46.8432], [-71.2407, 46.8433], [-71.2408, 46.8433], [-71.2409, 46.8433], [-71.241, 46.8433], [-71.2411, 46.8433], [-71.2413, 46.8433], [-71.2414, 46.8433], [-71.2415, 46.8432], [-71.2417, 46.8432], [-71.2415, 46.8433], [-71.2413, 46.8434], [-71.2411, 46.8435], [-71.2409, 46.8436], [-71.2407, 46.8437], [-71.2405, 46.8439], [-71.2404, 46.844], [-71.2403, 46.8441], [-71.2403, 46.8443], [-71.2402, 46.8444], [-71.2403, 46.8446], [-71.2403, 46.8447], [-71.2404, 46.8448], [-71.2404, 46.8449], [-71.2405, 46.845], [-71.2407, 46.8451], [-71.2408, 46.8451], [-71.241, 46.8452], [-71.2412, 46.8452], [-71.2414, 46.8453], [-71.2415, 46.8453], [-71.2417, 46.8453], [-71.2418, 46.8452], [-71.2419, 46.8452], [-71.242, 46.8452], [-71.2421, 46.8451], [-71.2422, 46.845], [-71.2423, 46.845], [-71.2424, 46.845], [-71.2425, 46.8451], [-71.2425, 46.8452], [-71.2426, 46.8453], [-71.2427, 46.8454], [-71.2429, 46.8455], [-71.2431, 46.8456], [-71.2434, 46.8456], [-71.2436, 46.8457], [-71.244, 46.8458], [-71.2444, 46.8458], [-71.2447, 46.8458], [-71.245, 46.8458], [-71.2453, 46.8457], [-71.2456, 46.8455], [-71.2459, 46.8453], [-71.2461, 46.8451], [-71.2463, 46.8448], [-71.2464, 46.8445], [-71.2466, 46.8442], [-71.2468, 46.8439], [-71.247, 46.8437], [-71.2472, 46.8435], [-71.2475, 46.8434], [-71.2478, 46.8433], [-71.248, 46.8432], [-71.2483, 46.8432], [-71.2486, 46.8432], [-71.2487, 46.8433], [-71.2488, 46.8433], [-71.2488, 46.8434], [-71.2487, 46.8435], [-71.2486, 46.8437], [-71.2484, 46.8438], [-71.2481, 46.844], [-71.2478, 46.8442], [-71.2476, 46.8444], [-71.2474, 46.8446], [-71.2472, 46.8447], [-71.2471, 46.8449], [-71.247, 46.845], [-71.2469, 46.8452], [-71.2469, 46.8453], [-71.2469, 46.8454], [-71.2469, 46.8456], [-71.247, 46.8456], [-71.247, 46.8457], [-71.2471, 46.8457], [-71.2472, 46.8458], [-71.2474, 46.8458], [-71.2475, 46.8458], [-71.2477, 46.8458], [-71.2478, 46.8458], [-71.2479, 46.8458], [-71.248, 46.8458], [-71.248, 46.8459], [-71.248, 46.846], [-71.2481, 46.8461], [-71.2481, 46.8462], [-71.2482, 46.8462], [-71.2483, 46.8463], [-71.2484, 46.8463], [-71.2485, 46.8463], [-71.2487, 46.8464], [-71.2488, 46.8464], [-71.249, 46.8463], [-71.2492, 46.8463], [-71.2494, 46.8462], [-71.2496, 46.8461], [-71.2498, 46.846], [-71.2501, 46.8459], [-71.2503, 46.8457], [-71.2505, 46.8456], [-71.2507, 46.8456], [-71.2508, 46.8455], [-71.2508, 46.8456], [-71.2507, 46.8457], [-71.2506, 46.8458], [-71.2504, 46.8459], [-71.2503, 46.8461], [-71.2503, 46.8462], [-71.2503, 46.8464], [-71.2505, 46.8465], [-71.2507, 46.8466], [-71.251, 46.8467], [-71.2513, 46.8468], [-71.2518, 46.8469], [-71.2522, 46.8469], [-71.2525, 46.8469], [-71.2529, 46.8468], [-71.2531, 46.8467], [-71.2534, 46.8466], [-71.2536, 46.8464], [-71.2538, 46.8461], [-71.2539, 46.8458], [-71.254, 46.8455], [-71.2541, 46.8453], [-71.2542, 46.845], [-71.2542, 46.8448], [-71.2542, 46.8446], [-71.2543, 46.8445], [-71.2542, 46.8444], [-71.2542, 46.8443], [-71.2542, 46.8441], [-71.2542, 46.844], [-71.2542, 46.8439], [-71.2542, 46.8438], [-71.2543, 46.8437], [-71.2544, 46.8437], [-71.2545, 46.8436], [-71.2546, 46.8435], [-71.2547, 46.8435], [-71.2547, 46.8434], [-71.2547, 46.8433], [-71.2547, 46.8432], [-71.2546, 46.8432], [-71.2545, 46.8431], [-71.2545, 46.843], [-71.2545, 46.8429], [-71.2546, 46.8428], [-71.2547, 46.8428], [-71.2548, 46.8427], [-71.2549, 46.8426], [-71.255, 46.8425], [-71.2551, 46.8424], [-71.2551, 46.8423], [-71.2551, 46.8422], [-71.2551, 46.8421], [-71.2551, 46.842], [-71.255, 46.8419], [-71.2548, 46.8418], [-71.2548, 46.8416], [-71.2547, 46.8415], [-71.2547, 46.8414], [-71.2547, 46.8413], [-71.2548, 46.8412], [-71.2549, 46.8411], [-71.255, 46.841], [-71.2552, 46.841], [-71.2554, 46.8409], [-71.2555, 46.8408], [-71.2557, 46.8407], [-71.2558, 46.8406], [-71.2559, 46.8405], [-71.2559, 46.8404], [-71.256, 46.8403], [-71.2561, 46.8402], [-71.2561, 46.8401], [-71.2561, 46.84], [-71.256, 46.8399], [-71.2559, 46.8398], [-71.2558, 46.8397], [-71.2557, 46.8397], [-71.2555, 46.8396], [-71.2553, 46.8395], [-71.2552, 46.8394], [-71.2551, 46.8394], [-71.255, 46.8393], [-71.2551, 46.8392], [-71.2552, 46.8392], [-71.2553, 46.8391], [-71.2555, 46.8391], [-71.2557, 46.8391], [-71.2559, 46.839], [-71.256, 46.839], [-71.2561, 46.8389], [-71.2562, 46.8388], [-71.2563, 46.8387], [-71.2563, 46.8386], [-71.2564, 46.8384]]]}}, {"type": "Feature", "properties": {"couche": "aire_marche", "station": "Charlesbourg", "ordre": 29, "minutes": 11, "superficie_ha": 122.8, "rue_km": 27.88, "disque_ha": 186.3, "part_disque_pct": 66, "accroche_m": 5, "population": 5178, "navetteurs": 2054, "mode_auto_pct": 70, "mode_tc_pct": 21, "mode_actif_pct": 9, "mode_autre_pct": 0}, "geometry": {"type": "Polygon", "coordinates": [[[-71.2568, 46.8383], [-71.2567, 46.8384], [-71.2566, 46.8385], [-71.2565, 46.8386], [-71.2565, 46.8387], [-71.2566, 46.8387], [-71.2566, 46.8388], [-71.2567, 46.8389], [-71.2568, 46.839], [-71.2568, 46.8391], [-71.2568, 46.8392], [-71.2569, 46.8393], [-71.2569, 46.8394], [-71.2569, 46.8395], [-71.2568, 46.8397], [-71.2568, 46.8398], [-71.2567, 46.8399], [-71.2566, 46.8401], [-71.2565, 46.8402], [-71.2564, 46.8403], [-71.2562, 46.8405], [-71.2559, 46.8406], [-71.2557, 46.8407], [-71.2554, 46.8409], [-71.2552, 46.841], [-71.255, 46.8411], [-71.2548, 46.8412], [-71.2547, 46.8413], [-71.2546, 46.8414], [-71.2546, 46.8415], [-71.2546, 46.8416], [-71.2547, 46.8416], [-71.2547, 46.8417], [-71.2548, 46.8417], [-71.2549, 46.8417], [-71.255, 46.8418], [-71.2551, 46.8418], [-71.2552, 46.8417], [-71.2553, 46.8417], [-71.2554, 46.8417], [-71.2555, 46.8417], [-71.2556, 46.8416], [-71.2557, 46.8417], [-71.2558, 46.8417], [-71.2559, 46.8417], [-71.256, 46.8418], [-71.2561, 46.8419], [-71.256, 46.842], [-71.2559, 46.8421], [-71.2559, 46.8422], [-71.2558, 46.8422], [-71.2557, 46.8423], [-71.2556, 46.8424], [-71.2556, 46.8425], [-71.2555, 46.8426], [-71.2556, 46.8427], [-71.2556, 46.8428], [-71.2556, 46.8429], [-71.2556, 46.843], [-71.2556, 46.8431], [-71.2555, 46.8431], [-71.2554, 46.8432], [-71.2553, 46.8433], [-71.2552, 46.8434], [-71.255, 46.8435], [-71.2548, 46.8436], [-71.2546, 46.8437], [-71.2545, 46.8437], [-71.2544, 46.8438], [-71.2544, 46.8439], [-71.2544, 46.844], [-71.2545, 46.8441], [-71.2547, 46.8441], [-71.2548, 46.8442], [-71.2548, 46.8444], [-71.2548, 46.8446], [-71.2548, 46.8448], [-71.2548, 46.8451], [-71.2547, 46.8454], [-71.2545, 46.8458], [-71.2544, 46.8462], [-71.2542, 46.8466], [-71.2539, 46.8469], [-71.2536, 46.8471], [-71.2532, 46.8473], [-71.2528, 46.8474], [-71.2523, 46.8474], [-71.2518, 46.8474], [-71.2512, 46.8473], [-71.2507, 46.8472], [-71.2503, 46.8471], [-71.2499, 46.847], [-71.2496, 46.8469], [-71.2493, 46.8469], [-71.2491, 46.8468], [-71.249, 46.8467], [-71.2489, 46.8466], [-71.2488, 46.8465], [-71.2487, 46.8465], [-71.2486, 46.8464], [-71.2485, 46.8464], [-71.2483, 46.8464], [-71.2482, 46.8464], [-71.248, 46.8464], [-71.2478, 46.8464], [-71.2477, 46.8464], [-71.2475, 46.8464], [-71.2474, 46.8463], [-71.2473, 46.8462], [-71.2472, 46.8461], [-71.2471, 46.8459], [-71.2471, 46.8457], [-71.247, 46.8455], [-71.2471, 46.8453], [-71.2471, 46.8451], [-71.2472, 46.8449], [-71.2473, 46.8447], [-71.2475, 46.8445], [-71.2478, 46.8443], [-71.248, 46.8441], [-71.2483, 46.8439], [-71.2486, 46.8437], [-71.2488, 46.8436], [-71.2489, 46.8435], [-71.249, 46.8434], [-71.249, 46.8433], [-71.2489, 46.8433], [-71.2488, 46.8433], [-71.2486, 46.8434], [-71.2485, 46.8434], [-71.2484, 46.8434], [-71.2483, 46.8433], [-71.2482, 46.8433], [-71.2481, 46.8433], [-71.248, 46.8432], [-71.2479, 46.8432], [-71.2478, 46.8431], [-71.2477, 46.8431], [-71.2476, 46.8431], [-71.2475, 46.8431], [-71.2474, 46.8432], [-71.2472, 46.8432], [-71.2471, 46.8433], [-71.247, 46.8434], [-71.2468, 46.8435], [-71.2467, 46.8436], [-71.2466, 46.8437], [-71.2465, 46.8439], [-71.2464, 46.844], [-71.2463, 46.8442], [-71.2462, 46.8444], [-71.2461, 46.8446], [-71.2461, 46.8448], [-71.246, 46.8449], [-71.246, 46.8451], [-71.246, 46.8452], [-71.246, 46.8454], [-71.2461, 46.8455], [-71.2462, 46.8456], [-71.2463, 46.8457], [-71.2463, 46.8458], [-71.2464, 46.8459], [-71.2464, 46.846], [-71.2464, 46.8461], [-71.2465, 46.8461], [-71.2464, 46.8462], [-71.2464, 46.8463], [-71.2463, 46.8463], [-71.2462, 46.8464], [-71.2461, 46.8464], [-71.246, 46.8463], [-71.2459, 46.8463], [-71.2458, 46.8463], [-71.2456, 46.8462], [-71.2454, 46.8461], [-71.2453, 46.846], [-71.2451, 46.846], [-71.2449, 46.8459], [-71.2448, 46.8459], [-71.2446, 46.8459], [-71.2445, 46.8459], [-71.2443, 46.846], [-71.2442, 46.846], [-71.2441, 46.8461], [-71.244, 46.8461], [-71.2439, 46.8461], [-71.2438, 46.8461], [-71.2437, 46.8461], [-71.2436, 46.846], [-71.2435, 46.846], [-71.2435, 46.8459], [-71.2434, 46.8459], [-71.2433, 46.8458], [-71.2432, 46.8458], [-71.2431, 46.8458], [-71.243, 46.8458], [-71.2429, 46.8458], [-71.2427, 46.8458], [-71.2426, 46.8458], [-71.2424, 46.8458], [-71.2423, 46.8458], [-71.2422, 46.8458], [-71.242, 46.8457], [-71.2419, 46.8457], [-71.2418, 46.8456], [-71.2417, 46.8455], [-71.2416, 46.8454], [-71.2415, 46.8454], [-71.2414, 46.8453], [-71.2413, 46.8453], [-71.2412, 46.8453], [-71.2411, 46.8453], [-71.241, 46.8453], [-71.2409, 46.8453], [-71.2409, 46.8454], [-71.2408, 46.8455], [-71.2407, 46.8455], [-71.2406, 46.8455], [-71.2405, 46.8455], [-71.2404, 46.8455], [-71.2403, 46.8455], [-71.2401, 46.8455], [-71.24, 46.8455], [-71.2399, 46.8454], [-71.2398, 46.8454], [-71.2397, 46.8452], [-71.2397, 46.8451], [-71.2396, 46.8449], [-71.2396, 46.8447], [-71.2396, 46.8445], [-71.2396, 46.8442], [-71.2396, 46.844], [-71.2397, 46.8438], [-71.2397, 46.8436], [-71.2398, 46.8435], [-71.2399, 46.8433], [-71.24, 46.8432], [-71.2401, 46.8431], [-71.2402, 46.843], [-71.2403, 46.843], [-71.2403, 46.8429], [-71.2404, 46.8429], [-71.2404, 46.8428], [-71.2404, 46.8427], [-71.2403, 46.8426], [-71.2402, 46.8425], [-71.2402, 46.8424], [-71.2402, 46.8423], [-71.2403, 46.8422], [-71.2404, 46.8422], [-71.2405, 46.8421], [-71.2406, 46.842], [-71.2407, 46.842], [-71.2408, 46.8419], [-71.2408, 46.8418], [-71.2409, 46.8418], [-71.2409, 46.8417], [-71.2408, 46.8417], [-71.2408, 46.8416], [-71.2407, 46.8416], [-71.2406, 46.8415], [-71.2406, 46.8414], [-71.2405, 46.8413], [-71.2406, 46.8412], [-71.2406, 46.8411], [-71.2407, 46.8409], [-71.2408, 46.8408], [-71.241, 46.8406], [-71.2411, 46.8405], [-71.2412, 46.8403], [-71.2412, 46.8402], [-71.2413, 46.8401], [-71.2413, 46.84], [-71.2413, 46.8399], [-71.2412, 46.8398], [-71.2411, 46.8397], [-71.2412, 46.8396], [-71.2412, 46.8395], [-71.2413, 46.8394], [-71.2414, 46.8394], [-71.2415, 46.8393], [-71.2415, 46.8392], [-71.2416, 46.8391], [-71.2416, 46.839], [-71.2416, 46.8389], [-71.2417, 46.8387], [-71.2417, 46.8386], [-71.2417, 46.8384], [-71.2417, 46.8382], [-71.2417, 46.8381], [-71.2418, 46.838], [-71.2418, 46.8378], [-71.242, 46.8377], [-71.2421, 46.8376], [-71.2422, 46.8375], [-71.2424, 46.8374], [-71.2425, 46.8373], [-71.2426, 46.8373], [-71.2427, 46.8372], [-71.2427, 46.8371], [-71.2426, 46.837], [-71.2424, 46.837], [-71.2423, 46.837], [-71.2422, 46.8369], [-71.2422, 46.8368], [-71.2422, 46.8367], [-71.2423, 46.8367], [-71.2424, 46.8366], [-71.2425, 46.8365], [-71.2426, 46.8364], [-71.2426, 46.8363], [-71.2427, 46.8362], [-71.2427, 46.8361], [-71.2428, 46.836], [-71.2428, 46.8359], [-71.2428, 46.8357], [-71.2428, 46.8356], [-71.2429, 46.8355], [-71.243, 46.8354], [-71.2431, 46.8354], [-71.2433, 46.8355], [-71.2435, 46.8355], [-71.2437, 46.8356], [-71.2438, 46.8356], [-71.244, 46.8357], [-71.2442, 46.8357], [-71.2443, 46.8357], [-71.2445, 46.8358], [-71.2446, 46.8358], [-71.2447, 46.8357], [-71.2449, 46.8357], [-71.245, 46.8357], [-71.2451, 46.8357], [-71.2452, 46.8357], [-71.2453, 46.8357], [-71.2454, 46.8358], [-71.2455, 46.8359], [-71.2456, 46.8359], [-71.2457, 46.836], [-71.2459, 46.836], [-71.246, 46.836], [-71.2463, 46.836], [-71.2465, 46.836], [-71.2467, 46.836], [-71.247, 46.836], [-71.2472, 46.836], [-71.2474, 46.836], [-71.2475, 46.8361], [-71.2476, 46.8361], [-71.2477, 46.8361], [-71.2478, 46.8362], [-71.2479, 46.8363], [-71.248, 46.8363], [-71.2482, 46.8364], [-71.2483, 46.8364], [-71.2485, 46.8364], [-71.2487, 46.8364], [-71.249, 46.8364], [-71.2493, 46.8364], [-71.2495, 46.8364], [-71.2497, 46.8364], [-71.2499, 46.8364], [-71.2501, 46.8364], [-71.2502, 46.8365], [-71.2503, 46.8365], [-71.2504, 46.8366], [-71.2505, 46.8367], [-71.2506, 46.8367], [-71.2507, 46.8367], [-71.2509, 46.8368], [-71.2511, 46.8368], [-71.2513, 46.8368], [-71.2515, 46.8368], [-71.2518, 46.8368], [-71.2521, 46.8368], [-71.2523, 46.8368], [-71.2525, 46.8368], [-71.2526, 46.8368], [-71.2528, 46.8368], [-71.2529, 46.8369], [-71.253, 46.837], [-71.2531, 46.8371], [-71.2532, 46.8371], [-71.2533, 46.8371], [-71.2534, 46.8371], [-71.2536, 46.837], [-71.2538, 46.837], [-71.254, 46.8369], [-71.2541, 46.8369], [-71.2543, 46.8368], [-71.2545, 46.8368], [-71.2547, 46.8368], [-71.2548, 46.8368], [-71.255, 46.8369], [-71.2552, 46.8369], [-71.2554, 46.8369], [-71.2555, 46.837], [-71.2556, 46.8371], [-71.2557, 46.8371], [-71.2558, 46.8372], [-71.2558, 46.8373], [-71.2559, 46.8374], [-71.2559, 46.8375], [-71.2559, 46.8376], [-71.2559, 46.8377], [-71.2559, 46.8378], [-71.256, 46.8378], [-71.2561, 46.8378], [-71.2562, 46.8378], [-71.2563, 46.8377], [-71.2565, 46.8377], [-71.2566, 46.8377], [-71.2567, 46.8377], [-71.2568, 46.8377], [-71.2569, 46.8377], [-71.257, 46.8377], [-71.2571, 46.8378], [-71.2571, 46.8379], [-71.2571, 46.838], [-71.2571, 46.8381], [-71.257, 46.8382], [-71.2569, 46.8383], [-71.2568, 46.8383]]]}}, {"type": "Feature", "properties": {"couche": "voile", "station": "Charlesbourg", "minutes": 11}, "geometry": {"type": "Polygon", "coordinates": [[[-71.4164, 46.9542], [-71.0835, 46.9563], [-71.081, 46.7284], [-71.4125, 46.7262], [-71.4164, 46.9542]], [[-71.2569, 46.8383], [-71.257, 46.8382], [-71.2571, 46.8381], [-71.2571, 46.838], [-71.2571, 46.8379], [-71.2571, 46.8378], [-71.257, 46.8377], [-71.2569, 46.8377], [-71.2568, 46.8377], [-71.2567, 46.8377], [-71.2566, 46.8377], [-71.2565, 46.8377], [-71.2563, 46.8377], [-71.2562, 46.8378], [-71.2561, 46.8378], [-71.256, 46.8378], [-71.2559, 46.8378], [-71.2559, 46.8377], [-71.2559, 46.8376], [-71.2559, 46.8375], [-71.2559, 46.8374], [-71.2558, 46.8373], [-71.2558, 46.8372], [-71.2557, 46.8371], [-71.2556, 46.8371], [-71.2555, 46.837], [-71.2554, 46.8369], [-71.2552, 46.8369], [-71.255, 46.8369], [-71.2548, 46.8368], [-71.2547, 46.8368], [-71.2545, 46.8368], [-71.2543, 46.8368], [-71.2541, 46.8369], [-71.254, 46.8369], [-71.2538, 46.837], [-71.2536, 46.837], [-71.2534, 46.8371], [-71.2533, 46.8371], [-71.2532, 46.8371], [-71.2531, 46.8371], [-71.253, 46.837], [-71.2529, 46.8369], [-71.2528, 46.8368], [-71.2526, 46.8368], [-71.2525, 46.8368], [-71.2523, 46.8368], [-71.2521, 46.8368], [-71.2518, 46.8368], [-71.2515, 46.8368], [-71.2513, 46.8368], [-71.2511, 46.8368], [-71.2509, 46.8368], [-71.2507, 46.8367], [-71.2506, 46.8367], [-71.2505, 46.8367], [-71.2504, 46.8366], [-71.2503, 46.8365], [-71.2502, 46.8365], [-71.2501, 46.8364], [-71.2499, 46.8364], [-71.2497, 46.8364], [-71.2495, 46.8364], [-71.2493, 46.8364], [-71.249, 46.8364], [-71.2487, 46.8364], [-71.2485, 46.8364], [-71.2483, 46.8364], [-71.2482, 46.8364], [-71.248, 46.8363], [-71.2479, 46.8363], [-71.2478, 46.8362], [-71.2477, 46.8361], [-71.2476, 46.8361], [-71.2475, 46.8361], [-71.2474, 46.836], [-71.2472, 46.836], [-71.247, 46.836], [-71.2467, 46.836], [-71.2465, 46.836], [-71.2463, 46.836], [-71.246, 46.836], [-71.2459, 46.836], [-71.2457, 46.836], [-71.2456, 46.8359], [-71.2455, 46.8359], [-71.2454, 46.8358], [-71.2453, 46.8357], [-71.2452, 46.8357], [-71.2451, 46.8357], [-71.245, 46.8357], [-71.2449, 46.8357], [-71.2447, 46.8357], [-71.2446, 46.8358], [-71.2445, 46.8358], [-71.2443, 46.8357], [-71.2442, 46.8357], [-71.244, 46.8357], [-71.2438, 46.8356], [-71.2437, 46.8356], [-71.2435, 46.8355], [-71.2433, 46.8355], [-71.2431, 46.8354], [-71.243, 46.8354], [-71.2429, 46.8355], [-71.2428, 46.8356], [-71.2428, 46.8357], [-71.2428, 46.8359], [-71.2428, 46.836], [-71.2427, 46.8361], [-71.2427, 46.8362], [-71.2426, 46.8363], [-71.2426, 46.8364], [-71.2425, 46.8365], [-71.2424, 46.8366], [-71.2423, 46.8367], [-71.2422, 46.8367], [-71.2422, 46.8368], [-71.2422, 46.8369], [-71.2423, 46.837], [-71.2424, 46.837], [-71.2426, 46.837], [-71.2427, 46.8371], [-71.2427, 46.8372], [-71.2426, 46.8373], [-71.2425, 46.8373], [-71.2424, 46.8374], [-71.2422, 46.8375], [-71.2421, 46.8376], [-71.242, 46.8377], [-71.2418, 46.8378], [-71.2418, 46.838], [-71.2417, 46.8381], [-71.2417, 46.8382], [-71.2417, 46.8384], [-71.2417, 46.8386], [-71.2417, 46.8387], [-71.2416, 46.8389], [-71.2416, 46.839], [-71.2416, 46.8391], [-71.2415, 46.8392], [-71.2415, 46.8393], [-71.2414, 46.8394], [-71.2413, 46.8394], [-71.2412, 46.8395], [-71.2412, 46.8396], [-71.2411, 46.8397], [-71.2412, 46.8398], [-71.2413, 46.8399], [-71.2413, 46.84], [-71.2413, 46.8401], [-71.2412, 46.8402], [-71.2412, 46.8403], [-71.2411, 46.8405], [-71.241, 46.8406], [-71.2408, 46.8408], [-71.2407, 46.8409], [-71.2406, 46.8411], [-71.2406, 46.8412], [-71.2405, 46.8413], [-71.2406, 46.8414], [-71.2406, 46.8415], [-71.2407, 46.8416], [-71.2408, 46.8416], [-71.2408, 46.8417], [-71.2409, 46.8417], [-71.2409, 46.8418], [-71.2408, 46.8418], [-71.2408, 46.8419], [-71.2407, 46.842], [-71.2406, 46.842], [-71.2405, 46.8421], [-71.2404, 46.8422], [-71.2403, 46.8422], [-71.2402, 46.8423], [-71.2402, 46.8424], [-71.2402, 46.8425], [-71.2403, 46.8426], [-71.2404, 46.8427], [-71.2404, 46.8428], [-71.2404, 46.8429], [-71.2403, 46.8429], [-71.2403, 46.843], [-71.2402, 46.843], [-71.2401, 46.8431], [-71.24, 46.8432], [-71.2399, 46.8433], [-71.2398, 46.8435], [-71.2397, 46.8436], [-71.2397, 46.8438], [-71.2396, 46.844], [-71.2396, 46.8442], [-71.2396, 46.8445], [-71.2396, 46.8447], [-71.2396, 46.8449], [-71.2397, 46.8451], [-71.2397, 46.8452], [-71.2398, 46.8454], [-71.2399, 46.8454], [-71.24, 46.8455], [-71.2401, 46.8455], [-71.2403, 46.8455], [-71.2404, 46.8455], [-71.2405, 46.8455], [-71.2406, 46.8455], [-71.2407, 46.8455], [-71.2408, 46.8455], [-71.2409, 46.8454], [-71.2409, 46.8453], [-71.241, 46.8453], [-71.2411, 46.8453], [-71.2412, 46.8453], [-71.2413, 46.8453], [-71.2414, 46.8453], [-71.2415, 46.8454], [-71.2416, 46.8454], [-71.2417, 46.8455], [-71.2418, 46.8456], [-71.2419, 46.8457], [-71.242, 46.8457], [-71.2422, 46.8458], [-71.2423, 46.8458], [-71.2424, 46.8458], [-71.2426, 46.8458], [-71.2427, 46.8458], [-71.2429, 46.8458], [-71.243, 46.8458], [-71.2431, 46.8458], [-71.2432, 46.8458], [-71.2433, 46.8458], [-71.2434, 46.8459], [-71.2435, 46.8459], [-71.2435, 46.846], [-71.2436, 46.846], [-71.2437, 46.8461], [-71.2438, 46.8461], [-71.2439, 46.8461], [-71.244, 46.8461], [-71.2441, 46.8461], [-71.2442, 46.846], [-71.2443, 46.846], [-71.2445, 46.8459], [-71.2446, 46.8459], [-71.2448, 46.8459], [-71.2449, 46.8459], [-71.2451, 46.846], [-71.2453, 46.846], [-71.2454, 46.8461], [-71.2456, 46.8462], [-71.2458, 46.8463], [-71.2459, 46.8463], [-71.246, 46.8463], [-71.2461, 46.8464], [-71.2462, 46.8464], [-71.2463, 46.8463], [-71.2464, 46.8463], [-71.2464, 46.8462], [-71.2465, 46.8461], [-71.2464, 46.8461], [-71.2464, 46.846], [-71.2464, 46.8459], [-71.2463, 46.8458], [-71.2463, 46.8457], [-71.2462, 46.8456], [-71.2461, 46.8455], [-71.246, 46.8454], [-71.246, 46.8452], [-71.246, 46.8451], [-71.246, 46.8449], [-71.2461, 46.8448], [-71.2461, 46.8446], [-71.2462, 46.8444], [-71.2463, 46.8442], [-71.2464, 46.844], [-71.2465, 46.8439], [-71.2466, 46.8437], [-71.2467, 46.8436], [-71.2468, 46.8435], [-71.247, 46.8434], [-71.2471, 46.8433], [-71.2472, 46.8432], [-71.2474, 46.8432], [-71.2475, 46.8431], [-71.2476, 46.8431], [-71.2477, 46.8431], [-71.2478, 46.8431], [-71.2479, 46.8432], [-71.248, 46.8432], [-71.2481, 46.8433], [-71.2482, 46.8433], [-71.2483, 46.8433], [-71.2484, 46.8434], [-71.2485, 46.8434], [-71.2486, 46.8434], [-71.2488, 46.8433], [-71.2489, 46.8433], [-71.249, 46.8433], [-71.249, 46.8434], [-71.2489, 46.8435], [-71.2488, 46.8436], [-71.2486, 46.8437], [-71.2483, 46.8439], [-71.248, 46.8441], [-71.2478, 46.8443], [-71.2475, 46.8445], [-71.2473, 46.8447], [-71.2472, 46.8449], [-71.2471, 46.8451], [-71.2471, 46.8453], [-71.247, 46.8455], [-71.2471, 46.8457], [-71.2471, 46.8459], [-71.2472, 46.8461], [-71.2473, 46.8462], [-71.2474, 46.8463], [-71.2475, 46.8464], [-71.2477, 46.8464], [-71.2478, 46.8464], [-71.248, 46.8464], [-71.2482, 46.8464], [-71.2483, 46.8464], [-71.2485, 46.8464], [-71.2486, 46.8464], [-71.2487, 46.8465], [-71.2488, 46.8465], [-71.2489, 46.8466], [-71.249, 46.8467], [-71.2491, 46.8468], [-71.2493, 46.8469], [-71.2496, 46.8469], [-71.2499, 46.847], [-71.2503, 46.8471], [-71.2507, 46.8472], [-71.2512, 46.8473], [-71.2518, 46.8474], [-71.2523, 46.8474], [-71.2528, 46.8474], [-71.2532, 46.8473], [-71.2536, 46.8471], [-71.2539, 46.8469], [-71.2542, 46.8466], [-71.2544, 46.8462], [-71.2545, 46.8458], [-71.2547, 46.8454], [-71.2548, 46.8451], [-71.2548, 46.8448], [-71.2548, 46.8446], [-71.2548, 46.8444], [-71.2548, 46.8442], [-71.2547, 46.8441], [-71.2545, 46.8441], [-71.2544, 46.844], [-71.2544, 46.8439], [-71.2544, 46.8438], [-71.2545, 46.8437], [-71.2546, 46.8437], [-71.2548, 46.8436], [-71.255, 46.8435], [-71.2552, 46.8434], [-71.2553, 46.8433], [-71.2554, 46.8432], [-71.2555, 46.8431], [-71.2556, 46.8431], [-71.2556, 46.843], [-71.2556, 46.8429], [-71.2556, 46.8428], [-71.2556, 46.8427], [-71.2555, 46.8426], [-71.2556, 46.8425], [-71.2556, 46.8424], [-71.2557, 46.8423], [-71.2558, 46.8422], [-71.2559, 46.8422], [-71.2559, 46.8421], [-71.256, 46.842], [-71.2561, 46.8419], [-71.256, 46.8418], [-71.2559, 46.8417], [-71.2558, 46.8417], [-71.2557, 46.8417], [-71.2556, 46.8416], [-71.2555, 46.8417], [-71.2554, 46.8417], [-71.2553, 46.8417], [-71.2552, 46.8417], [-71.2551, 46.8418], [-71.255, 46.8418], [-71.2549, 46.8417], [-71.2548, 46.8417], [-71.2547, 46.8417], [-71.2547, 46.8416], [-71.2546, 46.8416], [-71.2546, 46.8415], [-71.2546, 46.8414], [-71.2547, 46.8413], [-71.2548, 46.8412], [-71.255, 46.8411], [-71.2552, 46.841], [-71.2554, 46.8409], [-71.2557, 46.8407], [-71.2559, 46.8406], [-71.2562, 46.8405], [-71.2564, 46.8403], [-71.2565, 46.8402], [-71.2566, 46.8401], [-71.2567, 46.8399], [-71.2568, 46.8398], [-71.2568, 46.8397], [-71.2569, 46.8395], [-71.2569, 46.8394], [-71.2569, 46.8393], [-71.2568, 46.8392], [-71.2568, 46.8391], [-71.2568, 46.839], [-71.2567, 46.8389], [-71.2566, 46.8388], [-71.2566, 46.8387], [-71.2565, 46.8387], [-71.2565, 46.8386], [-71.2566, 46.8385], [-71.2567, 46.8384], [-71.2568, 46.8383], [-71.2569, 46.8383]]]}}, {"type": "Feature", "properties": {"couche": "aire_marche", "station": "Charlesbourg", "ordre": 29, "minutes": 12, "superficie_ha": 147.7, "rue_km": 33.19, "disque_ha": 221.7, "part_disque_pct": 67, "accroche_m": 5, "population": 6339, "navetteurs": 2494, "mode_auto_pct": 71, "mode_tc_pct": 20, "mode_actif_pct": 9, "mode_autre_pct": 0}, "geometry": {"type": "Polygon", "coordinates": [[[-71.2573, 46.839], [-71.2573, 46.8392], [-71.2573, 46.8394], [-71.2572, 46.8396], [-71.2571, 46.8398], [-71.2569, 46.84], [-71.2567, 46.8402], [-71.2564, 46.8404], [-71.2561, 46.8406], [-71.2557, 46.8408], [-71.2554, 46.8409], [-71.2551, 46.841], [-71.2549, 46.8412], [-71.2548, 46.8413], [-71.2546, 46.8414], [-71.2546, 46.8415], [-71.2546, 46.8416], [-71.2547, 46.8416], [-71.2547, 46.8417], [-71.2548, 46.8417], [-71.2549, 46.8417], [-71.2551, 46.8417], [-71.2552, 46.8417], [-71.2554, 46.8416], [-71.2555, 46.8416], [-71.2557, 46.8415], [-71.2559, 46.8414], [-71.256, 46.8414], [-71.2562, 46.8414], [-71.2563, 46.8413], [-71.2564, 46.8413], [-71.2565, 46.8414], [-71.2566, 46.8414], [-71.2567, 46.8414], [-71.2568, 46.8415], [-71.2568, 46.8416], [-71.2568, 46.8417], [-71.2567, 46.8417], [-71.2566, 46.8418], [-71.2565, 46.8419], [-71.2564, 46.8419], [-71.2563, 46.842], [-71.2563, 46.8421], [-71.2562, 46.8422], [-71.2562, 46.8423], [-71.2563, 46.8424], [-71.2564, 46.8424], [-71.2564, 46.8425], [-71.2564, 46.8426], [-71.2564, 46.8427], [-71.2564, 46.8429], [-71.2563, 46.843], [-71.2562, 46.8432], [-71.2561, 46.8434], [-71.2559, 46.8437], [-71.2557, 46.8439], [-71.2556, 46.8442], [-71.2554, 46.8445], [-71.2553, 46.8449], [-71.2551, 46.8453], [-71.255, 46.8457], [-71.2548, 46.8461], [-71.2547, 46.8466], [-71.2545, 46.847], [-71.2544, 46.8473], [-71.2542, 46.8476], [-71.254, 46.8478], [-71.2538, 46.848], [-71.2535, 46.848], [-71.2533, 46.848], [-71.2531, 46.8479], [-71.2528, 46.8479], [-71.2526, 46.8478], [-71.2524, 46.8478], [-71.2522, 46.8478], [-71.2521, 46.8478], [-71.2519, 46.8478], [-71.2518, 46.8478], [-71.2516, 46.8478], [-71.2515, 46.8478], [-71.2514, 46.8478], [-71.2513, 46.8478], [-71.2512, 46.8477], [-71.2511, 46.8476], [-71.2511, 46.8475], [-71.251, 46.8474], [-71.251, 46.8473], [-71.2509, 46.8472], [-71.2508, 46.8472], [-71.2507, 46.8472], [-71.2506, 46.8472], [-71.2505, 46.8473], [-71.2504, 46.8473], [-71.2503, 46.8474], [-71.2502, 46.8474], [-71.25, 46.8474], [-71.2499, 46.8474], [-71.2497, 46.8474], [-71.2495, 46.8474], [-71.2492, 46.8474], [-71.249, 46.8473], [-71.2489, 46.8473], [-71.2487, 46.8472], [-71.2486, 46.8472], [-71.2485, 46.8471], [-71.2485, 46.847], [-71.2485, 46.8469], [-71.2485, 46.8468], [-71.2485, 46.8467], [-71.2485, 46.8466], [-71.2484, 46.8465], [-71.2483, 46.8465], [-71.2481, 46.8465], [-71.2479, 46.8466], [-71.2477, 46.8466], [-71.2474, 46.8467], [-71.2471, 46.8468], [-71.2469, 46.8469], [-71.2466, 46.8469], [-71.2464, 46.8469], [-71.2462, 46.8469], [-71.246, 46.8469], [-71.2458, 46.8469], [-71.2456, 46.8469], [-71.2454, 46.8468], [-71.2453, 46.8468], [-71.2452, 46.8467], [-71.2451, 46.8466], [-71.245, 46.8465], [-71.2449, 46.8464], [-71.2449, 46.8463], [-71.2449, 46.8462], [-71.2448, 46.8461], [-71.2447, 46.846], [-71.2445, 46.846], [-71.2444, 46.846], [-71.2442, 46.8461], [-71.244, 46.8461], [-71.2438, 46.8462], [-71.2436, 46.8463], [-71.2434, 46.8463], [-71.2432, 46.8464], [-71.2431, 46.8464], [-71.2429, 46.8464], [-71.2428, 46.8464], [-71.2427, 46.8464], [-71.2427, 46.8463], [-71.2426, 46.8463], [-71.2426, 46.8462], [-71.2426, 46.8461], [-71.2426, 46.846], [-71.2427, 46.846], [-71.2427, 46.8459], [-71.2427, 46.8458], [-71.2426, 46.8458], [-71.2426, 46.8457], [-71.2425, 46.8457], [-71.2423, 46.8456], [-71.2421, 46.8456], [-71.242, 46.8456], [-71.2419, 46.8456], [-71.2417, 46.8456], [-71.2416, 46.8456], [-71.2415, 46.8456], [-71.2414, 46.8457], [-71.2413, 46.8458], [-71.2413, 46.8459], [-71.2412, 46.8459], [-71.241, 46.846], [-71.2409, 46.846], [-71.2407, 46.846], [-71.2405, 46.846], [-71.2403, 46.846], [-71.24, 46.846], [-71.2397, 46.8459], [-71.2395, 46.8458], [-71.2393, 46.8458], [-71.2391, 46.8457], [-71.239, 46.8457], [-71.2389, 46.8456], [-71.2389, 46.8455], [-71.239, 46.8454], [-71.239, 46.8453], [-71.2391, 46.8452], [-71.2391, 46.8451], [-71.239, 46.845], [-71.239, 46.8449], [-71.2389, 46.8448], [-71.2389, 46.8447], [-71.2388, 46.8446], [-71.2388, 46.8445], [-71.2388, 46.8444], [-71.2387, 46.8444], [-71.2387, 46.8443], [-71.2388, 46.8443], [-71.2388, 46.8442], [-71.2389, 46.8442], [-71.239, 46.8442], [-71.2391, 46.8442], [-71.2392, 46.8442], [-71.2393, 46.8442], [-71.2394, 46.8442], [-71.2395, 46.8441], [-71.2396, 46.8441], [-71.2397, 46.8441], [-71.2397, 46.844], [-71.2396, 46.844], [-71.2395, 46.844], [-71.2394, 46.8439], [-71.2393, 46.8439], [-71.2392, 46.8439], [-71.2391, 46.8438], [-71.239, 46.8437], [-71.239, 46.8436], [-71.239, 46.8435], [-71.2391, 46.8433], [-71.2391, 46.8432], [-71.2392, 46.843], [-71.2393, 46.8429], [-71.2394, 46.8428], [-71.2395, 46.8426], [-71.2397, 46.8425], [-71.2399, 46.8424], [-71.2401, 46.8423], [-71.2403, 46.8422], [-71.2405, 46.8421], [-71.2406, 46.842], [-71.2407, 46.842], [-71.2408, 46.8419], [-71.2407, 46.8419], [-71.2406, 46.8419], [-71.2405, 46.842], [-71.2404, 46.842], [-71.2403, 46.842], [-71.2402, 46.842], [-71.2401, 46.842], [-71.24, 46.842], [-71.2399, 46.842], [-71.2398, 46.842], [-71.2398, 46.8419], [-71.2397, 46.8418], [-71.2397, 46.8417], [-71.2397, 46.8416], [-71.2398, 46.8414], [-71.2399, 46.8412], [-71.24, 46.841], [-71.2401, 46.8408], [-71.2403, 46.8405], [-71.2405, 46.8402], [-71.2406, 46.84], [-71.2407, 46.8398], [-71.2407, 46.8396], [-71.2408, 46.8395], [-71.2408, 46.8394], [-71.2407, 46.8393], [-71.2407, 46.8392], [-71.2406, 46.8392], [-71.2406, 46.8391], [-71.2407, 46.839], [-71.2408, 46.8389], [-71.2409, 46.8388], [-71.241, 46.8388], [-71.241, 46.8387], [-71.2411, 46.8386], [-71.2411, 46.8384], [-71.2412, 46.8383], [-71.2412, 46.8381], [-71.2412, 46.838], [-71.2412, 46.8378], [-71.2412, 46.8376], [-71.2413, 46.8374], [-71.2414, 46.8373], [-71.2415, 46.8371], [-71.2416, 46.837], [-71.2417, 46.8369], [-71.2419, 46.8368], [-71.2421, 46.8367], [-71.2422, 46.8366], [-71.2423, 46.8365], [-71.2424, 46.8365], [-71.2424, 46.8364], [-71.2424, 46.8363], [-71.2423, 46.8363], [-71.2421, 46.8363], [-71.242, 46.8363], [-71.2419, 46.8362], [-71.2419, 46.8361], [-71.2419, 46.836], [-71.242, 46.836], [-71.2421, 46.8359], [-71.2422, 46.8358], [-71.2423, 46.8357], [-71.2423, 46.8356], [-71.2424, 46.8355], [-71.2424, 46.8354], [-71.2424, 46.8353], [-71.2424, 46.8352], [-71.2424, 46.8351], [-71.2424, 46.835], [-71.2425, 46.8349], [-71.2426, 46.8349], [-71.2427, 46.8349], [-71.2428, 46.835], [-71.243, 46.8351], [-71.2431, 46.8351], [-71.2432, 46.8352], [-71.2434, 46.8352], [-71.2435, 46.8352], [-71.2436, 46.8352], [-71.2437, 46.8352], [-71.2438, 46.8352], [-71.2439, 46.8351], [-71.244, 46.8351], [-71.2441, 46.8351], [-71.2442, 46.8351], [-71.2443, 46.8351], [-71.2444, 46.8351], [-71.2445, 46.8351], [-71.2446, 46.8352], [-71.2447, 46.8353], [-71.2448, 46.8353], [-71.2449, 46.8354], [-71.245, 46.8354], [-71.2451, 46.8354], [-71.2452, 46.8354], [-71.2453, 46.8354], [-71.2454, 46.8354], [-71.2455, 46.8353], [-71.2456, 46.8353], [-71.2457, 46.8353], [-71.2458, 46.8353], [-71.246, 46.8353], [-71.2462, 46.8354], [-71.2463, 46.8354], [-71.2466, 46.8355], [-71.2468, 46.8356], [-71.247, 46.8357], [-71.2473, 46.8357], [-71.2476, 46.8358], [-71.248, 46.8358], [-71.2483, 46.8359], [-71.2487, 46.8359], [-71.2491, 46.8359], [-71.2495, 46.8359], [-71.2499, 46.836], [-71.2502, 46.836], [-71.2505, 46.836], [-71.2507, 46.8361], [-71.2509, 46.8361], [-71.2511, 46.8362], [-71.2512, 46.8363], [-71.2513, 46.8363], [-71.2514, 46.8364], [-71.2517, 46.8364], [-71.2519, 46.8364], [-71.2523, 46.8364], [-71.2526, 46.8364], [-71.2531, 46.8364], [-71.2536, 46.8364], [-71.2541, 46.8364], [-71.2545, 46.8364], [-71.2549, 46.8364], [-71.2552, 46.8365], [-71.2555, 46.8365], [-71.2558, 46.8366], [-71.256, 46.8366], [-71.2562, 46.8367], [-71.2563, 46.8368], [-71.2564, 46.8368], [-71.2565, 46.8369], [-71.2565, 46.837], [-71.2565, 46.8371], [-71.2564, 46.8372], [-71.2564, 46.8374], [-71.2562, 46.8375], [-71.2562, 46.8376], [-71.2561, 46.8377], [-71.2562, 46.8377], [-71.2564, 46.8377], [-71.2565, 46.8377], [-71.2568, 46.8377], [-71.2571, 46.8376], [-71.2573, 46.8375], [-71.2575, 46.8375], [-71.2576, 46.8375], [-71.2577, 46.8375], [-71.2577, 46.8376], [-71.2577, 46.8377], [-71.2576, 46.8378], [-71.2575, 46.8379], [-71.2574, 46.838], [-71.2574, 46.8382], [-71.2573, 46.8384], [-71.2573, 46.8385], [-71.2573, 46.8387], [-71.2573, 46.839]]]}}, {"type": "Feature", "properties": {"couche": "voile", "station": "Charlesbourg", "minutes": 12}, "geometry": {"type": "Polygon", "coordinates": [[[-71.417, 46.9548], [-71.0826, 46.957], [-71.0801, 46.7279], [-71.4131, 46.7257], [-71.417, 46.9548]], [[-71.2573, 46.8387], [-71.2573, 46.8385], [-71.2573, 46.8384], [-71.2574, 46.8382], [-71.2574, 46.838], [-71.2575, 46.8379], [-71.2576, 46.8378], [-71.2577, 46.8377], [-71.2577, 46.8376], [-71.2577, 46.8375], [-71.2576, 46.8375], [-71.2575, 46.8375], [-71.2573, 46.8375], [-71.2571, 46.8376], [-71.2568, 46.8377], [-71.2565, 46.8377], [-71.2564, 46.8377], [-71.2562, 46.8377], [-71.2561, 46.8377], [-71.2562, 46.8376], [-71.2562, 46.8375], [-71.2564, 46.8374], [-71.2564, 46.8372], [-71.2565, 46.8371], [-71.2565, 46.837], [-71.2565, 46.8369], [-71.2564, 46.8368], [-71.2563, 46.8368], [-71.2562, 46.8367], [-71.256, 46.8366], [-71.2558, 46.8366], [-71.2555, 46.8365], [-71.2552, 46.8365], [-71.2549, 46.8364], [-71.2545, 46.8364], [-71.2541, 46.8364], [-71.2536, 46.8364], [-71.2531, 46.8364], [-71.2526, 46.8364], [-71.2523, 46.8364], [-71.2519, 46.8364], [-71.2517, 46.8364], [-71.2514, 46.8364], [-71.2513, 46.8363], [-71.2512, 46.8363], [-71.2511, 46.8362], [-71.2509, 46.8361], [-71.2507, 46.8361], [-71.2505, 46.836], [-71.2502, 46.836], [-71.2499, 46.836], [-71.2495, 46.8359], [-71.2491, 46.8359], [-71.2487, 46.8359], [-71.2483, 46.8359], [-71.248, 46.8358], [-71.2476, 46.8358], [-71.2473, 46.8357], [-71.247, 46.8357], [-71.2468, 46.8356], [-71.2466, 46.8355], [-71.2463, 46.8354], [-71.2462, 46.8354], [-71.246, 46.8353], [-71.2458, 46.8353], [-71.2457, 46.8353], [-71.2456, 46.8353], [-71.2455, 46.8353], [-71.2454, 46.8354], [-71.2453, 46.8354], [-71.2452, 46.8354], [-71.2451, 46.8354], [-71.245, 46.8354], [-71.2449, 46.8354], [-71.2448, 46.8353], [-71.2447, 46.8353], [-71.2446, 46.8352], [-71.2445, 46.8351], [-71.2444, 46.8351], [-71.2443, 46.8351], [-71.2442, 46.8351], [-71.2441, 46.8351], [-71.244, 46.8351], [-71.2439, 46.8351], [-71.2438, 46.8352], [-71.2437, 46.8352], [-71.2436, 46.8352], [-71.2435, 46.8352], [-71.2434, 46.8352], [-71.2432, 46.8352], [-71.2431, 46.8351], [-71.243, 46.8351], [-71.2428, 46.835], [-71.2427, 46.8349], [-71.2426, 46.8349], [-71.2425, 46.8349], [-71.2424, 46.835], [-71.2424, 46.8351], [-71.2424, 46.8352], [-71.2424, 46.8353], [-71.2424, 46.8354], [-71.2424, 46.8355], [-71.2423, 46.8356], [-71.2423, 46.8357], [-71.2422, 46.8358], [-71.2421, 46.8359], [-71.242, 46.836], [-71.2419, 46.836], [-71.2419, 46.8361], [-71.2419, 46.8362], [-71.242, 46.8363], [-71.2421, 46.8363], [-71.2423, 46.8363], [-71.2424, 46.8363], [-71.2424, 46.8364], [-71.2424, 46.8365], [-71.2423, 46.8365], [-71.2422, 46.8366], [-71.2421, 46.8367], [-71.2419, 46.8368], [-71.2417, 46.8369], [-71.2416, 46.837], [-71.2415, 46.8371], [-71.2414, 46.8373], [-71.2413, 46.8374], [-71.2412, 46.8376], [-71.2412, 46.8378], [-71.2412, 46.838], [-71.2412, 46.8381], [-71.2412, 46.8383], [-71.2411, 46.8384], [-71.2411, 46.8386], [-71.241, 46.8387], [-71.241, 46.8388], [-71.2409, 46.8388], [-71.2408, 46.8389], [-71.2407, 46.839], [-71.2406, 46.8391], [-71.2406, 46.8392], [-71.2407, 46.8392], [-71.2407, 46.8393], [-71.2408, 46.8394], [-71.2408, 46.8395], [-71.2407, 46.8396], [-71.2407, 46.8398], [-71.2406, 46.84], [-71.2405, 46.8402], [-71.2403, 46.8405], [-71.2401, 46.8408], [-71.24, 46.841], [-71.2399, 46.8412], [-71.2398, 46.8414], [-71.2397, 46.8416], [-71.2397, 46.8417], [-71.2397, 46.8418], [-71.2398, 46.8419], [-71.2398, 46.842], [-71.2399, 46.842], [-71.24, 46.842], [-71.2401, 46.842], [-71.2402, 46.842], [-71.2403, 46.842], [-71.2404, 46.842], [-71.2405, 46.842], [-71.2406, 46.8419], [-71.2407, 46.8419], [-71.2408, 46.8419], [-71.2407, 46.842], [-71.2406, 46.842], [-71.2405, 46.8421], [-71.2403, 46.8422], [-71.2401, 46.8423], [-71.2399, 46.8424], [-71.2397, 46.8425], [-71.2395, 46.8426], [-71.2394, 46.8428], [-71.2393, 46.8429], [-71.2392, 46.843], [-71.2391, 46.8432], [-71.2391, 46.8433], [-71.239, 46.8435], [-71.239, 46.8436], [-71.239, 46.8437], [-71.2391, 46.8438], [-71.2392, 46.8439], [-71.2393, 46.8439], [-71.2394, 46.8439], [-71.2395, 46.844], [-71.2396, 46.844], [-71.2397, 46.844], [-71.2397, 46.8441], [-71.2396, 46.8441], [-71.2395, 46.8441], [-71.2394, 46.8442], [-71.2393, 46.8442], [-71.2392, 46.8442], [-71.2391, 46.8442], [-71.239, 46.8442], [-71.2389, 46.8442], [-71.2388, 46.8442], [-71.2388, 46.8443], [-71.2387, 46.8443], [-71.2387, 46.8444], [-71.2388, 46.8444], [-71.2388, 46.8445], [-71.2388, 46.8446], [-71.2389, 46.8447], [-71.2389, 46.8448], [-71.239, 46.8449], [-71.239, 46.845], [-71.2391, 46.8451], [-71.2391, 46.8452], [-71.239, 46.8453], [-71.239, 46.8454], [-71.2389, 46.8455], [-71.2389, 46.8456], [-71.239, 46.8457], [-71.2391, 46.8457], [-71.2393, 46.8458], [-71.2395, 46.8458], [-71.2397, 46.8459], [-71.24, 46.846], [-71.2403, 46.846], [-71.2405, 46.846], [-71.2407, 46.846], [-71.2409, 46.846], [-71.241, 46.846], [-71.2412, 46.8459], [-71.2413, 46.8459], [-71.2413, 46.8458], [-71.2414, 46.8457], [-71.2415, 46.8456], [-71.2416, 46.8456], [-71.2417, 46.8456], [-71.2419, 46.8456], [-71.242, 46.8456], [-71.2421, 46.8456], [-71.2423, 46.8456], [-71.2425, 46.8457], [-71.2426, 46.8457], [-71.2426, 46.8458], [-71.2427, 46.8458], [-71.2427, 46.8459], [-71.2427, 46.846], [-71.2426, 46.846], [-71.2426, 46.8461], [-71.2426, 46.8462], [-71.2426, 46.8463], [-71.2427, 46.8463], [-71.2427, 46.8464], [-71.2428, 46.8464], [-71.2429, 46.8464], [-71.2431, 46.8464], [-71.2432, 46.8464], [-71.2434, 46.8463], [-71.2436, 46.8463], [-71.2438, 46.8462], [-71.244, 46.8461], [-71.2442, 46.8461], [-71.2444, 46.846], [-71.2445, 46.846], [-71.2447, 46.846], [-71.2448, 46.8461], [-71.2449, 46.8462], [-71.2449, 46.8463], [-71.2449, 46.8464], [-71.245, 46.8465], [-71.2451, 46.8466], [-71.2452, 46.8467], [-71.2453, 46.8468], [-71.2454, 46.8468], [-71.2456, 46.8469], [-71.2458, 46.8469], [-71.246, 46.8469], [-71.2462, 46.8469], [-71.2464, 46.8469], [-71.2466, 46.8469], [-71.2469, 46.8469], [-71.2471, 46.8468], [-71.2474, 46.8467], [-71.2477, 46.8466], [-71.2479, 46.8466], [-71.2481, 46.8465], [-71.2483, 46.8465], [-71.2484, 46.8465], [-71.2485, 46.8466], [-71.2485, 46.8467], [-71.2485, 46.8468], [-71.2485, 46.8469], [-71.2485, 46.847], [-71.2485, 46.8471], [-71.2486, 46.8472], [-71.2487, 46.8472], [-71.2489, 46.8473], [-71.249, 46.8473], [-71.2492, 46.8474], [-71.2495, 46.8474], [-71.2497, 46.8474], [-71.2499, 46.8474], [-71.25, 46.8474], [-71.2502, 46.8474], [-71.2503, 46.8474], [-71.2504, 46.8473], [-71.2505, 46.8473], [-71.2506, 46.8472], [-71.2507, 46.8472], [-71.2508, 46.8472], [-71.2509, 46.8472], [-71.251, 46.8473], [-71.251, 46.8474], [-71.2511, 46.8475], [-71.2511, 46.8476], [-71.2512, 46.8477], [-71.2513, 46.8478], [-71.2514, 46.8478], [-71.2515, 46.8478], [-71.2516, 46.8478], [-71.2518, 46.8478], [-71.2519, 46.8478], [-71.2521, 46.8478], [-71.2522, 46.8478], [-71.2524, 46.8478], [-71.2526, 46.8478], [-71.2528, 46.8479], [-71.2531, 46.8479], [-71.2533, 46.848], [-71.2535, 46.848], [-71.2538, 46.848], [-71.254, 46.8478], [-71.2542, 46.8476], [-71.2544, 46.8473], [-71.2545, 46.847], [-71.2547, 46.8466], [-71.2548, 46.8461], [-71.255, 46.8457], [-71.2551, 46.8453], [-71.2553, 46.8449], [-71.2554, 46.8445], [-71.2556, 46.8442], [-71.2557, 46.8439], [-71.2559, 46.8437], [-71.2561, 46.8434], [-71.2562, 46.8432], [-71.2563, 46.843], [-71.2564, 46.8429], [-71.2564, 46.8427], [-71.2564, 46.8426], [-71.2564, 46.8425], [-71.2564, 46.8424], [-71.2563, 46.8424], [-71.2562, 46.8423], [-71.2562, 46.8422], [-71.2563, 46.8421], [-71.2563, 46.842], [-71.2564, 46.8419], [-71.2565, 46.8419], [-71.2566, 46.8418], [-71.2567, 46.8417], [-71.2568, 46.8417], [-71.2568, 46.8416], [-71.2568, 46.8415], [-71.2567, 46.8414], [-71.2566, 46.8414], [-71.2565, 46.8414], [-71.2564, 46.8413], [-71.2563, 46.8413], [-71.2562, 46.8414], [-71.256, 46.8414], [-71.2559, 46.8414], [-71.2557, 46.8415], [-71.2555, 46.8416], [-71.2554, 46.8416], [-71.2552, 46.8417], [-71.2551, 46.8417], [-71.2549, 46.8417], [-71.2548, 46.8417], [-71.2547, 46.8417], [-71.2547, 46.8416], [-71.2546, 46.8416], [-71.2546, 46.8415], [-71.2546, 46.8414], [-71.2548, 46.8413], [-71.2549, 46.8412], [-71.2551, 46.841], [-71.2554, 46.8409], [-71.2557, 46.8408], [-71.2561, 46.8406], [-71.2564, 46.8404], [-71.2567, 46.8402], [-71.2569, 46.84], [-71.2571, 46.8398], [-71.2572, 46.8396], [-71.2573, 46.8394], [-71.2573, 46.8392], [-71.2573, 46.839], [-71.2573, 46.8387]]]}}, {"type": "Feature", "properties": {"couche": "aire_marche", "station": "Charlesbourg", "ordre": 29, "minutes": 13, "superficie_ha": 172.0, "rue_km": 38.16, "disque_ha": 260.2, "part_disque_pct": 66, "accroche_m": 5, "population": 7635, "navetteurs": 2987, "mode_auto_pct": 71, "mode_tc_pct": 20, "mode_actif_pct": 9, "mode_autre_pct": 0}, "geometry": {"type": "Polygon", "coordinates": [[[-71.2579, 46.8395], [-71.2578, 46.8397], [-71.2576, 46.8399], [-71.2574, 46.84], [-71.2571, 46.8402], [-71.2568, 46.8404], [-71.2565, 46.8405], [-71.2562, 46.8407], [-71.2558, 46.8408], [-71.2554, 46.841], [-71.2552, 46.8411], [-71.2549, 46.8412], [-71.2548, 46.8413], [-71.2547, 46.8414], [-71.2546, 46.8415], [-71.2546, 46.8416], [-71.2547, 46.8416], [-71.2548, 46.8417], [-71.2549, 46.8417], [-71.255, 46.8417], [-71.2552, 46.8416], [-71.2554, 46.8416], [-71.2556, 46.8415], [-71.2558, 46.8414], [-71.2561, 46.8413], [-71.2564, 46.8412], [-71.2566, 46.8411], [-71.2568, 46.8411], [-71.257, 46.841], [-71.2571, 46.841], [-71.2573, 46.841], [-71.2574, 46.841], [-71.2575, 46.8411], [-71.2575, 46.8412], [-71.2575, 46.8413], [-71.2575, 46.8414], [-71.2574, 46.8414], [-71.2573, 46.8415], [-71.2572, 46.8416], [-71.2571, 46.8417], [-71.257, 46.8417], [-71.257, 46.8418], [-71.2569, 46.8419], [-71.2569, 46.842], [-71.257, 46.842], [-71.257, 46.8421], [-71.2571, 46.8422], [-71.2571, 46.8423], [-71.2571, 46.8424], [-71.2571, 46.8425], [-71.257, 46.8425], [-71.2569, 46.8426], [-71.2567, 46.8427], [-71.2566, 46.8428], [-71.2564, 46.8428], [-71.2563, 46.8429], [-71.2563, 46.843], [-71.2563, 46.8431], [-71.2563, 46.8432], [-71.2564, 46.8433], [-71.2565, 46.8433], [-71.2566, 46.8434], [-71.2567, 46.8435], [-71.2567, 46.8436], [-71.2567, 46.8437], [-71.2567, 46.8438], [-71.2566, 46.844], [-71.2565, 46.8441], [-71.2563, 46.8443], [-71.2562, 46.8445], [-71.256, 46.8448], [-71.2559, 46.8451], [-71.2558, 46.8454], [-71.2556, 46.8458], [-71.2555, 46.8462], [-71.2553, 46.8466], [-71.2552, 46.8471], [-71.255, 46.8475], [-71.2547, 46.8478], [-71.2543, 46.8481], [-71.2539, 46.8483], [-71.2534, 46.8484], [-71.2528, 46.8484], [-71.2522, 46.8484], [-71.2515, 46.8483], [-71.2509, 46.8482], [-71.2503, 46.8481], [-71.2499, 46.848], [-71.2495, 46.8479], [-71.2492, 46.8478], [-71.249, 46.8477], [-71.2489, 46.8476], [-71.2489, 46.8475], [-71.2488, 46.8475], [-71.2487, 46.8474], [-71.2486, 46.8474], [-71.2485, 46.8474], [-71.2484, 46.8475], [-71.2482, 46.8475], [-71.2481, 46.8475], [-71.2479, 46.8476], [-71.2478, 46.8476], [-71.2476, 46.8476], [-71.2474, 46.8476], [-71.2471, 46.8476], [-71.2469, 46.8475], [-71.2466, 46.8475], [-71.2463, 46.8475], [-71.2461, 46.8474], [-71.246, 46.8474], [-71.2458, 46.8473], [-71.2457, 46.8473], [-71.2456, 46.8472], [-71.2455, 46.8472], [-71.2455, 46.8471], [-71.2454, 46.8471], [-71.2453, 46.847], [-71.2452, 46.847], [-71.2451, 46.847], [-71.245, 46.847], [-71.2449, 46.847], [-71.2448, 46.8471], [-71.2447, 46.8471], [-71.2446, 46.8471], [-71.2445, 46.847], [-71.2445, 46.8469], [-71.2445, 46.8468], [-71.2445, 46.8467], [-71.2445, 46.8466], [-71.2446, 46.8464], [-71.2446, 46.8463], [-71.2446, 46.8462], [-71.2445, 46.8461], [-71.2444, 46.8461], [-71.2442, 46.8461], [-71.244, 46.8462], [-71.2437, 46.8463], [-71.2434, 46.8464], [-71.2431, 46.8465], [-71.2428, 46.8466], [-71.2425, 46.8466], [-71.2422, 46.8466], [-71.2419, 46.8466], [-71.2417, 46.8465], [-71.2414, 46.8464], [-71.2412, 46.8463], [-71.2409, 46.8462], [-71.2407, 46.8461], [-71.2405, 46.8461], [-71.2404, 46.846], [-71.2402, 46.846], [-71.24, 46.8461], [-71.2399, 46.8461], [-71.2398, 46.8462], [-71.2397, 46.8463], [-71.2395, 46.8463], [-71.2394, 46.8463], [-71.2392, 46.8463], [-71.2391, 46.8463], [-71.2389, 46.8463], [-71.2388, 46.8463], [-71.2386, 46.8462], [-71.2384, 46.8462], [-71.2383, 46.8461], [-71.2383, 46.846], [-71.2383, 46.8459], [-71.2383, 46.8458], [-71.2384, 46.8457], [-71.2385, 46.8456], [-71.2386, 46.8455], [-71.2388, 46.8454], [-71.2388, 46.8453], [-71.2389, 46.8452], [-71.2389, 46.8451], [-71.2388, 46.8449], [-71.2388, 46.8448], [-71.2386, 46.8447], [-71.2385, 46.8446], [-71.2384, 46.8444], [-71.2383, 46.8443], [-71.2382, 46.8442], [-71.2382, 46.8441], [-71.2383, 46.844], [-71.2383, 46.8439], [-71.2384, 46.8439], [-71.2385, 46.8438], [-71.2386, 46.8437], [-71.2387, 46.8436], [-71.2388, 46.8436], [-71.2388, 46.8435], [-71.2388, 46.8434], [-71.2387, 46.8433], [-71.2386, 46.8432], [-71.2386, 46.8431], [-71.2386, 46.8429], [-71.2387, 46.8428], [-71.2388, 46.8426], [-71.2389, 46.8425], [-71.239, 46.8423], [-71.2391, 46.8421], [-71.2392, 46.8419], [-71.2393, 46.8417], [-71.2393, 46.8415], [-71.2394, 46.8413], [-71.2394, 46.8411], [-71.2395, 46.8408], [-71.2395, 46.8406], [-71.2395, 46.8404], [-71.2395, 46.8402], [-71.2396, 46.8399], [-71.2397, 46.8397], [-71.2398, 46.8395], [-71.24, 46.8393], [-71.2401, 46.839], [-71.2403, 46.8388], [-71.2405, 46.8386], [-71.2406, 46.8384], [-71.2407, 46.8382], [-71.2407, 46.838], [-71.2408, 46.8379], [-71.2408, 46.8378], [-71.2407, 46.8376], [-71.2407, 46.8375], [-71.2406, 46.8375], [-71.2406, 46.8374], [-71.2406, 46.8373], [-71.2406, 46.8372], [-71.2407, 46.8372], [-71.2407, 46.8371], [-71.2408, 46.8371], [-71.2409, 46.8371], [-71.241, 46.8371], [-71.2411, 46.837], [-71.2412, 46.837], [-71.2414, 46.8369], [-71.2415, 46.8369], [-71.2417, 46.8368], [-71.2419, 46.8367], [-71.2417, 46.8367], [-71.2416, 46.8368], [-71.2415, 46.8368], [-71.2414, 46.8368], [-71.2413, 46.8368], [-71.2412, 46.8368], [-71.2411, 46.8367], [-71.2411, 46.8366], [-71.2412, 46.8365], [-71.2413, 46.8364], [-71.2414, 46.8363], [-71.2416, 46.8362], [-71.2418, 46.836], [-71.2419, 46.8359], [-71.2421, 46.8358], [-71.2422, 46.8356], [-71.2422, 46.8355], [-71.2423, 46.8353], [-71.2423, 46.8351], [-71.2422, 46.835], [-71.2422, 46.8348], [-71.2422, 46.8346], [-71.2421, 46.8345], [-71.2422, 46.8345], [-71.2423, 46.8345], [-71.2425, 46.8346], [-71.2426, 46.8347], [-71.2428, 46.8348], [-71.243, 46.8349], [-71.2431, 46.835], [-71.2433, 46.8351], [-71.2434, 46.8351], [-71.2436, 46.8351], [-71.2437, 46.835], [-71.2438, 46.835], [-71.2439, 46.8348], [-71.244, 46.8348], [-71.244, 46.8347], [-71.2441, 46.8346], [-71.2442, 46.8346], [-71.2443, 46.8346], [-71.2444, 46.8347], [-71.2445, 46.8348], [-71.2446, 46.8348], [-71.2447, 46.8349], [-71.2448, 46.8349], [-71.2449, 46.8348], [-71.245, 46.8348], [-71.2451, 46.8348], [-71.2452, 46.8348], [-71.2454, 46.8348], [-71.2455, 46.8348], [-71.2457, 46.8348], [-71.2458, 46.8348], [-71.246, 46.8349], [-71.2462, 46.835], [-71.2464, 46.8351], [-71.2466, 46.8351], [-71.2468, 46.8352], [-71.247, 46.8352], [-71.2471, 46.8352], [-71.2473, 46.8352], [-71.2474, 46.8352], [-71.2476, 46.8352], [-71.2477, 46.8352], [-71.2479, 46.8352], [-71.248, 46.8352], [-71.2483, 46.8352], [-71.2485, 46.8352], [-71.2488, 46.8353], [-71.249, 46.8353], [-71.2494, 46.8354], [-71.2497, 46.8355], [-71.25, 46.8356], [-71.2503, 46.8357], [-71.2505, 46.8357], [-71.2508, 46.8358], [-71.251, 46.8358], [-71.2511, 46.8358], [-71.2513, 46.8358], [-71.2514, 46.8358], [-71.2515, 46.8358], [-71.2516, 46.8357], [-71.2517, 46.8358], [-71.2518, 46.8358], [-71.2519, 46.8358], [-71.2519, 46.8359], [-71.252, 46.8359], [-71.252, 46.836], [-71.2521, 46.836], [-71.2522, 46.836], [-71.2523, 46.836], [-71.2524, 46.836], [-71.2525, 46.836], [-71.2527, 46.8359], [-71.2528, 46.8359], [-71.253, 46.8358], [-71.2532, 46.8358], [-71.2533, 46.8357], [-71.2535, 46.8357], [-71.2537, 46.8357], [-71.2539, 46.8357], [-71.254, 46.8357], [-71.2542, 46.8358], [-71.2544, 46.8358], [-71.2546, 46.8358], [-71.2547, 46.8359], [-71.2548, 46.8359], [-71.2549, 46.836], [-71.255, 46.8361], [-71.2551, 46.8362], [-71.2552, 46.8362], [-71.2553, 46.8363], [-71.2554, 46.8363], [-71.2556, 46.8363], [-71.2558, 46.8363], [-71.2561, 46.8363], [-71.2563, 46.8363], [-71.2566, 46.8363], [-71.2568, 46.8364], [-71.257, 46.8364], [-71.2571, 46.8364], [-71.2572, 46.8365], [-71.2573, 46.8365], [-71.2574, 46.8366], [-71.2574, 46.8367], [-71.2573, 46.8368], [-71.2573, 46.8369], [-71.2571, 46.837], [-71.257, 46.8371], [-71.2568, 46.8372], [-71.2566, 46.8372], [-71.2564, 46.8374], [-71.2563, 46.8374], [-71.2562, 46.8375], [-71.2563, 46.8375], [-71.2564, 46.8375], [-71.2567, 46.8374], [-71.257, 46.8374], [-71.2574, 46.8373], [-71.2577, 46.8372], [-71.258, 46.8371], [-71.2583, 46.8371], [-71.2585, 46.8371], [-71.2586, 46.8371], [-71.2587, 46.8371], [-71.2588, 46.8372], [-71.2588, 46.8373], [-71.2587, 46.8374], [-71.2586, 46.8374], [-71.2586, 46.8375], [-71.2584, 46.8376], [-71.2583, 46.8377], [-71.2581, 46.8378], [-71.2579, 46.8378], [-71.2578, 46.8379], [-71.2577, 46.838], [-71.2576, 46.8381], [-71.2576, 46.8382], [-71.2577, 46.8383], [-71.2579, 46.8383], [-71.258, 46.8384], [-71.2581, 46.8385], [-71.2581, 46.8386], [-71.2581, 46.8387], [-71.2581, 46.8389], [-71.2581, 46.8391], [-71.258, 46.8392], [-71.2579, 46.8395]]]}}, {"type": "Feature", "properties": {"couche": "voile", "station": "Charlesbourg", "minutes": 13}, "geometry": {"type": "Polygon", "coordinates": [[[-71.4181, 46.9552], [-71.0821, 46.9574], [-71.0796, 46.7275], [-71.4142, 46.7253], [-71.4181, 46.9552]], [[-71.258, 46.8392], [-71.2581, 46.8391], [-71.2581, 46.8389], [-71.2581, 46.8387], [-71.2581, 46.8386], [-71.2581, 46.8385], [-71.258, 46.8384], [-71.2579, 46.8383], [-71.2577, 46.8383], [-71.2576, 46.8382], [-71.2576, 46.8381], [-71.2577, 46.838], [-71.2578, 46.8379], [-71.2579, 46.8378], [-71.2581, 46.8378], [-71.2583, 46.8377], [-71.2584, 46.8376], [-71.2586, 46.8375], [-71.2586, 46.8374], [-71.2587, 46.8374], [-71.2588, 46.8373], [-71.2588, 46.8372], [-71.2587, 46.8371], [-71.2586, 46.8371], [-71.2585, 46.8371], [-71.2583, 46.8371], [-71.258, 46.8371], [-71.2577, 46.8372], [-71.2574, 46.8373], [-71.257, 46.8374], [-71.2567, 46.8374], [-71.2564, 46.8375], [-71.2563, 46.8375], [-71.2562, 46.8375], [-71.2563, 46.8374], [-71.2564, 46.8374], [-71.2566, 46.8372], [-71.2568, 46.8372], [-71.257, 46.8371], [-71.2571, 46.837], [-71.2573, 46.8369], [-71.2573, 46.8368], [-71.2574, 46.8367], [-71.2574, 46.8366], [-71.2573, 46.8365], [-71.2572, 46.8365], [-71.2571, 46.8364], [-71.257, 46.8364], [-71.2568, 46.8364], [-71.2566, 46.8363], [-71.2563, 46.8363], [-71.2561, 46.8363], [-71.2558, 46.8363], [-71.2556, 46.8363], [-71.2554, 46.8363], [-71.2553, 46.8363], [-71.2552, 46.8362], [-71.2551, 46.8362], [-71.255, 46.8361], [-71.2549, 46.836], [-71.2548, 46.8359], [-71.2547, 46.8359], [-71.2546, 46.8358], [-71.2544, 46.8358], [-71.2542, 46.8358], [-71.254, 46.8357], [-71.2539, 46.8357], [-71.2537, 46.8357], [-71.2535, 46.8357], [-71.2533, 46.8357], [-71.2532, 46.8358], [-71.253, 46.8358], [-71.2528, 46.8359], [-71.2527, 46.8359], [-71.2525, 46.836], [-71.2524, 46.836], [-71.2523, 46.836], [-71.2522, 46.836], [-71.2521, 46.836], [-71.252, 46.836], [-71.252, 46.8359], [-71.2519, 46.8359], [-71.2519, 46.8358], [-71.2518, 46.8358], [-71.2517, 46.8358], [-71.2516, 46.8357], [-71.2515, 46.8358], [-71.2514, 46.8358], [-71.2513, 46.8358], [-71.2511, 46.8358], [-71.251, 46.8358], [-71.2508, 46.8358], [-71.2505, 46.8357], [-71.2503, 46.8357], [-71.25, 46.8356], [-71.2497, 46.8355], [-71.2494, 46.8354], [-71.249, 46.8353], [-71.2488, 46.8353], [-71.2485, 46.8352], [-71.2483, 46.8352], [-71.248, 46.8352], [-71.2479, 46.8352], [-71.2477, 46.8352], [-71.2476, 46.8352], [-71.2474, 46.8352], [-71.2473, 46.8352], [-71.2471, 46.8352], [-71.247, 46.8352], [-71.2468, 46.8352], [-71.2466, 46.8351], [-71.2464, 46.8351], [-71.2462, 46.835], [-71.246, 46.8349], [-71.2458, 46.8348], [-71.2457, 46.8348], [-71.2455, 46.8348], [-71.2454, 46.8348], [-71.2452, 46.8348], [-71.2451, 46.8348], [-71.245, 46.8348], [-71.2449, 46.8348], [-71.2448, 46.8349], [-71.2447, 46.8349], [-71.2446, 46.8348], [-71.2445, 46.8348], [-71.2444, 46.8347], [-71.2443, 46.8346], [-71.2442, 46.8346], [-71.2441, 46.8346], [-71.244, 46.8347], [-71.244, 46.8348], [-71.2439, 46.8348], [-71.2438, 46.835], [-71.2437, 46.835], [-71.2436, 46.8351], [-71.2434, 46.8351], [-71.2433, 46.8351], [-71.2431, 46.835], [-71.243, 46.8349], [-71.2428, 46.8348], [-71.2426, 46.8347], [-71.2425, 46.8346], [-71.2423, 46.8345], [-71.2422, 46.8345], [-71.2421, 46.8345], [-71.2422, 46.8346], [-71.2422, 46.8348], [-71.2422, 46.835], [-71.2423, 46.8351], [-71.2423, 46.8353], [-71.2422, 46.8355], [-71.2422, 46.8356], [-71.2421, 46.8358], [-71.2419, 46.8359], [-71.2418, 46.836], [-71.2416, 46.8362], [-71.2414, 46.8363], [-71.2413, 46.8364], [-71.2412, 46.8365], [-71.2411, 46.8366], [-71.2411, 46.8367], [-71.2412, 46.8368], [-71.2413, 46.8368], [-71.2414, 46.8368], [-71.2415, 46.8368], [-71.2416, 46.8368], [-71.2417, 46.8367], [-71.2419, 46.8367], [-71.2417, 46.8368], [-71.2415, 46.8369], [-71.2414, 46.8369], [-71.2412, 46.837], [-71.2411, 46.837], [-71.241, 46.8371], [-71.2409, 46.8371], [-71.2408, 46.8371], [-71.2407, 46.8371], [-71.2407, 46.8372], [-71.2406, 46.8372], [-71.2406, 46.8373], [-71.2406, 46.8374], [-71.2406, 46.8375], [-71.2407, 46.8375], [-71.2407, 46.8376], [-71.2408, 46.8378], [-71.2408, 46.8379], [-71.2407, 46.838], [-71.2407, 46.8382], [-71.2406, 46.8384], [-71.2405, 46.8386], [-71.2403, 46.8388], [-71.2401, 46.839], [-71.24, 46.8393], [-71.2398, 46.8395], [-71.2397, 46.8397], [-71.2396, 46.8399], [-71.2395, 46.8402], [-71.2395, 46.8404], [-71.2395, 46.8406], [-71.2395, 46.8408], [-71.2394, 46.8411], [-71.2394, 46.8413], [-71.2393, 46.8415], [-71.2393, 46.8417], [-71.2392, 46.8419], [-71.2391, 46.8421], [-71.239, 46.8423], [-71.2389, 46.8425], [-71.2388, 46.8426], [-71.2387, 46.8428], [-71.2386, 46.8429], [-71.2386, 46.8431], [-71.2386, 46.8432], [-71.2387, 46.8433], [-71.2388, 46.8434], [-71.2388, 46.8435], [-71.2388, 46.8436], [-71.2387, 46.8436], [-71.2386, 46.8437], [-71.2385, 46.8438], [-71.2384, 46.8439], [-71.2383, 46.8439], [-71.2383, 46.844], [-71.2382, 46.8441], [-71.2382, 46.8442], [-71.2383, 46.8443], [-71.2384, 46.8444], [-71.2385, 46.8446], [-71.2386, 46.8447], [-71.2388, 46.8448], [-71.2388, 46.8449], [-71.2389, 46.8451], [-71.2389, 46.8452], [-71.2388, 46.8453], [-71.2388, 46.8454], [-71.2386, 46.8455], [-71.2385, 46.8456], [-71.2384, 46.8457], [-71.2383, 46.8458], [-71.2383, 46.8459], [-71.2383, 46.846], [-71.2383, 46.8461], [-71.2384, 46.8462], [-71.2386, 46.8462], [-71.2388, 46.8463], [-71.2389, 46.8463], [-71.2391, 46.8463], [-71.2392, 46.8463], [-71.2394, 46.8463], [-71.2395, 46.8463], [-71.2397, 46.8463], [-71.2398, 46.8462], [-71.2399, 46.8461], [-71.24, 46.8461], [-71.2402, 46.846], [-71.2404, 46.846], [-71.2405, 46.8461], [-71.2407, 46.8461], [-71.2409, 46.8462], [-71.2412, 46.8463], [-71.2414, 46.8464], [-71.2417, 46.8465], [-71.2419, 46.8466], [-71.2422, 46.8466], [-71.2425, 46.8466], [-71.2428, 46.8466], [-71.2431, 46.8465], [-71.2434, 46.8464], [-71.2437, 46.8463], [-71.244, 46.8462], [-71.2442, 46.8461], [-71.2444, 46.8461], [-71.2445, 46.8461], [-71.2446, 46.8462], [-71.2446, 46.8463], [-71.2446, 46.8464], [-71.2445, 46.8466], [-71.2445, 46.8467], [-71.2445, 46.8468], [-71.2445, 46.8469], [-71.2445, 46.847], [-71.2446, 46.8471], [-71.2447, 46.8471], [-71.2448, 46.8471], [-71.2449, 46.847], [-71.245, 46.847], [-71.2451, 46.847], [-71.2452, 46.847], [-71.2453, 46.847], [-71.2454, 46.8471], [-71.2455, 46.8471], [-71.2455, 46.8472], [-71.2456, 46.8472], [-71.2457, 46.8473], [-71.2458, 46.8473], [-71.246, 46.8474], [-71.2461, 46.8474], [-71.2463, 46.8475], [-71.2466, 46.8475], [-71.2469, 46.8475], [-71.2471, 46.8476], [-71.2474, 46.8476], [-71.2476, 46.8476], [-71.2478, 46.8476], [-71.2479, 46.8476], [-71.2481, 46.8475], [-71.2482, 46.8475], [-71.2484, 46.8475], [-71.2485, 46.8474], [-71.2486, 46.8474], [-71.2487, 46.8474], [-71.2488, 46.8475], [-71.2489, 46.8475], [-71.2489, 46.8476], [-71.249, 46.8477], [-71.2492, 46.8478], [-71.2495, 46.8479], [-71.2499, 46.848], [-71.2503, 46.8481], [-71.2509, 46.8482], [-71.2515, 46.8483], [-71.2522, 46.8484], [-71.2528, 46.8484], [-71.2534, 46.8484], [-71.2539, 46.8483], [-71.2543, 46.8481], [-71.2547, 46.8478], [-71.255, 46.8475], [-71.2552, 46.8471], [-71.2553, 46.8466], [-71.2555, 46.8462], [-71.2556, 46.8458], [-71.2558, 46.8454], [-71.2559, 46.8451], [-71.256, 46.8448], [-71.2562, 46.8445], [-71.2563, 46.8443], [-71.2565, 46.8441], [-71.2566, 46.844], [-71.2567, 46.8438], [-71.2567, 46.8437], [-71.2567, 46.8436], [-71.2567, 46.8435], [-71.2566, 46.8434], [-71.2565, 46.8433], [-71.2564, 46.8433], [-71.2563, 46.8432], [-71.2563, 46.8431], [-71.2563, 46.843], [-71.2563, 46.8429], [-71.2564, 46.8428], [-71.2566, 46.8428], [-71.2567, 46.8427], [-71.2569, 46.8426], [-71.257, 46.8425], [-71.2571, 46.8425], [-71.2571, 46.8424], [-71.2571, 46.8423], [-71.2571, 46.8422], [-71.257, 46.8421], [-71.257, 46.842], [-71.2569, 46.842], [-71.2569, 46.8419], [-71.257, 46.8418], [-71.257, 46.8417], [-71.2571, 46.8417], [-71.2572, 46.8416], [-71.2573, 46.8415], [-71.2574, 46.8414], [-71.2575, 46.8414], [-71.2575, 46.8413], [-71.2575, 46.8412], [-71.2575, 46.8411], [-71.2574, 46.841], [-71.2573, 46.841], [-71.2571, 46.841], [-71.257, 46.841], [-71.2568, 46.8411], [-71.2566, 46.8411], [-71.2564, 46.8412], [-71.2561, 46.8413], [-71.2558, 46.8414], [-71.2556, 46.8415], [-71.2554, 46.8416], [-71.2552, 46.8416], [-71.255, 46.8417], [-71.2549, 46.8417], [-71.2548, 46.8417], [-71.2547, 46.8416], [-71.2546, 46.8416], [-71.2546, 46.8415], [-71.2547, 46.8414], [-71.2548, 46.8413], [-71.2549, 46.8412], [-71.2552, 46.8411], [-71.2554, 46.841], [-71.2558, 46.8408], [-71.2562, 46.8407], [-71.2565, 46.8405], [-71.2568, 46.8404], [-71.2571, 46.8402], [-71.2574, 46.84], [-71.2576, 46.8399], [-71.2578, 46.8397], [-71.2579, 46.8395], [-71.258, 46.8392]]]}}, {"type": "Feature", "properties": {"couche": "aire_marche", "station": "Charlesbourg", "ordre": 29, "minutes": 14, "superficie_ha": 197.5, "rue_km": 43.38, "disque_ha": 301.7, "part_disque_pct": 65, "accroche_m": 5, "population": 9044, "navetteurs": 3523, "mode_auto_pct": 72, "mode_tc_pct": 19, "mode_actif_pct": 9, "mode_autre_pct": 0}, "geometry": {"type": "Polygon", "coordinates": [[[-71.2582, 46.8377], [-71.258, 46.8378], [-71.2579, 46.8379], [-71.2578, 46.838], [-71.2577, 46.838], [-71.2578, 46.8381], [-71.2579, 46.8381], [-71.2581, 46.8381], [-71.2583, 46.8381], [-71.2585, 46.8381], [-71.2587, 46.8382], [-71.2588, 46.8382], [-71.2589, 46.8383], [-71.2589, 46.8384], [-71.2589, 46.8386], [-71.2589, 46.8387], [-71.2589, 46.8389], [-71.2588, 46.8391], [-71.2586, 46.8393], [-71.2584, 46.8395], [-71.2581, 46.8397], [-71.2577, 46.8399], [-71.2573, 46.8401], [-71.2568, 46.8403], [-71.2563, 46.8406], [-71.2558, 46.8408], [-71.2554, 46.8409], [-71.2551, 46.8411], [-71.2549, 46.8412], [-71.2547, 46.8414], [-71.2546, 46.8415], [-71.2546, 46.8416], [-71.2547, 46.8416], [-71.2548, 46.8417], [-71.2549, 46.8417], [-71.2551, 46.8416], [-71.2553, 46.8416], [-71.2555, 46.8415], [-71.2558, 46.8414], [-71.2561, 46.8413], [-71.2565, 46.8411], [-71.2568, 46.841], [-71.2571, 46.8409], [-71.2574, 46.8408], [-71.2576, 46.8407], [-71.2578, 46.8407], [-71.258, 46.8407], [-71.2581, 46.8407], [-71.2582, 46.8407], [-71.2583, 46.8408], [-71.2583, 46.8409], [-71.2582, 46.841], [-71.2582, 46.8411], [-71.2581, 46.8411], [-71.258, 46.8412], [-71.2579, 46.8413], [-71.2578, 46.8414], [-71.2577, 46.8415], [-71.2577, 46.8416], [-71.2577, 46.8417], [-71.2578, 46.8418], [-71.2578, 46.8419], [-71.2579, 46.8419], [-71.2578, 46.842], [-71.2578, 46.8421], [-71.2577, 46.8422], [-71.2575, 46.8423], [-71.2574, 46.8424], [-71.2571, 46.8425], [-71.2569, 46.8426], [-71.2567, 46.8427], [-71.2565, 46.8428], [-71.2564, 46.8429], [-71.2564, 46.843], [-71.2566, 46.8429], [-71.2567, 46.8429], [-71.2569, 46.8429], [-71.257, 46.8429], [-71.2571, 46.8429], [-71.2573, 46.8429], [-71.2574, 46.8429], [-71.2575, 46.843], [-71.2576, 46.843], [-71.2576, 46.8431], [-71.2576, 46.8432], [-71.2576, 46.8433], [-71.2575, 46.8433], [-71.2574, 46.8434], [-71.2573, 46.8435], [-71.2572, 46.8435], [-71.2571, 46.8436], [-71.257, 46.8437], [-71.2569, 46.8438], [-71.2569, 46.8439], [-71.257, 46.8439], [-71.257, 46.844], [-71.2571, 46.844], [-71.2572, 46.8441], [-71.2572, 46.8442], [-71.2572, 46.8444], [-71.2571, 46.8445], [-71.257, 46.8447], [-71.2569, 46.8449], [-71.2567, 46.8451], [-71.2565, 46.8454], [-71.2563, 46.8456], [-71.2561, 46.8458], [-71.256, 46.846], [-71.2559, 46.8462], [-71.2559, 46.8464], [-71.2559, 46.8465], [-71.2559, 46.8466], [-71.2559, 46.8467], [-71.256, 46.8468], [-71.256, 46.8469], [-71.256, 46.8471], [-71.2559, 46.8473], [-71.2559, 46.8475], [-71.2558, 46.8477], [-71.2557, 46.848], [-71.2556, 46.8483], [-71.2555, 46.8485], [-71.2552, 46.8487], [-71.2549, 46.8488], [-71.2545, 46.8489], [-71.254, 46.849], [-71.2535, 46.849], [-71.2529, 46.849], [-71.2522, 46.8489], [-71.2515, 46.8488], [-71.251, 46.8487], [-71.2506, 46.8486], [-71.2502, 46.8485], [-71.2499, 46.8484], [-71.2497, 46.8484], [-71.2496, 46.8483], [-71.2495, 46.8482], [-71.2494, 46.8481], [-71.2493, 46.8481], [-71.2492, 46.848], [-71.249, 46.848], [-71.2488, 46.848], [-71.2485, 46.848], [-71.2482, 46.848], [-71.2479, 46.848], [-71.2476, 46.848], [-71.2474, 46.848], [-71.2472, 46.8479], [-71.247, 46.8479], [-71.2468, 46.8479], [-71.2467, 46.8478], [-71.2466, 46.8478], [-71.2466, 46.8477], [-71.2465, 46.8476], [-71.2464, 46.8475], [-71.2463, 46.8475], [-71.2462, 46.8475], [-71.2462, 46.8476], [-71.2461, 46.8476], [-71.246, 46.8477], [-71.2459, 46.8477], [-71.2458, 46.8477], [-71.2457, 46.8477], [-71.2456, 46.8477], [-71.2455, 46.8477], [-71.2453, 46.8476], [-71.2452, 46.8476], [-71.2451, 46.8475], [-71.2449, 46.8475], [-71.2448, 46.8474], [-71.2447, 46.8474], [-71.2445, 46.8474], [-71.2444, 46.8473], [-71.2443, 46.8473], [-71.2442, 46.8474], [-71.244, 46.8474], [-71.2439, 46.8474], [-71.2438, 46.8474], [-71.2437, 46.8474], [-71.2436, 46.8473], [-71.2435, 46.8472], [-71.2435, 46.8471], [-71.2436, 46.847], [-71.2436, 46.8469], [-71.2437, 46.8469], [-71.2439, 46.8468], [-71.244, 46.8467], [-71.2442, 46.8466], [-71.2444, 46.8465], [-71.2446, 46.8464], [-71.2447, 46.8463], [-71.2449, 46.8463], [-71.2449, 46.8462], [-71.245, 46.8461], [-71.245, 46.846], [-71.2449, 46.8459], [-71.2447, 46.8459], [-71.2445, 46.846], [-71.2443, 46.846], [-71.244, 46.8461], [-71.2436, 46.8462], [-71.2432, 46.8464], [-71.2428, 46.8465], [-71.2424, 46.8467], [-71.242, 46.8468], [-71.2417, 46.8468], [-71.2414, 46.8468], [-71.2412, 46.8468], [-71.241, 46.8467], [-71.2408, 46.8466], [-71.2407, 46.8464], [-71.2406, 46.8463], [-71.2405, 46.8462], [-71.2403, 46.8461], [-71.2402, 46.8461], [-71.2401, 46.8461], [-71.2399, 46.8462], [-71.2398, 46.8462], [-71.2396, 46.8463], [-71.2394, 46.8464], [-71.2393, 46.8465], [-71.2391, 46.8466], [-71.2389, 46.8466], [-71.2387, 46.8466], [-71.2384, 46.8466], [-71.2382, 46.8466], [-71.238, 46.8465], [-71.2378, 46.8465], [-71.2376, 46.8464], [-71.2375, 46.8463], [-71.2374, 46.8463], [-71.2373, 46.8462], [-71.2373, 46.8461], [-71.2373, 46.846], [-71.2374, 46.8459], [-71.2374, 46.8458], [-71.2375, 46.8457], [-71.2376, 46.8456], [-71.2377, 46.8455], [-71.2379, 46.8455], [-71.2381, 46.8454], [-71.2382, 46.8453], [-71.2384, 46.8453], [-71.2386, 46.8452], [-71.2387, 46.8452], [-71.2387, 46.8451], [-71.2387, 46.845], [-71.2386, 46.8449], [-71.2385, 46.8448], [-71.2383, 46.8447], [-71.2381, 46.8446], [-71.2379, 46.8444], [-71.2378, 46.8443], [-71.2377, 46.8442], [-71.2376, 46.844], [-71.2377, 46.8439], [-71.2377, 46.8437], [-71.2379, 46.8436], [-71.2381, 46.8434], [-71.2382, 46.8433], [-71.2383, 46.8431], [-71.2384, 46.843], [-71.2384, 46.8429], [-71.2385, 46.8428], [-71.2384, 46.8427], [-71.2384, 46.8426], [-71.2383, 46.8426], [-71.2382, 46.8425], [-71.2382, 46.8424], [-71.2382, 46.8423], [-71.2382, 46.8421], [-71.2383, 46.8419], [-71.2384, 46.8417], [-71.2385, 46.8415], [-71.2387, 46.8412], [-71.2388, 46.8409], [-71.2389, 46.8407], [-71.239, 46.8405], [-71.2391, 46.8403], [-71.2391, 46.8401], [-71.2392, 46.8399], [-71.2391, 46.8398], [-71.2391, 46.8397], [-71.2391, 46.8396], [-71.2391, 46.8394], [-71.2391, 46.8393], [-71.2392, 46.8392], [-71.2393, 46.8391], [-71.2394, 46.839], [-71.2395, 46.8389], [-71.2397, 46.8388], [-71.2398, 46.8386], [-71.2399, 46.8385], [-71.24, 46.8384], [-71.24, 46.8383], [-71.2399, 46.8382], [-71.2399, 46.8381], [-71.2398, 46.8381], [-71.2397, 46.838], [-71.2397, 46.8379], [-71.2397, 46.8378], [-71.2398, 46.8377], [-71.2398, 46.8376], [-71.2399, 46.8376], [-71.24, 46.8375], [-71.2401, 46.8374], [-71.2401, 46.8373], [-71.2402, 46.8372], [-71.2401, 46.8372], [-71.2401, 46.8371], [-71.2401, 46.837], [-71.2401, 46.8369], [-71.2402, 46.8368], [-71.2403, 46.8367], [-71.2405, 46.8366], [-71.2407, 46.8364], [-71.241, 46.8363], [-71.2413, 46.8362], [-71.2416, 46.836], [-71.2418, 46.8358], [-71.242, 46.8357], [-71.242, 46.8355], [-71.2421, 46.8353], [-71.242, 46.8351], [-71.2419, 46.835], [-71.2418, 46.8348], [-71.2417, 46.8346], [-71.2415, 46.8344], [-71.2415, 46.8343], [-71.2414, 46.8342], [-71.2414, 46.834], [-71.2413, 46.834], [-71.2414, 46.8339], [-71.2414, 46.8338], [-71.2415, 46.8337], [-71.2416, 46.8337], [-71.2417, 46.8336], [-71.2418, 46.8336], [-71.2419, 46.8336], [-71.242, 46.8337], [-71.2421, 46.8337], [-71.2422, 46.8338], [-71.2424, 46.8339], [-71.2425, 46.8341], [-71.2426, 46.8342], [-71.2428, 46.8344], [-71.2429, 46.8346], [-71.2431, 46.8348], [-71.2432, 46.8349], [-71.2433, 46.835], [-71.2434, 46.8351], [-71.2435, 46.8351], [-71.2435, 46.835], [-71.2435, 46.8349], [-71.2436, 46.8348], [-71.2437, 46.8347], [-71.2438, 46.8346], [-71.2439, 46.8346], [-71.244, 46.8345], [-71.2442, 46.8344], [-71.2444, 46.8343], [-71.2445, 46.8343], [-71.2447, 46.8343], [-71.2448, 46.8342], [-71.2449, 46.8342], [-71.245, 46.8343], [-71.2451, 46.8343], [-71.2452, 46.8343], [-71.2452, 46.8344], [-71.2453, 46.8344], [-71.2454, 46.8345], [-71.2456, 46.8345], [-71.2457, 46.8345], [-71.2459, 46.8345], [-71.2462, 46.8346], [-71.2464, 46.8346], [-71.2467, 46.8345], [-71.247, 46.8345], [-71.2473, 46.8346], [-71.2475, 46.8346], [-71.2478, 46.8346], [-71.248, 46.8347], [-71.2482, 46.8347], [-71.2484, 46.8348], [-71.2486, 46.8349], [-71.2488, 46.8349], [-71.249, 46.835], [-71.2492, 46.8351], [-71.2494, 46.8351], [-71.2497, 46.8351], [-71.2499, 46.8351], [-71.2502, 46.8352], [-71.2504, 46.8352], [-71.2507, 46.8352], [-71.2509, 46.8352], [-71.2511, 46.8352], [-71.2512, 46.8352], [-71.2513, 46.8352], [-71.2514, 46.8353], [-71.2515, 46.8353], [-71.2515, 46.8354], [-71.2516, 46.8354], [-71.2517, 46.8354], [-71.2517, 46.8355], [-71.2518, 46.8355], [-71.2519, 46.8354], [-71.2521, 46.8354], [-71.2522, 46.8354], [-71.2524, 46.8353], [-71.2525, 46.8353], [-71.2527, 46.8352], [-71.2529, 46.8352], [-71.2531, 46.8352], [-71.2533, 46.8353], [-71.2535, 46.8353], [-71.2537, 46.8354], [-71.2539, 46.8354], [-71.2542, 46.8355], [-71.2543, 46.8356], [-71.2545, 46.8356], [-71.2547, 46.8356], [-71.2548, 46.8356], [-71.255, 46.8356], [-71.2551, 46.8356], [-71.2552, 46.8356], [-71.2553, 46.8356], [-71.2554, 46.8356], [-71.2555, 46.8356], [-71.2556, 46.8356], [-71.2557, 46.8357], [-71.2558, 46.8358], [-71.2559, 46.8359], [-71.256, 46.8359], [-71.2561, 46.8359], [-71.2562, 46.8359], [-71.2563, 46.8359], [-71.2564, 46.8358], [-71.2565, 46.8358], [-71.2566, 46.8358], [-71.2568, 46.8358], [-71.2569, 46.8358], [-71.2571, 46.8358], [-71.2572, 46.8358], [-71.2574, 46.8358], [-71.2576, 46.8359], [-71.2577, 46.8359], [-71.2579, 46.836], [-71.258, 46.836], [-71.2581, 46.8361], [-71.2581, 46.8362], [-71.2582, 46.8362], [-71.2582, 46.8363], [-71.2582, 46.8364], [-71.2581, 46.8365], [-71.258, 46.8366], [-71.2578, 46.8367], [-71.2577, 46.8369], [-71.258, 46.8368], [-71.2582, 46.8367], [-71.2585, 46.8366], [-71.2587, 46.8366], [-71.2589, 46.8365], [-71.259, 46.8365], [-71.2591, 46.8366], [-71.2593, 46.8366], [-71.2594, 46.8367], [-71.2595, 46.8367], [-71.2595, 46.8368], [-71.2596, 46.8369], [-71.2595, 46.837], [-71.2594, 46.8371], [-71.2593, 46.8372], [-71.2592, 46.8373], [-71.259, 46.8374], [-71.2588, 46.8375], [-71.2585, 46.8376], [-71.2582, 46.8377]]]}}, {"type": "Feature", "properties": {"couche": "voile", "station": "Charlesbourg", "minutes": 14}, "geometry": {"type": "Polygon", "coordinates": [[[-71.4189, 46.9558], [-71.0812, 46.958], [-71.0787, 46.7266], [-71.415, 46.7244], [-71.4189, 46.9558]], [[-71.2585, 46.8376], [-71.2588, 46.8375], [-71.259, 46.8374], [-71.2592, 46.8373], [-71.2593, 46.8372], [-71.2594, 46.8371], [-71.2595, 46.837], [-71.2596, 46.8369], [-71.2595, 46.8368], [-71.2595, 46.8367], [-71.2594, 46.8367], [-71.2593, 46.8366], [-71.2591, 46.8366], [-71.259, 46.8365], [-71.2589, 46.8365], [-71.2587, 46.8366], [-71.2585, 46.8366], [-71.2582, 46.8367], [-71.258, 46.8368], [-71.2577, 46.8369], [-71.2578, 46.8367], [-71.258, 46.8366], [-71.2581, 46.8365], [-71.2582, 46.8364], [-71.2582, 46.8363], [-71.2582, 46.8362], [-71.2581, 46.8362], [-71.2581, 46.8361], [-71.258, 46.836], [-71.2579, 46.836], [-71.2577, 46.8359], [-71.2576, 46.8359], [-71.2574, 46.8358], [-71.2572, 46.8358], [-71.2571, 46.8358], [-71.2569, 46.8358], [-71.2568, 46.8358], [-71.2566, 46.8358], [-71.2565, 46.8358], [-71.2564, 46.8358], [-71.2563, 46.8359], [-71.2562, 46.8359], [-71.2561, 46.8359], [-71.256, 46.8359], [-71.2559, 46.8359], [-71.2558, 46.8358], [-71.2557, 46.8357], [-71.2556, 46.8356], [-71.2555, 46.8356], [-71.2554, 46.8356], [-71.2553, 46.8356], [-71.2552, 46.8356], [-71.2551, 46.8356], [-71.255, 46.8356], [-71.2548, 46.8356], [-71.2547, 46.8356], [-71.2545, 46.8356], [-71.2543, 46.8356], [-71.2542, 46.8355], [-71.2539, 46.8354], [-71.2537, 46.8354], [-71.2535, 46.8353], [-71.2533, 46.8353], [-71.2531, 46.8352], [-71.2529, 46.8352], [-71.2527, 46.8352], [-71.2525, 46.8353], [-71.2524, 46.8353], [-71.2522, 46.8354], [-71.2521, 46.8354], [-71.2519, 46.8354], [-71.2518, 46.8355], [-71.2517, 46.8355], [-71.2517, 46.8354], [-71.2516, 46.8354], [-71.2515, 46.8354], [-71.2515, 46.8353], [-71.2514, 46.8353], [-71.2513, 46.8352], [-71.2512, 46.8352], [-71.2511, 46.8352], [-71.2509, 46.8352], [-71.2507, 46.8352], [-71.2504, 46.8352], [-71.2502, 46.8352], [-71.2499, 46.8351], [-71.2497, 46.8351], [-71.2494, 46.8351], [-71.2492, 46.8351], [-71.249, 46.835], [-71.2488, 46.8349], [-71.2486, 46.8349], [-71.2484, 46.8348], [-71.2482, 46.8347], [-71.248, 46.8347], [-71.2478, 46.8346], [-71.2475, 46.8346], [-71.2473, 46.8346], [-71.247, 46.8345], [-71.2467, 46.8345], [-71.2464, 46.8346], [-71.2462, 46.8346], [-71.2459, 46.8345], [-71.2457, 46.8345], [-71.2456, 46.8345], [-71.2454, 46.8345], [-71.2453, 46.8344], [-71.2452, 46.8344], [-71.2452, 46.8343], [-71.2451, 46.8343], [-71.245, 46.8343], [-71.2449, 46.8342], [-71.2448, 46.8342], [-71.2447, 46.8343], [-71.2445, 46.8343], [-71.2444, 46.8343], [-71.2442, 46.8344], [-71.244, 46.8345], [-71.2439, 46.8346], [-71.2438, 46.8346], [-71.2437, 46.8347], [-71.2436, 46.8348], [-71.2435, 46.8349], [-71.2435, 46.835], [-71.2435, 46.8351], [-71.2434, 46.8351], [-71.2433, 46.835], [-71.2432, 46.8349], [-71.2431, 46.8348], [-71.2429, 46.8346], [-71.2428, 46.8344], [-71.2426, 46.8342], [-71.2425, 46.8341], [-71.2424, 46.8339], [-71.2422, 46.8338], [-71.2421, 46.8337], [-71.242, 46.8337], [-71.2419, 46.8336], [-71.2418, 46.8336], [-71.2417, 46.8336], [-71.2416, 46.8337], [-71.2415, 46.8337], [-71.2414, 46.8338], [-71.2414, 46.8339], [-71.2413, 46.834], [-71.2414, 46.834], [-71.2414, 46.8342], [-71.2415, 46.8343], [-71.2415, 46.8344], [-71.2417, 46.8346], [-71.2418, 46.8348], [-71.2419, 46.835], [-71.242, 46.8351], [-71.2421, 46.8353], [-71.242, 46.8355], [-71.242, 46.8357], [-71.2418, 46.8358], [-71.2416, 46.836], [-71.2413, 46.8362], [-71.241, 46.8363], [-71.2407, 46.8364], [-71.2405, 46.8366], [-71.2403, 46.8367], [-71.2402, 46.8368], [-71.2401, 46.8369], [-71.2401, 46.837], [-71.2401, 46.8371], [-71.2401, 46.8372], [-71.2402, 46.8372], [-71.2401, 46.8373], [-71.2401, 46.8374], [-71.24, 46.8375], [-71.2399, 46.8376], [-71.2398, 46.8376], [-71.2398, 46.8377], [-71.2397, 46.8378], [-71.2397, 46.8379], [-71.2397, 46.838], [-71.2398, 46.8381], [-71.2399, 46.8381], [-71.2399, 46.8382], [-71.24, 46.8383], [-71.24, 46.8384], [-71.2399, 46.8385], [-71.2398, 46.8386], [-71.2397, 46.8388], [-71.2395, 46.8389], [-71.2394, 46.839], [-71.2393, 46.8391], [-71.2392, 46.8392], [-71.2391, 46.8393], [-71.2391, 46.8394], [-71.2391, 46.8396], [-71.2391, 46.8397], [-71.2391, 46.8398], [-71.2392, 46.8399], [-71.2391, 46.8401], [-71.2391, 46.8403], [-71.239, 46.8405], [-71.2389, 46.8407], [-71.2388, 46.8409], [-71.2387, 46.8412], [-71.2385, 46.8415], [-71.2384, 46.8417], [-71.2383, 46.8419], [-71.2382, 46.8421], [-71.2382, 46.8423], [-71.2382, 46.8424], [-71.2382, 46.8425], [-71.2383, 46.8426], [-71.2384, 46.8426], [-71.2384, 46.8427], [-71.2385, 46.8428], [-71.2384, 46.8429], [-71.2384, 46.843], [-71.2383, 46.8431], [-71.2382, 46.8433], [-71.2381, 46.8434], [-71.2379, 46.8436], [-71.2377, 46.8437], [-71.2377, 46.8439], [-71.2376, 46.844], [-71.2377, 46.8442], [-71.2378, 46.8443], [-71.2379, 46.8444], [-71.2381, 46.8446], [-71.2383, 46.8447], [-71.2385, 46.8448], [-71.2386, 46.8449], [-71.2387, 46.845], [-71.2387, 46.8451], [-71.2387, 46.8452], [-71.2386, 46.8452], [-71.2384, 46.8453], [-71.2382, 46.8453], [-71.2381, 46.8454], [-71.2379, 46.8455], [-71.2377, 46.8455], [-71.2376, 46.8456], [-71.2375, 46.8457], [-71.2374, 46.8458], [-71.2374, 46.8459], [-71.2373, 46.846], [-71.2373, 46.8461], [-71.2373, 46.8462], [-71.2374, 46.8463], [-71.2375, 46.8463], [-71.2376, 46.8464], [-71.2378, 46.8465], [-71.238, 46.8465], [-71.2382, 46.8466], [-71.2384, 46.8466], [-71.2387, 46.8466], [-71.2389, 46.8466], [-71.2391, 46.8466], [-71.2393, 46.8465], [-71.2394, 46.8464], [-71.2396, 46.8463], [-71.2398, 46.8462], [-71.2399, 46.8462], [-71.2401, 46.8461], [-71.2402, 46.8461], [-71.2403, 46.8461], [-71.2405, 46.8462], [-71.2406, 46.8463], [-71.2407, 46.8464], [-71.2408, 46.8466], [-71.241, 46.8467], [-71.2412, 46.8468], [-71.2414, 46.8468], [-71.2417, 46.8468], [-71.242, 46.8468], [-71.2424, 46.8467], [-71.2428, 46.8465], [-71.2432, 46.8464], [-71.2436, 46.8462], [-71.244, 46.8461], [-71.2443, 46.846], [-71.2445, 46.846], [-71.2447, 46.8459], [-71.2449, 46.8459], [-71.245, 46.846], [-71.245, 46.8461], [-71.2449, 46.8462], [-71.2449, 46.8463], [-71.2447, 46.8463], [-71.2446, 46.8464], [-71.2444, 46.8465], [-71.2442, 46.8466], [-71.244, 46.8467], [-71.2439, 46.8468], [-71.2437, 46.8469], [-71.2436, 46.8469], [-71.2436, 46.847], [-71.2435, 46.8471], [-71.2435, 46.8472], [-71.2436, 46.8473], [-71.2437, 46.8474], [-71.2438, 46.8474], [-71.2439, 46.8474], [-71.244, 46.8474], [-71.2442, 46.8474], [-71.2443, 46.8473], [-71.2444, 46.8473], [-71.2445, 46.8474], [-71.2447, 46.8474], [-71.2448, 46.8474], [-71.2449, 46.8475], [-71.2451, 46.8475], [-71.2452, 46.8476], [-71.2453, 46.8476], [-71.2455, 46.8477], [-71.2456, 46.8477], [-71.2457, 46.8477], [-71.2458, 46.8477], [-71.2459, 46.8477], [-71.246, 46.8477], [-71.2461, 46.8476], [-71.2462, 46.8476], [-71.2462, 46.8475], [-71.2463, 46.8475], [-71.2464, 46.8475], [-71.2465, 46.8476], [-71.2466, 46.8477], [-71.2466, 46.8478], [-71.2467, 46.8478], [-71.2468, 46.8479], [-71.247, 46.8479], [-71.2472, 46.8479], [-71.2474, 46.848], [-71.2476, 46.848], [-71.2479, 46.848], [-71.2482, 46.848], [-71.2485, 46.848], [-71.2488, 46.848], [-71.249, 46.848], [-71.2492, 46.848], [-71.2493, 46.8481], [-71.2494, 46.8481], [-71.2495, 46.8482], [-71.2496, 46.8483], [-71.2497, 46.8484], [-71.2499, 46.8484], [-71.2502, 46.8485], [-71.2506, 46.8486], [-71.251, 46.8487], [-71.2515, 46.8488], [-71.2522, 46.8489], [-71.2529, 46.849], [-71.2535, 46.849], [-71.254, 46.849], [-71.2545, 46.8489], [-71.2549, 46.8488], [-71.2552, 46.8487], [-71.2555, 46.8485], [-71.2556, 46.8483], [-71.2557, 46.848], [-71.2558, 46.8477], [-71.2559, 46.8475], [-71.2559, 46.8473], [-71.256, 46.8471], [-71.256, 46.8469], [-71.256, 46.8468], [-71.2559, 46.8467], [-71.2559, 46.8466], [-71.2559, 46.8465], [-71.2559, 46.8464], [-71.2559, 46.8462], [-71.256, 46.846], [-71.2561, 46.8458], [-71.2563, 46.8456], [-71.2565, 46.8454], [-71.2567, 46.8451], [-71.2569, 46.8449], [-71.257, 46.8447], [-71.2571, 46.8445], [-71.2572, 46.8444], [-71.2572, 46.8442], [-71.2572, 46.8441], [-71.2571, 46.844], [-71.257, 46.844], [-71.257, 46.8439], [-71.2569, 46.8439], [-71.2569, 46.8438], [-71.257, 46.8437], [-71.2571, 46.8436], [-71.2572, 46.8435], [-71.2573, 46.8435], [-71.2574, 46.8434], [-71.2575, 46.8433], [-71.2576, 46.8433], [-71.2576, 46.8432], [-71.2576, 46.8431], [-71.2576, 46.843], [-71.2575, 46.843], [-71.2574, 46.8429], [-71.2573, 46.8429], [-71.2571, 46.8429], [-71.257, 46.8429], [-71.2569, 46.8429], [-71.2567, 46.8429], [-71.2566, 46.8429], [-71.2564, 46.843], [-71.2564, 46.8429], [-71.2565, 46.8428], [-71.2567, 46.8427], [-71.2569, 46.8426], [-71.2571, 46.8425], [-71.2574, 46.8424], [-71.2575, 46.8423], [-71.2577, 46.8422], [-71.2578, 46.8421], [-71.2578, 46.842], [-71.2579, 46.8419], [-71.2578, 46.8419], [-71.2578, 46.8418], [-71.2577, 46.8417], [-71.2577, 46.8416], [-71.2577, 46.8415], [-71.2578, 46.8414], [-71.2579, 46.8413], [-71.258, 46.8412], [-71.2581, 46.8411], [-71.2582, 46.8411], [-71.2582, 46.841], [-71.2583, 46.8409], [-71.2583, 46.8408], [-71.2582, 46.8407], [-71.2581, 46.8407], [-71.258, 46.8407], [-71.2578, 46.8407], [-71.2576, 46.8407], [-71.2574, 46.8408], [-71.2571, 46.8409], [-71.2568, 46.841], [-71.2565, 46.8411], [-71.2561, 46.8413], [-71.2558, 46.8414], [-71.2555, 46.8415], [-71.2553, 46.8416], [-71.2551, 46.8416], [-71.2549, 46.8417], [-71.2548, 46.8417], [-71.2547, 46.8416], [-71.2546, 46.8416], [-71.2546, 46.8415], [-71.2547, 46.8414], [-71.2549, 46.8412], [-71.2551, 46.8411], [-71.2554, 46.8409], [-71.2558, 46.8408], [-71.2563, 46.8406], [-71.2568, 46.8403], [-71.2573, 46.8401], [-71.2577, 46.8399], [-71.2581, 46.8397], [-71.2584, 46.8395], [-71.2586, 46.8393], [-71.2588, 46.8391], [-71.2589, 46.8389], [-71.2589, 46.8387], [-71.2589, 46.8386], [-71.2589, 46.8384], [-71.2589, 46.8383], [-71.2588, 46.8382], [-71.2587, 46.8382], [-71.2585, 46.8381], [-71.2583, 46.8381], [-71.2581, 46.8381], [-71.2579, 46.8381], [-71.2578, 46.8381], [-71.2577, 46.838], [-71.2578, 46.838], [-71.2579, 46.8379], [-71.258, 46.8378], [-71.2582, 46.8377], [-71.2585, 46.8376]]]}}, {"type": "Feature", "properties": {"couche": "aire_marche", "station": "Charlesbourg", "ordre": 29, "minutes": 15, "superficie_ha": 222.6, "rue_km": 49.45, "disque_ha": 346.4, "part_disque_pct": 64, "accroche_m": 5, "population": 10443, "navetteurs": 4064, "mode_auto_pct": 72, "mode_tc_pct": 19, "mode_actif_pct": 9, "mode_autre_pct": 0}, "geometry": {"type": "Polygon", "coordinates": [[[-71.26, 46.8371], [-71.2599, 46.8372], [-71.2598, 46.8373], [-71.2597, 46.8373], [-71.2596, 46.8374], [-71.2594, 46.8375], [-71.2593, 46.8375], [-71.2591, 46.8376], [-71.2589, 46.8376], [-71.2588, 46.8376], [-71.2587, 46.8377], [-71.2588, 46.8377], [-71.259, 46.8377], [-71.2592, 46.8378], [-71.2593, 46.8378], [-71.2595, 46.8378], [-71.2596, 46.8379], [-71.2597, 46.838], [-71.2598, 46.8381], [-71.2598, 46.8382], [-71.2598, 46.8383], [-71.2597, 46.8385], [-71.2596, 46.8386], [-71.2594, 46.8388], [-71.2592, 46.839], [-71.2588, 46.8393], [-71.2584, 46.8395], [-71.2579, 46.8398], [-71.2573, 46.84], [-71.2567, 46.8403], [-71.2561, 46.8406], [-71.2556, 46.8408], [-71.2553, 46.841], [-71.255, 46.8412], [-71.2548, 46.8413], [-71.2546, 46.8415], [-71.2546, 46.8416], [-71.2547, 46.8416], [-71.2548, 46.8417], [-71.2549, 46.8417], [-71.2551, 46.8416], [-71.2552, 46.8416], [-71.2555, 46.8415], [-71.2557, 46.8413], [-71.256, 46.8412], [-71.2564, 46.841], [-71.2567, 46.8408], [-71.257, 46.8407], [-71.2573, 46.8406], [-71.2576, 46.8405], [-71.2578, 46.8404], [-71.2581, 46.8404], [-71.2583, 46.8404], [-71.2585, 46.8404], [-71.2587, 46.8405], [-71.2588, 46.8405], [-71.259, 46.8406], [-71.259, 46.8407], [-71.2591, 46.8408], [-71.2591, 46.8409], [-71.2591, 46.841], [-71.259, 46.8412], [-71.2589, 46.8414], [-71.2588, 46.8415], [-71.2586, 46.8417], [-71.2584, 46.8419], [-71.2582, 46.842], [-71.2579, 46.8422], [-71.2576, 46.8423], [-71.2572, 46.8425], [-71.2569, 46.8426], [-71.2567, 46.8427], [-71.2566, 46.8428], [-71.2565, 46.8428], [-71.2566, 46.8429], [-71.2567, 46.8428], [-71.2568, 46.8428], [-71.2571, 46.8427], [-71.2573, 46.8427], [-71.2575, 46.8426], [-71.2577, 46.8426], [-71.2578, 46.8426], [-71.258, 46.8426], [-71.2581, 46.8426], [-71.2582, 46.8426], [-71.2583, 46.8427], [-71.2583, 46.8428], [-71.2583, 46.8429], [-71.2582, 46.843], [-71.2581, 46.8431], [-71.2579, 46.8432], [-71.2578, 46.8433], [-71.2577, 46.8434], [-71.2577, 46.8435], [-71.2577, 46.8436], [-71.2578, 46.8436], [-71.2579, 46.8437], [-71.258, 46.8437], [-71.258, 46.8438], [-71.258, 46.8439], [-71.2579, 46.844], [-71.2578, 46.8441], [-71.2577, 46.8442], [-71.2576, 46.8442], [-71.2575, 46.8443], [-71.2575, 46.8444], [-71.2574, 46.8445], [-71.2574, 46.8446], [-71.2574, 46.8447], [-71.2575, 46.8448], [-71.2575, 46.8449], [-71.2575, 46.845], [-71.2575, 46.8451], [-71.2575, 46.8453], [-71.2574, 46.8454], [-71.2572, 46.8455], [-71.2571, 46.8456], [-71.2568, 46.8457], [-71.2566, 46.8459], [-71.2564, 46.846], [-71.2562, 46.8461], [-71.2561, 46.8462], [-71.2561, 46.8463], [-71.256, 46.8464], [-71.2561, 46.8465], [-71.2562, 46.8466], [-71.2563, 46.8467], [-71.2564, 46.8468], [-71.2565, 46.8469], [-71.2565, 46.8471], [-71.2565, 46.8473], [-71.2565, 46.8476], [-71.2565, 46.8478], [-71.2564, 46.8482], [-71.2563, 46.8485], [-71.2561, 46.8488], [-71.2558, 46.849], [-71.2554, 46.8492], [-71.2549, 46.8493], [-71.2543, 46.8494], [-71.2536, 46.8494], [-71.2528, 46.8494], [-71.252, 46.8493], [-71.2512, 46.8491], [-71.2506, 46.849], [-71.25, 46.8489], [-71.2496, 46.8488], [-71.2493, 46.8487], [-71.2492, 46.8486], [-71.2491, 46.8485], [-71.2491, 46.8483], [-71.2492, 46.8482], [-71.2491, 46.8481], [-71.249, 46.8481], [-71.2489, 46.8482], [-71.2488, 46.8482], [-71.2486, 46.8483], [-71.2484, 46.8484], [-71.2483, 46.8484], [-71.2481, 46.8485], [-71.248, 46.8485], [-71.2478, 46.8485], [-71.2477, 46.8484], [-71.2476, 46.8484], [-71.2474, 46.8483], [-71.2473, 46.8483], [-71.2471, 46.8482], [-71.2469, 46.8482], [-71.2466, 46.8481], [-71.2464, 46.8481], [-71.2461, 46.8481], [-71.2457, 46.8481], [-71.2454, 46.8481], [-71.245, 46.8481], [-71.2447, 46.848], [-71.2445, 46.848], [-71.2443, 46.8479], [-71.2441, 46.8478], [-71.2439, 46.8478], [-71.2438, 46.8476], [-71.2437, 46.8475], [-71.2436, 46.8474], [-71.2436, 46.8473], [-71.2436, 46.8471], [-71.2437, 46.847], [-71.2438, 46.8469], [-71.2439, 46.8468], [-71.2441, 46.8467], [-71.2444, 46.8466], [-71.2445, 46.8465], [-71.2447, 46.8464], [-71.2448, 46.8463], [-71.2449, 46.8462], [-71.245, 46.8461], [-71.245, 46.846], [-71.2449, 46.8459], [-71.2447, 46.846], [-71.2445, 46.846], [-71.2442, 46.8461], [-71.2438, 46.8462], [-71.2434, 46.8464], [-71.243, 46.8466], [-71.2424, 46.8468], [-71.242, 46.847], [-71.2415, 46.8471], [-71.2412, 46.8472], [-71.2409, 46.8473], [-71.2406, 46.8473], [-71.2404, 46.8473], [-71.2402, 46.8473], [-71.2401, 46.8473], [-71.2401, 46.8472], [-71.24, 46.8471], [-71.24, 46.847], [-71.2401, 46.8469], [-71.2401, 46.8468], [-71.2402, 46.8467], [-71.2403, 46.8466], [-71.2404, 46.8466], [-71.2405, 46.8465], [-71.2406, 46.8464], [-71.2406, 46.8463], [-71.2406, 46.8462], [-71.2406, 46.8461], [-71.2405, 46.846], [-71.2404, 46.846], [-71.2403, 46.846], [-71.2401, 46.8461], [-71.24, 46.8462], [-71.2399, 46.8463], [-71.2397, 46.8464], [-71.2395, 46.8465], [-71.2393, 46.8467], [-71.2391, 46.8468], [-71.2389, 46.8469], [-71.2386, 46.8469], [-71.2384, 46.847], [-71.2381, 46.847], [-71.2378, 46.8469], [-71.2375, 46.8469], [-71.2372, 46.8468], [-71.237, 46.8467], [-71.2369, 46.8466], [-71.2368, 46.8465], [-71.2367, 46.8463], [-71.2367, 46.8461], [-71.2368, 46.8459], [-71.2369, 46.8457], [-71.237, 46.8455], [-71.2371, 46.8454], [-71.2372, 46.8452], [-71.2373, 46.8452], [-71.2375, 46.8451], [-71.2376, 46.8451], [-71.2377, 46.8452], [-71.2378, 46.8452], [-71.238, 46.8453], [-71.2381, 46.8453], [-71.2382, 46.8454], [-71.2383, 46.8454], [-71.2385, 46.8454], [-71.2386, 46.8454], [-71.2387, 46.8453], [-71.2388, 46.8453], [-71.2389, 46.8452], [-71.2388, 46.8451], [-71.2387, 46.845], [-71.2385, 46.8449], [-71.2383, 46.8447], [-71.238, 46.8446], [-71.2377, 46.8445], [-71.2374, 46.8443], [-71.2372, 46.8442], [-71.237, 46.8441], [-71.2368, 46.844], [-71.2367, 46.8439], [-71.2367, 46.8438], [-71.2367, 46.8437], [-71.2367, 46.8436], [-71.2368, 46.8435], [-71.2369, 46.8434], [-71.237, 46.8434], [-71.2371, 46.8434], [-71.2372, 46.8434], [-71.2373, 46.8433], [-71.2374, 46.8433], [-71.2375, 46.8433], [-71.2377, 46.8432], [-71.2378, 46.8432], [-71.238, 46.8431], [-71.2381, 46.8431], [-71.2383, 46.843], [-71.2381, 46.843], [-71.238, 46.843], [-71.2379, 46.843], [-71.2378, 46.8431], [-71.2377, 46.8431], [-71.2376, 46.843], [-71.2375, 46.843], [-71.2374, 46.8429], [-71.2374, 46.8428], [-71.2374, 46.8426], [-71.2374, 46.8425], [-71.2375, 46.8423], [-71.2376, 46.8421], [-71.2378, 46.8418], [-71.2379, 46.8415], [-71.2381, 46.8413], [-71.2382, 46.8411], [-71.2382, 46.8409], [-71.2383, 46.8407], [-71.2383, 46.8406], [-71.2383, 46.8405], [-71.2383, 46.8404], [-71.2382, 46.8403], [-71.2382, 46.8402], [-71.2382, 46.8401], [-71.2382, 46.84], [-71.2383, 46.84], [-71.2384, 46.8399], [-71.2385, 46.8398], [-71.2385, 46.8397], [-71.2386, 46.8396], [-71.2387, 46.8394], [-71.2387, 46.8392], [-71.2388, 46.8389], [-71.2389, 46.8386], [-71.2389, 46.8383], [-71.239, 46.838], [-71.2392, 46.8377], [-71.2394, 46.8374], [-71.2396, 46.8372], [-71.2399, 46.8369], [-71.2402, 46.8367], [-71.2406, 46.8365], [-71.241, 46.8363], [-71.2414, 46.8361], [-71.2417, 46.8359], [-71.2419, 46.8358], [-71.2421, 46.8356], [-71.2422, 46.8355], [-71.2422, 46.8354], [-71.2422, 46.8353], [-71.2421, 46.8352], [-71.242, 46.8351], [-71.2419, 46.835], [-71.2418, 46.8349], [-71.2417, 46.8348], [-71.2416, 46.8348], [-71.2414, 46.8347], [-71.2413, 46.8346], [-71.2411, 46.8346], [-71.2409, 46.8345], [-71.2408, 46.8345], [-71.2407, 46.8344], [-71.2407, 46.8343], [-71.2407, 46.8341], [-71.2407, 46.834], [-71.2407, 46.8338], [-71.2408, 46.8337], [-71.2409, 46.8335], [-71.241, 46.8334], [-71.2411, 46.8333], [-71.2413, 46.8332], [-71.2415, 46.8332], [-71.2417, 46.8332], [-71.2419, 46.8332], [-71.2422, 46.8333], [-71.2424, 46.8333], [-71.2426, 46.8334], [-71.2427, 46.8334], [-71.2428, 46.8335], [-71.2429, 46.8336], [-71.2428, 46.8337], [-71.2428, 46.8338], [-71.2427, 46.8339], [-71.2427, 46.834], [-71.2427, 46.8341], [-71.2427, 46.8342], [-71.2427, 46.8343], [-71.2428, 46.8345], [-71.2429, 46.8346], [-71.243, 46.8348], [-71.2431, 46.8349], [-71.2432, 46.835], [-71.2433, 46.8351], [-71.2434, 46.8351], [-71.2435, 46.8351], [-71.2435, 46.835], [-71.2435, 46.8349], [-71.2436, 46.8349], [-71.2436, 46.8348], [-71.2438, 46.8347], [-71.2439, 46.8346], [-71.2441, 46.8345], [-71.2443, 46.8344], [-71.2445, 46.8343], [-71.2448, 46.8342], [-71.245, 46.8341], [-71.2453, 46.834], [-71.2454, 46.834], [-71.2456, 46.8339], [-71.2457, 46.8339], [-71.2459, 46.8339], [-71.2459, 46.834], [-71.246, 46.834], [-71.2461, 46.8341], [-71.2462, 46.8341], [-71.2464, 46.8342], [-71.2465, 46.8342], [-71.2466, 46.8342], [-71.2468, 46.8341], [-71.2469, 46.8341], [-71.2471, 46.8341], [-71.2472, 46.8341], [-71.2474, 46.8341], [-71.2475, 46.8342], [-71.2476, 46.8342], [-71.2477, 46.8343], [-71.2478, 46.8344], [-71.2479, 46.8345], [-71.248, 46.8346], [-71.2481, 46.8346], [-71.2483, 46.8347], [-71.2484, 46.8347], [-71.2485, 46.8347], [-71.2487, 46.8347], [-71.2488, 46.8346], [-71.249, 46.8346], [-71.2491, 46.8345], [-71.2493, 46.8345], [-71.2495, 46.8345], [-71.2497, 46.8345], [-71.2499, 46.8345], [-71.2501, 46.8346], [-71.2503, 46.8346], [-71.2505, 46.8347], [-71.2507, 46.8348], [-71.2509, 46.8348], [-71.2511, 46.8349], [-71.2513, 46.8349], [-71.2514, 46.8349], [-71.2516, 46.8349], [-71.2518, 46.8348], [-71.2519, 46.8348], [-71.2521, 46.8347], [-71.2522, 46.8347], [-71.2524, 46.8347], [-71.2526, 46.8347], [-71.2528, 46.8347], [-71.253, 46.8348], [-71.2532, 46.8349], [-71.2534, 46.835], [-71.2536, 46.835], [-71.2538, 46.8351], [-71.2541, 46.8351], [-71.2543, 46.8352], [-71.2546, 46.8352], [-71.2548, 46.8352], [-71.2551, 46.8352], [-71.2554, 46.8352], [-71.2556, 46.8352], [-71.2558, 46.8352], [-71.256, 46.8352], [-71.2561, 46.8352], [-71.2563, 46.8353], [-71.2564, 46.8353], [-71.2564, 46.8354], [-71.2565, 46.8354], [-71.2565, 46.8355], [-71.2566, 46.8355], [-71.2567, 46.8356], [-71.2568, 46.8356], [-71.2569, 46.8356], [-71.257, 46.8356], [-71.2571, 46.8355], [-71.2572, 46.8355], [-71.2574, 46.8355], [-71.2575, 46.8354], [-71.2576, 46.8354], [-71.2578, 46.8354], [-71.2579, 46.8354], [-71.258, 46.8355], [-71.2582, 46.8355], [-71.2583, 46.8355], [-71.2584, 46.8356], [-71.2585, 46.8356], [-71.2586, 46.8357], [-71.2587, 46.8358], [-71.2588, 46.8358], [-71.2589, 46.8359], [-71.2589, 46.836], [-71.259, 46.8361], [-71.259, 46.8362], [-71.2591, 46.8363], [-71.2592, 46.8364], [-71.2593, 46.8364], [-71.2594, 46.8364], [-71.2595, 46.8364], [-71.2596, 46.8363], [-71.2597, 46.8363], [-71.2598, 46.8363], [-71.2599, 46.8363], [-71.26, 46.8363], [-71.2601, 46.8363], [-71.2601, 46.8364], [-71.2602, 46.8364], [-71.2602, 46.8365], [-71.2603, 46.8365], [-71.2603, 46.8366], [-71.2603, 46.8367], [-71.2603, 46.8368], [-71.2602, 46.8369], [-71.2601, 46.837], [-71.26, 46.8371]]]}}, {"type": "Feature", "properties": {"couche": "voile", "station": "Charlesbourg", "minutes": 15}, "geometry": {"type": "Polygon", "coordinates": [[[-71.4197, 46.9561], [-71.0806, 46.9584], [-71.0781, 46.7262], [-71.4157, 46.724], [-71.4197, 46.9561]], [[-71.2601, 46.837], [-71.2602, 46.8369], [-71.2603, 46.8368], [-71.2603, 46.8367], [-71.2603, 46.8366], [-71.2603, 46.8365], [-71.2602, 46.8365], [-71.2602, 46.8364], [-71.2601, 46.8364], [-71.2601, 46.8363], [-71.26, 46.8363], [-71.2599, 46.8363], [-71.2598, 46.8363], [-71.2597, 46.8363], [-71.2596, 46.8363], [-71.2595, 46.8364], [-71.2594, 46.8364], [-71.2593, 46.8364], [-71.2592, 46.8364], [-71.2591, 46.8363], [-71.259, 46.8362], [-71.259, 46.8361], [-71.2589, 46.836], [-71.2589, 46.8359], [-71.2588, 46.8358], [-71.2587, 46.8358], [-71.2586, 46.8357], [-71.2585, 46.8356], [-71.2584, 46.8356], [-71.2583, 46.8355], [-71.2582, 46.8355], [-71.258, 46.8355], [-71.2579, 46.8354], [-71.2578, 46.8354], [-71.2576, 46.8354], [-71.2575, 46.8354], [-71.2574, 46.8355], [-71.2572, 46.8355], [-71.2571, 46.8355], [-71.257, 46.8356], [-71.2569, 46.8356], [-71.2568, 46.8356], [-71.2567, 46.8356], [-71.2566, 46.8355], [-71.2565, 46.8355], [-71.2565, 46.8354], [-71.2564, 46.8354], [-71.2564, 46.8353], [-71.2563, 46.8353], [-71.2561, 46.8352], [-71.256, 46.8352], [-71.2558, 46.8352], [-71.2556, 46.8352], [-71.2554, 46.8352], [-71.2551, 46.8352], [-71.2548, 46.8352], [-71.2546, 46.8352], [-71.2543, 46.8352], [-71.2541, 46.8351], [-71.2538, 46.8351], [-71.2536, 46.835], [-71.2534, 46.835], [-71.2532, 46.8349], [-71.253, 46.8348], [-71.2528, 46.8347], [-71.2526, 46.8347], [-71.2524, 46.8347], [-71.2522, 46.8347], [-71.2521, 46.8347], [-71.2519, 46.8348], [-71.2518, 46.8348], [-71.2516, 46.8349], [-71.2514, 46.8349], [-71.2513, 46.8349], [-71.2511, 46.8349], [-71.2509, 46.8348], [-71.2507, 46.8348], [-71.2505, 46.8347], [-71.2503, 46.8346], [-71.2501, 46.8346], [-71.2499, 46.8345], [-71.2497, 46.8345], [-71.2495, 46.8345], [-71.2493, 46.8345], [-71.2491, 46.8345], [-71.249, 46.8346], [-71.2488, 46.8346], [-71.2487, 46.8347], [-71.2485, 46.8347], [-71.2484, 46.8347], [-71.2483, 46.8347], [-71.2481, 46.8346], [-71.248, 46.8346], [-71.2479, 46.8345], [-71.2478, 46.8344], [-71.2477, 46.8343], [-71.2476, 46.8342], [-71.2475, 46.8342], [-71.2474, 46.8341], [-71.2472, 46.8341], [-71.2471, 46.8341], [-71.2469, 46.8341], [-71.2468, 46.8341], [-71.2466, 46.8342], [-71.2465, 46.8342], [-71.2464, 46.8342], [-71.2462, 46.8341], [-71.2461, 46.8341], [-71.246, 46.834], [-71.2459, 46.834], [-71.2459, 46.8339], [-71.2457, 46.8339], [-71.2456, 46.8339], [-71.2454, 46.834], [-71.2453, 46.834], [-71.245, 46.8341], [-71.2448, 46.8342], [-71.2445, 46.8343], [-71.2443, 46.8344], [-71.2441, 46.8345], [-71.2439, 46.8346], [-71.2438, 46.8347], [-71.2436, 46.8348], [-71.2436, 46.8349], [-71.2435, 46.8349], [-71.2435, 46.835], [-71.2435, 46.8351], [-71.2434, 46.8351], [-71.2433, 46.8351], [-71.2432, 46.835], [-71.2431, 46.8349], [-71.243, 46.8348], [-71.2429, 46.8346], [-71.2428, 46.8345], [-71.2427, 46.8343], [-71.2427, 46.8342], [-71.2427, 46.8341], [-71.2427, 46.834], [-71.2427, 46.8339], [-71.2428, 46.8338], [-71.2428, 46.8337], [-71.2429, 46.8336], [-71.2428, 46.8335], [-71.2427, 46.8334], [-71.2426, 46.8334], [-71.2424, 46.8333], [-71.2422, 46.8333], [-71.2419, 46.8332], [-71.2417, 46.8332], [-71.2415, 46.8332], [-71.2413, 46.8332], [-71.2411, 46.8333], [-71.241, 46.8334], [-71.2409, 46.8335], [-71.2408, 46.8337], [-71.2407, 46.8338], [-71.2407, 46.834], [-71.2407, 46.8341], [-71.2407, 46.8343], [-71.2407, 46.8344], [-71.2408, 46.8345], [-71.2409, 46.8345], [-71.2411, 46.8346], [-71.2413, 46.8346], [-71.2414, 46.8347], [-71.2416, 46.8348], [-71.2417, 46.8348], [-71.2418, 46.8349], [-71.2419, 46.835], [-71.242, 46.8351], [-71.2421, 46.8352], [-71.2422, 46.8353], [-71.2422, 46.8354], [-71.2422, 46.8355], [-71.2421, 46.8356], [-71.2419, 46.8358], [-71.2417, 46.8359], [-71.2414, 46.8361], [-71.241, 46.8363], [-71.2406, 46.8365], [-71.2402, 46.8367], [-71.2399, 46.8369], [-71.2396, 46.8372], [-71.2394, 46.8374], [-71.2392, 46.8377], [-71.239, 46.838], [-71.2389, 46.8383], [-71.2389, 46.8386], [-71.2388, 46.8389], [-71.2387, 46.8392], [-71.2387, 46.8394], [-71.2386, 46.8396], [-71.2385, 46.8397], [-71.2385, 46.8398], [-71.2384, 46.8399], [-71.2383, 46.84], [-71.2382, 46.84], [-71.2382, 46.8401], [-71.2382, 46.8402], [-71.2382, 46.8403], [-71.2383, 46.8404], [-71.2383, 46.8405], [-71.2383, 46.8406], [-71.2383, 46.8407], [-71.2382, 46.8409], [-71.2382, 46.8411], [-71.2381, 46.8413], [-71.2379, 46.8415], [-71.2378, 46.8418], [-71.2376, 46.8421], [-71.2375, 46.8423], [-71.2374, 46.8425], [-71.2374, 46.8426], [-71.2374, 46.8428], [-71.2374, 46.8429], [-71.2375, 46.843], [-71.2376, 46.843], [-71.2377, 46.8431], [-71.2378, 46.8431], [-71.2379, 46.843], [-71.238, 46.843], [-71.2381, 46.843], [-71.2383, 46.843], [-71.2381, 46.8431], [-71.238, 46.8431], [-71.2378, 46.8432], [-71.2377, 46.8432], [-71.2375, 46.8433], [-71.2374, 46.8433], [-71.2373, 46.8433], [-71.2372, 46.8434], [-71.2371, 46.8434], [-71.237, 46.8434], [-71.2369, 46.8434], [-71.2368, 46.8435], [-71.2367, 46.8436], [-71.2367, 46.8437], [-71.2367, 46.8438], [-71.2367, 46.8439], [-71.2368, 46.844], [-71.237, 46.8441], [-71.2372, 46.8442], [-71.2374, 46.8443], [-71.2377, 46.8445], [-71.238, 46.8446], [-71.2383, 46.8447], [-71.2385, 46.8449], [-71.2387, 46.845], [-71.2388, 46.8451], [-71.2389, 46.8452], [-71.2388, 46.8453], [-71.2387, 46.8453], [-71.2386, 46.8454], [-71.2385, 46.8454], [-71.2383, 46.8454], [-71.2382, 46.8454], [-71.2381, 46.8453], [-71.238, 46.8453], [-71.2378, 46.8452], [-71.2377, 46.8452], [-71.2376, 46.8451], [-71.2375, 46.8451], [-71.2373, 46.8452], [-71.2372, 46.8452], [-71.2371, 46.8454], [-71.237, 46.8455], [-71.2369, 46.8457], [-71.2368, 46.8459], [-71.2367, 46.8461], [-71.2367, 46.8463], [-71.2368, 46.8465], [-71.2369, 46.8466], [-71.237, 46.8467], [-71.2372, 46.8468], [-71.2375, 46.8469], [-71.2378, 46.8469], [-71.2381, 46.847], [-71.2384, 46.847], [-71.2386, 46.8469], [-71.2389, 46.8469], [-71.2391, 46.8468], [-71.2393, 46.8467], [-71.2395, 46.8465], [-71.2397, 46.8464], [-71.2399, 46.8463], [-71.24, 46.8462], [-71.2401, 46.8461], [-71.2403, 46.846], [-71.2404, 46.846], [-71.2405, 46.846], [-71.2406, 46.8461], [-71.2406, 46.8462], [-71.2406, 46.8463], [-71.2406, 46.8464], [-71.2405, 46.8465], [-71.2404, 46.8466], [-71.2403, 46.8466], [-71.2402, 46.8467], [-71.2401, 46.8468], [-71.2401, 46.8469], [-71.24, 46.847], [-71.24, 46.8471], [-71.2401, 46.8472], [-71.2401, 46.8473], [-71.2402, 46.8473], [-71.2404, 46.8473], [-71.2406, 46.8473], [-71.2409, 46.8473], [-71.2412, 46.8472], [-71.2415, 46.8471], [-71.242, 46.847], [-71.2424, 46.8468], [-71.243, 46.8466], [-71.2434, 46.8464], [-71.2438, 46.8462], [-71.2442, 46.8461], [-71.2445, 46.846], [-71.2447, 46.846], [-71.2449, 46.8459], [-71.245, 46.846], [-71.245, 46.8461], [-71.2449, 46.8462], [-71.2448, 46.8463], [-71.2447, 46.8464], [-71.2445, 46.8465], [-71.2444, 46.8466], [-71.2441, 46.8467], [-71.2439, 46.8468], [-71.2438, 46.8469], [-71.2437, 46.847], [-71.2436, 46.8471], [-71.2436, 46.8473], [-71.2436, 46.8474], [-71.2437, 46.8475], [-71.2438, 46.8476], [-71.2439, 46.8478], [-71.2441, 46.8478], [-71.2443, 46.8479], [-71.2445, 46.848], [-71.2447, 46.848], [-71.245, 46.8481], [-71.2454, 46.8481], [-71.2457, 46.8481], [-71.2461, 46.8481], [-71.2464, 46.8481], [-71.2466, 46.8481], [-71.2469, 46.8482], [-71.2471, 46.8482], [-71.2473, 46.8483], [-71.2474, 46.8483], [-71.2476, 46.8484], [-71.2477, 46.8484], [-71.2478, 46.8485], [-71.248, 46.8485], [-71.2481, 46.8485], [-71.2483, 46.8484], [-71.2484, 46.8484], [-71.2486, 46.8483], [-71.2488, 46.8482], [-71.2489, 46.8482], [-71.249, 46.8481], [-71.2491, 46.8481], [-71.2492, 46.8482], [-71.2491, 46.8483], [-71.2491, 46.8485], [-71.2492, 46.8486], [-71.2493, 46.8487], [-71.2496, 46.8488], [-71.25, 46.8489], [-71.2506, 46.849], [-71.2512, 46.8491], [-71.252, 46.8493], [-71.2528, 46.8494], [-71.2536, 46.8494], [-71.2543, 46.8494], [-71.2549, 46.8493], [-71.2554, 46.8492], [-71.2558, 46.849], [-71.2561, 46.8488], [-71.2563, 46.8485], [-71.2564, 46.8482], [-71.2565, 46.8478], [-71.2565, 46.8476], [-71.2565, 46.8473], [-71.2565, 46.8471], [-71.2565, 46.8469], [-71.2564, 46.8468], [-71.2563, 46.8467], [-71.2562, 46.8466], [-71.2561, 46.8465], [-71.256, 46.8464], [-71.2561, 46.8463], [-71.2561, 46.8462], [-71.2562, 46.8461], [-71.2564, 46.846], [-71.2566, 46.8459], [-71.2568, 46.8457], [-71.2571, 46.8456], [-71.2572, 46.8455], [-71.2574, 46.8454], [-71.2575, 46.8453], [-71.2575, 46.8451], [-71.2575, 46.845], [-71.2575, 46.8449], [-71.2575, 46.8448], [-71.2574, 46.8447], [-71.2574, 46.8446], [-71.2574, 46.8445], [-71.2575, 46.8444], [-71.2575, 46.8443], [-71.2576, 46.8442], [-71.2577, 46.8442], [-71.2578, 46.8441], [-71.2579, 46.844], [-71.258, 46.8439], [-71.258, 46.8438], [-71.258, 46.8437], [-71.2579, 46.8437], [-71.2578, 46.8436], [-71.2577, 46.8436], [-71.2577, 46.8435], [-71.2577, 46.8434], [-71.2578, 46.8433], [-71.2579, 46.8432], [-71.2581, 46.8431], [-71.2582, 46.843], [-71.2583, 46.8429], [-71.2583, 46.8428], [-71.2583, 46.8427], [-71.2582, 46.8426], [-71.2581, 46.8426], [-71.258, 46.8426], [-71.2578, 46.8426], [-71.2577, 46.8426], [-71.2575, 46.8426], [-71.2573, 46.8427], [-71.2571, 46.8427], [-71.2568, 46.8428], [-71.2567, 46.8428], [-71.2566, 46.8429], [-71.2565, 46.8428], [-71.2566, 46.8428], [-71.2567, 46.8427], [-71.2569, 46.8426], [-71.2572, 46.8425], [-71.2576, 46.8423], [-71.2579, 46.8422], [-71.2582, 46.842], [-71.2584, 46.8419], [-71.2586, 46.8417], [-71.2588, 46.8415], [-71.2589, 46.8414], [-71.259, 46.8412], [-71.2591, 46.841], [-71.2591, 46.8409], [-71.2591, 46.8408], [-71.259, 46.8407], [-71.259, 46.8406], [-71.2588, 46.8405], [-71.2587, 46.8405], [-71.2585, 46.8404], [-71.2583, 46.8404], [-71.2581, 46.8404], [-71.2578, 46.8404], [-71.2576, 46.8405], [-71.2573, 46.8406], [-71.257, 46.8407], [-71.2567, 46.8408], [-71.2564, 46.841], [-71.256, 46.8412], [-71.2557, 46.8413], [-71.2555, 46.8415], [-71.2552, 46.8416], [-71.2551, 46.8416], [-71.2549, 46.8417], [-71.2548, 46.8417], [-71.2547, 46.8416], [-71.2546, 46.8416], [-71.2546, 46.8415], [-71.2548, 46.8413], [-71.255, 46.8412], [-71.2553, 46.841], [-71.2556, 46.8408], [-71.2561, 46.8406], [-71.2567, 46.8403], [-71.2573, 46.84], [-71.2579, 46.8398], [-71.2584, 46.8395], [-71.2588, 46.8393], [-71.2592, 46.839], [-71.2594, 46.8388], [-71.2596, 46.8386], [-71.2597, 46.8385], [-71.2598, 46.8383], [-71.2598, 46.8382], [-71.2598, 46.8381], [-71.2597, 46.838], [-71.2596, 46.8379], [-71.2595, 46.8378], [-71.2593, 46.8378], [-71.2592, 46.8378], [-71.259, 46.8377], [-71.2588, 46.8377], [-71.2587, 46.8377], [-71.2588, 46.8376], [-71.2589, 46.8376], [-71.2591, 46.8376], [-71.2593, 46.8375], [-71.2594, 46.8375], [-71.2596, 46.8374], [-71.2597, 46.8373], [-71.2598, 46.8373], [-71.2599, 46.8372], [-71.26, 46.8371], [-71.2601, 46.837]]]}}]}