{"type": "FeatureCollection", "metadata": {"script": "scripts/analysis/tramway-isochrones.py", "genere_le": "2026-10-05", "source": "OpenStreetMap (ODbL) ; Statistique Canada, Recensement 2021", "attribution": "© les contributeurs d'OpenStreetMap", "titre": "Aires de marche et voiles — CHUL", "paliers_min": [2, 3, 4, 5, 6, 7, 8, 9, 10, 11, 12, 13, 14, 15], "vitesse_kmh": 4.2, "methode": "Dijkstra sur le réseau marchable d'OpenStreetMap à 4.2 km/h ; couloir de 40 m autour des rues atteintes. Chaque voile est le complément de l'aire du même palier. Population par pondération de surface des aires de diffusion.", "trous": "comblés — intérieurs de grands îlots, pas des zones inaccessibles", "modes": "Mode de transport domicile–travail, recensement 2021 (mai 2021, en pleine pandémie), données-échantillon 25 %, réparti par pondération de surface."}, "features": [{"type": "Feature", "properties": {"couche": "aire_marche", "station": "CHUL", "ordre": 9, "minutes": 2, "superficie_ha": 4.4, "rue_km": 1.44, "disque_ha": 6.2, "part_disque_pct": 70, "accroche_m": 18, "population": 144, "navetteurs": 40, "mode_auto_pct": 63, "mode_tc_pct": 10, "mode_actif_pct": 27, "mode_autre_pct": 0}, "geometry": {"type": "Polygon", "coordinates": [[[-71.2853, 46.7693], [-71.2853, 46.7694], [-71.2852, 46.7695], [-71.2852, 46.7696], [-71.2851, 46.7697], [-71.285, 46.7698], [-71.2848, 46.7699], [-71.2846, 46.77], [-71.2845, 46.7701], [-71.2842, 46.7702], [-71.284, 46.7703], [-71.2838, 46.7704], [-71.2836, 46.7705], [-71.2834, 46.7705], [-71.2831, 46.7706], [-71.2829, 46.7706], [-71.2826, 46.7706], [-71.2824, 46.7706], [-71.2822, 46.7706], [-71.282, 46.7705], [-71.2818, 46.7705], [-71.2817, 46.7704], [-71.2816, 46.7703], [-71.2815, 46.7702], [-71.2815, 46.7701], [-71.2816, 46.7699], [-71.2817, 46.7698], [-71.2818, 46.7697], [-71.282, 46.7695], [-71.2822, 46.7694], [-71.2824, 46.7693], [-71.2827, 46.7691], [-71.283, 46.7689], [-71.2833, 46.7688], [-71.2836, 46.7687], [-71.2839, 46.7686], [-71.2841, 46.7686], [-71.2843, 46.7685], [-71.2845, 46.7686], [-71.2847, 46.7686], [-71.2849, 46.7687], [-71.285, 46.7687], [-71.2851, 46.7688], [-71.2852, 46.7689], [-71.2853, 46.769], [-71.2853, 46.7691], [-71.2853, 46.7692], [-71.2853, 46.7693]]]}}, {"type": "Feature", "properties": {"couche": "voile", "station": "CHUL", "minutes": 2}, "geometry": {"type": "Polygon", "coordinates": [[[-71.4443, 46.8773], [-71.1256, 46.8795], [-71.1231, 46.6615], [-71.4405, 46.6594], [-71.4443, 46.8773]], [[-71.2853, 46.7692], [-71.2853, 46.7691], [-71.2853, 46.769], [-71.2852, 46.7689], [-71.2851, 46.7688], [-71.285, 46.7687], [-71.2849, 46.7687], [-71.2847, 46.7686], [-71.2845, 46.7686], [-71.2843, 46.7685], [-71.2841, 46.7686], [-71.2839, 46.7686], [-71.2836, 46.7687], [-71.2833, 46.7688], [-71.283, 46.7689], [-71.2827, 46.7691], [-71.2824, 46.7693], [-71.2822, 46.7694], [-71.282, 46.7695], [-71.2818, 46.7697], [-71.2817, 46.7698], [-71.2816, 46.7699], [-71.2815, 46.7701], [-71.2815, 46.7702], [-71.2816, 46.7703], [-71.2817, 46.7704], [-71.2818, 46.7705], [-71.282, 46.7705], [-71.2822, 46.7706], [-71.2824, 46.7706], [-71.2826, 46.7706], [-71.2829, 46.7706], [-71.2831, 46.7706], [-71.2834, 46.7705], [-71.2836, 46.7705], [-71.2838, 46.7704], [-71.284, 46.7703], [-71.2842, 46.7702], [-71.2845, 46.7701], [-71.2846, 46.77], [-71.2848, 46.7699], [-71.285, 46.7698], [-71.2851, 46.7697], [-71.2852, 46.7696], [-71.2852, 46.7695], [-71.2853, 46.7694], [-71.2853, 46.7693], [-71.2853, 46.7692]]]}}, {"type": "Feature", "properties": {"couche": "aire_marche", "station": "CHUL", "ordre": 9, "minutes": 3, "superficie_ha": 7.6, "rue_km": 3.04, "disque_ha": 13.9, "part_disque_pct": 55, "accroche_m": 18, "population": 250, "navetteurs": 69, "mode_auto_pct": 63, "mode_tc_pct": 10, "mode_actif_pct": 27, "mode_autre_pct": 0}, "geometry": {"type": "Polygon", "coordinates": [[[-71.286, 46.7691], [-71.286, 46.7693], [-71.2859, 46.7694], [-71.2859, 46.7695], [-71.2858, 46.7697], [-71.2857, 46.7697], [-71.2856, 46.7698], [-71.2855, 46.7699], [-71.2854, 46.7699], [-71.2853, 46.7699], [-71.2852, 46.7699], [-71.285, 46.77], [-71.2849, 46.77], [-71.2847, 46.7701], [-71.2846, 46.7702], [-71.2844, 46.7703], [-71.2843, 46.7704], [-71.2841, 46.7705], [-71.2839, 46.7706], [-71.2837, 46.7707], [-71.2835, 46.7708], [-71.2832, 46.7709], [-71.2829, 46.7709], [-71.2826, 46.7709], [-71.2823, 46.7709], [-71.282, 46.7709], [-71.2817, 46.7709], [-71.2814, 46.7709], [-71.2812, 46.7708], [-71.2811, 46.7707], [-71.281, 46.7705], [-71.2809, 46.7704], [-71.2809, 46.7702], [-71.2809, 46.77], [-71.281, 46.7698], [-71.281, 46.7697], [-71.2811, 46.7696], [-71.2812, 46.7695], [-71.2813, 46.7695], [-71.2814, 46.7694], [-71.2816, 46.7694], [-71.2818, 46.7695], [-71.2819, 46.7695], [-71.2821, 46.7695], [-71.2823, 46.7694], [-71.2825, 46.7693], [-71.2827, 46.7692], [-71.2829, 46.769], [-71.2831, 46.7688], [-71.2833, 46.7686], [-71.2836, 46.7684], [-71.2838, 46.7682], [-71.284, 46.7681], [-71.2843, 46.7681], [-71.2845, 46.768], [-71.2848, 46.768], [-71.285, 46.7681], [-71.2853, 46.7682], [-71.2855, 46.7683], [-71.2857, 46.7684], [-71.2858, 46.7685], [-71.2859, 46.7687], [-71.286, 46.7688], [-71.286, 46.7689], [-71.286, 46.7691]]]}}, {"type": "Feature", "properties": {"couche": "voile", "station": "CHUL", "minutes": 3}, "geometry": {"type": "Polygon", "coordinates": [[[-71.445, 46.8776], [-71.125, 46.8798], [-71.1225, 46.661], [-71.4412, 46.6589], [-71.445, 46.8776]], [[-71.286, 46.7689], [-71.286, 46.7688], [-71.2859, 46.7687], [-71.2858, 46.7685], [-71.2857, 46.7684], [-71.2855, 46.7683], [-71.2853, 46.7682], [-71.285, 46.7681], [-71.2848, 46.768], [-71.2845, 46.768], [-71.2843, 46.7681], [-71.284, 46.7681], [-71.2838, 46.7682], [-71.2836, 46.7684], [-71.2833, 46.7686], [-71.2831, 46.7688], [-71.2829, 46.769], [-71.2827, 46.7692], [-71.2825, 46.7693], [-71.2823, 46.7694], [-71.2821, 46.7695], [-71.2819, 46.7695], [-71.2818, 46.7695], [-71.2816, 46.7694], [-71.2814, 46.7694], [-71.2813, 46.7695], [-71.2812, 46.7695], [-71.2811, 46.7696], [-71.281, 46.7697], [-71.281, 46.7698], [-71.2809, 46.77], [-71.2809, 46.7702], [-71.2809, 46.7704], [-71.281, 46.7705], [-71.2811, 46.7707], [-71.2812, 46.7708], [-71.2814, 46.7709], [-71.2817, 46.7709], [-71.282, 46.7709], [-71.2823, 46.7709], [-71.2826, 46.7709], [-71.2829, 46.7709], [-71.2832, 46.7709], [-71.2835, 46.7708], [-71.2837, 46.7707], [-71.2839, 46.7706], [-71.2841, 46.7705], [-71.2843, 46.7704], [-71.2844, 46.7703], [-71.2846, 46.7702], [-71.2847, 46.7701], [-71.2849, 46.77], [-71.285, 46.77], [-71.2852, 46.7699], [-71.2853, 46.7699], [-71.2854, 46.7699], [-71.2855, 46.7699], [-71.2856, 46.7698], [-71.2857, 46.7697], [-71.2858, 46.7697], [-71.2859, 46.7695], [-71.2859, 46.7694], [-71.286, 46.7693], [-71.286, 46.7691], [-71.286, 46.7689]]]}}, {"type": "Feature", "properties": {"couche": "aire_marche", "station": "CHUL", "ordre": 9, "minutes": 4, "superficie_ha": 11.5, "rue_km": 5.08, "disque_ha": 24.6, "part_disque_pct": 47, "accroche_m": 18, "population": 362, "navetteurs": 98, "mode_auto_pct": 62, "mode_tc_pct": 11, "mode_actif_pct": 27, "mode_autre_pct": 0}, "geometry": {"type": "Polygon", "coordinates": [[[-71.2867, 46.7688], [-71.2867, 46.7691], [-71.2866, 46.7692], [-71.2865, 46.7694], [-71.2863, 46.7696], [-71.2861, 46.7697], [-71.2859, 46.7698], [-71.2856, 46.77], [-71.2853, 46.7701], [-71.285, 46.7702], [-71.2847, 46.7702], [-71.2844, 46.7703], [-71.2842, 46.7704], [-71.2839, 46.7705], [-71.2837, 46.7706], [-71.2836, 46.7706], [-71.2834, 46.7707], [-71.2833, 46.7708], [-71.2832, 46.7708], [-71.2832, 46.7709], [-71.2831, 46.771], [-71.2831, 46.7711], [-71.283, 46.7711], [-71.283, 46.7712], [-71.283, 46.7713], [-71.283, 46.7714], [-71.283, 46.7715], [-71.2829, 46.7715], [-71.2827, 46.7716], [-71.2826, 46.7716], [-71.2823, 46.7716], [-71.2821, 46.7716], [-71.2817, 46.7715], [-71.2814, 46.7715], [-71.2811, 46.7714], [-71.2808, 46.7714], [-71.2806, 46.7713], [-71.2805, 46.7712], [-71.2804, 46.7711], [-71.2804, 46.771], [-71.2804, 46.7709], [-71.2805, 46.7708], [-71.2806, 46.7706], [-71.2807, 46.7705], [-71.2807, 46.7704], [-71.2807, 46.7703], [-71.2807, 46.7701], [-71.2807, 46.77], [-71.2806, 46.7699], [-71.2805, 46.7698], [-71.2805, 46.7697], [-71.2805, 46.7696], [-71.2806, 46.7695], [-71.2807, 46.7695], [-71.2809, 46.7694], [-71.2811, 46.7694], [-71.2814, 46.7694], [-71.2817, 46.7694], [-71.282, 46.7694], [-71.2823, 46.7693], [-71.2825, 46.7693], [-71.2827, 46.7692], [-71.2829, 46.7691], [-71.2831, 46.769], [-71.2833, 46.7688], [-71.2834, 46.7686], [-71.2835, 46.7685], [-71.2836, 46.7683], [-71.2837, 46.7682], [-71.2837, 46.7681], [-71.2837, 46.7679], [-71.2838, 46.7678], [-71.2838, 46.7677], [-71.2837, 46.7676], [-71.2838, 46.7675], [-71.2839, 46.7675], [-71.284, 46.7674], [-71.2842, 46.7674], [-71.2844, 46.7675], [-71.2847, 46.7675], [-71.2851, 46.7676], [-71.2855, 46.7677], [-71.2858, 46.7679], [-71.2861, 46.768], [-71.2863, 46.7682], [-71.2865, 46.7683], [-71.2866, 46.7685], [-71.2867, 46.7687], [-71.2867, 46.7688]]]}}, {"type": "Feature", "properties": {"couche": "voile", "station": "CHUL", "minutes": 4}, "geometry": {"type": "Polygon", "coordinates": [[[-71.4457, 46.8783], [-71.1245, 46.8805], [-71.122, 46.6604], [-71.4419, 46.6583], [-71.4457, 46.8783]], [[-71.2867, 46.7687], [-71.2866, 46.7685], [-71.2865, 46.7683], [-71.2863, 46.7682], [-71.2861, 46.768], [-71.2858, 46.7679], [-71.2855, 46.7677], [-71.2851, 46.7676], [-71.2847, 46.7675], [-71.2844, 46.7675], [-71.2842, 46.7674], [-71.284, 46.7674], [-71.2839, 46.7675], [-71.2838, 46.7675], [-71.2837, 46.7676], [-71.2838, 46.7677], [-71.2838, 46.7678], [-71.2837, 46.7679], [-71.2837, 46.7681], [-71.2837, 46.7682], [-71.2836, 46.7683], [-71.2835, 46.7685], [-71.2834, 46.7686], [-71.2833, 46.7688], [-71.2831, 46.769], [-71.2829, 46.7691], [-71.2827, 46.7692], [-71.2825, 46.7693], [-71.2823, 46.7693], [-71.282, 46.7694], [-71.2817, 46.7694], [-71.2814, 46.7694], [-71.2811, 46.7694], [-71.2809, 46.7694], [-71.2807, 46.7695], [-71.2806, 46.7695], [-71.2805, 46.7696], [-71.2805, 46.7697], [-71.2805, 46.7698], [-71.2806, 46.7699], [-71.2807, 46.77], [-71.2807, 46.7701], [-71.2807, 46.7703], [-71.2807, 46.7704], [-71.2807, 46.7705], [-71.2806, 46.7706], [-71.2805, 46.7708], [-71.2804, 46.7709], [-71.2804, 46.771], [-71.2804, 46.7711], [-71.2805, 46.7712], [-71.2806, 46.7713], [-71.2808, 46.7714], [-71.2811, 46.7714], [-71.2814, 46.7715], [-71.2817, 46.7715], [-71.2821, 46.7716], [-71.2823, 46.7716], [-71.2826, 46.7716], [-71.2827, 46.7716], [-71.2829, 46.7715], [-71.283, 46.7715], [-71.283, 46.7714], [-71.283, 46.7713], [-71.283, 46.7712], [-71.283, 46.7711], [-71.2831, 46.7711], [-71.2831, 46.771], [-71.2832, 46.7709], [-71.2832, 46.7708], [-71.2833, 46.7708], [-71.2834, 46.7707], [-71.2836, 46.7706], [-71.2837, 46.7706], [-71.2839, 46.7705], [-71.2842, 46.7704], [-71.2844, 46.7703], [-71.2847, 46.7702], [-71.285, 46.7702], [-71.2853, 46.7701], [-71.2856, 46.77], [-71.2859, 46.7698], [-71.2861, 46.7697], [-71.2863, 46.7696], [-71.2865, 46.7694], [-71.2866, 46.7692], [-71.2867, 46.7691], [-71.2867, 46.7688], [-71.2867, 46.7687]]]}}, {"type": "Feature", "properties": {"couche": "aire_marche", "station": "CHUL", "ordre": 9, "minutes": 5, "superficie_ha": 18.8, "rue_km": 7.24, "disque_ha": 38.5, "part_disque_pct": 49, "accroche_m": 18, "population": 588, "navetteurs": 159, "mode_auto_pct": 63, "mode_tc_pct": 11, "mode_actif_pct": 26, "mode_autre_pct": 0}, "geometry": {"type": "Polygon", "coordinates": [[[-71.2875, 46.7684], [-71.2875, 46.7686], [-71.2874, 46.7688], [-71.2873, 46.769], [-71.2871, 46.7692], [-71.2868, 46.7695], [-71.2865, 46.7697], [-71.2862, 46.7699], [-71.2857, 46.7702], [-71.2853, 46.7705], [-71.2848, 46.7707], [-71.2845, 46.7709], [-71.2842, 46.7711], [-71.284, 46.7713], [-71.2838, 46.7715], [-71.2837, 46.7716], [-71.2836, 46.7717], [-71.2836, 46.7718], [-71.2836, 46.7719], [-71.2835, 46.772], [-71.2834, 46.772], [-71.2833, 46.772], [-71.2832, 46.772], [-71.2831, 46.7719], [-71.2829, 46.7718], [-71.2827, 46.7717], [-71.2825, 46.7716], [-71.2823, 46.7716], [-71.2821, 46.7715], [-71.2819, 46.7715], [-71.2818, 46.7715], [-71.2816, 46.7716], [-71.2815, 46.7716], [-71.2813, 46.7717], [-71.2812, 46.7718], [-71.281, 46.7718], [-71.2808, 46.7719], [-71.2807, 46.7719], [-71.2805, 46.7719], [-71.2804, 46.7719], [-71.2802, 46.7719], [-71.28, 46.7718], [-71.2799, 46.7718], [-71.2797, 46.7717], [-71.2796, 46.7717], [-71.2796, 46.7716], [-71.2795, 46.7715], [-71.2795, 46.7714], [-71.2795, 46.7712], [-71.2795, 46.7711], [-71.2795, 46.771], [-71.2796, 46.7709], [-71.2796, 46.7708], [-71.2797, 46.7707], [-71.2798, 46.7706], [-71.28, 46.7705], [-71.2801, 46.7705], [-71.2803, 46.7704], [-71.2804, 46.7704], [-71.2805, 46.7704], [-71.2806, 46.7704], [-71.2806, 46.7703], [-71.2805, 46.7703], [-71.2804, 46.7703], [-71.2803, 46.7703], [-71.2802, 46.7703], [-71.28, 46.7703], [-71.2799, 46.7702], [-71.2798, 46.7702], [-71.2797, 46.7701], [-71.2796, 46.77], [-71.2796, 46.7699], [-71.2796, 46.7698], [-71.2796, 46.7697], [-71.2796, 46.7696], [-71.2797, 46.7695], [-71.2797, 46.7694], [-71.2798, 46.7693], [-71.28, 46.7692], [-71.2801, 46.7691], [-71.2803, 46.769], [-71.2805, 46.769], [-71.2807, 46.7689], [-71.2809, 46.7689], [-71.2811, 46.7689], [-71.2813, 46.7689], [-71.2815, 46.769], [-71.2817, 46.769], [-71.2819, 46.7691], [-71.2821, 46.7691], [-71.2823, 46.7692], [-71.2825, 46.7692], [-71.2826, 46.7692], [-71.2828, 46.7691], [-71.283, 46.7691], [-71.2831, 46.7689], [-71.2833, 46.7688], [-71.2834, 46.7686], [-71.2835, 46.7685], [-71.2835, 46.7684], [-71.2836, 46.7683], [-71.2836, 46.7682], [-71.2836, 46.7681], [-71.2835, 46.768], [-71.2834, 46.768], [-71.2833, 46.768], [-71.2832, 46.7679], [-71.2831, 46.7679], [-71.2831, 46.7678], [-71.283, 46.7678], [-71.283, 46.7677], [-71.283, 46.7676], [-71.283, 46.7675], [-71.283, 46.7674], [-71.283, 46.7673], [-71.283, 46.7672], [-71.2831, 46.7672], [-71.2831, 46.7671], [-71.2832, 46.767], [-71.2833, 46.767], [-71.2834, 46.767], [-71.2835, 46.767], [-71.2836, 46.767], [-71.2838, 46.767], [-71.2839, 46.767], [-71.284, 46.7671], [-71.2842, 46.7672], [-71.2844, 46.7673], [-71.2845, 46.7674], [-71.2847, 46.7675], [-71.2849, 46.7676], [-71.285, 46.7677], [-71.2852, 46.7677], [-71.2854, 46.7678], [-71.2856, 46.7678], [-71.2858, 46.7677], [-71.2859, 46.7677], [-71.2861, 46.7676], [-71.2863, 46.7675], [-71.2865, 46.7675], [-71.2866, 46.7675], [-71.2868, 46.7675], [-71.2869, 46.7675], [-71.287, 46.7675], [-71.2872, 46.7675], [-71.2873, 46.7676], [-71.2874, 46.7677], [-71.2875, 46.7678], [-71.2875, 46.768], [-71.2875, 46.7681], [-71.2875, 46.7682], [-71.2875, 46.7684]]]}}, {"type": "Feature", "properties": {"couche": "voile", "station": "CHUL", "minutes": 5}, "geometry": {"type": "Polygon", "coordinates": [[[-71.4466, 46.8787], [-71.1236, 46.8809], [-71.1211, 46.66], [-71.4427, 46.6578], [-71.4466, 46.8787]], [[-71.2875, 46.7682], [-71.2875, 46.7681], [-71.2875, 46.768], [-71.2875, 46.7678], [-71.2874, 46.7677], [-71.2873, 46.7676], [-71.2872, 46.7675], [-71.287, 46.7675], [-71.2869, 46.7675], [-71.2868, 46.7675], [-71.2866, 46.7675], [-71.2865, 46.7675], [-71.2863, 46.7675], [-71.2861, 46.7676], [-71.2859, 46.7677], [-71.2858, 46.7677], [-71.2856, 46.7678], [-71.2854, 46.7678], [-71.2852, 46.7677], [-71.285, 46.7677], [-71.2849, 46.7676], [-71.2847, 46.7675], [-71.2845, 46.7674], [-71.2844, 46.7673], [-71.2842, 46.7672], [-71.284, 46.7671], [-71.2839, 46.767], [-71.2838, 46.767], [-71.2836, 46.767], [-71.2835, 46.767], [-71.2834, 46.767], [-71.2833, 46.767], [-71.2832, 46.767], [-71.2831, 46.7671], [-71.2831, 46.7672], [-71.283, 46.7672], [-71.283, 46.7673], [-71.283, 46.7674], [-71.283, 46.7675], [-71.283, 46.7676], [-71.283, 46.7677], [-71.283, 46.7678], [-71.2831, 46.7678], [-71.2831, 46.7679], [-71.2832, 46.7679], [-71.2833, 46.768], [-71.2834, 46.768], [-71.2835, 46.768], [-71.2836, 46.7681], [-71.2836, 46.7682], [-71.2836, 46.7683], [-71.2835, 46.7684], [-71.2835, 46.7685], [-71.2834, 46.7686], [-71.2833, 46.7688], [-71.2831, 46.7689], [-71.283, 46.7691], [-71.2828, 46.7691], [-71.2826, 46.7692], [-71.2825, 46.7692], [-71.2823, 46.7692], [-71.2821, 46.7691], [-71.2819, 46.7691], [-71.2817, 46.769], [-71.2815, 46.769], [-71.2813, 46.7689], [-71.2811, 46.7689], [-71.2809, 46.7689], [-71.2807, 46.7689], [-71.2805, 46.769], [-71.2803, 46.769], [-71.2801, 46.7691], [-71.28, 46.7692], [-71.2798, 46.7693], [-71.2797, 46.7694], [-71.2797, 46.7695], [-71.2796, 46.7696], [-71.2796, 46.7697], [-71.2796, 46.7698], [-71.2796, 46.7699], [-71.2796, 46.77], [-71.2797, 46.7701], [-71.2798, 46.7702], [-71.2799, 46.7702], [-71.28, 46.7703], [-71.2802, 46.7703], [-71.2803, 46.7703], [-71.2804, 46.7703], [-71.2805, 46.7703], [-71.2806, 46.7703], [-71.2806, 46.7704], [-71.2805, 46.7704], [-71.2804, 46.7704], [-71.2803, 46.7704], [-71.2801, 46.7705], [-71.28, 46.7705], [-71.2798, 46.7706], [-71.2797, 46.7707], [-71.2796, 46.7708], [-71.2796, 46.7709], [-71.2795, 46.771], [-71.2795, 46.7711], [-71.2795, 46.7712], [-71.2795, 46.7714], [-71.2795, 46.7715], [-71.2796, 46.7716], [-71.2796, 46.7717], [-71.2797, 46.7717], [-71.2799, 46.7718], [-71.28, 46.7718], [-71.2802, 46.7719], [-71.2804, 46.7719], [-71.2805, 46.7719], [-71.2807, 46.7719], [-71.2808, 46.7719], [-71.281, 46.7718], [-71.2812, 46.7718], [-71.2813, 46.7717], [-71.2815, 46.7716], [-71.2816, 46.7716], [-71.2818, 46.7715], [-71.2819, 46.7715], [-71.2821, 46.7715], [-71.2823, 46.7716], [-71.2825, 46.7716], [-71.2827, 46.7717], [-71.2829, 46.7718], [-71.2831, 46.7719], [-71.2832, 46.772], [-71.2833, 46.772], [-71.2834, 46.772], [-71.2835, 46.772], [-71.2836, 46.7719], [-71.2836, 46.7718], [-71.2836, 46.7717], [-71.2837, 46.7716], [-71.2838, 46.7715], [-71.284, 46.7713], [-71.2842, 46.7711], [-71.2845, 46.7709], [-71.2848, 46.7707], [-71.2853, 46.7705], [-71.2857, 46.7702], [-71.2862, 46.7699], [-71.2865, 46.7697], [-71.2868, 46.7695], [-71.2871, 46.7692], [-71.2873, 46.769], [-71.2874, 46.7688], [-71.2875, 46.7686], [-71.2875, 46.7684], [-71.2875, 46.7682]]]}}, {"type": "Feature", "properties": {"couche": "aire_marche", "station": "CHUL", "ordre": 9, "minutes": 6, "superficie_ha": 24.8, "rue_km": 8.99, "disque_ha": 55.4, "part_disque_pct": 45, "accroche_m": 18, "population": 763, "navetteurs": 205, "mode_auto_pct": 63, "mode_tc_pct": 11, "mode_actif_pct": 26, "mode_autre_pct": 0}, "geometry": {"type": "Polygon", "coordinates": [[[-71.2883, 46.7679], [-71.2882, 46.768], [-71.2882, 46.7681], [-71.2881, 46.7682], [-71.288, 46.7683], [-71.2878, 46.7683], [-71.2877, 46.7684], [-71.2876, 46.7684], [-71.2875, 46.7684], [-71.2874, 46.7684], [-71.2874, 46.7685], [-71.2874, 46.7686], [-71.2875, 46.7687], [-71.2876, 46.7687], [-71.2878, 46.7688], [-71.2879, 46.7689], [-71.288, 46.769], [-71.288, 46.7691], [-71.2881, 46.7692], [-71.288, 46.7693], [-71.288, 46.7694], [-71.2879, 46.7695], [-71.2878, 46.7695], [-71.2877, 46.7695], [-71.2876, 46.7695], [-71.2875, 46.7695], [-71.2873, 46.7696], [-71.2871, 46.7696], [-71.2869, 46.7697], [-71.2866, 46.7698], [-71.2863, 46.7699], [-71.2859, 46.7701], [-71.2856, 46.7703], [-71.2851, 46.7706], [-71.2848, 46.7708], [-71.2845, 46.771], [-71.2842, 46.7711], [-71.2841, 46.7713], [-71.284, 46.7714], [-71.2839, 46.7715], [-71.284, 46.7716], [-71.2841, 46.7717], [-71.2841, 46.7718], [-71.2842, 46.7719], [-71.2843, 46.7719], [-71.2843, 46.772], [-71.2843, 46.7721], [-71.2843, 46.7722], [-71.2843, 46.7723], [-71.2843, 46.7724], [-71.2842, 46.7725], [-71.2841, 46.7725], [-71.2841, 46.7726], [-71.284, 46.7726], [-71.2839, 46.7726], [-71.2838, 46.7727], [-71.2837, 46.7727], [-71.2835, 46.7726], [-71.2834, 46.7726], [-71.2833, 46.7726], [-71.2831, 46.7725], [-71.283, 46.7724], [-71.2829, 46.7723], [-71.2827, 46.7722], [-71.2826, 46.772], [-71.2825, 46.7719], [-71.2823, 46.7718], [-71.2822, 46.7717], [-71.2821, 46.7716], [-71.282, 46.7716], [-71.2819, 46.7717], [-71.2818, 46.7717], [-71.2817, 46.7718], [-71.2817, 46.772], [-71.2816, 46.7721], [-71.2815, 46.7722], [-71.2814, 46.7722], [-71.2813, 46.7723], [-71.2812, 46.7723], [-71.2811, 46.7723], [-71.2809, 46.7722], [-71.2808, 46.7722], [-71.2807, 46.7721], [-71.2805, 46.772], [-71.2803, 46.772], [-71.2802, 46.772], [-71.28, 46.772], [-71.2798, 46.772], [-71.2796, 46.772], [-71.2794, 46.772], [-71.2792, 46.772], [-71.2791, 46.772], [-71.279, 46.772], [-71.279, 46.7719], [-71.279, 46.7718], [-71.2791, 46.7716], [-71.2792, 46.7715], [-71.2792, 46.7714], [-71.2793, 46.7713], [-71.2793, 46.7711], [-71.2793, 46.771], [-71.2793, 46.7709], [-71.2793, 46.7708], [-71.2792, 46.7707], [-71.2791, 46.7705], [-71.2791, 46.7704], [-71.279, 46.7703], [-71.279, 46.7702], [-71.279, 46.7701], [-71.2791, 46.77], [-71.2792, 46.77], [-71.2793, 46.7699], [-71.2794, 46.7699], [-71.2795, 46.7698], [-71.2795, 46.7697], [-71.2795, 46.7696], [-71.2795, 46.7695], [-71.2795, 46.7694], [-71.2794, 46.7693], [-71.2793, 46.7692], [-71.2793, 46.7691], [-71.2793, 46.769], [-71.2793, 46.7689], [-71.2794, 46.7688], [-71.2796, 46.7687], [-71.2797, 46.7686], [-71.28, 46.7686], [-71.2802, 46.7685], [-71.2805, 46.7685], [-71.2808, 46.7685], [-71.281, 46.7685], [-71.2812, 46.7685], [-71.2815, 46.7686], [-71.2817, 46.7687], [-71.2819, 46.7688], [-71.2821, 46.7689], [-71.2823, 46.769], [-71.2825, 46.7691], [-71.2827, 46.7691], [-71.2828, 46.7691], [-71.283, 46.769], [-71.2831, 46.7689], [-71.2833, 46.7688], [-71.2834, 46.7686], [-71.2835, 46.7685], [-71.2835, 46.7684], [-71.2835, 46.7682], [-71.2835, 46.7681], [-71.2834, 46.768], [-71.2833, 46.7679], [-71.2831, 46.7679], [-71.2829, 46.7678], [-71.2827, 46.7678], [-71.2826, 46.7677], [-71.2825, 46.7676], [-71.2824, 46.7675], [-71.2824, 46.7674], [-71.2824, 46.7673], [-71.2825, 46.7672], [-71.2826, 46.7671], [-71.2827, 46.767], [-71.2828, 46.767], [-71.283, 46.767], [-71.2832, 46.767], [-71.2834, 46.767], [-71.2837, 46.7671], [-71.2839, 46.7672], [-71.2842, 46.7674], [-71.2845, 46.7675], [-71.2848, 46.7676], [-71.2851, 46.7677], [-71.2854, 46.7677], [-71.2856, 46.7677], [-71.2859, 46.7676], [-71.2861, 46.7675], [-71.2864, 46.7674], [-71.2866, 46.7673], [-71.2869, 46.7672], [-71.2871, 46.7672], [-71.2873, 46.7671], [-71.2874, 46.7671], [-71.2876, 46.7671], [-71.2877, 46.7672], [-71.2879, 46.7672], [-71.288, 46.7673], [-71.2881, 46.7673], [-71.2882, 46.7674], [-71.2882, 46.7675], [-71.2883, 46.7676], [-71.2883, 46.7677], [-71.2883, 46.7678], [-71.2883, 46.7679]]]}}, {"type": "Feature", "properties": {"couche": "voile", "station": "CHUL", "minutes": 6}, "geometry": {"type": "Polygon", "coordinates": [[[-71.4474, 46.8794], [-71.1231, 46.8816], [-71.1206, 46.66], [-71.4435, 46.6578], [-71.4474, 46.8794]], [[-71.2883, 46.7678], [-71.2883, 46.7677], [-71.2883, 46.7676], [-71.2882, 46.7675], [-71.2882, 46.7674], [-71.2881, 46.7673], [-71.288, 46.7673], [-71.2879, 46.7672], [-71.2877, 46.7672], [-71.2876, 46.7671], [-71.2874, 46.7671], [-71.2873, 46.7671], [-71.2871, 46.7672], [-71.2869, 46.7672], [-71.2866, 46.7673], [-71.2864, 46.7674], [-71.2861, 46.7675], [-71.2859, 46.7676], [-71.2856, 46.7677], [-71.2854, 46.7677], [-71.2851, 46.7677], [-71.2848, 46.7676], [-71.2845, 46.7675], [-71.2842, 46.7674], [-71.2839, 46.7672], [-71.2837, 46.7671], [-71.2834, 46.767], [-71.2832, 46.767], [-71.283, 46.767], [-71.2828, 46.767], [-71.2827, 46.767], [-71.2826, 46.7671], [-71.2825, 46.7672], [-71.2824, 46.7673], [-71.2824, 46.7674], [-71.2824, 46.7675], [-71.2825, 46.7676], [-71.2826, 46.7677], [-71.2827, 46.7678], [-71.2829, 46.7678], [-71.2831, 46.7679], [-71.2833, 46.7679], [-71.2834, 46.768], [-71.2835, 46.7681], [-71.2835, 46.7682], [-71.2835, 46.7684], [-71.2835, 46.7685], [-71.2834, 46.7686], [-71.2833, 46.7688], [-71.2831, 46.7689], [-71.283, 46.769], [-71.2828, 46.7691], [-71.2827, 46.7691], [-71.2825, 46.7691], [-71.2823, 46.769], [-71.2821, 46.7689], [-71.2819, 46.7688], [-71.2817, 46.7687], [-71.2815, 46.7686], [-71.2812, 46.7685], [-71.281, 46.7685], [-71.2808, 46.7685], [-71.2805, 46.7685], [-71.2802, 46.7685], [-71.28, 46.7686], [-71.2797, 46.7686], [-71.2796, 46.7687], [-71.2794, 46.7688], [-71.2793, 46.7689], [-71.2793, 46.769], [-71.2793, 46.7691], [-71.2793, 46.7692], [-71.2794, 46.7693], [-71.2795, 46.7694], [-71.2795, 46.7695], [-71.2795, 46.7696], [-71.2795, 46.7697], [-71.2795, 46.7698], [-71.2794, 46.7699], [-71.2793, 46.7699], [-71.2792, 46.77], [-71.2791, 46.77], [-71.279, 46.7701], [-71.279, 46.7702], [-71.279, 46.7703], [-71.2791, 46.7704], [-71.2791, 46.7705], [-71.2792, 46.7707], [-71.2793, 46.7708], [-71.2793, 46.7709], [-71.2793, 46.771], [-71.2793, 46.7711], [-71.2793, 46.7713], [-71.2792, 46.7714], [-71.2792, 46.7715], [-71.2791, 46.7716], [-71.279, 46.7718], [-71.279, 46.7719], [-71.279, 46.772], [-71.2791, 46.772], [-71.2792, 46.772], [-71.2794, 46.772], [-71.2796, 46.772], [-71.2798, 46.772], [-71.28, 46.772], [-71.2802, 46.772], [-71.2803, 46.772], [-71.2805, 46.772], [-71.2807, 46.7721], [-71.2808, 46.7722], [-71.2809, 46.7722], [-71.2811, 46.7723], [-71.2812, 46.7723], [-71.2813, 46.7723], [-71.2814, 46.7722], [-71.2815, 46.7722], [-71.2816, 46.7721], [-71.2817, 46.772], [-71.2817, 46.7718], [-71.2818, 46.7717], [-71.2819, 46.7717], [-71.282, 46.7716], [-71.2821, 46.7716], [-71.2822, 46.7717], [-71.2823, 46.7718], [-71.2825, 46.7719], [-71.2826, 46.772], [-71.2827, 46.7722], [-71.2829, 46.7723], [-71.283, 46.7724], [-71.2831, 46.7725], [-71.2833, 46.7726], [-71.2834, 46.7726], [-71.2835, 46.7726], [-71.2837, 46.7727], [-71.2838, 46.7727], [-71.2839, 46.7726], [-71.284, 46.7726], [-71.2841, 46.7726], [-71.2841, 46.7725], [-71.2842, 46.7725], [-71.2843, 46.7724], [-71.2843, 46.7723], [-71.2843, 46.7722], [-71.2843, 46.7721], [-71.2843, 46.772], [-71.2843, 46.7719], [-71.2842, 46.7719], [-71.2841, 46.7718], [-71.2841, 46.7717], [-71.284, 46.7716], [-71.2839, 46.7715], [-71.284, 46.7714], [-71.2841, 46.7713], [-71.2842, 46.7711], [-71.2845, 46.771], [-71.2848, 46.7708], [-71.2851, 46.7706], [-71.2856, 46.7703], [-71.2859, 46.7701], [-71.2863, 46.7699], [-71.2866, 46.7698], [-71.2869, 46.7697], [-71.2871, 46.7696], [-71.2873, 46.7696], [-71.2875, 46.7695], [-71.2876, 46.7695], [-71.2877, 46.7695], [-71.2878, 46.7695], [-71.2879, 46.7695], [-71.288, 46.7694], [-71.288, 46.7693], [-71.2881, 46.7692], [-71.288, 46.7691], [-71.288, 46.769], [-71.2879, 46.7689], [-71.2878, 46.7688], [-71.2876, 46.7687], [-71.2875, 46.7687], [-71.2874, 46.7686], [-71.2874, 46.7685], [-71.2874, 46.7684], [-71.2875, 46.7684], [-71.2876, 46.7684], [-71.2877, 46.7684], [-71.2878, 46.7683], [-71.288, 46.7683], [-71.2881, 46.7682], [-71.2882, 46.7681], [-71.2882, 46.768], [-71.2883, 46.7679], [-71.2883, 46.7678]]]}}, {"type": "Feature", "properties": {"couche": "aire_marche", "station": "CHUL", "ordre": 9, "minutes": 7, "superficie_ha": 35.5, "rue_km": 12.09, "disque_ha": 75.4, "part_disque_pct": 47, "accroche_m": 18, "population": 1087, "navetteurs": 289, "mode_auto_pct": 62, "mode_tc_pct": 11, "mode_actif_pct": 27, "mode_autre_pct": 0}, "geometry": {"type": "Polygon", "coordinates": [[[-71.2889, 46.7683], [-71.2888, 46.7687], [-71.2888, 46.769], [-71.2887, 46.7693], [-71.2886, 46.7695], [-71.2886, 46.7698], [-71.2885, 46.7699], [-71.2883, 46.77], [-71.2882, 46.7701], [-71.2881, 46.7701], [-71.288, 46.7701], [-71.2879, 46.7701], [-71.2877, 46.7701], [-71.2876, 46.77], [-71.2875, 46.77], [-71.2875, 46.7699], [-71.2874, 46.7699], [-71.2873, 46.7698], [-71.2872, 46.7697], [-71.287, 46.7697], [-71.2868, 46.7698], [-71.2866, 46.7698], [-71.2863, 46.77], [-71.2859, 46.7701], [-71.2856, 46.7703], [-71.2851, 46.7706], [-71.2848, 46.7708], [-71.2845, 46.7709], [-71.2843, 46.7711], [-71.2842, 46.7712], [-71.2841, 46.7714], [-71.2842, 46.7714], [-71.2843, 46.7715], [-71.2845, 46.7715], [-71.2846, 46.7716], [-71.2847, 46.7717], [-71.2848, 46.7717], [-71.2849, 46.7719], [-71.2849, 46.772], [-71.2849, 46.7722], [-71.2849, 46.7723], [-71.2849, 46.7725], [-71.2848, 46.7727], [-71.2847, 46.7728], [-71.2846, 46.773], [-71.2844, 46.7731], [-71.2843, 46.7731], [-71.2841, 46.7732], [-71.284, 46.7732], [-71.2838, 46.7732], [-71.2836, 46.7731], [-71.2834, 46.7731], [-71.2832, 46.773], [-71.283, 46.7729], [-71.2829, 46.7727], [-71.2827, 46.7725], [-71.2826, 46.7723], [-71.2824, 46.7721], [-71.2823, 46.7719], [-71.2822, 46.7718], [-71.2821, 46.7716], [-71.282, 46.7716], [-71.2819, 46.7715], [-71.2818, 46.7715], [-71.2817, 46.7715], [-71.2816, 46.7716], [-71.2816, 46.7717], [-71.2816, 46.7718], [-71.2817, 46.7719], [-71.2818, 46.772], [-71.2819, 46.7721], [-71.282, 46.7722], [-71.2821, 46.7723], [-71.2822, 46.7724], [-71.2822, 46.7725], [-71.2822, 46.7726], [-71.2822, 46.7727], [-71.2822, 46.7728], [-71.2821, 46.7728], [-71.282, 46.7728], [-71.2819, 46.7728], [-71.2818, 46.7727], [-71.2816, 46.7727], [-71.2815, 46.7726], [-71.2813, 46.7725], [-71.2811, 46.7724], [-71.2809, 46.7723], [-71.2807, 46.7722], [-71.2805, 46.7721], [-71.2803, 46.7721], [-71.2801, 46.7721], [-71.2799, 46.7722], [-71.2797, 46.7722], [-71.2796, 46.7723], [-71.2794, 46.7724], [-71.2793, 46.7725], [-71.2791, 46.7725], [-71.279, 46.7726], [-71.2788, 46.7726], [-71.2787, 46.7726], [-71.2785, 46.7726], [-71.2784, 46.7726], [-71.2783, 46.7725], [-71.2782, 46.7725], [-71.2781, 46.7724], [-71.278, 46.7724], [-71.278, 46.7723], [-71.278, 46.7722], [-71.2779, 46.7721], [-71.278, 46.772], [-71.278, 46.7719], [-71.2781, 46.7718], [-71.2782, 46.7717], [-71.2783, 46.7716], [-71.2785, 46.7715], [-71.2786, 46.7714], [-71.2788, 46.7714], [-71.279, 46.7713], [-71.2791, 46.7712], [-71.2791, 46.7711], [-71.279, 46.771], [-71.2789, 46.771], [-71.2787, 46.771], [-71.2786, 46.771], [-71.2784, 46.7709], [-71.2783, 46.7709], [-71.2783, 46.7708], [-71.2784, 46.7707], [-71.2784, 46.7706], [-71.2785, 46.7705], [-71.2785, 46.7704], [-71.2786, 46.7704], [-71.2786, 46.7703], [-71.2786, 46.7702], [-71.2786, 46.7701], [-71.2785, 46.77], [-71.2785, 46.7699], [-71.2785, 46.7698], [-71.2785, 46.7697], [-71.2786, 46.7696], [-71.2788, 46.7696], [-71.2789, 46.7696], [-71.2791, 46.7697], [-71.2792, 46.7697], [-71.2793, 46.7697], [-71.2794, 46.7696], [-71.2793, 46.7696], [-71.2792, 46.7696], [-71.2791, 46.7695], [-71.2789, 46.7694], [-71.2788, 46.7693], [-71.2787, 46.7693], [-71.2786, 46.7692], [-71.2785, 46.7691], [-71.2785, 46.769], [-71.2784, 46.7689], [-71.2784, 46.7687], [-71.2785, 46.7686], [-71.2785, 46.7685], [-71.2786, 46.7684], [-71.2788, 46.7683], [-71.279, 46.7682], [-71.2792, 46.7682], [-71.2794, 46.7681], [-71.2797, 46.768], [-71.2801, 46.768], [-71.2804, 46.768], [-71.2806, 46.7679], [-71.2809, 46.7679], [-71.2811, 46.7679], [-71.2813, 46.7679], [-71.2815, 46.7679], [-71.2816, 46.768], [-71.2817, 46.768], [-71.2818, 46.7681], [-71.2819, 46.7681], [-71.2819, 46.7682], [-71.282, 46.7683], [-71.282, 46.7684], [-71.2819, 46.7685], [-71.2819, 46.7686], [-71.2818, 46.7687], [-71.2818, 46.7688], [-71.2818, 46.7689], [-71.2819, 46.7689], [-71.2819, 46.769], [-71.282, 46.7691], [-71.2821, 46.7692], [-71.2822, 46.7693], [-71.2823, 46.7693], [-71.2824, 46.7693], [-71.2825, 46.7693], [-71.2827, 46.7692], [-71.2828, 46.7691], [-71.2829, 46.769], [-71.2831, 46.7689], [-71.2833, 46.7687], [-71.2834, 46.7685], [-71.2834, 46.7684], [-71.2834, 46.7682], [-71.2834, 46.7681], [-71.2833, 46.7681], [-71.2831, 46.768], [-71.2829, 46.768], [-71.2827, 46.768], [-71.2824, 46.768], [-71.2822, 46.768], [-71.2821, 46.768], [-71.2819, 46.7679], [-71.2818, 46.7679], [-71.2817, 46.7679], [-71.2816, 46.7678], [-71.2815, 46.7678], [-71.2815, 46.7677], [-71.2815, 46.7676], [-71.2816, 46.7675], [-71.2817, 46.7674], [-71.2818, 46.7673], [-71.2819, 46.7672], [-71.2821, 46.767], [-71.2823, 46.7668], [-71.2825, 46.7667], [-71.2827, 46.7666], [-71.283, 46.7666], [-71.2832, 46.7666], [-71.2835, 46.7667], [-71.2837, 46.7668], [-71.284, 46.767], [-71.2843, 46.7672], [-71.2846, 46.7674], [-71.2849, 46.7675], [-71.2851, 46.7675], [-71.2854, 46.7676], [-71.2857, 46.7675], [-71.286, 46.7675], [-71.2863, 46.7673], [-71.2866, 46.7671], [-71.2869, 46.767], [-71.2871, 46.7669], [-71.2874, 46.7668], [-71.2876, 46.7667], [-71.2878, 46.7667], [-71.288, 46.7667], [-71.2882, 46.7667], [-71.2884, 46.7668], [-71.2886, 46.7668], [-71.2887, 46.767], [-71.2888, 46.7672], [-71.2889, 46.7674], [-71.2889, 46.7676], [-71.2889, 46.7679], [-71.2889, 46.7683]]]}}, {"type": "Feature", "properties": {"couche": "voile", "station": "CHUL", "minutes": 7}, "geometry": {"type": "Polygon", "coordinates": [[[-71.448, 46.8799], [-71.122, 46.8822], [-71.1195, 46.6596], [-71.4441, 46.6574], [-71.448, 46.8799]], [[-71.2889, 46.7679], [-71.2889, 46.7676], [-71.2889, 46.7674], [-71.2888, 46.7672], [-71.2887, 46.767], [-71.2886, 46.7668], [-71.2884, 46.7668], [-71.2882, 46.7667], [-71.288, 46.7667], [-71.2878, 46.7667], [-71.2876, 46.7667], [-71.2874, 46.7668], [-71.2871, 46.7669], [-71.2869, 46.767], [-71.2866, 46.7671], [-71.2863, 46.7673], [-71.286, 46.7675], [-71.2857, 46.7675], [-71.2854, 46.7676], [-71.2851, 46.7675], [-71.2849, 46.7675], [-71.2846, 46.7674], [-71.2843, 46.7672], [-71.284, 46.767], [-71.2837, 46.7668], [-71.2835, 46.7667], [-71.2832, 46.7666], [-71.283, 46.7666], [-71.2827, 46.7666], [-71.2825, 46.7667], [-71.2823, 46.7668], [-71.2821, 46.767], [-71.2819, 46.7672], [-71.2818, 46.7673], [-71.2817, 46.7674], [-71.2816, 46.7675], [-71.2815, 46.7676], [-71.2815, 46.7677], [-71.2815, 46.7678], [-71.2816, 46.7678], [-71.2817, 46.7679], [-71.2818, 46.7679], [-71.2819, 46.7679], [-71.2821, 46.768], [-71.2822, 46.768], [-71.2824, 46.768], [-71.2827, 46.768], [-71.2829, 46.768], [-71.2831, 46.768], [-71.2833, 46.7681], [-71.2834, 46.7681], [-71.2834, 46.7682], [-71.2834, 46.7684], [-71.2834, 46.7685], [-71.2833, 46.7687], [-71.2831, 46.7689], [-71.2829, 46.769], [-71.2828, 46.7691], [-71.2827, 46.7692], [-71.2825, 46.7693], [-71.2824, 46.7693], [-71.2823, 46.7693], [-71.2822, 46.7693], [-71.2821, 46.7692], [-71.282, 46.7691], [-71.2819, 46.769], [-71.2819, 46.7689], [-71.2818, 46.7689], [-71.2818, 46.7688], [-71.2818, 46.7687], [-71.2819, 46.7686], [-71.2819, 46.7685], [-71.282, 46.7684], [-71.282, 46.7683], [-71.2819, 46.7682], [-71.2819, 46.7681], [-71.2818, 46.7681], [-71.2817, 46.768], [-71.2816, 46.768], [-71.2815, 46.7679], [-71.2813, 46.7679], [-71.2811, 46.7679], [-71.2809, 46.7679], [-71.2806, 46.7679], [-71.2804, 46.768], [-71.2801, 46.768], [-71.2797, 46.768], [-71.2794, 46.7681], [-71.2792, 46.7682], [-71.279, 46.7682], [-71.2788, 46.7683], [-71.2786, 46.7684], [-71.2785, 46.7685], [-71.2785, 46.7686], [-71.2784, 46.7687], [-71.2784, 46.7689], [-71.2785, 46.769], [-71.2785, 46.7691], [-71.2786, 46.7692], [-71.2787, 46.7693], [-71.2788, 46.7693], [-71.2789, 46.7694], [-71.2791, 46.7695], [-71.2792, 46.7696], [-71.2793, 46.7696], [-71.2794, 46.7696], [-71.2793, 46.7697], [-71.2792, 46.7697], [-71.2791, 46.7697], [-71.2789, 46.7696], [-71.2788, 46.7696], [-71.2786, 46.7696], [-71.2785, 46.7697], [-71.2785, 46.7698], [-71.2785, 46.7699], [-71.2785, 46.77], [-71.2786, 46.7701], [-71.2786, 46.7702], [-71.2786, 46.7703], [-71.2786, 46.7704], [-71.2785, 46.7704], [-71.2785, 46.7705], [-71.2784, 46.7706], [-71.2784, 46.7707], [-71.2783, 46.7708], [-71.2783, 46.7709], [-71.2784, 46.7709], [-71.2786, 46.771], [-71.2787, 46.771], [-71.2789, 46.771], [-71.279, 46.771], [-71.2791, 46.7711], [-71.2791, 46.7712], [-71.279, 46.7713], [-71.2788, 46.7714], [-71.2786, 46.7714], [-71.2785, 46.7715], [-71.2783, 46.7716], [-71.2782, 46.7717], [-71.2781, 46.7718], [-71.278, 46.7719], [-71.278, 46.772], [-71.2779, 46.7721], [-71.278, 46.7722], [-71.278, 46.7723], [-71.278, 46.7724], [-71.2781, 46.7724], [-71.2782, 46.7725], [-71.2783, 46.7725], [-71.2784, 46.7726], [-71.2785, 46.7726], [-71.2787, 46.7726], [-71.2788, 46.7726], [-71.279, 46.7726], [-71.2791, 46.7725], [-71.2793, 46.7725], [-71.2794, 46.7724], [-71.2796, 46.7723], [-71.2797, 46.7722], [-71.2799, 46.7722], [-71.2801, 46.7721], [-71.2803, 46.7721], [-71.2805, 46.7721], [-71.2807, 46.7722], [-71.2809, 46.7723], [-71.2811, 46.7724], [-71.2813, 46.7725], [-71.2815, 46.7726], [-71.2816, 46.7727], [-71.2818, 46.7727], [-71.2819, 46.7728], [-71.282, 46.7728], [-71.2821, 46.7728], [-71.2822, 46.7728], [-71.2822, 46.7727], [-71.2822, 46.7726], [-71.2822, 46.7725], [-71.2822, 46.7724], [-71.2821, 46.7723], [-71.282, 46.7722], [-71.2819, 46.7721], [-71.2818, 46.772], [-71.2817, 46.7719], [-71.2816, 46.7718], [-71.2816, 46.7717], [-71.2816, 46.7716], [-71.2817, 46.7715], [-71.2818, 46.7715], [-71.2819, 46.7715], [-71.282, 46.7716], [-71.2821, 46.7716], [-71.2822, 46.7718], [-71.2823, 46.7719], [-71.2824, 46.7721], [-71.2826, 46.7723], [-71.2827, 46.7725], [-71.2829, 46.7727], [-71.283, 46.7729], [-71.2832, 46.773], [-71.2834, 46.7731], [-71.2836, 46.7731], [-71.2838, 46.7732], [-71.284, 46.7732], [-71.2841, 46.7732], [-71.2843, 46.7731], [-71.2844, 46.7731], [-71.2846, 46.773], [-71.2847, 46.7728], [-71.2848, 46.7727], [-71.2849, 46.7725], [-71.2849, 46.7723], [-71.2849, 46.7722], [-71.2849, 46.772], [-71.2849, 46.7719], [-71.2848, 46.7717], [-71.2847, 46.7717], [-71.2846, 46.7716], [-71.2845, 46.7715], [-71.2843, 46.7715], [-71.2842, 46.7714], [-71.2841, 46.7714], [-71.2842, 46.7712], [-71.2843, 46.7711], [-71.2845, 46.7709], [-71.2848, 46.7708], [-71.2851, 46.7706], [-71.2856, 46.7703], [-71.2859, 46.7701], [-71.2863, 46.77], [-71.2866, 46.7698], [-71.2868, 46.7698], [-71.287, 46.7697], [-71.2872, 46.7697], [-71.2873, 46.7698], [-71.2874, 46.7699], [-71.2875, 46.7699], [-71.2875, 46.77], [-71.2876, 46.77], [-71.2877, 46.7701], [-71.2879, 46.7701], [-71.288, 46.7701], [-71.2881, 46.7701], [-71.2882, 46.7701], [-71.2883, 46.77], [-71.2885, 46.7699], [-71.2886, 46.7698], [-71.2886, 46.7695], [-71.2887, 46.7693], [-71.2888, 46.769], [-71.2888, 46.7687], [-71.2889, 46.7683], [-71.2889, 46.7679]]]}}, {"type": "Feature", "properties": {"couche": "aire_marche", "station": "CHUL", "ordre": 9, "minutes": 8, "superficie_ha": 49.0, "rue_km": 16.1, "disque_ha": 98.5, "part_disque_pct": 50, "accroche_m": 18, "population": 1455, "navetteurs": 380, "mode_auto_pct": 62, "mode_tc_pct": 11, "mode_actif_pct": 27, "mode_autre_pct": 0}, "geometry": {"type": "Polygon", "coordinates": [[[-71.2897, 46.7671], [-71.2897, 46.7672], [-71.2897, 46.7673], [-71.2896, 46.7674], [-71.2896, 46.7675], [-71.2895, 46.7675], [-71.2894, 46.7676], [-71.2893, 46.7676], [-71.2892, 46.7677], [-71.2891, 46.7677], [-71.289, 46.7677], [-71.2889, 46.7678], [-71.289, 46.7678], [-71.289, 46.7679], [-71.2891, 46.7679], [-71.2892, 46.768], [-71.2893, 46.768], [-71.2894, 46.7681], [-71.2894, 46.7682], [-71.2894, 46.7683], [-71.2894, 46.7684], [-71.2894, 46.7685], [-71.2893, 46.7687], [-71.2892, 46.7688], [-71.2891, 46.769], [-71.2891, 46.7691], [-71.289, 46.7692], [-71.289, 46.7693], [-71.289, 46.7694], [-71.2891, 46.7694], [-71.2891, 46.7695], [-71.2892, 46.7695], [-71.2893, 46.7696], [-71.2894, 46.7697], [-71.2894, 46.7698], [-71.2894, 46.7699], [-71.2894, 46.77], [-71.2894, 46.7701], [-71.2893, 46.7702], [-71.2892, 46.7703], [-71.2891, 46.7703], [-71.289, 46.7704], [-71.2888, 46.7704], [-71.2885, 46.7705], [-71.2883, 46.7705], [-71.2879, 46.7705], [-71.2877, 46.7705], [-71.2875, 46.7705], [-71.2873, 46.7704], [-71.2871, 46.7704], [-71.287, 46.7703], [-71.287, 46.7702], [-71.287, 46.7701], [-71.287, 46.77], [-71.287, 46.7699], [-71.2869, 46.7698], [-71.2867, 46.7698], [-71.2865, 46.7699], [-71.2863, 46.77], [-71.2859, 46.7701], [-71.2856, 46.7703], [-71.2851, 46.7706], [-71.2847, 46.7708], [-71.2844, 46.771], [-71.2842, 46.7711], [-71.2839, 46.7713], [-71.2838, 46.7714], [-71.2837, 46.7715], [-71.2836, 46.7715], [-71.2837, 46.7716], [-71.2838, 46.7716], [-71.2839, 46.7716], [-71.284, 46.7716], [-71.2841, 46.7716], [-71.2843, 46.7715], [-71.2844, 46.7715], [-71.2846, 46.7714], [-71.2847, 46.7714], [-71.2849, 46.7714], [-71.285, 46.7714], [-71.2851, 46.7715], [-71.2852, 46.7715], [-71.2853, 46.7716], [-71.2854, 46.7716], [-71.2855, 46.7717], [-71.2855, 46.7719], [-71.2855, 46.772], [-71.2855, 46.7721], [-71.2855, 46.7723], [-71.2854, 46.7725], [-71.2853, 46.7727], [-71.2851, 46.773], [-71.285, 46.7732], [-71.2847, 46.7733], [-71.2845, 46.7735], [-71.2842, 46.7736], [-71.2839, 46.7736], [-71.2835, 46.7736], [-71.2831, 46.7736], [-71.2827, 46.7735], [-71.2823, 46.7735], [-71.2819, 46.7734], [-71.2816, 46.7733], [-71.2813, 46.7732], [-71.2811, 46.773], [-71.2809, 46.7729], [-71.2808, 46.7727], [-71.2807, 46.7725], [-71.2806, 46.7724], [-71.2805, 46.7723], [-71.2803, 46.7722], [-71.2802, 46.7722], [-71.2801, 46.7723], [-71.28, 46.7723], [-71.2798, 46.7724], [-71.2797, 46.7726], [-71.2795, 46.7727], [-71.2794, 46.7728], [-71.2792, 46.7729], [-71.279, 46.773], [-71.2788, 46.773], [-71.2786, 46.773], [-71.2783, 46.773], [-71.2781, 46.773], [-71.2779, 46.7729], [-71.2777, 46.7729], [-71.2775, 46.7728], [-71.2774, 46.7727], [-71.2773, 46.7725], [-71.2773, 46.7724], [-71.2772, 46.7722], [-71.2772, 46.772], [-71.2773, 46.7718], [-71.2773, 46.7716], [-71.2774, 46.7715], [-71.2775, 46.7713], [-71.2776, 46.7712], [-71.2777, 46.771], [-71.2779, 46.7709], [-71.2781, 46.7708], [-71.2782, 46.7707], [-71.2783, 46.7706], [-71.2784, 46.7705], [-71.2784, 46.7704], [-71.2784, 46.7703], [-71.2783, 46.7702], [-71.2782, 46.7702], [-71.278, 46.7702], [-71.2779, 46.7701], [-71.2778, 46.77], [-71.2777, 46.77], [-71.2776, 46.7699], [-71.2776, 46.7698], [-71.2775, 46.7697], [-71.2775, 46.7696], [-71.2775, 46.7695], [-71.2776, 46.7694], [-71.2776, 46.7693], [-71.2777, 46.7693], [-71.2777, 46.7692], [-71.2778, 46.7691], [-71.2779, 46.769], [-71.278, 46.769], [-71.2781, 46.7689], [-71.2782, 46.7689], [-71.2782, 46.7688], [-71.2783, 46.7687], [-71.2783, 46.7686], [-71.2783, 46.7685], [-71.2783, 46.7684], [-71.2782, 46.7683], [-71.2782, 46.7682], [-71.2782, 46.7681], [-71.2781, 46.768], [-71.2782, 46.7679], [-71.2782, 46.7678], [-71.2783, 46.7678], [-71.2785, 46.7677], [-71.2786, 46.7677], [-71.2787, 46.7677], [-71.2788, 46.7678], [-71.2789, 46.7678], [-71.279, 46.7678], [-71.2791, 46.7679], [-71.2792, 46.768], [-71.2793, 46.7681], [-71.2794, 46.7681], [-71.2795, 46.7681], [-71.2796, 46.768], [-71.2798, 46.768], [-71.28, 46.7679], [-71.2803, 46.7678], [-71.2805, 46.7677], [-71.2808, 46.7676], [-71.281, 46.7675], [-71.2813, 46.7673], [-71.2815, 46.7672], [-71.2816, 46.767], [-71.2818, 46.7668], [-71.282, 46.7666], [-71.2821, 46.7664], [-71.2822, 46.7663], [-71.2824, 46.7661], [-71.2825, 46.766], [-71.2827, 46.766], [-71.2828, 46.766], [-71.283, 46.766], [-71.2831, 46.766], [-71.2833, 46.7661], [-71.2834, 46.7662], [-71.2836, 46.7663], [-71.2837, 46.7663], [-71.2839, 46.7664], [-71.284, 46.7664], [-71.2842, 46.7664], [-71.2843, 46.7664], [-71.2844, 46.7664], [-71.2845, 46.7664], [-71.2846, 46.7664], [-71.2847, 46.7664], [-71.2847, 46.7665], [-71.2847, 46.7666], [-71.2847, 46.7667], [-71.2846, 46.7668], [-71.2846, 46.767], [-71.2845, 46.7671], [-71.2845, 46.7672], [-71.2846, 46.7673], [-71.2846, 46.7674], [-71.2847, 46.7675], [-71.2848, 46.7676], [-71.2849, 46.7677], [-71.285, 46.7677], [-71.2851, 46.7678], [-71.2853, 46.7678], [-71.2854, 46.7678], [-71.2856, 46.7678], [-71.2858, 46.7677], [-71.2859, 46.7677], [-71.2861, 46.7676], [-71.2863, 46.7675], [-71.2865, 46.7674], [-71.2867, 46.7673], [-71.2868, 46.7672], [-71.287, 46.767], [-71.2871, 46.7669], [-71.2872, 46.7668], [-71.2873, 46.7666], [-71.2875, 46.7665], [-71.2876, 46.7664], [-71.2878, 46.7663], [-71.288, 46.7663], [-71.2882, 46.7663], [-71.2884, 46.7663], [-71.2887, 46.7664], [-71.2889, 46.7665], [-71.2891, 46.7666], [-71.2893, 46.7666], [-71.2895, 46.7667], [-71.2896, 46.7668], [-71.2897, 46.7669], [-71.2897, 46.767], [-71.2897, 46.7671]]]}}, {"type": "Feature", "properties": {"couche": "voile", "station": "CHUL", "minutes": 8}, "geometry": {"type": "Polygon", "coordinates": [[[-71.4488, 46.8803], [-71.1213, 46.8826], [-71.1188, 46.659], [-71.4449, 46.6568], [-71.4488, 46.8803]], [[-71.2897, 46.767], [-71.2897, 46.7669], [-71.2896, 46.7668], [-71.2895, 46.7667], [-71.2893, 46.7666], [-71.2891, 46.7666], [-71.2889, 46.7665], [-71.2887, 46.7664], [-71.2884, 46.7663], [-71.2882, 46.7663], [-71.288, 46.7663], [-71.2878, 46.7663], [-71.2876, 46.7664], [-71.2875, 46.7665], [-71.2873, 46.7666], [-71.2872, 46.7668], [-71.2871, 46.7669], [-71.287, 46.767], [-71.2868, 46.7672], [-71.2867, 46.7673], [-71.2865, 46.7674], [-71.2863, 46.7675], [-71.2861, 46.7676], [-71.2859, 46.7677], [-71.2858, 46.7677], [-71.2856, 46.7678], [-71.2854, 46.7678], [-71.2853, 46.7678], [-71.2851, 46.7678], [-71.285, 46.7677], [-71.2849, 46.7677], [-71.2848, 46.7676], [-71.2847, 46.7675], [-71.2846, 46.7674], [-71.2846, 46.7673], [-71.2845, 46.7672], [-71.2845, 46.7671], [-71.2846, 46.767], [-71.2846, 46.7668], [-71.2847, 46.7667], [-71.2847, 46.7666], [-71.2847, 46.7665], [-71.2847, 46.7664], [-71.2846, 46.7664], [-71.2845, 46.7664], [-71.2844, 46.7664], [-71.2843, 46.7664], [-71.2842, 46.7664], [-71.284, 46.7664], [-71.2839, 46.7664], [-71.2837, 46.7663], [-71.2836, 46.7663], [-71.2834, 46.7662], [-71.2833, 46.7661], [-71.2831, 46.766], [-71.283, 46.766], [-71.2828, 46.766], [-71.2827, 46.766], [-71.2825, 46.766], [-71.2824, 46.7661], [-71.2822, 46.7663], [-71.2821, 46.7664], [-71.282, 46.7666], [-71.2818, 46.7668], [-71.2816, 46.767], [-71.2815, 46.7672], [-71.2813, 46.7673], [-71.281, 46.7675], [-71.2808, 46.7676], [-71.2805, 46.7677], [-71.2803, 46.7678], [-71.28, 46.7679], [-71.2798, 46.768], [-71.2796, 46.768], [-71.2795, 46.7681], [-71.2794, 46.7681], [-71.2793, 46.7681], [-71.2792, 46.768], [-71.2791, 46.7679], [-71.279, 46.7678], [-71.2789, 46.7678], [-71.2788, 46.7678], [-71.2787, 46.7677], [-71.2786, 46.7677], [-71.2785, 46.7677], [-71.2783, 46.7678], [-71.2782, 46.7678], [-71.2782, 46.7679], [-71.2781, 46.768], [-71.2782, 46.7681], [-71.2782, 46.7682], [-71.2782, 46.7683], [-71.2783, 46.7684], [-71.2783, 46.7685], [-71.2783, 46.7686], [-71.2783, 46.7687], [-71.2782, 46.7688], [-71.2782, 46.7689], [-71.2781, 46.7689], [-71.278, 46.769], [-71.2779, 46.769], [-71.2778, 46.7691], [-71.2777, 46.7692], [-71.2777, 46.7693], [-71.2776, 46.7693], [-71.2776, 46.7694], [-71.2775, 46.7695], [-71.2775, 46.7696], [-71.2775, 46.7697], [-71.2776, 46.7698], [-71.2776, 46.7699], [-71.2777, 46.77], [-71.2778, 46.77], [-71.2779, 46.7701], [-71.278, 46.7702], [-71.2782, 46.7702], [-71.2783, 46.7702], [-71.2784, 46.7703], [-71.2784, 46.7704], [-71.2784, 46.7705], [-71.2783, 46.7706], [-71.2782, 46.7707], [-71.2781, 46.7708], [-71.2779, 46.7709], [-71.2777, 46.771], [-71.2776, 46.7712], [-71.2775, 46.7713], [-71.2774, 46.7715], [-71.2773, 46.7716], [-71.2773, 46.7718], [-71.2772, 46.772], [-71.2772, 46.7722], [-71.2773, 46.7724], [-71.2773, 46.7725], [-71.2774, 46.7727], [-71.2775, 46.7728], [-71.2777, 46.7729], [-71.2779, 46.7729], [-71.2781, 46.773], [-71.2783, 46.773], [-71.2786, 46.773], [-71.2788, 46.773], [-71.279, 46.773], [-71.2792, 46.7729], [-71.2794, 46.7728], [-71.2795, 46.7727], [-71.2797, 46.7726], [-71.2798, 46.7724], [-71.28, 46.7723], [-71.2801, 46.7723], [-71.2802, 46.7722], [-71.2803, 46.7722], [-71.2805, 46.7723], [-71.2806, 46.7724], [-71.2807, 46.7725], [-71.2808, 46.7727], [-71.2809, 46.7729], [-71.2811, 46.773], [-71.2813, 46.7732], [-71.2816, 46.7733], [-71.2819, 46.7734], [-71.2823, 46.7735], [-71.2827, 46.7735], [-71.2831, 46.7736], [-71.2835, 46.7736], [-71.2839, 46.7736], [-71.2842, 46.7736], [-71.2845, 46.7735], [-71.2847, 46.7733], [-71.285, 46.7732], [-71.2851, 46.773], [-71.2853, 46.7727], [-71.2854, 46.7725], [-71.2855, 46.7723], [-71.2855, 46.7721], [-71.2855, 46.772], [-71.2855, 46.7719], [-71.2855, 46.7717], [-71.2854, 46.7716], [-71.2853, 46.7716], [-71.2852, 46.7715], [-71.2851, 46.7715], [-71.285, 46.7714], [-71.2849, 46.7714], [-71.2847, 46.7714], [-71.2846, 46.7714], [-71.2844, 46.7715], [-71.2843, 46.7715], [-71.2841, 46.7716], [-71.284, 46.7716], [-71.2839, 46.7716], [-71.2838, 46.7716], [-71.2837, 46.7716], [-71.2836, 46.7715], [-71.2837, 46.7715], [-71.2838, 46.7714], [-71.2839, 46.7713], [-71.2842, 46.7711], [-71.2844, 46.771], [-71.2847, 46.7708], [-71.2851, 46.7706], [-71.2856, 46.7703], [-71.2859, 46.7701], [-71.2863, 46.77], [-71.2865, 46.7699], [-71.2867, 46.7698], [-71.2869, 46.7698], [-71.287, 46.7699], [-71.287, 46.77], [-71.287, 46.7701], [-71.287, 46.7702], [-71.287, 46.7703], [-71.2871, 46.7704], [-71.2873, 46.7704], [-71.2875, 46.7705], [-71.2877, 46.7705], [-71.2879, 46.7705], [-71.2883, 46.7705], [-71.2885, 46.7705], [-71.2888, 46.7704], [-71.289, 46.7704], [-71.2891, 46.7703], [-71.2892, 46.7703], [-71.2893, 46.7702], [-71.2894, 46.7701], [-71.2894, 46.77], [-71.2894, 46.7699], [-71.2894, 46.7698], [-71.2894, 46.7697], [-71.2893, 46.7696], [-71.2892, 46.7695], [-71.2891, 46.7695], [-71.2891, 46.7694], [-71.289, 46.7694], [-71.289, 46.7693], [-71.289, 46.7692], [-71.2891, 46.7691], [-71.2891, 46.769], [-71.2892, 46.7688], [-71.2893, 46.7687], [-71.2894, 46.7685], [-71.2894, 46.7684], [-71.2894, 46.7683], [-71.2894, 46.7682], [-71.2894, 46.7681], [-71.2893, 46.768], [-71.2892, 46.768], [-71.2891, 46.7679], [-71.289, 46.7679], [-71.289, 46.7678], [-71.2889, 46.7678], [-71.289, 46.7677], [-71.2891, 46.7677], [-71.2892, 46.7677], [-71.2893, 46.7676], [-71.2894, 46.7676], [-71.2895, 46.7675], [-71.2896, 46.7675], [-71.2896, 46.7674], [-71.2897, 46.7673], [-71.2897, 46.7672], [-71.2897, 46.7671], [-71.2897, 46.767]]]}}, {"type": "Feature", "properties": {"couche": "aire_marche", "station": "CHUL", "ordre": 9, "minutes": 9, "superficie_ha": 62.5, "rue_km": 20.39, "disque_ha": 124.7, "part_disque_pct": 50, "accroche_m": 18, "population": 1831, "navetteurs": 484, "mode_auto_pct": 63, "mode_tc_pct": 11, "mode_actif_pct": 26, "mode_autre_pct": 0}, "geometry": {"type": "Polygon", "coordinates": [[[-71.2902, 46.7667], [-71.2901, 46.7668], [-71.29, 46.7669], [-71.2899, 46.767], [-71.2899, 46.7671], [-71.2899, 46.7672], [-71.2899, 46.7673], [-71.29, 46.7674], [-71.29, 46.7675], [-71.2901, 46.7676], [-71.2902, 46.7677], [-71.2902, 46.7678], [-71.2902, 46.768], [-71.2903, 46.7682], [-71.2903, 46.7684], [-71.2902, 46.7687], [-71.2902, 46.769], [-71.2902, 46.7694], [-71.2901, 46.7697], [-71.29, 46.77], [-71.2899, 46.7702], [-71.2898, 46.7704], [-71.2897, 46.7706], [-71.2896, 46.7707], [-71.2894, 46.7708], [-71.2893, 46.7709], [-71.2891, 46.7709], [-71.289, 46.7709], [-71.2888, 46.7709], [-71.2887, 46.7709], [-71.2886, 46.7709], [-71.2885, 46.7709], [-71.2884, 46.7708], [-71.2883, 46.7707], [-71.2882, 46.7706], [-71.288, 46.7706], [-71.2879, 46.7706], [-71.2877, 46.7705], [-71.2876, 46.7706], [-71.2874, 46.7706], [-71.2872, 46.7706], [-71.2869, 46.7707], [-71.2867, 46.7707], [-71.2866, 46.7708], [-71.2864, 46.7708], [-71.2863, 46.7708], [-71.2862, 46.7708], [-71.2861, 46.7708], [-71.2861, 46.7707], [-71.286, 46.7707], [-71.286, 46.7706], [-71.286, 46.7705], [-71.2861, 46.7704], [-71.2862, 46.7703], [-71.2863, 46.7702], [-71.2864, 46.77], [-71.2866, 46.7699], [-71.2866, 46.7698], [-71.2864, 46.7699], [-71.2862, 46.77], [-71.2859, 46.7701], [-71.2856, 46.7703], [-71.2851, 46.7706], [-71.2847, 46.7708], [-71.2844, 46.771], [-71.2842, 46.7711], [-71.2839, 46.7713], [-71.2838, 46.7714], [-71.2837, 46.7715], [-71.2836, 46.7715], [-71.2837, 46.7716], [-71.2838, 46.7716], [-71.2839, 46.7716], [-71.284, 46.7716], [-71.2841, 46.7716], [-71.2842, 46.7715], [-71.2843, 46.7715], [-71.2845, 46.7714], [-71.2846, 46.7714], [-71.2848, 46.7714], [-71.285, 46.7714], [-71.2851, 46.7714], [-71.2853, 46.7714], [-71.2855, 46.7714], [-71.2857, 46.7714], [-71.2859, 46.7715], [-71.286, 46.7716], [-71.2861, 46.7718], [-71.2861, 46.772], [-71.2861, 46.7722], [-71.286, 46.7725], [-71.2859, 46.7728], [-71.2858, 46.7731], [-71.2856, 46.7734], [-71.2854, 46.7736], [-71.2853, 46.7738], [-71.2851, 46.774], [-71.285, 46.7741], [-71.2848, 46.7741], [-71.2847, 46.7741], [-71.2845, 46.774], [-71.2843, 46.774], [-71.2841, 46.7739], [-71.2839, 46.7739], [-71.2837, 46.7739], [-71.2834, 46.7738], [-71.2831, 46.7738], [-71.2828, 46.7738], [-71.2825, 46.7738], [-71.2822, 46.7738], [-71.2819, 46.7738], [-71.2817, 46.7738], [-71.2815, 46.7737], [-71.2813, 46.7737], [-71.2812, 46.7736], [-71.2811, 46.7736], [-71.281, 46.7735], [-71.281, 46.7734], [-71.2809, 46.7733], [-71.2809, 46.7732], [-71.2809, 46.7731], [-71.2809, 46.773], [-71.281, 46.773], [-71.281, 46.7729], [-71.2811, 46.7728], [-71.2811, 46.7727], [-71.281, 46.7726], [-71.281, 46.7725], [-71.2809, 46.7724], [-71.2808, 46.7723], [-71.2807, 46.7722], [-71.2806, 46.7722], [-71.2805, 46.7721], [-71.2804, 46.7721], [-71.2803, 46.7721], [-71.2803, 46.7722], [-71.2803, 46.7723], [-71.2803, 46.7724], [-71.2802, 46.7725], [-71.2801, 46.7726], [-71.28, 46.7727], [-71.2799, 46.7728], [-71.2798, 46.7728], [-71.2796, 46.7729], [-71.2794, 46.773], [-71.2792, 46.7731], [-71.279, 46.7731], [-71.2788, 46.7731], [-71.2785, 46.7732], [-71.2782, 46.7732], [-71.2779, 46.7732], [-71.2776, 46.7732], [-71.2773, 46.7732], [-71.2771, 46.7732], [-71.2769, 46.7732], [-71.2767, 46.7731], [-71.2766, 46.7731], [-71.2765, 46.773], [-71.2764, 46.773], [-71.2764, 46.7729], [-71.2764, 46.7728], [-71.2765, 46.7727], [-71.2766, 46.7726], [-71.2767, 46.7725], [-71.2768, 46.7724], [-71.277, 46.7723], [-71.2771, 46.7723], [-71.2773, 46.7722], [-71.2773, 46.7721], [-71.2774, 46.772], [-71.2774, 46.7719], [-71.2774, 46.7718], [-71.2773, 46.7717], [-71.2772, 46.7716], [-71.2771, 46.7714], [-71.277, 46.7713], [-71.2769, 46.7712], [-71.2769, 46.771], [-71.2769, 46.7709], [-71.277, 46.7707], [-71.277, 46.7706], [-71.2771, 46.7704], [-71.2773, 46.7702], [-71.2774, 46.7701], [-71.2775, 46.7699], [-71.2775, 46.7697], [-71.2775, 46.7696], [-71.2775, 46.7695], [-71.2775, 46.7693], [-71.2774, 46.7692], [-71.2773, 46.7691], [-71.2772, 46.769], [-71.2772, 46.7689], [-71.2773, 46.7688], [-71.2775, 46.7687], [-71.2776, 46.7687], [-71.2778, 46.7687], [-71.2779, 46.7687], [-71.278, 46.7687], [-71.2781, 46.7686], [-71.2781, 46.7685], [-71.2781, 46.7684], [-71.2781, 46.7682], [-71.278, 46.7681], [-71.2779, 46.7679], [-71.2778, 46.7677], [-71.2777, 46.7676], [-71.2777, 46.7675], [-71.2777, 46.7674], [-71.2778, 46.7674], [-71.2779, 46.7675], [-71.2781, 46.7675], [-71.2782, 46.7676], [-71.2784, 46.7676], [-71.2785, 46.7676], [-71.2787, 46.7676], [-71.2788, 46.7676], [-71.2789, 46.7676], [-71.2791, 46.7675], [-71.2792, 46.7675], [-71.2793, 46.7675], [-71.2794, 46.7674], [-71.2795, 46.7674], [-71.2796, 46.7674], [-71.2797, 46.7675], [-71.2797, 46.7676], [-71.2797, 46.7677], [-71.2798, 46.7677], [-71.2799, 46.7677], [-71.28, 46.7677], [-71.2802, 46.7677], [-71.2804, 46.7676], [-71.2806, 46.7674], [-71.2809, 46.7673], [-71.2813, 46.7671], [-71.2815, 46.7669], [-71.2818, 46.7668], [-71.2819, 46.7667], [-71.282, 46.7665], [-71.2821, 46.7665], [-71.2821, 46.7664], [-71.282, 46.7664], [-71.2819, 46.7663], [-71.2818, 46.7663], [-71.2817, 46.7663], [-71.2816, 46.7662], [-71.2816, 46.7661], [-71.2816, 46.766], [-71.2816, 46.7659], [-71.2817, 46.7657], [-71.2817, 46.7656], [-71.2818, 46.7656], [-71.2819, 46.7655], [-71.282, 46.7654], [-71.2821, 46.7654], [-71.2823, 46.7654], [-71.2824, 46.7653], [-71.2826, 46.7654], [-71.2827, 46.7654], [-71.2829, 46.7654], [-71.283, 46.7655], [-71.2831, 46.7655], [-71.2832, 46.7656], [-71.2833, 46.7657], [-71.2834, 46.7658], [-71.2835, 46.766], [-71.2836, 46.7661], [-71.2838, 46.7662], [-71.2839, 46.7662], [-71.2841, 46.7663], [-71.2842, 46.7663], [-71.2844, 46.7663], [-71.2846, 46.7662], [-71.2848, 46.7662], [-71.285, 46.7661], [-71.2852, 46.7661], [-71.2853, 46.7661], [-71.2854, 46.7661], [-71.2854, 46.7662], [-71.2853, 46.7663], [-71.2852, 46.7664], [-71.2852, 46.7665], [-71.2851, 46.7666], [-71.2851, 46.7667], [-71.2851, 46.7669], [-71.2851, 46.767], [-71.2851, 46.7671], [-71.2851, 46.7673], [-71.2851, 46.7674], [-71.2852, 46.7675], [-71.2853, 46.7676], [-71.2854, 46.7677], [-71.2855, 46.7677], [-71.2856, 46.7677], [-71.2858, 46.7677], [-71.2859, 46.7677], [-71.2861, 46.7676], [-71.2863, 46.7675], [-71.2865, 46.7674], [-71.2866, 46.7672], [-71.2867, 46.7671], [-71.2868, 46.7669], [-71.2869, 46.7668], [-71.2869, 46.7666], [-71.287, 46.7664], [-71.287, 46.7662], [-71.2871, 46.7661], [-71.2872, 46.7659], [-71.2873, 46.7658], [-71.2874, 46.7658], [-71.2875, 46.7657], [-71.2877, 46.7657], [-71.2879, 46.7657], [-71.288, 46.7657], [-71.2882, 46.7657], [-71.2883, 46.7658], [-71.2884, 46.7658], [-71.2885, 46.7659], [-71.2885, 46.766], [-71.2886, 46.766], [-71.2886, 46.7661], [-71.2887, 46.7662], [-71.2887, 46.7663], [-71.2888, 46.7663], [-71.2889, 46.7663], [-71.289, 46.7663], [-71.2891, 46.7663], [-71.2892, 46.7662], [-71.2894, 46.7662], [-71.2895, 46.7661], [-71.2896, 46.7661], [-71.2897, 46.766], [-71.2898, 46.766], [-71.29, 46.766], [-71.2901, 46.7661], [-71.2902, 46.7662], [-71.2903, 46.7662], [-71.2903, 46.7663], [-71.2903, 46.7664], [-71.2903, 46.7665], [-71.2903, 46.7666], [-71.2902, 46.7667]]]}}, {"type": "Feature", "properties": {"couche": "voile", "station": "CHUL", "minutes": 9}, "geometry": {"type": "Polygon", "coordinates": [[[-71.4494, 46.8808], [-71.1205, 46.8831], [-71.118, 46.6583], [-71.4455, 46.6561], [-71.4494, 46.8808]], [[-71.2903, 46.7666], [-71.2903, 46.7665], [-71.2903, 46.7664], [-71.2903, 46.7663], [-71.2903, 46.7662], [-71.2902, 46.7662], [-71.2901, 46.7661], [-71.29, 46.766], [-71.2898, 46.766], [-71.2897, 46.766], [-71.2896, 46.7661], [-71.2895, 46.7661], [-71.2894, 46.7662], [-71.2892, 46.7662], [-71.2891, 46.7663], [-71.289, 46.7663], [-71.2889, 46.7663], [-71.2888, 46.7663], [-71.2887, 46.7663], [-71.2887, 46.7662], [-71.2886, 46.7661], [-71.2886, 46.766], [-71.2885, 46.766], [-71.2885, 46.7659], [-71.2884, 46.7658], [-71.2883, 46.7658], [-71.2882, 46.7657], [-71.288, 46.7657], [-71.2879, 46.7657], [-71.2877, 46.7657], [-71.2875, 46.7657], [-71.2874, 46.7658], [-71.2873, 46.7658], [-71.2872, 46.7659], [-71.2871, 46.7661], [-71.287, 46.7662], [-71.287, 46.7664], [-71.2869, 46.7666], [-71.2869, 46.7668], [-71.2868, 46.7669], [-71.2867, 46.7671], [-71.2866, 46.7672], [-71.2865, 46.7674], [-71.2863, 46.7675], [-71.2861, 46.7676], [-71.2859, 46.7677], [-71.2858, 46.7677], [-71.2856, 46.7677], [-71.2855, 46.7677], [-71.2854, 46.7677], [-71.2853, 46.7676], [-71.2852, 46.7675], [-71.2851, 46.7674], [-71.2851, 46.7673], [-71.2851, 46.7671], [-71.2851, 46.767], [-71.2851, 46.7669], [-71.2851, 46.7667], [-71.2851, 46.7666], [-71.2852, 46.7665], [-71.2852, 46.7664], [-71.2853, 46.7663], [-71.2854, 46.7662], [-71.2854, 46.7661], [-71.2853, 46.7661], [-71.2852, 46.7661], [-71.285, 46.7661], [-71.2848, 46.7662], [-71.2846, 46.7662], [-71.2844, 46.7663], [-71.2842, 46.7663], [-71.2841, 46.7663], [-71.2839, 46.7662], [-71.2838, 46.7662], [-71.2836, 46.7661], [-71.2835, 46.766], [-71.2834, 46.7658], [-71.2833, 46.7657], [-71.2832, 46.7656], [-71.2831, 46.7655], [-71.283, 46.7655], [-71.2829, 46.7654], [-71.2827, 46.7654], [-71.2826, 46.7654], [-71.2824, 46.7653], [-71.2823, 46.7654], [-71.2821, 46.7654], [-71.282, 46.7654], [-71.2819, 46.7655], [-71.2818, 46.7656], [-71.2817, 46.7656], [-71.2817, 46.7657], [-71.2816, 46.7659], [-71.2816, 46.766], [-71.2816, 46.7661], [-71.2816, 46.7662], [-71.2817, 46.7663], [-71.2818, 46.7663], [-71.2819, 46.7663], [-71.282, 46.7664], [-71.2821, 46.7664], [-71.2821, 46.7665], [-71.282, 46.7665], [-71.2819, 46.7667], [-71.2818, 46.7668], [-71.2815, 46.7669], [-71.2813, 46.7671], [-71.2809, 46.7673], [-71.2806, 46.7674], [-71.2804, 46.7676], [-71.2802, 46.7677], [-71.28, 46.7677], [-71.2799, 46.7677], [-71.2798, 46.7677], [-71.2797, 46.7677], [-71.2797, 46.7676], [-71.2797, 46.7675], [-71.2796, 46.7674], [-71.2795, 46.7674], [-71.2794, 46.7674], [-71.2793, 46.7675], [-71.2792, 46.7675], [-71.2791, 46.7675], [-71.2789, 46.7676], [-71.2788, 46.7676], [-71.2787, 46.7676], [-71.2785, 46.7676], [-71.2784, 46.7676], [-71.2782, 46.7676], [-71.2781, 46.7675], [-71.2779, 46.7675], [-71.2778, 46.7674], [-71.2777, 46.7674], [-71.2777, 46.7675], [-71.2777, 46.7676], [-71.2778, 46.7677], [-71.2779, 46.7679], [-71.278, 46.7681], [-71.2781, 46.7682], [-71.2781, 46.7684], [-71.2781, 46.7685], [-71.2781, 46.7686], [-71.278, 46.7687], [-71.2779, 46.7687], [-71.2778, 46.7687], [-71.2776, 46.7687], [-71.2775, 46.7687], [-71.2773, 46.7688], [-71.2772, 46.7689], [-71.2772, 46.769], [-71.2773, 46.7691], [-71.2774, 46.7692], [-71.2775, 46.7693], [-71.2775, 46.7695], [-71.2775, 46.7696], [-71.2775, 46.7697], [-71.2775, 46.7699], [-71.2774, 46.7701], [-71.2773, 46.7702], [-71.2771, 46.7704], [-71.277, 46.7706], [-71.277, 46.7707], [-71.2769, 46.7709], [-71.2769, 46.771], [-71.2769, 46.7712], [-71.277, 46.7713], [-71.2771, 46.7714], [-71.2772, 46.7716], [-71.2773, 46.7717], [-71.2774, 46.7718], [-71.2774, 46.7719], [-71.2774, 46.772], [-71.2773, 46.7721], [-71.2773, 46.7722], [-71.2771, 46.7723], [-71.277, 46.7723], [-71.2768, 46.7724], [-71.2767, 46.7725], [-71.2766, 46.7726], [-71.2765, 46.7727], [-71.2764, 46.7728], [-71.2764, 46.7729], [-71.2764, 46.773], [-71.2765, 46.773], [-71.2766, 46.7731], [-71.2767, 46.7731], [-71.2769, 46.7732], [-71.2771, 46.7732], [-71.2773, 46.7732], [-71.2776, 46.7732], [-71.2779, 46.7732], [-71.2782, 46.7732], [-71.2785, 46.7732], [-71.2788, 46.7731], [-71.279, 46.7731], [-71.2792, 46.7731], [-71.2794, 46.773], [-71.2796, 46.7729], [-71.2798, 46.7728], [-71.2799, 46.7728], [-71.28, 46.7727], [-71.2801, 46.7726], [-71.2802, 46.7725], [-71.2803, 46.7724], [-71.2803, 46.7723], [-71.2803, 46.7722], [-71.2803, 46.7721], [-71.2804, 46.7721], [-71.2805, 46.7721], [-71.2806, 46.7722], [-71.2807, 46.7722], [-71.2808, 46.7723], [-71.2809, 46.7724], [-71.281, 46.7725], [-71.281, 46.7726], [-71.2811, 46.7727], [-71.2811, 46.7728], [-71.281, 46.7729], [-71.281, 46.773], [-71.2809, 46.773], [-71.2809, 46.7731], [-71.2809, 46.7732], [-71.2809, 46.7733], [-71.281, 46.7734], [-71.281, 46.7735], [-71.2811, 46.7736], [-71.2812, 46.7736], [-71.2813, 46.7737], [-71.2815, 46.7737], [-71.2817, 46.7738], [-71.2819, 46.7738], [-71.2822, 46.7738], [-71.2825, 46.7738], [-71.2828, 46.7738], [-71.2831, 46.7738], [-71.2834, 46.7738], [-71.2837, 46.7739], [-71.2839, 46.7739], [-71.2841, 46.7739], [-71.2843, 46.774], [-71.2845, 46.774], [-71.2847, 46.7741], [-71.2848, 46.7741], [-71.285, 46.7741], [-71.2851, 46.774], [-71.2853, 46.7738], [-71.2854, 46.7736], [-71.2856, 46.7734], [-71.2858, 46.7731], [-71.2859, 46.7728], [-71.286, 46.7725], [-71.2861, 46.7722], [-71.2861, 46.772], [-71.2861, 46.7718], [-71.286, 46.7716], [-71.2859, 46.7715], [-71.2857, 46.7714], [-71.2855, 46.7714], [-71.2853, 46.7714], [-71.2851, 46.7714], [-71.285, 46.7714], [-71.2848, 46.7714], [-71.2846, 46.7714], [-71.2845, 46.7714], [-71.2843, 46.7715], [-71.2842, 46.7715], [-71.2841, 46.7716], [-71.284, 46.7716], [-71.2839, 46.7716], [-71.2838, 46.7716], [-71.2837, 46.7716], [-71.2836, 46.7715], [-71.2837, 46.7715], [-71.2838, 46.7714], [-71.2839, 46.7713], [-71.2842, 46.7711], [-71.2844, 46.771], [-71.2847, 46.7708], [-71.2851, 46.7706], [-71.2856, 46.7703], [-71.2859, 46.7701], [-71.2862, 46.77], [-71.2864, 46.7699], [-71.2866, 46.7698], [-71.2866, 46.7699], [-71.2864, 46.77], [-71.2863, 46.7702], [-71.2862, 46.7703], [-71.2861, 46.7704], [-71.286, 46.7705], [-71.286, 46.7706], [-71.286, 46.7707], [-71.2861, 46.7707], [-71.2861, 46.7708], [-71.2862, 46.7708], [-71.2863, 46.7708], [-71.2864, 46.7708], [-71.2866, 46.7708], [-71.2867, 46.7707], [-71.2869, 46.7707], [-71.2872, 46.7706], [-71.2874, 46.7706], [-71.2876, 46.7706], [-71.2877, 46.7705], [-71.2879, 46.7706], [-71.288, 46.7706], [-71.2882, 46.7706], [-71.2883, 46.7707], [-71.2884, 46.7708], [-71.2885, 46.7709], [-71.2886, 46.7709], [-71.2887, 46.7709], [-71.2888, 46.7709], [-71.289, 46.7709], [-71.2891, 46.7709], [-71.2893, 46.7709], [-71.2894, 46.7708], [-71.2896, 46.7707], [-71.2897, 46.7706], [-71.2898, 46.7704], [-71.2899, 46.7702], [-71.29, 46.77], [-71.2901, 46.7697], [-71.2902, 46.7694], [-71.2902, 46.769], [-71.2902, 46.7687], [-71.2903, 46.7684], [-71.2903, 46.7682], [-71.2902, 46.768], [-71.2902, 46.7678], [-71.2902, 46.7677], [-71.2901, 46.7676], [-71.29, 46.7675], [-71.29, 46.7674], [-71.2899, 46.7673], [-71.2899, 46.7672], [-71.2899, 46.7671], [-71.2899, 46.767], [-71.29, 46.7669], [-71.2901, 46.7668], [-71.2902, 46.7667], [-71.2903, 46.7666]]]}}, {"type": "Feature", "properties": {"couche": "aire_marche", "station": "CHUL", "ordre": 9, "minutes": 10, "superficie_ha": 83.9, "rue_km": 25.52, "disque_ha": 153.9, "part_disque_pct": 55, "accroche_m": 18, "population": 2436, "navetteurs": 653, "mode_auto_pct": 63, "mode_tc_pct": 11, "mode_actif_pct": 26, "mode_autre_pct": 0}, "geometry": {"type": "Polygon", "coordinates": [[[-71.2906, 46.7665], [-71.2904, 46.7667], [-71.2902, 46.7668], [-71.2901, 46.7669], [-71.2901, 46.767], [-71.2901, 46.7671], [-71.2901, 46.7672], [-71.2902, 46.7673], [-71.2903, 46.7674], [-71.2905, 46.7674], [-71.2906, 46.7675], [-71.2908, 46.7676], [-71.2909, 46.7677], [-71.2909, 46.7679], [-71.291, 46.7681], [-71.291, 46.7683], [-71.291, 46.7686], [-71.291, 46.7689], [-71.2909, 46.7691], [-71.2909, 46.7694], [-71.2908, 46.7696], [-71.2908, 46.7698], [-71.2907, 46.7699], [-71.2906, 46.7701], [-71.2905, 46.7702], [-71.2904, 46.7703], [-71.2903, 46.7704], [-71.2902, 46.7705], [-71.2901, 46.7706], [-71.2901, 46.7707], [-71.2901, 46.7708], [-71.2901, 46.7709], [-71.2901, 46.771], [-71.2901, 46.7711], [-71.29, 46.7711], [-71.2899, 46.7712], [-71.2897, 46.7713], [-71.2895, 46.7713], [-71.2893, 46.7714], [-71.289, 46.7714], [-71.2887, 46.7715], [-71.2885, 46.7715], [-71.2883, 46.7714], [-71.2882, 46.7714], [-71.2881, 46.7713], [-71.288, 46.7712], [-71.288, 46.7711], [-71.288, 46.7709], [-71.2879, 46.7708], [-71.2879, 46.7707], [-71.2879, 46.7706], [-71.2878, 46.7705], [-71.2877, 46.7705], [-71.2876, 46.7705], [-71.2875, 46.7706], [-71.2874, 46.7707], [-71.2873, 46.7707], [-71.2873, 46.7708], [-71.2873, 46.771], [-71.2873, 46.7711], [-71.2872, 46.7713], [-71.2873, 46.7714], [-71.2872, 46.7716], [-71.2872, 46.7718], [-71.2871, 46.772], [-71.287, 46.7722], [-71.2869, 46.7724], [-71.2867, 46.7725], [-71.2866, 46.7727], [-71.2864, 46.773], [-71.2862, 46.7731], [-71.2861, 46.7733], [-71.2859, 46.7735], [-71.2858, 46.7737], [-71.2858, 46.7739], [-71.2857, 46.774], [-71.2857, 46.7742], [-71.2857, 46.7743], [-71.2857, 46.7744], [-71.2855, 46.7745], [-71.2853, 46.7746], [-71.285, 46.7746], [-71.2846, 46.7746], [-71.2842, 46.7746], [-71.2836, 46.7745], [-71.283, 46.7745], [-71.2825, 46.7744], [-71.282, 46.7743], [-71.2817, 46.7741], [-71.2814, 46.774], [-71.2812, 46.7739], [-71.2811, 46.7737], [-71.281, 46.7735], [-71.2811, 46.7733], [-71.2811, 46.7732], [-71.2811, 46.773], [-71.2811, 46.7728], [-71.2811, 46.7727], [-71.281, 46.7726], [-71.2809, 46.7724], [-71.2808, 46.7723], [-71.2807, 46.7722], [-71.2806, 46.7722], [-71.2805, 46.7721], [-71.2804, 46.7721], [-71.2803, 46.7721], [-71.2803, 46.7722], [-71.2803, 46.7723], [-71.2803, 46.7724], [-71.2802, 46.7725], [-71.2801, 46.7726], [-71.28, 46.7727], [-71.2799, 46.7728], [-71.2798, 46.7728], [-71.2796, 46.7729], [-71.2795, 46.773], [-71.2793, 46.7731], [-71.2791, 46.7732], [-71.2789, 46.7732], [-71.2786, 46.7733], [-71.2784, 46.7734], [-71.2782, 46.7735], [-71.2779, 46.7736], [-71.2776, 46.7736], [-71.2774, 46.7737], [-71.2772, 46.7737], [-71.277, 46.7738], [-71.2768, 46.7738], [-71.2766, 46.7738], [-71.2764, 46.7738], [-71.2763, 46.7737], [-71.2761, 46.7737], [-71.276, 46.7736], [-71.2759, 46.7736], [-71.2759, 46.7735], [-71.2758, 46.7734], [-71.2758, 46.7733], [-71.2757, 46.7732], [-71.2757, 46.7731], [-71.2758, 46.773], [-71.2758, 46.7728], [-71.2759, 46.7727], [-71.276, 46.7726], [-71.2762, 46.7725], [-71.2764, 46.7724], [-71.2766, 46.7724], [-71.2768, 46.7723], [-71.277, 46.7722], [-71.2772, 46.7721], [-71.2772, 46.772], [-71.2772, 46.7719], [-71.2771, 46.7718], [-71.2769, 46.7717], [-71.2767, 46.7717], [-71.2765, 46.7716], [-71.2764, 46.7715], [-71.2763, 46.7713], [-71.2762, 46.7712], [-71.2761, 46.771], [-71.2761, 46.7709], [-71.2761, 46.7707], [-71.2761, 46.7704], [-71.2762, 46.7703], [-71.2763, 46.7701], [-71.2764, 46.77], [-71.2765, 46.7698], [-71.2766, 46.7698], [-71.2768, 46.7697], [-71.2769, 46.7697], [-71.2771, 46.7696], [-71.2773, 46.7696], [-71.2774, 46.7695], [-71.2774, 46.7694], [-71.2774, 46.7693], [-71.2773, 46.7692], [-71.2772, 46.769], [-71.277, 46.7688], [-71.2768, 46.7687], [-71.2767, 46.7685], [-71.2767, 46.7684], [-71.2766, 46.7683], [-71.2766, 46.7682], [-71.2767, 46.7681], [-71.2768, 46.7681], [-71.2769, 46.7681], [-71.277, 46.7681], [-71.2771, 46.7681], [-71.2772, 46.7682], [-71.2774, 46.7682], [-71.2775, 46.7683], [-71.2777, 46.7683], [-71.2778, 46.7684], [-71.278, 46.7685], [-71.2781, 46.7685], [-71.278, 46.7684], [-71.278, 46.7683], [-71.2778, 46.7682], [-71.2777, 46.7681], [-71.2774, 46.7679], [-71.2772, 46.7677], [-71.2771, 46.7676], [-71.2769, 46.7674], [-71.2768, 46.7673], [-71.2768, 46.7672], [-71.2767, 46.7671], [-71.2767, 46.767], [-71.2768, 46.7669], [-71.2769, 46.7669], [-71.2771, 46.767], [-71.2772, 46.767], [-71.2774, 46.7671], [-71.2776, 46.7672], [-71.2778, 46.7673], [-71.278, 46.7674], [-71.2782, 46.7675], [-71.2783, 46.7675], [-71.2784, 46.7675], [-71.2785, 46.7675], [-71.2785, 46.7674], [-71.2785, 46.7673], [-71.2785, 46.7672], [-71.2785, 46.7671], [-71.2786, 46.767], [-71.2787, 46.7669], [-71.2789, 46.7669], [-71.2791, 46.7669], [-71.2793, 46.7669], [-71.2795, 46.7669], [-71.2798, 46.7669], [-71.2799, 46.7669], [-71.2801, 46.767], [-71.2801, 46.7671], [-71.2802, 46.7671], [-71.2802, 46.7672], [-71.2801, 46.7674], [-71.2801, 46.7675], [-71.28, 46.7676], [-71.2801, 46.7676], [-71.2802, 46.7676], [-71.2804, 46.7675], [-71.2807, 46.7674], [-71.2809, 46.7673], [-71.2813, 46.7671], [-71.2815, 46.7669], [-71.2817, 46.7668], [-71.2819, 46.7667], [-71.2819, 46.7666], [-71.2817, 46.7666], [-71.2815, 46.7666], [-71.2814, 46.7667], [-71.2812, 46.7667], [-71.2811, 46.7667], [-71.281, 46.7666], [-71.281, 46.7665], [-71.2811, 46.7664], [-71.2811, 46.7663], [-71.2811, 46.7662], [-71.2812, 46.7661], [-71.2811, 46.766], [-71.2811, 46.7659], [-71.2811, 46.7658], [-71.281, 46.7657], [-71.281, 46.7655], [-71.2809, 46.7654], [-71.2809, 46.7653], [-71.281, 46.7653], [-71.281, 46.7652], [-71.2811, 46.7652], [-71.2812, 46.7652], [-71.2814, 46.7652], [-71.2816, 46.7653], [-71.2817, 46.7653], [-71.2819, 46.7653], [-71.282, 46.7653], [-71.2821, 46.7653], [-71.2822, 46.7653], [-71.2823, 46.7652], [-71.2824, 46.7652], [-71.2824, 46.7651], [-71.2825, 46.765], [-71.2826, 46.765], [-71.2827, 46.765], [-71.2828, 46.7649], [-71.2829, 46.7649], [-71.283, 46.7649], [-71.2832, 46.7649], [-71.2834, 46.765], [-71.2835, 46.765], [-71.2836, 46.7651], [-71.2837, 46.7651], [-71.2837, 46.7652], [-71.2837, 46.7653], [-71.2836, 46.7654], [-71.2835, 46.7655], [-71.2834, 46.7656], [-71.2834, 46.7657], [-71.2833, 46.7658], [-71.2833, 46.7659], [-71.2834, 46.766], [-71.2834, 46.7661], [-71.2835, 46.7662], [-71.2836, 46.7663], [-71.2837, 46.7663], [-71.2838, 46.7663], [-71.2838, 46.7662], [-71.2839, 46.7662], [-71.284, 46.7661], [-71.284, 46.766], [-71.2841, 46.7658], [-71.2842, 46.7657], [-71.2843, 46.7656], [-71.2844, 46.7655], [-71.2846, 46.7654], [-71.2849, 46.7654], [-71.2851, 46.7653], [-71.2854, 46.7652], [-71.2858, 46.7652], [-71.2861, 46.7652], [-71.2864, 46.7652], [-71.2866, 46.7652], [-71.2869, 46.7652], [-71.2871, 46.7652], [-71.2872, 46.7653], [-71.2874, 46.7654], [-71.2875, 46.7654], [-71.2876, 46.7655], [-71.2878, 46.7655], [-71.2879, 46.7656], [-71.2881, 46.7656], [-71.2882, 46.7656], [-71.2884, 46.7656], [-71.2885, 46.7656], [-71.2887, 46.7655], [-71.2889, 46.7655], [-71.289, 46.7655], [-71.2891, 46.7656], [-71.2891, 46.7657], [-71.2891, 46.7658], [-71.2891, 46.7659], [-71.289, 46.766], [-71.289, 46.7661], [-71.289, 46.7662], [-71.2891, 46.7662], [-71.2892, 46.7662], [-71.2894, 46.7662], [-71.2895, 46.7661], [-71.2898, 46.766], [-71.29, 46.7659], [-71.2902, 46.7658], [-71.2904, 46.7657], [-71.2905, 46.7657], [-71.2907, 46.7657], [-71.2908, 46.7657], [-71.2909, 46.7657], [-71.291, 46.7658], [-71.291, 46.7659], [-71.291, 46.766], [-71.291, 46.7661], [-71.2909, 46.7662], [-71.2907, 46.7664], [-71.2906, 46.7665]]]}}, {"type": "Feature", "properties": {"couche": "voile", "station": "CHUL", "minutes": 10}, "geometry": {"type": "Polygon", "coordinates": [[[-71.4501, 46.8813], [-71.1198, 46.8836], [-71.1173, 46.658], [-71.4462, 46.6557], [-71.4501, 46.8813]], [[-71.2907, 46.7664], [-71.2909, 46.7662], [-71.291, 46.7661], [-71.291, 46.766], [-71.291, 46.7659], [-71.291, 46.7658], [-71.2909, 46.7657], [-71.2908, 46.7657], [-71.2907, 46.7657], [-71.2905, 46.7657], [-71.2904, 46.7657], [-71.2902, 46.7658], [-71.29, 46.7659], [-71.2898, 46.766], [-71.2895, 46.7661], [-71.2894, 46.7662], [-71.2892, 46.7662], [-71.2891, 46.7662], [-71.289, 46.7662], [-71.289, 46.7661], [-71.289, 46.766], [-71.2891, 46.7659], [-71.2891, 46.7658], [-71.2891, 46.7657], [-71.2891, 46.7656], [-71.289, 46.7655], [-71.2889, 46.7655], [-71.2887, 46.7655], [-71.2885, 46.7656], [-71.2884, 46.7656], [-71.2882, 46.7656], [-71.2881, 46.7656], [-71.2879, 46.7656], [-71.2878, 46.7655], [-71.2876, 46.7655], [-71.2875, 46.7654], [-71.2874, 46.7654], [-71.2872, 46.7653], [-71.2871, 46.7652], [-71.2869, 46.7652], [-71.2866, 46.7652], [-71.2864, 46.7652], [-71.2861, 46.7652], [-71.2858, 46.7652], [-71.2854, 46.7652], [-71.2851, 46.7653], [-71.2849, 46.7654], [-71.2846, 46.7654], [-71.2844, 46.7655], [-71.2843, 46.7656], [-71.2842, 46.7657], [-71.2841, 46.7658], [-71.284, 46.766], [-71.284, 46.7661], [-71.2839, 46.7662], [-71.2838, 46.7662], [-71.2838, 46.7663], [-71.2837, 46.7663], [-71.2836, 46.7663], [-71.2835, 46.7662], [-71.2834, 46.7661], [-71.2834, 46.766], [-71.2833, 46.7659], [-71.2833, 46.7658], [-71.2834, 46.7657], [-71.2834, 46.7656], [-71.2835, 46.7655], [-71.2836, 46.7654], [-71.2837, 46.7653], [-71.2837, 46.7652], [-71.2837, 46.7651], [-71.2836, 46.7651], [-71.2835, 46.765], [-71.2834, 46.765], [-71.2832, 46.7649], [-71.283, 46.7649], [-71.2829, 46.7649], [-71.2828, 46.7649], [-71.2827, 46.765], [-71.2826, 46.765], [-71.2825, 46.765], [-71.2824, 46.7651], [-71.2824, 46.7652], [-71.2823, 46.7652], [-71.2822, 46.7653], [-71.2821, 46.7653], [-71.282, 46.7653], [-71.2819, 46.7653], [-71.2817, 46.7653], [-71.2816, 46.7653], [-71.2814, 46.7652], [-71.2812, 46.7652], [-71.2811, 46.7652], [-71.281, 46.7652], [-71.281, 46.7653], [-71.2809, 46.7653], [-71.2809, 46.7654], [-71.281, 46.7655], [-71.281, 46.7657], [-71.2811, 46.7658], [-71.2811, 46.7659], [-71.2811, 46.766], [-71.2812, 46.7661], [-71.2811, 46.7662], [-71.2811, 46.7663], [-71.2811, 46.7664], [-71.281, 46.7665], [-71.281, 46.7666], [-71.2811, 46.7667], [-71.2812, 46.7667], [-71.2814, 46.7667], [-71.2815, 46.7666], [-71.2817, 46.7666], [-71.2819, 46.7666], [-71.2819, 46.7667], [-71.2817, 46.7668], [-71.2815, 46.7669], [-71.2813, 46.7671], [-71.2809, 46.7673], [-71.2807, 46.7674], [-71.2804, 46.7675], [-71.2802, 46.7676], [-71.2801, 46.7676], [-71.28, 46.7676], [-71.2801, 46.7675], [-71.2801, 46.7674], [-71.2802, 46.7672], [-71.2802, 46.7671], [-71.2801, 46.7671], [-71.2801, 46.767], [-71.2799, 46.7669], [-71.2798, 46.7669], [-71.2795, 46.7669], [-71.2793, 46.7669], [-71.2791, 46.7669], [-71.2789, 46.7669], [-71.2787, 46.7669], [-71.2786, 46.767], [-71.2785, 46.7671], [-71.2785, 46.7672], [-71.2785, 46.7673], [-71.2785, 46.7674], [-71.2785, 46.7675], [-71.2784, 46.7675], [-71.2783, 46.7675], [-71.2782, 46.7675], [-71.278, 46.7674], [-71.2778, 46.7673], [-71.2776, 46.7672], [-71.2774, 46.7671], [-71.2772, 46.767], [-71.2771, 46.767], [-71.2769, 46.7669], [-71.2768, 46.7669], [-71.2767, 46.767], [-71.2767, 46.7671], [-71.2768, 46.7672], [-71.2768, 46.7673], [-71.2769, 46.7674], [-71.2771, 46.7676], [-71.2772, 46.7677], [-71.2774, 46.7679], [-71.2777, 46.7681], [-71.2778, 46.7682], [-71.278, 46.7683], [-71.278, 46.7684], [-71.2781, 46.7685], [-71.278, 46.7685], [-71.2778, 46.7684], [-71.2777, 46.7683], [-71.2775, 46.7683], [-71.2774, 46.7682], [-71.2772, 46.7682], [-71.2771, 46.7681], [-71.277, 46.7681], [-71.2769, 46.7681], [-71.2768, 46.7681], [-71.2767, 46.7681], [-71.2766, 46.7682], [-71.2766, 46.7683], [-71.2767, 46.7684], [-71.2767, 46.7685], [-71.2768, 46.7687], [-71.277, 46.7688], [-71.2772, 46.769], [-71.2773, 46.7692], [-71.2774, 46.7693], [-71.2774, 46.7694], [-71.2774, 46.7695], [-71.2773, 46.7696], [-71.2771, 46.7696], [-71.2769, 46.7697], [-71.2768, 46.7697], [-71.2766, 46.7698], [-71.2765, 46.7698], [-71.2764, 46.77], [-71.2763, 46.7701], [-71.2762, 46.7703], [-71.2761, 46.7704], [-71.2761, 46.7707], [-71.2761, 46.7709], [-71.2761, 46.771], [-71.2762, 46.7712], [-71.2763, 46.7713], [-71.2764, 46.7715], [-71.2765, 46.7716], [-71.2767, 46.7717], [-71.2769, 46.7717], [-71.2771, 46.7718], [-71.2772, 46.7719], [-71.2772, 46.772], [-71.2772, 46.7721], [-71.277, 46.7722], [-71.2768, 46.7723], [-71.2766, 46.7724], [-71.2764, 46.7724], [-71.2762, 46.7725], [-71.276, 46.7726], [-71.2759, 46.7727], [-71.2758, 46.7728], [-71.2758, 46.773], [-71.2757, 46.7731], [-71.2757, 46.7732], [-71.2758, 46.7733], [-71.2758, 46.7734], [-71.2759, 46.7735], [-71.2759, 46.7736], [-71.276, 46.7736], [-71.2761, 46.7737], [-71.2763, 46.7737], [-71.2764, 46.7738], [-71.2766, 46.7738], [-71.2768, 46.7738], [-71.277, 46.7738], [-71.2772, 46.7737], [-71.2774, 46.7737], [-71.2776, 46.7736], [-71.2779, 46.7736], [-71.2782, 46.7735], [-71.2784, 46.7734], [-71.2786, 46.7733], [-71.2789, 46.7732], [-71.2791, 46.7732], [-71.2793, 46.7731], [-71.2795, 46.773], [-71.2796, 46.7729], [-71.2798, 46.7728], [-71.2799, 46.7728], [-71.28, 46.7727], [-71.2801, 46.7726], [-71.2802, 46.7725], [-71.2803, 46.7724], [-71.2803, 46.7723], [-71.2803, 46.7722], [-71.2803, 46.7721], [-71.2804, 46.7721], [-71.2805, 46.7721], [-71.2806, 46.7722], [-71.2807, 46.7722], [-71.2808, 46.7723], [-71.2809, 46.7724], [-71.281, 46.7726], [-71.2811, 46.7727], [-71.2811, 46.7728], [-71.2811, 46.773], [-71.2811, 46.7732], [-71.2811, 46.7733], [-71.281, 46.7735], [-71.2811, 46.7737], [-71.2812, 46.7739], [-71.2814, 46.774], [-71.2817, 46.7741], [-71.282, 46.7743], [-71.2825, 46.7744], [-71.283, 46.7745], [-71.2836, 46.7745], [-71.2842, 46.7746], [-71.2846, 46.7746], [-71.285, 46.7746], [-71.2853, 46.7746], [-71.2855, 46.7745], [-71.2857, 46.7744], [-71.2857, 46.7743], [-71.2857, 46.7742], [-71.2857, 46.774], [-71.2858, 46.7739], [-71.2858, 46.7737], [-71.2859, 46.7735], [-71.2861, 46.7733], [-71.2862, 46.7731], [-71.2864, 46.773], [-71.2866, 46.7727], [-71.2867, 46.7725], [-71.2869, 46.7724], [-71.287, 46.7722], [-71.2871, 46.772], [-71.2872, 46.7718], [-71.2872, 46.7716], [-71.2873, 46.7714], [-71.2872, 46.7713], [-71.2873, 46.7711], [-71.2873, 46.771], [-71.2873, 46.7708], [-71.2873, 46.7707], [-71.2874, 46.7707], [-71.2875, 46.7706], [-71.2876, 46.7705], [-71.2877, 46.7705], [-71.2878, 46.7705], [-71.2879, 46.7706], [-71.2879, 46.7707], [-71.2879, 46.7708], [-71.288, 46.7709], [-71.288, 46.7711], [-71.288, 46.7712], [-71.2881, 46.7713], [-71.2882, 46.7714], [-71.2883, 46.7714], [-71.2885, 46.7715], [-71.2887, 46.7715], [-71.289, 46.7714], [-71.2893, 46.7714], [-71.2895, 46.7713], [-71.2897, 46.7713], [-71.2899, 46.7712], [-71.29, 46.7711], [-71.2901, 46.7711], [-71.2901, 46.771], [-71.2901, 46.7709], [-71.2901, 46.7708], [-71.2901, 46.7707], [-71.2901, 46.7706], [-71.2902, 46.7705], [-71.2903, 46.7704], [-71.2904, 46.7703], [-71.2905, 46.7702], [-71.2906, 46.7701], [-71.2907, 46.7699], [-71.2908, 46.7698], [-71.2908, 46.7696], [-71.2909, 46.7694], [-71.2909, 46.7691], [-71.291, 46.7689], [-71.291, 46.7686], [-71.291, 46.7683], [-71.291, 46.7681], [-71.2909, 46.7679], [-71.2909, 46.7677], [-71.2908, 46.7676], [-71.2906, 46.7675], [-71.2905, 46.7674], [-71.2903, 46.7674], [-71.2902, 46.7673], [-71.2901, 46.7672], [-71.2901, 46.7671], [-71.2901, 46.767], [-71.2901, 46.7669], [-71.2902, 46.7668], [-71.2904, 46.7667], [-71.2906, 46.7665], [-71.2907, 46.7664]]]}}, {"type": "Feature", "properties": {"couche": "aire_marche", "station": "CHUL", "ordre": 9, "minutes": 11, "superficie_ha": 104.8, "rue_km": 31.42, "disque_ha": 186.3, "part_disque_pct": 56, "accroche_m": 18, "population": 2966, "navetteurs": 799, "mode_auto_pct": 63, "mode_tc_pct": 12, "mode_actif_pct": 25, "mode_autre_pct": 0}, "geometry": {"type": "Polygon", "coordinates": [[[-71.2907, 46.7666], [-71.2905, 46.7668], [-71.2903, 46.7669], [-71.2902, 46.767], [-71.2903, 46.767], [-71.2904, 46.7669], [-71.2906, 46.7669], [-71.2907, 46.7668], [-71.2908, 46.7668], [-71.291, 46.7668], [-71.2911, 46.7668], [-71.2912, 46.7668], [-71.2913, 46.7669], [-71.2914, 46.767], [-71.2915, 46.767], [-71.2916, 46.7671], [-71.2916, 46.7673], [-71.2917, 46.7674], [-71.2917, 46.7676], [-71.2917, 46.7678], [-71.2917, 46.768], [-71.2917, 46.7682], [-71.2917, 46.7684], [-71.2916, 46.7686], [-71.2916, 46.7688], [-71.2915, 46.7689], [-71.2915, 46.7691], [-71.2914, 46.7692], [-71.2913, 46.7693], [-71.2912, 46.7693], [-71.2912, 46.7694], [-71.2911, 46.7695], [-71.2911, 46.7696], [-71.2911, 46.7697], [-71.2911, 46.7698], [-71.2912, 46.7699], [-71.2913, 46.77], [-71.2914, 46.7701], [-71.2914, 46.7702], [-71.2913, 46.7702], [-71.2912, 46.7703], [-71.2911, 46.7703], [-71.291, 46.7703], [-71.2908, 46.7703], [-71.2907, 46.7703], [-71.2906, 46.7703], [-71.2905, 46.7703], [-71.2904, 46.7703], [-71.2903, 46.7704], [-71.2902, 46.7704], [-71.2902, 46.7705], [-71.2901, 46.7705], [-71.2901, 46.7706], [-71.2902, 46.7706], [-71.2903, 46.7706], [-71.2904, 46.7706], [-71.2905, 46.7706], [-71.2906, 46.7706], [-71.2907, 46.7707], [-71.2908, 46.7707], [-71.2908, 46.7708], [-71.2909, 46.7708], [-71.2909, 46.7709], [-71.2909, 46.7711], [-71.2909, 46.7712], [-71.2909, 46.7713], [-71.2908, 46.7714], [-71.2907, 46.7715], [-71.2906, 46.7716], [-71.2904, 46.7716], [-71.2902, 46.7717], [-71.2899, 46.7717], [-71.2896, 46.7717], [-71.2894, 46.7717], [-71.2891, 46.7718], [-71.2889, 46.7718], [-71.2886, 46.7718], [-71.2884, 46.7719], [-71.2882, 46.772], [-71.288, 46.7721], [-71.2878, 46.7722], [-71.2877, 46.7723], [-71.2876, 46.7723], [-71.2875, 46.7724], [-71.2874, 46.7725], [-71.2874, 46.7726], [-71.2873, 46.7727], [-71.2873, 46.7728], [-71.2874, 46.7728], [-71.2874, 46.7729], [-71.2874, 46.773], [-71.2873, 46.7731], [-71.2872, 46.7731], [-71.2872, 46.7732], [-71.2871, 46.7732], [-71.2869, 46.7732], [-71.2868, 46.7733], [-71.2867, 46.7733], [-71.2866, 46.7734], [-71.2866, 46.7735], [-71.2867, 46.7736], [-71.2867, 46.7737], [-71.2867, 46.7738], [-71.2866, 46.7738], [-71.2866, 46.7739], [-71.2865, 46.7739], [-71.2864, 46.774], [-71.2863, 46.7741], [-71.2862, 46.7741], [-71.2861, 46.7742], [-71.2861, 46.7743], [-71.2861, 46.7744], [-71.2861, 46.7745], [-71.2861, 46.7746], [-71.2861, 46.7747], [-71.2862, 46.7748], [-71.2862, 46.7749], [-71.2863, 46.775], [-71.2862, 46.775], [-71.2862, 46.7751], [-71.2861, 46.7751], [-71.286, 46.7751], [-71.2859, 46.7751], [-71.2858, 46.775], [-71.2856, 46.775], [-71.2855, 46.775], [-71.2854, 46.775], [-71.2853, 46.775], [-71.2852, 46.775], [-71.2851, 46.775], [-71.285, 46.7751], [-71.2849, 46.7751], [-71.2848, 46.7752], [-71.2847, 46.7752], [-71.2845, 46.7752], [-71.2844, 46.7753], [-71.2842, 46.7753], [-71.2839, 46.7753], [-71.2837, 46.7753], [-71.2835, 46.7752], [-71.2833, 46.7752], [-71.2831, 46.7752], [-71.2829, 46.7751], [-71.2828, 46.775], [-71.2827, 46.7749], [-71.2827, 46.7748], [-71.2827, 46.7747], [-71.2826, 46.7747], [-71.2825, 46.7746], [-71.2824, 46.7745], [-71.2823, 46.7745], [-71.2821, 46.7745], [-71.2819, 46.7745], [-71.2817, 46.7745], [-71.2815, 46.7745], [-71.2813, 46.7746], [-71.2811, 46.7746], [-71.2809, 46.7745], [-71.2807, 46.7745], [-71.2806, 46.7745], [-71.2804, 46.7744], [-71.2803, 46.7743], [-71.2802, 46.7742], [-71.2802, 46.7741], [-71.2801, 46.7739], [-71.2802, 46.7738], [-71.2802, 46.7737], [-71.2803, 46.7736], [-71.2804, 46.7734], [-71.2805, 46.7733], [-71.2807, 46.7732], [-71.2808, 46.773], [-71.2809, 46.7729], [-71.2809, 46.7728], [-71.281, 46.7727], [-71.281, 46.7725], [-71.2809, 46.7724], [-71.2808, 46.7723], [-71.2807, 46.7722], [-71.2806, 46.7722], [-71.2805, 46.7721], [-71.2804, 46.7721], [-71.2803, 46.7721], [-71.2803, 46.7722], [-71.2803, 46.7723], [-71.2802, 46.7724], [-71.2801, 46.7725], [-71.28, 46.7726], [-71.2798, 46.7727], [-71.2796, 46.7728], [-71.2794, 46.7728], [-71.2792, 46.7729], [-71.2789, 46.773], [-71.2786, 46.7731], [-71.2784, 46.7732], [-71.2782, 46.7733], [-71.278, 46.7734], [-71.2779, 46.7735], [-71.2778, 46.7736], [-71.2777, 46.7737], [-71.2777, 46.7738], [-71.2776, 46.7739], [-71.2775, 46.774], [-71.2774, 46.7741], [-71.2772, 46.7741], [-71.277, 46.7741], [-71.2767, 46.7741], [-71.2764, 46.7741], [-71.2761, 46.7741], [-71.2758, 46.774], [-71.2756, 46.774], [-71.2754, 46.7739], [-71.2753, 46.7737], [-71.2752, 46.7736], [-71.2751, 46.7734], [-71.2751, 46.7733], [-71.2751, 46.7731], [-71.2751, 46.7729], [-71.2752, 46.7727], [-71.2753, 46.7726], [-71.2753, 46.7725], [-71.2755, 46.7725], [-71.2756, 46.7724], [-71.2757, 46.7724], [-71.2759, 46.7725], [-71.276, 46.7725], [-71.2762, 46.7725], [-71.2764, 46.7725], [-71.2765, 46.7725], [-71.2767, 46.7724], [-71.2768, 46.7724], [-71.277, 46.7723], [-71.2772, 46.7722], [-71.2773, 46.7722], [-71.2774, 46.7721], [-71.2774, 46.772], [-71.2775, 46.7719], [-71.2775, 46.7718], [-71.2774, 46.7717], [-71.2773, 46.7717], [-71.2773, 46.7716], [-71.2772, 46.7716], [-71.2771, 46.7716], [-71.2769, 46.7716], [-71.2768, 46.7716], [-71.2767, 46.7717], [-71.2766, 46.7717], [-71.2764, 46.7718], [-71.2763, 46.7719], [-71.2761, 46.7719], [-71.276, 46.772], [-71.2759, 46.772], [-71.2758, 46.772], [-71.2757, 46.772], [-71.2756, 46.772], [-71.2755, 46.7719], [-71.2755, 46.7718], [-71.2755, 46.7717], [-71.2756, 46.7716], [-71.2756, 46.7715], [-71.2758, 46.7714], [-71.2759, 46.7713], [-71.276, 46.7712], [-71.2761, 46.7711], [-71.2762, 46.771], [-71.2761, 46.771], [-71.276, 46.771], [-71.2759, 46.771], [-71.2758, 46.771], [-71.2757, 46.771], [-71.2756, 46.771], [-71.2755, 46.7709], [-71.2754, 46.7709], [-71.2754, 46.7708], [-71.2753, 46.7707], [-71.2753, 46.7706], [-71.2753, 46.7705], [-71.2753, 46.7704], [-71.2754, 46.7704], [-71.2755, 46.7703], [-71.2756, 46.7703], [-71.2757, 46.7702], [-71.2758, 46.7701], [-71.2758, 46.77], [-71.2759, 46.7699], [-71.2759, 46.7698], [-71.2759, 46.7697], [-71.2758, 46.7696], [-71.2758, 46.7695], [-71.2759, 46.7694], [-71.2761, 46.7693], [-71.2762, 46.7693], [-71.2764, 46.7693], [-71.2766, 46.7694], [-71.2769, 46.7694], [-71.2771, 46.7694], [-71.2772, 46.7694], [-71.2773, 46.7694], [-71.2773, 46.7693], [-71.2772, 46.7691], [-71.2771, 46.769], [-71.2769, 46.7688], [-71.2767, 46.7685], [-71.2765, 46.7683], [-71.2763, 46.7682], [-71.2762, 46.768], [-71.2761, 46.7679], [-71.2761, 46.7678], [-71.2761, 46.7677], [-71.2761, 46.7676], [-71.2762, 46.7676], [-71.2763, 46.7676], [-71.2764, 46.7677], [-71.2766, 46.7677], [-71.2767, 46.7678], [-71.2769, 46.7678], [-71.2771, 46.7679], [-71.2774, 46.7681], [-71.2776, 46.7682], [-71.2778, 46.7683], [-71.2779, 46.7684], [-71.2779, 46.7683], [-71.2778, 46.7682], [-71.2776, 46.7681], [-71.2774, 46.7679], [-71.2771, 46.7676], [-71.2769, 46.7674], [-71.2766, 46.7672], [-71.2765, 46.767], [-71.2763, 46.7669], [-71.2762, 46.7668], [-71.2761, 46.7667], [-71.2761, 46.7666], [-71.2761, 46.7665], [-71.2762, 46.7665], [-71.2763, 46.7665], [-71.2764, 46.7665], [-71.2766, 46.7666], [-71.2768, 46.7667], [-71.277, 46.7668], [-71.2772, 46.7669], [-71.2775, 46.7671], [-71.2778, 46.7672], [-71.278, 46.7673], [-71.2781, 46.7674], [-71.2782, 46.7674], [-71.2783, 46.7674], [-71.2783, 46.7673], [-71.2782, 46.7672], [-71.2781, 46.767], [-71.278, 46.7669], [-71.2779, 46.7668], [-71.2779, 46.7667], [-71.2779, 46.7666], [-71.2779, 46.7665], [-71.278, 46.7664], [-71.2781, 46.7664], [-71.2782, 46.7664], [-71.2783, 46.7664], [-71.2784, 46.7665], [-71.2785, 46.7665], [-71.2786, 46.7666], [-71.2787, 46.7666], [-71.2788, 46.7667], [-71.279, 46.7668], [-71.2791, 46.7669], [-71.2792, 46.767], [-71.2793, 46.767], [-71.2794, 46.767], [-71.2794, 46.7669], [-71.2794, 46.7668], [-71.2794, 46.7667], [-71.2794, 46.7666], [-71.2795, 46.7666], [-71.2796, 46.7665], [-71.2797, 46.7665], [-71.2798, 46.7665], [-71.2799, 46.7666], [-71.28, 46.7666], [-71.2801, 46.7666], [-71.2802, 46.7666], [-71.2803, 46.7666], [-71.2804, 46.7666], [-71.2805, 46.7665], [-71.2804, 46.7664], [-71.2803, 46.7664], [-71.2802, 46.7663], [-71.2801, 46.7662], [-71.2801, 46.7661], [-71.28, 46.766], [-71.28, 46.7658], [-71.28, 46.7657], [-71.28, 46.7655], [-71.2801, 46.7653], [-71.2801, 46.7651], [-71.2801, 46.765], [-71.2802, 46.7649], [-71.2802, 46.7647], [-71.2803, 46.7647], [-71.2804, 46.7646], [-71.2805, 46.7646], [-71.2805, 46.7645], [-71.2806, 46.7645], [-71.2807, 46.7646], [-71.2809, 46.7646], [-71.281, 46.7646], [-71.2811, 46.7647], [-71.2813, 46.7648], [-71.2814, 46.7649], [-71.2816, 46.765], [-71.2818, 46.7651], [-71.2819, 46.7652], [-71.282, 46.7652], [-71.2819, 46.7651], [-71.2818, 46.765], [-71.2817, 46.7649], [-71.2817, 46.7648], [-71.2817, 46.7647], [-71.2817, 46.7646], [-71.2818, 46.7646], [-71.2818, 46.7645], [-71.2819, 46.7645], [-71.282, 46.7645], [-71.2821, 46.7645], [-71.2822, 46.7645], [-71.2823, 46.7646], [-71.2825, 46.7646], [-71.2826, 46.7647], [-71.2827, 46.7647], [-71.2828, 46.7648], [-71.2829, 46.7648], [-71.283, 46.7648], [-71.2831, 46.7648], [-71.2832, 46.7648], [-71.2833, 46.7647], [-71.2834, 46.7647], [-71.2835, 46.7646], [-71.2836, 46.7646], [-71.2837, 46.7646], [-71.2838, 46.7647], [-71.284, 46.7647], [-71.2841, 46.7648], [-71.2843, 46.7649], [-71.2844, 46.765], [-71.2846, 46.7651], [-71.2848, 46.7652], [-71.2849, 46.7652], [-71.2851, 46.7652], [-71.2853, 46.7652], [-71.2854, 46.7652], [-71.2856, 46.7651], [-71.2858, 46.765], [-71.286, 46.7649], [-71.2861, 46.7649], [-71.2863, 46.7648], [-71.2865, 46.7648], [-71.2867, 46.7649], [-71.2869, 46.765], [-71.2871, 46.7651], [-71.2872, 46.7652], [-71.2874, 46.7653], [-71.2876, 46.7654], [-71.2877, 46.7654], [-71.2878, 46.7655], [-71.2878, 46.7654], [-71.2879, 46.7654], [-71.2879, 46.7653], [-71.2879, 46.7652], [-71.2879, 46.7651], [-71.2879, 46.765], [-71.288, 46.765], [-71.288, 46.7649], [-71.2881, 46.7649], [-71.2882, 46.765], [-71.2883, 46.765], [-71.2884, 46.7651], [-71.2885, 46.7651], [-71.2886, 46.7651], [-71.2887, 46.7652], [-71.2888, 46.7652], [-71.2889, 46.7652], [-71.289, 46.7651], [-71.2891, 46.7651], [-71.2892, 46.765], [-71.2893, 46.765], [-71.2895, 46.765], [-71.2897, 46.765], [-71.2899, 46.765], [-71.2901, 46.765], [-71.2903, 46.765], [-71.2906, 46.765], [-71.2909, 46.7651], [-71.2911, 46.7651], [-71.2913, 46.7652], [-71.2914, 46.7652], [-71.2916, 46.7653], [-71.2917, 46.7654], [-71.2918, 46.7655], [-71.2918, 46.7656], [-71.2918, 46.7657], [-71.2918, 46.7658], [-71.2917, 46.7659], [-71.2916, 46.766], [-71.2915, 46.7662], [-71.2913, 46.7663], [-71.291, 46.7665], [-71.2907, 46.7666]]]}}, {"type": "Feature", "properties": {"couche": "voile", "station": "CHUL", "minutes": 11}, "geometry": {"type": "Polygon", "coordinates": [[[-71.451, 46.882], [-71.1192, 46.8843], [-71.1166, 46.6575], [-71.447, 46.6553], [-71.451, 46.882]], [[-71.291, 46.7665], [-71.2913, 46.7663], [-71.2915, 46.7662], [-71.2916, 46.766], [-71.2917, 46.7659], [-71.2918, 46.7658], [-71.2918, 46.7657], [-71.2918, 46.7656], [-71.2918, 46.7655], [-71.2917, 46.7654], [-71.2916, 46.7653], [-71.2914, 46.7652], [-71.2913, 46.7652], [-71.2911, 46.7651], [-71.2909, 46.7651], [-71.2906, 46.765], [-71.2903, 46.765], [-71.2901, 46.765], [-71.2899, 46.765], [-71.2897, 46.765], [-71.2895, 46.765], [-71.2893, 46.765], [-71.2892, 46.765], [-71.2891, 46.7651], [-71.289, 46.7651], [-71.2889, 46.7652], [-71.2888, 46.7652], [-71.2887, 46.7652], [-71.2886, 46.7651], [-71.2885, 46.7651], [-71.2884, 46.7651], [-71.2883, 46.765], [-71.2882, 46.765], [-71.2881, 46.7649], [-71.288, 46.7649], [-71.288, 46.765], [-71.2879, 46.765], [-71.2879, 46.7651], [-71.2879, 46.7652], [-71.2879, 46.7653], [-71.2879, 46.7654], [-71.2878, 46.7654], [-71.2878, 46.7655], [-71.2877, 46.7654], [-71.2876, 46.7654], [-71.2874, 46.7653], [-71.2872, 46.7652], [-71.2871, 46.7651], [-71.2869, 46.765], [-71.2867, 46.7649], [-71.2865, 46.7648], [-71.2863, 46.7648], [-71.2861, 46.7649], [-71.286, 46.7649], [-71.2858, 46.765], [-71.2856, 46.7651], [-71.2854, 46.7652], [-71.2853, 46.7652], [-71.2851, 46.7652], [-71.2849, 46.7652], [-71.2848, 46.7652], [-71.2846, 46.7651], [-71.2844, 46.765], [-71.2843, 46.7649], [-71.2841, 46.7648], [-71.284, 46.7647], [-71.2838, 46.7647], [-71.2837, 46.7646], [-71.2836, 46.7646], [-71.2835, 46.7646], [-71.2834, 46.7647], [-71.2833, 46.7647], [-71.2832, 46.7648], [-71.2831, 46.7648], [-71.283, 46.7648], [-71.2829, 46.7648], [-71.2828, 46.7648], [-71.2827, 46.7647], [-71.2826, 46.7647], [-71.2825, 46.7646], [-71.2823, 46.7646], [-71.2822, 46.7645], [-71.2821, 46.7645], [-71.282, 46.7645], [-71.2819, 46.7645], [-71.2818, 46.7645], [-71.2818, 46.7646], [-71.2817, 46.7646], [-71.2817, 46.7647], [-71.2817, 46.7648], [-71.2817, 46.7649], [-71.2818, 46.765], [-71.2819, 46.7651], [-71.282, 46.7652], [-71.2819, 46.7652], [-71.2818, 46.7651], [-71.2816, 46.765], [-71.2814, 46.7649], [-71.2813, 46.7648], [-71.2811, 46.7647], [-71.281, 46.7646], [-71.2809, 46.7646], [-71.2807, 46.7646], [-71.2806, 46.7645], [-71.2805, 46.7645], [-71.2805, 46.7646], [-71.2804, 46.7646], [-71.2803, 46.7647], [-71.2802, 46.7647], [-71.2802, 46.7649], [-71.2801, 46.765], [-71.2801, 46.7651], [-71.2801, 46.7653], [-71.28, 46.7655], [-71.28, 46.7657], [-71.28, 46.7658], [-71.28, 46.766], [-71.2801, 46.7661], [-71.2801, 46.7662], [-71.2802, 46.7663], [-71.2803, 46.7664], [-71.2804, 46.7664], [-71.2805, 46.7665], [-71.2804, 46.7666], [-71.2803, 46.7666], [-71.2802, 46.7666], [-71.2801, 46.7666], [-71.28, 46.7666], [-71.2799, 46.7666], [-71.2798, 46.7665], [-71.2797, 46.7665], [-71.2796, 46.7665], [-71.2795, 46.7666], [-71.2794, 46.7666], [-71.2794, 46.7667], [-71.2794, 46.7668], [-71.2794, 46.7669], [-71.2794, 46.767], [-71.2793, 46.767], [-71.2792, 46.767], [-71.2791, 46.7669], [-71.279, 46.7668], [-71.2788, 46.7667], [-71.2787, 46.7666], [-71.2786, 46.7666], [-71.2785, 46.7665], [-71.2784, 46.7665], [-71.2783, 46.7664], [-71.2782, 46.7664], [-71.2781, 46.7664], [-71.278, 46.7664], [-71.2779, 46.7665], [-71.2779, 46.7666], [-71.2779, 46.7667], [-71.2779, 46.7668], [-71.278, 46.7669], [-71.2781, 46.767], [-71.2782, 46.7672], [-71.2783, 46.7673], [-71.2783, 46.7674], [-71.2782, 46.7674], [-71.2781, 46.7674], [-71.278, 46.7673], [-71.2778, 46.7672], [-71.2775, 46.7671], [-71.2772, 46.7669], [-71.277, 46.7668], [-71.2768, 46.7667], [-71.2766, 46.7666], [-71.2764, 46.7665], [-71.2763, 46.7665], [-71.2762, 46.7665], [-71.2761, 46.7665], [-71.2761, 46.7666], [-71.2761, 46.7667], [-71.2762, 46.7668], [-71.2763, 46.7669], [-71.2765, 46.767], [-71.2766, 46.7672], [-71.2769, 46.7674], [-71.2771, 46.7676], [-71.2774, 46.7679], [-71.2776, 46.7681], [-71.2778, 46.7682], [-71.2779, 46.7683], [-71.2779, 46.7684], [-71.2778, 46.7683], [-71.2776, 46.7682], [-71.2774, 46.7681], [-71.2771, 46.7679], [-71.2769, 46.7678], [-71.2767, 46.7678], [-71.2766, 46.7677], [-71.2764, 46.7677], [-71.2763, 46.7676], [-71.2762, 46.7676], [-71.2761, 46.7676], [-71.2761, 46.7677], [-71.2761, 46.7678], [-71.2761, 46.7679], [-71.2762, 46.768], [-71.2763, 46.7682], [-71.2765, 46.7683], [-71.2767, 46.7685], [-71.2769, 46.7688], [-71.2771, 46.769], [-71.2772, 46.7691], [-71.2773, 46.7693], [-71.2773, 46.7694], [-71.2772, 46.7694], [-71.2771, 46.7694], [-71.2769, 46.7694], [-71.2766, 46.7694], [-71.2764, 46.7693], [-71.2762, 46.7693], [-71.2761, 46.7693], [-71.2759, 46.7694], [-71.2758, 46.7695], [-71.2758, 46.7696], [-71.2759, 46.7697], [-71.2759, 46.7698], [-71.2759, 46.7699], [-71.2758, 46.77], [-71.2758, 46.7701], [-71.2757, 46.7702], [-71.2756, 46.7703], [-71.2755, 46.7703], [-71.2754, 46.7704], [-71.2753, 46.7704], [-71.2753, 46.7705], [-71.2753, 46.7706], [-71.2753, 46.7707], [-71.2754, 46.7708], [-71.2754, 46.7709], [-71.2755, 46.7709], [-71.2756, 46.771], [-71.2757, 46.771], [-71.2758, 46.771], [-71.2759, 46.771], [-71.276, 46.771], [-71.2761, 46.771], [-71.2762, 46.771], [-71.2761, 46.7711], [-71.276, 46.7712], [-71.2759, 46.7713], [-71.2758, 46.7714], [-71.2756, 46.7715], [-71.2756, 46.7716], [-71.2755, 46.7717], [-71.2755, 46.7718], [-71.2755, 46.7719], [-71.2756, 46.772], [-71.2757, 46.772], [-71.2758, 46.772], [-71.2759, 46.772], [-71.276, 46.772], [-71.2761, 46.7719], [-71.2763, 46.7719], [-71.2764, 46.7718], [-71.2766, 46.7717], [-71.2767, 46.7717], [-71.2768, 46.7716], [-71.2769, 46.7716], [-71.2771, 46.7716], [-71.2772, 46.7716], [-71.2773, 46.7716], [-71.2773, 46.7717], [-71.2774, 46.7717], [-71.2775, 46.7718], [-71.2775, 46.7719], [-71.2774, 46.772], [-71.2774, 46.7721], [-71.2773, 46.7722], [-71.2772, 46.7722], [-71.277, 46.7723], [-71.2768, 46.7724], [-71.2767, 46.7724], [-71.2765, 46.7725], [-71.2764, 46.7725], [-71.2762, 46.7725], [-71.276, 46.7725], [-71.2759, 46.7725], [-71.2757, 46.7724], [-71.2756, 46.7724], [-71.2755, 46.7725], [-71.2753, 46.7725], [-71.2753, 46.7726], [-71.2752, 46.7727], [-71.2751, 46.7729], [-71.2751, 46.7731], [-71.2751, 46.7733], [-71.2751, 46.7734], [-71.2752, 46.7736], [-71.2753, 46.7737], [-71.2754, 46.7739], [-71.2756, 46.774], [-71.2758, 46.774], [-71.2761, 46.7741], [-71.2764, 46.7741], [-71.2767, 46.7741], [-71.277, 46.7741], [-71.2772, 46.7741], [-71.2774, 46.7741], [-71.2775, 46.774], [-71.2776, 46.7739], [-71.2777, 46.7738], [-71.2777, 46.7737], [-71.2778, 46.7736], [-71.2779, 46.7735], [-71.278, 46.7734], [-71.2782, 46.7733], [-71.2784, 46.7732], [-71.2786, 46.7731], [-71.2789, 46.773], [-71.2792, 46.7729], [-71.2794, 46.7728], [-71.2796, 46.7728], [-71.2798, 46.7727], [-71.28, 46.7726], [-71.2801, 46.7725], [-71.2802, 46.7724], [-71.2803, 46.7723], [-71.2803, 46.7722], [-71.2803, 46.7721], [-71.2804, 46.7721], [-71.2805, 46.7721], [-71.2806, 46.7722], [-71.2807, 46.7722], [-71.2808, 46.7723], [-71.2809, 46.7724], [-71.281, 46.7725], [-71.281, 46.7727], [-71.2809, 46.7728], [-71.2809, 46.7729], [-71.2808, 46.773], [-71.2807, 46.7732], [-71.2805, 46.7733], [-71.2804, 46.7734], [-71.2803, 46.7736], [-71.2802, 46.7737], [-71.2802, 46.7738], [-71.2801, 46.7739], [-71.2802, 46.7741], [-71.2802, 46.7742], [-71.2803, 46.7743], [-71.2804, 46.7744], [-71.2806, 46.7745], [-71.2807, 46.7745], [-71.2809, 46.7745], [-71.2811, 46.7746], [-71.2813, 46.7746], [-71.2815, 46.7745], [-71.2817, 46.7745], [-71.2819, 46.7745], [-71.2821, 46.7745], [-71.2823, 46.7745], [-71.2824, 46.7745], [-71.2825, 46.7746], [-71.2826, 46.7747], [-71.2827, 46.7747], [-71.2827, 46.7748], [-71.2827, 46.7749], [-71.2828, 46.775], [-71.2829, 46.7751], [-71.2831, 46.7752], [-71.2833, 46.7752], [-71.2835, 46.7752], [-71.2837, 46.7753], [-71.2839, 46.7753], [-71.2842, 46.7753], [-71.2844, 46.7753], [-71.2845, 46.7752], [-71.2847, 46.7752], [-71.2848, 46.7752], [-71.2849, 46.7751], [-71.285, 46.7751], [-71.2851, 46.775], [-71.2852, 46.775], [-71.2853, 46.775], [-71.2854, 46.775], [-71.2855, 46.775], [-71.2856, 46.775], [-71.2858, 46.775], [-71.2859, 46.7751], [-71.286, 46.7751], [-71.2861, 46.7751], [-71.2862, 46.7751], [-71.2862, 46.775], [-71.2863, 46.775], [-71.2862, 46.7749], [-71.2862, 46.7748], [-71.2861, 46.7747], [-71.2861, 46.7746], [-71.2861, 46.7745], [-71.2861, 46.7744], [-71.2861, 46.7743], [-71.2861, 46.7742], [-71.2862, 46.7741], [-71.2863, 46.7741], [-71.2864, 46.774], [-71.2865, 46.7739], [-71.2866, 46.7739], [-71.2866, 46.7738], [-71.2867, 46.7738], [-71.2867, 46.7737], [-71.2867, 46.7736], [-71.2866, 46.7735], [-71.2866, 46.7734], [-71.2867, 46.7733], [-71.2868, 46.7733], [-71.2869, 46.7732], [-71.2871, 46.7732], [-71.2872, 46.7732], [-71.2872, 46.7731], [-71.2873, 46.7731], [-71.2874, 46.773], [-71.2874, 46.7729], [-71.2874, 46.7728], [-71.2873, 46.7728], [-71.2873, 46.7727], [-71.2874, 46.7726], [-71.2874, 46.7725], [-71.2875, 46.7724], [-71.2876, 46.7723], [-71.2877, 46.7723], [-71.2878, 46.7722], [-71.288, 46.7721], [-71.2882, 46.772], [-71.2884, 46.7719], [-71.2886, 46.7718], [-71.2889, 46.7718], [-71.2891, 46.7718], [-71.2894, 46.7717], [-71.2896, 46.7717], [-71.2899, 46.7717], [-71.2902, 46.7717], [-71.2904, 46.7716], [-71.2906, 46.7716], [-71.2907, 46.7715], [-71.2908, 46.7714], [-71.2909, 46.7713], [-71.2909, 46.7712], [-71.2909, 46.7711], [-71.2909, 46.7709], [-71.2909, 46.7708], [-71.2908, 46.7708], [-71.2908, 46.7707], [-71.2907, 46.7707], [-71.2906, 46.7706], [-71.2905, 46.7706], [-71.2904, 46.7706], [-71.2903, 46.7706], [-71.2902, 46.7706], [-71.2901, 46.7706], [-71.2901, 46.7705], [-71.2902, 46.7705], [-71.2902, 46.7704], [-71.2903, 46.7704], [-71.2904, 46.7703], [-71.2905, 46.7703], [-71.2906, 46.7703], [-71.2907, 46.7703], [-71.2908, 46.7703], [-71.291, 46.7703], [-71.2911, 46.7703], [-71.2912, 46.7703], [-71.2913, 46.7702], [-71.2914, 46.7702], [-71.2914, 46.7701], [-71.2913, 46.77], [-71.2912, 46.7699], [-71.2911, 46.7698], [-71.2911, 46.7697], [-71.2911, 46.7696], [-71.2911, 46.7695], [-71.2912, 46.7694], [-71.2912, 46.7693], [-71.2913, 46.7693], [-71.2914, 46.7692], [-71.2915, 46.7691], [-71.2915, 46.7689], [-71.2916, 46.7688], [-71.2916, 46.7686], [-71.2917, 46.7684], [-71.2917, 46.7682], [-71.2917, 46.768], [-71.2917, 46.7678], [-71.2917, 46.7676], [-71.2917, 46.7674], [-71.2916, 46.7673], [-71.2916, 46.7671], [-71.2915, 46.767], [-71.2914, 46.767], [-71.2913, 46.7669], [-71.2912, 46.7668], [-71.2911, 46.7668], [-71.291, 46.7668], [-71.2908, 46.7668], [-71.2907, 46.7668], [-71.2906, 46.7669], [-71.2904, 46.7669], [-71.2903, 46.767], [-71.2902, 46.767], [-71.2903, 46.7669], [-71.2905, 46.7668], [-71.2907, 46.7666], [-71.291, 46.7665]]]}}, {"type": "Feature", "properties": {"couche": "aire_marche", "station": "CHUL", "ordre": 9, "minutes": 12, "superficie_ha": 128.3, "rue_km": 37.06, "disque_ha": 221.7, "part_disque_pct": 58, "accroche_m": 18, "population": 3566, "navetteurs": 955, "mode_auto_pct": 63, "mode_tc_pct": 12, "mode_actif_pct": 25, "mode_autre_pct": 0}, "geometry": {"type": "Polygon", "coordinates": [[[-71.2925, 46.7678], [-71.2924, 46.7682], [-71.2924, 46.7685], [-71.2923, 46.7688], [-71.2921, 46.769], [-71.292, 46.7692], [-71.2919, 46.7693], [-71.2917, 46.7694], [-71.2915, 46.7694], [-71.2914, 46.7694], [-71.2913, 46.7695], [-71.2913, 46.7696], [-71.2914, 46.7697], [-71.2915, 46.7697], [-71.2917, 46.7698], [-71.2918, 46.7699], [-71.2919, 46.7699], [-71.292, 46.77], [-71.2921, 46.7701], [-71.2921, 46.7702], [-71.2922, 46.7703], [-71.2922, 46.7704], [-71.2922, 46.7705], [-71.2921, 46.7706], [-71.2921, 46.7707], [-71.292, 46.7707], [-71.2919, 46.7708], [-71.2918, 46.7709], [-71.2916, 46.7709], [-71.2915, 46.771], [-71.2913, 46.771], [-71.2912, 46.7711], [-71.2911, 46.7711], [-71.291, 46.7712], [-71.291, 46.7713], [-71.291, 46.7714], [-71.291, 46.7715], [-71.2911, 46.7716], [-71.2912, 46.7717], [-71.2913, 46.7718], [-71.2913, 46.7719], [-71.2913, 46.772], [-71.2912, 46.772], [-71.291, 46.772], [-71.2909, 46.772], [-71.2907, 46.772], [-71.2906, 46.772], [-71.2905, 46.772], [-71.2903, 46.772], [-71.2902, 46.772], [-71.2902, 46.7721], [-71.2901, 46.7721], [-71.29, 46.7722], [-71.2899, 46.7722], [-71.2898, 46.7723], [-71.2897, 46.7723], [-71.2896, 46.7723], [-71.2895, 46.7722], [-71.2894, 46.7722], [-71.2893, 46.7721], [-71.2891, 46.772], [-71.289, 46.772], [-71.2888, 46.7719], [-71.2887, 46.7719], [-71.2885, 46.7719], [-71.2884, 46.7719], [-71.2882, 46.772], [-71.288, 46.7721], [-71.2878, 46.7722], [-71.2877, 46.7723], [-71.2876, 46.7724], [-71.2875, 46.7725], [-71.2875, 46.7726], [-71.2875, 46.7727], [-71.2876, 46.7729], [-71.2877, 46.773], [-71.2878, 46.7731], [-71.2878, 46.7732], [-71.2878, 46.7733], [-71.2877, 46.7734], [-71.2875, 46.7735], [-71.2874, 46.7736], [-71.2871, 46.7737], [-71.2869, 46.7739], [-71.2866, 46.774], [-71.2865, 46.7741], [-71.2864, 46.7741], [-71.2863, 46.7742], [-71.2863, 46.7743], [-71.2864, 46.7743], [-71.2865, 46.7743], [-71.2867, 46.7744], [-71.2869, 46.7744], [-71.287, 46.7744], [-71.2871, 46.7745], [-71.2871, 46.7746], [-71.2872, 46.7747], [-71.2872, 46.7748], [-71.2871, 46.7749], [-71.2871, 46.775], [-71.287, 46.7751], [-71.2868, 46.7752], [-71.2866, 46.7753], [-71.2863, 46.7754], [-71.2859, 46.7755], [-71.2855, 46.7756], [-71.285, 46.7756], [-71.2844, 46.7756], [-71.2839, 46.7756], [-71.2835, 46.7756], [-71.2832, 46.7756], [-71.2829, 46.7755], [-71.2827, 46.7754], [-71.2825, 46.7753], [-71.2825, 46.7751], [-71.2825, 46.775], [-71.2825, 46.7748], [-71.2824, 46.7747], [-71.2823, 46.7746], [-71.2822, 46.7746], [-71.282, 46.7747], [-71.2819, 46.7747], [-71.2817, 46.7748], [-71.2815, 46.7749], [-71.2813, 46.775], [-71.2811, 46.775], [-71.281, 46.7751], [-71.2808, 46.7751], [-71.2807, 46.7751], [-71.2805, 46.7751], [-71.2804, 46.7751], [-71.2803, 46.7751], [-71.2802, 46.775], [-71.2801, 46.7749], [-71.28, 46.7748], [-71.28, 46.7747], [-71.28, 46.7746], [-71.2799, 46.7744], [-71.28, 46.7742], [-71.28, 46.774], [-71.28, 46.7738], [-71.2801, 46.7737], [-71.2802, 46.7735], [-71.2803, 46.7734], [-71.2804, 46.7733], [-71.2805, 46.7732], [-71.2807, 46.773], [-71.2808, 46.7729], [-71.2809, 46.7728], [-71.281, 46.7727], [-71.281, 46.7726], [-71.281, 46.7725], [-71.2809, 46.7724], [-71.2808, 46.7723], [-71.2807, 46.7722], [-71.2806, 46.7722], [-71.2805, 46.7721], [-71.2804, 46.7721], [-71.2803, 46.7721], [-71.2803, 46.7722], [-71.2803, 46.7723], [-71.2803, 46.7724], [-71.2802, 46.7725], [-71.28, 46.7725], [-71.2799, 46.7726], [-71.2797, 46.7727], [-71.2795, 46.7728], [-71.2792, 46.7729], [-71.2789, 46.773], [-71.2786, 46.7731], [-71.2784, 46.7732], [-71.2782, 46.7733], [-71.278, 46.7734], [-71.2779, 46.7735], [-71.2778, 46.7736], [-71.2778, 46.7737], [-71.2778, 46.7738], [-71.2778, 46.7739], [-71.2777, 46.7739], [-71.2777, 46.774], [-71.2776, 46.7741], [-71.2775, 46.7742], [-71.2774, 46.7743], [-71.2773, 46.7744], [-71.2772, 46.7744], [-71.277, 46.7745], [-71.2768, 46.7746], [-71.2766, 46.7746], [-71.2764, 46.7746], [-71.2761, 46.7746], [-71.2759, 46.7746], [-71.2756, 46.7745], [-71.2753, 46.7745], [-71.275, 46.7744], [-71.2748, 46.7743], [-71.2747, 46.7742], [-71.2745, 46.774], [-71.2744, 46.7738], [-71.2744, 46.7736], [-71.2744, 46.7733], [-71.2744, 46.773], [-71.2745, 46.7727], [-71.2746, 46.7725], [-71.2747, 46.7723], [-71.2748, 46.772], [-71.275, 46.7718], [-71.2752, 46.7717], [-71.2754, 46.7715], [-71.2756, 46.7714], [-71.2758, 46.7713], [-71.2759, 46.7712], [-71.2757, 46.7712], [-71.2756, 46.7713], [-71.2754, 46.7713], [-71.2753, 46.7714], [-71.2752, 46.7714], [-71.2751, 46.7714], [-71.275, 46.7714], [-71.2749, 46.7714], [-71.2748, 46.7713], [-71.2747, 46.7712], [-71.2746, 46.7711], [-71.2746, 46.771], [-71.2746, 46.7709], [-71.2746, 46.7707], [-71.2746, 46.7706], [-71.2746, 46.7704], [-71.2746, 46.7702], [-71.2747, 46.7701], [-71.2747, 46.77], [-71.2748, 46.7699], [-71.2749, 46.7698], [-71.2751, 46.7698], [-71.2752, 46.7698], [-71.2754, 46.7698], [-71.2755, 46.7698], [-71.2756, 46.7698], [-71.2757, 46.7698], [-71.2757, 46.7697], [-71.2757, 46.7696], [-71.2756, 46.7695], [-71.2755, 46.7694], [-71.2754, 46.7693], [-71.2753, 46.7692], [-71.2752, 46.7691], [-71.2751, 46.7689], [-71.2751, 46.7688], [-71.2751, 46.7687], [-71.2751, 46.7685], [-71.2751, 46.7684], [-71.2751, 46.7682], [-71.2751, 46.7681], [-71.2752, 46.768], [-71.2753, 46.7679], [-71.2754, 46.7678], [-71.2755, 46.7678], [-71.2757, 46.7677], [-71.2759, 46.7677], [-71.276, 46.7677], [-71.2762, 46.7677], [-71.2764, 46.7677], [-71.2766, 46.7678], [-71.2769, 46.7678], [-71.2771, 46.7679], [-71.2773, 46.7681], [-71.2776, 46.7682], [-71.2777, 46.7683], [-71.2778, 46.7683], [-71.2779, 46.7683], [-71.2778, 46.7682], [-71.2777, 46.7681], [-71.2774, 46.7679], [-71.2771, 46.7677], [-71.2768, 46.7674], [-71.2765, 46.7671], [-71.2762, 46.7669], [-71.276, 46.7666], [-71.2758, 46.7665], [-71.2756, 46.7663], [-71.2756, 46.7662], [-71.2755, 46.7661], [-71.2755, 46.766], [-71.2756, 46.766], [-71.2757, 46.766], [-71.2759, 46.7661], [-71.2761, 46.7662], [-71.2763, 46.7663], [-71.2766, 46.7664], [-71.2769, 46.7667], [-71.2773, 46.7669], [-71.2776, 46.7671], [-71.2778, 46.7672], [-71.278, 46.7673], [-71.2781, 46.7673], [-71.2781, 46.7672], [-71.278, 46.7671], [-71.2779, 46.767], [-71.2777, 46.7668], [-71.2776, 46.7666], [-71.2774, 46.7664], [-71.2774, 46.7663], [-71.2773, 46.7662], [-71.2773, 46.7661], [-71.2773, 46.766], [-71.2774, 46.766], [-71.2775, 46.7659], [-71.2776, 46.766], [-71.2777, 46.766], [-71.2778, 46.766], [-71.278, 46.7661], [-71.2781, 46.7662], [-71.2783, 46.7663], [-71.2785, 46.7665], [-71.2787, 46.7666], [-71.2789, 46.7667], [-71.279, 46.7668], [-71.2789, 46.7666], [-71.2789, 46.7665], [-71.2788, 46.7664], [-71.2788, 46.7663], [-71.2789, 46.7662], [-71.279, 46.7662], [-71.2791, 46.7661], [-71.2793, 46.7661], [-71.2794, 46.7661], [-71.2795, 46.7661], [-71.2796, 46.766], [-71.2796, 46.7659], [-71.2795, 46.7658], [-71.2794, 46.7658], [-71.2794, 46.7657], [-71.2794, 46.7656], [-71.2795, 46.7656], [-71.2795, 46.7655], [-71.2796, 46.7654], [-71.2798, 46.7653], [-71.2799, 46.7652], [-71.2799, 46.7651], [-71.28, 46.765], [-71.28, 46.7649], [-71.28, 46.7648], [-71.28, 46.7647], [-71.28, 46.7646], [-71.2799, 46.7645], [-71.2799, 46.7644], [-71.2799, 46.7643], [-71.2799, 46.7642], [-71.2799, 46.7641], [-71.28, 46.764], [-71.2801, 46.764], [-71.2802, 46.764], [-71.2803, 46.764], [-71.2804, 46.7641], [-71.2805, 46.7641], [-71.2806, 46.7642], [-71.2807, 46.7642], [-71.2808, 46.7643], [-71.2809, 46.7644], [-71.281, 46.7645], [-71.2811, 46.7646], [-71.2812, 46.7647], [-71.2813, 46.7648], [-71.2814, 46.7649], [-71.2815, 46.765], [-71.2816, 46.765], [-71.2817, 46.7651], [-71.2818, 46.7652], [-71.2819, 46.7652], [-71.2819, 46.7651], [-71.2818, 46.7651], [-71.2817, 46.7649], [-71.2815, 46.7648], [-71.2814, 46.7647], [-71.2813, 46.7646], [-71.2812, 46.7645], [-71.2812, 46.7644], [-71.2811, 46.7643], [-71.2811, 46.7642], [-71.2812, 46.7641], [-71.2813, 46.764], [-71.2814, 46.764], [-71.2815, 46.764], [-71.2816, 46.764], [-71.2818, 46.7641], [-71.2819, 46.7641], [-71.282, 46.7642], [-71.2821, 46.7643], [-71.2822, 46.7643], [-71.2823, 46.7643], [-71.2824, 46.7643], [-71.2825, 46.7643], [-71.2826, 46.7643], [-71.2827, 46.7643], [-71.2828, 46.7642], [-71.2829, 46.7642], [-71.2831, 46.7642], [-71.2832, 46.7642], [-71.2834, 46.7643], [-71.2836, 46.7644], [-71.2838, 46.7645], [-71.284, 46.7646], [-71.2842, 46.7648], [-71.2844, 46.765], [-71.2845, 46.7651], [-71.2847, 46.7652], [-71.2848, 46.7652], [-71.2848, 46.7651], [-71.2847, 46.765], [-71.2847, 46.7649], [-71.2848, 46.7648], [-71.2848, 46.7647], [-71.2849, 46.7647], [-71.285, 46.7646], [-71.2851, 46.7645], [-71.2852, 46.7644], [-71.2854, 46.7643], [-71.2856, 46.7643], [-71.2858, 46.7643], [-71.2861, 46.7643], [-71.2863, 46.7643], [-71.2866, 46.7644], [-71.2869, 46.7644], [-71.2872, 46.7645], [-71.2875, 46.7646], [-71.2877, 46.7647], [-71.288, 46.7647], [-71.2882, 46.7647], [-71.2883, 46.7647], [-71.2884, 46.7647], [-71.2885, 46.7647], [-71.2886, 46.7646], [-71.2887, 46.7646], [-71.2887, 46.7645], [-71.2888, 46.7645], [-71.2889, 46.7645], [-71.289, 46.7645], [-71.2891, 46.7645], [-71.2892, 46.7646], [-71.2893, 46.7646], [-71.2893, 46.7647], [-71.2894, 46.7647], [-71.2895, 46.7647], [-71.2896, 46.7647], [-71.2897, 46.7647], [-71.2898, 46.7647], [-71.2899, 46.7647], [-71.29, 46.7646], [-71.2901, 46.7646], [-71.2902, 46.7646], [-71.2903, 46.7646], [-71.2905, 46.7646], [-71.2907, 46.7646], [-71.2909, 46.7646], [-71.2911, 46.7646], [-71.2914, 46.7646], [-71.2916, 46.7647], [-71.2918, 46.7648], [-71.292, 46.7648], [-71.2922, 46.7649], [-71.2923, 46.765], [-71.2924, 46.7652], [-71.2925, 46.7653], [-71.2926, 46.7655], [-71.2926, 46.7656], [-71.2926, 46.7659], [-71.2927, 46.7661], [-71.2927, 46.7664], [-71.2926, 46.7667], [-71.2926, 46.767], [-71.2926, 46.7674], [-71.2925, 46.7678]]]}}, {"type": "Feature", "properties": {"couche": "voile", "station": "CHUL", "minutes": 12}, "geometry": {"type": "Polygon", "coordinates": [[[-71.4519, 46.8823], [-71.1185, 46.8846], [-71.1159, 46.657], [-71.4479, 46.6548], [-71.4519, 46.8823]], [[-71.2926, 46.7674], [-71.2926, 46.767], [-71.2926, 46.7667], [-71.2927, 46.7664], [-71.2927, 46.7661], [-71.2926, 46.7659], [-71.2926, 46.7656], [-71.2926, 46.7655], [-71.2925, 46.7653], [-71.2924, 46.7652], [-71.2923, 46.765], [-71.2922, 46.7649], [-71.292, 46.7648], [-71.2918, 46.7648], [-71.2916, 46.7647], [-71.2914, 46.7646], [-71.2911, 46.7646], [-71.2909, 46.7646], [-71.2907, 46.7646], [-71.2905, 46.7646], [-71.2903, 46.7646], [-71.2902, 46.7646], [-71.2901, 46.7646], [-71.29, 46.7646], [-71.2899, 46.7647], [-71.2898, 46.7647], [-71.2897, 46.7647], [-71.2896, 46.7647], [-71.2895, 46.7647], [-71.2894, 46.7647], [-71.2893, 46.7647], [-71.2893, 46.7646], [-71.2892, 46.7646], [-71.2891, 46.7645], [-71.289, 46.7645], [-71.2889, 46.7645], [-71.2888, 46.7645], [-71.2887, 46.7645], [-71.2887, 46.7646], [-71.2886, 46.7646], [-71.2885, 46.7647], [-71.2884, 46.7647], [-71.2883, 46.7647], [-71.2882, 46.7647], [-71.288, 46.7647], [-71.2877, 46.7647], [-71.2875, 46.7646], [-71.2872, 46.7645], [-71.2869, 46.7644], [-71.2866, 46.7644], [-71.2863, 46.7643], [-71.2861, 46.7643], [-71.2858, 46.7643], [-71.2856, 46.7643], [-71.2854, 46.7643], [-71.2852, 46.7644], [-71.2851, 46.7645], [-71.285, 46.7646], [-71.2849, 46.7647], [-71.2848, 46.7647], [-71.2848, 46.7648], [-71.2847, 46.7649], [-71.2847, 46.765], [-71.2848, 46.7651], [-71.2848, 46.7652], [-71.2847, 46.7652], [-71.2845, 46.7651], [-71.2844, 46.765], [-71.2842, 46.7648], [-71.284, 46.7646], [-71.2838, 46.7645], [-71.2836, 46.7644], [-71.2834, 46.7643], [-71.2832, 46.7642], [-71.2831, 46.7642], [-71.2829, 46.7642], [-71.2828, 46.7642], [-71.2827, 46.7643], [-71.2826, 46.7643], [-71.2825, 46.7643], [-71.2824, 46.7643], [-71.2823, 46.7643], [-71.2822, 46.7643], [-71.2821, 46.7643], [-71.282, 46.7642], [-71.2819, 46.7641], [-71.2818, 46.7641], [-71.2816, 46.764], [-71.2815, 46.764], [-71.2814, 46.764], [-71.2813, 46.764], [-71.2812, 46.7641], [-71.2811, 46.7642], [-71.2811, 46.7643], [-71.2812, 46.7644], [-71.2812, 46.7645], [-71.2813, 46.7646], [-71.2814, 46.7647], [-71.2815, 46.7648], [-71.2817, 46.7649], [-71.2818, 46.7651], [-71.2819, 46.7651], [-71.2819, 46.7652], [-71.2818, 46.7652], [-71.2817, 46.7651], [-71.2816, 46.765], [-71.2815, 46.765], [-71.2814, 46.7649], [-71.2813, 46.7648], [-71.2812, 46.7647], [-71.2811, 46.7646], [-71.281, 46.7645], [-71.2809, 46.7644], [-71.2808, 46.7643], [-71.2807, 46.7642], [-71.2806, 46.7642], [-71.2805, 46.7641], [-71.2804, 46.7641], [-71.2803, 46.764], [-71.2802, 46.764], [-71.2801, 46.764], [-71.28, 46.764], [-71.2799, 46.7641], [-71.2799, 46.7642], [-71.2799, 46.7643], [-71.2799, 46.7644], [-71.2799, 46.7645], [-71.28, 46.7646], [-71.28, 46.7647], [-71.28, 46.7648], [-71.28, 46.7649], [-71.28, 46.765], [-71.2799, 46.7651], [-71.2799, 46.7652], [-71.2798, 46.7653], [-71.2796, 46.7654], [-71.2795, 46.7655], [-71.2795, 46.7656], [-71.2794, 46.7656], [-71.2794, 46.7657], [-71.2794, 46.7658], [-71.2795, 46.7658], [-71.2796, 46.7659], [-71.2796, 46.766], [-71.2795, 46.7661], [-71.2794, 46.7661], [-71.2793, 46.7661], [-71.2791, 46.7661], [-71.279, 46.7662], [-71.2789, 46.7662], [-71.2788, 46.7663], [-71.2788, 46.7664], [-71.2789, 46.7665], [-71.2789, 46.7666], [-71.279, 46.7668], [-71.2789, 46.7667], [-71.2787, 46.7666], [-71.2785, 46.7665], [-71.2783, 46.7663], [-71.2781, 46.7662], [-71.278, 46.7661], [-71.2778, 46.766], [-71.2777, 46.766], [-71.2776, 46.766], [-71.2775, 46.7659], [-71.2774, 46.766], [-71.2773, 46.766], [-71.2773, 46.7661], [-71.2773, 46.7662], [-71.2774, 46.7663], [-71.2774, 46.7664], [-71.2776, 46.7666], [-71.2777, 46.7668], [-71.2779, 46.767], [-71.278, 46.7671], [-71.2781, 46.7672], [-71.2781, 46.7673], [-71.278, 46.7673], [-71.2778, 46.7672], [-71.2776, 46.7671], [-71.2773, 46.7669], [-71.2769, 46.7667], [-71.2766, 46.7664], [-71.2763, 46.7663], [-71.2761, 46.7662], [-71.2759, 46.7661], [-71.2757, 46.766], [-71.2756, 46.766], [-71.2755, 46.766], [-71.2755, 46.7661], [-71.2756, 46.7662], [-71.2756, 46.7663], [-71.2758, 46.7665], [-71.276, 46.7666], [-71.2762, 46.7669], [-71.2765, 46.7671], [-71.2768, 46.7674], [-71.2771, 46.7677], [-71.2774, 46.7679], [-71.2777, 46.7681], [-71.2778, 46.7682], [-71.2779, 46.7683], [-71.2778, 46.7683], [-71.2777, 46.7683], [-71.2776, 46.7682], [-71.2773, 46.7681], [-71.2771, 46.7679], [-71.2769, 46.7678], [-71.2766, 46.7678], [-71.2764, 46.7677], [-71.2762, 46.7677], [-71.276, 46.7677], [-71.2759, 46.7677], [-71.2757, 46.7677], [-71.2755, 46.7678], [-71.2754, 46.7678], [-71.2753, 46.7679], [-71.2752, 46.768], [-71.2751, 46.7681], [-71.2751, 46.7682], [-71.2751, 46.7684], [-71.2751, 46.7685], [-71.2751, 46.7687], [-71.2751, 46.7688], [-71.2751, 46.7689], [-71.2752, 46.7691], [-71.2753, 46.7692], [-71.2754, 46.7693], [-71.2755, 46.7694], [-71.2756, 46.7695], [-71.2757, 46.7696], [-71.2757, 46.7697], [-71.2757, 46.7698], [-71.2756, 46.7698], [-71.2755, 46.7698], [-71.2754, 46.7698], [-71.2752, 46.7698], [-71.2751, 46.7698], [-71.2749, 46.7698], [-71.2748, 46.7699], [-71.2747, 46.77], [-71.2747, 46.7701], [-71.2746, 46.7702], [-71.2746, 46.7704], [-71.2746, 46.7706], [-71.2746, 46.7707], [-71.2746, 46.7709], [-71.2746, 46.771], [-71.2746, 46.7711], [-71.2747, 46.7712], [-71.2748, 46.7713], [-71.2749, 46.7714], [-71.275, 46.7714], [-71.2751, 46.7714], [-71.2752, 46.7714], [-71.2753, 46.7714], [-71.2754, 46.7713], [-71.2756, 46.7713], [-71.2757, 46.7712], [-71.2759, 46.7712], [-71.2758, 46.7713], [-71.2756, 46.7714], [-71.2754, 46.7715], [-71.2752, 46.7717], [-71.275, 46.7718], [-71.2748, 46.772], [-71.2747, 46.7723], [-71.2746, 46.7725], [-71.2745, 46.7727], [-71.2744, 46.773], [-71.2744, 46.7733], [-71.2744, 46.7736], [-71.2744, 46.7738], [-71.2745, 46.774], [-71.2747, 46.7742], [-71.2748, 46.7743], [-71.275, 46.7744], [-71.2753, 46.7745], [-71.2756, 46.7745], [-71.2759, 46.7746], [-71.2761, 46.7746], [-71.2764, 46.7746], [-71.2766, 46.7746], [-71.2768, 46.7746], [-71.277, 46.7745], [-71.2772, 46.7744], [-71.2773, 46.7744], [-71.2774, 46.7743], [-71.2775, 46.7742], [-71.2776, 46.7741], [-71.2777, 46.774], [-71.2777, 46.7739], [-71.2778, 46.7739], [-71.2778, 46.7738], [-71.2778, 46.7737], [-71.2778, 46.7736], [-71.2779, 46.7735], [-71.278, 46.7734], [-71.2782, 46.7733], [-71.2784, 46.7732], [-71.2786, 46.7731], [-71.2789, 46.773], [-71.2792, 46.7729], [-71.2795, 46.7728], [-71.2797, 46.7727], [-71.2799, 46.7726], [-71.28, 46.7725], [-71.2802, 46.7725], [-71.2803, 46.7724], [-71.2803, 46.7723], [-71.2803, 46.7722], [-71.2803, 46.7721], [-71.2804, 46.7721], [-71.2805, 46.7721], [-71.2806, 46.7722], [-71.2807, 46.7722], [-71.2808, 46.7723], [-71.2809, 46.7724], [-71.281, 46.7725], [-71.281, 46.7726], [-71.281, 46.7727], [-71.2809, 46.7728], [-71.2808, 46.7729], [-71.2807, 46.773], [-71.2805, 46.7732], [-71.2804, 46.7733], [-71.2803, 46.7734], [-71.2802, 46.7735], [-71.2801, 46.7737], [-71.28, 46.7738], [-71.28, 46.774], [-71.28, 46.7742], [-71.2799, 46.7744], [-71.28, 46.7746], [-71.28, 46.7747], [-71.28, 46.7748], [-71.2801, 46.7749], [-71.2802, 46.775], [-71.2803, 46.7751], [-71.2804, 46.7751], [-71.2805, 46.7751], [-71.2807, 46.7751], [-71.2808, 46.7751], [-71.281, 46.7751], [-71.2811, 46.775], [-71.2813, 46.775], [-71.2815, 46.7749], [-71.2817, 46.7748], [-71.2819, 46.7747], [-71.282, 46.7747], [-71.2822, 46.7746], [-71.2823, 46.7746], [-71.2824, 46.7747], [-71.2825, 46.7748], [-71.2825, 46.775], [-71.2825, 46.7751], [-71.2825, 46.7753], [-71.2827, 46.7754], [-71.2829, 46.7755], [-71.2832, 46.7756], [-71.2835, 46.7756], [-71.2839, 46.7756], [-71.2844, 46.7756], [-71.285, 46.7756], [-71.2855, 46.7756], [-71.2859, 46.7755], [-71.2863, 46.7754], [-71.2866, 46.7753], [-71.2868, 46.7752], [-71.287, 46.7751], [-71.2871, 46.775], [-71.2871, 46.7749], [-71.2872, 46.7748], [-71.2872, 46.7747], [-71.2871, 46.7746], [-71.2871, 46.7745], [-71.287, 46.7744], [-71.2869, 46.7744], [-71.2867, 46.7744], [-71.2865, 46.7743], [-71.2864, 46.7743], [-71.2863, 46.7743], [-71.2863, 46.7742], [-71.2864, 46.7741], [-71.2865, 46.7741], [-71.2866, 46.774], [-71.2869, 46.7739], [-71.2871, 46.7737], [-71.2874, 46.7736], [-71.2875, 46.7735], [-71.2877, 46.7734], [-71.2878, 46.7733], [-71.2878, 46.7732], [-71.2878, 46.7731], [-71.2877, 46.773], [-71.2876, 46.7729], [-71.2875, 46.7727], [-71.2875, 46.7726], [-71.2875, 46.7725], [-71.2876, 46.7724], [-71.2877, 46.7723], [-71.2878, 46.7722], [-71.288, 46.7721], [-71.2882, 46.772], [-71.2884, 46.7719], [-71.2885, 46.7719], [-71.2887, 46.7719], [-71.2888, 46.7719], [-71.289, 46.772], [-71.2891, 46.772], [-71.2893, 46.7721], [-71.2894, 46.7722], [-71.2895, 46.7722], [-71.2896, 46.7723], [-71.2897, 46.7723], [-71.2898, 46.7723], [-71.2899, 46.7722], [-71.29, 46.7722], [-71.2901, 46.7721], [-71.2902, 46.7721], [-71.2902, 46.772], [-71.2903, 46.772], [-71.2905, 46.772], [-71.2906, 46.772], [-71.2907, 46.772], [-71.2909, 46.772], [-71.291, 46.772], [-71.2912, 46.772], [-71.2913, 46.772], [-71.2913, 46.7719], [-71.2913, 46.7718], [-71.2912, 46.7717], [-71.2911, 46.7716], [-71.291, 46.7715], [-71.291, 46.7714], [-71.291, 46.7713], [-71.291, 46.7712], [-71.2911, 46.7711], [-71.2912, 46.7711], [-71.2913, 46.771], [-71.2915, 46.771], [-71.2916, 46.7709], [-71.2918, 46.7709], [-71.2919, 46.7708], [-71.292, 46.7707], [-71.2921, 46.7707], [-71.2921, 46.7706], [-71.2922, 46.7705], [-71.2922, 46.7704], [-71.2922, 46.7703], [-71.2921, 46.7702], [-71.2921, 46.7701], [-71.292, 46.77], [-71.2919, 46.7699], [-71.2918, 46.7699], [-71.2917, 46.7698], [-71.2915, 46.7697], [-71.2914, 46.7697], [-71.2913, 46.7696], [-71.2913, 46.7695], [-71.2914, 46.7694], [-71.2915, 46.7694], [-71.2917, 46.7694], [-71.2919, 46.7693], [-71.292, 46.7692], [-71.2921, 46.769], [-71.2923, 46.7688], [-71.2924, 46.7685], [-71.2924, 46.7682], [-71.2925, 46.7678], [-71.2926, 46.7674]]]}}, {"type": "Feature", "properties": {"couche": "aire_marche", "station": "CHUL", "ordre": 9, "minutes": 13, "superficie_ha": 152.9, "rue_km": 43.36, "disque_ha": 260.2, "part_disque_pct": 59, "accroche_m": 18, "population": 4187, "navetteurs": 1121, "mode_auto_pct": 63, "mode_tc_pct": 12, "mode_actif_pct": 25, "mode_autre_pct": 0}, "geometry": {"type": "Polygon", "coordinates": [[[-71.2929, 46.7671], [-71.2928, 46.7675], [-71.2928, 46.7679], [-71.2927, 46.7683], [-71.2927, 46.7685], [-71.2927, 46.7688], [-71.2927, 46.769], [-71.2928, 46.7691], [-71.2929, 46.7692], [-71.2929, 46.7693], [-71.2929, 46.7694], [-71.2929, 46.7695], [-71.2928, 46.7696], [-71.2927, 46.7697], [-71.2926, 46.7698], [-71.2925, 46.7699], [-71.2924, 46.7701], [-71.2923, 46.7702], [-71.2923, 46.7703], [-71.2923, 46.7704], [-71.2923, 46.7705], [-71.2924, 46.7706], [-71.2925, 46.7707], [-71.2926, 46.7708], [-71.2926, 46.7709], [-71.2926, 46.771], [-71.2926, 46.7711], [-71.2926, 46.7712], [-71.2925, 46.7713], [-71.2924, 46.7714], [-71.2923, 46.7715], [-71.2922, 46.7717], [-71.2921, 46.7718], [-71.2921, 46.7719], [-71.292, 46.772], [-71.292, 46.7721], [-71.292, 46.7722], [-71.2921, 46.7723], [-71.292, 46.7724], [-71.2919, 46.7725], [-71.2917, 46.7725], [-71.2915, 46.7726], [-71.2912, 46.7726], [-71.2908, 46.7726], [-71.2904, 46.7727], [-71.29, 46.7727], [-71.2896, 46.7728], [-71.2892, 46.7729], [-71.2888, 46.773], [-71.2884, 46.7732], [-71.288, 46.7733], [-71.2876, 46.7735], [-71.2872, 46.7736], [-71.2869, 46.7738], [-71.2867, 46.7739], [-71.2866, 46.774], [-71.2865, 46.7741], [-71.2866, 46.7742], [-71.2867, 46.7742], [-71.2868, 46.7742], [-71.2871, 46.7741], [-71.2873, 46.7742], [-71.2875, 46.7742], [-71.2877, 46.7743], [-71.2878, 46.7744], [-71.2878, 46.7745], [-71.2878, 46.7747], [-71.2878, 46.7749], [-71.2877, 46.7751], [-71.2876, 46.7753], [-71.2875, 46.7755], [-71.2874, 46.7756], [-71.2872, 46.7757], [-71.2871, 46.7757], [-71.2869, 46.7757], [-71.2867, 46.7757], [-71.2865, 46.7756], [-71.2863, 46.7755], [-71.2862, 46.7755], [-71.2861, 46.7755], [-71.286, 46.7755], [-71.2859, 46.7755], [-71.2859, 46.7756], [-71.2859, 46.7757], [-71.286, 46.7758], [-71.2859, 46.7759], [-71.2859, 46.776], [-71.2858, 46.776], [-71.2856, 46.7761], [-71.2854, 46.7761], [-71.2851, 46.7761], [-71.2848, 46.7761], [-71.2844, 46.776], [-71.2841, 46.776], [-71.2838, 46.776], [-71.2835, 46.776], [-71.2832, 46.776], [-71.283, 46.776], [-71.2829, 46.776], [-71.2828, 46.776], [-71.2827, 46.7761], [-71.2826, 46.7761], [-71.2825, 46.7761], [-71.2824, 46.7761], [-71.2822, 46.7761], [-71.2821, 46.7761], [-71.282, 46.776], [-71.2819, 46.776], [-71.2817, 46.7759], [-71.2816, 46.7758], [-71.2816, 46.7757], [-71.2815, 46.7757], [-71.2815, 46.7756], [-71.2816, 46.7755], [-71.2816, 46.7754], [-71.2818, 46.7754], [-71.2819, 46.7753], [-71.282, 46.7752], [-71.2821, 46.7752], [-71.2822, 46.7751], [-71.2823, 46.775], [-71.2824, 46.7749], [-71.2825, 46.7748], [-71.2825, 46.7747], [-71.2825, 46.7746], [-71.2824, 46.7746], [-71.2823, 46.7746], [-71.2822, 46.7746], [-71.2821, 46.7747], [-71.2819, 46.7748], [-71.2817, 46.7749], [-71.2815, 46.7751], [-71.2812, 46.7752], [-71.281, 46.7753], [-71.2808, 46.7754], [-71.2806, 46.7754], [-71.2804, 46.7755], [-71.2802, 46.7755], [-71.28, 46.7755], [-71.2798, 46.7755], [-71.2797, 46.7754], [-71.2796, 46.7754], [-71.2795, 46.7753], [-71.2794, 46.7751], [-71.2794, 46.775], [-71.2795, 46.7748], [-71.2795, 46.7746], [-71.2796, 46.7743], [-71.2797, 46.7741], [-71.2799, 46.7739], [-71.28, 46.7737], [-71.2801, 46.7735], [-71.2803, 46.7734], [-71.2804, 46.7732], [-71.2805, 46.7731], [-71.2807, 46.773], [-71.2808, 46.7729], [-71.2809, 46.7728], [-71.281, 46.7727], [-71.281, 46.7726], [-71.281, 46.7725], [-71.2809, 46.7724], [-71.2808, 46.7723], [-71.2807, 46.7722], [-71.2806, 46.7722], [-71.2805, 46.7721], [-71.2804, 46.7721], [-71.2803, 46.7721], [-71.2803, 46.7722], [-71.2803, 46.7723], [-71.2802, 46.7724], [-71.2801, 46.7725], [-71.28, 46.7726], [-71.2798, 46.7727], [-71.2796, 46.7728], [-71.2794, 46.7728], [-71.2792, 46.7729], [-71.2789, 46.773], [-71.2786, 46.7731], [-71.2783, 46.7732], [-71.2781, 46.7734], [-71.2779, 46.7736], [-71.2778, 46.7737], [-71.2777, 46.7739], [-71.2776, 46.7741], [-71.2775, 46.7744], [-71.2774, 46.7746], [-71.2773, 46.7747], [-71.2771, 46.7749], [-71.277, 46.7749], [-71.2768, 46.775], [-71.2766, 46.775], [-71.2764, 46.775], [-71.2761, 46.7749], [-71.2759, 46.7748], [-71.2757, 46.7748], [-71.2754, 46.7747], [-71.2752, 46.7747], [-71.275, 46.7747], [-71.2748, 46.7747], [-71.2745, 46.7747], [-71.2743, 46.7747], [-71.2741, 46.7747], [-71.274, 46.7747], [-71.2739, 46.7746], [-71.2738, 46.7746], [-71.2738, 46.7745], [-71.2738, 46.7744], [-71.2739, 46.7743], [-71.274, 46.7741], [-71.274, 46.774], [-71.2741, 46.7739], [-71.2741, 46.7738], [-71.2741, 46.7737], [-71.2741, 46.7736], [-71.274, 46.7735], [-71.2739, 46.7734], [-71.2738, 46.7734], [-71.2738, 46.7733], [-71.2737, 46.7732], [-71.2737, 46.7731], [-71.2736, 46.773], [-71.2736, 46.7729], [-71.2737, 46.7727], [-71.2737, 46.7726], [-71.2738, 46.7725], [-71.2739, 46.7724], [-71.274, 46.7722], [-71.2742, 46.7721], [-71.2744, 46.772], [-71.2747, 46.7718], [-71.275, 46.7716], [-71.2753, 46.7715], [-71.2755, 46.7714], [-71.2757, 46.7713], [-71.2758, 46.7712], [-71.2757, 46.7712], [-71.2756, 46.7713], [-71.2753, 46.7714], [-71.2751, 46.7715], [-71.2749, 46.7716], [-71.2748, 46.7717], [-71.2746, 46.7717], [-71.2745, 46.7718], [-71.2743, 46.7718], [-71.2742, 46.7718], [-71.2741, 46.7717], [-71.274, 46.7716], [-71.274, 46.7715], [-71.2739, 46.7713], [-71.2739, 46.7711], [-71.2739, 46.7709], [-71.274, 46.7706], [-71.274, 46.7703], [-71.274, 46.77], [-71.2741, 46.7698], [-71.2742, 46.7697], [-71.2744, 46.7696], [-71.2745, 46.7695], [-71.2747, 46.7695], [-71.2749, 46.7695], [-71.2752, 46.7696], [-71.2754, 46.7696], [-71.2755, 46.7697], [-71.2756, 46.7697], [-71.2756, 46.7696], [-71.2755, 46.7695], [-71.2753, 46.7694], [-71.2751, 46.7693], [-71.275, 46.7692], [-71.2748, 46.769], [-71.2748, 46.7689], [-71.2747, 46.7688], [-71.2747, 46.7687], [-71.2747, 46.7686], [-71.2747, 46.7685], [-71.2747, 46.7684], [-71.2748, 46.7683], [-71.2748, 46.7682], [-71.2748, 46.7681], [-71.2749, 46.7681], [-71.2748, 46.768], [-71.2748, 46.7679], [-71.2748, 46.7678], [-71.2747, 46.7677], [-71.2747, 46.7676], [-71.2748, 46.7675], [-71.2749, 46.7675], [-71.275, 46.7675], [-71.2752, 46.7674], [-71.2754, 46.7675], [-71.2756, 46.7675], [-71.2759, 46.7675], [-71.2761, 46.7676], [-71.2764, 46.7676], [-71.2766, 46.7677], [-71.2769, 46.7678], [-71.2771, 46.7679], [-71.2774, 46.7681], [-71.2776, 46.7682], [-71.2778, 46.7683], [-71.2777, 46.7682], [-71.2775, 46.768], [-71.2772, 46.7678], [-71.2769, 46.7675], [-71.2764, 46.7672], [-71.276, 46.7669], [-71.2757, 46.7666], [-71.2754, 46.7663], [-71.2752, 46.7661], [-71.2751, 46.766], [-71.275, 46.7658], [-71.2749, 46.7657], [-71.2749, 46.7656], [-71.275, 46.7655], [-71.2751, 46.7654], [-71.2752, 46.7654], [-71.2753, 46.7654], [-71.2754, 46.7654], [-71.2755, 46.7654], [-71.2756, 46.7654], [-71.2758, 46.7655], [-71.276, 46.7656], [-71.2762, 46.7658], [-71.2765, 46.7659], [-71.2768, 46.7662], [-71.2771, 46.7664], [-71.2774, 46.7667], [-71.2777, 46.7669], [-71.2776, 46.7668], [-71.2774, 46.7666], [-71.2771, 46.7663], [-71.277, 46.7661], [-71.2768, 46.766], [-71.2767, 46.7658], [-71.2767, 46.7657], [-71.2767, 46.7656], [-71.2768, 46.7656], [-71.2769, 46.7655], [-71.277, 46.7655], [-71.2771, 46.7656], [-71.2773, 46.7656], [-71.2775, 46.7657], [-71.2777, 46.7658], [-71.2779, 46.766], [-71.2782, 46.7662], [-71.2785, 46.7664], [-71.2787, 46.7665], [-71.2789, 46.7667], [-71.2788, 46.7665], [-71.2786, 46.7664], [-71.2785, 46.7662], [-71.2784, 46.766], [-71.2783, 46.7659], [-71.2783, 46.7657], [-71.2784, 46.7655], [-71.2785, 46.7653], [-71.2786, 46.7651], [-71.2788, 46.7649], [-71.2789, 46.7647], [-71.2791, 46.7646], [-71.2792, 46.7644], [-71.2793, 46.7643], [-71.2793, 46.7641], [-71.2794, 46.764], [-71.2794, 46.7639], [-71.2794, 46.7638], [-71.2794, 46.7637], [-71.2795, 46.7636], [-71.2796, 46.7636], [-71.2797, 46.7636], [-71.2798, 46.7636], [-71.2799, 46.7637], [-71.28, 46.7637], [-71.2802, 46.7638], [-71.2803, 46.7638], [-71.2805, 46.7638], [-71.2808, 46.7638], [-71.281, 46.7638], [-71.2813, 46.7637], [-71.2815, 46.7637], [-71.2818, 46.7637], [-71.2821, 46.7637], [-71.2824, 46.7638], [-71.2827, 46.7639], [-71.283, 46.764], [-71.2833, 46.7642], [-71.2836, 46.7644], [-71.2839, 46.7646], [-71.2842, 46.7648], [-71.2844, 46.765], [-71.2845, 46.7651], [-71.2846, 46.7651], [-71.2845, 46.765], [-71.2844, 46.7649], [-71.2843, 46.7647], [-71.2843, 46.7646], [-71.2842, 46.7645], [-71.2843, 46.7644], [-71.2843, 46.7643], [-71.2844, 46.7642], [-71.2845, 46.7641], [-71.2847, 46.764], [-71.2848, 46.7639], [-71.285, 46.7638], [-71.2851, 46.7638], [-71.2853, 46.7638], [-71.2854, 46.7638], [-71.2855, 46.7638], [-71.2856, 46.7639], [-71.2858, 46.7639], [-71.2859, 46.764], [-71.286, 46.764], [-71.2861, 46.764], [-71.2863, 46.7641], [-71.2864, 46.764], [-71.2865, 46.764], [-71.2866, 46.764], [-71.2868, 46.7639], [-71.2869, 46.7639], [-71.287, 46.7639], [-71.2871, 46.7639], [-71.2872, 46.7639], [-71.2873, 46.7639], [-71.2874, 46.7639], [-71.2875, 46.764], [-71.2875, 46.7641], [-71.2876, 46.7642], [-71.2877, 46.7642], [-71.2878, 46.7642], [-71.2879, 46.7642], [-71.288, 46.7641], [-71.2881, 46.7641], [-71.2882, 46.764], [-71.2883, 46.7641], [-71.2884, 46.7641], [-71.2885, 46.7641], [-71.2886, 46.7642], [-71.2887, 46.7642], [-71.2889, 46.7643], [-71.289, 46.7643], [-71.289, 46.7644], [-71.2891, 46.7644], [-71.2892, 46.7643], [-71.2893, 46.7643], [-71.2894, 46.7642], [-71.2895, 46.7641], [-71.2896, 46.7641], [-71.2897, 46.7641], [-71.2899, 46.7641], [-71.29, 46.7641], [-71.2902, 46.7641], [-71.2904, 46.7641], [-71.2906, 46.7641], [-71.2908, 46.7641], [-71.2911, 46.7641], [-71.2913, 46.7642], [-71.2916, 46.7642], [-71.2918, 46.7643], [-71.2921, 46.7644], [-71.2924, 46.7645], [-71.2926, 46.7646], [-71.2928, 46.7648], [-71.293, 46.7651], [-71.2931, 46.7654], [-71.2931, 46.7657], [-71.2931, 46.7661], [-71.293, 46.7666], [-71.2929, 46.7671]]]}}, {"type": "Feature", "properties": {"couche": "voile", "station": "CHUL", "minutes": 13}, "geometry": {"type": "Polygon", "coordinates": [[[-71.4523, 46.8828], [-71.1178, 46.8851], [-71.1151, 46.6566], [-71.4483, 46.6544], [-71.4523, 46.8828]], [[-71.293, 46.7666], [-71.2931, 46.7661], [-71.2931, 46.7657], [-71.2931, 46.7654], [-71.293, 46.7651], [-71.2928, 46.7648], [-71.2926, 46.7646], [-71.2924, 46.7645], [-71.2921, 46.7644], [-71.2918, 46.7643], [-71.2916, 46.7642], [-71.2913, 46.7642], [-71.2911, 46.7641], [-71.2908, 46.7641], [-71.2906, 46.7641], [-71.2904, 46.7641], [-71.2902, 46.7641], [-71.29, 46.7641], [-71.2899, 46.7641], [-71.2897, 46.7641], [-71.2896, 46.7641], [-71.2895, 46.7641], [-71.2894, 46.7642], [-71.2893, 46.7643], [-71.2892, 46.7643], [-71.2891, 46.7644], [-71.289, 46.7644], [-71.289, 46.7643], [-71.2889, 46.7643], [-71.2887, 46.7642], [-71.2886, 46.7642], [-71.2885, 46.7641], [-71.2884, 46.7641], [-71.2883, 46.7641], [-71.2882, 46.764], [-71.2881, 46.7641], [-71.288, 46.7641], [-71.2879, 46.7642], [-71.2878, 46.7642], [-71.2877, 46.7642], [-71.2876, 46.7642], [-71.2875, 46.7641], [-71.2875, 46.764], [-71.2874, 46.7639], [-71.2873, 46.7639], [-71.2872, 46.7639], [-71.2871, 46.7639], [-71.287, 46.7639], [-71.2869, 46.7639], [-71.2868, 46.7639], [-71.2866, 46.764], [-71.2865, 46.764], [-71.2864, 46.764], [-71.2863, 46.7641], [-71.2861, 46.764], [-71.286, 46.764], [-71.2859, 46.764], [-71.2858, 46.7639], [-71.2856, 46.7639], [-71.2855, 46.7638], [-71.2854, 46.7638], [-71.2853, 46.7638], [-71.2851, 46.7638], [-71.285, 46.7638], [-71.2848, 46.7639], [-71.2847, 46.764], [-71.2845, 46.7641], [-71.2844, 46.7642], [-71.2843, 46.7643], [-71.2843, 46.7644], [-71.2842, 46.7645], [-71.2843, 46.7646], [-71.2843, 46.7647], [-71.2844, 46.7649], [-71.2845, 46.765], [-71.2846, 46.7651], [-71.2845, 46.7651], [-71.2844, 46.765], [-71.2842, 46.7648], [-71.2839, 46.7646], [-71.2836, 46.7644], [-71.2833, 46.7642], [-71.283, 46.764], [-71.2827, 46.7639], [-71.2824, 46.7638], [-71.2821, 46.7637], [-71.2818, 46.7637], [-71.2815, 46.7637], [-71.2813, 46.7637], [-71.281, 46.7638], [-71.2808, 46.7638], [-71.2805, 46.7638], [-71.2803, 46.7638], [-71.2802, 46.7638], [-71.28, 46.7637], [-71.2799, 46.7637], [-71.2798, 46.7636], [-71.2797, 46.7636], [-71.2796, 46.7636], [-71.2795, 46.7636], [-71.2794, 46.7637], [-71.2794, 46.7638], [-71.2794, 46.7639], [-71.2794, 46.764], [-71.2793, 46.7641], [-71.2793, 46.7643], [-71.2792, 46.7644], [-71.2791, 46.7646], [-71.2789, 46.7647], [-71.2788, 46.7649], [-71.2786, 46.7651], [-71.2785, 46.7653], [-71.2784, 46.7655], [-71.2783, 46.7657], [-71.2783, 46.7659], [-71.2784, 46.766], [-71.2785, 46.7662], [-71.2786, 46.7664], [-71.2788, 46.7665], [-71.2789, 46.7667], [-71.2787, 46.7665], [-71.2785, 46.7664], [-71.2782, 46.7662], [-71.2779, 46.766], [-71.2777, 46.7658], [-71.2775, 46.7657], [-71.2773, 46.7656], [-71.2771, 46.7656], [-71.277, 46.7655], [-71.2769, 46.7655], [-71.2768, 46.7656], [-71.2767, 46.7656], [-71.2767, 46.7657], [-71.2767, 46.7658], [-71.2768, 46.766], [-71.277, 46.7661], [-71.2771, 46.7663], [-71.2774, 46.7666], [-71.2776, 46.7668], [-71.2777, 46.7669], [-71.2774, 46.7667], [-71.2771, 46.7664], [-71.2768, 46.7662], [-71.2765, 46.7659], [-71.2762, 46.7658], [-71.276, 46.7656], [-71.2758, 46.7655], [-71.2756, 46.7654], [-71.2755, 46.7654], [-71.2754, 46.7654], [-71.2753, 46.7654], [-71.2752, 46.7654], [-71.2751, 46.7654], [-71.275, 46.7655], [-71.2749, 46.7656], [-71.2749, 46.7657], [-71.275, 46.7658], [-71.2751, 46.766], [-71.2752, 46.7661], [-71.2754, 46.7663], [-71.2757, 46.7666], [-71.276, 46.7669], [-71.2764, 46.7672], [-71.2769, 46.7675], [-71.2772, 46.7678], [-71.2775, 46.768], [-71.2777, 46.7682], [-71.2778, 46.7683], [-71.2776, 46.7682], [-71.2774, 46.7681], [-71.2771, 46.7679], [-71.2769, 46.7678], [-71.2766, 46.7677], [-71.2764, 46.7676], [-71.2761, 46.7676], [-71.2759, 46.7675], [-71.2756, 46.7675], [-71.2754, 46.7675], [-71.2752, 46.7674], [-71.275, 46.7675], [-71.2749, 46.7675], [-71.2748, 46.7675], [-71.2747, 46.7676], [-71.2747, 46.7677], [-71.2748, 46.7678], [-71.2748, 46.7679], [-71.2748, 46.768], [-71.2749, 46.7681], [-71.2748, 46.7681], [-71.2748, 46.7682], [-71.2748, 46.7683], [-71.2747, 46.7684], [-71.2747, 46.7685], [-71.2747, 46.7686], [-71.2747, 46.7687], [-71.2747, 46.7688], [-71.2748, 46.7689], [-71.2748, 46.769], [-71.275, 46.7692], [-71.2751, 46.7693], [-71.2753, 46.7694], [-71.2755, 46.7695], [-71.2756, 46.7696], [-71.2756, 46.7697], [-71.2755, 46.7697], [-71.2754, 46.7696], [-71.2752, 46.7696], [-71.2749, 46.7695], [-71.2747, 46.7695], [-71.2745, 46.7695], [-71.2744, 46.7696], [-71.2742, 46.7697], [-71.2741, 46.7698], [-71.274, 46.77], [-71.274, 46.7703], [-71.274, 46.7706], [-71.2739, 46.7709], [-71.2739, 46.7711], [-71.2739, 46.7713], [-71.274, 46.7715], [-71.274, 46.7716], [-71.2741, 46.7717], [-71.2742, 46.7718], [-71.2743, 46.7718], [-71.2745, 46.7718], [-71.2746, 46.7717], [-71.2748, 46.7717], [-71.2749, 46.7716], [-71.2751, 46.7715], [-71.2753, 46.7714], [-71.2756, 46.7713], [-71.2757, 46.7712], [-71.2758, 46.7712], [-71.2757, 46.7713], [-71.2755, 46.7714], [-71.2753, 46.7715], [-71.275, 46.7716], [-71.2747, 46.7718], [-71.2744, 46.772], [-71.2742, 46.7721], [-71.274, 46.7722], [-71.2739, 46.7724], [-71.2738, 46.7725], [-71.2737, 46.7726], [-71.2737, 46.7727], [-71.2736, 46.7729], [-71.2736, 46.773], [-71.2737, 46.7731], [-71.2737, 46.7732], [-71.2738, 46.7733], [-71.2738, 46.7734], [-71.2739, 46.7734], [-71.274, 46.7735], [-71.2741, 46.7736], [-71.2741, 46.7737], [-71.2741, 46.7738], [-71.2741, 46.7739], [-71.274, 46.774], [-71.274, 46.7741], [-71.2739, 46.7743], [-71.2738, 46.7744], [-71.2738, 46.7745], [-71.2738, 46.7746], [-71.2739, 46.7746], [-71.274, 46.7747], [-71.2741, 46.7747], [-71.2743, 46.7747], [-71.2745, 46.7747], [-71.2748, 46.7747], [-71.275, 46.7747], [-71.2752, 46.7747], [-71.2754, 46.7747], [-71.2757, 46.7748], [-71.2759, 46.7748], [-71.2761, 46.7749], [-71.2764, 46.775], [-71.2766, 46.775], [-71.2768, 46.775], [-71.277, 46.7749], [-71.2771, 46.7749], [-71.2773, 46.7747], [-71.2774, 46.7746], [-71.2775, 46.7744], [-71.2776, 46.7741], [-71.2777, 46.7739], [-71.2778, 46.7737], [-71.2779, 46.7736], [-71.2781, 46.7734], [-71.2783, 46.7732], [-71.2786, 46.7731], [-71.2789, 46.773], [-71.2792, 46.7729], [-71.2794, 46.7728], [-71.2796, 46.7728], [-71.2798, 46.7727], [-71.28, 46.7726], [-71.2801, 46.7725], [-71.2802, 46.7724], [-71.2803, 46.7723], [-71.2803, 46.7722], [-71.2803, 46.7721], [-71.2804, 46.7721], [-71.2805, 46.7721], [-71.2806, 46.7722], [-71.2807, 46.7722], [-71.2808, 46.7723], [-71.2809, 46.7724], [-71.281, 46.7725], [-71.281, 46.7726], [-71.281, 46.7727], [-71.2809, 46.7728], [-71.2808, 46.7729], [-71.2807, 46.773], [-71.2805, 46.7731], [-71.2804, 46.7732], [-71.2803, 46.7734], [-71.2801, 46.7735], [-71.28, 46.7737], [-71.2799, 46.7739], [-71.2797, 46.7741], [-71.2796, 46.7743], [-71.2795, 46.7746], [-71.2795, 46.7748], [-71.2794, 46.775], [-71.2794, 46.7751], [-71.2795, 46.7753], [-71.2796, 46.7754], [-71.2797, 46.7754], [-71.2798, 46.7755], [-71.28, 46.7755], [-71.2802, 46.7755], [-71.2804, 46.7755], [-71.2806, 46.7754], [-71.2808, 46.7754], [-71.281, 46.7753], [-71.2812, 46.7752], [-71.2815, 46.7751], [-71.2817, 46.7749], [-71.2819, 46.7748], [-71.2821, 46.7747], [-71.2822, 46.7746], [-71.2823, 46.7746], [-71.2824, 46.7746], [-71.2825, 46.7746], [-71.2825, 46.7747], [-71.2825, 46.7748], [-71.2824, 46.7749], [-71.2823, 46.775], [-71.2822, 46.7751], [-71.2821, 46.7752], [-71.282, 46.7752], [-71.2819, 46.7753], [-71.2818, 46.7754], [-71.2816, 46.7754], [-71.2816, 46.7755], [-71.2815, 46.7756], [-71.2815, 46.7757], [-71.2816, 46.7757], [-71.2816, 46.7758], [-71.2817, 46.7759], [-71.2819, 46.776], [-71.282, 46.776], [-71.2821, 46.7761], [-71.2822, 46.7761], [-71.2824, 46.7761], [-71.2825, 46.7761], [-71.2826, 46.7761], [-71.2827, 46.7761], [-71.2828, 46.776], [-71.2829, 46.776], [-71.283, 46.776], [-71.2832, 46.776], [-71.2835, 46.776], [-71.2838, 46.776], [-71.2841, 46.776], [-71.2844, 46.776], [-71.2848, 46.7761], [-71.2851, 46.7761], [-71.2854, 46.7761], [-71.2856, 46.7761], [-71.2858, 46.776], [-71.2859, 46.776], [-71.2859, 46.7759], [-71.286, 46.7758], [-71.2859, 46.7757], [-71.2859, 46.7756], [-71.2859, 46.7755], [-71.286, 46.7755], [-71.2861, 46.7755], [-71.2862, 46.7755], [-71.2863, 46.7755], [-71.2865, 46.7756], [-71.2867, 46.7757], [-71.2869, 46.7757], [-71.2871, 46.7757], [-71.2872, 46.7757], [-71.2874, 46.7756], [-71.2875, 46.7755], [-71.2876, 46.7753], [-71.2877, 46.7751], [-71.2878, 46.7749], [-71.2878, 46.7747], [-71.2878, 46.7745], [-71.2878, 46.7744], [-71.2877, 46.7743], [-71.2875, 46.7742], [-71.2873, 46.7742], [-71.2871, 46.7741], [-71.2868, 46.7742], [-71.2867, 46.7742], [-71.2866, 46.7742], [-71.2865, 46.7741], [-71.2866, 46.774], [-71.2867, 46.7739], [-71.2869, 46.7738], [-71.2872, 46.7736], [-71.2876, 46.7735], [-71.288, 46.7733], [-71.2884, 46.7732], [-71.2888, 46.773], [-71.2892, 46.7729], [-71.2896, 46.7728], [-71.29, 46.7727], [-71.2904, 46.7727], [-71.2908, 46.7726], [-71.2912, 46.7726], [-71.2915, 46.7726], [-71.2917, 46.7725], [-71.2919, 46.7725], [-71.292, 46.7724], [-71.2921, 46.7723], [-71.292, 46.7722], [-71.292, 46.7721], [-71.292, 46.772], [-71.2921, 46.7719], [-71.2921, 46.7718], [-71.2922, 46.7717], [-71.2923, 46.7715], [-71.2924, 46.7714], [-71.2925, 46.7713], [-71.2926, 46.7712], [-71.2926, 46.7711], [-71.2926, 46.771], [-71.2926, 46.7709], [-71.2926, 46.7708], [-71.2925, 46.7707], [-71.2924, 46.7706], [-71.2923, 46.7705], [-71.2923, 46.7704], [-71.2923, 46.7703], [-71.2923, 46.7702], [-71.2924, 46.7701], [-71.2925, 46.7699], [-71.2926, 46.7698], [-71.2927, 46.7697], [-71.2928, 46.7696], [-71.2929, 46.7695], [-71.2929, 46.7694], [-71.2929, 46.7693], [-71.2929, 46.7692], [-71.2928, 46.7691], [-71.2927, 46.769], [-71.2927, 46.7688], [-71.2927, 46.7685], [-71.2927, 46.7683], [-71.2928, 46.7679], [-71.2928, 46.7675], [-71.2929, 46.7671], [-71.293, 46.7666]]]}}, {"type": "Feature", "properties": {"couche": "aire_marche", "station": "CHUL", "ordre": 9, "minutes": 14, "superficie_ha": 181.3, "rue_km": 50.44, "disque_ha": 301.7, "part_disque_pct": 60, "accroche_m": 18, "population": 4891, "navetteurs": 1316, "mode_auto_pct": 63, "mode_tc_pct": 11, "mode_actif_pct": 25, "mode_autre_pct": 1}, "geometry": {"type": "Polygon", "coordinates": [[[-71.2937, 46.7643], [-71.2938, 46.7644], [-71.2939, 46.7645], [-71.2939, 46.7646], [-71.2939, 46.7647], [-71.2938, 46.7648], [-71.2937, 46.7649], [-71.2936, 46.765], [-71.2935, 46.7651], [-71.2934, 46.7653], [-71.2934, 46.7654], [-71.2934, 46.7655], [-71.2934, 46.7656], [-71.2935, 46.7658], [-71.2935, 46.7659], [-71.2937, 46.7661], [-71.2938, 46.7662], [-71.2938, 46.7664], [-71.2939, 46.7665], [-71.2939, 46.7667], [-71.2938, 46.7669], [-71.2938, 46.7671], [-71.2937, 46.7673], [-71.2936, 46.7675], [-71.2935, 46.7676], [-71.2934, 46.7678], [-71.2934, 46.768], [-71.2933, 46.7681], [-71.2933, 46.7682], [-71.2934, 46.7683], [-71.2934, 46.7684], [-71.2935, 46.7685], [-71.2935, 46.7686], [-71.2934, 46.7687], [-71.2933, 46.7687], [-71.2932, 46.7688], [-71.293, 46.7688], [-71.2929, 46.7688], [-71.2928, 46.7689], [-71.2929, 46.769], [-71.293, 46.7691], [-71.2932, 46.7692], [-71.2933, 46.7693], [-71.2934, 46.7694], [-71.2935, 46.7696], [-71.2935, 46.7698], [-71.2936, 46.77], [-71.2936, 46.7702], [-71.2936, 46.7704], [-71.2936, 46.7707], [-71.2935, 46.7709], [-71.2935, 46.7711], [-71.2934, 46.7713], [-71.2933, 46.7715], [-71.2931, 46.7716], [-71.293, 46.7717], [-71.2928, 46.7718], [-71.2926, 46.7718], [-71.2924, 46.7719], [-71.2923, 46.7719], [-71.2922, 46.7719], [-71.2922, 46.772], [-71.2922, 46.7721], [-71.2923, 46.7721], [-71.2924, 46.7722], [-71.2925, 46.7722], [-71.2926, 46.7723], [-71.2927, 46.7723], [-71.2927, 46.7724], [-71.2928, 46.7725], [-71.2928, 46.7726], [-71.2928, 46.7727], [-71.2927, 46.7728], [-71.2927, 46.7729], [-71.2926, 46.773], [-71.2925, 46.773], [-71.2924, 46.7731], [-71.2923, 46.7732], [-71.2921, 46.7732], [-71.2919, 46.7732], [-71.2917, 46.7733], [-71.2915, 46.7733], [-71.2913, 46.7732], [-71.2912, 46.7732], [-71.291, 46.7732], [-71.2908, 46.7731], [-71.2907, 46.7731], [-71.2905, 46.773], [-71.2904, 46.7729], [-71.2902, 46.7728], [-71.2899, 46.7728], [-71.2897, 46.7729], [-71.2893, 46.7729], [-71.289, 46.773], [-71.2886, 46.7731], [-71.2881, 46.7733], [-71.2876, 46.7735], [-71.2872, 46.7737], [-71.287, 46.7739], [-71.2868, 46.774], [-71.2867, 46.774], [-71.2868, 46.7741], [-71.2869, 46.7741], [-71.2872, 46.774], [-71.2875, 46.774], [-71.2879, 46.7739], [-71.2881, 46.774], [-71.2883, 46.774], [-71.2884, 46.7742], [-71.2885, 46.7744], [-71.2885, 46.7746], [-71.2885, 46.7749], [-71.2884, 46.7752], [-71.2883, 46.7755], [-71.2881, 46.7757], [-71.288, 46.7759], [-71.2878, 46.776], [-71.2876, 46.776], [-71.2873, 46.776], [-71.2871, 46.7759], [-71.2868, 46.7758], [-71.2865, 46.7757], [-71.2864, 46.7756], [-71.2862, 46.7755], [-71.2862, 46.7756], [-71.2863, 46.7757], [-71.2864, 46.7758], [-71.2866, 46.7759], [-71.2867, 46.776], [-71.2868, 46.7761], [-71.2868, 46.7762], [-71.2868, 46.7763], [-71.2869, 46.7764], [-71.2868, 46.7764], [-71.2868, 46.7765], [-71.2867, 46.7766], [-71.2866, 46.7766], [-71.2863, 46.7766], [-71.286, 46.7766], [-71.2857, 46.7767], [-71.2852, 46.7767], [-71.2847, 46.7766], [-71.2842, 46.7766], [-71.2836, 46.7766], [-71.2831, 46.7766], [-71.2826, 46.7765], [-71.282, 46.7765], [-71.2815, 46.7764], [-71.2811, 46.7763], [-71.2806, 46.7762], [-71.2801, 46.7761], [-71.2797, 46.776], [-71.2793, 46.7759], [-71.2791, 46.7758], [-71.2788, 46.7757], [-71.2786, 46.7756], [-71.2785, 46.7754], [-71.2785, 46.7753], [-71.2785, 46.7751], [-71.2785, 46.775], [-71.2786, 46.7748], [-71.2786, 46.7747], [-71.2787, 46.7746], [-71.2789, 46.7746], [-71.279, 46.7745], [-71.2792, 46.7745], [-71.2794, 46.7745], [-71.2796, 46.7744], [-71.2797, 46.7744], [-71.2798, 46.7743], [-71.2799, 46.7743], [-71.28, 46.7742], [-71.28, 46.7741], [-71.28, 46.774], [-71.28, 46.7739], [-71.28, 46.7738], [-71.2801, 46.7737], [-71.2801, 46.7736], [-71.2802, 46.7735], [-71.2803, 46.7733], [-71.2804, 46.7732], [-71.2805, 46.7731], [-71.2807, 46.773], [-71.2808, 46.7729], [-71.2809, 46.7728], [-71.281, 46.7727], [-71.281, 46.7726], [-71.281, 46.7725], [-71.2809, 46.7724], [-71.2808, 46.7723], [-71.2807, 46.7722], [-71.2806, 46.7722], [-71.2805, 46.7721], [-71.2804, 46.7721], [-71.2803, 46.7721], [-71.2803, 46.7722], [-71.2803, 46.7723], [-71.2802, 46.7724], [-71.2801, 46.7725], [-71.28, 46.7726], [-71.2798, 46.7727], [-71.2796, 46.7728], [-71.2794, 46.7728], [-71.2792, 46.7729], [-71.2789, 46.773], [-71.2786, 46.7731], [-71.2783, 46.7732], [-71.2781, 46.7733], [-71.2779, 46.7734], [-71.2778, 46.7736], [-71.2776, 46.7737], [-71.2775, 46.7738], [-71.2774, 46.7739], [-71.2773, 46.7741], [-71.2773, 46.7742], [-71.2773, 46.7743], [-71.2773, 46.7744], [-71.2773, 46.7745], [-71.2774, 46.7746], [-71.2775, 46.7746], [-71.2776, 46.7747], [-71.2777, 46.7747], [-71.2778, 46.7748], [-71.2779, 46.7749], [-71.278, 46.775], [-71.278, 46.7751], [-71.278, 46.7752], [-71.2779, 46.7753], [-71.2779, 46.7754], [-71.2778, 46.7754], [-71.2777, 46.7755], [-71.2776, 46.7755], [-71.2775, 46.7756], [-71.2774, 46.7756], [-71.2772, 46.7756], [-71.277, 46.7756], [-71.2768, 46.7756], [-71.2767, 46.7755], [-71.2765, 46.7755], [-71.2763, 46.7754], [-71.2762, 46.7753], [-71.276, 46.7753], [-71.2759, 46.7751], [-71.2758, 46.775], [-71.2756, 46.7749], [-71.2755, 46.7749], [-71.2753, 46.7748], [-71.2752, 46.7748], [-71.275, 46.7748], [-71.2748, 46.7749], [-71.2747, 46.7749], [-71.2745, 46.775], [-71.2743, 46.7751], [-71.2741, 46.7752], [-71.274, 46.7752], [-71.2738, 46.7752], [-71.2737, 46.7753], [-71.2735, 46.7753], [-71.2734, 46.7753], [-71.2733, 46.7752], [-71.2732, 46.7752], [-71.2731, 46.7751], [-71.273, 46.775], [-71.273, 46.7749], [-71.273, 46.7748], [-71.273, 46.7746], [-71.2731, 46.7745], [-71.2731, 46.7743], [-71.2732, 46.7741], [-71.2732, 46.774], [-71.2732, 46.7738], [-71.2732, 46.7737], [-71.2732, 46.7736], [-71.2732, 46.7735], [-71.2731, 46.7734], [-71.2731, 46.7733], [-71.273, 46.7733], [-71.273, 46.7732], [-71.273, 46.7731], [-71.273, 46.773], [-71.2731, 46.773], [-71.2732, 46.7729], [-71.2733, 46.7728], [-71.2734, 46.7728], [-71.2735, 46.7727], [-71.2735, 46.7726], [-71.2736, 46.7725], [-71.2736, 46.7724], [-71.2736, 46.7723], [-71.2735, 46.7722], [-71.2734, 46.7721], [-71.2733, 46.772], [-71.2732, 46.7718], [-71.2732, 46.7717], [-71.2731, 46.7715], [-71.2731, 46.7714], [-71.2732, 46.7712], [-71.2732, 46.771], [-71.2733, 46.7709], [-71.2734, 46.7707], [-71.2735, 46.7705], [-71.2736, 46.7704], [-71.2736, 46.7702], [-71.2736, 46.7701], [-71.2736, 46.77], [-71.2736, 46.7699], [-71.2735, 46.7698], [-71.2735, 46.7697], [-71.2734, 46.7696], [-71.2734, 46.7695], [-71.2735, 46.7694], [-71.2735, 46.7692], [-71.2736, 46.7691], [-71.2738, 46.769], [-71.274, 46.7688], [-71.2742, 46.7687], [-71.2744, 46.7685], [-71.2745, 46.7684], [-71.2746, 46.7683], [-71.2746, 46.7682], [-71.2746, 46.7681], [-71.2746, 46.768], [-71.2745, 46.7679], [-71.2743, 46.7679], [-71.2742, 46.7678], [-71.2741, 46.7677], [-71.274, 46.7677], [-71.274, 46.7676], [-71.2739, 46.7675], [-71.2739, 46.7674], [-71.2739, 46.7673], [-71.2739, 46.7672], [-71.2739, 46.7671], [-71.274, 46.7671], [-71.2741, 46.767], [-71.2742, 46.7669], [-71.2744, 46.7669], [-71.2746, 46.7669], [-71.2748, 46.7668], [-71.2751, 46.7668], [-71.2753, 46.7669], [-71.2755, 46.7669], [-71.2756, 46.7669], [-71.2757, 46.767], [-71.2758, 46.767], [-71.2758, 46.7671], [-71.2759, 46.7672], [-71.2758, 46.7673], [-71.2758, 46.7674], [-71.2759, 46.7675], [-71.276, 46.7676], [-71.2761, 46.7676], [-71.2762, 46.7676], [-71.2763, 46.7676], [-71.2765, 46.7676], [-71.2766, 46.7677], [-71.2768, 46.7678], [-71.277, 46.7678], [-71.2772, 46.768], [-71.2774, 46.7681], [-71.2776, 46.7682], [-71.2778, 46.7683], [-71.2779, 46.7683], [-71.2778, 46.7682], [-71.2776, 46.7681], [-71.2774, 46.7679], [-71.2771, 46.7676], [-71.2767, 46.7673], [-71.2763, 46.767], [-71.276, 46.7668], [-71.2757, 46.7666], [-71.2754, 46.7664], [-71.2751, 46.7663], [-71.2749, 46.7662], [-71.2747, 46.7662], [-71.2746, 46.7662], [-71.2745, 46.7662], [-71.2744, 46.7662], [-71.2743, 46.7661], [-71.2742, 46.766], [-71.2742, 46.7659], [-71.2742, 46.7658], [-71.2742, 46.7657], [-71.2742, 46.7655], [-71.2743, 46.7654], [-71.2744, 46.7652], [-71.2745, 46.7651], [-71.2747, 46.765], [-71.2749, 46.765], [-71.2751, 46.7649], [-71.2753, 46.7649], [-71.2756, 46.7649], [-71.2759, 46.765], [-71.2762, 46.765], [-71.2765, 46.7651], [-71.2769, 46.7653], [-71.2772, 46.7655], [-71.2775, 46.7657], [-71.2779, 46.7659], [-71.2782, 46.7662], [-71.2785, 46.7664], [-71.2787, 46.7666], [-71.2788, 46.7666], [-71.2787, 46.7665], [-71.2785, 46.7663], [-71.2783, 46.7661], [-71.2781, 46.7659], [-71.2779, 46.7657], [-71.2779, 46.7655], [-71.2779, 46.7653], [-71.2779, 46.7651], [-71.2781, 46.765], [-71.2782, 46.7648], [-71.2785, 46.7647], [-71.2787, 46.7646], [-71.2789, 46.7645], [-71.279, 46.7644], [-71.279, 46.7643], [-71.279, 46.7642], [-71.2789, 46.7641], [-71.2788, 46.7641], [-71.2787, 46.764], [-71.2786, 46.7639], [-71.2787, 46.7638], [-71.2787, 46.7637], [-71.2789, 46.7636], [-71.279, 46.7635], [-71.2792, 46.7634], [-71.2794, 46.7634], [-71.2796, 46.7633], [-71.2797, 46.7632], [-71.2799, 46.7632], [-71.28, 46.7632], [-71.2801, 46.7632], [-71.2802, 46.7632], [-71.2803, 46.7632], [-71.2804, 46.7633], [-71.2805, 46.7633], [-71.2805, 46.7634], [-71.2805, 46.7635], [-71.2804, 46.7636], [-71.2804, 46.7637], [-71.2805, 46.7637], [-71.2806, 46.7637], [-71.2808, 46.7637], [-71.281, 46.7636], [-71.2812, 46.7635], [-71.2815, 46.7634], [-71.2817, 46.7633], [-71.282, 46.7633], [-71.2821, 46.7632], [-71.2823, 46.7632], [-71.2824, 46.7632], [-71.2825, 46.7632], [-71.2825, 46.7633], [-71.2826, 46.7634], [-71.2827, 46.7635], [-71.2828, 46.7636], [-71.283, 46.7638], [-71.2831, 46.764], [-71.2834, 46.7642], [-71.2836, 46.7644], [-71.2839, 46.7646], [-71.2842, 46.7648], [-71.2843, 46.7649], [-71.2843, 46.7648], [-71.2841, 46.7646], [-71.2839, 46.7645], [-71.2838, 46.7643], [-71.2837, 46.7641], [-71.2837, 46.764], [-71.2837, 46.7639], [-71.2838, 46.7637], [-71.2839, 46.7636], [-71.284, 46.7635], [-71.2842, 46.7634], [-71.2843, 46.7634], [-71.2845, 46.7633], [-71.2846, 46.7633], [-71.2847, 46.7633], [-71.2849, 46.7633], [-71.285, 46.7634], [-71.2851, 46.7634], [-71.2853, 46.7635], [-71.2854, 46.7635], [-71.2855, 46.7636], [-71.2856, 46.7636], [-71.2857, 46.7636], [-71.2858, 46.7635], [-71.2859, 46.7634], [-71.286, 46.7634], [-71.2861, 46.7634], [-71.2861, 46.7633], [-71.2862, 46.7633], [-71.2863, 46.7634], [-71.2864, 46.7634], [-71.2865, 46.7634], [-71.2866, 46.7635], [-71.2867, 46.7636], [-71.2868, 46.7636], [-71.2869, 46.7636], [-71.2871, 46.7636], [-71.2872, 46.7636], [-71.2873, 46.7636], [-71.2874, 46.7636], [-71.2876, 46.7635], [-71.2877, 46.7635], [-71.2878, 46.7635], [-71.2879, 46.7635], [-71.288, 46.7635], [-71.2881, 46.7635], [-71.2882, 46.7636], [-71.2883, 46.7636], [-71.2883, 46.7637], [-71.2884, 46.7638], [-71.2885, 46.7638], [-71.2886, 46.7638], [-71.2887, 46.7638], [-71.2888, 46.7638], [-71.2889, 46.7637], [-71.289, 46.7637], [-71.2892, 46.7637], [-71.2894, 46.7637], [-71.2897, 46.7637], [-71.29, 46.7637], [-71.2904, 46.7637], [-71.2909, 46.7638], [-71.2914, 46.7638], [-71.2918, 46.7639], [-71.2922, 46.7639], [-71.2926, 46.764], [-71.2929, 46.7641], [-71.2932, 46.7641], [-71.2934, 46.7642], [-71.2936, 46.7643], [-71.2937, 46.7643]]]}}, {"type": "Feature", "properties": {"couche": "voile", "station": "CHUL", "minutes": 14}, "geometry": {"type": "Polygon", "coordinates": [[[-71.4531, 46.8834], [-71.1171, 46.8857], [-71.1145, 46.6562], [-71.4491, 46.654], [-71.4531, 46.8834]], [[-71.2936, 46.7643], [-71.2934, 46.7642], [-71.2932, 46.7641], [-71.2929, 46.7641], [-71.2926, 46.764], [-71.2922, 46.7639], [-71.2918, 46.7639], [-71.2914, 46.7638], [-71.2909, 46.7638], [-71.2904, 46.7637], [-71.29, 46.7637], [-71.2897, 46.7637], [-71.2894, 46.7637], [-71.2892, 46.7637], [-71.289, 46.7637], [-71.2889, 46.7637], [-71.2888, 46.7638], [-71.2887, 46.7638], [-71.2886, 46.7638], [-71.2885, 46.7638], [-71.2884, 46.7638], [-71.2883, 46.7637], [-71.2883, 46.7636], [-71.2882, 46.7636], [-71.2881, 46.7635], [-71.288, 46.7635], [-71.2879, 46.7635], [-71.2878, 46.7635], [-71.2877, 46.7635], [-71.2876, 46.7635], [-71.2874, 46.7636], [-71.2873, 46.7636], [-71.2872, 46.7636], [-71.2871, 46.7636], [-71.2869, 46.7636], [-71.2868, 46.7636], [-71.2867, 46.7636], [-71.2866, 46.7635], [-71.2865, 46.7634], [-71.2864, 46.7634], [-71.2863, 46.7634], [-71.2862, 46.7633], [-71.2861, 46.7633], [-71.2861, 46.7634], [-71.286, 46.7634], [-71.2859, 46.7634], [-71.2858, 46.7635], [-71.2857, 46.7636], [-71.2856, 46.7636], [-71.2855, 46.7636], [-71.2854, 46.7635], [-71.2853, 46.7635], [-71.2851, 46.7634], [-71.285, 46.7634], [-71.2849, 46.7633], [-71.2847, 46.7633], [-71.2846, 46.7633], [-71.2845, 46.7633], [-71.2843, 46.7634], [-71.2842, 46.7634], [-71.284, 46.7635], [-71.2839, 46.7636], [-71.2838, 46.7637], [-71.2837, 46.7639], [-71.2837, 46.764], [-71.2837, 46.7641], [-71.2838, 46.7643], [-71.2839, 46.7645], [-71.2841, 46.7646], [-71.2843, 46.7648], [-71.2843, 46.7649], [-71.2842, 46.7648], [-71.2839, 46.7646], [-71.2836, 46.7644], [-71.2834, 46.7642], [-71.2831, 46.764], [-71.283, 46.7638], [-71.2828, 46.7636], [-71.2827, 46.7635], [-71.2826, 46.7634], [-71.2825, 46.7633], [-71.2825, 46.7632], [-71.2824, 46.7632], [-71.2823, 46.7632], [-71.2821, 46.7632], [-71.282, 46.7633], [-71.2817, 46.7633], [-71.2815, 46.7634], [-71.2812, 46.7635], [-71.281, 46.7636], [-71.2808, 46.7637], [-71.2806, 46.7637], [-71.2805, 46.7637], [-71.2804, 46.7637], [-71.2804, 46.7636], [-71.2805, 46.7635], [-71.2805, 46.7634], [-71.2805, 46.7633], [-71.2804, 46.7633], [-71.2803, 46.7632], [-71.2802, 46.7632], [-71.2801, 46.7632], [-71.28, 46.7632], [-71.2799, 46.7632], [-71.2797, 46.7632], [-71.2796, 46.7633], [-71.2794, 46.7634], [-71.2792, 46.7634], [-71.279, 46.7635], [-71.2789, 46.7636], [-71.2787, 46.7637], [-71.2787, 46.7638], [-71.2786, 46.7639], [-71.2787, 46.764], [-71.2788, 46.7641], [-71.2789, 46.7641], [-71.279, 46.7642], [-71.279, 46.7643], [-71.279, 46.7644], [-71.2789, 46.7645], [-71.2787, 46.7646], [-71.2785, 46.7647], [-71.2782, 46.7648], [-71.2781, 46.765], [-71.2779, 46.7651], [-71.2779, 46.7653], [-71.2779, 46.7655], [-71.2779, 46.7657], [-71.2781, 46.7659], [-71.2783, 46.7661], [-71.2785, 46.7663], [-71.2787, 46.7665], [-71.2788, 46.7666], [-71.2787, 46.7666], [-71.2785, 46.7664], [-71.2782, 46.7662], [-71.2779, 46.7659], [-71.2775, 46.7657], [-71.2772, 46.7655], [-71.2769, 46.7653], [-71.2765, 46.7651], [-71.2762, 46.765], [-71.2759, 46.765], [-71.2756, 46.7649], [-71.2753, 46.7649], [-71.2751, 46.7649], [-71.2749, 46.765], [-71.2747, 46.765], [-71.2745, 46.7651], [-71.2744, 46.7652], [-71.2743, 46.7654], [-71.2742, 46.7655], [-71.2742, 46.7657], [-71.2742, 46.7658], [-71.2742, 46.7659], [-71.2742, 46.766], [-71.2743, 46.7661], [-71.2744, 46.7662], [-71.2745, 46.7662], [-71.2746, 46.7662], [-71.2747, 46.7662], [-71.2749, 46.7662], [-71.2751, 46.7663], [-71.2754, 46.7664], [-71.2757, 46.7666], [-71.276, 46.7668], [-71.2763, 46.767], [-71.2767, 46.7673], [-71.2771, 46.7676], [-71.2774, 46.7679], [-71.2776, 46.7681], [-71.2778, 46.7682], [-71.2779, 46.7683], [-71.2778, 46.7683], [-71.2776, 46.7682], [-71.2774, 46.7681], [-71.2772, 46.768], [-71.277, 46.7678], [-71.2768, 46.7678], [-71.2766, 46.7677], [-71.2765, 46.7676], [-71.2763, 46.7676], [-71.2762, 46.7676], [-71.2761, 46.7676], [-71.276, 46.7676], [-71.2759, 46.7675], [-71.2758, 46.7674], [-71.2758, 46.7673], [-71.2759, 46.7672], [-71.2758, 46.7671], [-71.2758, 46.767], [-71.2757, 46.767], [-71.2756, 46.7669], [-71.2755, 46.7669], [-71.2753, 46.7669], [-71.2751, 46.7668], [-71.2748, 46.7668], [-71.2746, 46.7669], [-71.2744, 46.7669], [-71.2742, 46.7669], [-71.2741, 46.767], [-71.274, 46.7671], [-71.2739, 46.7671], [-71.2739, 46.7672], [-71.2739, 46.7673], [-71.2739, 46.7674], [-71.2739, 46.7675], [-71.274, 46.7676], [-71.274, 46.7677], [-71.2741, 46.7677], [-71.2742, 46.7678], [-71.2743, 46.7679], [-71.2745, 46.7679], [-71.2746, 46.768], [-71.2746, 46.7681], [-71.2746, 46.7682], [-71.2746, 46.7683], [-71.2745, 46.7684], [-71.2744, 46.7685], [-71.2742, 46.7687], [-71.274, 46.7688], [-71.2738, 46.769], [-71.2736, 46.7691], [-71.2735, 46.7692], [-71.2735, 46.7694], [-71.2734, 46.7695], [-71.2734, 46.7696], [-71.2735, 46.7697], [-71.2735, 46.7698], [-71.2736, 46.7699], [-71.2736, 46.77], [-71.2736, 46.7701], [-71.2736, 46.7702], [-71.2736, 46.7704], [-71.2735, 46.7705], [-71.2734, 46.7707], [-71.2733, 46.7709], [-71.2732, 46.771], [-71.2732, 46.7712], [-71.2731, 46.7714], [-71.2731, 46.7715], [-71.2732, 46.7717], [-71.2732, 46.7718], [-71.2733, 46.772], [-71.2734, 46.7721], [-71.2735, 46.7722], [-71.2736, 46.7723], [-71.2736, 46.7724], [-71.2736, 46.7725], [-71.2735, 46.7726], [-71.2735, 46.7727], [-71.2734, 46.7728], [-71.2733, 46.7728], [-71.2732, 46.7729], [-71.2731, 46.773], [-71.273, 46.773], [-71.273, 46.7731], [-71.273, 46.7732], [-71.273, 46.7733], [-71.2731, 46.7733], [-71.2731, 46.7734], [-71.2732, 46.7735], [-71.2732, 46.7736], [-71.2732, 46.7737], [-71.2732, 46.7738], [-71.2732, 46.774], [-71.2732, 46.7741], [-71.2731, 46.7743], [-71.2731, 46.7745], [-71.273, 46.7746], [-71.273, 46.7748], [-71.273, 46.7749], [-71.273, 46.775], [-71.2731, 46.7751], [-71.2732, 46.7752], [-71.2733, 46.7752], [-71.2734, 46.7753], [-71.2735, 46.7753], [-71.2737, 46.7753], [-71.2738, 46.7752], [-71.274, 46.7752], [-71.2741, 46.7752], [-71.2743, 46.7751], [-71.2745, 46.775], [-71.2747, 46.7749], [-71.2748, 46.7749], [-71.275, 46.7748], [-71.2752, 46.7748], [-71.2753, 46.7748], [-71.2755, 46.7749], [-71.2756, 46.7749], [-71.2758, 46.775], [-71.2759, 46.7751], [-71.276, 46.7753], [-71.2762, 46.7753], [-71.2763, 46.7754], [-71.2765, 46.7755], [-71.2767, 46.7755], [-71.2768, 46.7756], [-71.277, 46.7756], [-71.2772, 46.7756], [-71.2774, 46.7756], [-71.2775, 46.7756], [-71.2776, 46.7755], [-71.2777, 46.7755], [-71.2778, 46.7754], [-71.2779, 46.7754], [-71.2779, 46.7753], [-71.278, 46.7752], [-71.278, 46.7751], [-71.278, 46.775], [-71.2779, 46.7749], [-71.2778, 46.7748], [-71.2777, 46.7747], [-71.2776, 46.7747], [-71.2775, 46.7746], [-71.2774, 46.7746], [-71.2773, 46.7745], [-71.2773, 46.7744], [-71.2773, 46.7743], [-71.2773, 46.7742], [-71.2773, 46.7741], [-71.2774, 46.7739], [-71.2775, 46.7738], [-71.2776, 46.7737], [-71.2778, 46.7736], [-71.2779, 46.7734], [-71.2781, 46.7733], [-71.2783, 46.7732], [-71.2786, 46.7731], [-71.2789, 46.773], [-71.2792, 46.7729], [-71.2794, 46.7728], [-71.2796, 46.7728], [-71.2798, 46.7727], [-71.28, 46.7726], [-71.2801, 46.7725], [-71.2802, 46.7724], [-71.2803, 46.7723], [-71.2803, 46.7722], [-71.2803, 46.7721], [-71.2804, 46.7721], [-71.2805, 46.7721], [-71.2806, 46.7722], [-71.2807, 46.7722], [-71.2808, 46.7723], [-71.2809, 46.7724], [-71.281, 46.7725], [-71.281, 46.7726], [-71.281, 46.7727], [-71.2809, 46.7728], [-71.2808, 46.7729], [-71.2807, 46.773], [-71.2805, 46.7731], [-71.2804, 46.7732], [-71.2803, 46.7733], [-71.2802, 46.7735], [-71.2801, 46.7736], [-71.2801, 46.7737], [-71.28, 46.7738], [-71.28, 46.7739], [-71.28, 46.774], [-71.28, 46.7741], [-71.28, 46.7742], [-71.2799, 46.7743], [-71.2798, 46.7743], [-71.2797, 46.7744], [-71.2796, 46.7744], [-71.2794, 46.7745], [-71.2792, 46.7745], [-71.279, 46.7745], [-71.2789, 46.7746], [-71.2787, 46.7746], [-71.2786, 46.7747], [-71.2786, 46.7748], [-71.2785, 46.775], [-71.2785, 46.7751], [-71.2785, 46.7753], [-71.2785, 46.7754], [-71.2786, 46.7756], [-71.2788, 46.7757], [-71.2791, 46.7758], [-71.2793, 46.7759], [-71.2797, 46.776], [-71.2801, 46.7761], [-71.2806, 46.7762], [-71.2811, 46.7763], [-71.2815, 46.7764], [-71.282, 46.7765], [-71.2826, 46.7765], [-71.2831, 46.7766], [-71.2836, 46.7766], [-71.2842, 46.7766], [-71.2847, 46.7766], [-71.2852, 46.7767], [-71.2857, 46.7767], [-71.286, 46.7766], [-71.2863, 46.7766], [-71.2866, 46.7766], [-71.2867, 46.7766], [-71.2868, 46.7765], [-71.2868, 46.7764], [-71.2869, 46.7764], [-71.2868, 46.7763], [-71.2868, 46.7762], [-71.2868, 46.7761], [-71.2867, 46.776], [-71.2866, 46.7759], [-71.2864, 46.7758], [-71.2863, 46.7757], [-71.2862, 46.7756], [-71.2862, 46.7755], [-71.2864, 46.7756], [-71.2865, 46.7757], [-71.2868, 46.7758], [-71.2871, 46.7759], [-71.2873, 46.776], [-71.2876, 46.776], [-71.2878, 46.776], [-71.288, 46.7759], [-71.2881, 46.7757], [-71.2883, 46.7755], [-71.2884, 46.7752], [-71.2885, 46.7749], [-71.2885, 46.7746], [-71.2885, 46.7744], [-71.2884, 46.7742], [-71.2883, 46.774], [-71.2881, 46.774], [-71.2879, 46.7739], [-71.2875, 46.774], [-71.2872, 46.774], [-71.2869, 46.7741], [-71.2868, 46.7741], [-71.2867, 46.774], [-71.2868, 46.774], [-71.287, 46.7739], [-71.2872, 46.7737], [-71.2876, 46.7735], [-71.2881, 46.7733], [-71.2886, 46.7731], [-71.289, 46.773], [-71.2893, 46.7729], [-71.2897, 46.7729], [-71.2899, 46.7728], [-71.2902, 46.7728], [-71.2904, 46.7729], [-71.2905, 46.773], [-71.2907, 46.7731], [-71.2908, 46.7731], [-71.291, 46.7732], [-71.2912, 46.7732], [-71.2913, 46.7732], [-71.2915, 46.7733], [-71.2917, 46.7733], [-71.2919, 46.7732], [-71.2921, 46.7732], [-71.2923, 46.7732], [-71.2924, 46.7731], [-71.2925, 46.773], [-71.2926, 46.773], [-71.2927, 46.7729], [-71.2927, 46.7728], [-71.2928, 46.7727], [-71.2928, 46.7726], [-71.2928, 46.7725], [-71.2927, 46.7724], [-71.2927, 46.7723], [-71.2926, 46.7723], [-71.2925, 46.7722], [-71.2924, 46.7722], [-71.2923, 46.7721], [-71.2922, 46.7721], [-71.2922, 46.772], [-71.2922, 46.7719], [-71.2923, 46.7719], [-71.2924, 46.7719], [-71.2926, 46.7718], [-71.2928, 46.7718], [-71.293, 46.7717], [-71.2931, 46.7716], [-71.2933, 46.7715], [-71.2934, 46.7713], [-71.2935, 46.7711], [-71.2935, 46.7709], [-71.2936, 46.7707], [-71.2936, 46.7704], [-71.2936, 46.7702], [-71.2936, 46.77], [-71.2935, 46.7698], [-71.2935, 46.7696], [-71.2934, 46.7694], [-71.2933, 46.7693], [-71.2932, 46.7692], [-71.293, 46.7691], [-71.2929, 46.769], [-71.2928, 46.7689], [-71.2929, 46.7688], [-71.293, 46.7688], [-71.2932, 46.7688], [-71.2933, 46.7687], [-71.2934, 46.7687], [-71.2935, 46.7686], [-71.2935, 46.7685], [-71.2934, 46.7684], [-71.2934, 46.7683], [-71.2933, 46.7682], [-71.2933, 46.7681], [-71.2934, 46.768], [-71.2934, 46.7678], [-71.2935, 46.7676], [-71.2936, 46.7675], [-71.2937, 46.7673], [-71.2938, 46.7671], [-71.2938, 46.7669], [-71.2939, 46.7667], [-71.2939, 46.7665], [-71.2938, 46.7664], [-71.2938, 46.7662], [-71.2937, 46.7661], [-71.2935, 46.7659], [-71.2935, 46.7658], [-71.2934, 46.7656], [-71.2934, 46.7655], [-71.2934, 46.7654], [-71.2934, 46.7653], [-71.2935, 46.7651], [-71.2936, 46.765], [-71.2937, 46.7649], [-71.2938, 46.7648], [-71.2939, 46.7647], [-71.2939, 46.7646], [-71.2939, 46.7645], [-71.2938, 46.7644], [-71.2937, 46.7643], [-71.2936, 46.7643]]]}}, {"type": "Feature", "properties": {"couche": "aire_marche", "station": "CHUL", "ordre": 9, "minutes": 15, "superficie_ha": 214.9, "rue_km": 58.73, "disque_ha": 346.4, "part_disque_pct": 62, "accroche_m": 18, "population": 5706, "navetteurs": 1543, "mode_auto_pct": 64, "mode_tc_pct": 11, "mode_actif_pct": 24, "mode_autre_pct": 1}, "geometry": {"type": "Polygon", "coordinates": [[[-71.2945, 46.7646], [-71.2945, 46.7648], [-71.2945, 46.7649], [-71.2944, 46.7651], [-71.2943, 46.7652], [-71.2942, 46.7652], [-71.2941, 46.7653], [-71.2939, 46.7653], [-71.2937, 46.7654], [-71.2936, 46.7654], [-71.2935, 46.7654], [-71.2935, 46.7655], [-71.2935, 46.7656], [-71.2935, 46.7657], [-71.2936, 46.7658], [-71.2938, 46.7659], [-71.294, 46.766], [-71.2941, 46.7662], [-71.2942, 46.7663], [-71.2943, 46.7665], [-71.2943, 46.7667], [-71.2942, 46.7668], [-71.2942, 46.767], [-71.294, 46.7672], [-71.2938, 46.7674], [-71.2937, 46.7676], [-71.2936, 46.7678], [-71.2935, 46.768], [-71.2935, 46.7681], [-71.2935, 46.7683], [-71.2936, 46.7684], [-71.2937, 46.7686], [-71.2938, 46.7687], [-71.2939, 46.7688], [-71.294, 46.7689], [-71.2941, 46.769], [-71.2941, 46.7691], [-71.2941, 46.7692], [-71.294, 46.7692], [-71.2939, 46.7693], [-71.2938, 46.7694], [-71.2938, 46.7695], [-71.2938, 46.7696], [-71.2938, 46.7697], [-71.2938, 46.7698], [-71.2939, 46.77], [-71.294, 46.7701], [-71.294, 46.7703], [-71.294, 46.7704], [-71.294, 46.7705], [-71.294, 46.7706], [-71.294, 46.7707], [-71.2939, 46.7708], [-71.2938, 46.7709], [-71.2937, 46.7709], [-71.2936, 46.771], [-71.2935, 46.7711], [-71.2935, 46.7712], [-71.2935, 46.7713], [-71.2935, 46.7714], [-71.2936, 46.7714], [-71.2937, 46.7715], [-71.2938, 46.7716], [-71.2939, 46.7717], [-71.2939, 46.7718], [-71.2939, 46.7719], [-71.2938, 46.772], [-71.2937, 46.7721], [-71.2936, 46.7722], [-71.2934, 46.7723], [-71.2933, 46.7724], [-71.2932, 46.7725], [-71.2931, 46.7726], [-71.2931, 46.7727], [-71.2931, 46.7728], [-71.2931, 46.7729], [-71.2931, 46.773], [-71.2932, 46.7731], [-71.2933, 46.7732], [-71.2932, 46.7733], [-71.293, 46.7734], [-71.2928, 46.7735], [-71.2926, 46.7735], [-71.2923, 46.7736], [-71.292, 46.7736], [-71.2916, 46.7736], [-71.2914, 46.7736], [-71.2911, 46.7736], [-71.2909, 46.7735], [-71.2907, 46.7735], [-71.2905, 46.7734], [-71.2904, 46.7732], [-71.2902, 46.7731], [-71.2901, 46.773], [-71.2899, 46.7729], [-71.2896, 46.7729], [-71.2893, 46.773], [-71.289, 46.773], [-71.2886, 46.7732], [-71.2881, 46.7733], [-71.2876, 46.7735], [-71.2873, 46.7737], [-71.287, 46.7738], [-71.2869, 46.7739], [-71.2869, 46.774], [-71.287, 46.774], [-71.2872, 46.774], [-71.2875, 46.7739], [-71.288, 46.7738], [-71.2884, 46.7737], [-71.2888, 46.7737], [-71.289, 46.7738], [-71.2893, 46.7739], [-71.2894, 46.774], [-71.2895, 46.7742], [-71.2895, 46.7745], [-71.2895, 46.7748], [-71.2894, 46.775], [-71.2894, 46.7753], [-71.2893, 46.7755], [-71.2892, 46.7758], [-71.289, 46.776], [-71.2889, 46.7761], [-71.2887, 46.7763], [-71.2885, 46.7765], [-71.2883, 46.7766], [-71.2881, 46.7767], [-71.288, 46.7768], [-71.2878, 46.7769], [-71.2877, 46.777], [-71.2876, 46.777], [-71.2874, 46.7771], [-71.2873, 46.7771], [-71.2872, 46.7771], [-71.2871, 46.7771], [-71.287, 46.7771], [-71.2869, 46.7771], [-71.2868, 46.777], [-71.2866, 46.777], [-71.2865, 46.7769], [-71.2864, 46.7768], [-71.2863, 46.7768], [-71.2862, 46.7767], [-71.2861, 46.7767], [-71.286, 46.7767], [-71.2859, 46.7767], [-71.2857, 46.7768], [-71.2856, 46.7768], [-71.2855, 46.7769], [-71.2854, 46.777], [-71.2852, 46.777], [-71.285, 46.7771], [-71.2847, 46.7771], [-71.2845, 46.7772], [-71.2841, 46.7772], [-71.2838, 46.7772], [-71.2834, 46.7772], [-71.283, 46.7771], [-71.2826, 46.7771], [-71.2823, 46.777], [-71.2819, 46.777], [-71.2816, 46.7769], [-71.2813, 46.7768], [-71.281, 46.7767], [-71.2807, 46.7765], [-71.2804, 46.7764], [-71.2801, 46.7763], [-71.2798, 46.7763], [-71.2794, 46.7762], [-71.2791, 46.7762], [-71.2787, 46.7761], [-71.2783, 46.7761], [-71.2779, 46.7761], [-71.2775, 46.7761], [-71.2771, 46.7761], [-71.2768, 46.776], [-71.2765, 46.7759], [-71.2763, 46.7758], [-71.2761, 46.7757], [-71.2759, 46.7755], [-71.2758, 46.7753], [-71.2756, 46.7752], [-71.2755, 46.775], [-71.2753, 46.775], [-71.2751, 46.7749], [-71.2748, 46.775], [-71.2746, 46.775], [-71.2744, 46.7751], [-71.2741, 46.7752], [-71.2738, 46.7754], [-71.2736, 46.7755], [-71.2734, 46.7755], [-71.2732, 46.7756], [-71.273, 46.7756], [-71.2728, 46.7756], [-71.2727, 46.7756], [-71.2726, 46.7756], [-71.2724, 46.7756], [-71.2723, 46.7755], [-71.2723, 46.7754], [-71.2722, 46.7753], [-71.2721, 46.7752], [-71.2721, 46.7751], [-71.2721, 46.7749], [-71.2721, 46.7747], [-71.2721, 46.7746], [-71.2721, 46.7744], [-71.2722, 46.7743], [-71.2722, 46.7742], [-71.2723, 46.7741], [-71.2724, 46.7739], [-71.2725, 46.7739], [-71.2726, 46.7738], [-71.2727, 46.7736], [-71.2728, 46.7735], [-71.2728, 46.7733], [-71.2729, 46.7731], [-71.2729, 46.7728], [-71.2728, 46.7726], [-71.2728, 46.7722], [-71.2727, 46.7719], [-71.2727, 46.7716], [-71.2727, 46.7713], [-71.2727, 46.7711], [-71.2727, 46.7708], [-71.2728, 46.7707], [-71.2729, 46.7705], [-71.273, 46.7704], [-71.2732, 46.7703], [-71.2733, 46.7703], [-71.2734, 46.7702], [-71.2735, 46.7701], [-71.2734, 46.77], [-71.2733, 46.77], [-71.2732, 46.77], [-71.2731, 46.7699], [-71.2729, 46.7699], [-71.2729, 46.7698], [-71.2728, 46.7696], [-71.2728, 46.7694], [-71.2729, 46.7692], [-71.273, 46.769], [-71.2731, 46.7687], [-71.2733, 46.7684], [-71.2734, 46.7681], [-71.2736, 46.7678], [-71.2736, 46.7676], [-71.2737, 46.7673], [-71.2737, 46.7671], [-71.2736, 46.767], [-71.2736, 46.7668], [-71.2735, 46.7667], [-71.2734, 46.7666], [-71.2733, 46.7665], [-71.2733, 46.7663], [-71.2733, 46.7662], [-71.2733, 46.7661], [-71.2733, 46.766], [-71.2733, 46.7659], [-71.2734, 46.7658], [-71.2735, 46.7657], [-71.2736, 46.7656], [-71.2737, 46.7656], [-71.2738, 46.7656], [-71.274, 46.7656], [-71.2741, 46.7656], [-71.2742, 46.7656], [-71.2743, 46.7656], [-71.2743, 46.7655], [-71.2743, 46.7654], [-71.2743, 46.7653], [-71.2742, 46.7653], [-71.2742, 46.7652], [-71.2741, 46.7651], [-71.2741, 46.765], [-71.2741, 46.7649], [-71.2742, 46.7648], [-71.2742, 46.7647], [-71.2743, 46.7647], [-71.2744, 46.7646], [-71.2745, 46.7646], [-71.2746, 46.7646], [-71.2748, 46.7646], [-71.2749, 46.7646], [-71.2751, 46.7646], [-71.2753, 46.7646], [-71.2755, 46.7647], [-71.2756, 46.7647], [-71.2758, 46.7648], [-71.276, 46.7648], [-71.2762, 46.7648], [-71.2764, 46.7648], [-71.2766, 46.7648], [-71.2768, 46.7647], [-71.277, 46.7647], [-71.2772, 46.7646], [-71.2773, 46.7646], [-71.2774, 46.7645], [-71.2775, 46.7644], [-71.2776, 46.7643], [-71.2777, 46.7642], [-71.2778, 46.7641], [-71.2778, 46.7639], [-71.2779, 46.7638], [-71.278, 46.7637], [-71.2782, 46.7636], [-71.2784, 46.7635], [-71.2787, 46.7634], [-71.279, 46.7633], [-71.2794, 46.7632], [-71.2798, 46.7631], [-71.2801, 46.7631], [-71.2805, 46.7631], [-71.2807, 46.763], [-71.2809, 46.763], [-71.2811, 46.763], [-71.2812, 46.7631], [-71.2813, 46.7631], [-71.2813, 46.7632], [-71.2813, 46.7633], [-71.2812, 46.7634], [-71.2811, 46.7635], [-71.2813, 46.7634], [-71.2814, 46.7633], [-71.2815, 46.7633], [-71.2816, 46.7632], [-71.2817, 46.7631], [-71.2818, 46.763], [-71.2818, 46.7629], [-71.2819, 46.7628], [-71.282, 46.7627], [-71.2821, 46.7627], [-71.2823, 46.7627], [-71.2824, 46.7627], [-71.2826, 46.7627], [-71.2827, 46.7628], [-71.2829, 46.7629], [-71.2831, 46.7629], [-71.2833, 46.763], [-71.2834, 46.763], [-71.2836, 46.763], [-71.2837, 46.763], [-71.2838, 46.763], [-71.2838, 46.7629], [-71.2839, 46.7629], [-71.284, 46.7628], [-71.2841, 46.7628], [-71.2843, 46.7628], [-71.2844, 46.7628], [-71.2846, 46.7628], [-71.2849, 46.7629], [-71.2851, 46.7629], [-71.2854, 46.763], [-71.2857, 46.7631], [-71.2859, 46.7631], [-71.2861, 46.7631], [-71.2863, 46.7631], [-71.2864, 46.7631], [-71.2865, 46.7631], [-71.2866, 46.7631], [-71.2866, 46.763], [-71.2867, 46.763], [-71.2868, 46.763], [-71.2868, 46.7629], [-71.2869, 46.7629], [-71.287, 46.763], [-71.2871, 46.763], [-71.2872, 46.763], [-71.2873, 46.7631], [-71.2874, 46.7631], [-71.2875, 46.7632], [-71.2877, 46.7632], [-71.2878, 46.7632], [-71.2879, 46.7632], [-71.288, 46.7632], [-71.2881, 46.7631], [-71.2882, 46.7631], [-71.2884, 46.763], [-71.2885, 46.763], [-71.2887, 46.763], [-71.2888, 46.7631], [-71.289, 46.7631], [-71.2891, 46.7632], [-71.2893, 46.7632], [-71.2895, 46.7633], [-71.2897, 46.7634], [-71.2898, 46.7634], [-71.29, 46.7635], [-71.2901, 46.7635], [-71.2903, 46.7635], [-71.2904, 46.7635], [-71.2905, 46.7634], [-71.2906, 46.7634], [-71.2907, 46.7633], [-71.2908, 46.7633], [-71.2909, 46.7633], [-71.291, 46.7633], [-71.2911, 46.7633], [-71.2912, 46.7633], [-71.2912, 46.7634], [-71.2913, 46.7634], [-71.2914, 46.7635], [-71.2915, 46.7635], [-71.2916, 46.7635], [-71.2917, 46.7635], [-71.2918, 46.7635], [-71.2919, 46.7635], [-71.292, 46.7635], [-71.2921, 46.7634], [-71.2923, 46.7634], [-71.2924, 46.7634], [-71.2926, 46.7634], [-71.2928, 46.7634], [-71.293, 46.7634], [-71.2932, 46.7634], [-71.2934, 46.7634], [-71.2936, 46.7635], [-71.2938, 46.7636], [-71.294, 46.7636], [-71.2941, 46.7638], [-71.2943, 46.7639], [-71.2944, 46.764], [-71.2944, 46.7642], [-71.2945, 46.7644], [-71.2945, 46.7646]]]}}, {"type": "Feature", "properties": {"couche": "voile", "station": "CHUL", "minutes": 15}, "geometry": {"type": "Polygon", "coordinates": [[[-71.4537, 46.8839], [-71.1162, 46.8862], [-71.1136, 46.6558], [-71.4497, 46.6535], [-71.4537, 46.8839]], [[-71.2945, 46.7644], [-71.2944, 46.7642], [-71.2944, 46.764], [-71.2943, 46.7639], [-71.2941, 46.7638], [-71.294, 46.7636], [-71.2938, 46.7636], [-71.2936, 46.7635], [-71.2934, 46.7634], [-71.2932, 46.7634], [-71.293, 46.7634], [-71.2928, 46.7634], [-71.2926, 46.7634], [-71.2924, 46.7634], [-71.2923, 46.7634], [-71.2921, 46.7634], [-71.292, 46.7635], [-71.2919, 46.7635], [-71.2918, 46.7635], [-71.2917, 46.7635], [-71.2916, 46.7635], [-71.2915, 46.7635], [-71.2914, 46.7635], [-71.2913, 46.7634], [-71.2912, 46.7634], [-71.2912, 46.7633], [-71.2911, 46.7633], [-71.291, 46.7633], [-71.2909, 46.7633], [-71.2908, 46.7633], [-71.2907, 46.7633], [-71.2906, 46.7634], [-71.2905, 46.7634], [-71.2904, 46.7635], [-71.2903, 46.7635], [-71.2901, 46.7635], [-71.29, 46.7635], [-71.2898, 46.7634], [-71.2897, 46.7634], [-71.2895, 46.7633], [-71.2893, 46.7632], [-71.2891, 46.7632], [-71.289, 46.7631], [-71.2888, 46.7631], [-71.2887, 46.763], [-71.2885, 46.763], [-71.2884, 46.763], [-71.2882, 46.7631], [-71.2881, 46.7631], [-71.288, 46.7632], [-71.2879, 46.7632], [-71.2878, 46.7632], [-71.2877, 46.7632], [-71.2875, 46.7632], [-71.2874, 46.7631], [-71.2873, 46.7631], [-71.2872, 46.763], [-71.2871, 46.763], [-71.287, 46.763], [-71.2869, 46.7629], [-71.2868, 46.7629], [-71.2868, 46.763], [-71.2867, 46.763], [-71.2866, 46.763], [-71.2866, 46.7631], [-71.2865, 46.7631], [-71.2864, 46.7631], [-71.2863, 46.7631], [-71.2861, 46.7631], [-71.2859, 46.7631], [-71.2857, 46.7631], [-71.2854, 46.763], [-71.2851, 46.7629], [-71.2849, 46.7629], [-71.2846, 46.7628], [-71.2844, 46.7628], [-71.2843, 46.7628], [-71.2841, 46.7628], [-71.284, 46.7628], [-71.2839, 46.7629], [-71.2838, 46.7629], [-71.2838, 46.763], [-71.2837, 46.763], [-71.2836, 46.763], [-71.2834, 46.763], [-71.2833, 46.763], [-71.2831, 46.7629], [-71.2829, 46.7629], [-71.2827, 46.7628], [-71.2826, 46.7627], [-71.2824, 46.7627], [-71.2823, 46.7627], [-71.2821, 46.7627], [-71.282, 46.7627], [-71.2819, 46.7628], [-71.2818, 46.7629], [-71.2818, 46.763], [-71.2817, 46.7631], [-71.2816, 46.7632], [-71.2815, 46.7633], [-71.2814, 46.7633], [-71.2813, 46.7634], [-71.2811, 46.7635], [-71.2812, 46.7634], [-71.2813, 46.7633], [-71.2813, 46.7632], [-71.2813, 46.7631], [-71.2812, 46.7631], [-71.2811, 46.763], [-71.2809, 46.763], [-71.2807, 46.763], [-71.2805, 46.7631], [-71.2801, 46.7631], [-71.2798, 46.7631], [-71.2794, 46.7632], [-71.279, 46.7633], [-71.2787, 46.7634], [-71.2784, 46.7635], [-71.2782, 46.7636], [-71.278, 46.7637], [-71.2779, 46.7638], [-71.2778, 46.7639], [-71.2778, 46.7641], [-71.2777, 46.7642], [-71.2776, 46.7643], [-71.2775, 46.7644], [-71.2774, 46.7645], [-71.2773, 46.7646], [-71.2772, 46.7646], [-71.277, 46.7647], [-71.2768, 46.7647], [-71.2766, 46.7648], [-71.2764, 46.7648], [-71.2762, 46.7648], [-71.276, 46.7648], [-71.2758, 46.7648], [-71.2756, 46.7647], [-71.2755, 46.7647], [-71.2753, 46.7646], [-71.2751, 46.7646], [-71.2749, 46.7646], [-71.2748, 46.7646], [-71.2746, 46.7646], [-71.2745, 46.7646], [-71.2744, 46.7646], [-71.2743, 46.7647], [-71.2742, 46.7647], [-71.2742, 46.7648], [-71.2741, 46.7649], [-71.2741, 46.765], [-71.2741, 46.7651], [-71.2742, 46.7652], [-71.2742, 46.7653], [-71.2743, 46.7653], [-71.2743, 46.7654], [-71.2743, 46.7655], [-71.2743, 46.7656], [-71.2742, 46.7656], [-71.2741, 46.7656], [-71.274, 46.7656], [-71.2738, 46.7656], [-71.2737, 46.7656], [-71.2736, 46.7656], [-71.2735, 46.7657], [-71.2734, 46.7658], [-71.2733, 46.7659], [-71.2733, 46.766], [-71.2733, 46.7661], [-71.2733, 46.7662], [-71.2733, 46.7663], [-71.2733, 46.7665], [-71.2734, 46.7666], [-71.2735, 46.7667], [-71.2736, 46.7668], [-71.2736, 46.767], [-71.2737, 46.7671], [-71.2737, 46.7673], [-71.2736, 46.7676], [-71.2736, 46.7678], [-71.2734, 46.7681], [-71.2733, 46.7684], [-71.2731, 46.7687], [-71.273, 46.769], [-71.2729, 46.7692], [-71.2728, 46.7694], [-71.2728, 46.7696], [-71.2729, 46.7698], [-71.2729, 46.7699], [-71.2731, 46.7699], [-71.2732, 46.77], [-71.2733, 46.77], [-71.2734, 46.77], [-71.2735, 46.7701], [-71.2734, 46.7702], [-71.2733, 46.7703], [-71.2732, 46.7703], [-71.273, 46.7704], [-71.2729, 46.7705], [-71.2728, 46.7707], [-71.2727, 46.7708], [-71.2727, 46.7711], [-71.2727, 46.7713], [-71.2727, 46.7716], [-71.2727, 46.7719], [-71.2728, 46.7722], [-71.2728, 46.7726], [-71.2729, 46.7728], [-71.2729, 46.7731], [-71.2728, 46.7733], [-71.2728, 46.7735], [-71.2727, 46.7736], [-71.2726, 46.7738], [-71.2725, 46.7739], [-71.2724, 46.7739], [-71.2723, 46.7741], [-71.2722, 46.7742], [-71.2722, 46.7743], [-71.2721, 46.7744], [-71.2721, 46.7746], [-71.2721, 46.7747], [-71.2721, 46.7749], [-71.2721, 46.7751], [-71.2721, 46.7752], [-71.2722, 46.7753], [-71.2723, 46.7754], [-71.2723, 46.7755], [-71.2724, 46.7756], [-71.2726, 46.7756], [-71.2727, 46.7756], [-71.2728, 46.7756], [-71.273, 46.7756], [-71.2732, 46.7756], [-71.2734, 46.7755], [-71.2736, 46.7755], [-71.2738, 46.7754], [-71.2741, 46.7752], [-71.2744, 46.7751], [-71.2746, 46.775], [-71.2748, 46.775], [-71.2751, 46.7749], [-71.2753, 46.775], [-71.2755, 46.775], [-71.2756, 46.7752], [-71.2758, 46.7753], [-71.2759, 46.7755], [-71.2761, 46.7757], [-71.2763, 46.7758], [-71.2765, 46.7759], [-71.2768, 46.776], [-71.2771, 46.7761], [-71.2775, 46.7761], [-71.2779, 46.7761], [-71.2783, 46.7761], [-71.2787, 46.7761], [-71.2791, 46.7762], [-71.2794, 46.7762], [-71.2798, 46.7763], [-71.2801, 46.7763], [-71.2804, 46.7764], [-71.2807, 46.7765], [-71.281, 46.7767], [-71.2813, 46.7768], [-71.2816, 46.7769], [-71.2819, 46.777], [-71.2823, 46.777], [-71.2826, 46.7771], [-71.283, 46.7771], [-71.2834, 46.7772], [-71.2838, 46.7772], [-71.2841, 46.7772], [-71.2845, 46.7772], [-71.2847, 46.7771], [-71.285, 46.7771], [-71.2852, 46.777], [-71.2854, 46.777], [-71.2855, 46.7769], [-71.2856, 46.7768], [-71.2857, 46.7768], [-71.2859, 46.7767], [-71.286, 46.7767], [-71.2861, 46.7767], [-71.2862, 46.7767], [-71.2863, 46.7768], [-71.2864, 46.7768], [-71.2865, 46.7769], [-71.2866, 46.777], [-71.2868, 46.777], [-71.2869, 46.7771], [-71.287, 46.7771], [-71.2871, 46.7771], [-71.2872, 46.7771], [-71.2873, 46.7771], [-71.2874, 46.7771], [-71.2876, 46.777], [-71.2877, 46.777], [-71.2878, 46.7769], [-71.288, 46.7768], [-71.2881, 46.7767], [-71.2883, 46.7766], [-71.2885, 46.7765], [-71.2887, 46.7763], [-71.2889, 46.7761], [-71.289, 46.776], [-71.2892, 46.7758], [-71.2893, 46.7755], [-71.2894, 46.7753], [-71.2894, 46.775], [-71.2895, 46.7748], [-71.2895, 46.7745], [-71.2895, 46.7742], [-71.2894, 46.774], [-71.2893, 46.7739], [-71.289, 46.7738], [-71.2888, 46.7737], [-71.2884, 46.7737], [-71.288, 46.7738], [-71.2875, 46.7739], [-71.2872, 46.774], [-71.287, 46.774], [-71.2869, 46.774], [-71.2869, 46.7739], [-71.287, 46.7738], [-71.2873, 46.7737], [-71.2876, 46.7735], [-71.2881, 46.7733], [-71.2886, 46.7732], [-71.289, 46.773], [-71.2893, 46.773], [-71.2896, 46.7729], [-71.2899, 46.7729], [-71.2901, 46.773], [-71.2902, 46.7731], [-71.2904, 46.7732], [-71.2905, 46.7734], [-71.2907, 46.7735], [-71.2909, 46.7735], [-71.2911, 46.7736], [-71.2914, 46.7736], [-71.2916, 46.7736], [-71.292, 46.7736], [-71.2923, 46.7736], [-71.2926, 46.7735], [-71.2928, 46.7735], [-71.293, 46.7734], [-71.2932, 46.7733], [-71.2933, 46.7732], [-71.2932, 46.7731], [-71.2931, 46.773], [-71.2931, 46.7729], [-71.2931, 46.7728], [-71.2931, 46.7727], [-71.2931, 46.7726], [-71.2932, 46.7725], [-71.2933, 46.7724], [-71.2934, 46.7723], [-71.2936, 46.7722], [-71.2937, 46.7721], [-71.2938, 46.772], [-71.2939, 46.7719], [-71.2939, 46.7718], [-71.2939, 46.7717], [-71.2938, 46.7716], [-71.2937, 46.7715], [-71.2936, 46.7714], [-71.2935, 46.7714], [-71.2935, 46.7713], [-71.2935, 46.7712], [-71.2935, 46.7711], [-71.2936, 46.771], [-71.2937, 46.7709], [-71.2938, 46.7709], [-71.2939, 46.7708], [-71.294, 46.7707], [-71.294, 46.7706], [-71.294, 46.7705], [-71.294, 46.7704], [-71.294, 46.7703], [-71.294, 46.7701], [-71.2939, 46.77], [-71.2938, 46.7698], [-71.2938, 46.7697], [-71.2938, 46.7696], [-71.2938, 46.7695], [-71.2938, 46.7694], [-71.2939, 46.7693], [-71.294, 46.7692], [-71.2941, 46.7692], [-71.2941, 46.7691], [-71.2941, 46.769], [-71.294, 46.7689], [-71.2939, 46.7688], [-71.2938, 46.7687], [-71.2937, 46.7686], [-71.2936, 46.7684], [-71.2935, 46.7683], [-71.2935, 46.7681], [-71.2935, 46.768], [-71.2936, 46.7678], [-71.2937, 46.7676], [-71.2938, 46.7674], [-71.294, 46.7672], [-71.2942, 46.767], [-71.2942, 46.7668], [-71.2943, 46.7667], [-71.2943, 46.7665], [-71.2942, 46.7663], [-71.2941, 46.7662], [-71.294, 46.766], [-71.2938, 46.7659], [-71.2936, 46.7658], [-71.2935, 46.7657], [-71.2935, 46.7656], [-71.2935, 46.7655], [-71.2935, 46.7654], [-71.2936, 46.7654], [-71.2937, 46.7654], [-71.2939, 46.7653], [-71.2941, 46.7653], [-71.2942, 46.7652], [-71.2943, 46.7652], [-71.2944, 46.7651], [-71.2945, 46.7649], [-71.2945, 46.7648], [-71.2945, 46.7646], [-71.2945, 46.7644]]]}}]}