{"type": "FeatureCollection", "metadata": {"script": "scripts/analysis/tramway-isochrones.py", "genere_le": "2026-10-05", "source": "OpenStreetMap (ODbL) ; Statistique Canada, Recensement 2021", "attribution": "© les contributeurs d'OpenStreetMap", "titre": "Aires de marche et voiles — Collège Saint-Charles-Garnier", "paliers_min": [2, 3, 4, 5, 6, 7, 8, 9, 10, 11, 12, 13, 14, 15], "vitesse_kmh": 4.2, "methode": "Dijkstra sur le réseau marchable d'OpenStreetMap à 4.2 km/h ; couloir de 40 m autour des rues atteintes. Chaque voile est le complément de l'aire du même palier. Population par pondération de surface des aires de diffusion.", "trous": "comblés — intérieurs de grands îlots, pas des zones inaccessibles", "modes": "Mode de transport domicile–travail, recensement 2021 (mai 2021, en pleine pandémie), données-échantillon 25 %, réparti par pondération de surface."}, "features": [{"type": "Feature", "properties": {"couche": "aire_marche", "station": "Collège Saint-Charles-Garnier", "ordre": 16, "minutes": 2, "superficie_ha": 4.5, "rue_km": 1.51, "disque_ha": 6.2, "part_disque_pct": 73, "accroche_m": 1, "population": 122, "navetteurs": 40, "mode_auto_pct": 62, "mode_tc_pct": 24, "mode_actif_pct": 14, "mode_autre_pct": 0}, "geometry": {"type": "Polygon", "coordinates": [[[-71.2461, 46.7934], [-71.2461, 46.7935], [-71.2462, 46.7935], [-71.2462, 46.7936], [-71.2462, 46.7937], [-71.2462, 46.7938], [-71.2461, 46.7939], [-71.246, 46.794], [-71.2459, 46.794], [-71.2458, 46.7941], [-71.2457, 46.7941], [-71.2457, 46.7942], [-71.2458, 46.7943], [-71.2459, 46.7943], [-71.246, 46.7943], [-71.2461, 46.7943], [-71.2462, 46.7943], [-71.2462, 46.7944], [-71.2463, 46.7944], [-71.2463, 46.7945], [-71.2463, 46.7946], [-71.2462, 46.7947], [-71.2461, 46.7948], [-71.246, 46.7948], [-71.2459, 46.7949], [-71.2457, 46.795], [-71.2455, 46.7951], [-71.2452, 46.7952], [-71.245, 46.7952], [-71.2448, 46.7953], [-71.2446, 46.7953], [-71.2443, 46.7954], [-71.2441, 46.7954], [-71.2439, 46.7954], [-71.2437, 46.7954], [-71.2434, 46.7953], [-71.2433, 46.7953], [-71.2431, 46.7952], [-71.243, 46.7951], [-71.2429, 46.795], [-71.2428, 46.7949], [-71.2428, 46.7947], [-71.2427, 46.7945], [-71.2428, 46.7943], [-71.2428, 46.7942], [-71.2428, 46.794], [-71.2429, 46.7939], [-71.243, 46.7938], [-71.2431, 46.7938], [-71.2432, 46.7938], [-71.2433, 46.7938], [-71.2435, 46.7938], [-71.2436, 46.7938], [-71.2438, 46.7938], [-71.244, 46.7938], [-71.2441, 46.7938], [-71.2443, 46.7937], [-71.2445, 46.7936], [-71.2448, 46.7936], [-71.245, 46.7934], [-71.2452, 46.7934], [-71.2454, 46.7933], [-71.2456, 46.7933], [-71.2457, 46.7932], [-71.2459, 46.7933], [-71.246, 46.7933], [-71.2461, 46.7934]]]}}, {"type": "Feature", "properties": {"couche": "voile", "station": "Collège Saint-Charles-Garnier", "minutes": 2}, "geometry": {"type": "Polygon", "coordinates": [[[-71.4053, 46.9022], [-71.0867, 46.9043], [-71.0843, 46.6862], [-71.4017, 46.6841], [-71.4053, 46.9022]], [[-71.246, 46.7933], [-71.2459, 46.7933], [-71.2457, 46.7932], [-71.2456, 46.7933], [-71.2454, 46.7933], [-71.2452, 46.7934], [-71.245, 46.7934], [-71.2448, 46.7936], [-71.2445, 46.7936], [-71.2443, 46.7937], [-71.2441, 46.7938], [-71.244, 46.7938], [-71.2438, 46.7938], [-71.2436, 46.7938], [-71.2435, 46.7938], [-71.2433, 46.7938], [-71.2432, 46.7938], [-71.2431, 46.7938], [-71.243, 46.7938], [-71.2429, 46.7939], [-71.2428, 46.794], [-71.2428, 46.7942], [-71.2428, 46.7943], [-71.2427, 46.7945], [-71.2428, 46.7947], [-71.2428, 46.7949], [-71.2429, 46.795], [-71.243, 46.7951], [-71.2431, 46.7952], [-71.2433, 46.7953], [-71.2434, 46.7953], [-71.2437, 46.7954], [-71.2439, 46.7954], [-71.2441, 46.7954], [-71.2443, 46.7954], [-71.2446, 46.7953], [-71.2448, 46.7953], [-71.245, 46.7952], [-71.2452, 46.7952], [-71.2455, 46.7951], [-71.2457, 46.795], [-71.2459, 46.7949], [-71.246, 46.7948], [-71.2461, 46.7948], [-71.2462, 46.7947], [-71.2463, 46.7946], [-71.2463, 46.7945], [-71.2463, 46.7944], [-71.2462, 46.7944], [-71.2462, 46.7943], [-71.2461, 46.7943], [-71.246, 46.7943], [-71.2459, 46.7943], [-71.2458, 46.7943], [-71.2457, 46.7942], [-71.2457, 46.7941], [-71.2458, 46.7941], [-71.2459, 46.794], [-71.246, 46.794], [-71.2461, 46.7939], [-71.2462, 46.7938], [-71.2462, 46.7937], [-71.2462, 46.7936], [-71.2462, 46.7935], [-71.2461, 46.7935], [-71.2461, 46.7934], [-71.246, 46.7933]]]}}, {"type": "Feature", "properties": {"couche": "aire_marche", "station": "Collège Saint-Charles-Garnier", "ordre": 16, "minutes": 3, "superficie_ha": 9.0, "rue_km": 2.87, "disque_ha": 13.9, "part_disque_pct": 64, "accroche_m": 1, "population": 270, "navetteurs": 87, "mode_auto_pct": 62, "mode_tc_pct": 21, "mode_actif_pct": 17, "mode_autre_pct": 0}, "geometry": {"type": "Polygon", "coordinates": [[[-71.2468, 46.7949], [-71.2467, 46.7949], [-71.2466, 46.795], [-71.2465, 46.7951], [-71.2464, 46.7952], [-71.2463, 46.7952], [-71.2461, 46.7952], [-71.246, 46.7952], [-71.2458, 46.7953], [-71.2456, 46.7953], [-71.2454, 46.7953], [-71.2453, 46.7953], [-71.2451, 46.7953], [-71.245, 46.7953], [-71.2449, 46.7954], [-71.2449, 46.7955], [-71.2448, 46.7955], [-71.2448, 46.7956], [-71.2447, 46.7957], [-71.2446, 46.7958], [-71.2445, 46.7958], [-71.2443, 46.7958], [-71.244, 46.7958], [-71.2438, 46.7958], [-71.2434, 46.7957], [-71.2431, 46.7957], [-71.2428, 46.7956], [-71.2426, 46.7955], [-71.2424, 46.7954], [-71.2423, 46.7954], [-71.2423, 46.7952], [-71.2423, 46.7951], [-71.2424, 46.795], [-71.2426, 46.7949], [-71.2427, 46.7947], [-71.2428, 46.7946], [-71.2429, 46.7945], [-71.2428, 46.7944], [-71.2427, 46.7943], [-71.2426, 46.7943], [-71.2425, 46.7943], [-71.2424, 46.7943], [-71.2423, 46.7943], [-71.2422, 46.7942], [-71.2422, 46.7941], [-71.2421, 46.7941], [-71.2421, 46.794], [-71.2421, 46.7939], [-71.2422, 46.7939], [-71.2422, 46.7938], [-71.2423, 46.7937], [-71.2424, 46.7937], [-71.2425, 46.7936], [-71.2426, 46.7935], [-71.2427, 46.7934], [-71.2429, 46.7933], [-71.243, 46.7933], [-71.2431, 46.7933], [-71.2433, 46.7933], [-71.2434, 46.7933], [-71.2435, 46.7934], [-71.2436, 46.7935], [-71.2437, 46.7936], [-71.2437, 46.7937], [-71.2438, 46.7937], [-71.2439, 46.7938], [-71.2441, 46.7938], [-71.2442, 46.7938], [-71.2443, 46.7937], [-71.2444, 46.7937], [-71.2445, 46.7936], [-71.2447, 46.7935], [-71.2448, 46.7935], [-71.2448, 46.7934], [-71.2449, 46.7933], [-71.245, 46.7932], [-71.245, 46.7931], [-71.245, 46.7929], [-71.245, 46.7928], [-71.2451, 46.7927], [-71.2452, 46.7927], [-71.2453, 46.7926], [-71.2454, 46.7926], [-71.2455, 46.7926], [-71.2457, 46.7926], [-71.2459, 46.7926], [-71.2462, 46.7926], [-71.2464, 46.7927], [-71.2466, 46.7928], [-71.2467, 46.7929], [-71.2469, 46.793], [-71.247, 46.7932], [-71.247, 46.7934], [-71.2471, 46.7936], [-71.2471, 46.7938], [-71.2471, 46.794], [-71.2471, 46.7942], [-71.247, 46.7943], [-71.247, 46.7945], [-71.247, 46.7946], [-71.2469, 46.7947], [-71.2468, 46.7949]]]}}, {"type": "Feature", "properties": {"couche": "voile", "station": "Collège Saint-Charles-Garnier", "minutes": 3}, "geometry": {"type": "Polygon", "coordinates": [[[-71.4061, 46.9026], [-71.0861, 46.9047], [-71.0837, 46.6856], [-71.4025, 46.6835], [-71.4061, 46.9026]], [[-71.2469, 46.7947], [-71.247, 46.7946], [-71.247, 46.7945], [-71.247, 46.7943], [-71.2471, 46.7942], [-71.2471, 46.794], [-71.2471, 46.7938], [-71.2471, 46.7936], [-71.247, 46.7934], [-71.247, 46.7932], [-71.2469, 46.793], [-71.2467, 46.7929], [-71.2466, 46.7928], [-71.2464, 46.7927], [-71.2462, 46.7926], [-71.2459, 46.7926], [-71.2457, 46.7926], [-71.2455, 46.7926], [-71.2454, 46.7926], [-71.2453, 46.7926], [-71.2452, 46.7927], [-71.2451, 46.7927], [-71.245, 46.7928], [-71.245, 46.7929], [-71.245, 46.7931], [-71.245, 46.7932], [-71.2449, 46.7933], [-71.2448, 46.7934], [-71.2448, 46.7935], [-71.2447, 46.7935], [-71.2445, 46.7936], [-71.2444, 46.7937], [-71.2443, 46.7937], [-71.2442, 46.7938], [-71.2441, 46.7938], [-71.2439, 46.7938], [-71.2438, 46.7937], [-71.2437, 46.7937], [-71.2437, 46.7936], [-71.2436, 46.7935], [-71.2435, 46.7934], [-71.2434, 46.7933], [-71.2433, 46.7933], [-71.2431, 46.7933], [-71.243, 46.7933], [-71.2429, 46.7933], [-71.2427, 46.7934], [-71.2426, 46.7935], [-71.2425, 46.7936], [-71.2424, 46.7937], [-71.2423, 46.7937], [-71.2422, 46.7938], [-71.2422, 46.7939], [-71.2421, 46.7939], [-71.2421, 46.794], [-71.2421, 46.7941], [-71.2422, 46.7941], [-71.2422, 46.7942], [-71.2423, 46.7943], [-71.2424, 46.7943], [-71.2425, 46.7943], [-71.2426, 46.7943], [-71.2427, 46.7943], [-71.2428, 46.7944], [-71.2429, 46.7945], [-71.2428, 46.7946], [-71.2427, 46.7947], [-71.2426, 46.7949], [-71.2424, 46.795], [-71.2423, 46.7951], [-71.2423, 46.7952], [-71.2423, 46.7954], [-71.2424, 46.7954], [-71.2426, 46.7955], [-71.2428, 46.7956], [-71.2431, 46.7957], [-71.2434, 46.7957], [-71.2438, 46.7958], [-71.244, 46.7958], [-71.2443, 46.7958], [-71.2445, 46.7958], [-71.2446, 46.7958], [-71.2447, 46.7957], [-71.2448, 46.7956], [-71.2448, 46.7955], [-71.2449, 46.7955], [-71.2449, 46.7954], [-71.245, 46.7953], [-71.2451, 46.7953], [-71.2453, 46.7953], [-71.2454, 46.7953], [-71.2456, 46.7953], [-71.2458, 46.7953], [-71.246, 46.7952], [-71.2461, 46.7952], [-71.2463, 46.7952], [-71.2464, 46.7952], [-71.2465, 46.7951], [-71.2466, 46.795], [-71.2467, 46.7949], [-71.2468, 46.7949], [-71.2469, 46.7947]]]}}, {"type": "Feature", "properties": {"couche": "aire_marche", "station": "Collège Saint-Charles-Garnier", "ordre": 16, "minutes": 4, "superficie_ha": 14.4, "rue_km": 4.71, "disque_ha": 24.6, "part_disque_pct": 59, "accroche_m": 1, "population": 437, "navetteurs": 140, "mode_auto_pct": 63, "mode_tc_pct": 19, "mode_actif_pct": 18, "mode_autre_pct": 0}, "geometry": {"type": "Polygon", "coordinates": [[[-71.247, 46.7952], [-71.2467, 46.7953], [-71.2465, 46.7954], [-71.2463, 46.7954], [-71.2461, 46.7955], [-71.2459, 46.7955], [-71.2458, 46.7955], [-71.2456, 46.7955], [-71.2455, 46.7954], [-71.2454, 46.7954], [-71.2453, 46.7953], [-71.2452, 46.7953], [-71.2451, 46.7954], [-71.245, 46.7955], [-71.2449, 46.7956], [-71.2449, 46.7957], [-71.2448, 46.7959], [-71.2447, 46.796], [-71.2446, 46.7961], [-71.2445, 46.7961], [-71.2444, 46.7961], [-71.2442, 46.7961], [-71.2441, 46.7961], [-71.2439, 46.796], [-71.2437, 46.7959], [-71.2435, 46.7958], [-71.2434, 46.7957], [-71.2432, 46.7957], [-71.2431, 46.7957], [-71.243, 46.7957], [-71.2429, 46.7957], [-71.2429, 46.7958], [-71.2428, 46.7959], [-71.2428, 46.796], [-71.2427, 46.796], [-71.2426, 46.7961], [-71.2425, 46.7961], [-71.2423, 46.7961], [-71.2422, 46.7961], [-71.242, 46.796], [-71.2418, 46.796], [-71.2416, 46.7959], [-71.2415, 46.7958], [-71.2415, 46.7956], [-71.2415, 46.7954], [-71.2415, 46.7951], [-71.2416, 46.7949], [-71.2417, 46.7945], [-71.2419, 46.7941], [-71.242, 46.7938], [-71.2422, 46.7935], [-71.2423, 46.7933], [-71.2425, 46.7931], [-71.2426, 46.793], [-71.2427, 46.7929], [-71.2428, 46.7928], [-71.2429, 46.7928], [-71.243, 46.7929], [-71.2431, 46.7929], [-71.2432, 46.793], [-71.2433, 46.793], [-71.2433, 46.7931], [-71.2434, 46.7932], [-71.2435, 46.7933], [-71.2436, 46.7935], [-71.2437, 46.7936], [-71.2438, 46.7937], [-71.2439, 46.7937], [-71.244, 46.7938], [-71.2442, 46.7938], [-71.2443, 46.7937], [-71.2444, 46.7937], [-71.2445, 46.7936], [-71.2446, 46.7935], [-71.2447, 46.7935], [-71.2448, 46.7934], [-71.2448, 46.7933], [-71.2448, 46.7932], [-71.2447, 46.7932], [-71.2446, 46.7931], [-71.2445, 46.793], [-71.2445, 46.7929], [-71.2444, 46.7929], [-71.2444, 46.7928], [-71.2443, 46.7927], [-71.2444, 46.7926], [-71.2444, 46.7925], [-71.2444, 46.7924], [-71.2445, 46.7922], [-71.2446, 46.7922], [-71.2448, 46.7921], [-71.245, 46.792], [-71.2452, 46.792], [-71.2455, 46.792], [-71.2457, 46.792], [-71.2461, 46.7921], [-71.2464, 46.7922], [-71.2468, 46.7922], [-71.247, 46.7923], [-71.2472, 46.7924], [-71.2474, 46.7925], [-71.2475, 46.7926], [-71.2475, 46.7927], [-71.2475, 46.7928], [-71.2475, 46.7929], [-71.2474, 46.793], [-71.2474, 46.7932], [-71.2474, 46.7933], [-71.2474, 46.7935], [-71.2474, 46.7936], [-71.2475, 46.7938], [-71.2475, 46.794], [-71.2476, 46.7942], [-71.2476, 46.7944], [-71.2476, 46.7945], [-71.2475, 46.7947], [-71.2475, 46.7949], [-71.2473, 46.795], [-71.2472, 46.7951], [-71.247, 46.7952]]]}}, {"type": "Feature", "properties": {"couche": "voile", "station": "Collège Saint-Charles-Garnier", "minutes": 4}, "geometry": {"type": "Polygon", "coordinates": [[[-71.4066, 46.9029], [-71.0855, 46.905], [-71.0831, 46.685], [-71.4029, 46.6829], [-71.4066, 46.9029]], [[-71.2472, 46.7951], [-71.2473, 46.795], [-71.2475, 46.7949], [-71.2475, 46.7947], [-71.2476, 46.7945], [-71.2476, 46.7944], [-71.2476, 46.7942], [-71.2475, 46.794], [-71.2475, 46.7938], [-71.2474, 46.7936], [-71.2474, 46.7935], [-71.2474, 46.7933], [-71.2474, 46.7932], [-71.2474, 46.793], [-71.2475, 46.7929], [-71.2475, 46.7928], [-71.2475, 46.7927], [-71.2475, 46.7926], [-71.2474, 46.7925], [-71.2472, 46.7924], [-71.247, 46.7923], [-71.2468, 46.7922], [-71.2464, 46.7922], [-71.2461, 46.7921], [-71.2457, 46.792], [-71.2455, 46.792], [-71.2452, 46.792], [-71.245, 46.792], [-71.2448, 46.7921], [-71.2446, 46.7922], [-71.2445, 46.7922], [-71.2444, 46.7924], [-71.2444, 46.7925], [-71.2444, 46.7926], [-71.2443, 46.7927], [-71.2444, 46.7928], [-71.2444, 46.7929], [-71.2445, 46.7929], [-71.2445, 46.793], [-71.2446, 46.7931], [-71.2447, 46.7932], [-71.2448, 46.7932], [-71.2448, 46.7933], [-71.2448, 46.7934], [-71.2447, 46.7935], [-71.2446, 46.7935], [-71.2445, 46.7936], [-71.2444, 46.7937], [-71.2443, 46.7937], [-71.2442, 46.7938], [-71.244, 46.7938], [-71.2439, 46.7937], [-71.2438, 46.7937], [-71.2437, 46.7936], [-71.2436, 46.7935], [-71.2435, 46.7933], [-71.2434, 46.7932], [-71.2433, 46.7931], [-71.2433, 46.793], [-71.2432, 46.793], [-71.2431, 46.7929], [-71.243, 46.7929], [-71.2429, 46.7928], [-71.2428, 46.7928], [-71.2427, 46.7929], [-71.2426, 46.793], [-71.2425, 46.7931], [-71.2423, 46.7933], [-71.2422, 46.7935], [-71.242, 46.7938], [-71.2419, 46.7941], [-71.2417, 46.7945], [-71.2416, 46.7949], [-71.2415, 46.7951], [-71.2415, 46.7954], [-71.2415, 46.7956], [-71.2415, 46.7958], [-71.2416, 46.7959], [-71.2418, 46.796], [-71.242, 46.796], [-71.2422, 46.7961], [-71.2423, 46.7961], [-71.2425, 46.7961], [-71.2426, 46.7961], [-71.2427, 46.796], [-71.2428, 46.796], [-71.2428, 46.7959], [-71.2429, 46.7958], [-71.2429, 46.7957], [-71.243, 46.7957], [-71.2431, 46.7957], [-71.2432, 46.7957], [-71.2434, 46.7957], [-71.2435, 46.7958], [-71.2437, 46.7959], [-71.2439, 46.796], [-71.2441, 46.7961], [-71.2442, 46.7961], [-71.2444, 46.7961], [-71.2445, 46.7961], [-71.2446, 46.7961], [-71.2447, 46.796], [-71.2448, 46.7959], [-71.2449, 46.7957], [-71.2449, 46.7956], [-71.245, 46.7955], [-71.2451, 46.7954], [-71.2452, 46.7953], [-71.2453, 46.7953], [-71.2454, 46.7954], [-71.2455, 46.7954], [-71.2456, 46.7955], [-71.2458, 46.7955], [-71.2459, 46.7955], [-71.2461, 46.7955], [-71.2463, 46.7954], [-71.2465, 46.7954], [-71.2467, 46.7953], [-71.247, 46.7952], [-71.2472, 46.7951]]]}}, {"type": "Feature", "properties": {"couche": "aire_marche", "station": "Collège Saint-Charles-Garnier", "ordre": 16, "minutes": 5, "superficie_ha": 22.1, "rue_km": 6.85, "disque_ha": 38.5, "part_disque_pct": 58, "accroche_m": 1, "population": 706, "navetteurs": 228, "mode_auto_pct": 63, "mode_tc_pct": 18, "mode_actif_pct": 19, "mode_autre_pct": 0}, "geometry": {"type": "Polygon", "coordinates": [[[-71.2482, 46.7942], [-71.2482, 46.7945], [-71.2482, 46.7948], [-71.2481, 46.795], [-71.248, 46.7952], [-71.2479, 46.7953], [-71.2478, 46.7954], [-71.2477, 46.7954], [-71.2475, 46.7954], [-71.2474, 46.7953], [-71.2472, 46.7953], [-71.2471, 46.7952], [-71.2469, 46.7952], [-71.2468, 46.7952], [-71.2466, 46.7952], [-71.2465, 46.7952], [-71.2464, 46.7953], [-71.2463, 46.7954], [-71.2462, 46.7954], [-71.246, 46.7955], [-71.2459, 46.7955], [-71.2458, 46.7955], [-71.2457, 46.7955], [-71.2456, 46.7955], [-71.2454, 46.7955], [-71.2453, 46.7954], [-71.2452, 46.7954], [-71.2451, 46.7954], [-71.2451, 46.7955], [-71.245, 46.7956], [-71.2451, 46.7958], [-71.2451, 46.7959], [-71.2451, 46.7961], [-71.2451, 46.7963], [-71.245, 46.7964], [-71.2448, 46.7965], [-71.2445, 46.7966], [-71.2441, 46.7966], [-71.2437, 46.7966], [-71.2431, 46.7966], [-71.2425, 46.7965], [-71.242, 46.7965], [-71.2416, 46.7964], [-71.2412, 46.7963], [-71.241, 46.7962], [-71.2408, 46.796], [-71.2407, 46.7959], [-71.2407, 46.7957], [-71.2408, 46.7956], [-71.2409, 46.7954], [-71.241, 46.7953], [-71.241, 46.7951], [-71.241, 46.795], [-71.241, 46.7949], [-71.241, 46.7948], [-71.241, 46.7947], [-71.2409, 46.7946], [-71.2409, 46.7945], [-71.2409, 46.7944], [-71.241, 46.7943], [-71.2411, 46.7942], [-71.2412, 46.7941], [-71.2414, 46.794], [-71.2416, 46.7939], [-71.2418, 46.7938], [-71.242, 46.7937], [-71.2422, 46.7936], [-71.2423, 46.7936], [-71.2424, 46.7935], [-71.2425, 46.7934], [-71.2426, 46.7933], [-71.2426, 46.7932], [-71.2426, 46.7931], [-71.2426, 46.793], [-71.2426, 46.7929], [-71.2427, 46.7929], [-71.2428, 46.7929], [-71.2429, 46.7929], [-71.243, 46.7929], [-71.2431, 46.793], [-71.2432, 46.793], [-71.2433, 46.7929], [-71.2434, 46.7929], [-71.2435, 46.7928], [-71.2436, 46.7927], [-71.2437, 46.7925], [-71.2438, 46.7923], [-71.2439, 46.7921], [-71.244, 46.7919], [-71.2441, 46.7918], [-71.2442, 46.7916], [-71.2443, 46.7915], [-71.2445, 46.7915], [-71.2446, 46.7914], [-71.2448, 46.7914], [-71.245, 46.7914], [-71.2452, 46.7914], [-71.2453, 46.7914], [-71.2455, 46.7915], [-71.2456, 46.7915], [-71.2457, 46.7915], [-71.2457, 46.7916], [-71.2458, 46.7917], [-71.2459, 46.7918], [-71.246, 46.7918], [-71.2461, 46.7919], [-71.2463, 46.7919], [-71.2465, 46.7919], [-71.2467, 46.7919], [-71.247, 46.7919], [-71.2473, 46.7919], [-71.2476, 46.792], [-71.2478, 46.792], [-71.2479, 46.792], [-71.2481, 46.7921], [-71.2481, 46.7922], [-71.2481, 46.7923], [-71.248, 46.7924], [-71.248, 46.7925], [-71.2479, 46.7926], [-71.2479, 46.7927], [-71.2479, 46.7928], [-71.248, 46.7929], [-71.2481, 46.7929], [-71.2482, 46.793], [-71.2482, 46.7931], [-71.2483, 46.7933], [-71.2483, 46.7934], [-71.2483, 46.7937], [-71.2483, 46.7939], [-71.2482, 46.7942]]]}}, {"type": "Feature", "properties": {"couche": "voile", "station": "Collège Saint-Charles-Garnier", "minutes": 5}, "geometry": {"type": "Polygon", "coordinates": [[[-71.4073, 46.9034], [-71.0847, 46.9055], [-71.0823, 46.6844], [-71.4036, 46.6823], [-71.4073, 46.9034]], [[-71.2483, 46.7939], [-71.2483, 46.7937], [-71.2483, 46.7934], [-71.2483, 46.7933], [-71.2482, 46.7931], [-71.2482, 46.793], [-71.2481, 46.7929], [-71.248, 46.7929], [-71.2479, 46.7928], [-71.2479, 46.7927], [-71.2479, 46.7926], [-71.248, 46.7925], [-71.248, 46.7924], [-71.2481, 46.7923], [-71.2481, 46.7922], [-71.2481, 46.7921], [-71.2479, 46.792], [-71.2478, 46.792], [-71.2476, 46.792], [-71.2473, 46.7919], [-71.247, 46.7919], [-71.2467, 46.7919], [-71.2465, 46.7919], [-71.2463, 46.7919], [-71.2461, 46.7919], [-71.246, 46.7918], [-71.2459, 46.7918], [-71.2458, 46.7917], [-71.2457, 46.7916], [-71.2457, 46.7915], [-71.2456, 46.7915], [-71.2455, 46.7915], [-71.2453, 46.7914], [-71.2452, 46.7914], [-71.245, 46.7914], [-71.2448, 46.7914], [-71.2446, 46.7914], [-71.2445, 46.7915], [-71.2443, 46.7915], [-71.2442, 46.7916], [-71.2441, 46.7918], [-71.244, 46.7919], [-71.2439, 46.7921], [-71.2438, 46.7923], [-71.2437, 46.7925], [-71.2436, 46.7927], [-71.2435, 46.7928], [-71.2434, 46.7929], [-71.2433, 46.7929], [-71.2432, 46.793], [-71.2431, 46.793], [-71.243, 46.7929], [-71.2429, 46.7929], [-71.2428, 46.7929], [-71.2427, 46.7929], [-71.2426, 46.7929], [-71.2426, 46.793], [-71.2426, 46.7931], [-71.2426, 46.7932], [-71.2426, 46.7933], [-71.2425, 46.7934], [-71.2424, 46.7935], [-71.2423, 46.7936], [-71.2422, 46.7936], [-71.242, 46.7937], [-71.2418, 46.7938], [-71.2416, 46.7939], [-71.2414, 46.794], [-71.2412, 46.7941], [-71.2411, 46.7942], [-71.241, 46.7943], [-71.2409, 46.7944], [-71.2409, 46.7945], [-71.2409, 46.7946], [-71.241, 46.7947], [-71.241, 46.7948], [-71.241, 46.7949], [-71.241, 46.795], [-71.241, 46.7951], [-71.241, 46.7953], [-71.2409, 46.7954], [-71.2408, 46.7956], [-71.2407, 46.7957], [-71.2407, 46.7959], [-71.2408, 46.796], [-71.241, 46.7962], [-71.2412, 46.7963], [-71.2416, 46.7964], [-71.242, 46.7965], [-71.2425, 46.7965], [-71.2431, 46.7966], [-71.2437, 46.7966], [-71.2441, 46.7966], [-71.2445, 46.7966], [-71.2448, 46.7965], [-71.245, 46.7964], [-71.2451, 46.7963], [-71.2451, 46.7961], [-71.2451, 46.7959], [-71.2451, 46.7958], [-71.245, 46.7956], [-71.2451, 46.7955], [-71.2451, 46.7954], [-71.2452, 46.7954], [-71.2453, 46.7954], [-71.2454, 46.7955], [-71.2456, 46.7955], [-71.2457, 46.7955], [-71.2458, 46.7955], [-71.2459, 46.7955], [-71.246, 46.7955], [-71.2462, 46.7954], [-71.2463, 46.7954], [-71.2464, 46.7953], [-71.2465, 46.7952], [-71.2466, 46.7952], [-71.2468, 46.7952], [-71.2469, 46.7952], [-71.2471, 46.7952], [-71.2472, 46.7953], [-71.2474, 46.7953], [-71.2475, 46.7954], [-71.2477, 46.7954], [-71.2478, 46.7954], [-71.2479, 46.7953], [-71.248, 46.7952], [-71.2481, 46.795], [-71.2482, 46.7948], [-71.2482, 46.7945], [-71.2482, 46.7942], [-71.2483, 46.7939]]]}}, {"type": "Feature", "properties": {"couche": "aire_marche", "station": "Collège Saint-Charles-Garnier", "ordre": 16, "minutes": 6, "superficie_ha": 32.1, "rue_km": 9.9, "disque_ha": 55.4, "part_disque_pct": 58, "accroche_m": 1, "population": 1158, "navetteurs": 368, "mode_auto_pct": 62, "mode_tc_pct": 18, "mode_actif_pct": 20, "mode_autre_pct": 0}, "geometry": {"type": "Polygon", "coordinates": [[[-71.249, 46.7947], [-71.249, 46.795], [-71.2489, 46.7953], [-71.2488, 46.7955], [-71.2487, 46.7957], [-71.2486, 46.7959], [-71.2484, 46.796], [-71.2482, 46.7961], [-71.2481, 46.7961], [-71.2479, 46.7961], [-71.2477, 46.7961], [-71.2475, 46.796], [-71.2474, 46.796], [-71.2473, 46.7959], [-71.2472, 46.7958], [-71.2471, 46.7957], [-71.247, 46.7956], [-71.247, 46.7955], [-71.2469, 46.7954], [-71.2468, 46.7953], [-71.2467, 46.7952], [-71.2466, 46.7952], [-71.2465, 46.7953], [-71.2464, 46.7953], [-71.2463, 46.7954], [-71.2462, 46.7954], [-71.246, 46.7955], [-71.2459, 46.7955], [-71.2458, 46.7955], [-71.2457, 46.7955], [-71.2456, 46.7955], [-71.2454, 46.7955], [-71.2453, 46.7954], [-71.2452, 46.7954], [-71.2451, 46.7954], [-71.245, 46.7954], [-71.2449, 46.7954], [-71.2449, 46.7955], [-71.2449, 46.7956], [-71.245, 46.7957], [-71.2451, 46.7958], [-71.2451, 46.7959], [-71.2452, 46.796], [-71.2454, 46.7961], [-71.2455, 46.7962], [-71.2457, 46.7963], [-71.2458, 46.7963], [-71.2459, 46.7964], [-71.246, 46.7965], [-71.246, 46.7966], [-71.2461, 46.7967], [-71.2461, 46.7968], [-71.246, 46.7969], [-71.246, 46.797], [-71.2459, 46.7971], [-71.2458, 46.7971], [-71.2458, 46.7972], [-71.2457, 46.7972], [-71.2456, 46.7973], [-71.2455, 46.7973], [-71.2454, 46.7973], [-71.2452, 46.7973], [-71.2451, 46.7973], [-71.245, 46.7972], [-71.2449, 46.7972], [-71.2448, 46.7972], [-71.2448, 46.7971], [-71.2447, 46.797], [-71.2446, 46.797], [-71.2445, 46.7969], [-71.2445, 46.7968], [-71.2444, 46.7968], [-71.2443, 46.7968], [-71.2442, 46.7968], [-71.2441, 46.7969], [-71.2441, 46.797], [-71.244, 46.797], [-71.2438, 46.7971], [-71.2436, 46.7971], [-71.2433, 46.7971], [-71.2429, 46.7971], [-71.2425, 46.7971], [-71.2421, 46.797], [-71.2415, 46.797], [-71.2411, 46.7969], [-71.2407, 46.7968], [-71.2404, 46.7967], [-71.2401, 46.7966], [-71.2399, 46.7965], [-71.2398, 46.7963], [-71.2398, 46.7962], [-71.2398, 46.796], [-71.2398, 46.7959], [-71.2399, 46.7958], [-71.24, 46.7957], [-71.24, 46.7956], [-71.2401, 46.7956], [-71.2402, 46.7956], [-71.2403, 46.7956], [-71.2405, 46.7956], [-71.2406, 46.7956], [-71.2406, 46.7955], [-71.2407, 46.7955], [-71.2407, 46.7954], [-71.2407, 46.7953], [-71.2406, 46.7952], [-71.2405, 46.795], [-71.2405, 46.7949], [-71.2405, 46.7947], [-71.2406, 46.7946], [-71.2407, 46.7945], [-71.2409, 46.7944], [-71.2411, 46.7942], [-71.2413, 46.7941], [-71.2416, 46.794], [-71.2418, 46.7938], [-71.2421, 46.7937], [-71.2422, 46.7936], [-71.2424, 46.7935], [-71.2425, 46.7934], [-71.2425, 46.7933], [-71.2425, 46.7932], [-71.2425, 46.7931], [-71.2425, 46.793], [-71.2426, 46.7929], [-71.2427, 46.7928], [-71.2428, 46.7927], [-71.2429, 46.7927], [-71.2431, 46.7926], [-71.2433, 46.7925], [-71.2435, 46.7924], [-71.2436, 46.7923], [-71.2437, 46.7922], [-71.2437, 46.7921], [-71.2437, 46.792], [-71.2436, 46.7919], [-71.2435, 46.7919], [-71.2434, 46.7918], [-71.2433, 46.7917], [-71.2433, 46.7916], [-71.2432, 46.7915], [-71.2433, 46.7914], [-71.2433, 46.7913], [-71.2433, 46.7912], [-71.2434, 46.7912], [-71.2435, 46.7911], [-71.2436, 46.791], [-71.2438, 46.791], [-71.244, 46.791], [-71.2442, 46.7909], [-71.2445, 46.7909], [-71.2448, 46.7909], [-71.2451, 46.791], [-71.2453, 46.791], [-71.2456, 46.791], [-71.2458, 46.7911], [-71.246, 46.7911], [-71.2462, 46.7912], [-71.2464, 46.7913], [-71.2466, 46.7914], [-71.2468, 46.7915], [-71.247, 46.7915], [-71.2472, 46.7916], [-71.2474, 46.7916], [-71.2476, 46.7916], [-71.2478, 46.7916], [-71.248, 46.7916], [-71.2482, 46.7916], [-71.2484, 46.7916], [-71.2486, 46.7916], [-71.2487, 46.7916], [-71.2488, 46.7917], [-71.2488, 46.7918], [-71.2488, 46.7919], [-71.2487, 46.792], [-71.2487, 46.7921], [-71.2486, 46.7923], [-71.2486, 46.7924], [-71.2486, 46.7925], [-71.2487, 46.7927], [-71.2487, 46.7928], [-71.2488, 46.7929], [-71.2489, 46.7931], [-71.249, 46.7933], [-71.2491, 46.7935], [-71.2491, 46.7937], [-71.2491, 46.7939], [-71.2491, 46.7941], [-71.2491, 46.7944], [-71.249, 46.7947]]]}}, {"type": "Feature", "properties": {"couche": "voile", "station": "Collège Saint-Charles-Garnier", "minutes": 6}, "geometry": {"type": "Polygon", "coordinates": [[[-71.4082, 46.9041], [-71.0838, 46.9062], [-71.0814, 46.6839], [-71.4044, 46.6818], [-71.4082, 46.9041]], [[-71.2491, 46.7944], [-71.2491, 46.7941], [-71.2491, 46.7939], [-71.2491, 46.7937], [-71.2491, 46.7935], [-71.249, 46.7933], [-71.2489, 46.7931], [-71.2488, 46.7929], [-71.2487, 46.7928], [-71.2487, 46.7927], [-71.2486, 46.7925], [-71.2486, 46.7924], [-71.2486, 46.7923], [-71.2487, 46.7921], [-71.2487, 46.792], [-71.2488, 46.7919], [-71.2488, 46.7918], [-71.2488, 46.7917], [-71.2487, 46.7916], [-71.2486, 46.7916], [-71.2484, 46.7916], [-71.2482, 46.7916], [-71.248, 46.7916], [-71.2478, 46.7916], [-71.2476, 46.7916], [-71.2474, 46.7916], [-71.2472, 46.7916], [-71.247, 46.7915], [-71.2468, 46.7915], [-71.2466, 46.7914], [-71.2464, 46.7913], [-71.2462, 46.7912], [-71.246, 46.7911], [-71.2458, 46.7911], [-71.2456, 46.791], [-71.2453, 46.791], [-71.2451, 46.791], [-71.2448, 46.7909], [-71.2445, 46.7909], [-71.2442, 46.7909], [-71.244, 46.791], [-71.2438, 46.791], [-71.2436, 46.791], [-71.2435, 46.7911], [-71.2434, 46.7912], [-71.2433, 46.7912], [-71.2433, 46.7913], [-71.2433, 46.7914], [-71.2432, 46.7915], [-71.2433, 46.7916], [-71.2433, 46.7917], [-71.2434, 46.7918], [-71.2435, 46.7919], [-71.2436, 46.7919], [-71.2437, 46.792], [-71.2437, 46.7921], [-71.2437, 46.7922], [-71.2436, 46.7923], [-71.2435, 46.7924], [-71.2433, 46.7925], [-71.2431, 46.7926], [-71.2429, 46.7927], [-71.2428, 46.7927], [-71.2427, 46.7928], [-71.2426, 46.7929], [-71.2425, 46.793], [-71.2425, 46.7931], [-71.2425, 46.7932], [-71.2425, 46.7933], [-71.2425, 46.7934], [-71.2424, 46.7935], [-71.2422, 46.7936], [-71.2421, 46.7937], [-71.2418, 46.7938], [-71.2416, 46.794], [-71.2413, 46.7941], [-71.2411, 46.7942], [-71.2409, 46.7944], [-71.2407, 46.7945], [-71.2406, 46.7946], [-71.2405, 46.7947], [-71.2405, 46.7949], [-71.2405, 46.795], [-71.2406, 46.7952], [-71.2407, 46.7953], [-71.2407, 46.7954], [-71.2407, 46.7955], [-71.2406, 46.7955], [-71.2406, 46.7956], [-71.2405, 46.7956], [-71.2403, 46.7956], [-71.2402, 46.7956], [-71.2401, 46.7956], [-71.24, 46.7956], [-71.24, 46.7957], [-71.2399, 46.7958], [-71.2398, 46.7959], [-71.2398, 46.796], [-71.2398, 46.7962], [-71.2398, 46.7963], [-71.2399, 46.7965], [-71.2401, 46.7966], [-71.2404, 46.7967], [-71.2407, 46.7968], [-71.2411, 46.7969], [-71.2415, 46.797], [-71.2421, 46.797], [-71.2425, 46.7971], [-71.2429, 46.7971], [-71.2433, 46.7971], [-71.2436, 46.7971], [-71.2438, 46.7971], [-71.244, 46.797], [-71.2441, 46.797], [-71.2441, 46.7969], [-71.2442, 46.7968], [-71.2443, 46.7968], [-71.2444, 46.7968], [-71.2445, 46.7968], [-71.2445, 46.7969], [-71.2446, 46.797], [-71.2447, 46.797], [-71.2448, 46.7971], [-71.2448, 46.7972], [-71.2449, 46.7972], [-71.245, 46.7972], [-71.2451, 46.7973], [-71.2452, 46.7973], [-71.2454, 46.7973], [-71.2455, 46.7973], [-71.2456, 46.7973], [-71.2457, 46.7972], [-71.2458, 46.7972], [-71.2458, 46.7971], [-71.2459, 46.7971], [-71.246, 46.797], [-71.246, 46.7969], [-71.2461, 46.7968], [-71.2461, 46.7967], [-71.246, 46.7966], [-71.246, 46.7965], [-71.2459, 46.7964], [-71.2458, 46.7963], [-71.2457, 46.7963], [-71.2455, 46.7962], [-71.2454, 46.7961], [-71.2452, 46.796], [-71.2451, 46.7959], [-71.2451, 46.7958], [-71.245, 46.7957], [-71.2449, 46.7956], [-71.2449, 46.7955], [-71.2449, 46.7954], [-71.245, 46.7954], [-71.2451, 46.7954], [-71.2452, 46.7954], [-71.2453, 46.7954], [-71.2454, 46.7955], [-71.2456, 46.7955], [-71.2457, 46.7955], [-71.2458, 46.7955], [-71.2459, 46.7955], [-71.246, 46.7955], [-71.2462, 46.7954], [-71.2463, 46.7954], [-71.2464, 46.7953], [-71.2465, 46.7953], [-71.2466, 46.7952], [-71.2467, 46.7952], [-71.2468, 46.7953], [-71.2469, 46.7954], [-71.247, 46.7955], [-71.247, 46.7956], [-71.2471, 46.7957], [-71.2472, 46.7958], [-71.2473, 46.7959], [-71.2474, 46.796], [-71.2475, 46.796], [-71.2477, 46.7961], [-71.2479, 46.7961], [-71.2481, 46.7961], [-71.2482, 46.7961], [-71.2484, 46.796], [-71.2486, 46.7959], [-71.2487, 46.7957], [-71.2488, 46.7955], [-71.2489, 46.7953], [-71.249, 46.795], [-71.249, 46.7947], [-71.2491, 46.7944]]]}}, {"type": "Feature", "properties": {"couche": "aire_marche", "station": "Collège Saint-Charles-Garnier", "ordre": 16, "minutes": 7, "superficie_ha": 44.9, "rue_km": 13.71, "disque_ha": 75.4, "part_disque_pct": 60, "accroche_m": 1, "population": 1803, "navetteurs": 569, "mode_auto_pct": 62, "mode_tc_pct": 18, "mode_actif_pct": 20, "mode_autre_pct": 0}, "geometry": {"type": "Polygon", "coordinates": [[[-71.2496, 46.7935], [-71.2495, 46.7936], [-71.2494, 46.7936], [-71.2494, 46.7937], [-71.2493, 46.7938], [-71.2493, 46.7939], [-71.2494, 46.7939], [-71.2494, 46.794], [-71.2495, 46.7941], [-71.2496, 46.7942], [-71.2497, 46.7944], [-71.2497, 46.7945], [-71.2498, 46.7947], [-71.2498, 46.7949], [-71.2498, 46.7951], [-71.2497, 46.7953], [-71.2497, 46.7955], [-71.2497, 46.7958], [-71.2496, 46.796], [-71.2495, 46.7961], [-71.2495, 46.7963], [-71.2494, 46.7964], [-71.2493, 46.7965], [-71.2492, 46.7965], [-71.2491, 46.7965], [-71.249, 46.7965], [-71.2489, 46.7965], [-71.2488, 46.7965], [-71.2487, 46.7965], [-71.2486, 46.7964], [-71.2485, 46.7963], [-71.2484, 46.7963], [-71.2483, 46.7962], [-71.2482, 46.7962], [-71.248, 46.7962], [-71.2478, 46.7962], [-71.2477, 46.7963], [-71.2475, 46.7963], [-71.2473, 46.7964], [-71.247, 46.7966], [-71.2468, 46.7967], [-71.2467, 46.7968], [-71.2465, 46.7969], [-71.2464, 46.797], [-71.2464, 46.7971], [-71.2463, 46.7972], [-71.2463, 46.7973], [-71.2463, 46.7974], [-71.2463, 46.7975], [-71.2462, 46.7976], [-71.246, 46.7977], [-71.2457, 46.7977], [-71.2454, 46.7977], [-71.245, 46.7977], [-71.2445, 46.7977], [-71.244, 46.7977], [-71.2435, 46.7976], [-71.2431, 46.7976], [-71.2427, 46.7976], [-71.2423, 46.7975], [-71.2421, 46.7974], [-71.2418, 46.7974], [-71.2416, 46.7973], [-71.2415, 46.7972], [-71.2414, 46.7972], [-71.2413, 46.7971], [-71.2412, 46.7971], [-71.2411, 46.7971], [-71.241, 46.7971], [-71.2409, 46.7971], [-71.2409, 46.7972], [-71.2408, 46.7972], [-71.2407, 46.7972], [-71.2406, 46.7973], [-71.2405, 46.7973], [-71.2404, 46.7973], [-71.2403, 46.7973], [-71.2401, 46.7973], [-71.2399, 46.7973], [-71.2397, 46.7972], [-71.2395, 46.7972], [-71.2394, 46.7972], [-71.2393, 46.7971], [-71.2392, 46.797], [-71.2392, 46.7969], [-71.2392, 46.7968], [-71.2393, 46.7967], [-71.2393, 46.7966], [-71.2394, 46.7965], [-71.2394, 46.7964], [-71.2394, 46.7963], [-71.2394, 46.7962], [-71.2394, 46.796], [-71.2394, 46.7959], [-71.2393, 46.7957], [-71.2393, 46.7956], [-71.2393, 46.7955], [-71.2394, 46.7954], [-71.2395, 46.7954], [-71.2396, 46.7954], [-71.2397, 46.7954], [-71.2399, 46.7954], [-71.2401, 46.7954], [-71.2403, 46.7955], [-71.2404, 46.7955], [-71.2405, 46.7955], [-71.2406, 46.7954], [-71.2406, 46.7953], [-71.2406, 46.7952], [-71.2405, 46.795], [-71.2405, 46.7949], [-71.2405, 46.7948], [-71.2406, 46.7946], [-71.2407, 46.7945], [-71.2408, 46.7944], [-71.241, 46.7942], [-71.2413, 46.7941], [-71.2416, 46.794], [-71.2418, 46.7938], [-71.242, 46.7937], [-71.2422, 46.7936], [-71.2423, 46.7935], [-71.2424, 46.7934], [-71.2424, 46.7933], [-71.2424, 46.7932], [-71.2423, 46.7931], [-71.2423, 46.793], [-71.2423, 46.7929], [-71.2423, 46.7927], [-71.2424, 46.7924], [-71.2424, 46.7922], [-71.2425, 46.7919], [-71.2426, 46.7916], [-71.2427, 46.7913], [-71.2429, 46.7911], [-71.2431, 46.7909], [-71.2433, 46.7908], [-71.2435, 46.7907], [-71.2438, 46.7906], [-71.2441, 46.7906], [-71.2444, 46.7907], [-71.2447, 46.7907], [-71.2449, 46.7907], [-71.2452, 46.7908], [-71.2454, 46.7908], [-71.2455, 46.7908], [-71.2457, 46.7907], [-71.2458, 46.7907], [-71.2459, 46.7907], [-71.246, 46.7906], [-71.2461, 46.7906], [-71.2462, 46.7906], [-71.2464, 46.7907], [-71.2466, 46.7907], [-71.2468, 46.7908], [-71.247, 46.7908], [-71.2472, 46.7909], [-71.2475, 46.791], [-71.2477, 46.7911], [-71.2479, 46.7911], [-71.2482, 46.7912], [-71.2484, 46.7912], [-71.2486, 46.7912], [-71.2488, 46.7912], [-71.249, 46.7912], [-71.2491, 46.7912], [-71.2493, 46.7912], [-71.2494, 46.7913], [-71.2495, 46.7914], [-71.2495, 46.7915], [-71.2496, 46.7916], [-71.2496, 46.7918], [-71.2495, 46.792], [-71.2495, 46.7922], [-71.2495, 46.7924], [-71.2495, 46.7925], [-71.2495, 46.7927], [-71.2496, 46.7928], [-71.2496, 46.7929], [-71.2497, 46.793], [-71.2498, 46.7931], [-71.2498, 46.7932], [-71.2498, 46.7933], [-71.2497, 46.7934], [-71.2496, 46.7935]]]}}, {"type": "Feature", "properties": {"couche": "voile", "station": "Collège Saint-Charles-Garnier", "minutes": 7}, "geometry": {"type": "Polygon", "coordinates": [[[-71.4089, 46.9045], [-71.0832, 46.9066], [-71.0808, 46.6836], [-71.4051, 46.6815], [-71.4089, 46.9045]], [[-71.2497, 46.7934], [-71.2498, 46.7933], [-71.2498, 46.7932], [-71.2498, 46.7931], [-71.2497, 46.793], [-71.2496, 46.7929], [-71.2496, 46.7928], [-71.2495, 46.7927], [-71.2495, 46.7925], [-71.2495, 46.7924], [-71.2495, 46.7922], [-71.2495, 46.792], [-71.2496, 46.7918], [-71.2496, 46.7916], [-71.2495, 46.7915], [-71.2495, 46.7914], [-71.2494, 46.7913], [-71.2493, 46.7912], [-71.2491, 46.7912], [-71.249, 46.7912], [-71.2488, 46.7912], [-71.2486, 46.7912], [-71.2484, 46.7912], [-71.2482, 46.7912], [-71.2479, 46.7911], [-71.2477, 46.7911], [-71.2475, 46.791], [-71.2472, 46.7909], [-71.247, 46.7908], [-71.2468, 46.7908], [-71.2466, 46.7907], [-71.2464, 46.7907], [-71.2462, 46.7906], [-71.2461, 46.7906], [-71.246, 46.7906], [-71.2459, 46.7907], [-71.2458, 46.7907], [-71.2457, 46.7907], [-71.2455, 46.7908], [-71.2454, 46.7908], [-71.2452, 46.7908], [-71.2449, 46.7907], [-71.2447, 46.7907], [-71.2444, 46.7907], [-71.2441, 46.7906], [-71.2438, 46.7906], [-71.2435, 46.7907], [-71.2433, 46.7908], [-71.2431, 46.7909], [-71.2429, 46.7911], [-71.2427, 46.7913], [-71.2426, 46.7916], [-71.2425, 46.7919], [-71.2424, 46.7922], [-71.2424, 46.7924], [-71.2423, 46.7927], [-71.2423, 46.7929], [-71.2423, 46.793], [-71.2423, 46.7931], [-71.2424, 46.7932], [-71.2424, 46.7933], [-71.2424, 46.7934], [-71.2423, 46.7935], [-71.2422, 46.7936], [-71.242, 46.7937], [-71.2418, 46.7938], [-71.2416, 46.794], [-71.2413, 46.7941], [-71.241, 46.7942], [-71.2408, 46.7944], [-71.2407, 46.7945], [-71.2406, 46.7946], [-71.2405, 46.7948], [-71.2405, 46.7949], [-71.2405, 46.795], [-71.2406, 46.7952], [-71.2406, 46.7953], [-71.2406, 46.7954], [-71.2405, 46.7955], [-71.2404, 46.7955], [-71.2403, 46.7955], [-71.2401, 46.7954], [-71.2399, 46.7954], [-71.2397, 46.7954], [-71.2396, 46.7954], [-71.2395, 46.7954], [-71.2394, 46.7954], [-71.2393, 46.7955], [-71.2393, 46.7956], [-71.2393, 46.7957], [-71.2394, 46.7959], [-71.2394, 46.796], [-71.2394, 46.7962], [-71.2394, 46.7963], [-71.2394, 46.7964], [-71.2394, 46.7965], [-71.2393, 46.7966], [-71.2393, 46.7967], [-71.2392, 46.7968], [-71.2392, 46.7969], [-71.2392, 46.797], [-71.2393, 46.7971], [-71.2394, 46.7972], [-71.2395, 46.7972], [-71.2397, 46.7972], [-71.2399, 46.7973], [-71.2401, 46.7973], [-71.2403, 46.7973], [-71.2404, 46.7973], [-71.2405, 46.7973], [-71.2406, 46.7973], [-71.2407, 46.7972], [-71.2408, 46.7972], [-71.2409, 46.7972], [-71.2409, 46.7971], [-71.241, 46.7971], [-71.2411, 46.7971], [-71.2412, 46.7971], [-71.2413, 46.7971], [-71.2414, 46.7972], [-71.2415, 46.7972], [-71.2416, 46.7973], [-71.2418, 46.7974], [-71.2421, 46.7974], [-71.2423, 46.7975], [-71.2427, 46.7976], [-71.2431, 46.7976], [-71.2435, 46.7976], [-71.244, 46.7977], [-71.2445, 46.7977], [-71.245, 46.7977], [-71.2454, 46.7977], [-71.2457, 46.7977], [-71.246, 46.7977], [-71.2462, 46.7976], [-71.2463, 46.7975], [-71.2463, 46.7974], [-71.2463, 46.7973], [-71.2463, 46.7972], [-71.2464, 46.7971], [-71.2464, 46.797], [-71.2465, 46.7969], [-71.2467, 46.7968], [-71.2468, 46.7967], [-71.247, 46.7966], [-71.2473, 46.7964], [-71.2475, 46.7963], [-71.2477, 46.7963], [-71.2478, 46.7962], [-71.248, 46.7962], [-71.2482, 46.7962], [-71.2483, 46.7962], [-71.2484, 46.7963], [-71.2485, 46.7963], [-71.2486, 46.7964], [-71.2487, 46.7965], [-71.2488, 46.7965], [-71.2489, 46.7965], [-71.249, 46.7965], [-71.2491, 46.7965], [-71.2492, 46.7965], [-71.2493, 46.7965], [-71.2494, 46.7964], [-71.2495, 46.7963], [-71.2495, 46.7961], [-71.2496, 46.796], [-71.2497, 46.7958], [-71.2497, 46.7955], [-71.2497, 46.7953], [-71.2498, 46.7951], [-71.2498, 46.7949], [-71.2498, 46.7947], [-71.2497, 46.7945], [-71.2497, 46.7944], [-71.2496, 46.7942], [-71.2495, 46.7941], [-71.2494, 46.794], [-71.2494, 46.7939], [-71.2493, 46.7939], [-71.2493, 46.7938], [-71.2494, 46.7937], [-71.2494, 46.7936], [-71.2495, 46.7936], [-71.2496, 46.7935], [-71.2497, 46.7934]]]}}, {"type": "Feature", "properties": {"couche": "aire_marche", "station": "Collège Saint-Charles-Garnier", "ordre": 16, "minutes": 8, "superficie_ha": 57.6, "rue_km": 18.03, "disque_ha": 98.5, "part_disque_pct": 59, "accroche_m": 1, "population": 2556, "navetteurs": 798, "mode_auto_pct": 61, "mode_tc_pct": 19, "mode_actif_pct": 20, "mode_autre_pct": 0}, "geometry": {"type": "Polygon", "coordinates": [[[-71.25, 46.7933], [-71.2498, 46.7934], [-71.2497, 46.7935], [-71.2496, 46.7936], [-71.2495, 46.7937], [-71.2495, 46.7938], [-71.2496, 46.7938], [-71.2497, 46.7939], [-71.2498, 46.7939], [-71.25, 46.7939], [-71.2501, 46.794], [-71.2502, 46.794], [-71.2503, 46.7941], [-71.2504, 46.7942], [-71.2504, 46.7943], [-71.2504, 46.7945], [-71.2503, 46.7946], [-71.2502, 46.7948], [-71.2501, 46.795], [-71.2501, 46.7952], [-71.25, 46.7954], [-71.25, 46.7956], [-71.25, 46.7957], [-71.25, 46.7959], [-71.25, 46.7961], [-71.25, 46.7963], [-71.25, 46.7964], [-71.25, 46.7966], [-71.25, 46.7967], [-71.25, 46.7968], [-71.2499, 46.7969], [-71.2498, 46.797], [-71.2497, 46.797], [-71.2496, 46.797], [-71.2495, 46.797], [-71.2494, 46.7969], [-71.2492, 46.7969], [-71.2491, 46.7968], [-71.2489, 46.7967], [-71.2488, 46.7966], [-71.2486, 46.7965], [-71.2485, 46.7964], [-71.2484, 46.7963], [-71.2483, 46.7962], [-71.2482, 46.7962], [-71.2482, 46.7963], [-71.2483, 46.7963], [-71.2483, 46.7964], [-71.2484, 46.7965], [-71.2484, 46.7966], [-71.2484, 46.7967], [-71.2484, 46.7968], [-71.2483, 46.7969], [-71.2482, 46.7969], [-71.2481, 46.797], [-71.248, 46.797], [-71.2479, 46.797], [-71.2478, 46.7969], [-71.2477, 46.7969], [-71.2476, 46.7969], [-71.2475, 46.7968], [-71.2474, 46.7968], [-71.2473, 46.7967], [-71.2472, 46.7967], [-71.2471, 46.7967], [-71.2472, 46.7968], [-71.2473, 46.7969], [-71.2473, 46.797], [-71.2473, 46.7971], [-71.2473, 46.7972], [-71.2472, 46.7973], [-71.2471, 46.7973], [-71.2471, 46.7974], [-71.247, 46.7974], [-71.247, 46.7975], [-71.2469, 46.7976], [-71.2469, 46.7977], [-71.2469, 46.7978], [-71.2469, 46.7979], [-71.2469, 46.798], [-71.2469, 46.7981], [-71.2468, 46.7981], [-71.2467, 46.7981], [-71.2466, 46.7981], [-71.2465, 46.798], [-71.2463, 46.7979], [-71.2461, 46.7978], [-71.2459, 46.7977], [-71.2457, 46.7977], [-71.2456, 46.7977], [-71.2455, 46.7977], [-71.2454, 46.7977], [-71.2453, 46.7977], [-71.2452, 46.7978], [-71.2452, 46.7979], [-71.2451, 46.798], [-71.2449, 46.798], [-71.2447, 46.7981], [-71.2445, 46.7981], [-71.2442, 46.7981], [-71.2438, 46.7981], [-71.2434, 46.7981], [-71.243, 46.7981], [-71.2425, 46.798], [-71.2422, 46.798], [-71.2418, 46.798], [-71.2415, 46.7979], [-71.2413, 46.7978], [-71.2411, 46.7978], [-71.2409, 46.7977], [-71.2408, 46.7976], [-71.2406, 46.7976], [-71.2405, 46.7975], [-71.2404, 46.7975], [-71.2403, 46.7975], [-71.2402, 46.7975], [-71.2401, 46.7976], [-71.24, 46.7976], [-71.2399, 46.7976], [-71.2399, 46.7977], [-71.2397, 46.7977], [-71.2396, 46.7977], [-71.2395, 46.7977], [-71.2393, 46.7977], [-71.2391, 46.7977], [-71.239, 46.7976], [-71.2388, 46.7976], [-71.2387, 46.7975], [-71.2385, 46.7975], [-71.2384, 46.7974], [-71.2384, 46.7973], [-71.2383, 46.7972], [-71.2383, 46.797], [-71.2383, 46.7969], [-71.2384, 46.7968], [-71.2384, 46.7966], [-71.2385, 46.7965], [-71.2386, 46.7964], [-71.2386, 46.7963], [-71.2388, 46.7962], [-71.2389, 46.7961], [-71.239, 46.796], [-71.2391, 46.796], [-71.2392, 46.7959], [-71.2393, 46.7958], [-71.2393, 46.7957], [-71.2393, 46.7955], [-71.2393, 46.7954], [-71.2392, 46.7953], [-71.2391, 46.7952], [-71.2391, 46.795], [-71.239, 46.7949], [-71.239, 46.7948], [-71.239, 46.7947], [-71.2391, 46.7947], [-71.2392, 46.7946], [-71.2393, 46.7946], [-71.2395, 46.7947], [-71.2396, 46.7947], [-71.2397, 46.7948], [-71.2398, 46.7948], [-71.24, 46.7949], [-71.2401, 46.7951], [-71.2403, 46.7952], [-71.2404, 46.7953], [-71.2405, 46.7953], [-71.2406, 46.7954], [-71.2406, 46.7953], [-71.2406, 46.7952], [-71.2405, 46.795], [-71.2405, 46.7949], [-71.2405, 46.7948], [-71.2406, 46.7946], [-71.2407, 46.7945], [-71.2408, 46.7944], [-71.241, 46.7942], [-71.2413, 46.7941], [-71.2416, 46.794], [-71.2418, 46.7938], [-71.242, 46.7937], [-71.2421, 46.7936], [-71.2422, 46.7935], [-71.2423, 46.7934], [-71.2422, 46.7933], [-71.2422, 46.7932], [-71.242, 46.7931], [-71.2419, 46.793], [-71.2419, 46.7929], [-71.2418, 46.7928], [-71.2418, 46.7927], [-71.2419, 46.7927], [-71.2419, 46.7926], [-71.242, 46.7925], [-71.2422, 46.7925], [-71.2423, 46.7924], [-71.2424, 46.7923], [-71.2424, 46.7922], [-71.2423, 46.7921], [-71.2422, 46.792], [-71.2421, 46.792], [-71.242, 46.7919], [-71.242, 46.7918], [-71.2419, 46.7917], [-71.2419, 46.7916], [-71.2419, 46.7914], [-71.2419, 46.7913], [-71.242, 46.7911], [-71.242, 46.7909], [-71.2421, 46.7907], [-71.2422, 46.7906], [-71.2423, 46.7905], [-71.2425, 46.7903], [-71.2427, 46.7903], [-71.2429, 46.7902], [-71.2431, 46.7901], [-71.2433, 46.7901], [-71.2436, 46.7901], [-71.2439, 46.7901], [-71.2442, 46.7901], [-71.2445, 46.7901], [-71.2449, 46.7902], [-71.2453, 46.7902], [-71.2457, 46.7903], [-71.2461, 46.7904], [-71.2465, 46.7905], [-71.2469, 46.7906], [-71.2473, 46.7906], [-71.2477, 46.7907], [-71.248, 46.7907], [-71.2484, 46.7907], [-71.2487, 46.7907], [-71.2491, 46.7907], [-71.2494, 46.7907], [-71.2497, 46.7907], [-71.2499, 46.7907], [-71.2501, 46.7907], [-71.2503, 46.7908], [-71.2504, 46.7908], [-71.2505, 46.7909], [-71.2505, 46.791], [-71.2505, 46.7911], [-71.2504, 46.7912], [-71.2504, 46.7913], [-71.2503, 46.7913], [-71.2502, 46.7914], [-71.2501, 46.7915], [-71.2501, 46.7916], [-71.2501, 46.7917], [-71.2501, 46.7919], [-71.2502, 46.792], [-71.2502, 46.7921], [-71.2504, 46.7923], [-71.2504, 46.7924], [-71.2504, 46.7926], [-71.2504, 46.7927], [-71.2504, 46.7928], [-71.2503, 46.793], [-71.2502, 46.7931], [-71.25, 46.7933]]]}}, {"type": "Feature", "properties": {"couche": "voile", "station": "Collège Saint-Charles-Garnier", "minutes": 8}, "geometry": {"type": "Polygon", "coordinates": [[[-71.4096, 46.9049], [-71.0823, 46.907], [-71.0799, 46.6831], [-71.4058, 46.681], [-71.4096, 46.9049]], [[-71.2502, 46.7931], [-71.2503, 46.793], [-71.2504, 46.7928], [-71.2504, 46.7927], [-71.2504, 46.7926], [-71.2504, 46.7924], [-71.2504, 46.7923], [-71.2502, 46.7921], [-71.2502, 46.792], [-71.2501, 46.7919], [-71.2501, 46.7917], [-71.2501, 46.7916], [-71.2501, 46.7915], [-71.2502, 46.7914], [-71.2503, 46.7913], [-71.2504, 46.7913], [-71.2504, 46.7912], [-71.2505, 46.7911], [-71.2505, 46.791], [-71.2505, 46.7909], [-71.2504, 46.7908], [-71.2503, 46.7908], [-71.2501, 46.7907], [-71.2499, 46.7907], [-71.2497, 46.7907], [-71.2494, 46.7907], [-71.2491, 46.7907], [-71.2487, 46.7907], [-71.2484, 46.7907], [-71.248, 46.7907], [-71.2477, 46.7907], [-71.2473, 46.7906], [-71.2469, 46.7906], [-71.2465, 46.7905], [-71.2461, 46.7904], [-71.2457, 46.7903], [-71.2453, 46.7902], [-71.2449, 46.7902], [-71.2445, 46.7901], [-71.2442, 46.7901], [-71.2439, 46.7901], [-71.2436, 46.7901], [-71.2433, 46.7901], [-71.2431, 46.7901], [-71.2429, 46.7902], [-71.2427, 46.7903], [-71.2425, 46.7903], [-71.2423, 46.7905], [-71.2422, 46.7906], [-71.2421, 46.7907], [-71.242, 46.7909], [-71.242, 46.7911], [-71.2419, 46.7913], [-71.2419, 46.7914], [-71.2419, 46.7916], [-71.2419, 46.7917], [-71.242, 46.7918], [-71.242, 46.7919], [-71.2421, 46.792], [-71.2422, 46.792], [-71.2423, 46.7921], [-71.2424, 46.7922], [-71.2424, 46.7923], [-71.2423, 46.7924], [-71.2422, 46.7925], [-71.242, 46.7925], [-71.2419, 46.7926], [-71.2419, 46.7927], [-71.2418, 46.7927], [-71.2418, 46.7928], [-71.2419, 46.7929], [-71.2419, 46.793], [-71.242, 46.7931], [-71.2422, 46.7932], [-71.2422, 46.7933], [-71.2423, 46.7934], [-71.2422, 46.7935], [-71.2421, 46.7936], [-71.242, 46.7937], [-71.2418, 46.7938], [-71.2416, 46.794], [-71.2413, 46.7941], [-71.241, 46.7942], [-71.2408, 46.7944], [-71.2407, 46.7945], [-71.2406, 46.7946], [-71.2405, 46.7948], [-71.2405, 46.7949], [-71.2405, 46.795], [-71.2406, 46.7952], [-71.2406, 46.7953], [-71.2406, 46.7954], [-71.2405, 46.7953], [-71.2404, 46.7953], [-71.2403, 46.7952], [-71.2401, 46.7951], [-71.24, 46.7949], [-71.2398, 46.7948], [-71.2397, 46.7948], [-71.2396, 46.7947], [-71.2395, 46.7947], [-71.2393, 46.7946], [-71.2392, 46.7946], [-71.2391, 46.7947], [-71.239, 46.7947], [-71.239, 46.7948], [-71.239, 46.7949], [-71.2391, 46.795], [-71.2391, 46.7952], [-71.2392, 46.7953], [-71.2393, 46.7954], [-71.2393, 46.7955], [-71.2393, 46.7957], [-71.2393, 46.7958], [-71.2392, 46.7959], [-71.2391, 46.796], [-71.239, 46.796], [-71.2389, 46.7961], [-71.2388, 46.7962], [-71.2386, 46.7963], [-71.2386, 46.7964], [-71.2385, 46.7965], [-71.2384, 46.7966], [-71.2384, 46.7968], [-71.2383, 46.7969], [-71.2383, 46.797], [-71.2383, 46.7972], [-71.2384, 46.7973], [-71.2384, 46.7974], [-71.2385, 46.7975], [-71.2387, 46.7975], [-71.2388, 46.7976], [-71.239, 46.7976], [-71.2391, 46.7977], [-71.2393, 46.7977], [-71.2395, 46.7977], [-71.2396, 46.7977], [-71.2397, 46.7977], [-71.2399, 46.7977], [-71.2399, 46.7976], [-71.24, 46.7976], [-71.2401, 46.7976], [-71.2402, 46.7975], [-71.2403, 46.7975], [-71.2404, 46.7975], [-71.2405, 46.7975], [-71.2406, 46.7976], [-71.2408, 46.7976], [-71.2409, 46.7977], [-71.2411, 46.7978], [-71.2413, 46.7978], [-71.2415, 46.7979], [-71.2418, 46.798], [-71.2422, 46.798], [-71.2425, 46.798], [-71.243, 46.7981], [-71.2434, 46.7981], [-71.2438, 46.7981], [-71.2442, 46.7981], [-71.2445, 46.7981], [-71.2447, 46.7981], [-71.2449, 46.798], [-71.2451, 46.798], [-71.2452, 46.7979], [-71.2452, 46.7978], [-71.2453, 46.7977], [-71.2454, 46.7977], [-71.2455, 46.7977], [-71.2456, 46.7977], [-71.2457, 46.7977], [-71.2459, 46.7977], [-71.2461, 46.7978], [-71.2463, 46.7979], [-71.2465, 46.798], [-71.2466, 46.7981], [-71.2467, 46.7981], [-71.2468, 46.7981], [-71.2469, 46.7981], [-71.2469, 46.798], [-71.2469, 46.7979], [-71.2469, 46.7978], [-71.2469, 46.7977], [-71.2469, 46.7976], [-71.247, 46.7975], [-71.247, 46.7974], [-71.2471, 46.7974], [-71.2471, 46.7973], [-71.2472, 46.7973], [-71.2473, 46.7972], [-71.2473, 46.7971], [-71.2473, 46.797], [-71.2473, 46.7969], [-71.2472, 46.7968], [-71.2471, 46.7967], [-71.2472, 46.7967], [-71.2473, 46.7967], [-71.2474, 46.7968], [-71.2475, 46.7968], [-71.2476, 46.7969], [-71.2477, 46.7969], [-71.2478, 46.7969], [-71.2479, 46.797], [-71.248, 46.797], [-71.2481, 46.797], [-71.2482, 46.7969], [-71.2483, 46.7969], [-71.2484, 46.7968], [-71.2484, 46.7967], [-71.2484, 46.7966], [-71.2484, 46.7965], [-71.2483, 46.7964], [-71.2483, 46.7963], [-71.2482, 46.7963], [-71.2482, 46.7962], [-71.2483, 46.7962], [-71.2484, 46.7963], [-71.2485, 46.7964], [-71.2486, 46.7965], [-71.2488, 46.7966], [-71.2489, 46.7967], [-71.2491, 46.7968], [-71.2492, 46.7969], [-71.2494, 46.7969], [-71.2495, 46.797], [-71.2496, 46.797], [-71.2497, 46.797], [-71.2498, 46.797], [-71.2499, 46.7969], [-71.25, 46.7968], [-71.25, 46.7967], [-71.25, 46.7966], [-71.25, 46.7964], [-71.25, 46.7963], [-71.25, 46.7961], [-71.25, 46.7959], [-71.25, 46.7957], [-71.25, 46.7956], [-71.25, 46.7954], [-71.2501, 46.7952], [-71.2501, 46.795], [-71.2502, 46.7948], [-71.2503, 46.7946], [-71.2504, 46.7945], [-71.2504, 46.7943], [-71.2504, 46.7942], [-71.2503, 46.7941], [-71.2502, 46.794], [-71.2501, 46.794], [-71.25, 46.7939], [-71.2498, 46.7939], [-71.2497, 46.7939], [-71.2496, 46.7938], [-71.2495, 46.7938], [-71.2495, 46.7937], [-71.2496, 46.7936], [-71.2497, 46.7935], [-71.2498, 46.7934], [-71.25, 46.7933], [-71.2502, 46.7931]]]}}, {"type": "Feature", "properties": {"couche": "aire_marche", "station": "Collège Saint-Charles-Garnier", "ordre": 16, "minutes": 9, "superficie_ha": 74.1, "rue_km": 22.74, "disque_ha": 124.7, "part_disque_pct": 59, "accroche_m": 1, "population": 3597, "navetteurs": 1085, "mode_auto_pct": 60, "mode_tc_pct": 19, "mode_actif_pct": 21, "mode_autre_pct": 0}, "geometry": {"type": "Polygon", "coordinates": [[[-71.2509, 46.796], [-71.2508, 46.7963], [-71.2507, 46.7966], [-71.2506, 46.7968], [-71.2504, 46.797], [-71.2503, 46.7972], [-71.2501, 46.7973], [-71.2498, 46.7974], [-71.2496, 46.7975], [-71.2493, 46.7975], [-71.2491, 46.7975], [-71.2489, 46.7975], [-71.2486, 46.7974], [-71.2484, 46.7974], [-71.2482, 46.7973], [-71.248, 46.7972], [-71.2478, 46.7971], [-71.2476, 46.797], [-71.2475, 46.7969], [-71.2474, 46.7968], [-71.2473, 46.7968], [-71.2473, 46.7969], [-71.2474, 46.797], [-71.2476, 46.7971], [-71.2477, 46.7972], [-71.2478, 46.7974], [-71.2478, 46.7975], [-71.2479, 46.7976], [-71.2479, 46.7978], [-71.2479, 46.7979], [-71.2478, 46.7981], [-71.2477, 46.7982], [-71.2476, 46.7984], [-71.2474, 46.7985], [-71.2472, 46.7986], [-71.2468, 46.7986], [-71.2464, 46.7987], [-71.246, 46.7987], [-71.2455, 46.7987], [-71.2449, 46.7987], [-71.2444, 46.7986], [-71.2439, 46.7986], [-71.2436, 46.7985], [-71.2432, 46.7985], [-71.243, 46.7984], [-71.2428, 46.7984], [-71.2426, 46.7983], [-71.2426, 46.7982], [-71.2425, 46.7982], [-71.2424, 46.7982], [-71.2423, 46.7981], [-71.2422, 46.7981], [-71.2422, 46.7982], [-71.2421, 46.7982], [-71.2421, 46.7983], [-71.242, 46.7983], [-71.2419, 46.7983], [-71.2419, 46.7984], [-71.2418, 46.7984], [-71.2416, 46.7984], [-71.2415, 46.7984], [-71.2414, 46.7984], [-71.2412, 46.7984], [-71.2411, 46.7984], [-71.2409, 46.7983], [-71.2407, 46.7983], [-71.2406, 46.7982], [-71.2404, 46.7982], [-71.2402, 46.7981], [-71.24, 46.798], [-71.2399, 46.7979], [-71.2397, 46.7978], [-71.2395, 46.7978], [-71.2394, 46.7977], [-71.2392, 46.7977], [-71.2391, 46.7977], [-71.239, 46.7977], [-71.2388, 46.7978], [-71.2387, 46.7979], [-71.2386, 46.7979], [-71.2385, 46.798], [-71.2384, 46.798], [-71.2383, 46.798], [-71.2382, 46.798], [-71.2381, 46.798], [-71.238, 46.798], [-71.2379, 46.798], [-71.2378, 46.7979], [-71.2378, 46.7978], [-71.2378, 46.7977], [-71.2379, 46.7976], [-71.238, 46.7975], [-71.2381, 46.7974], [-71.2382, 46.7973], [-71.2383, 46.7972], [-71.2383, 46.7971], [-71.2383, 46.797], [-71.2383, 46.7969], [-71.2382, 46.7969], [-71.2381, 46.7968], [-71.238, 46.7968], [-71.2379, 46.7967], [-71.2379, 46.7966], [-71.2378, 46.7966], [-71.2378, 46.7965], [-71.2378, 46.7964], [-71.2378, 46.7963], [-71.2378, 46.7962], [-71.2378, 46.7961], [-71.2379, 46.796], [-71.238, 46.796], [-71.2381, 46.7959], [-71.2382, 46.7959], [-71.2384, 46.7959], [-71.2386, 46.7958], [-71.2388, 46.7958], [-71.239, 46.7958], [-71.2391, 46.7957], [-71.2391, 46.7956], [-71.2392, 46.7955], [-71.2391, 46.7954], [-71.2391, 46.7953], [-71.239, 46.7951], [-71.2388, 46.7949], [-71.2387, 46.7947], [-71.2386, 46.7946], [-71.2385, 46.7945], [-71.2385, 46.7944], [-71.2385, 46.7943], [-71.2386, 46.7942], [-71.2388, 46.7942], [-71.2389, 46.7943], [-71.239, 46.7943], [-71.2392, 46.7944], [-71.2393, 46.7945], [-71.2395, 46.7946], [-71.2397, 46.7947], [-71.2399, 46.7949], [-71.2401, 46.795], [-71.2403, 46.7952], [-71.2404, 46.7953], [-71.2405, 46.7953], [-71.2406, 46.7953], [-71.2406, 46.7952], [-71.2405, 46.795], [-71.2405, 46.7949], [-71.2405, 46.7948], [-71.2406, 46.7946], [-71.2407, 46.7945], [-71.2408, 46.7944], [-71.241, 46.7942], [-71.2413, 46.7941], [-71.2416, 46.794], [-71.2418, 46.7938], [-71.242, 46.7937], [-71.2421, 46.7935], [-71.2421, 46.7934], [-71.2421, 46.7932], [-71.2421, 46.7931], [-71.2419, 46.7929], [-71.2417, 46.7927], [-71.2416, 46.7925], [-71.2414, 46.7923], [-71.2413, 46.7921], [-71.2412, 46.7919], [-71.2412, 46.7917], [-71.2412, 46.7914], [-71.2412, 46.7912], [-71.2412, 46.791], [-71.2413, 46.7907], [-71.2414, 46.7905], [-71.2415, 46.7903], [-71.2416, 46.7902], [-71.2418, 46.79], [-71.2419, 46.7899], [-71.2421, 46.7898], [-71.2423, 46.7897], [-71.2425, 46.7897], [-71.2428, 46.7896], [-71.243, 46.7896], [-71.2433, 46.7896], [-71.2435, 46.7895], [-71.2438, 46.7895], [-71.2441, 46.7895], [-71.2444, 46.7896], [-71.2447, 46.7896], [-71.245, 46.7896], [-71.2452, 46.7897], [-71.2455, 46.7897], [-71.2457, 46.7898], [-71.2459, 46.7898], [-71.2461, 46.7899], [-71.2463, 46.79], [-71.2465, 46.7901], [-71.2466, 46.7901], [-71.2468, 46.7902], [-71.2469, 46.7902], [-71.2471, 46.7902], [-71.2472, 46.7902], [-71.2473, 46.7902], [-71.2474, 46.7901], [-71.2476, 46.7901], [-71.2477, 46.7901], [-71.2478, 46.7901], [-71.2479, 46.7901], [-71.248, 46.7902], [-71.2481, 46.7902], [-71.2482, 46.7903], [-71.2483, 46.7904], [-71.2484, 46.7904], [-71.2485, 46.7904], [-71.2485, 46.7905], [-71.2486, 46.7905], [-71.2487, 46.7905], [-71.2487, 46.7904], [-71.2488, 46.7904], [-71.2489, 46.7903], [-71.249, 46.7903], [-71.249, 46.7902], [-71.2491, 46.7902], [-71.2492, 46.7903], [-71.2493, 46.7903], [-71.2494, 46.7903], [-71.2495, 46.7904], [-71.2497, 46.7905], [-71.2498, 46.7905], [-71.2499, 46.7905], [-71.2501, 46.7905], [-71.2502, 46.7905], [-71.2503, 46.7905], [-71.2505, 46.7905], [-71.2507, 46.7905], [-71.2508, 46.7904], [-71.2509, 46.7904], [-71.2509, 46.7905], [-71.251, 46.7905], [-71.251, 46.7906], [-71.2509, 46.7907], [-71.2508, 46.7908], [-71.2508, 46.7909], [-71.2507, 46.791], [-71.2507, 46.7911], [-71.2507, 46.7912], [-71.2508, 46.7913], [-71.2509, 46.7914], [-71.251, 46.7914], [-71.2511, 46.7915], [-71.2511, 46.7916], [-71.2512, 46.7917], [-71.2512, 46.7919], [-71.2512, 46.7921], [-71.2512, 46.7923], [-71.2512, 46.7925], [-71.2512, 46.7927], [-71.2512, 46.7929], [-71.2511, 46.7931], [-71.2509, 46.7932], [-71.2508, 46.7933], [-71.2506, 46.7934], [-71.2503, 46.7935], [-71.2501, 46.7936], [-71.2499, 46.7937], [-71.2497, 46.7937], [-71.2496, 46.7937], [-71.2496, 46.7938], [-71.2497, 46.7938], [-71.2498, 46.7938], [-71.25, 46.7938], [-71.2501, 46.7938], [-71.2503, 46.7938], [-71.2504, 46.7938], [-71.2506, 46.7939], [-71.2507, 46.794], [-71.2508, 46.7941], [-71.2509, 46.7942], [-71.251, 46.7943], [-71.251, 46.7945], [-71.2511, 46.7947], [-71.2511, 46.7949], [-71.2511, 46.7951], [-71.2511, 46.7954], [-71.251, 46.7957], [-71.2509, 46.796]]]}}, {"type": "Feature", "properties": {"couche": "voile", "station": "Collège Saint-Charles-Garnier", "minutes": 9}, "geometry": {"type": "Polygon", "coordinates": [[[-71.4103, 46.9055], [-71.0818, 46.9076], [-71.0794, 46.6825], [-71.4065, 46.6804], [-71.4103, 46.9055]], [[-71.251, 46.7957], [-71.2511, 46.7954], [-71.2511, 46.7951], [-71.2511, 46.7949], [-71.2511, 46.7947], [-71.251, 46.7945], [-71.251, 46.7943], [-71.2509, 46.7942], [-71.2508, 46.7941], [-71.2507, 46.794], [-71.2506, 46.7939], [-71.2504, 46.7938], [-71.2503, 46.7938], [-71.2501, 46.7938], [-71.25, 46.7938], [-71.2498, 46.7938], [-71.2497, 46.7938], [-71.2496, 46.7938], [-71.2496, 46.7937], [-71.2497, 46.7937], [-71.2499, 46.7937], [-71.2501, 46.7936], [-71.2503, 46.7935], [-71.2506, 46.7934], [-71.2508, 46.7933], [-71.2509, 46.7932], [-71.2511, 46.7931], [-71.2512, 46.7929], [-71.2512, 46.7927], [-71.2512, 46.7925], [-71.2512, 46.7923], [-71.2512, 46.7921], [-71.2512, 46.7919], [-71.2512, 46.7917], [-71.2511, 46.7916], [-71.2511, 46.7915], [-71.251, 46.7914], [-71.2509, 46.7914], [-71.2508, 46.7913], [-71.2507, 46.7912], [-71.2507, 46.7911], [-71.2507, 46.791], [-71.2508, 46.7909], [-71.2508, 46.7908], [-71.2509, 46.7907], [-71.251, 46.7906], [-71.251, 46.7905], [-71.2509, 46.7905], [-71.2509, 46.7904], [-71.2508, 46.7904], [-71.2507, 46.7905], [-71.2505, 46.7905], [-71.2503, 46.7905], [-71.2502, 46.7905], [-71.2501, 46.7905], [-71.2499, 46.7905], [-71.2498, 46.7905], [-71.2497, 46.7905], [-71.2495, 46.7904], [-71.2494, 46.7903], [-71.2493, 46.7903], [-71.2492, 46.7903], [-71.2491, 46.7902], [-71.249, 46.7902], [-71.249, 46.7903], [-71.2489, 46.7903], [-71.2488, 46.7904], [-71.2487, 46.7904], [-71.2487, 46.7905], [-71.2486, 46.7905], [-71.2485, 46.7905], [-71.2485, 46.7904], [-71.2484, 46.7904], [-71.2483, 46.7904], [-71.2482, 46.7903], [-71.2481, 46.7902], [-71.248, 46.7902], [-71.2479, 46.7901], [-71.2478, 46.7901], [-71.2477, 46.7901], [-71.2476, 46.7901], [-71.2474, 46.7901], [-71.2473, 46.7902], [-71.2472, 46.7902], [-71.2471, 46.7902], [-71.2469, 46.7902], [-71.2468, 46.7902], [-71.2466, 46.7901], [-71.2465, 46.7901], [-71.2463, 46.79], [-71.2461, 46.7899], [-71.2459, 46.7898], [-71.2457, 46.7898], [-71.2455, 46.7897], [-71.2452, 46.7897], [-71.245, 46.7896], [-71.2447, 46.7896], [-71.2444, 46.7896], [-71.2441, 46.7895], [-71.2438, 46.7895], [-71.2435, 46.7895], [-71.2433, 46.7896], [-71.243, 46.7896], [-71.2428, 46.7896], [-71.2425, 46.7897], [-71.2423, 46.7897], [-71.2421, 46.7898], [-71.2419, 46.7899], [-71.2418, 46.79], [-71.2416, 46.7902], [-71.2415, 46.7903], [-71.2414, 46.7905], [-71.2413, 46.7907], [-71.2412, 46.791], [-71.2412, 46.7912], [-71.2412, 46.7914], [-71.2412, 46.7917], [-71.2412, 46.7919], [-71.2413, 46.7921], [-71.2414, 46.7923], [-71.2416, 46.7925], [-71.2417, 46.7927], [-71.2419, 46.7929], [-71.2421, 46.7931], [-71.2421, 46.7932], [-71.2421, 46.7934], [-71.2421, 46.7935], [-71.242, 46.7937], [-71.2418, 46.7938], [-71.2416, 46.794], [-71.2413, 46.7941], [-71.241, 46.7942], [-71.2408, 46.7944], [-71.2407, 46.7945], [-71.2406, 46.7946], [-71.2405, 46.7948], [-71.2405, 46.7949], [-71.2405, 46.795], [-71.2406, 46.7952], [-71.2406, 46.7953], [-71.2405, 46.7953], [-71.2404, 46.7953], [-71.2403, 46.7952], [-71.2401, 46.795], [-71.2399, 46.7949], [-71.2397, 46.7947], [-71.2395, 46.7946], [-71.2393, 46.7945], [-71.2392, 46.7944], [-71.239, 46.7943], [-71.2389, 46.7943], [-71.2388, 46.7942], [-71.2386, 46.7942], [-71.2385, 46.7943], [-71.2385, 46.7944], [-71.2385, 46.7945], [-71.2386, 46.7946], [-71.2387, 46.7947], [-71.2388, 46.7949], [-71.239, 46.7951], [-71.2391, 46.7953], [-71.2391, 46.7954], [-71.2392, 46.7955], [-71.2391, 46.7956], [-71.2391, 46.7957], [-71.239, 46.7958], [-71.2388, 46.7958], [-71.2386, 46.7958], [-71.2384, 46.7959], [-71.2382, 46.7959], [-71.2381, 46.7959], [-71.238, 46.796], [-71.2379, 46.796], [-71.2378, 46.7961], [-71.2378, 46.7962], [-71.2378, 46.7963], [-71.2378, 46.7964], [-71.2378, 46.7965], [-71.2378, 46.7966], [-71.2379, 46.7966], [-71.2379, 46.7967], [-71.238, 46.7968], [-71.2381, 46.7968], [-71.2382, 46.7969], [-71.2383, 46.7969], [-71.2383, 46.797], [-71.2383, 46.7971], [-71.2383, 46.7972], [-71.2382, 46.7973], [-71.2381, 46.7974], [-71.238, 46.7975], [-71.2379, 46.7976], [-71.2378, 46.7977], [-71.2378, 46.7978], [-71.2378, 46.7979], [-71.2379, 46.798], [-71.238, 46.798], [-71.2381, 46.798], [-71.2382, 46.798], [-71.2383, 46.798], [-71.2384, 46.798], [-71.2385, 46.798], [-71.2386, 46.7979], [-71.2387, 46.7979], [-71.2388, 46.7978], [-71.239, 46.7977], [-71.2391, 46.7977], [-71.2392, 46.7977], [-71.2394, 46.7977], [-71.2395, 46.7978], [-71.2397, 46.7978], [-71.2399, 46.7979], [-71.24, 46.798], [-71.2402, 46.7981], [-71.2404, 46.7982], [-71.2406, 46.7982], [-71.2407, 46.7983], [-71.2409, 46.7983], [-71.2411, 46.7984], [-71.2412, 46.7984], [-71.2414, 46.7984], [-71.2415, 46.7984], [-71.2416, 46.7984], [-71.2418, 46.7984], [-71.2419, 46.7984], [-71.2419, 46.7983], [-71.242, 46.7983], [-71.2421, 46.7983], [-71.2421, 46.7982], [-71.2422, 46.7982], [-71.2422, 46.7981], [-71.2423, 46.7981], [-71.2424, 46.7982], [-71.2425, 46.7982], [-71.2426, 46.7982], [-71.2426, 46.7983], [-71.2428, 46.7984], [-71.243, 46.7984], [-71.2432, 46.7985], [-71.2436, 46.7985], [-71.2439, 46.7986], [-71.2444, 46.7986], [-71.2449, 46.7987], [-71.2455, 46.7987], [-71.246, 46.7987], [-71.2464, 46.7987], [-71.2468, 46.7986], [-71.2472, 46.7986], [-71.2474, 46.7985], [-71.2476, 46.7984], [-71.2477, 46.7982], [-71.2478, 46.7981], [-71.2479, 46.7979], [-71.2479, 46.7978], [-71.2479, 46.7976], [-71.2478, 46.7975], [-71.2478, 46.7974], [-71.2477, 46.7972], [-71.2476, 46.7971], [-71.2474, 46.797], [-71.2473, 46.7969], [-71.2473, 46.7968], [-71.2474, 46.7968], [-71.2475, 46.7969], [-71.2476, 46.797], [-71.2478, 46.7971], [-71.248, 46.7972], [-71.2482, 46.7973], [-71.2484, 46.7974], [-71.2486, 46.7974], [-71.2489, 46.7975], [-71.2491, 46.7975], [-71.2493, 46.7975], [-71.2496, 46.7975], [-71.2498, 46.7974], [-71.2501, 46.7973], [-71.2503, 46.7972], [-71.2504, 46.797], [-71.2506, 46.7968], [-71.2507, 46.7966], [-71.2508, 46.7963], [-71.2509, 46.796], [-71.251, 46.7957]]]}}, {"type": "Feature", "properties": {"couche": "aire_marche", "station": "Collège Saint-Charles-Garnier", "ordre": 16, "minutes": 10, "superficie_ha": 89.1, "rue_km": 27.81, "disque_ha": 153.9, "part_disque_pct": 58, "accroche_m": 1, "population": 4534, "navetteurs": 1323, "mode_auto_pct": 59, "mode_tc_pct": 19, "mode_actif_pct": 22, "mode_autre_pct": 0}, "geometry": {"type": "Polygon", "coordinates": [[[-71.2517, 46.7905], [-71.2516, 46.7906], [-71.2515, 46.7907], [-71.2514, 46.7907], [-71.2514, 46.7908], [-71.2514, 46.7909], [-71.2515, 46.7909], [-71.2516, 46.7909], [-71.2516, 46.791], [-71.2517, 46.791], [-71.2518, 46.7911], [-71.2517, 46.7912], [-71.2517, 46.7913], [-71.2517, 46.7914], [-71.2516, 46.7915], [-71.2517, 46.7916], [-71.2517, 46.7917], [-71.2518, 46.7917], [-71.2519, 46.7917], [-71.2519, 46.7918], [-71.252, 46.7918], [-71.252, 46.7919], [-71.252, 46.792], [-71.2519, 46.7921], [-71.2518, 46.7921], [-71.2518, 46.7922], [-71.2517, 46.7923], [-71.2516, 46.7924], [-71.2516, 46.7925], [-71.2516, 46.7926], [-71.2517, 46.7926], [-71.2518, 46.7927], [-71.2519, 46.7928], [-71.2519, 46.7929], [-71.2519, 46.793], [-71.2519, 46.7931], [-71.2519, 46.7932], [-71.2519, 46.7934], [-71.2519, 46.7935], [-71.2518, 46.7936], [-71.2518, 46.7937], [-71.2517, 46.7937], [-71.2517, 46.7938], [-71.2516, 46.7938], [-71.2515, 46.7939], [-71.2514, 46.7939], [-71.2513, 46.7939], [-71.2512, 46.7939], [-71.2511, 46.7939], [-71.251, 46.7938], [-71.2509, 46.7938], [-71.2508, 46.7937], [-71.2507, 46.7936], [-71.2506, 46.7936], [-71.2505, 46.7935], [-71.2504, 46.7934], [-71.2503, 46.7934], [-71.2501, 46.7934], [-71.25, 46.7934], [-71.2499, 46.7934], [-71.2498, 46.7935], [-71.2496, 46.7936], [-71.2495, 46.7936], [-71.2495, 46.7937], [-71.2494, 46.7937], [-71.2494, 46.7938], [-71.2495, 46.7938], [-71.2496, 46.7938], [-71.2497, 46.7938], [-71.2499, 46.7937], [-71.25, 46.7937], [-71.2501, 46.7937], [-71.2503, 46.7937], [-71.2504, 46.7937], [-71.2505, 46.7937], [-71.2506, 46.7938], [-71.2507, 46.7939], [-71.2508, 46.7939], [-71.2509, 46.7939], [-71.2509, 46.794], [-71.251, 46.794], [-71.2511, 46.7941], [-71.2512, 46.7941], [-71.2514, 46.7942], [-71.2515, 46.7942], [-71.2516, 46.7942], [-71.2517, 46.7943], [-71.2517, 46.7944], [-71.2517, 46.7945], [-71.2517, 46.7946], [-71.2517, 46.7947], [-71.2516, 46.7948], [-71.2515, 46.795], [-71.2514, 46.7951], [-71.2513, 46.7952], [-71.2513, 46.7954], [-71.2513, 46.7955], [-71.2513, 46.7956], [-71.2513, 46.7957], [-71.2514, 46.7958], [-71.2514, 46.7959], [-71.2515, 46.796], [-71.2515, 46.7961], [-71.2515, 46.7962], [-71.2516, 46.7964], [-71.2515, 46.7965], [-71.2515, 46.7967], [-71.2515, 46.7969], [-71.2514, 46.7971], [-71.2513, 46.7973], [-71.2512, 46.7974], [-71.251, 46.7976], [-71.2508, 46.7977], [-71.2506, 46.7977], [-71.2503, 46.7978], [-71.25, 46.7978], [-71.2497, 46.7978], [-71.2494, 46.7978], [-71.2491, 46.7979], [-71.2489, 46.798], [-71.2487, 46.7981], [-71.2485, 46.7982], [-71.2483, 46.7983], [-71.2482, 46.7985], [-71.2482, 46.7986], [-71.2481, 46.7988], [-71.248, 46.7989], [-71.2479, 46.799], [-71.2477, 46.7991], [-71.2476, 46.7991], [-71.2474, 46.7991], [-71.2472, 46.799], [-71.247, 46.799], [-71.2468, 46.7989], [-71.2466, 46.7989], [-71.2464, 46.7988], [-71.2462, 46.7988], [-71.246, 46.7988], [-71.2459, 46.7988], [-71.2457, 46.7989], [-71.2456, 46.7989], [-71.2454, 46.799], [-71.2453, 46.799], [-71.2451, 46.799], [-71.2449, 46.799], [-71.2447, 46.799], [-71.2445, 46.7989], [-71.2442, 46.7989], [-71.244, 46.7988], [-71.2437, 46.7988], [-71.2435, 46.7988], [-71.2433, 46.7987], [-71.2431, 46.7987], [-71.2429, 46.7987], [-71.2428, 46.7987], [-71.2427, 46.7988], [-71.2425, 46.7988], [-71.2424, 46.7988], [-71.2423, 46.7989], [-71.2422, 46.7989], [-71.2421, 46.7988], [-71.242, 46.7988], [-71.2419, 46.7987], [-71.2418, 46.7987], [-71.2417, 46.7986], [-71.2416, 46.7986], [-71.2415, 46.7985], [-71.2413, 46.7985], [-71.2412, 46.7985], [-71.241, 46.7985], [-71.2408, 46.7986], [-71.2406, 46.7986], [-71.2404, 46.7986], [-71.2402, 46.7986], [-71.2401, 46.7986], [-71.2399, 46.7985], [-71.2398, 46.7985], [-71.2397, 46.7983], [-71.2396, 46.7982], [-71.2395, 46.7981], [-71.2395, 46.798], [-71.2394, 46.7979], [-71.2393, 46.7978], [-71.2392, 46.7978], [-71.2392, 46.7979], [-71.2391, 46.798], [-71.2391, 46.7981], [-71.239, 46.7982], [-71.2389, 46.7983], [-71.2388, 46.7984], [-71.2387, 46.7985], [-71.2385, 46.7985], [-71.2383, 46.7985], [-71.2381, 46.7985], [-71.2378, 46.7985], [-71.2376, 46.7984], [-71.2374, 46.7983], [-71.2373, 46.7981], [-71.2372, 46.7979], [-71.2371, 46.7977], [-71.2371, 46.7974], [-71.2371, 46.7971], [-71.2371, 46.7967], [-71.2372, 46.7964], [-71.2372, 46.7961], [-71.2373, 46.7959], [-71.2375, 46.7957], [-71.2376, 46.7956], [-71.2378, 46.7955], [-71.238, 46.7955], [-71.2382, 46.7955], [-71.2384, 46.7955], [-71.2385, 46.7954], [-71.2386, 46.7954], [-71.2386, 46.7953], [-71.2385, 46.7952], [-71.2385, 46.795], [-71.2383, 46.7948], [-71.2381, 46.7946], [-71.238, 46.7944], [-71.2379, 46.7943], [-71.2378, 46.7942], [-71.2378, 46.7941], [-71.2378, 46.794], [-71.2378, 46.7939], [-71.2379, 46.7939], [-71.238, 46.7938], [-71.2381, 46.7939], [-71.2383, 46.7939], [-71.2385, 46.794], [-71.2387, 46.7941], [-71.2389, 46.7942], [-71.2392, 46.7944], [-71.2395, 46.7946], [-71.2398, 46.7948], [-71.24, 46.795], [-71.2402, 46.7952], [-71.2404, 46.7953], [-71.2405, 46.7953], [-71.2406, 46.7953], [-71.2406, 46.7952], [-71.2405, 46.795], [-71.2405, 46.7949], [-71.2405, 46.7948], [-71.2406, 46.7946], [-71.2407, 46.7945], [-71.2408, 46.7944], [-71.241, 46.7942], [-71.2413, 46.7941], [-71.2416, 46.794], [-71.2418, 46.7938], [-71.242, 46.7937], [-71.2422, 46.7936], [-71.2423, 46.7934], [-71.2423, 46.7933], [-71.2423, 46.7932], [-71.2422, 46.793], [-71.2421, 46.7929], [-71.242, 46.7928], [-71.2419, 46.7927], [-71.2417, 46.7926], [-71.2416, 46.7926], [-71.2415, 46.7925], [-71.2413, 46.7925], [-71.2411, 46.7925], [-71.241, 46.7925], [-71.2408, 46.7925], [-71.2407, 46.7924], [-71.2406, 46.7923], [-71.2406, 46.7922], [-71.2406, 46.792], [-71.2407, 46.7917], [-71.2407, 46.7915], [-71.2409, 46.7911], [-71.241, 46.7908], [-71.2412, 46.7906], [-71.2415, 46.7903], [-71.2418, 46.7901], [-71.2421, 46.7899], [-71.2425, 46.7897], [-71.243, 46.7896], [-71.2435, 46.7895], [-71.244, 46.7894], [-71.2444, 46.7893], [-71.2449, 46.7893], [-71.2453, 46.7893], [-71.2457, 46.7893], [-71.2461, 46.7894], [-71.2465, 46.7895], [-71.2468, 46.7896], [-71.2471, 46.7898], [-71.2474, 46.7898], [-71.2477, 46.7899], [-71.2479, 46.7899], [-71.248, 46.7899], [-71.2482, 46.7899], [-71.2483, 46.7899], [-71.2483, 46.7898], [-71.2484, 46.7898], [-71.2485, 46.7898], [-71.2486, 46.7898], [-71.2487, 46.7898], [-71.2488, 46.7898], [-71.249, 46.7899], [-71.2491, 46.79], [-71.2492, 46.79], [-71.2493, 46.7901], [-71.2494, 46.7901], [-71.2495, 46.7901], [-71.2496, 46.7901], [-71.2496, 46.79], [-71.2497, 46.79], [-71.2498, 46.7899], [-71.2499, 46.7899], [-71.25, 46.7899], [-71.2501, 46.7898], [-71.2503, 46.7899], [-71.2505, 46.7899], [-71.2507, 46.7899], [-71.2509, 46.79], [-71.2511, 46.79], [-71.2514, 46.7901], [-71.2515, 46.7902], [-71.2516, 46.7902], [-71.2517, 46.7903], [-71.2518, 46.7904], [-71.2517, 46.7904], [-71.2517, 46.7905]]]}}, {"type": "Feature", "properties": {"couche": "voile", "station": "Collège Saint-Charles-Garnier", "minutes": 10}, "geometry": {"type": "Polygon", "coordinates": [[[-71.4111, 46.9059], [-71.0811, 46.908], [-71.0787, 46.6823], [-71.4073, 46.6802], [-71.4111, 46.9059]], [[-71.2517, 46.7904], [-71.2518, 46.7904], [-71.2517, 46.7903], [-71.2516, 46.7902], [-71.2515, 46.7902], [-71.2514, 46.7901], [-71.2511, 46.79], [-71.2509, 46.79], [-71.2507, 46.7899], [-71.2505, 46.7899], [-71.2503, 46.7899], [-71.2501, 46.7898], [-71.25, 46.7899], [-71.2499, 46.7899], [-71.2498, 46.7899], [-71.2497, 46.79], [-71.2496, 46.79], [-71.2496, 46.7901], [-71.2495, 46.7901], [-71.2494, 46.7901], [-71.2493, 46.7901], [-71.2492, 46.79], [-71.2491, 46.79], [-71.249, 46.7899], [-71.2488, 46.7898], [-71.2487, 46.7898], [-71.2486, 46.7898], [-71.2485, 46.7898], [-71.2484, 46.7898], [-71.2483, 46.7898], [-71.2483, 46.7899], [-71.2482, 46.7899], [-71.248, 46.7899], [-71.2479, 46.7899], [-71.2477, 46.7899], [-71.2474, 46.7898], [-71.2471, 46.7898], [-71.2468, 46.7896], [-71.2465, 46.7895], [-71.2461, 46.7894], [-71.2457, 46.7893], [-71.2453, 46.7893], [-71.2449, 46.7893], [-71.2444, 46.7893], [-71.244, 46.7894], [-71.2435, 46.7895], [-71.243, 46.7896], [-71.2425, 46.7897], [-71.2421, 46.7899], [-71.2418, 46.7901], [-71.2415, 46.7903], [-71.2412, 46.7906], [-71.241, 46.7908], [-71.2409, 46.7911], [-71.2407, 46.7915], [-71.2407, 46.7917], [-71.2406, 46.792], [-71.2406, 46.7922], [-71.2406, 46.7923], [-71.2407, 46.7924], [-71.2408, 46.7925], [-71.241, 46.7925], [-71.2411, 46.7925], [-71.2413, 46.7925], [-71.2415, 46.7925], [-71.2416, 46.7926], [-71.2417, 46.7926], [-71.2419, 46.7927], [-71.242, 46.7928], [-71.2421, 46.7929], [-71.2422, 46.793], [-71.2423, 46.7932], [-71.2423, 46.7933], [-71.2423, 46.7934], [-71.2422, 46.7936], [-71.242, 46.7937], [-71.2418, 46.7938], [-71.2416, 46.794], [-71.2413, 46.7941], [-71.241, 46.7942], [-71.2408, 46.7944], [-71.2407, 46.7945], [-71.2406, 46.7946], [-71.2405, 46.7948], [-71.2405, 46.7949], [-71.2405, 46.795], [-71.2406, 46.7952], [-71.2406, 46.7953], [-71.2405, 46.7953], [-71.2404, 46.7953], [-71.2402, 46.7952], [-71.24, 46.795], [-71.2398, 46.7948], [-71.2395, 46.7946], [-71.2392, 46.7944], [-71.2389, 46.7942], [-71.2387, 46.7941], [-71.2385, 46.794], [-71.2383, 46.7939], [-71.2381, 46.7939], [-71.238, 46.7938], [-71.2379, 46.7939], [-71.2378, 46.7939], [-71.2378, 46.794], [-71.2378, 46.7941], [-71.2378, 46.7942], [-71.2379, 46.7943], [-71.238, 46.7944], [-71.2381, 46.7946], [-71.2383, 46.7948], [-71.2385, 46.795], [-71.2385, 46.7952], [-71.2386, 46.7953], [-71.2386, 46.7954], [-71.2385, 46.7954], [-71.2384, 46.7955], [-71.2382, 46.7955], [-71.238, 46.7955], [-71.2378, 46.7955], [-71.2376, 46.7956], [-71.2375, 46.7957], [-71.2373, 46.7959], [-71.2372, 46.7961], [-71.2372, 46.7964], [-71.2371, 46.7967], [-71.2371, 46.7971], [-71.2371, 46.7974], [-71.2371, 46.7977], [-71.2372, 46.7979], [-71.2373, 46.7981], [-71.2374, 46.7983], [-71.2376, 46.7984], [-71.2378, 46.7985], [-71.2381, 46.7985], [-71.2383, 46.7985], [-71.2385, 46.7985], [-71.2387, 46.7985], [-71.2388, 46.7984], [-71.2389, 46.7983], [-71.239, 46.7982], [-71.2391, 46.7981], [-71.2391, 46.798], [-71.2392, 46.7979], [-71.2392, 46.7978], [-71.2393, 46.7978], [-71.2394, 46.7979], [-71.2395, 46.798], [-71.2395, 46.7981], [-71.2396, 46.7982], [-71.2397, 46.7983], [-71.2398, 46.7985], [-71.2399, 46.7985], [-71.2401, 46.7986], [-71.2402, 46.7986], [-71.2404, 46.7986], [-71.2406, 46.7986], [-71.2408, 46.7986], [-71.241, 46.7985], [-71.2412, 46.7985], [-71.2413, 46.7985], [-71.2415, 46.7985], [-71.2416, 46.7986], [-71.2417, 46.7986], [-71.2418, 46.7987], [-71.2419, 46.7987], [-71.242, 46.7988], [-71.2421, 46.7988], [-71.2422, 46.7989], [-71.2423, 46.7989], [-71.2424, 46.7988], [-71.2425, 46.7988], [-71.2427, 46.7988], [-71.2428, 46.7987], [-71.2429, 46.7987], [-71.2431, 46.7987], [-71.2433, 46.7987], [-71.2435, 46.7988], [-71.2437, 46.7988], [-71.244, 46.7988], [-71.2442, 46.7989], [-71.2445, 46.7989], [-71.2447, 46.799], [-71.2449, 46.799], [-71.2451, 46.799], [-71.2453, 46.799], [-71.2454, 46.799], [-71.2456, 46.7989], [-71.2457, 46.7989], [-71.2459, 46.7988], [-71.246, 46.7988], [-71.2462, 46.7988], [-71.2464, 46.7988], [-71.2466, 46.7989], [-71.2468, 46.7989], [-71.247, 46.799], [-71.2472, 46.799], [-71.2474, 46.7991], [-71.2476, 46.7991], [-71.2477, 46.7991], [-71.2479, 46.799], [-71.248, 46.7989], [-71.2481, 46.7988], [-71.2482, 46.7986], [-71.2482, 46.7985], [-71.2483, 46.7983], [-71.2485, 46.7982], [-71.2487, 46.7981], [-71.2489, 46.798], [-71.2491, 46.7979], [-71.2494, 46.7978], [-71.2497, 46.7978], [-71.25, 46.7978], [-71.2503, 46.7978], [-71.2506, 46.7977], [-71.2508, 46.7977], [-71.251, 46.7976], [-71.2512, 46.7974], [-71.2513, 46.7973], [-71.2514, 46.7971], [-71.2515, 46.7969], [-71.2515, 46.7967], [-71.2515, 46.7965], [-71.2516, 46.7964], [-71.2515, 46.7962], [-71.2515, 46.7961], [-71.2515, 46.796], [-71.2514, 46.7959], [-71.2514, 46.7958], [-71.2513, 46.7957], [-71.2513, 46.7956], [-71.2513, 46.7955], [-71.2513, 46.7954], [-71.2513, 46.7952], [-71.2514, 46.7951], [-71.2515, 46.795], [-71.2516, 46.7948], [-71.2517, 46.7947], [-71.2517, 46.7946], [-71.2517, 46.7945], [-71.2517, 46.7944], [-71.2517, 46.7943], [-71.2516, 46.7942], [-71.2515, 46.7942], [-71.2514, 46.7942], [-71.2512, 46.7941], [-71.2511, 46.7941], [-71.251, 46.794], [-71.2509, 46.794], [-71.2509, 46.7939], [-71.2508, 46.7939], [-71.2507, 46.7939], [-71.2506, 46.7938], [-71.2505, 46.7937], [-71.2504, 46.7937], [-71.2503, 46.7937], [-71.2501, 46.7937], [-71.25, 46.7937], [-71.2499, 46.7937], [-71.2497, 46.7938], [-71.2496, 46.7938], [-71.2495, 46.7938], [-71.2494, 46.7938], [-71.2494, 46.7937], [-71.2495, 46.7937], [-71.2495, 46.7936], [-71.2496, 46.7936], [-71.2498, 46.7935], [-71.2499, 46.7934], [-71.25, 46.7934], [-71.2501, 46.7934], [-71.2503, 46.7934], [-71.2504, 46.7934], [-71.2505, 46.7935], [-71.2506, 46.7936], [-71.2507, 46.7936], [-71.2508, 46.7937], [-71.2509, 46.7938], [-71.251, 46.7938], [-71.2511, 46.7939], [-71.2512, 46.7939], [-71.2513, 46.7939], [-71.2514, 46.7939], [-71.2515, 46.7939], [-71.2516, 46.7938], [-71.2517, 46.7938], [-71.2517, 46.7937], [-71.2518, 46.7937], [-71.2518, 46.7936], [-71.2519, 46.7935], [-71.2519, 46.7934], [-71.2519, 46.7932], [-71.2519, 46.7931], [-71.2519, 46.793], [-71.2519, 46.7929], [-71.2519, 46.7928], [-71.2518, 46.7927], [-71.2517, 46.7926], [-71.2516, 46.7926], [-71.2516, 46.7925], [-71.2516, 46.7924], [-71.2517, 46.7923], [-71.2518, 46.7922], [-71.2518, 46.7921], [-71.2519, 46.7921], [-71.252, 46.792], [-71.252, 46.7919], [-71.252, 46.7918], [-71.2519, 46.7918], [-71.2519, 46.7917], [-71.2518, 46.7917], [-71.2517, 46.7917], [-71.2517, 46.7916], [-71.2516, 46.7915], [-71.2517, 46.7914], [-71.2517, 46.7913], [-71.2517, 46.7912], [-71.2518, 46.7911], [-71.2517, 46.791], [-71.2516, 46.791], [-71.2516, 46.7909], [-71.2515, 46.7909], [-71.2514, 46.7909], [-71.2514, 46.7908], [-71.2514, 46.7907], [-71.2515, 46.7907], [-71.2516, 46.7906], [-71.2517, 46.7905], [-71.2517, 46.7904]]]}}, {"type": "Feature", "properties": {"couche": "aire_marche", "station": "Collège Saint-Charles-Garnier", "ordre": 16, "minutes": 11, "superficie_ha": 112.1, "rue_km": 33.52, "disque_ha": 186.3, "part_disque_pct": 60, "accroche_m": 1, "population": 5845, "navetteurs": 1650, "mode_auto_pct": 59, "mode_tc_pct": 19, "mode_actif_pct": 22, "mode_autre_pct": 0}, "geometry": {"type": "Polygon", "coordinates": [[[-71.2526, 46.7897], [-71.2526, 46.7898], [-71.2526, 46.7899], [-71.2526, 46.79], [-71.2526, 46.7901], [-71.2526, 46.7902], [-71.2525, 46.7904], [-71.2525, 46.7906], [-71.2524, 46.7907], [-71.2524, 46.7909], [-71.2524, 46.791], [-71.2524, 46.7911], [-71.2524, 46.7912], [-71.2525, 46.7913], [-71.2526, 46.7914], [-71.2527, 46.7914], [-71.2527, 46.7915], [-71.2527, 46.7916], [-71.2527, 46.7917], [-71.2527, 46.7919], [-71.2526, 46.792], [-71.2525, 46.7922], [-71.2524, 46.7924], [-71.2523, 46.7926], [-71.2523, 46.7927], [-71.2523, 46.7929], [-71.2522, 46.7932], [-71.2523, 46.7934], [-71.2523, 46.7936], [-71.2524, 46.7938], [-71.2525, 46.794], [-71.2526, 46.7942], [-71.2526, 46.7944], [-71.2527, 46.7946], [-71.2527, 46.7947], [-71.2527, 46.7949], [-71.2527, 46.795], [-71.2526, 46.7951], [-71.2525, 46.7951], [-71.2525, 46.7952], [-71.2524, 46.7953], [-71.2523, 46.7953], [-71.2522, 46.7954], [-71.252, 46.7954], [-71.2519, 46.7954], [-71.2518, 46.7954], [-71.2516, 46.7954], [-71.2515, 46.7955], [-71.2516, 46.7956], [-71.2517, 46.7956], [-71.2518, 46.7956], [-71.252, 46.7957], [-71.2521, 46.7958], [-71.2522, 46.7959], [-71.2522, 46.796], [-71.2523, 46.7962], [-71.2523, 46.7964], [-71.2523, 46.7966], [-71.2522, 46.7968], [-71.2521, 46.797], [-71.252, 46.7972], [-71.2519, 46.7974], [-71.2517, 46.7976], [-71.2514, 46.7977], [-71.2511, 46.7979], [-71.2508, 46.798], [-71.2505, 46.7981], [-71.2502, 46.7982], [-71.2499, 46.7983], [-71.2497, 46.7985], [-71.2494, 46.7986], [-71.2493, 46.7987], [-71.2492, 46.7989], [-71.2491, 46.799], [-71.249, 46.7992], [-71.249, 46.7993], [-71.2489, 46.7994], [-71.2488, 46.7995], [-71.2487, 46.7996], [-71.2485, 46.7996], [-71.2484, 46.7997], [-71.2482, 46.7997], [-71.248, 46.7997], [-71.2479, 46.7996], [-71.2477, 46.7996], [-71.2475, 46.7996], [-71.2473, 46.7995], [-71.2472, 46.7994], [-71.247, 46.7993], [-71.2469, 46.7992], [-71.2467, 46.7991], [-71.2466, 46.799], [-71.2464, 46.799], [-71.2462, 46.7989], [-71.246, 46.7989], [-71.2458, 46.7989], [-71.2456, 46.799], [-71.2454, 46.7991], [-71.2452, 46.7992], [-71.245, 46.7993], [-71.2448, 46.7993], [-71.2446, 46.7994], [-71.2444, 46.7994], [-71.2443, 46.7994], [-71.2441, 46.7993], [-71.244, 46.7993], [-71.2439, 46.7992], [-71.2437, 46.7992], [-71.2436, 46.7991], [-71.2435, 46.7991], [-71.2434, 46.7991], [-71.2433, 46.7991], [-71.2433, 46.7992], [-71.2432, 46.7992], [-71.2432, 46.7993], [-71.2431, 46.7993], [-71.243, 46.7994], [-71.2429, 46.7994], [-71.2427, 46.7994], [-71.2426, 46.7994], [-71.2424, 46.7994], [-71.2422, 46.7994], [-71.242, 46.7994], [-71.2418, 46.7993], [-71.2416, 46.7993], [-71.2415, 46.7992], [-71.2413, 46.7992], [-71.2412, 46.7991], [-71.241, 46.799], [-71.2409, 46.7989], [-71.2408, 46.7989], [-71.2407, 46.7988], [-71.2406, 46.7988], [-71.2405, 46.7988], [-71.2404, 46.7988], [-71.2403, 46.7989], [-71.2403, 46.799], [-71.2402, 46.799], [-71.24, 46.7991], [-71.2398, 46.7991], [-71.2395, 46.7991], [-71.2392, 46.7991], [-71.2388, 46.7991], [-71.2384, 46.799], [-71.2379, 46.799], [-71.2375, 46.7989], [-71.2371, 46.7988], [-71.2369, 46.7987], [-71.2366, 46.7985], [-71.2365, 46.7983], [-71.2363, 46.7981], [-71.2363, 46.7978], [-71.2363, 46.7976], [-71.2364, 46.7973], [-71.2364, 46.7971], [-71.2365, 46.7969], [-71.2366, 46.7967], [-71.2367, 46.7966], [-71.2368, 46.7965], [-71.2369, 46.7964], [-71.237, 46.7964], [-71.2372, 46.7963], [-71.2372, 46.7962], [-71.2373, 46.7962], [-71.2373, 46.7961], [-71.2372, 46.796], [-71.2371, 46.7959], [-71.237, 46.7959], [-71.2369, 46.7958], [-71.2368, 46.7957], [-71.2367, 46.7956], [-71.2367, 46.7954], [-71.2366, 46.7953], [-71.2366, 46.7951], [-71.2367, 46.7949], [-71.2367, 46.7947], [-71.2368, 46.7946], [-71.2369, 46.7944], [-71.237, 46.7942], [-71.2371, 46.7941], [-71.2373, 46.794], [-71.2375, 46.7939], [-71.2378, 46.7938], [-71.2381, 46.7937], [-71.2383, 46.7936], [-71.2385, 46.7936], [-71.2387, 46.7935], [-71.2388, 46.7935], [-71.2389, 46.7936], [-71.2389, 46.7937], [-71.2389, 46.7938], [-71.2389, 46.7939], [-71.239, 46.794], [-71.239, 46.7942], [-71.2391, 46.7943], [-71.2393, 46.7944], [-71.2395, 46.7946], [-71.2397, 46.7948], [-71.24, 46.795], [-71.2402, 46.7951], [-71.2403, 46.7952], [-71.2405, 46.7953], [-71.2406, 46.7953], [-71.2406, 46.7952], [-71.2405, 46.795], [-71.2405, 46.7949], [-71.2405, 46.7948], [-71.2406, 46.7946], [-71.2407, 46.7945], [-71.2408, 46.7944], [-71.241, 46.7942], [-71.2413, 46.7941], [-71.2416, 46.794], [-71.2418, 46.7938], [-71.242, 46.7937], [-71.2422, 46.7936], [-71.2423, 46.7934], [-71.2423, 46.7933], [-71.2423, 46.7932], [-71.2422, 46.793], [-71.2421, 46.7929], [-71.242, 46.7928], [-71.2419, 46.7927], [-71.2418, 46.7927], [-71.2417, 46.7927], [-71.2416, 46.7927], [-71.2415, 46.7928], [-71.2414, 46.7929], [-71.2413, 46.793], [-71.2412, 46.7931], [-71.2411, 46.7931], [-71.241, 46.7932], [-71.2408, 46.7932], [-71.2407, 46.7932], [-71.2405, 46.7932], [-71.2403, 46.7932], [-71.2402, 46.7931], [-71.24, 46.793], [-71.2399, 46.793], [-71.2398, 46.7929], [-71.2398, 46.7928], [-71.2397, 46.7926], [-71.2397, 46.7925], [-71.2398, 46.7923], [-71.2398, 46.7922], [-71.2398, 46.7921], [-71.2399, 46.7919], [-71.24, 46.7918], [-71.24, 46.7917], [-71.2401, 46.7916], [-71.2402, 46.7915], [-71.2404, 46.7914], [-71.2404, 46.7913], [-71.2405, 46.7912], [-71.2405, 46.7911], [-71.2404, 46.7911], [-71.2403, 46.7911], [-71.2402, 46.791], [-71.2401, 46.791], [-71.24, 46.791], [-71.24, 46.7909], [-71.2399, 46.7909], [-71.2399, 46.7908], [-71.2399, 46.7907], [-71.24, 46.7907], [-71.2401, 46.7906], [-71.2403, 46.7905], [-71.2405, 46.7904], [-71.2407, 46.7903], [-71.241, 46.7901], [-71.2414, 46.79], [-71.2418, 46.7898], [-71.2421, 46.7897], [-71.2424, 46.7896], [-71.2427, 46.7895], [-71.2429, 46.7894], [-71.243, 46.7893], [-71.2431, 46.7892], [-71.2432, 46.7891], [-71.2431, 46.789], [-71.2432, 46.7889], [-71.2433, 46.7888], [-71.2434, 46.7887], [-71.2435, 46.7887], [-71.2436, 46.7886], [-71.2438, 46.7886], [-71.244, 46.7886], [-71.2442, 46.7886], [-71.2445, 46.7886], [-71.2447, 46.7886], [-71.245, 46.7886], [-71.2454, 46.7886], [-71.2457, 46.7887], [-71.2461, 46.7887], [-71.2463, 46.7888], [-71.2466, 46.7889], [-71.2468, 46.7889], [-71.247, 46.789], [-71.2471, 46.7891], [-71.2472, 46.7892], [-71.2473, 46.7893], [-71.2473, 46.7894], [-71.2474, 46.7894], [-71.2475, 46.7895], [-71.2476, 46.7895], [-71.2476, 46.7894], [-71.2477, 46.7894], [-71.2477, 46.7893], [-71.2478, 46.7893], [-71.2479, 46.7893], [-71.248, 46.7893], [-71.2481, 46.7893], [-71.2483, 46.7893], [-71.2484, 46.7894], [-71.2485, 46.7895], [-71.2486, 46.7895], [-71.2487, 46.7896], [-71.2488, 46.7896], [-71.2489, 46.7896], [-71.249, 46.7896], [-71.2491, 46.7896], [-71.2491, 46.7895], [-71.2492, 46.7895], [-71.2492, 46.7894], [-71.2493, 46.7894], [-71.2494, 46.7894], [-71.2495, 46.7894], [-71.2497, 46.7894], [-71.2498, 46.7895], [-71.2499, 46.7896], [-71.25, 46.7896], [-71.2501, 46.7897], [-71.2502, 46.7897], [-71.2503, 46.7897], [-71.2504, 46.7897], [-71.2505, 46.7897], [-71.2505, 46.7896], [-71.2506, 46.7895], [-71.2507, 46.7895], [-71.2508, 46.7894], [-71.2509, 46.7895], [-71.251, 46.7895], [-71.2511, 46.7895], [-71.2512, 46.7896], [-71.2513, 46.7896], [-71.2514, 46.7896], [-71.2515, 46.7896], [-71.2516, 46.7896], [-71.2517, 46.7896], [-71.2518, 46.7896], [-71.2519, 46.7896], [-71.252, 46.7895], [-71.2521, 46.7895], [-71.2522, 46.7895], [-71.2523, 46.7895], [-71.2524, 46.7895], [-71.2525, 46.7896], [-71.2526, 46.7897]]]}}, {"type": "Feature", "properties": {"couche": "voile", "station": "Collège Saint-Charles-Garnier", "minutes": 11}, "geometry": {"type": "Polygon", "coordinates": [[[-71.4118, 46.9065], [-71.0803, 46.9086], [-71.0779, 46.6816], [-71.408, 46.6795], [-71.4118, 46.9065]], [[-71.2525, 46.7896], [-71.2524, 46.7895], [-71.2523, 46.7895], [-71.2522, 46.7895], [-71.2521, 46.7895], [-71.252, 46.7895], [-71.2519, 46.7896], [-71.2518, 46.7896], [-71.2517, 46.7896], [-71.2516, 46.7896], [-71.2515, 46.7896], [-71.2514, 46.7896], [-71.2513, 46.7896], [-71.2512, 46.7896], [-71.2511, 46.7895], [-71.251, 46.7895], [-71.2509, 46.7895], [-71.2508, 46.7894], [-71.2507, 46.7895], [-71.2506, 46.7895], [-71.2505, 46.7896], [-71.2505, 46.7897], [-71.2504, 46.7897], [-71.2503, 46.7897], [-71.2502, 46.7897], [-71.2501, 46.7897], [-71.25, 46.7896], [-71.2499, 46.7896], [-71.2498, 46.7895], [-71.2497, 46.7894], [-71.2495, 46.7894], [-71.2494, 46.7894], [-71.2493, 46.7894], [-71.2492, 46.7894], [-71.2492, 46.7895], [-71.2491, 46.7895], [-71.2491, 46.7896], [-71.249, 46.7896], [-71.2489, 46.7896], [-71.2488, 46.7896], [-71.2487, 46.7896], [-71.2486, 46.7895], [-71.2485, 46.7895], [-71.2484, 46.7894], [-71.2483, 46.7893], [-71.2481, 46.7893], [-71.248, 46.7893], [-71.2479, 46.7893], [-71.2478, 46.7893], [-71.2477, 46.7893], [-71.2477, 46.7894], [-71.2476, 46.7894], [-71.2476, 46.7895], [-71.2475, 46.7895], [-71.2474, 46.7894], [-71.2473, 46.7894], [-71.2473, 46.7893], [-71.2472, 46.7892], [-71.2471, 46.7891], [-71.247, 46.789], [-71.2468, 46.7889], [-71.2466, 46.7889], [-71.2463, 46.7888], [-71.2461, 46.7887], [-71.2457, 46.7887], [-71.2454, 46.7886], [-71.245, 46.7886], [-71.2447, 46.7886], [-71.2445, 46.7886], [-71.2442, 46.7886], [-71.244, 46.7886], [-71.2438, 46.7886], [-71.2436, 46.7886], [-71.2435, 46.7887], [-71.2434, 46.7887], [-71.2433, 46.7888], [-71.2432, 46.7889], [-71.2431, 46.789], [-71.2432, 46.7891], [-71.2431, 46.7892], [-71.243, 46.7893], [-71.2429, 46.7894], [-71.2427, 46.7895], [-71.2424, 46.7896], [-71.2421, 46.7897], [-71.2418, 46.7898], [-71.2414, 46.79], [-71.241, 46.7901], [-71.2407, 46.7903], [-71.2405, 46.7904], [-71.2403, 46.7905], [-71.2401, 46.7906], [-71.24, 46.7907], [-71.2399, 46.7907], [-71.2399, 46.7908], [-71.2399, 46.7909], [-71.24, 46.7909], [-71.24, 46.791], [-71.2401, 46.791], [-71.2402, 46.791], [-71.2403, 46.7911], [-71.2404, 46.7911], [-71.2405, 46.7911], [-71.2405, 46.7912], [-71.2404, 46.7913], [-71.2404, 46.7914], [-71.2402, 46.7915], [-71.2401, 46.7916], [-71.24, 46.7917], [-71.24, 46.7918], [-71.2399, 46.7919], [-71.2398, 46.7921], [-71.2398, 46.7922], [-71.2398, 46.7923], [-71.2397, 46.7925], [-71.2397, 46.7926], [-71.2398, 46.7928], [-71.2398, 46.7929], [-71.2399, 46.793], [-71.24, 46.793], [-71.2402, 46.7931], [-71.2403, 46.7932], [-71.2405, 46.7932], [-71.2407, 46.7932], [-71.2408, 46.7932], [-71.241, 46.7932], [-71.2411, 46.7931], [-71.2412, 46.7931], [-71.2413, 46.793], [-71.2414, 46.7929], [-71.2415, 46.7928], [-71.2416, 46.7927], [-71.2417, 46.7927], [-71.2418, 46.7927], [-71.2419, 46.7927], [-71.242, 46.7928], [-71.2421, 46.7929], [-71.2422, 46.793], [-71.2423, 46.7932], [-71.2423, 46.7933], [-71.2423, 46.7934], [-71.2422, 46.7936], [-71.242, 46.7937], [-71.2418, 46.7938], [-71.2416, 46.794], [-71.2413, 46.7941], [-71.241, 46.7942], [-71.2408, 46.7944], [-71.2407, 46.7945], [-71.2406, 46.7946], [-71.2405, 46.7948], [-71.2405, 46.7949], [-71.2405, 46.795], [-71.2406, 46.7952], [-71.2406, 46.7953], [-71.2405, 46.7953], [-71.2403, 46.7952], [-71.2402, 46.7951], [-71.24, 46.795], [-71.2397, 46.7948], [-71.2395, 46.7946], [-71.2393, 46.7944], [-71.2391, 46.7943], [-71.239, 46.7942], [-71.239, 46.794], [-71.2389, 46.7939], [-71.2389, 46.7938], [-71.2389, 46.7937], [-71.2389, 46.7936], [-71.2388, 46.7935], [-71.2387, 46.7935], [-71.2385, 46.7936], [-71.2383, 46.7936], [-71.2381, 46.7937], [-71.2378, 46.7938], [-71.2375, 46.7939], [-71.2373, 46.794], [-71.2371, 46.7941], [-71.237, 46.7942], [-71.2369, 46.7944], [-71.2368, 46.7946], [-71.2367, 46.7947], [-71.2367, 46.7949], [-71.2366, 46.7951], [-71.2366, 46.7953], [-71.2367, 46.7954], [-71.2367, 46.7956], [-71.2368, 46.7957], [-71.2369, 46.7958], [-71.237, 46.7959], [-71.2371, 46.7959], [-71.2372, 46.796], [-71.2373, 46.7961], [-71.2373, 46.7962], [-71.2372, 46.7962], [-71.2372, 46.7963], [-71.237, 46.7964], [-71.2369, 46.7964], [-71.2368, 46.7965], [-71.2367, 46.7966], [-71.2366, 46.7967], [-71.2365, 46.7969], [-71.2364, 46.7971], [-71.2364, 46.7973], [-71.2363, 46.7976], [-71.2363, 46.7978], [-71.2363, 46.7981], [-71.2365, 46.7983], [-71.2366, 46.7985], [-71.2369, 46.7987], [-71.2371, 46.7988], [-71.2375, 46.7989], [-71.2379, 46.799], [-71.2384, 46.799], [-71.2388, 46.7991], [-71.2392, 46.7991], [-71.2395, 46.7991], [-71.2398, 46.7991], [-71.24, 46.7991], [-71.2402, 46.799], [-71.2403, 46.799], [-71.2403, 46.7989], [-71.2404, 46.7988], [-71.2405, 46.7988], [-71.2406, 46.7988], [-71.2407, 46.7988], [-71.2408, 46.7989], [-71.2409, 46.7989], [-71.241, 46.799], [-71.2412, 46.7991], [-71.2413, 46.7992], [-71.2415, 46.7992], [-71.2416, 46.7993], [-71.2418, 46.7993], [-71.242, 46.7994], [-71.2422, 46.7994], [-71.2424, 46.7994], [-71.2426, 46.7994], [-71.2427, 46.7994], [-71.2429, 46.7994], [-71.243, 46.7994], [-71.2431, 46.7993], [-71.2432, 46.7993], [-71.2432, 46.7992], [-71.2433, 46.7992], [-71.2433, 46.7991], [-71.2434, 46.7991], [-71.2435, 46.7991], [-71.2436, 46.7991], [-71.2437, 46.7992], [-71.2439, 46.7992], [-71.244, 46.7993], [-71.2441, 46.7993], [-71.2443, 46.7994], [-71.2444, 46.7994], [-71.2446, 46.7994], [-71.2448, 46.7993], [-71.245, 46.7993], [-71.2452, 46.7992], [-71.2454, 46.7991], [-71.2456, 46.799], [-71.2458, 46.7989], [-71.246, 46.7989], [-71.2462, 46.7989], [-71.2464, 46.799], [-71.2466, 46.799], [-71.2467, 46.7991], [-71.2469, 46.7992], [-71.247, 46.7993], [-71.2472, 46.7994], [-71.2473, 46.7995], [-71.2475, 46.7996], [-71.2477, 46.7996], [-71.2479, 46.7996], [-71.248, 46.7997], [-71.2482, 46.7997], [-71.2484, 46.7997], [-71.2485, 46.7996], [-71.2487, 46.7996], [-71.2488, 46.7995], [-71.2489, 46.7994], [-71.249, 46.7993], [-71.249, 46.7992], [-71.2491, 46.799], [-71.2492, 46.7989], [-71.2493, 46.7987], [-71.2494, 46.7986], [-71.2497, 46.7985], [-71.2499, 46.7983], [-71.2502, 46.7982], [-71.2505, 46.7981], [-71.2508, 46.798], [-71.2511, 46.7979], [-71.2514, 46.7977], [-71.2517, 46.7976], [-71.2519, 46.7974], [-71.252, 46.7972], [-71.2521, 46.797], [-71.2522, 46.7968], [-71.2523, 46.7966], [-71.2523, 46.7964], [-71.2523, 46.7962], [-71.2522, 46.796], [-71.2522, 46.7959], [-71.2521, 46.7958], [-71.252, 46.7957], [-71.2518, 46.7956], [-71.2517, 46.7956], [-71.2516, 46.7956], [-71.2515, 46.7955], [-71.2516, 46.7954], [-71.2518, 46.7954], [-71.2519, 46.7954], [-71.252, 46.7954], [-71.2522, 46.7954], [-71.2523, 46.7953], [-71.2524, 46.7953], [-71.2525, 46.7952], [-71.2525, 46.7951], [-71.2526, 46.7951], [-71.2527, 46.795], [-71.2527, 46.7949], [-71.2527, 46.7947], [-71.2527, 46.7946], [-71.2526, 46.7944], [-71.2526, 46.7942], [-71.2525, 46.794], [-71.2524, 46.7938], [-71.2523, 46.7936], [-71.2523, 46.7934], [-71.2522, 46.7932], [-71.2523, 46.7929], [-71.2523, 46.7927], [-71.2523, 46.7926], [-71.2524, 46.7924], [-71.2525, 46.7922], [-71.2526, 46.792], [-71.2527, 46.7919], [-71.2527, 46.7917], [-71.2527, 46.7916], [-71.2527, 46.7915], [-71.2527, 46.7914], [-71.2526, 46.7914], [-71.2525, 46.7913], [-71.2524, 46.7912], [-71.2524, 46.7911], [-71.2524, 46.791], [-71.2524, 46.7909], [-71.2524, 46.7907], [-71.2525, 46.7906], [-71.2525, 46.7904], [-71.2526, 46.7902], [-71.2526, 46.7901], [-71.2526, 46.79], [-71.2526, 46.7899], [-71.2526, 46.7898], [-71.2526, 46.7897], [-71.2525, 46.7896]]]}}, {"type": "Feature", "properties": {"couche": "aire_marche", "station": "Collège Saint-Charles-Garnier", "ordre": 16, "minutes": 12, "superficie_ha": 135.7, "rue_km": 39.96, "disque_ha": 221.7, "part_disque_pct": 61, "accroche_m": 1, "population": 7032, "navetteurs": 1973, "mode_auto_pct": 59, "mode_tc_pct": 19, "mode_actif_pct": 22, "mode_autre_pct": 0}, "geometry": {"type": "Polygon", "coordinates": [[[-71.2459, 46.7883], [-71.246, 46.7882], [-71.2462, 46.7882], [-71.2463, 46.7882], [-71.2465, 46.7882], [-71.2466, 46.7882], [-71.2468, 46.7882], [-71.247, 46.7883], [-71.2472, 46.7883], [-71.2474, 46.7884], [-71.2475, 46.7884], [-71.2476, 46.7885], [-71.2477, 46.7885], [-71.2478, 46.7886], [-71.2478, 46.7887], [-71.2479, 46.7887], [-71.2479, 46.7888], [-71.2479, 46.7889], [-71.248, 46.7889], [-71.248, 46.789], [-71.2481, 46.789], [-71.2481, 46.7891], [-71.2482, 46.7891], [-71.2483, 46.7892], [-71.2484, 46.7892], [-71.2485, 46.7891], [-71.2486, 46.789], [-71.2487, 46.7889], [-71.2488, 46.7889], [-71.2489, 46.7889], [-71.249, 46.7889], [-71.2491, 46.7889], [-71.2493, 46.789], [-71.2494, 46.7891], [-71.2495, 46.7891], [-71.2496, 46.7892], [-71.2497, 46.7892], [-71.2498, 46.7892], [-71.2499, 46.7892], [-71.25, 46.7891], [-71.2501, 46.789], [-71.2502, 46.789], [-71.2503, 46.789], [-71.2504, 46.789], [-71.2505, 46.789], [-71.2506, 46.789], [-71.2507, 46.7891], [-71.2508, 46.7892], [-71.2509, 46.7892], [-71.251, 46.7892], [-71.2511, 46.7892], [-71.2512, 46.7892], [-71.2513, 46.7892], [-71.2513, 46.7891], [-71.2514, 46.7891], [-71.2515, 46.789], [-71.2517, 46.789], [-71.2518, 46.789], [-71.252, 46.789], [-71.2522, 46.789], [-71.2524, 46.7891], [-71.2526, 46.7891], [-71.2528, 46.7891], [-71.2529, 46.7892], [-71.253, 46.7893], [-71.253, 46.7894], [-71.253, 46.7896], [-71.2529, 46.7897], [-71.2527, 46.7898], [-71.2526, 46.7899], [-71.2525, 46.79], [-71.2525, 46.7901], [-71.2525, 46.7902], [-71.2526, 46.7902], [-71.2527, 46.7902], [-71.2528, 46.7902], [-71.2529, 46.7902], [-71.253, 46.7902], [-71.2531, 46.7903], [-71.2532, 46.7903], [-71.2533, 46.7904], [-71.2533, 46.7905], [-71.2534, 46.7906], [-71.2534, 46.7907], [-71.2535, 46.7908], [-71.2535, 46.791], [-71.2535, 46.7911], [-71.2534, 46.7913], [-71.2534, 46.7914], [-71.2533, 46.7916], [-71.2532, 46.7918], [-71.2531, 46.792], [-71.253, 46.7922], [-71.253, 46.7924], [-71.2529, 46.7926], [-71.2529, 46.7928], [-71.253, 46.793], [-71.253, 46.7932], [-71.2531, 46.7935], [-71.2532, 46.7937], [-71.2533, 46.7939], [-71.2533, 46.7942], [-71.2534, 46.7944], [-71.2534, 46.7946], [-71.2534, 46.7949], [-71.2534, 46.7951], [-71.2533, 46.7953], [-71.2533, 46.7955], [-71.2532, 46.7957], [-71.2531, 46.7959], [-71.253, 46.796], [-71.2529, 46.7961], [-71.2529, 46.7962], [-71.2528, 46.7963], [-71.2527, 46.7964], [-71.2526, 46.7964], [-71.2525, 46.7964], [-71.2524, 46.7965], [-71.2524, 46.7966], [-71.2524, 46.7967], [-71.2524, 46.7968], [-71.2524, 46.7969], [-71.2525, 46.797], [-71.2525, 46.7971], [-71.2525, 46.7972], [-71.2525, 46.7973], [-71.2524, 46.7975], [-71.2522, 46.7977], [-71.252, 46.7978], [-71.2518, 46.798], [-71.2516, 46.7982], [-71.2513, 46.7984], [-71.2511, 46.7986], [-71.2509, 46.7987], [-71.2507, 46.7988], [-71.2506, 46.7989], [-71.2504, 46.7989], [-71.2503, 46.7989], [-71.2502, 46.7989], [-71.2501, 46.799], [-71.25, 46.799], [-71.2499, 46.7991], [-71.2498, 46.7991], [-71.2497, 46.7993], [-71.2496, 46.7994], [-71.2495, 46.7995], [-71.2495, 46.7997], [-71.2494, 46.7998], [-71.2493, 46.7999], [-71.2491, 46.8], [-71.249, 46.8001], [-71.2489, 46.8002], [-71.2487, 46.8002], [-71.2486, 46.8002], [-71.2484, 46.8002], [-71.2482, 46.8001], [-71.2481, 46.8001], [-71.2479, 46.8], [-71.2477, 46.7999], [-71.2475, 46.7998], [-71.2473, 46.7996], [-71.2471, 46.7995], [-71.2469, 46.7993], [-71.2467, 46.7992], [-71.2465, 46.799], [-71.2464, 46.799], [-71.2462, 46.7989], [-71.2461, 46.7989], [-71.2459, 46.7988], [-71.2458, 46.7989], [-71.2457, 46.7989], [-71.2456, 46.799], [-71.2455, 46.799], [-71.2454, 46.7991], [-71.2453, 46.7992], [-71.2453, 46.7993], [-71.2452, 46.7994], [-71.2452, 46.7995], [-71.2451, 46.7996], [-71.2451, 46.7997], [-71.2449, 46.7998], [-71.2448, 46.7999], [-71.2446, 46.7999], [-71.2443, 46.7999], [-71.244, 46.7999], [-71.2437, 46.7999], [-71.2433, 46.7999], [-71.2429, 46.7999], [-71.2426, 46.7998], [-71.2423, 46.7997], [-71.242, 46.7997], [-71.2418, 46.7996], [-71.2415, 46.7994], [-71.2413, 46.7993], [-71.2411, 46.7992], [-71.241, 46.799], [-71.2409, 46.7989], [-71.2408, 46.7989], [-71.2409, 46.799], [-71.2409, 46.7991], [-71.241, 46.7992], [-71.241, 46.7993], [-71.241, 46.7994], [-71.241, 46.7995], [-71.2409, 46.7995], [-71.2408, 46.7996], [-71.2407, 46.7996], [-71.2405, 46.7996], [-71.2403, 46.7996], [-71.2401, 46.7996], [-71.2398, 46.7996], [-71.2395, 46.7996], [-71.2391, 46.7996], [-71.2388, 46.7995], [-71.2385, 46.7995], [-71.2382, 46.7994], [-71.238, 46.7994], [-71.2378, 46.7993], [-71.2376, 46.7992], [-71.2375, 46.7992], [-71.2374, 46.7991], [-71.2373, 46.799], [-71.2372, 46.799], [-71.237, 46.7989], [-71.2369, 46.7989], [-71.2367, 46.7989], [-71.2366, 46.799], [-71.2364, 46.799], [-71.2362, 46.7991], [-71.2361, 46.7991], [-71.2359, 46.7991], [-71.2358, 46.7991], [-71.2357, 46.7991], [-71.2356, 46.799], [-71.2355, 46.7989], [-71.2355, 46.7988], [-71.2356, 46.7988], [-71.2356, 46.7987], [-71.2356, 46.7986], [-71.2357, 46.7986], [-71.2357, 46.7985], [-71.2358, 46.7985], [-71.2359, 46.7984], [-71.236, 46.7984], [-71.236, 46.7983], [-71.2361, 46.7983], [-71.2361, 46.7982], [-71.236, 46.7981], [-71.236, 46.798], [-71.2359, 46.7979], [-71.2358, 46.7978], [-71.2358, 46.7977], [-71.2358, 46.7976], [-71.2358, 46.7974], [-71.2358, 46.7972], [-71.2358, 46.797], [-71.2359, 46.7968], [-71.236, 46.7966], [-71.2361, 46.7964], [-71.2362, 46.7962], [-71.2362, 46.7959], [-71.2363, 46.7957], [-71.2363, 46.7954], [-71.2363, 46.7952], [-71.2363, 46.7949], [-71.2363, 46.7946], [-71.2363, 46.7943], [-71.2363, 46.7941], [-71.2364, 46.794], [-71.2364, 46.7938], [-71.2366, 46.7937], [-71.2367, 46.7936], [-71.2368, 46.7936], [-71.237, 46.7936], [-71.2372, 46.7936], [-71.2374, 46.7935], [-71.2376, 46.7935], [-71.2379, 46.7934], [-71.2381, 46.7933], [-71.2383, 46.7932], [-71.2386, 46.7931], [-71.2388, 46.7929], [-71.239, 46.7928], [-71.2392, 46.7927], [-71.2393, 46.7925], [-71.2394, 46.7924], [-71.2394, 46.7923], [-71.2394, 46.7922], [-71.2394, 46.7921], [-71.2393, 46.7921], [-71.2393, 46.792], [-71.2393, 46.7919], [-71.2393, 46.7918], [-71.2394, 46.7917], [-71.2395, 46.7916], [-71.2396, 46.7916], [-71.2398, 46.7915], [-71.24, 46.7914], [-71.2402, 46.7913], [-71.2401, 46.7913], [-71.2399, 46.7914], [-71.2398, 46.7914], [-71.2397, 46.7914], [-71.2396, 46.7914], [-71.2395, 46.7914], [-71.2394, 46.7913], [-71.2393, 46.7913], [-71.2393, 46.7912], [-71.2392, 46.7912], [-71.2393, 46.7911], [-71.2393, 46.791], [-71.2394, 46.7909], [-71.2396, 46.7909], [-71.2397, 46.7908], [-71.2399, 46.7907], [-71.2402, 46.7906], [-71.2404, 46.7905], [-71.2406, 46.7905], [-71.2407, 46.7904], [-71.2408, 46.7903], [-71.2409, 46.7902], [-71.241, 46.7901], [-71.241, 46.79], [-71.241, 46.7899], [-71.241, 46.7898], [-71.2411, 46.7897], [-71.2413, 46.7897], [-71.2414, 46.7896], [-71.2416, 46.7896], [-71.2419, 46.7895], [-71.2422, 46.7895], [-71.2424, 46.7894], [-71.2426, 46.7894], [-71.2428, 46.7894], [-71.2429, 46.7893], [-71.2428, 46.7893], [-71.2427, 46.7893], [-71.2426, 46.7892], [-71.2425, 46.7892], [-71.2424, 46.7892], [-71.2424, 46.7891], [-71.2423, 46.7891], [-71.2423, 46.789], [-71.2423, 46.7889], [-71.2423, 46.7888], [-71.2424, 46.7888], [-71.2424, 46.7887], [-71.2425, 46.7887], [-71.2425, 46.7886], [-71.2426, 46.7886], [-71.2427, 46.7885], [-71.2428, 46.7885], [-71.243, 46.7885], [-71.2431, 46.7884], [-71.2433, 46.7884], [-71.2435, 46.7884], [-71.2437, 46.7884], [-71.244, 46.7885], [-71.2442, 46.7885], [-71.2445, 46.7885], [-71.2448, 46.7886], [-71.245, 46.7886], [-71.2452, 46.7886], [-71.2454, 46.7885], [-71.2456, 46.7885], [-71.2457, 46.7885], [-71.2458, 46.7884], [-71.2459, 46.7883]]]}}, {"type": "Feature", "properties": {"couche": "voile", "station": "Collège Saint-Charles-Garnier", "minutes": 12}, "geometry": {"type": "Polygon", "coordinates": [[[-71.4126, 46.907], [-71.0795, 46.9091], [-71.077, 46.6812], [-71.4088, 46.6791], [-71.4126, 46.907]], [[-71.2458, 46.7884], [-71.2457, 46.7885], [-71.2456, 46.7885], [-71.2454, 46.7885], [-71.2452, 46.7886], [-71.245, 46.7886], [-71.2448, 46.7886], [-71.2445, 46.7885], [-71.2442, 46.7885], [-71.244, 46.7885], [-71.2437, 46.7884], [-71.2435, 46.7884], [-71.2433, 46.7884], [-71.2431, 46.7884], [-71.243, 46.7885], [-71.2428, 46.7885], [-71.2427, 46.7885], [-71.2426, 46.7886], [-71.2425, 46.7886], [-71.2425, 46.7887], [-71.2424, 46.7887], [-71.2424, 46.7888], [-71.2423, 46.7888], [-71.2423, 46.7889], [-71.2423, 46.789], [-71.2423, 46.7891], [-71.2424, 46.7891], [-71.2424, 46.7892], [-71.2425, 46.7892], [-71.2426, 46.7892], [-71.2427, 46.7893], [-71.2428, 46.7893], [-71.2429, 46.7893], [-71.2428, 46.7894], [-71.2426, 46.7894], [-71.2424, 46.7894], [-71.2422, 46.7895], [-71.2419, 46.7895], [-71.2416, 46.7896], [-71.2414, 46.7896], [-71.2413, 46.7897], [-71.2411, 46.7897], [-71.241, 46.7898], [-71.241, 46.7899], [-71.241, 46.79], [-71.241, 46.7901], [-71.2409, 46.7902], [-71.2408, 46.7903], [-71.2407, 46.7904], [-71.2406, 46.7905], [-71.2404, 46.7905], [-71.2402, 46.7906], [-71.2399, 46.7907], [-71.2397, 46.7908], [-71.2396, 46.7909], [-71.2394, 46.7909], [-71.2393, 46.791], [-71.2393, 46.7911], [-71.2392, 46.7912], [-71.2393, 46.7912], [-71.2393, 46.7913], [-71.2394, 46.7913], [-71.2395, 46.7914], [-71.2396, 46.7914], [-71.2397, 46.7914], [-71.2398, 46.7914], [-71.2399, 46.7914], [-71.2401, 46.7913], [-71.2402, 46.7913], [-71.24, 46.7914], [-71.2398, 46.7915], [-71.2396, 46.7916], [-71.2395, 46.7916], [-71.2394, 46.7917], [-71.2393, 46.7918], [-71.2393, 46.7919], [-71.2393, 46.792], [-71.2393, 46.7921], [-71.2394, 46.7921], [-71.2394, 46.7922], [-71.2394, 46.7923], [-71.2394, 46.7924], [-71.2393, 46.7925], [-71.2392, 46.7927], [-71.239, 46.7928], [-71.2388, 46.7929], [-71.2386, 46.7931], [-71.2383, 46.7932], [-71.2381, 46.7933], [-71.2379, 46.7934], [-71.2376, 46.7935], [-71.2374, 46.7935], [-71.2372, 46.7936], [-71.237, 46.7936], [-71.2368, 46.7936], [-71.2367, 46.7936], [-71.2366, 46.7937], [-71.2364, 46.7938], [-71.2364, 46.794], [-71.2363, 46.7941], [-71.2363, 46.7943], [-71.2363, 46.7946], [-71.2363, 46.7949], [-71.2363, 46.7952], [-71.2363, 46.7954], [-71.2363, 46.7957], [-71.2362, 46.7959], [-71.2362, 46.7962], [-71.2361, 46.7964], [-71.236, 46.7966], [-71.2359, 46.7968], [-71.2358, 46.797], [-71.2358, 46.7972], [-71.2358, 46.7974], [-71.2358, 46.7976], [-71.2358, 46.7977], [-71.2358, 46.7978], [-71.2359, 46.7979], [-71.236, 46.798], [-71.236, 46.7981], [-71.2361, 46.7982], [-71.2361, 46.7983], [-71.236, 46.7983], [-71.236, 46.7984], [-71.2359, 46.7984], [-71.2358, 46.7985], [-71.2357, 46.7985], [-71.2357, 46.7986], [-71.2356, 46.7986], [-71.2356, 46.7987], [-71.2356, 46.7988], [-71.2355, 46.7988], [-71.2355, 46.7989], [-71.2356, 46.799], [-71.2357, 46.7991], [-71.2358, 46.7991], [-71.2359, 46.7991], [-71.2361, 46.7991], [-71.2362, 46.7991], [-71.2364, 46.799], [-71.2366, 46.799], [-71.2367, 46.7989], [-71.2369, 46.7989], [-71.237, 46.7989], [-71.2372, 46.799], [-71.2373, 46.799], [-71.2374, 46.7991], [-71.2375, 46.7992], [-71.2376, 46.7992], [-71.2378, 46.7993], [-71.238, 46.7994], [-71.2382, 46.7994], [-71.2385, 46.7995], [-71.2388, 46.7995], [-71.2391, 46.7996], [-71.2395, 46.7996], [-71.2398, 46.7996], [-71.2401, 46.7996], [-71.2403, 46.7996], [-71.2405, 46.7996], [-71.2407, 46.7996], [-71.2408, 46.7996], [-71.2409, 46.7995], [-71.241, 46.7995], [-71.241, 46.7994], [-71.241, 46.7993], [-71.241, 46.7992], [-71.2409, 46.7991], [-71.2409, 46.799], [-71.2408, 46.7989], [-71.2409, 46.7989], [-71.241, 46.799], [-71.2411, 46.7992], [-71.2413, 46.7993], [-71.2415, 46.7994], [-71.2418, 46.7996], [-71.242, 46.7997], [-71.2423, 46.7997], [-71.2426, 46.7998], [-71.2429, 46.7999], [-71.2433, 46.7999], [-71.2437, 46.7999], [-71.244, 46.7999], [-71.2443, 46.7999], [-71.2446, 46.7999], [-71.2448, 46.7999], [-71.2449, 46.7998], [-71.2451, 46.7997], [-71.2451, 46.7996], [-71.2452, 46.7995], [-71.2452, 46.7994], [-71.2453, 46.7993], [-71.2453, 46.7992], [-71.2454, 46.7991], [-71.2455, 46.799], [-71.2456, 46.799], [-71.2457, 46.7989], [-71.2458, 46.7989], [-71.2459, 46.7988], [-71.2461, 46.7989], [-71.2462, 46.7989], [-71.2464, 46.799], [-71.2465, 46.799], [-71.2467, 46.7992], [-71.2469, 46.7993], [-71.2471, 46.7995], [-71.2473, 46.7996], [-71.2475, 46.7998], [-71.2477, 46.7999], [-71.2479, 46.8], [-71.2481, 46.8001], [-71.2482, 46.8001], [-71.2484, 46.8002], [-71.2486, 46.8002], [-71.2487, 46.8002], [-71.2489, 46.8002], [-71.249, 46.8001], [-71.2491, 46.8], [-71.2493, 46.7999], [-71.2494, 46.7998], [-71.2495, 46.7997], [-71.2495, 46.7995], [-71.2496, 46.7994], [-71.2497, 46.7993], [-71.2498, 46.7991], [-71.2499, 46.7991], [-71.25, 46.799], [-71.2501, 46.799], [-71.2502, 46.7989], [-71.2503, 46.7989], [-71.2504, 46.7989], [-71.2506, 46.7989], [-71.2507, 46.7988], [-71.2509, 46.7987], [-71.2511, 46.7986], [-71.2513, 46.7984], [-71.2516, 46.7982], [-71.2518, 46.798], [-71.252, 46.7978], [-71.2522, 46.7977], [-71.2524, 46.7975], [-71.2525, 46.7973], [-71.2525, 46.7972], [-71.2525, 46.7971], [-71.2525, 46.797], [-71.2524, 46.7969], [-71.2524, 46.7968], [-71.2524, 46.7967], [-71.2524, 46.7966], [-71.2524, 46.7965], [-71.2525, 46.7964], [-71.2526, 46.7964], [-71.2527, 46.7964], [-71.2528, 46.7963], [-71.2529, 46.7962], [-71.2529, 46.7961], [-71.253, 46.796], [-71.2531, 46.7959], [-71.2532, 46.7957], [-71.2533, 46.7955], [-71.2533, 46.7953], [-71.2534, 46.7951], [-71.2534, 46.7949], [-71.2534, 46.7946], [-71.2534, 46.7944], [-71.2533, 46.7942], [-71.2533, 46.7939], [-71.2532, 46.7937], [-71.2531, 46.7935], [-71.253, 46.7932], [-71.253, 46.793], [-71.2529, 46.7928], [-71.2529, 46.7926], [-71.253, 46.7924], [-71.253, 46.7922], [-71.2531, 46.792], [-71.2532, 46.7918], [-71.2533, 46.7916], [-71.2534, 46.7914], [-71.2534, 46.7913], [-71.2535, 46.7911], [-71.2535, 46.791], [-71.2535, 46.7908], [-71.2534, 46.7907], [-71.2534, 46.7906], [-71.2533, 46.7905], [-71.2533, 46.7904], [-71.2532, 46.7903], [-71.2531, 46.7903], [-71.253, 46.7902], [-71.2529, 46.7902], [-71.2528, 46.7902], [-71.2527, 46.7902], [-71.2526, 46.7902], [-71.2525, 46.7902], [-71.2525, 46.7901], [-71.2525, 46.79], [-71.2526, 46.7899], [-71.2527, 46.7898], [-71.2529, 46.7897], [-71.253, 46.7896], [-71.253, 46.7894], [-71.253, 46.7893], [-71.2529, 46.7892], [-71.2528, 46.7891], [-71.2526, 46.7891], [-71.2524, 46.7891], [-71.2522, 46.789], [-71.252, 46.789], [-71.2518, 46.789], [-71.2517, 46.789], [-71.2515, 46.789], [-71.2514, 46.7891], [-71.2513, 46.7891], [-71.2513, 46.7892], [-71.2512, 46.7892], [-71.2511, 46.7892], [-71.251, 46.7892], [-71.2509, 46.7892], [-71.2508, 46.7892], [-71.2507, 46.7891], [-71.2506, 46.789], [-71.2505, 46.789], [-71.2504, 46.789], [-71.2503, 46.789], [-71.2502, 46.789], [-71.2501, 46.789], [-71.25, 46.7891], [-71.2499, 46.7892], [-71.2498, 46.7892], [-71.2497, 46.7892], [-71.2496, 46.7892], [-71.2495, 46.7891], [-71.2494, 46.7891], [-71.2493, 46.789], [-71.2491, 46.7889], [-71.249, 46.7889], [-71.2489, 46.7889], [-71.2488, 46.7889], [-71.2487, 46.7889], [-71.2486, 46.789], [-71.2485, 46.7891], [-71.2484, 46.7892], [-71.2483, 46.7892], [-71.2482, 46.7891], [-71.2481, 46.7891], [-71.2481, 46.789], [-71.248, 46.789], [-71.248, 46.7889], [-71.2479, 46.7889], [-71.2479, 46.7888], [-71.2479, 46.7887], [-71.2478, 46.7887], [-71.2478, 46.7886], [-71.2477, 46.7885], [-71.2476, 46.7885], [-71.2475, 46.7884], [-71.2474, 46.7884], [-71.2472, 46.7883], [-71.247, 46.7883], [-71.2468, 46.7882], [-71.2466, 46.7882], [-71.2465, 46.7882], [-71.2463, 46.7882], [-71.2462, 46.7882], [-71.246, 46.7882], [-71.2459, 46.7883], [-71.2458, 46.7884]]]}}, {"type": "Feature", "properties": {"couche": "aire_marche", "station": "Collège Saint-Charles-Garnier", "ordre": 16, "minutes": 13, "superficie_ha": 159.0, "rue_km": 46.18, "disque_ha": 260.2, "part_disque_pct": 61, "accroche_m": 1, "population": 8384, "navetteurs": 2349, "mode_auto_pct": 59, "mode_tc_pct": 19, "mode_actif_pct": 22, "mode_autre_pct": 0}, "geometry": {"type": "Polygon", "coordinates": [[[-71.253, 46.7898], [-71.2528, 46.7899], [-71.2527, 46.79], [-71.2526, 46.79], [-71.2526, 46.7901], [-71.2528, 46.79], [-71.2529, 46.7899], [-71.2531, 46.7899], [-71.2532, 46.7898], [-71.2533, 46.7898], [-71.2534, 46.7898], [-71.2536, 46.7898], [-71.2537, 46.7898], [-71.2538, 46.7898], [-71.2539, 46.7899], [-71.2539, 46.79], [-71.254, 46.7902], [-71.254, 46.7904], [-71.254, 46.7906], [-71.2539, 46.7909], [-71.2539, 46.7913], [-71.2538, 46.7917], [-71.2538, 46.792], [-71.2537, 46.7923], [-71.2537, 46.7926], [-71.2537, 46.7928], [-71.2537, 46.7929], [-71.2538, 46.7931], [-71.2539, 46.7932], [-71.254, 46.7933], [-71.254, 46.7934], [-71.254, 46.7935], [-71.2539, 46.7935], [-71.2539, 46.7936], [-71.2538, 46.7936], [-71.2538, 46.7937], [-71.2538, 46.7938], [-71.2539, 46.7939], [-71.254, 46.794], [-71.2541, 46.794], [-71.2541, 46.7941], [-71.2541, 46.7942], [-71.2541, 46.7943], [-71.254, 46.7943], [-71.254, 46.7944], [-71.2539, 46.7945], [-71.2539, 46.7946], [-71.2539, 46.7947], [-71.2539, 46.7948], [-71.2539, 46.7949], [-71.2539, 46.7951], [-71.254, 46.7952], [-71.254, 46.7954], [-71.254, 46.7955], [-71.254, 46.7957], [-71.254, 46.7959], [-71.2539, 46.7961], [-71.2539, 46.7963], [-71.2538, 46.7966], [-71.2537, 46.7969], [-71.2536, 46.7971], [-71.2535, 46.7973], [-71.2533, 46.7975], [-71.2531, 46.7976], [-71.253, 46.7977], [-71.2528, 46.7978], [-71.2526, 46.7979], [-71.2523, 46.7979], [-71.2521, 46.798], [-71.252, 46.798], [-71.2519, 46.798], [-71.2518, 46.7981], [-71.2517, 46.7982], [-71.2517, 46.7983], [-71.2518, 46.7984], [-71.2518, 46.7985], [-71.2518, 46.7986], [-71.2517, 46.7987], [-71.2516, 46.7988], [-71.2514, 46.7989], [-71.2513, 46.7991], [-71.251, 46.7992], [-71.2507, 46.7994], [-71.2505, 46.7995], [-71.2503, 46.7997], [-71.2502, 46.7998], [-71.25, 46.7999], [-71.25, 46.8], [-71.2499, 46.8001], [-71.2499, 46.8002], [-71.2499, 46.8003], [-71.2499, 46.8004], [-71.2498, 46.8005], [-71.2497, 46.8005], [-71.2496, 46.8006], [-71.2493, 46.8006], [-71.2491, 46.8006], [-71.2488, 46.8006], [-71.2484, 46.8006], [-71.2481, 46.8005], [-71.2478, 46.8005], [-71.2476, 46.8004], [-71.2475, 46.8004], [-71.2473, 46.8003], [-71.2473, 46.8002], [-71.2473, 46.8001], [-71.2473, 46.8], [-71.2473, 46.7999], [-71.2473, 46.7998], [-71.2472, 46.7997], [-71.2471, 46.7995], [-71.247, 46.7994], [-71.2469, 46.7993], [-71.2468, 46.7992], [-71.2466, 46.7991], [-71.2465, 46.799], [-71.2464, 46.799], [-71.2462, 46.7991], [-71.2461, 46.7992], [-71.2461, 46.7993], [-71.246, 46.7995], [-71.2459, 46.7997], [-71.2458, 46.7999], [-71.2458, 46.8], [-71.2457, 46.8001], [-71.2456, 46.8002], [-71.2455, 46.8003], [-71.2454, 46.8003], [-71.2453, 46.8003], [-71.2452, 46.8002], [-71.245, 46.8002], [-71.2449, 46.8001], [-71.2448, 46.8001], [-71.2447, 46.8001], [-71.2446, 46.8001], [-71.2445, 46.8002], [-71.2444, 46.8002], [-71.2444, 46.8003], [-71.2443, 46.8003], [-71.2442, 46.8003], [-71.2441, 46.8003], [-71.244, 46.8003], [-71.2439, 46.8003], [-71.2438, 46.8003], [-71.2437, 46.8002], [-71.2436, 46.8002], [-71.2435, 46.8001], [-71.2434, 46.8001], [-71.2433, 46.8001], [-71.2432, 46.8001], [-71.2431, 46.8001], [-71.243, 46.8001], [-71.243, 46.8002], [-71.2428, 46.8002], [-71.2426, 46.8002], [-71.2424, 46.8002], [-71.242, 46.8002], [-71.2416, 46.8002], [-71.2411, 46.8002], [-71.2406, 46.8002], [-71.24, 46.8001], [-71.2394, 46.8001], [-71.2389, 46.8], [-71.2385, 46.7999], [-71.2382, 46.7998], [-71.2379, 46.7998], [-71.2377, 46.7997], [-71.2376, 46.7996], [-71.2375, 46.7994], [-71.2374, 46.7993], [-71.2373, 46.7993], [-71.2372, 46.7993], [-71.2371, 46.7994], [-71.2371, 46.7995], [-71.237, 46.7996], [-71.2369, 46.7997], [-71.2368, 46.7997], [-71.2367, 46.7997], [-71.2366, 46.7997], [-71.2365, 46.7996], [-71.2364, 46.7996], [-71.2363, 46.7995], [-71.2361, 46.7995], [-71.236, 46.7995], [-71.2359, 46.7995], [-71.2358, 46.7995], [-71.2356, 46.7995], [-71.2355, 46.7995], [-71.2353, 46.7995], [-71.2352, 46.7995], [-71.2351, 46.7995], [-71.235, 46.7994], [-71.2349, 46.7993], [-71.2349, 46.7992], [-71.2349, 46.7991], [-71.2349, 46.7989], [-71.2349, 46.7987], [-71.2349, 46.7986], [-71.235, 46.7984], [-71.2351, 46.7983], [-71.2352, 46.7982], [-71.2353, 46.7982], [-71.2354, 46.7982], [-71.2355, 46.7982], [-71.2357, 46.7982], [-71.2358, 46.7982], [-71.2359, 46.7982], [-71.2359, 46.7981], [-71.2359, 46.798], [-71.2358, 46.7979], [-71.2357, 46.7978], [-71.2356, 46.7976], [-71.2354, 46.7975], [-71.2353, 46.7973], [-71.2352, 46.7971], [-71.2352, 46.7969], [-71.2351, 46.7967], [-71.2351, 46.7965], [-71.2351, 46.7962], [-71.2352, 46.7959], [-71.2352, 46.7957], [-71.2353, 46.7954], [-71.2353, 46.7952], [-71.2354, 46.795], [-71.2355, 46.7949], [-71.2356, 46.7947], [-71.2357, 46.7946], [-71.2358, 46.7945], [-71.2359, 46.7943], [-71.236, 46.7942], [-71.236, 46.7941], [-71.236, 46.794], [-71.236, 46.7939], [-71.236, 46.7938], [-71.2359, 46.7937], [-71.2358, 46.7936], [-71.2358, 46.7935], [-71.2357, 46.7935], [-71.2357, 46.7934], [-71.2357, 46.7933], [-71.2357, 46.7932], [-71.2358, 46.7932], [-71.2359, 46.7931], [-71.236, 46.7931], [-71.2361, 46.793], [-71.2362, 46.793], [-71.2364, 46.793], [-71.2365, 46.793], [-71.2367, 46.793], [-71.2369, 46.7931], [-71.2371, 46.7931], [-71.2373, 46.7931], [-71.2374, 46.7931], [-71.2375, 46.7931], [-71.2376, 46.7931], [-71.2376, 46.793], [-71.2377, 46.793], [-71.2376, 46.7929], [-71.2376, 46.7928], [-71.2376, 46.7927], [-71.2376, 46.7926], [-71.2377, 46.7926], [-71.2378, 46.7925], [-71.2379, 46.7924], [-71.2381, 46.7923], [-71.2382, 46.7922], [-71.2384, 46.7922], [-71.2385, 46.7921], [-71.2387, 46.792], [-71.2388, 46.7919], [-71.2389, 46.7917], [-71.239, 46.7916], [-71.239, 46.7915], [-71.2391, 46.7913], [-71.2391, 46.7912], [-71.2392, 46.7911], [-71.2393, 46.791], [-71.2395, 46.7909], [-71.2396, 46.7908], [-71.2398, 46.7907], [-71.24, 46.7906], [-71.2403, 46.7906], [-71.2404, 46.7905], [-71.2406, 46.7904], [-71.2407, 46.7904], [-71.2407, 46.7903], [-71.2406, 46.7902], [-71.2405, 46.7902], [-71.2404, 46.7901], [-71.2403, 46.7901], [-71.2402, 46.79], [-71.2401, 46.79], [-71.24, 46.7899], [-71.24, 46.7898], [-71.2401, 46.7897], [-71.2401, 46.7896], [-71.2402, 46.7895], [-71.2402, 46.7894], [-71.2403, 46.7894], [-71.2404, 46.7893], [-71.2405, 46.7893], [-71.2406, 46.7893], [-71.2407, 46.7893], [-71.2408, 46.7894], [-71.241, 46.7894], [-71.2411, 46.7895], [-71.2413, 46.7895], [-71.2414, 46.7895], [-71.2416, 46.7895], [-71.2418, 46.7895], [-71.242, 46.7895], [-71.2422, 46.7895], [-71.2424, 46.7895], [-71.2426, 46.7894], [-71.2427, 46.7894], [-71.2428, 46.7894], [-71.2428, 46.7893], [-71.2426, 46.7893], [-71.2425, 46.7893], [-71.2423, 46.7893], [-71.2422, 46.7892], [-71.2421, 46.7892], [-71.242, 46.7891], [-71.2419, 46.7891], [-71.2418, 46.789], [-71.2418, 46.7889], [-71.2417, 46.7888], [-71.2417, 46.7887], [-71.2418, 46.7887], [-71.2419, 46.7886], [-71.2421, 46.7886], [-71.2424, 46.7885], [-71.2427, 46.7885], [-71.243, 46.7885], [-71.2434, 46.7885], [-71.2438, 46.7885], [-71.2441, 46.7885], [-71.2444, 46.7885], [-71.2446, 46.7885], [-71.2448, 46.7884], [-71.2449, 46.7884], [-71.245, 46.7883], [-71.245, 46.7882], [-71.2451, 46.7882], [-71.2453, 46.7881], [-71.2454, 46.788], [-71.2456, 46.788], [-71.2458, 46.788], [-71.2461, 46.7879], [-71.2464, 46.7879], [-71.2467, 46.7879], [-71.247, 46.7879], [-71.2472, 46.7879], [-71.2475, 46.7879], [-71.2477, 46.788], [-71.248, 46.7881], [-71.2482, 46.7882], [-71.2484, 46.7884], [-71.2486, 46.7885], [-71.2488, 46.7886], [-71.249, 46.7886], [-71.2491, 46.7887], [-71.2493, 46.7887], [-71.2494, 46.7887], [-71.2495, 46.7886], [-71.2496, 46.7885], [-71.2497, 46.7885], [-71.2498, 46.7885], [-71.2499, 46.7885], [-71.25, 46.7885], [-71.2501, 46.7886], [-71.2502, 46.7886], [-71.2503, 46.7887], [-71.2504, 46.7887], [-71.2505, 46.7887], [-71.2506, 46.7887], [-71.2507, 46.7887], [-71.2508, 46.7886], [-71.2509, 46.7886], [-71.251, 46.7885], [-71.2511, 46.7886], [-71.2512, 46.7886], [-71.2513, 46.7886], [-71.2514, 46.7887], [-71.2516, 46.7887], [-71.2517, 46.7888], [-71.2518, 46.7888], [-71.252, 46.7888], [-71.2522, 46.7888], [-71.2524, 46.7888], [-71.2527, 46.7888], [-71.2529, 46.7887], [-71.2531, 46.7887], [-71.2533, 46.7887], [-71.2535, 46.7887], [-71.2536, 46.7887], [-71.2537, 46.7888], [-71.2538, 46.7888], [-71.2539, 46.7889], [-71.254, 46.789], [-71.2539, 46.7891], [-71.2539, 46.7892], [-71.2538, 46.7893], [-71.2536, 46.7894], [-71.2535, 46.7895], [-71.2533, 46.7896], [-71.253, 46.7898]]]}}, {"type": "Feature", "properties": {"couche": "voile", "station": "Collège Saint-Charles-Garnier", "minutes": 13}, "geometry": {"type": "Polygon", "coordinates": [[[-71.4132, 46.9074], [-71.0789, 46.9095], [-71.0764, 46.6809], [-71.4094, 46.6788], [-71.4132, 46.9074]], [[-71.2533, 46.7896], [-71.2535, 46.7895], [-71.2536, 46.7894], [-71.2538, 46.7893], [-71.2539, 46.7892], [-71.2539, 46.7891], [-71.254, 46.789], [-71.2539, 46.7889], [-71.2538, 46.7888], [-71.2537, 46.7888], [-71.2536, 46.7887], [-71.2535, 46.7887], [-71.2533, 46.7887], [-71.2531, 46.7887], [-71.2529, 46.7887], [-71.2527, 46.7888], [-71.2524, 46.7888], [-71.2522, 46.7888], [-71.252, 46.7888], [-71.2518, 46.7888], [-71.2517, 46.7888], [-71.2516, 46.7887], [-71.2514, 46.7887], [-71.2513, 46.7886], [-71.2512, 46.7886], [-71.2511, 46.7886], [-71.251, 46.7885], [-71.2509, 46.7886], [-71.2508, 46.7886], [-71.2507, 46.7887], [-71.2506, 46.7887], [-71.2505, 46.7887], [-71.2504, 46.7887], [-71.2503, 46.7887], [-71.2502, 46.7886], [-71.2501, 46.7886], [-71.25, 46.7885], [-71.2499, 46.7885], [-71.2498, 46.7885], [-71.2497, 46.7885], [-71.2496, 46.7885], [-71.2495, 46.7886], [-71.2494, 46.7887], [-71.2493, 46.7887], [-71.2491, 46.7887], [-71.249, 46.7886], [-71.2488, 46.7886], [-71.2486, 46.7885], [-71.2484, 46.7884], [-71.2482, 46.7882], [-71.248, 46.7881], [-71.2477, 46.788], [-71.2475, 46.7879], [-71.2472, 46.7879], [-71.247, 46.7879], [-71.2467, 46.7879], [-71.2464, 46.7879], [-71.2461, 46.7879], [-71.2458, 46.788], [-71.2456, 46.788], [-71.2454, 46.788], [-71.2453, 46.7881], [-71.2451, 46.7882], [-71.245, 46.7882], [-71.245, 46.7883], [-71.2449, 46.7884], [-71.2448, 46.7884], [-71.2446, 46.7885], [-71.2444, 46.7885], [-71.2441, 46.7885], [-71.2438, 46.7885], [-71.2434, 46.7885], [-71.243, 46.7885], [-71.2427, 46.7885], [-71.2424, 46.7885], [-71.2421, 46.7886], [-71.2419, 46.7886], [-71.2418, 46.7887], [-71.2417, 46.7887], [-71.2417, 46.7888], [-71.2418, 46.7889], [-71.2418, 46.789], [-71.2419, 46.7891], [-71.242, 46.7891], [-71.2421, 46.7892], [-71.2422, 46.7892], [-71.2423, 46.7893], [-71.2425, 46.7893], [-71.2426, 46.7893], [-71.2428, 46.7893], [-71.2428, 46.7894], [-71.2427, 46.7894], [-71.2426, 46.7894], [-71.2424, 46.7895], [-71.2422, 46.7895], [-71.242, 46.7895], [-71.2418, 46.7895], [-71.2416, 46.7895], [-71.2414, 46.7895], [-71.2413, 46.7895], [-71.2411, 46.7895], [-71.241, 46.7894], [-71.2408, 46.7894], [-71.2407, 46.7893], [-71.2406, 46.7893], [-71.2405, 46.7893], [-71.2404, 46.7893], [-71.2403, 46.7894], [-71.2402, 46.7894], [-71.2402, 46.7895], [-71.2401, 46.7896], [-71.2401, 46.7897], [-71.24, 46.7898], [-71.24, 46.7899], [-71.2401, 46.79], [-71.2402, 46.79], [-71.2403, 46.7901], [-71.2404, 46.7901], [-71.2405, 46.7902], [-71.2406, 46.7902], [-71.2407, 46.7903], [-71.2407, 46.7904], [-71.2406, 46.7904], [-71.2404, 46.7905], [-71.2403, 46.7906], [-71.24, 46.7906], [-71.2398, 46.7907], [-71.2396, 46.7908], [-71.2395, 46.7909], [-71.2393, 46.791], [-71.2392, 46.7911], [-71.2391, 46.7912], [-71.2391, 46.7913], [-71.239, 46.7915], [-71.239, 46.7916], [-71.2389, 46.7917], [-71.2388, 46.7919], [-71.2387, 46.792], [-71.2385, 46.7921], [-71.2384, 46.7922], [-71.2382, 46.7922], [-71.2381, 46.7923], [-71.2379, 46.7924], [-71.2378, 46.7925], [-71.2377, 46.7926], [-71.2376, 46.7926], [-71.2376, 46.7927], [-71.2376, 46.7928], [-71.2376, 46.7929], [-71.2377, 46.793], [-71.2376, 46.793], [-71.2376, 46.7931], [-71.2375, 46.7931], [-71.2374, 46.7931], [-71.2373, 46.7931], [-71.2371, 46.7931], [-71.2369, 46.7931], [-71.2367, 46.793], [-71.2365, 46.793], [-71.2364, 46.793], [-71.2362, 46.793], [-71.2361, 46.793], [-71.236, 46.7931], [-71.2359, 46.7931], [-71.2358, 46.7932], [-71.2357, 46.7932], [-71.2357, 46.7933], [-71.2357, 46.7934], [-71.2357, 46.7935], [-71.2358, 46.7935], [-71.2358, 46.7936], [-71.2359, 46.7937], [-71.236, 46.7938], [-71.236, 46.7939], [-71.236, 46.794], [-71.236, 46.7941], [-71.236, 46.7942], [-71.2359, 46.7943], [-71.2358, 46.7945], [-71.2357, 46.7946], [-71.2356, 46.7947], [-71.2355, 46.7949], [-71.2354, 46.795], [-71.2353, 46.7952], [-71.2353, 46.7954], [-71.2352, 46.7957], [-71.2352, 46.7959], [-71.2351, 46.7962], [-71.2351, 46.7965], [-71.2351, 46.7967], [-71.2352, 46.7969], [-71.2352, 46.7971], [-71.2353, 46.7973], [-71.2354, 46.7975], [-71.2356, 46.7976], [-71.2357, 46.7978], [-71.2358, 46.7979], [-71.2359, 46.798], [-71.2359, 46.7981], [-71.2359, 46.7982], [-71.2358, 46.7982], [-71.2357, 46.7982], [-71.2355, 46.7982], [-71.2354, 46.7982], [-71.2353, 46.7982], [-71.2352, 46.7982], [-71.2351, 46.7983], [-71.235, 46.7984], [-71.2349, 46.7986], [-71.2349, 46.7987], [-71.2349, 46.7989], [-71.2349, 46.7991], [-71.2349, 46.7992], [-71.2349, 46.7993], [-71.235, 46.7994], [-71.2351, 46.7995], [-71.2352, 46.7995], [-71.2353, 46.7995], [-71.2355, 46.7995], [-71.2356, 46.7995], [-71.2358, 46.7995], [-71.2359, 46.7995], [-71.236, 46.7995], [-71.2361, 46.7995], [-71.2363, 46.7995], [-71.2364, 46.7996], [-71.2365, 46.7996], [-71.2366, 46.7997], [-71.2367, 46.7997], [-71.2368, 46.7997], [-71.2369, 46.7997], [-71.237, 46.7996], [-71.2371, 46.7995], [-71.2371, 46.7994], [-71.2372, 46.7993], [-71.2373, 46.7993], [-71.2374, 46.7993], [-71.2375, 46.7994], [-71.2376, 46.7996], [-71.2377, 46.7997], [-71.2379, 46.7998], [-71.2382, 46.7998], [-71.2385, 46.7999], [-71.2389, 46.8], [-71.2394, 46.8001], [-71.24, 46.8001], [-71.2406, 46.8002], [-71.2411, 46.8002], [-71.2416, 46.8002], [-71.242, 46.8002], [-71.2424, 46.8002], [-71.2426, 46.8002], [-71.2428, 46.8002], [-71.243, 46.8002], [-71.243, 46.8001], [-71.2431, 46.8001], [-71.2432, 46.8001], [-71.2433, 46.8001], [-71.2434, 46.8001], [-71.2435, 46.8001], [-71.2436, 46.8002], [-71.2437, 46.8002], [-71.2438, 46.8003], [-71.2439, 46.8003], [-71.244, 46.8003], [-71.2441, 46.8003], [-71.2442, 46.8003], [-71.2443, 46.8003], [-71.2444, 46.8003], [-71.2444, 46.8002], [-71.2445, 46.8002], [-71.2446, 46.8001], [-71.2447, 46.8001], [-71.2448, 46.8001], [-71.2449, 46.8001], [-71.245, 46.8002], [-71.2452, 46.8002], [-71.2453, 46.8003], [-71.2454, 46.8003], [-71.2455, 46.8003], [-71.2456, 46.8002], [-71.2457, 46.8001], [-71.2458, 46.8], [-71.2458, 46.7999], [-71.2459, 46.7997], [-71.246, 46.7995], [-71.2461, 46.7993], [-71.2461, 46.7992], [-71.2462, 46.7991], [-71.2464, 46.799], [-71.2465, 46.799], [-71.2466, 46.7991], [-71.2468, 46.7992], [-71.2469, 46.7993], [-71.247, 46.7994], [-71.2471, 46.7995], [-71.2472, 46.7997], [-71.2473, 46.7998], [-71.2473, 46.7999], [-71.2473, 46.8], [-71.2473, 46.8001], [-71.2473, 46.8002], [-71.2473, 46.8003], [-71.2475, 46.8004], [-71.2476, 46.8004], [-71.2478, 46.8005], [-71.2481, 46.8005], [-71.2484, 46.8006], [-71.2488, 46.8006], [-71.2491, 46.8006], [-71.2493, 46.8006], [-71.2496, 46.8006], [-71.2497, 46.8005], [-71.2498, 46.8005], [-71.2499, 46.8004], [-71.2499, 46.8003], [-71.2499, 46.8002], [-71.2499, 46.8001], [-71.25, 46.8], [-71.25, 46.7999], [-71.2502, 46.7998], [-71.2503, 46.7997], [-71.2505, 46.7995], [-71.2507, 46.7994], [-71.251, 46.7992], [-71.2513, 46.7991], [-71.2514, 46.7989], [-71.2516, 46.7988], [-71.2517, 46.7987], [-71.2518, 46.7986], [-71.2518, 46.7985], [-71.2518, 46.7984], [-71.2517, 46.7983], [-71.2517, 46.7982], [-71.2518, 46.7981], [-71.2519, 46.798], [-71.252, 46.798], [-71.2521, 46.798], [-71.2523, 46.7979], [-71.2526, 46.7979], [-71.2528, 46.7978], [-71.253, 46.7977], [-71.2531, 46.7976], [-71.2533, 46.7975], [-71.2535, 46.7973], [-71.2536, 46.7971], [-71.2537, 46.7969], [-71.2538, 46.7966], [-71.2539, 46.7963], [-71.2539, 46.7961], [-71.254, 46.7959], [-71.254, 46.7957], [-71.254, 46.7955], [-71.254, 46.7954], [-71.254, 46.7952], [-71.2539, 46.7951], [-71.2539, 46.7949], [-71.2539, 46.7948], [-71.2539, 46.7947], [-71.2539, 46.7946], [-71.2539, 46.7945], [-71.254, 46.7944], [-71.254, 46.7943], [-71.2541, 46.7943], [-71.2541, 46.7942], [-71.2541, 46.7941], [-71.2541, 46.794], [-71.254, 46.794], [-71.2539, 46.7939], [-71.2538, 46.7938], [-71.2538, 46.7937], [-71.2538, 46.7936], [-71.2539, 46.7936], [-71.2539, 46.7935], [-71.254, 46.7935], [-71.254, 46.7934], [-71.254, 46.7933], [-71.2539, 46.7932], [-71.2538, 46.7931], [-71.2537, 46.7929], [-71.2537, 46.7928], [-71.2537, 46.7926], [-71.2537, 46.7923], [-71.2538, 46.792], [-71.2538, 46.7917], [-71.2539, 46.7913], [-71.2539, 46.7909], [-71.254, 46.7906], [-71.254, 46.7904], [-71.254, 46.7902], [-71.2539, 46.79], [-71.2539, 46.7899], [-71.2538, 46.7898], [-71.2537, 46.7898], [-71.2536, 46.7898], [-71.2534, 46.7898], [-71.2533, 46.7898], [-71.2532, 46.7898], [-71.2531, 46.7899], [-71.2529, 46.7899], [-71.2528, 46.79], [-71.2526, 46.7901], [-71.2526, 46.79], [-71.2527, 46.79], [-71.2528, 46.7899], [-71.253, 46.7898], [-71.2533, 46.7896]]]}}, {"type": "Feature", "properties": {"couche": "aire_marche", "station": "Collège Saint-Charles-Garnier", "ordre": 16, "minutes": 14, "superficie_ha": 184.6, "rue_km": 52.73, "disque_ha": 301.7, "part_disque_pct": 61, "accroche_m": 1, "population": 9833, "navetteurs": 2749, "mode_auto_pct": 58, "mode_tc_pct": 20, "mode_actif_pct": 22, "mode_autre_pct": 0}, "geometry": {"type": "Polygon", "coordinates": [[[-71.2544, 46.7951], [-71.2543, 46.7951], [-71.2542, 46.7952], [-71.2542, 46.7953], [-71.2542, 46.7954], [-71.2542, 46.7955], [-71.2542, 46.7956], [-71.2543, 46.7957], [-71.2543, 46.7958], [-71.2544, 46.796], [-71.2544, 46.7961], [-71.2544, 46.7962], [-71.2543, 46.7963], [-71.2542, 46.7964], [-71.2541, 46.7965], [-71.254, 46.7965], [-71.2539, 46.7966], [-71.2538, 46.7966], [-71.2537, 46.7967], [-71.2537, 46.7968], [-71.2538, 46.7969], [-71.2539, 46.7969], [-71.254, 46.797], [-71.2541, 46.7971], [-71.2541, 46.7972], [-71.2542, 46.7972], [-71.2542, 46.7973], [-71.2542, 46.7974], [-71.2542, 46.7975], [-71.2541, 46.7976], [-71.254, 46.7977], [-71.2539, 46.7978], [-71.2538, 46.798], [-71.2536, 46.7982], [-71.2534, 46.7984], [-71.2531, 46.7987], [-71.2529, 46.7989], [-71.2526, 46.7992], [-71.2523, 46.7994], [-71.2521, 46.7996], [-71.2519, 46.7997], [-71.2516, 46.7999], [-71.2514, 46.8], [-71.2512, 46.8001], [-71.251, 46.8002], [-71.2509, 46.8002], [-71.2507, 46.8003], [-71.2506, 46.8004], [-71.2505, 46.8005], [-71.2505, 46.8006], [-71.2504, 46.8006], [-71.2504, 46.8007], [-71.2504, 46.8008], [-71.2503, 46.8009], [-71.2503, 46.801], [-71.2502, 46.801], [-71.2501, 46.801], [-71.25, 46.801], [-71.2498, 46.8009], [-71.2497, 46.8009], [-71.2496, 46.8009], [-71.2495, 46.8008], [-71.2494, 46.8008], [-71.2492, 46.8008], [-71.2491, 46.8009], [-71.249, 46.8009], [-71.2488, 46.8009], [-71.2487, 46.801], [-71.2485, 46.801], [-71.2483, 46.801], [-71.248, 46.801], [-71.2477, 46.8009], [-71.2474, 46.8009], [-71.2471, 46.8008], [-71.2468, 46.8008], [-71.2464, 46.8007], [-71.2461, 46.8007], [-71.2459, 46.8006], [-71.2456, 46.8006], [-71.2454, 46.8006], [-71.2453, 46.8007], [-71.2451, 46.8007], [-71.245, 46.8008], [-71.2449, 46.8008], [-71.2448, 46.8008], [-71.2446, 46.8008], [-71.2444, 46.8008], [-71.2442, 46.8008], [-71.244, 46.8007], [-71.2437, 46.8007], [-71.2434, 46.8006], [-71.2432, 46.8005], [-71.2429, 46.8005], [-71.2425, 46.8005], [-71.2422, 46.8004], [-71.2418, 46.8004], [-71.2414, 46.8004], [-71.241, 46.8004], [-71.2406, 46.8004], [-71.2402, 46.8004], [-71.2399, 46.8004], [-71.2396, 46.8004], [-71.2393, 46.8004], [-71.2391, 46.8003], [-71.2389, 46.8003], [-71.2387, 46.8002], [-71.2386, 46.8001], [-71.2385, 46.8001], [-71.2384, 46.8], [-71.2383, 46.8], [-71.2381, 46.8], [-71.238, 46.8], [-71.2379, 46.8], [-71.2378, 46.8001], [-71.2376, 46.8001], [-71.2375, 46.8002], [-71.2373, 46.8002], [-71.2372, 46.8002], [-71.2371, 46.8001], [-71.2369, 46.8001], [-71.2368, 46.8], [-71.2366, 46.7999], [-71.2365, 46.7998], [-71.2364, 46.7997], [-71.2363, 46.7996], [-71.2362, 46.7996], [-71.2361, 46.7996], [-71.236, 46.7996], [-71.236, 46.7997], [-71.236, 46.7998], [-71.236, 46.7999], [-71.2359, 46.8], [-71.2358, 46.8], [-71.2357, 46.8001], [-71.2355, 46.8001], [-71.2353, 46.8001], [-71.2351, 46.8], [-71.2349, 46.8], [-71.2347, 46.8], [-71.2345, 46.7999], [-71.2343, 46.7998], [-71.2342, 46.7997], [-71.2342, 46.7996], [-71.2341, 46.7994], [-71.2341, 46.7993], [-71.2341, 46.7991], [-71.2342, 46.799], [-71.2342, 46.7989], [-71.2343, 46.7988], [-71.2344, 46.7987], [-71.2345, 46.7987], [-71.2346, 46.7987], [-71.2347, 46.7987], [-71.2349, 46.7987], [-71.235, 46.7987], [-71.2351, 46.7987], [-71.2351, 46.7986], [-71.2351, 46.7985], [-71.235, 46.7984], [-71.235, 46.7982], [-71.2349, 46.7981], [-71.2348, 46.798], [-71.2348, 46.7979], [-71.2348, 46.7978], [-71.2349, 46.7978], [-71.2351, 46.7978], [-71.2353, 46.7979], [-71.2355, 46.798], [-71.2356, 46.798], [-71.2358, 46.798], [-71.2357, 46.7979], [-71.2356, 46.7978], [-71.2355, 46.7976], [-71.2352, 46.7974], [-71.235, 46.7972], [-71.2349, 46.797], [-71.2347, 46.7968], [-71.2346, 46.7966], [-71.2346, 46.7964], [-71.2345, 46.7961], [-71.2345, 46.7959], [-71.2346, 46.7957], [-71.2346, 46.7955], [-71.2347, 46.7953], [-71.2348, 46.7951], [-71.2349, 46.795], [-71.235, 46.7948], [-71.2352, 46.7947], [-71.2354, 46.7946], [-71.2355, 46.7944], [-71.2357, 46.7943], [-71.2358, 46.7942], [-71.2359, 46.7941], [-71.2359, 46.794], [-71.2358, 46.7939], [-71.2357, 46.7938], [-71.2355, 46.7938], [-71.2354, 46.7937], [-71.2352, 46.7936], [-71.2351, 46.7936], [-71.2351, 46.7935], [-71.235, 46.7934], [-71.2349, 46.7933], [-71.2349, 46.7932], [-71.2349, 46.7931], [-71.235, 46.793], [-71.2351, 46.793], [-71.2352, 46.7929], [-71.2354, 46.7928], [-71.2356, 46.7928], [-71.2358, 46.7927], [-71.2361, 46.7927], [-71.2363, 46.7927], [-71.2365, 46.7926], [-71.2367, 46.7926], [-71.2368, 46.7925], [-71.2369, 46.7924], [-71.237, 46.7924], [-71.237, 46.7923], [-71.237, 46.7922], [-71.237, 46.7921], [-71.2371, 46.792], [-71.2372, 46.792], [-71.2373, 46.7919], [-71.2374, 46.7919], [-71.2376, 46.7918], [-71.2377, 46.7918], [-71.2378, 46.7918], [-71.238, 46.7917], [-71.2381, 46.7917], [-71.2382, 46.7918], [-71.2383, 46.7918], [-71.2384, 46.7918], [-71.2385, 46.7918], [-71.2386, 46.7919], [-71.2387, 46.7918], [-71.2388, 46.7918], [-71.2389, 46.7917], [-71.239, 46.7916], [-71.239, 46.7915], [-71.2391, 46.7913], [-71.2391, 46.7912], [-71.2392, 46.7911], [-71.2394, 46.791], [-71.2395, 46.7908], [-71.2397, 46.7908], [-71.2398, 46.7907], [-71.24, 46.7906], [-71.2403, 46.7905], [-71.2404, 46.7905], [-71.2406, 46.7904], [-71.2404, 46.7903], [-71.2403, 46.7903], [-71.2401, 46.7903], [-71.2399, 46.7903], [-71.2397, 46.7903], [-71.2395, 46.7903], [-71.2394, 46.7903], [-71.2393, 46.7902], [-71.2392, 46.7902], [-71.2391, 46.7901], [-71.2391, 46.79], [-71.2391, 46.7899], [-71.2392, 46.7898], [-71.2394, 46.7896], [-71.2395, 46.7895], [-71.2397, 46.7893], [-71.24, 46.7891], [-71.2403, 46.7889], [-71.2406, 46.7887], [-71.2409, 46.7886], [-71.2412, 46.7884], [-71.2415, 46.7883], [-71.2418, 46.7883], [-71.2421, 46.7883], [-71.2424, 46.7883], [-71.2428, 46.7883], [-71.2431, 46.7883], [-71.2433, 46.7883], [-71.2435, 46.7883], [-71.2437, 46.7883], [-71.2439, 46.7883], [-71.244, 46.7883], [-71.244, 46.7882], [-71.2441, 46.7882], [-71.2441, 46.7881], [-71.2442, 46.7881], [-71.2443, 46.788], [-71.2444, 46.788], [-71.2446, 46.788], [-71.2447, 46.788], [-71.2449, 46.788], [-71.2451, 46.788], [-71.2453, 46.7879], [-71.2454, 46.7879], [-71.2456, 46.7879], [-71.2457, 46.7878], [-71.2458, 46.7877], [-71.2459, 46.7877], [-71.246, 46.7876], [-71.246, 46.7875], [-71.2461, 46.7874], [-71.2462, 46.7873], [-71.2464, 46.7873], [-71.2466, 46.7872], [-71.2468, 46.7872], [-71.2471, 46.7873], [-71.2474, 46.7873], [-71.2478, 46.7874], [-71.2481, 46.7875], [-71.2484, 46.7875], [-71.2487, 46.7876], [-71.2489, 46.7877], [-71.2491, 46.7878], [-71.2493, 46.7879], [-71.2494, 46.7879], [-71.2495, 46.788], [-71.2497, 46.7881], [-71.2498, 46.7882], [-71.25, 46.7882], [-71.2502, 46.7882], [-71.2504, 46.7882], [-71.2506, 46.7882], [-71.2508, 46.7882], [-71.2511, 46.7882], [-71.2513, 46.7882], [-71.2515, 46.7882], [-71.2517, 46.7882], [-71.2519, 46.7882], [-71.2521, 46.7883], [-71.2523, 46.7883], [-71.2524, 46.7884], [-71.2525, 46.7885], [-71.2527, 46.7886], [-71.2528, 46.7887], [-71.253, 46.7887], [-71.2531, 46.7887], [-71.2533, 46.7887], [-71.2535, 46.7887], [-71.2537, 46.7886], [-71.2539, 46.7885], [-71.2541, 46.7885], [-71.2542, 46.7884], [-71.2543, 46.7884], [-71.2544, 46.7885], [-71.2544, 46.7886], [-71.2543, 46.7888], [-71.2543, 46.7889], [-71.2543, 46.789], [-71.2543, 46.7892], [-71.2543, 46.7894], [-71.2543, 46.7896], [-71.2544, 46.7898], [-71.2545, 46.7901], [-71.2546, 46.7904], [-71.2547, 46.7906], [-71.2547, 46.7908], [-71.2547, 46.791], [-71.2547, 46.7912], [-71.2547, 46.7913], [-71.2547, 46.7914], [-71.2546, 46.7915], [-71.2545, 46.7916], [-71.2544, 46.7917], [-71.2544, 46.7918], [-71.2543, 46.7918], [-71.2544, 46.7919], [-71.2544, 46.792], [-71.2545, 46.792], [-71.2546, 46.7921], [-71.2547, 46.7922], [-71.2547, 46.7923], [-71.2547, 46.7924], [-71.2546, 46.7926], [-71.2546, 46.7927], [-71.2546, 46.7929], [-71.2545, 46.793], [-71.2545, 46.7932], [-71.2545, 46.7933], [-71.2545, 46.7935], [-71.2546, 46.7937], [-71.2546, 46.7938], [-71.2547, 46.794], [-71.2547, 46.7942], [-71.2548, 46.7943], [-71.2548, 46.7945], [-71.2548, 46.7946], [-71.2548, 46.7947], [-71.2547, 46.7948], [-71.2547, 46.7949], [-71.2545, 46.795], [-71.2544, 46.7951]]]}}, {"type": "Feature", "properties": {"couche": "voile", "station": "Collège Saint-Charles-Garnier", "minutes": 14}, "geometry": {"type": "Polygon", "coordinates": [[[-71.4139, 46.9078], [-71.0781, 46.91], [-71.0756, 46.6802], [-71.41, 46.6781], [-71.4139, 46.9078]], [[-71.2545, 46.795], [-71.2547, 46.7949], [-71.2547, 46.7948], [-71.2548, 46.7947], [-71.2548, 46.7946], [-71.2548, 46.7945], [-71.2548, 46.7943], [-71.2547, 46.7942], [-71.2547, 46.794], [-71.2546, 46.7938], [-71.2546, 46.7937], [-71.2545, 46.7935], [-71.2545, 46.7933], [-71.2545, 46.7932], [-71.2545, 46.793], [-71.2546, 46.7929], [-71.2546, 46.7927], [-71.2546, 46.7926], [-71.2547, 46.7924], [-71.2547, 46.7923], [-71.2547, 46.7922], [-71.2546, 46.7921], [-71.2545, 46.792], [-71.2544, 46.792], [-71.2544, 46.7919], [-71.2543, 46.7918], [-71.2544, 46.7918], [-71.2544, 46.7917], [-71.2545, 46.7916], [-71.2546, 46.7915], [-71.2547, 46.7914], [-71.2547, 46.7913], [-71.2547, 46.7912], [-71.2547, 46.791], [-71.2547, 46.7908], [-71.2547, 46.7906], [-71.2546, 46.7904], [-71.2545, 46.7901], [-71.2544, 46.7898], [-71.2543, 46.7896], [-71.2543, 46.7894], [-71.2543, 46.7892], [-71.2543, 46.789], [-71.2543, 46.7889], [-71.2543, 46.7888], [-71.2544, 46.7886], [-71.2544, 46.7885], [-71.2543, 46.7884], [-71.2542, 46.7884], [-71.2541, 46.7885], [-71.2539, 46.7885], [-71.2537, 46.7886], [-71.2535, 46.7887], [-71.2533, 46.7887], [-71.2531, 46.7887], [-71.253, 46.7887], [-71.2528, 46.7887], [-71.2527, 46.7886], [-71.2525, 46.7885], [-71.2524, 46.7884], [-71.2523, 46.7883], [-71.2521, 46.7883], [-71.2519, 46.7882], [-71.2517, 46.7882], [-71.2515, 46.7882], [-71.2513, 46.7882], [-71.2511, 46.7882], [-71.2508, 46.7882], [-71.2506, 46.7882], [-71.2504, 46.7882], [-71.2502, 46.7882], [-71.25, 46.7882], [-71.2498, 46.7882], [-71.2497, 46.7881], [-71.2495, 46.788], [-71.2494, 46.7879], [-71.2493, 46.7879], [-71.2491, 46.7878], [-71.2489, 46.7877], [-71.2487, 46.7876], [-71.2484, 46.7875], [-71.2481, 46.7875], [-71.2478, 46.7874], [-71.2474, 46.7873], [-71.2471, 46.7873], [-71.2468, 46.7872], [-71.2466, 46.7872], [-71.2464, 46.7873], [-71.2462, 46.7873], [-71.2461, 46.7874], [-71.246, 46.7875], [-71.246, 46.7876], [-71.2459, 46.7877], [-71.2458, 46.7877], [-71.2457, 46.7878], [-71.2456, 46.7879], [-71.2454, 46.7879], [-71.2453, 46.7879], [-71.2451, 46.788], [-71.2449, 46.788], [-71.2447, 46.788], [-71.2446, 46.788], [-71.2444, 46.788], [-71.2443, 46.788], [-71.2442, 46.7881], [-71.2441, 46.7881], [-71.2441, 46.7882], [-71.244, 46.7882], [-71.244, 46.7883], [-71.2439, 46.7883], [-71.2437, 46.7883], [-71.2435, 46.7883], [-71.2433, 46.7883], [-71.2431, 46.7883], [-71.2428, 46.7883], [-71.2424, 46.7883], [-71.2421, 46.7883], [-71.2418, 46.7883], [-71.2415, 46.7883], [-71.2412, 46.7884], [-71.2409, 46.7886], [-71.2406, 46.7887], [-71.2403, 46.7889], [-71.24, 46.7891], [-71.2397, 46.7893], [-71.2395, 46.7895], [-71.2394, 46.7896], [-71.2392, 46.7898], [-71.2391, 46.7899], [-71.2391, 46.79], [-71.2391, 46.7901], [-71.2392, 46.7902], [-71.2393, 46.7902], [-71.2394, 46.7903], [-71.2395, 46.7903], [-71.2397, 46.7903], [-71.2399, 46.7903], [-71.2401, 46.7903], [-71.2403, 46.7903], [-71.2404, 46.7903], [-71.2406, 46.7904], [-71.2404, 46.7905], [-71.2403, 46.7905], [-71.24, 46.7906], [-71.2398, 46.7907], [-71.2397, 46.7908], [-71.2395, 46.7908], [-71.2394, 46.791], [-71.2392, 46.7911], [-71.2391, 46.7912], [-71.2391, 46.7913], [-71.239, 46.7915], [-71.239, 46.7916], [-71.2389, 46.7917], [-71.2388, 46.7918], [-71.2387, 46.7918], [-71.2386, 46.7919], [-71.2385, 46.7918], [-71.2384, 46.7918], [-71.2383, 46.7918], [-71.2382, 46.7918], [-71.2381, 46.7917], [-71.238, 46.7917], [-71.2378, 46.7918], [-71.2377, 46.7918], [-71.2376, 46.7918], [-71.2374, 46.7919], [-71.2373, 46.7919], [-71.2372, 46.792], [-71.2371, 46.792], [-71.237, 46.7921], [-71.237, 46.7922], [-71.237, 46.7923], [-71.237, 46.7924], [-71.2369, 46.7924], [-71.2368, 46.7925], [-71.2367, 46.7926], [-71.2365, 46.7926], [-71.2363, 46.7927], [-71.2361, 46.7927], [-71.2358, 46.7927], [-71.2356, 46.7928], [-71.2354, 46.7928], [-71.2352, 46.7929], [-71.2351, 46.793], [-71.235, 46.793], [-71.2349, 46.7931], [-71.2349, 46.7932], [-71.2349, 46.7933], [-71.235, 46.7934], [-71.2351, 46.7935], [-71.2351, 46.7936], [-71.2352, 46.7936], [-71.2354, 46.7937], [-71.2355, 46.7938], [-71.2357, 46.7938], [-71.2358, 46.7939], [-71.2359, 46.794], [-71.2359, 46.7941], [-71.2358, 46.7942], [-71.2357, 46.7943], [-71.2355, 46.7944], [-71.2354, 46.7946], [-71.2352, 46.7947], [-71.235, 46.7948], [-71.2349, 46.795], [-71.2348, 46.7951], [-71.2347, 46.7953], [-71.2346, 46.7955], [-71.2346, 46.7957], [-71.2345, 46.7959], [-71.2345, 46.7961], [-71.2346, 46.7964], [-71.2346, 46.7966], [-71.2347, 46.7968], [-71.2349, 46.797], [-71.235, 46.7972], [-71.2352, 46.7974], [-71.2355, 46.7976], [-71.2356, 46.7978], [-71.2357, 46.7979], [-71.2358, 46.798], [-71.2356, 46.798], [-71.2355, 46.798], [-71.2353, 46.7979], [-71.2351, 46.7978], [-71.2349, 46.7978], [-71.2348, 46.7978], [-71.2348, 46.7979], [-71.2348, 46.798], [-71.2349, 46.7981], [-71.235, 46.7982], [-71.235, 46.7984], [-71.2351, 46.7985], [-71.2351, 46.7986], [-71.2351, 46.7987], [-71.235, 46.7987], [-71.2349, 46.7987], [-71.2347, 46.7987], [-71.2346, 46.7987], [-71.2345, 46.7987], [-71.2344, 46.7987], [-71.2343, 46.7988], [-71.2342, 46.7989], [-71.2342, 46.799], [-71.2341, 46.7991], [-71.2341, 46.7993], [-71.2341, 46.7994], [-71.2342, 46.7996], [-71.2342, 46.7997], [-71.2343, 46.7998], [-71.2345, 46.7999], [-71.2347, 46.8], [-71.2349, 46.8], [-71.2351, 46.8], [-71.2353, 46.8001], [-71.2355, 46.8001], [-71.2357, 46.8001], [-71.2358, 46.8], [-71.2359, 46.8], [-71.236, 46.7999], [-71.236, 46.7998], [-71.236, 46.7997], [-71.236, 46.7996], [-71.2361, 46.7996], [-71.2362, 46.7996], [-71.2363, 46.7996], [-71.2364, 46.7997], [-71.2365, 46.7998], [-71.2366, 46.7999], [-71.2368, 46.8], [-71.2369, 46.8001], [-71.2371, 46.8001], [-71.2372, 46.8002], [-71.2373, 46.8002], [-71.2375, 46.8002], [-71.2376, 46.8001], [-71.2378, 46.8001], [-71.2379, 46.8], [-71.238, 46.8], [-71.2381, 46.8], [-71.2383, 46.8], [-71.2384, 46.8], [-71.2385, 46.8001], [-71.2386, 46.8001], [-71.2387, 46.8002], [-71.2389, 46.8003], [-71.2391, 46.8003], [-71.2393, 46.8004], [-71.2396, 46.8004], [-71.2399, 46.8004], [-71.2402, 46.8004], [-71.2406, 46.8004], [-71.241, 46.8004], [-71.2414, 46.8004], [-71.2418, 46.8004], [-71.2422, 46.8004], [-71.2425, 46.8005], [-71.2429, 46.8005], [-71.2432, 46.8005], [-71.2434, 46.8006], [-71.2437, 46.8007], [-71.244, 46.8007], [-71.2442, 46.8008], [-71.2444, 46.8008], [-71.2446, 46.8008], [-71.2448, 46.8008], [-71.2449, 46.8008], [-71.245, 46.8008], [-71.2451, 46.8007], [-71.2453, 46.8007], [-71.2454, 46.8006], [-71.2456, 46.8006], [-71.2459, 46.8006], [-71.2461, 46.8007], [-71.2464, 46.8007], [-71.2468, 46.8008], [-71.2471, 46.8008], [-71.2474, 46.8009], [-71.2477, 46.8009], [-71.248, 46.801], [-71.2483, 46.801], [-71.2485, 46.801], [-71.2487, 46.801], [-71.2488, 46.8009], [-71.249, 46.8009], [-71.2491, 46.8009], [-71.2492, 46.8008], [-71.2494, 46.8008], [-71.2495, 46.8008], [-71.2496, 46.8009], [-71.2497, 46.8009], [-71.2498, 46.8009], [-71.25, 46.801], [-71.2501, 46.801], [-71.2502, 46.801], [-71.2503, 46.801], [-71.2503, 46.8009], [-71.2504, 46.8008], [-71.2504, 46.8007], [-71.2504, 46.8006], [-71.2505, 46.8006], [-71.2505, 46.8005], [-71.2506, 46.8004], [-71.2507, 46.8003], [-71.2509, 46.8002], [-71.251, 46.8002], [-71.2512, 46.8001], [-71.2514, 46.8], [-71.2516, 46.7999], [-71.2519, 46.7997], [-71.2521, 46.7996], [-71.2523, 46.7994], [-71.2526, 46.7992], [-71.2529, 46.7989], [-71.2531, 46.7987], [-71.2534, 46.7984], [-71.2536, 46.7982], [-71.2538, 46.798], [-71.2539, 46.7978], [-71.254, 46.7977], [-71.2541, 46.7976], [-71.2542, 46.7975], [-71.2542, 46.7974], [-71.2542, 46.7973], [-71.2542, 46.7972], [-71.2541, 46.7972], [-71.2541, 46.7971], [-71.254, 46.797], [-71.2539, 46.7969], [-71.2538, 46.7969], [-71.2537, 46.7968], [-71.2537, 46.7967], [-71.2538, 46.7966], [-71.2539, 46.7966], [-71.254, 46.7965], [-71.2541, 46.7965], [-71.2542, 46.7964], [-71.2543, 46.7963], [-71.2544, 46.7962], [-71.2544, 46.7961], [-71.2544, 46.796], [-71.2543, 46.7958], [-71.2543, 46.7957], [-71.2542, 46.7956], [-71.2542, 46.7955], [-71.2542, 46.7954], [-71.2542, 46.7953], [-71.2542, 46.7952], [-71.2543, 46.7951], [-71.2544, 46.7951], [-71.2545, 46.795]]]}}, {"type": "Feature", "properties": {"couche": "aire_marche", "station": "Collège Saint-Charles-Garnier", "ordre": 16, "minutes": 15, "superficie_ha": 208.9, "rue_km": 59.46, "disque_ha": 346.4, "part_disque_pct": 60, "accroche_m": 1, "population": 11239, "navetteurs": 3137, "mode_auto_pct": 58, "mode_tc_pct": 20, "mode_actif_pct": 22, "mode_autre_pct": 0}, "geometry": {"type": "Polygon", "coordinates": [[[-71.2554, 46.7949], [-71.2553, 46.7953], [-71.2552, 46.7957], [-71.2551, 46.796], [-71.255, 46.7963], [-71.2548, 46.7965], [-71.2547, 46.7966], [-71.2545, 46.7967], [-71.2543, 46.7968], [-71.2541, 46.7968], [-71.254, 46.7968], [-71.2539, 46.7968], [-71.2538, 46.7968], [-71.2538, 46.7969], [-71.2538, 46.797], [-71.2539, 46.7971], [-71.254, 46.7972], [-71.2542, 46.7974], [-71.2543, 46.7975], [-71.2544, 46.7976], [-71.2544, 46.7977], [-71.2544, 46.7978], [-71.2543, 46.7979], [-71.2543, 46.798], [-71.2541, 46.7981], [-71.2539, 46.7981], [-71.2538, 46.7982], [-71.2537, 46.7983], [-71.2535, 46.7984], [-71.2534, 46.7985], [-71.2533, 46.7986], [-71.2533, 46.7987], [-71.2532, 46.7988], [-71.2532, 46.7989], [-71.2531, 46.799], [-71.253, 46.7991], [-71.2529, 46.7993], [-71.2528, 46.7994], [-71.2526, 46.7995], [-71.2525, 46.7996], [-71.2523, 46.7997], [-71.252, 46.7998], [-71.2518, 46.7999], [-71.2516, 46.8], [-71.2515, 46.8001], [-71.2513, 46.8003], [-71.2511, 46.8004], [-71.251, 46.8006], [-71.2508, 46.8008], [-71.2507, 46.801], [-71.2506, 46.8011], [-71.2505, 46.8012], [-71.2504, 46.8013], [-71.2503, 46.8013], [-71.2501, 46.8013], [-71.25, 46.8013], [-71.2499, 46.8012], [-71.2498, 46.8011], [-71.2497, 46.801], [-71.2496, 46.801], [-71.2495, 46.8009], [-71.2494, 46.8009], [-71.2493, 46.8009], [-71.2492, 46.8009], [-71.2491, 46.801], [-71.249, 46.801], [-71.2488, 46.8011], [-71.2486, 46.8011], [-71.2484, 46.8012], [-71.2481, 46.8012], [-71.2478, 46.8013], [-71.2475, 46.8013], [-71.2471, 46.8013], [-71.2467, 46.8014], [-71.2463, 46.8014], [-71.2459, 46.8014], [-71.2455, 46.8013], [-71.2452, 46.8013], [-71.2449, 46.8013], [-71.2446, 46.8012], [-71.2443, 46.8012], [-71.244, 46.8011], [-71.2437, 46.801], [-71.2434, 46.801], [-71.2431, 46.8009], [-71.2427, 46.8009], [-71.2424, 46.8009], [-71.242, 46.8009], [-71.2416, 46.8009], [-71.2411, 46.8009], [-71.2407, 46.8009], [-71.2404, 46.8009], [-71.24, 46.8008], [-71.2397, 46.8008], [-71.2394, 46.8007], [-71.2392, 46.8006], [-71.239, 46.8005], [-71.2388, 46.8004], [-71.2387, 46.8003], [-71.2385, 46.8002], [-71.2384, 46.8001], [-71.2383, 46.8001], [-71.2382, 46.8002], [-71.2381, 46.8003], [-71.2381, 46.8004], [-71.238, 46.8005], [-71.2379, 46.8006], [-71.2378, 46.8006], [-71.2377, 46.8007], [-71.2376, 46.8007], [-71.2374, 46.8007], [-71.2372, 46.8007], [-71.237, 46.8007], [-71.2368, 46.8007], [-71.2366, 46.8007], [-71.2364, 46.8006], [-71.2363, 46.8006], [-71.2361, 46.8005], [-71.2359, 46.8004], [-71.2358, 46.8003], [-71.2357, 46.8002], [-71.2355, 46.8001], [-71.2354, 46.8001], [-71.2353, 46.8], [-71.2352, 46.8], [-71.2351, 46.8], [-71.235, 46.8001], [-71.2349, 46.8002], [-71.2348, 46.8003], [-71.2347, 46.8004], [-71.2346, 46.8004], [-71.2345, 46.8004], [-71.2344, 46.8005], [-71.2342, 46.8005], [-71.2341, 46.8004], [-71.2339, 46.8004], [-71.2338, 46.8003], [-71.2336, 46.8003], [-71.2336, 46.8001], [-71.2335, 46.8], [-71.2335, 46.7998], [-71.2335, 46.7996], [-71.2335, 46.7993], [-71.2335, 46.799], [-71.2336, 46.7988], [-71.2337, 46.7986], [-71.2338, 46.7985], [-71.2339, 46.7984], [-71.2341, 46.7984], [-71.2342, 46.7984], [-71.2344, 46.7984], [-71.2346, 46.7985], [-71.2348, 46.7985], [-71.2349, 46.7986], [-71.235, 46.7985], [-71.2349, 46.7984], [-71.2348, 46.7982], [-71.2347, 46.798], [-71.2345, 46.7978], [-71.2344, 46.7976], [-71.2344, 46.7975], [-71.2344, 46.7974], [-71.2345, 46.7974], [-71.2347, 46.7975], [-71.2349, 46.7976], [-71.2352, 46.7977], [-71.2354, 46.7978], [-71.2356, 46.7979], [-71.2357, 46.7979], [-71.2356, 46.7978], [-71.2354, 46.7976], [-71.2352, 46.7974], [-71.2349, 46.7972], [-71.2346, 46.7969], [-71.2344, 46.7967], [-71.2343, 46.7964], [-71.2341, 46.7962], [-71.234, 46.7959], [-71.234, 46.7957], [-71.234, 46.7955], [-71.234, 46.7952], [-71.2341, 46.795], [-71.2341, 46.7949], [-71.2342, 46.7947], [-71.2343, 46.7946], [-71.2345, 46.7946], [-71.2346, 46.7945], [-71.2348, 46.7946], [-71.235, 46.7946], [-71.2351, 46.7946], [-71.2353, 46.7946], [-71.2354, 46.7946], [-71.2355, 46.7946], [-71.2357, 46.7946], [-71.2358, 46.7945], [-71.2359, 46.7944], [-71.236, 46.7944], [-71.236, 46.7943], [-71.236, 46.7942], [-71.236, 46.7941], [-71.2359, 46.7941], [-71.2357, 46.7941], [-71.2356, 46.794], [-71.2354, 46.794], [-71.2351, 46.794], [-71.2349, 46.794], [-71.2347, 46.7939], [-71.2346, 46.7939], [-71.2345, 46.7938], [-71.2344, 46.7937], [-71.2345, 46.7936], [-71.2345, 46.7935], [-71.2346, 46.7934], [-71.2346, 46.7933], [-71.2347, 46.7932], [-71.2347, 46.7931], [-71.2347, 46.793], [-71.2346, 46.7929], [-71.2346, 46.7928], [-71.2345, 46.7927], [-71.2345, 46.7926], [-71.2345, 46.7925], [-71.2345, 46.7924], [-71.2346, 46.7923], [-71.2347, 46.7923], [-71.2348, 46.7922], [-71.2349, 46.7922], [-71.2351, 46.7921], [-71.2352, 46.7921], [-71.2353, 46.7921], [-71.2354, 46.7921], [-71.2356, 46.7921], [-71.2357, 46.7922], [-71.2358, 46.7922], [-71.2359, 46.7923], [-71.236, 46.7923], [-71.2361, 46.7923], [-71.2362, 46.7923], [-71.2362, 46.7922], [-71.2362, 46.7921], [-71.2362, 46.792], [-71.2363, 46.7919], [-71.2363, 46.7918], [-71.2364, 46.7917], [-71.2365, 46.7916], [-71.2367, 46.7915], [-71.2368, 46.7915], [-71.237, 46.7914], [-71.2373, 46.7913], [-71.2375, 46.7913], [-71.2377, 46.7912], [-71.2378, 46.7912], [-71.238, 46.7912], [-71.2381, 46.7913], [-71.2383, 46.7914], [-71.2384, 46.7914], [-71.2385, 46.7916], [-71.2386, 46.7916], [-71.2387, 46.7917], [-71.2388, 46.7917], [-71.2389, 46.7917], [-71.239, 46.7916], [-71.239, 46.7915], [-71.2391, 46.7913], [-71.2391, 46.7912], [-71.2392, 46.7911], [-71.2394, 46.791], [-71.2395, 46.7908], [-71.2397, 46.7908], [-71.2398, 46.7907], [-71.24, 46.7906], [-71.2403, 46.7905], [-71.2404, 46.7905], [-71.2405, 46.7904], [-71.2404, 46.7903], [-71.2403, 46.7903], [-71.24, 46.7903], [-71.2397, 46.7902], [-71.2394, 46.7902], [-71.239, 46.7902], [-71.2388, 46.7901], [-71.2386, 46.7901], [-71.2384, 46.79], [-71.2383, 46.7899], [-71.2383, 46.7898], [-71.2384, 46.7897], [-71.2385, 46.7896], [-71.2386, 46.7894], [-71.2387, 46.7893], [-71.2388, 46.7893], [-71.2389, 46.7892], [-71.239, 46.7891], [-71.2392, 46.7891], [-71.2393, 46.789], [-71.2395, 46.789], [-71.2396, 46.789], [-71.2397, 46.789], [-71.2398, 46.7889], [-71.2399, 46.7888], [-71.2398, 46.7887], [-71.2397, 46.7887], [-71.2397, 46.7886], [-71.2397, 46.7885], [-71.2396, 46.7884], [-71.2397, 46.7884], [-71.2397, 46.7883], [-71.2398, 46.7882], [-71.2398, 46.7881], [-71.2399, 46.7881], [-71.2401, 46.788], [-71.2403, 46.788], [-71.2405, 46.788], [-71.2407, 46.788], [-71.241, 46.788], [-71.2414, 46.7881], [-71.2417, 46.7881], [-71.242, 46.7882], [-71.2423, 46.7882], [-71.2426, 46.7882], [-71.2428, 46.7882], [-71.2429, 46.7882], [-71.2431, 46.7882], [-71.2432, 46.7881], [-71.2433, 46.788], [-71.2434, 46.788], [-71.2435, 46.7879], [-71.2437, 46.7879], [-71.2439, 46.7879], [-71.2442, 46.7879], [-71.2444, 46.7879], [-71.2447, 46.7879], [-71.245, 46.7879], [-71.2452, 46.7879], [-71.2453, 46.7879], [-71.2454, 46.7879], [-71.2454, 46.7878], [-71.2453, 46.7877], [-71.2452, 46.7877], [-71.2451, 46.7876], [-71.245, 46.7876], [-71.245, 46.7875], [-71.245, 46.7874], [-71.2451, 46.7873], [-71.2451, 46.7872], [-71.2453, 46.787], [-71.2454, 46.7869], [-71.2456, 46.7868], [-71.2459, 46.7867], [-71.2463, 46.7867], [-71.2467, 46.7867], [-71.2472, 46.7868], [-71.2477, 46.7868], [-71.2483, 46.7869], [-71.249, 46.7871], [-71.2496, 46.7872], [-71.2502, 46.7874], [-71.2507, 46.7875], [-71.2511, 46.7877], [-71.2515, 46.7878], [-71.2518, 46.788], [-71.2521, 46.7882], [-71.2523, 46.7883], [-71.2525, 46.7884], [-71.2526, 46.7885], [-71.2528, 46.7886], [-71.2529, 46.7886], [-71.253, 46.7886], [-71.2531, 46.7885], [-71.2532, 46.7884], [-71.2532, 46.7883], [-71.2533, 46.7882], [-71.2534, 46.788], [-71.2535, 46.788], [-71.2536, 46.7879], [-71.2538, 46.7878], [-71.254, 46.7878], [-71.2542, 46.7878], [-71.2544, 46.7878], [-71.2546, 46.7878], [-71.2548, 46.7878], [-71.2549, 46.7878], [-71.2551, 46.7879], [-71.2552, 46.7879], [-71.2553, 46.788], [-71.2553, 46.7881], [-71.2553, 46.7882], [-71.2553, 46.7883], [-71.2552, 46.7884], [-71.2551, 46.7885], [-71.255, 46.7886], [-71.2549, 46.7887], [-71.2547, 46.7888], [-71.2546, 46.7889], [-71.2545, 46.789], [-71.2545, 46.7891], [-71.2545, 46.7893], [-71.2545, 46.7894], [-71.2546, 46.7896], [-71.2548, 46.7897], [-71.255, 46.7899], [-71.2551, 46.7901], [-71.2552, 46.7902], [-71.2553, 46.7904], [-71.2554, 46.7905], [-71.2554, 46.7906], [-71.2554, 46.7908], [-71.2553, 46.7909], [-71.2552, 46.791], [-71.2551, 46.7911], [-71.2551, 46.7912], [-71.2551, 46.7913], [-71.255, 46.7914], [-71.2551, 46.7915], [-71.2552, 46.7916], [-71.2553, 46.7916], [-71.2553, 46.7917], [-71.2554, 46.7917], [-71.2554, 46.7918], [-71.2553, 46.7919], [-71.2552, 46.792], [-71.2552, 46.7921], [-71.2552, 46.7922], [-71.2552, 46.7923], [-71.2552, 46.7924], [-71.2552, 46.7925], [-71.2553, 46.7926], [-71.2553, 46.7928], [-71.2554, 46.7929], [-71.2555, 46.7931], [-71.2555, 46.7933], [-71.2555, 46.7936], [-71.2555, 46.7938], [-71.2555, 46.7942], [-71.2555, 46.7945], [-71.2554, 46.7949]]]}}, {"type": "Feature", "properties": {"couche": "voile", "station": "Collège Saint-Charles-Garnier", "minutes": 15}, "geometry": {"type": "Polygon", "coordinates": [[[-71.4146, 46.9081], [-71.0775, 46.9103], [-71.075, 46.6797], [-71.4107, 46.6775], [-71.4146, 46.9081]], [[-71.2555, 46.7945], [-71.2555, 46.7942], [-71.2555, 46.7938], [-71.2555, 46.7936], [-71.2555, 46.7933], [-71.2555, 46.7931], [-71.2554, 46.7929], [-71.2553, 46.7928], [-71.2553, 46.7926], [-71.2552, 46.7925], [-71.2552, 46.7924], [-71.2552, 46.7923], [-71.2552, 46.7922], [-71.2552, 46.7921], [-71.2552, 46.792], [-71.2553, 46.7919], [-71.2554, 46.7918], [-71.2554, 46.7917], [-71.2553, 46.7917], [-71.2553, 46.7916], [-71.2552, 46.7916], [-71.2551, 46.7915], [-71.255, 46.7914], [-71.2551, 46.7913], [-71.2551, 46.7912], [-71.2551, 46.7911], [-71.2552, 46.791], [-71.2553, 46.7909], [-71.2554, 46.7908], [-71.2554, 46.7906], [-71.2554, 46.7905], [-71.2553, 46.7904], [-71.2552, 46.7902], [-71.2551, 46.7901], [-71.255, 46.7899], [-71.2548, 46.7897], [-71.2546, 46.7896], [-71.2545, 46.7894], [-71.2545, 46.7893], [-71.2545, 46.7891], [-71.2545, 46.789], [-71.2546, 46.7889], [-71.2547, 46.7888], [-71.2549, 46.7887], [-71.255, 46.7886], [-71.2551, 46.7885], [-71.2552, 46.7884], [-71.2553, 46.7883], [-71.2553, 46.7882], [-71.2553, 46.7881], [-71.2553, 46.788], [-71.2552, 46.7879], [-71.2551, 46.7879], [-71.2549, 46.7878], [-71.2548, 46.7878], [-71.2546, 46.7878], [-71.2544, 46.7878], [-71.2542, 46.7878], [-71.254, 46.7878], [-71.2538, 46.7878], [-71.2536, 46.7879], [-71.2535, 46.788], [-71.2534, 46.788], [-71.2533, 46.7882], [-71.2532, 46.7883], [-71.2532, 46.7884], [-71.2531, 46.7885], [-71.253, 46.7886], [-71.2529, 46.7886], [-71.2528, 46.7886], [-71.2526, 46.7885], [-71.2525, 46.7884], [-71.2523, 46.7883], [-71.2521, 46.7882], [-71.2518, 46.788], [-71.2515, 46.7878], [-71.2511, 46.7877], [-71.2507, 46.7875], [-71.2502, 46.7874], [-71.2496, 46.7872], [-71.249, 46.7871], [-71.2483, 46.7869], [-71.2477, 46.7868], [-71.2472, 46.7868], [-71.2467, 46.7867], [-71.2463, 46.7867], [-71.2459, 46.7867], [-71.2456, 46.7868], [-71.2454, 46.7869], [-71.2453, 46.787], [-71.2451, 46.7872], [-71.2451, 46.7873], [-71.245, 46.7874], [-71.245, 46.7875], [-71.245, 46.7876], [-71.2451, 46.7876], [-71.2452, 46.7877], [-71.2453, 46.7877], [-71.2454, 46.7878], [-71.2454, 46.7879], [-71.2453, 46.7879], [-71.2452, 46.7879], [-71.245, 46.7879], [-71.2447, 46.7879], [-71.2444, 46.7879], [-71.2442, 46.7879], [-71.2439, 46.7879], [-71.2437, 46.7879], [-71.2435, 46.7879], [-71.2434, 46.788], [-71.2433, 46.788], [-71.2432, 46.7881], [-71.2431, 46.7882], [-71.2429, 46.7882], [-71.2428, 46.7882], [-71.2426, 46.7882], [-71.2423, 46.7882], [-71.242, 46.7882], [-71.2417, 46.7881], [-71.2414, 46.7881], [-71.241, 46.788], [-71.2407, 46.788], [-71.2405, 46.788], [-71.2403, 46.788], [-71.2401, 46.788], [-71.2399, 46.7881], [-71.2398, 46.7881], [-71.2398, 46.7882], [-71.2397, 46.7883], [-71.2397, 46.7884], [-71.2396, 46.7884], [-71.2397, 46.7885], [-71.2397, 46.7886], [-71.2397, 46.7887], [-71.2398, 46.7887], [-71.2399, 46.7888], [-71.2398, 46.7889], [-71.2397, 46.789], [-71.2396, 46.789], [-71.2395, 46.789], [-71.2393, 46.789], [-71.2392, 46.7891], [-71.239, 46.7891], [-71.2389, 46.7892], [-71.2388, 46.7893], [-71.2387, 46.7893], [-71.2386, 46.7894], [-71.2385, 46.7896], [-71.2384, 46.7897], [-71.2383, 46.7898], [-71.2383, 46.7899], [-71.2384, 46.79], [-71.2386, 46.7901], [-71.2388, 46.7901], [-71.239, 46.7902], [-71.2394, 46.7902], [-71.2397, 46.7902], [-71.24, 46.7903], [-71.2403, 46.7903], [-71.2404, 46.7903], [-71.2405, 46.7904], [-71.2404, 46.7905], [-71.2403, 46.7905], [-71.24, 46.7906], [-71.2398, 46.7907], [-71.2397, 46.7908], [-71.2395, 46.7908], [-71.2394, 46.791], [-71.2392, 46.7911], [-71.2391, 46.7912], [-71.2391, 46.7913], [-71.239, 46.7915], [-71.239, 46.7916], [-71.2389, 46.7917], [-71.2388, 46.7917], [-71.2387, 46.7917], [-71.2386, 46.7916], [-71.2385, 46.7916], [-71.2384, 46.7914], [-71.2383, 46.7914], [-71.2381, 46.7913], [-71.238, 46.7912], [-71.2378, 46.7912], [-71.2377, 46.7912], [-71.2375, 46.7913], [-71.2373, 46.7913], [-71.237, 46.7914], [-71.2368, 46.7915], [-71.2367, 46.7915], [-71.2365, 46.7916], [-71.2364, 46.7917], [-71.2363, 46.7918], [-71.2363, 46.7919], [-71.2362, 46.792], [-71.2362, 46.7921], [-71.2362, 46.7922], [-71.2362, 46.7923], [-71.2361, 46.7923], [-71.236, 46.7923], [-71.2359, 46.7923], [-71.2358, 46.7922], [-71.2357, 46.7922], [-71.2356, 46.7921], [-71.2354, 46.7921], [-71.2353, 46.7921], [-71.2352, 46.7921], [-71.2351, 46.7921], [-71.2349, 46.7922], [-71.2348, 46.7922], [-71.2347, 46.7923], [-71.2346, 46.7923], [-71.2345, 46.7924], [-71.2345, 46.7925], [-71.2345, 46.7926], [-71.2345, 46.7927], [-71.2346, 46.7928], [-71.2346, 46.7929], [-71.2347, 46.793], [-71.2347, 46.7931], [-71.2347, 46.7932], [-71.2346, 46.7933], [-71.2346, 46.7934], [-71.2345, 46.7935], [-71.2345, 46.7936], [-71.2344, 46.7937], [-71.2345, 46.7938], [-71.2346, 46.7939], [-71.2347, 46.7939], [-71.2349, 46.794], [-71.2351, 46.794], [-71.2354, 46.794], [-71.2356, 46.794], [-71.2357, 46.7941], [-71.2359, 46.7941], [-71.236, 46.7941], [-71.236, 46.7942], [-71.236, 46.7943], [-71.236, 46.7944], [-71.2359, 46.7944], [-71.2358, 46.7945], [-71.2357, 46.7946], [-71.2355, 46.7946], [-71.2354, 46.7946], [-71.2353, 46.7946], [-71.2351, 46.7946], [-71.235, 46.7946], [-71.2348, 46.7946], [-71.2346, 46.7945], [-71.2345, 46.7946], [-71.2343, 46.7946], [-71.2342, 46.7947], [-71.2341, 46.7949], [-71.2341, 46.795], [-71.234, 46.7952], [-71.234, 46.7955], [-71.234, 46.7957], [-71.234, 46.7959], [-71.2341, 46.7962], [-71.2343, 46.7964], [-71.2344, 46.7967], [-71.2346, 46.7969], [-71.2349, 46.7972], [-71.2352, 46.7974], [-71.2354, 46.7976], [-71.2356, 46.7978], [-71.2357, 46.7979], [-71.2356, 46.7979], [-71.2354, 46.7978], [-71.2352, 46.7977], [-71.2349, 46.7976], [-71.2347, 46.7975], [-71.2345, 46.7974], [-71.2344, 46.7974], [-71.2344, 46.7975], [-71.2344, 46.7976], [-71.2345, 46.7978], [-71.2347, 46.798], [-71.2348, 46.7982], [-71.2349, 46.7984], [-71.235, 46.7985], [-71.2349, 46.7986], [-71.2348, 46.7985], [-71.2346, 46.7985], [-71.2344, 46.7984], [-71.2342, 46.7984], [-71.2341, 46.7984], [-71.2339, 46.7984], [-71.2338, 46.7985], [-71.2337, 46.7986], [-71.2336, 46.7988], [-71.2335, 46.799], [-71.2335, 46.7993], [-71.2335, 46.7996], [-71.2335, 46.7998], [-71.2335, 46.8], [-71.2336, 46.8001], [-71.2336, 46.8003], [-71.2338, 46.8003], [-71.2339, 46.8004], [-71.2341, 46.8004], [-71.2342, 46.8005], [-71.2344, 46.8005], [-71.2345, 46.8004], [-71.2346, 46.8004], [-71.2347, 46.8004], [-71.2348, 46.8003], [-71.2349, 46.8002], [-71.235, 46.8001], [-71.2351, 46.8], [-71.2352, 46.8], [-71.2353, 46.8], [-71.2354, 46.8001], [-71.2355, 46.8001], [-71.2357, 46.8002], [-71.2358, 46.8003], [-71.2359, 46.8004], [-71.2361, 46.8005], [-71.2363, 46.8006], [-71.2364, 46.8006], [-71.2366, 46.8007], [-71.2368, 46.8007], [-71.237, 46.8007], [-71.2372, 46.8007], [-71.2374, 46.8007], [-71.2376, 46.8007], [-71.2377, 46.8007], [-71.2378, 46.8006], [-71.2379, 46.8006], [-71.238, 46.8005], [-71.2381, 46.8004], [-71.2381, 46.8003], [-71.2382, 46.8002], [-71.2383, 46.8001], [-71.2384, 46.8001], [-71.2385, 46.8002], [-71.2387, 46.8003], [-71.2388, 46.8004], [-71.239, 46.8005], [-71.2392, 46.8006], [-71.2394, 46.8007], [-71.2397, 46.8008], [-71.24, 46.8008], [-71.2404, 46.8009], [-71.2407, 46.8009], [-71.2411, 46.8009], [-71.2416, 46.8009], [-71.242, 46.8009], [-71.2424, 46.8009], [-71.2427, 46.8009], [-71.2431, 46.8009], [-71.2434, 46.801], [-71.2437, 46.801], [-71.244, 46.8011], [-71.2443, 46.8012], [-71.2446, 46.8012], [-71.2449, 46.8013], [-71.2452, 46.8013], [-71.2455, 46.8013], [-71.2459, 46.8014], [-71.2463, 46.8014], [-71.2467, 46.8014], [-71.2471, 46.8013], [-71.2475, 46.8013], [-71.2478, 46.8013], [-71.2481, 46.8012], [-71.2484, 46.8012], [-71.2486, 46.8011], [-71.2488, 46.8011], [-71.249, 46.801], [-71.2491, 46.801], [-71.2492, 46.8009], [-71.2493, 46.8009], [-71.2494, 46.8009], [-71.2495, 46.8009], [-71.2496, 46.801], [-71.2497, 46.801], [-71.2498, 46.8011], [-71.2499, 46.8012], [-71.25, 46.8013], [-71.2501, 46.8013], [-71.2503, 46.8013], [-71.2504, 46.8013], [-71.2505, 46.8012], [-71.2506, 46.8011], [-71.2507, 46.801], [-71.2508, 46.8008], [-71.251, 46.8006], [-71.2511, 46.8004], [-71.2513, 46.8003], [-71.2515, 46.8001], [-71.2516, 46.8], [-71.2518, 46.7999], [-71.252, 46.7998], [-71.2523, 46.7997], [-71.2525, 46.7996], [-71.2526, 46.7995], [-71.2528, 46.7994], [-71.2529, 46.7993], [-71.253, 46.7991], [-71.2531, 46.799], [-71.2532, 46.7989], [-71.2532, 46.7988], [-71.2533, 46.7987], [-71.2533, 46.7986], [-71.2534, 46.7985], [-71.2535, 46.7984], [-71.2537, 46.7983], [-71.2538, 46.7982], [-71.2539, 46.7981], [-71.2541, 46.7981], [-71.2543, 46.798], [-71.2543, 46.7979], [-71.2544, 46.7978], [-71.2544, 46.7977], [-71.2544, 46.7976], [-71.2543, 46.7975], [-71.2542, 46.7974], [-71.254, 46.7972], [-71.2539, 46.7971], [-71.2538, 46.797], [-71.2538, 46.7969], [-71.2538, 46.7968], [-71.2539, 46.7968], [-71.254, 46.7968], [-71.2541, 46.7968], [-71.2543, 46.7968], [-71.2545, 46.7967], [-71.2547, 46.7966], [-71.2548, 46.7965], [-71.255, 46.7963], [-71.2551, 46.796], [-71.2552, 46.7957], [-71.2553, 46.7953], [-71.2554, 46.7949], [-71.2555, 46.7945]]]}}]}