{"type": "FeatureCollection", "metadata": {"script": "scripts/analysis/tramway-isochrones.py", "genere_le": "2026-10-05", "source": "OpenStreetMap (ODbL) ; Statistique Canada, Recensement 2021", "attribution": "© les contributeurs d'OpenStreetMap", "titre": "Aires de marche et voiles — Colline Parlementaire", "paliers_min": [2, 3, 4, 5, 6, 7, 8, 9, 10, 11, 12, 13, 14, 15], "vitesse_kmh": 4.2, "methode": "Dijkstra sur le réseau marchable d'OpenStreetMap à 4.2 km/h ; couloir de 40 m autour des rues atteintes. Chaque voile est le complément de l'aire du même palier. Population par pondération de surface des aires de diffusion.", "trous": "comblés — intérieurs de grands îlots, pas des zones inaccessibles", "modes": "Mode de transport domicile–travail, recensement 2021 (mai 2021, en pleine pandémie), données-échantillon 25 %, réparti par pondération de surface."}, "features": [{"type": "Feature", "properties": {"couche": "aire_marche", "station": "Colline Parlementaire", "ordre": 20, "minutes": 2, "superficie_ha": 4.4, "rue_km": 1.65, "disque_ha": 6.2, "part_disque_pct": 71, "accroche_m": 31, "population": 173, "navetteurs": 50, "mode_auto_pct": 31, "mode_tc_pct": 22, "mode_actif_pct": 47, "mode_autre_pct": 0}, "geometry": {"type": "Polygon", "coordinates": [[[-71.2191, 46.809], [-71.219, 46.8092], [-71.219, 46.8093], [-71.2189, 46.8094], [-71.2188, 46.8094], [-71.2187, 46.8095], [-71.2186, 46.8095], [-71.2185, 46.8096], [-71.2183, 46.8096], [-71.2182, 46.8096], [-71.218, 46.8096], [-71.2179, 46.8096], [-71.2178, 46.8096], [-71.2178, 46.8097], [-71.2177, 46.8097], [-71.2177, 46.8098], [-71.2177, 46.8099], [-71.2177, 46.81], [-71.2177, 46.8101], [-71.2176, 46.8101], [-71.2176, 46.8102], [-71.2175, 46.8102], [-71.2174, 46.8102], [-71.2173, 46.8102], [-71.2172, 46.8101], [-71.2171, 46.81], [-71.2169, 46.81], [-71.2168, 46.8099], [-71.2166, 46.8099], [-71.2165, 46.8099], [-71.2163, 46.8098], [-71.2162, 46.8098], [-71.216, 46.8098], [-71.2158, 46.8099], [-71.2157, 46.8099], [-71.2156, 46.8098], [-71.2155, 46.8098], [-71.2154, 46.8097], [-71.2154, 46.8095], [-71.2154, 46.8094], [-71.2155, 46.8092], [-71.2156, 46.809], [-71.2157, 46.8089], [-71.2157, 46.8087], [-71.2158, 46.8086], [-71.2159, 46.8085], [-71.216, 46.8085], [-71.2161, 46.8084], [-71.2162, 46.8084], [-71.2163, 46.8085], [-71.2164, 46.8085], [-71.2165, 46.8085], [-71.2166, 46.8085], [-71.2167, 46.8084], [-71.2169, 46.8084], [-71.217, 46.8083], [-71.2171, 46.8083], [-71.2173, 46.8082], [-71.2174, 46.8081], [-71.2176, 46.8081], [-71.2177, 46.8081], [-71.2179, 46.8081], [-71.2181, 46.8081], [-71.2183, 46.8081], [-71.2184, 46.8082], [-71.2186, 46.8083], [-71.2188, 46.8084], [-71.2189, 46.8085], [-71.219, 46.8086], [-71.2191, 46.8087], [-71.2191, 46.8088], [-71.2191, 46.8089], [-71.2191, 46.809]]]}}, {"type": "Feature", "properties": {"couche": "voile", "station": "Colline Parlementaire", "minutes": 2}, "geometry": {"type": "Polygon", "coordinates": [[[-71.3781, 46.917], [-71.0593, 46.919], [-71.057, 46.701], [-71.3746, 46.699], [-71.3781, 46.917]], [[-71.2191, 46.8089], [-71.2191, 46.8088], [-71.2191, 46.8087], [-71.219, 46.8086], [-71.2189, 46.8085], [-71.2188, 46.8084], [-71.2186, 46.8083], [-71.2184, 46.8082], [-71.2183, 46.8081], [-71.2181, 46.8081], [-71.2179, 46.8081], [-71.2177, 46.8081], [-71.2176, 46.8081], [-71.2174, 46.8081], [-71.2173, 46.8082], [-71.2171, 46.8083], [-71.217, 46.8083], [-71.2169, 46.8084], [-71.2167, 46.8084], [-71.2166, 46.8085], [-71.2165, 46.8085], [-71.2164, 46.8085], [-71.2163, 46.8085], [-71.2162, 46.8084], [-71.2161, 46.8084], [-71.216, 46.8085], [-71.2159, 46.8085], [-71.2158, 46.8086], [-71.2157, 46.8087], [-71.2157, 46.8089], [-71.2156, 46.809], [-71.2155, 46.8092], [-71.2154, 46.8094], [-71.2154, 46.8095], [-71.2154, 46.8097], [-71.2155, 46.8098], [-71.2156, 46.8098], [-71.2157, 46.8099], [-71.2158, 46.8099], [-71.216, 46.8098], [-71.2162, 46.8098], [-71.2163, 46.8098], [-71.2165, 46.8099], [-71.2166, 46.8099], [-71.2168, 46.8099], [-71.2169, 46.81], [-71.2171, 46.81], [-71.2172, 46.8101], [-71.2173, 46.8102], [-71.2174, 46.8102], [-71.2175, 46.8102], [-71.2176, 46.8102], [-71.2176, 46.8101], [-71.2177, 46.8101], [-71.2177, 46.81], [-71.2177, 46.8099], [-71.2177, 46.8098], [-71.2177, 46.8097], [-71.2178, 46.8097], [-71.2178, 46.8096], [-71.2179, 46.8096], [-71.218, 46.8096], [-71.2182, 46.8096], [-71.2183, 46.8096], [-71.2185, 46.8096], [-71.2186, 46.8095], [-71.2187, 46.8095], [-71.2188, 46.8094], [-71.2189, 46.8094], [-71.219, 46.8093], [-71.219, 46.8092], [-71.2191, 46.809], [-71.2191, 46.8089]]]}}, {"type": "Feature", "properties": {"couche": "aire_marche", "station": "Colline Parlementaire", "ordre": 20, "minutes": 3, "superficie_ha": 9.8, "rue_km": 3.86, "disque_ha": 13.9, "part_disque_pct": 71, "accroche_m": 31, "population": 509, "navetteurs": 164, "mode_auto_pct": 32, "mode_tc_pct": 24, "mode_actif_pct": 44, "mode_autre_pct": 0}, "geometry": {"type": "Polygon", "coordinates": [[[-71.2198, 46.809], [-71.2197, 46.8092], [-71.2196, 46.8094], [-71.2195, 46.8096], [-71.2194, 46.8097], [-71.2192, 46.8099], [-71.2191, 46.8101], [-71.2189, 46.8102], [-71.2187, 46.8103], [-71.2184, 46.8104], [-71.2182, 46.8105], [-71.218, 46.8106], [-71.2178, 46.8107], [-71.2176, 46.8107], [-71.2175, 46.8107], [-71.2174, 46.8108], [-71.2173, 46.8108], [-71.2172, 46.8107], [-71.2171, 46.8107], [-71.217, 46.8107], [-71.2169, 46.8106], [-71.2168, 46.8105], [-71.2168, 46.8104], [-71.2167, 46.8103], [-71.2167, 46.8102], [-71.2167, 46.8101], [-71.2166, 46.81], [-71.2165, 46.81], [-71.2164, 46.81], [-71.2163, 46.8101], [-71.2162, 46.8101], [-71.2161, 46.8102], [-71.216, 46.8103], [-71.2158, 46.8104], [-71.2157, 46.8104], [-71.2156, 46.8104], [-71.2154, 46.8104], [-71.2153, 46.8104], [-71.2151, 46.8104], [-71.2149, 46.8103], [-71.2148, 46.8103], [-71.2147, 46.8102], [-71.2147, 46.81], [-71.2147, 46.8098], [-71.2147, 46.8096], [-71.2148, 46.8094], [-71.2149, 46.8091], [-71.215, 46.8088], [-71.2151, 46.8086], [-71.2153, 46.8084], [-71.2154, 46.8082], [-71.2155, 46.8081], [-71.2157, 46.8081], [-71.2158, 46.8081], [-71.216, 46.8081], [-71.2161, 46.8082], [-71.2162, 46.8083], [-71.2163, 46.8083], [-71.2164, 46.8084], [-71.2165, 46.8084], [-71.2166, 46.8083], [-71.2166, 46.8082], [-71.2166, 46.8081], [-71.2167, 46.8081], [-71.2167, 46.808], [-71.2168, 46.8079], [-71.2169, 46.8078], [-71.217, 46.8078], [-71.2171, 46.8077], [-71.2173, 46.8076], [-71.2174, 46.8076], [-71.2176, 46.8076], [-71.2178, 46.8076], [-71.218, 46.8076], [-71.2183, 46.8076], [-71.2185, 46.8077], [-71.2188, 46.8077], [-71.2191, 46.8078], [-71.2193, 46.808], [-71.2195, 46.8081], [-71.2196, 46.8082], [-71.2197, 46.8084], [-71.2198, 46.8086], [-71.2198, 46.8088], [-71.2198, 46.809]]]}}, {"type": "Feature", "properties": {"couche": "voile", "station": "Colline Parlementaire", "minutes": 3}, "geometry": {"type": "Polygon", "coordinates": [[[-71.3788, 46.9176], [-71.0586, 46.9196], [-71.0563, 46.7005], [-71.3753, 46.6985], [-71.3788, 46.9176]], [[-71.2198, 46.8088], [-71.2198, 46.8086], [-71.2197, 46.8084], [-71.2196, 46.8082], [-71.2195, 46.8081], [-71.2193, 46.808], [-71.2191, 46.8078], [-71.2188, 46.8077], [-71.2185, 46.8077], [-71.2183, 46.8076], [-71.218, 46.8076], [-71.2178, 46.8076], [-71.2176, 46.8076], [-71.2174, 46.8076], [-71.2173, 46.8076], [-71.2171, 46.8077], [-71.217, 46.8078], [-71.2169, 46.8078], [-71.2168, 46.8079], [-71.2167, 46.808], [-71.2167, 46.8081], [-71.2166, 46.8081], [-71.2166, 46.8082], [-71.2166, 46.8083], [-71.2165, 46.8084], [-71.2164, 46.8084], [-71.2163, 46.8083], [-71.2162, 46.8083], [-71.2161, 46.8082], [-71.216, 46.8081], [-71.2158, 46.8081], [-71.2157, 46.8081], [-71.2155, 46.8081], [-71.2154, 46.8082], [-71.2153, 46.8084], [-71.2151, 46.8086], [-71.215, 46.8088], [-71.2149, 46.8091], [-71.2148, 46.8094], [-71.2147, 46.8096], [-71.2147, 46.8098], [-71.2147, 46.81], [-71.2147, 46.8102], [-71.2148, 46.8103], [-71.2149, 46.8103], [-71.2151, 46.8104], [-71.2153, 46.8104], [-71.2154, 46.8104], [-71.2156, 46.8104], [-71.2157, 46.8104], [-71.2158, 46.8104], [-71.216, 46.8103], [-71.2161, 46.8102], [-71.2162, 46.8101], [-71.2163, 46.8101], [-71.2164, 46.81], [-71.2165, 46.81], [-71.2166, 46.81], [-71.2167, 46.8101], [-71.2167, 46.8102], [-71.2167, 46.8103], [-71.2168, 46.8104], [-71.2168, 46.8105], [-71.2169, 46.8106], [-71.217, 46.8107], [-71.2171, 46.8107], [-71.2172, 46.8107], [-71.2173, 46.8108], [-71.2174, 46.8108], [-71.2175, 46.8107], [-71.2176, 46.8107], [-71.2178, 46.8107], [-71.218, 46.8106], [-71.2182, 46.8105], [-71.2184, 46.8104], [-71.2187, 46.8103], [-71.2189, 46.8102], [-71.2191, 46.8101], [-71.2192, 46.8099], [-71.2194, 46.8097], [-71.2195, 46.8096], [-71.2196, 46.8094], [-71.2197, 46.8092], [-71.2198, 46.809], [-71.2198, 46.8088]]]}}, {"type": "Feature", "properties": {"couche": "aire_marche", "station": "Colline Parlementaire", "ordre": 20, "minutes": 4, "superficie_ha": 18.1, "rue_km": 7.16, "disque_ha": 24.6, "part_disque_pct": 74, "accroche_m": 31, "population": 1027, "navetteurs": 338, "mode_auto_pct": 33, "mode_tc_pct": 24, "mode_actif_pct": 43, "mode_autre_pct": 0}, "geometry": {"type": "Polygon", "coordinates": [[[-71.2205, 46.8088], [-71.2205, 46.809], [-71.2204, 46.8093], [-71.2203, 46.8095], [-71.2202, 46.8097], [-71.2201, 46.8099], [-71.2199, 46.8101], [-71.2198, 46.8102], [-71.2197, 46.8103], [-71.2195, 46.8104], [-71.2193, 46.8105], [-71.2192, 46.8106], [-71.219, 46.8107], [-71.2188, 46.8108], [-71.2186, 46.8109], [-71.2184, 46.811], [-71.2181, 46.811], [-71.2179, 46.8111], [-71.2177, 46.8112], [-71.2174, 46.8112], [-71.2171, 46.8112], [-71.2167, 46.8112], [-71.2164, 46.8111], [-71.216, 46.8111], [-71.2156, 46.811], [-71.2151, 46.8109], [-71.2147, 46.8108], [-71.2144, 46.8107], [-71.2142, 46.8106], [-71.2139, 46.8105], [-71.2138, 46.8104], [-71.2137, 46.8103], [-71.2137, 46.8102], [-71.2137, 46.81], [-71.2138, 46.8099], [-71.2138, 46.8098], [-71.2139, 46.8097], [-71.214, 46.8096], [-71.2141, 46.8096], [-71.2142, 46.8095], [-71.2143, 46.8095], [-71.2144, 46.8095], [-71.2144, 46.8094], [-71.2145, 46.8094], [-71.2145, 46.8093], [-71.2145, 46.8092], [-71.2144, 46.8091], [-71.2143, 46.809], [-71.2143, 46.8089], [-71.2143, 46.8088], [-71.2144, 46.8086], [-71.2144, 46.8085], [-71.2145, 46.8083], [-71.2146, 46.8081], [-71.2146, 46.8079], [-71.2148, 46.8078], [-71.2149, 46.8077], [-71.215, 46.8076], [-71.2152, 46.8075], [-71.2153, 46.8075], [-71.2155, 46.8075], [-71.2157, 46.8075], [-71.2159, 46.8075], [-71.2161, 46.8075], [-71.2163, 46.8075], [-71.2165, 46.8075], [-71.2166, 46.8074], [-71.2168, 46.8073], [-71.2169, 46.8073], [-71.2171, 46.8072], [-71.2172, 46.8071], [-71.2174, 46.807], [-71.2175, 46.807], [-71.2176, 46.807], [-71.2177, 46.807], [-71.2179, 46.807], [-71.218, 46.8071], [-71.2181, 46.8072], [-71.2182, 46.8073], [-71.2183, 46.8073], [-71.2184, 46.8074], [-71.2185, 46.8074], [-71.2186, 46.8074], [-71.2187, 46.8074], [-71.2187, 46.8073], [-71.2188, 46.8073], [-71.2189, 46.8073], [-71.2191, 46.8072], [-71.2192, 46.8072], [-71.2193, 46.8073], [-71.2195, 46.8073], [-71.2197, 46.8074], [-71.2199, 46.8074], [-71.2201, 46.8075], [-71.2202, 46.8076], [-71.2204, 46.8078], [-71.2205, 46.8079], [-71.2206, 46.8081], [-71.2206, 46.8083], [-71.2206, 46.8085], [-71.2205, 46.8088]]]}}, {"type": "Feature", "properties": {"couche": "voile", "station": "Colline Parlementaire", "minutes": 4}, "geometry": {"type": "Polygon", "coordinates": [[[-71.3796, 46.918], [-71.0576, 46.92], [-71.0553, 46.6999], [-71.376, 46.6979], [-71.3796, 46.918]], [[-71.2206, 46.8085], [-71.2206, 46.8083], [-71.2206, 46.8081], [-71.2205, 46.8079], [-71.2204, 46.8078], [-71.2202, 46.8076], [-71.2201, 46.8075], [-71.2199, 46.8074], [-71.2197, 46.8074], [-71.2195, 46.8073], [-71.2193, 46.8073], [-71.2192, 46.8072], [-71.2191, 46.8072], [-71.2189, 46.8073], [-71.2188, 46.8073], [-71.2187, 46.8073], [-71.2187, 46.8074], [-71.2186, 46.8074], [-71.2185, 46.8074], [-71.2184, 46.8074], [-71.2183, 46.8073], [-71.2182, 46.8073], [-71.2181, 46.8072], [-71.218, 46.8071], [-71.2179, 46.807], [-71.2177, 46.807], [-71.2176, 46.807], [-71.2175, 46.807], [-71.2174, 46.807], [-71.2172, 46.8071], [-71.2171, 46.8072], [-71.2169, 46.8073], [-71.2168, 46.8073], [-71.2166, 46.8074], [-71.2165, 46.8075], [-71.2163, 46.8075], [-71.2161, 46.8075], [-71.2159, 46.8075], [-71.2157, 46.8075], [-71.2155, 46.8075], [-71.2153, 46.8075], [-71.2152, 46.8075], [-71.215, 46.8076], [-71.2149, 46.8077], [-71.2148, 46.8078], [-71.2146, 46.8079], [-71.2146, 46.8081], [-71.2145, 46.8083], [-71.2144, 46.8085], [-71.2144, 46.8086], [-71.2143, 46.8088], [-71.2143, 46.8089], [-71.2143, 46.809], [-71.2144, 46.8091], [-71.2145, 46.8092], [-71.2145, 46.8093], [-71.2145, 46.8094], [-71.2144, 46.8094], [-71.2144, 46.8095], [-71.2143, 46.8095], [-71.2142, 46.8095], [-71.2141, 46.8096], [-71.214, 46.8096], [-71.2139, 46.8097], [-71.2138, 46.8098], [-71.2138, 46.8099], [-71.2137, 46.81], [-71.2137, 46.8102], [-71.2137, 46.8103], [-71.2138, 46.8104], [-71.2139, 46.8105], [-71.2142, 46.8106], [-71.2144, 46.8107], [-71.2147, 46.8108], [-71.2151, 46.8109], [-71.2156, 46.811], [-71.216, 46.8111], [-71.2164, 46.8111], [-71.2167, 46.8112], [-71.2171, 46.8112], [-71.2174, 46.8112], [-71.2177, 46.8112], [-71.2179, 46.8111], [-71.2181, 46.811], [-71.2184, 46.811], [-71.2186, 46.8109], [-71.2188, 46.8108], [-71.219, 46.8107], [-71.2192, 46.8106], [-71.2193, 46.8105], [-71.2195, 46.8104], [-71.2197, 46.8103], [-71.2198, 46.8102], [-71.2199, 46.8101], [-71.2201, 46.8099], [-71.2202, 46.8097], [-71.2203, 46.8095], [-71.2204, 46.8093], [-71.2205, 46.809], [-71.2205, 46.8088], [-71.2206, 46.8085]]]}}, {"type": "Feature", "properties": {"couche": "aire_marche", "station": "Colline Parlementaire", "ordre": 20, "minutes": 5, "superficie_ha": 27.6, "rue_km": 11.75, "disque_ha": 38.5, "part_disque_pct": 72, "accroche_m": 31, "population": 1630, "navetteurs": 529, "mode_auto_pct": 33, "mode_tc_pct": 24, "mode_actif_pct": 43, "mode_autre_pct": 0}, "geometry": {"type": "Polygon", "coordinates": [[[-71.2211, 46.8078], [-71.2209, 46.8079], [-71.2208, 46.808], [-71.2208, 46.8081], [-71.2207, 46.8082], [-71.2207, 46.8083], [-71.2207, 46.8084], [-71.2208, 46.8086], [-71.2209, 46.8087], [-71.221, 46.8088], [-71.2211, 46.8089], [-71.2211, 46.809], [-71.2211, 46.8092], [-71.221, 46.8094], [-71.2209, 46.8096], [-71.2207, 46.8098], [-71.2205, 46.8101], [-71.2203, 46.8104], [-71.22, 46.8106], [-71.2198, 46.8108], [-71.2196, 46.811], [-71.2195, 46.8111], [-71.2193, 46.8112], [-71.2192, 46.8113], [-71.2191, 46.8113], [-71.219, 46.8113], [-71.2188, 46.8112], [-71.2187, 46.8112], [-71.2186, 46.8113], [-71.2185, 46.8113], [-71.2183, 46.8113], [-71.2182, 46.8114], [-71.218, 46.8115], [-71.2179, 46.8115], [-71.2177, 46.8116], [-71.2174, 46.8117], [-71.2171, 46.8117], [-71.2168, 46.8117], [-71.2165, 46.8117], [-71.2161, 46.8116], [-71.2156, 46.8116], [-71.2151, 46.8115], [-71.2147, 46.8114], [-71.2143, 46.8114], [-71.214, 46.8113], [-71.2137, 46.8112], [-71.2135, 46.8112], [-71.2133, 46.8111], [-71.2132, 46.8111], [-71.2131, 46.811], [-71.213, 46.8109], [-71.213, 46.8108], [-71.2129, 46.8107], [-71.2129, 46.8106], [-71.2129, 46.8105], [-71.2129, 46.8103], [-71.2129, 46.8102], [-71.213, 46.81], [-71.213, 46.8098], [-71.2131, 46.8097], [-71.2132, 46.8095], [-71.2133, 46.8094], [-71.2134, 46.8093], [-71.2135, 46.8092], [-71.2137, 46.8091], [-71.2138, 46.809], [-71.214, 46.8089], [-71.2141, 46.8088], [-71.2142, 46.8087], [-71.2142, 46.8086], [-71.2142, 46.8085], [-71.2141, 46.8084], [-71.214, 46.8084], [-71.2139, 46.8083], [-71.2139, 46.8082], [-71.2138, 46.8081], [-71.2138, 46.808], [-71.2138, 46.8079], [-71.2138, 46.8078], [-71.2139, 46.8077], [-71.2139, 46.8076], [-71.214, 46.8075], [-71.2142, 46.8074], [-71.2143, 46.8073], [-71.2145, 46.8072], [-71.2148, 46.8071], [-71.215, 46.8071], [-71.2153, 46.807], [-71.2157, 46.807], [-71.216, 46.8069], [-71.2162, 46.8069], [-71.2165, 46.8068], [-71.2167, 46.8068], [-71.2168, 46.8067], [-71.217, 46.8067], [-71.217, 46.8066], [-71.2171, 46.8065], [-71.2172, 46.8064], [-71.2174, 46.8064], [-71.2176, 46.8064], [-71.2179, 46.8065], [-71.2183, 46.8065], [-71.2187, 46.8066], [-71.2192, 46.8067], [-71.2197, 46.8069], [-71.2201, 46.807], [-71.2205, 46.8072], [-71.2208, 46.8073], [-71.221, 46.8075], [-71.2211, 46.8076], [-71.2211, 46.8077], [-71.2211, 46.8078]]]}}, {"type": "Feature", "properties": {"couche": "voile", "station": "Colline Parlementaire", "minutes": 5}, "geometry": {"type": "Polygon", "coordinates": [[[-71.3801, 46.9185], [-71.0568, 46.9205], [-71.0545, 46.6993], [-71.3765, 46.6973], [-71.3801, 46.9185]], [[-71.2211, 46.8077], [-71.2211, 46.8076], [-71.221, 46.8075], [-71.2208, 46.8073], [-71.2205, 46.8072], [-71.2201, 46.807], [-71.2197, 46.8069], [-71.2192, 46.8067], [-71.2187, 46.8066], [-71.2183, 46.8065], [-71.2179, 46.8065], [-71.2176, 46.8064], [-71.2174, 46.8064], [-71.2172, 46.8064], [-71.2171, 46.8065], [-71.217, 46.8066], [-71.217, 46.8067], [-71.2168, 46.8067], [-71.2167, 46.8068], [-71.2165, 46.8068], [-71.2162, 46.8069], [-71.216, 46.8069], [-71.2157, 46.807], [-71.2153, 46.807], [-71.215, 46.8071], [-71.2148, 46.8071], [-71.2145, 46.8072], [-71.2143, 46.8073], [-71.2142, 46.8074], [-71.214, 46.8075], [-71.2139, 46.8076], [-71.2139, 46.8077], [-71.2138, 46.8078], [-71.2138, 46.8079], [-71.2138, 46.808], [-71.2138, 46.8081], [-71.2139, 46.8082], [-71.2139, 46.8083], [-71.214, 46.8084], [-71.2141, 46.8084], [-71.2142, 46.8085], [-71.2142, 46.8086], [-71.2142, 46.8087], [-71.2141, 46.8088], [-71.214, 46.8089], [-71.2138, 46.809], [-71.2137, 46.8091], [-71.2135, 46.8092], [-71.2134, 46.8093], [-71.2133, 46.8094], [-71.2132, 46.8095], [-71.2131, 46.8097], [-71.213, 46.8098], [-71.213, 46.81], [-71.2129, 46.8102], [-71.2129, 46.8103], [-71.2129, 46.8105], [-71.2129, 46.8106], [-71.2129, 46.8107], [-71.213, 46.8108], [-71.213, 46.8109], [-71.2131, 46.811], [-71.2132, 46.8111], [-71.2133, 46.8111], [-71.2135, 46.8112], [-71.2137, 46.8112], [-71.214, 46.8113], [-71.2143, 46.8114], [-71.2147, 46.8114], [-71.2151, 46.8115], [-71.2156, 46.8116], [-71.2161, 46.8116], [-71.2165, 46.8117], [-71.2168, 46.8117], [-71.2171, 46.8117], [-71.2174, 46.8117], [-71.2177, 46.8116], [-71.2179, 46.8115], [-71.218, 46.8115], [-71.2182, 46.8114], [-71.2183, 46.8113], [-71.2185, 46.8113], [-71.2186, 46.8113], [-71.2187, 46.8112], [-71.2188, 46.8112], [-71.219, 46.8113], [-71.2191, 46.8113], [-71.2192, 46.8113], [-71.2193, 46.8112], [-71.2195, 46.8111], [-71.2196, 46.811], [-71.2198, 46.8108], [-71.22, 46.8106], [-71.2203, 46.8104], [-71.2205, 46.8101], [-71.2207, 46.8098], [-71.2209, 46.8096], [-71.221, 46.8094], [-71.2211, 46.8092], [-71.2211, 46.809], [-71.2211, 46.8089], [-71.221, 46.8088], [-71.2209, 46.8087], [-71.2208, 46.8086], [-71.2207, 46.8084], [-71.2207, 46.8083], [-71.2207, 46.8082], [-71.2208, 46.8081], [-71.2208, 46.808], [-71.2209, 46.8079], [-71.2211, 46.8078], [-71.2211, 46.8077]]]}}, {"type": "Feature", "properties": {"couche": "aire_marche", "station": "Colline Parlementaire", "ordre": 20, "minutes": 6, "superficie_ha": 41.4, "rue_km": 17.28, "disque_ha": 55.4, "part_disque_pct": 75, "accroche_m": 31, "population": 2604, "navetteurs": 834, "mode_auto_pct": 34, "mode_tc_pct": 23, "mode_actif_pct": 43, "mode_autre_pct": 0}, "geometry": {"type": "Polygon", "coordinates": [[[-71.2218, 46.8074], [-71.2217, 46.8076], [-71.2217, 46.8077], [-71.2217, 46.8079], [-71.2217, 46.808], [-71.2217, 46.8082], [-71.2217, 46.8083], [-71.2218, 46.8084], [-71.2219, 46.8085], [-71.222, 46.8085], [-71.222, 46.8086], [-71.2221, 46.8087], [-71.2221, 46.8088], [-71.2221, 46.8089], [-71.2221, 46.809], [-71.2221, 46.8092], [-71.222, 46.8093], [-71.2219, 46.8094], [-71.2218, 46.8096], [-71.2216, 46.8098], [-71.2215, 46.81], [-71.2213, 46.8103], [-71.221, 46.8106], [-71.2208, 46.8109], [-71.2205, 46.8111], [-71.2203, 46.8113], [-71.2201, 46.8115], [-71.2199, 46.8116], [-71.2197, 46.8117], [-71.2195, 46.8118], [-71.2193, 46.8118], [-71.2192, 46.8118], [-71.219, 46.8117], [-71.2189, 46.8117], [-71.2187, 46.8118], [-71.2186, 46.8118], [-71.2185, 46.8118], [-71.2184, 46.8119], [-71.2182, 46.812], [-71.2181, 46.8121], [-71.218, 46.8121], [-71.2177, 46.8122], [-71.2174, 46.8122], [-71.217, 46.8122], [-71.2166, 46.8122], [-71.2161, 46.8121], [-71.2155, 46.8121], [-71.2149, 46.812], [-71.2143, 46.8119], [-71.2138, 46.8118], [-71.2134, 46.8116], [-71.213, 46.8115], [-71.2128, 46.8114], [-71.2125, 46.8112], [-71.2124, 46.8111], [-71.2123, 46.8109], [-71.2122, 46.8107], [-71.2122, 46.8105], [-71.2122, 46.8102], [-71.2123, 46.8099], [-71.2123, 46.8096], [-71.2125, 46.8092], [-71.2126, 46.8088], [-71.2128, 46.8083], [-71.213, 46.8079], [-71.2131, 46.8076], [-71.2133, 46.8073], [-71.2134, 46.8071], [-71.2136, 46.807], [-71.2137, 46.8069], [-71.2138, 46.8069], [-71.2139, 46.8069], [-71.2141, 46.8069], [-71.2142, 46.8069], [-71.2143, 46.8069], [-71.2144, 46.8068], [-71.2145, 46.8068], [-71.2145, 46.8067], [-71.2146, 46.8066], [-71.2148, 46.8065], [-71.2149, 46.8064], [-71.2151, 46.8063], [-71.2153, 46.8062], [-71.2155, 46.8061], [-71.2158, 46.806], [-71.2161, 46.806], [-71.2164, 46.8059], [-71.2166, 46.8059], [-71.2169, 46.8058], [-71.2171, 46.8058], [-71.2172, 46.8059], [-71.2174, 46.8059], [-71.2175, 46.806], [-71.2176, 46.8061], [-71.2177, 46.8062], [-71.2177, 46.8063], [-71.2178, 46.8063], [-71.2179, 46.8063], [-71.218, 46.8063], [-71.2181, 46.8063], [-71.2182, 46.8062], [-71.2183, 46.8061], [-71.2185, 46.8061], [-71.2187, 46.8061], [-71.219, 46.8061], [-71.2193, 46.8061], [-71.2196, 46.8062], [-71.22, 46.8063], [-71.2204, 46.8064], [-71.2208, 46.8065], [-71.2211, 46.8066], [-71.2214, 46.8067], [-71.2216, 46.8068], [-71.2217, 46.807], [-71.2218, 46.8072], [-71.2218, 46.8074]]]}}, {"type": "Feature", "properties": {"couche": "voile", "station": "Colline Parlementaire", "minutes": 6}, "geometry": {"type": "Polygon", "coordinates": [[[-71.3811, 46.919], [-71.0561, 46.9211], [-71.0538, 46.6987], [-71.3775, 46.6967], [-71.3811, 46.919]], [[-71.2218, 46.8072], [-71.2217, 46.807], [-71.2216, 46.8068], [-71.2214, 46.8067], [-71.2211, 46.8066], [-71.2208, 46.8065], [-71.2204, 46.8064], [-71.22, 46.8063], [-71.2196, 46.8062], [-71.2193, 46.8061], [-71.219, 46.8061], [-71.2187, 46.8061], [-71.2185, 46.8061], [-71.2183, 46.8061], [-71.2182, 46.8062], [-71.2181, 46.8063], [-71.218, 46.8063], [-71.2179, 46.8063], [-71.2178, 46.8063], [-71.2177, 46.8063], [-71.2177, 46.8062], [-71.2176, 46.8061], [-71.2175, 46.806], [-71.2174, 46.8059], [-71.2172, 46.8059], [-71.2171, 46.8058], [-71.2169, 46.8058], [-71.2166, 46.8059], [-71.2164, 46.8059], [-71.2161, 46.806], [-71.2158, 46.806], [-71.2155, 46.8061], [-71.2153, 46.8062], [-71.2151, 46.8063], [-71.2149, 46.8064], [-71.2148, 46.8065], [-71.2146, 46.8066], [-71.2145, 46.8067], [-71.2145, 46.8068], [-71.2144, 46.8068], [-71.2143, 46.8069], [-71.2142, 46.8069], [-71.2141, 46.8069], [-71.2139, 46.8069], [-71.2138, 46.8069], [-71.2137, 46.8069], [-71.2136, 46.807], [-71.2134, 46.8071], [-71.2133, 46.8073], [-71.2131, 46.8076], [-71.213, 46.8079], [-71.2128, 46.8083], [-71.2126, 46.8088], [-71.2125, 46.8092], [-71.2123, 46.8096], [-71.2123, 46.8099], [-71.2122, 46.8102], [-71.2122, 46.8105], [-71.2122, 46.8107], [-71.2123, 46.8109], [-71.2124, 46.8111], [-71.2125, 46.8112], [-71.2128, 46.8114], [-71.213, 46.8115], [-71.2134, 46.8116], [-71.2138, 46.8118], [-71.2143, 46.8119], [-71.2149, 46.812], [-71.2155, 46.8121], [-71.2161, 46.8121], [-71.2166, 46.8122], [-71.217, 46.8122], [-71.2174, 46.8122], [-71.2177, 46.8122], [-71.218, 46.8121], [-71.2181, 46.8121], [-71.2182, 46.812], [-71.2184, 46.8119], [-71.2185, 46.8118], [-71.2186, 46.8118], [-71.2187, 46.8118], [-71.2189, 46.8117], [-71.219, 46.8117], [-71.2192, 46.8118], [-71.2193, 46.8118], [-71.2195, 46.8118], [-71.2197, 46.8117], [-71.2199, 46.8116], [-71.2201, 46.8115], [-71.2203, 46.8113], [-71.2205, 46.8111], [-71.2208, 46.8109], [-71.221, 46.8106], [-71.2213, 46.8103], [-71.2215, 46.81], [-71.2216, 46.8098], [-71.2218, 46.8096], [-71.2219, 46.8094], [-71.222, 46.8093], [-71.2221, 46.8092], [-71.2221, 46.809], [-71.2221, 46.8089], [-71.2221, 46.8088], [-71.2221, 46.8087], [-71.222, 46.8086], [-71.222, 46.8085], [-71.2219, 46.8085], [-71.2218, 46.8084], [-71.2217, 46.8083], [-71.2217, 46.8082], [-71.2217, 46.808], [-71.2217, 46.8079], [-71.2217, 46.8077], [-71.2217, 46.8076], [-71.2218, 46.8074], [-71.2218, 46.8072]]]}}, {"type": "Feature", "properties": {"couche": "aire_marche", "station": "Colline Parlementaire", "ordre": 20, "minutes": 7, "superficie_ha": 53.6, "rue_km": 22.73, "disque_ha": 75.4, "part_disque_pct": 71, "accroche_m": 31, "population": 3446, "navetteurs": 1080, "mode_auto_pct": 33, "mode_tc_pct": 24, "mode_actif_pct": 43, "mode_autre_pct": 0}, "geometry": {"type": "Polygon", "coordinates": [[[-71.2227, 46.8076], [-71.2227, 46.808], [-71.2227, 46.8083], [-71.2226, 46.8087], [-71.2225, 46.8091], [-71.2223, 46.8095], [-71.2221, 46.8099], [-71.2219, 46.8103], [-71.2216, 46.8107], [-71.2214, 46.8111], [-71.2211, 46.8114], [-71.2208, 46.8117], [-71.2205, 46.8119], [-71.2203, 46.8121], [-71.2201, 46.8122], [-71.2198, 46.8123], [-71.2196, 46.8123], [-71.2194, 46.8123], [-71.2192, 46.8122], [-71.2191, 46.8122], [-71.2189, 46.8123], [-71.2188, 46.8123], [-71.2187, 46.8123], [-71.2186, 46.8124], [-71.2185, 46.8125], [-71.2184, 46.8126], [-71.2182, 46.8127], [-71.218, 46.8127], [-71.2178, 46.8127], [-71.2175, 46.8127], [-71.2171, 46.8127], [-71.2166, 46.8126], [-71.2161, 46.8125], [-71.2155, 46.8124], [-71.215, 46.8123], [-71.2145, 46.8122], [-71.2141, 46.8121], [-71.2137, 46.812], [-71.2134, 46.812], [-71.2131, 46.812], [-71.2129, 46.812], [-71.2127, 46.812], [-71.2126, 46.812], [-71.2125, 46.812], [-71.2124, 46.8119], [-71.2123, 46.8119], [-71.2123, 46.8118], [-71.2123, 46.8117], [-71.2124, 46.8115], [-71.2124, 46.8114], [-71.2124, 46.8113], [-71.2124, 46.8112], [-71.2123, 46.8111], [-71.2122, 46.811], [-71.2121, 46.8109], [-71.212, 46.8108], [-71.2118, 46.8107], [-71.2117, 46.8106], [-71.2115, 46.8104], [-71.2115, 46.8103], [-71.2114, 46.8101], [-71.2114, 46.8099], [-71.2115, 46.8097], [-71.2115, 46.8095], [-71.2116, 46.8092], [-71.2117, 46.809], [-71.2118, 46.8088], [-71.212, 46.8086], [-71.2121, 46.8084], [-71.2123, 46.8083], [-71.2124, 46.8081], [-71.2126, 46.808], [-71.2128, 46.8079], [-71.213, 46.8078], [-71.2131, 46.8077], [-71.2132, 46.8076], [-71.2132, 46.8075], [-71.2132, 46.8074], [-71.2131, 46.8074], [-71.213, 46.8074], [-71.2129, 46.8074], [-71.2128, 46.8073], [-71.2127, 46.8073], [-71.2127, 46.8072], [-71.2127, 46.8071], [-71.2126, 46.807], [-71.2127, 46.8069], [-71.2127, 46.8068], [-71.2127, 46.8067], [-71.2128, 46.8066], [-71.2129, 46.8065], [-71.2131, 46.8064], [-71.2133, 46.8063], [-71.2135, 46.8062], [-71.2137, 46.8061], [-71.2139, 46.8061], [-71.2142, 46.806], [-71.2144, 46.806], [-71.2146, 46.806], [-71.2147, 46.806], [-71.2149, 46.806], [-71.215, 46.8061], [-71.2151, 46.8061], [-71.2152, 46.8062], [-71.2153, 46.8063], [-71.2154, 46.8063], [-71.2155, 46.8063], [-71.2157, 46.8062], [-71.2159, 46.8062], [-71.216, 46.8061], [-71.2162, 46.8059], [-71.2164, 46.8058], [-71.2166, 46.8056], [-71.2168, 46.8055], [-71.217, 46.8054], [-71.2172, 46.8053], [-71.2173, 46.8053], [-71.2175, 46.8053], [-71.2176, 46.8052], [-71.2177, 46.8053], [-71.2179, 46.8053], [-71.218, 46.8053], [-71.2181, 46.8054], [-71.2182, 46.8054], [-71.2183, 46.8055], [-71.2183, 46.8056], [-71.2184, 46.8056], [-71.2185, 46.8057], [-71.2186, 46.8058], [-71.2186, 46.8059], [-71.2187, 46.8059], [-71.2188, 46.8059], [-71.2189, 46.8059], [-71.219, 46.8059], [-71.2191, 46.8058], [-71.2193, 46.8058], [-71.2194, 46.8058], [-71.2195, 46.8058], [-71.2197, 46.8058], [-71.2199, 46.8058], [-71.2201, 46.8058], [-71.2204, 46.8059], [-71.2206, 46.8059], [-71.2209, 46.8059], [-71.2211, 46.806], [-71.2213, 46.806], [-71.2215, 46.806], [-71.2217, 46.8061], [-71.2219, 46.8061], [-71.2221, 46.8062], [-71.2223, 46.8062], [-71.2224, 46.8064], [-71.2225, 46.8065], [-71.2226, 46.8067], [-71.2227, 46.807], [-71.2227, 46.8073], [-71.2227, 46.8076]]]}}, {"type": "Feature", "properties": {"couche": "voile", "station": "Colline Parlementaire", "minutes": 7}, "geometry": {"type": "Polygon", "coordinates": [[[-71.3818, 46.9195], [-71.0553, 46.9216], [-71.053, 46.6982], [-71.3781, 46.6961], [-71.3818, 46.9195]], [[-71.2227, 46.8073], [-71.2227, 46.807], [-71.2226, 46.8067], [-71.2225, 46.8065], [-71.2224, 46.8064], [-71.2223, 46.8062], [-71.2221, 46.8062], [-71.2219, 46.8061], [-71.2217, 46.8061], [-71.2215, 46.806], [-71.2213, 46.806], [-71.2211, 46.806], [-71.2209, 46.8059], [-71.2206, 46.8059], [-71.2204, 46.8059], [-71.2201, 46.8058], [-71.2199, 46.8058], [-71.2197, 46.8058], [-71.2195, 46.8058], [-71.2194, 46.8058], [-71.2193, 46.8058], [-71.2191, 46.8058], [-71.219, 46.8059], [-71.2189, 46.8059], [-71.2188, 46.8059], [-71.2187, 46.8059], [-71.2186, 46.8059], [-71.2186, 46.8058], [-71.2185, 46.8057], [-71.2184, 46.8056], [-71.2183, 46.8056], [-71.2183, 46.8055], [-71.2182, 46.8054], [-71.2181, 46.8054], [-71.218, 46.8053], [-71.2179, 46.8053], [-71.2177, 46.8053], [-71.2176, 46.8052], [-71.2175, 46.8053], [-71.2173, 46.8053], [-71.2172, 46.8053], [-71.217, 46.8054], [-71.2168, 46.8055], [-71.2166, 46.8056], [-71.2164, 46.8058], [-71.2162, 46.8059], [-71.216, 46.8061], [-71.2159, 46.8062], [-71.2157, 46.8062], [-71.2155, 46.8063], [-71.2154, 46.8063], [-71.2153, 46.8063], [-71.2152, 46.8062], [-71.2151, 46.8061], [-71.215, 46.8061], [-71.2149, 46.806], [-71.2147, 46.806], [-71.2146, 46.806], [-71.2144, 46.806], [-71.2142, 46.806], [-71.2139, 46.8061], [-71.2137, 46.8061], [-71.2135, 46.8062], [-71.2133, 46.8063], [-71.2131, 46.8064], [-71.2129, 46.8065], [-71.2128, 46.8066], [-71.2127, 46.8067], [-71.2127, 46.8068], [-71.2127, 46.8069], [-71.2126, 46.807], [-71.2127, 46.8071], [-71.2127, 46.8072], [-71.2127, 46.8073], [-71.2128, 46.8073], [-71.2129, 46.8074], [-71.213, 46.8074], [-71.2131, 46.8074], [-71.2132, 46.8074], [-71.2132, 46.8075], [-71.2132, 46.8076], [-71.2131, 46.8077], [-71.213, 46.8078], [-71.2128, 46.8079], [-71.2126, 46.808], [-71.2124, 46.8081], [-71.2123, 46.8083], [-71.2121, 46.8084], [-71.212, 46.8086], [-71.2118, 46.8088], [-71.2117, 46.809], [-71.2116, 46.8092], [-71.2115, 46.8095], [-71.2115, 46.8097], [-71.2114, 46.8099], [-71.2114, 46.8101], [-71.2115, 46.8103], [-71.2115, 46.8104], [-71.2117, 46.8106], [-71.2118, 46.8107], [-71.212, 46.8108], [-71.2121, 46.8109], [-71.2122, 46.811], [-71.2123, 46.8111], [-71.2124, 46.8112], [-71.2124, 46.8113], [-71.2124, 46.8114], [-71.2124, 46.8115], [-71.2123, 46.8117], [-71.2123, 46.8118], [-71.2123, 46.8119], [-71.2124, 46.8119], [-71.2125, 46.812], [-71.2126, 46.812], [-71.2127, 46.812], [-71.2129, 46.812], [-71.2131, 46.812], [-71.2134, 46.812], [-71.2137, 46.812], [-71.2141, 46.8121], [-71.2145, 46.8122], [-71.215, 46.8123], [-71.2155, 46.8124], [-71.2161, 46.8125], [-71.2166, 46.8126], [-71.2171, 46.8127], [-71.2175, 46.8127], [-71.2178, 46.8127], [-71.218, 46.8127], [-71.2182, 46.8127], [-71.2184, 46.8126], [-71.2185, 46.8125], [-71.2186, 46.8124], [-71.2187, 46.8123], [-71.2188, 46.8123], [-71.2189, 46.8123], [-71.2191, 46.8122], [-71.2192, 46.8122], [-71.2194, 46.8123], [-71.2196, 46.8123], [-71.2198, 46.8123], [-71.2201, 46.8122], [-71.2203, 46.8121], [-71.2205, 46.8119], [-71.2208, 46.8117], [-71.2211, 46.8114], [-71.2214, 46.8111], [-71.2216, 46.8107], [-71.2219, 46.8103], [-71.2221, 46.8099], [-71.2223, 46.8095], [-71.2225, 46.8091], [-71.2226, 46.8087], [-71.2227, 46.8083], [-71.2227, 46.808], [-71.2227, 46.8076], [-71.2227, 46.8073]]]}}, {"type": "Feature", "properties": {"couche": "aire_marche", "station": "Colline Parlementaire", "ordre": 20, "minutes": 8, "superficie_ha": 69.7, "rue_km": 28.69, "disque_ha": 98.5, "part_disque_pct": 71, "accroche_m": 31, "population": 4553, "navetteurs": 1415, "mode_auto_pct": 33, "mode_tc_pct": 23, "mode_actif_pct": 44, "mode_autre_pct": 0}, "geometry": {"type": "Polygon", "coordinates": [[[-71.2235, 46.8077], [-71.2234, 46.8081], [-71.2234, 46.8085], [-71.2232, 46.8089], [-71.2231, 46.8094], [-71.2229, 46.8098], [-71.2227, 46.8102], [-71.2224, 46.8106], [-71.2221, 46.811], [-71.2218, 46.8115], [-71.2215, 46.8119], [-71.2212, 46.8122], [-71.2209, 46.8124], [-71.2207, 46.8126], [-71.2205, 46.8128], [-71.2203, 46.8129], [-71.2201, 46.8129], [-71.22, 46.8128], [-71.2199, 46.8128], [-71.2197, 46.8128], [-71.2196, 46.8128], [-71.2195, 46.8129], [-71.2193, 46.8129], [-71.2192, 46.813], [-71.2191, 46.8131], [-71.2189, 46.8132], [-71.2187, 46.8132], [-71.2184, 46.8133], [-71.218, 46.8133], [-71.2175, 46.8133], [-71.2169, 46.8132], [-71.2162, 46.8132], [-71.2154, 46.8131], [-71.2145, 46.8129], [-71.2137, 46.8128], [-71.2131, 46.8127], [-71.2125, 46.8125], [-71.2121, 46.8124], [-71.2118, 46.8123], [-71.2115, 46.8121], [-71.2114, 46.812], [-71.2115, 46.8119], [-71.2115, 46.8117], [-71.2115, 46.8116], [-71.2116, 46.8115], [-71.2117, 46.8114], [-71.2119, 46.8113], [-71.212, 46.8113], [-71.2121, 46.8113], [-71.2122, 46.8112], [-71.2122, 46.8111], [-71.2121, 46.8111], [-71.212, 46.811], [-71.2119, 46.811], [-71.2116, 46.8109], [-71.2114, 46.8109], [-71.2112, 46.8108], [-71.211, 46.8106], [-71.2109, 46.8105], [-71.2108, 46.8103], [-71.2107, 46.81], [-71.2108, 46.8098], [-71.2108, 46.8095], [-71.2109, 46.8091], [-71.211, 46.8088], [-71.2112, 46.8085], [-71.2113, 46.8083], [-71.2114, 46.808], [-71.2116, 46.8078], [-71.2117, 46.8077], [-71.2119, 46.8075], [-71.2121, 46.8074], [-71.2122, 46.8072], [-71.2123, 46.8071], [-71.2124, 46.807], [-71.2125, 46.8068], [-71.2125, 46.8067], [-71.2126, 46.8066], [-71.2126, 46.8064], [-71.2125, 46.8063], [-71.2125, 46.8062], [-71.2126, 46.8061], [-71.2126, 46.806], [-71.2127, 46.8059], [-71.2128, 46.8059], [-71.213, 46.8059], [-71.2131, 46.8059], [-71.2133, 46.806], [-71.2136, 46.806], [-71.2138, 46.806], [-71.2141, 46.806], [-71.2144, 46.8059], [-71.2148, 46.8058], [-71.2151, 46.8057], [-71.2155, 46.8055], [-71.2159, 46.8054], [-71.2163, 46.8052], [-71.2167, 46.8051], [-71.217, 46.805], [-71.2173, 46.8049], [-71.2176, 46.8049], [-71.2178, 46.8048], [-71.218, 46.8048], [-71.2182, 46.8048], [-71.2184, 46.8049], [-71.2185, 46.8049], [-71.2187, 46.805], [-71.2188, 46.805], [-71.219, 46.8051], [-71.2191, 46.8052], [-71.2192, 46.8053], [-71.2193, 46.8054], [-71.2195, 46.8055], [-71.2196, 46.8056], [-71.2197, 46.8056], [-71.2198, 46.8057], [-71.2199, 46.8057], [-71.22, 46.8057], [-71.22, 46.8056], [-71.2201, 46.8056], [-71.2202, 46.8055], [-71.2203, 46.8055], [-71.2204, 46.8054], [-71.2205, 46.8054], [-71.2207, 46.8054], [-71.2208, 46.8054], [-71.2209, 46.8054], [-71.221, 46.8055], [-71.2211, 46.8055], [-71.2212, 46.8055], [-71.2213, 46.8056], [-71.2214, 46.8057], [-71.2215, 46.8057], [-71.2215, 46.8058], [-71.2216, 46.8059], [-71.2216, 46.806], [-71.2217, 46.806], [-71.2217, 46.8061], [-71.2218, 46.8061], [-71.2219, 46.8061], [-71.222, 46.8061], [-71.2221, 46.8061], [-71.2222, 46.806], [-71.2224, 46.806], [-71.2225, 46.8059], [-71.2226, 46.8059], [-71.2227, 46.8059], [-71.2228, 46.8059], [-71.223, 46.806], [-71.2231, 46.806], [-71.2232, 46.8061], [-71.2233, 46.8062], [-71.2234, 46.8064], [-71.2235, 46.8066], [-71.2235, 46.8068], [-71.2235, 46.8071], [-71.2235, 46.8074], [-71.2235, 46.8077]]]}}, {"type": "Feature", "properties": {"couche": "voile", "station": "Colline Parlementaire", "minutes": 8}, "geometry": {"type": "Polygon", "coordinates": [[[-71.3826, 46.9201], [-71.0546, 46.9222], [-71.0523, 46.6978], [-71.3789, 46.6957], [-71.3826, 46.9201]], [[-71.2235, 46.8074], [-71.2235, 46.8071], [-71.2235, 46.8068], [-71.2235, 46.8066], [-71.2234, 46.8064], [-71.2233, 46.8062], [-71.2232, 46.8061], [-71.2231, 46.806], [-71.223, 46.806], [-71.2228, 46.8059], [-71.2227, 46.8059], [-71.2226, 46.8059], [-71.2225, 46.8059], [-71.2224, 46.806], [-71.2222, 46.806], [-71.2221, 46.8061], [-71.222, 46.8061], [-71.2219, 46.8061], [-71.2218, 46.8061], [-71.2217, 46.8061], [-71.2217, 46.806], [-71.2216, 46.806], [-71.2216, 46.8059], [-71.2215, 46.8058], [-71.2215, 46.8057], [-71.2214, 46.8057], [-71.2213, 46.8056], [-71.2212, 46.8055], [-71.2211, 46.8055], [-71.221, 46.8055], [-71.2209, 46.8054], [-71.2208, 46.8054], [-71.2207, 46.8054], [-71.2205, 46.8054], [-71.2204, 46.8054], [-71.2203, 46.8055], [-71.2202, 46.8055], [-71.2201, 46.8056], [-71.22, 46.8056], [-71.22, 46.8057], [-71.2199, 46.8057], [-71.2198, 46.8057], [-71.2197, 46.8056], [-71.2196, 46.8056], [-71.2195, 46.8055], [-71.2193, 46.8054], [-71.2192, 46.8053], [-71.2191, 46.8052], [-71.219, 46.8051], [-71.2188, 46.805], [-71.2187, 46.805], [-71.2185, 46.8049], [-71.2184, 46.8049], [-71.2182, 46.8048], [-71.218, 46.8048], [-71.2178, 46.8048], [-71.2176, 46.8049], [-71.2173, 46.8049], [-71.217, 46.805], [-71.2167, 46.8051], [-71.2163, 46.8052], [-71.2159, 46.8054], [-71.2155, 46.8055], [-71.2151, 46.8057], [-71.2148, 46.8058], [-71.2144, 46.8059], [-71.2141, 46.806], [-71.2138, 46.806], [-71.2136, 46.806], [-71.2133, 46.806], [-71.2131, 46.8059], [-71.213, 46.8059], [-71.2128, 46.8059], [-71.2127, 46.8059], [-71.2126, 46.806], [-71.2126, 46.8061], [-71.2125, 46.8062], [-71.2125, 46.8063], [-71.2126, 46.8064], [-71.2126, 46.8066], [-71.2125, 46.8067], [-71.2125, 46.8068], [-71.2124, 46.807], [-71.2123, 46.8071], [-71.2122, 46.8072], [-71.2121, 46.8074], [-71.2119, 46.8075], [-71.2117, 46.8077], [-71.2116, 46.8078], [-71.2114, 46.808], [-71.2113, 46.8083], [-71.2112, 46.8085], [-71.211, 46.8088], [-71.2109, 46.8091], [-71.2108, 46.8095], [-71.2108, 46.8098], [-71.2107, 46.81], [-71.2108, 46.8103], [-71.2109, 46.8105], [-71.211, 46.8106], [-71.2112, 46.8108], [-71.2114, 46.8109], [-71.2116, 46.8109], [-71.2119, 46.811], [-71.212, 46.811], [-71.2121, 46.8111], [-71.2122, 46.8111], [-71.2122, 46.8112], [-71.2121, 46.8113], [-71.212, 46.8113], [-71.2119, 46.8113], [-71.2117, 46.8114], [-71.2116, 46.8115], [-71.2115, 46.8116], [-71.2115, 46.8117], [-71.2115, 46.8119], [-71.2114, 46.812], [-71.2115, 46.8121], [-71.2118, 46.8123], [-71.2121, 46.8124], [-71.2125, 46.8125], [-71.2131, 46.8127], [-71.2137, 46.8128], [-71.2145, 46.8129], [-71.2154, 46.8131], [-71.2162, 46.8132], [-71.2169, 46.8132], [-71.2175, 46.8133], [-71.218, 46.8133], [-71.2184, 46.8133], [-71.2187, 46.8132], [-71.2189, 46.8132], [-71.2191, 46.8131], [-71.2192, 46.813], [-71.2193, 46.8129], [-71.2195, 46.8129], [-71.2196, 46.8128], [-71.2197, 46.8128], [-71.2199, 46.8128], [-71.22, 46.8128], [-71.2201, 46.8129], [-71.2203, 46.8129], [-71.2205, 46.8128], [-71.2207, 46.8126], [-71.2209, 46.8124], [-71.2212, 46.8122], [-71.2215, 46.8119], [-71.2218, 46.8115], [-71.2221, 46.811], [-71.2224, 46.8106], [-71.2227, 46.8102], [-71.2229, 46.8098], [-71.2231, 46.8094], [-71.2232, 46.8089], [-71.2234, 46.8085], [-71.2234, 46.8081], [-71.2235, 46.8077], [-71.2235, 46.8074]]]}}, {"type": "Feature", "properties": {"couche": "aire_marche", "station": "Colline Parlementaire", "ordre": 20, "minutes": 9, "superficie_ha": 86.9, "rue_km": 36.63, "disque_ha": 124.7, "part_disque_pct": 70, "accroche_m": 31, "population": 5743, "navetteurs": 1785, "mode_auto_pct": 34, "mode_tc_pct": 23, "mode_actif_pct": 43, "mode_autre_pct": 0}, "geometry": {"type": "Polygon", "coordinates": [[[-71.224, 46.8069], [-71.2239, 46.8069], [-71.2237, 46.807], [-71.2236, 46.807], [-71.2235, 46.807], [-71.2234, 46.8071], [-71.2233, 46.8072], [-71.2233, 46.8073], [-71.2234, 46.8073], [-71.2234, 46.8074], [-71.2235, 46.8075], [-71.2236, 46.8075], [-71.2237, 46.8075], [-71.2238, 46.8075], [-71.224, 46.8076], [-71.2241, 46.8076], [-71.2242, 46.8077], [-71.2242, 46.8078], [-71.2243, 46.808], [-71.2243, 46.8082], [-71.2242, 46.8084], [-71.2242, 46.8087], [-71.2241, 46.809], [-71.224, 46.8092], [-71.2239, 46.8095], [-71.2238, 46.8097], [-71.2237, 46.8098], [-71.2236, 46.81], [-71.2235, 46.81], [-71.2234, 46.8101], [-71.2233, 46.8102], [-71.2232, 46.8103], [-71.2231, 46.8104], [-71.223, 46.8106], [-71.2229, 46.8108], [-71.2228, 46.811], [-71.2227, 46.8112], [-71.2226, 46.8115], [-71.2225, 46.8118], [-71.2223, 46.812], [-71.2222, 46.8122], [-71.2221, 46.8124], [-71.2219, 46.8126], [-71.2218, 46.8128], [-71.2216, 46.8129], [-71.2214, 46.813], [-71.2212, 46.8131], [-71.2211, 46.8132], [-71.2209, 46.8133], [-71.2207, 46.8133], [-71.2205, 46.8134], [-71.2203, 46.8134], [-71.2201, 46.8133], [-71.2199, 46.8133], [-71.2197, 46.8133], [-71.2196, 46.8133], [-71.2194, 46.8133], [-71.2193, 46.8133], [-71.2193, 46.8134], [-71.2193, 46.8135], [-71.2193, 46.8136], [-71.2193, 46.8137], [-71.2192, 46.8138], [-71.2191, 46.8139], [-71.219, 46.8139], [-71.2188, 46.8139], [-71.2187, 46.8139], [-71.2186, 46.8139], [-71.2185, 46.8139], [-71.2184, 46.8139], [-71.2183, 46.8138], [-71.2182, 46.8137], [-71.2182, 46.8136], [-71.2181, 46.8135], [-71.218, 46.8134], [-71.2178, 46.8134], [-71.2177, 46.8134], [-71.2176, 46.8134], [-71.2174, 46.8134], [-71.2173, 46.8135], [-71.217, 46.8135], [-71.2167, 46.8135], [-71.2163, 46.8135], [-71.2159, 46.8135], [-71.2153, 46.8134], [-71.2147, 46.8134], [-71.2141, 46.8133], [-71.2133, 46.8132], [-71.2126, 46.8131], [-71.2121, 46.8129], [-71.2116, 46.8128], [-71.2113, 46.8127], [-71.211, 46.8125], [-71.2108, 46.8123], [-71.2108, 46.8122], [-71.2108, 46.812], [-71.2108, 46.8118], [-71.2108, 46.8116], [-71.2107, 46.8115], [-71.2107, 46.8113], [-71.2106, 46.8111], [-71.2105, 46.811], [-71.2104, 46.8108], [-71.2103, 46.8107], [-71.2102, 46.8105], [-71.2101, 46.8104], [-71.2101, 46.8102], [-71.2101, 46.8101], [-71.2101, 46.8099], [-71.2101, 46.8098], [-71.2101, 46.8096], [-71.2102, 46.8095], [-71.2103, 46.8094], [-71.2104, 46.8093], [-71.2105, 46.8092], [-71.2106, 46.8091], [-71.2107, 46.809], [-71.2108, 46.8089], [-71.2109, 46.8089], [-71.211, 46.8089], [-71.2111, 46.8088], [-71.2112, 46.8088], [-71.2112, 46.8087], [-71.2112, 46.8086], [-71.2112, 46.8085], [-71.2111, 46.8084], [-71.211, 46.8083], [-71.2109, 46.8081], [-71.2109, 46.808], [-71.2109, 46.8078], [-71.2109, 46.8076], [-71.211, 46.8074], [-71.2111, 46.8071], [-71.2113, 46.8068], [-71.2115, 46.8065], [-71.2117, 46.8062], [-71.2119, 46.806], [-71.2122, 46.8058], [-71.2124, 46.8056], [-71.2126, 46.8055], [-71.2129, 46.8054], [-71.2131, 46.8054], [-71.2134, 46.8054], [-71.2136, 46.8054], [-71.2138, 46.8054], [-71.214, 46.8054], [-71.2142, 46.8054], [-71.2143, 46.8054], [-71.2144, 46.8055], [-71.2145, 46.8055], [-71.2146, 46.8056], [-71.2147, 46.8056], [-71.2148, 46.8056], [-71.215, 46.8055], [-71.2151, 46.8054], [-71.2153, 46.8053], [-71.2155, 46.8051], [-71.2158, 46.805], [-71.216, 46.8048], [-71.2163, 46.8047], [-71.2165, 46.8046], [-71.2168, 46.8045], [-71.2171, 46.8044], [-71.2174, 46.8044], [-71.2178, 46.8044], [-71.2181, 46.8044], [-71.2184, 46.8044], [-71.2188, 46.8045], [-71.219, 46.8045], [-71.2193, 46.8046], [-71.2195, 46.8047], [-71.2198, 46.8048], [-71.22, 46.8049], [-71.2202, 46.805], [-71.2203, 46.8052], [-71.2205, 46.8052], [-71.2207, 46.8053], [-71.2208, 46.8053], [-71.221, 46.8054], [-71.2211, 46.8054], [-71.2212, 46.8053], [-71.2214, 46.8053], [-71.2215, 46.8052], [-71.2216, 46.8052], [-71.2218, 46.8052], [-71.2219, 46.8052], [-71.2221, 46.8052], [-71.2223, 46.8053], [-71.2225, 46.8053], [-71.2227, 46.8054], [-71.2228, 46.8055], [-71.223, 46.8055], [-71.2232, 46.8056], [-71.2233, 46.8056], [-71.2235, 46.8056], [-71.2236, 46.8056], [-71.2237, 46.8056], [-71.2238, 46.8056], [-71.2239, 46.8056], [-71.224, 46.8056], [-71.2241, 46.8057], [-71.2242, 46.8057], [-71.2242, 46.8058], [-71.2243, 46.8059], [-71.2244, 46.8061], [-71.2244, 46.8062], [-71.2244, 46.8064], [-71.2244, 46.8065], [-71.2244, 46.8066], [-71.2243, 46.8067], [-71.2242, 46.8068], [-71.2241, 46.8069], [-71.224, 46.8069]]]}}, {"type": "Feature", "properties": {"couche": "voile", "station": "Colline Parlementaire", "minutes": 9}, "geometry": {"type": "Polygon", "coordinates": [[[-71.3835, 46.9207], [-71.054, 46.9228], [-71.0517, 46.6974], [-71.3798, 46.6953], [-71.3835, 46.9207]], [[-71.2241, 46.8069], [-71.2242, 46.8068], [-71.2243, 46.8067], [-71.2244, 46.8066], [-71.2244, 46.8065], [-71.2244, 46.8064], [-71.2244, 46.8062], [-71.2244, 46.8061], [-71.2243, 46.8059], [-71.2242, 46.8058], [-71.2242, 46.8057], [-71.2241, 46.8057], [-71.224, 46.8056], [-71.2239, 46.8056], [-71.2238, 46.8056], [-71.2237, 46.8056], [-71.2236, 46.8056], [-71.2235, 46.8056], [-71.2233, 46.8056], [-71.2232, 46.8056], [-71.223, 46.8055], [-71.2228, 46.8055], [-71.2227, 46.8054], [-71.2225, 46.8053], [-71.2223, 46.8053], [-71.2221, 46.8052], [-71.2219, 46.8052], [-71.2218, 46.8052], [-71.2216, 46.8052], [-71.2215, 46.8052], [-71.2214, 46.8053], [-71.2212, 46.8053], [-71.2211, 46.8054], [-71.221, 46.8054], [-71.2208, 46.8053], [-71.2207, 46.8053], [-71.2205, 46.8052], [-71.2203, 46.8052], [-71.2202, 46.805], [-71.22, 46.8049], [-71.2198, 46.8048], [-71.2195, 46.8047], [-71.2193, 46.8046], [-71.219, 46.8045], [-71.2188, 46.8045], [-71.2184, 46.8044], [-71.2181, 46.8044], [-71.2178, 46.8044], [-71.2174, 46.8044], [-71.2171, 46.8044], [-71.2168, 46.8045], [-71.2165, 46.8046], [-71.2163, 46.8047], [-71.216, 46.8048], [-71.2158, 46.805], [-71.2155, 46.8051], [-71.2153, 46.8053], [-71.2151, 46.8054], [-71.215, 46.8055], [-71.2148, 46.8056], [-71.2147, 46.8056], [-71.2146, 46.8056], [-71.2145, 46.8055], [-71.2144, 46.8055], [-71.2143, 46.8054], [-71.2142, 46.8054], [-71.214, 46.8054], [-71.2138, 46.8054], [-71.2136, 46.8054], [-71.2134, 46.8054], [-71.2131, 46.8054], [-71.2129, 46.8054], [-71.2126, 46.8055], [-71.2124, 46.8056], [-71.2122, 46.8058], [-71.2119, 46.806], [-71.2117, 46.8062], [-71.2115, 46.8065], [-71.2113, 46.8068], [-71.2111, 46.8071], [-71.211, 46.8074], [-71.2109, 46.8076], [-71.2109, 46.8078], [-71.2109, 46.808], [-71.2109, 46.8081], [-71.211, 46.8083], [-71.2111, 46.8084], [-71.2112, 46.8085], [-71.2112, 46.8086], [-71.2112, 46.8087], [-71.2112, 46.8088], [-71.2111, 46.8088], [-71.211, 46.8089], [-71.2109, 46.8089], [-71.2108, 46.8089], [-71.2107, 46.809], [-71.2106, 46.8091], [-71.2105, 46.8092], [-71.2104, 46.8093], [-71.2103, 46.8094], [-71.2102, 46.8095], [-71.2101, 46.8096], [-71.2101, 46.8098], [-71.2101, 46.8099], [-71.2101, 46.8101], [-71.2101, 46.8102], [-71.2101, 46.8104], [-71.2102, 46.8105], [-71.2103, 46.8107], [-71.2104, 46.8108], [-71.2105, 46.811], [-71.2106, 46.8111], [-71.2107, 46.8113], [-71.2107, 46.8115], [-71.2108, 46.8116], [-71.2108, 46.8118], [-71.2108, 46.812], [-71.2108, 46.8122], [-71.2108, 46.8123], [-71.211, 46.8125], [-71.2113, 46.8127], [-71.2116, 46.8128], [-71.2121, 46.8129], [-71.2126, 46.8131], [-71.2133, 46.8132], [-71.2141, 46.8133], [-71.2147, 46.8134], [-71.2153, 46.8134], [-71.2159, 46.8135], [-71.2163, 46.8135], [-71.2167, 46.8135], [-71.217, 46.8135], [-71.2173, 46.8135], [-71.2174, 46.8134], [-71.2176, 46.8134], [-71.2177, 46.8134], [-71.2178, 46.8134], [-71.218, 46.8134], [-71.2181, 46.8135], [-71.2182, 46.8136], [-71.2182, 46.8137], [-71.2183, 46.8138], [-71.2184, 46.8139], [-71.2185, 46.8139], [-71.2186, 46.8139], [-71.2187, 46.8139], [-71.2188, 46.8139], [-71.219, 46.8139], [-71.2191, 46.8139], [-71.2192, 46.8138], [-71.2193, 46.8137], [-71.2193, 46.8136], [-71.2193, 46.8135], [-71.2193, 46.8134], [-71.2193, 46.8133], [-71.2194, 46.8133], [-71.2196, 46.8133], [-71.2197, 46.8133], [-71.2199, 46.8133], [-71.2201, 46.8133], [-71.2203, 46.8134], [-71.2205, 46.8134], [-71.2207, 46.8133], [-71.2209, 46.8133], [-71.2211, 46.8132], [-71.2212, 46.8131], [-71.2214, 46.813], [-71.2216, 46.8129], [-71.2218, 46.8128], [-71.2219, 46.8126], [-71.2221, 46.8124], [-71.2222, 46.8122], [-71.2223, 46.812], [-71.2225, 46.8118], [-71.2226, 46.8115], [-71.2227, 46.8112], [-71.2228, 46.811], [-71.2229, 46.8108], [-71.223, 46.8106], [-71.2231, 46.8104], [-71.2232, 46.8103], [-71.2233, 46.8102], [-71.2234, 46.8101], [-71.2235, 46.81], [-71.2236, 46.81], [-71.2237, 46.8098], [-71.2238, 46.8097], [-71.2239, 46.8095], [-71.224, 46.8092], [-71.2241, 46.809], [-71.2242, 46.8087], [-71.2242, 46.8084], [-71.2243, 46.8082], [-71.2243, 46.808], [-71.2242, 46.8078], [-71.2242, 46.8077], [-71.2241, 46.8076], [-71.224, 46.8076], [-71.2238, 46.8075], [-71.2237, 46.8075], [-71.2236, 46.8075], [-71.2235, 46.8075], [-71.2234, 46.8074], [-71.2234, 46.8073], [-71.2233, 46.8073], [-71.2233, 46.8072], [-71.2234, 46.8071], [-71.2235, 46.807], [-71.2236, 46.807], [-71.2237, 46.807], [-71.2239, 46.8069], [-71.224, 46.8069], [-71.2241, 46.8069]]]}}, {"type": "Feature", "properties": {"couche": "aire_marche", "station": "Colline Parlementaire", "ordre": 20, "minutes": 10, "superficie_ha": 103.0, "rue_km": 44.63, "disque_ha": 153.9, "part_disque_pct": 67, "accroche_m": 31, "population": 6830, "navetteurs": 2128, "mode_auto_pct": 34, "mode_tc_pct": 23, "mode_actif_pct": 43, "mode_autre_pct": 0}, "geometry": {"type": "Polygon", "coordinates": [[[-71.2248, 46.8076], [-71.2246, 46.8077], [-71.2246, 46.8078], [-71.2245, 46.8078], [-71.2245, 46.8079], [-71.2245, 46.808], [-71.2246, 46.8081], [-71.2247, 46.8081], [-71.2248, 46.8082], [-71.2249, 46.8083], [-71.2249, 46.8084], [-71.2249, 46.8086], [-71.2249, 46.8088], [-71.2248, 46.809], [-71.2247, 46.8092], [-71.2246, 46.8095], [-71.2245, 46.8099], [-71.2243, 46.8102], [-71.2241, 46.8105], [-71.2238, 46.8109], [-71.2236, 46.8113], [-71.2232, 46.8117], [-71.2229, 46.8121], [-71.2225, 46.8125], [-71.2221, 46.8129], [-71.2216, 46.8132], [-71.2211, 46.8135], [-71.2205, 46.8137], [-71.2199, 46.8139], [-71.2193, 46.814], [-71.2186, 46.814], [-71.2179, 46.814], [-71.2172, 46.814], [-71.2166, 46.814], [-71.2161, 46.814], [-71.2157, 46.814], [-71.2154, 46.8139], [-71.2151, 46.8139], [-71.2149, 46.8139], [-71.2148, 46.8139], [-71.2146, 46.8138], [-71.2145, 46.8138], [-71.2145, 46.8137], [-71.2144, 46.8137], [-71.2143, 46.8136], [-71.2143, 46.8135], [-71.2143, 46.8134], [-71.2142, 46.8134], [-71.2141, 46.8134], [-71.214, 46.8134], [-71.2139, 46.8135], [-71.2137, 46.8135], [-71.2136, 46.8136], [-71.2134, 46.8137], [-71.2132, 46.8137], [-71.2129, 46.8138], [-71.2126, 46.8138], [-71.2123, 46.8137], [-71.212, 46.8137], [-71.2116, 46.8136], [-71.2113, 46.8135], [-71.2109, 46.8134], [-71.2107, 46.8132], [-71.2104, 46.8131], [-71.2103, 46.8129], [-71.2102, 46.8127], [-71.2102, 46.8125], [-71.2102, 46.8122], [-71.2103, 46.812], [-71.2103, 46.8117], [-71.2103, 46.8115], [-71.2103, 46.8114], [-71.2103, 46.8112], [-71.2102, 46.8111], [-71.2101, 46.811], [-71.21, 46.8109], [-71.2098, 46.8108], [-71.2097, 46.8108], [-71.2096, 46.8107], [-71.2095, 46.8106], [-71.2094, 46.8105], [-71.2093, 46.8104], [-71.2093, 46.8103], [-71.2093, 46.8102], [-71.2093, 46.8101], [-71.2093, 46.81], [-71.2093, 46.8099], [-71.2094, 46.8099], [-71.2094, 46.8098], [-71.2095, 46.8097], [-71.2096, 46.8097], [-71.2097, 46.8096], [-71.2099, 46.8096], [-71.21, 46.8095], [-71.2101, 46.8094], [-71.2102, 46.8094], [-71.2102, 46.8093], [-71.2102, 46.8091], [-71.2102, 46.809], [-71.2102, 46.8089], [-71.2101, 46.8087], [-71.2101, 46.8085], [-71.2101, 46.8083], [-71.2101, 46.8081], [-71.2102, 46.8079], [-71.2104, 46.8077], [-71.2106, 46.8074], [-71.2108, 46.8071], [-71.211, 46.8069], [-71.2113, 46.8066], [-71.2115, 46.8063], [-71.2116, 46.8061], [-71.2118, 46.8059], [-71.2119, 46.8057], [-71.2119, 46.8055], [-71.212, 46.8054], [-71.212, 46.8053], [-71.212, 46.8051], [-71.2121, 46.805], [-71.2122, 46.805], [-71.2123, 46.805], [-71.2124, 46.805], [-71.2125, 46.8051], [-71.2126, 46.8051], [-71.2127, 46.8052], [-71.2129, 46.8052], [-71.213, 46.8052], [-71.2132, 46.8052], [-71.2133, 46.8052], [-71.2135, 46.8052], [-71.2137, 46.8052], [-71.2139, 46.8051], [-71.214, 46.8051], [-71.2141, 46.8051], [-71.2143, 46.8052], [-71.2144, 46.8052], [-71.2145, 46.8053], [-71.2146, 46.8054], [-71.2147, 46.8055], [-71.2148, 46.8055], [-71.2149, 46.8055], [-71.215, 46.8055], [-71.2152, 46.8055], [-71.2153, 46.8054], [-71.2154, 46.8053], [-71.2156, 46.8053], [-71.2157, 46.8052], [-71.2158, 46.805], [-71.2158, 46.8049], [-71.2159, 46.8048], [-71.2159, 46.8047], [-71.2159, 46.8045], [-71.2159, 46.8044], [-71.216, 46.8043], [-71.2161, 46.8042], [-71.2163, 46.8041], [-71.2166, 46.804], [-71.2169, 46.804], [-71.2173, 46.804], [-71.2177, 46.804], [-71.2183, 46.804], [-71.2187, 46.804], [-71.2191, 46.8041], [-71.2195, 46.8042], [-71.2198, 46.8043], [-71.2201, 46.8044], [-71.2203, 46.8045], [-71.2204, 46.8047], [-71.2205, 46.8049], [-71.2206, 46.805], [-71.2207, 46.8051], [-71.2208, 46.8052], [-71.2209, 46.8052], [-71.221, 46.8052], [-71.2211, 46.8052], [-71.2212, 46.8051], [-71.2213, 46.805], [-71.2214, 46.8049], [-71.2216, 46.8049], [-71.2217, 46.8048], [-71.2218, 46.8048], [-71.2219, 46.8048], [-71.2221, 46.8048], [-71.2222, 46.8049], [-71.2223, 46.805], [-71.2225, 46.805], [-71.2227, 46.8051], [-71.2228, 46.8051], [-71.223, 46.8052], [-71.2233, 46.8052], [-71.2235, 46.8052], [-71.2238, 46.8052], [-71.224, 46.8052], [-71.2243, 46.8052], [-71.2244, 46.8052], [-71.2246, 46.8053], [-71.2246, 46.8054], [-71.2246, 46.8055], [-71.2246, 46.8056], [-71.2244, 46.8058], [-71.2243, 46.8059], [-71.2243, 46.806], [-71.2243, 46.8061], [-71.2243, 46.8062], [-71.2244, 46.8062], [-71.2245, 46.8062], [-71.2246, 46.8062], [-71.2248, 46.8062], [-71.2249, 46.8062], [-71.225, 46.8063], [-71.2251, 46.8063], [-71.2251, 46.8064], [-71.2252, 46.8065], [-71.2252, 46.8067], [-71.2252, 46.8068], [-71.2252, 46.807], [-71.2251, 46.8071], [-71.2251, 46.8072], [-71.225, 46.8073], [-71.225, 46.8074], [-71.2249, 46.8075], [-71.2248, 46.8076]]]}}, {"type": "Feature", "properties": {"couche": "voile", "station": "Colline Parlementaire", "minutes": 10}, "geometry": {"type": "Polygon", "coordinates": [[[-71.3843, 46.9208], [-71.0532, 46.9229], [-71.0509, 46.697], [-71.3806, 46.6949], [-71.3843, 46.9208]], [[-71.2249, 46.8075], [-71.225, 46.8074], [-71.225, 46.8073], [-71.2251, 46.8072], [-71.2251, 46.8071], [-71.2252, 46.807], [-71.2252, 46.8068], [-71.2252, 46.8067], [-71.2252, 46.8065], [-71.2251, 46.8064], [-71.2251, 46.8063], [-71.225, 46.8063], [-71.2249, 46.8062], [-71.2248, 46.8062], [-71.2246, 46.8062], [-71.2245, 46.8062], [-71.2244, 46.8062], [-71.2243, 46.8062], [-71.2243, 46.8061], [-71.2243, 46.806], [-71.2243, 46.8059], [-71.2244, 46.8058], [-71.2246, 46.8056], [-71.2246, 46.8055], [-71.2246, 46.8054], [-71.2246, 46.8053], [-71.2244, 46.8052], [-71.2243, 46.8052], [-71.224, 46.8052], [-71.2238, 46.8052], [-71.2235, 46.8052], [-71.2233, 46.8052], [-71.223, 46.8052], [-71.2228, 46.8051], [-71.2227, 46.8051], [-71.2225, 46.805], [-71.2223, 46.805], [-71.2222, 46.8049], [-71.2221, 46.8048], [-71.2219, 46.8048], [-71.2218, 46.8048], [-71.2217, 46.8048], [-71.2216, 46.8049], [-71.2214, 46.8049], [-71.2213, 46.805], [-71.2212, 46.8051], [-71.2211, 46.8052], [-71.221, 46.8052], [-71.2209, 46.8052], [-71.2208, 46.8052], [-71.2207, 46.8051], [-71.2206, 46.805], [-71.2205, 46.8049], [-71.2204, 46.8047], [-71.2203, 46.8045], [-71.2201, 46.8044], [-71.2198, 46.8043], [-71.2195, 46.8042], [-71.2191, 46.8041], [-71.2187, 46.804], [-71.2183, 46.804], [-71.2177, 46.804], [-71.2173, 46.804], [-71.2169, 46.804], [-71.2166, 46.804], [-71.2163, 46.8041], [-71.2161, 46.8042], [-71.216, 46.8043], [-71.2159, 46.8044], [-71.2159, 46.8045], [-71.2159, 46.8047], [-71.2159, 46.8048], [-71.2158, 46.8049], [-71.2158, 46.805], [-71.2157, 46.8052], [-71.2156, 46.8053], [-71.2154, 46.8053], [-71.2153, 46.8054], [-71.2152, 46.8055], [-71.215, 46.8055], [-71.2149, 46.8055], [-71.2148, 46.8055], [-71.2147, 46.8055], [-71.2146, 46.8054], [-71.2145, 46.8053], [-71.2144, 46.8052], [-71.2143, 46.8052], [-71.2141, 46.8051], [-71.214, 46.8051], [-71.2139, 46.8051], [-71.2137, 46.8052], [-71.2135, 46.8052], [-71.2133, 46.8052], [-71.2132, 46.8052], [-71.213, 46.8052], [-71.2129, 46.8052], [-71.2127, 46.8052], [-71.2126, 46.8051], [-71.2125, 46.8051], [-71.2124, 46.805], [-71.2123, 46.805], [-71.2122, 46.805], [-71.2121, 46.805], [-71.212, 46.8051], [-71.212, 46.8053], [-71.212, 46.8054], [-71.2119, 46.8055], [-71.2119, 46.8057], [-71.2118, 46.8059], [-71.2116, 46.8061], [-71.2115, 46.8063], [-71.2113, 46.8066], [-71.211, 46.8069], [-71.2108, 46.8071], [-71.2106, 46.8074], [-71.2104, 46.8077], [-71.2102, 46.8079], [-71.2101, 46.8081], [-71.2101, 46.8083], [-71.2101, 46.8085], [-71.2101, 46.8087], [-71.2102, 46.8089], [-71.2102, 46.809], [-71.2102, 46.8091], [-71.2102, 46.8093], [-71.2102, 46.8094], [-71.2101, 46.8094], [-71.21, 46.8095], [-71.2099, 46.8096], [-71.2097, 46.8096], [-71.2096, 46.8097], [-71.2095, 46.8097], [-71.2094, 46.8098], [-71.2094, 46.8099], [-71.2093, 46.8099], [-71.2093, 46.81], [-71.2093, 46.8101], [-71.2093, 46.8102], [-71.2093, 46.8103], [-71.2093, 46.8104], [-71.2094, 46.8105], [-71.2095, 46.8106], [-71.2096, 46.8107], [-71.2097, 46.8108], [-71.2098, 46.8108], [-71.21, 46.8109], [-71.2101, 46.811], [-71.2102, 46.8111], [-71.2103, 46.8112], [-71.2103, 46.8114], [-71.2103, 46.8115], [-71.2103, 46.8117], [-71.2103, 46.812], [-71.2102, 46.8122], [-71.2102, 46.8125], [-71.2102, 46.8127], [-71.2103, 46.8129], [-71.2104, 46.8131], [-71.2107, 46.8132], [-71.2109, 46.8134], [-71.2113, 46.8135], [-71.2116, 46.8136], [-71.212, 46.8137], [-71.2123, 46.8137], [-71.2126, 46.8138], [-71.2129, 46.8138], [-71.2132, 46.8137], [-71.2134, 46.8137], [-71.2136, 46.8136], [-71.2137, 46.8135], [-71.2139, 46.8135], [-71.214, 46.8134], [-71.2141, 46.8134], [-71.2142, 46.8134], [-71.2143, 46.8134], [-71.2143, 46.8135], [-71.2143, 46.8136], [-71.2144, 46.8137], [-71.2145, 46.8137], [-71.2145, 46.8138], [-71.2146, 46.8138], [-71.2148, 46.8139], [-71.2149, 46.8139], [-71.2151, 46.8139], [-71.2154, 46.8139], [-71.2157, 46.814], [-71.2161, 46.814], [-71.2166, 46.814], [-71.2172, 46.814], [-71.2179, 46.814], [-71.2186, 46.814], [-71.2193, 46.814], [-71.2199, 46.8139], [-71.2205, 46.8137], [-71.2211, 46.8135], [-71.2216, 46.8132], [-71.2221, 46.8129], [-71.2225, 46.8125], [-71.2229, 46.8121], [-71.2232, 46.8117], [-71.2236, 46.8113], [-71.2238, 46.8109], [-71.2241, 46.8105], [-71.2243, 46.8102], [-71.2245, 46.8099], [-71.2246, 46.8095], [-71.2247, 46.8092], [-71.2248, 46.809], [-71.2249, 46.8088], [-71.2249, 46.8086], [-71.2249, 46.8084], [-71.2249, 46.8083], [-71.2248, 46.8082], [-71.2247, 46.8081], [-71.2246, 46.8081], [-71.2245, 46.808], [-71.2245, 46.8079], [-71.2245, 46.8078], [-71.2246, 46.8078], [-71.2246, 46.8077], [-71.2248, 46.8076], [-71.2249, 46.8075]]]}}, {"type": "Feature", "properties": {"couche": "aire_marche", "station": "Colline Parlementaire", "ordre": 20, "minutes": 11, "superficie_ha": 125.5, "rue_km": 52.26, "disque_ha": 186.3, "part_disque_pct": 67, "accroche_m": 31, "population": 8300, "navetteurs": 2585, "mode_auto_pct": 35, "mode_tc_pct": 23, "mode_actif_pct": 42, "mode_autre_pct": 0}, "geometry": {"type": "Polygon", "coordinates": [[[-71.2191, 46.8035], [-71.2195, 46.8035], [-71.2199, 46.8036], [-71.2202, 46.8037], [-71.2206, 46.8037], [-71.2208, 46.8038], [-71.2211, 46.8039], [-71.2213, 46.804], [-71.2215, 46.8042], [-71.2217, 46.8043], [-71.2218, 46.8044], [-71.222, 46.8045], [-71.2221, 46.8046], [-71.2222, 46.8046], [-71.2223, 46.8046], [-71.2224, 46.8046], [-71.2225, 46.8046], [-71.2226, 46.8046], [-71.2227, 46.8046], [-71.2228, 46.8046], [-71.223, 46.8046], [-71.2232, 46.8046], [-71.2235, 46.8046], [-71.2238, 46.8046], [-71.2241, 46.8047], [-71.2245, 46.8048], [-71.2248, 46.8048], [-71.2251, 46.8049], [-71.2252, 46.805], [-71.2253, 46.8051], [-71.2253, 46.8053], [-71.2252, 46.8054], [-71.2251, 46.8055], [-71.2248, 46.8057], [-71.2246, 46.8058], [-71.2245, 46.8059], [-71.2244, 46.806], [-71.2245, 46.806], [-71.2246, 46.806], [-71.2247, 46.8059], [-71.2249, 46.8058], [-71.225, 46.8058], [-71.2252, 46.8057], [-71.2253, 46.8057], [-71.2254, 46.8057], [-71.2255, 46.8057], [-71.2256, 46.8057], [-71.2257, 46.8058], [-71.2258, 46.806], [-71.2258, 46.8062], [-71.2258, 46.8064], [-71.2258, 46.8067], [-71.2258, 46.8071], [-71.2257, 46.8075], [-71.2257, 46.808], [-71.2256, 46.8085], [-71.2255, 46.8089], [-71.2253, 46.8093], [-71.2252, 46.8098], [-71.225, 46.8102], [-71.2248, 46.8106], [-71.2246, 46.8109], [-71.2244, 46.8113], [-71.2241, 46.8116], [-71.2239, 46.8119], [-71.2237, 46.8121], [-71.2235, 46.8124], [-71.2233, 46.8125], [-71.2232, 46.8127], [-71.223, 46.8128], [-71.2228, 46.8128], [-71.2227, 46.8129], [-71.2226, 46.813], [-71.2224, 46.8131], [-71.2223, 46.8132], [-71.2222, 46.8134], [-71.2221, 46.8135], [-71.222, 46.8137], [-71.222, 46.8139], [-71.2219, 46.8141], [-71.2218, 46.8142], [-71.2217, 46.8143], [-71.2216, 46.8144], [-71.2215, 46.8145], [-71.2214, 46.8145], [-71.2213, 46.8146], [-71.2212, 46.8146], [-71.2211, 46.8146], [-71.2211, 46.8145], [-71.221, 46.8145], [-71.2209, 46.8145], [-71.2208, 46.8144], [-71.2207, 46.8143], [-71.2206, 46.8142], [-71.2205, 46.8142], [-71.2204, 46.8143], [-71.2204, 46.8144], [-71.2204, 46.8145], [-71.2203, 46.8146], [-71.2202, 46.8146], [-71.2201, 46.8147], [-71.2199, 46.8147], [-71.2198, 46.8146], [-71.2195, 46.8146], [-71.2193, 46.8145], [-71.2191, 46.8144], [-71.2188, 46.8144], [-71.2185, 46.8143], [-71.2183, 46.8143], [-71.218, 46.8142], [-71.2177, 46.8142], [-71.2174, 46.8143], [-71.2171, 46.8143], [-71.2169, 46.8143], [-71.2166, 46.8144], [-71.2163, 46.8144], [-71.2161, 46.8144], [-71.2159, 46.8144], [-71.2157, 46.8144], [-71.2155, 46.8143], [-71.2153, 46.8143], [-71.2151, 46.8142], [-71.215, 46.8142], [-71.2148, 46.8141], [-71.2146, 46.8141], [-71.2145, 46.8141], [-71.2143, 46.8141], [-71.2141, 46.8142], [-71.2139, 46.8142], [-71.2137, 46.8143], [-71.2135, 46.8143], [-71.2133, 46.8144], [-71.213, 46.8144], [-71.2126, 46.8143], [-71.2122, 46.8143], [-71.2118, 46.8142], [-71.2114, 46.814], [-71.2109, 46.8139], [-71.2105, 46.8137], [-71.2101, 46.8136], [-71.2099, 46.8134], [-71.2097, 46.8132], [-71.2096, 46.8131], [-71.2095, 46.8129], [-71.2095, 46.8127], [-71.2096, 46.8125], [-71.2097, 46.8123], [-71.2097, 46.8121], [-71.2097, 46.8119], [-71.2097, 46.8118], [-71.2096, 46.8116], [-71.2095, 46.8115], [-71.2093, 46.8114], [-71.2092, 46.8113], [-71.209, 46.8112], [-71.2089, 46.8111], [-71.2088, 46.811], [-71.2087, 46.8109], [-71.2087, 46.8108], [-71.2087, 46.8107], [-71.2087, 46.8105], [-71.2088, 46.8104], [-71.2088, 46.8103], [-71.2089, 46.8102], [-71.2089, 46.8101], [-71.2089, 46.81], [-71.2089, 46.8099], [-71.2088, 46.8098], [-71.2088, 46.8097], [-71.2087, 46.8097], [-71.2087, 46.8096], [-71.2087, 46.8095], [-71.2088, 46.8095], [-71.2089, 46.8095], [-71.209, 46.8094], [-71.2091, 46.8094], [-71.2093, 46.8094], [-71.2096, 46.8094], [-71.2098, 46.8094], [-71.2099, 46.8094], [-71.2101, 46.8094], [-71.2102, 46.8094], [-71.2103, 46.8093], [-71.2103, 46.8092], [-71.2103, 46.8091], [-71.2102, 46.8091], [-71.2102, 46.809], [-71.2101, 46.809], [-71.21, 46.809], [-71.2099, 46.8089], [-71.2098, 46.8089], [-71.2097, 46.8089], [-71.2096, 46.8089], [-71.2095, 46.8089], [-71.2094, 46.8088], [-71.2094, 46.8087], [-71.2093, 46.8087], [-71.2093, 46.8086], [-71.2093, 46.8084], [-71.2093, 46.8083], [-71.2093, 46.8082], [-71.2093, 46.808], [-71.2093, 46.8079], [-71.2093, 46.8077], [-71.2094, 46.8076], [-71.2095, 46.8074], [-71.2096, 46.8072], [-71.2097, 46.807], [-71.2098, 46.8069], [-71.2099, 46.8068], [-71.21, 46.8066], [-71.2101, 46.8066], [-71.2103, 46.8065], [-71.2104, 46.8065], [-71.2105, 46.8065], [-71.2107, 46.8065], [-71.2108, 46.8065], [-71.211, 46.8065], [-71.2111, 46.8065], [-71.2112, 46.8065], [-71.2113, 46.8064], [-71.2115, 46.8064], [-71.2116, 46.8063], [-71.2116, 46.8062], [-71.2117, 46.8061], [-71.2118, 46.806], [-71.2118, 46.8058], [-71.2119, 46.8057], [-71.2119, 46.8055], [-71.2119, 46.8054], [-71.2119, 46.8052], [-71.2119, 46.805], [-71.2119, 46.8048], [-71.212, 46.8047], [-71.212, 46.8045], [-71.2121, 46.8044], [-71.2122, 46.8043], [-71.2123, 46.8043], [-71.2124, 46.8043], [-71.2125, 46.8043], [-71.2126, 46.8043], [-71.2126, 46.8044], [-71.2127, 46.8044], [-71.2127, 46.8045], [-71.2127, 46.8046], [-71.2127, 46.8047], [-71.2127, 46.8048], [-71.2127, 46.8049], [-71.2127, 46.805], [-71.2128, 46.805], [-71.2128, 46.8051], [-71.2128, 46.8052], [-71.2129, 46.8052], [-71.2129, 46.8051], [-71.2129, 46.805], [-71.213, 46.8049], [-71.213, 46.8048], [-71.2131, 46.8047], [-71.2132, 46.8046], [-71.2133, 46.8046], [-71.2134, 46.8046], [-71.2135, 46.8047], [-71.2137, 46.8047], [-71.2138, 46.8047], [-71.2139, 46.8048], [-71.2141, 46.8048], [-71.2142, 46.8048], [-71.2144, 46.8047], [-71.2146, 46.8047], [-71.2147, 46.8047], [-71.2149, 46.8046], [-71.215, 46.8045], [-71.2152, 46.8045], [-71.2152, 46.8044], [-71.2153, 46.8044], [-71.2153, 46.8043], [-71.2152, 46.8042], [-71.2151, 46.8042], [-71.2151, 46.8041], [-71.215, 46.8041], [-71.215, 46.804], [-71.215, 46.8039], [-71.215, 46.8038], [-71.2151, 46.8037], [-71.2152, 46.8037], [-71.2153, 46.8037], [-71.2154, 46.8037], [-71.2155, 46.8037], [-71.2156, 46.8037], [-71.2158, 46.8037], [-71.2159, 46.8038], [-71.2161, 46.8038], [-71.2162, 46.8038], [-71.2164, 46.8038], [-71.2165, 46.8038], [-71.2167, 46.8038], [-71.2168, 46.8038], [-71.217, 46.8037], [-71.2171, 46.8036], [-71.2173, 46.8036], [-71.2175, 46.8035], [-71.2178, 46.8035], [-71.218, 46.8035], [-71.2184, 46.8035], [-71.2187, 46.8035], [-71.2191, 46.8035]]]}}, {"type": "Feature", "properties": {"couche": "voile", "station": "Colline Parlementaire", "minutes": 11}, "geometry": {"type": "Polygon", "coordinates": [[[-71.3849, 46.9215], [-71.0526, 46.9236], [-71.0503, 46.6965], [-71.3812, 46.6944], [-71.3849, 46.9215]], [[-71.2187, 46.8035], [-71.2184, 46.8035], [-71.218, 46.8035], [-71.2178, 46.8035], [-71.2175, 46.8035], [-71.2173, 46.8036], [-71.2171, 46.8036], [-71.217, 46.8037], [-71.2168, 46.8038], [-71.2167, 46.8038], [-71.2165, 46.8038], [-71.2164, 46.8038], [-71.2162, 46.8038], [-71.2161, 46.8038], [-71.2159, 46.8038], [-71.2158, 46.8037], [-71.2156, 46.8037], [-71.2155, 46.8037], [-71.2154, 46.8037], [-71.2153, 46.8037], [-71.2152, 46.8037], [-71.2151, 46.8037], [-71.215, 46.8038], [-71.215, 46.8039], [-71.215, 46.804], [-71.215, 46.8041], [-71.2151, 46.8041], [-71.2151, 46.8042], [-71.2152, 46.8042], [-71.2153, 46.8043], [-71.2153, 46.8044], [-71.2152, 46.8044], [-71.2152, 46.8045], [-71.215, 46.8045], [-71.2149, 46.8046], [-71.2147, 46.8047], [-71.2146, 46.8047], [-71.2144, 46.8047], [-71.2142, 46.8048], [-71.2141, 46.8048], [-71.2139, 46.8048], [-71.2138, 46.8047], [-71.2137, 46.8047], [-71.2135, 46.8047], [-71.2134, 46.8046], [-71.2133, 46.8046], [-71.2132, 46.8046], [-71.2131, 46.8047], [-71.213, 46.8048], [-71.213, 46.8049], [-71.2129, 46.805], [-71.2129, 46.8051], [-71.2129, 46.8052], [-71.2128, 46.8052], [-71.2128, 46.8051], [-71.2128, 46.805], [-71.2127, 46.805], [-71.2127, 46.8049], [-71.2127, 46.8048], [-71.2127, 46.8047], [-71.2127, 46.8046], [-71.2127, 46.8045], [-71.2127, 46.8044], [-71.2126, 46.8044], [-71.2126, 46.8043], [-71.2125, 46.8043], [-71.2124, 46.8043], [-71.2123, 46.8043], [-71.2122, 46.8043], [-71.2121, 46.8044], [-71.212, 46.8045], [-71.212, 46.8047], [-71.2119, 46.8048], [-71.2119, 46.805], [-71.2119, 46.8052], [-71.2119, 46.8054], [-71.2119, 46.8055], [-71.2119, 46.8057], [-71.2118, 46.8058], [-71.2118, 46.806], [-71.2117, 46.8061], [-71.2116, 46.8062], [-71.2116, 46.8063], [-71.2115, 46.8064], [-71.2113, 46.8064], [-71.2112, 46.8065], [-71.2111, 46.8065], [-71.211, 46.8065], [-71.2108, 46.8065], [-71.2107, 46.8065], [-71.2105, 46.8065], [-71.2104, 46.8065], [-71.2103, 46.8065], [-71.2101, 46.8066], [-71.21, 46.8066], [-71.2099, 46.8068], [-71.2098, 46.8069], [-71.2097, 46.807], [-71.2096, 46.8072], [-71.2095, 46.8074], [-71.2094, 46.8076], [-71.2093, 46.8077], [-71.2093, 46.8079], [-71.2093, 46.808], [-71.2093, 46.8082], [-71.2093, 46.8083], [-71.2093, 46.8084], [-71.2093, 46.8086], [-71.2093, 46.8087], [-71.2094, 46.8087], [-71.2094, 46.8088], [-71.2095, 46.8089], [-71.2096, 46.8089], [-71.2097, 46.8089], [-71.2098, 46.8089], [-71.2099, 46.8089], [-71.21, 46.809], [-71.2101, 46.809], [-71.2102, 46.809], [-71.2102, 46.8091], [-71.2103, 46.8091], [-71.2103, 46.8092], [-71.2103, 46.8093], [-71.2102, 46.8094], [-71.2101, 46.8094], [-71.2099, 46.8094], [-71.2098, 46.8094], [-71.2096, 46.8094], [-71.2093, 46.8094], [-71.2091, 46.8094], [-71.209, 46.8094], [-71.2089, 46.8095], [-71.2088, 46.8095], [-71.2087, 46.8095], [-71.2087, 46.8096], [-71.2087, 46.8097], [-71.2088, 46.8097], [-71.2088, 46.8098], [-71.2089, 46.8099], [-71.2089, 46.81], [-71.2089, 46.8101], [-71.2089, 46.8102], [-71.2088, 46.8103], [-71.2088, 46.8104], [-71.2087, 46.8105], [-71.2087, 46.8107], [-71.2087, 46.8108], [-71.2087, 46.8109], [-71.2088, 46.811], [-71.2089, 46.8111], [-71.209, 46.8112], [-71.2092, 46.8113], [-71.2093, 46.8114], [-71.2095, 46.8115], [-71.2096, 46.8116], [-71.2097, 46.8118], [-71.2097, 46.8119], [-71.2097, 46.8121], [-71.2097, 46.8123], [-71.2096, 46.8125], [-71.2095, 46.8127], [-71.2095, 46.8129], [-71.2096, 46.8131], [-71.2097, 46.8132], [-71.2099, 46.8134], [-71.2101, 46.8136], [-71.2105, 46.8137], [-71.2109, 46.8139], [-71.2114, 46.814], [-71.2118, 46.8142], [-71.2122, 46.8143], [-71.2126, 46.8143], [-71.213, 46.8144], [-71.2133, 46.8144], [-71.2135, 46.8143], [-71.2137, 46.8143], [-71.2139, 46.8142], [-71.2141, 46.8142], [-71.2143, 46.8141], [-71.2145, 46.8141], [-71.2146, 46.8141], [-71.2148, 46.8141], [-71.215, 46.8142], [-71.2151, 46.8142], [-71.2153, 46.8143], [-71.2155, 46.8143], [-71.2157, 46.8144], [-71.2159, 46.8144], [-71.2161, 46.8144], [-71.2163, 46.8144], [-71.2166, 46.8144], [-71.2169, 46.8143], [-71.2171, 46.8143], [-71.2174, 46.8143], [-71.2177, 46.8142], [-71.218, 46.8142], [-71.2183, 46.8143], [-71.2185, 46.8143], [-71.2188, 46.8144], [-71.2191, 46.8144], [-71.2193, 46.8145], [-71.2195, 46.8146], [-71.2198, 46.8146], [-71.2199, 46.8147], [-71.2201, 46.8147], [-71.2202, 46.8146], [-71.2203, 46.8146], [-71.2204, 46.8145], [-71.2204, 46.8144], [-71.2204, 46.8143], [-71.2205, 46.8142], [-71.2206, 46.8142], [-71.2207, 46.8143], [-71.2208, 46.8144], [-71.2209, 46.8145], [-71.221, 46.8145], [-71.2211, 46.8145], [-71.2211, 46.8146], [-71.2212, 46.8146], [-71.2213, 46.8146], [-71.2214, 46.8145], [-71.2215, 46.8145], [-71.2216, 46.8144], [-71.2217, 46.8143], [-71.2218, 46.8142], [-71.2219, 46.8141], [-71.222, 46.8139], [-71.222, 46.8137], [-71.2221, 46.8135], [-71.2222, 46.8134], [-71.2223, 46.8132], [-71.2224, 46.8131], [-71.2226, 46.813], [-71.2227, 46.8129], [-71.2228, 46.8128], [-71.223, 46.8128], [-71.2232, 46.8127], [-71.2233, 46.8125], [-71.2235, 46.8124], [-71.2237, 46.8121], [-71.2239, 46.8119], [-71.2241, 46.8116], [-71.2244, 46.8113], [-71.2246, 46.8109], [-71.2248, 46.8106], [-71.225, 46.8102], [-71.2252, 46.8098], [-71.2253, 46.8093], [-71.2255, 46.8089], [-71.2256, 46.8085], [-71.2257, 46.808], [-71.2257, 46.8075], [-71.2258, 46.8071], [-71.2258, 46.8067], [-71.2258, 46.8064], [-71.2258, 46.8062], [-71.2258, 46.806], [-71.2257, 46.8058], [-71.2256, 46.8057], [-71.2255, 46.8057], [-71.2254, 46.8057], [-71.2253, 46.8057], [-71.2252, 46.8057], [-71.225, 46.8058], [-71.2249, 46.8058], [-71.2247, 46.8059], [-71.2246, 46.806], [-71.2245, 46.806], [-71.2244, 46.806], [-71.2245, 46.8059], [-71.2246, 46.8058], [-71.2248, 46.8057], [-71.2251, 46.8055], [-71.2252, 46.8054], [-71.2253, 46.8053], [-71.2253, 46.8051], [-71.2252, 46.805], [-71.2251, 46.8049], [-71.2248, 46.8048], [-71.2245, 46.8048], [-71.2241, 46.8047], [-71.2238, 46.8046], [-71.2235, 46.8046], [-71.2232, 46.8046], [-71.223, 46.8046], [-71.2228, 46.8046], [-71.2227, 46.8046], [-71.2226, 46.8046], [-71.2225, 46.8046], [-71.2224, 46.8046], [-71.2223, 46.8046], [-71.2222, 46.8046], [-71.2221, 46.8046], [-71.222, 46.8045], [-71.2218, 46.8044], [-71.2217, 46.8043], [-71.2215, 46.8042], [-71.2213, 46.804], [-71.2211, 46.8039], [-71.2208, 46.8038], [-71.2206, 46.8037], [-71.2202, 46.8037], [-71.2199, 46.8036], [-71.2195, 46.8035], [-71.2191, 46.8035], [-71.2187, 46.8035]]]}}, {"type": "Feature", "properties": {"couche": "aire_marche", "station": "Colline Parlementaire", "ordre": 20, "minutes": 12, "superficie_ha": 145.6, "rue_km": 60.21, "disque_ha": 221.7, "part_disque_pct": 66, "accroche_m": 31, "population": 9412, "navetteurs": 2963, "mode_auto_pct": 36, "mode_tc_pct": 22, "mode_actif_pct": 42, "mode_autre_pct": 0}, "geometry": {"type": "Polygon", "coordinates": [[[-71.2262, 46.8069], [-71.2262, 46.8076], [-71.2261, 46.8083], [-71.226, 46.8088], [-71.2259, 46.8094], [-71.2258, 46.8098], [-71.2256, 46.8102], [-71.2254, 46.8105], [-71.2252, 46.8107], [-71.2249, 46.8108], [-71.2247, 46.811], [-71.2245, 46.8111], [-71.2244, 46.8112], [-71.2243, 46.8113], [-71.2243, 46.8114], [-71.2243, 46.8115], [-71.2243, 46.8116], [-71.2244, 46.8117], [-71.2244, 46.8118], [-71.2244, 46.812], [-71.2243, 46.8122], [-71.2242, 46.8124], [-71.224, 46.8127], [-71.2238, 46.813], [-71.2235, 46.8134], [-71.2232, 46.8138], [-71.2229, 46.8141], [-71.2226, 46.8144], [-71.2223, 46.8147], [-71.2221, 46.8148], [-71.2219, 46.815], [-71.2218, 46.8151], [-71.2216, 46.8151], [-71.2215, 46.8151], [-71.2214, 46.8151], [-71.2213, 46.815], [-71.2212, 46.8151], [-71.2211, 46.8151], [-71.221, 46.8151], [-71.2209, 46.8152], [-71.2208, 46.8152], [-71.2207, 46.8153], [-71.2206, 46.8153], [-71.2204, 46.8153], [-71.2203, 46.8153], [-71.2201, 46.8153], [-71.2198, 46.8153], [-71.2196, 46.8152], [-71.2193, 46.8152], [-71.2191, 46.8151], [-71.2189, 46.8151], [-71.2187, 46.815], [-71.2185, 46.8149], [-71.2184, 46.8148], [-71.2182, 46.8148], [-71.2181, 46.8147], [-71.2181, 46.8146], [-71.218, 46.8145], [-71.2179, 46.8145], [-71.2178, 46.8144], [-71.2177, 46.8145], [-71.2176, 46.8145], [-71.2175, 46.8146], [-71.2174, 46.8148], [-71.2173, 46.8149], [-71.2171, 46.8149], [-71.217, 46.815], [-71.2168, 46.815], [-71.2166, 46.8151], [-71.2164, 46.8151], [-71.2162, 46.8151], [-71.216, 46.8151], [-71.2158, 46.815], [-71.2156, 46.815], [-71.2154, 46.8149], [-71.2152, 46.8149], [-71.2151, 46.8148], [-71.215, 46.8147], [-71.2149, 46.8146], [-71.2148, 46.8144], [-71.2147, 46.8143], [-71.2146, 46.8143], [-71.2146, 46.8142], [-71.2145, 46.8142], [-71.2144, 46.8143], [-71.2143, 46.8144], [-71.2143, 46.8145], [-71.2142, 46.8146], [-71.2141, 46.8147], [-71.2141, 46.8148], [-71.214, 46.8148], [-71.2138, 46.8149], [-71.2137, 46.8149], [-71.2136, 46.8149], [-71.2134, 46.815], [-71.2132, 46.815], [-71.2131, 46.8149], [-71.2129, 46.8149], [-71.2127, 46.8148], [-71.2125, 46.8148], [-71.2123, 46.8147], [-71.2121, 46.8146], [-71.2119, 46.8145], [-71.2117, 46.8144], [-71.2115, 46.8144], [-71.2114, 46.8143], [-71.2112, 46.8143], [-71.211, 46.8142], [-71.2108, 46.8142], [-71.2107, 46.8142], [-71.2105, 46.8143], [-71.2104, 46.8143], [-71.2103, 46.8143], [-71.2102, 46.8142], [-71.2101, 46.8142], [-71.2101, 46.8141], [-71.2102, 46.814], [-71.2102, 46.8139], [-71.2102, 46.8138], [-71.2102, 46.8137], [-71.2102, 46.8136], [-71.2101, 46.8136], [-71.2099, 46.8135], [-71.2097, 46.8135], [-71.2095, 46.8134], [-71.2092, 46.8134], [-71.209, 46.8134], [-71.2088, 46.8133], [-71.2087, 46.8132], [-71.2087, 46.8131], [-71.2087, 46.813], [-71.2088, 46.8128], [-71.209, 46.8126], [-71.2092, 46.8124], [-71.2094, 46.8123], [-71.2095, 46.8121], [-71.2095, 46.812], [-71.2095, 46.8118], [-71.2094, 46.8117], [-71.2093, 46.8117], [-71.2091, 46.8116], [-71.2088, 46.8116], [-71.2086, 46.8115], [-71.2084, 46.8114], [-71.2082, 46.8113], [-71.208, 46.8111], [-71.2079, 46.811], [-71.2078, 46.8107], [-71.2078, 46.8105], [-71.2077, 46.8102], [-71.2077, 46.81], [-71.2077, 46.8098], [-71.2078, 46.8096], [-71.2078, 46.8094], [-71.2079, 46.8093], [-71.208, 46.8092], [-71.2081, 46.8091], [-71.2083, 46.8091], [-71.2084, 46.809], [-71.2085, 46.809], [-71.2086, 46.8089], [-71.2087, 46.8088], [-71.2087, 46.8087], [-71.2087, 46.8085], [-71.2088, 46.8084], [-71.2088, 46.8082], [-71.2088, 46.8081], [-71.2088, 46.8079], [-71.2088, 46.8078], [-71.2089, 46.8077], [-71.2089, 46.8076], [-71.209, 46.8075], [-71.2091, 46.8074], [-71.2092, 46.8073], [-71.2093, 46.8072], [-71.2094, 46.8071], [-71.2094, 46.807], [-71.2094, 46.8069], [-71.2093, 46.8068], [-71.2092, 46.8068], [-71.2092, 46.8067], [-71.2091, 46.8067], [-71.2091, 46.8066], [-71.2091, 46.8065], [-71.2091, 46.8064], [-71.2091, 46.8063], [-71.2092, 46.8062], [-71.2093, 46.8061], [-71.2094, 46.806], [-71.2095, 46.806], [-71.2097, 46.8059], [-71.2098, 46.8059], [-71.2099, 46.8058], [-71.2101, 46.8058], [-71.2102, 46.8058], [-71.2103, 46.8058], [-71.2105, 46.8059], [-71.2106, 46.8059], [-71.2107, 46.806], [-71.2108, 46.8061], [-71.2109, 46.8062], [-71.211, 46.8063], [-71.2111, 46.8064], [-71.2112, 46.8064], [-71.2113, 46.8064], [-71.2114, 46.8064], [-71.2115, 46.8063], [-71.2116, 46.8063], [-71.2116, 46.8062], [-71.2117, 46.8061], [-71.2118, 46.8059], [-71.2119, 46.8058], [-71.2119, 46.8056], [-71.2119, 46.8054], [-71.212, 46.8052], [-71.212, 46.805], [-71.212, 46.8047], [-71.212, 46.8045], [-71.2121, 46.8043], [-71.2121, 46.8041], [-71.2122, 46.804], [-71.2123, 46.8039], [-71.2124, 46.8038], [-71.2126, 46.8038], [-71.2127, 46.8038], [-71.2129, 46.8038], [-71.2131, 46.8038], [-71.2132, 46.8039], [-71.2133, 46.804], [-71.2134, 46.804], [-71.2136, 46.8041], [-71.2137, 46.8043], [-71.2138, 46.8044], [-71.2139, 46.8045], [-71.214, 46.8046], [-71.2141, 46.8047], [-71.2143, 46.8047], [-71.2144, 46.8047], [-71.2146, 46.8047], [-71.2147, 46.8047], [-71.2149, 46.8046], [-71.215, 46.8045], [-71.2152, 46.8045], [-71.2152, 46.8044], [-71.2153, 46.8044], [-71.2153, 46.8043], [-71.2152, 46.8042], [-71.2151, 46.8041], [-71.215, 46.804], [-71.2149, 46.8039], [-71.2149, 46.8038], [-71.2149, 46.8037], [-71.2149, 46.8036], [-71.215, 46.8035], [-71.2151, 46.8034], [-71.2152, 46.8033], [-71.2153, 46.8033], [-71.2155, 46.8033], [-71.2156, 46.8033], [-71.2157, 46.8034], [-71.2158, 46.8034], [-71.216, 46.8036], [-71.2161, 46.8036], [-71.2163, 46.8037], [-71.2165, 46.8037], [-71.2166, 46.8037], [-71.2169, 46.8037], [-71.2171, 46.8036], [-71.2173, 46.8035], [-71.2175, 46.8034], [-71.2178, 46.8033], [-71.218, 46.8032], [-71.2182, 46.8031], [-71.2184, 46.8031], [-71.2186, 46.803], [-71.2189, 46.803], [-71.2191, 46.803], [-71.2192, 46.8031], [-71.2194, 46.8031], [-71.2196, 46.8032], [-71.2197, 46.8032], [-71.2198, 46.8033], [-71.2199, 46.8033], [-71.2199, 46.8034], [-71.2199, 46.8035], [-71.2199, 46.8036], [-71.22, 46.8037], [-71.2201, 46.8037], [-71.2202, 46.8037], [-71.2203, 46.8037], [-71.2205, 46.8037], [-71.2207, 46.8036], [-71.2209, 46.8035], [-71.2211, 46.8035], [-71.2212, 46.8034], [-71.2213, 46.8034], [-71.2214, 46.8034], [-71.2215, 46.8035], [-71.2215, 46.8036], [-71.2215, 46.8037], [-71.2215, 46.8038], [-71.2215, 46.8039], [-71.2216, 46.804], [-71.2217, 46.804], [-71.2218, 46.804], [-71.222, 46.804], [-71.2221, 46.804], [-71.2222, 46.8041], [-71.2224, 46.8041], [-71.2225, 46.8042], [-71.2226, 46.8042], [-71.2228, 46.8043], [-71.2229, 46.8044], [-71.223, 46.8045], [-71.2232, 46.8046], [-71.2233, 46.8046], [-71.2235, 46.8047], [-71.2236, 46.8047], [-71.2238, 46.8047], [-71.2239, 46.8046], [-71.2241, 46.8046], [-71.2243, 46.8045], [-71.2245, 46.8044], [-71.2247, 46.8043], [-71.2248, 46.8043], [-71.225, 46.8043], [-71.2252, 46.8042], [-71.2254, 46.8042], [-71.2255, 46.8042], [-71.2257, 46.8042], [-71.2258, 46.8043], [-71.226, 46.8045], [-71.2261, 46.8048], [-71.2261, 46.8052], [-71.2262, 46.8057], [-71.2262, 46.8062], [-71.2262, 46.8069]]]}}, {"type": "Feature", "properties": {"couche": "voile", "station": "Colline Parlementaire", "minutes": 12}, "geometry": {"type": "Polygon", "coordinates": [[[-71.3853, 46.9221], [-71.0516, 46.9242], [-71.0493, 46.696], [-71.3816, 46.6939], [-71.3853, 46.9221]], [[-71.2262, 46.8062], [-71.2262, 46.8057], [-71.2261, 46.8052], [-71.2261, 46.8048], [-71.226, 46.8045], [-71.2258, 46.8043], [-71.2257, 46.8042], [-71.2255, 46.8042], [-71.2254, 46.8042], [-71.2252, 46.8042], [-71.225, 46.8043], [-71.2248, 46.8043], [-71.2247, 46.8043], [-71.2245, 46.8044], [-71.2243, 46.8045], [-71.2241, 46.8046], [-71.2239, 46.8046], [-71.2238, 46.8047], [-71.2236, 46.8047], [-71.2235, 46.8047], [-71.2233, 46.8046], [-71.2232, 46.8046], [-71.223, 46.8045], [-71.2229, 46.8044], [-71.2228, 46.8043], [-71.2226, 46.8042], [-71.2225, 46.8042], [-71.2224, 46.8041], [-71.2222, 46.8041], [-71.2221, 46.804], [-71.222, 46.804], [-71.2218, 46.804], [-71.2217, 46.804], [-71.2216, 46.804], [-71.2215, 46.8039], [-71.2215, 46.8038], [-71.2215, 46.8037], [-71.2215, 46.8036], [-71.2215, 46.8035], [-71.2214, 46.8034], [-71.2213, 46.8034], [-71.2212, 46.8034], [-71.2211, 46.8035], [-71.2209, 46.8035], [-71.2207, 46.8036], [-71.2205, 46.8037], [-71.2203, 46.8037], [-71.2202, 46.8037], [-71.2201, 46.8037], [-71.22, 46.8037], [-71.2199, 46.8036], [-71.2199, 46.8035], [-71.2199, 46.8034], [-71.2199, 46.8033], [-71.2198, 46.8033], [-71.2197, 46.8032], [-71.2196, 46.8032], [-71.2194, 46.8031], [-71.2192, 46.8031], [-71.2191, 46.803], [-71.2189, 46.803], [-71.2186, 46.803], [-71.2184, 46.8031], [-71.2182, 46.8031], [-71.218, 46.8032], [-71.2178, 46.8033], [-71.2175, 46.8034], [-71.2173, 46.8035], [-71.2171, 46.8036], [-71.2169, 46.8037], [-71.2166, 46.8037], [-71.2165, 46.8037], [-71.2163, 46.8037], [-71.2161, 46.8036], [-71.216, 46.8036], [-71.2158, 46.8034], [-71.2157, 46.8034], [-71.2156, 46.8033], [-71.2155, 46.8033], [-71.2153, 46.8033], [-71.2152, 46.8033], [-71.2151, 46.8034], [-71.215, 46.8035], [-71.2149, 46.8036], [-71.2149, 46.8037], [-71.2149, 46.8038], [-71.2149, 46.8039], [-71.215, 46.804], [-71.2151, 46.8041], [-71.2152, 46.8042], [-71.2153, 46.8043], [-71.2153, 46.8044], [-71.2152, 46.8044], [-71.2152, 46.8045], [-71.215, 46.8045], [-71.2149, 46.8046], [-71.2147, 46.8047], [-71.2146, 46.8047], [-71.2144, 46.8047], [-71.2143, 46.8047], [-71.2141, 46.8047], [-71.214, 46.8046], [-71.2139, 46.8045], [-71.2138, 46.8044], [-71.2137, 46.8043], [-71.2136, 46.8041], [-71.2134, 46.804], [-71.2133, 46.804], [-71.2132, 46.8039], [-71.2131, 46.8038], [-71.2129, 46.8038], [-71.2127, 46.8038], [-71.2126, 46.8038], [-71.2124, 46.8038], [-71.2123, 46.8039], [-71.2122, 46.804], [-71.2121, 46.8041], [-71.2121, 46.8043], [-71.212, 46.8045], [-71.212, 46.8047], [-71.212, 46.805], [-71.212, 46.8052], [-71.2119, 46.8054], [-71.2119, 46.8056], [-71.2119, 46.8058], [-71.2118, 46.8059], [-71.2117, 46.8061], [-71.2116, 46.8062], [-71.2116, 46.8063], [-71.2115, 46.8063], [-71.2114, 46.8064], [-71.2113, 46.8064], [-71.2112, 46.8064], [-71.2111, 46.8064], [-71.211, 46.8063], [-71.2109, 46.8062], [-71.2108, 46.8061], [-71.2107, 46.806], [-71.2106, 46.8059], [-71.2105, 46.8059], [-71.2103, 46.8058], [-71.2102, 46.8058], [-71.2101, 46.8058], [-71.2099, 46.8058], [-71.2098, 46.8059], [-71.2097, 46.8059], [-71.2095, 46.806], [-71.2094, 46.806], [-71.2093, 46.8061], [-71.2092, 46.8062], [-71.2091, 46.8063], [-71.2091, 46.8064], [-71.2091, 46.8065], [-71.2091, 46.8066], [-71.2091, 46.8067], [-71.2092, 46.8067], [-71.2092, 46.8068], [-71.2093, 46.8068], [-71.2094, 46.8069], [-71.2094, 46.807], [-71.2094, 46.8071], [-71.2093, 46.8072], [-71.2092, 46.8073], [-71.2091, 46.8074], [-71.209, 46.8075], [-71.2089, 46.8076], [-71.2089, 46.8077], [-71.2088, 46.8078], [-71.2088, 46.8079], [-71.2088, 46.8081], [-71.2088, 46.8082], [-71.2088, 46.8084], [-71.2087, 46.8085], [-71.2087, 46.8087], [-71.2087, 46.8088], [-71.2086, 46.8089], [-71.2085, 46.809], [-71.2084, 46.809], [-71.2083, 46.8091], [-71.2081, 46.8091], [-71.208, 46.8092], [-71.2079, 46.8093], [-71.2078, 46.8094], [-71.2078, 46.8096], [-71.2077, 46.8098], [-71.2077, 46.81], [-71.2077, 46.8102], [-71.2078, 46.8105], [-71.2078, 46.8107], [-71.2079, 46.811], [-71.208, 46.8111], [-71.2082, 46.8113], [-71.2084, 46.8114], [-71.2086, 46.8115], [-71.2088, 46.8116], [-71.2091, 46.8116], [-71.2093, 46.8117], [-71.2094, 46.8117], [-71.2095, 46.8118], [-71.2095, 46.812], [-71.2095, 46.8121], [-71.2094, 46.8123], [-71.2092, 46.8124], [-71.209, 46.8126], [-71.2088, 46.8128], [-71.2087, 46.813], [-71.2087, 46.8131], [-71.2087, 46.8132], [-71.2088, 46.8133], [-71.209, 46.8134], [-71.2092, 46.8134], [-71.2095, 46.8134], [-71.2097, 46.8135], [-71.2099, 46.8135], [-71.2101, 46.8136], [-71.2102, 46.8136], [-71.2102, 46.8137], [-71.2102, 46.8138], [-71.2102, 46.8139], [-71.2102, 46.814], [-71.2101, 46.8141], [-71.2101, 46.8142], [-71.2102, 46.8142], [-71.2103, 46.8143], [-71.2104, 46.8143], [-71.2105, 46.8143], [-71.2107, 46.8142], [-71.2108, 46.8142], [-71.211, 46.8142], [-71.2112, 46.8143], [-71.2114, 46.8143], [-71.2115, 46.8144], [-71.2117, 46.8144], [-71.2119, 46.8145], [-71.2121, 46.8146], [-71.2123, 46.8147], [-71.2125, 46.8148], [-71.2127, 46.8148], [-71.2129, 46.8149], [-71.2131, 46.8149], [-71.2132, 46.815], [-71.2134, 46.815], [-71.2136, 46.8149], [-71.2137, 46.8149], [-71.2138, 46.8149], [-71.214, 46.8148], [-71.2141, 46.8148], [-71.2141, 46.8147], [-71.2142, 46.8146], [-71.2143, 46.8145], [-71.2143, 46.8144], [-71.2144, 46.8143], [-71.2145, 46.8142], [-71.2146, 46.8142], [-71.2146, 46.8143], [-71.2147, 46.8143], [-71.2148, 46.8144], [-71.2149, 46.8146], [-71.215, 46.8147], [-71.2151, 46.8148], [-71.2152, 46.8149], [-71.2154, 46.8149], [-71.2156, 46.815], [-71.2158, 46.815], [-71.216, 46.8151], [-71.2162, 46.8151], [-71.2164, 46.8151], [-71.2166, 46.8151], [-71.2168, 46.815], [-71.217, 46.815], [-71.2171, 46.8149], [-71.2173, 46.8149], [-71.2174, 46.8148], [-71.2175, 46.8146], [-71.2176, 46.8145], [-71.2177, 46.8145], [-71.2178, 46.8144], [-71.2179, 46.8145], [-71.218, 46.8145], [-71.2181, 46.8146], [-71.2181, 46.8147], [-71.2182, 46.8148], [-71.2184, 46.8148], [-71.2185, 46.8149], [-71.2187, 46.815], [-71.2189, 46.8151], [-71.2191, 46.8151], [-71.2193, 46.8152], [-71.2196, 46.8152], [-71.2198, 46.8153], [-71.2201, 46.8153], [-71.2203, 46.8153], [-71.2204, 46.8153], [-71.2206, 46.8153], [-71.2207, 46.8153], [-71.2208, 46.8152], [-71.2209, 46.8152], [-71.221, 46.8151], [-71.2211, 46.8151], [-71.2212, 46.8151], [-71.2213, 46.815], [-71.2214, 46.8151], [-71.2215, 46.8151], [-71.2216, 46.8151], [-71.2218, 46.8151], [-71.2219, 46.815], [-71.2221, 46.8148], [-71.2223, 46.8147], [-71.2226, 46.8144], [-71.2229, 46.8141], [-71.2232, 46.8138], [-71.2235, 46.8134], [-71.2238, 46.813], [-71.224, 46.8127], [-71.2242, 46.8124], [-71.2243, 46.8122], [-71.2244, 46.812], [-71.2244, 46.8118], [-71.2244, 46.8117], [-71.2243, 46.8116], [-71.2243, 46.8115], [-71.2243, 46.8114], [-71.2243, 46.8113], [-71.2244, 46.8112], [-71.2245, 46.8111], [-71.2247, 46.811], [-71.2249, 46.8108], [-71.2252, 46.8107], [-71.2254, 46.8105], [-71.2256, 46.8102], [-71.2258, 46.8098], [-71.2259, 46.8094], [-71.226, 46.8088], [-71.2261, 46.8083], [-71.2262, 46.8076], [-71.2262, 46.8069], [-71.2262, 46.8062]]]}}, {"type": "Feature", "properties": {"couche": "aire_marche", "station": "Colline Parlementaire", "ordre": 20, "minutes": 13, "superficie_ha": 170.8, "rue_km": 68.69, "disque_ha": 260.2, "part_disque_pct": 66, "accroche_m": 31, "population": 11051, "navetteurs": 3527, "mode_auto_pct": 37, "mode_tc_pct": 22, "mode_actif_pct": 41, "mode_autre_pct": 0}, "geometry": {"type": "Polygon", "coordinates": [[[-71.2271, 46.8068], [-71.227, 46.8075], [-71.2269, 46.8082], [-71.2268, 46.8089], [-71.2266, 46.8095], [-71.2265, 46.8101], [-71.2262, 46.8106], [-71.226, 46.8111], [-71.2258, 46.8116], [-71.2255, 46.8121], [-71.2252, 46.8125], [-71.2249, 46.8128], [-71.2246, 46.8131], [-71.2244, 46.8134], [-71.2241, 46.8137], [-71.2238, 46.8139], [-71.2236, 46.814], [-71.2233, 46.8142], [-71.2231, 46.8143], [-71.2229, 46.8144], [-71.2228, 46.8145], [-71.2227, 46.8146], [-71.2226, 46.8146], [-71.2226, 46.8147], [-71.2226, 46.8148], [-71.2227, 46.8148], [-71.2227, 46.8149], [-71.2227, 46.815], [-71.2227, 46.8151], [-71.2227, 46.8152], [-71.2226, 46.8153], [-71.2226, 46.8154], [-71.2224, 46.8155], [-71.2223, 46.8156], [-71.222, 46.8156], [-71.2217, 46.8157], [-71.2214, 46.8157], [-71.221, 46.8157], [-71.2205, 46.8157], [-71.22, 46.8156], [-71.2195, 46.8156], [-71.2191, 46.8155], [-71.2188, 46.8154], [-71.2185, 46.8153], [-71.2183, 46.8152], [-71.2181, 46.8151], [-71.218, 46.815], [-71.2179, 46.8148], [-71.2179, 46.8147], [-71.2178, 46.8146], [-71.2177, 46.8146], [-71.2176, 46.8147], [-71.2175, 46.8148], [-71.2173, 46.8149], [-71.2172, 46.8151], [-71.2171, 46.8153], [-71.217, 46.8154], [-71.2168, 46.8155], [-71.2167, 46.8156], [-71.2165, 46.8156], [-71.2164, 46.8156], [-71.2162, 46.8156], [-71.216, 46.8155], [-71.2158, 46.8154], [-71.2156, 46.8154], [-71.2153, 46.8154], [-71.2149, 46.8153], [-71.2145, 46.8153], [-71.2141, 46.8153], [-71.2136, 46.8153], [-71.2131, 46.8153], [-71.2127, 46.8153], [-71.2123, 46.8152], [-71.212, 46.8152], [-71.2117, 46.8151], [-71.2115, 46.815], [-71.2114, 46.8149], [-71.2113, 46.8148], [-71.2113, 46.8146], [-71.2113, 46.8145], [-71.2112, 46.8144], [-71.2111, 46.8144], [-71.211, 46.8145], [-71.2109, 46.8146], [-71.2109, 46.8147], [-71.2108, 46.8147], [-71.2107, 46.8148], [-71.2105, 46.8148], [-71.2104, 46.8148], [-71.2103, 46.8148], [-71.2101, 46.8148], [-71.2099, 46.8148], [-71.2097, 46.8148], [-71.2095, 46.8147], [-71.2093, 46.8146], [-71.2091, 46.8145], [-71.2088, 46.8143], [-71.2086, 46.8142], [-71.2083, 46.814], [-71.208, 46.8138], [-71.2078, 46.8136], [-71.2077, 46.8135], [-71.2076, 46.8134], [-71.2075, 46.8133], [-71.2074, 46.8132], [-71.2074, 46.8131], [-71.2074, 46.813], [-71.2075, 46.8129], [-71.2076, 46.8129], [-71.2077, 46.8128], [-71.2079, 46.8127], [-71.2081, 46.8126], [-71.2084, 46.8126], [-71.2086, 46.8125], [-71.2089, 46.8124], [-71.2092, 46.8124], [-71.2094, 46.8123], [-71.2096, 46.8122], [-71.2098, 46.8122], [-71.2099, 46.8121], [-71.2099, 46.812], [-71.21, 46.812], [-71.21, 46.8119], [-71.2099, 46.8119], [-71.2098, 46.8118], [-71.2097, 46.8118], [-71.2095, 46.8118], [-71.2093, 46.8118], [-71.209, 46.8118], [-71.2087, 46.8118], [-71.2084, 46.8118], [-71.2081, 46.8118], [-71.2078, 46.8118], [-71.2076, 46.8117], [-71.2074, 46.8117], [-71.2073, 46.8116], [-71.2072, 46.8115], [-71.2072, 46.8114], [-71.2072, 46.8113], [-71.2072, 46.8112], [-71.2072, 46.8111], [-71.2073, 46.811], [-71.2073, 46.8109], [-71.2074, 46.8108], [-71.2075, 46.8107], [-71.2076, 46.8106], [-71.2077, 46.8105], [-71.2078, 46.8104], [-71.2079, 46.8104], [-71.2079, 46.8103], [-71.2078, 46.8102], [-71.2077, 46.8102], [-71.2076, 46.8102], [-71.2075, 46.8102], [-71.2074, 46.8102], [-71.2072, 46.8102], [-71.2071, 46.8101], [-71.207, 46.81], [-71.2069, 46.8099], [-71.2069, 46.8098], [-71.2068, 46.8097], [-71.2069, 46.8096], [-71.2069, 46.8094], [-71.207, 46.8093], [-71.2071, 46.809], [-71.2073, 46.8088], [-71.2076, 46.8086], [-71.2078, 46.8083], [-71.2081, 46.808], [-71.2084, 46.8077], [-71.2086, 46.8074], [-71.2088, 46.8072], [-71.2089, 46.807], [-71.209, 46.8067], [-71.209, 46.8065], [-71.209, 46.8063], [-71.2089, 46.8062], [-71.2088, 46.806], [-71.2088, 46.8059], [-71.2088, 46.8058], [-71.2089, 46.8057], [-71.209, 46.8057], [-71.2091, 46.8057], [-71.2093, 46.8057], [-71.2094, 46.8057], [-71.2096, 46.8057], [-71.2097, 46.8057], [-71.2098, 46.8056], [-71.21, 46.8056], [-71.2101, 46.8055], [-71.2102, 46.8055], [-71.2103, 46.8054], [-71.2104, 46.8053], [-71.2105, 46.8053], [-71.2106, 46.8053], [-71.2107, 46.8054], [-71.2108, 46.8055], [-71.2109, 46.8056], [-71.211, 46.8058], [-71.211, 46.8059], [-71.2111, 46.8061], [-71.2112, 46.8062], [-71.2112, 46.8063], [-71.2113, 46.8063], [-71.2114, 46.8064], [-71.2115, 46.8063], [-71.2116, 46.8063], [-71.2116, 46.8062], [-71.2117, 46.8061], [-71.2118, 46.806], [-71.2118, 46.8058], [-71.2119, 46.8057], [-71.2119, 46.8056], [-71.2119, 46.8054], [-71.2119, 46.8052], [-71.2119, 46.805], [-71.2118, 46.8049], [-71.2118, 46.8047], [-71.2117, 46.8046], [-71.2117, 46.8045], [-71.2116, 46.8044], [-71.2115, 46.8043], [-71.2114, 46.8042], [-71.2113, 46.8042], [-71.2112, 46.8041], [-71.2111, 46.804], [-71.2112, 46.8039], [-71.2112, 46.8038], [-71.2113, 46.8037], [-71.2114, 46.8036], [-71.2116, 46.8035], [-71.2117, 46.8034], [-71.2119, 46.8033], [-71.2121, 46.8033], [-71.2123, 46.8032], [-71.2125, 46.8032], [-71.2127, 46.8032], [-71.213, 46.8032], [-71.2132, 46.8033], [-71.2134, 46.8033], [-71.2136, 46.8034], [-71.2137, 46.8034], [-71.2138, 46.8035], [-71.2138, 46.8036], [-71.2138, 46.8037], [-71.2138, 46.8038], [-71.2137, 46.8039], [-71.2137, 46.804], [-71.2136, 46.8041], [-71.2136, 46.8042], [-71.2136, 46.8043], [-71.2136, 46.8044], [-71.2137, 46.8045], [-71.2138, 46.8046], [-71.2139, 46.8047], [-71.214, 46.8047], [-71.2141, 46.8047], [-71.2143, 46.8047], [-71.2144, 46.8047], [-71.2146, 46.8047], [-71.2147, 46.8047], [-71.2149, 46.8046], [-71.215, 46.8045], [-71.2152, 46.8045], [-71.2152, 46.8044], [-71.2153, 46.8043], [-71.2152, 46.8042], [-71.2152, 46.8041], [-71.2151, 46.804], [-71.215, 46.804], [-71.215, 46.8039], [-71.215, 46.8038], [-71.215, 46.8036], [-71.215, 46.8035], [-71.2151, 46.8034], [-71.2152, 46.8033], [-71.2153, 46.8031], [-71.2154, 46.803], [-71.2156, 46.8029], [-71.2157, 46.8028], [-71.2158, 46.8027], [-71.2159, 46.8027], [-71.216, 46.8026], [-71.2161, 46.8026], [-71.2163, 46.8027], [-71.2164, 46.8027], [-71.2164, 46.8028], [-71.2164, 46.8029], [-71.2164, 46.803], [-71.2163, 46.8031], [-71.2162, 46.8033], [-71.2161, 46.8034], [-71.2161, 46.8035], [-71.2161, 46.8036], [-71.2161, 46.8037], [-71.2161, 46.8038], [-71.2162, 46.8038], [-71.2163, 46.8038], [-71.2164, 46.8038], [-71.2165, 46.8038], [-71.2167, 46.8037], [-71.2168, 46.8036], [-71.217, 46.8034], [-71.2172, 46.8033], [-71.2174, 46.8031], [-71.2176, 46.8029], [-71.2178, 46.8028], [-71.218, 46.8027], [-71.2182, 46.8026], [-71.2184, 46.8026], [-71.2186, 46.8026], [-71.2188, 46.8026], [-71.2189, 46.8027], [-71.2191, 46.8028], [-71.2193, 46.8028], [-71.2194, 46.8028], [-71.2196, 46.8029], [-71.2198, 46.8029], [-71.2199, 46.8029], [-71.22, 46.8029], [-71.2202, 46.8029], [-71.2203, 46.8029], [-71.2204, 46.8029], [-71.2205, 46.803], [-71.2204, 46.8031], [-71.2204, 46.8032], [-71.2204, 46.8033], [-71.2203, 46.8034], [-71.2202, 46.8035], [-71.2202, 46.8036], [-71.2203, 46.8036], [-71.2204, 46.8036], [-71.2206, 46.8036], [-71.2208, 46.8035], [-71.221, 46.8035], [-71.2213, 46.8033], [-71.2216, 46.8032], [-71.2218, 46.8031], [-71.2219, 46.8031], [-71.2221, 46.8031], [-71.2222, 46.8031], [-71.2222, 46.8032], [-71.2222, 46.8033], [-71.2222, 46.8034], [-71.2222, 46.8035], [-71.2222, 46.8036], [-71.2223, 46.8038], [-71.2224, 46.8039], [-71.2225, 46.804], [-71.2227, 46.8042], [-71.2229, 46.8043], [-71.223, 46.8045], [-71.2232, 46.8045], [-71.2233, 46.8046], [-71.2235, 46.8046], [-71.2236, 46.8045], [-71.2237, 46.8045], [-71.2238, 46.8044], [-71.2239, 46.8042], [-71.224, 46.8041], [-71.2241, 46.804], [-71.2242, 46.8039], [-71.2244, 46.8038], [-71.2245, 46.8038], [-71.2246, 46.8038], [-71.2248, 46.8037], [-71.225, 46.8038], [-71.2251, 46.8038], [-71.2252, 46.8038], [-71.2253, 46.8039], [-71.2254, 46.8039], [-71.2255, 46.804], [-71.2255, 46.8041], [-71.2255, 46.8042], [-71.2256, 46.8042], [-71.2256, 46.8043], [-71.2257, 46.8043], [-71.2258, 46.8042], [-71.2259, 46.8042], [-71.226, 46.8041], [-71.2261, 46.804], [-71.2262, 46.804], [-71.2263, 46.804], [-71.2264, 46.804], [-71.2265, 46.804], [-71.2266, 46.804], [-71.2267, 46.804], [-71.2268, 46.8041], [-71.2269, 46.8042], [-71.227, 46.8044], [-71.2271, 46.8047], [-71.2271, 46.8051], [-71.2271, 46.8056], [-71.2271, 46.8061], [-71.2271, 46.8068]]]}}, {"type": "Feature", "properties": {"couche": "voile", "station": "Colline Parlementaire", "minutes": 13}, "geometry": {"type": "Polygon", "coordinates": [[[-71.3863, 46.9225], [-71.0507, 46.9246], [-71.0484, 46.6956], [-71.3825, 46.6935], [-71.3863, 46.9225]], [[-71.2271, 46.8061], [-71.2271, 46.8056], [-71.2271, 46.8051], [-71.2271, 46.8047], [-71.227, 46.8044], [-71.2269, 46.8042], [-71.2268, 46.8041], [-71.2267, 46.804], [-71.2266, 46.804], [-71.2265, 46.804], [-71.2264, 46.804], [-71.2263, 46.804], [-71.2262, 46.804], [-71.2261, 46.804], [-71.226, 46.8041], [-71.2259, 46.8042], [-71.2258, 46.8042], [-71.2257, 46.8043], [-71.2256, 46.8043], [-71.2256, 46.8042], [-71.2255, 46.8042], [-71.2255, 46.8041], [-71.2255, 46.804], [-71.2254, 46.8039], [-71.2253, 46.8039], [-71.2252, 46.8038], [-71.2251, 46.8038], [-71.225, 46.8038], [-71.2248, 46.8037], [-71.2246, 46.8038], [-71.2245, 46.8038], [-71.2244, 46.8038], [-71.2242, 46.8039], [-71.2241, 46.804], [-71.224, 46.8041], [-71.2239, 46.8042], [-71.2238, 46.8044], [-71.2237, 46.8045], [-71.2236, 46.8045], [-71.2235, 46.8046], [-71.2233, 46.8046], [-71.2232, 46.8045], [-71.223, 46.8045], [-71.2229, 46.8043], [-71.2227, 46.8042], [-71.2225, 46.804], [-71.2224, 46.8039], [-71.2223, 46.8038], [-71.2222, 46.8036], [-71.2222, 46.8035], [-71.2222, 46.8034], [-71.2222, 46.8033], [-71.2222, 46.8032], [-71.2222, 46.8031], [-71.2221, 46.8031], [-71.2219, 46.8031], [-71.2218, 46.8031], [-71.2216, 46.8032], [-71.2213, 46.8033], [-71.221, 46.8035], [-71.2208, 46.8035], [-71.2206, 46.8036], [-71.2204, 46.8036], [-71.2203, 46.8036], [-71.2202, 46.8036], [-71.2202, 46.8035], [-71.2203, 46.8034], [-71.2204, 46.8033], [-71.2204, 46.8032], [-71.2204, 46.8031], [-71.2205, 46.803], [-71.2204, 46.8029], [-71.2203, 46.8029], [-71.2202, 46.8029], [-71.22, 46.8029], [-71.2199, 46.8029], [-71.2198, 46.8029], [-71.2196, 46.8029], [-71.2194, 46.8028], [-71.2193, 46.8028], [-71.2191, 46.8028], [-71.2189, 46.8027], [-71.2188, 46.8026], [-71.2186, 46.8026], [-71.2184, 46.8026], [-71.2182, 46.8026], [-71.218, 46.8027], [-71.2178, 46.8028], [-71.2176, 46.8029], [-71.2174, 46.8031], [-71.2172, 46.8033], [-71.217, 46.8034], [-71.2168, 46.8036], [-71.2167, 46.8037], [-71.2165, 46.8038], [-71.2164, 46.8038], [-71.2163, 46.8038], [-71.2162, 46.8038], [-71.2161, 46.8038], [-71.2161, 46.8037], [-71.2161, 46.8036], [-71.2161, 46.8035], [-71.2161, 46.8034], [-71.2162, 46.8033], [-71.2163, 46.8031], [-71.2164, 46.803], [-71.2164, 46.8029], [-71.2164, 46.8028], [-71.2164, 46.8027], [-71.2163, 46.8027], [-71.2161, 46.8026], [-71.216, 46.8026], [-71.2159, 46.8027], [-71.2158, 46.8027], [-71.2157, 46.8028], [-71.2156, 46.8029], [-71.2154, 46.803], [-71.2153, 46.8031], [-71.2152, 46.8033], [-71.2151, 46.8034], [-71.215, 46.8035], [-71.215, 46.8036], [-71.215, 46.8038], [-71.215, 46.8039], [-71.215, 46.804], [-71.2151, 46.804], [-71.2152, 46.8041], [-71.2152, 46.8042], [-71.2153, 46.8043], [-71.2152, 46.8044], [-71.2152, 46.8045], [-71.215, 46.8045], [-71.2149, 46.8046], [-71.2147, 46.8047], [-71.2146, 46.8047], [-71.2144, 46.8047], [-71.2143, 46.8047], [-71.2141, 46.8047], [-71.214, 46.8047], [-71.2139, 46.8047], [-71.2138, 46.8046], [-71.2137, 46.8045], [-71.2136, 46.8044], [-71.2136, 46.8043], [-71.2136, 46.8042], [-71.2136, 46.8041], [-71.2137, 46.804], [-71.2137, 46.8039], [-71.2138, 46.8038], [-71.2138, 46.8037], [-71.2138, 46.8036], [-71.2138, 46.8035], [-71.2137, 46.8034], [-71.2136, 46.8034], [-71.2134, 46.8033], [-71.2132, 46.8033], [-71.213, 46.8032], [-71.2127, 46.8032], [-71.2125, 46.8032], [-71.2123, 46.8032], [-71.2121, 46.8033], [-71.2119, 46.8033], [-71.2117, 46.8034], [-71.2116, 46.8035], [-71.2114, 46.8036], [-71.2113, 46.8037], [-71.2112, 46.8038], [-71.2112, 46.8039], [-71.2111, 46.804], [-71.2112, 46.8041], [-71.2113, 46.8042], [-71.2114, 46.8042], [-71.2115, 46.8043], [-71.2116, 46.8044], [-71.2117, 46.8045], [-71.2117, 46.8046], [-71.2118, 46.8047], [-71.2118, 46.8049], [-71.2119, 46.805], [-71.2119, 46.8052], [-71.2119, 46.8054], [-71.2119, 46.8056], [-71.2119, 46.8057], [-71.2118, 46.8058], [-71.2118, 46.806], [-71.2117, 46.8061], [-71.2116, 46.8062], [-71.2116, 46.8063], [-71.2115, 46.8063], [-71.2114, 46.8064], [-71.2113, 46.8063], [-71.2112, 46.8063], [-71.2112, 46.8062], [-71.2111, 46.8061], [-71.211, 46.8059], [-71.211, 46.8058], [-71.2109, 46.8056], [-71.2108, 46.8055], [-71.2107, 46.8054], [-71.2106, 46.8053], [-71.2105, 46.8053], [-71.2104, 46.8053], [-71.2103, 46.8054], [-71.2102, 46.8055], [-71.2101, 46.8055], [-71.21, 46.8056], [-71.2098, 46.8056], [-71.2097, 46.8057], [-71.2096, 46.8057], [-71.2094, 46.8057], [-71.2093, 46.8057], [-71.2091, 46.8057], [-71.209, 46.8057], [-71.2089, 46.8057], [-71.2088, 46.8058], [-71.2088, 46.8059], [-71.2088, 46.806], [-71.2089, 46.8062], [-71.209, 46.8063], [-71.209, 46.8065], [-71.209, 46.8067], [-71.2089, 46.807], [-71.2088, 46.8072], [-71.2086, 46.8074], [-71.2084, 46.8077], [-71.2081, 46.808], [-71.2078, 46.8083], [-71.2076, 46.8086], [-71.2073, 46.8088], [-71.2071, 46.809], [-71.207, 46.8093], [-71.2069, 46.8094], [-71.2069, 46.8096], [-71.2068, 46.8097], [-71.2069, 46.8098], [-71.2069, 46.8099], [-71.207, 46.81], [-71.2071, 46.8101], [-71.2072, 46.8102], [-71.2074, 46.8102], [-71.2075, 46.8102], [-71.2076, 46.8102], [-71.2077, 46.8102], [-71.2078, 46.8102], [-71.2079, 46.8103], [-71.2079, 46.8104], [-71.2078, 46.8104], [-71.2077, 46.8105], [-71.2076, 46.8106], [-71.2075, 46.8107], [-71.2074, 46.8108], [-71.2073, 46.8109], [-71.2073, 46.811], [-71.2072, 46.8111], [-71.2072, 46.8112], [-71.2072, 46.8113], [-71.2072, 46.8114], [-71.2072, 46.8115], [-71.2073, 46.8116], [-71.2074, 46.8117], [-71.2076, 46.8117], [-71.2078, 46.8118], [-71.2081, 46.8118], [-71.2084, 46.8118], [-71.2087, 46.8118], [-71.209, 46.8118], [-71.2093, 46.8118], [-71.2095, 46.8118], [-71.2097, 46.8118], [-71.2098, 46.8118], [-71.2099, 46.8119], [-71.21, 46.8119], [-71.21, 46.812], [-71.2099, 46.812], [-71.2099, 46.8121], [-71.2098, 46.8122], [-71.2096, 46.8122], [-71.2094, 46.8123], [-71.2092, 46.8124], [-71.2089, 46.8124], [-71.2086, 46.8125], [-71.2084, 46.8126], [-71.2081, 46.8126], [-71.2079, 46.8127], [-71.2077, 46.8128], [-71.2076, 46.8129], [-71.2075, 46.8129], [-71.2074, 46.813], [-71.2074, 46.8131], [-71.2074, 46.8132], [-71.2075, 46.8133], [-71.2076, 46.8134], [-71.2077, 46.8135], [-71.2078, 46.8136], [-71.208, 46.8138], [-71.2083, 46.814], [-71.2086, 46.8142], [-71.2088, 46.8143], [-71.2091, 46.8145], [-71.2093, 46.8146], [-71.2095, 46.8147], [-71.2097, 46.8148], [-71.2099, 46.8148], [-71.2101, 46.8148], [-71.2103, 46.8148], [-71.2104, 46.8148], [-71.2105, 46.8148], [-71.2107, 46.8148], [-71.2108, 46.8147], [-71.2109, 46.8147], [-71.2109, 46.8146], [-71.211, 46.8145], [-71.2111, 46.8144], [-71.2112, 46.8144], [-71.2113, 46.8145], [-71.2113, 46.8146], [-71.2113, 46.8148], [-71.2114, 46.8149], [-71.2115, 46.815], [-71.2117, 46.8151], [-71.212, 46.8152], [-71.2123, 46.8152], [-71.2127, 46.8153], [-71.2131, 46.8153], [-71.2136, 46.8153], [-71.2141, 46.8153], [-71.2145, 46.8153], [-71.2149, 46.8153], [-71.2153, 46.8154], [-71.2156, 46.8154], [-71.2158, 46.8154], [-71.216, 46.8155], [-71.2162, 46.8156], [-71.2164, 46.8156], [-71.2165, 46.8156], [-71.2167, 46.8156], [-71.2168, 46.8155], [-71.217, 46.8154], [-71.2171, 46.8153], [-71.2172, 46.8151], [-71.2173, 46.8149], [-71.2175, 46.8148], [-71.2176, 46.8147], [-71.2177, 46.8146], [-71.2178, 46.8146], [-71.2179, 46.8147], [-71.2179, 46.8148], [-71.218, 46.815], [-71.2181, 46.8151], [-71.2183, 46.8152], [-71.2185, 46.8153], [-71.2188, 46.8154], [-71.2191, 46.8155], [-71.2195, 46.8156], [-71.22, 46.8156], [-71.2205, 46.8157], [-71.221, 46.8157], [-71.2214, 46.8157], [-71.2217, 46.8157], [-71.222, 46.8156], [-71.2223, 46.8156], [-71.2224, 46.8155], [-71.2226, 46.8154], [-71.2226, 46.8153], [-71.2227, 46.8152], [-71.2227, 46.8151], [-71.2227, 46.815], [-71.2227, 46.8149], [-71.2227, 46.8148], [-71.2226, 46.8148], [-71.2226, 46.8147], [-71.2226, 46.8146], [-71.2227, 46.8146], [-71.2228, 46.8145], [-71.2229, 46.8144], [-71.2231, 46.8143], [-71.2233, 46.8142], [-71.2236, 46.814], [-71.2238, 46.8139], [-71.2241, 46.8137], [-71.2244, 46.8134], [-71.2246, 46.8131], [-71.2249, 46.8128], [-71.2252, 46.8125], [-71.2255, 46.8121], [-71.2258, 46.8116], [-71.226, 46.8111], [-71.2262, 46.8106], [-71.2265, 46.8101], [-71.2266, 46.8095], [-71.2268, 46.8089], [-71.2269, 46.8082], [-71.227, 46.8075], [-71.2271, 46.8068], [-71.2271, 46.8061]]]}}, {"type": "Feature", "properties": {"couche": "aire_marche", "station": "Colline Parlementaire", "ordre": 20, "minutes": 14, "superficie_ha": 202.0, "rue_km": 79.39, "disque_ha": 301.7, "part_disque_pct": 67, "accroche_m": 31, "population": 12966, "navetteurs": 4164, "mode_auto_pct": 38, "mode_tc_pct": 22, "mode_actif_pct": 40, "mode_autre_pct": 0}, "geometry": {"type": "Polygon", "coordinates": [[[-71.2276, 46.8052], [-71.2274, 46.8053], [-71.2273, 46.8054], [-71.2273, 46.8055], [-71.2273, 46.8056], [-71.2274, 46.8056], [-71.2275, 46.8056], [-71.2276, 46.8057], [-71.2277, 46.8057], [-71.2278, 46.8058], [-71.2279, 46.8059], [-71.228, 46.8061], [-71.228, 46.8062], [-71.228, 46.8065], [-71.228, 46.8067], [-71.228, 46.807], [-71.228, 46.8073], [-71.228, 46.8076], [-71.2279, 46.8078], [-71.2279, 46.8081], [-71.2278, 46.8083], [-71.2278, 46.8086], [-71.2277, 46.8088], [-71.2277, 46.809], [-71.2276, 46.8092], [-71.2275, 46.8094], [-71.2274, 46.8096], [-71.2273, 46.8097], [-71.2272, 46.8099], [-71.227, 46.81], [-71.2269, 46.8101], [-71.2267, 46.8101], [-71.2266, 46.8102], [-71.2265, 46.8103], [-71.2264, 46.8105], [-71.2264, 46.8106], [-71.2263, 46.8107], [-71.2263, 46.8109], [-71.2263, 46.8111], [-71.2264, 46.8113], [-71.2264, 46.8115], [-71.2263, 46.8117], [-71.2263, 46.8119], [-71.2262, 46.8122], [-71.2261, 46.8124], [-71.2259, 46.8127], [-71.2258, 46.8129], [-71.2256, 46.8132], [-71.2254, 46.8135], [-71.2252, 46.8137], [-71.225, 46.8138], [-71.2249, 46.814], [-71.2247, 46.8141], [-71.2246, 46.8141], [-71.2244, 46.8142], [-71.2243, 46.8141], [-71.2242, 46.8142], [-71.224, 46.8142], [-71.2239, 46.8143], [-71.2238, 46.8145], [-71.2236, 46.8146], [-71.2235, 46.8148], [-71.2234, 46.8151], [-71.2232, 46.8154], [-71.2231, 46.8156], [-71.2229, 46.8158], [-71.2228, 46.816], [-71.2226, 46.8162], [-71.2225, 46.8163], [-71.2223, 46.8164], [-71.2221, 46.8164], [-71.2219, 46.8165], [-71.2217, 46.8165], [-71.2215, 46.8165], [-71.2212, 46.8165], [-71.2209, 46.8164], [-71.2205, 46.8164], [-71.2201, 46.8163], [-71.2197, 46.8162], [-71.2192, 46.8162], [-71.2188, 46.8161], [-71.2185, 46.8159], [-71.2182, 46.8158], [-71.218, 46.8157], [-71.2178, 46.8155], [-71.2177, 46.8153], [-71.2177, 46.8152], [-71.2177, 46.815], [-71.2177, 46.8148], [-71.2177, 46.8147], [-71.2176, 46.8147], [-71.2176, 46.8148], [-71.2175, 46.815], [-71.2174, 46.8152], [-71.2173, 46.8154], [-71.2172, 46.8157], [-71.2171, 46.8158], [-71.2169, 46.816], [-71.2167, 46.816], [-71.2166, 46.8161], [-71.2163, 46.816], [-71.2161, 46.816], [-71.2159, 46.8159], [-71.2156, 46.8158], [-71.2153, 46.8157], [-71.2149, 46.8156], [-71.2146, 46.8156], [-71.2142, 46.8156], [-71.2138, 46.8155], [-71.2133, 46.8156], [-71.2128, 46.8156], [-71.2124, 46.8156], [-71.2119, 46.8156], [-71.2115, 46.8156], [-71.2111, 46.8156], [-71.2108, 46.8156], [-71.2104, 46.8155], [-71.2101, 46.8155], [-71.2098, 46.8154], [-71.2095, 46.8153], [-71.2092, 46.8152], [-71.2089, 46.8151], [-71.2086, 46.8149], [-71.2083, 46.8147], [-71.208, 46.8145], [-71.2077, 46.8143], [-71.2074, 46.8141], [-71.2072, 46.8139], [-71.207, 46.8136], [-71.2069, 46.8135], [-71.2068, 46.8133], [-71.2067, 46.8131], [-71.2067, 46.813], [-71.2068, 46.8128], [-71.2069, 46.8127], [-71.2069, 46.8126], [-71.207, 46.8125], [-71.207, 46.8124], [-71.207, 46.8123], [-71.207, 46.8122], [-71.2069, 46.8122], [-71.2068, 46.8121], [-71.2067, 46.812], [-71.2066, 46.8119], [-71.2065, 46.8119], [-71.2065, 46.8118], [-71.2065, 46.8117], [-71.2066, 46.8116], [-71.2066, 46.8115], [-71.2068, 46.8115], [-71.2068, 46.8114], [-71.2069, 46.8113], [-71.2069, 46.8112], [-71.2069, 46.8111], [-71.2068, 46.8109], [-71.2067, 46.8107], [-71.2066, 46.8105], [-71.2064, 46.8103], [-71.2063, 46.8101], [-71.2063, 46.8099], [-71.2062, 46.8097], [-71.2063, 46.8096], [-71.2064, 46.8094], [-71.2065, 46.8093], [-71.2067, 46.8091], [-71.207, 46.809], [-71.2072, 46.8088], [-71.2074, 46.8087], [-71.2075, 46.8086], [-71.2076, 46.8084], [-71.2077, 46.8083], [-71.2077, 46.8081], [-71.2077, 46.808], [-71.2077, 46.8078], [-71.2077, 46.8077], [-71.2077, 46.8076], [-71.2077, 46.8075], [-71.2078, 46.8074], [-71.2079, 46.8073], [-71.208, 46.8073], [-71.2082, 46.8072], [-71.2083, 46.8072], [-71.2085, 46.8072], [-71.2086, 46.8071], [-71.2086, 46.807], [-71.2086, 46.8069], [-71.2086, 46.8067], [-71.2085, 46.8066], [-71.2084, 46.8064], [-71.2083, 46.8062], [-71.2081, 46.806], [-71.2081, 46.8058], [-71.208, 46.8056], [-71.208, 46.8055], [-71.208, 46.8054], [-71.208, 46.8053], [-71.2081, 46.8053], [-71.2082, 46.8052], [-71.2083, 46.8052], [-71.2085, 46.8052], [-71.2086, 46.8053], [-71.2087, 46.8053], [-71.2089, 46.8053], [-71.209, 46.8054], [-71.2092, 46.8055], [-71.2094, 46.8055], [-71.2095, 46.8055], [-71.2096, 46.8055], [-71.2098, 46.8055], [-71.2099, 46.8054], [-71.21, 46.8053], [-71.2101, 46.8052], [-71.2102, 46.805], [-71.2102, 46.8048], [-71.2103, 46.8047], [-71.2103, 46.8046], [-71.2103, 46.8045], [-71.2103, 46.8044], [-71.2103, 46.8043], [-71.2102, 46.8042], [-71.2102, 46.8041], [-71.2102, 46.804], [-71.2102, 46.8039], [-71.2102, 46.8038], [-71.2102, 46.8037], [-71.2103, 46.8036], [-71.2104, 46.8035], [-71.2105, 46.8034], [-71.2106, 46.8033], [-71.2107, 46.8032], [-71.2108, 46.8031], [-71.2109, 46.8031], [-71.211, 46.8031], [-71.2111, 46.803], [-71.2113, 46.803], [-71.2114, 46.803], [-71.2115, 46.803], [-71.2116, 46.803], [-71.2117, 46.803], [-71.2117, 46.8029], [-71.2118, 46.8029], [-71.2118, 46.8028], [-71.2118, 46.8027], [-71.2119, 46.8027], [-71.212, 46.8026], [-71.2121, 46.8026], [-71.2123, 46.8026], [-71.2125, 46.8026], [-71.2128, 46.8026], [-71.2131, 46.8027], [-71.2134, 46.8027], [-71.2137, 46.8028], [-71.2139, 46.8029], [-71.2141, 46.803], [-71.2142, 46.8031], [-71.2142, 46.8032], [-71.2142, 46.8034], [-71.2141, 46.8035], [-71.214, 46.8037], [-71.2138, 46.8038], [-71.2138, 46.804], [-71.2137, 46.8041], [-71.2137, 46.8042], [-71.2137, 46.8044], [-71.2137, 46.8045], [-71.2138, 46.8046], [-71.2139, 46.8047], [-71.214, 46.8047], [-71.2141, 46.8047], [-71.2143, 46.8047], [-71.2144, 46.8047], [-71.2146, 46.8047], [-71.2147, 46.8047], [-71.2149, 46.8046], [-71.215, 46.8045], [-71.2152, 46.8045], [-71.2152, 46.8044], [-71.2153, 46.8043], [-71.2153, 46.8042], [-71.2153, 46.8041], [-71.2152, 46.804], [-71.2151, 46.804], [-71.215, 46.8038], [-71.215, 46.8037], [-71.215, 46.8036], [-71.2151, 46.8034], [-71.2152, 46.8033], [-71.2153, 46.8031], [-71.2155, 46.8029], [-71.2157, 46.8027], [-71.2159, 46.8025], [-71.216, 46.8024], [-71.2162, 46.8023], [-71.2164, 46.8022], [-71.2165, 46.8022], [-71.2166, 46.8022], [-71.2167, 46.8022], [-71.2168, 46.8022], [-71.2169, 46.8023], [-71.2169, 46.8024], [-71.2169, 46.8025], [-71.2169, 46.8026], [-71.2168, 46.8027], [-71.2167, 46.8028], [-71.2166, 46.803], [-71.2165, 46.8031], [-71.2163, 46.8033], [-71.2162, 46.8034], [-71.2162, 46.8035], [-71.2161, 46.8036], [-71.2161, 46.8037], [-71.2161, 46.8038], [-71.2162, 46.8038], [-71.2163, 46.8039], [-71.2164, 46.8039], [-71.2165, 46.8038], [-71.2166, 46.8038], [-71.2167, 46.8038], [-71.2169, 46.8037], [-71.217, 46.8036], [-71.2172, 46.8035], [-71.2173, 46.8034], [-71.2174, 46.8033], [-71.2175, 46.8032], [-71.2175, 46.8031], [-71.2176, 46.803], [-71.2176, 46.8029], [-71.2175, 46.8028], [-71.2175, 46.8026], [-71.2174, 46.8025], [-71.2174, 46.8024], [-71.2174, 46.8023], [-71.2174, 46.8022], [-71.2174, 46.8021], [-71.2175, 46.802], [-71.2176, 46.802], [-71.2176, 46.8019], [-71.2177, 46.8019], [-71.2178, 46.8019], [-71.2179, 46.8019], [-71.218, 46.802], [-71.2181, 46.802], [-71.2182, 46.8021], [-71.2183, 46.8021], [-71.2184, 46.8022], [-71.2185, 46.8022], [-71.2186, 46.8022], [-71.2187, 46.8023], [-71.2188, 46.8022], [-71.2189, 46.8022], [-71.219, 46.8021], [-71.2191, 46.8021], [-71.2192, 46.8021], [-71.2193, 46.8021], [-71.2194, 46.8021], [-71.2195, 46.8021], [-71.2196, 46.8022], [-71.2198, 46.8022], [-71.2199, 46.8023], [-71.22, 46.8024], [-71.2202, 46.8024], [-71.2204, 46.8025], [-71.2206, 46.8025], [-71.2209, 46.8025], [-71.2212, 46.8025], [-71.2215, 46.8025], [-71.2218, 46.8025], [-71.2221, 46.8025], [-71.2224, 46.8025], [-71.2226, 46.8025], [-71.2228, 46.8026], [-71.223, 46.8026], [-71.2231, 46.8026], [-71.2231, 46.8027], [-71.2231, 46.8028], [-71.2231, 46.8029], [-71.2231, 46.803], [-71.223, 46.803], [-71.2229, 46.8031], [-71.2228, 46.8032], [-71.2227, 46.8033], [-71.2225, 46.8033], [-71.2224, 46.8034], [-71.2224, 46.8035], [-71.2224, 46.8037], [-71.2224, 46.8038], [-71.2224, 46.8039], [-71.2225, 46.804], [-71.2227, 46.8042], [-71.2229, 46.8043], [-71.223, 46.8044], [-71.2232, 46.8045], [-71.2233, 46.8045], [-71.2234, 46.8045], [-71.2235, 46.8044], [-71.2235, 46.8043], [-71.2236, 46.8041], [-71.2236, 46.8039], [-71.2237, 46.8038], [-71.2237, 46.8036], [-71.2238, 46.8035], [-71.2239, 46.8034], [-71.224, 46.8033], [-71.2241, 46.8033], [-71.2242, 46.8033], [-71.2243, 46.8033], [-71.2244, 46.8033], [-71.2245, 46.8033], [-71.2246, 46.8034], [-71.2247, 46.8034], [-71.2247, 46.8035], [-71.2248, 46.8036], [-71.2248, 46.8037], [-71.2249, 46.8037], [-71.225, 46.8037], [-71.2251, 46.8037], [-71.2252, 46.8036], [-71.2253, 46.8036], [-71.2254, 46.8035], [-71.2255, 46.8035], [-71.2256, 46.8034], [-71.2257, 46.8034], [-71.2259, 46.8034], [-71.226, 46.8035], [-71.2261, 46.8035], [-71.2263, 46.8036], [-71.2264, 46.8036], [-71.2266, 46.8036], [-71.2267, 46.8036], [-71.2268, 46.8037], [-71.2269, 46.8037], [-71.2271, 46.8036], [-71.2272, 46.8036], [-71.2273, 46.8036], [-71.2274, 46.8036], [-71.2275, 46.8036], [-71.2276, 46.8037], [-71.2277, 46.8037], [-71.2277, 46.8038], [-71.2278, 46.804], [-71.2278, 46.8041], [-71.2279, 46.8043], [-71.2279, 46.8044], [-71.2279, 46.8046], [-71.2279, 46.8047], [-71.2278, 46.8049], [-71.2278, 46.805], [-71.2277, 46.8051], [-71.2276, 46.8052]]]}}, {"type": "Feature", "properties": {"couche": "voile", "station": "Colline Parlementaire", "minutes": 14}, "geometry": {"type": "Polygon", "coordinates": [[[-71.3872, 46.9233], [-71.0501, 46.9254], [-71.0478, 46.6949], [-71.3834, 46.6928], [-71.3872, 46.9233]], [[-71.2277, 46.8051], [-71.2278, 46.805], [-71.2278, 46.8049], [-71.2279, 46.8047], [-71.2279, 46.8046], [-71.2279, 46.8044], [-71.2279, 46.8043], [-71.2278, 46.8041], [-71.2278, 46.804], [-71.2277, 46.8038], [-71.2277, 46.8037], [-71.2276, 46.8037], [-71.2275, 46.8036], [-71.2274, 46.8036], [-71.2273, 46.8036], [-71.2272, 46.8036], [-71.2271, 46.8036], [-71.2269, 46.8037], [-71.2268, 46.8037], [-71.2267, 46.8036], [-71.2266, 46.8036], [-71.2264, 46.8036], [-71.2263, 46.8036], [-71.2261, 46.8035], [-71.226, 46.8035], [-71.2259, 46.8034], [-71.2257, 46.8034], [-71.2256, 46.8034], [-71.2255, 46.8035], [-71.2254, 46.8035], [-71.2253, 46.8036], [-71.2252, 46.8036], [-71.2251, 46.8037], [-71.225, 46.8037], [-71.2249, 46.8037], [-71.2248, 46.8037], [-71.2248, 46.8036], [-71.2247, 46.8035], [-71.2247, 46.8034], [-71.2246, 46.8034], [-71.2245, 46.8033], [-71.2244, 46.8033], [-71.2243, 46.8033], [-71.2242, 46.8033], [-71.2241, 46.8033], [-71.224, 46.8033], [-71.2239, 46.8034], [-71.2238, 46.8035], [-71.2237, 46.8036], [-71.2237, 46.8038], [-71.2236, 46.8039], [-71.2236, 46.8041], [-71.2235, 46.8043], [-71.2235, 46.8044], [-71.2234, 46.8045], [-71.2233, 46.8045], [-71.2232, 46.8045], [-71.223, 46.8044], [-71.2229, 46.8043], [-71.2227, 46.8042], [-71.2225, 46.804], [-71.2224, 46.8039], [-71.2224, 46.8038], [-71.2224, 46.8037], [-71.2224, 46.8035], [-71.2224, 46.8034], [-71.2225, 46.8033], [-71.2227, 46.8033], [-71.2228, 46.8032], [-71.2229, 46.8031], [-71.223, 46.803], [-71.2231, 46.803], [-71.2231, 46.8029], [-71.2231, 46.8028], [-71.2231, 46.8027], [-71.2231, 46.8026], [-71.223, 46.8026], [-71.2228, 46.8026], [-71.2226, 46.8025], [-71.2224, 46.8025], [-71.2221, 46.8025], [-71.2218, 46.8025], [-71.2215, 46.8025], [-71.2212, 46.8025], [-71.2209, 46.8025], [-71.2206, 46.8025], [-71.2204, 46.8025], [-71.2202, 46.8024], [-71.22, 46.8024], [-71.2199, 46.8023], [-71.2198, 46.8022], [-71.2196, 46.8022], [-71.2195, 46.8021], [-71.2194, 46.8021], [-71.2193, 46.8021], [-71.2192, 46.8021], [-71.2191, 46.8021], [-71.219, 46.8021], [-71.2189, 46.8022], [-71.2188, 46.8022], [-71.2187, 46.8023], [-71.2186, 46.8022], [-71.2185, 46.8022], [-71.2184, 46.8022], [-71.2183, 46.8021], [-71.2182, 46.8021], [-71.2181, 46.802], [-71.218, 46.802], [-71.2179, 46.8019], [-71.2178, 46.8019], [-71.2177, 46.8019], [-71.2176, 46.8019], [-71.2176, 46.802], [-71.2175, 46.802], [-71.2174, 46.8021], [-71.2174, 46.8022], [-71.2174, 46.8023], [-71.2174, 46.8024], [-71.2174, 46.8025], [-71.2175, 46.8026], [-71.2175, 46.8028], [-71.2176, 46.8029], [-71.2176, 46.803], [-71.2175, 46.8031], [-71.2175, 46.8032], [-71.2174, 46.8033], [-71.2173, 46.8034], [-71.2172, 46.8035], [-71.217, 46.8036], [-71.2169, 46.8037], [-71.2167, 46.8038], [-71.2166, 46.8038], [-71.2165, 46.8038], [-71.2164, 46.8039], [-71.2163, 46.8039], [-71.2162, 46.8038], [-71.2161, 46.8038], [-71.2161, 46.8037], [-71.2161, 46.8036], [-71.2162, 46.8035], [-71.2162, 46.8034], [-71.2163, 46.8033], [-71.2165, 46.8031], [-71.2166, 46.803], [-71.2167, 46.8028], [-71.2168, 46.8027], [-71.2169, 46.8026], [-71.2169, 46.8025], [-71.2169, 46.8024], [-71.2169, 46.8023], [-71.2168, 46.8022], [-71.2167, 46.8022], [-71.2166, 46.8022], [-71.2165, 46.8022], [-71.2164, 46.8022], [-71.2162, 46.8023], [-71.216, 46.8024], [-71.2159, 46.8025], [-71.2157, 46.8027], [-71.2155, 46.8029], [-71.2153, 46.8031], [-71.2152, 46.8033], [-71.2151, 46.8034], [-71.215, 46.8036], [-71.215, 46.8037], [-71.215, 46.8038], [-71.2151, 46.804], [-71.2152, 46.804], [-71.2153, 46.8041], [-71.2153, 46.8042], [-71.2153, 46.8043], [-71.2152, 46.8044], [-71.2152, 46.8045], [-71.215, 46.8045], [-71.2149, 46.8046], [-71.2147, 46.8047], [-71.2146, 46.8047], [-71.2144, 46.8047], [-71.2143, 46.8047], [-71.2141, 46.8047], [-71.214, 46.8047], [-71.2139, 46.8047], [-71.2138, 46.8046], [-71.2137, 46.8045], [-71.2137, 46.8044], [-71.2137, 46.8042], [-71.2137, 46.8041], [-71.2138, 46.804], [-71.2138, 46.8038], [-71.214, 46.8037], [-71.2141, 46.8035], [-71.2142, 46.8034], [-71.2142, 46.8032], [-71.2142, 46.8031], [-71.2141, 46.803], [-71.2139, 46.8029], [-71.2137, 46.8028], [-71.2134, 46.8027], [-71.2131, 46.8027], [-71.2128, 46.8026], [-71.2125, 46.8026], [-71.2123, 46.8026], [-71.2121, 46.8026], [-71.212, 46.8026], [-71.2119, 46.8027], [-71.2118, 46.8027], [-71.2118, 46.8028], [-71.2118, 46.8029], [-71.2117, 46.8029], [-71.2117, 46.803], [-71.2116, 46.803], [-71.2115, 46.803], [-71.2114, 46.803], [-71.2113, 46.803], [-71.2111, 46.803], [-71.211, 46.8031], [-71.2109, 46.8031], [-71.2108, 46.8031], [-71.2107, 46.8032], [-71.2106, 46.8033], [-71.2105, 46.8034], [-71.2104, 46.8035], [-71.2103, 46.8036], [-71.2102, 46.8037], [-71.2102, 46.8038], [-71.2102, 46.8039], [-71.2102, 46.804], [-71.2102, 46.8041], [-71.2102, 46.8042], [-71.2103, 46.8043], [-71.2103, 46.8044], [-71.2103, 46.8045], [-71.2103, 46.8046], [-71.2103, 46.8047], [-71.2102, 46.8048], [-71.2102, 46.805], [-71.2101, 46.8052], [-71.21, 46.8053], [-71.2099, 46.8054], [-71.2098, 46.8055], [-71.2096, 46.8055], [-71.2095, 46.8055], [-71.2094, 46.8055], [-71.2092, 46.8055], [-71.209, 46.8054], [-71.2089, 46.8053], [-71.2087, 46.8053], [-71.2086, 46.8053], [-71.2085, 46.8052], [-71.2083, 46.8052], [-71.2082, 46.8052], [-71.2081, 46.8053], [-71.208, 46.8053], [-71.208, 46.8054], [-71.208, 46.8055], [-71.208, 46.8056], [-71.2081, 46.8058], [-71.2081, 46.806], [-71.2083, 46.8062], [-71.2084, 46.8064], [-71.2085, 46.8066], [-71.2086, 46.8067], [-71.2086, 46.8069], [-71.2086, 46.807], [-71.2086, 46.8071], [-71.2085, 46.8072], [-71.2083, 46.8072], [-71.2082, 46.8072], [-71.208, 46.8073], [-71.2079, 46.8073], [-71.2078, 46.8074], [-71.2077, 46.8075], [-71.2077, 46.8076], [-71.2077, 46.8077], [-71.2077, 46.8078], [-71.2077, 46.808], [-71.2077, 46.8081], [-71.2077, 46.8083], [-71.2076, 46.8084], [-71.2075, 46.8086], [-71.2074, 46.8087], [-71.2072, 46.8088], [-71.207, 46.809], [-71.2067, 46.8091], [-71.2065, 46.8093], [-71.2064, 46.8094], [-71.2063, 46.8096], [-71.2062, 46.8097], [-71.2063, 46.8099], [-71.2063, 46.8101], [-71.2064, 46.8103], [-71.2066, 46.8105], [-71.2067, 46.8107], [-71.2068, 46.8109], [-71.2069, 46.8111], [-71.2069, 46.8112], [-71.2069, 46.8113], [-71.2068, 46.8114], [-71.2068, 46.8115], [-71.2066, 46.8115], [-71.2066, 46.8116], [-71.2065, 46.8117], [-71.2065, 46.8118], [-71.2065, 46.8119], [-71.2066, 46.8119], [-71.2067, 46.812], [-71.2068, 46.8121], [-71.2069, 46.8122], [-71.207, 46.8122], [-71.207, 46.8123], [-71.207, 46.8124], [-71.207, 46.8125], [-71.2069, 46.8126], [-71.2069, 46.8127], [-71.2068, 46.8128], [-71.2067, 46.813], [-71.2067, 46.8131], [-71.2068, 46.8133], [-71.2069, 46.8135], [-71.207, 46.8136], [-71.2072, 46.8139], [-71.2074, 46.8141], [-71.2077, 46.8143], [-71.208, 46.8145], [-71.2083, 46.8147], [-71.2086, 46.8149], [-71.2089, 46.8151], [-71.2092, 46.8152], [-71.2095, 46.8153], [-71.2098, 46.8154], [-71.2101, 46.8155], [-71.2104, 46.8155], [-71.2108, 46.8156], [-71.2111, 46.8156], [-71.2115, 46.8156], [-71.2119, 46.8156], [-71.2124, 46.8156], [-71.2128, 46.8156], [-71.2133, 46.8156], [-71.2138, 46.8155], [-71.2142, 46.8156], [-71.2146, 46.8156], [-71.2149, 46.8156], [-71.2153, 46.8157], [-71.2156, 46.8158], [-71.2159, 46.8159], [-71.2161, 46.816], [-71.2163, 46.816], [-71.2166, 46.8161], [-71.2167, 46.816], [-71.2169, 46.816], [-71.2171, 46.8158], [-71.2172, 46.8157], [-71.2173, 46.8154], [-71.2174, 46.8152], [-71.2175, 46.815], [-71.2176, 46.8148], [-71.2176, 46.8147], [-71.2177, 46.8147], [-71.2177, 46.8148], [-71.2177, 46.815], [-71.2177, 46.8152], [-71.2177, 46.8153], [-71.2178, 46.8155], [-71.218, 46.8157], [-71.2182, 46.8158], [-71.2185, 46.8159], [-71.2188, 46.8161], [-71.2192, 46.8162], [-71.2197, 46.8162], [-71.2201, 46.8163], [-71.2205, 46.8164], [-71.2209, 46.8164], [-71.2212, 46.8165], [-71.2215, 46.8165], [-71.2217, 46.8165], [-71.2219, 46.8165], [-71.2221, 46.8164], [-71.2223, 46.8164], [-71.2225, 46.8163], [-71.2226, 46.8162], [-71.2228, 46.816], [-71.2229, 46.8158], [-71.2231, 46.8156], [-71.2232, 46.8154], [-71.2234, 46.8151], [-71.2235, 46.8148], [-71.2236, 46.8146], [-71.2238, 46.8145], [-71.2239, 46.8143], [-71.224, 46.8142], [-71.2242, 46.8142], [-71.2243, 46.8141], [-71.2244, 46.8142], [-71.2246, 46.8141], [-71.2247, 46.8141], [-71.2249, 46.814], [-71.225, 46.8138], [-71.2252, 46.8137], [-71.2254, 46.8135], [-71.2256, 46.8132], [-71.2258, 46.8129], [-71.2259, 46.8127], [-71.2261, 46.8124], [-71.2262, 46.8122], [-71.2263, 46.8119], [-71.2263, 46.8117], [-71.2264, 46.8115], [-71.2264, 46.8113], [-71.2263, 46.8111], [-71.2263, 46.8109], [-71.2263, 46.8107], [-71.2264, 46.8106], [-71.2264, 46.8105], [-71.2265, 46.8103], [-71.2266, 46.8102], [-71.2267, 46.8101], [-71.2269, 46.8101], [-71.227, 46.81], [-71.2272, 46.8099], [-71.2273, 46.8097], [-71.2274, 46.8096], [-71.2275, 46.8094], [-71.2276, 46.8092], [-71.2277, 46.809], [-71.2277, 46.8088], [-71.2278, 46.8086], [-71.2278, 46.8083], [-71.2279, 46.8081], [-71.2279, 46.8078], [-71.228, 46.8076], [-71.228, 46.8073], [-71.228, 46.807], [-71.228, 46.8067], [-71.228, 46.8065], [-71.228, 46.8062], [-71.228, 46.8061], [-71.2279, 46.8059], [-71.2278, 46.8058], [-71.2277, 46.8057], [-71.2276, 46.8057], [-71.2275, 46.8056], [-71.2274, 46.8056], [-71.2273, 46.8056], [-71.2273, 46.8055], [-71.2273, 46.8054], [-71.2274, 46.8053], [-71.2276, 46.8052], [-71.2277, 46.8051]]]}}, {"type": "Feature", "properties": {"couche": "aire_marche", "station": "Colline Parlementaire", "ordre": 20, "minutes": 15, "superficie_ha": 232.9, "rue_km": 92.01, "disque_ha": 346.4, "part_disque_pct": 67, "accroche_m": 31, "population": 14889, "navetteurs": 4794, "mode_auto_pct": 38, "mode_tc_pct": 21, "mode_actif_pct": 40, "mode_autre_pct": 1}, "geometry": {"type": "Polygon", "coordinates": [[[-71.2285, 46.8055], [-71.2285, 46.8061], [-71.2285, 46.8067], [-71.2285, 46.8073], [-71.2285, 46.8078], [-71.2284, 46.8082], [-71.2283, 46.8085], [-71.2282, 46.8088], [-71.2281, 46.809], [-71.228, 46.8091], [-71.2279, 46.8092], [-71.2278, 46.8094], [-71.2277, 46.8095], [-71.2277, 46.8096], [-71.2276, 46.8097], [-71.2276, 46.8098], [-71.2277, 46.8099], [-71.2277, 46.81], [-71.2277, 46.8101], [-71.2278, 46.8102], [-71.2277, 46.8102], [-71.2277, 46.8103], [-71.2277, 46.8104], [-71.2276, 46.8105], [-71.2275, 46.8105], [-71.2274, 46.8106], [-71.2273, 46.8107], [-71.2272, 46.8108], [-71.2271, 46.8109], [-71.2271, 46.811], [-71.2271, 46.8111], [-71.2271, 46.8112], [-71.2272, 46.8113], [-71.2272, 46.8114], [-71.2272, 46.8115], [-71.2272, 46.8117], [-71.2272, 46.8118], [-71.2271, 46.812], [-71.2271, 46.8122], [-71.227, 46.8124], [-71.2269, 46.8126], [-71.2268, 46.8128], [-71.2267, 46.813], [-71.2266, 46.8132], [-71.2264, 46.8134], [-71.2263, 46.8136], [-71.2261, 46.8138], [-71.226, 46.8139], [-71.2258, 46.8141], [-71.2257, 46.8143], [-71.2255, 46.8144], [-71.2254, 46.8145], [-71.2252, 46.8146], [-71.2251, 46.8147], [-71.225, 46.8147], [-71.2248, 46.8147], [-71.2247, 46.8147], [-71.2246, 46.8148], [-71.2245, 46.8148], [-71.2243, 46.8149], [-71.2242, 46.8151], [-71.2241, 46.8152], [-71.2239, 46.8154], [-71.2238, 46.8157], [-71.2236, 46.816], [-71.2235, 46.8162], [-71.2233, 46.8164], [-71.2232, 46.8166], [-71.223, 46.8167], [-71.2228, 46.8169], [-71.2227, 46.8169], [-71.2225, 46.817], [-71.2223, 46.817], [-71.2221, 46.817], [-71.2218, 46.817], [-71.2215, 46.817], [-71.2212, 46.817], [-71.2208, 46.8169], [-71.2204, 46.8168], [-71.2199, 46.8168], [-71.2194, 46.8166], [-71.2189, 46.8166], [-71.2185, 46.8165], [-71.2181, 46.8165], [-71.2177, 46.8164], [-71.2174, 46.8164], [-71.2171, 46.8164], [-71.2169, 46.8165], [-71.2167, 46.8165], [-71.2165, 46.8166], [-71.2163, 46.8166], [-71.2162, 46.8166], [-71.2161, 46.8166], [-71.2159, 46.8165], [-71.2158, 46.8165], [-71.2158, 46.8164], [-71.2157, 46.8164], [-71.2156, 46.8163], [-71.2155, 46.8162], [-71.2154, 46.8162], [-71.2152, 46.8161], [-71.215, 46.8161], [-71.2148, 46.8161], [-71.2146, 46.816], [-71.2143, 46.816], [-71.214, 46.816], [-71.2138, 46.816], [-71.2135, 46.816], [-71.2133, 46.816], [-71.2131, 46.816], [-71.2128, 46.816], [-71.2126, 46.8161], [-71.2124, 46.8161], [-71.2122, 46.8161], [-71.212, 46.8161], [-71.2118, 46.8161], [-71.2116, 46.816], [-71.2114, 46.816], [-71.2113, 46.8159], [-71.2112, 46.8158], [-71.2111, 46.8157], [-71.2109, 46.8156], [-71.2107, 46.8155], [-71.2106, 46.8155], [-71.2103, 46.8154], [-71.2101, 46.8154], [-71.2098, 46.8154], [-71.2096, 46.8154], [-71.2092, 46.8155], [-71.2089, 46.8154], [-71.2086, 46.8154], [-71.2083, 46.8153], [-71.208, 46.8152], [-71.2077, 46.815], [-71.2073, 46.8148], [-71.207, 46.8145], [-71.2067, 46.8142], [-71.2064, 46.8139], [-71.2061, 46.8136], [-71.2059, 46.8134], [-71.2057, 46.8132], [-71.2056, 46.813], [-71.2055, 46.8128], [-71.2055, 46.8126], [-71.2055, 46.8125], [-71.2055, 46.8124], [-71.2055, 46.8122], [-71.2055, 46.8121], [-71.2056, 46.812], [-71.2057, 46.8119], [-71.2057, 46.8118], [-71.2058, 46.8118], [-71.2059, 46.8117], [-71.2059, 46.8116], [-71.2059, 46.8115], [-71.2059, 46.8113], [-71.2058, 46.8112], [-71.2058, 46.811], [-71.2056, 46.8107], [-71.2055, 46.8105], [-71.2054, 46.8103], [-71.2053, 46.8101], [-71.2053, 46.8099], [-71.2052, 46.8097], [-71.2053, 46.8095], [-71.2053, 46.8094], [-71.2054, 46.8092], [-71.2055, 46.8091], [-71.2056, 46.809], [-71.2057, 46.8089], [-71.2058, 46.8089], [-71.206, 46.8088], [-71.2062, 46.8087], [-71.2063, 46.8087], [-71.2065, 46.8086], [-71.2067, 46.8086], [-71.2069, 46.8085], [-71.207, 46.8085], [-71.2071, 46.8084], [-71.2072, 46.8083], [-71.2072, 46.8082], [-71.2072, 46.8081], [-71.2071, 46.8079], [-71.2071, 46.8078], [-71.207, 46.8077], [-71.207, 46.8075], [-71.207, 46.8074], [-71.207, 46.8072], [-71.2071, 46.8071], [-71.2072, 46.8069], [-71.2074, 46.8068], [-71.2076, 46.8066], [-71.2078, 46.8065], [-71.2079, 46.8063], [-71.208, 46.8062], [-71.208, 46.8061], [-71.208, 46.8059], [-71.208, 46.8058], [-71.2079, 46.8056], [-71.2078, 46.8055], [-71.2077, 46.8054], [-71.2077, 46.8053], [-71.2076, 46.8052], [-71.2077, 46.8051], [-71.2077, 46.805], [-71.2078, 46.8049], [-71.2079, 46.8048], [-71.208, 46.8048], [-71.2082, 46.8048], [-71.2083, 46.8047], [-71.2084, 46.8048], [-71.2086, 46.8048], [-71.2087, 46.8049], [-71.2089, 46.805], [-71.2091, 46.8051], [-71.2092, 46.8052], [-71.2094, 46.8053], [-71.2095, 46.8054], [-71.2096, 46.8055], [-71.2098, 46.8055], [-71.2099, 46.8054], [-71.21, 46.8053], [-71.21, 46.8052], [-71.2101, 46.8051], [-71.2101, 46.8049], [-71.2102, 46.8048], [-71.2102, 46.8047], [-71.2102, 46.8046], [-71.2101, 46.8045], [-71.21, 46.8045], [-71.2099, 46.8044], [-71.2098, 46.8044], [-71.2098, 46.8043], [-71.2097, 46.8042], [-71.2097, 46.8041], [-71.2097, 46.804], [-71.2098, 46.8039], [-71.2099, 46.8037], [-71.21, 46.8035], [-71.2102, 46.8033], [-71.2103, 46.8032], [-71.2105, 46.803], [-71.2106, 46.8029], [-71.2108, 46.8029], [-71.2109, 46.8028], [-71.211, 46.8028], [-71.2112, 46.8028], [-71.2113, 46.8029], [-71.2114, 46.8029], [-71.2115, 46.8029], [-71.2116, 46.8029], [-71.2116, 46.8028], [-71.2117, 46.8028], [-71.2117, 46.8027], [-71.2117, 46.8025], [-71.2117, 46.8024], [-71.2117, 46.8023], [-71.2117, 46.8022], [-71.2117, 46.8021], [-71.2118, 46.802], [-71.2119, 46.802], [-71.212, 46.8021], [-71.2121, 46.8021], [-71.2122, 46.8022], [-71.2124, 46.8022], [-71.2125, 46.8023], [-71.2127, 46.8023], [-71.2128, 46.8023], [-71.213, 46.8023], [-71.2132, 46.8022], [-71.2133, 46.8022], [-71.2135, 46.8022], [-71.2137, 46.8021], [-71.2139, 46.8021], [-71.214, 46.8021], [-71.2142, 46.8021], [-71.2143, 46.8022], [-71.2144, 46.8022], [-71.2146, 46.8022], [-71.2147, 46.8023], [-71.2147, 46.8024], [-71.2147, 46.8025], [-71.2147, 46.8026], [-71.2146, 46.8028], [-71.2145, 46.803], [-71.2143, 46.8032], [-71.2141, 46.8034], [-71.214, 46.8037], [-71.2138, 46.8039], [-71.2138, 46.804], [-71.2137, 46.8042], [-71.2137, 46.8043], [-71.2137, 46.8044], [-71.2137, 46.8045], [-71.2138, 46.8046], [-71.2139, 46.8047], [-71.214, 46.8047], [-71.2141, 46.8047], [-71.2143, 46.8047], [-71.2144, 46.8047], [-71.2146, 46.8047], [-71.2147, 46.8047], [-71.2149, 46.8046], [-71.215, 46.8045], [-71.2152, 46.8045], [-71.2152, 46.8044], [-71.2153, 46.8043], [-71.2153, 46.8042], [-71.2153, 46.8041], [-71.2152, 46.804], [-71.2151, 46.8039], [-71.2151, 46.8038], [-71.2151, 46.8037], [-71.2151, 46.8035], [-71.2152, 46.8033], [-71.2153, 46.8031], [-71.2154, 46.8029], [-71.2156, 46.8027], [-71.2159, 46.8024], [-71.2161, 46.8022], [-71.2164, 46.802], [-71.2166, 46.8019], [-71.2169, 46.8018], [-71.2171, 46.8018], [-71.2173, 46.8018], [-71.2176, 46.8019], [-71.2178, 46.802], [-71.218, 46.8021], [-71.2182, 46.8021], [-71.2184, 46.8022], [-71.2187, 46.8022], [-71.2188, 46.8021], [-71.219, 46.8021], [-71.2192, 46.802], [-71.2194, 46.8019], [-71.2195, 46.8018], [-71.2197, 46.8017], [-71.2199, 46.8017], [-71.22, 46.8016], [-71.2201, 46.8016], [-71.2203, 46.8016], [-71.2204, 46.8017], [-71.2205, 46.8017], [-71.2207, 46.8018], [-71.2208, 46.8018], [-71.221, 46.8019], [-71.2213, 46.8019], [-71.2215, 46.802], [-71.2218, 46.802], [-71.2222, 46.802], [-71.2225, 46.802], [-71.2228, 46.802], [-71.2231, 46.8021], [-71.2233, 46.8021], [-71.2234, 46.8022], [-71.2235, 46.8022], [-71.2236, 46.8023], [-71.2236, 46.8024], [-71.2236, 46.8025], [-71.2236, 46.8026], [-71.2236, 46.8027], [-71.2236, 46.8028], [-71.2236, 46.8029], [-71.2237, 46.803], [-71.2238, 46.803], [-71.2238, 46.8031], [-71.2239, 46.8031], [-71.224, 46.8032], [-71.2241, 46.8032], [-71.2242, 46.8032], [-71.2243, 46.8032], [-71.2244, 46.8031], [-71.2245, 46.8031], [-71.2246, 46.803], [-71.2248, 46.803], [-71.2249, 46.803], [-71.2251, 46.8029], [-71.2252, 46.8029], [-71.2254, 46.8029], [-71.2256, 46.8029], [-71.2258, 46.8029], [-71.226, 46.8029], [-71.2262, 46.8029], [-71.2263, 46.8029], [-71.2265, 46.803], [-71.2266, 46.803], [-71.2266, 46.8031], [-71.2267, 46.8032], [-71.2267, 46.8033], [-71.2267, 46.8034], [-71.2268, 46.8035], [-71.2269, 46.8035], [-71.227, 46.8036], [-71.2272, 46.8035], [-71.2273, 46.8035], [-71.2275, 46.8035], [-71.2277, 46.8034], [-71.2279, 46.8034], [-71.2281, 46.8035], [-71.2282, 46.8037], [-71.2283, 46.804], [-71.2284, 46.8044], [-71.2285, 46.8049], [-71.2285, 46.8055]]]}}, {"type": "Feature", "properties": {"couche": "voile", "station": "Colline Parlementaire", "minutes": 15}, "geometry": {"type": "Polygon", "coordinates": [[[-71.3877, 46.9238], [-71.0491, 46.9259], [-71.0468, 46.6946], [-71.3839, 46.6925], [-71.3877, 46.9238]], [[-71.2285, 46.8049], [-71.2284, 46.8044], [-71.2283, 46.804], [-71.2282, 46.8037], [-71.2281, 46.8035], [-71.2279, 46.8034], [-71.2277, 46.8034], [-71.2275, 46.8035], [-71.2273, 46.8035], [-71.2272, 46.8035], [-71.227, 46.8036], [-71.2269, 46.8035], [-71.2268, 46.8035], [-71.2267, 46.8034], [-71.2267, 46.8033], [-71.2267, 46.8032], [-71.2266, 46.8031], [-71.2266, 46.803], [-71.2265, 46.803], [-71.2263, 46.8029], [-71.2262, 46.8029], [-71.226, 46.8029], [-71.2258, 46.8029], [-71.2256, 46.8029], [-71.2254, 46.8029], [-71.2252, 46.8029], [-71.2251, 46.8029], [-71.2249, 46.803], [-71.2248, 46.803], [-71.2246, 46.803], [-71.2245, 46.8031], [-71.2244, 46.8031], [-71.2243, 46.8032], [-71.2242, 46.8032], [-71.2241, 46.8032], [-71.224, 46.8032], [-71.2239, 46.8031], [-71.2238, 46.8031], [-71.2238, 46.803], [-71.2237, 46.803], [-71.2236, 46.8029], [-71.2236, 46.8028], [-71.2236, 46.8027], [-71.2236, 46.8026], [-71.2236, 46.8025], [-71.2236, 46.8024], [-71.2236, 46.8023], [-71.2235, 46.8022], [-71.2234, 46.8022], [-71.2233, 46.8021], [-71.2231, 46.8021], [-71.2228, 46.802], [-71.2225, 46.802], [-71.2222, 46.802], [-71.2218, 46.802], [-71.2215, 46.802], [-71.2213, 46.8019], [-71.221, 46.8019], [-71.2208, 46.8018], [-71.2207, 46.8018], [-71.2205, 46.8017], [-71.2204, 46.8017], [-71.2203, 46.8016], [-71.2201, 46.8016], [-71.22, 46.8016], [-71.2199, 46.8017], [-71.2197, 46.8017], [-71.2195, 46.8018], [-71.2194, 46.8019], [-71.2192, 46.802], [-71.219, 46.8021], [-71.2188, 46.8021], [-71.2187, 46.8022], [-71.2184, 46.8022], [-71.2182, 46.8021], [-71.218, 46.8021], [-71.2178, 46.802], [-71.2176, 46.8019], [-71.2173, 46.8018], [-71.2171, 46.8018], [-71.2169, 46.8018], [-71.2166, 46.8019], [-71.2164, 46.802], [-71.2161, 46.8022], [-71.2159, 46.8024], [-71.2156, 46.8027], [-71.2154, 46.8029], [-71.2153, 46.8031], [-71.2152, 46.8033], [-71.2151, 46.8035], [-71.2151, 46.8037], [-71.2151, 46.8038], [-71.2151, 46.8039], [-71.2152, 46.804], [-71.2153, 46.8041], [-71.2153, 46.8042], [-71.2153, 46.8043], [-71.2152, 46.8044], [-71.2152, 46.8045], [-71.215, 46.8045], [-71.2149, 46.8046], [-71.2147, 46.8047], [-71.2146, 46.8047], [-71.2144, 46.8047], [-71.2143, 46.8047], [-71.2141, 46.8047], [-71.214, 46.8047], [-71.2139, 46.8047], [-71.2138, 46.8046], [-71.2137, 46.8045], [-71.2137, 46.8044], [-71.2137, 46.8043], [-71.2137, 46.8042], [-71.2138, 46.804], [-71.2138, 46.8039], [-71.214, 46.8037], [-71.2141, 46.8034], [-71.2143, 46.8032], [-71.2145, 46.803], [-71.2146, 46.8028], [-71.2147, 46.8026], [-71.2147, 46.8025], [-71.2147, 46.8024], [-71.2147, 46.8023], [-71.2146, 46.8022], [-71.2144, 46.8022], [-71.2143, 46.8022], [-71.2142, 46.8021], [-71.214, 46.8021], [-71.2139, 46.8021], [-71.2137, 46.8021], [-71.2135, 46.8022], [-71.2133, 46.8022], [-71.2132, 46.8022], [-71.213, 46.8023], [-71.2128, 46.8023], [-71.2127, 46.8023], [-71.2125, 46.8023], [-71.2124, 46.8022], [-71.2122, 46.8022], [-71.2121, 46.8021], [-71.212, 46.8021], [-71.2119, 46.802], [-71.2118, 46.802], [-71.2117, 46.8021], [-71.2117, 46.8022], [-71.2117, 46.8023], [-71.2117, 46.8024], [-71.2117, 46.8025], [-71.2117, 46.8027], [-71.2117, 46.8028], [-71.2116, 46.8028], [-71.2116, 46.8029], [-71.2115, 46.8029], [-71.2114, 46.8029], [-71.2113, 46.8029], [-71.2112, 46.8028], [-71.211, 46.8028], [-71.2109, 46.8028], [-71.2108, 46.8029], [-71.2106, 46.8029], [-71.2105, 46.803], [-71.2103, 46.8032], [-71.2102, 46.8033], [-71.21, 46.8035], [-71.2099, 46.8037], [-71.2098, 46.8039], [-71.2097, 46.804], [-71.2097, 46.8041], [-71.2097, 46.8042], [-71.2098, 46.8043], [-71.2098, 46.8044], [-71.2099, 46.8044], [-71.21, 46.8045], [-71.2101, 46.8045], [-71.2102, 46.8046], [-71.2102, 46.8047], [-71.2102, 46.8048], [-71.2101, 46.8049], [-71.2101, 46.8051], [-71.21, 46.8052], [-71.21, 46.8053], [-71.2099, 46.8054], [-71.2098, 46.8055], [-71.2096, 46.8055], [-71.2095, 46.8054], [-71.2094, 46.8053], [-71.2092, 46.8052], [-71.2091, 46.8051], [-71.2089, 46.805], [-71.2087, 46.8049], [-71.2086, 46.8048], [-71.2084, 46.8048], [-71.2083, 46.8047], [-71.2082, 46.8048], [-71.208, 46.8048], [-71.2079, 46.8048], [-71.2078, 46.8049], [-71.2077, 46.805], [-71.2077, 46.8051], [-71.2076, 46.8052], [-71.2077, 46.8053], [-71.2077, 46.8054], [-71.2078, 46.8055], [-71.2079, 46.8056], [-71.208, 46.8058], [-71.208, 46.8059], [-71.208, 46.8061], [-71.208, 46.8062], [-71.2079, 46.8063], [-71.2078, 46.8065], [-71.2076, 46.8066], [-71.2074, 46.8068], [-71.2072, 46.8069], [-71.2071, 46.8071], [-71.207, 46.8072], [-71.207, 46.8074], [-71.207, 46.8075], [-71.207, 46.8077], [-71.2071, 46.8078], [-71.2071, 46.8079], [-71.2072, 46.8081], [-71.2072, 46.8082], [-71.2072, 46.8083], [-71.2071, 46.8084], [-71.207, 46.8085], [-71.2069, 46.8085], [-71.2067, 46.8086], [-71.2065, 46.8086], [-71.2063, 46.8087], [-71.2062, 46.8087], [-71.206, 46.8088], [-71.2058, 46.8089], [-71.2057, 46.8089], [-71.2056, 46.809], [-71.2055, 46.8091], [-71.2054, 46.8092], [-71.2053, 46.8094], [-71.2053, 46.8095], [-71.2052, 46.8097], [-71.2053, 46.8099], [-71.2053, 46.8101], [-71.2054, 46.8103], [-71.2055, 46.8105], [-71.2056, 46.8107], [-71.2058, 46.811], [-71.2058, 46.8112], [-71.2059, 46.8113], [-71.2059, 46.8115], [-71.2059, 46.8116], [-71.2059, 46.8117], [-71.2058, 46.8118], [-71.2057, 46.8118], [-71.2057, 46.8119], [-71.2056, 46.812], [-71.2055, 46.8121], [-71.2055, 46.8122], [-71.2055, 46.8124], [-71.2055, 46.8125], [-71.2055, 46.8126], [-71.2055, 46.8128], [-71.2056, 46.813], [-71.2057, 46.8132], [-71.2059, 46.8134], [-71.2061, 46.8136], [-71.2064, 46.8139], [-71.2067, 46.8142], [-71.207, 46.8145], [-71.2073, 46.8148], [-71.2077, 46.815], [-71.208, 46.8152], [-71.2083, 46.8153], [-71.2086, 46.8154], [-71.2089, 46.8154], [-71.2092, 46.8155], [-71.2096, 46.8154], [-71.2098, 46.8154], [-71.2101, 46.8154], [-71.2103, 46.8154], [-71.2106, 46.8155], [-71.2107, 46.8155], [-71.2109, 46.8156], [-71.2111, 46.8157], [-71.2112, 46.8158], [-71.2113, 46.8159], [-71.2114, 46.816], [-71.2116, 46.816], [-71.2118, 46.8161], [-71.212, 46.8161], [-71.2122, 46.8161], [-71.2124, 46.8161], [-71.2126, 46.8161], [-71.2128, 46.816], [-71.2131, 46.816], [-71.2133, 46.816], [-71.2135, 46.816], [-71.2138, 46.816], [-71.214, 46.816], [-71.2143, 46.816], [-71.2146, 46.816], [-71.2148, 46.8161], [-71.215, 46.8161], [-71.2152, 46.8161], [-71.2154, 46.8162], [-71.2155, 46.8162], [-71.2156, 46.8163], [-71.2157, 46.8164], [-71.2158, 46.8164], [-71.2158, 46.8165], [-71.2159, 46.8165], [-71.2161, 46.8166], [-71.2162, 46.8166], [-71.2163, 46.8166], [-71.2165, 46.8166], [-71.2167, 46.8165], [-71.2169, 46.8165], [-71.2171, 46.8164], [-71.2174, 46.8164], [-71.2177, 46.8164], [-71.2181, 46.8165], [-71.2185, 46.8165], [-71.2189, 46.8166], [-71.2194, 46.8166], [-71.2199, 46.8168], [-71.2204, 46.8168], [-71.2208, 46.8169], [-71.2212, 46.817], [-71.2215, 46.817], [-71.2218, 46.817], [-71.2221, 46.817], [-71.2223, 46.817], [-71.2225, 46.817], [-71.2227, 46.8169], [-71.2228, 46.8169], [-71.223, 46.8167], [-71.2232, 46.8166], [-71.2233, 46.8164], [-71.2235, 46.8162], [-71.2236, 46.816], [-71.2238, 46.8157], [-71.2239, 46.8154], [-71.2241, 46.8152], [-71.2242, 46.8151], [-71.2243, 46.8149], [-71.2245, 46.8148], [-71.2246, 46.8148], [-71.2247, 46.8147], [-71.2248, 46.8147], [-71.225, 46.8147], [-71.2251, 46.8147], [-71.2252, 46.8146], [-71.2254, 46.8145], [-71.2255, 46.8144], [-71.2257, 46.8143], [-71.2258, 46.8141], [-71.226, 46.8139], [-71.2261, 46.8138], [-71.2263, 46.8136], [-71.2264, 46.8134], [-71.2266, 46.8132], [-71.2267, 46.813], [-71.2268, 46.8128], [-71.2269, 46.8126], [-71.227, 46.8124], [-71.2271, 46.8122], [-71.2271, 46.812], [-71.2272, 46.8118], [-71.2272, 46.8117], [-71.2272, 46.8115], [-71.2272, 46.8114], [-71.2272, 46.8113], [-71.2271, 46.8112], [-71.2271, 46.8111], [-71.2271, 46.811], [-71.2271, 46.8109], [-71.2272, 46.8108], [-71.2273, 46.8107], [-71.2274, 46.8106], [-71.2275, 46.8105], [-71.2276, 46.8105], [-71.2277, 46.8104], [-71.2277, 46.8103], [-71.2277, 46.8102], [-71.2278, 46.8102], [-71.2277, 46.8101], [-71.2277, 46.81], [-71.2277, 46.8099], [-71.2276, 46.8098], [-71.2276, 46.8097], [-71.2277, 46.8096], [-71.2277, 46.8095], [-71.2278, 46.8094], [-71.2279, 46.8092], [-71.228, 46.8091], [-71.2281, 46.809], [-71.2282, 46.8088], [-71.2283, 46.8085], [-71.2284, 46.8082], [-71.2285, 46.8078], [-71.2285, 46.8073], [-71.2285, 46.8067], [-71.2285, 46.8061], [-71.2285, 46.8055], [-71.2285, 46.8049]]]}}]}