{"type": "FeatureCollection", "metadata": {"script": "scripts/analysis/tramway-isochrones.py", "genere_le": "2026-10-05", "source": "OpenStreetMap (ODbL) ; Statistique Canada, Recensement 2021", "attribution": "© les contributeurs d'OpenStreetMap", "titre": "Aires de marche et voiles — Des Peupliers", "paliers_min": [2, 3, 4, 5, 6, 7, 8, 9, 10, 11, 12, 13, 14, 15], "vitesse_kmh": 4.2, "methode": "Dijkstra sur le réseau marchable d'OpenStreetMap à 4.2 km/h ; couloir de 40 m autour des rues atteintes. Chaque voile est le complément de l'aire du même palier. Population par pondération de surface des aires de diffusion.", "trous": "comblés — intérieurs de grands îlots, pas des zones inaccessibles", "modes": "Mode de transport domicile–travail, recensement 2021 (mai 2021, en pleine pandémie), données-échantillon 25 %, réparti par pondération de surface."}, "features": [{"type": "Feature", "properties": {"couche": "aire_marche", "station": "Des Peupliers", "ordre": 28, "minutes": 2, "superficie_ha": 5.3, "rue_km": 0.88, "disque_ha": 6.2, "part_disque_pct": 86, "accroche_m": 3, "population": 266, "navetteurs": 96, "mode_auto_pct": 69, "mode_tc_pct": 20, "mode_actif_pct": 11, "mode_autre_pct": 0}, "geometry": {"type": "Polygon", "coordinates": [[[-71.2466, 46.8382], [-71.2465, 46.8385], [-71.2463, 46.8387], [-71.2462, 46.8389], [-71.2459, 46.8391], [-71.2457, 46.8392], [-71.2454, 46.8393], [-71.2451, 46.8393], [-71.2448, 46.8393], [-71.2444, 46.8392], [-71.2441, 46.8391], [-71.2439, 46.839], [-71.2437, 46.8389], [-71.2435, 46.8387], [-71.2434, 46.8385], [-71.2434, 46.8383], [-71.2434, 46.838], [-71.2435, 46.8377], [-71.2437, 46.8375], [-71.2438, 46.8373], [-71.244, 46.8371], [-71.2443, 46.837], [-71.2446, 46.8369], [-71.2449, 46.8369], [-71.2452, 46.8369], [-71.2457, 46.837], [-71.246, 46.8371], [-71.2463, 46.8372], [-71.2465, 46.8373], [-71.2466, 46.8375], [-71.2467, 46.8377], [-71.2467, 46.838], [-71.2466, 46.8382]]]}}, {"type": "Feature", "properties": {"couche": "voile", "station": "Des Peupliers", "minutes": 2}, "geometry": {"type": "Polygon", "coordinates": [[[-71.4058, 46.9461], [-71.0873, 46.9482], [-71.0849, 46.7299], [-71.4022, 46.7278], [-71.4058, 46.9461]], [[-71.2467, 46.838], [-71.2467, 46.8377], [-71.2466, 46.8375], [-71.2465, 46.8373], [-71.2463, 46.8372], [-71.246, 46.8371], [-71.2457, 46.837], [-71.2452, 46.8369], [-71.2449, 46.8369], [-71.2446, 46.8369], [-71.2443, 46.837], [-71.244, 46.8371], [-71.2438, 46.8373], [-71.2437, 46.8375], [-71.2435, 46.8377], [-71.2434, 46.838], [-71.2434, 46.8383], [-71.2434, 46.8385], [-71.2435, 46.8387], [-71.2437, 46.8389], [-71.2439, 46.839], [-71.2441, 46.8391], [-71.2444, 46.8392], [-71.2448, 46.8393], [-71.2451, 46.8393], [-71.2454, 46.8393], [-71.2457, 46.8392], [-71.2459, 46.8391], [-71.2462, 46.8389], [-71.2463, 46.8387], [-71.2465, 46.8385], [-71.2466, 46.8382], [-71.2467, 46.838]]]}}, {"type": "Feature", "properties": {"couche": "aire_marche", "station": "Des Peupliers", "ordre": 28, "minutes": 3, "superficie_ha": 11.6, "rue_km": 1.84, "disque_ha": 13.9, "part_disque_pct": 83, "accroche_m": 3, "population": 573, "navetteurs": 206, "mode_auto_pct": 69, "mode_tc_pct": 20, "mode_actif_pct": 11, "mode_autre_pct": 0}, "geometry": {"type": "Polygon", "coordinates": [[[-71.2475, 46.8378], [-71.2473, 46.838], [-71.2472, 46.8381], [-71.2472, 46.8382], [-71.2471, 46.8383], [-71.2471, 46.8384], [-71.2471, 46.8385], [-71.2471, 46.8386], [-71.2472, 46.8387], [-71.2472, 46.8388], [-71.2472, 46.8389], [-71.2472, 46.839], [-71.2472, 46.8391], [-71.2472, 46.8392], [-71.2471, 46.8394], [-71.247, 46.8395], [-71.2469, 46.8396], [-71.2468, 46.8397], [-71.2467, 46.8398], [-71.2465, 46.8399], [-71.2462, 46.8399], [-71.246, 46.8399], [-71.2457, 46.8399], [-71.2454, 46.8398], [-71.2451, 46.8398], [-71.2449, 46.8398], [-71.2446, 46.8397], [-71.2444, 46.8397], [-71.2443, 46.8396], [-71.2441, 46.8395], [-71.244, 46.8395], [-71.244, 46.8394], [-71.2439, 46.8393], [-71.2438, 46.8393], [-71.2437, 46.8392], [-71.2435, 46.8392], [-71.2434, 46.8392], [-71.2432, 46.8392], [-71.2431, 46.8392], [-71.2429, 46.8392], [-71.2428, 46.8392], [-71.2427, 46.8391], [-71.2426, 46.839], [-71.2426, 46.8388], [-71.2427, 46.8385], [-71.2427, 46.8382], [-71.2428, 46.8379], [-71.243, 46.8375], [-71.2432, 46.8372], [-71.2434, 46.8369], [-71.2437, 46.8367], [-71.244, 46.8365], [-71.2444, 46.8364], [-71.2448, 46.8364], [-71.2453, 46.8364], [-71.2458, 46.8365], [-71.2463, 46.8366], [-71.2467, 46.8366], [-71.247, 46.8367], [-71.2473, 46.8368], [-71.2475, 46.8368], [-71.2476, 46.8369], [-71.2477, 46.837], [-71.2478, 46.8371], [-71.2478, 46.8372], [-71.2477, 46.8373], [-71.2477, 46.8374], [-71.2476, 46.8375], [-71.2476, 46.8377], [-71.2475, 46.8378]]]}}, {"type": "Feature", "properties": {"couche": "voile", "station": "Des Peupliers", "minutes": 3}, "geometry": {"type": "Polygon", "coordinates": [[[-71.407, 46.9467], [-71.0865, 46.9488], [-71.0841, 46.7294], [-71.4033, 46.7273], [-71.407, 46.9467]], [[-71.2476, 46.8377], [-71.2476, 46.8375], [-71.2477, 46.8374], [-71.2477, 46.8373], [-71.2478, 46.8372], [-71.2478, 46.8371], [-71.2477, 46.837], [-71.2476, 46.8369], [-71.2475, 46.8368], [-71.2473, 46.8368], [-71.247, 46.8367], [-71.2467, 46.8366], [-71.2463, 46.8366], [-71.2458, 46.8365], [-71.2453, 46.8364], [-71.2448, 46.8364], [-71.2444, 46.8364], [-71.244, 46.8365], [-71.2437, 46.8367], [-71.2434, 46.8369], [-71.2432, 46.8372], [-71.243, 46.8375], [-71.2428, 46.8379], [-71.2427, 46.8382], [-71.2427, 46.8385], [-71.2426, 46.8388], [-71.2426, 46.839], [-71.2427, 46.8391], [-71.2428, 46.8392], [-71.2429, 46.8392], [-71.2431, 46.8392], [-71.2432, 46.8392], [-71.2434, 46.8392], [-71.2435, 46.8392], [-71.2437, 46.8392], [-71.2438, 46.8393], [-71.2439, 46.8393], [-71.244, 46.8394], [-71.244, 46.8395], [-71.2441, 46.8395], [-71.2443, 46.8396], [-71.2444, 46.8397], [-71.2446, 46.8397], [-71.2449, 46.8398], [-71.2451, 46.8398], [-71.2454, 46.8398], [-71.2457, 46.8399], [-71.246, 46.8399], [-71.2462, 46.8399], [-71.2465, 46.8399], [-71.2467, 46.8398], [-71.2468, 46.8397], [-71.2469, 46.8396], [-71.247, 46.8395], [-71.2471, 46.8394], [-71.2472, 46.8392], [-71.2472, 46.8391], [-71.2472, 46.839], [-71.2472, 46.8389], [-71.2472, 46.8388], [-71.2472, 46.8387], [-71.2471, 46.8386], [-71.2471, 46.8385], [-71.2471, 46.8384], [-71.2471, 46.8383], [-71.2472, 46.8382], [-71.2472, 46.8381], [-71.2473, 46.838], [-71.2475, 46.8378], [-71.2476, 46.8377]]]}}, {"type": "Feature", "properties": {"couche": "aire_marche", "station": "Des Peupliers", "ordre": 28, "minutes": 4, "superficie_ha": 18.7, "rue_km": 3.32, "disque_ha": 24.6, "part_disque_pct": 76, "accroche_m": 3, "population": 947, "navetteurs": 340, "mode_auto_pct": 69, "mode_tc_pct": 21, "mode_actif_pct": 10, "mode_autre_pct": 0}, "geometry": {"type": "Polygon", "coordinates": [[[-71.2479, 46.8384], [-71.2477, 46.8385], [-71.2476, 46.8387], [-71.2475, 46.8388], [-71.2475, 46.8389], [-71.2474, 46.839], [-71.2474, 46.8391], [-71.2474, 46.8392], [-71.2475, 46.8392], [-71.2476, 46.8393], [-71.2476, 46.8394], [-71.2477, 46.8395], [-71.2477, 46.8396], [-71.2476, 46.8397], [-71.2476, 46.8398], [-71.2476, 46.8399], [-71.2475, 46.8401], [-71.2474, 46.8402], [-71.2473, 46.8403], [-71.2472, 46.8404], [-71.247, 46.8404], [-71.2469, 46.8405], [-71.2467, 46.8405], [-71.2465, 46.8405], [-71.2463, 46.8405], [-71.2461, 46.8404], [-71.246, 46.8404], [-71.2458, 46.8404], [-71.2457, 46.8403], [-71.2456, 46.8403], [-71.2456, 46.8402], [-71.2455, 46.8402], [-71.2455, 46.8401], [-71.2455, 46.84], [-71.2454, 46.84], [-71.2453, 46.84], [-71.2452, 46.84], [-71.2451, 46.84], [-71.245, 46.84], [-71.2449, 46.84], [-71.2448, 46.84], [-71.2446, 46.84], [-71.2445, 46.84], [-71.2444, 46.84], [-71.2443, 46.84], [-71.2442, 46.8399], [-71.2441, 46.8398], [-71.244, 46.8397], [-71.2439, 46.8396], [-71.2439, 46.8395], [-71.2438, 46.8394], [-71.2437, 46.8394], [-71.2436, 46.8394], [-71.2435, 46.8394], [-71.2435, 46.8395], [-71.2434, 46.8396], [-71.2433, 46.8397], [-71.2432, 46.8398], [-71.2431, 46.8398], [-71.243, 46.8398], [-71.2428, 46.8398], [-71.2427, 46.8398], [-71.2425, 46.8398], [-71.2423, 46.8397], [-71.2421, 46.8397], [-71.242, 46.8396], [-71.2419, 46.8395], [-71.2418, 46.8394], [-71.2418, 46.8392], [-71.2419, 46.8391], [-71.2419, 46.8389], [-71.2421, 46.8387], [-71.2422, 46.8386], [-71.2422, 46.8384], [-71.2423, 46.8383], [-71.2423, 46.8381], [-71.2423, 46.838], [-71.2423, 46.8379], [-71.2423, 46.8378], [-71.2422, 46.8377], [-71.2422, 46.8376], [-71.2423, 46.8376], [-71.2423, 46.8375], [-71.2424, 46.8374], [-71.2425, 46.8374], [-71.2426, 46.8373], [-71.2427, 46.8373], [-71.2428, 46.8372], [-71.2428, 46.8371], [-71.2428, 46.837], [-71.2428, 46.8369], [-71.2427, 46.8369], [-71.2426, 46.8368], [-71.2426, 46.8367], [-71.2426, 46.8366], [-71.2426, 46.8364], [-71.2426, 46.8363], [-71.2427, 46.8362], [-71.2428, 46.8361], [-71.2429, 46.8359], [-71.243, 46.8359], [-71.2432, 46.8358], [-71.2434, 46.8358], [-71.2435, 46.8358], [-71.2438, 46.8358], [-71.244, 46.8359], [-71.2442, 46.8359], [-71.2445, 46.836], [-71.2447, 46.8361], [-71.245, 46.8361], [-71.2453, 46.8362], [-71.2455, 46.8362], [-71.2458, 46.8362], [-71.246, 46.8362], [-71.2463, 46.8362], [-71.2465, 46.8362], [-71.2467, 46.8362], [-71.2469, 46.8363], [-71.247, 46.8363], [-71.2471, 46.8363], [-71.2472, 46.8363], [-71.2473, 46.8364], [-71.2474, 46.8364], [-71.2474, 46.8365], [-71.2475, 46.8365], [-71.2475, 46.8366], [-71.2476, 46.8366], [-71.2477, 46.8366], [-71.2478, 46.8366], [-71.2479, 46.8366], [-71.2481, 46.8365], [-71.2482, 46.8365], [-71.2482, 46.8366], [-71.2483, 46.8366], [-71.2484, 46.8367], [-71.2484, 46.8368], [-71.2484, 46.8369], [-71.2484, 46.837], [-71.2484, 46.8372], [-71.2484, 46.8374], [-71.2483, 46.8376], [-71.2483, 46.8377], [-71.2482, 46.8379], [-71.2481, 46.8381], [-71.248, 46.8382], [-71.2479, 46.8384]]]}}, {"type": "Feature", "properties": {"couche": "voile", "station": "Des Peupliers", "minutes": 4}, "geometry": {"type": "Polygon", "coordinates": [[[-71.4076, 46.9473], [-71.0857, 46.9494], [-71.0833, 46.7288], [-71.4039, 46.7267], [-71.4076, 46.9473]], [[-71.248, 46.8382], [-71.2481, 46.8381], [-71.2482, 46.8379], [-71.2483, 46.8377], [-71.2483, 46.8376], [-71.2484, 46.8374], [-71.2484, 46.8372], [-71.2484, 46.837], [-71.2484, 46.8369], [-71.2484, 46.8368], [-71.2484, 46.8367], [-71.2483, 46.8366], [-71.2482, 46.8366], [-71.2482, 46.8365], [-71.2481, 46.8365], [-71.2479, 46.8366], [-71.2478, 46.8366], [-71.2477, 46.8366], [-71.2476, 46.8366], [-71.2475, 46.8366], [-71.2475, 46.8365], [-71.2474, 46.8365], [-71.2474, 46.8364], [-71.2473, 46.8364], [-71.2472, 46.8363], [-71.2471, 46.8363], [-71.247, 46.8363], [-71.2469, 46.8363], [-71.2467, 46.8362], [-71.2465, 46.8362], [-71.2463, 46.8362], [-71.246, 46.8362], [-71.2458, 46.8362], [-71.2455, 46.8362], [-71.2453, 46.8362], [-71.245, 46.8361], [-71.2447, 46.8361], [-71.2445, 46.836], [-71.2442, 46.8359], [-71.244, 46.8359], [-71.2438, 46.8358], [-71.2435, 46.8358], [-71.2434, 46.8358], [-71.2432, 46.8358], [-71.243, 46.8359], [-71.2429, 46.8359], [-71.2428, 46.8361], [-71.2427, 46.8362], [-71.2426, 46.8363], [-71.2426, 46.8364], [-71.2426, 46.8366], [-71.2426, 46.8367], [-71.2426, 46.8368], [-71.2427, 46.8369], [-71.2428, 46.8369], [-71.2428, 46.837], [-71.2428, 46.8371], [-71.2428, 46.8372], [-71.2427, 46.8373], [-71.2426, 46.8373], [-71.2425, 46.8374], [-71.2424, 46.8374], [-71.2423, 46.8375], [-71.2423, 46.8376], [-71.2422, 46.8376], [-71.2422, 46.8377], [-71.2423, 46.8378], [-71.2423, 46.8379], [-71.2423, 46.838], [-71.2423, 46.8381], [-71.2423, 46.8383], [-71.2422, 46.8384], [-71.2422, 46.8386], [-71.2421, 46.8387], [-71.2419, 46.8389], [-71.2419, 46.8391], [-71.2418, 46.8392], [-71.2418, 46.8394], [-71.2419, 46.8395], [-71.242, 46.8396], [-71.2421, 46.8397], [-71.2423, 46.8397], [-71.2425, 46.8398], [-71.2427, 46.8398], [-71.2428, 46.8398], [-71.243, 46.8398], [-71.2431, 46.8398], [-71.2432, 46.8398], [-71.2433, 46.8397], [-71.2434, 46.8396], [-71.2435, 46.8395], [-71.2435, 46.8394], [-71.2436, 46.8394], [-71.2437, 46.8394], [-71.2438, 46.8394], [-71.2439, 46.8395], [-71.2439, 46.8396], [-71.244, 46.8397], [-71.2441, 46.8398], [-71.2442, 46.8399], [-71.2443, 46.84], [-71.2444, 46.84], [-71.2445, 46.84], [-71.2446, 46.84], [-71.2448, 46.84], [-71.2449, 46.84], [-71.245, 46.84], [-71.2451, 46.84], [-71.2452, 46.84], [-71.2453, 46.84], [-71.2454, 46.84], [-71.2455, 46.84], [-71.2455, 46.8401], [-71.2455, 46.8402], [-71.2456, 46.8402], [-71.2456, 46.8403], [-71.2457, 46.8403], [-71.2458, 46.8404], [-71.246, 46.8404], [-71.2461, 46.8404], [-71.2463, 46.8405], [-71.2465, 46.8405], [-71.2467, 46.8405], [-71.2469, 46.8405], [-71.247, 46.8404], [-71.2472, 46.8404], [-71.2473, 46.8403], [-71.2474, 46.8402], [-71.2475, 46.8401], [-71.2476, 46.8399], [-71.2476, 46.8398], [-71.2476, 46.8397], [-71.2477, 46.8396], [-71.2477, 46.8395], [-71.2476, 46.8394], [-71.2476, 46.8393], [-71.2475, 46.8392], [-71.2474, 46.8392], [-71.2474, 46.8391], [-71.2474, 46.839], [-71.2475, 46.8389], [-71.2475, 46.8388], [-71.2476, 46.8387], [-71.2477, 46.8385], [-71.2479, 46.8384], [-71.248, 46.8382]]]}}, {"type": "Feature", "properties": {"couche": "aire_marche", "station": "Des Peupliers", "ordre": 28, "minutes": 5, "superficie_ha": 28.6, "rue_km": 5.05, "disque_ha": 38.5, "part_disque_pct": 74, "accroche_m": 3, "population": 1480, "navetteurs": 535, "mode_auto_pct": 68, "mode_tc_pct": 22, "mode_actif_pct": 10, "mode_autre_pct": 0}, "geometry": {"type": "Polygon", "coordinates": [[[-71.2492, 46.8367], [-71.2491, 46.8368], [-71.249, 46.8368], [-71.249, 46.8369], [-71.2489, 46.8369], [-71.2489, 46.837], [-71.249, 46.837], [-71.249, 46.8371], [-71.2491, 46.8372], [-71.2491, 46.8373], [-71.2491, 46.8374], [-71.249, 46.8374], [-71.249, 46.8375], [-71.2489, 46.8375], [-71.2488, 46.8376], [-71.2488, 46.8377], [-71.2487, 46.8377], [-71.2486, 46.8378], [-71.2486, 46.838], [-71.2486, 46.8381], [-71.2486, 46.8382], [-71.2485, 46.8384], [-71.2485, 46.8386], [-71.2485, 46.8388], [-71.2485, 46.8389], [-71.2485, 46.839], [-71.2484, 46.8391], [-71.2484, 46.8392], [-71.2483, 46.8393], [-71.2482, 46.8394], [-71.2481, 46.8395], [-71.248, 46.8396], [-71.248, 46.8397], [-71.248, 46.8398], [-71.2481, 46.8398], [-71.2482, 46.8399], [-71.2482, 46.84], [-71.2482, 46.8401], [-71.2482, 46.8402], [-71.2482, 46.8403], [-71.2481, 46.8404], [-71.2481, 46.8406], [-71.248, 46.8407], [-71.2479, 46.8408], [-71.2478, 46.8408], [-71.2477, 46.8409], [-71.2476, 46.8409], [-71.2474, 46.841], [-71.2472, 46.841], [-71.247, 46.841], [-71.2469, 46.8409], [-71.2467, 46.8409], [-71.2466, 46.8409], [-71.2465, 46.8408], [-71.2464, 46.8407], [-71.2464, 46.8406], [-71.2464, 46.8405], [-71.2463, 46.8404], [-71.2462, 46.8404], [-71.2461, 46.8404], [-71.246, 46.8404], [-71.2458, 46.8405], [-71.2456, 46.8405], [-71.2455, 46.8406], [-71.2453, 46.8406], [-71.2452, 46.8406], [-71.2451, 46.8406], [-71.245, 46.8406], [-71.2449, 46.8406], [-71.2449, 46.8405], [-71.2448, 46.8404], [-71.2447, 46.8403], [-71.2446, 46.8403], [-71.2445, 46.8403], [-71.2444, 46.8403], [-71.2443, 46.8403], [-71.2442, 46.8403], [-71.2441, 46.8404], [-71.2439, 46.8404], [-71.2438, 46.8404], [-71.2435, 46.8404], [-71.2433, 46.8404], [-71.243, 46.8404], [-71.2427, 46.8403], [-71.2424, 46.8403], [-71.242, 46.8402], [-71.2417, 46.8401], [-71.2415, 46.84], [-71.2413, 46.8399], [-71.2411, 46.8397], [-71.241, 46.8395], [-71.241, 46.8393], [-71.241, 46.839], [-71.2411, 46.8388], [-71.2412, 46.8385], [-71.2413, 46.8383], [-71.2414, 46.8381], [-71.2416, 46.838], [-71.2417, 46.8378], [-71.2419, 46.8377], [-71.2421, 46.8375], [-71.2423, 46.8374], [-71.2425, 46.8374], [-71.2426, 46.8373], [-71.2426, 46.8372], [-71.2427, 46.8372], [-71.2426, 46.8371], [-71.2425, 46.8371], [-71.2424, 46.8371], [-71.2422, 46.8371], [-71.2421, 46.8371], [-71.242, 46.8371], [-71.242, 46.837], [-71.2419, 46.837], [-71.242, 46.8369], [-71.2421, 46.8368], [-71.2423, 46.8367], [-71.2424, 46.8366], [-71.2425, 46.8365], [-71.2425, 46.8364], [-71.2426, 46.8363], [-71.2425, 46.8363], [-71.2425, 46.8362], [-71.2424, 46.8362], [-71.2423, 46.8361], [-71.2423, 46.836], [-71.2422, 46.836], [-71.2422, 46.8359], [-71.2422, 46.8358], [-71.2423, 46.8357], [-71.2423, 46.8356], [-71.2424, 46.8355], [-71.2425, 46.8354], [-71.2426, 46.8353], [-71.2427, 46.8352], [-71.2428, 46.8352], [-71.243, 46.8351], [-71.2432, 46.8351], [-71.2434, 46.8351], [-71.2436, 46.8352], [-71.2438, 46.8352], [-71.244, 46.8352], [-71.2441, 46.8353], [-71.2442, 46.8353], [-71.2443, 46.8353], [-71.2444, 46.8354], [-71.2445, 46.8354], [-71.2445, 46.8355], [-71.2446, 46.8356], [-71.2447, 46.8356], [-71.2449, 46.8356], [-71.2451, 46.8357], [-71.2454, 46.8357], [-71.2457, 46.8358], [-71.2461, 46.8358], [-71.2465, 46.8358], [-71.2469, 46.8358], [-71.2472, 46.8359], [-71.2475, 46.8359], [-71.2477, 46.8359], [-71.2479, 46.836], [-71.248, 46.836], [-71.2481, 46.8361], [-71.2482, 46.8362], [-71.2483, 46.8362], [-71.2484, 46.8362], [-71.2485, 46.8362], [-71.2486, 46.8362], [-71.2487, 46.8362], [-71.2488, 46.8362], [-71.2489, 46.8362], [-71.249, 46.8362], [-71.2491, 46.8362], [-71.2492, 46.8362], [-71.2493, 46.8362], [-71.2493, 46.8363], [-71.2494, 46.8364], [-71.2494, 46.8365], [-71.2493, 46.8366], [-71.2493, 46.8367], [-71.2492, 46.8367]]]}}, {"type": "Feature", "properties": {"couche": "voile", "station": "Des Peupliers", "minutes": 5}, "geometry": {"type": "Polygon", "coordinates": [[[-71.4086, 46.9478], [-71.0849, 46.9499], [-71.0825, 46.7281], [-71.4049, 46.726], [-71.4086, 46.9478]], [[-71.2493, 46.8367], [-71.2493, 46.8366], [-71.2494, 46.8365], [-71.2494, 46.8364], [-71.2493, 46.8363], [-71.2493, 46.8362], [-71.2492, 46.8362], [-71.2491, 46.8362], [-71.249, 46.8362], [-71.2489, 46.8362], [-71.2488, 46.8362], [-71.2487, 46.8362], [-71.2486, 46.8362], [-71.2485, 46.8362], [-71.2484, 46.8362], [-71.2483, 46.8362], [-71.2482, 46.8362], [-71.2481, 46.8361], [-71.248, 46.836], [-71.2479, 46.836], [-71.2477, 46.8359], [-71.2475, 46.8359], [-71.2472, 46.8359], [-71.2469, 46.8358], [-71.2465, 46.8358], [-71.2461, 46.8358], [-71.2457, 46.8358], [-71.2454, 46.8357], [-71.2451, 46.8357], [-71.2449, 46.8356], [-71.2447, 46.8356], [-71.2446, 46.8356], [-71.2445, 46.8355], [-71.2445, 46.8354], [-71.2444, 46.8354], [-71.2443, 46.8353], [-71.2442, 46.8353], [-71.2441, 46.8353], [-71.244, 46.8352], [-71.2438, 46.8352], [-71.2436, 46.8352], [-71.2434, 46.8351], [-71.2432, 46.8351], [-71.243, 46.8351], [-71.2428, 46.8352], [-71.2427, 46.8352], [-71.2426, 46.8353], [-71.2425, 46.8354], [-71.2424, 46.8355], [-71.2423, 46.8356], [-71.2423, 46.8357], [-71.2422, 46.8358], [-71.2422, 46.8359], [-71.2422, 46.836], [-71.2423, 46.836], [-71.2423, 46.8361], [-71.2424, 46.8362], [-71.2425, 46.8362], [-71.2425, 46.8363], [-71.2426, 46.8363], [-71.2425, 46.8364], [-71.2425, 46.8365], [-71.2424, 46.8366], [-71.2423, 46.8367], [-71.2421, 46.8368], [-71.242, 46.8369], [-71.2419, 46.837], [-71.242, 46.837], [-71.242, 46.8371], [-71.2421, 46.8371], [-71.2422, 46.8371], [-71.2424, 46.8371], [-71.2425, 46.8371], [-71.2426, 46.8371], [-71.2427, 46.8372], [-71.2426, 46.8372], [-71.2426, 46.8373], [-71.2425, 46.8374], [-71.2423, 46.8374], [-71.2421, 46.8375], [-71.2419, 46.8377], [-71.2417, 46.8378], [-71.2416, 46.838], [-71.2414, 46.8381], [-71.2413, 46.8383], [-71.2412, 46.8385], [-71.2411, 46.8388], [-71.241, 46.839], [-71.241, 46.8393], [-71.241, 46.8395], [-71.2411, 46.8397], [-71.2413, 46.8399], [-71.2415, 46.84], [-71.2417, 46.8401], [-71.242, 46.8402], [-71.2424, 46.8403], [-71.2427, 46.8403], [-71.243, 46.8404], [-71.2433, 46.8404], [-71.2435, 46.8404], [-71.2438, 46.8404], [-71.2439, 46.8404], [-71.2441, 46.8404], [-71.2442, 46.8403], [-71.2443, 46.8403], [-71.2444, 46.8403], [-71.2445, 46.8403], [-71.2446, 46.8403], [-71.2447, 46.8403], [-71.2448, 46.8404], [-71.2449, 46.8405], [-71.2449, 46.8406], [-71.245, 46.8406], [-71.2451, 46.8406], [-71.2452, 46.8406], [-71.2453, 46.8406], [-71.2455, 46.8406], [-71.2456, 46.8405], [-71.2458, 46.8405], [-71.246, 46.8404], [-71.2461, 46.8404], [-71.2462, 46.8404], [-71.2463, 46.8404], [-71.2464, 46.8405], [-71.2464, 46.8406], [-71.2464, 46.8407], [-71.2465, 46.8408], [-71.2466, 46.8409], [-71.2467, 46.8409], [-71.2469, 46.8409], [-71.247, 46.841], [-71.2472, 46.841], [-71.2474, 46.841], [-71.2476, 46.8409], [-71.2477, 46.8409], [-71.2478, 46.8408], [-71.2479, 46.8408], [-71.248, 46.8407], [-71.2481, 46.8406], [-71.2481, 46.8404], [-71.2482, 46.8403], [-71.2482, 46.8402], [-71.2482, 46.8401], [-71.2482, 46.84], [-71.2482, 46.8399], [-71.2481, 46.8398], [-71.248, 46.8398], [-71.248, 46.8397], [-71.248, 46.8396], [-71.2481, 46.8395], [-71.2482, 46.8394], [-71.2483, 46.8393], [-71.2484, 46.8392], [-71.2484, 46.8391], [-71.2485, 46.839], [-71.2485, 46.8389], [-71.2485, 46.8388], [-71.2485, 46.8386], [-71.2485, 46.8384], [-71.2486, 46.8382], [-71.2486, 46.8381], [-71.2486, 46.838], [-71.2486, 46.8378], [-71.2487, 46.8377], [-71.2488, 46.8377], [-71.2488, 46.8376], [-71.2489, 46.8375], [-71.249, 46.8375], [-71.249, 46.8374], [-71.2491, 46.8374], [-71.2491, 46.8373], [-71.2491, 46.8372], [-71.249, 46.8371], [-71.249, 46.837], [-71.2489, 46.837], [-71.2489, 46.8369], [-71.249, 46.8369], [-71.249, 46.8368], [-71.2491, 46.8368], [-71.2492, 46.8367], [-71.2493, 46.8367]]]}}, {"type": "Feature", "properties": {"couche": "aire_marche", "station": "Des Peupliers", "ordre": 28, "minutes": 6, "superficie_ha": 39.0, "rue_km": 7.4, "disque_ha": 55.4, "part_disque_pct": 70, "accroche_m": 3, "population": 2064, "navetteurs": 746, "mode_auto_pct": 68, "mode_tc_pct": 22, "mode_actif_pct": 10, "mode_autre_pct": 0}, "geometry": {"type": "Polygon", "coordinates": [[[-71.2495, 46.8376], [-71.2494, 46.8378], [-71.2493, 46.8379], [-71.2492, 46.8381], [-71.2491, 46.8382], [-71.2491, 46.8383], [-71.2491, 46.8384], [-71.2491, 46.8385], [-71.2492, 46.8386], [-71.2493, 46.8387], [-71.2493, 46.8388], [-71.2492, 46.8389], [-71.2491, 46.8389], [-71.2491, 46.839], [-71.249, 46.8391], [-71.2489, 46.8391], [-71.2488, 46.8392], [-71.2488, 46.8393], [-71.2488, 46.8394], [-71.2488, 46.8395], [-71.2489, 46.8395], [-71.2489, 46.8396], [-71.2489, 46.8397], [-71.2489, 46.8398], [-71.2489, 46.8399], [-71.2489, 46.8401], [-71.2488, 46.8403], [-71.2488, 46.8405], [-71.2487, 46.8407], [-71.2486, 46.8409], [-71.2484, 46.8411], [-71.2482, 46.8412], [-71.248, 46.8413], [-71.2477, 46.8414], [-71.2474, 46.8414], [-71.2471, 46.8414], [-71.2468, 46.8414], [-71.2465, 46.8413], [-71.2462, 46.8412], [-71.246, 46.8412], [-71.2459, 46.8411], [-71.2459, 46.841], [-71.2459, 46.8409], [-71.2459, 46.8408], [-71.246, 46.8407], [-71.2461, 46.8406], [-71.2461, 46.8405], [-71.246, 46.8405], [-71.2459, 46.8405], [-71.2457, 46.8405], [-71.2455, 46.8406], [-71.2452, 46.8407], [-71.2449, 46.8408], [-71.2446, 46.8409], [-71.2442, 46.8409], [-71.2438, 46.8409], [-71.2434, 46.8409], [-71.2429, 46.8408], [-71.2424, 46.8408], [-71.2419, 46.8406], [-71.2414, 46.8405], [-71.2411, 46.8403], [-71.2408, 46.8401], [-71.2406, 46.8399], [-71.2404, 46.8396], [-71.2404, 46.8393], [-71.2404, 46.8389], [-71.2405, 46.8386], [-71.2406, 46.8382], [-71.2408, 46.8379], [-71.2409, 46.8376], [-71.2411, 46.8374], [-71.2413, 46.8371], [-71.2415, 46.837], [-71.2417, 46.8368], [-71.242, 46.8367], [-71.2421, 46.8366], [-71.2423, 46.8366], [-71.2423, 46.8365], [-71.2424, 46.8364], [-71.2423, 46.8364], [-71.2421, 46.8364], [-71.2419, 46.8364], [-71.2418, 46.8364], [-71.2417, 46.8363], [-71.2416, 46.8363], [-71.2417, 46.8362], [-71.2417, 46.8361], [-71.2418, 46.836], [-71.242, 46.8359], [-71.2421, 46.8358], [-71.2422, 46.8357], [-71.2423, 46.8356], [-71.2423, 46.8355], [-71.2424, 46.8354], [-71.2424, 46.8353], [-71.2424, 46.8351], [-71.2423, 46.835], [-71.2423, 46.8349], [-71.2423, 46.8348], [-71.2424, 46.8347], [-71.2425, 46.8347], [-71.2426, 46.8348], [-71.2428, 46.8348], [-71.2429, 46.835], [-71.2431, 46.835], [-71.2432, 46.8351], [-71.2433, 46.8352], [-71.2434, 46.8352], [-71.2435, 46.8352], [-71.2436, 46.8351], [-71.2437, 46.8351], [-71.2438, 46.835], [-71.2439, 46.8349], [-71.244, 46.8349], [-71.2442, 46.8349], [-71.2444, 46.8349], [-71.2446, 46.8349], [-71.2449, 46.835], [-71.2452, 46.8351], [-71.2455, 46.8352], [-71.2458, 46.8353], [-71.2462, 46.8354], [-71.2466, 46.8354], [-71.2469, 46.8355], [-71.2473, 46.8356], [-71.2477, 46.8356], [-71.2481, 46.8356], [-71.2485, 46.8357], [-71.2489, 46.8357], [-71.2492, 46.8358], [-71.2495, 46.8358], [-71.2497, 46.8359], [-71.2498, 46.836], [-71.2499, 46.8362], [-71.25, 46.8363], [-71.25, 46.8365], [-71.25, 46.8366], [-71.2499, 46.8368], [-71.2499, 46.837], [-71.2498, 46.8371], [-71.2497, 46.8373], [-71.2496, 46.8375], [-71.2495, 46.8376]]]}}, {"type": "Feature", "properties": {"couche": "voile", "station": "Des Peupliers", "minutes": 6}, "geometry": {"type": "Polygon", "coordinates": [[[-71.4092, 46.9482], [-71.0843, 46.9503], [-71.0819, 46.7277], [-71.4055, 46.7256], [-71.4092, 46.9482]], [[-71.2496, 46.8375], [-71.2497, 46.8373], [-71.2498, 46.8371], [-71.2499, 46.837], [-71.2499, 46.8368], [-71.25, 46.8366], [-71.25, 46.8365], [-71.25, 46.8363], [-71.2499, 46.8362], [-71.2498, 46.836], [-71.2497, 46.8359], [-71.2495, 46.8358], [-71.2492, 46.8358], [-71.2489, 46.8357], [-71.2485, 46.8357], [-71.2481, 46.8356], [-71.2477, 46.8356], [-71.2473, 46.8356], [-71.2469, 46.8355], [-71.2466, 46.8354], [-71.2462, 46.8354], [-71.2458, 46.8353], [-71.2455, 46.8352], [-71.2452, 46.8351], [-71.2449, 46.835], [-71.2446, 46.8349], [-71.2444, 46.8349], [-71.2442, 46.8349], [-71.244, 46.8349], [-71.2439, 46.8349], [-71.2438, 46.835], [-71.2437, 46.8351], [-71.2436, 46.8351], [-71.2435, 46.8352], [-71.2434, 46.8352], [-71.2433, 46.8352], [-71.2432, 46.8351], [-71.2431, 46.835], [-71.2429, 46.835], [-71.2428, 46.8348], [-71.2426, 46.8348], [-71.2425, 46.8347], [-71.2424, 46.8347], [-71.2423, 46.8348], [-71.2423, 46.8349], [-71.2423, 46.835], [-71.2424, 46.8351], [-71.2424, 46.8353], [-71.2424, 46.8354], [-71.2423, 46.8355], [-71.2423, 46.8356], [-71.2422, 46.8357], [-71.2421, 46.8358], [-71.242, 46.8359], [-71.2418, 46.836], [-71.2417, 46.8361], [-71.2417, 46.8362], [-71.2416, 46.8363], [-71.2417, 46.8363], [-71.2418, 46.8364], [-71.2419, 46.8364], [-71.2421, 46.8364], [-71.2423, 46.8364], [-71.2424, 46.8364], [-71.2423, 46.8365], [-71.2423, 46.8366], [-71.2421, 46.8366], [-71.242, 46.8367], [-71.2417, 46.8368], [-71.2415, 46.837], [-71.2413, 46.8371], [-71.2411, 46.8374], [-71.2409, 46.8376], [-71.2408, 46.8379], [-71.2406, 46.8382], [-71.2405, 46.8386], [-71.2404, 46.8389], [-71.2404, 46.8393], [-71.2404, 46.8396], [-71.2406, 46.8399], [-71.2408, 46.8401], [-71.2411, 46.8403], [-71.2414, 46.8405], [-71.2419, 46.8406], [-71.2424, 46.8408], [-71.2429, 46.8408], [-71.2434, 46.8409], [-71.2438, 46.8409], [-71.2442, 46.8409], [-71.2446, 46.8409], [-71.2449, 46.8408], [-71.2452, 46.8407], [-71.2455, 46.8406], [-71.2457, 46.8405], [-71.2459, 46.8405], [-71.246, 46.8405], [-71.2461, 46.8405], [-71.2461, 46.8406], [-71.246, 46.8407], [-71.2459, 46.8408], [-71.2459, 46.8409], [-71.2459, 46.841], [-71.2459, 46.8411], [-71.246, 46.8412], [-71.2462, 46.8412], [-71.2465, 46.8413], [-71.2468, 46.8414], [-71.2471, 46.8414], [-71.2474, 46.8414], [-71.2477, 46.8414], [-71.248, 46.8413], [-71.2482, 46.8412], [-71.2484, 46.8411], [-71.2486, 46.8409], [-71.2487, 46.8407], [-71.2488, 46.8405], [-71.2488, 46.8403], [-71.2489, 46.8401], [-71.2489, 46.8399], [-71.2489, 46.8398], [-71.2489, 46.8397], [-71.2489, 46.8396], [-71.2489, 46.8395], [-71.2488, 46.8395], [-71.2488, 46.8394], [-71.2488, 46.8393], [-71.2488, 46.8392], [-71.2489, 46.8391], [-71.249, 46.8391], [-71.2491, 46.839], [-71.2491, 46.8389], [-71.2492, 46.8389], [-71.2493, 46.8388], [-71.2493, 46.8387], [-71.2492, 46.8386], [-71.2491, 46.8385], [-71.2491, 46.8384], [-71.2491, 46.8383], [-71.2491, 46.8382], [-71.2492, 46.8381], [-71.2493, 46.8379], [-71.2494, 46.8378], [-71.2495, 46.8376], [-71.2496, 46.8375]]]}}, {"type": "Feature", "properties": {"couche": "aire_marche", "station": "Des Peupliers", "ordre": 28, "minutes": 7, "superficie_ha": 51.6, "rue_km": 10.23, "disque_ha": 75.4, "part_disque_pct": 68, "accroche_m": 3, "population": 2789, "navetteurs": 1013, "mode_auto_pct": 69, "mode_tc_pct": 22, "mode_actif_pct": 9, "mode_autre_pct": 0}, "geometry": {"type": "Polygon", "coordinates": [[[-71.25, 46.8382], [-71.2499, 46.8384], [-71.2498, 46.8385], [-71.2497, 46.8387], [-71.2496, 46.8388], [-71.2496, 46.839], [-71.2495, 46.8392], [-71.2495, 46.8393], [-71.2495, 46.8395], [-71.2496, 46.8397], [-71.2496, 46.8398], [-71.2496, 46.8399], [-71.2495, 46.8401], [-71.2495, 46.8402], [-71.2494, 46.8403], [-71.2493, 46.8404], [-71.2492, 46.8405], [-71.2491, 46.8405], [-71.249, 46.8406], [-71.2489, 46.8407], [-71.2488, 46.8407], [-71.2488, 46.8408], [-71.2488, 46.8409], [-71.2489, 46.8409], [-71.2489, 46.841], [-71.249, 46.841], [-71.2491, 46.8411], [-71.2492, 46.8412], [-71.2492, 46.8413], [-71.2492, 46.8414], [-71.2492, 46.8415], [-71.2491, 46.8416], [-71.2491, 46.8417], [-71.249, 46.8418], [-71.2489, 46.8419], [-71.2488, 46.8419], [-71.2487, 46.8419], [-71.2486, 46.8419], [-71.2484, 46.8419], [-71.2483, 46.8419], [-71.2481, 46.8418], [-71.2479, 46.8418], [-71.2478, 46.8417], [-71.2476, 46.8417], [-71.2475, 46.8417], [-71.2473, 46.8417], [-71.2472, 46.8417], [-71.247, 46.8417], [-71.2469, 46.8417], [-71.2467, 46.8418], [-71.2466, 46.8418], [-71.2465, 46.8418], [-71.2464, 46.8417], [-71.2463, 46.8417], [-71.2462, 46.8416], [-71.2462, 46.8415], [-71.2461, 46.8414], [-71.246, 46.8414], [-71.2459, 46.8414], [-71.2457, 46.8414], [-71.2456, 46.8414], [-71.2454, 46.8414], [-71.2452, 46.8415], [-71.245, 46.8415], [-71.2448, 46.8415], [-71.2446, 46.8415], [-71.2445, 46.8415], [-71.2443, 46.8415], [-71.2441, 46.8415], [-71.2439, 46.8415], [-71.2438, 46.8415], [-71.2436, 46.8414], [-71.2435, 46.8414], [-71.2434, 46.8414], [-71.2433, 46.8413], [-71.2432, 46.8412], [-71.2432, 46.8411], [-71.2432, 46.841], [-71.2431, 46.841], [-71.243, 46.8409], [-71.2428, 46.841], [-71.2427, 46.841], [-71.2426, 46.841], [-71.2425, 46.8411], [-71.2423, 46.8411], [-71.2422, 46.8411], [-71.2421, 46.8411], [-71.242, 46.8411], [-71.2419, 46.841], [-71.2418, 46.841], [-71.2418, 46.8409], [-71.2416, 46.8409], [-71.2415, 46.8408], [-71.2413, 46.8408], [-71.2411, 46.8408], [-71.2409, 46.8407], [-71.2406, 46.8407], [-71.2403, 46.8407], [-71.24, 46.8406], [-71.2398, 46.8406], [-71.2397, 46.8405], [-71.2396, 46.8404], [-71.2395, 46.8403], [-71.2396, 46.8401], [-71.2396, 46.8399], [-71.2397, 46.8398], [-71.2398, 46.8396], [-71.2399, 46.8394], [-71.2399, 46.8393], [-71.24, 46.8392], [-71.24, 46.8391], [-71.24, 46.839], [-71.24, 46.8389], [-71.2399, 46.8388], [-71.2399, 46.8387], [-71.2399, 46.8386], [-71.24, 46.8385], [-71.2401, 46.8385], [-71.2402, 46.8384], [-71.2403, 46.8383], [-71.2404, 46.8383], [-71.2404, 46.8382], [-71.2405, 46.8382], [-71.2405, 46.8381], [-71.2404, 46.838], [-71.2403, 46.8379], [-71.2402, 46.8378], [-71.2402, 46.8377], [-71.2402, 46.8376], [-71.2402, 46.8375], [-71.2402, 46.8374], [-71.2403, 46.8372], [-71.2403, 46.8371], [-71.2404, 46.8369], [-71.2405, 46.8368], [-71.2407, 46.8366], [-71.2408, 46.8365], [-71.241, 46.8364], [-71.2412, 46.8362], [-71.2414, 46.8361], [-71.2416, 46.836], [-71.2418, 46.8359], [-71.242, 46.8357], [-71.2421, 46.8356], [-71.2422, 46.8354], [-71.2422, 46.8353], [-71.2422, 46.8351], [-71.2422, 46.8349], [-71.2421, 46.8346], [-71.2421, 46.8345], [-71.2421, 46.8344], [-71.2421, 46.8343], [-71.2422, 46.8343], [-71.2424, 46.8344], [-71.2425, 46.8345], [-71.2427, 46.8347], [-71.2429, 46.8349], [-71.2431, 46.835], [-71.2432, 46.8351], [-71.2433, 46.8351], [-71.2434, 46.8351], [-71.2435, 46.8351], [-71.2435, 46.835], [-71.2435, 46.8349], [-71.2436, 46.8348], [-71.2436, 46.8347], [-71.2437, 46.8347], [-71.2437, 46.8346], [-71.2438, 46.8346], [-71.2439, 46.8345], [-71.2441, 46.8345], [-71.2442, 46.8344], [-71.2443, 46.8344], [-71.2445, 46.8344], [-71.2447, 46.8345], [-71.2448, 46.8345], [-71.245, 46.8345], [-71.2452, 46.8346], [-71.2454, 46.8347], [-71.2456, 46.8348], [-71.2458, 46.8348], [-71.246, 46.8349], [-71.2461, 46.8349], [-71.2463, 46.8349], [-71.2464, 46.8349], [-71.2465, 46.8349], [-71.2466, 46.8349], [-71.2467, 46.8348], [-71.2468, 46.8348], [-71.2469, 46.8348], [-71.247, 46.8348], [-71.247, 46.8349], [-71.2471, 46.8349], [-71.2472, 46.8349], [-71.2472, 46.835], [-71.2473, 46.8351], [-71.2475, 46.8351], [-71.2477, 46.8351], [-71.2479, 46.8352], [-71.2482, 46.8352], [-71.2485, 46.8353], [-71.2489, 46.8353], [-71.2493, 46.8353], [-71.2497, 46.8354], [-71.25, 46.8355], [-71.2502, 46.8356], [-71.2504, 46.8357], [-71.2506, 46.8359], [-71.2507, 46.8361], [-71.2507, 46.8364], [-71.2506, 46.8367], [-71.2506, 46.8369], [-71.2505, 46.8372], [-71.2504, 46.8374], [-71.2504, 46.8376], [-71.2503, 46.8378], [-71.2502, 46.838], [-71.25, 46.8382]]]}}, {"type": "Feature", "properties": {"couche": "voile", "station": "Des Peupliers", "minutes": 7}, "geometry": {"type": "Polygon", "coordinates": [[[-71.4099, 46.9487], [-71.0834, 46.9508], [-71.081, 46.7273], [-71.4062, 46.7252], [-71.4099, 46.9487]], [[-71.2502, 46.838], [-71.2503, 46.8378], [-71.2504, 46.8376], [-71.2504, 46.8374], [-71.2505, 46.8372], [-71.2506, 46.8369], [-71.2506, 46.8367], [-71.2507, 46.8364], [-71.2507, 46.8361], [-71.2506, 46.8359], [-71.2504, 46.8357], [-71.2502, 46.8356], [-71.25, 46.8355], [-71.2497, 46.8354], [-71.2493, 46.8353], [-71.2489, 46.8353], [-71.2485, 46.8353], [-71.2482, 46.8352], [-71.2479, 46.8352], [-71.2477, 46.8351], [-71.2475, 46.8351], [-71.2473, 46.8351], [-71.2472, 46.835], [-71.2472, 46.8349], [-71.2471, 46.8349], [-71.247, 46.8349], [-71.247, 46.8348], [-71.2469, 46.8348], [-71.2468, 46.8348], [-71.2467, 46.8348], [-71.2466, 46.8349], [-71.2465, 46.8349], [-71.2464, 46.8349], [-71.2463, 46.8349], [-71.2461, 46.8349], [-71.246, 46.8349], [-71.2458, 46.8348], [-71.2456, 46.8348], [-71.2454, 46.8347], [-71.2452, 46.8346], [-71.245, 46.8345], [-71.2448, 46.8345], [-71.2447, 46.8345], [-71.2445, 46.8344], [-71.2443, 46.8344], [-71.2442, 46.8344], [-71.2441, 46.8345], [-71.2439, 46.8345], [-71.2438, 46.8346], [-71.2437, 46.8346], [-71.2437, 46.8347], [-71.2436, 46.8347], [-71.2436, 46.8348], [-71.2435, 46.8349], [-71.2435, 46.835], [-71.2435, 46.8351], [-71.2434, 46.8351], [-71.2433, 46.8351], [-71.2432, 46.8351], [-71.2431, 46.835], [-71.2429, 46.8349], [-71.2427, 46.8347], [-71.2425, 46.8345], [-71.2424, 46.8344], [-71.2422, 46.8343], [-71.2421, 46.8343], [-71.2421, 46.8344], [-71.2421, 46.8345], [-71.2421, 46.8346], [-71.2422, 46.8349], [-71.2422, 46.8351], [-71.2422, 46.8353], [-71.2422, 46.8354], [-71.2421, 46.8356], [-71.242, 46.8357], [-71.2418, 46.8359], [-71.2416, 46.836], [-71.2414, 46.8361], [-71.2412, 46.8362], [-71.241, 46.8364], [-71.2408, 46.8365], [-71.2407, 46.8366], [-71.2405, 46.8368], [-71.2404, 46.8369], [-71.2403, 46.8371], [-71.2403, 46.8372], [-71.2402, 46.8374], [-71.2402, 46.8375], [-71.2402, 46.8376], [-71.2402, 46.8377], [-71.2402, 46.8378], [-71.2403, 46.8379], [-71.2404, 46.838], [-71.2405, 46.8381], [-71.2405, 46.8382], [-71.2404, 46.8382], [-71.2404, 46.8383], [-71.2403, 46.8383], [-71.2402, 46.8384], [-71.2401, 46.8385], [-71.24, 46.8385], [-71.2399, 46.8386], [-71.2399, 46.8387], [-71.2399, 46.8388], [-71.24, 46.8389], [-71.24, 46.839], [-71.24, 46.8391], [-71.24, 46.8392], [-71.2399, 46.8393], [-71.2399, 46.8394], [-71.2398, 46.8396], [-71.2397, 46.8398], [-71.2396, 46.8399], [-71.2396, 46.8401], [-71.2395, 46.8403], [-71.2396, 46.8404], [-71.2397, 46.8405], [-71.2398, 46.8406], [-71.24, 46.8406], [-71.2403, 46.8407], [-71.2406, 46.8407], [-71.2409, 46.8407], [-71.2411, 46.8408], [-71.2413, 46.8408], [-71.2415, 46.8408], [-71.2416, 46.8409], [-71.2418, 46.8409], [-71.2418, 46.841], [-71.2419, 46.841], [-71.242, 46.8411], [-71.2421, 46.8411], [-71.2422, 46.8411], [-71.2423, 46.8411], [-71.2425, 46.8411], [-71.2426, 46.841], [-71.2427, 46.841], [-71.2428, 46.841], [-71.243, 46.8409], [-71.2431, 46.841], [-71.2432, 46.841], [-71.2432, 46.8411], [-71.2432, 46.8412], [-71.2433, 46.8413], [-71.2434, 46.8414], [-71.2435, 46.8414], [-71.2436, 46.8414], [-71.2438, 46.8415], [-71.2439, 46.8415], [-71.2441, 46.8415], [-71.2443, 46.8415], [-71.2445, 46.8415], [-71.2446, 46.8415], [-71.2448, 46.8415], [-71.245, 46.8415], [-71.2452, 46.8415], [-71.2454, 46.8414], [-71.2456, 46.8414], [-71.2457, 46.8414], [-71.2459, 46.8414], [-71.246, 46.8414], [-71.2461, 46.8414], [-71.2462, 46.8415], [-71.2462, 46.8416], [-71.2463, 46.8417], [-71.2464, 46.8417], [-71.2465, 46.8418], [-71.2466, 46.8418], [-71.2467, 46.8418], [-71.2469, 46.8417], [-71.247, 46.8417], [-71.2472, 46.8417], [-71.2473, 46.8417], [-71.2475, 46.8417], [-71.2476, 46.8417], [-71.2478, 46.8417], [-71.2479, 46.8418], [-71.2481, 46.8418], [-71.2483, 46.8419], [-71.2484, 46.8419], [-71.2486, 46.8419], [-71.2487, 46.8419], [-71.2488, 46.8419], [-71.2489, 46.8419], [-71.249, 46.8418], [-71.2491, 46.8417], [-71.2491, 46.8416], [-71.2492, 46.8415], [-71.2492, 46.8414], [-71.2492, 46.8413], [-71.2492, 46.8412], [-71.2491, 46.8411], [-71.249, 46.841], [-71.2489, 46.841], [-71.2489, 46.8409], [-71.2488, 46.8409], [-71.2488, 46.8408], [-71.2488, 46.8407], [-71.2489, 46.8407], [-71.249, 46.8406], [-71.2491, 46.8405], [-71.2492, 46.8405], [-71.2493, 46.8404], [-71.2494, 46.8403], [-71.2495, 46.8402], [-71.2495, 46.8401], [-71.2496, 46.8399], [-71.2496, 46.8398], [-71.2496, 46.8397], [-71.2495, 46.8395], [-71.2495, 46.8393], [-71.2495, 46.8392], [-71.2496, 46.839], [-71.2496, 46.8388], [-71.2497, 46.8387], [-71.2498, 46.8385], [-71.2499, 46.8384], [-71.25, 46.8382], [-71.2502, 46.838]]]}}, {"type": "Feature", "properties": {"couche": "aire_marche", "station": "Des Peupliers", "ordre": 28, "minutes": 8, "superficie_ha": 66.4, "rue_km": 13.51, "disque_ha": 98.5, "part_disque_pct": 67, "accroche_m": 3, "population": 3651, "navetteurs": 1332, "mode_auto_pct": 69, "mode_tc_pct": 22, "mode_actif_pct": 9, "mode_autre_pct": 0}, "geometry": {"type": "Polygon", "coordinates": [[[-71.2511, 46.8369], [-71.2511, 46.8372], [-71.251, 46.8375], [-71.251, 46.8377], [-71.2509, 46.8379], [-71.2509, 46.838], [-71.2508, 46.8382], [-71.2507, 46.8383], [-71.2506, 46.8384], [-71.2505, 46.8384], [-71.2505, 46.8385], [-71.2504, 46.8385], [-71.2504, 46.8386], [-71.2503, 46.8387], [-71.2503, 46.8389], [-71.2503, 46.839], [-71.2503, 46.8391], [-71.2504, 46.8393], [-71.2504, 46.8394], [-71.2503, 46.8396], [-71.2503, 46.8397], [-71.2502, 46.8399], [-71.25, 46.84], [-71.2499, 46.8401], [-71.2497, 46.8402], [-71.2494, 46.8404], [-71.2492, 46.8405], [-71.2491, 46.8405], [-71.249, 46.8406], [-71.249, 46.8407], [-71.2491, 46.8407], [-71.2491, 46.8408], [-71.2493, 46.8408], [-71.2495, 46.8408], [-71.2496, 46.8409], [-71.2497, 46.8409], [-71.2498, 46.841], [-71.2499, 46.8411], [-71.2499, 46.8413], [-71.2499, 46.8414], [-71.2498, 46.8416], [-71.2497, 46.8418], [-71.2496, 46.842], [-71.2494, 46.8422], [-71.2491, 46.8423], [-71.2487, 46.8423], [-71.2482, 46.8424], [-71.2477, 46.8424], [-71.2471, 46.8423], [-71.2464, 46.8423], [-71.2459, 46.8422], [-71.2454, 46.8421], [-71.2449, 46.842], [-71.2446, 46.8419], [-71.2443, 46.8419], [-71.2442, 46.8418], [-71.2441, 46.8417], [-71.2441, 46.8416], [-71.244, 46.8416], [-71.244, 46.8415], [-71.2439, 46.8415], [-71.2438, 46.8415], [-71.2437, 46.8415], [-71.2436, 46.8415], [-71.2434, 46.8415], [-71.2432, 46.8416], [-71.2431, 46.8416], [-71.243, 46.8416], [-71.2429, 46.8416], [-71.2428, 46.8416], [-71.2427, 46.8416], [-71.2427, 46.8415], [-71.2427, 46.8414], [-71.2427, 46.8413], [-71.2427, 46.8412], [-71.2426, 46.8412], [-71.2425, 46.8412], [-71.2423, 46.8412], [-71.2422, 46.8412], [-71.242, 46.8413], [-71.2418, 46.8414], [-71.2416, 46.8414], [-71.2413, 46.8414], [-71.2411, 46.8414], [-71.2408, 46.8414], [-71.2405, 46.8414], [-71.2401, 46.8413], [-71.2398, 46.8412], [-71.2394, 46.8412], [-71.2392, 46.8411], [-71.239, 46.841], [-71.2389, 46.8409], [-71.2388, 46.8409], [-71.2387, 46.8408], [-71.2388, 46.8407], [-71.2388, 46.8406], [-71.2389, 46.8405], [-71.239, 46.8404], [-71.239, 46.8403], [-71.239, 46.8402], [-71.239, 46.84], [-71.2391, 46.8399], [-71.239, 46.8397], [-71.239, 46.8396], [-71.239, 46.8394], [-71.239, 46.8393], [-71.2391, 46.8391], [-71.2391, 46.839], [-71.2392, 46.8389], [-71.2393, 46.8388], [-71.2394, 46.8388], [-71.2395, 46.8387], [-71.2396, 46.8386], [-71.2397, 46.8386], [-71.2397, 46.8385], [-71.2397, 46.8384], [-71.2397, 46.8383], [-71.2396, 46.8382], [-71.2395, 46.8382], [-71.2394, 46.8381], [-71.2394, 46.838], [-71.2394, 46.8379], [-71.2394, 46.8378], [-71.2395, 46.8377], [-71.2396, 46.8376], [-71.2397, 46.8376], [-71.2398, 46.8375], [-71.2398, 46.8374], [-71.2398, 46.8373], [-71.2398, 46.8372], [-71.2398, 46.8371], [-71.2398, 46.837], [-71.2399, 46.8369], [-71.2401, 46.8368], [-71.2403, 46.8366], [-71.2406, 46.8365], [-71.2409, 46.8363], [-71.2412, 46.8362], [-71.2415, 46.836], [-71.2417, 46.8359], [-71.2419, 46.8357], [-71.242, 46.8355], [-71.242, 46.8353], [-71.2419, 46.8352], [-71.2418, 46.835], [-71.2416, 46.8348], [-71.2414, 46.8347], [-71.2413, 46.8345], [-71.2412, 46.8344], [-71.2411, 46.8342], [-71.2411, 46.8341], [-71.2411, 46.834], [-71.2411, 46.8338], [-71.2411, 46.8337], [-71.2412, 46.8337], [-71.2413, 46.8336], [-71.2414, 46.8335], [-71.2415, 46.8335], [-71.2416, 46.8335], [-71.2417, 46.8334], [-71.2419, 46.8335], [-71.242, 46.8335], [-71.2422, 46.8335], [-71.2423, 46.8336], [-71.2425, 46.8337], [-71.2426, 46.8338], [-71.2427, 46.834], [-71.2428, 46.8341], [-71.243, 46.8343], [-71.2431, 46.8346], [-71.2432, 46.8347], [-71.2433, 46.8349], [-71.2433, 46.835], [-71.2434, 46.8351], [-71.2435, 46.8351], [-71.2435, 46.835], [-71.2435, 46.8349], [-71.2436, 46.8349], [-71.2436, 46.8348], [-71.2437, 46.8347], [-71.2438, 46.8346], [-71.244, 46.8345], [-71.2441, 46.8344], [-71.2443, 46.8344], [-71.2445, 46.8343], [-71.2447, 46.8342], [-71.245, 46.8342], [-71.2452, 46.8341], [-71.2454, 46.8341], [-71.2456, 46.8342], [-71.2458, 46.8342], [-71.246, 46.8343], [-71.2462, 46.8344], [-71.2464, 46.8344], [-71.2467, 46.8345], [-71.2469, 46.8345], [-71.2471, 46.8346], [-71.2474, 46.8346], [-71.2476, 46.8346], [-71.2479, 46.8347], [-71.2481, 46.8346], [-71.2484, 46.8347], [-71.2486, 46.8347], [-71.2488, 46.8347], [-71.2489, 46.8347], [-71.249, 46.8347], [-71.2491, 46.8348], [-71.2492, 46.8348], [-71.2493, 46.8349], [-71.2494, 46.835], [-71.2495, 46.835], [-71.2497, 46.835], [-71.2499, 46.8351], [-71.2501, 46.8351], [-71.2503, 46.8351], [-71.2506, 46.8351], [-71.2508, 46.8351], [-71.251, 46.8351], [-71.2512, 46.8351], [-71.2514, 46.8351], [-71.2515, 46.8352], [-71.2516, 46.8352], [-71.2517, 46.8353], [-71.2517, 46.8354], [-71.2517, 46.8355], [-71.2516, 46.8356], [-71.2515, 46.8357], [-71.2514, 46.8357], [-71.2514, 46.8358], [-71.2513, 46.8359], [-71.2512, 46.8361], [-71.2512, 46.8362], [-71.2511, 46.8364], [-71.2511, 46.8367], [-71.2511, 46.8369]]]}}, {"type": "Feature", "properties": {"couche": "voile", "station": "Des Peupliers", "minutes": 8}, "geometry": {"type": "Polygon", "coordinates": [[[-71.4109, 46.9492], [-71.0826, 46.9513], [-71.0801, 46.7264], [-71.4071, 46.7243], [-71.4109, 46.9492]], [[-71.2511, 46.8367], [-71.2511, 46.8364], [-71.2512, 46.8362], [-71.2512, 46.8361], [-71.2513, 46.8359], [-71.2514, 46.8358], [-71.2514, 46.8357], [-71.2515, 46.8357], [-71.2516, 46.8356], [-71.2517, 46.8355], [-71.2517, 46.8354], [-71.2517, 46.8353], [-71.2516, 46.8352], [-71.2515, 46.8352], [-71.2514, 46.8351], [-71.2512, 46.8351], [-71.251, 46.8351], [-71.2508, 46.8351], [-71.2506, 46.8351], [-71.2503, 46.8351], [-71.2501, 46.8351], [-71.2499, 46.8351], [-71.2497, 46.835], [-71.2495, 46.835], [-71.2494, 46.835], [-71.2493, 46.8349], [-71.2492, 46.8348], [-71.2491, 46.8348], [-71.249, 46.8347], [-71.2489, 46.8347], [-71.2488, 46.8347], [-71.2486, 46.8347], [-71.2484, 46.8347], [-71.2481, 46.8346], [-71.2479, 46.8347], [-71.2476, 46.8346], [-71.2474, 46.8346], [-71.2471, 46.8346], [-71.2469, 46.8345], [-71.2467, 46.8345], [-71.2464, 46.8344], [-71.2462, 46.8344], [-71.246, 46.8343], [-71.2458, 46.8342], [-71.2456, 46.8342], [-71.2454, 46.8341], [-71.2452, 46.8341], [-71.245, 46.8342], [-71.2447, 46.8342], [-71.2445, 46.8343], [-71.2443, 46.8344], [-71.2441, 46.8344], [-71.244, 46.8345], [-71.2438, 46.8346], [-71.2437, 46.8347], [-71.2436, 46.8348], [-71.2436, 46.8349], [-71.2435, 46.8349], [-71.2435, 46.835], [-71.2435, 46.8351], [-71.2434, 46.8351], [-71.2433, 46.835], [-71.2433, 46.8349], [-71.2432, 46.8347], [-71.2431, 46.8346], [-71.243, 46.8343], [-71.2428, 46.8341], [-71.2427, 46.834], [-71.2426, 46.8338], [-71.2425, 46.8337], [-71.2423, 46.8336], [-71.2422, 46.8335], [-71.242, 46.8335], [-71.2419, 46.8335], [-71.2417, 46.8334], [-71.2416, 46.8335], [-71.2415, 46.8335], [-71.2414, 46.8335], [-71.2413, 46.8336], [-71.2412, 46.8337], [-71.2411, 46.8337], [-71.2411, 46.8338], [-71.2411, 46.834], [-71.2411, 46.8341], [-71.2411, 46.8342], [-71.2412, 46.8344], [-71.2413, 46.8345], [-71.2414, 46.8347], [-71.2416, 46.8348], [-71.2418, 46.835], [-71.2419, 46.8352], [-71.242, 46.8353], [-71.242, 46.8355], [-71.2419, 46.8357], [-71.2417, 46.8359], [-71.2415, 46.836], [-71.2412, 46.8362], [-71.2409, 46.8363], [-71.2406, 46.8365], [-71.2403, 46.8366], [-71.2401, 46.8368], [-71.2399, 46.8369], [-71.2398, 46.837], [-71.2398, 46.8371], [-71.2398, 46.8372], [-71.2398, 46.8373], [-71.2398, 46.8374], [-71.2398, 46.8375], [-71.2397, 46.8376], [-71.2396, 46.8376], [-71.2395, 46.8377], [-71.2394, 46.8378], [-71.2394, 46.8379], [-71.2394, 46.838], [-71.2394, 46.8381], [-71.2395, 46.8382], [-71.2396, 46.8382], [-71.2397, 46.8383], [-71.2397, 46.8384], [-71.2397, 46.8385], [-71.2397, 46.8386], [-71.2396, 46.8386], [-71.2395, 46.8387], [-71.2394, 46.8388], [-71.2393, 46.8388], [-71.2392, 46.8389], [-71.2391, 46.839], [-71.2391, 46.8391], [-71.239, 46.8393], [-71.239, 46.8394], [-71.239, 46.8396], [-71.239, 46.8397], [-71.2391, 46.8399], [-71.239, 46.84], [-71.239, 46.8402], [-71.239, 46.8403], [-71.239, 46.8404], [-71.2389, 46.8405], [-71.2388, 46.8406], [-71.2388, 46.8407], [-71.2387, 46.8408], [-71.2388, 46.8409], [-71.2389, 46.8409], [-71.239, 46.841], [-71.2392, 46.8411], [-71.2394, 46.8412], [-71.2398, 46.8412], [-71.2401, 46.8413], [-71.2405, 46.8414], [-71.2408, 46.8414], [-71.2411, 46.8414], [-71.2413, 46.8414], [-71.2416, 46.8414], [-71.2418, 46.8414], [-71.242, 46.8413], [-71.2422, 46.8412], [-71.2423, 46.8412], [-71.2425, 46.8412], [-71.2426, 46.8412], [-71.2427, 46.8412], [-71.2427, 46.8413], [-71.2427, 46.8414], [-71.2427, 46.8415], [-71.2427, 46.8416], [-71.2428, 46.8416], [-71.2429, 46.8416], [-71.243, 46.8416], [-71.2431, 46.8416], [-71.2432, 46.8416], [-71.2434, 46.8415], [-71.2436, 46.8415], [-71.2437, 46.8415], [-71.2438, 46.8415], [-71.2439, 46.8415], [-71.244, 46.8415], [-71.244, 46.8416], [-71.2441, 46.8416], [-71.2441, 46.8417], [-71.2442, 46.8418], [-71.2443, 46.8419], [-71.2446, 46.8419], [-71.2449, 46.842], [-71.2454, 46.8421], [-71.2459, 46.8422], [-71.2464, 46.8423], [-71.2471, 46.8423], [-71.2477, 46.8424], [-71.2482, 46.8424], [-71.2487, 46.8423], [-71.2491, 46.8423], [-71.2494, 46.8422], [-71.2496, 46.842], [-71.2497, 46.8418], [-71.2498, 46.8416], [-71.2499, 46.8414], [-71.2499, 46.8413], [-71.2499, 46.8411], [-71.2498, 46.841], [-71.2497, 46.8409], [-71.2496, 46.8409], [-71.2495, 46.8408], [-71.2493, 46.8408], [-71.2491, 46.8408], [-71.2491, 46.8407], [-71.249, 46.8407], [-71.249, 46.8406], [-71.2491, 46.8405], [-71.2492, 46.8405], [-71.2494, 46.8404], [-71.2497, 46.8402], [-71.2499, 46.8401], [-71.25, 46.84], [-71.2502, 46.8399], [-71.2503, 46.8397], [-71.2503, 46.8396], [-71.2504, 46.8394], [-71.2504, 46.8393], [-71.2503, 46.8391], [-71.2503, 46.839], [-71.2503, 46.8389], [-71.2503, 46.8387], [-71.2504, 46.8386], [-71.2504, 46.8385], [-71.2505, 46.8385], [-71.2505, 46.8384], [-71.2506, 46.8384], [-71.2507, 46.8383], [-71.2508, 46.8382], [-71.2509, 46.838], [-71.2509, 46.8379], [-71.251, 46.8377], [-71.251, 46.8375], [-71.2511, 46.8372], [-71.2511, 46.8369], [-71.2511, 46.8367]]]}}, {"type": "Feature", "properties": {"couche": "aire_marche", "station": "Des Peupliers", "ordre": 28, "minutes": 9, "superficie_ha": 80.6, "rue_km": 17.48, "disque_ha": 124.7, "part_disque_pct": 65, "accroche_m": 3, "population": 4511, "navetteurs": 1667, "mode_auto_pct": 68, "mode_tc_pct": 22, "mode_actif_pct": 10, "mode_autre_pct": 0}, "geometry": {"type": "Polygon", "coordinates": [[[-71.2522, 46.8358], [-71.2522, 46.8359], [-71.2522, 46.836], [-71.2521, 46.8361], [-71.252, 46.8362], [-71.2519, 46.8362], [-71.2518, 46.8363], [-71.2518, 46.8364], [-71.2517, 46.8364], [-71.2517, 46.8365], [-71.2518, 46.8366], [-71.2519, 46.8367], [-71.2519, 46.8368], [-71.2519, 46.8369], [-71.2518, 46.837], [-71.2518, 46.8371], [-71.2517, 46.8371], [-71.2516, 46.8372], [-71.2515, 46.8373], [-71.2515, 46.8375], [-71.2514, 46.8376], [-71.2514, 46.8378], [-71.2513, 46.838], [-71.2513, 46.8383], [-71.2513, 46.8386], [-71.2512, 46.8388], [-71.2511, 46.8391], [-71.251, 46.8393], [-71.2508, 46.8395], [-71.2506, 46.8397], [-71.2504, 46.8399], [-71.2501, 46.8401], [-71.2498, 46.8402], [-71.2495, 46.8403], [-71.2493, 46.8405], [-71.2492, 46.8405], [-71.2492, 46.8406], [-71.2493, 46.8406], [-71.2494, 46.8407], [-71.2496, 46.8406], [-71.2499, 46.8406], [-71.2501, 46.8406], [-71.2503, 46.8406], [-71.2504, 46.8406], [-71.2505, 46.8407], [-71.2506, 46.8408], [-71.2506, 46.8409], [-71.2505, 46.841], [-71.2504, 46.8411], [-71.2503, 46.8413], [-71.2502, 46.8414], [-71.2501, 46.8415], [-71.2501, 46.8416], [-71.2501, 46.8417], [-71.2501, 46.8418], [-71.2502, 46.8419], [-71.2502, 46.842], [-71.2503, 46.8421], [-71.2503, 46.8422], [-71.2503, 46.8423], [-71.2503, 46.8424], [-71.2503, 46.8425], [-71.2502, 46.8426], [-71.2502, 46.8427], [-71.25, 46.8428], [-71.2498, 46.8429], [-71.2495, 46.8429], [-71.2492, 46.843], [-71.2487, 46.8429], [-71.2482, 46.8429], [-71.2477, 46.8429], [-71.247, 46.8428], [-71.2465, 46.8427], [-71.246, 46.8427], [-71.2456, 46.8426], [-71.2452, 46.8425], [-71.245, 46.8424], [-71.2448, 46.8424], [-71.2447, 46.8423], [-71.2446, 46.8422], [-71.2445, 46.8421], [-71.2444, 46.8421], [-71.2443, 46.8421], [-71.2442, 46.8421], [-71.2441, 46.8421], [-71.244, 46.8421], [-71.2438, 46.8422], [-71.2437, 46.8422], [-71.2435, 46.8422], [-71.2434, 46.8422], [-71.2433, 46.8422], [-71.2432, 46.8421], [-71.2431, 46.842], [-71.2431, 46.8419], [-71.2432, 46.8418], [-71.2433, 46.8417], [-71.2434, 46.8417], [-71.2435, 46.8416], [-71.2436, 46.8415], [-71.2435, 46.8415], [-71.2434, 46.8416], [-71.2432, 46.8417], [-71.2429, 46.8418], [-71.2427, 46.8419], [-71.2424, 46.8419], [-71.2422, 46.842], [-71.2419, 46.842], [-71.2417, 46.8419], [-71.2414, 46.8419], [-71.2412, 46.8418], [-71.241, 46.8418], [-71.2407, 46.8417], [-71.2404, 46.8416], [-71.2402, 46.8415], [-71.2399, 46.8415], [-71.2396, 46.8415], [-71.2394, 46.8414], [-71.2391, 46.8414], [-71.2388, 46.8414], [-71.2385, 46.8413], [-71.2383, 46.8412], [-71.2382, 46.841], [-71.2381, 46.8407], [-71.2381, 46.8404], [-71.2381, 46.84], [-71.2382, 46.8395], [-71.2384, 46.839], [-71.2386, 46.8385], [-71.2388, 46.8381], [-71.239, 46.8377], [-71.2393, 46.8374], [-71.2397, 46.837], [-71.24, 46.8368], [-71.2405, 46.8365], [-71.2409, 46.8363], [-71.2413, 46.8361], [-71.2416, 46.836], [-71.2419, 46.8358], [-71.2421, 46.8357], [-71.2422, 46.8356], [-71.2423, 46.8354], [-71.2422, 46.8353], [-71.2422, 46.8352], [-71.2421, 46.8351], [-71.2419, 46.8351], [-71.2418, 46.835], [-71.2416, 46.835], [-71.2414, 46.8349], [-71.2412, 46.8348], [-71.241, 46.8348], [-71.2408, 46.8347], [-71.2406, 46.8347], [-71.2405, 46.8346], [-71.2404, 46.8345], [-71.2403, 46.8344], [-71.2402, 46.8344], [-71.2402, 46.8343], [-71.2403, 46.8342], [-71.2403, 46.8341], [-71.2403, 46.834], [-71.2404, 46.834], [-71.2404, 46.8339], [-71.2405, 46.8339], [-71.2406, 46.8339], [-71.2407, 46.8339], [-71.2408, 46.8338], [-71.2409, 46.8338], [-71.2409, 46.8337], [-71.241, 46.8337], [-71.241, 46.8336], [-71.241, 46.8335], [-71.241, 46.8334], [-71.2409, 46.8333], [-71.2409, 46.8332], [-71.2409, 46.8331], [-71.241, 46.8331], [-71.241, 46.833], [-71.2411, 46.833], [-71.2412, 46.8331], [-71.2413, 46.8331], [-71.2415, 46.8332], [-71.2416, 46.8332], [-71.2418, 46.8333], [-71.2419, 46.8333], [-71.2421, 46.8334], [-71.2423, 46.8334], [-71.2424, 46.8334], [-71.2426, 46.8334], [-71.2428, 46.8334], [-71.2429, 46.8333], [-71.243, 46.8334], [-71.2431, 46.8334], [-71.2431, 46.8335], [-71.243, 46.8336], [-71.2429, 46.8337], [-71.2428, 46.8338], [-71.2428, 46.8339], [-71.2427, 46.8341], [-71.2427, 46.8342], [-71.2428, 46.8343], [-71.2428, 46.8345], [-71.2429, 46.8346], [-71.243, 46.8348], [-71.2431, 46.8349], [-71.2432, 46.835], [-71.2433, 46.8351], [-71.2434, 46.8351], [-71.2435, 46.8351], [-71.2435, 46.835], [-71.2435, 46.8349], [-71.2436, 46.8348], [-71.2437, 46.8347], [-71.2438, 46.8346], [-71.244, 46.8345], [-71.2442, 46.8344], [-71.2444, 46.8343], [-71.2446, 46.8342], [-71.245, 46.8341], [-71.2452, 46.834], [-71.2455, 46.8339], [-71.2457, 46.8338], [-71.2459, 46.8338], [-71.246, 46.8338], [-71.2461, 46.8338], [-71.2462, 46.8338], [-71.2463, 46.8339], [-71.2464, 46.8339], [-71.2464, 46.834], [-71.2465, 46.834], [-71.2467, 46.834], [-71.2468, 46.834], [-71.2469, 46.834], [-71.2471, 46.834], [-71.2472, 46.834], [-71.2474, 46.834], [-71.2475, 46.834], [-71.2476, 46.8341], [-71.2477, 46.8341], [-71.2478, 46.8342], [-71.2479, 46.8342], [-71.248, 46.8343], [-71.248, 46.8344], [-71.2481, 46.8345], [-71.2482, 46.8346], [-71.2483, 46.8346], [-71.2484, 46.8347], [-71.2486, 46.8347], [-71.2487, 46.8346], [-71.2489, 46.8346], [-71.249, 46.8345], [-71.2492, 46.8345], [-71.2493, 46.8344], [-71.2495, 46.8344], [-71.2496, 46.8344], [-71.2497, 46.8344], [-71.2498, 46.8345], [-71.2499, 46.8345], [-71.25, 46.8345], [-71.25, 46.8346], [-71.2502, 46.8346], [-71.2503, 46.8347], [-71.2505, 46.8347], [-71.2507, 46.8347], [-71.2509, 46.8347], [-71.2511, 46.8347], [-71.2514, 46.8347], [-71.2516, 46.8347], [-71.2518, 46.8348], [-71.252, 46.8348], [-71.2522, 46.8348], [-71.2523, 46.8348], [-71.2524, 46.8349], [-71.2525, 46.835], [-71.2525, 46.8351], [-71.2525, 46.8352], [-71.2524, 46.8352], [-71.2524, 46.8353], [-71.2523, 46.8353], [-71.2522, 46.8354], [-71.2521, 46.8354], [-71.2521, 46.8355], [-71.2521, 46.8356], [-71.2521, 46.8357], [-71.2522, 46.8358]]]}}, {"type": "Feature", "properties": {"couche": "voile", "station": "Des Peupliers", "minutes": 9}, "geometry": {"type": "Polygon", "coordinates": [[[-71.4118, 46.9498], [-71.082, 46.9519], [-71.0795, 46.726], [-71.4079, 46.7238], [-71.4118, 46.9498]], [[-71.2521, 46.8357], [-71.2521, 46.8356], [-71.2521, 46.8355], [-71.2521, 46.8354], [-71.2522, 46.8354], [-71.2523, 46.8353], [-71.2524, 46.8353], [-71.2524, 46.8352], [-71.2525, 46.8352], [-71.2525, 46.8351], [-71.2525, 46.835], [-71.2524, 46.8349], [-71.2523, 46.8348], [-71.2522, 46.8348], [-71.252, 46.8348], [-71.2518, 46.8348], [-71.2516, 46.8347], [-71.2514, 46.8347], [-71.2511, 46.8347], [-71.2509, 46.8347], [-71.2507, 46.8347], [-71.2505, 46.8347], [-71.2503, 46.8347], [-71.2502, 46.8346], [-71.25, 46.8346], [-71.25, 46.8345], [-71.2499, 46.8345], [-71.2498, 46.8345], [-71.2497, 46.8344], [-71.2496, 46.8344], [-71.2495, 46.8344], [-71.2493, 46.8344], [-71.2492, 46.8345], [-71.249, 46.8345], [-71.2489, 46.8346], [-71.2487, 46.8346], [-71.2486, 46.8347], [-71.2484, 46.8347], [-71.2483, 46.8346], [-71.2482, 46.8346], [-71.2481, 46.8345], [-71.248, 46.8344], [-71.248, 46.8343], [-71.2479, 46.8342], [-71.2478, 46.8342], [-71.2477, 46.8341], [-71.2476, 46.8341], [-71.2475, 46.834], [-71.2474, 46.834], [-71.2472, 46.834], [-71.2471, 46.834], [-71.2469, 46.834], [-71.2468, 46.834], [-71.2467, 46.834], [-71.2465, 46.834], [-71.2464, 46.834], [-71.2464, 46.8339], [-71.2463, 46.8339], [-71.2462, 46.8338], [-71.2461, 46.8338], [-71.246, 46.8338], [-71.2459, 46.8338], [-71.2457, 46.8338], [-71.2455, 46.8339], [-71.2452, 46.834], [-71.245, 46.8341], [-71.2446, 46.8342], [-71.2444, 46.8343], [-71.2442, 46.8344], [-71.244, 46.8345], [-71.2438, 46.8346], [-71.2437, 46.8347], [-71.2436, 46.8348], [-71.2435, 46.8349], [-71.2435, 46.835], [-71.2435, 46.8351], [-71.2434, 46.8351], [-71.2433, 46.8351], [-71.2432, 46.835], [-71.2431, 46.8349], [-71.243, 46.8348], [-71.2429, 46.8346], [-71.2428, 46.8345], [-71.2428, 46.8343], [-71.2427, 46.8342], [-71.2427, 46.8341], [-71.2428, 46.8339], [-71.2428, 46.8338], [-71.2429, 46.8337], [-71.243, 46.8336], [-71.2431, 46.8335], [-71.2431, 46.8334], [-71.243, 46.8334], [-71.2429, 46.8333], [-71.2428, 46.8334], [-71.2426, 46.8334], [-71.2424, 46.8334], [-71.2423, 46.8334], [-71.2421, 46.8334], [-71.2419, 46.8333], [-71.2418, 46.8333], [-71.2416, 46.8332], [-71.2415, 46.8332], [-71.2413, 46.8331], [-71.2412, 46.8331], [-71.2411, 46.833], [-71.241, 46.833], [-71.241, 46.8331], [-71.2409, 46.8331], [-71.2409, 46.8332], [-71.2409, 46.8333], [-71.241, 46.8334], [-71.241, 46.8335], [-71.241, 46.8336], [-71.241, 46.8337], [-71.2409, 46.8337], [-71.2409, 46.8338], [-71.2408, 46.8338], [-71.2407, 46.8339], [-71.2406, 46.8339], [-71.2405, 46.8339], [-71.2404, 46.8339], [-71.2404, 46.834], [-71.2403, 46.834], [-71.2403, 46.8341], [-71.2403, 46.8342], [-71.2402, 46.8343], [-71.2402, 46.8344], [-71.2403, 46.8344], [-71.2404, 46.8345], [-71.2405, 46.8346], [-71.2406, 46.8347], [-71.2408, 46.8347], [-71.241, 46.8348], [-71.2412, 46.8348], [-71.2414, 46.8349], [-71.2416, 46.835], [-71.2418, 46.835], [-71.2419, 46.8351], [-71.2421, 46.8351], [-71.2422, 46.8352], [-71.2422, 46.8353], [-71.2423, 46.8354], [-71.2422, 46.8356], [-71.2421, 46.8357], [-71.2419, 46.8358], [-71.2416, 46.836], [-71.2413, 46.8361], [-71.2409, 46.8363], [-71.2405, 46.8365], [-71.24, 46.8368], [-71.2397, 46.837], [-71.2393, 46.8374], [-71.239, 46.8377], [-71.2388, 46.8381], [-71.2386, 46.8385], [-71.2384, 46.839], [-71.2382, 46.8395], [-71.2381, 46.84], [-71.2381, 46.8404], [-71.2381, 46.8407], [-71.2382, 46.841], [-71.2383, 46.8412], [-71.2385, 46.8413], [-71.2388, 46.8414], [-71.2391, 46.8414], [-71.2394, 46.8414], [-71.2396, 46.8415], [-71.2399, 46.8415], [-71.2402, 46.8415], [-71.2404, 46.8416], [-71.2407, 46.8417], [-71.241, 46.8418], [-71.2412, 46.8418], [-71.2414, 46.8419], [-71.2417, 46.8419], [-71.2419, 46.842], [-71.2422, 46.842], [-71.2424, 46.8419], [-71.2427, 46.8419], [-71.2429, 46.8418], [-71.2432, 46.8417], [-71.2434, 46.8416], [-71.2435, 46.8415], [-71.2436, 46.8415], [-71.2435, 46.8416], [-71.2434, 46.8417], [-71.2433, 46.8417], [-71.2432, 46.8418], [-71.2431, 46.8419], [-71.2431, 46.842], [-71.2432, 46.8421], [-71.2433, 46.8422], [-71.2434, 46.8422], [-71.2435, 46.8422], [-71.2437, 46.8422], [-71.2438, 46.8422], [-71.244, 46.8421], [-71.2441, 46.8421], [-71.2442, 46.8421], [-71.2443, 46.8421], [-71.2444, 46.8421], [-71.2445, 46.8421], [-71.2446, 46.8422], [-71.2447, 46.8423], [-71.2448, 46.8424], [-71.245, 46.8424], [-71.2452, 46.8425], [-71.2456, 46.8426], [-71.246, 46.8427], [-71.2465, 46.8427], [-71.247, 46.8428], [-71.2477, 46.8429], [-71.2482, 46.8429], [-71.2487, 46.8429], [-71.2492, 46.843], [-71.2495, 46.8429], [-71.2498, 46.8429], [-71.25, 46.8428], [-71.2502, 46.8427], [-71.2502, 46.8426], [-71.2503, 46.8425], [-71.2503, 46.8424], [-71.2503, 46.8423], [-71.2503, 46.8422], [-71.2503, 46.8421], [-71.2502, 46.842], [-71.2502, 46.8419], [-71.2501, 46.8418], [-71.2501, 46.8417], [-71.2501, 46.8416], [-71.2501, 46.8415], [-71.2502, 46.8414], [-71.2503, 46.8413], [-71.2504, 46.8411], [-71.2505, 46.841], [-71.2506, 46.8409], [-71.2506, 46.8408], [-71.2505, 46.8407], [-71.2504, 46.8406], [-71.2503, 46.8406], [-71.2501, 46.8406], [-71.2499, 46.8406], [-71.2496, 46.8406], [-71.2494, 46.8407], [-71.2493, 46.8406], [-71.2492, 46.8406], [-71.2492, 46.8405], [-71.2493, 46.8405], [-71.2495, 46.8403], [-71.2498, 46.8402], [-71.2501, 46.8401], [-71.2504, 46.8399], [-71.2506, 46.8397], [-71.2508, 46.8395], [-71.251, 46.8393], [-71.2511, 46.8391], [-71.2512, 46.8388], [-71.2513, 46.8386], [-71.2513, 46.8383], [-71.2513, 46.838], [-71.2514, 46.8378], [-71.2514, 46.8376], [-71.2515, 46.8375], [-71.2515, 46.8373], [-71.2516, 46.8372], [-71.2517, 46.8371], [-71.2518, 46.8371], [-71.2518, 46.837], [-71.2519, 46.8369], [-71.2519, 46.8368], [-71.2519, 46.8367], [-71.2518, 46.8366], [-71.2517, 46.8365], [-71.2517, 46.8364], [-71.2518, 46.8364], [-71.2518, 46.8363], [-71.2519, 46.8362], [-71.252, 46.8362], [-71.2521, 46.8361], [-71.2522, 46.836], [-71.2522, 46.8359], [-71.2522, 46.8358], [-71.2521, 46.8357]]]}}, {"type": "Feature", "properties": {"couche": "aire_marche", "station": "Des Peupliers", "ordre": 28, "minutes": 10, "superficie_ha": 98.5, "rue_km": 21.92, "disque_ha": 153.9, "part_disque_pct": 64, "accroche_m": 3, "population": 5517, "navetteurs": 2063, "mode_auto_pct": 68, "mode_tc_pct": 22, "mode_actif_pct": 10, "mode_autre_pct": 0}, "geometry": {"type": "Polygon", "coordinates": [[[-71.2528, 46.8352], [-71.2527, 46.8354], [-71.2526, 46.8356], [-71.2525, 46.8358], [-71.2525, 46.836], [-71.2525, 46.8362], [-71.2524, 46.8363], [-71.2524, 46.8365], [-71.2524, 46.8367], [-71.2525, 46.8369], [-71.2525, 46.837], [-71.2525, 46.8371], [-71.2524, 46.8373], [-71.2524, 46.8374], [-71.2524, 46.8375], [-71.2523, 46.8376], [-71.2522, 46.8376], [-71.2521, 46.8377], [-71.252, 46.8378], [-71.252, 46.8379], [-71.2519, 46.838], [-71.2519, 46.8382], [-71.2519, 46.8383], [-71.2519, 46.8385], [-71.2519, 46.8387], [-71.2518, 46.8389], [-71.2517, 46.8391], [-71.2516, 46.8393], [-71.2514, 46.8395], [-71.2511, 46.8396], [-71.2508, 46.8398], [-71.2505, 46.84], [-71.2501, 46.8402], [-71.2497, 46.8403], [-71.2495, 46.8404], [-71.2493, 46.8405], [-71.2495, 46.8405], [-71.2497, 46.8404], [-71.25, 46.8403], [-71.2502, 46.8402], [-71.2505, 46.8401], [-71.2507, 46.8401], [-71.2509, 46.84], [-71.2511, 46.84], [-71.2512, 46.84], [-71.2513, 46.84], [-71.2514, 46.8401], [-71.2515, 46.8401], [-71.2515, 46.8402], [-71.2516, 46.8403], [-71.2516, 46.8404], [-71.2516, 46.8405], [-71.2515, 46.8406], [-71.2515, 46.8408], [-71.2515, 46.8409], [-71.2514, 46.841], [-71.2513, 46.8411], [-71.2513, 46.8412], [-71.2512, 46.8413], [-71.2511, 46.8413], [-71.2509, 46.8413], [-71.2508, 46.8414], [-71.2507, 46.8414], [-71.2506, 46.8414], [-71.2506, 46.8415], [-71.2506, 46.8416], [-71.2507, 46.8416], [-71.2507, 46.8417], [-71.2509, 46.8417], [-71.2509, 46.8418], [-71.251, 46.8419], [-71.251, 46.842], [-71.251, 46.8421], [-71.251, 46.8423], [-71.251, 46.8425], [-71.2509, 46.8427], [-71.2508, 46.8429], [-71.2507, 46.8431], [-71.2505, 46.8432], [-71.2503, 46.8433], [-71.2501, 46.8434], [-71.2498, 46.8434], [-71.2495, 46.8434], [-71.2492, 46.8433], [-71.2489, 46.8432], [-71.2485, 46.8432], [-71.2482, 46.8431], [-71.2478, 46.8431], [-71.2475, 46.843], [-71.2472, 46.843], [-71.2468, 46.843], [-71.2465, 46.843], [-71.2461, 46.843], [-71.2458, 46.8431], [-71.2455, 46.8431], [-71.2452, 46.8431], [-71.245, 46.8431], [-71.2448, 46.843], [-71.2446, 46.843], [-71.2444, 46.843], [-71.2443, 46.8429], [-71.2442, 46.8429], [-71.244, 46.8429], [-71.244, 46.8428], [-71.2439, 46.8428], [-71.2438, 46.8427], [-71.2438, 46.8426], [-71.2438, 46.8425], [-71.2437, 46.8425], [-71.2436, 46.8424], [-71.2435, 46.8424], [-71.2433, 46.8424], [-71.2431, 46.8424], [-71.2429, 46.8424], [-71.2426, 46.8424], [-71.2423, 46.8424], [-71.242, 46.8424], [-71.2417, 46.8424], [-71.2415, 46.8424], [-71.2413, 46.8423], [-71.2412, 46.8423], [-71.2411, 46.8422], [-71.2411, 46.8421], [-71.2411, 46.842], [-71.241, 46.8419], [-71.2409, 46.8419], [-71.2408, 46.8419], [-71.2406, 46.8419], [-71.2405, 46.842], [-71.2403, 46.842], [-71.2402, 46.8421], [-71.2401, 46.8421], [-71.2399, 46.8421], [-71.2398, 46.8421], [-71.2397, 46.8421], [-71.2396, 46.842], [-71.2395, 46.842], [-71.2395, 46.8419], [-71.2394, 46.8419], [-71.2393, 46.8419], [-71.2392, 46.8418], [-71.2391, 46.8418], [-71.2389, 46.8419], [-71.2388, 46.8419], [-71.2387, 46.8419], [-71.2385, 46.8419], [-71.2384, 46.8419], [-71.2382, 46.8419], [-71.2381, 46.8419], [-71.2379, 46.8419], [-71.2377, 46.8418], [-71.2376, 46.8418], [-71.2374, 46.8417], [-71.2373, 46.8416], [-71.2372, 46.8416], [-71.2372, 46.8415], [-71.2371, 46.8413], [-71.2372, 46.8412], [-71.2372, 46.8411], [-71.2373, 46.8409], [-71.2374, 46.8407], [-71.2375, 46.8406], [-71.2375, 46.8404], [-71.2376, 46.8403], [-71.2376, 46.8402], [-71.2376, 46.8401], [-71.2376, 46.84], [-71.2376, 46.8399], [-71.2375, 46.8398], [-71.2375, 46.8397], [-71.2376, 46.8397], [-71.2376, 46.8396], [-71.2377, 46.8395], [-71.2378, 46.8395], [-71.2379, 46.8394], [-71.2381, 46.8393], [-71.2382, 46.8393], [-71.2383, 46.8392], [-71.2383, 46.8391], [-71.2383, 46.839], [-71.2382, 46.8389], [-71.2381, 46.8389], [-71.238, 46.8389], [-71.238, 46.8388], [-71.2379, 46.8387], [-71.2379, 46.8386], [-71.2379, 46.8385], [-71.2379, 46.8384], [-71.2379, 46.8382], [-71.2379, 46.8381], [-71.238, 46.8379], [-71.2382, 46.8377], [-71.2384, 46.8376], [-71.2387, 46.8374], [-71.2391, 46.8372], [-71.2395, 46.8369], [-71.24, 46.8367], [-71.2406, 46.8365], [-71.241, 46.8362], [-71.2414, 46.836], [-71.2417, 46.8359], [-71.2419, 46.8357], [-71.242, 46.8356], [-71.2421, 46.8355], [-71.242, 46.8354], [-71.2419, 46.8353], [-71.2418, 46.8352], [-71.2416, 46.8352], [-71.2414, 46.8351], [-71.2413, 46.8351], [-71.241, 46.8351], [-71.2408, 46.835], [-71.2406, 46.835], [-71.2403, 46.835], [-71.2401, 46.835], [-71.2399, 46.8349], [-71.2398, 46.8349], [-71.2397, 46.8348], [-71.2397, 46.8347], [-71.2397, 46.8346], [-71.2398, 46.8345], [-71.2399, 46.8344], [-71.24, 46.8343], [-71.24, 46.8342], [-71.24, 46.8341], [-71.24, 46.834], [-71.24, 46.8339], [-71.24, 46.8338], [-71.2399, 46.8338], [-71.2399, 46.8337], [-71.2399, 46.8336], [-71.2399, 46.8335], [-71.2399, 46.8334], [-71.24, 46.8334], [-71.2401, 46.8334], [-71.2402, 46.8334], [-71.2402, 46.8333], [-71.2403, 46.8333], [-71.2403, 46.8332], [-71.2404, 46.8332], [-71.2404, 46.8331], [-71.2404, 46.833], [-71.2403, 46.8329], [-71.2403, 46.8328], [-71.2403, 46.8327], [-71.2403, 46.8326], [-71.2404, 46.8325], [-71.2405, 46.8325], [-71.2406, 46.8325], [-71.2408, 46.8324], [-71.241, 46.8324], [-71.2413, 46.8324], [-71.2415, 46.8325], [-71.2417, 46.8325], [-71.2418, 46.8326], [-71.2419, 46.8326], [-71.242, 46.8327], [-71.2421, 46.8328], [-71.2422, 46.8329], [-71.2422, 46.833], [-71.2422, 46.8331], [-71.2423, 46.8332], [-71.2424, 46.8332], [-71.2425, 46.8332], [-71.2426, 46.8332], [-71.2427, 46.8332], [-71.2428, 46.8332], [-71.2429, 46.8331], [-71.2431, 46.8331], [-71.2432, 46.8331], [-71.2433, 46.8331], [-71.2434, 46.8332], [-71.2435, 46.8332], [-71.2436, 46.8332], [-71.2437, 46.8333], [-71.2438, 46.8333], [-71.2439, 46.8334], [-71.244, 46.8334], [-71.244, 46.8335], [-71.244, 46.8336], [-71.244, 46.8337], [-71.244, 46.8338], [-71.2439, 46.8339], [-71.2438, 46.8339], [-71.2437, 46.834], [-71.2436, 46.834], [-71.2435, 46.834], [-71.2433, 46.834], [-71.2431, 46.834], [-71.243, 46.8341], [-71.2429, 46.8341], [-71.2428, 46.8342], [-71.2428, 46.8343], [-71.2428, 46.8344], [-71.2428, 46.8345], [-71.2429, 46.8346], [-71.243, 46.8348], [-71.2431, 46.8349], [-71.2432, 46.835], [-71.2433, 46.8351], [-71.2434, 46.8351], [-71.2435, 46.8351], [-71.2435, 46.835], [-71.2435, 46.8349], [-71.2436, 46.8348], [-71.2437, 46.8347], [-71.2439, 46.8346], [-71.2441, 46.8345], [-71.2443, 46.8343], [-71.2446, 46.8342], [-71.2449, 46.834], [-71.2453, 46.8339], [-71.2457, 46.8337], [-71.246, 46.8336], [-71.2463, 46.8335], [-71.2466, 46.8334], [-71.2468, 46.8334], [-71.2471, 46.8334], [-71.2473, 46.8334], [-71.2474, 46.8334], [-71.2476, 46.8335], [-71.2477, 46.8336], [-71.2479, 46.8337], [-71.248, 46.8338], [-71.248, 46.8339], [-71.2481, 46.834], [-71.2481, 46.8341], [-71.2482, 46.8343], [-71.2482, 46.8344], [-71.2483, 46.8345], [-71.2484, 46.8345], [-71.2485, 46.8346], [-71.2486, 46.8345], [-71.2488, 46.8345], [-71.249, 46.8344], [-71.2492, 46.8343], [-71.2493, 46.8342], [-71.2495, 46.8341], [-71.2497, 46.8341], [-71.2499, 46.834], [-71.25, 46.834], [-71.2502, 46.8341], [-71.2504, 46.8341], [-71.2505, 46.8342], [-71.2506, 46.8342], [-71.2508, 46.8343], [-71.251, 46.8343], [-71.2512, 46.8343], [-71.2514, 46.8344], [-71.2517, 46.8344], [-71.2519, 46.8344], [-71.2522, 46.8344], [-71.2524, 46.8344], [-71.2526, 46.8345], [-71.2527, 46.8346], [-71.2528, 46.8347], [-71.2528, 46.8348], [-71.2528, 46.835], [-71.2528, 46.8352]]]}}, {"type": "Feature", "properties": {"couche": "voile", "station": "Des Peupliers", "minutes": 10}, "geometry": {"type": "Polygon", "coordinates": [[[-71.4121, 46.9502], [-71.081, 46.9523], [-71.0785, 46.7254], [-71.4082, 46.7232], [-71.4121, 46.9502]], [[-71.2528, 46.835], [-71.2528, 46.8348], [-71.2528, 46.8347], [-71.2527, 46.8346], [-71.2526, 46.8345], [-71.2524, 46.8344], [-71.2522, 46.8344], [-71.2519, 46.8344], [-71.2517, 46.8344], [-71.2514, 46.8344], [-71.2512, 46.8343], [-71.251, 46.8343], [-71.2508, 46.8343], [-71.2506, 46.8342], [-71.2505, 46.8342], [-71.2504, 46.8341], [-71.2502, 46.8341], [-71.25, 46.834], [-71.2499, 46.834], [-71.2497, 46.8341], [-71.2495, 46.8341], [-71.2493, 46.8342], [-71.2492, 46.8343], [-71.249, 46.8344], [-71.2488, 46.8345], [-71.2486, 46.8345], [-71.2485, 46.8346], [-71.2484, 46.8345], [-71.2483, 46.8345], [-71.2482, 46.8344], [-71.2482, 46.8343], [-71.2481, 46.8341], [-71.2481, 46.834], [-71.248, 46.8339], [-71.248, 46.8338], [-71.2479, 46.8337], [-71.2477, 46.8336], [-71.2476, 46.8335], [-71.2474, 46.8334], [-71.2473, 46.8334], [-71.2471, 46.8334], [-71.2468, 46.8334], [-71.2466, 46.8334], [-71.2463, 46.8335], [-71.246, 46.8336], [-71.2457, 46.8337], [-71.2453, 46.8339], [-71.2449, 46.834], [-71.2446, 46.8342], [-71.2443, 46.8343], [-71.2441, 46.8345], [-71.2439, 46.8346], [-71.2437, 46.8347], [-71.2436, 46.8348], [-71.2435, 46.8349], [-71.2435, 46.835], [-71.2435, 46.8351], [-71.2434, 46.8351], [-71.2433, 46.8351], [-71.2432, 46.835], [-71.2431, 46.8349], [-71.243, 46.8348], [-71.2429, 46.8346], [-71.2428, 46.8345], [-71.2428, 46.8344], [-71.2428, 46.8343], [-71.2428, 46.8342], [-71.2429, 46.8341], [-71.243, 46.8341], [-71.2431, 46.834], [-71.2433, 46.834], [-71.2435, 46.834], [-71.2436, 46.834], [-71.2437, 46.834], [-71.2438, 46.8339], [-71.2439, 46.8339], [-71.244, 46.8338], [-71.244, 46.8337], [-71.244, 46.8336], [-71.244, 46.8335], [-71.244, 46.8334], [-71.2439, 46.8334], [-71.2438, 46.8333], [-71.2437, 46.8333], [-71.2436, 46.8332], [-71.2435, 46.8332], [-71.2434, 46.8332], [-71.2433, 46.8331], [-71.2432, 46.8331], [-71.2431, 46.8331], [-71.2429, 46.8331], [-71.2428, 46.8332], [-71.2427, 46.8332], [-71.2426, 46.8332], [-71.2425, 46.8332], [-71.2424, 46.8332], [-71.2423, 46.8332], [-71.2422, 46.8331], [-71.2422, 46.833], [-71.2422, 46.8329], [-71.2421, 46.8328], [-71.242, 46.8327], [-71.2419, 46.8326], [-71.2418, 46.8326], [-71.2417, 46.8325], [-71.2415, 46.8325], [-71.2413, 46.8324], [-71.241, 46.8324], [-71.2408, 46.8324], [-71.2406, 46.8325], [-71.2405, 46.8325], [-71.2404, 46.8325], [-71.2403, 46.8326], [-71.2403, 46.8327], [-71.2403, 46.8328], [-71.2403, 46.8329], [-71.2404, 46.833], [-71.2404, 46.8331], [-71.2404, 46.8332], [-71.2403, 46.8332], [-71.2403, 46.8333], [-71.2402, 46.8333], [-71.2402, 46.8334], [-71.2401, 46.8334], [-71.24, 46.8334], [-71.2399, 46.8334], [-71.2399, 46.8335], [-71.2399, 46.8336], [-71.2399, 46.8337], [-71.2399, 46.8338], [-71.24, 46.8338], [-71.24, 46.8339], [-71.24, 46.834], [-71.24, 46.8341], [-71.24, 46.8342], [-71.24, 46.8343], [-71.2399, 46.8344], [-71.2398, 46.8345], [-71.2397, 46.8346], [-71.2397, 46.8347], [-71.2397, 46.8348], [-71.2398, 46.8349], [-71.2399, 46.8349], [-71.2401, 46.835], [-71.2403, 46.835], [-71.2406, 46.835], [-71.2408, 46.835], [-71.241, 46.8351], [-71.2413, 46.8351], [-71.2414, 46.8351], [-71.2416, 46.8352], [-71.2418, 46.8352], [-71.2419, 46.8353], [-71.242, 46.8354], [-71.2421, 46.8355], [-71.242, 46.8356], [-71.2419, 46.8357], [-71.2417, 46.8359], [-71.2414, 46.836], [-71.241, 46.8362], [-71.2406, 46.8365], [-71.24, 46.8367], [-71.2395, 46.8369], [-71.2391, 46.8372], [-71.2387, 46.8374], [-71.2384, 46.8376], [-71.2382, 46.8377], [-71.238, 46.8379], [-71.2379, 46.8381], [-71.2379, 46.8382], [-71.2379, 46.8384], [-71.2379, 46.8385], [-71.2379, 46.8386], [-71.2379, 46.8387], [-71.238, 46.8388], [-71.238, 46.8389], [-71.2381, 46.8389], [-71.2382, 46.8389], [-71.2383, 46.839], [-71.2383, 46.8391], [-71.2383, 46.8392], [-71.2382, 46.8393], [-71.2381, 46.8393], [-71.2379, 46.8394], [-71.2378, 46.8395], [-71.2377, 46.8395], [-71.2376, 46.8396], [-71.2376, 46.8397], [-71.2375, 46.8397], [-71.2375, 46.8398], [-71.2376, 46.8399], [-71.2376, 46.84], [-71.2376, 46.8401], [-71.2376, 46.8402], [-71.2376, 46.8403], [-71.2375, 46.8404], [-71.2375, 46.8406], [-71.2374, 46.8407], [-71.2373, 46.8409], [-71.2372, 46.8411], [-71.2372, 46.8412], [-71.2371, 46.8413], [-71.2372, 46.8415], [-71.2372, 46.8416], [-71.2373, 46.8416], [-71.2374, 46.8417], [-71.2376, 46.8418], [-71.2377, 46.8418], [-71.2379, 46.8419], [-71.2381, 46.8419], [-71.2382, 46.8419], [-71.2384, 46.8419], [-71.2385, 46.8419], [-71.2387, 46.8419], [-71.2388, 46.8419], [-71.2389, 46.8419], [-71.2391, 46.8418], [-71.2392, 46.8418], [-71.2393, 46.8419], [-71.2394, 46.8419], [-71.2395, 46.8419], [-71.2395, 46.842], [-71.2396, 46.842], [-71.2397, 46.8421], [-71.2398, 46.8421], [-71.2399, 46.8421], [-71.2401, 46.8421], [-71.2402, 46.8421], [-71.2403, 46.842], [-71.2405, 46.842], [-71.2406, 46.8419], [-71.2408, 46.8419], [-71.2409, 46.8419], [-71.241, 46.8419], [-71.2411, 46.842], [-71.2411, 46.8421], [-71.2411, 46.8422], [-71.2412, 46.8423], [-71.2413, 46.8423], [-71.2415, 46.8424], [-71.2417, 46.8424], [-71.242, 46.8424], [-71.2423, 46.8424], [-71.2426, 46.8424], [-71.2429, 46.8424], [-71.2431, 46.8424], [-71.2433, 46.8424], [-71.2435, 46.8424], [-71.2436, 46.8424], [-71.2437, 46.8425], [-71.2438, 46.8425], [-71.2438, 46.8426], [-71.2438, 46.8427], [-71.2439, 46.8428], [-71.244, 46.8428], [-71.244, 46.8429], [-71.2442, 46.8429], [-71.2443, 46.8429], [-71.2444, 46.843], [-71.2446, 46.843], [-71.2448, 46.843], [-71.245, 46.8431], [-71.2452, 46.8431], [-71.2455, 46.8431], [-71.2458, 46.8431], [-71.2461, 46.843], [-71.2465, 46.843], [-71.2468, 46.843], [-71.2472, 46.843], [-71.2475, 46.843], [-71.2478, 46.8431], [-71.2482, 46.8431], [-71.2485, 46.8432], [-71.2489, 46.8432], [-71.2492, 46.8433], [-71.2495, 46.8434], [-71.2498, 46.8434], [-71.2501, 46.8434], [-71.2503, 46.8433], [-71.2505, 46.8432], [-71.2507, 46.8431], [-71.2508, 46.8429], [-71.2509, 46.8427], [-71.251, 46.8425], [-71.251, 46.8423], [-71.251, 46.8421], [-71.251, 46.842], [-71.251, 46.8419], [-71.2509, 46.8418], [-71.2509, 46.8417], [-71.2507, 46.8417], [-71.2507, 46.8416], [-71.2506, 46.8416], [-71.2506, 46.8415], [-71.2506, 46.8414], [-71.2507, 46.8414], [-71.2508, 46.8414], [-71.2509, 46.8413], [-71.2511, 46.8413], [-71.2512, 46.8413], [-71.2513, 46.8412], [-71.2513, 46.8411], [-71.2514, 46.841], [-71.2515, 46.8409], [-71.2515, 46.8408], [-71.2515, 46.8406], [-71.2516, 46.8405], [-71.2516, 46.8404], [-71.2516, 46.8403], [-71.2515, 46.8402], [-71.2515, 46.8401], [-71.2514, 46.8401], [-71.2513, 46.84], [-71.2512, 46.84], [-71.2511, 46.84], [-71.2509, 46.84], [-71.2507, 46.8401], [-71.2505, 46.8401], [-71.2502, 46.8402], [-71.25, 46.8403], [-71.2497, 46.8404], [-71.2495, 46.8405], [-71.2493, 46.8405], [-71.2495, 46.8404], [-71.2497, 46.8403], [-71.2501, 46.8402], [-71.2505, 46.84], [-71.2508, 46.8398], [-71.2511, 46.8396], [-71.2514, 46.8395], [-71.2516, 46.8393], [-71.2517, 46.8391], [-71.2518, 46.8389], [-71.2519, 46.8387], [-71.2519, 46.8385], [-71.2519, 46.8383], [-71.2519, 46.8382], [-71.2519, 46.838], [-71.252, 46.8379], [-71.252, 46.8378], [-71.2521, 46.8377], [-71.2522, 46.8376], [-71.2523, 46.8376], [-71.2524, 46.8375], [-71.2524, 46.8374], [-71.2524, 46.8373], [-71.2525, 46.8371], [-71.2525, 46.837], [-71.2525, 46.8369], [-71.2524, 46.8367], [-71.2524, 46.8365], [-71.2524, 46.8363], [-71.2525, 46.8362], [-71.2525, 46.836], [-71.2525, 46.8358], [-71.2526, 46.8356], [-71.2527, 46.8354], [-71.2528, 46.8352], [-71.2528, 46.835]]]}}, {"type": "Feature", "properties": {"couche": "aire_marche", "station": "Des Peupliers", "ordre": 28, "minutes": 11, "superficie_ha": 118.0, "rue_km": 26.91, "disque_ha": 186.3, "part_disque_pct": 63, "accroche_m": 3, "population": 6643, "navetteurs": 2522, "mode_auto_pct": 68, "mode_tc_pct": 22, "mode_actif_pct": 10, "mode_autre_pct": 0}, "geometry": {"type": "Polygon", "coordinates": [[[-71.2538, 46.8342], [-71.2539, 46.8343], [-71.254, 46.8344], [-71.254, 46.8345], [-71.2539, 46.8346], [-71.2538, 46.8346], [-71.2538, 46.8347], [-71.2537, 46.8347], [-71.2536, 46.8348], [-71.2536, 46.8349], [-71.2536, 46.835], [-71.2536, 46.8351], [-71.2537, 46.8351], [-71.2537, 46.8352], [-71.2538, 46.8352], [-71.2537, 46.8353], [-71.2537, 46.8354], [-71.2537, 46.8356], [-71.2536, 46.8357], [-71.2535, 46.8359], [-71.2534, 46.836], [-71.2533, 46.8362], [-71.2532, 46.8363], [-71.2531, 46.8365], [-71.2531, 46.8366], [-71.2531, 46.8367], [-71.2531, 46.8368], [-71.2532, 46.8369], [-71.2532, 46.837], [-71.2532, 46.8371], [-71.2531, 46.8372], [-71.253, 46.8373], [-71.2529, 46.8373], [-71.2528, 46.8374], [-71.2528, 46.8375], [-71.2527, 46.8375], [-71.2527, 46.8376], [-71.2527, 46.8377], [-71.2527, 46.8378], [-71.2527, 46.8379], [-71.2528, 46.8381], [-71.2528, 46.8382], [-71.2528, 46.8383], [-71.2527, 46.8384], [-71.2527, 46.8385], [-71.2526, 46.8386], [-71.2525, 46.8387], [-71.2524, 46.8387], [-71.2523, 46.8388], [-71.2522, 46.8389], [-71.2521, 46.839], [-71.2521, 46.8391], [-71.2521, 46.8392], [-71.2521, 46.8393], [-71.2521, 46.8394], [-71.2522, 46.8396], [-71.2523, 46.8397], [-71.2523, 46.8398], [-71.2523, 46.8399], [-71.2523, 46.84], [-71.2523, 46.8401], [-71.2522, 46.8401], [-71.2522, 46.8402], [-71.2521, 46.8403], [-71.252, 46.8403], [-71.2519, 46.8404], [-71.2519, 46.8405], [-71.2519, 46.8406], [-71.252, 46.8406], [-71.252, 46.8407], [-71.2521, 46.8407], [-71.2521, 46.8408], [-71.2521, 46.8409], [-71.2521, 46.841], [-71.2521, 46.8412], [-71.2521, 46.8413], [-71.252, 46.8415], [-71.252, 46.8417], [-71.2519, 46.8419], [-71.2518, 46.8421], [-71.2517, 46.8422], [-71.2516, 46.8423], [-71.2515, 46.8425], [-71.2514, 46.8426], [-71.2513, 46.8426], [-71.2511, 46.8427], [-71.251, 46.8428], [-71.2509, 46.8429], [-71.2508, 46.843], [-71.2508, 46.8431], [-71.2508, 46.8432], [-71.2508, 46.8433], [-71.2508, 46.8435], [-71.2508, 46.8436], [-71.2508, 46.8437], [-71.2508, 46.8438], [-71.2508, 46.8439], [-71.2507, 46.8439], [-71.2506, 46.8439], [-71.2505, 46.8438], [-71.2503, 46.8437], [-71.2501, 46.8436], [-71.2499, 46.8435], [-71.2497, 46.8434], [-71.2495, 46.8433], [-71.2493, 46.8432], [-71.2491, 46.8432], [-71.2489, 46.8431], [-71.2486, 46.8431], [-71.2484, 46.8431], [-71.2482, 46.843], [-71.248, 46.843], [-71.2478, 46.8431], [-71.2476, 46.8431], [-71.2474, 46.8431], [-71.2472, 46.8432], [-71.247, 46.8433], [-71.2468, 46.8434], [-71.2467, 46.8435], [-71.2465, 46.8435], [-71.2464, 46.8435], [-71.2463, 46.8435], [-71.2462, 46.8435], [-71.2461, 46.8434], [-71.2461, 46.8433], [-71.246, 46.8433], [-71.246, 46.8432], [-71.2459, 46.8432], [-71.2458, 46.8432], [-71.2456, 46.8432], [-71.2455, 46.8432], [-71.2454, 46.8433], [-71.2452, 46.8433], [-71.245, 46.8434], [-71.2449, 46.8434], [-71.2448, 46.8434], [-71.2446, 46.8434], [-71.2445, 46.8434], [-71.2444, 46.8433], [-71.2444, 46.8432], [-71.2443, 46.8432], [-71.2442, 46.8431], [-71.244, 46.8431], [-71.2439, 46.843], [-71.2437, 46.843], [-71.2434, 46.843], [-71.2431, 46.843], [-71.2428, 46.843], [-71.2426, 46.843], [-71.2423, 46.843], [-71.2421, 46.843], [-71.242, 46.8429], [-71.2418, 46.8429], [-71.2417, 46.8428], [-71.2416, 46.8428], [-71.2416, 46.8427], [-71.2415, 46.8427], [-71.2415, 46.8426], [-71.2414, 46.8426], [-71.2413, 46.8426], [-71.2412, 46.8426], [-71.2411, 46.8426], [-71.2409, 46.8426], [-71.2408, 46.8427], [-71.2406, 46.8427], [-71.2405, 46.8427], [-71.2404, 46.8427], [-71.2403, 46.8427], [-71.2402, 46.8427], [-71.2402, 46.8426], [-71.2401, 46.8426], [-71.2401, 46.8425], [-71.2401, 46.8424], [-71.2402, 46.8423], [-71.2403, 46.8422], [-71.2404, 46.8421], [-71.2405, 46.8421], [-71.2406, 46.842], [-71.2404, 46.842], [-71.2402, 46.8421], [-71.24, 46.8422], [-71.2398, 46.8423], [-71.2395, 46.8424], [-71.2393, 46.8424], [-71.239, 46.8424], [-71.2388, 46.8424], [-71.2386, 46.8424], [-71.2384, 46.8424], [-71.2381, 46.8424], [-71.2379, 46.8423], [-71.2378, 46.8423], [-71.2376, 46.8422], [-71.2375, 46.8421], [-71.2375, 46.842], [-71.2375, 46.8419], [-71.2375, 46.8418], [-71.2375, 46.8417], [-71.2374, 46.8416], [-71.2373, 46.8416], [-71.2373, 46.8415], [-71.2371, 46.8415], [-71.237, 46.8414], [-71.2369, 46.8413], [-71.2368, 46.8413], [-71.2367, 46.8412], [-71.2366, 46.8411], [-71.2366, 46.841], [-71.2365, 46.8409], [-71.2365, 46.8408], [-71.2365, 46.8407], [-71.2365, 46.8406], [-71.2366, 46.8405], [-71.2367, 46.8403], [-71.2368, 46.8402], [-71.2369, 46.8401], [-71.2371, 46.8399], [-71.2374, 46.8398], [-71.2376, 46.8396], [-71.2379, 46.8395], [-71.238, 46.8394], [-71.2381, 46.8393], [-71.2381, 46.8392], [-71.238, 46.8391], [-71.2379, 46.8391], [-71.2377, 46.8392], [-71.2375, 46.8392], [-71.2374, 46.8391], [-71.2373, 46.8391], [-71.2372, 46.8391], [-71.2371, 46.839], [-71.2371, 46.8389], [-71.2371, 46.8388], [-71.2371, 46.8387], [-71.2372, 46.8386], [-71.2373, 46.8385], [-71.2374, 46.8385], [-71.2375, 46.8384], [-71.2376, 46.8384], [-71.2377, 46.8384], [-71.2377, 46.8383], [-71.2378, 46.8382], [-71.2377, 46.8382], [-71.2377, 46.8381], [-71.2377, 46.838], [-71.2376, 46.8378], [-71.2376, 46.8377], [-71.2377, 46.8376], [-71.2379, 46.8374], [-71.2382, 46.8372], [-71.2386, 46.837], [-71.239, 46.8368], [-71.2396, 46.8366], [-71.2402, 46.8364], [-71.2408, 46.8362], [-71.2412, 46.8361], [-71.2416, 46.8359], [-71.2418, 46.8358], [-71.2419, 46.8358], [-71.242, 46.8357], [-71.2419, 46.8357], [-71.2417, 46.8357], [-71.2416, 46.8358], [-71.2415, 46.8358], [-71.2413, 46.8358], [-71.2412, 46.8357], [-71.2411, 46.8357], [-71.241, 46.8357], [-71.241, 46.8356], [-71.2409, 46.8356], [-71.2408, 46.8355], [-71.2407, 46.8355], [-71.2406, 46.8354], [-71.2404, 46.8354], [-71.2403, 46.8354], [-71.24, 46.8354], [-71.2398, 46.8353], [-71.2396, 46.8353], [-71.2393, 46.8353], [-71.2392, 46.8353], [-71.239, 46.8352], [-71.2389, 46.8352], [-71.2389, 46.8351], [-71.2389, 46.835], [-71.239, 46.8349], [-71.239, 46.8348], [-71.2391, 46.8348], [-71.2392, 46.8347], [-71.2392, 46.8346], [-71.2392, 46.8345], [-71.2392, 46.8344], [-71.2392, 46.8343], [-71.2392, 46.8342], [-71.2392, 46.8341], [-71.2391, 46.834], [-71.2391, 46.8339], [-71.2392, 46.8338], [-71.2393, 46.8337], [-71.2394, 46.8337], [-71.2395, 46.8336], [-71.2395, 46.8335], [-71.2396, 46.8334], [-71.2396, 46.8332], [-71.2396, 46.8331], [-71.2396, 46.8329], [-71.2396, 46.8327], [-71.2396, 46.8325], [-71.2397, 46.8323], [-71.2399, 46.8322], [-71.2401, 46.8321], [-71.2404, 46.8321], [-71.2407, 46.832], [-71.2411, 46.8321], [-71.2415, 46.8321], [-71.2419, 46.8322], [-71.2422, 46.8322], [-71.2425, 46.8323], [-71.2427, 46.8324], [-71.2428, 46.8325], [-71.2428, 46.8326], [-71.2428, 46.8327], [-71.2428, 46.8328], [-71.2428, 46.8329], [-71.2428, 46.833], [-71.2429, 46.8331], [-71.243, 46.8332], [-71.2431, 46.8332], [-71.2433, 46.8332], [-71.2436, 46.8333], [-71.2439, 46.8333], [-71.2441, 46.8333], [-71.2443, 46.8333], [-71.2445, 46.8334], [-71.2446, 46.8335], [-71.2446, 46.8336], [-71.2446, 46.8337], [-71.2446, 46.8338], [-71.2445, 46.8339], [-71.2445, 46.834], [-71.2445, 46.8341], [-71.2446, 46.8341], [-71.2447, 46.8341], [-71.2448, 46.8341], [-71.245, 46.834], [-71.2452, 46.8339], [-71.2454, 46.8338], [-71.2456, 46.8337], [-71.2458, 46.8336], [-71.2459, 46.8335], [-71.246, 46.8334], [-71.2461, 46.8333], [-71.2461, 46.8332], [-71.2461, 46.8331], [-71.2462, 46.833], [-71.2463, 46.8329], [-71.2464, 46.8329], [-71.2466, 46.8329], [-71.2468, 46.8329], [-71.2471, 46.8329], [-71.2474, 46.8329], [-71.2477, 46.833], [-71.248, 46.8331], [-71.2482, 46.8332], [-71.2484, 46.8333], [-71.2485, 46.8334], [-71.2486, 46.8336], [-71.2486, 46.8338], [-71.2486, 46.8339], [-71.2485, 46.8341], [-71.2485, 46.8343], [-71.2485, 46.8344], [-71.2486, 46.8345], [-71.2487, 46.8345], [-71.2489, 46.8345], [-71.2492, 46.8344], [-71.2495, 46.8343], [-71.2498, 46.8341], [-71.2502, 46.834], [-71.2505, 46.8339], [-71.2508, 46.8339], [-71.251, 46.8338], [-71.2513, 46.8338], [-71.2515, 46.8339], [-71.2517, 46.834], [-71.2519, 46.8341], [-71.2521, 46.8341], [-71.2522, 46.8342], [-71.2524, 46.8343], [-71.2525, 46.8343], [-71.2527, 46.8343], [-71.2528, 46.8343], [-71.2529, 46.8342], [-71.253, 46.8342], [-71.2531, 46.8341], [-71.2532, 46.8341], [-71.2533, 46.8341], [-71.2534, 46.8341], [-71.2535, 46.8341], [-71.2536, 46.8341], [-71.2537, 46.8342], [-71.2538, 46.8342]]]}}, {"type": "Feature", "properties": {"couche": "voile", "station": "Des Peupliers", "minutes": 11}, "geometry": {"type": "Polygon", "coordinates": [[[-71.4133, 46.9507], [-71.0804, 46.9528], [-71.0779, 46.725], [-71.4094, 46.7228], [-71.4133, 46.9507]], [[-71.2537, 46.8342], [-71.2536, 46.8341], [-71.2535, 46.8341], [-71.2534, 46.8341], [-71.2533, 46.8341], [-71.2532, 46.8341], [-71.2531, 46.8341], [-71.253, 46.8342], [-71.2529, 46.8342], [-71.2528, 46.8343], [-71.2527, 46.8343], [-71.2525, 46.8343], [-71.2524, 46.8343], [-71.2522, 46.8342], [-71.2521, 46.8341], [-71.2519, 46.8341], [-71.2517, 46.834], [-71.2515, 46.8339], [-71.2513, 46.8338], [-71.251, 46.8338], [-71.2508, 46.8339], [-71.2505, 46.8339], [-71.2502, 46.834], [-71.2498, 46.8341], [-71.2495, 46.8343], [-71.2492, 46.8344], [-71.2489, 46.8345], [-71.2487, 46.8345], [-71.2486, 46.8345], [-71.2485, 46.8344], [-71.2485, 46.8343], [-71.2485, 46.8341], [-71.2486, 46.8339], [-71.2486, 46.8338], [-71.2486, 46.8336], [-71.2485, 46.8334], [-71.2484, 46.8333], [-71.2482, 46.8332], [-71.248, 46.8331], [-71.2477, 46.833], [-71.2474, 46.8329], [-71.2471, 46.8329], [-71.2468, 46.8329], [-71.2466, 46.8329], [-71.2464, 46.8329], [-71.2463, 46.8329], [-71.2462, 46.833], [-71.2461, 46.8331], [-71.2461, 46.8332], [-71.2461, 46.8333], [-71.246, 46.8334], [-71.2459, 46.8335], [-71.2458, 46.8336], [-71.2456, 46.8337], [-71.2454, 46.8338], [-71.2452, 46.8339], [-71.245, 46.834], [-71.2448, 46.8341], [-71.2447, 46.8341], [-71.2446, 46.8341], [-71.2445, 46.8341], [-71.2445, 46.834], [-71.2445, 46.8339], [-71.2446, 46.8338], [-71.2446, 46.8337], [-71.2446, 46.8336], [-71.2446, 46.8335], [-71.2445, 46.8334], [-71.2443, 46.8333], [-71.2441, 46.8333], [-71.2439, 46.8333], [-71.2436, 46.8333], [-71.2433, 46.8332], [-71.2431, 46.8332], [-71.243, 46.8332], [-71.2429, 46.8331], [-71.2428, 46.833], [-71.2428, 46.8329], [-71.2428, 46.8328], [-71.2428, 46.8327], [-71.2428, 46.8326], [-71.2428, 46.8325], [-71.2427, 46.8324], [-71.2425, 46.8323], [-71.2422, 46.8322], [-71.2419, 46.8322], [-71.2415, 46.8321], [-71.2411, 46.8321], [-71.2407, 46.832], [-71.2404, 46.8321], [-71.2401, 46.8321], [-71.2399, 46.8322], [-71.2397, 46.8323], [-71.2396, 46.8325], [-71.2396, 46.8327], [-71.2396, 46.8329], [-71.2396, 46.8331], [-71.2396, 46.8332], [-71.2396, 46.8334], [-71.2395, 46.8335], [-71.2395, 46.8336], [-71.2394, 46.8337], [-71.2393, 46.8337], [-71.2392, 46.8338], [-71.2391, 46.8339], [-71.2391, 46.834], [-71.2392, 46.8341], [-71.2392, 46.8342], [-71.2392, 46.8343], [-71.2392, 46.8344], [-71.2392, 46.8345], [-71.2392, 46.8346], [-71.2392, 46.8347], [-71.2391, 46.8348], [-71.239, 46.8348], [-71.239, 46.8349], [-71.2389, 46.835], [-71.2389, 46.8351], [-71.2389, 46.8352], [-71.239, 46.8352], [-71.2392, 46.8353], [-71.2393, 46.8353], [-71.2396, 46.8353], [-71.2398, 46.8353], [-71.24, 46.8354], [-71.2403, 46.8354], [-71.2404, 46.8354], [-71.2406, 46.8354], [-71.2407, 46.8355], [-71.2408, 46.8355], [-71.2409, 46.8356], [-71.241, 46.8356], [-71.241, 46.8357], [-71.2411, 46.8357], [-71.2412, 46.8357], [-71.2413, 46.8358], [-71.2415, 46.8358], [-71.2416, 46.8358], [-71.2417, 46.8357], [-71.2419, 46.8357], [-71.242, 46.8357], [-71.2419, 46.8358], [-71.2418, 46.8358], [-71.2416, 46.8359], [-71.2412, 46.8361], [-71.2408, 46.8362], [-71.2402, 46.8364], [-71.2396, 46.8366], [-71.239, 46.8368], [-71.2386, 46.837], [-71.2382, 46.8372], [-71.2379, 46.8374], [-71.2377, 46.8376], [-71.2376, 46.8377], [-71.2376, 46.8378], [-71.2377, 46.838], [-71.2377, 46.8381], [-71.2377, 46.8382], [-71.2378, 46.8382], [-71.2377, 46.8383], [-71.2377, 46.8384], [-71.2376, 46.8384], [-71.2375, 46.8384], [-71.2374, 46.8385], [-71.2373, 46.8385], [-71.2372, 46.8386], [-71.2371, 46.8387], [-71.2371, 46.8388], [-71.2371, 46.8389], [-71.2371, 46.839], [-71.2372, 46.8391], [-71.2373, 46.8391], [-71.2374, 46.8391], [-71.2375, 46.8392], [-71.2377, 46.8392], [-71.2379, 46.8391], [-71.238, 46.8391], [-71.2381, 46.8392], [-71.2381, 46.8393], [-71.238, 46.8394], [-71.2379, 46.8395], [-71.2376, 46.8396], [-71.2374, 46.8398], [-71.2371, 46.8399], [-71.2369, 46.8401], [-71.2368, 46.8402], [-71.2367, 46.8403], [-71.2366, 46.8405], [-71.2365, 46.8406], [-71.2365, 46.8407], [-71.2365, 46.8408], [-71.2365, 46.8409], [-71.2366, 46.841], [-71.2366, 46.8411], [-71.2367, 46.8412], [-71.2368, 46.8413], [-71.2369, 46.8413], [-71.237, 46.8414], [-71.2371, 46.8415], [-71.2373, 46.8415], [-71.2373, 46.8416], [-71.2374, 46.8416], [-71.2375, 46.8417], [-71.2375, 46.8418], [-71.2375, 46.8419], [-71.2375, 46.842], [-71.2375, 46.8421], [-71.2376, 46.8422], [-71.2378, 46.8423], [-71.2379, 46.8423], [-71.2381, 46.8424], [-71.2384, 46.8424], [-71.2386, 46.8424], [-71.2388, 46.8424], [-71.239, 46.8424], [-71.2393, 46.8424], [-71.2395, 46.8424], [-71.2398, 46.8423], [-71.24, 46.8422], [-71.2402, 46.8421], [-71.2404, 46.842], [-71.2406, 46.842], [-71.2405, 46.8421], [-71.2404, 46.8421], [-71.2403, 46.8422], [-71.2402, 46.8423], [-71.2401, 46.8424], [-71.2401, 46.8425], [-71.2401, 46.8426], [-71.2402, 46.8426], [-71.2402, 46.8427], [-71.2403, 46.8427], [-71.2404, 46.8427], [-71.2405, 46.8427], [-71.2406, 46.8427], [-71.2408, 46.8427], [-71.2409, 46.8426], [-71.2411, 46.8426], [-71.2412, 46.8426], [-71.2413, 46.8426], [-71.2414, 46.8426], [-71.2415, 46.8426], [-71.2415, 46.8427], [-71.2416, 46.8427], [-71.2416, 46.8428], [-71.2417, 46.8428], [-71.2418, 46.8429], [-71.242, 46.8429], [-71.2421, 46.843], [-71.2423, 46.843], [-71.2426, 46.843], [-71.2428, 46.843], [-71.2431, 46.843], [-71.2434, 46.843], [-71.2437, 46.843], [-71.2439, 46.843], [-71.244, 46.8431], [-71.2442, 46.8431], [-71.2443, 46.8432], [-71.2444, 46.8432], [-71.2444, 46.8433], [-71.2445, 46.8434], [-71.2446, 46.8434], [-71.2448, 46.8434], [-71.2449, 46.8434], [-71.245, 46.8434], [-71.2452, 46.8433], [-71.2454, 46.8433], [-71.2455, 46.8432], [-71.2456, 46.8432], [-71.2458, 46.8432], [-71.2459, 46.8432], [-71.246, 46.8432], [-71.246, 46.8433], [-71.2461, 46.8433], [-71.2461, 46.8434], [-71.2462, 46.8435], [-71.2463, 46.8435], [-71.2464, 46.8435], [-71.2465, 46.8435], [-71.2467, 46.8435], [-71.2468, 46.8434], [-71.247, 46.8433], [-71.2472, 46.8432], [-71.2474, 46.8431], [-71.2476, 46.8431], [-71.2478, 46.8431], [-71.248, 46.843], [-71.2482, 46.843], [-71.2484, 46.8431], [-71.2486, 46.8431], [-71.2489, 46.8431], [-71.2491, 46.8432], [-71.2493, 46.8432], [-71.2495, 46.8433], [-71.2497, 46.8434], [-71.2499, 46.8435], [-71.2501, 46.8436], [-71.2503, 46.8437], [-71.2505, 46.8438], [-71.2506, 46.8439], [-71.2507, 46.8439], [-71.2508, 46.8439], [-71.2508, 46.8438], [-71.2508, 46.8437], [-71.2508, 46.8436], [-71.2508, 46.8435], [-71.2508, 46.8433], [-71.2508, 46.8432], [-71.2508, 46.8431], [-71.2508, 46.843], [-71.2509, 46.8429], [-71.251, 46.8428], [-71.2511, 46.8427], [-71.2513, 46.8426], [-71.2514, 46.8426], [-71.2515, 46.8425], [-71.2516, 46.8423], [-71.2517, 46.8422], [-71.2518, 46.8421], [-71.2519, 46.8419], [-71.252, 46.8417], [-71.252, 46.8415], [-71.2521, 46.8413], [-71.2521, 46.8412], [-71.2521, 46.841], [-71.2521, 46.8409], [-71.2521, 46.8408], [-71.2521, 46.8407], [-71.252, 46.8407], [-71.252, 46.8406], [-71.2519, 46.8406], [-71.2519, 46.8405], [-71.2519, 46.8404], [-71.252, 46.8403], [-71.2521, 46.8403], [-71.2522, 46.8402], [-71.2522, 46.8401], [-71.2523, 46.8401], [-71.2523, 46.84], [-71.2523, 46.8399], [-71.2523, 46.8398], [-71.2523, 46.8397], [-71.2522, 46.8396], [-71.2521, 46.8394], [-71.2521, 46.8393], [-71.2521, 46.8392], [-71.2521, 46.8391], [-71.2521, 46.839], [-71.2522, 46.8389], [-71.2523, 46.8388], [-71.2524, 46.8387], [-71.2525, 46.8387], [-71.2526, 46.8386], [-71.2527, 46.8385], [-71.2527, 46.8384], [-71.2528, 46.8383], [-71.2528, 46.8382], [-71.2528, 46.8381], [-71.2527, 46.8379], [-71.2527, 46.8378], [-71.2527, 46.8377], [-71.2527, 46.8376], [-71.2527, 46.8375], [-71.2528, 46.8375], [-71.2528, 46.8374], [-71.2529, 46.8373], [-71.253, 46.8373], [-71.2531, 46.8372], [-71.2532, 46.8371], [-71.2532, 46.837], [-71.2532, 46.8369], [-71.2531, 46.8368], [-71.2531, 46.8367], [-71.2531, 46.8366], [-71.2531, 46.8365], [-71.2532, 46.8363], [-71.2533, 46.8362], [-71.2534, 46.836], [-71.2535, 46.8359], [-71.2536, 46.8357], [-71.2537, 46.8356], [-71.2537, 46.8354], [-71.2537, 46.8353], [-71.2538, 46.8352], [-71.2537, 46.8352], [-71.2537, 46.8351], [-71.2536, 46.8351], [-71.2536, 46.835], [-71.2536, 46.8349], [-71.2536, 46.8348], [-71.2537, 46.8347], [-71.2538, 46.8347], [-71.2538, 46.8346], [-71.2539, 46.8346], [-71.254, 46.8345], [-71.254, 46.8344], [-71.2539, 46.8343], [-71.2538, 46.8342], [-71.2537, 46.8342]]]}}, {"type": "Feature", "properties": {"couche": "aire_marche", "station": "Des Peupliers", "ordre": 28, "minutes": 12, "superficie_ha": 141.5, "rue_km": 31.68, "disque_ha": 221.7, "part_disque_pct": 64, "accroche_m": 3, "population": 8007, "navetteurs": 3067, "mode_auto_pct": 68, "mode_tc_pct": 22, "mode_actif_pct": 10, "mode_autre_pct": 0}, "geometry": {"type": "Polygon", "coordinates": [[[-71.2544, 46.8352], [-71.2543, 46.8356], [-71.2543, 46.8358], [-71.2542, 46.8361], [-71.2541, 46.8363], [-71.254, 46.8365], [-71.2539, 46.8366], [-71.2538, 46.8368], [-71.2537, 46.8368], [-71.2536, 46.8369], [-71.2536, 46.837], [-71.2535, 46.8372], [-71.2535, 46.8373], [-71.2535, 46.8374], [-71.2535, 46.8375], [-71.2535, 46.8376], [-71.2535, 46.8377], [-71.2535, 46.8379], [-71.2535, 46.838], [-71.2534, 46.8381], [-71.2533, 46.8382], [-71.2532, 46.8383], [-71.2531, 46.8384], [-71.2529, 46.8385], [-71.2527, 46.8387], [-71.2525, 46.8388], [-71.2524, 46.8388], [-71.2523, 46.8389], [-71.2523, 46.839], [-71.2523, 46.8391], [-71.2524, 46.8392], [-71.2525, 46.8392], [-71.2526, 46.8393], [-71.2528, 46.8394], [-71.2529, 46.8395], [-71.253, 46.8396], [-71.253, 46.8397], [-71.2531, 46.8398], [-71.2531, 46.84], [-71.2531, 46.8402], [-71.253, 46.8404], [-71.253, 46.8406], [-71.2529, 46.8407], [-71.2529, 46.8408], [-71.2528, 46.8409], [-71.2527, 46.841], [-71.2526, 46.8411], [-71.2525, 46.8411], [-71.2523, 46.8411], [-71.2522, 46.8412], [-71.2521, 46.8412], [-71.252, 46.8413], [-71.252, 46.8414], [-71.2519, 46.8415], [-71.2519, 46.8416], [-71.2519, 46.8417], [-71.2518, 46.8419], [-71.2518, 46.842], [-71.2518, 46.8421], [-71.2517, 46.8422], [-71.2516, 46.8424], [-71.2515, 46.8425], [-71.2514, 46.8426], [-71.2513, 46.8426], [-71.2512, 46.8427], [-71.251, 46.8428], [-71.251, 46.8429], [-71.2509, 46.8429], [-71.2509, 46.843], [-71.251, 46.8431], [-71.251, 46.8432], [-71.2512, 46.8433], [-71.2513, 46.8434], [-71.2514, 46.8435], [-71.2515, 46.8436], [-71.2516, 46.8437], [-71.2517, 46.8438], [-71.2517, 46.844], [-71.2517, 46.8441], [-71.2517, 46.8442], [-71.2516, 46.8443], [-71.2515, 46.8444], [-71.2514, 46.8444], [-71.2513, 46.8445], [-71.2511, 46.8445], [-71.2509, 46.8445], [-71.2507, 46.8445], [-71.2504, 46.8445], [-71.2502, 46.8444], [-71.2499, 46.8443], [-71.2497, 46.8443], [-71.2495, 46.8442], [-71.2494, 46.8441], [-71.2493, 46.844], [-71.2493, 46.8439], [-71.2493, 46.8438], [-71.2493, 46.8436], [-71.2493, 46.8435], [-71.2493, 46.8434], [-71.2492, 46.8433], [-71.2491, 46.8433], [-71.249, 46.8433], [-71.2489, 46.8433], [-71.2488, 46.8433], [-71.2486, 46.8434], [-71.2485, 46.8434], [-71.2484, 46.8434], [-71.2483, 46.8433], [-71.2482, 46.8433], [-71.2481, 46.8433], [-71.248, 46.8432], [-71.2479, 46.8432], [-71.2478, 46.8431], [-71.2477, 46.8431], [-71.2475, 46.8431], [-71.2474, 46.8432], [-71.2472, 46.8433], [-71.2471, 46.8434], [-71.2469, 46.8435], [-71.2466, 46.8436], [-71.2464, 46.8438], [-71.2463, 46.8439], [-71.2461, 46.8439], [-71.2459, 46.844], [-71.2458, 46.844], [-71.2456, 46.844], [-71.2455, 46.844], [-71.2454, 46.8439], [-71.2453, 46.8438], [-71.2452, 46.8438], [-71.2452, 46.8437], [-71.2452, 46.8436], [-71.2453, 46.8435], [-71.2454, 46.8434], [-71.2455, 46.8433], [-71.2453, 46.8433], [-71.2451, 46.8434], [-71.2449, 46.8436], [-71.2447, 46.8437], [-71.2444, 46.8437], [-71.2442, 46.8438], [-71.244, 46.8438], [-71.2437, 46.8438], [-71.2435, 46.8438], [-71.2433, 46.8438], [-71.2431, 46.8437], [-71.2429, 46.8437], [-71.2427, 46.8436], [-71.2425, 46.8436], [-71.2424, 46.8435], [-71.2423, 46.8434], [-71.2422, 46.8433], [-71.2422, 46.8432], [-71.2422, 46.8431], [-71.2421, 46.8431], [-71.242, 46.8431], [-71.2419, 46.8431], [-71.2418, 46.8431], [-71.2417, 46.8431], [-71.2416, 46.8432], [-71.2414, 46.8432], [-71.2413, 46.8433], [-71.2412, 46.8433], [-71.2411, 46.8432], [-71.241, 46.8432], [-71.2409, 46.8432], [-71.2409, 46.8431], [-71.2408, 46.8431], [-71.2408, 46.843], [-71.2407, 46.843], [-71.2406, 46.8429], [-71.2405, 46.8429], [-71.2403, 46.8429], [-71.2402, 46.843], [-71.2401, 46.843], [-71.24, 46.843], [-71.2398, 46.8431], [-71.2396, 46.843], [-71.2395, 46.843], [-71.2393, 46.843], [-71.239, 46.8429], [-71.2388, 46.8429], [-71.2386, 46.8428], [-71.2384, 46.8427], [-71.2381, 46.8426], [-71.2379, 46.8426], [-71.2377, 46.8425], [-71.2375, 46.8425], [-71.2374, 46.8425], [-71.2372, 46.8425], [-71.2371, 46.8425], [-71.2369, 46.8425], [-71.2368, 46.8424], [-71.2368, 46.8423], [-71.2369, 46.8423], [-71.237, 46.8422], [-71.2371, 46.8421], [-71.2372, 46.8419], [-71.2373, 46.8418], [-71.2373, 46.8417], [-71.2372, 46.8416], [-71.2371, 46.8415], [-71.2369, 46.8414], [-71.2368, 46.8413], [-71.2365, 46.8412], [-71.2363, 46.8411], [-71.2361, 46.841], [-71.236, 46.8409], [-71.2359, 46.8409], [-71.2359, 46.8408], [-71.2359, 46.8407], [-71.2359, 46.8406], [-71.236, 46.8406], [-71.236, 46.8405], [-71.2361, 46.8405], [-71.2361, 46.8404], [-71.2361, 46.8403], [-71.2361, 46.8402], [-71.2361, 46.8401], [-71.236, 46.8401], [-71.236, 46.84], [-71.236, 46.8399], [-71.236, 46.8398], [-71.2361, 46.8397], [-71.2361, 46.8396], [-71.2362, 46.8395], [-71.2364, 46.8394], [-71.2365, 46.8393], [-71.2366, 46.8391], [-71.2367, 46.839], [-71.2368, 46.8389], [-71.2368, 46.8388], [-71.2368, 46.8387], [-71.2368, 46.8386], [-71.2367, 46.8386], [-71.2367, 46.8385], [-71.2367, 46.8384], [-71.2367, 46.8383], [-71.2368, 46.8383], [-71.2368, 46.8382], [-71.2369, 46.8382], [-71.237, 46.8382], [-71.2371, 46.8381], [-71.2372, 46.8381], [-71.2373, 46.838], [-71.2373, 46.8379], [-71.2373, 46.8378], [-71.2372, 46.8377], [-71.2372, 46.8375], [-71.2371, 46.8374], [-71.237, 46.8373], [-71.237, 46.8372], [-71.2369, 46.8371], [-71.2369, 46.837], [-71.237, 46.8369], [-71.2371, 46.8369], [-71.2372, 46.8368], [-71.2373, 46.8368], [-71.2374, 46.8369], [-71.2375, 46.8369], [-71.2376, 46.8369], [-71.2377, 46.837], [-71.2378, 46.8371], [-71.2379, 46.8371], [-71.2381, 46.8372], [-71.2383, 46.8372], [-71.2386, 46.8371], [-71.2389, 46.8371], [-71.2392, 46.837], [-71.2397, 46.8368], [-71.2401, 46.8366], [-71.2406, 46.8364], [-71.2411, 46.8362], [-71.2414, 46.8361], [-71.2416, 46.836], [-71.2418, 46.8359], [-71.2418, 46.8358], [-71.2416, 46.8359], [-71.2413, 46.8359], [-71.2411, 46.836], [-71.2408, 46.836], [-71.2405, 46.836], [-71.2402, 46.836], [-71.2399, 46.836], [-71.2396, 46.836], [-71.2393, 46.8359], [-71.239, 46.8359], [-71.2387, 46.8358], [-71.2385, 46.8357], [-71.2383, 46.8357], [-71.2382, 46.8356], [-71.2382, 46.8355], [-71.2382, 46.8354], [-71.2382, 46.8353], [-71.2383, 46.8352], [-71.2384, 46.8351], [-71.2384, 46.835], [-71.2385, 46.835], [-71.2385, 46.8349], [-71.2385, 46.8348], [-71.2385, 46.8347], [-71.2385, 46.8346], [-71.2384, 46.8346], [-71.2384, 46.8345], [-71.2383, 46.8344], [-71.2383, 46.8343], [-71.2384, 46.8342], [-71.2385, 46.8341], [-71.2386, 46.8341], [-71.2387, 46.834], [-71.2387, 46.8339], [-71.2387, 46.8338], [-71.2387, 46.8337], [-71.2386, 46.8336], [-71.2386, 46.8335], [-71.2385, 46.8334], [-71.2385, 46.8332], [-71.2385, 46.8331], [-71.2386, 46.8329], [-71.2386, 46.8327], [-71.2387, 46.8325], [-71.2388, 46.8322], [-71.2389, 46.832], [-71.239, 46.8318], [-71.2391, 46.8317], [-71.2392, 46.8316], [-71.2393, 46.8316], [-71.2394, 46.8316], [-71.2396, 46.8316], [-71.2397, 46.8317], [-71.2399, 46.8317], [-71.24, 46.8317], [-71.2402, 46.8318], [-71.2403, 46.8318], [-71.2405, 46.8317], [-71.2406, 46.8317], [-71.2408, 46.8317], [-71.2409, 46.8316], [-71.2411, 46.8316], [-71.2412, 46.8316], [-71.2414, 46.8315], [-71.2415, 46.8315], [-71.2417, 46.8315], [-71.2418, 46.8315], [-71.242, 46.8315], [-71.2421, 46.8316], [-71.2422, 46.8316], [-71.2424, 46.8317], [-71.2425, 46.8317], [-71.2426, 46.8318], [-71.2427, 46.8319], [-71.2428, 46.832], [-71.2429, 46.8321], [-71.243, 46.8322], [-71.243, 46.8323], [-71.2431, 46.8324], [-71.2431, 46.8325], [-71.2431, 46.8326], [-71.243, 46.8327], [-71.2429, 46.8328], [-71.2428, 46.8329], [-71.2427, 46.833], [-71.2428, 46.833], [-71.2429, 46.8331], [-71.2431, 46.8331], [-71.2432, 46.8331], [-71.2435, 46.8331], [-71.2437, 46.8331], [-71.2439, 46.833], [-71.2441, 46.833], [-71.2444, 46.8329], [-71.2446, 46.8329], [-71.2448, 46.8328], [-71.245, 46.8327], [-71.2453, 46.8326], [-71.2455, 46.8325], [-71.2457, 46.8324], [-71.246, 46.8324], [-71.2462, 46.8324], [-71.2464, 46.8324], [-71.2467, 46.8325], [-71.2469, 46.8326], [-71.2472, 46.8327], [-71.2474, 46.8328], [-71.2476, 46.8329], [-71.2478, 46.833], [-71.2481, 46.833], [-71.2483, 46.833], [-71.2485, 46.833], [-71.2486, 46.833], [-71.2488, 46.833], [-71.249, 46.8329], [-71.2491, 46.8329], [-71.2492, 46.833], [-71.2493, 46.833], [-71.2494, 46.8331], [-71.2495, 46.8332], [-71.2495, 46.8333], [-71.2495, 46.8334], [-71.2496, 46.8335], [-71.2496, 46.8336], [-71.2497, 46.8337], [-71.2497, 46.8338], [-71.2498, 46.8339], [-71.2499, 46.8339], [-71.25, 46.8339], [-71.2501, 46.8339], [-71.2502, 46.8339], [-71.2503, 46.8339], [-71.2504, 46.8338], [-71.2505, 46.8338], [-71.2506, 46.8337], [-71.2506, 46.8336], [-71.2507, 46.8335], [-71.2508, 46.8334], [-71.2509, 46.8333], [-71.251, 46.8333], [-71.2511, 46.8333], [-71.2513, 46.8333], [-71.2515, 46.8333], [-71.2518, 46.8334], [-71.2521, 46.8334], [-71.2524, 46.8335], [-71.2526, 46.8336], [-71.2529, 46.8337], [-71.2532, 46.8338], [-71.2534, 46.8338], [-71.2536, 46.8338], [-71.2538, 46.8338], [-71.2539, 46.8338], [-71.2541, 46.8338], [-71.2542, 46.8338], [-71.2543, 46.8339], [-71.2544, 46.834], [-71.2544, 46.8342], [-71.2545, 46.8344], [-71.2545, 46.8346], [-71.2544, 46.8349], [-71.2544, 46.8352]]]}}, {"type": "Feature", "properties": {"couche": "voile", "station": "Des Peupliers", "minutes": 12}, "geometry": {"type": "Polygon", "coordinates": [[[-71.4138, 46.9513], [-71.0798, 46.9535], [-71.0773, 46.7245], [-71.4099, 46.7223], [-71.4138, 46.9513]], [[-71.2544, 46.8349], [-71.2545, 46.8346], [-71.2545, 46.8344], [-71.2544, 46.8342], [-71.2544, 46.834], [-71.2543, 46.8339], [-71.2542, 46.8338], [-71.2541, 46.8338], [-71.2539, 46.8338], [-71.2538, 46.8338], [-71.2536, 46.8338], [-71.2534, 46.8338], [-71.2532, 46.8338], [-71.2529, 46.8337], [-71.2526, 46.8336], [-71.2524, 46.8335], [-71.2521, 46.8334], [-71.2518, 46.8334], [-71.2515, 46.8333], [-71.2513, 46.8333], [-71.2511, 46.8333], [-71.251, 46.8333], [-71.2509, 46.8333], [-71.2508, 46.8334], [-71.2507, 46.8335], [-71.2506, 46.8336], [-71.2506, 46.8337], [-71.2505, 46.8338], [-71.2504, 46.8338], [-71.2503, 46.8339], [-71.2502, 46.8339], [-71.2501, 46.8339], [-71.25, 46.8339], [-71.2499, 46.8339], [-71.2498, 46.8339], [-71.2497, 46.8338], [-71.2497, 46.8337], [-71.2496, 46.8336], [-71.2496, 46.8335], [-71.2495, 46.8334], [-71.2495, 46.8333], [-71.2495, 46.8332], [-71.2494, 46.8331], [-71.2493, 46.833], [-71.2492, 46.833], [-71.2491, 46.8329], [-71.249, 46.8329], [-71.2488, 46.833], [-71.2486, 46.833], [-71.2485, 46.833], [-71.2483, 46.833], [-71.2481, 46.833], [-71.2478, 46.833], [-71.2476, 46.8329], [-71.2474, 46.8328], [-71.2472, 46.8327], [-71.2469, 46.8326], [-71.2467, 46.8325], [-71.2464, 46.8324], [-71.2462, 46.8324], [-71.246, 46.8324], [-71.2457, 46.8324], [-71.2455, 46.8325], [-71.2453, 46.8326], [-71.245, 46.8327], [-71.2448, 46.8328], [-71.2446, 46.8329], [-71.2444, 46.8329], [-71.2441, 46.833], [-71.2439, 46.833], [-71.2437, 46.8331], [-71.2435, 46.8331], [-71.2432, 46.8331], [-71.2431, 46.8331], [-71.2429, 46.8331], [-71.2428, 46.833], [-71.2427, 46.833], [-71.2428, 46.8329], [-71.2429, 46.8328], [-71.243, 46.8327], [-71.2431, 46.8326], [-71.2431, 46.8325], [-71.2431, 46.8324], [-71.243, 46.8323], [-71.243, 46.8322], [-71.2429, 46.8321], [-71.2428, 46.832], [-71.2427, 46.8319], [-71.2426, 46.8318], [-71.2425, 46.8317], [-71.2424, 46.8317], [-71.2422, 46.8316], [-71.2421, 46.8316], [-71.242, 46.8315], [-71.2418, 46.8315], [-71.2417, 46.8315], [-71.2415, 46.8315], [-71.2414, 46.8315], [-71.2412, 46.8316], [-71.2411, 46.8316], [-71.2409, 46.8316], [-71.2408, 46.8317], [-71.2406, 46.8317], [-71.2405, 46.8317], [-71.2403, 46.8318], [-71.2402, 46.8318], [-71.24, 46.8317], [-71.2399, 46.8317], [-71.2397, 46.8317], [-71.2396, 46.8316], [-71.2394, 46.8316], [-71.2393, 46.8316], [-71.2392, 46.8316], [-71.2391, 46.8317], [-71.239, 46.8318], [-71.2389, 46.832], [-71.2388, 46.8322], [-71.2387, 46.8325], [-71.2386, 46.8327], [-71.2386, 46.8329], [-71.2385, 46.8331], [-71.2385, 46.8332], [-71.2385, 46.8334], [-71.2386, 46.8335], [-71.2386, 46.8336], [-71.2387, 46.8337], [-71.2387, 46.8338], [-71.2387, 46.8339], [-71.2387, 46.834], [-71.2386, 46.8341], [-71.2385, 46.8341], [-71.2384, 46.8342], [-71.2383, 46.8343], [-71.2383, 46.8344], [-71.2384, 46.8345], [-71.2384, 46.8346], [-71.2385, 46.8346], [-71.2385, 46.8347], [-71.2385, 46.8348], [-71.2385, 46.8349], [-71.2385, 46.835], [-71.2384, 46.835], [-71.2384, 46.8351], [-71.2383, 46.8352], [-71.2382, 46.8353], [-71.2382, 46.8354], [-71.2382, 46.8355], [-71.2382, 46.8356], [-71.2383, 46.8357], [-71.2385, 46.8357], [-71.2387, 46.8358], [-71.239, 46.8359], [-71.2393, 46.8359], [-71.2396, 46.836], [-71.2399, 46.836], [-71.2402, 46.836], [-71.2405, 46.836], [-71.2408, 46.836], [-71.2411, 46.836], [-71.2413, 46.8359], [-71.2416, 46.8359], [-71.2418, 46.8358], [-71.2418, 46.8359], [-71.2416, 46.836], [-71.2414, 46.8361], [-71.2411, 46.8362], [-71.2406, 46.8364], [-71.2401, 46.8366], [-71.2397, 46.8368], [-71.2392, 46.837], [-71.2389, 46.8371], [-71.2386, 46.8371], [-71.2383, 46.8372], [-71.2381, 46.8372], [-71.2379, 46.8371], [-71.2378, 46.8371], [-71.2377, 46.837], [-71.2376, 46.8369], [-71.2375, 46.8369], [-71.2374, 46.8369], [-71.2373, 46.8368], [-71.2372, 46.8368], [-71.2371, 46.8369], [-71.237, 46.8369], [-71.2369, 46.837], [-71.2369, 46.8371], [-71.237, 46.8372], [-71.237, 46.8373], [-71.2371, 46.8374], [-71.2372, 46.8375], [-71.2372, 46.8377], [-71.2373, 46.8378], [-71.2373, 46.8379], [-71.2373, 46.838], [-71.2372, 46.8381], [-71.2371, 46.8381], [-71.237, 46.8382], [-71.2369, 46.8382], [-71.2368, 46.8382], [-71.2368, 46.8383], [-71.2367, 46.8383], [-71.2367, 46.8384], [-71.2367, 46.8385], [-71.2367, 46.8386], [-71.2368, 46.8386], [-71.2368, 46.8387], [-71.2368, 46.8388], [-71.2368, 46.8389], [-71.2367, 46.839], [-71.2366, 46.8391], [-71.2365, 46.8393], [-71.2364, 46.8394], [-71.2362, 46.8395], [-71.2361, 46.8396], [-71.2361, 46.8397], [-71.236, 46.8398], [-71.236, 46.8399], [-71.236, 46.84], [-71.236, 46.8401], [-71.2361, 46.8401], [-71.2361, 46.8402], [-71.2361, 46.8403], [-71.2361, 46.8404], [-71.2361, 46.8405], [-71.236, 46.8405], [-71.236, 46.8406], [-71.2359, 46.8406], [-71.2359, 46.8407], [-71.2359, 46.8408], [-71.2359, 46.8409], [-71.236, 46.8409], [-71.2361, 46.841], [-71.2363, 46.8411], [-71.2365, 46.8412], [-71.2368, 46.8413], [-71.2369, 46.8414], [-71.2371, 46.8415], [-71.2372, 46.8416], [-71.2373, 46.8417], [-71.2373, 46.8418], [-71.2372, 46.8419], [-71.2371, 46.8421], [-71.237, 46.8422], [-71.2369, 46.8423], [-71.2368, 46.8423], [-71.2368, 46.8424], [-71.2369, 46.8425], [-71.2371, 46.8425], [-71.2372, 46.8425], [-71.2374, 46.8425], [-71.2375, 46.8425], [-71.2377, 46.8425], [-71.2379, 46.8426], [-71.2381, 46.8426], [-71.2384, 46.8427], [-71.2386, 46.8428], [-71.2388, 46.8429], [-71.239, 46.8429], [-71.2393, 46.843], [-71.2395, 46.843], [-71.2396, 46.843], [-71.2398, 46.8431], [-71.24, 46.843], [-71.2401, 46.843], [-71.2402, 46.843], [-71.2403, 46.8429], [-71.2405, 46.8429], [-71.2406, 46.8429], [-71.2407, 46.843], [-71.2408, 46.843], [-71.2408, 46.8431], [-71.2409, 46.8431], [-71.2409, 46.8432], [-71.241, 46.8432], [-71.2411, 46.8432], [-71.2412, 46.8433], [-71.2413, 46.8433], [-71.2414, 46.8432], [-71.2416, 46.8432], [-71.2417, 46.8431], [-71.2418, 46.8431], [-71.2419, 46.8431], [-71.242, 46.8431], [-71.2421, 46.8431], [-71.2422, 46.8431], [-71.2422, 46.8432], [-71.2422, 46.8433], [-71.2423, 46.8434], [-71.2424, 46.8435], [-71.2425, 46.8436], [-71.2427, 46.8436], [-71.2429, 46.8437], [-71.2431, 46.8437], [-71.2433, 46.8438], [-71.2435, 46.8438], [-71.2437, 46.8438], [-71.244, 46.8438], [-71.2442, 46.8438], [-71.2444, 46.8437], [-71.2447, 46.8437], [-71.2449, 46.8436], [-71.2451, 46.8434], [-71.2453, 46.8433], [-71.2455, 46.8433], [-71.2454, 46.8434], [-71.2453, 46.8435], [-71.2452, 46.8436], [-71.2452, 46.8437], [-71.2452, 46.8438], [-71.2453, 46.8438], [-71.2454, 46.8439], [-71.2455, 46.844], [-71.2456, 46.844], [-71.2458, 46.844], [-71.2459, 46.844], [-71.2461, 46.8439], [-71.2463, 46.8439], [-71.2464, 46.8438], [-71.2466, 46.8436], [-71.2469, 46.8435], [-71.2471, 46.8434], [-71.2472, 46.8433], [-71.2474, 46.8432], [-71.2475, 46.8431], [-71.2477, 46.8431], [-71.2478, 46.8431], [-71.2479, 46.8432], [-71.248, 46.8432], [-71.2481, 46.8433], [-71.2482, 46.8433], [-71.2483, 46.8433], [-71.2484, 46.8434], [-71.2485, 46.8434], [-71.2486, 46.8434], [-71.2488, 46.8433], [-71.2489, 46.8433], [-71.249, 46.8433], [-71.2491, 46.8433], [-71.2492, 46.8433], [-71.2493, 46.8434], [-71.2493, 46.8435], [-71.2493, 46.8436], [-71.2493, 46.8438], [-71.2493, 46.8439], [-71.2493, 46.844], [-71.2494, 46.8441], [-71.2495, 46.8442], [-71.2497, 46.8443], [-71.2499, 46.8443], [-71.2502, 46.8444], [-71.2504, 46.8445], [-71.2507, 46.8445], [-71.2509, 46.8445], [-71.2511, 46.8445], [-71.2513, 46.8445], [-71.2514, 46.8444], [-71.2515, 46.8444], [-71.2516, 46.8443], [-71.2517, 46.8442], [-71.2517, 46.8441], [-71.2517, 46.844], [-71.2517, 46.8438], [-71.2516, 46.8437], [-71.2515, 46.8436], [-71.2514, 46.8435], [-71.2513, 46.8434], [-71.2512, 46.8433], [-71.251, 46.8432], [-71.251, 46.8431], [-71.2509, 46.843], [-71.2509, 46.8429], [-71.251, 46.8429], [-71.251, 46.8428], [-71.2512, 46.8427], [-71.2513, 46.8426], [-71.2514, 46.8426], [-71.2515, 46.8425], [-71.2516, 46.8424], [-71.2517, 46.8422], [-71.2518, 46.8421], [-71.2518, 46.842], [-71.2518, 46.8419], [-71.2519, 46.8417], [-71.2519, 46.8416], [-71.2519, 46.8415], [-71.252, 46.8414], [-71.252, 46.8413], [-71.2521, 46.8412], [-71.2522, 46.8412], [-71.2523, 46.8411], [-71.2525, 46.8411], [-71.2526, 46.8411], [-71.2527, 46.841], [-71.2528, 46.8409], [-71.2529, 46.8408], [-71.2529, 46.8407], [-71.253, 46.8406], [-71.253, 46.8404], [-71.2531, 46.8402], [-71.2531, 46.84], [-71.2531, 46.8398], [-71.253, 46.8397], [-71.253, 46.8396], [-71.2529, 46.8395], [-71.2528, 46.8394], [-71.2526, 46.8393], [-71.2525, 46.8392], [-71.2524, 46.8392], [-71.2523, 46.8391], [-71.2523, 46.839], [-71.2523, 46.8389], [-71.2524, 46.8388], [-71.2525, 46.8388], [-71.2527, 46.8387], [-71.2529, 46.8385], [-71.2531, 46.8384], [-71.2532, 46.8383], [-71.2533, 46.8382], [-71.2534, 46.8381], [-71.2535, 46.838], [-71.2535, 46.8379], [-71.2535, 46.8377], [-71.2535, 46.8376], [-71.2535, 46.8375], [-71.2535, 46.8374], [-71.2535, 46.8373], [-71.2535, 46.8372], [-71.2536, 46.837], [-71.2536, 46.8369], [-71.2537, 46.8368], [-71.2538, 46.8368], [-71.2539, 46.8366], [-71.254, 46.8365], [-71.2541, 46.8363], [-71.2542, 46.8361], [-71.2543, 46.8358], [-71.2543, 46.8356], [-71.2544, 46.8352], [-71.2544, 46.8349]]]}}, {"type": "Feature", "properties": {"couche": "aire_marche", "station": "Des Peupliers", "ordre": 28, "minutes": 13, "superficie_ha": 167.2, "rue_km": 37.45, "disque_ha": 260.2, "part_disque_pct": 64, "accroche_m": 3, "population": 9578, "navetteurs": 3702, "mode_auto_pct": 68, "mode_tc_pct": 21, "mode_actif_pct": 11, "mode_autre_pct": 0}, "geometry": {"type": "Polygon", "coordinates": [[[-71.2554, 46.8336], [-71.2555, 46.8336], [-71.2555, 46.8337], [-71.2555, 46.8338], [-71.2555, 46.8339], [-71.2554, 46.834], [-71.2553, 46.834], [-71.2552, 46.8341], [-71.2551, 46.8342], [-71.2551, 46.8343], [-71.2552, 46.8344], [-71.2553, 46.8345], [-71.2553, 46.8346], [-71.2553, 46.8347], [-71.2552, 46.8348], [-71.2551, 46.8348], [-71.255, 46.8349], [-71.255, 46.835], [-71.2549, 46.835], [-71.2549, 46.8351], [-71.2549, 46.8352], [-71.2549, 46.8353], [-71.255, 46.8353], [-71.255, 46.8354], [-71.2551, 46.8355], [-71.255, 46.8355], [-71.255, 46.8356], [-71.2549, 46.8357], [-71.2548, 46.8357], [-71.2548, 46.8358], [-71.2547, 46.8359], [-71.2547, 46.836], [-71.2546, 46.8361], [-71.2546, 46.8362], [-71.2546, 46.8364], [-71.2546, 46.8365], [-71.2546, 46.8367], [-71.2545, 46.8369], [-71.2545, 46.8371], [-71.2543, 46.8373], [-71.2542, 46.8375], [-71.254, 46.8376], [-71.2537, 46.8379], [-71.2534, 46.8381], [-71.2531, 46.8383], [-71.2528, 46.8385], [-71.2525, 46.8386], [-71.2523, 46.8388], [-71.2522, 46.8389], [-71.2521, 46.839], [-71.2521, 46.8391], [-71.252, 46.8392], [-71.2521, 46.8392], [-71.2522, 46.8393], [-71.2523, 46.8393], [-71.2525, 46.8393], [-71.2526, 46.8393], [-71.2528, 46.8393], [-71.253, 46.8393], [-71.2532, 46.8392], [-71.2534, 46.8392], [-71.2535, 46.8392], [-71.2536, 46.8392], [-71.2536, 46.8393], [-71.2536, 46.8394], [-71.2535, 46.8395], [-71.2534, 46.8396], [-71.2533, 46.8397], [-71.2532, 46.8398], [-71.2532, 46.8399], [-71.2532, 46.84], [-71.2532, 46.8401], [-71.2532, 46.8402], [-71.2533, 46.8403], [-71.2534, 46.8404], [-71.2534, 46.8406], [-71.2534, 46.8407], [-71.2533, 46.8409], [-71.2532, 46.8411], [-71.253, 46.8413], [-71.2527, 46.8415], [-71.2524, 46.8418], [-71.252, 46.842], [-71.2517, 46.8423], [-71.2514, 46.8425], [-71.2512, 46.8427], [-71.251, 46.8429], [-71.2509, 46.843], [-71.2508, 46.8431], [-71.2509, 46.8432], [-71.2509, 46.8433], [-71.251, 46.8434], [-71.2511, 46.8434], [-71.2512, 46.8434], [-71.2513, 46.8435], [-71.2514, 46.8435], [-71.2516, 46.8435], [-71.2518, 46.8435], [-71.2519, 46.8435], [-71.2521, 46.8435], [-71.2522, 46.8435], [-71.2523, 46.8435], [-71.2523, 46.8436], [-71.2523, 46.8437], [-71.2522, 46.8437], [-71.2521, 46.8438], [-71.252, 46.8439], [-71.2519, 46.844], [-71.2519, 46.8441], [-71.2519, 46.8442], [-71.252, 46.8443], [-71.2521, 46.8444], [-71.2521, 46.8445], [-71.2522, 46.8445], [-71.2522, 46.8446], [-71.2521, 46.8447], [-71.2521, 46.8448], [-71.2521, 46.8449], [-71.252, 46.845], [-71.2519, 46.8451], [-71.2518, 46.8451], [-71.2517, 46.8452], [-71.2516, 46.8452], [-71.2515, 46.8452], [-71.2514, 46.8452], [-71.2512, 46.8452], [-71.2511, 46.8452], [-71.251, 46.8451], [-71.2509, 46.8451], [-71.2508, 46.8451], [-71.2508, 46.845], [-71.2507, 46.845], [-71.2507, 46.8449], [-71.2507, 46.8448], [-71.2506, 46.8448], [-71.2506, 46.8447], [-71.2505, 46.8447], [-71.2504, 46.8447], [-71.2503, 46.8447], [-71.2502, 46.8448], [-71.2501, 46.8448], [-71.25, 46.8448], [-71.2498, 46.8449], [-71.2497, 46.8449], [-71.2495, 46.8449], [-71.2494, 46.8448], [-71.2492, 46.8448], [-71.2491, 46.8448], [-71.2489, 46.8447], [-71.2488, 46.8446], [-71.2487, 46.8446], [-71.2486, 46.8445], [-71.2486, 46.8444], [-71.2487, 46.8442], [-71.2487, 46.8441], [-71.2488, 46.8439], [-71.2489, 46.8438], [-71.249, 46.8436], [-71.2491, 46.8435], [-71.2491, 46.8434], [-71.2491, 46.8433], [-71.249, 46.8433], [-71.2489, 46.8433], [-71.2488, 46.8433], [-71.2486, 46.8434], [-71.2485, 46.8434], [-71.2484, 46.8434], [-71.2483, 46.8433], [-71.2482, 46.8433], [-71.2481, 46.8433], [-71.248, 46.8432], [-71.2479, 46.8432], [-71.2478, 46.8431], [-71.2477, 46.8431], [-71.2475, 46.8432], [-71.2473, 46.8433], [-71.2471, 46.8434], [-71.2469, 46.8435], [-71.2467, 46.8437], [-71.2464, 46.8439], [-71.2462, 46.844], [-71.2459, 46.8442], [-71.2456, 46.8443], [-71.2453, 46.8444], [-71.245, 46.8444], [-71.2447, 46.8444], [-71.2443, 46.8444], [-71.244, 46.8444], [-71.2437, 46.8443], [-71.2434, 46.8443], [-71.2432, 46.8442], [-71.243, 46.8442], [-71.2429, 46.8441], [-71.2428, 46.844], [-71.2427, 46.844], [-71.2427, 46.8439], [-71.2427, 46.8438], [-71.2426, 46.8438], [-71.2425, 46.8438], [-71.2425, 46.8437], [-71.2424, 46.8437], [-71.2423, 46.8437], [-71.2421, 46.8437], [-71.242, 46.8438], [-71.2419, 46.8438], [-71.2417, 46.8438], [-71.2416, 46.8438], [-71.2415, 46.8438], [-71.2415, 46.8437], [-71.2414, 46.8437], [-71.2414, 46.8436], [-71.2414, 46.8435], [-71.2414, 46.8434], [-71.2415, 46.8434], [-71.2415, 46.8433], [-71.2416, 46.8433], [-71.2417, 46.8432], [-71.2416, 46.8432], [-71.2414, 46.8433], [-71.2411, 46.8434], [-71.2409, 46.8435], [-71.2407, 46.8435], [-71.2405, 46.8436], [-71.2402, 46.8436], [-71.24, 46.8436], [-71.2398, 46.8436], [-71.2396, 46.8436], [-71.2394, 46.8436], [-71.2392, 46.8435], [-71.239, 46.8435], [-71.2389, 46.8434], [-71.2388, 46.8434], [-71.2387, 46.8433], [-71.2387, 46.8432], [-71.2386, 46.8432], [-71.2386, 46.8431], [-71.2386, 46.843], [-71.2385, 46.8429], [-71.2384, 46.8429], [-71.2383, 46.843], [-71.2382, 46.843], [-71.238, 46.8431], [-71.2379, 46.8431], [-71.2377, 46.8431], [-71.2375, 46.8431], [-71.2374, 46.8432], [-71.2372, 46.8432], [-71.237, 46.8431], [-71.2368, 46.8431], [-71.2366, 46.8431], [-71.2364, 46.843], [-71.2362, 46.8429], [-71.236, 46.8428], [-71.2359, 46.8426], [-71.2357, 46.8425], [-71.2356, 46.8423], [-71.2355, 46.842], [-71.2354, 46.8418], [-71.2353, 46.8416], [-71.2353, 46.8414], [-71.2352, 46.8412], [-71.2353, 46.841], [-71.2353, 46.8409], [-71.2354, 46.8408], [-71.2355, 46.8407], [-71.2357, 46.8406], [-71.2358, 46.8406], [-71.2359, 46.8405], [-71.2359, 46.8404], [-71.2359, 46.8403], [-71.2359, 46.8402], [-71.2359, 46.8401], [-71.2358, 46.84], [-71.2356, 46.8399], [-71.2355, 46.8397], [-71.2355, 46.8396], [-71.2354, 46.8396], [-71.2354, 46.8395], [-71.2355, 46.8394], [-71.2356, 46.8393], [-71.2358, 46.8393], [-71.2359, 46.8393], [-71.236, 46.8392], [-71.2361, 46.8391], [-71.2361, 46.839], [-71.2361, 46.8389], [-71.236, 46.8388], [-71.236, 46.8387], [-71.2361, 46.8386], [-71.2362, 46.8385], [-71.2363, 46.8385], [-71.2364, 46.8384], [-71.2366, 46.8383], [-71.2368, 46.8383], [-71.2369, 46.8382], [-71.237, 46.8381], [-71.2371, 46.838], [-71.2371, 46.8379], [-71.237, 46.8378], [-71.237, 46.8377], [-71.2368, 46.8376], [-71.2366, 46.8375], [-71.2365, 46.8373], [-71.2363, 46.8372], [-71.2362, 46.8371], [-71.2362, 46.837], [-71.2361, 46.8369], [-71.2361, 46.8368], [-71.2361, 46.8367], [-71.2362, 46.8366], [-71.2363, 46.8365], [-71.2364, 46.8364], [-71.2365, 46.8364], [-71.2367, 46.8363], [-71.2368, 46.8363], [-71.237, 46.8363], [-71.2371, 46.8362], [-71.2372, 46.8362], [-71.2373, 46.8362], [-71.2373, 46.8361], [-71.2373, 46.836], [-71.2372, 46.8359], [-71.2372, 46.8358], [-71.2372, 46.8357], [-71.2373, 46.8356], [-71.2374, 46.8356], [-71.2375, 46.8355], [-71.2375, 46.8354], [-71.2376, 46.8354], [-71.2376, 46.8353], [-71.2376, 46.8352], [-71.2376, 46.8351], [-71.2376, 46.835], [-71.2375, 46.8349], [-71.2375, 46.8348], [-71.2375, 46.8347], [-71.2375, 46.8346], [-71.2376, 46.8346], [-71.2377, 46.8345], [-71.2377, 46.8344], [-71.2378, 46.8343], [-71.2379, 46.8342], [-71.2379, 46.8341], [-71.238, 46.8339], [-71.238, 46.8338], [-71.238, 46.8336], [-71.238, 46.8333], [-71.238, 46.8331], [-71.238, 46.8328], [-71.2381, 46.8326], [-71.2381, 46.8325], [-71.2382, 46.8323], [-71.2382, 46.8322], [-71.2383, 46.8321], [-71.2384, 46.832], [-71.2385, 46.8319], [-71.2386, 46.8319], [-71.2386, 46.8318], [-71.2387, 46.8317], [-71.2387, 46.8316], [-71.2387, 46.8315], [-71.2387, 46.8314], [-71.2387, 46.8312], [-71.2387, 46.8311], [-71.2388, 46.831], [-71.2389, 46.831], [-71.239, 46.8309], [-71.2392, 46.8309], [-71.2393, 46.8309], [-71.2396, 46.831], [-71.2398, 46.831], [-71.2399, 46.831], [-71.2401, 46.8311], [-71.2402, 46.8312], [-71.2403, 46.8313], [-71.2403, 46.8314], [-71.2403, 46.8315], [-71.2403, 46.8316], [-71.2404, 46.8317], [-71.2405, 46.8317], [-71.2406, 46.8316], [-71.2407, 46.8316], [-71.2408, 46.8315], [-71.241, 46.8314], [-71.2412, 46.8313], [-71.2414, 46.8313], [-71.2415, 46.8312], [-71.2417, 46.8312], [-71.2418, 46.8311], [-71.242, 46.8311], [-71.2421, 46.8311], [-71.2422, 46.8312], [-71.2423, 46.8312], [-71.2425, 46.8312], [-71.2426, 46.8313], [-71.2427, 46.8314], [-71.2428, 46.8315], [-71.2428, 46.8317], [-71.2429, 46.8318], [-71.243, 46.832], [-71.2431, 46.8321], [-71.2431, 46.8323], [-71.2431, 46.8324], [-71.2431, 46.8325], [-71.2431, 46.8326], [-71.243, 46.8327], [-71.2429, 46.8328], [-71.2428, 46.8329], [-71.2427, 46.833], [-71.2428, 46.833], [-71.2429, 46.8331], [-71.2431, 46.8331], [-71.2432, 46.8331], [-71.2435, 46.8331], [-71.2437, 46.8331], [-71.2439, 46.833], [-71.2441, 46.833], [-71.2442, 46.833], [-71.2444, 46.8329], [-71.2445, 46.8329], [-71.2447, 46.8328], [-71.2448, 46.8328], [-71.2449, 46.8327], [-71.245, 46.8326], [-71.2451, 46.8325], [-71.2451, 46.8324], [-71.2451, 46.8323], [-71.2451, 46.8322], [-71.245, 46.8321], [-71.245, 46.832], [-71.245, 46.8319], [-71.2451, 46.8319], [-71.2451, 46.8318], [-71.2452, 46.8317], [-71.2453, 46.8317], [-71.2454, 46.8317], [-71.2456, 46.8317], [-71.2457, 46.8316], [-71.2459, 46.8316], [-71.246, 46.8317], [-71.2462, 46.8317], [-71.2464, 46.8317], [-71.2465, 46.8318], [-71.2467, 46.8318], [-71.2468, 46.8319], [-71.247, 46.832], [-71.2471, 46.8321], [-71.2472, 46.8322], [-71.2472, 46.8323], [-71.2471, 46.8324], [-71.2471, 46.8325], [-71.247, 46.8325], [-71.2469, 46.8326], [-71.2469, 46.8327], [-71.2468, 46.8327], [-71.2468, 46.8328], [-71.2469, 46.8328], [-71.247, 46.8328], [-71.2471, 46.8327], [-71.2472, 46.8327], [-71.2473, 46.8327], [-71.2474, 46.8328], [-71.2475, 46.8328], [-71.2476, 46.8328], [-71.2477, 46.8329], [-71.2477, 46.833], [-71.2478, 46.833], [-71.2479, 46.833], [-71.248, 46.833], [-71.2481, 46.8329], [-71.2482, 46.8329], [-71.2483, 46.8328], [-71.2484, 46.8326], [-71.2485, 46.8325], [-71.2486, 46.8325], [-71.2488, 46.8324], [-71.2491, 46.8324], [-71.2493, 46.8324], [-71.2496, 46.8325], [-71.25, 46.8326], [-71.2503, 46.8327], [-71.2507, 46.8328], [-71.251, 46.8328], [-71.2513, 46.8329], [-71.2516, 46.8329], [-71.2518, 46.8329], [-71.252, 46.8329], [-71.2521, 46.8329], [-71.2523, 46.8329], [-71.2524, 46.8329], [-71.2525, 46.8329], [-71.2526, 46.8329], [-71.2528, 46.833], [-71.2529, 46.833], [-71.253, 46.8331], [-71.2531, 46.8333], [-71.2531, 46.8334], [-71.2532, 46.8335], [-71.2533, 46.8336], [-71.2535, 46.8337], [-71.2536, 46.8337], [-71.2538, 46.8337], [-71.2539, 46.8337], [-71.2541, 46.8337], [-71.2543, 46.8336], [-71.2545, 46.8336], [-71.2547, 46.8335], [-71.2548, 46.8335], [-71.255, 46.8335], [-71.2551, 46.8335], [-71.2552, 46.8335], [-71.2553, 46.8335], [-71.2554, 46.8336]]]}}, {"type": "Feature", "properties": {"couche": "voile", "station": "Des Peupliers", "minutes": 13}, "geometry": {"type": "Polygon", "coordinates": [[[-71.4148, 46.952], [-71.0791, 46.9542], [-71.0766, 46.7239], [-71.4109, 46.7217], [-71.4148, 46.952]], [[-71.2553, 46.8335], [-71.2552, 46.8335], [-71.2551, 46.8335], [-71.255, 46.8335], [-71.2548, 46.8335], [-71.2547, 46.8335], [-71.2545, 46.8336], [-71.2543, 46.8336], [-71.2541, 46.8337], [-71.2539, 46.8337], [-71.2538, 46.8337], [-71.2536, 46.8337], [-71.2535, 46.8337], [-71.2533, 46.8336], [-71.2532, 46.8335], [-71.2531, 46.8334], [-71.2531, 46.8333], [-71.253, 46.8331], [-71.2529, 46.833], [-71.2528, 46.833], [-71.2526, 46.8329], [-71.2525, 46.8329], [-71.2524, 46.8329], [-71.2523, 46.8329], [-71.2521, 46.8329], [-71.252, 46.8329], [-71.2518, 46.8329], [-71.2516, 46.8329], [-71.2513, 46.8329], [-71.251, 46.8328], [-71.2507, 46.8328], [-71.2503, 46.8327], [-71.25, 46.8326], [-71.2496, 46.8325], [-71.2493, 46.8324], [-71.2491, 46.8324], [-71.2488, 46.8324], [-71.2486, 46.8325], [-71.2485, 46.8325], [-71.2484, 46.8326], [-71.2483, 46.8328], [-71.2482, 46.8329], [-71.2481, 46.8329], [-71.248, 46.833], [-71.2479, 46.833], [-71.2478, 46.833], [-71.2477, 46.833], [-71.2477, 46.8329], [-71.2476, 46.8328], [-71.2475, 46.8328], [-71.2474, 46.8328], [-71.2473, 46.8327], [-71.2472, 46.8327], [-71.2471, 46.8327], [-71.247, 46.8328], [-71.2469, 46.8328], [-71.2468, 46.8328], [-71.2468, 46.8327], [-71.2469, 46.8327], [-71.2469, 46.8326], [-71.247, 46.8325], [-71.2471, 46.8325], [-71.2471, 46.8324], [-71.2472, 46.8323], [-71.2472, 46.8322], [-71.2471, 46.8321], [-71.247, 46.832], [-71.2468, 46.8319], [-71.2467, 46.8318], [-71.2465, 46.8318], [-71.2464, 46.8317], [-71.2462, 46.8317], [-71.246, 46.8317], [-71.2459, 46.8316], [-71.2457, 46.8316], [-71.2456, 46.8317], [-71.2454, 46.8317], [-71.2453, 46.8317], [-71.2452, 46.8317], [-71.2451, 46.8318], [-71.2451, 46.8319], [-71.245, 46.8319], [-71.245, 46.832], [-71.245, 46.8321], [-71.2451, 46.8322], [-71.2451, 46.8323], [-71.2451, 46.8324], [-71.2451, 46.8325], [-71.245, 46.8326], [-71.2449, 46.8327], [-71.2448, 46.8328], [-71.2447, 46.8328], [-71.2445, 46.8329], [-71.2444, 46.8329], [-71.2442, 46.833], [-71.2441, 46.833], [-71.2439, 46.833], [-71.2437, 46.8331], [-71.2435, 46.8331], [-71.2432, 46.8331], [-71.2431, 46.8331], [-71.2429, 46.8331], [-71.2428, 46.833], [-71.2427, 46.833], [-71.2428, 46.8329], [-71.2429, 46.8328], [-71.243, 46.8327], [-71.2431, 46.8326], [-71.2431, 46.8325], [-71.2431, 46.8324], [-71.2431, 46.8323], [-71.2431, 46.8321], [-71.243, 46.832], [-71.2429, 46.8318], [-71.2428, 46.8317], [-71.2428, 46.8315], [-71.2427, 46.8314], [-71.2426, 46.8313], [-71.2425, 46.8312], [-71.2423, 46.8312], [-71.2422, 46.8312], [-71.2421, 46.8311], [-71.242, 46.8311], [-71.2418, 46.8311], [-71.2417, 46.8312], [-71.2415, 46.8312], [-71.2414, 46.8313], [-71.2412, 46.8313], [-71.241, 46.8314], [-71.2408, 46.8315], [-71.2407, 46.8316], [-71.2406, 46.8316], [-71.2405, 46.8317], [-71.2404, 46.8317], [-71.2403, 46.8316], [-71.2403, 46.8315], [-71.2403, 46.8314], [-71.2403, 46.8313], [-71.2402, 46.8312], [-71.2401, 46.8311], [-71.2399, 46.831], [-71.2398, 46.831], [-71.2396, 46.831], [-71.2393, 46.8309], [-71.2392, 46.8309], [-71.239, 46.8309], [-71.2389, 46.831], [-71.2388, 46.831], [-71.2387, 46.8311], [-71.2387, 46.8312], [-71.2387, 46.8314], [-71.2387, 46.8315], [-71.2387, 46.8316], [-71.2387, 46.8317], [-71.2386, 46.8318], [-71.2386, 46.8319], [-71.2385, 46.8319], [-71.2384, 46.832], [-71.2383, 46.8321], [-71.2382, 46.8322], [-71.2382, 46.8323], [-71.2381, 46.8325], [-71.2381, 46.8326], [-71.238, 46.8328], [-71.238, 46.8331], [-71.238, 46.8333], [-71.238, 46.8336], [-71.238, 46.8338], [-71.238, 46.8339], [-71.2379, 46.8341], [-71.2379, 46.8342], [-71.2378, 46.8343], [-71.2377, 46.8344], [-71.2377, 46.8345], [-71.2376, 46.8346], [-71.2375, 46.8346], [-71.2375, 46.8347], [-71.2375, 46.8348], [-71.2375, 46.8349], [-71.2376, 46.835], [-71.2376, 46.8351], [-71.2376, 46.8352], [-71.2376, 46.8353], [-71.2376, 46.8354], [-71.2375, 46.8354], [-71.2375, 46.8355], [-71.2374, 46.8356], [-71.2373, 46.8356], [-71.2372, 46.8357], [-71.2372, 46.8358], [-71.2372, 46.8359], [-71.2373, 46.836], [-71.2373, 46.8361], [-71.2373, 46.8362], [-71.2372, 46.8362], [-71.2371, 46.8362], [-71.237, 46.8363], [-71.2368, 46.8363], [-71.2367, 46.8363], [-71.2365, 46.8364], [-71.2364, 46.8364], [-71.2363, 46.8365], [-71.2362, 46.8366], [-71.2361, 46.8367], [-71.2361, 46.8368], [-71.2361, 46.8369], [-71.2362, 46.837], [-71.2362, 46.8371], [-71.2363, 46.8372], [-71.2365, 46.8373], [-71.2366, 46.8375], [-71.2368, 46.8376], [-71.237, 46.8377], [-71.237, 46.8378], [-71.2371, 46.8379], [-71.2371, 46.838], [-71.237, 46.8381], [-71.2369, 46.8382], [-71.2368, 46.8383], [-71.2366, 46.8383], [-71.2364, 46.8384], [-71.2363, 46.8385], [-71.2362, 46.8385], [-71.2361, 46.8386], [-71.236, 46.8387], [-71.236, 46.8388], [-71.2361, 46.8389], [-71.2361, 46.839], [-71.2361, 46.8391], [-71.236, 46.8392], [-71.2359, 46.8393], [-71.2358, 46.8393], [-71.2356, 46.8393], [-71.2355, 46.8394], [-71.2354, 46.8395], [-71.2354, 46.8396], [-71.2355, 46.8396], [-71.2355, 46.8397], [-71.2356, 46.8399], [-71.2358, 46.84], [-71.2359, 46.8401], [-71.2359, 46.8402], [-71.2359, 46.8403], [-71.2359, 46.8404], [-71.2359, 46.8405], [-71.2358, 46.8406], [-71.2357, 46.8406], [-71.2355, 46.8407], [-71.2354, 46.8408], [-71.2353, 46.8409], [-71.2353, 46.841], [-71.2352, 46.8412], [-71.2353, 46.8414], [-71.2353, 46.8416], [-71.2354, 46.8418], [-71.2355, 46.842], [-71.2356, 46.8423], [-71.2357, 46.8425], [-71.2359, 46.8426], [-71.236, 46.8428], [-71.2362, 46.8429], [-71.2364, 46.843], [-71.2366, 46.8431], [-71.2368, 46.8431], [-71.237, 46.8431], [-71.2372, 46.8432], [-71.2374, 46.8432], [-71.2375, 46.8431], [-71.2377, 46.8431], [-71.2379, 46.8431], [-71.238, 46.8431], [-71.2382, 46.843], [-71.2383, 46.843], [-71.2384, 46.8429], [-71.2385, 46.8429], [-71.2386, 46.843], [-71.2386, 46.8431], [-71.2386, 46.8432], [-71.2387, 46.8432], [-71.2387, 46.8433], [-71.2388, 46.8434], [-71.2389, 46.8434], [-71.239, 46.8435], [-71.2392, 46.8435], [-71.2394, 46.8436], [-71.2396, 46.8436], [-71.2398, 46.8436], [-71.24, 46.8436], [-71.2402, 46.8436], [-71.2405, 46.8436], [-71.2407, 46.8435], [-71.2409, 46.8435], [-71.2411, 46.8434], [-71.2414, 46.8433], [-71.2416, 46.8432], [-71.2417, 46.8432], [-71.2416, 46.8433], [-71.2415, 46.8433], [-71.2415, 46.8434], [-71.2414, 46.8434], [-71.2414, 46.8435], [-71.2414, 46.8436], [-71.2414, 46.8437], [-71.2415, 46.8437], [-71.2415, 46.8438], [-71.2416, 46.8438], [-71.2417, 46.8438], [-71.2419, 46.8438], [-71.242, 46.8438], [-71.2421, 46.8437], [-71.2423, 46.8437], [-71.2424, 46.8437], [-71.2425, 46.8437], [-71.2425, 46.8438], [-71.2426, 46.8438], [-71.2427, 46.8438], [-71.2427, 46.8439], [-71.2427, 46.844], [-71.2428, 46.844], [-71.2429, 46.8441], [-71.243, 46.8442], [-71.2432, 46.8442], [-71.2434, 46.8443], [-71.2437, 46.8443], [-71.244, 46.8444], [-71.2443, 46.8444], [-71.2447, 46.8444], [-71.245, 46.8444], [-71.2453, 46.8444], [-71.2456, 46.8443], [-71.2459, 46.8442], [-71.2462, 46.844], [-71.2464, 46.8439], [-71.2467, 46.8437], [-71.2469, 46.8435], [-71.2471, 46.8434], [-71.2473, 46.8433], [-71.2475, 46.8432], [-71.2477, 46.8431], [-71.2478, 46.8431], [-71.2479, 46.8432], [-71.248, 46.8432], [-71.2481, 46.8433], [-71.2482, 46.8433], [-71.2483, 46.8433], [-71.2484, 46.8434], [-71.2485, 46.8434], [-71.2486, 46.8434], [-71.2488, 46.8433], [-71.2489, 46.8433], [-71.249, 46.8433], [-71.2491, 46.8433], [-71.2491, 46.8434], [-71.2491, 46.8435], [-71.249, 46.8436], [-71.2489, 46.8438], [-71.2488, 46.8439], [-71.2487, 46.8441], [-71.2487, 46.8442], [-71.2486, 46.8444], [-71.2486, 46.8445], [-71.2487, 46.8446], [-71.2488, 46.8446], [-71.2489, 46.8447], [-71.2491, 46.8448], [-71.2492, 46.8448], [-71.2494, 46.8448], [-71.2495, 46.8449], [-71.2497, 46.8449], [-71.2498, 46.8449], [-71.25, 46.8448], [-71.2501, 46.8448], [-71.2502, 46.8448], [-71.2503, 46.8447], [-71.2504, 46.8447], [-71.2505, 46.8447], [-71.2506, 46.8447], [-71.2506, 46.8448], [-71.2507, 46.8448], [-71.2507, 46.8449], [-71.2507, 46.845], [-71.2508, 46.845], [-71.2508, 46.8451], [-71.2509, 46.8451], [-71.251, 46.8451], [-71.2511, 46.8452], [-71.2512, 46.8452], [-71.2514, 46.8452], [-71.2515, 46.8452], [-71.2516, 46.8452], [-71.2517, 46.8452], [-71.2518, 46.8451], [-71.2519, 46.8451], [-71.252, 46.845], [-71.2521, 46.8449], [-71.2521, 46.8448], [-71.2521, 46.8447], [-71.2522, 46.8446], [-71.2522, 46.8445], [-71.2521, 46.8445], [-71.2521, 46.8444], [-71.252, 46.8443], [-71.2519, 46.8442], [-71.2519, 46.8441], [-71.2519, 46.844], [-71.252, 46.8439], [-71.2521, 46.8438], [-71.2522, 46.8437], [-71.2523, 46.8437], [-71.2523, 46.8436], [-71.2523, 46.8435], [-71.2522, 46.8435], [-71.2521, 46.8435], [-71.2519, 46.8435], [-71.2518, 46.8435], [-71.2516, 46.8435], [-71.2514, 46.8435], [-71.2513, 46.8435], [-71.2512, 46.8434], [-71.2511, 46.8434], [-71.251, 46.8434], [-71.2509, 46.8433], [-71.2509, 46.8432], [-71.2508, 46.8431], [-71.2509, 46.843], [-71.251, 46.8429], [-71.2512, 46.8427], [-71.2514, 46.8425], [-71.2517, 46.8423], [-71.252, 46.842], [-71.2524, 46.8418], [-71.2527, 46.8415], [-71.253, 46.8413], [-71.2532, 46.8411], [-71.2533, 46.8409], [-71.2534, 46.8407], [-71.2534, 46.8406], [-71.2534, 46.8404], [-71.2533, 46.8403], [-71.2532, 46.8402], [-71.2532, 46.8401], [-71.2532, 46.84], [-71.2532, 46.8399], [-71.2532, 46.8398], [-71.2533, 46.8397], [-71.2534, 46.8396], [-71.2535, 46.8395], [-71.2536, 46.8394], [-71.2536, 46.8393], [-71.2536, 46.8392], [-71.2535, 46.8392], [-71.2534, 46.8392], [-71.2532, 46.8392], [-71.253, 46.8393], [-71.2528, 46.8393], [-71.2526, 46.8393], [-71.2525, 46.8393], [-71.2523, 46.8393], [-71.2522, 46.8393], [-71.2521, 46.8392], [-71.252, 46.8392], [-71.2521, 46.8391], [-71.2521, 46.839], [-71.2522, 46.8389], [-71.2523, 46.8388], [-71.2525, 46.8386], [-71.2528, 46.8385], [-71.2531, 46.8383], [-71.2534, 46.8381], [-71.2537, 46.8379], [-71.254, 46.8376], [-71.2542, 46.8375], [-71.2543, 46.8373], [-71.2545, 46.8371], [-71.2545, 46.8369], [-71.2546, 46.8367], [-71.2546, 46.8365], [-71.2546, 46.8364], [-71.2546, 46.8362], [-71.2546, 46.8361], [-71.2547, 46.836], [-71.2547, 46.8359], [-71.2548, 46.8358], [-71.2548, 46.8357], [-71.2549, 46.8357], [-71.255, 46.8356], [-71.255, 46.8355], [-71.2551, 46.8355], [-71.255, 46.8354], [-71.255, 46.8353], [-71.2549, 46.8353], [-71.2549, 46.8352], [-71.2549, 46.8351], [-71.2549, 46.835], [-71.255, 46.835], [-71.255, 46.8349], [-71.2551, 46.8348], [-71.2552, 46.8348], [-71.2553, 46.8347], [-71.2553, 46.8346], [-71.2553, 46.8345], [-71.2552, 46.8344], [-71.2551, 46.8343], [-71.2551, 46.8342], [-71.2552, 46.8341], [-71.2553, 46.834], [-71.2554, 46.834], [-71.2555, 46.8339], [-71.2555, 46.8338], [-71.2555, 46.8337], [-71.2555, 46.8336], [-71.2554, 46.8336], [-71.2553, 46.8335]]]}}, {"type": "Feature", "properties": {"couche": "aire_marche", "station": "Des Peupliers", "ordre": 28, "minutes": 14, "superficie_ha": 192.6, "rue_km": 43.38, "disque_ha": 301.7, "part_disque_pct": 64, "accroche_m": 3, "population": 10886, "navetteurs": 4204, "mode_auto_pct": 68, "mode_tc_pct": 21, "mode_actif_pct": 11, "mode_autre_pct": 0}, "geometry": {"type": "Polygon", "coordinates": [[[-71.2558, 46.834], [-71.2557, 46.8342], [-71.2556, 46.8344], [-71.2556, 46.8346], [-71.2556, 46.8348], [-71.2556, 46.835], [-71.2556, 46.8352], [-71.2556, 46.8353], [-71.2556, 46.8355], [-71.2556, 46.8356], [-71.2556, 46.8358], [-71.2556, 46.8359], [-71.2555, 46.836], [-71.2555, 46.8361], [-71.2554, 46.8362], [-71.2553, 46.8362], [-71.2552, 46.8363], [-71.2552, 46.8364], [-71.2551, 46.8364], [-71.2551, 46.8365], [-71.255, 46.8366], [-71.255, 46.8367], [-71.255, 46.8368], [-71.255, 46.837], [-71.2551, 46.8371], [-71.2551, 46.8372], [-71.2551, 46.8373], [-71.255, 46.8374], [-71.255, 46.8375], [-71.2549, 46.8376], [-71.2548, 46.8376], [-71.2546, 46.8376], [-71.2545, 46.8376], [-71.2544, 46.8377], [-71.2542, 46.8377], [-71.2541, 46.8377], [-71.254, 46.8378], [-71.2539, 46.8379], [-71.2539, 46.838], [-71.2538, 46.8381], [-71.2537, 46.8382], [-71.2536, 46.8382], [-71.2534, 46.8383], [-71.2532, 46.8384], [-71.253, 46.8385], [-71.2528, 46.8386], [-71.2526, 46.8387], [-71.2524, 46.8388], [-71.2522, 46.8389], [-71.2521, 46.839], [-71.2521, 46.8391], [-71.252, 46.8391], [-71.252, 46.8392], [-71.2521, 46.8392], [-71.2522, 46.8393], [-71.2524, 46.8393], [-71.2525, 46.8392], [-71.2526, 46.8392], [-71.2528, 46.8391], [-71.253, 46.839], [-71.2533, 46.8389], [-71.2535, 46.8388], [-71.2537, 46.8387], [-71.2538, 46.8387], [-71.254, 46.8386], [-71.2541, 46.8386], [-71.2543, 46.8387], [-71.2544, 46.8387], [-71.2545, 46.8387], [-71.2545, 46.8388], [-71.2546, 46.8389], [-71.2545, 46.839], [-71.2545, 46.8391], [-71.2544, 46.8392], [-71.2542, 46.8393], [-71.254, 46.8394], [-71.2538, 46.8395], [-71.2536, 46.8396], [-71.2535, 46.8397], [-71.2534, 46.8398], [-71.2534, 46.8399], [-71.2534, 46.84], [-71.2535, 46.8401], [-71.2536, 46.8401], [-71.2538, 46.8402], [-71.2539, 46.8402], [-71.254, 46.8403], [-71.2541, 46.8404], [-71.2542, 46.8405], [-71.2543, 46.8406], [-71.2543, 46.8407], [-71.2543, 46.8408], [-71.2542, 46.841], [-71.2542, 46.8411], [-71.2541, 46.8412], [-71.254, 46.8413], [-71.2538, 46.8414], [-71.2536, 46.8415], [-71.2534, 46.8416], [-71.2531, 46.8416], [-71.2529, 46.8417], [-71.2526, 46.8417], [-71.2523, 46.8418], [-71.2521, 46.8419], [-71.2519, 46.842], [-71.2517, 46.8421], [-71.2515, 46.8422], [-71.2513, 46.8423], [-71.2512, 46.8425], [-71.251, 46.8426], [-71.2509, 46.8427], [-71.2509, 46.8428], [-71.2508, 46.843], [-71.2508, 46.8431], [-71.2509, 46.8432], [-71.2509, 46.8433], [-71.251, 46.8433], [-71.2511, 46.8434], [-71.2512, 46.8434], [-71.2513, 46.8434], [-71.2515, 46.8434], [-71.2516, 46.8433], [-71.2518, 46.8432], [-71.252, 46.8431], [-71.2522, 46.8431], [-71.2523, 46.843], [-71.2525, 46.843], [-71.2526, 46.8429], [-71.2527, 46.8429], [-71.2529, 46.8429], [-71.253, 46.8429], [-71.2531, 46.843], [-71.2531, 46.8431], [-71.2531, 46.8432], [-71.253, 46.8433], [-71.253, 46.8434], [-71.2528, 46.8434], [-71.2528, 46.8435], [-71.2527, 46.8436], [-71.2527, 46.8437], [-71.2526, 46.8438], [-71.2527, 46.8438], [-71.2527, 46.8439], [-71.2528, 46.844], [-71.2528, 46.8441], [-71.2529, 46.8442], [-71.2529, 46.8443], [-71.2529, 46.8444], [-71.2528, 46.8445], [-71.2528, 46.8447], [-71.2527, 46.8449], [-71.2526, 46.8451], [-71.2525, 46.8453], [-71.2524, 46.8454], [-71.2523, 46.8455], [-71.2522, 46.8456], [-71.2521, 46.8456], [-71.252, 46.8456], [-71.2518, 46.8455], [-71.2517, 46.8455], [-71.2515, 46.8454], [-71.2514, 46.8454], [-71.2513, 46.8453], [-71.2511, 46.8453], [-71.251, 46.8453], [-71.2508, 46.8453], [-71.2507, 46.8453], [-71.2505, 46.8454], [-71.2504, 46.8454], [-71.2503, 46.8454], [-71.2502, 46.8454], [-71.2501, 46.8454], [-71.25, 46.8453], [-71.25, 46.8452], [-71.2499, 46.8451], [-71.2498, 46.845], [-71.2497, 46.845], [-71.2496, 46.8451], [-71.2495, 46.8451], [-71.2493, 46.8451], [-71.2492, 46.8452], [-71.2491, 46.8452], [-71.2489, 46.8452], [-71.2488, 46.8452], [-71.2486, 46.8452], [-71.2485, 46.8451], [-71.2483, 46.8451], [-71.2481, 46.8451], [-71.248, 46.845], [-71.248, 46.8449], [-71.248, 46.8448], [-71.248, 46.8446], [-71.2481, 46.8445], [-71.2482, 46.8443], [-71.2484, 46.8441], [-71.2486, 46.8439], [-71.2488, 46.8437], [-71.2489, 46.8436], [-71.2489, 46.8435], [-71.2489, 46.8434], [-71.2488, 46.8433], [-71.2486, 46.8432], [-71.2484, 46.8432], [-71.2481, 46.8432], [-71.2479, 46.8432], [-71.2476, 46.8433], [-71.2474, 46.8434], [-71.2471, 46.8435], [-71.2469, 46.8436], [-71.2467, 46.8438], [-71.2465, 46.844], [-71.2464, 46.8442], [-71.2462, 46.8445], [-71.246, 46.8446], [-71.2458, 46.8448], [-71.2456, 46.8449], [-71.2454, 46.8449], [-71.2451, 46.845], [-71.2449, 46.845], [-71.2447, 46.8449], [-71.2444, 46.8449], [-71.2442, 46.8449], [-71.2441, 46.8448], [-71.2439, 46.8448], [-71.2438, 46.8447], [-71.2437, 46.8446], [-71.2436, 46.8446], [-71.2435, 46.8445], [-71.2435, 46.8444], [-71.2434, 46.8444], [-71.2433, 46.8443], [-71.2432, 46.8443], [-71.2431, 46.8443], [-71.243, 46.8443], [-71.2429, 46.8444], [-71.2428, 46.8444], [-71.2427, 46.8445], [-71.2426, 46.8445], [-71.2425, 46.8445], [-71.2424, 46.8445], [-71.2423, 46.8444], [-71.2422, 46.8443], [-71.2421, 46.8443], [-71.242, 46.8442], [-71.2419, 46.8441], [-71.2417, 46.8441], [-71.2415, 46.8441], [-71.2413, 46.844], [-71.241, 46.844], [-71.2407, 46.844], [-71.2404, 46.844], [-71.2402, 46.844], [-71.2399, 46.844], [-71.2397, 46.844], [-71.2395, 46.8439], [-71.2394, 46.8439], [-71.2393, 46.8438], [-71.2392, 46.8438], [-71.2392, 46.8437], [-71.2391, 46.8436], [-71.239, 46.8436], [-71.2389, 46.8436], [-71.2387, 46.8436], [-71.2386, 46.8436], [-71.2385, 46.8437], [-71.2383, 46.8437], [-71.2382, 46.8437], [-71.2381, 46.8437], [-71.238, 46.8437], [-71.2379, 46.8437], [-71.2379, 46.8436], [-71.2378, 46.8436], [-71.2378, 46.8435], [-71.2378, 46.8434], [-71.2378, 46.8433], [-71.2379, 46.8433], [-71.2379, 46.8432], [-71.238, 46.8432], [-71.2381, 46.8431], [-71.2382, 46.843], [-71.2381, 46.843], [-71.2379, 46.8431], [-71.2378, 46.8432], [-71.2377, 46.8432], [-71.2375, 46.8433], [-71.2374, 46.8434], [-71.2373, 46.8434], [-71.2373, 46.8435], [-71.2372, 46.8435], [-71.2371, 46.8436], [-71.237, 46.8436], [-71.2369, 46.8436], [-71.2368, 46.8436], [-71.2366, 46.8436], [-71.2365, 46.8436], [-71.2363, 46.8435], [-71.2361, 46.8435], [-71.2359, 46.8434], [-71.2357, 46.8432], [-71.2356, 46.843], [-71.2354, 46.8427], [-71.2353, 46.8423], [-71.2352, 46.8419], [-71.2351, 46.8414], [-71.235, 46.8409], [-71.235, 46.8404], [-71.235, 46.8399], [-71.235, 46.8396], [-71.2352, 46.8392], [-71.2354, 46.839], [-71.2356, 46.8387], [-71.2359, 46.8386], [-71.2362, 46.8384], [-71.2365, 46.8383], [-71.2368, 46.8382], [-71.237, 46.8381], [-71.2371, 46.838], [-71.2372, 46.8379], [-71.2372, 46.8378], [-71.2371, 46.8378], [-71.237, 46.8377], [-71.2369, 46.8376], [-71.2368, 46.8376], [-71.2367, 46.8375], [-71.2366, 46.8375], [-71.2365, 46.8375], [-71.2364, 46.8375], [-71.2363, 46.8375], [-71.2361, 46.8376], [-71.236, 46.8376], [-71.2359, 46.8376], [-71.2358, 46.8377], [-71.2357, 46.8376], [-71.2356, 46.8376], [-71.2355, 46.8376], [-71.2354, 46.8375], [-71.2354, 46.8374], [-71.2354, 46.8373], [-71.2354, 46.8372], [-71.2355, 46.8372], [-71.2356, 46.8371], [-71.2356, 46.837], [-71.2357, 46.837], [-71.2357, 46.8369], [-71.2358, 46.8368], [-71.2358, 46.8367], [-71.2358, 46.8366], [-71.2358, 46.8365], [-71.2358, 46.8363], [-71.2358, 46.8362], [-71.2358, 46.8361], [-71.2359, 46.836], [-71.236, 46.8359], [-71.2362, 46.8358], [-71.2364, 46.8357], [-71.2366, 46.8356], [-71.2369, 46.8356], [-71.2371, 46.8355], [-71.2372, 46.8354], [-71.2373, 46.8354], [-71.2374, 46.8353], [-71.2374, 46.8352], [-71.2373, 46.8352], [-71.2371, 46.8351], [-71.237, 46.8351], [-71.2369, 46.835], [-71.2368, 46.8349], [-71.2368, 46.8348], [-71.2368, 46.8347], [-71.2367, 46.8346], [-71.2368, 46.8345], [-71.2368, 46.8343], [-71.2368, 46.8342], [-71.2369, 46.8341], [-71.237, 46.8339], [-71.2371, 46.8338], [-71.2372, 46.8337], [-71.2373, 46.8336], [-71.2374, 46.8335], [-71.2376, 46.8335], [-71.2377, 46.8334], [-71.2378, 46.8333], [-71.2379, 46.8332], [-71.2379, 46.8331], [-71.2378, 46.833], [-71.2378, 46.8328], [-71.2377, 46.8327], [-71.2376, 46.8326], [-71.2376, 46.8325], [-71.2375, 46.8324], [-71.2376, 46.8323], [-71.2376, 46.8321], [-71.2377, 46.832], [-71.2377, 46.8318], [-71.2379, 46.8317], [-71.238, 46.8315], [-71.2381, 46.8314], [-71.2381, 46.8313], [-71.2382, 46.8311], [-71.2382, 46.831], [-71.2382, 46.8309], [-71.2382, 46.8308], [-71.2382, 46.8307], [-71.2382, 46.8306], [-71.2382, 46.8305], [-71.2383, 46.8305], [-71.2383, 46.8304], [-71.2385, 46.8304], [-71.2386, 46.8304], [-71.2388, 46.8304], [-71.239, 46.8304], [-71.2392, 46.8304], [-71.2394, 46.8305], [-71.2395, 46.8305], [-71.2396, 46.8305], [-71.2397, 46.8306], [-71.2398, 46.8306], [-71.2399, 46.8307], [-71.24, 46.8308], [-71.2401, 46.8308], [-71.2402, 46.8308], [-71.2403, 46.8308], [-71.2405, 46.8308], [-71.2406, 46.8307], [-71.2408, 46.8307], [-71.241, 46.8306], [-71.2411, 46.8306], [-71.2413, 46.8306], [-71.2414, 46.8306], [-71.2415, 46.8306], [-71.2416, 46.8307], [-71.2417, 46.8307], [-71.2418, 46.8308], [-71.2419, 46.8308], [-71.242, 46.8309], [-71.2421, 46.8309], [-71.2423, 46.831], [-71.2424, 46.831], [-71.2426, 46.831], [-71.2427, 46.831], [-71.2429, 46.831], [-71.243, 46.831], [-71.2432, 46.831], [-71.2432, 46.8311], [-71.2433, 46.8311], [-71.2433, 46.8312], [-71.2433, 46.8313], [-71.2432, 46.8314], [-71.2431, 46.8315], [-71.2431, 46.8316], [-71.243, 46.8317], [-71.243, 46.8318], [-71.243, 46.8319], [-71.243, 46.832], [-71.243, 46.8321], [-71.243, 46.8322], [-71.2431, 46.8323], [-71.2431, 46.8324], [-71.2431, 46.8325], [-71.2431, 46.8326], [-71.243, 46.8327], [-71.243, 46.8328], [-71.2429, 46.8328], [-71.2428, 46.8329], [-71.2428, 46.833], [-71.243, 46.833], [-71.2431, 46.833], [-71.2434, 46.8329], [-71.2437, 46.8329], [-71.244, 46.8328], [-71.2443, 46.8327], [-71.2445, 46.8326], [-71.2447, 46.8325], [-71.2448, 46.8324], [-71.2449, 46.8323], [-71.2449, 46.8321], [-71.2449, 46.832], [-71.2448, 46.8318], [-71.2447, 46.8316], [-71.2447, 46.8315], [-71.2448, 46.8314], [-71.2448, 46.8313], [-71.2449, 46.8312], [-71.2451, 46.8312], [-71.2453, 46.8312], [-71.2455, 46.8312], [-71.2458, 46.8312], [-71.2461, 46.8312], [-71.2464, 46.8313], [-71.2467, 46.8313], [-71.247, 46.8314], [-71.2473, 46.8315], [-71.2477, 46.8317], [-71.248, 46.8318], [-71.2484, 46.8319], [-71.2487, 46.832], [-71.2489, 46.8321], [-71.2492, 46.8322], [-71.2494, 46.8322], [-71.2495, 46.8322], [-71.2497, 46.8322], [-71.2498, 46.8321], [-71.2499, 46.8321], [-71.25, 46.8321], [-71.2501, 46.8321], [-71.2502, 46.8321], [-71.2503, 46.8321], [-71.2505, 46.8321], [-71.2506, 46.8322], [-71.2507, 46.8323], [-71.2509, 46.8323], [-71.2511, 46.8324], [-71.2512, 46.8324], [-71.2515, 46.8325], [-71.2517, 46.8325], [-71.2519, 46.8325], [-71.2522, 46.8325], [-71.2525, 46.8325], [-71.2528, 46.8325], [-71.253, 46.8325], [-71.2533, 46.8325], [-71.2535, 46.8326], [-71.2537, 46.8326], [-71.2539, 46.8327], [-71.2541, 46.8328], [-71.2543, 46.8329], [-71.2544, 46.833], [-71.2546, 46.833], [-71.2548, 46.8331], [-71.255, 46.8331], [-71.2551, 46.8332], [-71.2553, 46.8332], [-71.2554, 46.8332], [-71.2556, 46.8331], [-71.2557, 46.8331], [-71.2558, 46.8332], [-71.2559, 46.8332], [-71.2559, 46.8333], [-71.2559, 46.8334], [-71.2559, 46.8336], [-71.2558, 46.8338], [-71.2558, 46.834]]]}}, {"type": "Feature", "properties": {"couche": "voile", "station": "Des Peupliers", "minutes": 14}, "geometry": {"type": "Polygon", "coordinates": [[[-71.4152, 46.9524], [-71.0789, 46.9546], [-71.0764, 46.7234], [-71.4113, 46.7212], [-71.4152, 46.9524]], [[-71.2558, 46.8338], [-71.2559, 46.8336], [-71.2559, 46.8334], [-71.2559, 46.8333], [-71.2559, 46.8332], [-71.2558, 46.8332], [-71.2557, 46.8331], [-71.2556, 46.8331], [-71.2554, 46.8332], [-71.2553, 46.8332], [-71.2551, 46.8332], [-71.255, 46.8331], [-71.2548, 46.8331], [-71.2546, 46.833], [-71.2544, 46.833], [-71.2543, 46.8329], [-71.2541, 46.8328], [-71.2539, 46.8327], [-71.2537, 46.8326], [-71.2535, 46.8326], [-71.2533, 46.8325], [-71.253, 46.8325], [-71.2528, 46.8325], [-71.2525, 46.8325], [-71.2522, 46.8325], [-71.2519, 46.8325], [-71.2517, 46.8325], [-71.2515, 46.8325], [-71.2512, 46.8324], [-71.2511, 46.8324], [-71.2509, 46.8323], [-71.2507, 46.8323], [-71.2506, 46.8322], [-71.2505, 46.8321], [-71.2503, 46.8321], [-71.2502, 46.8321], [-71.2501, 46.8321], [-71.25, 46.8321], [-71.2499, 46.8321], [-71.2498, 46.8321], [-71.2497, 46.8322], [-71.2495, 46.8322], [-71.2494, 46.8322], [-71.2492, 46.8322], [-71.2489, 46.8321], [-71.2487, 46.832], [-71.2484, 46.8319], [-71.248, 46.8318], [-71.2477, 46.8317], [-71.2473, 46.8315], [-71.247, 46.8314], [-71.2467, 46.8313], [-71.2464, 46.8313], [-71.2461, 46.8312], [-71.2458, 46.8312], [-71.2455, 46.8312], [-71.2453, 46.8312], [-71.2451, 46.8312], [-71.2449, 46.8312], [-71.2448, 46.8313], [-71.2448, 46.8314], [-71.2447, 46.8315], [-71.2447, 46.8316], [-71.2448, 46.8318], [-71.2449, 46.832], [-71.2449, 46.8321], [-71.2449, 46.8323], [-71.2448, 46.8324], [-71.2447, 46.8325], [-71.2445, 46.8326], [-71.2443, 46.8327], [-71.244, 46.8328], [-71.2437, 46.8329], [-71.2434, 46.8329], [-71.2431, 46.833], [-71.243, 46.833], [-71.2428, 46.833], [-71.2428, 46.8329], [-71.2429, 46.8328], [-71.243, 46.8328], [-71.243, 46.8327], [-71.2431, 46.8326], [-71.2431, 46.8325], [-71.2431, 46.8324], [-71.2431, 46.8323], [-71.243, 46.8322], [-71.243, 46.8321], [-71.243, 46.832], [-71.243, 46.8319], [-71.243, 46.8318], [-71.243, 46.8317], [-71.2431, 46.8316], [-71.2431, 46.8315], [-71.2432, 46.8314], [-71.2433, 46.8313], [-71.2433, 46.8312], [-71.2433, 46.8311], [-71.2432, 46.8311], [-71.2432, 46.831], [-71.243, 46.831], [-71.2429, 46.831], [-71.2427, 46.831], [-71.2426, 46.831], [-71.2424, 46.831], [-71.2423, 46.831], [-71.2421, 46.8309], [-71.242, 46.8309], [-71.2419, 46.8308], [-71.2418, 46.8308], [-71.2417, 46.8307], [-71.2416, 46.8307], [-71.2415, 46.8306], [-71.2414, 46.8306], [-71.2413, 46.8306], [-71.2411, 46.8306], [-71.241, 46.8306], [-71.2408, 46.8307], [-71.2406, 46.8307], [-71.2405, 46.8308], [-71.2403, 46.8308], [-71.2402, 46.8308], [-71.2401, 46.8308], [-71.24, 46.8308], [-71.2399, 46.8307], [-71.2398, 46.8306], [-71.2397, 46.8306], [-71.2396, 46.8305], [-71.2395, 46.8305], [-71.2394, 46.8305], [-71.2392, 46.8304], [-71.239, 46.8304], [-71.2388, 46.8304], [-71.2386, 46.8304], [-71.2385, 46.8304], [-71.2383, 46.8304], [-71.2383, 46.8305], [-71.2382, 46.8305], [-71.2382, 46.8306], [-71.2382, 46.8307], [-71.2382, 46.8308], [-71.2382, 46.8309], [-71.2382, 46.831], [-71.2382, 46.8311], [-71.2381, 46.8313], [-71.2381, 46.8314], [-71.238, 46.8315], [-71.2379, 46.8317], [-71.2377, 46.8318], [-71.2377, 46.832], [-71.2376, 46.8321], [-71.2376, 46.8323], [-71.2375, 46.8324], [-71.2376, 46.8325], [-71.2376, 46.8326], [-71.2377, 46.8327], [-71.2378, 46.8328], [-71.2378, 46.833], [-71.2379, 46.8331], [-71.2379, 46.8332], [-71.2378, 46.8333], [-71.2377, 46.8334], [-71.2376, 46.8335], [-71.2374, 46.8335], [-71.2373, 46.8336], [-71.2372, 46.8337], [-71.2371, 46.8338], [-71.237, 46.8339], [-71.2369, 46.8341], [-71.2368, 46.8342], [-71.2368, 46.8343], [-71.2368, 46.8345], [-71.2367, 46.8346], [-71.2368, 46.8347], [-71.2368, 46.8348], [-71.2368, 46.8349], [-71.2369, 46.835], [-71.237, 46.8351], [-71.2371, 46.8351], [-71.2373, 46.8352], [-71.2374, 46.8352], [-71.2374, 46.8353], [-71.2373, 46.8354], [-71.2372, 46.8354], [-71.2371, 46.8355], [-71.2369, 46.8356], [-71.2366, 46.8356], [-71.2364, 46.8357], [-71.2362, 46.8358], [-71.236, 46.8359], [-71.2359, 46.836], [-71.2358, 46.8361], [-71.2358, 46.8362], [-71.2358, 46.8363], [-71.2358, 46.8365], [-71.2358, 46.8366], [-71.2358, 46.8367], [-71.2358, 46.8368], [-71.2357, 46.8369], [-71.2357, 46.837], [-71.2356, 46.837], [-71.2356, 46.8371], [-71.2355, 46.8372], [-71.2354, 46.8372], [-71.2354, 46.8373], [-71.2354, 46.8374], [-71.2354, 46.8375], [-71.2355, 46.8376], [-71.2356, 46.8376], [-71.2357, 46.8376], [-71.2358, 46.8377], [-71.2359, 46.8376], [-71.236, 46.8376], [-71.2361, 46.8376], [-71.2363, 46.8375], [-71.2364, 46.8375], [-71.2365, 46.8375], [-71.2366, 46.8375], [-71.2367, 46.8375], [-71.2368, 46.8376], [-71.2369, 46.8376], [-71.237, 46.8377], [-71.2371, 46.8378], [-71.2372, 46.8378], [-71.2372, 46.8379], [-71.2371, 46.838], [-71.237, 46.8381], [-71.2368, 46.8382], [-71.2365, 46.8383], [-71.2362, 46.8384], [-71.2359, 46.8386], [-71.2356, 46.8387], [-71.2354, 46.839], [-71.2352, 46.8392], [-71.235, 46.8396], [-71.235, 46.8399], [-71.235, 46.8404], [-71.235, 46.8409], [-71.2351, 46.8414], [-71.2352, 46.8419], [-71.2353, 46.8423], [-71.2354, 46.8427], [-71.2356, 46.843], [-71.2357, 46.8432], [-71.2359, 46.8434], [-71.2361, 46.8435], [-71.2363, 46.8435], [-71.2365, 46.8436], [-71.2366, 46.8436], [-71.2368, 46.8436], [-71.2369, 46.8436], [-71.237, 46.8436], [-71.2371, 46.8436], [-71.2372, 46.8435], [-71.2373, 46.8435], [-71.2373, 46.8434], [-71.2374, 46.8434], [-71.2375, 46.8433], [-71.2377, 46.8432], [-71.2378, 46.8432], [-71.2379, 46.8431], [-71.2381, 46.843], [-71.2382, 46.843], [-71.2381, 46.8431], [-71.238, 46.8432], [-71.2379, 46.8432], [-71.2379, 46.8433], [-71.2378, 46.8433], [-71.2378, 46.8434], [-71.2378, 46.8435], [-71.2378, 46.8436], [-71.2379, 46.8436], [-71.2379, 46.8437], [-71.238, 46.8437], [-71.2381, 46.8437], [-71.2382, 46.8437], [-71.2383, 46.8437], [-71.2385, 46.8437], [-71.2386, 46.8436], [-71.2387, 46.8436], [-71.2389, 46.8436], [-71.239, 46.8436], [-71.2391, 46.8436], [-71.2392, 46.8437], [-71.2392, 46.8438], [-71.2393, 46.8438], [-71.2394, 46.8439], [-71.2395, 46.8439], [-71.2397, 46.844], [-71.2399, 46.844], [-71.2402, 46.844], [-71.2404, 46.844], [-71.2407, 46.844], [-71.241, 46.844], [-71.2413, 46.844], [-71.2415, 46.8441], [-71.2417, 46.8441], [-71.2419, 46.8441], [-71.242, 46.8442], [-71.2421, 46.8443], [-71.2422, 46.8443], [-71.2423, 46.8444], [-71.2424, 46.8445], [-71.2425, 46.8445], [-71.2426, 46.8445], [-71.2427, 46.8445], [-71.2428, 46.8444], [-71.2429, 46.8444], [-71.243, 46.8443], [-71.2431, 46.8443], [-71.2432, 46.8443], [-71.2433, 46.8443], [-71.2434, 46.8444], [-71.2435, 46.8444], [-71.2435, 46.8445], [-71.2436, 46.8446], [-71.2437, 46.8446], [-71.2438, 46.8447], [-71.2439, 46.8448], [-71.2441, 46.8448], [-71.2442, 46.8449], [-71.2444, 46.8449], [-71.2447, 46.8449], [-71.2449, 46.845], [-71.2451, 46.845], [-71.2454, 46.8449], [-71.2456, 46.8449], [-71.2458, 46.8448], [-71.246, 46.8446], [-71.2462, 46.8445], [-71.2464, 46.8442], [-71.2465, 46.844], [-71.2467, 46.8438], [-71.2469, 46.8436], [-71.2471, 46.8435], [-71.2474, 46.8434], [-71.2476, 46.8433], [-71.2479, 46.8432], [-71.2481, 46.8432], [-71.2484, 46.8432], [-71.2486, 46.8432], [-71.2488, 46.8433], [-71.2489, 46.8434], [-71.2489, 46.8435], [-71.2489, 46.8436], [-71.2488, 46.8437], [-71.2486, 46.8439], [-71.2484, 46.8441], [-71.2482, 46.8443], [-71.2481, 46.8445], [-71.248, 46.8446], [-71.248, 46.8448], [-71.248, 46.8449], [-71.248, 46.845], [-71.2481, 46.8451], [-71.2483, 46.8451], [-71.2485, 46.8451], [-71.2486, 46.8452], [-71.2488, 46.8452], [-71.2489, 46.8452], [-71.2491, 46.8452], [-71.2492, 46.8452], [-71.2493, 46.8451], [-71.2495, 46.8451], [-71.2496, 46.8451], [-71.2497, 46.845], [-71.2498, 46.845], [-71.2499, 46.8451], [-71.25, 46.8452], [-71.25, 46.8453], [-71.2501, 46.8454], [-71.2502, 46.8454], [-71.2503, 46.8454], [-71.2504, 46.8454], [-71.2505, 46.8454], [-71.2507, 46.8453], [-71.2508, 46.8453], [-71.251, 46.8453], [-71.2511, 46.8453], [-71.2513, 46.8453], [-71.2514, 46.8454], [-71.2515, 46.8454], [-71.2517, 46.8455], [-71.2518, 46.8455], [-71.252, 46.8456], [-71.2521, 46.8456], [-71.2522, 46.8456], [-71.2523, 46.8455], [-71.2524, 46.8454], [-71.2525, 46.8453], [-71.2526, 46.8451], [-71.2527, 46.8449], [-71.2528, 46.8447], [-71.2528, 46.8445], [-71.2529, 46.8444], [-71.2529, 46.8443], [-71.2529, 46.8442], [-71.2528, 46.8441], [-71.2528, 46.844], [-71.2527, 46.8439], [-71.2527, 46.8438], [-71.2526, 46.8438], [-71.2527, 46.8437], [-71.2527, 46.8436], [-71.2528, 46.8435], [-71.2528, 46.8434], [-71.253, 46.8434], [-71.253, 46.8433], [-71.2531, 46.8432], [-71.2531, 46.8431], [-71.2531, 46.843], [-71.253, 46.8429], [-71.2529, 46.8429], [-71.2527, 46.8429], [-71.2526, 46.8429], [-71.2525, 46.843], [-71.2523, 46.843], [-71.2522, 46.8431], [-71.252, 46.8431], [-71.2518, 46.8432], [-71.2516, 46.8433], [-71.2515, 46.8434], [-71.2513, 46.8434], [-71.2512, 46.8434], [-71.2511, 46.8434], [-71.251, 46.8433], [-71.2509, 46.8433], [-71.2509, 46.8432], [-71.2508, 46.8431], [-71.2508, 46.843], [-71.2509, 46.8428], [-71.2509, 46.8427], [-71.251, 46.8426], [-71.2512, 46.8425], [-71.2513, 46.8423], [-71.2515, 46.8422], [-71.2517, 46.8421], [-71.2519, 46.842], [-71.2521, 46.8419], [-71.2523, 46.8418], [-71.2526, 46.8417], [-71.2529, 46.8417], [-71.2531, 46.8416], [-71.2534, 46.8416], [-71.2536, 46.8415], [-71.2538, 46.8414], [-71.254, 46.8413], [-71.2541, 46.8412], [-71.2542, 46.8411], [-71.2542, 46.841], [-71.2543, 46.8408], [-71.2543, 46.8407], [-71.2543, 46.8406], [-71.2542, 46.8405], [-71.2541, 46.8404], [-71.254, 46.8403], [-71.2539, 46.8402], [-71.2538, 46.8402], [-71.2536, 46.8401], [-71.2535, 46.8401], [-71.2534, 46.84], [-71.2534, 46.8399], [-71.2534, 46.8398], [-71.2535, 46.8397], [-71.2536, 46.8396], [-71.2538, 46.8395], [-71.254, 46.8394], [-71.2542, 46.8393], [-71.2544, 46.8392], [-71.2545, 46.8391], [-71.2545, 46.839], [-71.2546, 46.8389], [-71.2545, 46.8388], [-71.2545, 46.8387], [-71.2544, 46.8387], [-71.2543, 46.8387], [-71.2541, 46.8386], [-71.254, 46.8386], [-71.2538, 46.8387], [-71.2537, 46.8387], [-71.2535, 46.8388], [-71.2533, 46.8389], [-71.253, 46.839], [-71.2528, 46.8391], [-71.2526, 46.8392], [-71.2525, 46.8392], [-71.2524, 46.8393], [-71.2522, 46.8393], [-71.2521, 46.8392], [-71.252, 46.8392], [-71.252, 46.8391], [-71.2521, 46.8391], [-71.2521, 46.839], [-71.2522, 46.8389], [-71.2524, 46.8388], [-71.2526, 46.8387], [-71.2528, 46.8386], [-71.253, 46.8385], [-71.2532, 46.8384], [-71.2534, 46.8383], [-71.2536, 46.8382], [-71.2537, 46.8382], [-71.2538, 46.8381], [-71.2539, 46.838], [-71.2539, 46.8379], [-71.254, 46.8378], [-71.2541, 46.8377], [-71.2542, 46.8377], [-71.2544, 46.8377], [-71.2545, 46.8376], [-71.2546, 46.8376], [-71.2548, 46.8376], [-71.2549, 46.8376], [-71.255, 46.8375], [-71.255, 46.8374], [-71.2551, 46.8373], [-71.2551, 46.8372], [-71.2551, 46.8371], [-71.255, 46.837], [-71.255, 46.8368], [-71.255, 46.8367], [-71.255, 46.8366], [-71.2551, 46.8365], [-71.2551, 46.8364], [-71.2552, 46.8364], [-71.2552, 46.8363], [-71.2553, 46.8362], [-71.2554, 46.8362], [-71.2555, 46.8361], [-71.2555, 46.836], [-71.2556, 46.8359], [-71.2556, 46.8358], [-71.2556, 46.8356], [-71.2556, 46.8355], [-71.2556, 46.8353], [-71.2556, 46.8352], [-71.2556, 46.835], [-71.2556, 46.8348], [-71.2556, 46.8346], [-71.2556, 46.8344], [-71.2557, 46.8342], [-71.2558, 46.834], [-71.2558, 46.8338]]]}}, {"type": "Feature", "properties": {"couche": "aire_marche", "station": "Des Peupliers", "ordre": 28, "minutes": 15, "superficie_ha": 224.4, "rue_km": 50.02, "disque_ha": 346.4, "part_disque_pct": 65, "accroche_m": 3, "population": 12456, "navetteurs": 4803, "mode_auto_pct": 68, "mode_tc_pct": 21, "mode_actif_pct": 11, "mode_autre_pct": 0}, "geometry": {"type": "Polygon", "coordinates": [[[-71.2569, 46.8328], [-71.257, 46.8329], [-71.2571, 46.833], [-71.2571, 46.8331], [-71.257, 46.8332], [-71.2569, 46.8333], [-71.2568, 46.8333], [-71.2568, 46.8334], [-71.2567, 46.8335], [-71.2567, 46.8336], [-71.2567, 46.8337], [-71.2568, 46.8338], [-71.2568, 46.8339], [-71.2568, 46.834], [-71.2568, 46.8341], [-71.2568, 46.8342], [-71.2567, 46.8344], [-71.2566, 46.8345], [-71.2565, 46.8347], [-71.2564, 46.8348], [-71.2563, 46.835], [-71.2563, 46.8351], [-71.2562, 46.8352], [-71.2562, 46.8353], [-71.2562, 46.8354], [-71.2562, 46.8355], [-71.2563, 46.8355], [-71.2563, 46.8356], [-71.2563, 46.8357], [-71.2562, 46.8358], [-71.2561, 46.8359], [-71.256, 46.836], [-71.2559, 46.836], [-71.2559, 46.8361], [-71.2558, 46.8361], [-71.2558, 46.8362], [-71.2559, 46.8363], [-71.256, 46.8364], [-71.256, 46.8365], [-71.2561, 46.8365], [-71.256, 46.8366], [-71.256, 46.8367], [-71.2559, 46.8367], [-71.2558, 46.8368], [-71.2557, 46.8369], [-71.2557, 46.837], [-71.2556, 46.8371], [-71.2556, 46.8372], [-71.2555, 46.8374], [-71.2555, 46.8376], [-71.2555, 46.8378], [-71.2556, 46.838], [-71.2555, 46.8382], [-71.2555, 46.8384], [-71.2554, 46.8386], [-71.2553, 46.8387], [-71.2551, 46.8389], [-71.2549, 46.839], [-71.2547, 46.8391], [-71.2545, 46.8393], [-71.2543, 46.8394], [-71.2541, 46.8395], [-71.254, 46.8396], [-71.254, 46.8397], [-71.2541, 46.8397], [-71.2541, 46.8398], [-71.2543, 46.8399], [-71.2545, 46.8399], [-71.2547, 46.84], [-71.2548, 46.8401], [-71.2549, 46.8402], [-71.255, 46.8403], [-71.255, 46.8405], [-71.255, 46.8407], [-71.255, 46.8409], [-71.2549, 46.8411], [-71.2548, 46.8413], [-71.2548, 46.8415], [-71.2547, 46.8417], [-71.2546, 46.8418], [-71.2545, 46.8419], [-71.2544, 46.842], [-71.2543, 46.842], [-71.2542, 46.842], [-71.2541, 46.842], [-71.254, 46.842], [-71.2539, 46.842], [-71.2538, 46.8419], [-71.2537, 46.8418], [-71.2536, 46.8418], [-71.2535, 46.8417], [-71.2534, 46.8416], [-71.2532, 46.8416], [-71.253, 46.8416], [-71.2528, 46.8416], [-71.2526, 46.8417], [-71.2523, 46.8419], [-71.252, 46.842], [-71.2517, 46.8422], [-71.2515, 46.8424], [-71.2512, 46.8426], [-71.2511, 46.8428], [-71.2509, 46.8429], [-71.2509, 46.843], [-71.2508, 46.8431], [-71.2509, 46.8432], [-71.2509, 46.8433], [-71.251, 46.8433], [-71.2511, 46.8434], [-71.2513, 46.8434], [-71.2514, 46.8433], [-71.2516, 46.8433], [-71.2519, 46.8432], [-71.2521, 46.8431], [-71.2524, 46.843], [-71.2527, 46.8428], [-71.2529, 46.8428], [-71.2531, 46.8427], [-71.2533, 46.8426], [-71.2535, 46.8426], [-71.2536, 46.8426], [-71.2537, 46.8426], [-71.2538, 46.8426], [-71.2538, 46.8427], [-71.2539, 46.8427], [-71.2539, 46.8428], [-71.2539, 46.8429], [-71.2538, 46.8431], [-71.2537, 46.8432], [-71.2536, 46.8434], [-71.2535, 46.8436], [-71.2533, 46.8438], [-71.2532, 46.8441], [-71.2531, 46.8443], [-71.253, 46.8445], [-71.253, 46.8447], [-71.2529, 46.845], [-71.2529, 46.8452], [-71.2528, 46.8455], [-71.2528, 46.8457], [-71.2527, 46.8459], [-71.2526, 46.846], [-71.2525, 46.8461], [-71.2523, 46.8462], [-71.2521, 46.8462], [-71.2519, 46.8462], [-71.2517, 46.8462], [-71.2515, 46.8462], [-71.2513, 46.8461], [-71.2512, 46.846], [-71.2511, 46.846], [-71.2511, 46.8459], [-71.251, 46.8458], [-71.251, 46.8457], [-71.2511, 46.8456], [-71.2511, 46.8455], [-71.2511, 46.8454], [-71.251, 46.8454], [-71.2509, 46.8454], [-71.2508, 46.8454], [-71.2506, 46.8454], [-71.2504, 46.8455], [-71.2502, 46.8456], [-71.25, 46.8456], [-71.2499, 46.8457], [-71.2497, 46.8457], [-71.2496, 46.8457], [-71.2495, 46.8457], [-71.2494, 46.8457], [-71.2494, 46.8456], [-71.2493, 46.8455], [-71.2492, 46.8454], [-71.2491, 46.8454], [-71.249, 46.8454], [-71.2489, 46.8454], [-71.2488, 46.8454], [-71.2486, 46.8455], [-71.2485, 46.8455], [-71.2484, 46.8455], [-71.2483, 46.8455], [-71.2481, 46.8455], [-71.248, 46.8455], [-71.2478, 46.8455], [-71.2477, 46.8454], [-71.2475, 46.8453], [-71.2474, 46.8453], [-71.2474, 46.8451], [-71.2474, 46.845], [-71.2475, 46.8449], [-71.2476, 46.8447], [-71.2478, 46.8445], [-71.2481, 46.8443], [-71.2484, 46.844], [-71.2486, 46.8438], [-71.2487, 46.8436], [-71.2488, 46.8435], [-71.2488, 46.8434], [-71.2487, 46.8433], [-71.2486, 46.8433], [-71.2483, 46.8432], [-71.248, 46.8432], [-71.2478, 46.8433], [-71.2475, 46.8433], [-71.2473, 46.8434], [-71.2471, 46.8435], [-71.2469, 46.8437], [-71.2468, 46.8438], [-71.2467, 46.844], [-71.2466, 46.8443], [-71.2465, 46.8445], [-71.2464, 46.8446], [-71.2463, 46.8448], [-71.2462, 46.8449], [-71.2461, 46.845], [-71.2459, 46.8451], [-71.2458, 46.8452], [-71.2456, 46.8453], [-71.2454, 46.8453], [-71.2452, 46.8454], [-71.2449, 46.8454], [-71.2446, 46.8454], [-71.2443, 46.8453], [-71.2439, 46.8453], [-71.2434, 46.8452], [-71.2429, 46.8452], [-71.2425, 46.8451], [-71.2422, 46.845], [-71.2419, 46.8449], [-71.2416, 46.8449], [-71.2414, 46.8448], [-71.2413, 46.8447], [-71.2412, 46.8446], [-71.2412, 46.8445], [-71.2411, 46.8445], [-71.241, 46.8444], [-71.2409, 46.8444], [-71.2408, 46.8444], [-71.2407, 46.8444], [-71.2405, 46.8445], [-71.2404, 46.8445], [-71.2403, 46.8445], [-71.2402, 46.8445], [-71.2401, 46.8445], [-71.2401, 46.8444], [-71.24, 46.8444], [-71.2399, 46.8443], [-71.2399, 46.8442], [-71.2398, 46.8442], [-71.2398, 46.8441], [-71.2397, 46.8441], [-71.2396, 46.8441], [-71.2395, 46.8441], [-71.2394, 46.8442], [-71.2393, 46.8442], [-71.2391, 46.8443], [-71.239, 46.8443], [-71.2389, 46.8443], [-71.2388, 46.8442], [-71.2387, 46.8442], [-71.2386, 46.8441], [-71.2385, 46.844], [-71.2384, 46.844], [-71.2383, 46.8439], [-71.2382, 46.8439], [-71.238, 46.8439], [-71.2378, 46.8439], [-71.2376, 46.844], [-71.2374, 46.844], [-71.2372, 46.8441], [-71.237, 46.844], [-71.2367, 46.844], [-71.2365, 46.844], [-71.2362, 46.8439], [-71.236, 46.8438], [-71.2357, 46.8436], [-71.2355, 46.8435], [-71.2353, 46.8433], [-71.2351, 46.8431], [-71.235, 46.843], [-71.2349, 46.8428], [-71.2348, 46.8426], [-71.2348, 46.8424], [-71.2348, 46.8422], [-71.2349, 46.842], [-71.235, 46.8418], [-71.235, 46.8416], [-71.235, 46.8413], [-71.235, 46.841], [-71.2349, 46.8407], [-71.2349, 46.8404], [-71.2348, 46.84], [-71.2347, 46.8397], [-71.2346, 46.8393], [-71.2345, 46.839], [-71.2345, 46.8388], [-71.2345, 46.8386], [-71.2345, 46.8384], [-71.2345, 46.8383], [-71.2346, 46.8382], [-71.2347, 46.8382], [-71.2348, 46.8382], [-71.2349, 46.8382], [-71.235, 46.8382], [-71.2351, 46.8383], [-71.2352, 46.8383], [-71.2352, 46.8384], [-71.2353, 46.8384], [-71.2354, 46.8385], [-71.2355, 46.8385], [-71.2356, 46.8385], [-71.2358, 46.8385], [-71.236, 46.8385], [-71.2362, 46.8385], [-71.2364, 46.8384], [-71.2366, 46.8383], [-71.2368, 46.8382], [-71.237, 46.8382], [-71.2371, 46.8381], [-71.2372, 46.838], [-71.2372, 46.8379], [-71.2372, 46.8378], [-71.2371, 46.8378], [-71.237, 46.8377], [-71.2369, 46.8376], [-71.2368, 46.8376], [-71.2366, 46.8376], [-71.2365, 46.8376], [-71.2363, 46.8376], [-71.2362, 46.8376], [-71.236, 46.8377], [-71.2358, 46.8378], [-71.2356, 46.8378], [-71.2355, 46.8379], [-71.2353, 46.8379], [-71.2352, 46.8379], [-71.235, 46.8379], [-71.2349, 46.8379], [-71.2348, 46.8379], [-71.2347, 46.8378], [-71.2347, 46.8377], [-71.2347, 46.8376], [-71.2347, 46.8375], [-71.2347, 46.8373], [-71.2348, 46.8372], [-71.2349, 46.837], [-71.2351, 46.8369], [-71.2352, 46.8367], [-71.2353, 46.8366], [-71.2353, 46.8364], [-71.2354, 46.8363], [-71.2354, 46.8361], [-71.2354, 46.836], [-71.2354, 46.8359], [-71.2353, 46.8358], [-71.2353, 46.8357], [-71.2353, 46.8356], [-71.2354, 46.8355], [-71.2355, 46.8354], [-71.2356, 46.8353], [-71.2358, 46.8352], [-71.236, 46.8351], [-71.2363, 46.835], [-71.2365, 46.8349], [-71.2366, 46.8348], [-71.2367, 46.8347], [-71.2368, 46.8346], [-71.2367, 46.8345], [-71.2365, 46.8345], [-71.2364, 46.8344], [-71.2363, 46.8343], [-71.2363, 46.8342], [-71.2363, 46.834], [-71.2363, 46.8339], [-71.2364, 46.8338], [-71.2365, 46.8337], [-71.2366, 46.8335], [-71.2367, 46.8335], [-71.2368, 46.8334], [-71.237, 46.8333], [-71.2371, 46.8333], [-71.2373, 46.8333], [-71.2375, 46.8333], [-71.2376, 46.8332], [-71.2377, 46.8332], [-71.2378, 46.8332], [-71.2378, 46.8331], [-71.2377, 46.833], [-71.2377, 46.8329], [-71.2375, 46.8328], [-71.2374, 46.8327], [-71.2372, 46.8326], [-71.2371, 46.8325], [-71.237, 46.8324], [-71.2369, 46.8323], [-71.2369, 46.8322], [-71.2368, 46.8321], [-71.2369, 46.832], [-71.2369, 46.8319], [-71.2369, 46.8318], [-71.2369, 46.8317], [-71.237, 46.8316], [-71.2371, 46.8315], [-71.2372, 46.8315], [-71.2373, 46.8315], [-71.2374, 46.8315], [-71.2375, 46.8314], [-71.2376, 46.8314], [-71.2377, 46.8314], [-71.2378, 46.8314], [-71.2378, 46.8313], [-71.2379, 46.8313], [-71.238, 46.8313], [-71.2381, 46.8313], [-71.2381, 46.8312], [-71.238, 46.8312], [-71.2379, 46.8311], [-71.2378, 46.8311], [-71.2376, 46.8311], [-71.2375, 46.8311], [-71.2374, 46.8311], [-71.2373, 46.831], [-71.2373, 46.8309], [-71.2373, 46.8308], [-71.2373, 46.8307], [-71.2373, 46.8305], [-71.2374, 46.8304], [-71.2374, 46.8302], [-71.2375, 46.8301], [-71.2377, 46.8301], [-71.2378, 46.83], [-71.238, 46.83], [-71.2382, 46.83], [-71.2384, 46.8301], [-71.2387, 46.8301], [-71.2389, 46.8302], [-71.2392, 46.8302], [-71.2394, 46.8302], [-71.2396, 46.8303], [-71.2398, 46.8302], [-71.24, 46.8302], [-71.2402, 46.8302], [-71.2404, 46.8301], [-71.2407, 46.8301], [-71.241, 46.8301], [-71.2413, 46.8301], [-71.2418, 46.8302], [-71.2423, 46.8303], [-71.2429, 46.8304], [-71.2435, 46.8305], [-71.2442, 46.8306], [-71.2448, 46.8308], [-71.2453, 46.8309], [-71.2458, 46.831], [-71.2462, 46.831], [-71.2466, 46.831], [-71.2468, 46.831], [-71.247, 46.831], [-71.2472, 46.8309], [-71.2473, 46.8309], [-71.2474, 46.8309], [-71.2475, 46.8309], [-71.2477, 46.8309], [-71.2478, 46.8309], [-71.248, 46.8309], [-71.2481, 46.831], [-71.2483, 46.8311], [-71.2484, 46.8311], [-71.2485, 46.8312], [-71.2486, 46.8313], [-71.2487, 46.8314], [-71.2487, 46.8315], [-71.2487, 46.8316], [-71.2487, 46.8317], [-71.2487, 46.8318], [-71.2487, 46.8319], [-71.2488, 46.832], [-71.2488, 46.8321], [-71.2489, 46.8321], [-71.249, 46.8322], [-71.2491, 46.8322], [-71.2492, 46.8322], [-71.2493, 46.8321], [-71.2494, 46.8321], [-71.2494, 46.832], [-71.2495, 46.8319], [-71.2495, 46.8318], [-71.2496, 46.8317], [-71.2497, 46.8317], [-71.2498, 46.8316], [-71.25, 46.8316], [-71.2502, 46.8316], [-71.2504, 46.8317], [-71.2507, 46.8318], [-71.2509, 46.8319], [-71.2512, 46.8319], [-71.2515, 46.832], [-71.2518, 46.8321], [-71.2521, 46.8321], [-71.2524, 46.8321], [-71.2527, 46.8321], [-71.253, 46.8321], [-71.2532, 46.8321], [-71.2535, 46.8321], [-71.2538, 46.8321], [-71.254, 46.8322], [-71.2543, 46.8322], [-71.2545, 46.8323], [-71.2547, 46.8324], [-71.2549, 46.8325], [-71.2551, 46.8326], [-71.2553, 46.8327], [-71.2555, 46.8328], [-71.2556, 46.8328], [-71.2558, 46.8329], [-71.2559, 46.8329], [-71.2561, 46.8329], [-71.2562, 46.8329], [-71.2563, 46.8328], [-71.2564, 46.8328], [-71.2565, 46.8328], [-71.2566, 46.8328], [-71.2567, 46.8328], [-71.2568, 46.8328], [-71.2569, 46.8328]]]}}, {"type": "Feature", "properties": {"couche": "voile", "station": "Des Peupliers", "minutes": 15}, "geometry": {"type": "Polygon", "coordinates": [[[-71.4164, 46.953], [-71.0784, 46.9552], [-71.0759, 46.723], [-71.4125, 46.7208], [-71.4164, 46.953]], [[-71.2568, 46.8328], [-71.2567, 46.8328], [-71.2566, 46.8328], [-71.2565, 46.8328], [-71.2564, 46.8328], [-71.2563, 46.8328], [-71.2562, 46.8329], [-71.2561, 46.8329], [-71.2559, 46.8329], [-71.2558, 46.8329], [-71.2556, 46.8328], [-71.2555, 46.8328], [-71.2553, 46.8327], [-71.2551, 46.8326], [-71.2549, 46.8325], [-71.2547, 46.8324], [-71.2545, 46.8323], [-71.2543, 46.8322], [-71.254, 46.8322], [-71.2538, 46.8321], [-71.2535, 46.8321], [-71.2532, 46.8321], [-71.253, 46.8321], [-71.2527, 46.8321], [-71.2524, 46.8321], [-71.2521, 46.8321], [-71.2518, 46.8321], [-71.2515, 46.832], [-71.2512, 46.8319], [-71.2509, 46.8319], [-71.2507, 46.8318], [-71.2504, 46.8317], [-71.2502, 46.8316], [-71.25, 46.8316], [-71.2498, 46.8316], [-71.2497, 46.8317], [-71.2496, 46.8317], [-71.2495, 46.8318], [-71.2495, 46.8319], [-71.2494, 46.832], [-71.2494, 46.8321], [-71.2493, 46.8321], [-71.2492, 46.8322], [-71.2491, 46.8322], [-71.249, 46.8322], [-71.2489, 46.8321], [-71.2488, 46.8321], [-71.2488, 46.832], [-71.2487, 46.8319], [-71.2487, 46.8318], [-71.2487, 46.8317], [-71.2487, 46.8316], [-71.2487, 46.8315], [-71.2487, 46.8314], [-71.2486, 46.8313], [-71.2485, 46.8312], [-71.2484, 46.8311], [-71.2483, 46.8311], [-71.2481, 46.831], [-71.248, 46.8309], [-71.2478, 46.8309], [-71.2477, 46.8309], [-71.2475, 46.8309], [-71.2474, 46.8309], [-71.2473, 46.8309], [-71.2472, 46.8309], [-71.247, 46.831], [-71.2468, 46.831], [-71.2466, 46.831], [-71.2462, 46.831], [-71.2458, 46.831], [-71.2453, 46.8309], [-71.2448, 46.8308], [-71.2442, 46.8306], [-71.2435, 46.8305], [-71.2429, 46.8304], [-71.2423, 46.8303], [-71.2418, 46.8302], [-71.2413, 46.8301], [-71.241, 46.8301], [-71.2407, 46.8301], [-71.2404, 46.8301], [-71.2402, 46.8302], [-71.24, 46.8302], [-71.2398, 46.8302], [-71.2396, 46.8303], [-71.2394, 46.8302], [-71.2392, 46.8302], [-71.2389, 46.8302], [-71.2387, 46.8301], [-71.2384, 46.8301], [-71.2382, 46.83], [-71.238, 46.83], [-71.2378, 46.83], [-71.2377, 46.8301], [-71.2375, 46.8301], [-71.2374, 46.8302], [-71.2374, 46.8304], [-71.2373, 46.8305], [-71.2373, 46.8307], [-71.2373, 46.8308], [-71.2373, 46.8309], [-71.2373, 46.831], [-71.2374, 46.8311], [-71.2375, 46.8311], [-71.2376, 46.8311], [-71.2378, 46.8311], [-71.2379, 46.8311], [-71.238, 46.8312], [-71.2381, 46.8312], [-71.2381, 46.8313], [-71.238, 46.8313], [-71.2379, 46.8313], [-71.2378, 46.8313], [-71.2378, 46.8314], [-71.2377, 46.8314], [-71.2376, 46.8314], [-71.2375, 46.8314], [-71.2374, 46.8315], [-71.2373, 46.8315], [-71.2372, 46.8315], [-71.2371, 46.8315], [-71.237, 46.8316], [-71.2369, 46.8317], [-71.2369, 46.8318], [-71.2369, 46.8319], [-71.2369, 46.832], [-71.2368, 46.8321], [-71.2369, 46.8322], [-71.2369, 46.8323], [-71.237, 46.8324], [-71.2371, 46.8325], [-71.2372, 46.8326], [-71.2374, 46.8327], [-71.2375, 46.8328], [-71.2377, 46.8329], [-71.2377, 46.833], [-71.2378, 46.8331], [-71.2378, 46.8332], [-71.2377, 46.8332], [-71.2376, 46.8332], [-71.2375, 46.8333], [-71.2373, 46.8333], [-71.2371, 46.8333], [-71.237, 46.8333], [-71.2368, 46.8334], [-71.2367, 46.8335], [-71.2366, 46.8335], [-71.2365, 46.8337], [-71.2364, 46.8338], [-71.2363, 46.8339], [-71.2363, 46.834], [-71.2363, 46.8342], [-71.2363, 46.8343], [-71.2364, 46.8344], [-71.2365, 46.8345], [-71.2367, 46.8345], [-71.2368, 46.8346], [-71.2367, 46.8347], [-71.2366, 46.8348], [-71.2365, 46.8349], [-71.2363, 46.835], [-71.236, 46.8351], [-71.2358, 46.8352], [-71.2356, 46.8353], [-71.2355, 46.8354], [-71.2354, 46.8355], [-71.2353, 46.8356], [-71.2353, 46.8357], [-71.2353, 46.8358], [-71.2354, 46.8359], [-71.2354, 46.836], [-71.2354, 46.8361], [-71.2354, 46.8363], [-71.2353, 46.8364], [-71.2353, 46.8366], [-71.2352, 46.8367], [-71.2351, 46.8369], [-71.2349, 46.837], [-71.2348, 46.8372], [-71.2347, 46.8373], [-71.2347, 46.8375], [-71.2347, 46.8376], [-71.2347, 46.8377], [-71.2347, 46.8378], [-71.2348, 46.8379], [-71.2349, 46.8379], [-71.235, 46.8379], [-71.2352, 46.8379], [-71.2353, 46.8379], [-71.2355, 46.8379], [-71.2356, 46.8378], [-71.2358, 46.8378], [-71.236, 46.8377], [-71.2362, 46.8376], [-71.2363, 46.8376], [-71.2365, 46.8376], [-71.2366, 46.8376], [-71.2368, 46.8376], [-71.2369, 46.8376], [-71.237, 46.8377], [-71.2371, 46.8378], [-71.2372, 46.8378], [-71.2372, 46.8379], [-71.2372, 46.838], [-71.2371, 46.8381], [-71.237, 46.8382], [-71.2368, 46.8382], [-71.2366, 46.8383], [-71.2364, 46.8384], [-71.2362, 46.8385], [-71.236, 46.8385], [-71.2358, 46.8385], [-71.2356, 46.8385], [-71.2355, 46.8385], [-71.2354, 46.8385], [-71.2353, 46.8384], [-71.2352, 46.8384], [-71.2352, 46.8383], [-71.2351, 46.8383], [-71.235, 46.8382], [-71.2349, 46.8382], [-71.2348, 46.8382], [-71.2347, 46.8382], [-71.2346, 46.8382], [-71.2345, 46.8383], [-71.2345, 46.8384], [-71.2345, 46.8386], [-71.2345, 46.8388], [-71.2345, 46.839], [-71.2346, 46.8393], [-71.2347, 46.8397], [-71.2348, 46.84], [-71.2349, 46.8404], [-71.2349, 46.8407], [-71.235, 46.841], [-71.235, 46.8413], [-71.235, 46.8416], [-71.235, 46.8418], [-71.2349, 46.842], [-71.2348, 46.8422], [-71.2348, 46.8424], [-71.2348, 46.8426], [-71.2349, 46.8428], [-71.235, 46.843], [-71.2351, 46.8431], [-71.2353, 46.8433], [-71.2355, 46.8435], [-71.2357, 46.8436], [-71.236, 46.8438], [-71.2362, 46.8439], [-71.2365, 46.844], [-71.2367, 46.844], [-71.237, 46.844], [-71.2372, 46.8441], [-71.2374, 46.844], [-71.2376, 46.844], [-71.2378, 46.8439], [-71.238, 46.8439], [-71.2382, 46.8439], [-71.2383, 46.8439], [-71.2384, 46.844], [-71.2385, 46.844], [-71.2386, 46.8441], [-71.2387, 46.8442], [-71.2388, 46.8442], [-71.2389, 46.8443], [-71.239, 46.8443], [-71.2391, 46.8443], [-71.2393, 46.8442], [-71.2394, 46.8442], [-71.2395, 46.8441], [-71.2396, 46.8441], [-71.2397, 46.8441], [-71.2398, 46.8441], [-71.2398, 46.8442], [-71.2399, 46.8442], [-71.2399, 46.8443], [-71.24, 46.8444], [-71.2401, 46.8444], [-71.2401, 46.8445], [-71.2402, 46.8445], [-71.2403, 46.8445], [-71.2404, 46.8445], [-71.2405, 46.8445], [-71.2407, 46.8444], [-71.2408, 46.8444], [-71.2409, 46.8444], [-71.241, 46.8444], [-71.2411, 46.8445], [-71.2412, 46.8445], [-71.2412, 46.8446], [-71.2413, 46.8447], [-71.2414, 46.8448], [-71.2416, 46.8449], [-71.2419, 46.8449], [-71.2422, 46.845], [-71.2425, 46.8451], [-71.2429, 46.8452], [-71.2434, 46.8452], [-71.2439, 46.8453], [-71.2443, 46.8453], [-71.2446, 46.8454], [-71.2449, 46.8454], [-71.2452, 46.8454], [-71.2454, 46.8453], [-71.2456, 46.8453], [-71.2458, 46.8452], [-71.2459, 46.8451], [-71.2461, 46.845], [-71.2462, 46.8449], [-71.2463, 46.8448], [-71.2464, 46.8446], [-71.2465, 46.8445], [-71.2466, 46.8443], [-71.2467, 46.844], [-71.2468, 46.8438], [-71.2469, 46.8437], [-71.2471, 46.8435], [-71.2473, 46.8434], [-71.2475, 46.8433], [-71.2478, 46.8433], [-71.248, 46.8432], [-71.2483, 46.8432], [-71.2486, 46.8433], [-71.2487, 46.8433], [-71.2488, 46.8434], [-71.2488, 46.8435], [-71.2487, 46.8436], [-71.2486, 46.8438], [-71.2484, 46.844], [-71.2481, 46.8443], [-71.2478, 46.8445], [-71.2476, 46.8447], [-71.2475, 46.8449], [-71.2474, 46.845], [-71.2474, 46.8451], [-71.2474, 46.8453], [-71.2475, 46.8453], [-71.2477, 46.8454], [-71.2478, 46.8455], [-71.248, 46.8455], [-71.2481, 46.8455], [-71.2483, 46.8455], [-71.2484, 46.8455], [-71.2485, 46.8455], [-71.2486, 46.8455], [-71.2488, 46.8454], [-71.2489, 46.8454], [-71.249, 46.8454], [-71.2491, 46.8454], [-71.2492, 46.8454], [-71.2493, 46.8455], [-71.2494, 46.8456], [-71.2494, 46.8457], [-71.2495, 46.8457], [-71.2496, 46.8457], [-71.2497, 46.8457], [-71.2499, 46.8457], [-71.25, 46.8456], [-71.2502, 46.8456], [-71.2504, 46.8455], [-71.2506, 46.8454], [-71.2508, 46.8454], [-71.2509, 46.8454], [-71.251, 46.8454], [-71.2511, 46.8454], [-71.2511, 46.8455], [-71.2511, 46.8456], [-71.251, 46.8457], [-71.251, 46.8458], [-71.2511, 46.8459], [-71.2511, 46.846], [-71.2512, 46.846], [-71.2513, 46.8461], [-71.2515, 46.8462], [-71.2517, 46.8462], [-71.2519, 46.8462], [-71.2521, 46.8462], [-71.2523, 46.8462], [-71.2525, 46.8461], [-71.2526, 46.846], [-71.2527, 46.8459], [-71.2528, 46.8457], [-71.2528, 46.8455], [-71.2529, 46.8452], [-71.2529, 46.845], [-71.253, 46.8447], [-71.253, 46.8445], [-71.2531, 46.8443], [-71.2532, 46.8441], [-71.2533, 46.8438], [-71.2535, 46.8436], [-71.2536, 46.8434], [-71.2537, 46.8432], [-71.2538, 46.8431], [-71.2539, 46.8429], [-71.2539, 46.8428], [-71.2539, 46.8427], [-71.2538, 46.8427], [-71.2538, 46.8426], [-71.2537, 46.8426], [-71.2536, 46.8426], [-71.2535, 46.8426], [-71.2533, 46.8426], [-71.2531, 46.8427], [-71.2529, 46.8428], [-71.2527, 46.8428], [-71.2524, 46.843], [-71.2521, 46.8431], [-71.2519, 46.8432], [-71.2516, 46.8433], [-71.2514, 46.8433], [-71.2513, 46.8434], [-71.2511, 46.8434], [-71.251, 46.8433], [-71.2509, 46.8433], [-71.2509, 46.8432], [-71.2508, 46.8431], [-71.2509, 46.843], [-71.2509, 46.8429], [-71.2511, 46.8428], [-71.2512, 46.8426], [-71.2515, 46.8424], [-71.2517, 46.8422], [-71.252, 46.842], [-71.2523, 46.8419], [-71.2526, 46.8417], [-71.2528, 46.8416], [-71.253, 46.8416], [-71.2532, 46.8416], [-71.2534, 46.8416], [-71.2535, 46.8417], [-71.2536, 46.8418], [-71.2537, 46.8418], [-71.2538, 46.8419], [-71.2539, 46.842], [-71.254, 46.842], [-71.2541, 46.842], [-71.2542, 46.842], [-71.2543, 46.842], [-71.2544, 46.842], [-71.2545, 46.8419], [-71.2546, 46.8418], [-71.2547, 46.8417], [-71.2548, 46.8415], [-71.2548, 46.8413], [-71.2549, 46.8411], [-71.255, 46.8409], [-71.255, 46.8407], [-71.255, 46.8405], [-71.255, 46.8403], [-71.2549, 46.8402], [-71.2548, 46.8401], [-71.2547, 46.84], [-71.2545, 46.8399], [-71.2543, 46.8399], [-71.2541, 46.8398], [-71.2541, 46.8397], [-71.254, 46.8397], [-71.254, 46.8396], [-71.2541, 46.8395], [-71.2543, 46.8394], [-71.2545, 46.8393], [-71.2547, 46.8391], [-71.2549, 46.839], [-71.2551, 46.8389], [-71.2553, 46.8387], [-71.2554, 46.8386], [-71.2555, 46.8384], [-71.2555, 46.8382], [-71.2556, 46.838], [-71.2555, 46.8378], [-71.2555, 46.8376], [-71.2555, 46.8374], [-71.2556, 46.8372], [-71.2556, 46.8371], [-71.2557, 46.837], [-71.2557, 46.8369], [-71.2558, 46.8368], [-71.2559, 46.8367], [-71.256, 46.8367], [-71.256, 46.8366], [-71.2561, 46.8365], [-71.256, 46.8365], [-71.256, 46.8364], [-71.2559, 46.8363], [-71.2558, 46.8362], [-71.2558, 46.8361], [-71.2559, 46.8361], [-71.2559, 46.836], [-71.256, 46.836], [-71.2561, 46.8359], [-71.2562, 46.8358], [-71.2563, 46.8357], [-71.2563, 46.8356], [-71.2563, 46.8355], [-71.2562, 46.8355], [-71.2562, 46.8354], [-71.2562, 46.8353], [-71.2562, 46.8352], [-71.2563, 46.8351], [-71.2563, 46.835], [-71.2564, 46.8348], [-71.2565, 46.8347], [-71.2566, 46.8345], [-71.2567, 46.8344], [-71.2568, 46.8342], [-71.2568, 46.8341], [-71.2568, 46.834], [-71.2568, 46.8339], [-71.2568, 46.8338], [-71.2567, 46.8337], [-71.2567, 46.8336], [-71.2567, 46.8335], [-71.2568, 46.8334], [-71.2568, 46.8333], [-71.2569, 46.8333], [-71.257, 46.8332], [-71.2571, 46.8331], [-71.2571, 46.833], [-71.257, 46.8329], [-71.2569, 46.8328], [-71.2568, 46.8328]]]}}]}