{"type": "FeatureCollection", "metadata": {"script": "scripts/analysis/tramway-isochrones.py", "genere_le": "2026-10-05", "source": "OpenStreetMap (ODbL) ; Statistique Canada, Recensement 2021", "attribution": "© les contributeurs d'OpenStreetMap", "titre": "Aires de marche et voiles — Duchesneau", "paliers_min": [2, 3, 4, 5, 6, 7, 8, 9, 10, 11, 12, 13, 14, 15], "vitesse_kmh": 4.2, "methode": "Dijkstra sur le réseau marchable d'OpenStreetMap à 4.2 km/h ; couloir de 40 m autour des rues atteintes. Chaque voile est le complément de l'aire du même palier. Population par pondération de surface des aires de diffusion.", "trous": "comblés — intérieurs de grands îlots, pas des zones inaccessibles", "modes": "Mode de transport domicile–travail, recensement 2021 (mai 2021, en pleine pandémie), données-échantillon 25 %, réparti par pondération de surface."}, "features": [{"type": "Feature", "properties": {"couche": "aire_marche", "station": "Duchesneau", "ordre": 6, "minutes": 2, "superficie_ha": 5.1, "rue_km": 2.6, "disque_ha": 6.2, "part_disque_pct": 83, "accroche_m": 6, "population": 183, "navetteurs": 60, "mode_auto_pct": 65, "mode_tc_pct": 19, "mode_actif_pct": 15, "mode_autre_pct": 1}, "geometry": {"type": "Polygon", "coordinates": [[[-71.3114, 46.7673], [-71.3114, 46.7675], [-71.3114, 46.7678], [-71.3113, 46.768], [-71.3111, 46.7682], [-71.3109, 46.7683], [-71.3107, 46.7684], [-71.3104, 46.7685], [-71.31, 46.7686], [-71.3096, 46.7686], [-71.3092, 46.7685], [-71.3089, 46.7684], [-71.3087, 46.7683], [-71.3085, 46.7682], [-71.3084, 46.768], [-71.3083, 46.7678], [-71.3083, 46.7675], [-71.3083, 46.7672], [-71.3084, 46.767], [-71.3085, 46.7668], [-71.3086, 46.7666], [-71.3088, 46.7664], [-71.3091, 46.7663], [-71.3094, 46.7663], [-71.3097, 46.7662], [-71.31, 46.7662], [-71.3104, 46.7663], [-71.3106, 46.7663], [-71.3109, 46.7665], [-71.3111, 46.7666], [-71.3112, 46.7668], [-71.3113, 46.767], [-71.3114, 46.7673]]]}}, {"type": "Feature", "properties": {"couche": "voile", "station": "Duchesneau", "minutes": 2}, "geometry": {"type": "Polygon", "coordinates": [[[-71.4705, 46.8753], [-71.1525, 46.8776], [-71.1499, 46.6593], [-71.4665, 46.657], [-71.4705, 46.8753]], [[-71.3113, 46.767], [-71.3112, 46.7668], [-71.3111, 46.7666], [-71.3109, 46.7665], [-71.3106, 46.7663], [-71.3104, 46.7663], [-71.31, 46.7662], [-71.3097, 46.7662], [-71.3094, 46.7663], [-71.3091, 46.7663], [-71.3088, 46.7664], [-71.3086, 46.7666], [-71.3085, 46.7668], [-71.3084, 46.767], [-71.3083, 46.7672], [-71.3083, 46.7675], [-71.3083, 46.7678], [-71.3084, 46.768], [-71.3085, 46.7682], [-71.3087, 46.7683], [-71.3089, 46.7684], [-71.3092, 46.7685], [-71.3096, 46.7686], [-71.31, 46.7686], [-71.3104, 46.7685], [-71.3107, 46.7684], [-71.3109, 46.7683], [-71.3111, 46.7682], [-71.3113, 46.768], [-71.3114, 46.7678], [-71.3114, 46.7675], [-71.3114, 46.7673], [-71.3113, 46.767]]]}}, {"type": "Feature", "properties": {"couche": "aire_marche", "station": "Duchesneau", "ordre": 6, "minutes": 3, "superficie_ha": 10.8, "rue_km": 5.04, "disque_ha": 13.9, "part_disque_pct": 78, "accroche_m": 6, "population": 394, "navetteurs": 131, "mode_auto_pct": 65, "mode_tc_pct": 20, "mode_actif_pct": 14, "mode_autre_pct": 1}, "geometry": {"type": "Polygon", "coordinates": [[[-71.312, 46.7674], [-71.3119, 46.7675], [-71.3119, 46.7677], [-71.3118, 46.7678], [-71.3118, 46.768], [-71.3117, 46.7681], [-71.3117, 46.7682], [-71.3118, 46.7684], [-71.3118, 46.7685], [-71.3119, 46.7686], [-71.3119, 46.7687], [-71.3119, 46.7688], [-71.3119, 46.7689], [-71.3118, 46.7689], [-71.3117, 46.7689], [-71.3116, 46.7689], [-71.3115, 46.7688], [-71.3113, 46.7688], [-71.3112, 46.7688], [-71.3111, 46.7688], [-71.3109, 46.7688], [-71.3108, 46.7688], [-71.3106, 46.7688], [-71.3105, 46.7688], [-71.3103, 46.7689], [-71.3102, 46.7689], [-71.31, 46.7689], [-71.3099, 46.7689], [-71.3098, 46.7689], [-71.3097, 46.7688], [-71.3097, 46.7687], [-71.3096, 46.7686], [-71.3095, 46.7685], [-71.3094, 46.7686], [-71.3093, 46.7686], [-71.3092, 46.7686], [-71.3091, 46.7687], [-71.3089, 46.7688], [-71.3088, 46.7689], [-71.3087, 46.7689], [-71.3085, 46.769], [-71.3084, 46.769], [-71.3082, 46.769], [-71.3081, 46.7691], [-71.308, 46.7691], [-71.3079, 46.769], [-71.3078, 46.769], [-71.3077, 46.7689], [-71.3076, 46.7687], [-71.3076, 46.7685], [-71.3076, 46.7682], [-71.3076, 46.7679], [-71.3076, 46.7676], [-71.3076, 46.7672], [-71.3077, 46.7668], [-71.3078, 46.7665], [-71.3079, 46.7663], [-71.308, 46.7661], [-71.3081, 46.7659], [-71.3083, 46.7658], [-71.3084, 46.7657], [-71.3086, 46.7657], [-71.3088, 46.7657], [-71.3089, 46.7658], [-71.3091, 46.7658], [-71.3092, 46.7658], [-71.3093, 46.7659], [-71.3094, 46.7659], [-71.3095, 46.766], [-71.3096, 46.7661], [-71.3097, 46.7661], [-71.3098, 46.7661], [-71.3098, 46.7662], [-71.3099, 46.7662], [-71.31, 46.7662], [-71.3101, 46.7661], [-71.3102, 46.766], [-71.3103, 46.7659], [-71.3104, 46.7659], [-71.3105, 46.7659], [-71.3106, 46.7658], [-71.3108, 46.7658], [-71.3109, 46.7658], [-71.3111, 46.7658], [-71.3112, 46.7658], [-71.3114, 46.7658], [-71.3115, 46.7658], [-71.3117, 46.7659], [-71.3118, 46.7659], [-71.3119, 46.766], [-71.312, 46.7661], [-71.3121, 46.7662], [-71.3121, 46.7663], [-71.3122, 46.7665], [-71.3122, 46.7666], [-71.3122, 46.7668], [-71.3122, 46.7669], [-71.3122, 46.767], [-71.3121, 46.7672], [-71.312, 46.7674]]]}}, {"type": "Feature", "properties": {"couche": "voile", "station": "Duchesneau", "minutes": 3}, "geometry": {"type": "Polygon", "coordinates": [[[-71.4713, 46.8758], [-71.1518, 46.8781], [-71.1492, 46.6588], [-71.4673, 46.6565], [-71.4713, 46.8758]], [[-71.3121, 46.7672], [-71.3122, 46.767], [-71.3122, 46.7669], [-71.3122, 46.7668], [-71.3122, 46.7666], [-71.3122, 46.7665], [-71.3121, 46.7663], [-71.3121, 46.7662], [-71.312, 46.7661], [-71.3119, 46.766], [-71.3118, 46.7659], [-71.3117, 46.7659], [-71.3115, 46.7658], [-71.3114, 46.7658], [-71.3112, 46.7658], [-71.3111, 46.7658], [-71.3109, 46.7658], [-71.3108, 46.7658], [-71.3106, 46.7658], [-71.3105, 46.7659], [-71.3104, 46.7659], [-71.3103, 46.7659], [-71.3102, 46.766], [-71.3101, 46.7661], [-71.31, 46.7662], [-71.3099, 46.7662], [-71.3098, 46.7662], [-71.3098, 46.7661], [-71.3097, 46.7661], [-71.3096, 46.7661], [-71.3095, 46.766], [-71.3094, 46.7659], [-71.3093, 46.7659], [-71.3092, 46.7658], [-71.3091, 46.7658], [-71.3089, 46.7658], [-71.3088, 46.7657], [-71.3086, 46.7657], [-71.3084, 46.7657], [-71.3083, 46.7658], [-71.3081, 46.7659], [-71.308, 46.7661], [-71.3079, 46.7663], [-71.3078, 46.7665], [-71.3077, 46.7668], [-71.3076, 46.7672], [-71.3076, 46.7676], [-71.3076, 46.7679], [-71.3076, 46.7682], [-71.3076, 46.7685], [-71.3076, 46.7687], [-71.3077, 46.7689], [-71.3078, 46.769], [-71.3079, 46.769], [-71.308, 46.7691], [-71.3081, 46.7691], [-71.3082, 46.769], [-71.3084, 46.769], [-71.3085, 46.769], [-71.3087, 46.7689], [-71.3088, 46.7689], [-71.3089, 46.7688], [-71.3091, 46.7687], [-71.3092, 46.7686], [-71.3093, 46.7686], [-71.3094, 46.7686], [-71.3095, 46.7685], [-71.3096, 46.7686], [-71.3097, 46.7687], [-71.3097, 46.7688], [-71.3098, 46.7689], [-71.3099, 46.7689], [-71.31, 46.7689], [-71.3102, 46.7689], [-71.3103, 46.7689], [-71.3105, 46.7688], [-71.3106, 46.7688], [-71.3108, 46.7688], [-71.3109, 46.7688], [-71.3111, 46.7688], [-71.3112, 46.7688], [-71.3113, 46.7688], [-71.3115, 46.7688], [-71.3116, 46.7689], [-71.3117, 46.7689], [-71.3118, 46.7689], [-71.3119, 46.7689], [-71.3119, 46.7688], [-71.3119, 46.7687], [-71.3119, 46.7686], [-71.3118, 46.7685], [-71.3118, 46.7684], [-71.3117, 46.7682], [-71.3117, 46.7681], [-71.3118, 46.768], [-71.3118, 46.7678], [-71.3119, 46.7677], [-71.3119, 46.7675], [-71.312, 46.7674], [-71.3121, 46.7672]]]}}, {"type": "Feature", "properties": {"couche": "aire_marche", "station": "Duchesneau", "ordre": 6, "minutes": 4, "superficie_ha": 17.9, "rue_km": 7.88, "disque_ha": 24.6, "part_disque_pct": 73, "accroche_m": 6, "population": 714, "navetteurs": 243, "mode_auto_pct": 64, "mode_tc_pct": 21, "mode_actif_pct": 14, "mode_autre_pct": 1}, "geometry": {"type": "Polygon", "coordinates": [[[-71.313, 46.7664], [-71.313, 46.7666], [-71.3129, 46.7668], [-71.3129, 46.767], [-71.3128, 46.7672], [-71.3127, 46.7674], [-71.3126, 46.7675], [-71.3125, 46.7676], [-71.3124, 46.7677], [-71.3122, 46.7678], [-71.3121, 46.7679], [-71.312, 46.768], [-71.3119, 46.7681], [-71.3119, 46.7682], [-71.312, 46.7683], [-71.312, 46.7684], [-71.3122, 46.7685], [-71.3123, 46.7686], [-71.3125, 46.7687], [-71.3126, 46.7688], [-71.3127, 46.7689], [-71.3127, 46.769], [-71.3128, 46.7691], [-71.3128, 46.7692], [-71.3128, 46.7693], [-71.3127, 46.7694], [-71.3126, 46.7694], [-71.3125, 46.7694], [-71.3124, 46.7695], [-71.3122, 46.7695], [-71.3121, 46.7695], [-71.312, 46.7695], [-71.3119, 46.7694], [-71.3118, 46.7694], [-71.3117, 46.7694], [-71.3116, 46.7693], [-71.3115, 46.7693], [-71.3115, 46.7692], [-71.3114, 46.7691], [-71.3113, 46.7691], [-71.3112, 46.7691], [-71.3111, 46.7691], [-71.311, 46.7692], [-71.3109, 46.7693], [-71.3108, 46.7693], [-71.3108, 46.7694], [-71.3107, 46.7694], [-71.3106, 46.7694], [-71.3105, 46.7694], [-71.3104, 46.7694], [-71.3103, 46.7693], [-71.3102, 46.7693], [-71.31, 46.7693], [-71.3098, 46.7692], [-71.3096, 46.7692], [-71.3093, 46.7692], [-71.309, 46.7693], [-71.3086, 46.7693], [-71.3082, 46.7693], [-71.3079, 46.7693], [-71.3076, 46.7693], [-71.3074, 46.7693], [-71.3072, 46.7692], [-71.3072, 46.7691], [-71.3071, 46.769], [-71.3072, 46.7689], [-71.3073, 46.7688], [-71.3074, 46.7686], [-71.3075, 46.7685], [-71.3075, 46.7683], [-71.3075, 46.7682], [-71.3074, 46.768], [-71.3074, 46.7678], [-71.3073, 46.7677], [-71.3072, 46.7675], [-71.3071, 46.7673], [-71.307, 46.7672], [-71.307, 46.7671], [-71.3071, 46.767], [-71.3071, 46.7669], [-71.3072, 46.7668], [-71.3074, 46.7668], [-71.3075, 46.7667], [-71.3077, 46.7667], [-71.3078, 46.7667], [-71.3078, 46.7666], [-71.3078, 46.7665], [-71.3077, 46.7664], [-71.3076, 46.7663], [-71.3075, 46.7662], [-71.3074, 46.7661], [-71.3073, 46.766], [-71.3072, 46.7659], [-71.3071, 46.7658], [-71.3071, 46.7657], [-71.307, 46.7657], [-71.307, 46.7656], [-71.3071, 46.7655], [-71.3072, 46.7655], [-71.3073, 46.7654], [-71.3076, 46.7654], [-71.3079, 46.7654], [-71.3083, 46.7653], [-71.3088, 46.7653], [-71.3093, 46.7653], [-71.3099, 46.7653], [-71.3105, 46.7653], [-71.311, 46.7653], [-71.3114, 46.7653], [-71.3118, 46.7653], [-71.3121, 46.7653], [-71.3123, 46.7654], [-71.3125, 46.7654], [-71.3126, 46.7654], [-71.3127, 46.7655], [-71.3128, 46.7656], [-71.3128, 46.7657], [-71.3129, 46.7658], [-71.3129, 46.766], [-71.3129, 46.7662], [-71.313, 46.7664]]]}}, {"type": "Feature", "properties": {"couche": "voile", "station": "Duchesneau", "minutes": 4}, "geometry": {"type": "Polygon", "coordinates": [[[-71.4721, 46.8762], [-71.1512, 46.8785], [-71.1486, 46.6584], [-71.4681, 46.6561], [-71.4721, 46.8762]], [[-71.3129, 46.7662], [-71.3129, 46.766], [-71.3129, 46.7658], [-71.3128, 46.7657], [-71.3128, 46.7656], [-71.3127, 46.7655], [-71.3126, 46.7654], [-71.3125, 46.7654], [-71.3123, 46.7654], [-71.3121, 46.7653], [-71.3118, 46.7653], [-71.3114, 46.7653], [-71.311, 46.7653], [-71.3105, 46.7653], [-71.3099, 46.7653], [-71.3093, 46.7653], [-71.3088, 46.7653], [-71.3083, 46.7653], [-71.3079, 46.7654], [-71.3076, 46.7654], [-71.3073, 46.7654], [-71.3072, 46.7655], [-71.3071, 46.7655], [-71.307, 46.7656], [-71.307, 46.7657], [-71.3071, 46.7657], [-71.3071, 46.7658], [-71.3072, 46.7659], [-71.3073, 46.766], [-71.3074, 46.7661], [-71.3075, 46.7662], [-71.3076, 46.7663], [-71.3077, 46.7664], [-71.3078, 46.7665], [-71.3078, 46.7666], [-71.3078, 46.7667], [-71.3077, 46.7667], [-71.3075, 46.7667], [-71.3074, 46.7668], [-71.3072, 46.7668], [-71.3071, 46.7669], [-71.3071, 46.767], [-71.307, 46.7671], [-71.307, 46.7672], [-71.3071, 46.7673], [-71.3072, 46.7675], [-71.3073, 46.7677], [-71.3074, 46.7678], [-71.3074, 46.768], [-71.3075, 46.7682], [-71.3075, 46.7683], [-71.3075, 46.7685], [-71.3074, 46.7686], [-71.3073, 46.7688], [-71.3072, 46.7689], [-71.3071, 46.769], [-71.3072, 46.7691], [-71.3072, 46.7692], [-71.3074, 46.7693], [-71.3076, 46.7693], [-71.3079, 46.7693], [-71.3082, 46.7693], [-71.3086, 46.7693], [-71.309, 46.7693], [-71.3093, 46.7692], [-71.3096, 46.7692], [-71.3098, 46.7692], [-71.31, 46.7693], [-71.3102, 46.7693], [-71.3103, 46.7693], [-71.3104, 46.7694], [-71.3105, 46.7694], [-71.3106, 46.7694], [-71.3107, 46.7694], [-71.3108, 46.7694], [-71.3108, 46.7693], [-71.3109, 46.7693], [-71.311, 46.7692], [-71.3111, 46.7691], [-71.3112, 46.7691], [-71.3113, 46.7691], [-71.3114, 46.7691], [-71.3115, 46.7692], [-71.3115, 46.7693], [-71.3116, 46.7693], [-71.3117, 46.7694], [-71.3118, 46.7694], [-71.3119, 46.7694], [-71.312, 46.7695], [-71.3121, 46.7695], [-71.3122, 46.7695], [-71.3124, 46.7695], [-71.3125, 46.7694], [-71.3126, 46.7694], [-71.3127, 46.7694], [-71.3128, 46.7693], [-71.3128, 46.7692], [-71.3128, 46.7691], [-71.3127, 46.769], [-71.3127, 46.7689], [-71.3126, 46.7688], [-71.3125, 46.7687], [-71.3123, 46.7686], [-71.3122, 46.7685], [-71.312, 46.7684], [-71.312, 46.7683], [-71.3119, 46.7682], [-71.3119, 46.7681], [-71.312, 46.768], [-71.3121, 46.7679], [-71.3122, 46.7678], [-71.3124, 46.7677], [-71.3125, 46.7676], [-71.3126, 46.7675], [-71.3127, 46.7674], [-71.3128, 46.7672], [-71.3129, 46.767], [-71.3129, 46.7668], [-71.313, 46.7666], [-71.313, 46.7664], [-71.3129, 46.7662]]]}}, {"type": "Feature", "properties": {"couche": "aire_marche", "station": "Duchesneau", "ordre": 6, "minutes": 5, "superficie_ha": 27.5, "rue_km": 11.72, "disque_ha": 38.5, "part_disque_pct": 71, "accroche_m": 6, "population": 1194, "navetteurs": 417, "mode_auto_pct": 65, "mode_tc_pct": 21, "mode_actif_pct": 13, "mode_autre_pct": 1}, "geometry": {"type": "Polygon", "coordinates": [[[-71.3135, 46.7662], [-71.3135, 46.7666], [-71.3135, 46.7669], [-71.3135, 46.7672], [-71.3135, 46.7674], [-71.3134, 46.7676], [-71.3133, 46.7677], [-71.3132, 46.7678], [-71.3131, 46.7678], [-71.3129, 46.7678], [-71.3128, 46.7678], [-71.3127, 46.7678], [-71.3125, 46.7678], [-71.3124, 46.7678], [-71.3123, 46.7679], [-71.3122, 46.7679], [-71.3121, 46.7679], [-71.3121, 46.768], [-71.312, 46.7681], [-71.312, 46.7682], [-71.3121, 46.7683], [-71.3122, 46.7684], [-71.3124, 46.7685], [-71.3125, 46.7686], [-71.3127, 46.7687], [-71.3129, 46.7688], [-71.3131, 46.7689], [-71.3132, 46.769], [-71.3133, 46.7691], [-71.3134, 46.7692], [-71.3134, 46.7693], [-71.3135, 46.7694], [-71.3134, 46.7695], [-71.3134, 46.7696], [-71.3134, 46.7697], [-71.3133, 46.7697], [-71.3132, 46.7698], [-71.3131, 46.7698], [-71.313, 46.7698], [-71.3128, 46.7697], [-71.3126, 46.7697], [-71.3125, 46.7697], [-71.3123, 46.7697], [-71.3122, 46.7697], [-71.3121, 46.7697], [-71.3119, 46.7697], [-71.3118, 46.7697], [-71.3117, 46.7697], [-71.3116, 46.7698], [-71.3115, 46.7698], [-71.3114, 46.7698], [-71.3113, 46.7699], [-71.3112, 46.7699], [-71.3111, 46.7698], [-71.311, 46.7698], [-71.311, 46.7697], [-71.3109, 46.7697], [-71.3108, 46.7697], [-71.3107, 46.7697], [-71.3106, 46.7697], [-71.3105, 46.7697], [-71.3104, 46.7698], [-71.3103, 46.7698], [-71.3102, 46.7698], [-71.3101, 46.7699], [-71.31, 46.7699], [-71.3099, 46.7699], [-71.3098, 46.7699], [-71.3097, 46.7699], [-71.3097, 46.7698], [-71.3096, 46.7698], [-71.3095, 46.7697], [-71.3093, 46.7697], [-71.3091, 46.7697], [-71.3089, 46.7697], [-71.3086, 46.7697], [-71.3083, 46.7697], [-71.308, 46.7697], [-71.3076, 46.7698], [-71.3072, 46.7698], [-71.3069, 46.7697], [-71.3067, 46.7697], [-71.3065, 46.7696], [-71.3064, 46.7695], [-71.3063, 46.7694], [-71.3063, 46.7692], [-71.3063, 46.769], [-71.3064, 46.7688], [-71.3064, 46.7687], [-71.3065, 46.7685], [-71.3066, 46.7684], [-71.3067, 46.7684], [-71.3068, 46.7683], [-71.307, 46.7683], [-71.3071, 46.7683], [-71.3073, 46.7683], [-71.3073, 46.7682], [-71.3072, 46.7681], [-71.3071, 46.768], [-71.3069, 46.7679], [-71.3067, 46.7678], [-71.3065, 46.7677], [-71.3064, 46.7676], [-71.3063, 46.7674], [-71.3062, 46.7672], [-71.3062, 46.7669], [-71.3062, 46.7666], [-71.3062, 46.7663], [-71.3063, 46.766], [-71.3063, 46.7657], [-71.3064, 46.7655], [-71.3066, 46.7653], [-71.3067, 46.7651], [-71.3068, 46.765], [-71.307, 46.7649], [-71.3072, 46.7649], [-71.3073, 46.7649], [-71.3075, 46.7649], [-71.3077, 46.7649], [-71.3079, 46.7649], [-71.308, 46.765], [-71.3082, 46.765], [-71.3083, 46.7651], [-71.3084, 46.7652], [-71.3086, 46.7653], [-71.3087, 46.7653], [-71.3088, 46.7654], [-71.3089, 46.7654], [-71.309, 46.7654], [-71.309, 46.7653], [-71.309, 46.7652], [-71.309, 46.7651], [-71.3091, 46.7651], [-71.3092, 46.765], [-71.3094, 46.7649], [-71.3095, 46.7649], [-71.3098, 46.7649], [-71.3101, 46.7648], [-71.3104, 46.7648], [-71.3108, 46.7648], [-71.3111, 46.7648], [-71.3114, 46.7648], [-71.3117, 46.7648], [-71.312, 46.7648], [-71.3122, 46.7649], [-71.3125, 46.7649], [-71.3127, 46.7649], [-71.3128, 46.7649], [-71.313, 46.765], [-71.3131, 46.7651], [-71.3132, 46.7652], [-71.3133, 46.7654], [-71.3134, 46.7656], [-71.3135, 46.7659], [-71.3135, 46.7662]]]}}, {"type": "Feature", "properties": {"couche": "voile", "station": "Duchesneau", "minutes": 5}, "geometry": {"type": "Polygon", "coordinates": [[[-71.4726, 46.8766], [-71.1504, 46.8789], [-71.1478, 46.6579], [-71.4686, 46.6556], [-71.4726, 46.8766]], [[-71.3135, 46.7659], [-71.3134, 46.7656], [-71.3133, 46.7654], [-71.3132, 46.7652], [-71.3131, 46.7651], [-71.313, 46.765], [-71.3128, 46.7649], [-71.3127, 46.7649], [-71.3125, 46.7649], [-71.3122, 46.7649], [-71.312, 46.7648], [-71.3117, 46.7648], [-71.3114, 46.7648], [-71.3111, 46.7648], [-71.3108, 46.7648], [-71.3104, 46.7648], [-71.3101, 46.7648], [-71.3098, 46.7649], [-71.3095, 46.7649], [-71.3094, 46.7649], [-71.3092, 46.765], [-71.3091, 46.7651], [-71.309, 46.7651], [-71.309, 46.7652], [-71.309, 46.7653], [-71.309, 46.7654], [-71.3089, 46.7654], [-71.3088, 46.7654], [-71.3087, 46.7653], [-71.3086, 46.7653], [-71.3084, 46.7652], [-71.3083, 46.7651], [-71.3082, 46.765], [-71.308, 46.765], [-71.3079, 46.7649], [-71.3077, 46.7649], [-71.3075, 46.7649], [-71.3073, 46.7649], [-71.3072, 46.7649], [-71.307, 46.7649], [-71.3068, 46.765], [-71.3067, 46.7651], [-71.3066, 46.7653], [-71.3064, 46.7655], [-71.3063, 46.7657], [-71.3063, 46.766], [-71.3062, 46.7663], [-71.3062, 46.7666], [-71.3062, 46.7669], [-71.3062, 46.7672], [-71.3063, 46.7674], [-71.3064, 46.7676], [-71.3065, 46.7677], [-71.3067, 46.7678], [-71.3069, 46.7679], [-71.3071, 46.768], [-71.3072, 46.7681], [-71.3073, 46.7682], [-71.3073, 46.7683], [-71.3071, 46.7683], [-71.307, 46.7683], [-71.3068, 46.7683], [-71.3067, 46.7684], [-71.3066, 46.7684], [-71.3065, 46.7685], [-71.3064, 46.7687], [-71.3064, 46.7688], [-71.3063, 46.769], [-71.3063, 46.7692], [-71.3063, 46.7694], [-71.3064, 46.7695], [-71.3065, 46.7696], [-71.3067, 46.7697], [-71.3069, 46.7697], [-71.3072, 46.7698], [-71.3076, 46.7698], [-71.308, 46.7697], [-71.3083, 46.7697], [-71.3086, 46.7697], [-71.3089, 46.7697], [-71.3091, 46.7697], [-71.3093, 46.7697], [-71.3095, 46.7697], [-71.3096, 46.7698], [-71.3097, 46.7698], [-71.3097, 46.7699], [-71.3098, 46.7699], [-71.3099, 46.7699], [-71.31, 46.7699], [-71.3101, 46.7699], [-71.3102, 46.7698], [-71.3103, 46.7698], [-71.3104, 46.7698], [-71.3105, 46.7697], [-71.3106, 46.7697], [-71.3107, 46.7697], [-71.3108, 46.7697], [-71.3109, 46.7697], [-71.311, 46.7697], [-71.311, 46.7698], [-71.3111, 46.7698], [-71.3112, 46.7699], [-71.3113, 46.7699], [-71.3114, 46.7698], [-71.3115, 46.7698], [-71.3116, 46.7698], [-71.3117, 46.7697], [-71.3118, 46.7697], [-71.3119, 46.7697], [-71.3121, 46.7697], [-71.3122, 46.7697], [-71.3123, 46.7697], [-71.3125, 46.7697], [-71.3126, 46.7697], [-71.3128, 46.7697], [-71.313, 46.7698], [-71.3131, 46.7698], [-71.3132, 46.7698], [-71.3133, 46.7697], [-71.3134, 46.7697], [-71.3134, 46.7696], [-71.3134, 46.7695], [-71.3135, 46.7694], [-71.3134, 46.7693], [-71.3134, 46.7692], [-71.3133, 46.7691], [-71.3132, 46.769], [-71.3131, 46.7689], [-71.3129, 46.7688], [-71.3127, 46.7687], [-71.3125, 46.7686], [-71.3124, 46.7685], [-71.3122, 46.7684], [-71.3121, 46.7683], [-71.312, 46.7682], [-71.312, 46.7681], [-71.3121, 46.768], [-71.3121, 46.7679], [-71.3122, 46.7679], [-71.3123, 46.7679], [-71.3124, 46.7678], [-71.3125, 46.7678], [-71.3127, 46.7678], [-71.3128, 46.7678], [-71.3129, 46.7678], [-71.3131, 46.7678], [-71.3132, 46.7678], [-71.3133, 46.7677], [-71.3134, 46.7676], [-71.3135, 46.7674], [-71.3135, 46.7672], [-71.3135, 46.7669], [-71.3135, 46.7666], [-71.3135, 46.7662], [-71.3135, 46.7659]]]}}, {"type": "Feature", "properties": {"couche": "aire_marche", "station": "Duchesneau", "ordre": 6, "minutes": 6, "superficie_ha": 39.6, "rue_km": 15.28, "disque_ha": 55.4, "part_disque_pct": 71, "accroche_m": 6, "population": 1857, "navetteurs": 669, "mode_auto_pct": 66, "mode_tc_pct": 21, "mode_actif_pct": 12, "mode_autre_pct": 1}, "geometry": {"type": "Polygon", "coordinates": [[[-71.314, 46.7653], [-71.314, 46.7654], [-71.3139, 46.7655], [-71.3138, 46.7656], [-71.3138, 46.7657], [-71.3139, 46.7658], [-71.314, 46.7659], [-71.3141, 46.7659], [-71.3142, 46.766], [-71.3143, 46.7661], [-71.3143, 46.7662], [-71.3143, 46.7663], [-71.3142, 46.7664], [-71.3142, 46.7665], [-71.3141, 46.7666], [-71.314, 46.7668], [-71.3139, 46.767], [-71.3139, 46.7672], [-71.3139, 46.7675], [-71.3139, 46.7678], [-71.3139, 46.7681], [-71.3139, 46.7685], [-71.3139, 46.7689], [-71.3139, 46.7693], [-71.3139, 46.7695], [-71.3139, 46.7698], [-71.3138, 46.77], [-71.3138, 46.7701], [-71.3136, 46.7702], [-71.3135, 46.7702], [-71.3134, 46.7701], [-71.3132, 46.7701], [-71.3131, 46.7701], [-71.313, 46.7701], [-71.3129, 46.7701], [-71.3128, 46.7701], [-71.3127, 46.7701], [-71.3127, 46.7702], [-71.3126, 46.7702], [-71.3125, 46.7703], [-71.3124, 46.7703], [-71.3123, 46.7703], [-71.3122, 46.7703], [-71.3121, 46.7703], [-71.312, 46.7702], [-71.3119, 46.7702], [-71.3117, 46.7701], [-71.3116, 46.7701], [-71.3115, 46.7701], [-71.3114, 46.7701], [-71.3112, 46.7701], [-71.3111, 46.7701], [-71.311, 46.7702], [-71.3109, 46.7702], [-71.3108, 46.7703], [-71.3107, 46.7703], [-71.3106, 46.7703], [-71.3105, 46.7703], [-71.3104, 46.7703], [-71.3103, 46.7702], [-71.3102, 46.7701], [-71.3101, 46.7701], [-71.31, 46.7701], [-71.3099, 46.7701], [-71.3098, 46.7701], [-71.3097, 46.7701], [-71.3096, 46.7702], [-71.3094, 46.7702], [-71.3093, 46.7703], [-71.3092, 46.7703], [-71.3091, 46.7703], [-71.3089, 46.7703], [-71.3088, 46.7703], [-71.3087, 46.7702], [-71.3086, 46.7702], [-71.3084, 46.7701], [-71.3083, 46.77], [-71.3082, 46.77], [-71.3081, 46.77], [-71.308, 46.77], [-71.3079, 46.77], [-71.3079, 46.7701], [-71.3078, 46.7702], [-71.3077, 46.7703], [-71.3075, 46.7703], [-71.3074, 46.7704], [-71.3072, 46.7704], [-71.307, 46.7704], [-71.3067, 46.7704], [-71.3064, 46.7704], [-71.3062, 46.7703], [-71.306, 46.7703], [-71.3059, 46.7703], [-71.3058, 46.7702], [-71.3057, 46.7701], [-71.3057, 46.77], [-71.3057, 46.7699], [-71.3057, 46.7698], [-71.3057, 46.7697], [-71.3058, 46.7697], [-71.3057, 46.7696], [-71.3057, 46.7695], [-71.3057, 46.7694], [-71.3056, 46.7693], [-71.3055, 46.7692], [-71.3054, 46.7692], [-71.3054, 46.7691], [-71.3054, 46.769], [-71.3055, 46.7689], [-71.3056, 46.7689], [-71.3057, 46.7688], [-71.3058, 46.7688], [-71.3059, 46.7687], [-71.306, 46.7686], [-71.306, 46.7685], [-71.306, 46.7684], [-71.3059, 46.7683], [-71.3058, 46.7682], [-71.3056, 46.7681], [-71.3055, 46.768], [-71.3054, 46.7679], [-71.3053, 46.7678], [-71.3053, 46.7677], [-71.3053, 46.7676], [-71.3053, 46.7675], [-71.3054, 46.7675], [-71.3055, 46.7674], [-71.3056, 46.7673], [-71.3056, 46.7672], [-71.3057, 46.7671], [-71.3057, 46.767], [-71.3057, 46.7669], [-71.3056, 46.7668], [-71.3056, 46.7667], [-71.3055, 46.7666], [-71.3055, 46.7664], [-71.3055, 46.7663], [-71.3056, 46.7662], [-71.3057, 46.7661], [-71.3058, 46.766], [-71.3059, 46.7659], [-71.306, 46.7658], [-71.3061, 46.7657], [-71.3061, 46.7655], [-71.3061, 46.7654], [-71.3061, 46.7653], [-71.3061, 46.7651], [-71.306, 46.765], [-71.306, 46.7648], [-71.306, 46.7647], [-71.3061, 46.7646], [-71.3061, 46.7645], [-71.3062, 46.7645], [-71.3064, 46.7644], [-71.3065, 46.7644], [-71.3067, 46.7644], [-71.3069, 46.7644], [-71.3071, 46.7644], [-71.3072, 46.7644], [-71.3074, 46.7645], [-71.3075, 46.7645], [-71.3076, 46.7646], [-71.3078, 46.7646], [-71.3079, 46.7647], [-71.3079, 46.7648], [-71.308, 46.7648], [-71.3081, 46.7648], [-71.3082, 46.7648], [-71.3083, 46.7648], [-71.3084, 46.7647], [-71.3084, 46.7646], [-71.3085, 46.7646], [-71.3086, 46.7645], [-71.3088, 46.7645], [-71.309, 46.7644], [-71.3093, 46.7644], [-71.3095, 46.7644], [-71.3099, 46.7644], [-71.3102, 46.7644], [-71.3106, 46.7644], [-71.3109, 46.7644], [-71.3111, 46.7644], [-71.3114, 46.7645], [-71.3116, 46.7645], [-71.3118, 46.7646], [-71.312, 46.7647], [-71.3121, 46.7647], [-71.3123, 46.7648], [-71.3124, 46.7649], [-71.3126, 46.7649], [-71.3127, 46.7649], [-71.3129, 46.7649], [-71.313, 46.7649], [-71.3132, 46.7648], [-71.3133, 46.7647], [-71.3135, 46.7647], [-71.3136, 46.7647], [-71.3137, 46.7646], [-71.3138, 46.7646], [-71.3139, 46.7647], [-71.314, 46.7647], [-71.3141, 46.7647], [-71.3142, 46.7648], [-71.3142, 46.7649], [-71.3142, 46.765], [-71.3142, 46.7651], [-71.3142, 46.7652], [-71.3141, 46.7653], [-71.314, 46.7653]]]}}, {"type": "Feature", "properties": {"couche": "voile", "station": "Duchesneau", "minutes": 6}, "geometry": {"type": "Polygon", "coordinates": [[[-71.4734, 46.8771], [-71.1495, 46.8794], [-71.1469, 46.6575], [-71.4694, 46.6552], [-71.4734, 46.8771]], [[-71.3141, 46.7653], [-71.3142, 46.7652], [-71.3142, 46.7651], [-71.3142, 46.765], [-71.3142, 46.7649], [-71.3142, 46.7648], [-71.3141, 46.7647], [-71.314, 46.7647], [-71.3139, 46.7647], [-71.3138, 46.7646], [-71.3137, 46.7646], [-71.3136, 46.7647], [-71.3135, 46.7647], [-71.3133, 46.7647], [-71.3132, 46.7648], [-71.313, 46.7649], [-71.3129, 46.7649], [-71.3127, 46.7649], [-71.3126, 46.7649], [-71.3124, 46.7649], [-71.3123, 46.7648], [-71.3121, 46.7647], [-71.312, 46.7647], [-71.3118, 46.7646], [-71.3116, 46.7645], [-71.3114, 46.7645], [-71.3111, 46.7644], [-71.3109, 46.7644], [-71.3106, 46.7644], [-71.3102, 46.7644], [-71.3099, 46.7644], [-71.3095, 46.7644], [-71.3093, 46.7644], [-71.309, 46.7644], [-71.3088, 46.7645], [-71.3086, 46.7645], [-71.3085, 46.7646], [-71.3084, 46.7646], [-71.3084, 46.7647], [-71.3083, 46.7648], [-71.3082, 46.7648], [-71.3081, 46.7648], [-71.308, 46.7648], [-71.3079, 46.7648], [-71.3079, 46.7647], [-71.3078, 46.7646], [-71.3076, 46.7646], [-71.3075, 46.7645], [-71.3074, 46.7645], [-71.3072, 46.7644], [-71.3071, 46.7644], [-71.3069, 46.7644], [-71.3067, 46.7644], [-71.3065, 46.7644], [-71.3064, 46.7644], [-71.3062, 46.7645], [-71.3061, 46.7645], [-71.3061, 46.7646], [-71.306, 46.7647], [-71.306, 46.7648], [-71.306, 46.765], [-71.3061, 46.7651], [-71.3061, 46.7653], [-71.3061, 46.7654], [-71.3061, 46.7655], [-71.3061, 46.7657], [-71.306, 46.7658], [-71.3059, 46.7659], [-71.3058, 46.766], [-71.3057, 46.7661], [-71.3056, 46.7662], [-71.3055, 46.7663], [-71.3055, 46.7664], [-71.3055, 46.7666], [-71.3056, 46.7667], [-71.3056, 46.7668], [-71.3057, 46.7669], [-71.3057, 46.767], [-71.3057, 46.7671], [-71.3056, 46.7672], [-71.3056, 46.7673], [-71.3055, 46.7674], [-71.3054, 46.7675], [-71.3053, 46.7675], [-71.3053, 46.7676], [-71.3053, 46.7677], [-71.3053, 46.7678], [-71.3054, 46.7679], [-71.3055, 46.768], [-71.3056, 46.7681], [-71.3058, 46.7682], [-71.3059, 46.7683], [-71.306, 46.7684], [-71.306, 46.7685], [-71.306, 46.7686], [-71.3059, 46.7687], [-71.3058, 46.7688], [-71.3057, 46.7688], [-71.3056, 46.7689], [-71.3055, 46.7689], [-71.3054, 46.769], [-71.3054, 46.7691], [-71.3054, 46.7692], [-71.3055, 46.7692], [-71.3056, 46.7693], [-71.3057, 46.7694], [-71.3057, 46.7695], [-71.3057, 46.7696], [-71.3058, 46.7697], [-71.3057, 46.7697], [-71.3057, 46.7698], [-71.3057, 46.7699], [-71.3057, 46.77], [-71.3057, 46.7701], [-71.3058, 46.7702], [-71.3059, 46.7703], [-71.306, 46.7703], [-71.3062, 46.7703], [-71.3064, 46.7704], [-71.3067, 46.7704], [-71.307, 46.7704], [-71.3072, 46.7704], [-71.3074, 46.7704], [-71.3075, 46.7703], [-71.3077, 46.7703], [-71.3078, 46.7702], [-71.3079, 46.7701], [-71.3079, 46.77], [-71.308, 46.77], [-71.3081, 46.77], [-71.3082, 46.77], [-71.3083, 46.77], [-71.3084, 46.7701], [-71.3086, 46.7702], [-71.3087, 46.7702], [-71.3088, 46.7703], [-71.3089, 46.7703], [-71.3091, 46.7703], [-71.3092, 46.7703], [-71.3093, 46.7703], [-71.3094, 46.7702], [-71.3096, 46.7702], [-71.3097, 46.7701], [-71.3098, 46.7701], [-71.3099, 46.7701], [-71.31, 46.7701], [-71.3101, 46.7701], [-71.3102, 46.7701], [-71.3103, 46.7702], [-71.3104, 46.7703], [-71.3105, 46.7703], [-71.3106, 46.7703], [-71.3107, 46.7703], [-71.3108, 46.7703], [-71.3109, 46.7702], [-71.311, 46.7702], [-71.3111, 46.7701], [-71.3112, 46.7701], [-71.3114, 46.7701], [-71.3115, 46.7701], [-71.3116, 46.7701], [-71.3117, 46.7701], [-71.3119, 46.7702], [-71.312, 46.7702], [-71.3121, 46.7703], [-71.3122, 46.7703], [-71.3123, 46.7703], [-71.3124, 46.7703], [-71.3125, 46.7703], [-71.3126, 46.7702], [-71.3127, 46.7702], [-71.3127, 46.7701], [-71.3128, 46.7701], [-71.3129, 46.7701], [-71.313, 46.7701], [-71.3131, 46.7701], [-71.3132, 46.7701], [-71.3134, 46.7701], [-71.3135, 46.7702], [-71.3136, 46.7702], [-71.3138, 46.7701], [-71.3138, 46.77], [-71.3139, 46.7698], [-71.3139, 46.7695], [-71.3139, 46.7693], [-71.3139, 46.7689], [-71.3139, 46.7685], [-71.3139, 46.7681], [-71.3139, 46.7678], [-71.3139, 46.7675], [-71.3139, 46.7672], [-71.3139, 46.767], [-71.314, 46.7668], [-71.3141, 46.7666], [-71.3142, 46.7665], [-71.3142, 46.7664], [-71.3143, 46.7663], [-71.3143, 46.7662], [-71.3143, 46.7661], [-71.3142, 46.766], [-71.3141, 46.7659], [-71.314, 46.7659], [-71.3139, 46.7658], [-71.3138, 46.7657], [-71.3138, 46.7656], [-71.3139, 46.7655], [-71.314, 46.7654], [-71.314, 46.7653], [-71.3141, 46.7653]]]}}, {"type": "Feature", "properties": {"couche": "aire_marche", "station": "Duchesneau", "ordre": 6, "minutes": 7, "superficie_ha": 53.0, "rue_km": 19.34, "disque_ha": 75.4, "part_disque_pct": 70, "accroche_m": 6, "population": 2668, "navetteurs": 981, "mode_auto_pct": 66, "mode_tc_pct": 22, "mode_actif_pct": 11, "mode_autre_pct": 1}, "geometry": {"type": "Polygon", "coordinates": [[[-71.3144, 46.7651], [-71.3142, 46.7652], [-71.3141, 46.7654], [-71.314, 46.7655], [-71.314, 46.7656], [-71.314, 46.7657], [-71.3141, 46.7659], [-71.3142, 46.766], [-71.3143, 46.7661], [-71.3145, 46.7662], [-71.3147, 46.7663], [-71.3148, 46.7665], [-71.3149, 46.7667], [-71.315, 46.7669], [-71.315, 46.7671], [-71.3151, 46.7674], [-71.3151, 46.7677], [-71.315, 46.7681], [-71.315, 46.7684], [-71.3149, 46.7687], [-71.3149, 46.7689], [-71.3148, 46.7691], [-71.3147, 46.7693], [-71.3147, 46.7694], [-71.3146, 46.7695], [-71.3145, 46.7696], [-71.3144, 46.7697], [-71.3143, 46.7698], [-71.3143, 46.7699], [-71.3144, 46.7699], [-71.3144, 46.77], [-71.3145, 46.77], [-71.3146, 46.77], [-71.3146, 46.7701], [-71.3147, 46.7701], [-71.3147, 46.7702], [-71.3148, 46.7703], [-71.3147, 46.7704], [-71.3147, 46.7705], [-71.3147, 46.7706], [-71.3146, 46.7706], [-71.3145, 46.7707], [-71.3144, 46.7707], [-71.3144, 46.7708], [-71.3143, 46.7708], [-71.3141, 46.7707], [-71.314, 46.7707], [-71.3139, 46.7707], [-71.3138, 46.7706], [-71.3137, 46.7706], [-71.3136, 46.7706], [-71.3135, 46.7706], [-71.3134, 46.7706], [-71.3133, 46.7706], [-71.3132, 46.7707], [-71.3131, 46.7708], [-71.313, 46.7708], [-71.3129, 46.7708], [-71.3128, 46.7708], [-71.3127, 46.7707], [-71.3126, 46.7707], [-71.3125, 46.7706], [-71.3124, 46.7706], [-71.3122, 46.7706], [-71.3121, 46.7706], [-71.312, 46.7706], [-71.3119, 46.7706], [-71.3118, 46.7706], [-71.3117, 46.7706], [-71.3115, 46.7707], [-71.3114, 46.7707], [-71.3113, 46.7707], [-71.3112, 46.7707], [-71.3111, 46.7707], [-71.311, 46.7707], [-71.3109, 46.7706], [-71.3108, 46.7706], [-71.3107, 46.7705], [-71.3106, 46.7705], [-71.3105, 46.7706], [-71.3104, 46.7706], [-71.3102, 46.7706], [-71.3101, 46.7707], [-71.3099, 46.7707], [-71.3098, 46.7707], [-71.3096, 46.7707], [-71.3094, 46.7707], [-71.3093, 46.7706], [-71.3091, 46.7705], [-71.3089, 46.7704], [-71.3087, 46.7703], [-71.3085, 46.7702], [-71.3084, 46.7701], [-71.3083, 46.7701], [-71.3082, 46.7701], [-71.3082, 46.7702], [-71.3082, 46.7703], [-71.3082, 46.7704], [-71.3082, 46.7705], [-71.3082, 46.7706], [-71.3082, 46.7707], [-71.3081, 46.7707], [-71.308, 46.7707], [-71.3079, 46.7707], [-71.3077, 46.7706], [-71.3076, 46.7706], [-71.3075, 46.7706], [-71.3074, 46.7705], [-71.3073, 46.7705], [-71.3072, 46.7706], [-71.3071, 46.7706], [-71.307, 46.7707], [-71.3069, 46.7707], [-71.3068, 46.7707], [-71.3067, 46.7708], [-71.3065, 46.7708], [-71.3064, 46.7708], [-71.3062, 46.7708], [-71.3059, 46.7708], [-71.3057, 46.7708], [-71.3055, 46.7707], [-71.3053, 46.7707], [-71.3051, 46.7706], [-71.305, 46.7706], [-71.305, 46.7705], [-71.305, 46.7704], [-71.305, 46.7703], [-71.305, 46.7702], [-71.3051, 46.7701], [-71.3051, 46.77], [-71.3051, 46.7699], [-71.305, 46.7698], [-71.305, 46.7697], [-71.3049, 46.7696], [-71.3048, 46.7696], [-71.3047, 46.7695], [-71.3046, 46.7694], [-71.3045, 46.7693], [-71.3045, 46.7692], [-71.3045, 46.7691], [-71.3046, 46.769], [-71.3047, 46.7689], [-71.3048, 46.7688], [-71.3049, 46.7687], [-71.305, 46.7686], [-71.305, 46.7685], [-71.305, 46.7684], [-71.305, 46.7683], [-71.3049, 46.7682], [-71.3048, 46.7681], [-71.3047, 46.768], [-71.3046, 46.7679], [-71.3045, 46.7679], [-71.3045, 46.7678], [-71.3046, 46.7677], [-71.3046, 46.7676], [-71.3047, 46.7676], [-71.3049, 46.7675], [-71.3051, 46.7674], [-71.3053, 46.7674], [-71.3054, 46.7673], [-71.3054, 46.7672], [-71.3054, 46.7671], [-71.3054, 46.767], [-71.3053, 46.7669], [-71.3052, 46.7668], [-71.3051, 46.7666], [-71.3049, 46.7665], [-71.3048, 46.7664], [-71.3047, 46.7663], [-71.3047, 46.7662], [-71.3047, 46.7661], [-71.3047, 46.766], [-71.3048, 46.766], [-71.3048, 46.7659], [-71.3049, 46.7658], [-71.305, 46.7658], [-71.3051, 46.7658], [-71.3052, 46.7657], [-71.3054, 46.7657], [-71.3055, 46.7657], [-71.3056, 46.7657], [-71.3057, 46.7657], [-71.3058, 46.7657], [-71.3059, 46.7656], [-71.3059, 46.7655], [-71.3058, 46.7654], [-71.3057, 46.7653], [-71.3056, 46.7652], [-71.3054, 46.7651], [-71.3053, 46.7649], [-71.3052, 46.7648], [-71.3052, 46.7647], [-71.3051, 46.7646], [-71.3051, 46.7645], [-71.3051, 46.7644], [-71.3051, 46.7643], [-71.3052, 46.7642], [-71.3053, 46.7641], [-71.3053, 46.764], [-71.3054, 46.764], [-71.3055, 46.764], [-71.3056, 46.7639], [-71.3057, 46.7639], [-71.3058, 46.7639], [-71.3059, 46.7639], [-71.306, 46.764], [-71.3061, 46.764], [-71.3062, 46.764], [-71.3063, 46.7641], [-71.3064, 46.7641], [-71.3065, 46.7642], [-71.3066, 46.7642], [-71.3067, 46.7643], [-71.3068, 46.7643], [-71.3069, 46.7643], [-71.307, 46.7643], [-71.3071, 46.7642], [-71.3073, 46.7642], [-71.3074, 46.7641], [-71.3076, 46.7641], [-71.3077, 46.7641], [-71.3078, 46.764], [-71.3079, 46.764], [-71.308, 46.7641], [-71.3081, 46.7641], [-71.3082, 46.7642], [-71.3083, 46.7642], [-71.3084, 46.7643], [-71.3085, 46.7643], [-71.3087, 46.7643], [-71.309, 46.7643], [-71.3093, 46.7642], [-71.3096, 46.7642], [-71.3099, 46.7641], [-71.3103, 46.764], [-71.3106, 46.764], [-71.3109, 46.764], [-71.3111, 46.7641], [-71.3114, 46.7641], [-71.3116, 46.7642], [-71.3118, 46.7644], [-71.312, 46.7645], [-71.3122, 46.7646], [-71.3123, 46.7647], [-71.3124, 46.7648], [-71.3125, 46.7648], [-71.3126, 46.7648], [-71.3127, 46.7648], [-71.3127, 46.7647], [-71.3127, 46.7646], [-71.3128, 46.7645], [-71.3129, 46.7644], [-71.313, 46.7643], [-71.3131, 46.7643], [-71.3132, 46.7642], [-71.3134, 46.7642], [-71.3136, 46.7641], [-71.3138, 46.7641], [-71.3141, 46.7641], [-71.3142, 46.7641], [-71.3144, 46.7641], [-71.3145, 46.7642], [-71.3147, 46.7642], [-71.3147, 46.7643], [-71.3148, 46.7643], [-71.3149, 46.7644], [-71.3149, 46.7645], [-71.3149, 46.7646], [-71.3148, 46.7646], [-71.3148, 46.7648], [-71.3147, 46.7649], [-71.3146, 46.765], [-71.3144, 46.7651]]]}}, {"type": "Feature", "properties": {"couche": "voile", "station": "Duchesneau", "minutes": 7}, "geometry": {"type": "Polygon", "coordinates": [[[-71.4742, 46.8775], [-71.1487, 46.8798], [-71.146, 46.657], [-71.4702, 46.6547], [-71.4742, 46.8775]], [[-71.3146, 46.765], [-71.3147, 46.7649], [-71.3148, 46.7648], [-71.3148, 46.7646], [-71.3149, 46.7646], [-71.3149, 46.7645], [-71.3149, 46.7644], [-71.3148, 46.7643], [-71.3147, 46.7643], [-71.3147, 46.7642], [-71.3145, 46.7642], [-71.3144, 46.7641], [-71.3142, 46.7641], [-71.3141, 46.7641], [-71.3138, 46.7641], [-71.3136, 46.7641], [-71.3134, 46.7642], [-71.3132, 46.7642], [-71.3131, 46.7643], [-71.313, 46.7643], [-71.3129, 46.7644], [-71.3128, 46.7645], [-71.3127, 46.7646], [-71.3127, 46.7647], [-71.3127, 46.7648], [-71.3126, 46.7648], [-71.3125, 46.7648], [-71.3124, 46.7648], [-71.3123, 46.7647], [-71.3122, 46.7646], [-71.312, 46.7645], [-71.3118, 46.7644], [-71.3116, 46.7642], [-71.3114, 46.7641], [-71.3111, 46.7641], [-71.3109, 46.764], [-71.3106, 46.764], [-71.3103, 46.764], [-71.3099, 46.7641], [-71.3096, 46.7642], [-71.3093, 46.7642], [-71.309, 46.7643], [-71.3087, 46.7643], [-71.3085, 46.7643], [-71.3084, 46.7643], [-71.3083, 46.7642], [-71.3082, 46.7642], [-71.3081, 46.7641], [-71.308, 46.7641], [-71.3079, 46.764], [-71.3078, 46.764], [-71.3077, 46.7641], [-71.3076, 46.7641], [-71.3074, 46.7641], [-71.3073, 46.7642], [-71.3071, 46.7642], [-71.307, 46.7643], [-71.3069, 46.7643], [-71.3068, 46.7643], [-71.3067, 46.7643], [-71.3066, 46.7642], [-71.3065, 46.7642], [-71.3064, 46.7641], [-71.3063, 46.7641], [-71.3062, 46.764], [-71.3061, 46.764], [-71.306, 46.764], [-71.3059, 46.7639], [-71.3058, 46.7639], [-71.3057, 46.7639], [-71.3056, 46.7639], [-71.3055, 46.764], [-71.3054, 46.764], [-71.3053, 46.764], [-71.3053, 46.7641], [-71.3052, 46.7642], [-71.3051, 46.7643], [-71.3051, 46.7644], [-71.3051, 46.7645], [-71.3051, 46.7646], [-71.3052, 46.7647], [-71.3052, 46.7648], [-71.3053, 46.7649], [-71.3054, 46.7651], [-71.3056, 46.7652], [-71.3057, 46.7653], [-71.3058, 46.7654], [-71.3059, 46.7655], [-71.3059, 46.7656], [-71.3058, 46.7657], [-71.3057, 46.7657], [-71.3056, 46.7657], [-71.3055, 46.7657], [-71.3054, 46.7657], [-71.3052, 46.7657], [-71.3051, 46.7658], [-71.305, 46.7658], [-71.3049, 46.7658], [-71.3048, 46.7659], [-71.3048, 46.766], [-71.3047, 46.766], [-71.3047, 46.7661], [-71.3047, 46.7662], [-71.3047, 46.7663], [-71.3048, 46.7664], [-71.3049, 46.7665], [-71.3051, 46.7666], [-71.3052, 46.7668], [-71.3053, 46.7669], [-71.3054, 46.767], [-71.3054, 46.7671], [-71.3054, 46.7672], [-71.3054, 46.7673], [-71.3053, 46.7674], [-71.3051, 46.7674], [-71.3049, 46.7675], [-71.3047, 46.7676], [-71.3046, 46.7676], [-71.3046, 46.7677], [-71.3045, 46.7678], [-71.3045, 46.7679], [-71.3046, 46.7679], [-71.3047, 46.768], [-71.3048, 46.7681], [-71.3049, 46.7682], [-71.305, 46.7683], [-71.305, 46.7684], [-71.305, 46.7685], [-71.305, 46.7686], [-71.3049, 46.7687], [-71.3048, 46.7688], [-71.3047, 46.7689], [-71.3046, 46.769], [-71.3045, 46.7691], [-71.3045, 46.7692], [-71.3045, 46.7693], [-71.3046, 46.7694], [-71.3047, 46.7695], [-71.3048, 46.7696], [-71.3049, 46.7696], [-71.305, 46.7697], [-71.305, 46.7698], [-71.3051, 46.7699], [-71.3051, 46.77], [-71.3051, 46.7701], [-71.305, 46.7702], [-71.305, 46.7703], [-71.305, 46.7704], [-71.305, 46.7705], [-71.305, 46.7706], [-71.3051, 46.7706], [-71.3053, 46.7707], [-71.3055, 46.7707], [-71.3057, 46.7708], [-71.3059, 46.7708], [-71.3062, 46.7708], [-71.3064, 46.7708], [-71.3065, 46.7708], [-71.3067, 46.7708], [-71.3068, 46.7707], [-71.3069, 46.7707], [-71.307, 46.7707], [-71.3071, 46.7706], [-71.3072, 46.7706], [-71.3073, 46.7705], [-71.3074, 46.7705], [-71.3075, 46.7706], [-71.3076, 46.7706], [-71.3077, 46.7706], [-71.3079, 46.7707], [-71.308, 46.7707], [-71.3081, 46.7707], [-71.3082, 46.7707], [-71.3082, 46.7706], [-71.3082, 46.7705], [-71.3082, 46.7704], [-71.3082, 46.7703], [-71.3082, 46.7702], [-71.3082, 46.7701], [-71.3083, 46.7701], [-71.3084, 46.7701], [-71.3085, 46.7702], [-71.3087, 46.7703], [-71.3089, 46.7704], [-71.3091, 46.7705], [-71.3093, 46.7706], [-71.3094, 46.7707], [-71.3096, 46.7707], [-71.3098, 46.7707], [-71.3099, 46.7707], [-71.3101, 46.7707], [-71.3102, 46.7706], [-71.3104, 46.7706], [-71.3105, 46.7706], [-71.3106, 46.7705], [-71.3107, 46.7705], [-71.3108, 46.7706], [-71.3109, 46.7706], [-71.311, 46.7707], [-71.3111, 46.7707], [-71.3112, 46.7707], [-71.3113, 46.7707], [-71.3114, 46.7707], [-71.3115, 46.7707], [-71.3117, 46.7706], [-71.3118, 46.7706], [-71.3119, 46.7706], [-71.312, 46.7706], [-71.3121, 46.7706], [-71.3122, 46.7706], [-71.3124, 46.7706], [-71.3125, 46.7706], [-71.3126, 46.7707], [-71.3127, 46.7707], [-71.3128, 46.7708], [-71.3129, 46.7708], [-71.313, 46.7708], [-71.3131, 46.7708], [-71.3132, 46.7707], [-71.3133, 46.7706], [-71.3134, 46.7706], [-71.3135, 46.7706], [-71.3136, 46.7706], [-71.3137, 46.7706], [-71.3138, 46.7706], [-71.3139, 46.7707], [-71.314, 46.7707], [-71.3141, 46.7707], [-71.3143, 46.7708], [-71.3144, 46.7708], [-71.3144, 46.7707], [-71.3145, 46.7707], [-71.3146, 46.7706], [-71.3147, 46.7706], [-71.3147, 46.7705], [-71.3147, 46.7704], [-71.3148, 46.7703], [-71.3147, 46.7702], [-71.3147, 46.7701], [-71.3146, 46.7701], [-71.3146, 46.77], [-71.3145, 46.77], [-71.3144, 46.77], [-71.3144, 46.7699], [-71.3143, 46.7699], [-71.3143, 46.7698], [-71.3144, 46.7697], [-71.3145, 46.7696], [-71.3146, 46.7695], [-71.3147, 46.7694], [-71.3147, 46.7693], [-71.3148, 46.7691], [-71.3149, 46.7689], [-71.3149, 46.7687], [-71.315, 46.7684], [-71.315, 46.7681], [-71.3151, 46.7677], [-71.3151, 46.7674], [-71.315, 46.7671], [-71.315, 46.7669], [-71.3149, 46.7667], [-71.3148, 46.7665], [-71.3147, 46.7663], [-71.3145, 46.7662], [-71.3143, 46.7661], [-71.3142, 46.766], [-71.3141, 46.7659], [-71.314, 46.7657], [-71.314, 46.7656], [-71.314, 46.7655], [-71.3141, 46.7654], [-71.3142, 46.7652], [-71.3144, 46.7651], [-71.3146, 46.765]]]}}, {"type": "Feature", "properties": {"couche": "aire_marche", "station": "Duchesneau", "ordre": 6, "minutes": 8, "superficie_ha": 67.9, "rue_km": 23.85, "disque_ha": 98.5, "part_disque_pct": 69, "accroche_m": 6, "population": 3401, "navetteurs": 1274, "mode_auto_pct": 67, "mode_tc_pct": 21, "mode_actif_pct": 10, "mode_autre_pct": 2}, "geometry": {"type": "Polygon", "coordinates": [[[-71.3157, 46.7691], [-71.3156, 46.7693], [-71.3155, 46.7694], [-71.3154, 46.7695], [-71.3153, 46.7696], [-71.3152, 46.7696], [-71.3151, 46.7696], [-71.315, 46.7696], [-71.3149, 46.7696], [-71.3148, 46.7696], [-71.3147, 46.7696], [-71.3146, 46.7696], [-71.3145, 46.7696], [-71.3145, 46.7697], [-71.3144, 46.7697], [-71.3143, 46.7698], [-71.3144, 46.7699], [-71.3145, 46.7699], [-71.3146, 46.77], [-71.3148, 46.77], [-71.315, 46.7701], [-71.3151, 46.7701], [-71.3152, 46.7702], [-71.3153, 46.7703], [-71.3153, 46.7704], [-71.3153, 46.7705], [-71.3153, 46.7706], [-71.3153, 46.7708], [-71.3152, 46.7709], [-71.3151, 46.771], [-71.315, 46.7711], [-71.3149, 46.7712], [-71.3148, 46.7713], [-71.3147, 46.7713], [-71.3146, 46.7713], [-71.3145, 46.7713], [-71.3144, 46.7712], [-71.3143, 46.7712], [-71.3142, 46.7712], [-71.314, 46.7712], [-71.3139, 46.7711], [-71.3138, 46.7712], [-71.3137, 46.7712], [-71.3136, 46.7712], [-71.3135, 46.7712], [-71.3133, 46.7713], [-71.3132, 46.7713], [-71.3131, 46.7713], [-71.313, 46.7712], [-71.3129, 46.7712], [-71.3128, 46.7711], [-71.3127, 46.771], [-71.3125, 46.771], [-71.3124, 46.771], [-71.3122, 46.771], [-71.312, 46.7711], [-71.3117, 46.7711], [-71.3114, 46.7711], [-71.3111, 46.7711], [-71.3109, 46.7711], [-71.3106, 46.7711], [-71.3103, 46.771], [-71.31, 46.7709], [-71.3097, 46.7708], [-71.3094, 46.7706], [-71.3091, 46.7705], [-71.3088, 46.7703], [-71.3087, 46.7702], [-71.3085, 46.7702], [-71.3086, 46.7703], [-71.3087, 46.7704], [-71.3089, 46.7705], [-71.309, 46.7706], [-71.3091, 46.7707], [-71.3091, 46.7708], [-71.3092, 46.7709], [-71.3092, 46.771], [-71.3092, 46.7711], [-71.3091, 46.7712], [-71.309, 46.7712], [-71.3089, 46.7712], [-71.3088, 46.7712], [-71.3087, 46.7712], [-71.3086, 46.7711], [-71.3084, 46.7711], [-71.3083, 46.771], [-71.3082, 46.771], [-71.3081, 46.771], [-71.308, 46.771], [-71.3079, 46.771], [-71.3078, 46.771], [-71.3077, 46.7711], [-71.3076, 46.7712], [-71.3074, 46.7712], [-71.3072, 46.7712], [-71.307, 46.7712], [-71.3067, 46.7712], [-71.3064, 46.7712], [-71.306, 46.7712], [-71.3056, 46.7712], [-71.3052, 46.7711], [-71.3049, 46.7711], [-71.3046, 46.771], [-71.3043, 46.7709], [-71.3041, 46.7707], [-71.304, 46.7706], [-71.3038, 46.7704], [-71.3038, 46.7702], [-71.3037, 46.77], [-71.3037, 46.7699], [-71.3036, 46.7697], [-71.3036, 46.7695], [-71.3037, 46.7694], [-71.3037, 46.7692], [-71.3038, 46.7691], [-71.3039, 46.7689], [-71.3039, 46.7688], [-71.304, 46.7687], [-71.304, 46.7686], [-71.304, 46.7685], [-71.304, 46.7684], [-71.3039, 46.7684], [-71.3039, 46.7683], [-71.3038, 46.7683], [-71.3037, 46.7682], [-71.3036, 46.7682], [-71.3036, 46.7681], [-71.3037, 46.768], [-71.3038, 46.7679], [-71.3039, 46.7678], [-71.3039, 46.7677], [-71.304, 46.7676], [-71.304, 46.7675], [-71.304, 46.7674], [-71.304, 46.7673], [-71.304, 46.7672], [-71.304, 46.7671], [-71.3039, 46.7669], [-71.3039, 46.7668], [-71.3038, 46.7667], [-71.3038, 46.7666], [-71.3038, 46.7664], [-71.3039, 46.7663], [-71.3039, 46.7662], [-71.304, 46.766], [-71.304, 46.7659], [-71.3041, 46.7658], [-71.3042, 46.7657], [-71.3043, 46.7656], [-71.3045, 46.7655], [-71.3046, 46.7654], [-71.3048, 46.7653], [-71.3049, 46.7652], [-71.3051, 46.7652], [-71.3052, 46.7651], [-71.3053, 46.7651], [-71.3053, 46.765], [-71.3054, 46.765], [-71.3053, 46.7649], [-71.3052, 46.7648], [-71.305, 46.7648], [-71.3049, 46.7647], [-71.3048, 46.7646], [-71.3047, 46.7646], [-71.3046, 46.7645], [-71.3045, 46.7644], [-71.3045, 46.7643], [-71.3045, 46.7641], [-71.3045, 46.764], [-71.3045, 46.7639], [-71.3045, 46.7638], [-71.3046, 46.7637], [-71.3047, 46.7637], [-71.3048, 46.7636], [-71.3049, 46.7636], [-71.3051, 46.7635], [-71.3052, 46.7635], [-71.3054, 46.7635], [-71.3055, 46.7635], [-71.3057, 46.7636], [-71.3058, 46.7636], [-71.306, 46.7637], [-71.3061, 46.7638], [-71.3062, 46.7639], [-71.3063, 46.764], [-71.3065, 46.7641], [-71.3066, 46.7642], [-71.3068, 46.7642], [-71.3069, 46.7642], [-71.3071, 46.7642], [-71.3073, 46.7641], [-71.3074, 46.764], [-71.3076, 46.7639], [-71.3078, 46.7638], [-71.308, 46.7637], [-71.3081, 46.7637], [-71.3083, 46.7636], [-71.3084, 46.7636], [-71.3085, 46.7636], [-71.3086, 46.7636], [-71.3087, 46.7636], [-71.3088, 46.7637], [-71.3089, 46.7638], [-71.3089, 46.7639], [-71.3088, 46.7639], [-71.3088, 46.764], [-71.3087, 46.7641], [-71.3087, 46.7642], [-71.3088, 46.7642], [-71.3089, 46.7641], [-71.309, 46.7641], [-71.3092, 46.764], [-71.3094, 46.7639], [-71.3097, 46.7638], [-71.3099, 46.7637], [-71.3102, 46.7637], [-71.3104, 46.7637], [-71.3107, 46.7637], [-71.3109, 46.7638], [-71.3112, 46.7639], [-71.3115, 46.7641], [-71.3117, 46.7643], [-71.3119, 46.7645], [-71.3121, 46.7646], [-71.3122, 46.7647], [-71.3123, 46.7648], [-71.3124, 46.7648], [-71.3123, 46.7647], [-71.3122, 46.7646], [-71.3121, 46.7645], [-71.312, 46.7644], [-71.312, 46.7643], [-71.312, 46.7642], [-71.312, 46.7641], [-71.3121, 46.764], [-71.3122, 46.764], [-71.3123, 46.7639], [-71.3125, 46.7639], [-71.3127, 46.7638], [-71.313, 46.7638], [-71.3133, 46.7638], [-71.3136, 46.7638], [-71.314, 46.7637], [-71.3144, 46.7637], [-71.3147, 46.7637], [-71.315, 46.7638], [-71.3152, 46.7638], [-71.3153, 46.7638], [-71.3154, 46.7639], [-71.3155, 46.764], [-71.3155, 46.7641], [-71.3155, 46.7642], [-71.3155, 46.7643], [-71.3154, 46.7644], [-71.3153, 46.7645], [-71.3151, 46.7646], [-71.315, 46.7648], [-71.3147, 46.765], [-71.3145, 46.7651], [-71.3143, 46.7653], [-71.3142, 46.7654], [-71.3141, 46.7656], [-71.3141, 46.7658], [-71.3142, 46.7659], [-71.3144, 46.7661], [-71.3146, 46.7662], [-71.3148, 46.7664], [-71.315, 46.7665], [-71.3152, 46.7667], [-71.3154, 46.7668], [-71.3155, 46.767], [-71.3155, 46.7671], [-71.3155, 46.7673], [-71.3155, 46.7674], [-71.3155, 46.7676], [-71.3154, 46.7677], [-71.3154, 46.7679], [-71.3154, 46.768], [-71.3154, 46.7681], [-71.3154, 46.7682], [-71.3155, 46.7683], [-71.3156, 46.7684], [-71.3157, 46.7684], [-71.3157, 46.7685], [-71.3158, 46.7686], [-71.3158, 46.7687], [-71.3158, 46.7688], [-71.3158, 46.7689], [-71.3157, 46.769], [-71.3157, 46.7691]]]}}, {"type": "Feature", "properties": {"couche": "voile", "station": "Duchesneau", "minutes": 8}, "geometry": {"type": "Polygon", "coordinates": [[[-71.4749, 46.878], [-71.1478, 46.8803], [-71.1451, 46.6566], [-71.4709, 46.6543], [-71.4749, 46.878]], [[-71.3157, 46.769], [-71.3158, 46.7689], [-71.3158, 46.7688], [-71.3158, 46.7687], [-71.3158, 46.7686], [-71.3157, 46.7685], [-71.3157, 46.7684], [-71.3156, 46.7684], [-71.3155, 46.7683], [-71.3154, 46.7682], [-71.3154, 46.7681], [-71.3154, 46.768], [-71.3154, 46.7679], [-71.3154, 46.7677], [-71.3155, 46.7676], [-71.3155, 46.7674], [-71.3155, 46.7673], [-71.3155, 46.7671], [-71.3155, 46.767], [-71.3154, 46.7668], [-71.3152, 46.7667], [-71.315, 46.7665], [-71.3148, 46.7664], [-71.3146, 46.7662], [-71.3144, 46.7661], [-71.3142, 46.7659], [-71.3141, 46.7658], [-71.3141, 46.7656], [-71.3142, 46.7654], [-71.3143, 46.7653], [-71.3145, 46.7651], [-71.3147, 46.765], [-71.315, 46.7648], [-71.3151, 46.7646], [-71.3153, 46.7645], [-71.3154, 46.7644], [-71.3155, 46.7643], [-71.3155, 46.7642], [-71.3155, 46.7641], [-71.3155, 46.764], [-71.3154, 46.7639], [-71.3153, 46.7638], [-71.3152, 46.7638], [-71.315, 46.7638], [-71.3147, 46.7637], [-71.3144, 46.7637], [-71.314, 46.7637], [-71.3136, 46.7638], [-71.3133, 46.7638], [-71.313, 46.7638], [-71.3127, 46.7638], [-71.3125, 46.7639], [-71.3123, 46.7639], [-71.3122, 46.764], [-71.3121, 46.764], [-71.312, 46.7641], [-71.312, 46.7642], [-71.312, 46.7643], [-71.312, 46.7644], [-71.3121, 46.7645], [-71.3122, 46.7646], [-71.3123, 46.7647], [-71.3124, 46.7648], [-71.3123, 46.7648], [-71.3122, 46.7647], [-71.3121, 46.7646], [-71.3119, 46.7645], [-71.3117, 46.7643], [-71.3115, 46.7641], [-71.3112, 46.7639], [-71.3109, 46.7638], [-71.3107, 46.7637], [-71.3104, 46.7637], [-71.3102, 46.7637], [-71.3099, 46.7637], [-71.3097, 46.7638], [-71.3094, 46.7639], [-71.3092, 46.764], [-71.309, 46.7641], [-71.3089, 46.7641], [-71.3088, 46.7642], [-71.3087, 46.7642], [-71.3087, 46.7641], [-71.3088, 46.764], [-71.3088, 46.7639], [-71.3089, 46.7639], [-71.3089, 46.7638], [-71.3088, 46.7637], [-71.3087, 46.7636], [-71.3086, 46.7636], [-71.3085, 46.7636], [-71.3084, 46.7636], [-71.3083, 46.7636], [-71.3081, 46.7637], [-71.308, 46.7637], [-71.3078, 46.7638], [-71.3076, 46.7639], [-71.3074, 46.764], [-71.3073, 46.7641], [-71.3071, 46.7642], [-71.3069, 46.7642], [-71.3068, 46.7642], [-71.3066, 46.7642], [-71.3065, 46.7641], [-71.3063, 46.764], [-71.3062, 46.7639], [-71.3061, 46.7638], [-71.306, 46.7637], [-71.3058, 46.7636], [-71.3057, 46.7636], [-71.3055, 46.7635], [-71.3054, 46.7635], [-71.3052, 46.7635], [-71.3051, 46.7635], [-71.3049, 46.7636], [-71.3048, 46.7636], [-71.3047, 46.7637], [-71.3046, 46.7637], [-71.3045, 46.7638], [-71.3045, 46.7639], [-71.3045, 46.764], [-71.3045, 46.7641], [-71.3045, 46.7643], [-71.3045, 46.7644], [-71.3046, 46.7645], [-71.3047, 46.7646], [-71.3048, 46.7646], [-71.3049, 46.7647], [-71.305, 46.7648], [-71.3052, 46.7648], [-71.3053, 46.7649], [-71.3054, 46.765], [-71.3053, 46.765], [-71.3053, 46.7651], [-71.3052, 46.7651], [-71.3051, 46.7652], [-71.3049, 46.7652], [-71.3048, 46.7653], [-71.3046, 46.7654], [-71.3045, 46.7655], [-71.3043, 46.7656], [-71.3042, 46.7657], [-71.3041, 46.7658], [-71.304, 46.7659], [-71.304, 46.766], [-71.3039, 46.7662], [-71.3039, 46.7663], [-71.3038, 46.7664], [-71.3038, 46.7666], [-71.3038, 46.7667], [-71.3039, 46.7668], [-71.3039, 46.7669], [-71.304, 46.7671], [-71.304, 46.7672], [-71.304, 46.7673], [-71.304, 46.7674], [-71.304, 46.7675], [-71.304, 46.7676], [-71.3039, 46.7677], [-71.3039, 46.7678], [-71.3038, 46.7679], [-71.3037, 46.768], [-71.3036, 46.7681], [-71.3036, 46.7682], [-71.3037, 46.7682], [-71.3038, 46.7683], [-71.3039, 46.7683], [-71.3039, 46.7684], [-71.304, 46.7684], [-71.304, 46.7685], [-71.304, 46.7686], [-71.304, 46.7687], [-71.3039, 46.7688], [-71.3039, 46.7689], [-71.3038, 46.7691], [-71.3037, 46.7692], [-71.3037, 46.7694], [-71.3036, 46.7695], [-71.3036, 46.7697], [-71.3037, 46.7699], [-71.3037, 46.77], [-71.3038, 46.7702], [-71.3038, 46.7704], [-71.304, 46.7706], [-71.3041, 46.7707], [-71.3043, 46.7709], [-71.3046, 46.771], [-71.3049, 46.7711], [-71.3052, 46.7711], [-71.3056, 46.7712], [-71.306, 46.7712], [-71.3064, 46.7712], [-71.3067, 46.7712], [-71.307, 46.7712], [-71.3072, 46.7712], [-71.3074, 46.7712], [-71.3076, 46.7712], [-71.3077, 46.7711], [-71.3078, 46.771], [-71.3079, 46.771], [-71.308, 46.771], [-71.3081, 46.771], [-71.3082, 46.771], [-71.3083, 46.771], [-71.3084, 46.7711], [-71.3086, 46.7711], [-71.3087, 46.7712], [-71.3088, 46.7712], [-71.3089, 46.7712], [-71.309, 46.7712], [-71.3091, 46.7712], [-71.3092, 46.7711], [-71.3092, 46.771], [-71.3092, 46.7709], [-71.3091, 46.7708], [-71.3091, 46.7707], [-71.309, 46.7706], [-71.3089, 46.7705], [-71.3087, 46.7704], [-71.3086, 46.7703], [-71.3085, 46.7702], [-71.3087, 46.7702], [-71.3088, 46.7703], [-71.3091, 46.7705], [-71.3094, 46.7706], [-71.3097, 46.7708], [-71.31, 46.7709], [-71.3103, 46.771], [-71.3106, 46.7711], [-71.3109, 46.7711], [-71.3111, 46.7711], [-71.3114, 46.7711], [-71.3117, 46.7711], [-71.312, 46.7711], [-71.3122, 46.771], [-71.3124, 46.771], [-71.3125, 46.771], [-71.3127, 46.771], [-71.3128, 46.7711], [-71.3129, 46.7712], [-71.313, 46.7712], [-71.3131, 46.7713], [-71.3132, 46.7713], [-71.3133, 46.7713], [-71.3135, 46.7712], [-71.3136, 46.7712], [-71.3137, 46.7712], [-71.3138, 46.7712], [-71.3139, 46.7711], [-71.314, 46.7712], [-71.3142, 46.7712], [-71.3143, 46.7712], [-71.3144, 46.7712], [-71.3145, 46.7713], [-71.3146, 46.7713], [-71.3147, 46.7713], [-71.3148, 46.7713], [-71.3149, 46.7712], [-71.315, 46.7711], [-71.3151, 46.771], [-71.3152, 46.7709], [-71.3153, 46.7708], [-71.3153, 46.7706], [-71.3153, 46.7705], [-71.3153, 46.7704], [-71.3153, 46.7703], [-71.3152, 46.7702], [-71.3151, 46.7701], [-71.315, 46.7701], [-71.3148, 46.77], [-71.3146, 46.77], [-71.3145, 46.7699], [-71.3144, 46.7699], [-71.3143, 46.7698], [-71.3144, 46.7697], [-71.3145, 46.7697], [-71.3145, 46.7696], [-71.3146, 46.7696], [-71.3147, 46.7696], [-71.3148, 46.7696], [-71.3149, 46.7696], [-71.315, 46.7696], [-71.3151, 46.7696], [-71.3152, 46.7696], [-71.3153, 46.7696], [-71.3154, 46.7695], [-71.3155, 46.7694], [-71.3156, 46.7693], [-71.3157, 46.7691], [-71.3157, 46.769]]]}}, {"type": "Feature", "properties": {"couche": "aire_marche", "station": "Duchesneau", "ordre": 6, "minutes": 9, "superficie_ha": 83.3, "rue_km": 28.28, "disque_ha": 124.7, "part_disque_pct": 67, "accroche_m": 6, "population": 4086, "navetteurs": 1545, "mode_auto_pct": 67, "mode_tc_pct": 21, "mode_actif_pct": 10, "mode_autre_pct": 2}, "geometry": {"type": "Polygon", "coordinates": [[[-71.316, 46.7697], [-71.3159, 46.7698], [-71.3159, 46.7699], [-71.3158, 46.7701], [-71.3158, 46.7702], [-71.3158, 46.7703], [-71.3158, 46.7704], [-71.3159, 46.7704], [-71.316, 46.7705], [-71.316, 46.7706], [-71.316, 46.7707], [-71.3161, 46.7707], [-71.316, 46.7708], [-71.316, 46.7709], [-71.3159, 46.7709], [-71.3158, 46.771], [-71.3157, 46.771], [-71.3156, 46.7711], [-71.3155, 46.7712], [-71.3155, 46.7713], [-71.3155, 46.7714], [-71.3155, 46.7715], [-71.3155, 46.7716], [-71.3155, 46.7717], [-71.3154, 46.7717], [-71.3154, 46.7718], [-71.3153, 46.7718], [-71.3152, 46.7717], [-71.3151, 46.7717], [-71.315, 46.7717], [-71.3148, 46.7716], [-71.3147, 46.7716], [-71.3146, 46.7716], [-71.3145, 46.7716], [-71.3144, 46.7716], [-71.3143, 46.7717], [-71.3142, 46.7718], [-71.3141, 46.7718], [-71.314, 46.7718], [-71.3139, 46.7717], [-71.3138, 46.7717], [-71.3137, 46.7716], [-71.3135, 46.7716], [-71.3134, 46.7716], [-71.3133, 46.7716], [-71.3132, 46.7716], [-71.3131, 46.7716], [-71.313, 46.7716], [-71.3129, 46.7716], [-71.3128, 46.7717], [-71.3127, 46.7717], [-71.3126, 46.7717], [-71.3125, 46.7717], [-71.3124, 46.7717], [-71.3123, 46.7717], [-71.3123, 46.7716], [-71.3122, 46.7716], [-71.3121, 46.7715], [-71.312, 46.7715], [-71.3118, 46.7715], [-71.3116, 46.7715], [-71.3114, 46.7715], [-71.3111, 46.7715], [-71.3108, 46.7716], [-71.3104, 46.7716], [-71.3101, 46.7717], [-71.3098, 46.7717], [-71.3096, 46.7717], [-71.3094, 46.7717], [-71.3092, 46.7717], [-71.309, 46.7717], [-71.3089, 46.7716], [-71.3088, 46.7716], [-71.3088, 46.7715], [-71.3087, 46.7715], [-71.3086, 46.7715], [-71.3085, 46.7715], [-71.3084, 46.7715], [-71.3083, 46.7716], [-71.3082, 46.7716], [-71.3081, 46.7716], [-71.308, 46.7717], [-71.3078, 46.7717], [-71.3077, 46.7716], [-71.3075, 46.7716], [-71.3073, 46.7716], [-71.3071, 46.7716], [-71.3068, 46.7715], [-71.3066, 46.7715], [-71.3065, 46.7715], [-71.3063, 46.7715], [-71.3061, 46.7715], [-71.306, 46.7715], [-71.3059, 46.7716], [-71.3058, 46.7716], [-71.3057, 46.7716], [-71.3056, 46.7716], [-71.3055, 46.7716], [-71.3054, 46.7716], [-71.3053, 46.7716], [-71.3052, 46.7715], [-71.3052, 46.7714], [-71.3051, 46.7714], [-71.305, 46.7713], [-71.3049, 46.7713], [-71.3048, 46.7713], [-71.3047, 46.7713], [-71.3045, 46.7713], [-71.3043, 46.7713], [-71.3041, 46.7714], [-71.304, 46.7714], [-71.3038, 46.7713], [-71.3036, 46.7712], [-71.3035, 46.771], [-71.3033, 46.7708], [-71.3032, 46.7705], [-71.3031, 46.7702], [-71.303, 46.7698], [-71.303, 46.7695], [-71.303, 46.7691], [-71.303, 46.7689], [-71.303, 46.7686], [-71.3031, 46.7684], [-71.3032, 46.7682], [-71.3033, 46.7681], [-71.3034, 46.768], [-71.3036, 46.7679], [-71.3037, 46.7678], [-71.3037, 46.7677], [-71.3037, 46.7676], [-71.3037, 46.7675], [-71.3036, 46.7674], [-71.3036, 46.7673], [-71.3034, 46.7673], [-71.3033, 46.7671], [-71.3033, 46.767], [-71.3033, 46.7668], [-71.3033, 46.7666], [-71.3034, 46.7663], [-71.3035, 46.766], [-71.3036, 46.7657], [-71.3038, 46.7653], [-71.304, 46.765], [-71.3041, 46.7647], [-71.3042, 46.7644], [-71.3042, 46.7641], [-71.3043, 46.7639], [-71.3043, 46.7638], [-71.3042, 46.7636], [-71.3041, 46.7635], [-71.3041, 46.7634], [-71.3041, 46.7633], [-71.3042, 46.7633], [-71.3043, 46.7632], [-71.3045, 46.7631], [-71.3047, 46.7631], [-71.305, 46.7631], [-71.3053, 46.7631], [-71.3056, 46.7631], [-71.3059, 46.7631], [-71.3061, 46.7632], [-71.3063, 46.7633], [-71.3064, 46.7634], [-71.3065, 46.7635], [-71.3066, 46.7636], [-71.3066, 46.7638], [-71.3067, 46.7639], [-71.3068, 46.764], [-71.307, 46.7641], [-71.3072, 46.7641], [-71.3075, 46.764], [-71.3078, 46.7639], [-71.3082, 46.7638], [-71.3086, 46.7636], [-71.3089, 46.7634], [-71.3093, 46.7634], [-71.3097, 46.7633], [-71.3101, 46.7634], [-71.3104, 46.7635], [-71.3108, 46.7636], [-71.3111, 46.7638], [-71.3115, 46.7641], [-71.3117, 46.7643], [-71.312, 46.7645], [-71.3121, 46.7646], [-71.3123, 46.7647], [-71.3122, 46.7646], [-71.3121, 46.7645], [-71.3121, 46.7644], [-71.3121, 46.7642], [-71.3121, 46.7641], [-71.3121, 46.764], [-71.3122, 46.7639], [-71.3123, 46.7638], [-71.3124, 46.7636], [-71.3126, 46.7635], [-71.3128, 46.7634], [-71.313, 46.7634], [-71.3133, 46.7633], [-71.3136, 46.7633], [-71.3139, 46.7632], [-71.3143, 46.7632], [-71.3147, 46.7632], [-71.315, 46.7632], [-71.3154, 46.7633], [-71.3156, 46.7633], [-71.3158, 46.7633], [-71.316, 46.7634], [-71.3161, 46.7635], [-71.3162, 46.7636], [-71.3162, 46.7638], [-71.3161, 46.7639], [-71.316, 46.764], [-71.3158, 46.7642], [-71.3156, 46.7643], [-71.3154, 46.7645], [-71.3151, 46.7647], [-71.3148, 46.7649], [-71.3145, 46.7652], [-71.3144, 46.7654], [-71.3143, 46.7656], [-71.3143, 46.7658], [-71.3144, 46.766], [-71.3146, 46.7662], [-71.3148, 46.7664], [-71.3152, 46.7666], [-71.3155, 46.7668], [-71.3157, 46.767], [-71.3159, 46.7672], [-71.3161, 46.7674], [-71.3163, 46.7676], [-71.3164, 46.7678], [-71.3164, 46.768], [-71.3165, 46.7683], [-71.3165, 46.7685], [-71.3165, 46.7687], [-71.3164, 46.7689], [-71.3164, 46.7691], [-71.3163, 46.7692], [-71.3162, 46.7694], [-71.3161, 46.7695], [-71.316, 46.7697]]]}}, {"type": "Feature", "properties": {"couche": "voile", "station": "Duchesneau", "minutes": 9}, "geometry": {"type": "Polygon", "coordinates": [[[-71.4756, 46.8785], [-71.1472, 46.8808], [-71.1445, 46.6562], [-71.4716, 46.6538], [-71.4756, 46.8785]], [[-71.3161, 46.7695], [-71.3162, 46.7694], [-71.3163, 46.7692], [-71.3164, 46.7691], [-71.3164, 46.7689], [-71.3165, 46.7687], [-71.3165, 46.7685], [-71.3165, 46.7683], [-71.3164, 46.768], [-71.3164, 46.7678], [-71.3163, 46.7676], [-71.3161, 46.7674], [-71.3159, 46.7672], [-71.3157, 46.767], [-71.3155, 46.7668], [-71.3152, 46.7666], [-71.3148, 46.7664], [-71.3146, 46.7662], [-71.3144, 46.766], [-71.3143, 46.7658], [-71.3143, 46.7656], [-71.3144, 46.7654], [-71.3145, 46.7652], [-71.3148, 46.7649], [-71.3151, 46.7647], [-71.3154, 46.7645], [-71.3156, 46.7643], [-71.3158, 46.7642], [-71.316, 46.764], [-71.3161, 46.7639], [-71.3162, 46.7638], [-71.3162, 46.7636], [-71.3161, 46.7635], [-71.316, 46.7634], [-71.3158, 46.7633], [-71.3156, 46.7633], [-71.3154, 46.7633], [-71.315, 46.7632], [-71.3147, 46.7632], [-71.3143, 46.7632], [-71.3139, 46.7632], [-71.3136, 46.7633], [-71.3133, 46.7633], [-71.313, 46.7634], [-71.3128, 46.7634], [-71.3126, 46.7635], [-71.3124, 46.7636], [-71.3123, 46.7638], [-71.3122, 46.7639], [-71.3121, 46.764], [-71.3121, 46.7641], [-71.3121, 46.7642], [-71.3121, 46.7644], [-71.3121, 46.7645], [-71.3122, 46.7646], [-71.3123, 46.7647], [-71.3121, 46.7646], [-71.312, 46.7645], [-71.3117, 46.7643], [-71.3115, 46.7641], [-71.3111, 46.7638], [-71.3108, 46.7636], [-71.3104, 46.7635], [-71.3101, 46.7634], [-71.3097, 46.7633], [-71.3093, 46.7634], [-71.3089, 46.7634], [-71.3086, 46.7636], [-71.3082, 46.7638], [-71.3078, 46.7639], [-71.3075, 46.764], [-71.3072, 46.7641], [-71.307, 46.7641], [-71.3068, 46.764], [-71.3067, 46.7639], [-71.3066, 46.7638], [-71.3066, 46.7636], [-71.3065, 46.7635], [-71.3064, 46.7634], [-71.3063, 46.7633], [-71.3061, 46.7632], [-71.3059, 46.7631], [-71.3056, 46.7631], [-71.3053, 46.7631], [-71.305, 46.7631], [-71.3047, 46.7631], [-71.3045, 46.7631], [-71.3043, 46.7632], [-71.3042, 46.7633], [-71.3041, 46.7633], [-71.3041, 46.7634], [-71.3041, 46.7635], [-71.3042, 46.7636], [-71.3043, 46.7638], [-71.3043, 46.7639], [-71.3042, 46.7641], [-71.3042, 46.7644], [-71.3041, 46.7647], [-71.304, 46.765], [-71.3038, 46.7653], [-71.3036, 46.7657], [-71.3035, 46.766], [-71.3034, 46.7663], [-71.3033, 46.7666], [-71.3033, 46.7668], [-71.3033, 46.767], [-71.3033, 46.7671], [-71.3034, 46.7673], [-71.3036, 46.7673], [-71.3036, 46.7674], [-71.3037, 46.7675], [-71.3037, 46.7676], [-71.3037, 46.7677], [-71.3037, 46.7678], [-71.3036, 46.7679], [-71.3034, 46.768], [-71.3033, 46.7681], [-71.3032, 46.7682], [-71.3031, 46.7684], [-71.303, 46.7686], [-71.303, 46.7689], [-71.303, 46.7691], [-71.303, 46.7695], [-71.303, 46.7698], [-71.3031, 46.7702], [-71.3032, 46.7705], [-71.3033, 46.7708], [-71.3035, 46.771], [-71.3036, 46.7712], [-71.3038, 46.7713], [-71.304, 46.7714], [-71.3041, 46.7714], [-71.3043, 46.7713], [-71.3045, 46.7713], [-71.3047, 46.7713], [-71.3048, 46.7713], [-71.3049, 46.7713], [-71.305, 46.7713], [-71.3051, 46.7714], [-71.3052, 46.7714], [-71.3052, 46.7715], [-71.3053, 46.7716], [-71.3054, 46.7716], [-71.3055, 46.7716], [-71.3056, 46.7716], [-71.3057, 46.7716], [-71.3058, 46.7716], [-71.3059, 46.7716], [-71.306, 46.7715], [-71.3061, 46.7715], [-71.3063, 46.7715], [-71.3065, 46.7715], [-71.3066, 46.7715], [-71.3068, 46.7715], [-71.3071, 46.7716], [-71.3073, 46.7716], [-71.3075, 46.7716], [-71.3077, 46.7716], [-71.3078, 46.7717], [-71.308, 46.7717], [-71.3081, 46.7716], [-71.3082, 46.7716], [-71.3083, 46.7716], [-71.3084, 46.7715], [-71.3085, 46.7715], [-71.3086, 46.7715], [-71.3087, 46.7715], [-71.3088, 46.7715], [-71.3088, 46.7716], [-71.3089, 46.7716], [-71.309, 46.7717], [-71.3092, 46.7717], [-71.3094, 46.7717], [-71.3096, 46.7717], [-71.3098, 46.7717], [-71.3101, 46.7717], [-71.3104, 46.7716], [-71.3108, 46.7716], [-71.3111, 46.7715], [-71.3114, 46.7715], [-71.3116, 46.7715], [-71.3118, 46.7715], [-71.312, 46.7715], [-71.3121, 46.7715], [-71.3122, 46.7716], [-71.3123, 46.7716], [-71.3123, 46.7717], [-71.3124, 46.7717], [-71.3125, 46.7717], [-71.3126, 46.7717], [-71.3127, 46.7717], [-71.3128, 46.7717], [-71.3129, 46.7716], [-71.313, 46.7716], [-71.3131, 46.7716], [-71.3132, 46.7716], [-71.3133, 46.7716], [-71.3134, 46.7716], [-71.3135, 46.7716], [-71.3137, 46.7716], [-71.3138, 46.7717], [-71.3139, 46.7717], [-71.314, 46.7718], [-71.3141, 46.7718], [-71.3142, 46.7718], [-71.3143, 46.7717], [-71.3144, 46.7716], [-71.3145, 46.7716], [-71.3146, 46.7716], [-71.3147, 46.7716], [-71.3148, 46.7716], [-71.315, 46.7717], [-71.3151, 46.7717], [-71.3152, 46.7717], [-71.3153, 46.7718], [-71.3154, 46.7718], [-71.3154, 46.7717], [-71.3155, 46.7717], [-71.3155, 46.7716], [-71.3155, 46.7715], [-71.3155, 46.7714], [-71.3155, 46.7713], [-71.3155, 46.7712], [-71.3156, 46.7711], [-71.3157, 46.771], [-71.3158, 46.771], [-71.3159, 46.7709], [-71.316, 46.7709], [-71.316, 46.7708], [-71.3161, 46.7707], [-71.316, 46.7707], [-71.316, 46.7706], [-71.316, 46.7705], [-71.3159, 46.7704], [-71.3158, 46.7704], [-71.3158, 46.7703], [-71.3158, 46.7702], [-71.3158, 46.7701], [-71.3159, 46.7699], [-71.3159, 46.7698], [-71.316, 46.7697], [-71.3161, 46.7695]]]}}, {"type": "Feature", "properties": {"couche": "aire_marche", "station": "Duchesneau", "ordre": 6, "minutes": 10, "superficie_ha": 97.9, "rue_km": 33.35, "disque_ha": 153.9, "part_disque_pct": 64, "accroche_m": 6, "population": 4699, "navetteurs": 1784, "mode_auto_pct": 68, "mode_tc_pct": 21, "mode_actif_pct": 10, "mode_autre_pct": 1}, "geometry": {"type": "Polygon", "coordinates": [[[-71.3166, 46.7703], [-71.3165, 46.7708], [-71.3163, 46.7712], [-71.3162, 46.7716], [-71.3161, 46.7718], [-71.316, 46.772], [-71.3159, 46.7721], [-71.3157, 46.7722], [-71.3156, 46.7721], [-71.3155, 46.7721], [-71.3154, 46.772], [-71.3153, 46.772], [-71.3152, 46.772], [-71.3151, 46.772], [-71.315, 46.7721], [-71.3149, 46.7722], [-71.3148, 46.7722], [-71.3147, 46.7722], [-71.3146, 46.7722], [-71.3145, 46.7722], [-71.3144, 46.7722], [-71.3143, 46.7721], [-71.3142, 46.7721], [-71.3141, 46.7721], [-71.314, 46.7721], [-71.3138, 46.7721], [-71.3137, 46.7721], [-71.3136, 46.7721], [-71.3135, 46.7721], [-71.3134, 46.7722], [-71.3133, 46.7722], [-71.3132, 46.7722], [-71.3131, 46.7722], [-71.313, 46.7722], [-71.3129, 46.7722], [-71.3129, 46.7721], [-71.3128, 46.7721], [-71.3128, 46.772], [-71.3127, 46.772], [-71.3126, 46.772], [-71.3125, 46.772], [-71.3124, 46.772], [-71.3123, 46.772], [-71.3122, 46.7721], [-71.3121, 46.7721], [-71.3119, 46.7721], [-71.3118, 46.7721], [-71.3117, 46.7721], [-71.3115, 46.7721], [-71.3114, 46.772], [-71.3112, 46.772], [-71.3111, 46.7719], [-71.311, 46.7719], [-71.3108, 46.7718], [-71.3107, 46.7718], [-71.3106, 46.7718], [-71.3105, 46.7718], [-71.3104, 46.7719], [-71.3103, 46.772], [-71.3102, 46.7721], [-71.3101, 46.7721], [-71.3099, 46.7721], [-71.3097, 46.7721], [-71.3094, 46.7721], [-71.3091, 46.7721], [-71.3087, 46.7721], [-71.3083, 46.772], [-71.3079, 46.772], [-71.3076, 46.772], [-71.3073, 46.772], [-71.307, 46.772], [-71.3068, 46.772], [-71.3066, 46.772], [-71.3065, 46.772], [-71.3064, 46.7721], [-71.3063, 46.7721], [-71.3062, 46.7721], [-71.3061, 46.7721], [-71.306, 46.7721], [-71.3059, 46.7721], [-71.3058, 46.772], [-71.3057, 46.772], [-71.3056, 46.7719], [-71.3055, 46.7719], [-71.3054, 46.7719], [-71.3053, 46.772], [-71.3052, 46.772], [-71.3051, 46.772], [-71.305, 46.7721], [-71.3049, 46.7721], [-71.3048, 46.7721], [-71.3047, 46.7721], [-71.3046, 46.7721], [-71.3045, 46.772], [-71.3045, 46.7719], [-71.3044, 46.7718], [-71.3045, 46.7717], [-71.3045, 46.7716], [-71.3046, 46.7715], [-71.3047, 46.7715], [-71.3047, 46.7714], [-71.3046, 46.7714], [-71.3044, 46.7714], [-71.3043, 46.7715], [-71.304, 46.7716], [-71.3038, 46.7716], [-71.3035, 46.7717], [-71.3033, 46.7718], [-71.3031, 46.7718], [-71.303, 46.7718], [-71.3029, 46.7718], [-71.3028, 46.7718], [-71.3027, 46.7717], [-71.3027, 46.7716], [-71.3027, 46.7715], [-71.3027, 46.7714], [-71.3028, 46.7713], [-71.3029, 46.7712], [-71.303, 46.7711], [-71.3031, 46.771], [-71.3032, 46.7709], [-71.3032, 46.7708], [-71.3032, 46.7706], [-71.3032, 46.7704], [-71.3032, 46.7702], [-71.3031, 46.7699], [-71.303, 46.7697], [-71.3028, 46.7694], [-71.3027, 46.7691], [-71.3026, 46.7688], [-71.3025, 46.7685], [-71.3024, 46.7682], [-71.3023, 46.7679], [-71.3023, 46.7676], [-71.3023, 46.7673], [-71.3023, 46.767], [-71.3024, 46.7667], [-71.3024, 46.7665], [-71.3025, 46.7663], [-71.3026, 46.7661], [-71.3027, 46.766], [-71.3028, 46.7659], [-71.3029, 46.7659], [-71.303, 46.7659], [-71.3031, 46.7659], [-71.3032, 46.7658], [-71.3033, 46.7658], [-71.3034, 46.7658], [-71.3034, 46.7657], [-71.3034, 46.7656], [-71.3034, 46.7655], [-71.3034, 46.7654], [-71.3034, 46.7653], [-71.3034, 46.7652], [-71.3034, 46.7651], [-71.3035, 46.765], [-71.3036, 46.7649], [-71.3037, 46.7647], [-71.3038, 46.7646], [-71.304, 46.7645], [-71.3041, 46.7643], [-71.3042, 46.7642], [-71.3042, 46.7641], [-71.3042, 46.764], [-71.3041, 46.7639], [-71.304, 46.7639], [-71.3039, 46.7639], [-71.3038, 46.7638], [-71.3037, 46.7638], [-71.3036, 46.7637], [-71.3035, 46.7636], [-71.3034, 46.7635], [-71.3034, 46.7634], [-71.3033, 46.7633], [-71.3033, 46.7632], [-71.3033, 46.7631], [-71.3033, 46.763], [-71.3034, 46.7629], [-71.3034, 46.7628], [-71.3036, 46.7627], [-71.3037, 46.7627], [-71.3039, 46.7626], [-71.3041, 46.7626], [-71.3043, 46.7626], [-71.3045, 46.7626], [-71.3046, 46.7626], [-71.3048, 46.7626], [-71.305, 46.7627], [-71.3051, 46.7627], [-71.3053, 46.7628], [-71.3054, 46.7628], [-71.3055, 46.7629], [-71.3057, 46.7629], [-71.3058, 46.7629], [-71.306, 46.7629], [-71.3061, 46.7629], [-71.3063, 46.7629], [-71.3064, 46.7628], [-71.3065, 46.7628], [-71.3067, 46.7627], [-71.3068, 46.7627], [-71.3069, 46.7627], [-71.307, 46.7627], [-71.3071, 46.7627], [-71.3072, 46.7628], [-71.3072, 46.7629], [-71.3072, 46.763], [-71.3072, 46.7631], [-71.3071, 46.7632], [-71.307, 46.7633], [-71.3069, 46.7633], [-71.3069, 46.7634], [-71.3068, 46.7635], [-71.3068, 46.7636], [-71.3068, 46.7637], [-71.3068, 46.7638], [-71.3069, 46.7638], [-71.307, 46.7639], [-71.3071, 46.7639], [-71.3072, 46.764], [-71.3074, 46.7639], [-71.3076, 46.7639], [-71.3078, 46.7638], [-71.3081, 46.7637], [-71.3084, 46.7635], [-71.3087, 46.7634], [-71.309, 46.7633], [-71.3093, 46.7632], [-71.3096, 46.7632], [-71.31, 46.7632], [-71.3103, 46.7634], [-71.3107, 46.7635], [-71.311, 46.7638], [-71.3114, 46.764], [-71.3117, 46.7643], [-71.3119, 46.7645], [-71.3121, 46.7646], [-71.3123, 46.7647], [-71.3122, 46.7646], [-71.3121, 46.7645], [-71.3121, 46.7644], [-71.312, 46.7643], [-71.312, 46.7642], [-71.312, 46.7641], [-71.3119, 46.764], [-71.3119, 46.7638], [-71.312, 46.7637], [-71.312, 46.7636], [-71.312, 46.7635], [-71.3121, 46.7633], [-71.3122, 46.7632], [-71.3123, 46.7632], [-71.3125, 46.7631], [-71.3126, 46.763], [-71.3128, 46.7629], [-71.313, 46.7629], [-71.3133, 46.7628], [-71.3135, 46.7628], [-71.3138, 46.7628], [-71.3142, 46.7628], [-71.3145, 46.7628], [-71.3149, 46.7628], [-71.3153, 46.7628], [-71.3157, 46.7628], [-71.316, 46.7629], [-71.3163, 46.7629], [-71.3165, 46.763], [-71.3166, 46.7631], [-71.3168, 46.7632], [-71.3168, 46.7634], [-71.3168, 46.7635], [-71.3168, 46.7637], [-71.3168, 46.7638], [-71.3168, 46.7639], [-71.3167, 46.764], [-71.3167, 46.7641], [-71.3166, 46.7641], [-71.3165, 46.7641], [-71.3164, 46.7641], [-71.3162, 46.7642], [-71.3161, 46.7642], [-71.3159, 46.7643], [-71.3157, 46.7644], [-71.3154, 46.7645], [-71.3152, 46.7647], [-71.3149, 46.7648], [-71.3146, 46.765], [-71.3144, 46.7652], [-71.3143, 46.7654], [-71.3143, 46.7657], [-71.3144, 46.7659], [-71.3145, 46.7661], [-71.3148, 46.7664], [-71.3151, 46.7666], [-71.3155, 46.7669], [-71.3159, 46.7671], [-71.3162, 46.7675], [-71.3164, 46.7679], [-71.3166, 46.7683], [-71.3167, 46.7687], [-71.3167, 46.7692], [-71.3167, 46.7698], [-71.3166, 46.7703]]]}}, {"type": "Feature", "properties": {"couche": "voile", "station": "Duchesneau", "minutes": 10}, "geometry": {"type": "Polygon", "coordinates": [[[-71.476, 46.8789], [-71.1465, 46.8812], [-71.1438, 46.6557], [-71.4719, 46.6533], [-71.476, 46.8789]], [[-71.3167, 46.7698], [-71.3167, 46.7692], [-71.3167, 46.7687], [-71.3166, 46.7683], [-71.3164, 46.7679], [-71.3162, 46.7675], [-71.3159, 46.7671], [-71.3155, 46.7669], [-71.3151, 46.7666], [-71.3148, 46.7664], [-71.3145, 46.7661], [-71.3144, 46.7659], [-71.3143, 46.7657], [-71.3143, 46.7654], [-71.3144, 46.7652], [-71.3146, 46.765], [-71.3149, 46.7648], [-71.3152, 46.7647], [-71.3154, 46.7645], [-71.3157, 46.7644], [-71.3159, 46.7643], [-71.3161, 46.7642], [-71.3162, 46.7642], [-71.3164, 46.7641], [-71.3165, 46.7641], [-71.3166, 46.7641], [-71.3167, 46.7641], [-71.3167, 46.764], [-71.3168, 46.7639], [-71.3168, 46.7638], [-71.3168, 46.7637], [-71.3168, 46.7635], [-71.3168, 46.7634], [-71.3168, 46.7632], [-71.3166, 46.7631], [-71.3165, 46.763], [-71.3163, 46.7629], [-71.316, 46.7629], [-71.3157, 46.7628], [-71.3153, 46.7628], [-71.3149, 46.7628], [-71.3145, 46.7628], [-71.3142, 46.7628], [-71.3138, 46.7628], [-71.3135, 46.7628], [-71.3133, 46.7628], [-71.313, 46.7629], [-71.3128, 46.7629], [-71.3126, 46.763], [-71.3125, 46.7631], [-71.3123, 46.7632], [-71.3122, 46.7632], [-71.3121, 46.7633], [-71.312, 46.7635], [-71.312, 46.7636], [-71.312, 46.7637], [-71.3119, 46.7638], [-71.3119, 46.764], [-71.312, 46.7641], [-71.312, 46.7642], [-71.312, 46.7643], [-71.3121, 46.7644], [-71.3121, 46.7645], [-71.3122, 46.7646], [-71.3123, 46.7647], [-71.3121, 46.7646], [-71.3119, 46.7645], [-71.3117, 46.7643], [-71.3114, 46.764], [-71.311, 46.7638], [-71.3107, 46.7635], [-71.3103, 46.7634], [-71.31, 46.7632], [-71.3096, 46.7632], [-71.3093, 46.7632], [-71.309, 46.7633], [-71.3087, 46.7634], [-71.3084, 46.7635], [-71.3081, 46.7637], [-71.3078, 46.7638], [-71.3076, 46.7639], [-71.3074, 46.7639], [-71.3072, 46.764], [-71.3071, 46.7639], [-71.307, 46.7639], [-71.3069, 46.7638], [-71.3068, 46.7638], [-71.3068, 46.7637], [-71.3068, 46.7636], [-71.3068, 46.7635], [-71.3069, 46.7634], [-71.3069, 46.7633], [-71.307, 46.7633], [-71.3071, 46.7632], [-71.3072, 46.7631], [-71.3072, 46.763], [-71.3072, 46.7629], [-71.3072, 46.7628], [-71.3071, 46.7627], [-71.307, 46.7627], [-71.3069, 46.7627], [-71.3068, 46.7627], [-71.3067, 46.7627], [-71.3065, 46.7628], [-71.3064, 46.7628], [-71.3063, 46.7629], [-71.3061, 46.7629], [-71.306, 46.7629], [-71.3058, 46.7629], [-71.3057, 46.7629], [-71.3055, 46.7629], [-71.3054, 46.7628], [-71.3053, 46.7628], [-71.3051, 46.7627], [-71.305, 46.7627], [-71.3048, 46.7626], [-71.3046, 46.7626], [-71.3045, 46.7626], [-71.3043, 46.7626], [-71.3041, 46.7626], [-71.3039, 46.7626], [-71.3037, 46.7627], [-71.3036, 46.7627], [-71.3034, 46.7628], [-71.3034, 46.7629], [-71.3033, 46.763], [-71.3033, 46.7631], [-71.3033, 46.7632], [-71.3033, 46.7633], [-71.3034, 46.7634], [-71.3034, 46.7635], [-71.3035, 46.7636], [-71.3036, 46.7637], [-71.3037, 46.7638], [-71.3038, 46.7638], [-71.3039, 46.7639], [-71.304, 46.7639], [-71.3041, 46.7639], [-71.3042, 46.764], [-71.3042, 46.7641], [-71.3042, 46.7642], [-71.3041, 46.7643], [-71.304, 46.7645], [-71.3038, 46.7646], [-71.3037, 46.7647], [-71.3036, 46.7649], [-71.3035, 46.765], [-71.3034, 46.7651], [-71.3034, 46.7652], [-71.3034, 46.7653], [-71.3034, 46.7654], [-71.3034, 46.7655], [-71.3034, 46.7656], [-71.3034, 46.7657], [-71.3034, 46.7658], [-71.3033, 46.7658], [-71.3032, 46.7658], [-71.3031, 46.7659], [-71.303, 46.7659], [-71.3029, 46.7659], [-71.3028, 46.7659], [-71.3027, 46.766], [-71.3026, 46.7661], [-71.3025, 46.7663], [-71.3024, 46.7665], [-71.3024, 46.7667], [-71.3023, 46.767], [-71.3023, 46.7673], [-71.3023, 46.7676], [-71.3023, 46.7679], [-71.3024, 46.7682], [-71.3025, 46.7685], [-71.3026, 46.7688], [-71.3027, 46.7691], [-71.3028, 46.7694], [-71.303, 46.7697], [-71.3031, 46.7699], [-71.3032, 46.7702], [-71.3032, 46.7704], [-71.3032, 46.7706], [-71.3032, 46.7708], [-71.3032, 46.7709], [-71.3031, 46.771], [-71.303, 46.7711], [-71.3029, 46.7712], [-71.3028, 46.7713], [-71.3027, 46.7714], [-71.3027, 46.7715], [-71.3027, 46.7716], [-71.3027, 46.7717], [-71.3028, 46.7718], [-71.3029, 46.7718], [-71.303, 46.7718], [-71.3031, 46.7718], [-71.3033, 46.7718], [-71.3035, 46.7717], [-71.3038, 46.7716], [-71.304, 46.7716], [-71.3043, 46.7715], [-71.3044, 46.7714], [-71.3046, 46.7714], [-71.3047, 46.7714], [-71.3047, 46.7715], [-71.3046, 46.7715], [-71.3045, 46.7716], [-71.3045, 46.7717], [-71.3044, 46.7718], [-71.3045, 46.7719], [-71.3045, 46.772], [-71.3046, 46.7721], [-71.3047, 46.7721], [-71.3048, 46.7721], [-71.3049, 46.7721], [-71.305, 46.7721], [-71.3051, 46.772], [-71.3052, 46.772], [-71.3053, 46.772], [-71.3054, 46.7719], [-71.3055, 46.7719], [-71.3056, 46.7719], [-71.3057, 46.772], [-71.3058, 46.772], [-71.3059, 46.7721], [-71.306, 46.7721], [-71.3061, 46.7721], [-71.3062, 46.7721], [-71.3063, 46.7721], [-71.3064, 46.7721], [-71.3065, 46.772], [-71.3066, 46.772], [-71.3068, 46.772], [-71.307, 46.772], [-71.3073, 46.772], [-71.3076, 46.772], [-71.3079, 46.772], [-71.3083, 46.772], [-71.3087, 46.7721], [-71.3091, 46.7721], [-71.3094, 46.7721], [-71.3097, 46.7721], [-71.3099, 46.7721], [-71.3101, 46.7721], [-71.3102, 46.7721], [-71.3103, 46.772], [-71.3104, 46.7719], [-71.3105, 46.7718], [-71.3106, 46.7718], [-71.3107, 46.7718], [-71.3108, 46.7718], [-71.311, 46.7719], [-71.3111, 46.7719], [-71.3112, 46.772], [-71.3114, 46.772], [-71.3115, 46.7721], [-71.3117, 46.7721], [-71.3118, 46.7721], [-71.3119, 46.7721], [-71.3121, 46.7721], [-71.3122, 46.7721], [-71.3123, 46.772], [-71.3124, 46.772], [-71.3125, 46.772], [-71.3126, 46.772], [-71.3127, 46.772], [-71.3128, 46.772], [-71.3128, 46.7721], [-71.3129, 46.7721], [-71.3129, 46.7722], [-71.313, 46.7722], [-71.3131, 46.7722], [-71.3132, 46.7722], [-71.3133, 46.7722], [-71.3134, 46.7722], [-71.3135, 46.7721], [-71.3136, 46.7721], [-71.3137, 46.7721], [-71.3138, 46.7721], [-71.314, 46.7721], [-71.3141, 46.7721], [-71.3142, 46.7721], [-71.3143, 46.7721], [-71.3144, 46.7722], [-71.3145, 46.7722], [-71.3146, 46.7722], [-71.3147, 46.7722], [-71.3148, 46.7722], [-71.3149, 46.7722], [-71.315, 46.7721], [-71.3151, 46.772], [-71.3152, 46.772], [-71.3153, 46.772], [-71.3154, 46.772], [-71.3155, 46.7721], [-71.3156, 46.7721], [-71.3157, 46.7722], [-71.3159, 46.7721], [-71.316, 46.772], [-71.3161, 46.7718], [-71.3162, 46.7716], [-71.3163, 46.7712], [-71.3165, 46.7708], [-71.3166, 46.7703], [-71.3167, 46.7698]]]}}, {"type": "Feature", "properties": {"couche": "aire_marche", "station": "Duchesneau", "ordre": 6, "minutes": 11, "superficie_ha": 117.8, "rue_km": 39.58, "disque_ha": 186.3, "part_disque_pct": 63, "accroche_m": 6, "population": 5524, "navetteurs": 2100, "mode_auto_pct": 67, "mode_tc_pct": 21, "mode_actif_pct": 10, "mode_autre_pct": 2}, "geometry": {"type": "Polygon", "coordinates": [[[-71.3173, 46.7705], [-71.3172, 46.7707], [-71.3171, 46.7708], [-71.3171, 46.7709], [-71.317, 46.7711], [-71.3171, 46.7712], [-71.3171, 46.7713], [-71.3172, 46.7714], [-71.3173, 46.7715], [-71.3173, 46.7716], [-71.3173, 46.7717], [-71.3172, 46.7718], [-71.3171, 46.7719], [-71.317, 46.7719], [-71.3169, 46.772], [-71.3168, 46.7721], [-71.3168, 46.7722], [-71.3168, 46.7723], [-71.3167, 46.7724], [-71.3168, 46.7725], [-71.3167, 46.7725], [-71.3167, 46.7726], [-71.3166, 46.7727], [-71.3164, 46.7727], [-71.3163, 46.7727], [-71.3161, 46.7727], [-71.3158, 46.7727], [-71.3156, 46.7726], [-71.3153, 46.7726], [-71.3151, 46.7726], [-71.3149, 46.7725], [-71.3147, 46.7725], [-71.3145, 46.7726], [-71.3144, 46.7726], [-71.3143, 46.7726], [-71.3142, 46.7726], [-71.3141, 46.7727], [-71.314, 46.7727], [-71.3139, 46.7727], [-71.3138, 46.7727], [-71.3137, 46.7726], [-71.3136, 46.7726], [-71.3136, 46.7725], [-71.3135, 46.7725], [-71.3135, 46.7724], [-71.3134, 46.7724], [-71.3133, 46.7724], [-71.3132, 46.7724], [-71.313, 46.7724], [-71.3129, 46.7725], [-71.3127, 46.7725], [-71.3126, 46.7726], [-71.3124, 46.7726], [-71.3122, 46.7726], [-71.312, 46.7725], [-71.3119, 46.7725], [-71.3117, 46.7724], [-71.3115, 46.7723], [-71.3113, 46.7721], [-71.3111, 46.772], [-71.311, 46.7719], [-71.3109, 46.7719], [-71.3109, 46.772], [-71.311, 46.7721], [-71.3111, 46.7722], [-71.3111, 46.7723], [-71.3111, 46.7724], [-71.3111, 46.7725], [-71.311, 46.7725], [-71.311, 46.7726], [-71.3109, 46.7726], [-71.3108, 46.7726], [-71.3107, 46.7726], [-71.3106, 46.7726], [-71.3105, 46.7725], [-71.3104, 46.7725], [-71.3103, 46.7724], [-71.3101, 46.7724], [-71.31, 46.7724], [-71.3098, 46.7723], [-71.3097, 46.7723], [-71.3095, 46.7724], [-71.3094, 46.7724], [-71.3092, 46.7725], [-71.3091, 46.7725], [-71.3089, 46.7726], [-71.3087, 46.7726], [-71.3086, 46.7726], [-71.3084, 46.7727], [-71.3083, 46.7726], [-71.3082, 46.7726], [-71.308, 46.7726], [-71.3079, 46.7725], [-71.3077, 46.7725], [-71.3076, 46.7724], [-71.3074, 46.7724], [-71.3072, 46.7724], [-71.3069, 46.7724], [-71.3067, 46.7724], [-71.3064, 46.7725], [-71.3061, 46.7725], [-71.3058, 46.7726], [-71.3056, 46.7726], [-71.3053, 46.7726], [-71.3051, 46.7725], [-71.3049, 46.7725], [-71.3048, 46.7724], [-71.3047, 46.7724], [-71.3045, 46.7723], [-71.3045, 46.7722], [-71.3044, 46.7721], [-71.3044, 46.772], [-71.3044, 46.7719], [-71.3044, 46.7718], [-71.3044, 46.7717], [-71.3045, 46.7716], [-71.3044, 46.7716], [-71.3042, 46.7718], [-71.304, 46.7719], [-71.3037, 46.7721], [-71.3035, 46.7722], [-71.3034, 46.7723], [-71.3032, 46.7723], [-71.303, 46.7724], [-71.3029, 46.7724], [-71.3027, 46.7724], [-71.3026, 46.7724], [-71.3025, 46.7724], [-71.3024, 46.7724], [-71.3023, 46.7724], [-71.3022, 46.7723], [-71.3021, 46.7722], [-71.302, 46.7721], [-71.302, 46.772], [-71.302, 46.7719], [-71.302, 46.7718], [-71.302, 46.7717], [-71.3021, 46.7716], [-71.3022, 46.7715], [-71.3024, 46.7713], [-71.3026, 46.7712], [-71.3028, 46.7711], [-71.3029, 46.771], [-71.303, 46.7708], [-71.3031, 46.7706], [-71.303, 46.7703], [-71.303, 46.7701], [-71.3028, 46.7697], [-71.3026, 46.7694], [-71.3024, 46.769], [-71.3022, 46.7687], [-71.302, 46.7683], [-71.3019, 46.768], [-71.3018, 46.7676], [-71.3017, 46.7673], [-71.3017, 46.767], [-71.3017, 46.7667], [-71.3017, 46.7664], [-71.3017, 46.7661], [-71.3018, 46.7659], [-71.3019, 46.7656], [-71.3021, 46.7654], [-71.3022, 46.7652], [-71.3024, 46.765], [-71.3026, 46.7649], [-71.3028, 46.7647], [-71.303, 46.7646], [-71.3032, 46.7645], [-71.3033, 46.7643], [-71.3034, 46.7642], [-71.3035, 46.7641], [-71.3035, 46.764], [-71.3035, 46.7639], [-71.3035, 46.7638], [-71.3034, 46.7638], [-71.3033, 46.7637], [-71.3032, 46.7636], [-71.3031, 46.7636], [-71.303, 46.7635], [-71.3029, 46.7635], [-71.3027, 46.7635], [-71.3027, 46.7634], [-71.3026, 46.7633], [-71.3025, 46.7633], [-71.3025, 46.7632], [-71.3025, 46.7631], [-71.3025, 46.7629], [-71.3025, 46.7628], [-71.3026, 46.7627], [-71.3027, 46.7626], [-71.3028, 46.7625], [-71.3029, 46.7624], [-71.3031, 46.7623], [-71.3033, 46.7623], [-71.3035, 46.7622], [-71.3038, 46.7622], [-71.304, 46.7622], [-71.3043, 46.7622], [-71.3045, 46.7622], [-71.3047, 46.7623], [-71.3049, 46.7623], [-71.305, 46.7624], [-71.3052, 46.7625], [-71.3053, 46.7626], [-71.3054, 46.7627], [-71.3055, 46.7627], [-71.3056, 46.7628], [-71.3057, 46.7627], [-71.3057, 46.7626], [-71.3057, 46.7625], [-71.3058, 46.7624], [-71.3059, 46.7623], [-71.3061, 46.7622], [-71.3062, 46.7622], [-71.3064, 46.7622], [-71.3066, 46.7622], [-71.3069, 46.7622], [-71.3071, 46.7622], [-71.3073, 46.7622], [-71.3075, 46.7623], [-71.3076, 46.7624], [-71.3077, 46.7625], [-71.3078, 46.7626], [-71.3078, 46.7628], [-71.3079, 46.7629], [-71.3079, 46.7631], [-71.3078, 46.7632], [-71.3078, 46.7633], [-71.3077, 46.7634], [-71.3076, 46.7635], [-71.3075, 46.7635], [-71.3074, 46.7636], [-71.3072, 46.7636], [-71.3071, 46.7636], [-71.307, 46.7636], [-71.3069, 46.7636], [-71.3068, 46.7636], [-71.3068, 46.7637], [-71.3069, 46.7638], [-71.307, 46.7638], [-71.3071, 46.7638], [-71.3072, 46.7638], [-71.3074, 46.7638], [-71.3075, 46.7638], [-71.3077, 46.7637], [-71.308, 46.7636], [-71.3082, 46.7635], [-71.3085, 46.7633], [-71.3088, 46.7632], [-71.309, 46.7631], [-71.3093, 46.763], [-71.3095, 46.763], [-71.3097, 46.763], [-71.3099, 46.763], [-71.3101, 46.7631], [-71.3103, 46.7632], [-71.3105, 46.7633], [-71.3106, 46.7633], [-71.3108, 46.7634], [-71.3109, 46.7634], [-71.311, 46.7634], [-71.3111, 46.7633], [-71.3112, 46.7632], [-71.3112, 46.7631], [-71.3113, 46.763], [-71.3114, 46.763], [-71.3115, 46.763], [-71.3116, 46.7629], [-71.3117, 46.7629], [-71.3118, 46.763], [-71.3119, 46.763], [-71.312, 46.763], [-71.3122, 46.763], [-71.3123, 46.763], [-71.3124, 46.763], [-71.3126, 46.7629], [-71.3128, 46.7628], [-71.3129, 46.7627], [-71.3131, 46.7626], [-71.3133, 46.7626], [-71.3135, 46.7625], [-71.3138, 46.7624], [-71.3141, 46.7624], [-71.3145, 46.7624], [-71.3149, 46.7623], [-71.3153, 46.7623], [-71.3158, 46.7624], [-71.3162, 46.7624], [-71.3166, 46.7625], [-71.3169, 46.7626], [-71.3171, 46.7627], [-71.3173, 46.7629], [-71.3174, 46.7631], [-71.3175, 46.7633], [-71.3175, 46.7636], [-71.3175, 46.7638], [-71.3175, 46.764], [-71.3174, 46.7642], [-71.3173, 46.7643], [-71.3172, 46.7645], [-71.3171, 46.7645], [-71.3169, 46.7646], [-71.3168, 46.7646], [-71.3166, 46.7646], [-71.3165, 46.7646], [-71.3164, 46.7646], [-71.3163, 46.7646], [-71.3162, 46.7646], [-71.3161, 46.7646], [-71.316, 46.7645], [-71.3159, 46.7644], [-71.3158, 46.7644], [-71.3157, 46.7645], [-71.3155, 46.7645], [-71.3153, 46.7646], [-71.3151, 46.7647], [-71.3148, 46.7649], [-71.3146, 46.7651], [-71.3144, 46.7653], [-71.3143, 46.7655], [-71.3143, 46.7657], [-71.3144, 46.7659], [-71.3146, 46.7661], [-71.3148, 46.7664], [-71.3152, 46.7666], [-71.3156, 46.7669], [-71.316, 46.7672], [-71.3163, 46.7674], [-71.3166, 46.7676], [-71.3168, 46.7679], [-71.317, 46.7681], [-71.3171, 46.7683], [-71.3172, 46.7684], [-71.3171, 46.7686], [-71.3172, 46.7688], [-71.3172, 46.7689], [-71.3172, 46.769], [-71.3172, 46.7691], [-71.3173, 46.7693], [-71.3174, 46.7694], [-71.3175, 46.7695], [-71.3176, 46.7696], [-71.3176, 46.7697], [-71.3176, 46.7698], [-71.3176, 46.7699], [-71.3176, 46.7701], [-71.3175, 46.7702], [-71.3174, 46.7703], [-71.3173, 46.7705]]]}}, {"type": "Feature", "properties": {"couche": "voile", "station": "Duchesneau", "minutes": 11}, "geometry": {"type": "Polygon", "coordinates": [[[-71.4767, 46.8794], [-71.146, 46.8817], [-71.1433, 46.6553], [-71.4726, 46.6529], [-71.4767, 46.8794]], [[-71.3174, 46.7703], [-71.3175, 46.7702], [-71.3176, 46.7701], [-71.3176, 46.7699], [-71.3176, 46.7698], [-71.3176, 46.7697], [-71.3176, 46.7696], [-71.3175, 46.7695], [-71.3174, 46.7694], [-71.3173, 46.7693], [-71.3172, 46.7691], [-71.3172, 46.769], [-71.3172, 46.7689], [-71.3172, 46.7688], [-71.3171, 46.7686], [-71.3172, 46.7684], [-71.3171, 46.7683], [-71.317, 46.7681], [-71.3168, 46.7679], [-71.3166, 46.7676], [-71.3163, 46.7674], [-71.316, 46.7672], [-71.3156, 46.7669], [-71.3152, 46.7666], [-71.3148, 46.7664], [-71.3146, 46.7661], [-71.3144, 46.7659], [-71.3143, 46.7657], [-71.3143, 46.7655], [-71.3144, 46.7653], [-71.3146, 46.7651], [-71.3148, 46.7649], [-71.3151, 46.7647], [-71.3153, 46.7646], [-71.3155, 46.7645], [-71.3157, 46.7645], [-71.3158, 46.7644], [-71.3159, 46.7644], [-71.316, 46.7645], [-71.3161, 46.7646], [-71.3162, 46.7646], [-71.3163, 46.7646], [-71.3164, 46.7646], [-71.3165, 46.7646], [-71.3166, 46.7646], [-71.3168, 46.7646], [-71.3169, 46.7646], [-71.3171, 46.7645], [-71.3172, 46.7645], [-71.3173, 46.7643], [-71.3174, 46.7642], [-71.3175, 46.764], [-71.3175, 46.7638], [-71.3175, 46.7636], [-71.3175, 46.7633], [-71.3174, 46.7631], [-71.3173, 46.7629], [-71.3171, 46.7627], [-71.3169, 46.7626], [-71.3166, 46.7625], [-71.3162, 46.7624], [-71.3158, 46.7624], [-71.3153, 46.7623], [-71.3149, 46.7623], [-71.3145, 46.7624], [-71.3141, 46.7624], [-71.3138, 46.7624], [-71.3135, 46.7625], [-71.3133, 46.7626], [-71.3131, 46.7626], [-71.3129, 46.7627], [-71.3128, 46.7628], [-71.3126, 46.7629], [-71.3124, 46.763], [-71.3123, 46.763], [-71.3122, 46.763], [-71.312, 46.763], [-71.3119, 46.763], [-71.3118, 46.763], [-71.3117, 46.7629], [-71.3116, 46.7629], [-71.3115, 46.763], [-71.3114, 46.763], [-71.3113, 46.763], [-71.3112, 46.7631], [-71.3112, 46.7632], [-71.3111, 46.7633], [-71.311, 46.7634], [-71.3109, 46.7634], [-71.3108, 46.7634], [-71.3106, 46.7633], [-71.3105, 46.7633], [-71.3103, 46.7632], [-71.3101, 46.7631], [-71.3099, 46.763], [-71.3097, 46.763], [-71.3095, 46.763], [-71.3093, 46.763], [-71.309, 46.7631], [-71.3088, 46.7632], [-71.3085, 46.7633], [-71.3082, 46.7635], [-71.308, 46.7636], [-71.3077, 46.7637], [-71.3075, 46.7638], [-71.3074, 46.7638], [-71.3072, 46.7638], [-71.3071, 46.7638], [-71.307, 46.7638], [-71.3069, 46.7638], [-71.3068, 46.7637], [-71.3068, 46.7636], [-71.3069, 46.7636], [-71.307, 46.7636], [-71.3071, 46.7636], [-71.3072, 46.7636], [-71.3074, 46.7636], [-71.3075, 46.7635], [-71.3076, 46.7635], [-71.3077, 46.7634], [-71.3078, 46.7633], [-71.3078, 46.7632], [-71.3079, 46.7631], [-71.3079, 46.7629], [-71.3078, 46.7628], [-71.3078, 46.7626], [-71.3077, 46.7625], [-71.3076, 46.7624], [-71.3075, 46.7623], [-71.3073, 46.7622], [-71.3071, 46.7622], [-71.3069, 46.7622], [-71.3066, 46.7622], [-71.3064, 46.7622], [-71.3062, 46.7622], [-71.3061, 46.7622], [-71.3059, 46.7623], [-71.3058, 46.7624], [-71.3057, 46.7625], [-71.3057, 46.7626], [-71.3057, 46.7627], [-71.3056, 46.7628], [-71.3055, 46.7627], [-71.3054, 46.7627], [-71.3053, 46.7626], [-71.3052, 46.7625], [-71.305, 46.7624], [-71.3049, 46.7623], [-71.3047, 46.7623], [-71.3045, 46.7622], [-71.3043, 46.7622], [-71.304, 46.7622], [-71.3038, 46.7622], [-71.3035, 46.7622], [-71.3033, 46.7623], [-71.3031, 46.7623], [-71.3029, 46.7624], [-71.3028, 46.7625], [-71.3027, 46.7626], [-71.3026, 46.7627], [-71.3025, 46.7628], [-71.3025, 46.7629], [-71.3025, 46.7631], [-71.3025, 46.7632], [-71.3025, 46.7633], [-71.3026, 46.7633], [-71.3027, 46.7634], [-71.3027, 46.7635], [-71.3029, 46.7635], [-71.303, 46.7635], [-71.3031, 46.7636], [-71.3032, 46.7636], [-71.3033, 46.7637], [-71.3034, 46.7638], [-71.3035, 46.7638], [-71.3035, 46.7639], [-71.3035, 46.764], [-71.3035, 46.7641], [-71.3034, 46.7642], [-71.3033, 46.7643], [-71.3032, 46.7645], [-71.303, 46.7646], [-71.3028, 46.7647], [-71.3026, 46.7649], [-71.3024, 46.765], [-71.3022, 46.7652], [-71.3021, 46.7654], [-71.3019, 46.7656], [-71.3018, 46.7659], [-71.3017, 46.7661], [-71.3017, 46.7664], [-71.3017, 46.7667], [-71.3017, 46.767], [-71.3017, 46.7673], [-71.3018, 46.7676], [-71.3019, 46.768], [-71.302, 46.7683], [-71.3022, 46.7687], [-71.3024, 46.769], [-71.3026, 46.7694], [-71.3028, 46.7697], [-71.303, 46.7701], [-71.303, 46.7703], [-71.3031, 46.7706], [-71.303, 46.7708], [-71.3029, 46.771], [-71.3028, 46.7711], [-71.3026, 46.7712], [-71.3024, 46.7713], [-71.3022, 46.7715], [-71.3021, 46.7716], [-71.302, 46.7717], [-71.302, 46.7718], [-71.302, 46.7719], [-71.302, 46.772], [-71.302, 46.7721], [-71.3021, 46.7722], [-71.3022, 46.7723], [-71.3023, 46.7724], [-71.3024, 46.7724], [-71.3025, 46.7724], [-71.3026, 46.7724], [-71.3027, 46.7724], [-71.3029, 46.7724], [-71.303, 46.7724], [-71.3032, 46.7723], [-71.3034, 46.7723], [-71.3035, 46.7722], [-71.3037, 46.7721], [-71.304, 46.7719], [-71.3042, 46.7718], [-71.3044, 46.7716], [-71.3045, 46.7716], [-71.3044, 46.7717], [-71.3044, 46.7718], [-71.3044, 46.7719], [-71.3044, 46.772], [-71.3044, 46.7721], [-71.3045, 46.7722], [-71.3045, 46.7723], [-71.3047, 46.7724], [-71.3048, 46.7724], [-71.3049, 46.7725], [-71.3051, 46.7725], [-71.3053, 46.7726], [-71.3056, 46.7726], [-71.3058, 46.7726], [-71.3061, 46.7725], [-71.3064, 46.7725], [-71.3067, 46.7724], [-71.3069, 46.7724], [-71.3072, 46.7724], [-71.3074, 46.7724], [-71.3076, 46.7724], [-71.3077, 46.7725], [-71.3079, 46.7725], [-71.308, 46.7726], [-71.3082, 46.7726], [-71.3083, 46.7726], [-71.3084, 46.7727], [-71.3086, 46.7726], [-71.3087, 46.7726], [-71.3089, 46.7726], [-71.3091, 46.7725], [-71.3092, 46.7725], [-71.3094, 46.7724], [-71.3095, 46.7724], [-71.3097, 46.7723], [-71.3098, 46.7723], [-71.31, 46.7724], [-71.3101, 46.7724], [-71.3103, 46.7724], [-71.3104, 46.7725], [-71.3105, 46.7725], [-71.3106, 46.7726], [-71.3107, 46.7726], [-71.3108, 46.7726], [-71.3109, 46.7726], [-71.311, 46.7726], [-71.311, 46.7725], [-71.3111, 46.7725], [-71.3111, 46.7724], [-71.3111, 46.7723], [-71.3111, 46.7722], [-71.311, 46.7721], [-71.3109, 46.772], [-71.3109, 46.7719], [-71.311, 46.7719], [-71.3111, 46.772], [-71.3113, 46.7721], [-71.3115, 46.7723], [-71.3117, 46.7724], [-71.3119, 46.7725], [-71.312, 46.7725], [-71.3122, 46.7726], [-71.3124, 46.7726], [-71.3126, 46.7726], [-71.3127, 46.7725], [-71.3129, 46.7725], [-71.313, 46.7724], [-71.3132, 46.7724], [-71.3133, 46.7724], [-71.3134, 46.7724], [-71.3135, 46.7724], [-71.3135, 46.7725], [-71.3136, 46.7725], [-71.3136, 46.7726], [-71.3137, 46.7726], [-71.3138, 46.7727], [-71.3139, 46.7727], [-71.314, 46.7727], [-71.3141, 46.7727], [-71.3142, 46.7726], [-71.3143, 46.7726], [-71.3144, 46.7726], [-71.3145, 46.7726], [-71.3147, 46.7725], [-71.3149, 46.7725], [-71.3151, 46.7726], [-71.3153, 46.7726], [-71.3156, 46.7726], [-71.3158, 46.7727], [-71.3161, 46.7727], [-71.3163, 46.7727], [-71.3164, 46.7727], [-71.3166, 46.7727], [-71.3167, 46.7726], [-71.3167, 46.7725], [-71.3168, 46.7725], [-71.3167, 46.7724], [-71.3168, 46.7723], [-71.3168, 46.7722], [-71.3168, 46.7721], [-71.3169, 46.772], [-71.317, 46.7719], [-71.3171, 46.7719], [-71.3172, 46.7718], [-71.3173, 46.7717], [-71.3173, 46.7716], [-71.3173, 46.7715], [-71.3172, 46.7714], [-71.3171, 46.7713], [-71.3171, 46.7712], [-71.317, 46.7711], [-71.3171, 46.7709], [-71.3171, 46.7708], [-71.3172, 46.7707], [-71.3173, 46.7705], [-71.3174, 46.7703]]]}}, {"type": "Feature", "properties": {"couche": "aire_marche", "station": "Duchesneau", "ordre": 6, "minutes": 12, "superficie_ha": 135.3, "rue_km": 45.88, "disque_ha": 221.7, "part_disque_pct": 61, "accroche_m": 6, "population": 6254, "navetteurs": 2369, "mode_auto_pct": 67, "mode_tc_pct": 21, "mode_actif_pct": 10, "mode_autre_pct": 2}, "geometry": {"type": "Polygon", "coordinates": [[[-71.318, 46.7634], [-71.318, 46.7636], [-71.3179, 46.7638], [-71.3179, 46.764], [-71.3179, 46.7641], [-71.3179, 46.7643], [-71.3179, 46.7644], [-71.3179, 46.7645], [-71.318, 46.7646], [-71.318, 46.7647], [-71.318, 46.7648], [-71.3179, 46.7649], [-71.3178, 46.7649], [-71.3177, 46.7649], [-71.3175, 46.7648], [-71.3174, 46.7648], [-71.3172, 46.7648], [-71.3171, 46.7648], [-71.3169, 46.7648], [-71.3168, 46.7648], [-71.3166, 46.7649], [-71.3165, 46.7649], [-71.3163, 46.765], [-71.3162, 46.765], [-71.3161, 46.765], [-71.316, 46.765], [-71.3159, 46.765], [-71.3158, 46.765], [-71.3157, 46.7649], [-71.3156, 46.7649], [-71.3156, 46.7648], [-71.3155, 46.7647], [-71.3154, 46.7647], [-71.3153, 46.7647], [-71.3152, 46.7647], [-71.315, 46.7648], [-71.3149, 46.7649], [-71.3147, 46.765], [-71.3144, 46.7652], [-71.3143, 46.7654], [-71.3143, 46.7656], [-71.3143, 46.7658], [-71.3145, 46.7661], [-71.3148, 46.7664], [-71.3151, 46.7668], [-71.3156, 46.7671], [-71.3161, 46.7675], [-71.3166, 46.7679], [-71.3171, 46.7683], [-71.3174, 46.7687], [-71.3177, 46.769], [-71.3179, 46.7693], [-71.318, 46.7697], [-71.3181, 46.77], [-71.3181, 46.7702], [-71.3181, 46.7705], [-71.3181, 46.7707], [-71.3181, 46.7709], [-71.318, 46.7711], [-71.318, 46.7712], [-71.3179, 46.7713], [-71.3179, 46.7714], [-71.3178, 46.7714], [-71.3177, 46.7714], [-71.3177, 46.7715], [-71.3176, 46.7715], [-71.3176, 46.7716], [-71.3177, 46.7716], [-71.3177, 46.7717], [-71.3178, 46.7718], [-71.3179, 46.7719], [-71.3179, 46.772], [-71.3179, 46.7721], [-71.3179, 46.7722], [-71.3179, 46.7723], [-71.3178, 46.7724], [-71.3177, 46.7725], [-71.3176, 46.7727], [-71.3175, 46.7728], [-71.3173, 46.7729], [-71.3171, 46.773], [-71.3169, 46.7731], [-71.3166, 46.7731], [-71.3164, 46.7732], [-71.3161, 46.7732], [-71.3157, 46.7732], [-71.3154, 46.7732], [-71.3152, 46.7732], [-71.3149, 46.7732], [-71.3147, 46.7732], [-71.3146, 46.7731], [-71.3145, 46.7731], [-71.3144, 46.773], [-71.3143, 46.773], [-71.3143, 46.7729], [-71.3142, 46.7729], [-71.3141, 46.7729], [-71.314, 46.7729], [-71.3139, 46.7729], [-71.3138, 46.7729], [-71.3137, 46.773], [-71.3136, 46.773], [-71.3134, 46.773], [-71.3132, 46.773], [-71.313, 46.773], [-71.3128, 46.7729], [-71.3126, 46.7728], [-71.3123, 46.7727], [-71.312, 46.7725], [-71.3117, 46.7723], [-71.3114, 46.7722], [-71.3112, 46.7721], [-71.3111, 46.772], [-71.311, 46.772], [-71.3111, 46.7721], [-71.3113, 46.7722], [-71.3114, 46.7723], [-71.3115, 46.7724], [-71.3116, 46.7725], [-71.3117, 46.7726], [-71.3117, 46.7727], [-71.3117, 46.7728], [-71.3117, 46.7729], [-71.3117, 46.773], [-71.3116, 46.773], [-71.3114, 46.773], [-71.3113, 46.7729], [-71.3111, 46.7729], [-71.3109, 46.7728], [-71.3106, 46.7727], [-71.3104, 46.7726], [-71.3101, 46.7725], [-71.3099, 46.7725], [-71.3097, 46.7724], [-71.3096, 46.7725], [-71.3095, 46.7725], [-71.3094, 46.7726], [-71.3093, 46.7726], [-71.3093, 46.7728], [-71.3093, 46.7729], [-71.3092, 46.773], [-71.3091, 46.773], [-71.309, 46.773], [-71.3089, 46.773], [-71.3088, 46.773], [-71.3086, 46.7729], [-71.3085, 46.7729], [-71.3083, 46.7729], [-71.308, 46.7728], [-71.3078, 46.7728], [-71.3075, 46.7728], [-71.3072, 46.7729], [-71.3069, 46.7729], [-71.3065, 46.773], [-71.3062, 46.773], [-71.3059, 46.773], [-71.3056, 46.773], [-71.3054, 46.7729], [-71.3052, 46.7728], [-71.305, 46.7728], [-71.3048, 46.7726], [-71.3047, 46.7725], [-71.3046, 46.7724], [-71.3045, 46.7722], [-71.3044, 46.7721], [-71.3044, 46.772], [-71.3044, 46.7719], [-71.3045, 46.7718], [-71.3045, 46.7717], [-71.3046, 46.7716], [-71.3047, 46.7715], [-71.3046, 46.7715], [-71.3045, 46.7716], [-71.3044, 46.7717], [-71.3042, 46.7718], [-71.3039, 46.772], [-71.3036, 46.7722], [-71.3034, 46.7724], [-71.3031, 46.7725], [-71.3029, 46.7727], [-71.3026, 46.7728], [-71.3025, 46.7728], [-71.3023, 46.7729], [-71.3021, 46.7729], [-71.302, 46.7729], [-71.3019, 46.7729], [-71.3017, 46.7728], [-71.3016, 46.7727], [-71.3015, 46.7727], [-71.3015, 46.7725], [-71.3014, 46.7724], [-71.3013, 46.7723], [-71.3013, 46.7721], [-71.3013, 46.772], [-71.3013, 46.7718], [-71.3014, 46.7717], [-71.3015, 46.7715], [-71.3017, 46.7714], [-71.3019, 46.7713], [-71.3022, 46.7712], [-71.3025, 46.7711], [-71.3027, 46.7709], [-71.3029, 46.7708], [-71.303, 46.7706], [-71.3031, 46.7704], [-71.3031, 46.7701], [-71.303, 46.7699], [-71.3029, 46.7696], [-71.3027, 46.7692], [-71.3025, 46.7689], [-71.3024, 46.7687], [-71.3022, 46.7684], [-71.302, 46.7682], [-71.3019, 46.7681], [-71.3017, 46.7679], [-71.3016, 46.7678], [-71.3014, 46.7678], [-71.3013, 46.7677], [-71.3012, 46.7675], [-71.3011, 46.7674], [-71.301, 46.7672], [-71.301, 46.7669], [-71.301, 46.7667], [-71.301, 46.7664], [-71.301, 46.766], [-71.3011, 46.7657], [-71.3012, 46.7655], [-71.3012, 46.7652], [-71.3013, 46.765], [-71.3014, 46.7649], [-71.3015, 46.7647], [-71.3017, 46.7646], [-71.3018, 46.7646], [-71.3019, 46.7645], [-71.302, 46.7645], [-71.3022, 46.7644], [-71.3023, 46.7644], [-71.3024, 46.7644], [-71.3025, 46.7644], [-71.3026, 46.7644], [-71.3026, 46.7643], [-71.3024, 46.7642], [-71.3023, 46.7641], [-71.3021, 46.764], [-71.302, 46.7639], [-71.3019, 46.7638], [-71.3019, 46.7637], [-71.3018, 46.7636], [-71.3018, 46.7634], [-71.3018, 46.7633], [-71.3018, 46.7631], [-71.3019, 46.763], [-71.302, 46.7628], [-71.3022, 46.7627], [-71.3023, 46.7626], [-71.3025, 46.7624], [-71.3028, 46.7623], [-71.3031, 46.7622], [-71.3034, 46.7621], [-71.3037, 46.762], [-71.304, 46.7619], [-71.3043, 46.7618], [-71.3046, 46.7618], [-71.3048, 46.7617], [-71.3051, 46.7617], [-71.3054, 46.7617], [-71.3056, 46.7617], [-71.3059, 46.7617], [-71.3061, 46.7617], [-71.3064, 46.7617], [-71.3066, 46.7617], [-71.3069, 46.7618], [-71.3072, 46.7618], [-71.3075, 46.7619], [-71.3077, 46.762], [-71.308, 46.762], [-71.3081, 46.7621], [-71.3083, 46.7622], [-71.3083, 46.7623], [-71.3083, 46.7624], [-71.3083, 46.7625], [-71.3082, 46.7625], [-71.3081, 46.7626], [-71.308, 46.7627], [-71.3079, 46.7628], [-71.3078, 46.7629], [-71.3078, 46.763], [-71.3078, 46.7631], [-71.3079, 46.7632], [-71.308, 46.7632], [-71.3081, 46.7633], [-71.3082, 46.7633], [-71.3083, 46.7633], [-71.3084, 46.7633], [-71.3086, 46.7633], [-71.3087, 46.7632], [-71.3088, 46.7631], [-71.309, 46.763], [-71.3091, 46.763], [-71.3093, 46.7629], [-71.3094, 46.7629], [-71.3095, 46.7629], [-71.3096, 46.7629], [-71.3098, 46.7629], [-71.3099, 46.7629], [-71.31, 46.7629], [-71.3101, 46.763], [-71.3102, 46.763], [-71.3103, 46.763], [-71.3104, 46.763], [-71.3106, 46.763], [-71.3107, 46.7629], [-71.3109, 46.7629], [-71.311, 46.7628], [-71.3112, 46.7628], [-71.3113, 46.7628], [-71.3115, 46.7627], [-71.3116, 46.7627], [-71.3117, 46.7628], [-71.3118, 46.7628], [-71.3119, 46.7628], [-71.312, 46.7629], [-71.3121, 46.7629], [-71.3123, 46.7629], [-71.3124, 46.7629], [-71.3126, 46.7629], [-71.3128, 46.7628], [-71.313, 46.7627], [-71.3132, 46.7625], [-71.3135, 46.7624], [-71.3138, 46.7622], [-71.314, 46.7621], [-71.3142, 46.762], [-71.3144, 46.7619], [-71.3146, 46.7619], [-71.3148, 46.7618], [-71.3149, 46.7618], [-71.3151, 46.7618], [-71.3152, 46.7619], [-71.3153, 46.7619], [-71.3154, 46.7619], [-71.3155, 46.762], [-71.3156, 46.762], [-71.3157, 46.7621], [-71.3157, 46.7622], [-71.3158, 46.7622], [-71.3159, 46.7623], [-71.316, 46.7624], [-71.3161, 46.7624], [-71.3162, 46.7623], [-71.3164, 46.7623], [-71.3165, 46.7622], [-71.3166, 46.7622], [-71.3168, 46.7621], [-71.3169, 46.7621], [-71.3171, 46.762], [-71.3172, 46.762], [-71.3174, 46.762], [-71.3175, 46.7621], [-71.3177, 46.7621], [-71.3178, 46.7621], [-71.318, 46.7622], [-71.3181, 46.7623], [-71.3181, 46.7624], [-71.3182, 46.7626], [-71.3182, 46.7628], [-71.3181, 46.7629], [-71.3181, 46.7631], [-71.318, 46.7634]]]}}, {"type": "Feature", "properties": {"couche": "voile", "station": "Duchesneau", "minutes": 12}, "geometry": {"type": "Polygon", "coordinates": [[[-71.4774, 46.8799], [-71.1453, 46.8822], [-71.1426, 46.6548], [-71.4733, 46.6524], [-71.4774, 46.8799]], [[-71.3181, 46.7631], [-71.3181, 46.7629], [-71.3182, 46.7628], [-71.3182, 46.7626], [-71.3181, 46.7624], [-71.3181, 46.7623], [-71.318, 46.7622], [-71.3178, 46.7621], [-71.3177, 46.7621], [-71.3175, 46.7621], [-71.3174, 46.762], [-71.3172, 46.762], [-71.3171, 46.762], [-71.3169, 46.7621], [-71.3168, 46.7621], [-71.3166, 46.7622], [-71.3165, 46.7622], [-71.3164, 46.7623], [-71.3162, 46.7623], [-71.3161, 46.7624], [-71.316, 46.7624], [-71.3159, 46.7623], [-71.3158, 46.7622], [-71.3157, 46.7622], [-71.3157, 46.7621], [-71.3156, 46.762], [-71.3155, 46.762], [-71.3154, 46.7619], [-71.3153, 46.7619], [-71.3152, 46.7619], [-71.3151, 46.7618], [-71.3149, 46.7618], [-71.3148, 46.7618], [-71.3146, 46.7619], [-71.3144, 46.7619], [-71.3142, 46.762], [-71.314, 46.7621], [-71.3138, 46.7622], [-71.3135, 46.7624], [-71.3132, 46.7625], [-71.313, 46.7627], [-71.3128, 46.7628], [-71.3126, 46.7629], [-71.3124, 46.7629], [-71.3123, 46.7629], [-71.3121, 46.7629], [-71.312, 46.7629], [-71.3119, 46.7628], [-71.3118, 46.7628], [-71.3117, 46.7628], [-71.3116, 46.7627], [-71.3115, 46.7627], [-71.3113, 46.7628], [-71.3112, 46.7628], [-71.311, 46.7628], [-71.3109, 46.7629], [-71.3107, 46.7629], [-71.3106, 46.763], [-71.3104, 46.763], [-71.3103, 46.763], [-71.3102, 46.763], [-71.3101, 46.763], [-71.31, 46.7629], [-71.3099, 46.7629], [-71.3098, 46.7629], [-71.3096, 46.7629], [-71.3095, 46.7629], [-71.3094, 46.7629], [-71.3093, 46.7629], [-71.3091, 46.763], [-71.309, 46.763], [-71.3088, 46.7631], [-71.3087, 46.7632], [-71.3086, 46.7633], [-71.3084, 46.7633], [-71.3083, 46.7633], [-71.3082, 46.7633], [-71.3081, 46.7633], [-71.308, 46.7632], [-71.3079, 46.7632], [-71.3078, 46.7631], [-71.3078, 46.763], [-71.3078, 46.7629], [-71.3079, 46.7628], [-71.308, 46.7627], [-71.3081, 46.7626], [-71.3082, 46.7625], [-71.3083, 46.7625], [-71.3083, 46.7624], [-71.3083, 46.7623], [-71.3083, 46.7622], [-71.3081, 46.7621], [-71.308, 46.762], [-71.3077, 46.762], [-71.3075, 46.7619], [-71.3072, 46.7618], [-71.3069, 46.7618], [-71.3066, 46.7617], [-71.3064, 46.7617], [-71.3061, 46.7617], [-71.3059, 46.7617], [-71.3056, 46.7617], [-71.3054, 46.7617], [-71.3051, 46.7617], [-71.3048, 46.7617], [-71.3046, 46.7618], [-71.3043, 46.7618], [-71.304, 46.7619], [-71.3037, 46.762], [-71.3034, 46.7621], [-71.3031, 46.7622], [-71.3028, 46.7623], [-71.3025, 46.7624], [-71.3023, 46.7626], [-71.3022, 46.7627], [-71.302, 46.7628], [-71.3019, 46.763], [-71.3018, 46.7631], [-71.3018, 46.7633], [-71.3018, 46.7634], [-71.3018, 46.7636], [-71.3019, 46.7637], [-71.3019, 46.7638], [-71.302, 46.7639], [-71.3021, 46.764], [-71.3023, 46.7641], [-71.3024, 46.7642], [-71.3026, 46.7643], [-71.3026, 46.7644], [-71.3025, 46.7644], [-71.3024, 46.7644], [-71.3023, 46.7644], [-71.3022, 46.7644], [-71.302, 46.7645], [-71.3019, 46.7645], [-71.3018, 46.7646], [-71.3017, 46.7646], [-71.3015, 46.7647], [-71.3014, 46.7649], [-71.3013, 46.765], [-71.3012, 46.7652], [-71.3012, 46.7655], [-71.3011, 46.7657], [-71.301, 46.766], [-71.301, 46.7664], [-71.301, 46.7667], [-71.301, 46.7669], [-71.301, 46.7672], [-71.3011, 46.7674], [-71.3012, 46.7675], [-71.3013, 46.7677], [-71.3014, 46.7678], [-71.3016, 46.7678], [-71.3017, 46.7679], [-71.3019, 46.7681], [-71.302, 46.7682], [-71.3022, 46.7684], [-71.3024, 46.7687], [-71.3025, 46.7689], [-71.3027, 46.7692], [-71.3029, 46.7696], [-71.303, 46.7699], [-71.3031, 46.7701], [-71.3031, 46.7704], [-71.303, 46.7706], [-71.3029, 46.7708], [-71.3027, 46.7709], [-71.3025, 46.7711], [-71.3022, 46.7712], [-71.3019, 46.7713], [-71.3017, 46.7714], [-71.3015, 46.7715], [-71.3014, 46.7717], [-71.3013, 46.7718], [-71.3013, 46.772], [-71.3013, 46.7721], [-71.3013, 46.7723], [-71.3014, 46.7724], [-71.3015, 46.7725], [-71.3015, 46.7727], [-71.3016, 46.7727], [-71.3017, 46.7728], [-71.3019, 46.7729], [-71.302, 46.7729], [-71.3021, 46.7729], [-71.3023, 46.7729], [-71.3025, 46.7728], [-71.3026, 46.7728], [-71.3029, 46.7727], [-71.3031, 46.7725], [-71.3034, 46.7724], [-71.3036, 46.7722], [-71.3039, 46.772], [-71.3042, 46.7718], [-71.3044, 46.7717], [-71.3045, 46.7716], [-71.3046, 46.7715], [-71.3047, 46.7715], [-71.3046, 46.7716], [-71.3045, 46.7717], [-71.3045, 46.7718], [-71.3044, 46.7719], [-71.3044, 46.772], [-71.3044, 46.7721], [-71.3045, 46.7722], [-71.3046, 46.7724], [-71.3047, 46.7725], [-71.3048, 46.7726], [-71.305, 46.7728], [-71.3052, 46.7728], [-71.3054, 46.7729], [-71.3056, 46.773], [-71.3059, 46.773], [-71.3062, 46.773], [-71.3065, 46.773], [-71.3069, 46.7729], [-71.3072, 46.7729], [-71.3075, 46.7728], [-71.3078, 46.7728], [-71.308, 46.7728], [-71.3083, 46.7729], [-71.3085, 46.7729], [-71.3086, 46.7729], [-71.3088, 46.773], [-71.3089, 46.773], [-71.309, 46.773], [-71.3091, 46.773], [-71.3092, 46.773], [-71.3093, 46.7729], [-71.3093, 46.7728], [-71.3093, 46.7726], [-71.3094, 46.7726], [-71.3095, 46.7725], [-71.3096, 46.7725], [-71.3097, 46.7724], [-71.3099, 46.7725], [-71.3101, 46.7725], [-71.3104, 46.7726], [-71.3106, 46.7727], [-71.3109, 46.7728], [-71.3111, 46.7729], [-71.3113, 46.7729], [-71.3114, 46.773], [-71.3116, 46.773], [-71.3117, 46.773], [-71.3117, 46.7729], [-71.3117, 46.7728], [-71.3117, 46.7727], [-71.3117, 46.7726], [-71.3116, 46.7725], [-71.3115, 46.7724], [-71.3114, 46.7723], [-71.3113, 46.7722], [-71.3111, 46.7721], [-71.311, 46.772], [-71.3111, 46.772], [-71.3112, 46.7721], [-71.3114, 46.7722], [-71.3117, 46.7723], [-71.312, 46.7725], [-71.3123, 46.7727], [-71.3126, 46.7728], [-71.3128, 46.7729], [-71.313, 46.773], [-71.3132, 46.773], [-71.3134, 46.773], [-71.3136, 46.773], [-71.3137, 46.773], [-71.3138, 46.7729], [-71.3139, 46.7729], [-71.314, 46.7729], [-71.3141, 46.7729], [-71.3142, 46.7729], [-71.3143, 46.7729], [-71.3143, 46.773], [-71.3144, 46.773], [-71.3145, 46.7731], [-71.3146, 46.7731], [-71.3147, 46.7732], [-71.3149, 46.7732], [-71.3152, 46.7732], [-71.3154, 46.7732], [-71.3157, 46.7732], [-71.3161, 46.7732], [-71.3164, 46.7732], [-71.3166, 46.7731], [-71.3169, 46.7731], [-71.3171, 46.773], [-71.3173, 46.7729], [-71.3175, 46.7728], [-71.3176, 46.7727], [-71.3177, 46.7725], [-71.3178, 46.7724], [-71.3179, 46.7723], [-71.3179, 46.7722], [-71.3179, 46.7721], [-71.3179, 46.772], [-71.3179, 46.7719], [-71.3178, 46.7718], [-71.3177, 46.7717], [-71.3177, 46.7716], [-71.3176, 46.7716], [-71.3176, 46.7715], [-71.3177, 46.7715], [-71.3177, 46.7714], [-71.3178, 46.7714], [-71.3179, 46.7714], [-71.3179, 46.7713], [-71.318, 46.7712], [-71.318, 46.7711], [-71.3181, 46.7709], [-71.3181, 46.7707], [-71.3181, 46.7705], [-71.3181, 46.7702], [-71.3181, 46.77], [-71.318, 46.7697], [-71.3179, 46.7693], [-71.3177, 46.769], [-71.3174, 46.7687], [-71.3171, 46.7683], [-71.3166, 46.7679], [-71.3161, 46.7675], [-71.3156, 46.7671], [-71.3151, 46.7668], [-71.3148, 46.7664], [-71.3145, 46.7661], [-71.3143, 46.7658], [-71.3143, 46.7656], [-71.3143, 46.7654], [-71.3144, 46.7652], [-71.3147, 46.765], [-71.3149, 46.7649], [-71.315, 46.7648], [-71.3152, 46.7647], [-71.3153, 46.7647], [-71.3154, 46.7647], [-71.3155, 46.7647], [-71.3156, 46.7648], [-71.3156, 46.7649], [-71.3157, 46.7649], [-71.3158, 46.765], [-71.3159, 46.765], [-71.316, 46.765], [-71.3161, 46.765], [-71.3162, 46.765], [-71.3163, 46.765], [-71.3165, 46.7649], [-71.3166, 46.7649], [-71.3168, 46.7648], [-71.3169, 46.7648], [-71.3171, 46.7648], [-71.3172, 46.7648], [-71.3174, 46.7648], [-71.3175, 46.7648], [-71.3177, 46.7649], [-71.3178, 46.7649], [-71.3179, 46.7649], [-71.318, 46.7648], [-71.318, 46.7647], [-71.318, 46.7646], [-71.3179, 46.7645], [-71.3179, 46.7644], [-71.3179, 46.7643], [-71.3179, 46.7641], [-71.3179, 46.764], [-71.3179, 46.7638], [-71.318, 46.7636], [-71.318, 46.7634], [-71.3181, 46.7631]]]}}, {"type": "Feature", "properties": {"couche": "aire_marche", "station": "Duchesneau", "ordre": 6, "minutes": 13, "superficie_ha": 152.6, "rue_km": 52.22, "disque_ha": 260.2, "part_disque_pct": 59, "accroche_m": 6, "population": 6998, "navetteurs": 2640, "mode_auto_pct": 67, "mode_tc_pct": 21, "mode_actif_pct": 10, "mode_autre_pct": 2}, "geometry": {"type": "Polygon", "coordinates": [[[-71.319, 46.7627], [-71.319, 46.7629], [-71.319, 46.7631], [-71.3189, 46.7632], [-71.3188, 46.7634], [-71.3187, 46.7635], [-71.3186, 46.7636], [-71.3185, 46.7637], [-71.3183, 46.7638], [-71.3182, 46.7639], [-71.3181, 46.764], [-71.318, 46.7641], [-71.318, 46.7642], [-71.3181, 46.7642], [-71.3181, 46.7643], [-71.3182, 46.7644], [-71.3184, 46.7644], [-71.3185, 46.7645], [-71.3186, 46.7645], [-71.3187, 46.7646], [-71.3188, 46.7647], [-71.3188, 46.7648], [-71.3188, 46.7649], [-71.3188, 46.765], [-71.3188, 46.7651], [-71.3187, 46.7652], [-71.3187, 46.7653], [-71.3186, 46.7653], [-71.3185, 46.7653], [-71.3184, 46.7653], [-71.3182, 46.7653], [-71.3181, 46.7652], [-71.3179, 46.7652], [-71.3177, 46.7652], [-71.3175, 46.7652], [-71.3172, 46.7652], [-71.317, 46.7652], [-71.3168, 46.7652], [-71.3165, 46.7653], [-71.3162, 46.7654], [-71.3159, 46.7654], [-71.3157, 46.7655], [-71.3155, 46.7655], [-71.3153, 46.7655], [-71.3152, 46.7654], [-71.3151, 46.7654], [-71.315, 46.7653], [-71.315, 46.7652], [-71.3149, 46.7652], [-71.3148, 46.7651], [-71.3147, 46.7651], [-71.3146, 46.7651], [-71.3145, 46.7652], [-71.3144, 46.7652], [-71.3143, 46.7653], [-71.3141, 46.7654], [-71.3141, 46.7655], [-71.3141, 46.7657], [-71.3143, 46.7659], [-71.3146, 46.7662], [-71.3149, 46.7665], [-71.3154, 46.7668], [-71.3159, 46.7672], [-71.3166, 46.7677], [-71.3171, 46.7681], [-71.3176, 46.7684], [-71.318, 46.7687], [-71.3182, 46.769], [-71.3184, 46.7692], [-71.3185, 46.7693], [-71.3185, 46.7694], [-71.3184, 46.7695], [-71.3183, 46.7696], [-71.3182, 46.7696], [-71.3182, 46.7697], [-71.3182, 46.7698], [-71.3183, 46.7699], [-71.3184, 46.7699], [-71.3185, 46.77], [-71.3186, 46.7701], [-71.3187, 46.7701], [-71.3188, 46.7702], [-71.3189, 46.7703], [-71.3189, 46.7704], [-71.3189, 46.7705], [-71.319, 46.7705], [-71.3189, 46.7706], [-71.3189, 46.7707], [-71.3189, 46.7708], [-71.3188, 46.7709], [-71.3187, 46.771], [-71.3186, 46.771], [-71.3185, 46.771], [-71.3184, 46.7711], [-71.3184, 46.7712], [-71.3184, 46.7713], [-71.3185, 46.7713], [-71.3185, 46.7714], [-71.3186, 46.7715], [-71.3186, 46.7716], [-71.3186, 46.7717], [-71.3185, 46.7718], [-71.3185, 46.7719], [-71.3184, 46.7719], [-71.3182, 46.772], [-71.3182, 46.7721], [-71.3181, 46.7722], [-71.318, 46.7723], [-71.318, 46.7724], [-71.318, 46.7725], [-71.318, 46.7726], [-71.318, 46.7727], [-71.3181, 46.7728], [-71.3181, 46.7729], [-71.3181, 46.773], [-71.318, 46.7731], [-71.318, 46.7732], [-71.3179, 46.7733], [-71.3177, 46.7734], [-71.3175, 46.7734], [-71.3173, 46.7735], [-71.3171, 46.7735], [-71.3169, 46.7736], [-71.3167, 46.7736], [-71.3165, 46.7736], [-71.3163, 46.7736], [-71.3161, 46.7735], [-71.3159, 46.7735], [-71.3157, 46.7734], [-71.3155, 46.7734], [-71.3153, 46.7733], [-71.3151, 46.7733], [-71.3149, 46.7733], [-71.3147, 46.7733], [-71.3145, 46.7734], [-71.3144, 46.7734], [-71.3142, 46.7735], [-71.314, 46.7735], [-71.3138, 46.7735], [-71.3135, 46.7734], [-71.3132, 46.7733], [-71.3129, 46.7732], [-71.3126, 46.773], [-71.3123, 46.7728], [-71.3119, 46.7726], [-71.3116, 46.7724], [-71.3118, 46.7726], [-71.312, 46.7728], [-71.3121, 46.7729], [-71.3123, 46.773], [-71.3123, 46.7731], [-71.3124, 46.7732], [-71.3124, 46.7733], [-71.3123, 46.7734], [-71.3122, 46.7734], [-71.3121, 46.7734], [-71.3119, 46.7733], [-71.3116, 46.7732], [-71.3113, 46.7731], [-71.311, 46.773], [-71.3107, 46.7728], [-71.3103, 46.7727], [-71.3101, 46.7726], [-71.3099, 46.7726], [-71.3097, 46.7726], [-71.3096, 46.7726], [-71.3096, 46.7727], [-71.3096, 46.7728], [-71.3097, 46.773], [-71.3097, 46.7732], [-71.3097, 46.7733], [-71.3097, 46.7734], [-71.3097, 46.7735], [-71.3096, 46.7735], [-71.3095, 46.7735], [-71.3094, 46.7735], [-71.3093, 46.7734], [-71.3092, 46.7734], [-71.309, 46.7734], [-71.3088, 46.7733], [-71.3086, 46.7733], [-71.3083, 46.7733], [-71.3081, 46.7734], [-71.3078, 46.7734], [-71.3074, 46.7734], [-71.3072, 46.7735], [-71.3069, 46.7735], [-71.3067, 46.7735], [-71.3065, 46.7735], [-71.3063, 46.7735], [-71.3061, 46.7734], [-71.306, 46.7734], [-71.3059, 46.7734], [-71.3058, 46.7733], [-71.3057, 46.7733], [-71.3056, 46.7733], [-71.3055, 46.7733], [-71.3054, 46.7733], [-71.3053, 46.7734], [-71.3052, 46.7734], [-71.3051, 46.7734], [-71.305, 46.7734], [-71.3049, 46.7734], [-71.3048, 46.7733], [-71.3047, 46.7732], [-71.3046, 46.7731], [-71.3045, 46.7729], [-71.3044, 46.7727], [-71.3044, 46.7725], [-71.3044, 46.7723], [-71.3043, 46.7721], [-71.3044, 46.772], [-71.3044, 46.7719], [-71.3044, 46.7717], [-71.3043, 46.7718], [-71.3041, 46.7719], [-71.3039, 46.7721], [-71.3035, 46.7724], [-71.3032, 46.7726], [-71.303, 46.7728], [-71.3027, 46.773], [-71.3024, 46.7731], [-71.3022, 46.7732], [-71.302, 46.7733], [-71.3018, 46.7733], [-71.3016, 46.7733], [-71.3014, 46.7733], [-71.3012, 46.7732], [-71.3011, 46.7731], [-71.301, 46.773], [-71.3009, 46.7728], [-71.3008, 46.7726], [-71.3007, 46.7724], [-71.3007, 46.7721], [-71.3007, 46.7719], [-71.3007, 46.7717], [-71.3007, 46.7715], [-71.3007, 46.7714], [-71.3008, 46.7713], [-71.3009, 46.7712], [-71.301, 46.7712], [-71.3012, 46.7712], [-71.3013, 46.7712], [-71.3014, 46.7711], [-71.3015, 46.7711], [-71.3017, 46.7711], [-71.3018, 46.771], [-71.3018, 46.7709], [-71.3019, 46.7709], [-71.302, 46.7708], [-71.3021, 46.7707], [-71.3022, 46.7707], [-71.3023, 46.7707], [-71.3024, 46.7707], [-71.3025, 46.7708], [-71.3026, 46.7709], [-71.3027, 46.771], [-71.3028, 46.7711], [-71.3029, 46.7711], [-71.303, 46.7711], [-71.303, 46.771], [-71.3031, 46.771], [-71.3032, 46.7709], [-71.3033, 46.7708], [-71.3033, 46.7707], [-71.3033, 46.7705], [-71.3032, 46.7703], [-71.3031, 46.7701], [-71.303, 46.7699], [-71.3029, 46.7696], [-71.3027, 46.7692], [-71.3025, 46.7689], [-71.3024, 46.7687], [-71.3022, 46.7685], [-71.3021, 46.7683], [-71.3019, 46.7682], [-71.3018, 46.7681], [-71.3017, 46.768], [-71.3016, 46.768], [-71.3014, 46.768], [-71.3013, 46.7679], [-71.3012, 46.7679], [-71.3011, 46.7678], [-71.301, 46.7677], [-71.3009, 46.7676], [-71.3009, 46.7675], [-71.3008, 46.7673], [-71.3007, 46.7671], [-71.3007, 46.7669], [-71.3006, 46.7666], [-71.3007, 46.7663], [-71.3007, 46.766], [-71.3007, 46.7656], [-71.3008, 46.7651], [-71.3009, 46.7646], [-71.301, 46.7641], [-71.3013, 46.7637], [-71.3015, 46.7633], [-71.3018, 46.763], [-71.3022, 46.7627], [-71.3027, 46.7624], [-71.3032, 46.7622], [-71.3037, 46.762], [-71.3043, 46.7618], [-71.3048, 46.7617], [-71.3053, 46.7616], [-71.3059, 46.7616], [-71.3064, 46.7617], [-71.3069, 46.7618], [-71.3074, 46.7619], [-71.3078, 46.7621], [-71.3083, 46.7622], [-71.3087, 46.7624], [-71.309, 46.7625], [-71.3093, 46.7625], [-71.3096, 46.7626], [-71.3098, 46.7626], [-71.31, 46.7626], [-71.3101, 46.7626], [-71.3102, 46.7625], [-71.3104, 46.7625], [-71.3106, 46.7625], [-71.3107, 46.7626], [-71.3109, 46.7626], [-71.3111, 46.7627], [-71.3113, 46.7627], [-71.3115, 46.7628], [-71.3118, 46.7629], [-71.312, 46.7629], [-71.3123, 46.7628], [-71.3125, 46.7628], [-71.3128, 46.7627], [-71.3131, 46.7625], [-71.3134, 46.7623], [-71.3138, 46.7621], [-71.3141, 46.7619], [-71.3143, 46.7618], [-71.3146, 46.7616], [-71.3148, 46.7615], [-71.3151, 46.7615], [-71.3153, 46.7614], [-71.3155, 46.7614], [-71.3156, 46.7614], [-71.3158, 46.7614], [-71.3159, 46.7615], [-71.316, 46.7615], [-71.3161, 46.7616], [-71.3162, 46.7617], [-71.3163, 46.7617], [-71.3163, 46.7618], [-71.3163, 46.7619], [-71.3164, 46.762], [-71.3164, 46.7621], [-71.3165, 46.7621], [-71.3166, 46.7621], [-71.3167, 46.7621], [-71.3169, 46.762], [-71.317, 46.7619], [-71.3172, 46.7618], [-71.3174, 46.7618], [-71.3175, 46.7617], [-71.3177, 46.7617], [-71.3179, 46.7616], [-71.318, 46.7616], [-71.3182, 46.7616], [-71.3184, 46.7617], [-71.3185, 46.7617], [-71.3187, 46.7618], [-71.3188, 46.7619], [-71.3189, 46.762], [-71.3189, 46.7621], [-71.319, 46.7622], [-71.319, 46.7624], [-71.319, 46.7626], [-71.319, 46.7627]]]}}, {"type": "Feature", "properties": {"couche": "voile", "station": "Duchesneau", "minutes": 13}, "geometry": {"type": "Polygon", "coordinates": [[[-71.4782, 46.8803], [-71.1449, 46.8827], [-71.1422, 46.6545], [-71.4741, 46.6522], [-71.4782, 46.8803]], [[-71.319, 46.7626], [-71.319, 46.7624], [-71.319, 46.7622], [-71.3189, 46.7621], [-71.3189, 46.762], [-71.3188, 46.7619], [-71.3187, 46.7618], [-71.3185, 46.7617], [-71.3184, 46.7617], [-71.3182, 46.7616], [-71.318, 46.7616], [-71.3179, 46.7616], [-71.3177, 46.7617], [-71.3175, 46.7617], [-71.3174, 46.7618], [-71.3172, 46.7618], [-71.317, 46.7619], [-71.3169, 46.762], [-71.3167, 46.7621], [-71.3166, 46.7621], [-71.3165, 46.7621], [-71.3164, 46.7621], [-71.3164, 46.762], [-71.3163, 46.7619], [-71.3163, 46.7618], [-71.3163, 46.7617], [-71.3162, 46.7617], [-71.3161, 46.7616], [-71.316, 46.7615], [-71.3159, 46.7615], [-71.3158, 46.7614], [-71.3156, 46.7614], [-71.3155, 46.7614], [-71.3153, 46.7614], [-71.3151, 46.7615], [-71.3148, 46.7615], [-71.3146, 46.7616], [-71.3143, 46.7618], [-71.3141, 46.7619], [-71.3138, 46.7621], [-71.3134, 46.7623], [-71.3131, 46.7625], [-71.3128, 46.7627], [-71.3125, 46.7628], [-71.3123, 46.7628], [-71.312, 46.7629], [-71.3118, 46.7629], [-71.3115, 46.7628], [-71.3113, 46.7627], [-71.3111, 46.7627], [-71.3109, 46.7626], [-71.3107, 46.7626], [-71.3106, 46.7625], [-71.3104, 46.7625], [-71.3102, 46.7625], [-71.3101, 46.7626], [-71.31, 46.7626], [-71.3098, 46.7626], [-71.3096, 46.7626], [-71.3093, 46.7625], [-71.309, 46.7625], [-71.3087, 46.7624], [-71.3083, 46.7622], [-71.3078, 46.7621], [-71.3074, 46.7619], [-71.3069, 46.7618], [-71.3064, 46.7617], [-71.3059, 46.7616], [-71.3053, 46.7616], [-71.3048, 46.7617], [-71.3043, 46.7618], [-71.3037, 46.762], [-71.3032, 46.7622], [-71.3027, 46.7624], [-71.3022, 46.7627], [-71.3018, 46.763], [-71.3015, 46.7633], [-71.3013, 46.7637], [-71.301, 46.7641], [-71.3009, 46.7646], [-71.3008, 46.7651], [-71.3007, 46.7656], [-71.3007, 46.766], [-71.3007, 46.7663], [-71.3006, 46.7666], [-71.3007, 46.7669], [-71.3007, 46.7671], [-71.3008, 46.7673], [-71.3009, 46.7675], [-71.3009, 46.7676], [-71.301, 46.7677], [-71.3011, 46.7678], [-71.3012, 46.7679], [-71.3013, 46.7679], [-71.3014, 46.768], [-71.3016, 46.768], [-71.3017, 46.768], [-71.3018, 46.7681], [-71.3019, 46.7682], [-71.3021, 46.7683], [-71.3022, 46.7685], [-71.3024, 46.7687], [-71.3025, 46.7689], [-71.3027, 46.7692], [-71.3029, 46.7696], [-71.303, 46.7699], [-71.3031, 46.7701], [-71.3032, 46.7703], [-71.3033, 46.7705], [-71.3033, 46.7707], [-71.3033, 46.7708], [-71.3032, 46.7709], [-71.3031, 46.771], [-71.303, 46.771], [-71.303, 46.7711], [-71.3029, 46.7711], [-71.3028, 46.7711], [-71.3027, 46.771], [-71.3026, 46.7709], [-71.3025, 46.7708], [-71.3024, 46.7707], [-71.3023, 46.7707], [-71.3022, 46.7707], [-71.3021, 46.7707], [-71.302, 46.7708], [-71.3019, 46.7709], [-71.3018, 46.7709], [-71.3018, 46.771], [-71.3017, 46.7711], [-71.3015, 46.7711], [-71.3014, 46.7711], [-71.3013, 46.7712], [-71.3012, 46.7712], [-71.301, 46.7712], [-71.3009, 46.7712], [-71.3008, 46.7713], [-71.3007, 46.7714], [-71.3007, 46.7715], [-71.3007, 46.7717], [-71.3007, 46.7719], [-71.3007, 46.7721], [-71.3007, 46.7724], [-71.3008, 46.7726], [-71.3009, 46.7728], [-71.301, 46.773], [-71.3011, 46.7731], [-71.3012, 46.7732], [-71.3014, 46.7733], [-71.3016, 46.7733], [-71.3018, 46.7733], [-71.302, 46.7733], [-71.3022, 46.7732], [-71.3024, 46.7731], [-71.3027, 46.773], [-71.303, 46.7728], [-71.3032, 46.7726], [-71.3035, 46.7724], [-71.3039, 46.7721], [-71.3041, 46.7719], [-71.3043, 46.7718], [-71.3044, 46.7717], [-71.3044, 46.7719], [-71.3044, 46.772], [-71.3043, 46.7721], [-71.3044, 46.7723], [-71.3044, 46.7725], [-71.3044, 46.7727], [-71.3045, 46.7729], [-71.3046, 46.7731], [-71.3047, 46.7732], [-71.3048, 46.7733], [-71.3049, 46.7734], [-71.305, 46.7734], [-71.3051, 46.7734], [-71.3052, 46.7734], [-71.3053, 46.7734], [-71.3054, 46.7733], [-71.3055, 46.7733], [-71.3056, 46.7733], [-71.3057, 46.7733], [-71.3058, 46.7733], [-71.3059, 46.7734], [-71.306, 46.7734], [-71.3061, 46.7734], [-71.3063, 46.7735], [-71.3065, 46.7735], [-71.3067, 46.7735], [-71.3069, 46.7735], [-71.3072, 46.7735], [-71.3074, 46.7734], [-71.3078, 46.7734], [-71.3081, 46.7734], [-71.3083, 46.7733], [-71.3086, 46.7733], [-71.3088, 46.7733], [-71.309, 46.7734], [-71.3092, 46.7734], [-71.3093, 46.7734], [-71.3094, 46.7735], [-71.3095, 46.7735], [-71.3096, 46.7735], [-71.3097, 46.7735], [-71.3097, 46.7734], [-71.3097, 46.7733], [-71.3097, 46.7732], [-71.3097, 46.773], [-71.3096, 46.7728], [-71.3096, 46.7727], [-71.3096, 46.7726], [-71.3097, 46.7726], [-71.3099, 46.7726], [-71.3101, 46.7726], [-71.3103, 46.7727], [-71.3107, 46.7728], [-71.311, 46.773], [-71.3113, 46.7731], [-71.3116, 46.7732], [-71.3119, 46.7733], [-71.3121, 46.7734], [-71.3122, 46.7734], [-71.3123, 46.7734], [-71.3124, 46.7733], [-71.3124, 46.7732], [-71.3123, 46.7731], [-71.3123, 46.773], [-71.3121, 46.7729], [-71.312, 46.7728], [-71.3118, 46.7726], [-71.3116, 46.7724], [-71.3119, 46.7726], [-71.3123, 46.7728], [-71.3126, 46.773], [-71.3129, 46.7732], [-71.3132, 46.7733], [-71.3135, 46.7734], [-71.3138, 46.7735], [-71.314, 46.7735], [-71.3142, 46.7735], [-71.3144, 46.7734], [-71.3145, 46.7734], [-71.3147, 46.7733], [-71.3149, 46.7733], [-71.3151, 46.7733], [-71.3153, 46.7733], [-71.3155, 46.7734], [-71.3157, 46.7734], [-71.3159, 46.7735], [-71.3161, 46.7735], [-71.3163, 46.7736], [-71.3165, 46.7736], [-71.3167, 46.7736], [-71.3169, 46.7736], [-71.3171, 46.7735], [-71.3173, 46.7735], [-71.3175, 46.7734], [-71.3177, 46.7734], [-71.3179, 46.7733], [-71.318, 46.7732], [-71.318, 46.7731], [-71.3181, 46.773], [-71.3181, 46.7729], [-71.3181, 46.7728], [-71.318, 46.7727], [-71.318, 46.7726], [-71.318, 46.7725], [-71.318, 46.7724], [-71.318, 46.7723], [-71.3181, 46.7722], [-71.3182, 46.7721], [-71.3182, 46.772], [-71.3184, 46.7719], [-71.3185, 46.7719], [-71.3185, 46.7718], [-71.3186, 46.7717], [-71.3186, 46.7716], [-71.3186, 46.7715], [-71.3185, 46.7714], [-71.3185, 46.7713], [-71.3184, 46.7713], [-71.3184, 46.7712], [-71.3184, 46.7711], [-71.3185, 46.771], [-71.3186, 46.771], [-71.3187, 46.771], [-71.3188, 46.7709], [-71.3189, 46.7708], [-71.3189, 46.7707], [-71.3189, 46.7706], [-71.319, 46.7705], [-71.3189, 46.7705], [-71.3189, 46.7704], [-71.3189, 46.7703], [-71.3188, 46.7702], [-71.3187, 46.7701], [-71.3186, 46.7701], [-71.3185, 46.77], [-71.3184, 46.7699], [-71.3183, 46.7699], [-71.3182, 46.7698], [-71.3182, 46.7697], [-71.3182, 46.7696], [-71.3183, 46.7696], [-71.3184, 46.7695], [-71.3185, 46.7694], [-71.3185, 46.7693], [-71.3184, 46.7692], [-71.3182, 46.769], [-71.318, 46.7687], [-71.3176, 46.7684], [-71.3171, 46.7681], [-71.3166, 46.7677], [-71.3159, 46.7672], [-71.3154, 46.7668], [-71.3149, 46.7665], [-71.3146, 46.7662], [-71.3143, 46.7659], [-71.3141, 46.7657], [-71.3141, 46.7655], [-71.3141, 46.7654], [-71.3143, 46.7653], [-71.3144, 46.7652], [-71.3145, 46.7652], [-71.3146, 46.7651], [-71.3147, 46.7651], [-71.3148, 46.7651], [-71.3149, 46.7652], [-71.315, 46.7652], [-71.315, 46.7653], [-71.3151, 46.7654], [-71.3152, 46.7654], [-71.3153, 46.7655], [-71.3155, 46.7655], [-71.3157, 46.7655], [-71.3159, 46.7654], [-71.3162, 46.7654], [-71.3165, 46.7653], [-71.3168, 46.7652], [-71.317, 46.7652], [-71.3172, 46.7652], [-71.3175, 46.7652], [-71.3177, 46.7652], [-71.3179, 46.7652], [-71.3181, 46.7652], [-71.3182, 46.7653], [-71.3184, 46.7653], [-71.3185, 46.7653], [-71.3186, 46.7653], [-71.3187, 46.7653], [-71.3187, 46.7652], [-71.3188, 46.7651], [-71.3188, 46.765], [-71.3188, 46.7649], [-71.3188, 46.7648], [-71.3188, 46.7647], [-71.3187, 46.7646], [-71.3186, 46.7645], [-71.3185, 46.7645], [-71.3184, 46.7644], [-71.3182, 46.7644], [-71.3181, 46.7643], [-71.3181, 46.7642], [-71.318, 46.7642], [-71.318, 46.7641], [-71.3181, 46.764], [-71.3182, 46.7639], [-71.3183, 46.7638], [-71.3185, 46.7637], [-71.3186, 46.7636], [-71.3187, 46.7635], [-71.3188, 46.7634], [-71.3189, 46.7632], [-71.319, 46.7631], [-71.319, 46.7629], [-71.319, 46.7627], [-71.319, 46.7626]]]}}, {"type": "Feature", "properties": {"couche": "aire_marche", "station": "Duchesneau", "ordre": 6, "minutes": 14, "superficie_ha": 173.4, "rue_km": 59.62, "disque_ha": 301.7, "part_disque_pct": 57, "accroche_m": 6, "population": 7833, "navetteurs": 2950, "mode_auto_pct": 66, "mode_tc_pct": 21, "mode_actif_pct": 11, "mode_autre_pct": 2}, "geometry": {"type": "Polygon", "coordinates": [[[-71.3197, 46.7623], [-71.3197, 46.7625], [-71.3196, 46.7627], [-71.3195, 46.7629], [-71.3194, 46.763], [-71.3192, 46.7632], [-71.319, 46.7634], [-71.3188, 46.7635], [-71.3186, 46.7637], [-71.3184, 46.7638], [-71.3183, 46.7639], [-71.3182, 46.764], [-71.3182, 46.7641], [-71.3183, 46.7641], [-71.3185, 46.7641], [-71.3187, 46.7641], [-71.3189, 46.7641], [-71.3191, 46.7641], [-71.3192, 46.7642], [-71.3193, 46.7642], [-71.3194, 46.7643], [-71.3195, 46.7643], [-71.3195, 46.7644], [-71.3195, 46.7645], [-71.3195, 46.7646], [-71.3195, 46.7647], [-71.3194, 46.7648], [-71.3193, 46.7649], [-71.3192, 46.7649], [-71.3191, 46.765], [-71.3191, 46.7651], [-71.3191, 46.7652], [-71.3191, 46.7653], [-71.3192, 46.7654], [-71.3192, 46.7655], [-71.3193, 46.7656], [-71.3193, 46.7657], [-71.3192, 46.7657], [-71.3192, 46.7658], [-71.3191, 46.7658], [-71.3189, 46.7659], [-71.3188, 46.7659], [-71.3186, 46.7659], [-71.3184, 46.7659], [-71.3182, 46.7659], [-71.3181, 46.7658], [-71.318, 46.7658], [-71.3179, 46.7657], [-71.3178, 46.7656], [-71.3177, 46.7655], [-71.3177, 46.7654], [-71.3176, 46.7654], [-71.3175, 46.7653], [-71.3174, 46.7653], [-71.3173, 46.7653], [-71.3172, 46.7653], [-71.317, 46.7654], [-71.3168, 46.7655], [-71.3167, 46.7656], [-71.3165, 46.7657], [-71.3163, 46.7658], [-71.3161, 46.7659], [-71.3159, 46.766], [-71.3158, 46.766], [-71.3156, 46.766], [-71.3154, 46.766], [-71.3152, 46.766], [-71.3152, 46.7661], [-71.3152, 46.7662], [-71.3153, 46.7664], [-71.3155, 46.7666], [-71.3159, 46.7669], [-71.3163, 46.7672], [-71.3168, 46.7676], [-71.3174, 46.7681], [-71.318, 46.7685], [-71.3184, 46.7689], [-71.3188, 46.7692], [-71.3191, 46.7695], [-71.3194, 46.7699], [-71.3195, 46.7701], [-71.3196, 46.7704], [-71.3196, 46.7706], [-71.3195, 46.7708], [-71.3195, 46.771], [-71.3194, 46.7712], [-71.3193, 46.7714], [-71.3191, 46.7715], [-71.319, 46.7717], [-71.3188, 46.7718], [-71.3186, 46.7719], [-71.3184, 46.772], [-71.3183, 46.7721], [-71.3182, 46.7722], [-71.3182, 46.7723], [-71.3182, 46.7724], [-71.3183, 46.7725], [-71.3184, 46.7725], [-71.3185, 46.7725], [-71.3187, 46.7726], [-71.3188, 46.7727], [-71.3189, 46.7728], [-71.3189, 46.7729], [-71.3188, 46.773], [-71.3188, 46.7731], [-71.3187, 46.7732], [-71.3185, 46.7733], [-71.3183, 46.7734], [-71.3181, 46.7735], [-71.3178, 46.7736], [-71.3174, 46.7737], [-71.317, 46.7738], [-71.3165, 46.7739], [-71.316, 46.7739], [-71.3155, 46.7739], [-71.315, 46.7739], [-71.3145, 46.7738], [-71.314, 46.7737], [-71.3135, 46.7735], [-71.3131, 46.7733], [-71.3126, 46.7731], [-71.3121, 46.7728], [-71.3121, 46.7728], [-71.3122, 46.7729], [-71.3125, 46.7731], [-71.3127, 46.7732], [-71.3128, 46.7734], [-71.3129, 46.7735], [-71.313, 46.7736], [-71.313, 46.7737], [-71.313, 46.7738], [-71.3128, 46.7738], [-71.3127, 46.7737], [-71.3124, 46.7737], [-71.3121, 46.7736], [-71.3118, 46.7734], [-71.3114, 46.7732], [-71.311, 46.773], [-71.3106, 46.7728], [-71.3103, 46.7727], [-71.3101, 46.7727], [-71.3099, 46.7727], [-71.3098, 46.7727], [-71.3098, 46.7729], [-71.3099, 46.773], [-71.3101, 46.7733], [-71.3102, 46.7735], [-71.3102, 46.7736], [-71.3101, 46.7738], [-71.31, 46.7738], [-71.3099, 46.7739], [-71.3096, 46.7739], [-71.3093, 46.7739], [-71.3089, 46.7739], [-71.3086, 46.7738], [-71.3083, 46.7738], [-71.308, 46.7738], [-71.3078, 46.7738], [-71.3076, 46.7738], [-71.3074, 46.7738], [-71.3073, 46.7738], [-71.3072, 46.7739], [-71.3071, 46.7739], [-71.307, 46.7739], [-71.3069, 46.7739], [-71.3068, 46.7739], [-71.3067, 46.7738], [-71.3065, 46.7738], [-71.3064, 46.7737], [-71.3062, 46.7736], [-71.3061, 46.7735], [-71.3059, 46.7734], [-71.3058, 46.7734], [-71.3058, 46.7735], [-71.3059, 46.7736], [-71.3059, 46.7737], [-71.3059, 46.7738], [-71.3058, 46.7738], [-71.3058, 46.7739], [-71.3057, 46.7739], [-71.3056, 46.774], [-71.3055, 46.774], [-71.3054, 46.774], [-71.3053, 46.774], [-71.3052, 46.7739], [-71.3051, 46.7739], [-71.305, 46.7738], [-71.3048, 46.7737], [-71.3047, 46.7736], [-71.3046, 46.7735], [-71.3046, 46.7734], [-71.3046, 46.7733], [-71.3046, 46.7732], [-71.3046, 46.7731], [-71.3047, 46.773], [-71.3047, 46.7729], [-71.3047, 46.7728], [-71.3047, 46.7727], [-71.3047, 46.7726], [-71.3047, 46.7725], [-71.3046, 46.7725], [-71.3046, 46.7724], [-71.3045, 46.7723], [-71.3044, 46.7722], [-71.3044, 46.7721], [-71.3044, 46.772], [-71.3044, 46.7719], [-71.3044, 46.7718], [-71.3045, 46.7717], [-71.3046, 46.7716], [-71.3047, 46.7715], [-71.3046, 46.7715], [-71.3045, 46.7716], [-71.3044, 46.7717], [-71.3042, 46.7718], [-71.304, 46.7719], [-71.3038, 46.7721], [-71.3036, 46.7723], [-71.3034, 46.7724], [-71.3033, 46.7726], [-71.3032, 46.7727], [-71.3031, 46.7729], [-71.3031, 46.773], [-71.3031, 46.7732], [-71.303, 46.7733], [-71.3029, 46.7735], [-71.3028, 46.7735], [-71.3026, 46.7736], [-71.3024, 46.7737], [-71.3021, 46.7737], [-71.3018, 46.7738], [-71.3015, 46.7738], [-71.3012, 46.7737], [-71.3009, 46.7737], [-71.3006, 46.7737], [-71.3004, 46.7736], [-71.3002, 46.7735], [-71.3001, 46.7735], [-71.3, 46.7734], [-71.3, 46.7733], [-71.2999, 46.7731], [-71.2999, 46.773], [-71.2999, 46.7728], [-71.2999, 46.7726], [-71.2999, 46.7724], [-71.2999, 46.7721], [-71.2999, 46.7719], [-71.3, 46.7716], [-71.3001, 46.7713], [-71.3002, 46.7711], [-71.3003, 46.771], [-71.3004, 46.7709], [-71.3005, 46.7708], [-71.3007, 46.7708], [-71.3009, 46.7708], [-71.301, 46.7709], [-71.3012, 46.7709], [-71.3013, 46.7709], [-71.3014, 46.7709], [-71.3015, 46.7709], [-71.3016, 46.7709], [-71.3016, 46.7708], [-71.3016, 46.7707], [-71.3016, 46.7706], [-71.3016, 46.7705], [-71.3016, 46.7704], [-71.3016, 46.7703], [-71.3017, 46.7702], [-71.3018, 46.7701], [-71.3019, 46.77], [-71.302, 46.77], [-71.3021, 46.77], [-71.3021, 46.7701], [-71.3022, 46.7701], [-71.3023, 46.7702], [-71.3024, 46.7703], [-71.3025, 46.7705], [-71.3025, 46.7706], [-71.3026, 46.7708], [-71.3027, 46.7709], [-71.3028, 46.771], [-71.3029, 46.771], [-71.303, 46.771], [-71.3031, 46.771], [-71.3032, 46.7709], [-71.3032, 46.7708], [-71.3032, 46.7706], [-71.303, 46.7703], [-71.3029, 46.77], [-71.3026, 46.7695], [-71.3023, 46.769], [-71.3019, 46.7685], [-71.3014, 46.7678], [-71.301, 46.7672], [-71.3007, 46.7666], [-71.3005, 46.7661], [-71.3003, 46.7656], [-71.3002, 46.7651], [-71.3002, 46.7646], [-71.3003, 46.7642], [-71.3004, 46.7638], [-71.3005, 46.7634], [-71.3007, 46.7631], [-71.3009, 46.7629], [-71.3011, 46.7627], [-71.3014, 46.7625], [-71.3017, 46.7624], [-71.302, 46.7623], [-71.3023, 46.7623], [-71.3026, 46.7623], [-71.303, 46.7622], [-71.3033, 46.7622], [-71.3036, 46.7621], [-71.304, 46.7619], [-71.3043, 46.7618], [-71.3047, 46.7616], [-71.305, 46.7614], [-71.3053, 46.7613], [-71.3056, 46.7611], [-71.3059, 46.761], [-71.3061, 46.761], [-71.3063, 46.7609], [-71.3064, 46.7609], [-71.3065, 46.7609], [-71.3066, 46.7609], [-71.3066, 46.761], [-71.3067, 46.761], [-71.3067, 46.7611], [-71.3067, 46.7612], [-71.3067, 46.7613], [-71.3066, 46.7614], [-71.3067, 46.7615], [-71.3068, 46.7616], [-71.3069, 46.7617], [-71.3071, 46.7617], [-71.3073, 46.7618], [-71.3076, 46.7619], [-71.3079, 46.762], [-71.3082, 46.7621], [-71.3085, 46.7621], [-71.3087, 46.7622], [-71.3089, 46.7622], [-71.3091, 46.7622], [-71.3093, 46.7622], [-71.3094, 46.7622], [-71.3096, 46.7621], [-71.3097, 46.7621], [-71.3099, 46.7621], [-71.31, 46.7621], [-71.3103, 46.7622], [-71.3105, 46.7623], [-71.3107, 46.7624], [-71.311, 46.7625], [-71.3113, 46.7626], [-71.3116, 46.7627], [-71.3119, 46.7628], [-71.3121, 46.7628], [-71.3124, 46.7628], [-71.3127, 46.7627], [-71.3129, 46.7626], [-71.3132, 46.7625], [-71.3135, 46.7623], [-71.3137, 46.7622], [-71.3139, 46.762], [-71.314, 46.7619], [-71.3141, 46.7617], [-71.3142, 46.7616], [-71.3143, 46.7615], [-71.3143, 46.7614], [-71.3143, 46.7613], [-71.3143, 46.7612], [-71.3143, 46.7611], [-71.3144, 46.7611], [-71.3145, 46.7611], [-71.3146, 46.7611], [-71.3148, 46.7612], [-71.3149, 46.7612], [-71.3151, 46.7613], [-71.3153, 46.7613], [-71.3154, 46.7614], [-71.3156, 46.7614], [-71.3157, 46.7614], [-71.3159, 46.7613], [-71.3161, 46.7613], [-71.3162, 46.7612], [-71.3164, 46.7612], [-71.3165, 46.7611], [-71.3166, 46.7611], [-71.3167, 46.7612], [-71.3168, 46.7612], [-71.3169, 46.7613], [-71.3169, 46.7614], [-71.3169, 46.7615], [-71.317, 46.7616], [-71.3171, 46.7616], [-71.3172, 46.7617], [-71.3173, 46.7617], [-71.3174, 46.7616], [-71.3175, 46.7616], [-71.3177, 46.7615], [-71.3179, 46.7614], [-71.318, 46.7613], [-71.3182, 46.7613], [-71.3184, 46.7612], [-71.3186, 46.7612], [-71.3187, 46.7612], [-71.3189, 46.7612], [-71.319, 46.7613], [-71.3192, 46.7613], [-71.3193, 46.7614], [-71.3194, 46.7615], [-71.3195, 46.7616], [-71.3196, 46.7617], [-71.3197, 46.7618], [-71.3197, 46.762], [-71.3197, 46.7621], [-71.3197, 46.7623]]]}}, {"type": "Feature", "properties": {"couche": "voile", "station": "Duchesneau", "minutes": 14}, "geometry": {"type": "Polygon", "coordinates": [[[-71.479, 46.8806], [-71.1441, 46.883], [-71.1414, 46.654], [-71.4748, 46.6516], [-71.479, 46.8806]], [[-71.3197, 46.7621], [-71.3197, 46.762], [-71.3197, 46.7618], [-71.3196, 46.7617], [-71.3195, 46.7616], [-71.3194, 46.7615], [-71.3193, 46.7614], [-71.3192, 46.7613], [-71.319, 46.7613], [-71.3189, 46.7612], [-71.3187, 46.7612], [-71.3186, 46.7612], [-71.3184, 46.7612], [-71.3182, 46.7613], [-71.318, 46.7613], [-71.3179, 46.7614], [-71.3177, 46.7615], [-71.3175, 46.7616], [-71.3174, 46.7616], [-71.3173, 46.7617], [-71.3172, 46.7617], [-71.3171, 46.7616], [-71.317, 46.7616], [-71.3169, 46.7615], [-71.3169, 46.7614], [-71.3169, 46.7613], [-71.3168, 46.7612], [-71.3167, 46.7612], [-71.3166, 46.7611], [-71.3165, 46.7611], [-71.3164, 46.7612], [-71.3162, 46.7612], [-71.3161, 46.7613], [-71.3159, 46.7613], [-71.3157, 46.7614], [-71.3156, 46.7614], [-71.3154, 46.7614], [-71.3153, 46.7613], [-71.3151, 46.7613], [-71.3149, 46.7612], [-71.3148, 46.7612], [-71.3146, 46.7611], [-71.3145, 46.7611], [-71.3144, 46.7611], [-71.3143, 46.7611], [-71.3143, 46.7612], [-71.3143, 46.7613], [-71.3143, 46.7614], [-71.3143, 46.7615], [-71.3142, 46.7616], [-71.3141, 46.7617], [-71.314, 46.7619], [-71.3139, 46.762], [-71.3137, 46.7622], [-71.3135, 46.7623], [-71.3132, 46.7625], [-71.3129, 46.7626], [-71.3127, 46.7627], [-71.3124, 46.7628], [-71.3121, 46.7628], [-71.3119, 46.7628], [-71.3116, 46.7627], [-71.3113, 46.7626], [-71.311, 46.7625], [-71.3107, 46.7624], [-71.3105, 46.7623], [-71.3103, 46.7622], [-71.31, 46.7621], [-71.3099, 46.7621], [-71.3097, 46.7621], [-71.3096, 46.7621], [-71.3094, 46.7622], [-71.3093, 46.7622], [-71.3091, 46.7622], [-71.3089, 46.7622], [-71.3087, 46.7622], [-71.3085, 46.7621], [-71.3082, 46.7621], [-71.3079, 46.762], [-71.3076, 46.7619], [-71.3073, 46.7618], [-71.3071, 46.7617], [-71.3069, 46.7617], [-71.3068, 46.7616], [-71.3067, 46.7615], [-71.3066, 46.7614], [-71.3067, 46.7613], [-71.3067, 46.7612], [-71.3067, 46.7611], [-71.3067, 46.761], [-71.3066, 46.761], [-71.3066, 46.7609], [-71.3065, 46.7609], [-71.3064, 46.7609], [-71.3063, 46.7609], [-71.3061, 46.761], [-71.3059, 46.761], [-71.3056, 46.7611], [-71.3053, 46.7613], [-71.305, 46.7614], [-71.3047, 46.7616], [-71.3043, 46.7618], [-71.304, 46.7619], [-71.3036, 46.7621], [-71.3033, 46.7622], [-71.303, 46.7622], [-71.3026, 46.7623], [-71.3023, 46.7623], [-71.302, 46.7623], [-71.3017, 46.7624], [-71.3014, 46.7625], [-71.3011, 46.7627], [-71.3009, 46.7629], [-71.3007, 46.7631], [-71.3005, 46.7634], [-71.3004, 46.7638], [-71.3003, 46.7642], [-71.3002, 46.7646], [-71.3002, 46.7651], [-71.3003, 46.7656], [-71.3005, 46.7661], [-71.3007, 46.7666], [-71.301, 46.7672], [-71.3014, 46.7678], [-71.3019, 46.7685], [-71.3023, 46.769], [-71.3026, 46.7695], [-71.3029, 46.77], [-71.303, 46.7703], [-71.3032, 46.7706], [-71.3032, 46.7708], [-71.3032, 46.7709], [-71.3031, 46.771], [-71.303, 46.771], [-71.3029, 46.771], [-71.3028, 46.771], [-71.3027, 46.7709], [-71.3026, 46.7708], [-71.3025, 46.7706], [-71.3025, 46.7705], [-71.3024, 46.7703], [-71.3023, 46.7702], [-71.3022, 46.7701], [-71.3021, 46.7701], [-71.3021, 46.77], [-71.302, 46.77], [-71.3019, 46.77], [-71.3018, 46.7701], [-71.3017, 46.7702], [-71.3016, 46.7703], [-71.3016, 46.7704], [-71.3016, 46.7705], [-71.3016, 46.7706], [-71.3016, 46.7707], [-71.3016, 46.7708], [-71.3016, 46.7709], [-71.3015, 46.7709], [-71.3014, 46.7709], [-71.3013, 46.7709], [-71.3012, 46.7709], [-71.301, 46.7709], [-71.3009, 46.7708], [-71.3007, 46.7708], [-71.3005, 46.7708], [-71.3004, 46.7709], [-71.3003, 46.771], [-71.3002, 46.7711], [-71.3001, 46.7713], [-71.3, 46.7716], [-71.2999, 46.7719], [-71.2999, 46.7721], [-71.2999, 46.7724], [-71.2999, 46.7726], [-71.2999, 46.7728], [-71.2999, 46.773], [-71.2999, 46.7731], [-71.3, 46.7733], [-71.3, 46.7734], [-71.3001, 46.7735], [-71.3002, 46.7735], [-71.3004, 46.7736], [-71.3006, 46.7737], [-71.3009, 46.7737], [-71.3012, 46.7737], [-71.3015, 46.7738], [-71.3018, 46.7738], [-71.3021, 46.7737], [-71.3024, 46.7737], [-71.3026, 46.7736], [-71.3028, 46.7735], [-71.3029, 46.7735], [-71.303, 46.7733], [-71.3031, 46.7732], [-71.3031, 46.773], [-71.3031, 46.7729], [-71.3032, 46.7727], [-71.3033, 46.7726], [-71.3034, 46.7724], [-71.3036, 46.7723], [-71.3038, 46.7721], [-71.304, 46.7719], [-71.3042, 46.7718], [-71.3044, 46.7717], [-71.3045, 46.7716], [-71.3046, 46.7715], [-71.3047, 46.7715], [-71.3046, 46.7716], [-71.3045, 46.7717], [-71.3044, 46.7718], [-71.3044, 46.7719], [-71.3044, 46.772], [-71.3044, 46.7721], [-71.3044, 46.7722], [-71.3045, 46.7723], [-71.3046, 46.7724], [-71.3046, 46.7725], [-71.3047, 46.7725], [-71.3047, 46.7726], [-71.3047, 46.7727], [-71.3047, 46.7728], [-71.3047, 46.7729], [-71.3047, 46.773], [-71.3046, 46.7731], [-71.3046, 46.7732], [-71.3046, 46.7733], [-71.3046, 46.7734], [-71.3046, 46.7735], [-71.3047, 46.7736], [-71.3048, 46.7737], [-71.305, 46.7738], [-71.3051, 46.7739], [-71.3052, 46.7739], [-71.3053, 46.774], [-71.3054, 46.774], [-71.3055, 46.774], [-71.3056, 46.774], [-71.3057, 46.7739], [-71.3058, 46.7739], [-71.3058, 46.7738], [-71.3059, 46.7738], [-71.3059, 46.7737], [-71.3059, 46.7736], [-71.3058, 46.7735], [-71.3058, 46.7734], [-71.3059, 46.7734], [-71.3061, 46.7735], [-71.3062, 46.7736], [-71.3064, 46.7737], [-71.3065, 46.7738], [-71.3067, 46.7738], [-71.3068, 46.7739], [-71.3069, 46.7739], [-71.307, 46.7739], [-71.3071, 46.7739], [-71.3072, 46.7739], [-71.3073, 46.7738], [-71.3074, 46.7738], [-71.3076, 46.7738], [-71.3078, 46.7738], [-71.308, 46.7738], [-71.3083, 46.7738], [-71.3086, 46.7738], [-71.3089, 46.7739], [-71.3093, 46.7739], [-71.3096, 46.7739], [-71.3099, 46.7739], [-71.31, 46.7738], [-71.3101, 46.7738], [-71.3102, 46.7736], [-71.3102, 46.7735], [-71.3101, 46.7733], [-71.3099, 46.773], [-71.3098, 46.7729], [-71.3098, 46.7727], [-71.3099, 46.7727], [-71.3101, 46.7727], [-71.3103, 46.7727], [-71.3106, 46.7728], [-71.311, 46.773], [-71.3114, 46.7732], [-71.3118, 46.7734], [-71.3121, 46.7736], [-71.3124, 46.7737], [-71.3127, 46.7737], [-71.3128, 46.7738], [-71.313, 46.7738], [-71.313, 46.7737], [-71.313, 46.7736], [-71.3129, 46.7735], [-71.3128, 46.7734], [-71.3127, 46.7732], [-71.3125, 46.7731], [-71.3122, 46.7729], [-71.3121, 46.7728], [-71.3121, 46.7728], [-71.3126, 46.7731], [-71.3131, 46.7733], [-71.3135, 46.7735], [-71.314, 46.7737], [-71.3145, 46.7738], [-71.315, 46.7739], [-71.3155, 46.7739], [-71.316, 46.7739], [-71.3165, 46.7739], [-71.317, 46.7738], [-71.3174, 46.7737], [-71.3178, 46.7736], [-71.3181, 46.7735], [-71.3183, 46.7734], [-71.3185, 46.7733], [-71.3187, 46.7732], [-71.3188, 46.7731], [-71.3188, 46.773], [-71.3189, 46.7729], [-71.3189, 46.7728], [-71.3188, 46.7727], [-71.3187, 46.7726], [-71.3185, 46.7725], [-71.3184, 46.7725], [-71.3183, 46.7725], [-71.3182, 46.7724], [-71.3182, 46.7723], [-71.3182, 46.7722], [-71.3183, 46.7721], [-71.3184, 46.772], [-71.3186, 46.7719], [-71.3188, 46.7718], [-71.319, 46.7717], [-71.3191, 46.7715], [-71.3193, 46.7714], [-71.3194, 46.7712], [-71.3195, 46.771], [-71.3195, 46.7708], [-71.3196, 46.7706], [-71.3196, 46.7704], [-71.3195, 46.7701], [-71.3194, 46.7699], [-71.3191, 46.7695], [-71.3188, 46.7692], [-71.3184, 46.7689], [-71.318, 46.7685], [-71.3174, 46.7681], [-71.3168, 46.7676], [-71.3163, 46.7672], [-71.3159, 46.7669], [-71.3155, 46.7666], [-71.3153, 46.7664], [-71.3152, 46.7662], [-71.3152, 46.7661], [-71.3152, 46.766], [-71.3154, 46.766], [-71.3156, 46.766], [-71.3158, 46.766], [-71.3159, 46.766], [-71.3161, 46.7659], [-71.3163, 46.7658], [-71.3165, 46.7657], [-71.3167, 46.7656], [-71.3168, 46.7655], [-71.317, 46.7654], [-71.3172, 46.7653], [-71.3173, 46.7653], [-71.3174, 46.7653], [-71.3175, 46.7653], [-71.3176, 46.7654], [-71.3177, 46.7654], [-71.3177, 46.7655], [-71.3178, 46.7656], [-71.3179, 46.7657], [-71.318, 46.7658], [-71.3181, 46.7658], [-71.3182, 46.7659], [-71.3184, 46.7659], [-71.3186, 46.7659], [-71.3188, 46.7659], [-71.3189, 46.7659], [-71.3191, 46.7658], [-71.3192, 46.7658], [-71.3192, 46.7657], [-71.3193, 46.7657], [-71.3193, 46.7656], [-71.3192, 46.7655], [-71.3192, 46.7654], [-71.3191, 46.7653], [-71.3191, 46.7652], [-71.3191, 46.7651], [-71.3191, 46.765], [-71.3192, 46.7649], [-71.3193, 46.7649], [-71.3194, 46.7648], [-71.3195, 46.7647], [-71.3195, 46.7646], [-71.3195, 46.7645], [-71.3195, 46.7644], [-71.3195, 46.7643], [-71.3194, 46.7643], [-71.3193, 46.7642], [-71.3192, 46.7642], [-71.3191, 46.7641], [-71.3189, 46.7641], [-71.3187, 46.7641], [-71.3185, 46.7641], [-71.3183, 46.7641], [-71.3182, 46.7641], [-71.3182, 46.764], [-71.3183, 46.7639], [-71.3184, 46.7638], [-71.3186, 46.7637], [-71.3188, 46.7635], [-71.319, 46.7634], [-71.3192, 46.7632], [-71.3194, 46.763], [-71.3195, 46.7629], [-71.3196, 46.7627], [-71.3197, 46.7625], [-71.3197, 46.7623], [-71.3197, 46.7621]]]}}, {"type": "Feature", "properties": {"couche": "aire_marche", "station": "Duchesneau", "ordre": 6, "minutes": 15, "superficie_ha": 193.3, "rue_km": 66.24, "disque_ha": 346.4, "part_disque_pct": 56, "accroche_m": 6, "population": 8653, "navetteurs": 3247, "mode_auto_pct": 66, "mode_tc_pct": 21, "mode_actif_pct": 11, "mode_autre_pct": 2}, "geometry": {"type": "Polygon", "coordinates": [[[-71.3201, 46.7615], [-71.32, 46.7616], [-71.3199, 46.7617], [-71.3199, 46.7618], [-71.3199, 46.7619], [-71.32, 46.762], [-71.32, 46.7621], [-71.32, 46.7622], [-71.32, 46.7624], [-71.32, 46.7625], [-71.3199, 46.7627], [-71.3198, 46.7628], [-71.3196, 46.763], [-71.3194, 46.7631], [-71.3191, 46.7633], [-71.3188, 46.7635], [-71.3186, 46.7637], [-71.3183, 46.7638], [-71.3182, 46.764], [-71.318, 46.7641], [-71.3179, 46.7642], [-71.3179, 46.7643], [-71.318, 46.7644], [-71.3181, 46.7644], [-71.3182, 46.7643], [-71.3184, 46.7643], [-71.3186, 46.7642], [-71.3188, 46.7642], [-71.319, 46.7641], [-71.3192, 46.764], [-71.3195, 46.7639], [-71.3197, 46.764], [-71.3198, 46.764], [-71.3199, 46.7641], [-71.32, 46.7643], [-71.3201, 46.7645], [-71.3201, 46.7648], [-71.3201, 46.7651], [-71.3201, 46.7654], [-71.3201, 46.7656], [-71.32, 46.7658], [-71.3199, 46.766], [-71.3198, 46.766], [-71.3196, 46.7661], [-71.3195, 46.7661], [-71.3193, 46.766], [-71.3191, 46.766], [-71.3189, 46.766], [-71.3187, 46.7659], [-71.3185, 46.766], [-71.3184, 46.766], [-71.3182, 46.766], [-71.318, 46.7661], [-71.3179, 46.7661], [-71.3177, 46.7662], [-71.3176, 46.7662], [-71.3174, 46.7662], [-71.3173, 46.7662], [-71.3172, 46.7661], [-71.3171, 46.766], [-71.317, 46.7659], [-71.317, 46.7658], [-71.3169, 46.7657], [-71.3168, 46.7657], [-71.3167, 46.7657], [-71.3165, 46.7658], [-71.3164, 46.7659], [-71.3162, 46.766], [-71.3161, 46.7661], [-71.316, 46.7663], [-71.316, 46.7665], [-71.3161, 46.7668], [-71.3164, 46.7671], [-71.3167, 46.7674], [-71.3171, 46.7677], [-71.3176, 46.7681], [-71.3182, 46.7686], [-71.3187, 46.769], [-71.3191, 46.7693], [-71.3195, 46.7697], [-71.3198, 46.77], [-71.32, 46.7703], [-71.3201, 46.7706], [-71.3202, 46.7709], [-71.3202, 46.7711], [-71.3201, 46.7713], [-71.3201, 46.7715], [-71.32, 46.7716], [-71.3199, 46.7718], [-71.3199, 46.7719], [-71.3198, 46.7719], [-71.3197, 46.772], [-71.3195, 46.772], [-71.3194, 46.772], [-71.3193, 46.772], [-71.3192, 46.772], [-71.3191, 46.772], [-71.319, 46.7719], [-71.3189, 46.7718], [-71.3188, 46.7718], [-71.3187, 46.7718], [-71.3186, 46.7718], [-71.3185, 46.7719], [-71.3184, 46.772], [-71.3183, 46.7721], [-71.3182, 46.7721], [-71.3181, 46.7722], [-71.3182, 46.7723], [-71.3182, 46.7724], [-71.3183, 46.7725], [-71.3185, 46.7726], [-71.3187, 46.7727], [-71.3189, 46.7728], [-71.3191, 46.7729], [-71.3193, 46.773], [-71.3194, 46.773], [-71.3195, 46.7731], [-71.3195, 46.7732], [-71.3195, 46.7733], [-71.3195, 46.7734], [-71.3194, 46.7734], [-71.3193, 46.7735], [-71.3192, 46.7735], [-71.3191, 46.7735], [-71.319, 46.7735], [-71.3189, 46.7734], [-71.3188, 46.7734], [-71.3187, 46.7734], [-71.3187, 46.7733], [-71.3186, 46.7734], [-71.3186, 46.7735], [-71.3187, 46.7736], [-71.3187, 46.7737], [-71.3188, 46.7738], [-71.3188, 46.7739], [-71.3187, 46.774], [-71.3186, 46.774], [-71.3184, 46.7739], [-71.3183, 46.7739], [-71.3181, 46.7739], [-71.3179, 46.7739], [-71.3177, 46.7739], [-71.3174, 46.7739], [-71.3172, 46.7739], [-71.3169, 46.774], [-71.3166, 46.7741], [-71.3163, 46.7742], [-71.316, 46.7743], [-71.3156, 46.7744], [-71.3154, 46.7744], [-71.3151, 46.7745], [-71.3148, 46.7745], [-71.3145, 46.7745], [-71.3143, 46.7745], [-71.314, 46.7745], [-71.3137, 46.7745], [-71.3134, 46.7744], [-71.3131, 46.7743], [-71.3127, 46.7742], [-71.3123, 46.774], [-71.3119, 46.7738], [-71.3115, 46.7735], [-71.311, 46.7732], [-71.3106, 46.773], [-71.3103, 46.7729], [-71.3101, 46.7728], [-71.31, 46.7728], [-71.31, 46.7729], [-71.3101, 46.773], [-71.3102, 46.7732], [-71.3105, 46.7735], [-71.3107, 46.7737], [-71.3108, 46.774], [-71.3108, 46.7741], [-71.3108, 46.7743], [-71.3107, 46.7744], [-71.3105, 46.7745], [-71.3103, 46.7745], [-71.31, 46.7745], [-71.3097, 46.7745], [-71.3095, 46.7745], [-71.3093, 46.7745], [-71.3091, 46.7745], [-71.3089, 46.7745], [-71.3088, 46.7744], [-71.3086, 46.7744], [-71.3085, 46.7743], [-71.3084, 46.7743], [-71.3083, 46.7742], [-71.3082, 46.7742], [-71.3081, 46.7742], [-71.308, 46.7743], [-71.3079, 46.7743], [-71.3078, 46.7743], [-71.3077, 46.7744], [-71.3076, 46.7743], [-71.3074, 46.7743], [-71.3073, 46.7742], [-71.3071, 46.7742], [-71.3069, 46.774], [-71.3067, 46.7739], [-71.3065, 46.7737], [-71.3063, 46.7736], [-71.3061, 46.7735], [-71.306, 46.7735], [-71.3061, 46.7736], [-71.3062, 46.7737], [-71.3063, 46.7738], [-71.3064, 46.7739], [-71.3064, 46.774], [-71.3064, 46.7741], [-71.3064, 46.7742], [-71.3063, 46.7743], [-71.3062, 46.7744], [-71.306, 46.7744], [-71.3059, 46.7744], [-71.3058, 46.7743], [-71.3056, 46.7743], [-71.3055, 46.7742], [-71.3053, 46.7741], [-71.3052, 46.774], [-71.305, 46.7738], [-71.3048, 46.7737], [-71.3047, 46.7735], [-71.3046, 46.7734], [-71.3046, 46.7733], [-71.3045, 46.7732], [-71.3045, 46.7731], [-71.3046, 46.773], [-71.3046, 46.7729], [-71.3047, 46.7728], [-71.3047, 46.7727], [-71.3047, 46.7726], [-71.3047, 46.7725], [-71.3046, 46.7724], [-71.3046, 46.7723], [-71.3045, 46.7722], [-71.3044, 46.7721], [-71.3044, 46.772], [-71.3044, 46.7719], [-71.3044, 46.7718], [-71.3045, 46.7717], [-71.3045, 46.7716], [-71.3044, 46.7717], [-71.3042, 46.7718], [-71.304, 46.7719], [-71.3038, 46.7721], [-71.3036, 46.7723], [-71.3034, 46.7724], [-71.3033, 46.7726], [-71.3032, 46.7728], [-71.3031, 46.7729], [-71.3031, 46.7731], [-71.3031, 46.7733], [-71.303, 46.7735], [-71.303, 46.7736], [-71.3029, 46.7737], [-71.3028, 46.7738], [-71.3027, 46.7739], [-71.3026, 46.774], [-71.3025, 46.7741], [-71.3023, 46.7741], [-71.3022, 46.7742], [-71.302, 46.7742], [-71.3018, 46.7742], [-71.3016, 46.7743], [-71.3013, 46.7743], [-71.3011, 46.7743], [-71.3008, 46.7743], [-71.3005, 46.7742], [-71.3003, 46.7742], [-71.3001, 46.7741], [-71.2999, 46.7739], [-71.2997, 46.7737], [-71.2996, 46.7735], [-71.2995, 46.7732], [-71.2994, 46.7728], [-71.2994, 46.7725], [-71.2994, 46.7721], [-71.2994, 46.7718], [-71.2994, 46.7716], [-71.2994, 46.7714], [-71.2995, 46.7712], [-71.2996, 46.7711], [-71.2997, 46.7711], [-71.2998, 46.7711], [-71.2999, 46.771], [-71.3, 46.771], [-71.3001, 46.771], [-71.3002, 46.7709], [-71.3003, 46.7709], [-71.3003, 46.7708], [-71.3004, 46.7707], [-71.3004, 46.7706], [-71.3005, 46.7706], [-71.3006, 46.7705], [-71.3007, 46.7705], [-71.3008, 46.7706], [-71.3009, 46.7706], [-71.301, 46.7707], [-71.3012, 46.7708], [-71.3013, 46.7709], [-71.3014, 46.7709], [-71.3015, 46.7709], [-71.3015, 46.7708], [-71.3015, 46.7707], [-71.3015, 46.7706], [-71.3015, 46.7705], [-71.3014, 46.7703], [-71.3014, 46.7701], [-71.3014, 46.77], [-71.3013, 46.7699], [-71.3014, 46.7698], [-71.3014, 46.7697], [-71.3014, 46.7696], [-71.3015, 46.7695], [-71.3016, 46.7695], [-71.3017, 46.7695], [-71.3018, 46.7695], [-71.3019, 46.7696], [-71.302, 46.7698], [-71.3021, 46.7699], [-71.3022, 46.7701], [-71.3024, 46.7704], [-71.3025, 46.7706], [-71.3026, 46.7707], [-71.3027, 46.7709], [-71.3028, 46.771], [-71.3029, 46.771], [-71.303, 46.771], [-71.3031, 46.771], [-71.3032, 46.7709], [-71.3033, 46.7708], [-71.3033, 46.7707], [-71.3033, 46.7705], [-71.3032, 46.7703], [-71.3031, 46.7701], [-71.303, 46.7699], [-71.3029, 46.7696], [-71.3027, 46.7692], [-71.3025, 46.7689], [-71.3024, 46.7687], [-71.3022, 46.7685], [-71.3021, 46.7683], [-71.3019, 46.7682], [-71.3018, 46.7681], [-71.3016, 46.768], [-71.3015, 46.768], [-71.3014, 46.7679], [-71.3013, 46.7678], [-71.3011, 46.7677], [-71.301, 46.7675], [-71.3008, 46.7674], [-71.3007, 46.7671], [-71.3005, 46.7669], [-71.3004, 46.7666], [-71.3002, 46.7663], [-71.3001, 46.7661], [-71.2999, 46.7659], [-71.2998, 46.7657], [-71.2997, 46.7656], [-71.2996, 46.7655], [-71.2995, 46.7654], [-71.2994, 46.7654], [-71.2994, 46.7653], [-71.2993, 46.7652], [-71.2994, 46.765], [-71.2994, 46.7648], [-71.2995, 46.7645], [-71.2997, 46.7642], [-71.2999, 46.7639], [-71.3001, 46.7635], [-71.3003, 46.7631], [-71.3006, 46.7628], [-71.3008, 46.7626], [-71.3011, 46.7624], [-71.3014, 46.7622], [-71.3017, 46.7622], [-71.302, 46.7621], [-71.3023, 46.7622], [-71.3026, 46.7622], [-71.303, 46.7621], [-71.3033, 46.7621], [-71.3037, 46.7619], [-71.304, 46.7618], [-71.3044, 46.7616], [-71.3048, 46.7614], [-71.3051, 46.7611], [-71.3055, 46.7609], [-71.3058, 46.7607], [-71.3061, 46.7605], [-71.3063, 46.7604], [-71.3065, 46.7604], [-71.3067, 46.7604], [-71.3069, 46.7604], [-71.307, 46.7605], [-71.3071, 46.7605], [-71.3071, 46.7606], [-71.3072, 46.7607], [-71.3072, 46.7608], [-71.3071, 46.7609], [-71.3071, 46.761], [-71.307, 46.7611], [-71.3069, 46.7612], [-71.3068, 46.7613], [-71.3068, 46.7614], [-71.3068, 46.7615], [-71.3068, 46.7616], [-71.3069, 46.7617], [-71.3071, 46.7617], [-71.3073, 46.7618], [-71.3075, 46.7618], [-71.3077, 46.7619], [-71.3079, 46.7619], [-71.3081, 46.7619], [-71.3082, 46.7619], [-71.3084, 46.7619], [-71.3085, 46.7619], [-71.3087, 46.7618], [-71.3088, 46.7618], [-71.309, 46.7618], [-71.3091, 46.7618], [-71.3094, 46.7618], [-71.3096, 46.7619], [-71.3099, 46.762], [-71.3102, 46.7621], [-71.3106, 46.7623], [-71.311, 46.7624], [-71.3113, 46.7626], [-71.3117, 46.7627], [-71.312, 46.7627], [-71.3123, 46.7628], [-71.3126, 46.7627], [-71.3129, 46.7626], [-71.3132, 46.7625], [-71.3135, 46.7623], [-71.3137, 46.7622], [-71.3138, 46.762], [-71.3139, 46.7619], [-71.314, 46.7618], [-71.314, 46.7617], [-71.314, 46.7616], [-71.3139, 46.7615], [-71.3137, 46.7615], [-71.3136, 46.7614], [-71.3135, 46.7613], [-71.3134, 46.7613], [-71.3134, 46.7612], [-71.3134, 46.7611], [-71.3134, 46.761], [-71.3134, 46.7609], [-71.3134, 46.7608], [-71.3135, 46.7607], [-71.3136, 46.7607], [-71.3137, 46.7607], [-71.3138, 46.7607], [-71.314, 46.7607], [-71.3142, 46.7608], [-71.3144, 46.7609], [-71.3146, 46.7611], [-71.3149, 46.7612], [-71.3151, 46.7612], [-71.3153, 46.7613], [-71.3155, 46.7613], [-71.3156, 46.7612], [-71.3158, 46.7612], [-71.3159, 46.7611], [-71.3161, 46.7609], [-71.3162, 46.7608], [-71.3163, 46.7607], [-71.3165, 46.7607], [-71.3166, 46.7606], [-71.3167, 46.7606], [-71.3169, 46.7606], [-71.317, 46.7606], [-71.3172, 46.7606], [-71.3173, 46.7606], [-71.3174, 46.7606], [-71.3175, 46.7607], [-71.3175, 46.7608], [-71.3176, 46.7608], [-71.3176, 46.7609], [-71.3177, 46.761], [-71.3177, 46.7611], [-71.3177, 46.7612], [-71.3178, 46.7613], [-71.318, 46.7613], [-71.3181, 46.7613], [-71.3182, 46.7612], [-71.3184, 46.7611], [-71.3186, 46.761], [-71.3188, 46.7609], [-71.319, 46.7609], [-71.3191, 46.7608], [-71.3193, 46.7608], [-71.3195, 46.7608], [-71.3196, 46.7608], [-71.3198, 46.7609], [-71.3199, 46.761], [-71.32, 46.761], [-71.3201, 46.7611], [-71.3202, 46.7612], [-71.3202, 46.7613], [-71.3202, 46.7614], [-71.3201, 46.7615]]]}}, {"type": "Feature", "properties": {"couche": "voile", "station": "Duchesneau", "minutes": 15}, "geometry": {"type": "Polygon", "coordinates": [[[-71.4795, 46.8812], [-71.1436, 46.8835], [-71.1409, 46.6535], [-71.4753, 46.6511], [-71.4795, 46.8812]], [[-71.3202, 46.7614], [-71.3202, 46.7613], [-71.3202, 46.7612], [-71.3201, 46.7611], [-71.32, 46.761], [-71.3199, 46.761], [-71.3198, 46.7609], [-71.3196, 46.7608], [-71.3195, 46.7608], [-71.3193, 46.7608], [-71.3191, 46.7608], [-71.319, 46.7609], [-71.3188, 46.7609], [-71.3186, 46.761], [-71.3184, 46.7611], [-71.3182, 46.7612], [-71.3181, 46.7613], [-71.318, 46.7613], [-71.3178, 46.7613], [-71.3177, 46.7612], [-71.3177, 46.7611], [-71.3177, 46.761], [-71.3176, 46.7609], [-71.3176, 46.7608], [-71.3175, 46.7608], [-71.3175, 46.7607], [-71.3174, 46.7606], [-71.3173, 46.7606], [-71.3172, 46.7606], [-71.317, 46.7606], [-71.3169, 46.7606], [-71.3167, 46.7606], [-71.3166, 46.7606], [-71.3165, 46.7607], [-71.3163, 46.7607], [-71.3162, 46.7608], [-71.3161, 46.7609], [-71.3159, 46.7611], [-71.3158, 46.7612], [-71.3156, 46.7612], [-71.3155, 46.7613], [-71.3153, 46.7613], [-71.3151, 46.7612], [-71.3149, 46.7612], [-71.3146, 46.7611], [-71.3144, 46.7609], [-71.3142, 46.7608], [-71.314, 46.7607], [-71.3138, 46.7607], [-71.3137, 46.7607], [-71.3136, 46.7607], [-71.3135, 46.7607], [-71.3134, 46.7608], [-71.3134, 46.7609], [-71.3134, 46.761], [-71.3134, 46.7611], [-71.3134, 46.7612], [-71.3134, 46.7613], [-71.3135, 46.7613], [-71.3136, 46.7614], [-71.3137, 46.7615], [-71.3139, 46.7615], [-71.314, 46.7616], [-71.314, 46.7617], [-71.314, 46.7618], [-71.3139, 46.7619], [-71.3138, 46.762], [-71.3137, 46.7622], [-71.3135, 46.7623], [-71.3132, 46.7625], [-71.3129, 46.7626], [-71.3126, 46.7627], [-71.3123, 46.7628], [-71.312, 46.7627], [-71.3117, 46.7627], [-71.3113, 46.7626], [-71.311, 46.7624], [-71.3106, 46.7623], [-71.3102, 46.7621], [-71.3099, 46.762], [-71.3096, 46.7619], [-71.3094, 46.7618], [-71.3091, 46.7618], [-71.309, 46.7618], [-71.3088, 46.7618], [-71.3087, 46.7618], [-71.3085, 46.7619], [-71.3084, 46.7619], [-71.3082, 46.7619], [-71.3081, 46.7619], [-71.3079, 46.7619], [-71.3077, 46.7619], [-71.3075, 46.7618], [-71.3073, 46.7618], [-71.3071, 46.7617], [-71.3069, 46.7617], [-71.3068, 46.7616], [-71.3068, 46.7615], [-71.3068, 46.7614], [-71.3068, 46.7613], [-71.3069, 46.7612], [-71.307, 46.7611], [-71.3071, 46.761], [-71.3071, 46.7609], [-71.3072, 46.7608], [-71.3072, 46.7607], [-71.3071, 46.7606], [-71.3071, 46.7605], [-71.307, 46.7605], [-71.3069, 46.7604], [-71.3067, 46.7604], [-71.3065, 46.7604], [-71.3063, 46.7604], [-71.3061, 46.7605], [-71.3058, 46.7607], [-71.3055, 46.7609], [-71.3051, 46.7611], [-71.3048, 46.7614], [-71.3044, 46.7616], [-71.304, 46.7618], [-71.3037, 46.7619], [-71.3033, 46.7621], [-71.303, 46.7621], [-71.3026, 46.7622], [-71.3023, 46.7622], [-71.302, 46.7621], [-71.3017, 46.7622], [-71.3014, 46.7622], [-71.3011, 46.7624], [-71.3008, 46.7626], [-71.3006, 46.7628], [-71.3003, 46.7631], [-71.3001, 46.7635], [-71.2999, 46.7639], [-71.2997, 46.7642], [-71.2995, 46.7645], [-71.2994, 46.7648], [-71.2994, 46.765], [-71.2993, 46.7652], [-71.2994, 46.7653], [-71.2994, 46.7654], [-71.2995, 46.7654], [-71.2996, 46.7655], [-71.2997, 46.7656], [-71.2998, 46.7657], [-71.2999, 46.7659], [-71.3001, 46.7661], [-71.3002, 46.7663], [-71.3004, 46.7666], [-71.3005, 46.7669], [-71.3007, 46.7671], [-71.3008, 46.7674], [-71.301, 46.7675], [-71.3011, 46.7677], [-71.3013, 46.7678], [-71.3014, 46.7679], [-71.3015, 46.768], [-71.3016, 46.768], [-71.3018, 46.7681], [-71.3019, 46.7682], [-71.3021, 46.7683], [-71.3022, 46.7685], [-71.3024, 46.7687], [-71.3025, 46.7689], [-71.3027, 46.7692], [-71.3029, 46.7696], [-71.303, 46.7699], [-71.3031, 46.7701], [-71.3032, 46.7703], [-71.3033, 46.7705], [-71.3033, 46.7707], [-71.3033, 46.7708], [-71.3032, 46.7709], [-71.3031, 46.771], [-71.303, 46.771], [-71.3029, 46.771], [-71.3028, 46.771], [-71.3027, 46.7709], [-71.3026, 46.7707], [-71.3025, 46.7706], [-71.3024, 46.7704], [-71.3022, 46.7701], [-71.3021, 46.7699], [-71.302, 46.7698], [-71.3019, 46.7696], [-71.3018, 46.7695], [-71.3017, 46.7695], [-71.3016, 46.7695], [-71.3015, 46.7695], [-71.3014, 46.7696], [-71.3014, 46.7697], [-71.3014, 46.7698], [-71.3013, 46.7699], [-71.3014, 46.77], [-71.3014, 46.7701], [-71.3014, 46.7703], [-71.3015, 46.7705], [-71.3015, 46.7706], [-71.3015, 46.7707], [-71.3015, 46.7708], [-71.3015, 46.7709], [-71.3014, 46.7709], [-71.3013, 46.7709], [-71.3012, 46.7708], [-71.301, 46.7707], [-71.3009, 46.7706], [-71.3008, 46.7706], [-71.3007, 46.7705], [-71.3006, 46.7705], [-71.3005, 46.7706], [-71.3004, 46.7706], [-71.3004, 46.7707], [-71.3003, 46.7708], [-71.3003, 46.7709], [-71.3002, 46.7709], [-71.3001, 46.771], [-71.3, 46.771], [-71.2999, 46.771], [-71.2998, 46.7711], [-71.2997, 46.7711], [-71.2996, 46.7711], [-71.2995, 46.7712], [-71.2994, 46.7714], [-71.2994, 46.7716], [-71.2994, 46.7718], [-71.2994, 46.7721], [-71.2994, 46.7725], [-71.2994, 46.7728], [-71.2995, 46.7732], [-71.2996, 46.7735], [-71.2997, 46.7737], [-71.2999, 46.7739], [-71.3001, 46.7741], [-71.3003, 46.7742], [-71.3005, 46.7742], [-71.3008, 46.7743], [-71.3011, 46.7743], [-71.3013, 46.7743], [-71.3016, 46.7743], [-71.3018, 46.7742], [-71.302, 46.7742], [-71.3022, 46.7742], [-71.3023, 46.7741], [-71.3025, 46.7741], [-71.3026, 46.774], [-71.3027, 46.7739], [-71.3028, 46.7738], [-71.3029, 46.7737], [-71.303, 46.7736], [-71.303, 46.7735], [-71.3031, 46.7733], [-71.3031, 46.7731], [-71.3031, 46.7729], [-71.3032, 46.7728], [-71.3033, 46.7726], [-71.3034, 46.7724], [-71.3036, 46.7723], [-71.3038, 46.7721], [-71.304, 46.7719], [-71.3042, 46.7718], [-71.3044, 46.7717], [-71.3045, 46.7716], [-71.3045, 46.7717], [-71.3044, 46.7718], [-71.3044, 46.7719], [-71.3044, 46.772], [-71.3044, 46.7721], [-71.3045, 46.7722], [-71.3046, 46.7723], [-71.3046, 46.7724], [-71.3047, 46.7725], [-71.3047, 46.7726], [-71.3047, 46.7727], [-71.3047, 46.7728], [-71.3046, 46.7729], [-71.3046, 46.773], [-71.3045, 46.7731], [-71.3045, 46.7732], [-71.3046, 46.7733], [-71.3046, 46.7734], [-71.3047, 46.7735], [-71.3048, 46.7737], [-71.305, 46.7738], [-71.3052, 46.774], [-71.3053, 46.7741], [-71.3055, 46.7742], [-71.3056, 46.7743], [-71.3058, 46.7743], [-71.3059, 46.7744], [-71.306, 46.7744], [-71.3062, 46.7744], [-71.3063, 46.7743], [-71.3064, 46.7742], [-71.3064, 46.7741], [-71.3064, 46.774], [-71.3064, 46.7739], [-71.3063, 46.7738], [-71.3062, 46.7737], [-71.3061, 46.7736], [-71.306, 46.7735], [-71.3061, 46.7735], [-71.3063, 46.7736], [-71.3065, 46.7737], [-71.3067, 46.7739], [-71.3069, 46.774], [-71.3071, 46.7742], [-71.3073, 46.7742], [-71.3074, 46.7743], [-71.3076, 46.7743], [-71.3077, 46.7744], [-71.3078, 46.7743], [-71.3079, 46.7743], [-71.308, 46.7743], [-71.3081, 46.7742], [-71.3082, 46.7742], [-71.3083, 46.7742], [-71.3084, 46.7743], [-71.3085, 46.7743], [-71.3086, 46.7744], [-71.3088, 46.7744], [-71.3089, 46.7745], [-71.3091, 46.7745], [-71.3093, 46.7745], [-71.3095, 46.7745], [-71.3097, 46.7745], [-71.31, 46.7745], [-71.3103, 46.7745], [-71.3105, 46.7745], [-71.3107, 46.7744], [-71.3108, 46.7743], [-71.3108, 46.7741], [-71.3108, 46.774], [-71.3107, 46.7737], [-71.3105, 46.7735], [-71.3102, 46.7732], [-71.3101, 46.773], [-71.31, 46.7729], [-71.31, 46.7728], [-71.3101, 46.7728], [-71.3103, 46.7729], [-71.3106, 46.773], [-71.311, 46.7732], [-71.3115, 46.7735], [-71.3119, 46.7738], [-71.3123, 46.774], [-71.3127, 46.7742], [-71.3131, 46.7743], [-71.3134, 46.7744], [-71.3137, 46.7745], [-71.314, 46.7745], [-71.3143, 46.7745], [-71.3145, 46.7745], [-71.3148, 46.7745], [-71.3151, 46.7745], [-71.3154, 46.7744], [-71.3156, 46.7744], [-71.316, 46.7743], [-71.3163, 46.7742], [-71.3166, 46.7741], [-71.3169, 46.774], [-71.3172, 46.7739], [-71.3174, 46.7739], [-71.3177, 46.7739], [-71.3179, 46.7739], [-71.3181, 46.7739], [-71.3183, 46.7739], [-71.3184, 46.7739], [-71.3186, 46.774], [-71.3187, 46.774], [-71.3188, 46.7739], [-71.3188, 46.7738], [-71.3187, 46.7737], [-71.3187, 46.7736], [-71.3186, 46.7735], [-71.3186, 46.7734], [-71.3187, 46.7733], [-71.3187, 46.7734], [-71.3188, 46.7734], [-71.3189, 46.7734], [-71.319, 46.7735], [-71.3191, 46.7735], [-71.3192, 46.7735], [-71.3193, 46.7735], [-71.3194, 46.7734], [-71.3195, 46.7734], [-71.3195, 46.7733], [-71.3195, 46.7732], [-71.3195, 46.7731], [-71.3194, 46.773], [-71.3193, 46.773], [-71.3191, 46.7729], [-71.3189, 46.7728], [-71.3187, 46.7727], [-71.3185, 46.7726], [-71.3183, 46.7725], [-71.3182, 46.7724], [-71.3182, 46.7723], [-71.3181, 46.7722], [-71.3182, 46.7721], [-71.3183, 46.7721], [-71.3184, 46.772], [-71.3185, 46.7719], [-71.3186, 46.7718], [-71.3187, 46.7718], [-71.3188, 46.7718], [-71.3189, 46.7718], [-71.319, 46.7719], [-71.3191, 46.772], [-71.3192, 46.772], [-71.3193, 46.772], [-71.3194, 46.772], [-71.3195, 46.772], [-71.3197, 46.772], [-71.3198, 46.7719], [-71.3199, 46.7719], [-71.3199, 46.7718], [-71.32, 46.7716], [-71.3201, 46.7715], [-71.3201, 46.7713], [-71.3202, 46.7711], [-71.3202, 46.7709], [-71.3201, 46.7706], [-71.32, 46.7703], [-71.3198, 46.77], [-71.3195, 46.7697], [-71.3191, 46.7693], [-71.3187, 46.769], [-71.3182, 46.7686], [-71.3176, 46.7681], [-71.3171, 46.7677], [-71.3167, 46.7674], [-71.3164, 46.7671], [-71.3161, 46.7668], [-71.316, 46.7665], [-71.316, 46.7663], [-71.3161, 46.7661], [-71.3162, 46.766], [-71.3164, 46.7659], [-71.3165, 46.7658], [-71.3167, 46.7657], [-71.3168, 46.7657], [-71.3169, 46.7657], [-71.317, 46.7658], [-71.317, 46.7659], [-71.3171, 46.766], [-71.3172, 46.7661], [-71.3173, 46.7662], [-71.3174, 46.7662], [-71.3176, 46.7662], [-71.3177, 46.7662], [-71.3179, 46.7661], [-71.318, 46.7661], [-71.3182, 46.766], [-71.3184, 46.766], [-71.3185, 46.766], [-71.3187, 46.7659], [-71.3189, 46.766], [-71.3191, 46.766], [-71.3193, 46.766], [-71.3195, 46.7661], [-71.3196, 46.7661], [-71.3198, 46.766], [-71.3199, 46.766], [-71.32, 46.7658], [-71.3201, 46.7656], [-71.3201, 46.7654], [-71.3201, 46.7651], [-71.3201, 46.7648], [-71.3201, 46.7645], [-71.32, 46.7643], [-71.3199, 46.7641], [-71.3198, 46.764], [-71.3197, 46.764], [-71.3195, 46.7639], [-71.3192, 46.764], [-71.319, 46.7641], [-71.3188, 46.7642], [-71.3186, 46.7642], [-71.3184, 46.7643], [-71.3182, 46.7643], [-71.3181, 46.7644], [-71.318, 46.7644], [-71.3179, 46.7643], [-71.3179, 46.7642], [-71.318, 46.7641], [-71.3182, 46.764], [-71.3183, 46.7638], [-71.3186, 46.7637], [-71.3188, 46.7635], [-71.3191, 46.7633], [-71.3194, 46.7631], [-71.3196, 46.763], [-71.3198, 46.7628], [-71.3199, 46.7627], [-71.32, 46.7625], [-71.32, 46.7624], [-71.32, 46.7622], [-71.32, 46.7621], [-71.32, 46.762], [-71.3199, 46.7619], [-71.3199, 46.7618], [-71.3199, 46.7617], [-71.32, 46.7616], [-71.3201, 46.7615], [-71.3202, 46.7614]]]}}]}