{"type": "FeatureCollection", "metadata": {"script": "scripts/analysis/tramway-isochrones.py", "genere_le": "2026-10-05", "source": "OpenStreetMap (ODbL) ; Statistique Canada, Recensement 2021", "attribution": "© les contributeurs d'OpenStreetMap", "titre": "Aires de marche et voiles — D'Youville", "paliers_min": [2, 3, 4, 5, 6, 7, 8, 9, 10, 11, 12, 13, 14, 15], "vitesse_kmh": 4.2, "methode": "Dijkstra sur le réseau marchable d'OpenStreetMap à 4.2 km/h ; couloir de 40 m autour des rues atteintes. Chaque voile est le complément de l'aire du même palier. Population par pondération de surface des aires de diffusion.", "trous": "comblés — intérieurs de grands îlots, pas des zones inaccessibles", "modes": "Mode de transport domicile–travail, recensement 2021 (mai 2021, en pleine pandémie), données-échantillon 25 %, réparti par pondération de surface."}, "features": [{"type": "Feature", "properties": {"couche": "aire_marche", "station": "D'Youville", "ordre": 21, "minutes": 2, "superficie_ha": 5.2, "rue_km": 3.1, "disque_ha": 6.2, "part_disque_pct": 83, "accroche_m": 12, "population": 201, "navetteurs": 74, "mode_auto_pct": 31, "mode_tc_pct": 27, "mode_actif_pct": 42, "mode_autre_pct": 0}, "geometry": {"type": "Polygon", "coordinates": [[[-71.2174, 46.8121], [-71.2173, 46.8124], [-71.2172, 46.8126], [-71.217, 46.8127], [-71.2168, 46.8129], [-71.2166, 46.813], [-71.2163, 46.813], [-71.2159, 46.813], [-71.2155, 46.813], [-71.2151, 46.8129], [-71.2147, 46.8129], [-71.2144, 46.8127], [-71.2142, 46.8126], [-71.214, 46.8124], [-71.2139, 46.8122], [-71.2139, 46.812], [-71.2139, 46.8118], [-71.214, 46.8115], [-71.2141, 46.8113], [-71.2143, 46.8111], [-71.2145, 46.811], [-71.2147, 46.8109], [-71.215, 46.8109], [-71.2154, 46.8109], [-71.2158, 46.8109], [-71.2162, 46.811], [-71.2165, 46.8111], [-71.2168, 46.8112], [-71.2171, 46.8114], [-71.2173, 46.8115], [-71.2174, 46.8117], [-71.2174, 46.8119], [-71.2174, 46.8121]]]}}, {"type": "Feature", "properties": {"couche": "voile", "station": "D'Youville", "minutes": 2}, "geometry": {"type": "Polygon", "coordinates": [[[-71.3764, 46.9198], [-71.0578, 46.9218], [-71.0555, 46.7038], [-71.3729, 46.7018], [-71.3764, 46.9198]], [[-71.2174, 46.8119], [-71.2174, 46.8117], [-71.2173, 46.8115], [-71.2171, 46.8114], [-71.2168, 46.8112], [-71.2165, 46.8111], [-71.2162, 46.811], [-71.2158, 46.8109], [-71.2154, 46.8109], [-71.215, 46.8109], [-71.2147, 46.8109], [-71.2145, 46.811], [-71.2143, 46.8111], [-71.2141, 46.8113], [-71.214, 46.8115], [-71.2139, 46.8118], [-71.2139, 46.812], [-71.2139, 46.8122], [-71.214, 46.8124], [-71.2142, 46.8126], [-71.2144, 46.8127], [-71.2147, 46.8129], [-71.2151, 46.8129], [-71.2155, 46.813], [-71.2159, 46.813], [-71.2163, 46.813], [-71.2166, 46.813], [-71.2168, 46.8129], [-71.217, 46.8127], [-71.2172, 46.8126], [-71.2173, 46.8124], [-71.2174, 46.8121], [-71.2174, 46.8119]]]}}, {"type": "Feature", "properties": {"couche": "aire_marche", "station": "D'Youville", "ordre": 21, "minutes": 3, "superficie_ha": 12.0, "rue_km": 6.21, "disque_ha": 13.9, "part_disque_pct": 86, "accroche_m": 12, "population": 436, "navetteurs": 159, "mode_auto_pct": 31, "mode_tc_pct": 26, "mode_actif_pct": 43, "mode_autre_pct": 0}, "geometry": {"type": "Polygon", "coordinates": [[[-71.2181, 46.8122], [-71.218, 46.8125], [-71.2179, 46.8128], [-71.2177, 46.8131], [-71.2175, 46.8133], [-71.2173, 46.8134], [-71.2171, 46.8136], [-71.2168, 46.8136], [-71.2165, 46.8137], [-71.2162, 46.8137], [-71.2158, 46.8137], [-71.2155, 46.8136], [-71.2152, 46.8136], [-71.2149, 46.8136], [-71.2146, 46.8135], [-71.2143, 46.8134], [-71.214, 46.8133], [-71.2137, 46.8132], [-71.2135, 46.8131], [-71.2133, 46.8129], [-71.2131, 46.8127], [-71.2131, 46.8125], [-71.213, 46.8122], [-71.2131, 46.8119], [-71.2132, 46.8116], [-71.2133, 46.8113], [-71.2134, 46.811], [-71.2136, 46.8107], [-71.2137, 46.8105], [-71.2138, 46.8103], [-71.214, 46.8102], [-71.2141, 46.8101], [-71.2142, 46.8101], [-71.2144, 46.8101], [-71.2145, 46.8101], [-71.2146, 46.8102], [-71.2147, 46.8102], [-71.2148, 46.8103], [-71.2149, 46.8103], [-71.215, 46.8104], [-71.2151, 46.8105], [-71.2152, 46.8106], [-71.2153, 46.8107], [-71.2154, 46.8107], [-71.2155, 46.8108], [-71.2156, 46.8108], [-71.2158, 46.8108], [-71.2159, 46.8107], [-71.2161, 46.8107], [-71.2163, 46.8106], [-71.2165, 46.8105], [-71.2167, 46.8105], [-71.2169, 46.8105], [-71.2171, 46.8105], [-71.2173, 46.8105], [-71.2174, 46.8106], [-71.2176, 46.8106], [-71.2178, 46.8107], [-71.2179, 46.8108], [-71.2181, 46.811], [-71.2181, 46.8112], [-71.2182, 46.8114], [-71.2182, 46.8116], [-71.2181, 46.8119], [-71.2181, 46.8122]]]}}, {"type": "Feature", "properties": {"couche": "voile", "station": "D'Youville", "minutes": 3}, "geometry": {"type": "Polygon", "coordinates": [[[-71.3772, 46.9205], [-71.0569, 46.9225], [-71.0546, 46.703], [-71.3737, 46.701], [-71.3772, 46.9205]], [[-71.2181, 46.8119], [-71.2182, 46.8116], [-71.2182, 46.8114], [-71.2181, 46.8112], [-71.2181, 46.811], [-71.2179, 46.8108], [-71.2178, 46.8107], [-71.2176, 46.8106], [-71.2174, 46.8106], [-71.2173, 46.8105], [-71.2171, 46.8105], [-71.2169, 46.8105], [-71.2167, 46.8105], [-71.2165, 46.8105], [-71.2163, 46.8106], [-71.2161, 46.8107], [-71.2159, 46.8107], [-71.2158, 46.8108], [-71.2156, 46.8108], [-71.2155, 46.8108], [-71.2154, 46.8107], [-71.2153, 46.8107], [-71.2152, 46.8106], [-71.2151, 46.8105], [-71.215, 46.8104], [-71.2149, 46.8103], [-71.2148, 46.8103], [-71.2147, 46.8102], [-71.2146, 46.8102], [-71.2145, 46.8101], [-71.2144, 46.8101], [-71.2142, 46.8101], [-71.2141, 46.8101], [-71.214, 46.8102], [-71.2138, 46.8103], [-71.2137, 46.8105], [-71.2136, 46.8107], [-71.2134, 46.811], [-71.2133, 46.8113], [-71.2132, 46.8116], [-71.2131, 46.8119], [-71.213, 46.8122], [-71.2131, 46.8125], [-71.2131, 46.8127], [-71.2133, 46.8129], [-71.2135, 46.8131], [-71.2137, 46.8132], [-71.214, 46.8133], [-71.2143, 46.8134], [-71.2146, 46.8135], [-71.2149, 46.8136], [-71.2152, 46.8136], [-71.2155, 46.8136], [-71.2158, 46.8137], [-71.2162, 46.8137], [-71.2165, 46.8137], [-71.2168, 46.8136], [-71.2171, 46.8136], [-71.2173, 46.8134], [-71.2175, 46.8133], [-71.2177, 46.8131], [-71.2179, 46.8128], [-71.218, 46.8125], [-71.2181, 46.8122], [-71.2181, 46.8119]]]}}, {"type": "Feature", "properties": {"couche": "aire_marche", "station": "D'Youville", "ordre": 21, "minutes": 4, "superficie_ha": 20.0, "rue_km": 9.82, "disque_ha": 24.6, "part_disque_pct": 81, "accroche_m": 12, "population": 802, "navetteurs": 283, "mode_auto_pct": 31, "mode_tc_pct": 26, "mode_actif_pct": 43, "mode_autre_pct": 0}, "geometry": {"type": "Polygon", "coordinates": [[[-71.2192, 46.8116], [-71.2192, 46.8119], [-71.2192, 46.8121], [-71.2191, 46.8124], [-71.219, 46.8126], [-71.2188, 46.8129], [-71.2186, 46.8131], [-71.2184, 46.8133], [-71.2181, 46.8134], [-71.2177, 46.8136], [-71.2174, 46.8138], [-71.2171, 46.8139], [-71.2168, 46.814], [-71.2165, 46.814], [-71.2161, 46.8141], [-71.2158, 46.8141], [-71.2155, 46.8141], [-71.2152, 46.8141], [-71.2149, 46.814], [-71.2147, 46.814], [-71.2145, 46.8139], [-71.2143, 46.8138], [-71.2142, 46.8137], [-71.2141, 46.8137], [-71.2141, 46.8135], [-71.2141, 46.8134], [-71.2141, 46.8133], [-71.214, 46.8132], [-71.2139, 46.8132], [-71.2138, 46.8132], [-71.2136, 46.8133], [-71.2135, 46.8133], [-71.2134, 46.8134], [-71.2133, 46.8134], [-71.2131, 46.8134], [-71.213, 46.8134], [-71.2128, 46.8134], [-71.2127, 46.8133], [-71.2125, 46.8133], [-71.2124, 46.8132], [-71.2123, 46.8131], [-71.2122, 46.8129], [-71.2122, 46.8127], [-71.2122, 46.8124], [-71.2122, 46.8121], [-71.2123, 46.8118], [-71.2124, 46.8114], [-71.2125, 46.811], [-71.2126, 46.8107], [-71.2127, 46.8105], [-71.2128, 46.8102], [-71.2129, 46.81], [-71.213, 46.8099], [-71.2131, 46.8098], [-71.2132, 46.8098], [-71.2133, 46.8097], [-71.2135, 46.8097], [-71.2136, 46.8097], [-71.2138, 46.8096], [-71.214, 46.8096], [-71.2142, 46.8096], [-71.2145, 46.8097], [-71.2147, 46.8097], [-71.215, 46.8097], [-71.2151, 46.8098], [-71.2153, 46.8099], [-71.2154, 46.81], [-71.2155, 46.8101], [-71.2155, 46.8102], [-71.2155, 46.8103], [-71.2155, 46.8104], [-71.2155, 46.8106], [-71.2156, 46.8106], [-71.2157, 46.8107], [-71.2158, 46.8107], [-71.216, 46.8107], [-71.2162, 46.8106], [-71.2164, 46.8105], [-71.2167, 46.8104], [-71.2169, 46.8103], [-71.2172, 46.8102], [-71.2174, 46.8102], [-71.2177, 46.8102], [-71.2179, 46.8102], [-71.2181, 46.8102], [-71.2183, 46.8103], [-71.2185, 46.8103], [-71.2187, 46.8105], [-71.2188, 46.8106], [-71.219, 46.8107], [-71.2191, 46.8109], [-71.2191, 46.8111], [-71.2192, 46.8114], [-71.2192, 46.8116]]]}}, {"type": "Feature", "properties": {"couche": "voile", "station": "D'Youville", "minutes": 4}, "geometry": {"type": "Polygon", "coordinates": [[[-71.3782, 46.9209], [-71.0561, 46.9229], [-71.0538, 46.7025], [-71.3746, 46.7005], [-71.3782, 46.9209]], [[-71.2192, 46.8114], [-71.2191, 46.8111], [-71.2191, 46.8109], [-71.219, 46.8107], [-71.2188, 46.8106], [-71.2187, 46.8105], [-71.2185, 46.8103], [-71.2183, 46.8103], [-71.2181, 46.8102], [-71.2179, 46.8102], [-71.2177, 46.8102], [-71.2174, 46.8102], [-71.2172, 46.8102], [-71.2169, 46.8103], [-71.2167, 46.8104], [-71.2164, 46.8105], [-71.2162, 46.8106], [-71.216, 46.8107], [-71.2158, 46.8107], [-71.2157, 46.8107], [-71.2156, 46.8106], [-71.2155, 46.8106], [-71.2155, 46.8104], [-71.2155, 46.8103], [-71.2155, 46.8102], [-71.2155, 46.8101], [-71.2154, 46.81], [-71.2153, 46.8099], [-71.2151, 46.8098], [-71.215, 46.8097], [-71.2147, 46.8097], [-71.2145, 46.8097], [-71.2142, 46.8096], [-71.214, 46.8096], [-71.2138, 46.8096], [-71.2136, 46.8097], [-71.2135, 46.8097], [-71.2133, 46.8097], [-71.2132, 46.8098], [-71.2131, 46.8098], [-71.213, 46.8099], [-71.2129, 46.81], [-71.2128, 46.8102], [-71.2127, 46.8105], [-71.2126, 46.8107], [-71.2125, 46.811], [-71.2124, 46.8114], [-71.2123, 46.8118], [-71.2122, 46.8121], [-71.2122, 46.8124], [-71.2122, 46.8127], [-71.2122, 46.8129], [-71.2123, 46.8131], [-71.2124, 46.8132], [-71.2125, 46.8133], [-71.2127, 46.8133], [-71.2128, 46.8134], [-71.213, 46.8134], [-71.2131, 46.8134], [-71.2133, 46.8134], [-71.2134, 46.8134], [-71.2135, 46.8133], [-71.2136, 46.8133], [-71.2138, 46.8132], [-71.2139, 46.8132], [-71.214, 46.8132], [-71.2141, 46.8133], [-71.2141, 46.8134], [-71.2141, 46.8135], [-71.2141, 46.8137], [-71.2142, 46.8137], [-71.2143, 46.8138], [-71.2145, 46.8139], [-71.2147, 46.814], [-71.2149, 46.814], [-71.2152, 46.8141], [-71.2155, 46.8141], [-71.2158, 46.8141], [-71.2161, 46.8141], [-71.2165, 46.814], [-71.2168, 46.814], [-71.2171, 46.8139], [-71.2174, 46.8138], [-71.2177, 46.8136], [-71.2181, 46.8134], [-71.2184, 46.8133], [-71.2186, 46.8131], [-71.2188, 46.8129], [-71.219, 46.8126], [-71.2191, 46.8124], [-71.2192, 46.8121], [-71.2192, 46.8119], [-71.2192, 46.8116], [-71.2192, 46.8114]]]}}, {"type": "Feature", "properties": {"couche": "aire_marche", "station": "D'Youville", "ordre": 21, "minutes": 5, "superficie_ha": 29.2, "rue_km": 14.29, "disque_ha": 38.5, "part_disque_pct": 76, "accroche_m": 12, "population": 1436, "navetteurs": 491, "mode_auto_pct": 33, "mode_tc_pct": 25, "mode_actif_pct": 42, "mode_autre_pct": 0}, "geometry": {"type": "Polygon", "coordinates": [[[-71.2196, 46.813], [-71.2195, 46.813], [-71.2194, 46.8131], [-71.2193, 46.8131], [-71.2192, 46.8132], [-71.2192, 46.8133], [-71.2191, 46.8133], [-71.2191, 46.8134], [-71.219, 46.8135], [-71.219, 46.8136], [-71.219, 46.8137], [-71.2189, 46.8137], [-71.2188, 46.8137], [-71.2187, 46.8137], [-71.2186, 46.8136], [-71.2184, 46.8135], [-71.2183, 46.8135], [-71.2181, 46.8135], [-71.218, 46.8135], [-71.2177, 46.8135], [-71.2175, 46.8136], [-71.2173, 46.8137], [-71.217, 46.8139], [-71.2167, 46.8141], [-71.2164, 46.8142], [-71.2162, 46.8144], [-71.2159, 46.8144], [-71.2157, 46.8145], [-71.2155, 46.8145], [-71.2153, 46.8145], [-71.2152, 46.8144], [-71.215, 46.8143], [-71.2149, 46.8143], [-71.2147, 46.8142], [-71.2146, 46.8141], [-71.2144, 46.8141], [-71.2143, 46.8141], [-71.2142, 46.8141], [-71.2141, 46.8141], [-71.2139, 46.8142], [-71.2138, 46.8142], [-71.2136, 46.8142], [-71.2134, 46.8142], [-71.2133, 46.8142], [-71.213, 46.8141], [-71.2128, 46.8141], [-71.2126, 46.814], [-71.2123, 46.814], [-71.2121, 46.8139], [-71.2119, 46.8138], [-71.2117, 46.8137], [-71.2116, 46.8136], [-71.2115, 46.8134], [-71.2114, 46.8133], [-71.2113, 46.8132], [-71.2113, 46.813], [-71.2113, 46.8129], [-71.2114, 46.8127], [-71.2114, 46.8126], [-71.2115, 46.8124], [-71.2116, 46.8123], [-71.2117, 46.8121], [-71.2119, 46.812], [-71.212, 46.8118], [-71.2122, 46.8117], [-71.2123, 46.8115], [-71.2124, 46.8113], [-71.2124, 46.8112], [-71.2124, 46.811], [-71.2124, 46.8108], [-71.2124, 46.8106], [-71.2123, 46.8104], [-71.2123, 46.8102], [-71.2123, 46.81], [-71.2123, 46.8098], [-71.2124, 46.8097], [-71.2124, 46.8096], [-71.2125, 46.8095], [-71.2127, 46.8094], [-71.2128, 46.8093], [-71.213, 46.8092], [-71.2132, 46.8092], [-71.2134, 46.8092], [-71.2137, 46.8091], [-71.2139, 46.8091], [-71.2142, 46.8091], [-71.2145, 46.8092], [-71.2149, 46.8092], [-71.2152, 46.8093], [-71.2154, 46.8093], [-71.2156, 46.8094], [-71.2158, 46.8095], [-71.216, 46.8096], [-71.2161, 46.8097], [-71.2161, 46.8098], [-71.2162, 46.81], [-71.2162, 46.8101], [-71.2163, 46.8102], [-71.2164, 46.8102], [-71.2165, 46.8102], [-71.2166, 46.8101], [-71.2167, 46.81], [-71.2168, 46.8099], [-71.2169, 46.8098], [-71.2171, 46.8097], [-71.2172, 46.8096], [-71.2175, 46.8096], [-71.2177, 46.8096], [-71.218, 46.8096], [-71.2183, 46.8096], [-71.2186, 46.8097], [-71.2189, 46.8098], [-71.2191, 46.8099], [-71.2194, 46.8101], [-71.2195, 46.8103], [-71.2197, 46.8106], [-71.2198, 46.8109], [-71.2199, 46.8112], [-71.2199, 46.8116], [-71.22, 46.8119], [-71.22, 46.8122], [-71.2199, 46.8124], [-71.2199, 46.8126], [-71.2198, 46.8128], [-71.2198, 46.8129], [-71.2196, 46.813]]]}}, {"type": "Feature", "properties": {"couche": "voile", "station": "D'Youville", "minutes": 5}, "geometry": {"type": "Polygon", "coordinates": [[[-71.379, 46.9213], [-71.0552, 46.9233], [-71.0529, 46.702], [-71.3754, 46.7], [-71.379, 46.9213]], [[-71.2198, 46.8129], [-71.2198, 46.8128], [-71.2199, 46.8126], [-71.2199, 46.8124], [-71.22, 46.8122], [-71.22, 46.8119], [-71.2199, 46.8116], [-71.2199, 46.8112], [-71.2198, 46.8109], [-71.2197, 46.8106], [-71.2195, 46.8103], [-71.2194, 46.8101], [-71.2191, 46.8099], [-71.2189, 46.8098], [-71.2186, 46.8097], [-71.2183, 46.8096], [-71.218, 46.8096], [-71.2177, 46.8096], [-71.2175, 46.8096], [-71.2172, 46.8096], [-71.2171, 46.8097], [-71.2169, 46.8098], [-71.2168, 46.8099], [-71.2167, 46.81], [-71.2166, 46.8101], [-71.2165, 46.8102], [-71.2164, 46.8102], [-71.2163, 46.8102], [-71.2162, 46.8101], [-71.2162, 46.81], [-71.2161, 46.8098], [-71.2161, 46.8097], [-71.216, 46.8096], [-71.2158, 46.8095], [-71.2156, 46.8094], [-71.2154, 46.8093], [-71.2152, 46.8093], [-71.2149, 46.8092], [-71.2145, 46.8092], [-71.2142, 46.8091], [-71.2139, 46.8091], [-71.2137, 46.8091], [-71.2134, 46.8092], [-71.2132, 46.8092], [-71.213, 46.8092], [-71.2128, 46.8093], [-71.2127, 46.8094], [-71.2125, 46.8095], [-71.2124, 46.8096], [-71.2124, 46.8097], [-71.2123, 46.8098], [-71.2123, 46.81], [-71.2123, 46.8102], [-71.2123, 46.8104], [-71.2124, 46.8106], [-71.2124, 46.8108], [-71.2124, 46.811], [-71.2124, 46.8112], [-71.2124, 46.8113], [-71.2123, 46.8115], [-71.2122, 46.8117], [-71.212, 46.8118], [-71.2119, 46.812], [-71.2117, 46.8121], [-71.2116, 46.8123], [-71.2115, 46.8124], [-71.2114, 46.8126], [-71.2114, 46.8127], [-71.2113, 46.8129], [-71.2113, 46.813], [-71.2113, 46.8132], [-71.2114, 46.8133], [-71.2115, 46.8134], [-71.2116, 46.8136], [-71.2117, 46.8137], [-71.2119, 46.8138], [-71.2121, 46.8139], [-71.2123, 46.814], [-71.2126, 46.814], [-71.2128, 46.8141], [-71.213, 46.8141], [-71.2133, 46.8142], [-71.2134, 46.8142], [-71.2136, 46.8142], [-71.2138, 46.8142], [-71.2139, 46.8142], [-71.2141, 46.8141], [-71.2142, 46.8141], [-71.2143, 46.8141], [-71.2144, 46.8141], [-71.2146, 46.8141], [-71.2147, 46.8142], [-71.2149, 46.8143], [-71.215, 46.8143], [-71.2152, 46.8144], [-71.2153, 46.8145], [-71.2155, 46.8145], [-71.2157, 46.8145], [-71.2159, 46.8144], [-71.2162, 46.8144], [-71.2164, 46.8142], [-71.2167, 46.8141], [-71.217, 46.8139], [-71.2173, 46.8137], [-71.2175, 46.8136], [-71.2177, 46.8135], [-71.218, 46.8135], [-71.2181, 46.8135], [-71.2183, 46.8135], [-71.2184, 46.8135], [-71.2186, 46.8136], [-71.2187, 46.8137], [-71.2188, 46.8137], [-71.2189, 46.8137], [-71.219, 46.8137], [-71.219, 46.8136], [-71.219, 46.8135], [-71.2191, 46.8134], [-71.2191, 46.8133], [-71.2192, 46.8133], [-71.2192, 46.8132], [-71.2193, 46.8131], [-71.2194, 46.8131], [-71.2195, 46.813], [-71.2196, 46.813], [-71.2198, 46.8129]]]}}, {"type": "Feature", "properties": {"couche": "aire_marche", "station": "D'Youville", "ordre": 21, "minutes": 6, "superficie_ha": 41.3, "rue_km": 20.09, "disque_ha": 55.4, "part_disque_pct": 75, "accroche_m": 12, "population": 2222, "navetteurs": 756, "mode_auto_pct": 34, "mode_tc_pct": 24, "mode_actif_pct": 42, "mode_autre_pct": 0}, "geometry": {"type": "Polygon", "coordinates": [[[-71.2205, 46.813], [-71.2203, 46.813], [-71.2202, 46.8131], [-71.2202, 46.8132], [-71.2201, 46.8133], [-71.22, 46.8134], [-71.22, 46.8135], [-71.2199, 46.8136], [-71.2199, 46.8137], [-71.2199, 46.8138], [-71.2198, 46.8139], [-71.2197, 46.8139], [-71.2195, 46.814], [-71.2193, 46.814], [-71.219, 46.814], [-71.2187, 46.814], [-71.2184, 46.814], [-71.2181, 46.8139], [-71.2179, 46.8139], [-71.2177, 46.8139], [-71.2175, 46.814], [-71.2174, 46.814], [-71.2173, 46.8141], [-71.2173, 46.8142], [-71.2172, 46.8143], [-71.2171, 46.8144], [-71.217, 46.8145], [-71.2169, 46.8146], [-71.2167, 46.8147], [-71.2165, 46.8147], [-71.2163, 46.8148], [-71.216, 46.8149], [-71.2158, 46.815], [-71.2155, 46.815], [-71.2154, 46.815], [-71.2152, 46.815], [-71.215, 46.8149], [-71.2149, 46.8148], [-71.2148, 46.8147], [-71.2147, 46.8145], [-71.2147, 46.8144], [-71.2146, 46.8143], [-71.2144, 46.8143], [-71.2143, 46.8142], [-71.2142, 46.8142], [-71.214, 46.8142], [-71.2138, 46.8143], [-71.2137, 46.8144], [-71.2134, 46.8144], [-71.2132, 46.8145], [-71.213, 46.8145], [-71.2127, 46.8144], [-71.2125, 46.8144], [-71.2122, 46.8144], [-71.2119, 46.8143], [-71.2115, 46.8142], [-71.2113, 46.814], [-71.211, 46.8139], [-71.2109, 46.8137], [-71.2108, 46.8135], [-71.2107, 46.8132], [-71.2107, 46.8129], [-71.2108, 46.8126], [-71.2109, 46.8123], [-71.211, 46.812], [-71.2111, 46.8118], [-71.2112, 46.8116], [-71.2113, 46.8114], [-71.2115, 46.8112], [-71.2116, 46.8111], [-71.2118, 46.8111], [-71.2119, 46.8111], [-71.212, 46.8111], [-71.2121, 46.811], [-71.2121, 46.8109], [-71.212, 46.8109], [-71.2119, 46.8108], [-71.2118, 46.8108], [-71.2116, 46.8107], [-71.2115, 46.8106], [-71.2114, 46.8105], [-71.2113, 46.8105], [-71.2113, 46.8104], [-71.2113, 46.8103], [-71.2113, 46.8102], [-71.2113, 46.8101], [-71.2113, 46.8099], [-71.2114, 46.8098], [-71.2115, 46.8097], [-71.2116, 46.8096], [-71.2117, 46.8095], [-71.2118, 46.8093], [-71.212, 46.8092], [-71.2121, 46.809], [-71.2124, 46.8089], [-71.2126, 46.8088], [-71.213, 46.8088], [-71.2133, 46.8087], [-71.2138, 46.8087], [-71.2142, 46.8087], [-71.2148, 46.8087], [-71.2153, 46.8088], [-71.2158, 46.8089], [-71.2163, 46.8089], [-71.2166, 46.809], [-71.2169, 46.809], [-71.2172, 46.8091], [-71.2174, 46.8092], [-71.2175, 46.8092], [-71.2175, 46.8093], [-71.2175, 46.8094], [-71.2176, 46.8094], [-71.2177, 46.8094], [-71.2178, 46.8094], [-71.2179, 46.8094], [-71.218, 46.8094], [-71.2181, 46.8093], [-71.2183, 46.8093], [-71.2184, 46.8092], [-71.2186, 46.8092], [-71.2187, 46.8092], [-71.2189, 46.8092], [-71.2192, 46.8093], [-71.2194, 46.8093], [-71.2196, 46.8094], [-71.2199, 46.8095], [-71.2201, 46.8096], [-71.2202, 46.8097], [-71.2203, 46.8099], [-71.2204, 46.8101], [-71.2205, 46.8103], [-71.2205, 46.8106], [-71.2205, 46.8109], [-71.2205, 46.8112], [-71.2205, 46.8114], [-71.2205, 46.8116], [-71.2205, 46.8118], [-71.2206, 46.812], [-71.2206, 46.8121], [-71.2207, 46.8123], [-71.2208, 46.8124], [-71.2208, 46.8125], [-71.2208, 46.8126], [-71.2208, 46.8127], [-71.2208, 46.8128], [-71.2207, 46.8128], [-71.2206, 46.8129], [-71.2205, 46.813]]]}}, {"type": "Feature", "properties": {"couche": "voile", "station": "D'Youville", "minutes": 6}, "geometry": {"type": "Polygon", "coordinates": [[[-71.3798, 46.9218], [-71.0546, 46.9239], [-71.0523, 46.7016], [-71.3762, 46.6996], [-71.3798, 46.9218]], [[-71.2206, 46.8129], [-71.2207, 46.8128], [-71.2208, 46.8128], [-71.2208, 46.8127], [-71.2208, 46.8126], [-71.2208, 46.8125], [-71.2208, 46.8124], [-71.2207, 46.8123], [-71.2206, 46.8121], [-71.2206, 46.812], [-71.2205, 46.8118], [-71.2205, 46.8116], [-71.2205, 46.8114], [-71.2205, 46.8112], [-71.2205, 46.8109], [-71.2205, 46.8106], [-71.2205, 46.8103], [-71.2204, 46.8101], [-71.2203, 46.8099], [-71.2202, 46.8097], [-71.2201, 46.8096], [-71.2199, 46.8095], [-71.2196, 46.8094], [-71.2194, 46.8093], [-71.2192, 46.8093], [-71.2189, 46.8092], [-71.2187, 46.8092], [-71.2186, 46.8092], [-71.2184, 46.8092], [-71.2183, 46.8093], [-71.2181, 46.8093], [-71.218, 46.8094], [-71.2179, 46.8094], [-71.2178, 46.8094], [-71.2177, 46.8094], [-71.2176, 46.8094], [-71.2175, 46.8094], [-71.2175, 46.8093], [-71.2175, 46.8092], [-71.2174, 46.8092], [-71.2172, 46.8091], [-71.2169, 46.809], [-71.2166, 46.809], [-71.2163, 46.8089], [-71.2158, 46.8089], [-71.2153, 46.8088], [-71.2148, 46.8087], [-71.2142, 46.8087], [-71.2138, 46.8087], [-71.2133, 46.8087], [-71.213, 46.8088], [-71.2126, 46.8088], [-71.2124, 46.8089], [-71.2121, 46.809], [-71.212, 46.8092], [-71.2118, 46.8093], [-71.2117, 46.8095], [-71.2116, 46.8096], [-71.2115, 46.8097], [-71.2114, 46.8098], [-71.2113, 46.8099], [-71.2113, 46.8101], [-71.2113, 46.8102], [-71.2113, 46.8103], [-71.2113, 46.8104], [-71.2113, 46.8105], [-71.2114, 46.8105], [-71.2115, 46.8106], [-71.2116, 46.8107], [-71.2118, 46.8108], [-71.2119, 46.8108], [-71.212, 46.8109], [-71.2121, 46.8109], [-71.2121, 46.811], [-71.212, 46.8111], [-71.2119, 46.8111], [-71.2118, 46.8111], [-71.2116, 46.8111], [-71.2115, 46.8112], [-71.2113, 46.8114], [-71.2112, 46.8116], [-71.2111, 46.8118], [-71.211, 46.812], [-71.2109, 46.8123], [-71.2108, 46.8126], [-71.2107, 46.8129], [-71.2107, 46.8132], [-71.2108, 46.8135], [-71.2109, 46.8137], [-71.211, 46.8139], [-71.2113, 46.814], [-71.2115, 46.8142], [-71.2119, 46.8143], [-71.2122, 46.8144], [-71.2125, 46.8144], [-71.2127, 46.8144], [-71.213, 46.8145], [-71.2132, 46.8145], [-71.2134, 46.8144], [-71.2137, 46.8144], [-71.2138, 46.8143], [-71.214, 46.8142], [-71.2142, 46.8142], [-71.2143, 46.8142], [-71.2144, 46.8143], [-71.2146, 46.8143], [-71.2147, 46.8144], [-71.2147, 46.8145], [-71.2148, 46.8147], [-71.2149, 46.8148], [-71.215, 46.8149], [-71.2152, 46.815], [-71.2154, 46.815], [-71.2155, 46.815], [-71.2158, 46.815], [-71.216, 46.8149], [-71.2163, 46.8148], [-71.2165, 46.8147], [-71.2167, 46.8147], [-71.2169, 46.8146], [-71.217, 46.8145], [-71.2171, 46.8144], [-71.2172, 46.8143], [-71.2173, 46.8142], [-71.2173, 46.8141], [-71.2174, 46.814], [-71.2175, 46.814], [-71.2177, 46.8139], [-71.2179, 46.8139], [-71.2181, 46.8139], [-71.2184, 46.814], [-71.2187, 46.814], [-71.219, 46.814], [-71.2193, 46.814], [-71.2195, 46.814], [-71.2197, 46.8139], [-71.2198, 46.8139], [-71.2199, 46.8138], [-71.2199, 46.8137], [-71.2199, 46.8136], [-71.22, 46.8135], [-71.22, 46.8134], [-71.2201, 46.8133], [-71.2202, 46.8132], [-71.2202, 46.8131], [-71.2203, 46.813], [-71.2205, 46.813], [-71.2206, 46.8129]]]}}, {"type": "Feature", "properties": {"couche": "aire_marche", "station": "D'Youville", "ordre": 21, "minutes": 7, "superficie_ha": 56.8, "rue_km": 27.13, "disque_ha": 75.4, "part_disque_pct": 75, "accroche_m": 12, "population": 3164, "navetteurs": 1071, "mode_auto_pct": 35, "mode_tc_pct": 23, "mode_actif_pct": 42, "mode_autre_pct": 0}, "geometry": {"type": "Polygon", "coordinates": [[[-71.2212, 46.8134], [-71.221, 46.8137], [-71.2208, 46.8139], [-71.2206, 46.8141], [-71.2204, 46.8142], [-71.2202, 46.8143], [-71.22, 46.8144], [-71.2197, 46.8144], [-71.2195, 46.8144], [-71.2192, 46.8143], [-71.219, 46.8142], [-71.2187, 46.8142], [-71.2185, 46.8143], [-71.2182, 46.8143], [-71.2179, 46.8144], [-71.2176, 46.8145], [-71.2174, 46.8147], [-71.2171, 46.8148], [-71.2168, 46.815], [-71.2165, 46.8151], [-71.2162, 46.8153], [-71.2159, 46.8154], [-71.2157, 46.8154], [-71.2154, 46.8155], [-71.2152, 46.8155], [-71.2149, 46.8155], [-71.2147, 46.8155], [-71.2145, 46.8155], [-71.2144, 46.8155], [-71.2142, 46.8155], [-71.2141, 46.8154], [-71.214, 46.8154], [-71.214, 46.8153], [-71.2139, 46.8152], [-71.2138, 46.8151], [-71.2136, 46.8151], [-71.2135, 46.8151], [-71.2133, 46.815], [-71.2131, 46.815], [-71.2129, 46.815], [-71.2126, 46.815], [-71.2124, 46.8149], [-71.2122, 46.8149], [-71.212, 46.8149], [-71.2119, 46.8148], [-71.2117, 46.8147], [-71.2116, 46.8147], [-71.2115, 46.8146], [-71.2115, 46.8145], [-71.2114, 46.8144], [-71.2113, 46.8143], [-71.2112, 46.8143], [-71.2111, 46.8143], [-71.211, 46.8143], [-71.2109, 46.8143], [-71.2108, 46.8143], [-71.2107, 46.8144], [-71.2106, 46.8144], [-71.2105, 46.8144], [-71.2104, 46.8144], [-71.2103, 46.8144], [-71.2102, 46.8144], [-71.2101, 46.8144], [-71.21, 46.8144], [-71.2099, 46.8144], [-71.2099, 46.8143], [-71.2098, 46.8142], [-71.2098, 46.8141], [-71.2099, 46.8141], [-71.2099, 46.814], [-71.21, 46.8139], [-71.2101, 46.8138], [-71.2102, 46.8138], [-71.2102, 46.8137], [-71.2103, 46.8136], [-71.2103, 46.8135], [-71.2102, 46.8135], [-71.2102, 46.8134], [-71.2101, 46.8134], [-71.21, 46.8133], [-71.2099, 46.8132], [-71.2099, 46.8131], [-71.2099, 46.8129], [-71.2099, 46.8126], [-71.21, 46.8123], [-71.21, 46.8119], [-71.2102, 46.8115], [-71.2103, 46.8111], [-71.2104, 46.8107], [-71.2106, 46.8103], [-71.2107, 46.8099], [-71.2109, 46.8096], [-71.211, 46.8093], [-71.2112, 46.8091], [-71.2114, 46.8089], [-71.2115, 46.8087], [-71.2117, 46.8086], [-71.2119, 46.8084], [-71.2121, 46.8083], [-71.2123, 46.8082], [-71.2124, 46.8082], [-71.2126, 46.8081], [-71.2128, 46.8081], [-71.213, 46.8081], [-71.2132, 46.8081], [-71.2134, 46.8082], [-71.2135, 46.8082], [-71.2137, 46.8082], [-71.2138, 46.8083], [-71.2139, 46.8084], [-71.214, 46.8085], [-71.2141, 46.8086], [-71.2142, 46.8087], [-71.2143, 46.8087], [-71.2144, 46.8087], [-71.2145, 46.8086], [-71.2146, 46.8086], [-71.2147, 46.8085], [-71.2149, 46.8084], [-71.2152, 46.8084], [-71.2156, 46.8084], [-71.216, 46.8084], [-71.2166, 46.8085], [-71.2172, 46.8086], [-71.2179, 46.8087], [-71.2186, 46.8088], [-71.2193, 46.8089], [-71.2199, 46.8091], [-71.2203, 46.8092], [-71.2207, 46.8094], [-71.221, 46.8095], [-71.2211, 46.8097], [-71.2212, 46.8098], [-71.2212, 46.81], [-71.2212, 46.8102], [-71.2212, 46.8104], [-71.2212, 46.8106], [-71.2212, 46.8108], [-71.2213, 46.811], [-71.2213, 46.8112], [-71.2214, 46.8114], [-71.2215, 46.8116], [-71.2216, 46.8119], [-71.2216, 46.8121], [-71.2216, 46.8124], [-71.2216, 46.8126], [-71.2215, 46.8129], [-71.2214, 46.8131], [-71.2212, 46.8134]]]}}, {"type": "Feature", "properties": {"couche": "voile", "station": "D'Youville", "minutes": 7}, "geometry": {"type": "Polygon", "coordinates": [[[-71.3806, 46.9223], [-71.0537, 46.9244], [-71.0514, 46.701], [-71.377, 46.699], [-71.3806, 46.9223]], [[-71.2214, 46.8131], [-71.2215, 46.8129], [-71.2216, 46.8126], [-71.2216, 46.8124], [-71.2216, 46.8121], [-71.2216, 46.8119], [-71.2215, 46.8116], [-71.2214, 46.8114], [-71.2213, 46.8112], [-71.2213, 46.811], [-71.2212, 46.8108], [-71.2212, 46.8106], [-71.2212, 46.8104], [-71.2212, 46.8102], [-71.2212, 46.81], [-71.2212, 46.8098], [-71.2211, 46.8097], [-71.221, 46.8095], [-71.2207, 46.8094], [-71.2203, 46.8092], [-71.2199, 46.8091], [-71.2193, 46.8089], [-71.2186, 46.8088], [-71.2179, 46.8087], [-71.2172, 46.8086], [-71.2166, 46.8085], [-71.216, 46.8084], [-71.2156, 46.8084], [-71.2152, 46.8084], [-71.2149, 46.8084], [-71.2147, 46.8085], [-71.2146, 46.8086], [-71.2145, 46.8086], [-71.2144, 46.8087], [-71.2143, 46.8087], [-71.2142, 46.8087], [-71.2141, 46.8086], [-71.214, 46.8085], [-71.2139, 46.8084], [-71.2138, 46.8083], [-71.2137, 46.8082], [-71.2135, 46.8082], [-71.2134, 46.8082], [-71.2132, 46.8081], [-71.213, 46.8081], [-71.2128, 46.8081], [-71.2126, 46.8081], [-71.2124, 46.8082], [-71.2123, 46.8082], [-71.2121, 46.8083], [-71.2119, 46.8084], [-71.2117, 46.8086], [-71.2115, 46.8087], [-71.2114, 46.8089], [-71.2112, 46.8091], [-71.211, 46.8093], [-71.2109, 46.8096], [-71.2107, 46.8099], [-71.2106, 46.8103], [-71.2104, 46.8107], [-71.2103, 46.8111], [-71.2102, 46.8115], [-71.21, 46.8119], [-71.21, 46.8123], [-71.2099, 46.8126], [-71.2099, 46.8129], [-71.2099, 46.8131], [-71.2099, 46.8132], [-71.21, 46.8133], [-71.2101, 46.8134], [-71.2102, 46.8134], [-71.2102, 46.8135], [-71.2103, 46.8135], [-71.2103, 46.8136], [-71.2102, 46.8137], [-71.2102, 46.8138], [-71.2101, 46.8138], [-71.21, 46.8139], [-71.2099, 46.814], [-71.2099, 46.8141], [-71.2098, 46.8141], [-71.2098, 46.8142], [-71.2099, 46.8143], [-71.2099, 46.8144], [-71.21, 46.8144], [-71.2101, 46.8144], [-71.2102, 46.8144], [-71.2103, 46.8144], [-71.2104, 46.8144], [-71.2105, 46.8144], [-71.2106, 46.8144], [-71.2107, 46.8144], [-71.2108, 46.8143], [-71.2109, 46.8143], [-71.211, 46.8143], [-71.2111, 46.8143], [-71.2112, 46.8143], [-71.2113, 46.8143], [-71.2114, 46.8144], [-71.2115, 46.8145], [-71.2115, 46.8146], [-71.2116, 46.8147], [-71.2117, 46.8147], [-71.2119, 46.8148], [-71.212, 46.8149], [-71.2122, 46.8149], [-71.2124, 46.8149], [-71.2126, 46.815], [-71.2129, 46.815], [-71.2131, 46.815], [-71.2133, 46.815], [-71.2135, 46.8151], [-71.2136, 46.8151], [-71.2138, 46.8151], [-71.2139, 46.8152], [-71.214, 46.8153], [-71.214, 46.8154], [-71.2141, 46.8154], [-71.2142, 46.8155], [-71.2144, 46.8155], [-71.2145, 46.8155], [-71.2147, 46.8155], [-71.2149, 46.8155], [-71.2152, 46.8155], [-71.2154, 46.8155], [-71.2157, 46.8154], [-71.2159, 46.8154], [-71.2162, 46.8153], [-71.2165, 46.8151], [-71.2168, 46.815], [-71.2171, 46.8148], [-71.2174, 46.8147], [-71.2176, 46.8145], [-71.2179, 46.8144], [-71.2182, 46.8143], [-71.2185, 46.8143], [-71.2187, 46.8142], [-71.219, 46.8142], [-71.2192, 46.8143], [-71.2195, 46.8144], [-71.2197, 46.8144], [-71.22, 46.8144], [-71.2202, 46.8143], [-71.2204, 46.8142], [-71.2206, 46.8141], [-71.2208, 46.8139], [-71.221, 46.8137], [-71.2212, 46.8134], [-71.2214, 46.8131]]]}}, {"type": "Feature", "properties": {"couche": "aire_marche", "station": "D'Youville", "ordre": 21, "minutes": 8, "superficie_ha": 70.9, "rue_km": 34.14, "disque_ha": 98.5, "part_disque_pct": 72, "accroche_m": 12, "population": 4090, "navetteurs": 1377, "mode_auto_pct": 35, "mode_tc_pct": 22, "mode_actif_pct": 43, "mode_autre_pct": 0}, "geometry": {"type": "Polygon", "coordinates": [[[-71.2219, 46.8135], [-71.2216, 46.8139], [-71.2214, 46.8142], [-71.2211, 46.8144], [-71.2208, 46.8146], [-71.2205, 46.8147], [-71.2202, 46.8148], [-71.2198, 46.8148], [-71.2195, 46.8148], [-71.2191, 46.8146], [-71.2187, 46.8146], [-71.2184, 46.8145], [-71.2181, 46.8146], [-71.2178, 46.8146], [-71.2176, 46.8147], [-71.2174, 46.8149], [-71.2172, 46.815], [-71.217, 46.8153], [-71.2168, 46.8155], [-71.2167, 46.8156], [-71.2165, 46.8157], [-71.2163, 46.8158], [-71.2161, 46.8158], [-71.216, 46.8159], [-71.2158, 46.8158], [-71.2156, 46.8158], [-71.2154, 46.8157], [-71.2153, 46.8157], [-71.2151, 46.8157], [-71.2149, 46.8156], [-71.2147, 46.8156], [-71.2145, 46.8157], [-71.2143, 46.8157], [-71.2141, 46.8157], [-71.2139, 46.8157], [-71.2136, 46.8157], [-71.2133, 46.8157], [-71.2129, 46.8156], [-71.2125, 46.8155], [-71.212, 46.8154], [-71.2115, 46.8153], [-71.2109, 46.8151], [-71.2104, 46.815], [-71.2101, 46.8148], [-71.2098, 46.8147], [-71.2096, 46.8145], [-71.2095, 46.8144], [-71.2095, 46.8143], [-71.2096, 46.8141], [-71.2098, 46.814], [-71.2099, 46.8139], [-71.21, 46.8138], [-71.21, 46.8137], [-71.21, 46.8136], [-71.21, 46.8135], [-71.2099, 46.8134], [-71.2097, 46.8133], [-71.2095, 46.8133], [-71.2093, 46.8132], [-71.2092, 46.8131], [-71.2091, 46.8131], [-71.2091, 46.813], [-71.2091, 46.8129], [-71.2092, 46.8128], [-71.2093, 46.8127], [-71.2094, 46.8126], [-71.2096, 46.8124], [-71.2097, 46.8123], [-71.2097, 46.8122], [-71.2098, 46.8121], [-71.2098, 46.812], [-71.2098, 46.8118], [-71.2098, 46.8117], [-71.2097, 46.8116], [-71.2097, 46.8114], [-71.2097, 46.8112], [-71.2097, 46.8111], [-71.2097, 46.8109], [-71.2097, 46.8107], [-71.2098, 46.8104], [-71.2099, 46.8102], [-71.21, 46.8099], [-71.2101, 46.8097], [-71.2103, 46.8095], [-71.2104, 46.8093], [-71.2105, 46.8092], [-71.2106, 46.8091], [-71.2108, 46.809], [-71.2109, 46.8089], [-71.211, 46.8089], [-71.2111, 46.8088], [-71.2112, 46.8088], [-71.2113, 46.8087], [-71.2113, 46.8086], [-71.2113, 46.8085], [-71.2112, 46.8085], [-71.2112, 46.8084], [-71.2111, 46.8083], [-71.2111, 46.8082], [-71.2112, 46.8081], [-71.2112, 46.808], [-71.2113, 46.8079], [-71.2114, 46.8078], [-71.2115, 46.8078], [-71.2116, 46.8077], [-71.2117, 46.8077], [-71.2118, 46.8078], [-71.212, 46.8078], [-71.2121, 46.8079], [-71.2122, 46.8079], [-71.2124, 46.808], [-71.2126, 46.808], [-71.2128, 46.808], [-71.213, 46.808], [-71.2133, 46.8079], [-71.2135, 46.8079], [-71.2138, 46.8078], [-71.2141, 46.8078], [-71.2144, 46.8078], [-71.2147, 46.8078], [-71.2149, 46.8078], [-71.2152, 46.8079], [-71.2154, 46.808], [-71.2156, 46.808], [-71.2159, 46.8082], [-71.2161, 46.8082], [-71.2163, 46.8083], [-71.2165, 46.8084], [-71.2167, 46.8084], [-71.2169, 46.8084], [-71.2171, 46.8084], [-71.2173, 46.8084], [-71.2176, 46.8083], [-71.2178, 46.8083], [-71.2181, 46.8082], [-71.2184, 46.8083], [-71.2187, 46.8083], [-71.2191, 46.8083], [-71.2195, 46.8084], [-71.2199, 46.8085], [-71.2204, 46.8086], [-71.2208, 46.8087], [-71.2212, 46.8088], [-71.2215, 46.809], [-71.2217, 46.8092], [-71.2219, 46.8094], [-71.222, 46.8097], [-71.222, 46.8099], [-71.222, 46.8102], [-71.222, 46.8105], [-71.222, 46.8107], [-71.2221, 46.811], [-71.2221, 46.8112], [-71.2222, 46.8113], [-71.2222, 46.8115], [-71.2223, 46.8116], [-71.2224, 46.8118], [-71.2224, 46.8119], [-71.2225, 46.8121], [-71.2224, 46.8123], [-71.2224, 46.8126], [-71.2222, 46.8128], [-71.2221, 46.8131], [-71.2219, 46.8135]]]}}, {"type": "Feature", "properties": {"couche": "voile", "station": "D'Youville", "minutes": 8}, "geometry": {"type": "Polygon", "coordinates": [[[-71.3816, 46.9227], [-71.053, 46.9248], [-71.0507, 46.7006], [-71.3779, 46.6986], [-71.3816, 46.9227]], [[-71.2221, 46.8131], [-71.2222, 46.8128], [-71.2224, 46.8126], [-71.2224, 46.8123], [-71.2225, 46.8121], [-71.2224, 46.8119], [-71.2224, 46.8118], [-71.2223, 46.8116], [-71.2222, 46.8115], [-71.2222, 46.8113], [-71.2221, 46.8112], [-71.2221, 46.811], [-71.222, 46.8107], [-71.222, 46.8105], [-71.222, 46.8102], [-71.222, 46.8099], [-71.222, 46.8097], [-71.2219, 46.8094], [-71.2217, 46.8092], [-71.2215, 46.809], [-71.2212, 46.8088], [-71.2208, 46.8087], [-71.2204, 46.8086], [-71.2199, 46.8085], [-71.2195, 46.8084], [-71.2191, 46.8083], [-71.2187, 46.8083], [-71.2184, 46.8083], [-71.2181, 46.8082], [-71.2178, 46.8083], [-71.2176, 46.8083], [-71.2173, 46.8084], [-71.2171, 46.8084], [-71.2169, 46.8084], [-71.2167, 46.8084], [-71.2165, 46.8084], [-71.2163, 46.8083], [-71.2161, 46.8082], [-71.2159, 46.8082], [-71.2156, 46.808], [-71.2154, 46.808], [-71.2152, 46.8079], [-71.2149, 46.8078], [-71.2147, 46.8078], [-71.2144, 46.8078], [-71.2141, 46.8078], [-71.2138, 46.8078], [-71.2135, 46.8079], [-71.2133, 46.8079], [-71.213, 46.808], [-71.2128, 46.808], [-71.2126, 46.808], [-71.2124, 46.808], [-71.2122, 46.8079], [-71.2121, 46.8079], [-71.212, 46.8078], [-71.2118, 46.8078], [-71.2117, 46.8077], [-71.2116, 46.8077], [-71.2115, 46.8078], [-71.2114, 46.8078], [-71.2113, 46.8079], [-71.2112, 46.808], [-71.2112, 46.8081], [-71.2111, 46.8082], [-71.2111, 46.8083], [-71.2112, 46.8084], [-71.2112, 46.8085], [-71.2113, 46.8085], [-71.2113, 46.8086], [-71.2113, 46.8087], [-71.2112, 46.8088], [-71.2111, 46.8088], [-71.211, 46.8089], [-71.2109, 46.8089], [-71.2108, 46.809], [-71.2106, 46.8091], [-71.2105, 46.8092], [-71.2104, 46.8093], [-71.2103, 46.8095], [-71.2101, 46.8097], [-71.21, 46.8099], [-71.2099, 46.8102], [-71.2098, 46.8104], [-71.2097, 46.8107], [-71.2097, 46.8109], [-71.2097, 46.8111], [-71.2097, 46.8112], [-71.2097, 46.8114], [-71.2097, 46.8116], [-71.2098, 46.8117], [-71.2098, 46.8118], [-71.2098, 46.812], [-71.2098, 46.8121], [-71.2097, 46.8122], [-71.2097, 46.8123], [-71.2096, 46.8124], [-71.2094, 46.8126], [-71.2093, 46.8127], [-71.2092, 46.8128], [-71.2091, 46.8129], [-71.2091, 46.813], [-71.2091, 46.8131], [-71.2092, 46.8131], [-71.2093, 46.8132], [-71.2095, 46.8133], [-71.2097, 46.8133], [-71.2099, 46.8134], [-71.21, 46.8135], [-71.21, 46.8136], [-71.21, 46.8137], [-71.21, 46.8138], [-71.2099, 46.8139], [-71.2098, 46.814], [-71.2096, 46.8141], [-71.2095, 46.8143], [-71.2095, 46.8144], [-71.2096, 46.8145], [-71.2098, 46.8147], [-71.2101, 46.8148], [-71.2104, 46.815], [-71.2109, 46.8151], [-71.2115, 46.8153], [-71.212, 46.8154], [-71.2125, 46.8155], [-71.2129, 46.8156], [-71.2133, 46.8157], [-71.2136, 46.8157], [-71.2139, 46.8157], [-71.2141, 46.8157], [-71.2143, 46.8157], [-71.2145, 46.8157], [-71.2147, 46.8156], [-71.2149, 46.8156], [-71.2151, 46.8157], [-71.2153, 46.8157], [-71.2154, 46.8157], [-71.2156, 46.8158], [-71.2158, 46.8158], [-71.216, 46.8159], [-71.2161, 46.8158], [-71.2163, 46.8158], [-71.2165, 46.8157], [-71.2167, 46.8156], [-71.2168, 46.8155], [-71.217, 46.8153], [-71.2172, 46.815], [-71.2174, 46.8149], [-71.2176, 46.8147], [-71.2178, 46.8146], [-71.2181, 46.8146], [-71.2184, 46.8145], [-71.2187, 46.8146], [-71.2191, 46.8146], [-71.2195, 46.8148], [-71.2198, 46.8148], [-71.2202, 46.8148], [-71.2205, 46.8147], [-71.2208, 46.8146], [-71.2211, 46.8144], [-71.2214, 46.8142], [-71.2216, 46.8139], [-71.2219, 46.8135], [-71.2221, 46.8131]]]}}, {"type": "Feature", "properties": {"couche": "aire_marche", "station": "D'Youville", "ordre": 21, "minutes": 9, "superficie_ha": 89.3, "rue_km": 42.83, "disque_ha": 124.7, "part_disque_pct": 72, "accroche_m": 12, "population": 5171, "navetteurs": 1761, "mode_auto_pct": 35, "mode_tc_pct": 22, "mode_actif_pct": 43, "mode_autre_pct": 0}, "geometry": {"type": "Polygon", "coordinates": [[[-71.2166, 46.808], [-71.2167, 46.8079], [-71.2168, 46.8078], [-71.2169, 46.8078], [-71.2171, 46.8077], [-71.2172, 46.8077], [-71.2174, 46.8077], [-71.2176, 46.8076], [-71.2179, 46.8077], [-71.2183, 46.8077], [-71.2187, 46.8078], [-71.2191, 46.8079], [-71.2196, 46.808], [-71.2202, 46.8081], [-71.2208, 46.8083], [-71.2214, 46.8084], [-71.2219, 46.8086], [-71.2222, 46.8088], [-71.2225, 46.809], [-71.2227, 46.8092], [-71.2229, 46.8095], [-71.2229, 46.8097], [-71.2229, 46.81], [-71.2229, 46.8102], [-71.2229, 46.8105], [-71.2229, 46.8107], [-71.2229, 46.8109], [-71.223, 46.8111], [-71.223, 46.8113], [-71.2231, 46.8114], [-71.2232, 46.8116], [-71.2233, 46.8118], [-71.2233, 46.812], [-71.2233, 46.8122], [-71.2232, 46.8124], [-71.2231, 46.8127], [-71.223, 46.813], [-71.2228, 46.8133], [-71.2226, 46.8136], [-71.2224, 46.8139], [-71.2222, 46.8141], [-71.2221, 46.8143], [-71.2219, 46.8145], [-71.2218, 46.8147], [-71.2217, 46.8148], [-71.2215, 46.8148], [-71.2214, 46.8149], [-71.2213, 46.8149], [-71.2213, 46.815], [-71.2212, 46.815], [-71.2212, 46.8151], [-71.2212, 46.8152], [-71.2211, 46.8152], [-71.2211, 46.8153], [-71.2212, 46.8154], [-71.2211, 46.8155], [-71.221, 46.8155], [-71.2209, 46.8156], [-71.2207, 46.8156], [-71.2205, 46.8156], [-71.2202, 46.8156], [-71.2199, 46.8156], [-71.2195, 46.8155], [-71.2192, 46.8155], [-71.2189, 46.8154], [-71.2186, 46.8153], [-71.2184, 46.8152], [-71.2182, 46.8151], [-71.2181, 46.815], [-71.218, 46.8149], [-71.2179, 46.8147], [-71.2178, 46.8146], [-71.2177, 46.8146], [-71.2177, 46.8147], [-71.2176, 46.8148], [-71.2175, 46.815], [-71.2174, 46.8152], [-71.2173, 46.8155], [-71.2172, 46.8157], [-71.217, 46.8159], [-71.2169, 46.816], [-71.2168, 46.8161], [-71.2167, 46.8162], [-71.2166, 46.8162], [-71.2164, 46.8162], [-71.2163, 46.8161], [-71.2162, 46.8161], [-71.216, 46.8161], [-71.2158, 46.816], [-71.2155, 46.816], [-71.2153, 46.816], [-71.215, 46.816], [-71.2147, 46.8161], [-71.2143, 46.8161], [-71.214, 46.8161], [-71.2136, 46.8161], [-71.2133, 46.8161], [-71.213, 46.8161], [-71.2127, 46.816], [-71.2123, 46.8159], [-71.212, 46.8158], [-71.2117, 46.8157], [-71.2114, 46.8156], [-71.2111, 46.8155], [-71.2108, 46.8155], [-71.2105, 46.8154], [-71.2103, 46.8153], [-71.21, 46.8153], [-71.2097, 46.8153], [-71.2095, 46.8153], [-71.2093, 46.8153], [-71.2091, 46.8152], [-71.2089, 46.8152], [-71.2088, 46.8151], [-71.2086, 46.815], [-71.2085, 46.8149], [-71.2085, 46.8148], [-71.2084, 46.8147], [-71.2084, 46.8146], [-71.2084, 46.8144], [-71.2085, 46.8143], [-71.2086, 46.8142], [-71.2087, 46.8141], [-71.2089, 46.814], [-71.2092, 46.8139], [-71.2095, 46.8138], [-71.2093, 46.8138], [-71.2091, 46.8138], [-71.209, 46.8138], [-71.2088, 46.8137], [-71.2087, 46.8137], [-71.2085, 46.8136], [-71.2084, 46.8135], [-71.2083, 46.8134], [-71.2082, 46.8133], [-71.2082, 46.8132], [-71.2082, 46.8131], [-71.2083, 46.813], [-71.2084, 46.8129], [-71.2086, 46.8128], [-71.2088, 46.8127], [-71.2091, 46.8126], [-71.2093, 46.8124], [-71.2094, 46.8123], [-71.2095, 46.8122], [-71.2096, 46.8121], [-71.2096, 46.812], [-71.2096, 46.8119], [-71.2095, 46.8118], [-71.2094, 46.8117], [-71.2092, 46.8116], [-71.2091, 46.8115], [-71.209, 46.8114], [-71.2089, 46.8113], [-71.2089, 46.8112], [-71.2089, 46.8111], [-71.2089, 46.811], [-71.2089, 46.8109], [-71.2089, 46.8108], [-71.2089, 46.8107], [-71.2089, 46.8106], [-71.209, 46.8105], [-71.209, 46.8103], [-71.2091, 46.8102], [-71.2091, 46.8101], [-71.2092, 46.8099], [-71.2093, 46.8098], [-71.2093, 46.8097], [-71.2094, 46.8096], [-71.2095, 46.8096], [-71.2097, 46.8095], [-71.2098, 46.8095], [-71.2099, 46.8095], [-71.21, 46.8094], [-71.2102, 46.8094], [-71.2103, 46.8092], [-71.2104, 46.8091], [-71.2104, 46.8089], [-71.2105, 46.8087], [-71.2106, 46.8085], [-71.2106, 46.8082], [-71.2107, 46.808], [-71.2108, 46.8078], [-71.2109, 46.8076], [-71.2111, 46.8075], [-71.2112, 46.8074], [-71.2114, 46.8073], [-71.2116, 46.8073], [-71.2119, 46.8073], [-71.2121, 46.8073], [-71.2123, 46.8073], [-71.2124, 46.8073], [-71.2125, 46.8074], [-71.2126, 46.8074], [-71.2126, 46.8075], [-71.2126, 46.8076], [-71.2126, 46.8077], [-71.2126, 46.8078], [-71.2127, 46.8079], [-71.2128, 46.8079], [-71.2129, 46.8078], [-71.213, 46.8078], [-71.2132, 46.8077], [-71.2134, 46.8076], [-71.2136, 46.8075], [-71.2138, 46.8074], [-71.214, 46.8073], [-71.2143, 46.8073], [-71.2145, 46.8072], [-71.2147, 46.8072], [-71.2149, 46.8072], [-71.2152, 46.8073], [-71.2154, 46.8073], [-71.2156, 46.8073], [-71.2157, 46.8074], [-71.2159, 46.8075], [-71.216, 46.8076], [-71.2161, 46.8077], [-71.2162, 46.8078], [-71.2163, 46.8079], [-71.2164, 46.808], [-71.2165, 46.8081], [-71.2165, 46.8082], [-71.2166, 46.8082], [-71.2166, 46.8081], [-71.2166, 46.808]]]}}, {"type": "Feature", "properties": {"couche": "voile", "station": "D'Youville", "minutes": 9}, "geometry": {"type": "Polygon", "coordinates": [[[-71.3824, 46.923], [-71.0521, 46.9251], [-71.0498, 46.7002], [-71.3787, 46.6981], [-71.3824, 46.923]], [[-71.2166, 46.8081], [-71.2166, 46.8082], [-71.2165, 46.8082], [-71.2165, 46.8081], [-71.2164, 46.808], [-71.2163, 46.8079], [-71.2162, 46.8078], [-71.2161, 46.8077], [-71.216, 46.8076], [-71.2159, 46.8075], [-71.2157, 46.8074], [-71.2156, 46.8073], [-71.2154, 46.8073], [-71.2152, 46.8073], [-71.2149, 46.8072], [-71.2147, 46.8072], [-71.2145, 46.8072], [-71.2143, 46.8073], [-71.214, 46.8073], [-71.2138, 46.8074], [-71.2136, 46.8075], [-71.2134, 46.8076], [-71.2132, 46.8077], [-71.213, 46.8078], [-71.2129, 46.8078], [-71.2128, 46.8079], [-71.2127, 46.8079], [-71.2126, 46.8078], [-71.2126, 46.8077], [-71.2126, 46.8076], [-71.2126, 46.8075], [-71.2126, 46.8074], [-71.2125, 46.8074], [-71.2124, 46.8073], [-71.2123, 46.8073], [-71.2121, 46.8073], [-71.2119, 46.8073], [-71.2116, 46.8073], [-71.2114, 46.8073], [-71.2112, 46.8074], [-71.2111, 46.8075], [-71.2109, 46.8076], [-71.2108, 46.8078], [-71.2107, 46.808], [-71.2106, 46.8082], [-71.2106, 46.8085], [-71.2105, 46.8087], [-71.2104, 46.8089], [-71.2104, 46.8091], [-71.2103, 46.8092], [-71.2102, 46.8094], [-71.21, 46.8094], [-71.2099, 46.8095], [-71.2098, 46.8095], [-71.2097, 46.8095], [-71.2095, 46.8096], [-71.2094, 46.8096], [-71.2093, 46.8097], [-71.2093, 46.8098], [-71.2092, 46.8099], [-71.2091, 46.8101], [-71.2091, 46.8102], [-71.209, 46.8103], [-71.209, 46.8105], [-71.2089, 46.8106], [-71.2089, 46.8107], [-71.2089, 46.8108], [-71.2089, 46.8109], [-71.2089, 46.811], [-71.2089, 46.8111], [-71.2089, 46.8112], [-71.2089, 46.8113], [-71.209, 46.8114], [-71.2091, 46.8115], [-71.2092, 46.8116], [-71.2094, 46.8117], [-71.2095, 46.8118], [-71.2096, 46.8119], [-71.2096, 46.812], [-71.2096, 46.8121], [-71.2095, 46.8122], [-71.2094, 46.8123], [-71.2093, 46.8124], [-71.2091, 46.8126], [-71.2088, 46.8127], [-71.2086, 46.8128], [-71.2084, 46.8129], [-71.2083, 46.813], [-71.2082, 46.8131], [-71.2082, 46.8132], [-71.2082, 46.8133], [-71.2083, 46.8134], [-71.2084, 46.8135], [-71.2085, 46.8136], [-71.2087, 46.8137], [-71.2088, 46.8137], [-71.209, 46.8138], [-71.2091, 46.8138], [-71.2093, 46.8138], [-71.2095, 46.8138], [-71.2092, 46.8139], [-71.2089, 46.814], [-71.2087, 46.8141], [-71.2086, 46.8142], [-71.2085, 46.8143], [-71.2084, 46.8144], [-71.2084, 46.8146], [-71.2084, 46.8147], [-71.2085, 46.8148], [-71.2085, 46.8149], [-71.2086, 46.815], [-71.2088, 46.8151], [-71.2089, 46.8152], [-71.2091, 46.8152], [-71.2093, 46.8153], [-71.2095, 46.8153], [-71.2097, 46.8153], [-71.21, 46.8153], [-71.2103, 46.8153], [-71.2105, 46.8154], [-71.2108, 46.8155], [-71.2111, 46.8155], [-71.2114, 46.8156], [-71.2117, 46.8157], [-71.212, 46.8158], [-71.2123, 46.8159], [-71.2127, 46.816], [-71.213, 46.8161], [-71.2133, 46.8161], [-71.2136, 46.8161], [-71.214, 46.8161], [-71.2143, 46.8161], [-71.2147, 46.8161], [-71.215, 46.816], [-71.2153, 46.816], [-71.2155, 46.816], [-71.2158, 46.816], [-71.216, 46.8161], [-71.2162, 46.8161], [-71.2163, 46.8161], [-71.2164, 46.8162], [-71.2166, 46.8162], [-71.2167, 46.8162], [-71.2168, 46.8161], [-71.2169, 46.816], [-71.217, 46.8159], [-71.2172, 46.8157], [-71.2173, 46.8155], [-71.2174, 46.8152], [-71.2175, 46.815], [-71.2176, 46.8148], [-71.2177, 46.8147], [-71.2177, 46.8146], [-71.2178, 46.8146], [-71.2179, 46.8147], [-71.218, 46.8149], [-71.2181, 46.815], [-71.2182, 46.8151], [-71.2184, 46.8152], [-71.2186, 46.8153], [-71.2189, 46.8154], [-71.2192, 46.8155], [-71.2195, 46.8155], [-71.2199, 46.8156], [-71.2202, 46.8156], [-71.2205, 46.8156], [-71.2207, 46.8156], [-71.2209, 46.8156], [-71.221, 46.8155], [-71.2211, 46.8155], [-71.2212, 46.8154], [-71.2211, 46.8153], [-71.2211, 46.8152], [-71.2212, 46.8152], [-71.2212, 46.8151], [-71.2212, 46.815], [-71.2213, 46.815], [-71.2213, 46.8149], [-71.2214, 46.8149], [-71.2215, 46.8148], [-71.2217, 46.8148], [-71.2218, 46.8147], [-71.2219, 46.8145], [-71.2221, 46.8143], [-71.2222, 46.8141], [-71.2224, 46.8139], [-71.2226, 46.8136], [-71.2228, 46.8133], [-71.223, 46.813], [-71.2231, 46.8127], [-71.2232, 46.8124], [-71.2233, 46.8122], [-71.2233, 46.812], [-71.2233, 46.8118], [-71.2232, 46.8116], [-71.2231, 46.8114], [-71.223, 46.8113], [-71.223, 46.8111], [-71.2229, 46.8109], [-71.2229, 46.8107], [-71.2229, 46.8105], [-71.2229, 46.8102], [-71.2229, 46.81], [-71.2229, 46.8097], [-71.2229, 46.8095], [-71.2227, 46.8092], [-71.2225, 46.809], [-71.2222, 46.8088], [-71.2219, 46.8086], [-71.2214, 46.8084], [-71.2208, 46.8083], [-71.2202, 46.8081], [-71.2196, 46.808], [-71.2191, 46.8079], [-71.2187, 46.8078], [-71.2183, 46.8077], [-71.2179, 46.8077], [-71.2176, 46.8076], [-71.2174, 46.8077], [-71.2172, 46.8077], [-71.2171, 46.8077], [-71.2169, 46.8078], [-71.2168, 46.8078], [-71.2167, 46.8079], [-71.2166, 46.808], [-71.2166, 46.8081]]]}}, {"type": "Feature", "properties": {"couche": "aire_marche", "station": "D'Youville", "ordre": 21, "minutes": 10, "superficie_ha": 111.0, "rue_km": 52.3, "disque_ha": 153.9, "part_disque_pct": 72, "accroche_m": 12, "population": 6326, "navetteurs": 2167, "mode_auto_pct": 34, "mode_tc_pct": 22, "mode_actif_pct": 43, "mode_autre_pct": 1}, "geometry": {"type": "Polygon", "coordinates": [[[-71.2231, 46.8138], [-71.2227, 46.8143], [-71.2223, 46.8148], [-71.222, 46.8153], [-71.2217, 46.8156], [-71.2214, 46.8158], [-71.2211, 46.816], [-71.2208, 46.8161], [-71.2205, 46.8161], [-71.2203, 46.816], [-71.22, 46.816], [-71.2197, 46.816], [-71.2194, 46.816], [-71.219, 46.816], [-71.2186, 46.8161], [-71.2182, 46.8161], [-71.2177, 46.8162], [-71.2172, 46.8164], [-71.2167, 46.8165], [-71.2163, 46.8166], [-71.216, 46.8166], [-71.2156, 46.8167], [-71.2154, 46.8167], [-71.2151, 46.8167], [-71.2149, 46.8166], [-71.2148, 46.8166], [-71.2146, 46.8165], [-71.2145, 46.8165], [-71.2144, 46.8165], [-71.2143, 46.8165], [-71.2142, 46.8165], [-71.2141, 46.8165], [-71.2141, 46.8166], [-71.214, 46.8166], [-71.214, 46.8167], [-71.2139, 46.8167], [-71.2138, 46.8167], [-71.2137, 46.8167], [-71.2135, 46.8168], [-71.2134, 46.8168], [-71.2133, 46.8167], [-71.2131, 46.8167], [-71.2129, 46.8167], [-71.2128, 46.8167], [-71.2126, 46.8166], [-71.2124, 46.8166], [-71.2122, 46.8165], [-71.2121, 46.8165], [-71.2119, 46.8164], [-71.2117, 46.8163], [-71.2115, 46.8163], [-71.2114, 46.8162], [-71.2112, 46.8161], [-71.2111, 46.816], [-71.211, 46.8159], [-71.2109, 46.8158], [-71.2109, 46.8157], [-71.2108, 46.8157], [-71.2107, 46.8156], [-71.2106, 46.8155], [-71.2105, 46.8155], [-71.2103, 46.8154], [-71.2101, 46.8154], [-71.2098, 46.8154], [-71.2095, 46.8155], [-71.2092, 46.8155], [-71.2089, 46.8155], [-71.2086, 46.8155], [-71.2084, 46.8155], [-71.2082, 46.8155], [-71.208, 46.8154], [-71.2079, 46.8153], [-71.2077, 46.8152], [-71.2076, 46.8151], [-71.2076, 46.815], [-71.2075, 46.8149], [-71.2075, 46.8148], [-71.2075, 46.8147], [-71.2075, 46.8146], [-71.2075, 46.8145], [-71.2075, 46.8144], [-71.2076, 46.8143], [-71.2076, 46.8142], [-71.2076, 46.814], [-71.2076, 46.8139], [-71.2076, 46.8138], [-71.2076, 46.8137], [-71.2075, 46.8136], [-71.2074, 46.8134], [-71.2073, 46.8133], [-71.2073, 46.8132], [-71.2073, 46.8131], [-71.2074, 46.813], [-71.2076, 46.8129], [-71.2078, 46.8128], [-71.208, 46.8127], [-71.2083, 46.8126], [-71.2087, 46.8125], [-71.209, 46.8124], [-71.2093, 46.8123], [-71.2095, 46.8122], [-71.2097, 46.8121], [-71.2098, 46.8121], [-71.2099, 46.812], [-71.2099, 46.8119], [-71.2099, 46.8118], [-71.2098, 46.8118], [-71.2098, 46.8117], [-71.2097, 46.8117], [-71.2096, 46.8117], [-71.2095, 46.8118], [-71.2094, 46.8118], [-71.2093, 46.8118], [-71.2092, 46.8119], [-71.2091, 46.8119], [-71.2089, 46.8119], [-71.2088, 46.8119], [-71.2087, 46.8119], [-71.2086, 46.8118], [-71.2085, 46.8118], [-71.2084, 46.8117], [-71.2083, 46.8116], [-71.2082, 46.8115], [-71.2082, 46.8114], [-71.2082, 46.8112], [-71.2082, 46.811], [-71.2082, 46.8108], [-71.2083, 46.8105], [-71.2083, 46.8102], [-71.2084, 46.81], [-71.2085, 46.8098], [-71.2087, 46.8096], [-71.2088, 46.8095], [-71.209, 46.8094], [-71.2092, 46.8093], [-71.2094, 46.8093], [-71.2096, 46.8093], [-71.2098, 46.8094], [-71.2099, 46.8093], [-71.21, 46.8093], [-71.2101, 46.8093], [-71.2101, 46.8092], [-71.2101, 46.8091], [-71.21, 46.809], [-71.2099, 46.8089], [-71.2098, 46.8088], [-71.2098, 46.8087], [-71.2097, 46.8086], [-71.2097, 46.8085], [-71.2097, 46.8084], [-71.2097, 46.8083], [-71.2097, 46.8082], [-71.2097, 46.8081], [-71.2098, 46.808], [-71.2098, 46.8079], [-71.2099, 46.8079], [-71.21, 46.8078], [-71.2101, 46.8078], [-71.2101, 46.8077], [-71.2102, 46.8077], [-71.2103, 46.8077], [-71.2104, 46.8077], [-71.2105, 46.8076], [-71.2106, 46.8076], [-71.2106, 46.8075], [-71.2107, 46.8074], [-71.2107, 46.8073], [-71.2107, 46.8072], [-71.2108, 46.8071], [-71.2108, 46.8069], [-71.211, 46.8068], [-71.2112, 46.8068], [-71.2115, 46.8067], [-71.2119, 46.8067], [-71.2123, 46.8067], [-71.2128, 46.8067], [-71.2134, 46.8067], [-71.2139, 46.8067], [-71.2144, 46.8068], [-71.2148, 46.8068], [-71.2152, 46.8068], [-71.2156, 46.8069], [-71.2159, 46.8069], [-71.2161, 46.807], [-71.2164, 46.8071], [-71.2166, 46.8071], [-71.2167, 46.8072], [-71.2169, 46.8072], [-71.2171, 46.8072], [-71.2172, 46.8072], [-71.2173, 46.8072], [-71.2175, 46.8072], [-71.2175, 46.8071], [-71.2176, 46.8071], [-71.2177, 46.8071], [-71.2178, 46.8071], [-71.2179, 46.8071], [-71.218, 46.8071], [-71.2181, 46.8072], [-71.2182, 46.8073], [-71.2183, 46.8073], [-71.2184, 46.8074], [-71.2185, 46.8074], [-71.2186, 46.8074], [-71.2187, 46.8074], [-71.2188, 46.8074], [-71.2189, 46.8074], [-71.219, 46.8074], [-71.2192, 46.8074], [-71.2195, 46.8074], [-71.2198, 46.8075], [-71.2202, 46.8075], [-71.2206, 46.8076], [-71.2211, 46.8077], [-71.2217, 46.8078], [-71.2221, 46.808], [-71.2225, 46.8082], [-71.2229, 46.8083], [-71.2232, 46.8086], [-71.2233, 46.8088], [-71.2235, 46.809], [-71.2235, 46.8093], [-71.2235, 46.8096], [-71.2235, 46.8098], [-71.2236, 46.8101], [-71.2236, 46.8103], [-71.2237, 46.8105], [-71.2237, 46.8107], [-71.2238, 46.8109], [-71.2239, 46.8111], [-71.224, 46.8112], [-71.2241, 46.8114], [-71.224, 46.8117], [-71.224, 46.812], [-71.2238, 46.8123], [-71.2236, 46.8128], [-71.2234, 46.8132], [-71.2231, 46.8138]]]}}, {"type": "Feature", "properties": {"couche": "voile", "station": "D'Youville", "minutes": 10}, "geometry": {"type": "Polygon", "coordinates": [[[-71.3832, 46.9236], [-71.0512, 46.9257], [-71.0489, 46.6996], [-71.3795, 46.6976], [-71.3832, 46.9236]], [[-71.2234, 46.8132], [-71.2236, 46.8128], [-71.2238, 46.8123], [-71.224, 46.812], [-71.224, 46.8117], [-71.2241, 46.8114], [-71.224, 46.8112], [-71.2239, 46.8111], [-71.2238, 46.8109], [-71.2237, 46.8107], [-71.2237, 46.8105], [-71.2236, 46.8103], [-71.2236, 46.8101], [-71.2235, 46.8098], [-71.2235, 46.8096], [-71.2235, 46.8093], [-71.2235, 46.809], [-71.2233, 46.8088], [-71.2232, 46.8086], [-71.2229, 46.8083], [-71.2225, 46.8082], [-71.2221, 46.808], [-71.2217, 46.8078], [-71.2211, 46.8077], [-71.2206, 46.8076], [-71.2202, 46.8075], [-71.2198, 46.8075], [-71.2195, 46.8074], [-71.2192, 46.8074], [-71.219, 46.8074], [-71.2189, 46.8074], [-71.2188, 46.8074], [-71.2187, 46.8074], [-71.2186, 46.8074], [-71.2185, 46.8074], [-71.2184, 46.8074], [-71.2183, 46.8073], [-71.2182, 46.8073], [-71.2181, 46.8072], [-71.218, 46.8071], [-71.2179, 46.8071], [-71.2178, 46.8071], [-71.2177, 46.8071], [-71.2176, 46.8071], [-71.2175, 46.8071], [-71.2175, 46.8072], [-71.2173, 46.8072], [-71.2172, 46.8072], [-71.2171, 46.8072], [-71.2169, 46.8072], [-71.2167, 46.8072], [-71.2166, 46.8071], [-71.2164, 46.8071], [-71.2161, 46.807], [-71.2159, 46.8069], [-71.2156, 46.8069], [-71.2152, 46.8068], [-71.2148, 46.8068], [-71.2144, 46.8068], [-71.2139, 46.8067], [-71.2134, 46.8067], [-71.2128, 46.8067], [-71.2123, 46.8067], [-71.2119, 46.8067], [-71.2115, 46.8067], [-71.2112, 46.8068], [-71.211, 46.8068], [-71.2108, 46.8069], [-71.2108, 46.8071], [-71.2107, 46.8072], [-71.2107, 46.8073], [-71.2107, 46.8074], [-71.2106, 46.8075], [-71.2106, 46.8076], [-71.2105, 46.8076], [-71.2104, 46.8077], [-71.2103, 46.8077], [-71.2102, 46.8077], [-71.2101, 46.8077], [-71.2101, 46.8078], [-71.21, 46.8078], [-71.2099, 46.8079], [-71.2098, 46.8079], [-71.2098, 46.808], [-71.2097, 46.8081], [-71.2097, 46.8082], [-71.2097, 46.8083], [-71.2097, 46.8084], [-71.2097, 46.8085], [-71.2097, 46.8086], [-71.2098, 46.8087], [-71.2098, 46.8088], [-71.2099, 46.8089], [-71.21, 46.809], [-71.2101, 46.8091], [-71.2101, 46.8092], [-71.2101, 46.8093], [-71.21, 46.8093], [-71.2099, 46.8093], [-71.2098, 46.8094], [-71.2096, 46.8093], [-71.2094, 46.8093], [-71.2092, 46.8093], [-71.209, 46.8094], [-71.2088, 46.8095], [-71.2087, 46.8096], [-71.2085, 46.8098], [-71.2084, 46.81], [-71.2083, 46.8102], [-71.2083, 46.8105], [-71.2082, 46.8108], [-71.2082, 46.811], [-71.2082, 46.8112], [-71.2082, 46.8114], [-71.2082, 46.8115], [-71.2083, 46.8116], [-71.2084, 46.8117], [-71.2085, 46.8118], [-71.2086, 46.8118], [-71.2087, 46.8119], [-71.2088, 46.8119], [-71.2089, 46.8119], [-71.2091, 46.8119], [-71.2092, 46.8119], [-71.2093, 46.8118], [-71.2094, 46.8118], [-71.2095, 46.8118], [-71.2096, 46.8117], [-71.2097, 46.8117], [-71.2098, 46.8117], [-71.2098, 46.8118], [-71.2099, 46.8118], [-71.2099, 46.8119], [-71.2099, 46.812], [-71.2098, 46.8121], [-71.2097, 46.8121], [-71.2095, 46.8122], [-71.2093, 46.8123], [-71.209, 46.8124], [-71.2087, 46.8125], [-71.2083, 46.8126], [-71.208, 46.8127], [-71.2078, 46.8128], [-71.2076, 46.8129], [-71.2074, 46.813], [-71.2073, 46.8131], [-71.2073, 46.8132], [-71.2073, 46.8133], [-71.2074, 46.8134], [-71.2075, 46.8136], [-71.2076, 46.8137], [-71.2076, 46.8138], [-71.2076, 46.8139], [-71.2076, 46.814], [-71.2076, 46.8142], [-71.2076, 46.8143], [-71.2075, 46.8144], [-71.2075, 46.8145], [-71.2075, 46.8146], [-71.2075, 46.8147], [-71.2075, 46.8148], [-71.2075, 46.8149], [-71.2076, 46.815], [-71.2076, 46.8151], [-71.2077, 46.8152], [-71.2079, 46.8153], [-71.208, 46.8154], [-71.2082, 46.8155], [-71.2084, 46.8155], [-71.2086, 46.8155], [-71.2089, 46.8155], [-71.2092, 46.8155], [-71.2095, 46.8155], [-71.2098, 46.8154], [-71.2101, 46.8154], [-71.2103, 46.8154], [-71.2105, 46.8155], [-71.2106, 46.8155], [-71.2107, 46.8156], [-71.2108, 46.8157], [-71.2109, 46.8157], [-71.2109, 46.8158], [-71.211, 46.8159], [-71.2111, 46.816], [-71.2112, 46.8161], [-71.2114, 46.8162], [-71.2115, 46.8163], [-71.2117, 46.8163], [-71.2119, 46.8164], [-71.2121, 46.8165], [-71.2122, 46.8165], [-71.2124, 46.8166], [-71.2126, 46.8166], [-71.2128, 46.8167], [-71.2129, 46.8167], [-71.2131, 46.8167], [-71.2133, 46.8167], [-71.2134, 46.8168], [-71.2135, 46.8168], [-71.2137, 46.8167], [-71.2138, 46.8167], [-71.2139, 46.8167], [-71.214, 46.8167], [-71.214, 46.8166], [-71.2141, 46.8166], [-71.2141, 46.8165], [-71.2142, 46.8165], [-71.2143, 46.8165], [-71.2144, 46.8165], [-71.2145, 46.8165], [-71.2146, 46.8165], [-71.2148, 46.8166], [-71.2149, 46.8166], [-71.2151, 46.8167], [-71.2154, 46.8167], [-71.2156, 46.8167], [-71.216, 46.8166], [-71.2163, 46.8166], [-71.2167, 46.8165], [-71.2172, 46.8164], [-71.2177, 46.8162], [-71.2182, 46.8161], [-71.2186, 46.8161], [-71.219, 46.816], [-71.2194, 46.816], [-71.2197, 46.816], [-71.22, 46.816], [-71.2203, 46.816], [-71.2205, 46.8161], [-71.2208, 46.8161], [-71.2211, 46.816], [-71.2214, 46.8158], [-71.2217, 46.8156], [-71.222, 46.8153], [-71.2223, 46.8148], [-71.2227, 46.8143], [-71.2231, 46.8138], [-71.2234, 46.8132]]]}}, {"type": "Feature", "properties": {"couche": "aire_marche", "station": "D'Youville", "ordre": 21, "minutes": 11, "superficie_ha": 137.5, "rue_km": 64.16, "disque_ha": 186.3, "part_disque_pct": 74, "accroche_m": 12, "population": 7917, "navetteurs": 2710, "mode_auto_pct": 34, "mode_tc_pct": 22, "mode_actif_pct": 43, "mode_autre_pct": 1}, "geometry": {"type": "Polygon", "coordinates": [[[-71.2245, 46.8113], [-71.2246, 46.8113], [-71.2247, 46.8113], [-71.2248, 46.8113], [-71.2249, 46.8114], [-71.225, 46.8114], [-71.225, 46.8115], [-71.2251, 46.8116], [-71.2251, 46.8117], [-71.2251, 46.8118], [-71.2251, 46.812], [-71.2251, 46.8121], [-71.225, 46.8123], [-71.2249, 46.8125], [-71.2248, 46.8127], [-71.2247, 46.8129], [-71.2245, 46.8131], [-71.2243, 46.8134], [-71.2241, 46.8136], [-71.2239, 46.8138], [-71.2238, 46.814], [-71.2236, 46.8141], [-71.2235, 46.8142], [-71.2233, 46.8143], [-71.2232, 46.8144], [-71.2231, 46.8144], [-71.223, 46.8144], [-71.2229, 46.8145], [-71.2229, 46.8146], [-71.2229, 46.8147], [-71.223, 46.8147], [-71.223, 46.8148], [-71.223, 46.8149], [-71.223, 46.815], [-71.2229, 46.8152], [-71.2228, 46.8154], [-71.2227, 46.8156], [-71.2226, 46.8158], [-71.2224, 46.8161], [-71.2222, 46.8163], [-71.2219, 46.8164], [-71.2216, 46.8166], [-71.2213, 46.8166], [-71.2209, 46.8167], [-71.2204, 46.8167], [-71.2199, 46.8167], [-71.2194, 46.8166], [-71.2189, 46.8165], [-71.2185, 46.8165], [-71.2181, 46.8165], [-71.2177, 46.8165], [-71.2173, 46.8166], [-71.217, 46.8167], [-71.2168, 46.8168], [-71.2165, 46.8169], [-71.2163, 46.817], [-71.2161, 46.8171], [-71.2159, 46.8172], [-71.2157, 46.8172], [-71.2156, 46.8173], [-71.2155, 46.8173], [-71.2153, 46.8172], [-71.2152, 46.8172], [-71.2151, 46.8172], [-71.215, 46.8171], [-71.2148, 46.8171], [-71.2146, 46.8171], [-71.2144, 46.8171], [-71.2141, 46.8171], [-71.2138, 46.8171], [-71.2135, 46.8171], [-71.2133, 46.8171], [-71.213, 46.8171], [-71.2127, 46.8171], [-71.2124, 46.8171], [-71.2121, 46.817], [-71.2118, 46.8169], [-71.2115, 46.8168], [-71.2112, 46.8167], [-71.2109, 46.8166], [-71.2107, 46.8165], [-71.2106, 46.8164], [-71.2105, 46.8163], [-71.2104, 46.8161], [-71.2104, 46.816], [-71.2104, 46.8159], [-71.2104, 46.8158], [-71.2104, 46.8157], [-71.2104, 46.8156], [-71.2103, 46.8156], [-71.2102, 46.8156], [-71.21, 46.8156], [-71.2098, 46.8156], [-71.2095, 46.8157], [-71.2092, 46.8158], [-71.2089, 46.8159], [-71.2087, 46.8159], [-71.2084, 46.816], [-71.2082, 46.816], [-71.208, 46.816], [-71.2078, 46.816], [-71.2076, 46.8159], [-71.2075, 46.8159], [-71.2073, 46.8158], [-71.2072, 46.8157], [-71.2071, 46.8157], [-71.207, 46.8156], [-71.2069, 46.8155], [-71.2068, 46.8154], [-71.2067, 46.8153], [-71.2066, 46.8152], [-71.2066, 46.815], [-71.2066, 46.8149], [-71.2065, 46.8148], [-71.2065, 46.8146], [-71.2065, 46.8145], [-71.2066, 46.8143], [-71.2066, 46.8142], [-71.2067, 46.814], [-71.2067, 46.8138], [-71.2067, 46.8137], [-71.2067, 46.8136], [-71.2067, 46.8135], [-71.2066, 46.8134], [-71.2066, 46.8133], [-71.2065, 46.8132], [-71.2064, 46.8132], [-71.2063, 46.8131], [-71.2063, 46.813], [-71.2063, 46.8129], [-71.2064, 46.8128], [-71.2065, 46.8127], [-71.2066, 46.8126], [-71.2068, 46.8125], [-71.207, 46.8124], [-71.2071, 46.8122], [-71.2073, 46.8121], [-71.2074, 46.8119], [-71.2075, 46.8117], [-71.2076, 46.8115], [-71.2077, 46.8113], [-71.2078, 46.811], [-71.2079, 46.8108], [-71.2079, 46.8106], [-71.208, 46.8104], [-71.208, 46.8102], [-71.208, 46.8101], [-71.2079, 46.8099], [-71.2079, 46.8098], [-71.2078, 46.8097], [-71.2078, 46.8096], [-71.2078, 46.8094], [-71.2079, 46.8093], [-71.2079, 46.8092], [-71.2081, 46.8091], [-71.2082, 46.809], [-71.2085, 46.8089], [-71.2087, 46.8088], [-71.2089, 46.8087], [-71.2091, 46.8086], [-71.2092, 46.8085], [-71.2093, 46.8084], [-71.2093, 46.8083], [-71.2093, 46.8082], [-71.2093, 46.8081], [-71.2092, 46.808], [-71.2091, 46.8078], [-71.2092, 46.8077], [-71.2092, 46.8076], [-71.2093, 46.8074], [-71.2094, 46.8072], [-71.2095, 46.8071], [-71.2096, 46.8068], [-71.2098, 46.8067], [-71.21, 46.8065], [-71.2101, 46.8064], [-71.2102, 46.8063], [-71.2104, 46.8063], [-71.2105, 46.8063], [-71.2107, 46.8063], [-71.2108, 46.8064], [-71.2109, 46.8064], [-71.211, 46.8065], [-71.2112, 46.8065], [-71.2113, 46.8064], [-71.2114, 46.8064], [-71.2116, 46.8064], [-71.2117, 46.8063], [-71.2119, 46.8062], [-71.212, 46.8061], [-71.2123, 46.8061], [-71.2125, 46.8061], [-71.2128, 46.806], [-71.2132, 46.806], [-71.2136, 46.8061], [-71.214, 46.8061], [-71.2145, 46.8062], [-71.2149, 46.8062], [-71.2152, 46.8063], [-71.2155, 46.8064], [-71.2158, 46.8064], [-71.216, 46.8065], [-71.2161, 46.8066], [-71.2162, 46.8067], [-71.2162, 46.8068], [-71.2163, 46.8068], [-71.2164, 46.8069], [-71.2165, 46.8069], [-71.2166, 46.8068], [-71.2167, 46.8068], [-71.2168, 46.8067], [-71.2169, 46.8066], [-71.2172, 46.8066], [-71.2174, 46.8066], [-71.2178, 46.8066], [-71.2183, 46.8066], [-71.2188, 46.8067], [-71.2194, 46.8068], [-71.2201, 46.8069], [-71.2208, 46.8071], [-71.2215, 46.8072], [-71.2221, 46.8074], [-71.2226, 46.8075], [-71.2231, 46.8076], [-71.2235, 46.8078], [-71.2238, 46.8079], [-71.224, 46.808], [-71.2242, 46.808], [-71.2243, 46.8081], [-71.2244, 46.8083], [-71.2245, 46.8084], [-71.2245, 46.8086], [-71.2245, 46.8087], [-71.2245, 46.8089], [-71.2245, 46.8091], [-71.2245, 46.8094], [-71.2244, 46.8096], [-71.2244, 46.8098], [-71.2244, 46.81], [-71.2244, 46.8101], [-71.2244, 46.8103], [-71.2244, 46.8104], [-71.2245, 46.8105], [-71.2246, 46.8106], [-71.2246, 46.8107], [-71.2246, 46.8108], [-71.2246, 46.8109], [-71.2246, 46.811], [-71.2245, 46.811], [-71.2244, 46.8111], [-71.2244, 46.8112], [-71.2243, 46.8112], [-71.2243, 46.8113], [-71.2244, 46.8113], [-71.2245, 46.8113]]]}}, {"type": "Feature", "properties": {"couche": "voile", "station": "D'Youville", "minutes": 11}, "geometry": {"type": "Polygon", "coordinates": [[[-71.3842, 46.9241], [-71.0502, 46.9262], [-71.0479, 46.699], [-71.3805, 46.6969], [-71.3842, 46.9241]], [[-71.2244, 46.8113], [-71.2243, 46.8113], [-71.2243, 46.8112], [-71.2244, 46.8112], [-71.2244, 46.8111], [-71.2245, 46.811], [-71.2246, 46.811], [-71.2246, 46.8109], [-71.2246, 46.8108], [-71.2246, 46.8107], [-71.2246, 46.8106], [-71.2245, 46.8105], [-71.2244, 46.8104], [-71.2244, 46.8103], [-71.2244, 46.8101], [-71.2244, 46.81], [-71.2244, 46.8098], [-71.2244, 46.8096], [-71.2245, 46.8094], [-71.2245, 46.8091], [-71.2245, 46.8089], [-71.2245, 46.8087], [-71.2245, 46.8086], [-71.2245, 46.8084], [-71.2244, 46.8083], [-71.2243, 46.8081], [-71.2242, 46.808], [-71.224, 46.808], [-71.2238, 46.8079], [-71.2235, 46.8078], [-71.2231, 46.8076], [-71.2226, 46.8075], [-71.2221, 46.8074], [-71.2215, 46.8072], [-71.2208, 46.8071], [-71.2201, 46.8069], [-71.2194, 46.8068], [-71.2188, 46.8067], [-71.2183, 46.8066], [-71.2178, 46.8066], [-71.2174, 46.8066], [-71.2172, 46.8066], [-71.2169, 46.8066], [-71.2168, 46.8067], [-71.2167, 46.8068], [-71.2166, 46.8068], [-71.2165, 46.8069], [-71.2164, 46.8069], [-71.2163, 46.8068], [-71.2162, 46.8068], [-71.2162, 46.8067], [-71.2161, 46.8066], [-71.216, 46.8065], [-71.2158, 46.8064], [-71.2155, 46.8064], [-71.2152, 46.8063], [-71.2149, 46.8062], [-71.2145, 46.8062], [-71.214, 46.8061], [-71.2136, 46.8061], [-71.2132, 46.806], [-71.2128, 46.806], [-71.2125, 46.8061], [-71.2123, 46.8061], [-71.212, 46.8061], [-71.2119, 46.8062], [-71.2117, 46.8063], [-71.2116, 46.8064], [-71.2114, 46.8064], [-71.2113, 46.8064], [-71.2112, 46.8065], [-71.211, 46.8065], [-71.2109, 46.8064], [-71.2108, 46.8064], [-71.2107, 46.8063], [-71.2105, 46.8063], [-71.2104, 46.8063], [-71.2102, 46.8063], [-71.2101, 46.8064], [-71.21, 46.8065], [-71.2098, 46.8067], [-71.2096, 46.8068], [-71.2095, 46.8071], [-71.2094, 46.8072], [-71.2093, 46.8074], [-71.2092, 46.8076], [-71.2092, 46.8077], [-71.2091, 46.8078], [-71.2092, 46.808], [-71.2093, 46.8081], [-71.2093, 46.8082], [-71.2093, 46.8083], [-71.2093, 46.8084], [-71.2092, 46.8085], [-71.2091, 46.8086], [-71.2089, 46.8087], [-71.2087, 46.8088], [-71.2085, 46.8089], [-71.2082, 46.809], [-71.2081, 46.8091], [-71.2079, 46.8092], [-71.2079, 46.8093], [-71.2078, 46.8094], [-71.2078, 46.8096], [-71.2078, 46.8097], [-71.2079, 46.8098], [-71.2079, 46.8099], [-71.208, 46.8101], [-71.208, 46.8102], [-71.208, 46.8104], [-71.2079, 46.8106], [-71.2079, 46.8108], [-71.2078, 46.811], [-71.2077, 46.8113], [-71.2076, 46.8115], [-71.2075, 46.8117], [-71.2074, 46.8119], [-71.2073, 46.8121], [-71.2071, 46.8122], [-71.207, 46.8124], [-71.2068, 46.8125], [-71.2066, 46.8126], [-71.2065, 46.8127], [-71.2064, 46.8128], [-71.2063, 46.8129], [-71.2063, 46.813], [-71.2063, 46.8131], [-71.2064, 46.8132], [-71.2065, 46.8132], [-71.2066, 46.8133], [-71.2066, 46.8134], [-71.2067, 46.8135], [-71.2067, 46.8136], [-71.2067, 46.8137], [-71.2067, 46.8138], [-71.2067, 46.814], [-71.2066, 46.8142], [-71.2066, 46.8143], [-71.2065, 46.8145], [-71.2065, 46.8146], [-71.2065, 46.8148], [-71.2066, 46.8149], [-71.2066, 46.815], [-71.2066, 46.8152], [-71.2067, 46.8153], [-71.2068, 46.8154], [-71.2069, 46.8155], [-71.207, 46.8156], [-71.2071, 46.8157], [-71.2072, 46.8157], [-71.2073, 46.8158], [-71.2075, 46.8159], [-71.2076, 46.8159], [-71.2078, 46.816], [-71.208, 46.816], [-71.2082, 46.816], [-71.2084, 46.816], [-71.2087, 46.8159], [-71.2089, 46.8159], [-71.2092, 46.8158], [-71.2095, 46.8157], [-71.2098, 46.8156], [-71.21, 46.8156], [-71.2102, 46.8156], [-71.2103, 46.8156], [-71.2104, 46.8156], [-71.2104, 46.8157], [-71.2104, 46.8158], [-71.2104, 46.8159], [-71.2104, 46.816], [-71.2104, 46.8161], [-71.2105, 46.8163], [-71.2106, 46.8164], [-71.2107, 46.8165], [-71.2109, 46.8166], [-71.2112, 46.8167], [-71.2115, 46.8168], [-71.2118, 46.8169], [-71.2121, 46.817], [-71.2124, 46.8171], [-71.2127, 46.8171], [-71.213, 46.8171], [-71.2133, 46.8171], [-71.2135, 46.8171], [-71.2138, 46.8171], [-71.2141, 46.8171], [-71.2144, 46.8171], [-71.2146, 46.8171], [-71.2148, 46.8171], [-71.215, 46.8171], [-71.2151, 46.8172], [-71.2152, 46.8172], [-71.2153, 46.8172], [-71.2155, 46.8173], [-71.2156, 46.8173], [-71.2157, 46.8172], [-71.2159, 46.8172], [-71.2161, 46.8171], [-71.2163, 46.817], [-71.2165, 46.8169], [-71.2168, 46.8168], [-71.217, 46.8167], [-71.2173, 46.8166], [-71.2177, 46.8165], [-71.2181, 46.8165], [-71.2185, 46.8165], [-71.2189, 46.8165], [-71.2194, 46.8166], [-71.2199, 46.8167], [-71.2204, 46.8167], [-71.2209, 46.8167], [-71.2213, 46.8166], [-71.2216, 46.8166], [-71.2219, 46.8164], [-71.2222, 46.8163], [-71.2224, 46.8161], [-71.2226, 46.8158], [-71.2227, 46.8156], [-71.2228, 46.8154], [-71.2229, 46.8152], [-71.223, 46.815], [-71.223, 46.8149], [-71.223, 46.8148], [-71.223, 46.8147], [-71.2229, 46.8147], [-71.2229, 46.8146], [-71.2229, 46.8145], [-71.223, 46.8144], [-71.2231, 46.8144], [-71.2232, 46.8144], [-71.2233, 46.8143], [-71.2235, 46.8142], [-71.2236, 46.8141], [-71.2238, 46.814], [-71.2239, 46.8138], [-71.2241, 46.8136], [-71.2243, 46.8134], [-71.2245, 46.8131], [-71.2247, 46.8129], [-71.2248, 46.8127], [-71.2249, 46.8125], [-71.225, 46.8123], [-71.2251, 46.8121], [-71.2251, 46.812], [-71.2251, 46.8118], [-71.2251, 46.8117], [-71.2251, 46.8116], [-71.225, 46.8115], [-71.225, 46.8114], [-71.2249, 46.8114], [-71.2248, 46.8113], [-71.2247, 46.8113], [-71.2246, 46.8113], [-71.2245, 46.8113], [-71.2244, 46.8113]]]}}, {"type": "Feature", "properties": {"couche": "aire_marche", "station": "D'Youville", "ordre": 21, "minutes": 12, "superficie_ha": 162.2, "rue_km": 75.62, "disque_ha": 221.7, "part_disque_pct": 73, "accroche_m": 12, "population": 9471, "navetteurs": 3220, "mode_auto_pct": 34, "mode_tc_pct": 23, "mode_actif_pct": 42, "mode_autre_pct": 1}, "geometry": {"type": "Polygon", "coordinates": [[[-71.2256, 46.8129], [-71.2254, 46.8132], [-71.2252, 46.8134], [-71.2251, 46.8136], [-71.2249, 46.8138], [-71.2248, 46.8139], [-71.2246, 46.814], [-71.2245, 46.8141], [-71.2244, 46.8141], [-71.2243, 46.8141], [-71.2242, 46.8141], [-71.2241, 46.8141], [-71.224, 46.8142], [-71.224, 46.8143], [-71.224, 46.8144], [-71.224, 46.8145], [-71.224, 46.8146], [-71.2239, 46.8148], [-71.2239, 46.815], [-71.2237, 46.8152], [-71.2236, 46.8155], [-71.2234, 46.8158], [-71.2232, 46.8162], [-71.2229, 46.8165], [-71.2227, 46.8167], [-71.2225, 46.8169], [-71.2222, 46.8171], [-71.2219, 46.8172], [-71.2217, 46.8172], [-71.2214, 46.8172], [-71.2211, 46.8171], [-71.2208, 46.8171], [-71.2206, 46.817], [-71.2203, 46.817], [-71.2201, 46.817], [-71.2198, 46.817], [-71.2196, 46.817], [-71.2193, 46.817], [-71.2191, 46.817], [-71.2189, 46.817], [-71.2187, 46.817], [-71.2185, 46.817], [-71.2184, 46.817], [-71.2182, 46.8169], [-71.2181, 46.8169], [-71.218, 46.8168], [-71.2179, 46.8167], [-71.2178, 46.8166], [-71.2177, 46.8166], [-71.2175, 46.8166], [-71.2173, 46.8167], [-71.2171, 46.8167], [-71.2169, 46.8169], [-71.2167, 46.8171], [-71.2164, 46.8173], [-71.2162, 46.8175], [-71.2159, 46.8176], [-71.2157, 46.8177], [-71.2155, 46.8178], [-71.2153, 46.8179], [-71.2151, 46.8179], [-71.2149, 46.8179], [-71.2148, 46.8178], [-71.2146, 46.8178], [-71.2144, 46.8177], [-71.2142, 46.8177], [-71.214, 46.8177], [-71.2138, 46.8177], [-71.2136, 46.8177], [-71.2134, 46.8177], [-71.2131, 46.8177], [-71.2129, 46.8177], [-71.2126, 46.8177], [-71.2123, 46.8177], [-71.212, 46.8176], [-71.2117, 46.8175], [-71.2113, 46.8173], [-71.211, 46.8172], [-71.2106, 46.817], [-71.2102, 46.8168], [-71.2099, 46.8167], [-71.2095, 46.8166], [-71.2092, 46.8165], [-71.2089, 46.8165], [-71.2086, 46.8164], [-71.2083, 46.8164], [-71.2081, 46.8165], [-71.2079, 46.8165], [-71.2076, 46.8164], [-71.2074, 46.8164], [-71.2072, 46.8164], [-71.207, 46.8163], [-71.2068, 46.8162], [-71.2066, 46.8161], [-71.2065, 46.816], [-71.2063, 46.8159], [-71.2062, 46.8157], [-71.2061, 46.8156], [-71.2061, 46.8154], [-71.206, 46.8153], [-71.206, 46.8151], [-71.206, 46.8149], [-71.206, 46.8147], [-71.2061, 46.8145], [-71.206, 46.8144], [-71.206, 46.8142], [-71.206, 46.814], [-71.2059, 46.8139], [-71.2058, 46.8137], [-71.2057, 46.8136], [-71.2056, 46.8135], [-71.2055, 46.8134], [-71.2054, 46.8132], [-71.2054, 46.8131], [-71.2053, 46.813], [-71.2053, 46.8129], [-71.2053, 46.8128], [-71.2054, 46.8127], [-71.2055, 46.8126], [-71.2056, 46.8126], [-71.2057, 46.8125], [-71.2058, 46.8125], [-71.2059, 46.8124], [-71.2061, 46.8124], [-71.2062, 46.8124], [-71.2064, 46.8124], [-71.2065, 46.8124], [-71.2066, 46.8124], [-71.2067, 46.8123], [-71.2068, 46.8122], [-71.2069, 46.8121], [-71.2069, 46.8119], [-71.2069, 46.8118], [-71.2069, 46.8115], [-71.207, 46.8114], [-71.207, 46.8112], [-71.2071, 46.811], [-71.2071, 46.8109], [-71.2072, 46.8108], [-71.2073, 46.8107], [-71.2075, 46.8106], [-71.2076, 46.8105], [-71.2077, 46.8104], [-71.2078, 46.8103], [-71.2078, 46.8102], [-71.2077, 46.8102], [-71.2076, 46.8102], [-71.2075, 46.8102], [-71.2074, 46.8102], [-71.2072, 46.8102], [-71.2071, 46.8102], [-71.207, 46.8101], [-71.2069, 46.81], [-71.2069, 46.8099], [-71.2068, 46.8098], [-71.2068, 46.8097], [-71.2068, 46.8096], [-71.2068, 46.8095], [-71.2068, 46.8094], [-71.2068, 46.8093], [-71.2069, 46.8092], [-71.2069, 46.8091], [-71.207, 46.809], [-71.2071, 46.8089], [-71.2072, 46.8088], [-71.2073, 46.8088], [-71.2075, 46.8088], [-71.2076, 46.8088], [-71.2078, 46.8088], [-71.2079, 46.8088], [-71.2081, 46.8088], [-71.2083, 46.8089], [-71.2084, 46.8089], [-71.2085, 46.8089], [-71.2085, 46.8088], [-71.2085, 46.8087], [-71.2084, 46.8087], [-71.2083, 46.8086], [-71.2083, 46.8085], [-71.2083, 46.8084], [-71.2084, 46.8083], [-71.2085, 46.8082], [-71.2086, 46.808], [-71.2087, 46.8078], [-71.2089, 46.8077], [-71.2091, 46.8075], [-71.2092, 46.8073], [-71.2093, 46.8072], [-71.2093, 46.8071], [-71.2093, 46.807], [-71.2093, 46.8069], [-71.2092, 46.8068], [-71.2091, 46.8067], [-71.209, 46.8067], [-71.209, 46.8066], [-71.2089, 46.8066], [-71.2089, 46.8065], [-71.2089, 46.8064], [-71.2089, 46.8063], [-71.2089, 46.8062], [-71.209, 46.8061], [-71.2091, 46.8061], [-71.2091, 46.806], [-71.2093, 46.8059], [-71.2094, 46.8059], [-71.2095, 46.8058], [-71.2097, 46.8058], [-71.2099, 46.8057], [-71.21, 46.8057], [-71.2102, 46.8057], [-71.2103, 46.8057], [-71.2105, 46.8057], [-71.2106, 46.8058], [-71.2107, 46.8059], [-71.2108, 46.806], [-71.2109, 46.8061], [-71.211, 46.8062], [-71.2111, 46.8063], [-71.2112, 46.8063], [-71.2114, 46.8063], [-71.2115, 46.8063], [-71.2116, 46.8062], [-71.2118, 46.806], [-71.2119, 46.8059], [-71.2121, 46.8058], [-71.2122, 46.8057], [-71.2124, 46.8056], [-71.2126, 46.8056], [-71.2128, 46.8056], [-71.213, 46.8056], [-71.2131, 46.8057], [-71.2133, 46.8058], [-71.2135, 46.8059], [-71.2137, 46.8059], [-71.2139, 46.806], [-71.214, 46.806], [-71.2142, 46.806], [-71.2143, 46.806], [-71.2145, 46.806], [-71.2146, 46.806], [-71.2147, 46.806], [-71.2148, 46.806], [-71.2149, 46.806], [-71.215, 46.806], [-71.2151, 46.806], [-71.2152, 46.8061], [-71.2153, 46.8062], [-71.2154, 46.8063], [-71.2155, 46.8063], [-71.2156, 46.8063], [-71.2157, 46.8063], [-71.2158, 46.8063], [-71.216, 46.8062], [-71.2162, 46.8062], [-71.2164, 46.8061], [-71.2166, 46.806], [-71.2168, 46.806], [-71.2169, 46.806], [-71.2171, 46.806], [-71.2172, 46.806], [-71.2173, 46.806], [-71.2175, 46.8061], [-71.2175, 46.8062], [-71.2176, 46.8063], [-71.2177, 46.8063], [-71.2178, 46.8064], [-71.2179, 46.8064], [-71.218, 46.8064], [-71.2181, 46.8064], [-71.2182, 46.8063], [-71.2183, 46.8063], [-71.2184, 46.8063], [-71.2187, 46.8063], [-71.219, 46.8063], [-71.2194, 46.8063], [-71.2199, 46.8064], [-71.2204, 46.8065], [-71.2211, 46.8066], [-71.2218, 46.8068], [-71.2224, 46.8069], [-71.223, 46.8071], [-71.2234, 46.8072], [-71.2238, 46.8073], [-71.224, 46.8074], [-71.2242, 46.8075], [-71.2243, 46.8076], [-71.2243, 46.8077], [-71.2243, 46.8078], [-71.2244, 46.8079], [-71.2245, 46.808], [-71.2246, 46.808], [-71.2248, 46.808], [-71.225, 46.808], [-71.2251, 46.808], [-71.2252, 46.8081], [-71.2253, 46.8082], [-71.2253, 46.8083], [-71.2254, 46.8085], [-71.2254, 46.8086], [-71.2253, 46.8088], [-71.2253, 46.8091], [-71.2252, 46.8093], [-71.2252, 46.8095], [-71.2252, 46.8098], [-71.2253, 46.81], [-71.2253, 46.8103], [-71.2254, 46.8105], [-71.2255, 46.8108], [-71.2257, 46.8111], [-71.2258, 46.8113], [-71.2259, 46.8116], [-71.2259, 46.8119], [-71.2259, 46.8121], [-71.2258, 46.8124], [-71.2257, 46.8126], [-71.2256, 46.8129]]]}}, {"type": "Feature", "properties": {"couche": "voile", "station": "D'Youville", "minutes": 12}, "geometry": {"type": "Polygon", "coordinates": [[[-71.385, 46.9247], [-71.0492, 46.9268], [-71.0469, 46.6986], [-71.3813, 46.6965], [-71.385, 46.9247]], [[-71.2257, 46.8126], [-71.2258, 46.8124], [-71.2259, 46.8121], [-71.2259, 46.8119], [-71.2259, 46.8116], [-71.2258, 46.8113], [-71.2257, 46.8111], [-71.2255, 46.8108], [-71.2254, 46.8105], [-71.2253, 46.8103], [-71.2253, 46.81], [-71.2252, 46.8098], [-71.2252, 46.8095], [-71.2252, 46.8093], [-71.2253, 46.8091], [-71.2253, 46.8088], [-71.2254, 46.8086], [-71.2254, 46.8085], [-71.2253, 46.8083], [-71.2253, 46.8082], [-71.2252, 46.8081], [-71.2251, 46.808], [-71.225, 46.808], [-71.2248, 46.808], [-71.2246, 46.808], [-71.2245, 46.808], [-71.2244, 46.8079], [-71.2243, 46.8078], [-71.2243, 46.8077], [-71.2243, 46.8076], [-71.2242, 46.8075], [-71.224, 46.8074], [-71.2238, 46.8073], [-71.2234, 46.8072], [-71.223, 46.8071], [-71.2224, 46.8069], [-71.2218, 46.8068], [-71.2211, 46.8066], [-71.2204, 46.8065], [-71.2199, 46.8064], [-71.2194, 46.8063], [-71.219, 46.8063], [-71.2187, 46.8063], [-71.2184, 46.8063], [-71.2183, 46.8063], [-71.2182, 46.8063], [-71.2181, 46.8064], [-71.218, 46.8064], [-71.2179, 46.8064], [-71.2178, 46.8064], [-71.2177, 46.8063], [-71.2176, 46.8063], [-71.2175, 46.8062], [-71.2175, 46.8061], [-71.2173, 46.806], [-71.2172, 46.806], [-71.2171, 46.806], [-71.2169, 46.806], [-71.2168, 46.806], [-71.2166, 46.806], [-71.2164, 46.8061], [-71.2162, 46.8062], [-71.216, 46.8062], [-71.2158, 46.8063], [-71.2157, 46.8063], [-71.2156, 46.8063], [-71.2155, 46.8063], [-71.2154, 46.8063], [-71.2153, 46.8062], [-71.2152, 46.8061], [-71.2151, 46.806], [-71.215, 46.806], [-71.2149, 46.806], [-71.2148, 46.806], [-71.2147, 46.806], [-71.2146, 46.806], [-71.2145, 46.806], [-71.2143, 46.806], [-71.2142, 46.806], [-71.214, 46.806], [-71.2139, 46.806], [-71.2137, 46.8059], [-71.2135, 46.8059], [-71.2133, 46.8058], [-71.2131, 46.8057], [-71.213, 46.8056], [-71.2128, 46.8056], [-71.2126, 46.8056], [-71.2124, 46.8056], [-71.2122, 46.8057], [-71.2121, 46.8058], [-71.2119, 46.8059], [-71.2118, 46.806], [-71.2116, 46.8062], [-71.2115, 46.8063], [-71.2114, 46.8063], [-71.2112, 46.8063], [-71.2111, 46.8063], [-71.211, 46.8062], [-71.2109, 46.8061], [-71.2108, 46.806], [-71.2107, 46.8059], [-71.2106, 46.8058], [-71.2105, 46.8057], [-71.2103, 46.8057], [-71.2102, 46.8057], [-71.21, 46.8057], [-71.2099, 46.8057], [-71.2097, 46.8058], [-71.2095, 46.8058], [-71.2094, 46.8059], [-71.2093, 46.8059], [-71.2091, 46.806], [-71.2091, 46.8061], [-71.209, 46.8061], [-71.2089, 46.8062], [-71.2089, 46.8063], [-71.2089, 46.8064], [-71.2089, 46.8065], [-71.2089, 46.8066], [-71.209, 46.8066], [-71.209, 46.8067], [-71.2091, 46.8067], [-71.2092, 46.8068], [-71.2093, 46.8069], [-71.2093, 46.807], [-71.2093, 46.8071], [-71.2093, 46.8072], [-71.2092, 46.8073], [-71.2091, 46.8075], [-71.2089, 46.8077], [-71.2087, 46.8078], [-71.2086, 46.808], [-71.2085, 46.8082], [-71.2084, 46.8083], [-71.2083, 46.8084], [-71.2083, 46.8085], [-71.2083, 46.8086], [-71.2084, 46.8087], [-71.2085, 46.8087], [-71.2085, 46.8088], [-71.2085, 46.8089], [-71.2084, 46.8089], [-71.2083, 46.8089], [-71.2081, 46.8088], [-71.2079, 46.8088], [-71.2078, 46.8088], [-71.2076, 46.8088], [-71.2075, 46.8088], [-71.2073, 46.8088], [-71.2072, 46.8088], [-71.2071, 46.8089], [-71.207, 46.809], [-71.2069, 46.8091], [-71.2069, 46.8092], [-71.2068, 46.8093], [-71.2068, 46.8094], [-71.2068, 46.8095], [-71.2068, 46.8096], [-71.2068, 46.8097], [-71.2068, 46.8098], [-71.2069, 46.8099], [-71.2069, 46.81], [-71.207, 46.8101], [-71.2071, 46.8102], [-71.2072, 46.8102], [-71.2074, 46.8102], [-71.2075, 46.8102], [-71.2076, 46.8102], [-71.2077, 46.8102], [-71.2078, 46.8102], [-71.2078, 46.8103], [-71.2077, 46.8104], [-71.2076, 46.8105], [-71.2075, 46.8106], [-71.2073, 46.8107], [-71.2072, 46.8108], [-71.2071, 46.8109], [-71.2071, 46.811], [-71.207, 46.8112], [-71.207, 46.8114], [-71.2069, 46.8115], [-71.2069, 46.8118], [-71.2069, 46.8119], [-71.2069, 46.8121], [-71.2068, 46.8122], [-71.2067, 46.8123], [-71.2066, 46.8124], [-71.2065, 46.8124], [-71.2064, 46.8124], [-71.2062, 46.8124], [-71.2061, 46.8124], [-71.2059, 46.8124], [-71.2058, 46.8125], [-71.2057, 46.8125], [-71.2056, 46.8126], [-71.2055, 46.8126], [-71.2054, 46.8127], [-71.2053, 46.8128], [-71.2053, 46.8129], [-71.2053, 46.813], [-71.2054, 46.8131], [-71.2054, 46.8132], [-71.2055, 46.8134], [-71.2056, 46.8135], [-71.2057, 46.8136], [-71.2058, 46.8137], [-71.2059, 46.8139], [-71.206, 46.814], [-71.206, 46.8142], [-71.206, 46.8144], [-71.2061, 46.8145], [-71.206, 46.8147], [-71.206, 46.8149], [-71.206, 46.8151], [-71.206, 46.8153], [-71.2061, 46.8154], [-71.2061, 46.8156], [-71.2062, 46.8157], [-71.2063, 46.8159], [-71.2065, 46.816], [-71.2066, 46.8161], [-71.2068, 46.8162], [-71.207, 46.8163], [-71.2072, 46.8164], [-71.2074, 46.8164], [-71.2076, 46.8164], [-71.2079, 46.8165], [-71.2081, 46.8165], [-71.2083, 46.8164], [-71.2086, 46.8164], [-71.2089, 46.8165], [-71.2092, 46.8165], [-71.2095, 46.8166], [-71.2099, 46.8167], [-71.2102, 46.8168], [-71.2106, 46.817], [-71.211, 46.8172], [-71.2113, 46.8173], [-71.2117, 46.8175], [-71.212, 46.8176], [-71.2123, 46.8177], [-71.2126, 46.8177], [-71.2129, 46.8177], [-71.2131, 46.8177], [-71.2134, 46.8177], [-71.2136, 46.8177], [-71.2138, 46.8177], [-71.214, 46.8177], [-71.2142, 46.8177], [-71.2144, 46.8177], [-71.2146, 46.8178], [-71.2148, 46.8178], [-71.2149, 46.8179], [-71.2151, 46.8179], [-71.2153, 46.8179], [-71.2155, 46.8178], [-71.2157, 46.8177], [-71.2159, 46.8176], [-71.2162, 46.8175], [-71.2164, 46.8173], [-71.2167, 46.8171], [-71.2169, 46.8169], [-71.2171, 46.8167], [-71.2173, 46.8167], [-71.2175, 46.8166], [-71.2177, 46.8166], [-71.2178, 46.8166], [-71.2179, 46.8167], [-71.218, 46.8168], [-71.2181, 46.8169], [-71.2182, 46.8169], [-71.2184, 46.817], [-71.2185, 46.817], [-71.2187, 46.817], [-71.2189, 46.817], [-71.2191, 46.817], [-71.2193, 46.817], [-71.2196, 46.817], [-71.2198, 46.817], [-71.2201, 46.817], [-71.2203, 46.817], [-71.2206, 46.817], [-71.2208, 46.8171], [-71.2211, 46.8171], [-71.2214, 46.8172], [-71.2217, 46.8172], [-71.2219, 46.8172], [-71.2222, 46.8171], [-71.2225, 46.8169], [-71.2227, 46.8167], [-71.2229, 46.8165], [-71.2232, 46.8162], [-71.2234, 46.8158], [-71.2236, 46.8155], [-71.2237, 46.8152], [-71.2239, 46.815], [-71.2239, 46.8148], [-71.224, 46.8146], [-71.224, 46.8145], [-71.224, 46.8144], [-71.224, 46.8143], [-71.224, 46.8142], [-71.2241, 46.8141], [-71.2242, 46.8141], [-71.2243, 46.8141], [-71.2244, 46.8141], [-71.2245, 46.8141], [-71.2246, 46.814], [-71.2248, 46.8139], [-71.2249, 46.8138], [-71.2251, 46.8136], [-71.2252, 46.8134], [-71.2254, 46.8132], [-71.2256, 46.8129], [-71.2257, 46.8126]]]}}, {"type": "Feature", "properties": {"couche": "aire_marche", "station": "D'Youville", "ordre": 21, "minutes": 13, "superficie_ha": 187.8, "rue_km": 87.8, "disque_ha": 260.2, "part_disque_pct": 72, "accroche_m": 12, "population": 11084, "navetteurs": 3773, "mode_auto_pct": 34, "mode_tc_pct": 23, "mode_actif_pct": 42, "mode_autre_pct": 1}, "geometry": {"type": "Polygon", "coordinates": [[[-71.2255, 46.814], [-71.225, 46.8147], [-71.2246, 46.8153], [-71.2243, 46.8158], [-71.2239, 46.8162], [-71.2237, 46.8165], [-71.2234, 46.8168], [-71.2232, 46.8169], [-71.2231, 46.817], [-71.223, 46.817], [-71.2229, 46.817], [-71.2228, 46.8171], [-71.2227, 46.8171], [-71.2227, 46.8172], [-71.2227, 46.8173], [-71.2227, 46.8175], [-71.2227, 46.8176], [-71.2227, 46.8177], [-71.2226, 46.8177], [-71.2224, 46.8178], [-71.2222, 46.8178], [-71.222, 46.8178], [-71.2217, 46.8178], [-71.2213, 46.8177], [-71.2209, 46.8176], [-71.2205, 46.8175], [-71.2202, 46.8175], [-71.2199, 46.8175], [-71.2197, 46.8174], [-71.2195, 46.8174], [-71.2193, 46.8175], [-71.2192, 46.8175], [-71.2191, 46.8176], [-71.219, 46.8176], [-71.2189, 46.8176], [-71.2188, 46.8176], [-71.2187, 46.8176], [-71.2186, 46.8176], [-71.2185, 46.8176], [-71.2184, 46.8176], [-71.2182, 46.8176], [-71.2181, 46.8175], [-71.218, 46.8174], [-71.2179, 46.8173], [-71.2178, 46.8172], [-71.2178, 46.817], [-71.2178, 46.8169], [-71.2177, 46.8168], [-71.2176, 46.8168], [-71.2175, 46.8169], [-71.2174, 46.817], [-71.2173, 46.8172], [-71.2172, 46.8174], [-71.217, 46.8176], [-71.2169, 46.8178], [-71.2168, 46.8179], [-71.2166, 46.8181], [-71.2165, 46.8182], [-71.2163, 46.8183], [-71.2162, 46.8184], [-71.216, 46.8184], [-71.2158, 46.8185], [-71.2157, 46.8185], [-71.2155, 46.8185], [-71.2153, 46.8185], [-71.2152, 46.8185], [-71.215, 46.8185], [-71.2149, 46.8184], [-71.2147, 46.8183], [-71.2145, 46.8182], [-71.2144, 46.8182], [-71.2142, 46.8182], [-71.214, 46.8181], [-71.2137, 46.8181], [-71.2135, 46.8181], [-71.2133, 46.8181], [-71.213, 46.8182], [-71.2128, 46.8182], [-71.2125, 46.8182], [-71.2123, 46.8182], [-71.2122, 46.8182], [-71.212, 46.8181], [-71.2119, 46.8181], [-71.2117, 46.8181], [-71.2116, 46.818], [-71.2115, 46.8179], [-71.2114, 46.8178], [-71.2114, 46.8177], [-71.2114, 46.8176], [-71.2115, 46.8176], [-71.2115, 46.8175], [-71.2114, 46.8175], [-71.2113, 46.8174], [-71.2112, 46.8174], [-71.211, 46.8174], [-71.2108, 46.8174], [-71.2106, 46.8174], [-71.2103, 46.8174], [-71.21, 46.8174], [-71.2098, 46.8174], [-71.2096, 46.8173], [-71.2094, 46.8173], [-71.2092, 46.8172], [-71.2091, 46.8171], [-71.209, 46.817], [-71.2089, 46.8169], [-71.2088, 46.8169], [-71.2087, 46.8168], [-71.2085, 46.8167], [-71.2083, 46.8166], [-71.2081, 46.8166], [-71.2079, 46.8165], [-71.2076, 46.8165], [-71.2073, 46.8165], [-71.207, 46.8165], [-71.2067, 46.8164], [-71.2065, 46.8164], [-71.2062, 46.8163], [-71.206, 46.8162], [-71.2058, 46.8162], [-71.2057, 46.8161], [-71.2055, 46.816], [-71.2054, 46.8158], [-71.2053, 46.8157], [-71.2053, 46.8156], [-71.2053, 46.8155], [-71.2054, 46.8154], [-71.2055, 46.8153], [-71.2056, 46.8152], [-71.2057, 46.8151], [-71.2058, 46.815], [-71.2059, 46.8149], [-71.206, 46.8148], [-71.206, 46.8147], [-71.2061, 46.8146], [-71.2061, 46.8145], [-71.2061, 46.8144], [-71.2061, 46.8143], [-71.206, 46.8141], [-71.2059, 46.814], [-71.2058, 46.8139], [-71.2057, 46.8138], [-71.2055, 46.8137], [-71.2053, 46.8135], [-71.205, 46.8134], [-71.2049, 46.8133], [-71.2048, 46.8132], [-71.2047, 46.813], [-71.2047, 46.8129], [-71.2048, 46.8127], [-71.2049, 46.8126], [-71.2051, 46.8124], [-71.2053, 46.8122], [-71.2055, 46.812], [-71.2057, 46.8119], [-71.2058, 46.8116], [-71.2059, 46.8114], [-71.206, 46.8112], [-71.206, 46.811], [-71.206, 46.8107], [-71.206, 46.8104], [-71.206, 46.8102], [-71.206, 46.81], [-71.2061, 46.8098], [-71.2062, 46.8096], [-71.2064, 46.8094], [-71.2065, 46.8092], [-71.2068, 46.8091], [-71.207, 46.809], [-71.2073, 46.8088], [-71.2075, 46.8087], [-71.2076, 46.8086], [-71.2078, 46.8085], [-71.2079, 46.8083], [-71.2079, 46.8082], [-71.208, 46.8081], [-71.208, 46.808], [-71.208, 46.8079], [-71.208, 46.8078], [-71.2081, 46.8077], [-71.2082, 46.8076], [-71.2083, 46.8075], [-71.2084, 46.8074], [-71.2085, 46.8073], [-71.2087, 46.8072], [-71.2088, 46.8071], [-71.2089, 46.807], [-71.2089, 46.8069], [-71.209, 46.8068], [-71.2089, 46.8067], [-71.2089, 46.8065], [-71.2088, 46.8063], [-71.2087, 46.8062], [-71.2086, 46.806], [-71.2086, 46.8059], [-71.2086, 46.8058], [-71.2086, 46.8057], [-71.2087, 46.8057], [-71.2088, 46.8056], [-71.209, 46.8056], [-71.2092, 46.8057], [-71.2093, 46.8057], [-71.2095, 46.8057], [-71.2097, 46.8056], [-71.2098, 46.8056], [-71.21, 46.8055], [-71.2101, 46.8055], [-71.2102, 46.8054], [-71.2104, 46.8053], [-71.2105, 46.8052], [-71.2106, 46.8052], [-71.2107, 46.8052], [-71.2108, 46.8053], [-71.2109, 46.8054], [-71.2109, 46.8055], [-71.211, 46.8057], [-71.2111, 46.8059], [-71.2111, 46.806], [-71.2112, 46.8061], [-71.2113, 46.8062], [-71.2114, 46.8061], [-71.2115, 46.806], [-71.2117, 46.8058], [-71.2118, 46.8056], [-71.2119, 46.8054], [-71.2121, 46.8052], [-71.2123, 46.8051], [-71.2125, 46.8051], [-71.2127, 46.8051], [-71.213, 46.8051], [-71.2133, 46.8052], [-71.2136, 46.8053], [-71.2139, 46.8054], [-71.2142, 46.8055], [-71.2144, 46.8056], [-71.2147, 46.8056], [-71.2149, 46.8056], [-71.2151, 46.8057], [-71.2152, 46.8056], [-71.2153, 46.8056], [-71.2155, 46.8056], [-71.2156, 46.8056], [-71.2157, 46.8057], [-71.2157, 46.8058], [-71.2157, 46.8059], [-71.2156, 46.8061], [-71.2156, 46.8062], [-71.2157, 46.8062], [-71.2158, 46.8062], [-71.2159, 46.8062], [-71.2161, 46.8061], [-71.2163, 46.806], [-71.2166, 46.8058], [-71.2168, 46.8057], [-71.217, 46.8056], [-71.2172, 46.8056], [-71.2174, 46.8056], [-71.2177, 46.8056], [-71.2178, 46.8056], [-71.218, 46.8057], [-71.2182, 46.8058], [-71.2184, 46.8059], [-71.2185, 46.806], [-71.2187, 46.806], [-71.2188, 46.8061], [-71.2189, 46.8061], [-71.219, 46.8061], [-71.2191, 46.8061], [-71.2192, 46.806], [-71.2194, 46.806], [-71.2196, 46.806], [-71.2199, 46.806], [-71.2203, 46.806], [-71.2207, 46.8061], [-71.2213, 46.8062], [-71.2219, 46.8063], [-71.2226, 46.8065], [-71.2232, 46.8066], [-71.2238, 46.8067], [-71.2243, 46.8069], [-71.2247, 46.807], [-71.2251, 46.8071], [-71.2254, 46.8072], [-71.2256, 46.8073], [-71.2258, 46.8074], [-71.2259, 46.8075], [-71.226, 46.8076], [-71.2261, 46.8078], [-71.2261, 46.808], [-71.2261, 46.8081], [-71.2261, 46.8083], [-71.2261, 46.8085], [-71.226, 46.8087], [-71.226, 46.809], [-71.226, 46.8092], [-71.226, 46.8094], [-71.2261, 46.8097], [-71.2261, 46.81], [-71.2262, 46.8102], [-71.2263, 46.8105], [-71.2265, 46.8108], [-71.2266, 46.8111], [-71.2266, 46.8115], [-71.2265, 46.8119], [-71.2264, 46.8123], [-71.2261, 46.8129], [-71.2258, 46.8134], [-71.2255, 46.814]]]}}, {"type": "Feature", "properties": {"couche": "voile", "station": "D'Youville", "minutes": 13}, "geometry": {"type": "Polygon", "coordinates": [[[-71.3857, 46.9253], [-71.0486, 46.9274], [-71.0463, 46.6981], [-71.382, 46.696], [-71.3857, 46.9253]], [[-71.2258, 46.8134], [-71.2261, 46.8129], [-71.2264, 46.8123], [-71.2265, 46.8119], [-71.2266, 46.8115], [-71.2266, 46.8111], [-71.2265, 46.8108], [-71.2263, 46.8105], [-71.2262, 46.8102], [-71.2261, 46.81], [-71.2261, 46.8097], [-71.226, 46.8094], [-71.226, 46.8092], [-71.226, 46.809], [-71.226, 46.8087], [-71.2261, 46.8085], [-71.2261, 46.8083], [-71.2261, 46.8081], [-71.2261, 46.808], [-71.2261, 46.8078], [-71.226, 46.8076], [-71.2259, 46.8075], [-71.2258, 46.8074], [-71.2256, 46.8073], [-71.2254, 46.8072], [-71.2251, 46.8071], [-71.2247, 46.807], [-71.2243, 46.8069], [-71.2238, 46.8067], [-71.2232, 46.8066], [-71.2226, 46.8065], [-71.2219, 46.8063], [-71.2213, 46.8062], [-71.2207, 46.8061], [-71.2203, 46.806], [-71.2199, 46.806], [-71.2196, 46.806], [-71.2194, 46.806], [-71.2192, 46.806], [-71.2191, 46.8061], [-71.219, 46.8061], [-71.2189, 46.8061], [-71.2188, 46.8061], [-71.2187, 46.806], [-71.2185, 46.806], [-71.2184, 46.8059], [-71.2182, 46.8058], [-71.218, 46.8057], [-71.2178, 46.8056], [-71.2177, 46.8056], [-71.2174, 46.8056], [-71.2172, 46.8056], [-71.217, 46.8056], [-71.2168, 46.8057], [-71.2166, 46.8058], [-71.2163, 46.806], [-71.2161, 46.8061], [-71.2159, 46.8062], [-71.2158, 46.8062], [-71.2157, 46.8062], [-71.2156, 46.8062], [-71.2156, 46.8061], [-71.2157, 46.8059], [-71.2157, 46.8058], [-71.2157, 46.8057], [-71.2156, 46.8056], [-71.2155, 46.8056], [-71.2153, 46.8056], [-71.2152, 46.8056], [-71.2151, 46.8057], [-71.2149, 46.8056], [-71.2147, 46.8056], [-71.2144, 46.8056], [-71.2142, 46.8055], [-71.2139, 46.8054], [-71.2136, 46.8053], [-71.2133, 46.8052], [-71.213, 46.8051], [-71.2127, 46.8051], [-71.2125, 46.8051], [-71.2123, 46.8051], [-71.2121, 46.8052], [-71.2119, 46.8054], [-71.2118, 46.8056], [-71.2117, 46.8058], [-71.2115, 46.806], [-71.2114, 46.8061], [-71.2113, 46.8062], [-71.2112, 46.8061], [-71.2111, 46.806], [-71.2111, 46.8059], [-71.211, 46.8057], [-71.2109, 46.8055], [-71.2109, 46.8054], [-71.2108, 46.8053], [-71.2107, 46.8052], [-71.2106, 46.8052], [-71.2105, 46.8052], [-71.2104, 46.8053], [-71.2102, 46.8054], [-71.2101, 46.8055], [-71.21, 46.8055], [-71.2098, 46.8056], [-71.2097, 46.8056], [-71.2095, 46.8057], [-71.2093, 46.8057], [-71.2092, 46.8057], [-71.209, 46.8056], [-71.2088, 46.8056], [-71.2087, 46.8057], [-71.2086, 46.8057], [-71.2086, 46.8058], [-71.2086, 46.8059], [-71.2086, 46.806], [-71.2087, 46.8062], [-71.2088, 46.8063], [-71.2089, 46.8065], [-71.2089, 46.8067], [-71.209, 46.8068], [-71.2089, 46.8069], [-71.2089, 46.807], [-71.2088, 46.8071], [-71.2087, 46.8072], [-71.2085, 46.8073], [-71.2084, 46.8074], [-71.2083, 46.8075], [-71.2082, 46.8076], [-71.2081, 46.8077], [-71.208, 46.8078], [-71.208, 46.8079], [-71.208, 46.808], [-71.208, 46.8081], [-71.2079, 46.8082], [-71.2079, 46.8083], [-71.2078, 46.8085], [-71.2076, 46.8086], [-71.2075, 46.8087], [-71.2073, 46.8088], [-71.207, 46.809], [-71.2068, 46.8091], [-71.2065, 46.8092], [-71.2064, 46.8094], [-71.2062, 46.8096], [-71.2061, 46.8098], [-71.206, 46.81], [-71.206, 46.8102], [-71.206, 46.8104], [-71.206, 46.8107], [-71.206, 46.811], [-71.206, 46.8112], [-71.2059, 46.8114], [-71.2058, 46.8116], [-71.2057, 46.8119], [-71.2055, 46.812], [-71.2053, 46.8122], [-71.2051, 46.8124], [-71.2049, 46.8126], [-71.2048, 46.8127], [-71.2047, 46.8129], [-71.2047, 46.813], [-71.2048, 46.8132], [-71.2049, 46.8133], [-71.205, 46.8134], [-71.2053, 46.8135], [-71.2055, 46.8137], [-71.2057, 46.8138], [-71.2058, 46.8139], [-71.2059, 46.814], [-71.206, 46.8141], [-71.2061, 46.8143], [-71.2061, 46.8144], [-71.2061, 46.8145], [-71.2061, 46.8146], [-71.206, 46.8147], [-71.206, 46.8148], [-71.2059, 46.8149], [-71.2058, 46.815], [-71.2057, 46.8151], [-71.2056, 46.8152], [-71.2055, 46.8153], [-71.2054, 46.8154], [-71.2053, 46.8155], [-71.2053, 46.8156], [-71.2053, 46.8157], [-71.2054, 46.8158], [-71.2055, 46.816], [-71.2057, 46.8161], [-71.2058, 46.8162], [-71.206, 46.8162], [-71.2062, 46.8163], [-71.2065, 46.8164], [-71.2067, 46.8164], [-71.207, 46.8165], [-71.2073, 46.8165], [-71.2076, 46.8165], [-71.2079, 46.8165], [-71.2081, 46.8166], [-71.2083, 46.8166], [-71.2085, 46.8167], [-71.2087, 46.8168], [-71.2088, 46.8169], [-71.2089, 46.8169], [-71.209, 46.817], [-71.2091, 46.8171], [-71.2092, 46.8172], [-71.2094, 46.8173], [-71.2096, 46.8173], [-71.2098, 46.8174], [-71.21, 46.8174], [-71.2103, 46.8174], [-71.2106, 46.8174], [-71.2108, 46.8174], [-71.211, 46.8174], [-71.2112, 46.8174], [-71.2113, 46.8174], [-71.2114, 46.8175], [-71.2115, 46.8175], [-71.2115, 46.8176], [-71.2114, 46.8176], [-71.2114, 46.8177], [-71.2114, 46.8178], [-71.2115, 46.8179], [-71.2116, 46.818], [-71.2117, 46.8181], [-71.2119, 46.8181], [-71.212, 46.8181], [-71.2122, 46.8182], [-71.2123, 46.8182], [-71.2125, 46.8182], [-71.2128, 46.8182], [-71.213, 46.8182], [-71.2133, 46.8181], [-71.2135, 46.8181], [-71.2137, 46.8181], [-71.214, 46.8181], [-71.2142, 46.8182], [-71.2144, 46.8182], [-71.2145, 46.8182], [-71.2147, 46.8183], [-71.2149, 46.8184], [-71.215, 46.8185], [-71.2152, 46.8185], [-71.2153, 46.8185], [-71.2155, 46.8185], [-71.2157, 46.8185], [-71.2158, 46.8185], [-71.216, 46.8184], [-71.2162, 46.8184], [-71.2163, 46.8183], [-71.2165, 46.8182], [-71.2166, 46.8181], [-71.2168, 46.8179], [-71.2169, 46.8178], [-71.217, 46.8176], [-71.2172, 46.8174], [-71.2173, 46.8172], [-71.2174, 46.817], [-71.2175, 46.8169], [-71.2176, 46.8168], [-71.2177, 46.8168], [-71.2178, 46.8169], [-71.2178, 46.817], [-71.2178, 46.8172], [-71.2179, 46.8173], [-71.218, 46.8174], [-71.2181, 46.8175], [-71.2182, 46.8176], [-71.2184, 46.8176], [-71.2185, 46.8176], [-71.2186, 46.8176], [-71.2187, 46.8176], [-71.2188, 46.8176], [-71.2189, 46.8176], [-71.219, 46.8176], [-71.2191, 46.8176], [-71.2192, 46.8175], [-71.2193, 46.8175], [-71.2195, 46.8174], [-71.2197, 46.8174], [-71.2199, 46.8175], [-71.2202, 46.8175], [-71.2205, 46.8175], [-71.2209, 46.8176], [-71.2213, 46.8177], [-71.2217, 46.8178], [-71.222, 46.8178], [-71.2222, 46.8178], [-71.2224, 46.8178], [-71.2226, 46.8177], [-71.2227, 46.8177], [-71.2227, 46.8176], [-71.2227, 46.8175], [-71.2227, 46.8173], [-71.2227, 46.8172], [-71.2227, 46.8171], [-71.2228, 46.8171], [-71.2229, 46.817], [-71.223, 46.817], [-71.2231, 46.817], [-71.2232, 46.8169], [-71.2234, 46.8168], [-71.2237, 46.8165], [-71.2239, 46.8162], [-71.2243, 46.8158], [-71.2246, 46.8153], [-71.225, 46.8147], [-71.2255, 46.814], [-71.2258, 46.8134]]]}}, {"type": "Feature", "properties": {"couche": "aire_marche", "station": "D'Youville", "ordre": 21, "minutes": 14, "superficie_ha": 218.1, "rue_km": 100.57, "disque_ha": 301.7, "part_disque_pct": 72, "accroche_m": 12, "population": 12734, "navetteurs": 4353, "mode_auto_pct": 35, "mode_tc_pct": 23, "mode_actif_pct": 41, "mode_autre_pct": 1}, "geometry": {"type": "Polygon", "coordinates": [[[-71.2274, 46.8125], [-71.2273, 46.8128], [-71.2272, 46.8131], [-71.227, 46.8133], [-71.2269, 46.8135], [-71.2267, 46.8137], [-71.2266, 46.8138], [-71.2264, 46.8139], [-71.2262, 46.814], [-71.226, 46.8141], [-71.2259, 46.8142], [-71.2257, 46.8143], [-71.2256, 46.8143], [-71.2256, 46.8144], [-71.2255, 46.8145], [-71.2255, 46.8146], [-71.2255, 46.8147], [-71.2256, 46.8148], [-71.2256, 46.8149], [-71.2256, 46.815], [-71.2256, 46.8151], [-71.2255, 46.8151], [-71.2255, 46.8152], [-71.2254, 46.8152], [-71.2253, 46.8152], [-71.2252, 46.8153], [-71.225, 46.8154], [-71.2249, 46.8156], [-71.2247, 46.8158], [-71.2245, 46.8161], [-71.2243, 46.8164], [-71.2241, 46.8168], [-71.2238, 46.8172], [-71.2236, 46.8175], [-71.2234, 46.8178], [-71.2231, 46.8181], [-71.2228, 46.8182], [-71.2226, 46.8183], [-71.2223, 46.8184], [-71.2221, 46.8183], [-71.2218, 46.8183], [-71.2215, 46.8182], [-71.2213, 46.8181], [-71.221, 46.8181], [-71.2208, 46.8181], [-71.2205, 46.8181], [-71.2203, 46.8181], [-71.22, 46.8181], [-71.2198, 46.8181], [-71.2196, 46.8181], [-71.2194, 46.8181], [-71.2192, 46.8181], [-71.219, 46.8181], [-71.2189, 46.818], [-71.2188, 46.818], [-71.2187, 46.8179], [-71.2186, 46.8178], [-71.2185, 46.8177], [-71.2184, 46.8176], [-71.2182, 46.8176], [-71.2181, 46.8176], [-71.218, 46.8176], [-71.2178, 46.8176], [-71.2177, 46.8176], [-71.2176, 46.8177], [-71.2174, 46.8177], [-71.2174, 46.8178], [-71.2173, 46.8178], [-71.2172, 46.8179], [-71.2172, 46.818], [-71.2172, 46.8181], [-71.2172, 46.8182], [-71.2172, 46.8183], [-71.2171, 46.8184], [-71.217, 46.8184], [-71.2169, 46.8185], [-71.2168, 46.8185], [-71.2167, 46.8185], [-71.2166, 46.8185], [-71.2165, 46.8185], [-71.2164, 46.8185], [-71.2163, 46.8186], [-71.2162, 46.8186], [-71.2161, 46.8187], [-71.216, 46.8188], [-71.216, 46.8189], [-71.2159, 46.819], [-71.2158, 46.819], [-71.2157, 46.8191], [-71.2156, 46.8191], [-71.2155, 46.8192], [-71.2154, 46.8192], [-71.2153, 46.8192], [-71.2152, 46.8192], [-71.2151, 46.8192], [-71.215, 46.8191], [-71.2149, 46.8191], [-71.2148, 46.8191], [-71.2147, 46.819], [-71.2147, 46.8189], [-71.2146, 46.8188], [-71.2145, 46.8187], [-71.2145, 46.8186], [-71.2144, 46.8186], [-71.2143, 46.8186], [-71.2142, 46.8186], [-71.2141, 46.8186], [-71.2139, 46.8186], [-71.2138, 46.8187], [-71.2136, 46.8187], [-71.2134, 46.8188], [-71.2132, 46.8188], [-71.2131, 46.8188], [-71.2129, 46.8188], [-71.2127, 46.8188], [-71.2125, 46.8187], [-71.2123, 46.8186], [-71.2121, 46.8185], [-71.2119, 46.8184], [-71.2116, 46.8183], [-71.2112, 46.8182], [-71.2108, 46.818], [-71.2103, 46.8179], [-71.2097, 46.8178], [-71.2091, 46.8177], [-71.2084, 46.8175], [-71.2078, 46.8174], [-71.2072, 46.8172], [-71.2067, 46.8171], [-71.2062, 46.817], [-71.2058, 46.8168], [-71.2055, 46.8167], [-71.2052, 46.8165], [-71.205, 46.8163], [-71.2048, 46.8162], [-71.2046, 46.816], [-71.2045, 46.8159], [-71.2044, 46.8157], [-71.2044, 46.8156], [-71.2045, 46.8154], [-71.2045, 46.8153], [-71.2047, 46.8152], [-71.2048, 46.815], [-71.2049, 46.8149], [-71.205, 46.8149], [-71.2052, 46.8148], [-71.2053, 46.8148], [-71.2054, 46.8147], [-71.2055, 46.8147], [-71.2056, 46.8148], [-71.2057, 46.8148], [-71.2058, 46.8148], [-71.2059, 46.8147], [-71.206, 46.8147], [-71.206, 46.8146], [-71.2061, 46.8145], [-71.2061, 46.8143], [-71.206, 46.8142], [-71.206, 46.8141], [-71.2059, 46.8141], [-71.2058, 46.8141], [-71.2056, 46.8141], [-71.2055, 46.8141], [-71.2053, 46.8142], [-71.2052, 46.8142], [-71.205, 46.8142], [-71.2048, 46.8142], [-71.2047, 46.8141], [-71.2045, 46.8141], [-71.2044, 46.814], [-71.2042, 46.8139], [-71.2041, 46.8138], [-71.204, 46.8137], [-71.2039, 46.8135], [-71.2038, 46.8134], [-71.2037, 46.8133], [-71.2037, 46.8132], [-71.2037, 46.813], [-71.2037, 46.8129], [-71.2038, 46.8127], [-71.2038, 46.8126], [-71.2039, 46.8125], [-71.204, 46.8124], [-71.2041, 46.8123], [-71.2042, 46.8122], [-71.2043, 46.8122], [-71.2044, 46.8121], [-71.2045, 46.8121], [-71.2047, 46.8121], [-71.2048, 46.812], [-71.2049, 46.812], [-71.205, 46.8119], [-71.2051, 46.8118], [-71.2052, 46.8117], [-71.2053, 46.8115], [-71.2053, 46.8114], [-71.2054, 46.8113], [-71.2054, 46.8111], [-71.2054, 46.811], [-71.2054, 46.8108], [-71.2054, 46.8106], [-71.2054, 46.8105], [-71.2053, 46.8103], [-71.2053, 46.8102], [-71.2052, 46.81], [-71.2052, 46.8098], [-71.2052, 46.8097], [-71.2052, 46.8096], [-71.2052, 46.8094], [-71.2053, 46.8093], [-71.2054, 46.8092], [-71.2055, 46.8091], [-71.2056, 46.809], [-71.2057, 46.8089], [-71.2059, 46.8088], [-71.2061, 46.8088], [-71.2063, 46.8087], [-71.2065, 46.8087], [-71.2067, 46.8086], [-71.2069, 46.8086], [-71.2072, 46.8086], [-71.2073, 46.8085], [-71.2075, 46.8084], [-71.2076, 46.8083], [-71.2076, 46.8082], [-71.2076, 46.8081], [-71.2076, 46.808], [-71.2075, 46.8078], [-71.2075, 46.8077], [-71.2075, 46.8075], [-71.2075, 46.8074], [-71.2076, 46.8073], [-71.2076, 46.8072], [-71.2077, 46.8072], [-71.2079, 46.8071], [-71.208, 46.8071], [-71.2082, 46.8071], [-71.2083, 46.807], [-71.2084, 46.807], [-71.2085, 46.8069], [-71.2085, 46.8068], [-71.2086, 46.8067], [-71.2086, 46.8066], [-71.2086, 46.8065], [-71.2086, 46.8064], [-71.2085, 46.8063], [-71.2085, 46.8062], [-71.2084, 46.806], [-71.2084, 46.8059], [-71.2083, 46.8058], [-71.2082, 46.8057], [-71.2081, 46.8056], [-71.208, 46.8055], [-71.2079, 46.8054], [-71.2079, 46.8053], [-71.2078, 46.8052], [-71.2079, 46.8051], [-71.208, 46.8051], [-71.2081, 46.8051], [-71.2083, 46.8051], [-71.2084, 46.8051], [-71.2085, 46.8051], [-71.2087, 46.8052], [-71.2088, 46.8052], [-71.209, 46.8053], [-71.2092, 46.8054], [-71.2093, 46.8055], [-71.2095, 46.8055], [-71.2097, 46.8055], [-71.2098, 46.8055], [-71.2099, 46.8054], [-71.2101, 46.8053], [-71.2102, 46.8051], [-71.2103, 46.8049], [-71.2104, 46.8048], [-71.2105, 46.8047], [-71.2106, 46.8046], [-71.2107, 46.8045], [-71.2108, 46.8044], [-71.2109, 46.8044], [-71.211, 46.8044], [-71.2111, 46.8045], [-71.2112, 46.8046], [-71.2112, 46.8047], [-71.2112, 46.8048], [-71.2112, 46.8049], [-71.2111, 46.8051], [-71.2111, 46.8053], [-71.211, 46.8055], [-71.2109, 46.8056], [-71.2109, 46.8058], [-71.2109, 46.8059], [-71.2109, 46.8061], [-71.2109, 46.8062], [-71.2109, 46.8063], [-71.211, 46.8063], [-71.211, 46.8064], [-71.2111, 46.8064], [-71.2112, 46.8064], [-71.2113, 46.8063], [-71.2114, 46.8062], [-71.2115, 46.806], [-71.2116, 46.8058], [-71.2117, 46.8055], [-71.2119, 46.8052], [-71.212, 46.805], [-71.2121, 46.8048], [-71.2122, 46.8046], [-71.2123, 46.8045], [-71.2124, 46.8045], [-71.2125, 46.8046], [-71.2126, 46.8046], [-71.2127, 46.8048], [-71.2127, 46.8049], [-71.2128, 46.805], [-71.2128, 46.8051], [-71.2129, 46.8051], [-71.213, 46.8051], [-71.2131, 46.805], [-71.2132, 46.8049], [-71.2133, 46.8049], [-71.2134, 46.8048], [-71.2135, 46.8048], [-71.2136, 46.8048], [-71.2137, 46.8048], [-71.2139, 46.8048], [-71.2141, 46.8048], [-71.2143, 46.8048], [-71.2144, 46.8049], [-71.2146, 46.8049], [-71.2147, 46.805], [-71.2148, 46.8051], [-71.2149, 46.8052], [-71.2149, 46.8053], [-71.2149, 46.8054], [-71.2149, 46.8055], [-71.215, 46.8055], [-71.2151, 46.8055], [-71.2152, 46.8055], [-71.2153, 46.8054], [-71.2155, 46.8053], [-71.2157, 46.8053], [-71.2159, 46.8052], [-71.2161, 46.8051], [-71.2163, 46.8051], [-71.2165, 46.805], [-71.2168, 46.805], [-71.2171, 46.805], [-71.2174, 46.805], [-71.2177, 46.805], [-71.2179, 46.805], [-71.2182, 46.8051], [-71.2184, 46.8051], [-71.2186, 46.8052], [-71.2188, 46.8053], [-71.219, 46.8054], [-71.2192, 46.8055], [-71.2194, 46.8056], [-71.2195, 46.8057], [-71.2197, 46.8057], [-71.2198, 46.8058], [-71.2199, 46.8058], [-71.22, 46.8058], [-71.2201, 46.8057], [-71.2202, 46.8057], [-71.2203, 46.8056], [-71.2204, 46.8056], [-71.2205, 46.8056], [-71.2206, 46.8056], [-71.2207, 46.8057], [-71.2209, 46.8057], [-71.221, 46.8058], [-71.2212, 46.8059], [-71.2214, 46.806], [-71.2215, 46.8061], [-71.2217, 46.8061], [-71.2218, 46.8061], [-71.222, 46.8061], [-71.2222, 46.8061], [-71.2223, 46.8061], [-71.2225, 46.8061], [-71.2227, 46.8061], [-71.2229, 46.806], [-71.2231, 46.806], [-71.2234, 46.8061], [-71.2237, 46.8061], [-71.2239, 46.8062], [-71.2243, 46.8062], [-71.2246, 46.8063], [-71.2249, 46.8064], [-71.2252, 46.8065], [-71.2255, 46.8066], [-71.2257, 46.8066], [-71.2259, 46.8067], [-71.2261, 46.8068], [-71.2263, 46.8069], [-71.2264, 46.807], [-71.2266, 46.8071], [-71.2267, 46.8072], [-71.2267, 46.8074], [-71.2268, 46.8075], [-71.2268, 46.8077], [-71.2268, 46.8079], [-71.2268, 46.8081], [-71.2268, 46.8084], [-71.2267, 46.8086], [-71.2267, 46.8089], [-71.2268, 46.8091], [-71.2268, 46.8094], [-71.2269, 46.8096], [-71.227, 46.8099], [-71.2272, 46.8102], [-71.2273, 46.8105], [-71.2275, 46.8108], [-71.2275, 46.8111], [-71.2276, 46.8114], [-71.2276, 46.8116], [-71.2276, 46.8119], [-71.2275, 46.8122], [-71.2274, 46.8125]]]}}, {"type": "Feature", "properties": {"couche": "voile", "station": "D'Youville", "minutes": 14}, "geometry": {"type": "Polygon", "coordinates": [[[-71.3867, 46.926], [-71.0476, 46.9281], [-71.0453, 46.6974], [-71.3829, 46.6952], [-71.3867, 46.926]], [[-71.2275, 46.8122], [-71.2276, 46.8119], [-71.2276, 46.8116], [-71.2276, 46.8114], [-71.2275, 46.8111], [-71.2275, 46.8108], [-71.2273, 46.8105], [-71.2272, 46.8102], [-71.227, 46.8099], [-71.2269, 46.8096], [-71.2268, 46.8094], [-71.2268, 46.8091], [-71.2267, 46.8089], [-71.2267, 46.8086], [-71.2268, 46.8084], [-71.2268, 46.8081], [-71.2268, 46.8079], [-71.2268, 46.8077], [-71.2268, 46.8075], [-71.2267, 46.8074], [-71.2267, 46.8072], [-71.2266, 46.8071], [-71.2264, 46.807], [-71.2263, 46.8069], [-71.2261, 46.8068], [-71.2259, 46.8067], [-71.2257, 46.8066], [-71.2255, 46.8066], [-71.2252, 46.8065], [-71.2249, 46.8064], [-71.2246, 46.8063], [-71.2243, 46.8062], [-71.2239, 46.8062], [-71.2237, 46.8061], [-71.2234, 46.8061], [-71.2231, 46.806], [-71.2229, 46.806], [-71.2227, 46.8061], [-71.2225, 46.8061], [-71.2223, 46.8061], [-71.2222, 46.8061], [-71.222, 46.8061], [-71.2218, 46.8061], [-71.2217, 46.8061], [-71.2215, 46.8061], [-71.2214, 46.806], [-71.2212, 46.8059], [-71.221, 46.8058], [-71.2209, 46.8057], [-71.2207, 46.8057], [-71.2206, 46.8056], [-71.2205, 46.8056], [-71.2204, 46.8056], [-71.2203, 46.8056], [-71.2202, 46.8057], [-71.2201, 46.8057], [-71.22, 46.8058], [-71.2199, 46.8058], [-71.2198, 46.8058], [-71.2197, 46.8057], [-71.2195, 46.8057], [-71.2194, 46.8056], [-71.2192, 46.8055], [-71.219, 46.8054], [-71.2188, 46.8053], [-71.2186, 46.8052], [-71.2184, 46.8051], [-71.2182, 46.8051], [-71.2179, 46.805], [-71.2177, 46.805], [-71.2174, 46.805], [-71.2171, 46.805], [-71.2168, 46.805], [-71.2165, 46.805], [-71.2163, 46.8051], [-71.2161, 46.8051], [-71.2159, 46.8052], [-71.2157, 46.8053], [-71.2155, 46.8053], [-71.2153, 46.8054], [-71.2152, 46.8055], [-71.2151, 46.8055], [-71.215, 46.8055], [-71.2149, 46.8055], [-71.2149, 46.8054], [-71.2149, 46.8053], [-71.2149, 46.8052], [-71.2148, 46.8051], [-71.2147, 46.805], [-71.2146, 46.8049], [-71.2144, 46.8049], [-71.2143, 46.8048], [-71.2141, 46.8048], [-71.2139, 46.8048], [-71.2137, 46.8048], [-71.2136, 46.8048], [-71.2135, 46.8048], [-71.2134, 46.8048], [-71.2133, 46.8049], [-71.2132, 46.8049], [-71.2131, 46.805], [-71.213, 46.8051], [-71.2129, 46.8051], [-71.2128, 46.8051], [-71.2128, 46.805], [-71.2127, 46.8049], [-71.2127, 46.8048], [-71.2126, 46.8046], [-71.2125, 46.8046], [-71.2124, 46.8045], [-71.2123, 46.8045], [-71.2122, 46.8046], [-71.2121, 46.8048], [-71.212, 46.805], [-71.2119, 46.8052], [-71.2117, 46.8055], [-71.2116, 46.8058], [-71.2115, 46.806], [-71.2114, 46.8062], [-71.2113, 46.8063], [-71.2112, 46.8064], [-71.2111, 46.8064], [-71.211, 46.8064], [-71.211, 46.8063], [-71.2109, 46.8063], [-71.2109, 46.8062], [-71.2109, 46.8061], [-71.2109, 46.8059], [-71.2109, 46.8058], [-71.2109, 46.8056], [-71.211, 46.8055], [-71.2111, 46.8053], [-71.2111, 46.8051], [-71.2112, 46.8049], [-71.2112, 46.8048], [-71.2112, 46.8047], [-71.2112, 46.8046], [-71.2111, 46.8045], [-71.211, 46.8044], [-71.2109, 46.8044], [-71.2108, 46.8044], [-71.2107, 46.8045], [-71.2106, 46.8046], [-71.2105, 46.8047], [-71.2104, 46.8048], [-71.2103, 46.8049], [-71.2102, 46.8051], [-71.2101, 46.8053], [-71.2099, 46.8054], [-71.2098, 46.8055], [-71.2097, 46.8055], [-71.2095, 46.8055], [-71.2093, 46.8055], [-71.2092, 46.8054], [-71.209, 46.8053], [-71.2088, 46.8052], [-71.2087, 46.8052], [-71.2085, 46.8051], [-71.2084, 46.8051], [-71.2083, 46.8051], [-71.2081, 46.8051], [-71.208, 46.8051], [-71.2079, 46.8051], [-71.2078, 46.8052], [-71.2079, 46.8053], [-71.2079, 46.8054], [-71.208, 46.8055], [-71.2081, 46.8056], [-71.2082, 46.8057], [-71.2083, 46.8058], [-71.2084, 46.8059], [-71.2084, 46.806], [-71.2085, 46.8062], [-71.2085, 46.8063], [-71.2086, 46.8064], [-71.2086, 46.8065], [-71.2086, 46.8066], [-71.2086, 46.8067], [-71.2085, 46.8068], [-71.2085, 46.8069], [-71.2084, 46.807], [-71.2083, 46.807], [-71.2082, 46.8071], [-71.208, 46.8071], [-71.2079, 46.8071], [-71.2077, 46.8072], [-71.2076, 46.8072], [-71.2076, 46.8073], [-71.2075, 46.8074], [-71.2075, 46.8075], [-71.2075, 46.8077], [-71.2075, 46.8078], [-71.2076, 46.808], [-71.2076, 46.8081], [-71.2076, 46.8082], [-71.2076, 46.8083], [-71.2075, 46.8084], [-71.2073, 46.8085], [-71.2072, 46.8086], [-71.2069, 46.8086], [-71.2067, 46.8086], [-71.2065, 46.8087], [-71.2063, 46.8087], [-71.2061, 46.8088], [-71.2059, 46.8088], [-71.2057, 46.8089], [-71.2056, 46.809], [-71.2055, 46.8091], [-71.2054, 46.8092], [-71.2053, 46.8093], [-71.2052, 46.8094], [-71.2052, 46.8096], [-71.2052, 46.8097], [-71.2052, 46.8098], [-71.2052, 46.81], [-71.2053, 46.8102], [-71.2053, 46.8103], [-71.2054, 46.8105], [-71.2054, 46.8106], [-71.2054, 46.8108], [-71.2054, 46.811], [-71.2054, 46.8111], [-71.2054, 46.8113], [-71.2053, 46.8114], [-71.2053, 46.8115], [-71.2052, 46.8117], [-71.2051, 46.8118], [-71.205, 46.8119], [-71.2049, 46.812], [-71.2048, 46.812], [-71.2047, 46.8121], [-71.2045, 46.8121], [-71.2044, 46.8121], [-71.2043, 46.8122], [-71.2042, 46.8122], [-71.2041, 46.8123], [-71.204, 46.8124], [-71.2039, 46.8125], [-71.2038, 46.8126], [-71.2038, 46.8127], [-71.2037, 46.8129], [-71.2037, 46.813], [-71.2037, 46.8132], [-71.2037, 46.8133], [-71.2038, 46.8134], [-71.2039, 46.8135], [-71.204, 46.8137], [-71.2041, 46.8138], [-71.2042, 46.8139], [-71.2044, 46.814], [-71.2045, 46.8141], [-71.2047, 46.8141], [-71.2048, 46.8142], [-71.205, 46.8142], [-71.2052, 46.8142], [-71.2053, 46.8142], [-71.2055, 46.8141], [-71.2056, 46.8141], [-71.2058, 46.8141], [-71.2059, 46.8141], [-71.206, 46.8141], [-71.206, 46.8142], [-71.2061, 46.8143], [-71.2061, 46.8145], [-71.206, 46.8146], [-71.206, 46.8147], [-71.2059, 46.8147], [-71.2058, 46.8148], [-71.2057, 46.8148], [-71.2056, 46.8148], [-71.2055, 46.8147], [-71.2054, 46.8147], [-71.2053, 46.8148], [-71.2052, 46.8148], [-71.205, 46.8149], [-71.2049, 46.8149], [-71.2048, 46.815], [-71.2047, 46.8152], [-71.2045, 46.8153], [-71.2045, 46.8154], [-71.2044, 46.8156], [-71.2044, 46.8157], [-71.2045, 46.8159], [-71.2046, 46.816], [-71.2048, 46.8162], [-71.205, 46.8163], [-71.2052, 46.8165], [-71.2055, 46.8167], [-71.2058, 46.8168], [-71.2062, 46.817], [-71.2067, 46.8171], [-71.2072, 46.8172], [-71.2078, 46.8174], [-71.2084, 46.8175], [-71.2091, 46.8177], [-71.2097, 46.8178], [-71.2103, 46.8179], [-71.2108, 46.818], [-71.2112, 46.8182], [-71.2116, 46.8183], [-71.2119, 46.8184], [-71.2121, 46.8185], [-71.2123, 46.8186], [-71.2125, 46.8187], [-71.2127, 46.8188], [-71.2129, 46.8188], [-71.2131, 46.8188], [-71.2132, 46.8188], [-71.2134, 46.8188], [-71.2136, 46.8187], [-71.2138, 46.8187], [-71.2139, 46.8186], [-71.2141, 46.8186], [-71.2142, 46.8186], [-71.2143, 46.8186], [-71.2144, 46.8186], [-71.2145, 46.8186], [-71.2145, 46.8187], [-71.2146, 46.8188], [-71.2147, 46.8189], [-71.2147, 46.819], [-71.2148, 46.8191], [-71.2149, 46.8191], [-71.215, 46.8191], [-71.2151, 46.8192], [-71.2152, 46.8192], [-71.2153, 46.8192], [-71.2154, 46.8192], [-71.2155, 46.8192], [-71.2156, 46.8191], [-71.2157, 46.8191], [-71.2158, 46.819], [-71.2159, 46.819], [-71.216, 46.8189], [-71.216, 46.8188], [-71.2161, 46.8187], [-71.2162, 46.8186], [-71.2163, 46.8186], [-71.2164, 46.8185], [-71.2165, 46.8185], [-71.2166, 46.8185], [-71.2167, 46.8185], [-71.2168, 46.8185], [-71.2169, 46.8185], [-71.217, 46.8184], [-71.2171, 46.8184], [-71.2172, 46.8183], [-71.2172, 46.8182], [-71.2172, 46.8181], [-71.2172, 46.818], [-71.2172, 46.8179], [-71.2173, 46.8178], [-71.2174, 46.8178], [-71.2174, 46.8177], [-71.2176, 46.8177], [-71.2177, 46.8176], [-71.2178, 46.8176], [-71.218, 46.8176], [-71.2181, 46.8176], [-71.2182, 46.8176], [-71.2184, 46.8176], [-71.2185, 46.8177], [-71.2186, 46.8178], [-71.2187, 46.8179], [-71.2188, 46.818], [-71.2189, 46.818], [-71.219, 46.8181], [-71.2192, 46.8181], [-71.2194, 46.8181], [-71.2196, 46.8181], [-71.2198, 46.8181], [-71.22, 46.8181], [-71.2203, 46.8181], [-71.2205, 46.8181], [-71.2208, 46.8181], [-71.221, 46.8181], [-71.2213, 46.8181], [-71.2215, 46.8182], [-71.2218, 46.8183], [-71.2221, 46.8183], [-71.2223, 46.8184], [-71.2226, 46.8183], [-71.2228, 46.8182], [-71.2231, 46.8181], [-71.2234, 46.8178], [-71.2236, 46.8175], [-71.2238, 46.8172], [-71.2241, 46.8168], [-71.2243, 46.8164], [-71.2245, 46.8161], [-71.2247, 46.8158], [-71.2249, 46.8156], [-71.225, 46.8154], [-71.2252, 46.8153], [-71.2253, 46.8152], [-71.2254, 46.8152], [-71.2255, 46.8152], [-71.2255, 46.8151], [-71.2256, 46.8151], [-71.2256, 46.815], [-71.2256, 46.8149], [-71.2256, 46.8148], [-71.2255, 46.8147], [-71.2255, 46.8146], [-71.2255, 46.8145], [-71.2256, 46.8144], [-71.2256, 46.8143], [-71.2257, 46.8143], [-71.2259, 46.8142], [-71.226, 46.8141], [-71.2262, 46.814], [-71.2264, 46.8139], [-71.2266, 46.8138], [-71.2267, 46.8137], [-71.2269, 46.8135], [-71.227, 46.8133], [-71.2272, 46.8131], [-71.2273, 46.8128], [-71.2274, 46.8125], [-71.2275, 46.8122]]]}}, {"type": "Feature", "properties": {"couche": "aire_marche", "station": "D'Youville", "ordre": 21, "minutes": 15, "superficie_ha": 249.7, "rue_km": 113.78, "disque_ha": 346.4, "part_disque_pct": 72, "accroche_m": 12, "population": 14388, "navetteurs": 4916, "mode_auto_pct": 36, "mode_tc_pct": 22, "mode_actif_pct": 41, "mode_autre_pct": 1}, "geometry": {"type": "Polygon", "coordinates": [[[-71.2282, 46.8126], [-71.228, 46.813], [-71.2279, 46.8133], [-71.2277, 46.8136], [-71.2276, 46.8138], [-71.2274, 46.814], [-71.2273, 46.8142], [-71.2272, 46.8143], [-71.2271, 46.8144], [-71.227, 46.8144], [-71.2269, 46.8144], [-71.2268, 46.8145], [-71.2266, 46.8146], [-71.2265, 46.8148], [-71.2263, 46.8149], [-71.2262, 46.8151], [-71.226, 46.8154], [-71.2258, 46.8156], [-71.2256, 46.8159], [-71.2255, 46.8161], [-71.2253, 46.8162], [-71.2252, 46.8164], [-71.225, 46.8164], [-71.2249, 46.8165], [-71.2247, 46.8165], [-71.2246, 46.8165], [-71.2245, 46.8165], [-71.2244, 46.8166], [-71.2244, 46.8167], [-71.2244, 46.8168], [-71.2245, 46.8168], [-71.2245, 46.8169], [-71.2246, 46.817], [-71.2246, 46.8171], [-71.2246, 46.8172], [-71.2246, 46.8173], [-71.2245, 46.8174], [-71.2244, 46.8175], [-71.2243, 46.8176], [-71.2242, 46.8176], [-71.2241, 46.8177], [-71.224, 46.8178], [-71.2239, 46.8179], [-71.2238, 46.818], [-71.2237, 46.8182], [-71.2237, 46.8183], [-71.2236, 46.8185], [-71.2236, 46.8186], [-71.2235, 46.8188], [-71.2234, 46.8189], [-71.2233, 46.8189], [-71.2231, 46.8189], [-71.2229, 46.8189], [-71.2227, 46.8189], [-71.2225, 46.8188], [-71.2222, 46.8187], [-71.222, 46.8186], [-71.2217, 46.8186], [-71.2215, 46.8185], [-71.2212, 46.8185], [-71.221, 46.8185], [-71.2207, 46.8185], [-71.2205, 46.8186], [-71.2203, 46.8186], [-71.22, 46.8187], [-71.2198, 46.8187], [-71.2196, 46.8187], [-71.2193, 46.8187], [-71.2191, 46.8186], [-71.2188, 46.8186], [-71.2185, 46.8185], [-71.2183, 46.8184], [-71.218, 46.8184], [-71.2178, 46.8184], [-71.2177, 46.8183], [-71.2175, 46.8184], [-71.2174, 46.8184], [-71.2174, 46.8185], [-71.2174, 46.8187], [-71.2174, 46.8188], [-71.2174, 46.8189], [-71.2173, 46.819], [-71.2172, 46.8191], [-71.2171, 46.8191], [-71.217, 46.8191], [-71.2169, 46.8191], [-71.2168, 46.8191], [-71.2167, 46.819], [-71.2166, 46.8189], [-71.2165, 46.8189], [-71.2165, 46.8188], [-71.2165, 46.8187], [-71.2164, 46.8187], [-71.2163, 46.8187], [-71.2163, 46.8188], [-71.2162, 46.8188], [-71.2161, 46.8189], [-71.2161, 46.8191], [-71.216, 46.8192], [-71.2159, 46.8194], [-71.2158, 46.8195], [-71.2157, 46.8196], [-71.2156, 46.8197], [-71.2155, 46.8197], [-71.2154, 46.8198], [-71.2152, 46.8198], [-71.2151, 46.8198], [-71.215, 46.8197], [-71.2149, 46.8197], [-71.2148, 46.8196], [-71.2147, 46.8196], [-71.2147, 46.8195], [-71.2146, 46.8194], [-71.2146, 46.8193], [-71.2146, 46.8191], [-71.2146, 46.819], [-71.2146, 46.8189], [-71.2146, 46.8188], [-71.2146, 46.8187], [-71.2146, 46.8186], [-71.2145, 46.8186], [-71.2145, 46.8187], [-71.2145, 46.8188], [-71.2144, 46.8189], [-71.2144, 46.819], [-71.2143, 46.8191], [-71.2142, 46.8191], [-71.214, 46.8192], [-71.2139, 46.8193], [-71.2137, 46.8193], [-71.2135, 46.8194], [-71.2134, 46.8195], [-71.2132, 46.8195], [-71.213, 46.8195], [-71.2128, 46.8195], [-71.2126, 46.8195], [-71.2125, 46.8195], [-71.2123, 46.8194], [-71.2122, 46.8194], [-71.212, 46.8193], [-71.2119, 46.8192], [-71.2117, 46.8191], [-71.2116, 46.819], [-71.2115, 46.8189], [-71.2114, 46.8188], [-71.2113, 46.8187], [-71.2112, 46.8186], [-71.2111, 46.8185], [-71.211, 46.8184], [-71.2108, 46.8184], [-71.2107, 46.8183], [-71.2105, 46.8183], [-71.2103, 46.8183], [-71.2101, 46.8184], [-71.2099, 46.8184], [-71.2097, 46.8184], [-71.2095, 46.8185], [-71.2093, 46.8184], [-71.2091, 46.8184], [-71.2089, 46.8183], [-71.2087, 46.8183], [-71.2085, 46.8182], [-71.2083, 46.818], [-71.2081, 46.8179], [-71.2079, 46.8178], [-71.2076, 46.8177], [-71.2074, 46.8177], [-71.2072, 46.8176], [-71.207, 46.8176], [-71.2067, 46.8175], [-71.2065, 46.8175], [-71.2062, 46.8175], [-71.206, 46.8174], [-71.2057, 46.8173], [-71.2055, 46.8172], [-71.2052, 46.817], [-71.205, 46.8168], [-71.2047, 46.8166], [-71.2044, 46.8164], [-71.2042, 46.8162], [-71.204, 46.816], [-71.2038, 46.8158], [-71.2037, 46.8156], [-71.2037, 46.8155], [-71.2036, 46.8154], [-71.2036, 46.8153], [-71.2037, 46.8153], [-71.2037, 46.8152], [-71.2038, 46.8152], [-71.2039, 46.8151], [-71.204, 46.8151], [-71.2041, 46.8151], [-71.2042, 46.8151], [-71.2043, 46.8151], [-71.2045, 46.8151], [-71.2046, 46.8151], [-71.2046, 46.815], [-71.2045, 46.8149], [-71.2044, 46.8149], [-71.2043, 46.8148], [-71.2042, 46.8148], [-71.2041, 46.8147], [-71.2039, 46.8146], [-71.2038, 46.8145], [-71.2037, 46.8144], [-71.2036, 46.8142], [-71.2036, 46.8141], [-71.2035, 46.8139], [-71.2034, 46.8138], [-71.2034, 46.8136], [-71.2034, 46.8134], [-71.2035, 46.8132], [-71.2036, 46.8129], [-71.2037, 46.8127], [-71.2038, 46.8124], [-71.204, 46.8121], [-71.2041, 46.8118], [-71.2042, 46.8115], [-71.2043, 46.8113], [-71.2044, 46.811], [-71.2044, 46.8108], [-71.2044, 46.8105], [-71.2044, 46.8103], [-71.2044, 46.8101], [-71.2043, 46.8099], [-71.2043, 46.8097], [-71.2043, 46.8095], [-71.2044, 46.8094], [-71.2044, 46.8093], [-71.2045, 46.8091], [-71.2046, 46.809], [-71.2047, 46.809], [-71.2048, 46.8089], [-71.2049, 46.8088], [-71.2051, 46.8088], [-71.2052, 46.8088], [-71.2054, 46.8088], [-71.2055, 46.8087], [-71.2057, 46.8088], [-71.2059, 46.8088], [-71.2061, 46.8088], [-71.2063, 46.8088], [-71.2065, 46.8088], [-71.2066, 46.8087], [-71.2067, 46.8087], [-71.2068, 46.8087], [-71.2069, 46.8086], [-71.207, 46.8086], [-71.2071, 46.8085], [-71.2071, 46.8084], [-71.2071, 46.8083], [-71.207, 46.8082], [-71.2069, 46.8081], [-71.2068, 46.8081], [-71.2067, 46.808], [-71.2066, 46.8079], [-71.2065, 46.8078], [-71.2065, 46.8077], [-71.2065, 46.8076], [-71.2065, 46.8074], [-71.2066, 46.8073], [-71.2066, 46.8072], [-71.2067, 46.807], [-71.2068, 46.8069], [-71.2068, 46.8068], [-71.2069, 46.8067], [-71.207, 46.8067], [-71.2071, 46.8066], [-71.2072, 46.8066], [-71.2074, 46.8066], [-71.2075, 46.8065], [-71.2076, 46.8064], [-71.2076, 46.8063], [-71.2077, 46.8062], [-71.2078, 46.806], [-71.2078, 46.8059], [-71.2078, 46.8057], [-71.2078, 46.8054], [-71.2078, 46.8052], [-71.2079, 46.8051], [-71.2079, 46.8049], [-71.208, 46.8048], [-71.2081, 46.8047], [-71.2082, 46.8046], [-71.2083, 46.8046], [-71.2084, 46.8046], [-71.2085, 46.8046], [-71.2086, 46.8046], [-71.2087, 46.8046], [-71.2087, 46.8047], [-71.2088, 46.8047], [-71.2088, 46.8048], [-71.2088, 46.8049], [-71.2088, 46.805], [-71.2088, 46.8051], [-71.2088, 46.8052], [-71.2089, 46.8053], [-71.209, 46.8053], [-71.2091, 46.8054], [-71.2092, 46.8055], [-71.2093, 46.8055], [-71.2095, 46.8056], [-71.2096, 46.8055], [-71.2097, 46.8055], [-71.2099, 46.8054], [-71.2101, 46.8052], [-71.2102, 46.8051], [-71.2104, 46.8049], [-71.2105, 46.8046], [-71.2107, 46.8044], [-71.2108, 46.8042], [-71.211, 46.8041], [-71.2111, 46.804], [-71.2112, 46.8039], [-71.2113, 46.8039], [-71.2114, 46.8039], [-71.2115, 46.8039], [-71.2115, 46.804], [-71.2115, 46.8041], [-71.2116, 46.8042], [-71.2115, 46.8044], [-71.2115, 46.8045], [-71.2114, 46.8047], [-71.2113, 46.805], [-71.2112, 46.8052], [-71.2111, 46.8055], [-71.211, 46.8057], [-71.2109, 46.8059], [-71.2109, 46.806], [-71.2109, 46.8062], [-71.2109, 46.8063], [-71.211, 46.8063], [-71.211, 46.8064], [-71.2111, 46.8064], [-71.2112, 46.8065], [-71.2113, 46.8064], [-71.2114, 46.8064], [-71.2115, 46.8064], [-71.2116, 46.8063], [-71.2116, 46.8062], [-71.2117, 46.8061], [-71.2118, 46.806], [-71.2118, 46.8058], [-71.2119, 46.8056], [-71.2119, 46.8054], [-71.2119, 46.8052], [-71.2119, 46.805], [-71.2119, 46.8048], [-71.2119, 46.8046], [-71.2119, 46.8044], [-71.2119, 46.8042], [-71.2119, 46.8041], [-71.212, 46.8039], [-71.2121, 46.8039], [-71.2122, 46.8038], [-71.2123, 46.8038], [-71.2124, 46.8037], [-71.2125, 46.8037], [-71.2126, 46.8038], [-71.2128, 46.8038], [-71.2129, 46.8039], [-71.2131, 46.804], [-71.2133, 46.8042], [-71.2135, 46.8043], [-71.2137, 46.8045], [-71.214, 46.8046], [-71.2144, 46.8046], [-71.2148, 46.8047], [-71.2152, 46.8047], [-71.2158, 46.8047], [-71.2163, 46.8047], [-71.217, 46.8047], [-71.2175, 46.8047], [-71.218, 46.8046], [-71.2184, 46.8046], [-71.2187, 46.8046], [-71.219, 46.8046], [-71.2192, 46.8046], [-71.2193, 46.8047], [-71.2194, 46.8047], [-71.2195, 46.8048], [-71.2195, 46.8049], [-71.2195, 46.805], [-71.2194, 46.805], [-71.2194, 46.8051], [-71.2194, 46.8052], [-71.2194, 46.8053], [-71.2194, 46.8054], [-71.2195, 46.8054], [-71.2196, 46.8054], [-71.2196, 46.8053], [-71.2197, 46.8053], [-71.2197, 46.8052], [-71.2198, 46.8052], [-71.2198, 46.8051], [-71.2199, 46.8051], [-71.22, 46.805], [-71.2201, 46.805], [-71.2202, 46.8051], [-71.2203, 46.8052], [-71.2204, 46.8052], [-71.2206, 46.8053], [-71.2207, 46.8054], [-71.2208, 46.8054], [-71.2209, 46.8054], [-71.221, 46.8054], [-71.2212, 46.8054], [-71.2213, 46.8054], [-71.2215, 46.8054], [-71.2216, 46.8054], [-71.2217, 46.8054], [-71.2218, 46.8054], [-71.2219, 46.8055], [-71.2219, 46.8056], [-71.2219, 46.8057], [-71.2219, 46.8058], [-71.2219, 46.8059], [-71.2219, 46.806], [-71.222, 46.806], [-71.2221, 46.806], [-71.2222, 46.8059], [-71.2224, 46.8058], [-71.2225, 46.8057], [-71.2226, 46.8057], [-71.2228, 46.8056], [-71.2229, 46.8056], [-71.2231, 46.8055], [-71.2232, 46.8055], [-71.2234, 46.8055], [-71.2236, 46.8056], [-71.2237, 46.8056], [-71.2238, 46.8056], [-71.2239, 46.8057], [-71.224, 46.8057], [-71.224, 46.8058], [-71.2241, 46.8059], [-71.2241, 46.806], [-71.2241, 46.8061], [-71.2242, 46.8061], [-71.2243, 46.8061], [-71.2244, 46.8061], [-71.2245, 46.8061], [-71.2246, 46.806], [-71.2247, 46.806], [-71.2249, 46.8059], [-71.225, 46.8059], [-71.2252, 46.8059], [-71.2253, 46.8059], [-71.2255, 46.806], [-71.2257, 46.806], [-71.2259, 46.806], [-71.226, 46.8061], [-71.2262, 46.8062], [-71.2264, 46.8062], [-71.2265, 46.8063], [-71.2267, 46.8063], [-71.2268, 46.8064], [-71.227, 46.8065], [-71.2271, 46.8066], [-71.2272, 46.8067], [-71.2273, 46.8068], [-71.2274, 46.8069], [-71.2274, 46.8071], [-71.2274, 46.8072], [-71.2274, 46.8074], [-71.2274, 46.8076], [-71.2273, 46.8079], [-71.2273, 46.8081], [-71.2273, 46.8084], [-71.2274, 46.8086], [-71.2274, 46.8089], [-71.2275, 46.8092], [-71.2277, 46.8095], [-71.2279, 46.8098], [-71.2281, 46.8102], [-71.2282, 46.8105], [-71.2283, 46.8109], [-71.2284, 46.8112], [-71.2284, 46.8116], [-71.2284, 46.8119], [-71.2283, 46.8123], [-71.2282, 46.8126]]]}}, {"type": "Feature", "properties": {"couche": "voile", "station": "D'Youville", "minutes": 15}, "geometry": {"type": "Polygon", "coordinates": [[[-71.3875, 46.9266], [-71.0473, 46.9287], [-71.045, 46.6967], [-71.3837, 46.6945], [-71.3875, 46.9266]], [[-71.2283, 46.8123], [-71.2284, 46.8119], [-71.2284, 46.8116], [-71.2284, 46.8112], [-71.2283, 46.8109], [-71.2282, 46.8105], [-71.2281, 46.8102], [-71.2279, 46.8098], [-71.2277, 46.8095], [-71.2275, 46.8092], [-71.2274, 46.8089], [-71.2274, 46.8086], [-71.2273, 46.8084], [-71.2273, 46.8081], [-71.2273, 46.8079], [-71.2274, 46.8076], [-71.2274, 46.8074], [-71.2274, 46.8072], [-71.2274, 46.8071], [-71.2274, 46.8069], [-71.2273, 46.8068], [-71.2272, 46.8067], [-71.2271, 46.8066], [-71.227, 46.8065], [-71.2268, 46.8064], [-71.2267, 46.8063], [-71.2265, 46.8063], [-71.2264, 46.8062], [-71.2262, 46.8062], [-71.226, 46.8061], [-71.2259, 46.806], [-71.2257, 46.806], [-71.2255, 46.806], [-71.2253, 46.8059], [-71.2252, 46.8059], [-71.225, 46.8059], [-71.2249, 46.8059], [-71.2247, 46.806], [-71.2246, 46.806], [-71.2245, 46.8061], [-71.2244, 46.8061], [-71.2243, 46.8061], [-71.2242, 46.8061], [-71.2241, 46.8061], [-71.2241, 46.806], [-71.2241, 46.8059], [-71.224, 46.8058], [-71.224, 46.8057], [-71.2239, 46.8057], [-71.2238, 46.8056], [-71.2237, 46.8056], [-71.2236, 46.8056], [-71.2234, 46.8055], [-71.2232, 46.8055], [-71.2231, 46.8055], [-71.2229, 46.8056], [-71.2228, 46.8056], [-71.2226, 46.8057], [-71.2225, 46.8057], [-71.2224, 46.8058], [-71.2222, 46.8059], [-71.2221, 46.806], [-71.222, 46.806], [-71.2219, 46.806], [-71.2219, 46.8059], [-71.2219, 46.8058], [-71.2219, 46.8057], [-71.2219, 46.8056], [-71.2219, 46.8055], [-71.2218, 46.8054], [-71.2217, 46.8054], [-71.2216, 46.8054], [-71.2215, 46.8054], [-71.2213, 46.8054], [-71.2212, 46.8054], [-71.221, 46.8054], [-71.2209, 46.8054], [-71.2208, 46.8054], [-71.2207, 46.8054], [-71.2206, 46.8053], [-71.2204, 46.8052], [-71.2203, 46.8052], [-71.2202, 46.8051], [-71.2201, 46.805], [-71.22, 46.805], [-71.2199, 46.8051], [-71.2198, 46.8051], [-71.2198, 46.8052], [-71.2197, 46.8052], [-71.2197, 46.8053], [-71.2196, 46.8053], [-71.2196, 46.8054], [-71.2195, 46.8054], [-71.2194, 46.8054], [-71.2194, 46.8053], [-71.2194, 46.8052], [-71.2194, 46.8051], [-71.2194, 46.805], [-71.2195, 46.805], [-71.2195, 46.8049], [-71.2195, 46.8048], [-71.2194, 46.8047], [-71.2193, 46.8047], [-71.2192, 46.8046], [-71.219, 46.8046], [-71.2187, 46.8046], [-71.2184, 46.8046], [-71.218, 46.8046], [-71.2175, 46.8047], [-71.217, 46.8047], [-71.2163, 46.8047], [-71.2158, 46.8047], [-71.2152, 46.8047], [-71.2148, 46.8047], [-71.2144, 46.8046], [-71.214, 46.8046], [-71.2137, 46.8045], [-71.2135, 46.8043], [-71.2133, 46.8042], [-71.2131, 46.804], [-71.2129, 46.8039], [-71.2128, 46.8038], [-71.2126, 46.8038], [-71.2125, 46.8037], [-71.2124, 46.8037], [-71.2123, 46.8038], [-71.2122, 46.8038], [-71.2121, 46.8039], [-71.212, 46.8039], [-71.2119, 46.8041], [-71.2119, 46.8042], [-71.2119, 46.8044], [-71.2119, 46.8046], [-71.2119, 46.8048], [-71.2119, 46.805], [-71.2119, 46.8052], [-71.2119, 46.8054], [-71.2119, 46.8056], [-71.2118, 46.8058], [-71.2118, 46.806], [-71.2117, 46.8061], [-71.2116, 46.8062], [-71.2116, 46.8063], [-71.2115, 46.8064], [-71.2114, 46.8064], [-71.2113, 46.8064], [-71.2112, 46.8065], [-71.2111, 46.8064], [-71.211, 46.8064], [-71.211, 46.8063], [-71.2109, 46.8063], [-71.2109, 46.8062], [-71.2109, 46.806], [-71.2109, 46.8059], [-71.211, 46.8057], [-71.2111, 46.8055], [-71.2112, 46.8052], [-71.2113, 46.805], [-71.2114, 46.8047], [-71.2115, 46.8045], [-71.2115, 46.8044], [-71.2116, 46.8042], [-71.2115, 46.8041], [-71.2115, 46.804], [-71.2115, 46.8039], [-71.2114, 46.8039], [-71.2113, 46.8039], [-71.2112, 46.8039], [-71.2111, 46.804], [-71.211, 46.8041], [-71.2108, 46.8042], [-71.2107, 46.8044], [-71.2105, 46.8046], [-71.2104, 46.8049], [-71.2102, 46.8051], [-71.2101, 46.8052], [-71.2099, 46.8054], [-71.2097, 46.8055], [-71.2096, 46.8055], [-71.2095, 46.8056], [-71.2093, 46.8055], [-71.2092, 46.8055], [-71.2091, 46.8054], [-71.209, 46.8053], [-71.2089, 46.8053], [-71.2088, 46.8052], [-71.2088, 46.8051], [-71.2088, 46.805], [-71.2088, 46.8049], [-71.2088, 46.8048], [-71.2088, 46.8047], [-71.2087, 46.8047], [-71.2087, 46.8046], [-71.2086, 46.8046], [-71.2085, 46.8046], [-71.2084, 46.8046], [-71.2083, 46.8046], [-71.2082, 46.8046], [-71.2081, 46.8047], [-71.208, 46.8048], [-71.2079, 46.8049], [-71.2079, 46.8051], [-71.2078, 46.8052], [-71.2078, 46.8054], [-71.2078, 46.8057], [-71.2078, 46.8059], [-71.2078, 46.806], [-71.2077, 46.8062], [-71.2076, 46.8063], [-71.2076, 46.8064], [-71.2075, 46.8065], [-71.2074, 46.8066], [-71.2072, 46.8066], [-71.2071, 46.8066], [-71.207, 46.8067], [-71.2069, 46.8067], [-71.2068, 46.8068], [-71.2068, 46.8069], [-71.2067, 46.807], [-71.2066, 46.8072], [-71.2066, 46.8073], [-71.2065, 46.8074], [-71.2065, 46.8076], [-71.2065, 46.8077], [-71.2065, 46.8078], [-71.2066, 46.8079], [-71.2067, 46.808], [-71.2068, 46.8081], [-71.2069, 46.8081], [-71.207, 46.8082], [-71.2071, 46.8083], [-71.2071, 46.8084], [-71.2071, 46.8085], [-71.207, 46.8086], [-71.2069, 46.8086], [-71.2068, 46.8087], [-71.2067, 46.8087], [-71.2066, 46.8087], [-71.2065, 46.8088], [-71.2063, 46.8088], [-71.2061, 46.8088], [-71.2059, 46.8088], [-71.2057, 46.8088], [-71.2055, 46.8087], [-71.2054, 46.8088], [-71.2052, 46.8088], [-71.2051, 46.8088], [-71.2049, 46.8088], [-71.2048, 46.8089], [-71.2047, 46.809], [-71.2046, 46.809], [-71.2045, 46.8091], [-71.2044, 46.8093], [-71.2044, 46.8094], [-71.2043, 46.8095], [-71.2043, 46.8097], [-71.2043, 46.8099], [-71.2044, 46.8101], [-71.2044, 46.8103], [-71.2044, 46.8105], [-71.2044, 46.8108], [-71.2044, 46.811], [-71.2043, 46.8113], [-71.2042, 46.8115], [-71.2041, 46.8118], [-71.204, 46.8121], [-71.2038, 46.8124], [-71.2037, 46.8127], [-71.2036, 46.8129], [-71.2035, 46.8132], [-71.2034, 46.8134], [-71.2034, 46.8136], [-71.2034, 46.8138], [-71.2035, 46.8139], [-71.2036, 46.8141], [-71.2036, 46.8142], [-71.2037, 46.8144], [-71.2038, 46.8145], [-71.2039, 46.8146], [-71.2041, 46.8147], [-71.2042, 46.8148], [-71.2043, 46.8148], [-71.2044, 46.8149], [-71.2045, 46.8149], [-71.2046, 46.815], [-71.2046, 46.8151], [-71.2045, 46.8151], [-71.2043, 46.8151], [-71.2042, 46.8151], [-71.2041, 46.8151], [-71.204, 46.8151], [-71.2039, 46.8151], [-71.2038, 46.8152], [-71.2037, 46.8152], [-71.2037, 46.8153], [-71.2036, 46.8153], [-71.2036, 46.8154], [-71.2037, 46.8155], [-71.2037, 46.8156], [-71.2038, 46.8158], [-71.204, 46.816], [-71.2042, 46.8162], [-71.2044, 46.8164], [-71.2047, 46.8166], [-71.205, 46.8168], [-71.2052, 46.817], [-71.2055, 46.8172], [-71.2057, 46.8173], [-71.206, 46.8174], [-71.2062, 46.8175], [-71.2065, 46.8175], [-71.2067, 46.8175], [-71.207, 46.8176], [-71.2072, 46.8176], [-71.2074, 46.8177], [-71.2076, 46.8177], [-71.2079, 46.8178], [-71.2081, 46.8179], [-71.2083, 46.818], [-71.2085, 46.8182], [-71.2087, 46.8183], [-71.2089, 46.8183], [-71.2091, 46.8184], [-71.2093, 46.8184], [-71.2095, 46.8185], [-71.2097, 46.8184], [-71.2099, 46.8184], [-71.2101, 46.8184], [-71.2103, 46.8183], [-71.2105, 46.8183], [-71.2107, 46.8183], [-71.2108, 46.8184], [-71.211, 46.8184], [-71.2111, 46.8185], [-71.2112, 46.8186], [-71.2113, 46.8187], [-71.2114, 46.8188], [-71.2115, 46.8189], [-71.2116, 46.819], [-71.2117, 46.8191], [-71.2119, 46.8192], [-71.212, 46.8193], [-71.2122, 46.8194], [-71.2123, 46.8194], [-71.2125, 46.8195], [-71.2126, 46.8195], [-71.2128, 46.8195], [-71.213, 46.8195], [-71.2132, 46.8195], [-71.2134, 46.8195], [-71.2135, 46.8194], [-71.2137, 46.8193], [-71.2139, 46.8193], [-71.214, 46.8192], [-71.2142, 46.8191], [-71.2143, 46.8191], [-71.2144, 46.819], [-71.2144, 46.8189], [-71.2145, 46.8188], [-71.2145, 46.8187], [-71.2145, 46.8186], [-71.2146, 46.8186], [-71.2146, 46.8187], [-71.2146, 46.8188], [-71.2146, 46.8189], [-71.2146, 46.819], [-71.2146, 46.8191], [-71.2146, 46.8193], [-71.2146, 46.8194], [-71.2147, 46.8195], [-71.2147, 46.8196], [-71.2148, 46.8196], [-71.2149, 46.8197], [-71.215, 46.8197], [-71.2151, 46.8198], [-71.2152, 46.8198], [-71.2154, 46.8198], [-71.2155, 46.8197], [-71.2156, 46.8197], [-71.2157, 46.8196], [-71.2158, 46.8195], [-71.2159, 46.8194], [-71.216, 46.8192], [-71.2161, 46.8191], [-71.2161, 46.8189], [-71.2162, 46.8188], [-71.2163, 46.8188], [-71.2163, 46.8187], [-71.2164, 46.8187], [-71.2165, 46.8187], [-71.2165, 46.8188], [-71.2165, 46.8189], [-71.2166, 46.8189], [-71.2167, 46.819], [-71.2168, 46.8191], [-71.2169, 46.8191], [-71.217, 46.8191], [-71.2171, 46.8191], [-71.2172, 46.8191], [-71.2173, 46.819], [-71.2174, 46.8189], [-71.2174, 46.8188], [-71.2174, 46.8187], [-71.2174, 46.8185], [-71.2174, 46.8184], [-71.2175, 46.8184], [-71.2177, 46.8183], [-71.2178, 46.8184], [-71.218, 46.8184], [-71.2183, 46.8184], [-71.2185, 46.8185], [-71.2188, 46.8186], [-71.2191, 46.8186], [-71.2193, 46.8187], [-71.2196, 46.8187], [-71.2198, 46.8187], [-71.22, 46.8187], [-71.2203, 46.8186], [-71.2205, 46.8186], [-71.2207, 46.8185], [-71.221, 46.8185], [-71.2212, 46.8185], [-71.2215, 46.8185], [-71.2217, 46.8186], [-71.222, 46.8186], [-71.2222, 46.8187], [-71.2225, 46.8188], [-71.2227, 46.8189], [-71.2229, 46.8189], [-71.2231, 46.8189], [-71.2233, 46.8189], [-71.2234, 46.8189], [-71.2235, 46.8188], [-71.2236, 46.8186], [-71.2236, 46.8185], [-71.2237, 46.8183], [-71.2237, 46.8182], [-71.2238, 46.818], [-71.2239, 46.8179], [-71.224, 46.8178], [-71.2241, 46.8177], [-71.2242, 46.8176], [-71.2243, 46.8176], [-71.2244, 46.8175], [-71.2245, 46.8174], [-71.2246, 46.8173], [-71.2246, 46.8172], [-71.2246, 46.8171], [-71.2246, 46.817], [-71.2245, 46.8169], [-71.2245, 46.8168], [-71.2244, 46.8168], [-71.2244, 46.8167], [-71.2244, 46.8166], [-71.2245, 46.8165], [-71.2246, 46.8165], [-71.2247, 46.8165], [-71.2249, 46.8165], [-71.225, 46.8164], [-71.2252, 46.8164], [-71.2253, 46.8162], [-71.2255, 46.8161], [-71.2256, 46.8159], [-71.2258, 46.8156], [-71.226, 46.8154], [-71.2262, 46.8151], [-71.2263, 46.8149], [-71.2265, 46.8148], [-71.2266, 46.8146], [-71.2268, 46.8145], [-71.2269, 46.8144], [-71.227, 46.8144], [-71.2271, 46.8144], [-71.2272, 46.8143], [-71.2273, 46.8142], [-71.2274, 46.814], [-71.2276, 46.8138], [-71.2277, 46.8136], [-71.2279, 46.8133], [-71.228, 46.813], [-71.2282, 46.8126], [-71.2283, 46.8123]]]}}]}