{"type": "FeatureCollection", "metadata": {"script": "scripts/analysis/tramway-isochrones.py", "genere_le": "2026-10-05", "source": "OpenStreetMap (ODbL) ; Statistique Canada, Recensement 2021", "attribution": "© les contributeurs d'OpenStreetMap", "titre": "Aires de marche et voiles — Hôpital Saint-François d'Assise", "paliers_min": [2, 3, 4, 5, 6, 7, 8, 9, 10, 11, 12, 13, 14, 15], "vitesse_kmh": 4.2, "methode": "Dijkstra sur le réseau marchable d'OpenStreetMap à 4.2 km/h ; couloir de 40 m autour des rues atteintes. Chaque voile est le complément de l'aire du même palier. Population par pondération de surface des aires de diffusion.", "trous": "comblés — intérieurs de grands îlots, pas des zones inaccessibles", "modes": "Mode de transport domicile–travail, recensement 2021 (mai 2021, en pleine pandémie), données-échantillon 25 %, réparti par pondération de surface."}, "features": [{"type": "Feature", "properties": {"couche": "aire_marche", "station": "Hôpital Saint-François d'Assise", "ordre": 25, "minutes": 2, "superficie_ha": 4.7, "rue_km": 0.95, "disque_ha": 6.2, "part_disque_pct": 76, "accroche_m": 9, "population": 313, "navetteurs": 88, "mode_auto_pct": 50, "mode_tc_pct": 21, "mode_actif_pct": 29, "mode_autre_pct": 0}, "geometry": {"type": "Polygon", "coordinates": [[[-71.2368, 46.8272], [-71.2368, 46.8273], [-71.2369, 46.8274], [-71.2369, 46.8275], [-71.2369, 46.8277], [-71.2368, 46.8278], [-71.2367, 46.8279], [-71.2367, 46.8281], [-71.2365, 46.8283], [-71.2364, 46.8284], [-71.2363, 46.8285], [-71.2362, 46.8286], [-71.2361, 46.8287], [-71.236, 46.8287], [-71.2359, 46.8287], [-71.2358, 46.8287], [-71.2357, 46.8286], [-71.2356, 46.8285], [-71.2354, 46.8285], [-71.2353, 46.8284], [-71.2352, 46.8284], [-71.2351, 46.8284], [-71.2349, 46.8284], [-71.2348, 46.8284], [-71.2346, 46.8284], [-71.2345, 46.8284], [-71.2344, 46.8284], [-71.2343, 46.8284], [-71.2342, 46.8284], [-71.2342, 46.8283], [-71.2342, 46.8282], [-71.2342, 46.8281], [-71.2342, 46.828], [-71.2341, 46.8279], [-71.234, 46.8278], [-71.2339, 46.8278], [-71.2338, 46.8277], [-71.2337, 46.8277], [-71.2336, 46.8276], [-71.2336, 46.8275], [-71.2336, 46.8274], [-71.2336, 46.8273], [-71.2336, 46.8272], [-71.2336, 46.827], [-71.2337, 46.8269], [-71.2338, 46.8267], [-71.2339, 46.8265], [-71.234, 46.8264], [-71.2342, 46.8263], [-71.2344, 46.8262], [-71.2346, 46.8262], [-71.2348, 46.8262], [-71.235, 46.8262], [-71.2353, 46.8263], [-71.2355, 46.8263], [-71.2357, 46.8264], [-71.2358, 46.8265], [-71.2359, 46.8265], [-71.236, 46.8266], [-71.236, 46.8267], [-71.236, 46.8268], [-71.2359, 46.8269], [-71.2359, 46.827], [-71.2358, 46.8271], [-71.2358, 46.8272], [-71.2359, 46.8272], [-71.236, 46.8272], [-71.2361, 46.8272], [-71.2362, 46.8272], [-71.2363, 46.8272], [-71.2364, 46.8271], [-71.2365, 46.8271], [-71.2366, 46.8271], [-71.2366, 46.8272], [-71.2367, 46.8272], [-71.2368, 46.8272]]]}}, {"type": "Feature", "properties": {"couche": "voile", "station": "Hôpital Saint-François d'Assise", "minutes": 2}, "geometry": {"type": "Polygon", "coordinates": [[[-71.396, 46.9355], [-71.0775, 46.9376], [-71.0752, 46.7192], [-71.3924, 46.7171], [-71.396, 46.9355]], [[-71.2367, 46.8272], [-71.2366, 46.8272], [-71.2366, 46.8271], [-71.2365, 46.8271], [-71.2364, 46.8271], [-71.2363, 46.8272], [-71.2362, 46.8272], [-71.2361, 46.8272], [-71.236, 46.8272], [-71.2359, 46.8272], [-71.2358, 46.8272], [-71.2358, 46.8271], [-71.2359, 46.827], [-71.2359, 46.8269], [-71.236, 46.8268], [-71.236, 46.8267], [-71.236, 46.8266], [-71.2359, 46.8265], [-71.2358, 46.8265], [-71.2357, 46.8264], [-71.2355, 46.8263], [-71.2353, 46.8263], [-71.235, 46.8262], [-71.2348, 46.8262], [-71.2346, 46.8262], [-71.2344, 46.8262], [-71.2342, 46.8263], [-71.234, 46.8264], [-71.2339, 46.8265], [-71.2338, 46.8267], [-71.2337, 46.8269], [-71.2336, 46.827], [-71.2336, 46.8272], [-71.2336, 46.8273], [-71.2336, 46.8274], [-71.2336, 46.8275], [-71.2336, 46.8276], [-71.2337, 46.8277], [-71.2338, 46.8277], [-71.2339, 46.8278], [-71.234, 46.8278], [-71.2341, 46.8279], [-71.2342, 46.828], [-71.2342, 46.8281], [-71.2342, 46.8282], [-71.2342, 46.8283], [-71.2342, 46.8284], [-71.2343, 46.8284], [-71.2344, 46.8284], [-71.2345, 46.8284], [-71.2346, 46.8284], [-71.2348, 46.8284], [-71.2349, 46.8284], [-71.2351, 46.8284], [-71.2352, 46.8284], [-71.2353, 46.8284], [-71.2354, 46.8285], [-71.2356, 46.8285], [-71.2357, 46.8286], [-71.2358, 46.8287], [-71.2359, 46.8287], [-71.236, 46.8287], [-71.2361, 46.8287], [-71.2362, 46.8286], [-71.2363, 46.8285], [-71.2364, 46.8284], [-71.2365, 46.8283], [-71.2367, 46.8281], [-71.2367, 46.8279], [-71.2368, 46.8278], [-71.2369, 46.8277], [-71.2369, 46.8275], [-71.2369, 46.8274], [-71.2368, 46.8273], [-71.2368, 46.8272], [-71.2367, 46.8272]]]}}, {"type": "Feature", "properties": {"couche": "aire_marche", "station": "Hôpital Saint-François d'Assise", "ordre": 25, "minutes": 3, "superficie_ha": 9.9, "rue_km": 2.16, "disque_ha": 13.9, "part_disque_pct": 71, "accroche_m": 9, "population": 772, "navetteurs": 245, "mode_auto_pct": 50, "mode_tc_pct": 20, "mode_actif_pct": 30, "mode_autre_pct": 0}, "geometry": {"type": "Polygon", "coordinates": [[[-71.2371, 46.8274], [-71.2369, 46.8275], [-71.2368, 46.8276], [-71.2367, 46.8278], [-71.2366, 46.8279], [-71.2366, 46.828], [-71.2366, 46.8281], [-71.2366, 46.8283], [-71.2367, 46.8284], [-71.2367, 46.8286], [-71.2368, 46.8287], [-71.2369, 46.8288], [-71.2369, 46.8289], [-71.2369, 46.829], [-71.2369, 46.8291], [-71.2369, 46.8292], [-71.2368, 46.8293], [-71.2367, 46.8293], [-71.2366, 46.8294], [-71.2365, 46.8294], [-71.2364, 46.8294], [-71.2362, 46.8294], [-71.2361, 46.8293], [-71.2359, 46.8293], [-71.2358, 46.8293], [-71.2356, 46.8292], [-71.2355, 46.8292], [-71.2354, 46.8291], [-71.2354, 46.829], [-71.2353, 46.8289], [-71.2353, 46.8288], [-71.2353, 46.8287], [-71.2353, 46.8286], [-71.2352, 46.8286], [-71.2351, 46.8285], [-71.235, 46.8285], [-71.2348, 46.8285], [-71.2347, 46.8285], [-71.2345, 46.8285], [-71.2342, 46.8286], [-71.234, 46.8286], [-71.2338, 46.8286], [-71.2336, 46.8286], [-71.2335, 46.8286], [-71.2333, 46.8285], [-71.2332, 46.8285], [-71.2331, 46.8284], [-71.233, 46.8283], [-71.2329, 46.8281], [-71.2328, 46.828], [-71.2328, 46.8278], [-71.2328, 46.8276], [-71.2329, 46.8274], [-71.2329, 46.8271], [-71.233, 46.8268], [-71.2331, 46.8265], [-71.2333, 46.8263], [-71.2335, 46.8261], [-71.2337, 46.8259], [-71.234, 46.8258], [-71.2343, 46.8257], [-71.2346, 46.8257], [-71.235, 46.8257], [-71.2354, 46.8258], [-71.2358, 46.8259], [-71.2361, 46.8259], [-71.2364, 46.826], [-71.2366, 46.8261], [-71.2369, 46.8262], [-71.237, 46.8264], [-71.2372, 46.8265], [-71.2373, 46.8266], [-71.2373, 46.8267], [-71.2374, 46.8269], [-71.2374, 46.827], [-71.2373, 46.8271], [-71.2373, 46.8272], [-71.2372, 46.8273], [-71.2371, 46.8274]]]}}, {"type": "Feature", "properties": {"couche": "voile", "station": "Hôpital Saint-François d'Assise", "minutes": 3}, "geometry": {"type": "Polygon", "coordinates": [[[-71.3965, 46.9362], [-71.0767, 46.9383], [-71.0743, 46.7187], [-71.3929, 46.7166], [-71.3965, 46.9362]], [[-71.2372, 46.8273], [-71.2373, 46.8272], [-71.2373, 46.8271], [-71.2374, 46.827], [-71.2374, 46.8269], [-71.2373, 46.8267], [-71.2373, 46.8266], [-71.2372, 46.8265], [-71.237, 46.8264], [-71.2369, 46.8262], [-71.2366, 46.8261], [-71.2364, 46.826], [-71.2361, 46.8259], [-71.2358, 46.8259], [-71.2354, 46.8258], [-71.235, 46.8257], [-71.2346, 46.8257], [-71.2343, 46.8257], [-71.234, 46.8258], [-71.2337, 46.8259], [-71.2335, 46.8261], [-71.2333, 46.8263], [-71.2331, 46.8265], [-71.233, 46.8268], [-71.2329, 46.8271], [-71.2329, 46.8274], [-71.2328, 46.8276], [-71.2328, 46.8278], [-71.2328, 46.828], [-71.2329, 46.8281], [-71.233, 46.8283], [-71.2331, 46.8284], [-71.2332, 46.8285], [-71.2333, 46.8285], [-71.2335, 46.8286], [-71.2336, 46.8286], [-71.2338, 46.8286], [-71.234, 46.8286], [-71.2342, 46.8286], [-71.2345, 46.8285], [-71.2347, 46.8285], [-71.2348, 46.8285], [-71.235, 46.8285], [-71.2351, 46.8285], [-71.2352, 46.8286], [-71.2353, 46.8286], [-71.2353, 46.8287], [-71.2353, 46.8288], [-71.2353, 46.8289], [-71.2354, 46.829], [-71.2354, 46.8291], [-71.2355, 46.8292], [-71.2356, 46.8292], [-71.2358, 46.8293], [-71.2359, 46.8293], [-71.2361, 46.8293], [-71.2362, 46.8294], [-71.2364, 46.8294], [-71.2365, 46.8294], [-71.2366, 46.8294], [-71.2367, 46.8293], [-71.2368, 46.8293], [-71.2369, 46.8292], [-71.2369, 46.8291], [-71.2369, 46.829], [-71.2369, 46.8289], [-71.2369, 46.8288], [-71.2368, 46.8287], [-71.2367, 46.8286], [-71.2367, 46.8284], [-71.2366, 46.8283], [-71.2366, 46.8281], [-71.2366, 46.828], [-71.2366, 46.8279], [-71.2367, 46.8278], [-71.2368, 46.8276], [-71.2369, 46.8275], [-71.2371, 46.8274], [-71.2372, 46.8273]]]}}, {"type": "Feature", "properties": {"couche": "aire_marche", "station": "Hôpital Saint-François d'Assise", "ordre": 25, "minutes": 4, "superficie_ha": 16.8, "rue_km": 4.0, "disque_ha": 24.6, "part_disque_pct": 68, "accroche_m": 9, "population": 1410, "navetteurs": 470, "mode_auto_pct": 50, "mode_tc_pct": 20, "mode_actif_pct": 30, "mode_autre_pct": 0}, "geometry": {"type": "Polygon", "coordinates": [[[-71.2382, 46.8272], [-71.2381, 46.8274], [-71.2381, 46.8275], [-71.238, 46.8277], [-71.2379, 46.8278], [-71.2377, 46.8278], [-71.2376, 46.8279], [-71.2374, 46.8279], [-71.2373, 46.8279], [-71.237, 46.8279], [-71.2369, 46.8279], [-71.2368, 46.828], [-71.2367, 46.828], [-71.2367, 46.8281], [-71.2367, 46.8282], [-71.2368, 46.8284], [-71.2369, 46.8285], [-71.2371, 46.8287], [-71.2373, 46.8288], [-71.2374, 46.829], [-71.2375, 46.8291], [-71.2375, 46.8292], [-71.2375, 46.8294], [-71.2376, 46.8295], [-71.2375, 46.8295], [-71.2375, 46.8296], [-71.2374, 46.8297], [-71.2373, 46.8297], [-71.2371, 46.8298], [-71.2369, 46.8298], [-71.2367, 46.8298], [-71.2364, 46.8298], [-71.2361, 46.8297], [-71.2358, 46.8297], [-71.2355, 46.8296], [-71.2352, 46.8295], [-71.235, 46.8294], [-71.2348, 46.8293], [-71.2347, 46.8293], [-71.2346, 46.8292], [-71.2346, 46.8291], [-71.2346, 46.8289], [-71.2346, 46.8288], [-71.2345, 46.8287], [-71.2344, 46.8287], [-71.2342, 46.8287], [-71.2341, 46.8288], [-71.2339, 46.8288], [-71.2336, 46.8289], [-71.2334, 46.829], [-71.2332, 46.829], [-71.2331, 46.829], [-71.2329, 46.829], [-71.2328, 46.829], [-71.2328, 46.8289], [-71.2327, 46.8288], [-71.2327, 46.8287], [-71.2326, 46.8286], [-71.2326, 46.8285], [-71.2325, 46.8285], [-71.2324, 46.8284], [-71.2323, 46.8284], [-71.2322, 46.8283], [-71.2321, 46.8283], [-71.2321, 46.8281], [-71.2321, 46.828], [-71.2321, 46.8278], [-71.2321, 46.8275], [-71.2322, 46.8272], [-71.2324, 46.8268], [-71.2325, 46.8264], [-71.2327, 46.8261], [-71.2329, 46.8258], [-71.2331, 46.8256], [-71.2333, 46.8254], [-71.2335, 46.8253], [-71.2338, 46.8253], [-71.2341, 46.8253], [-71.2343, 46.8254], [-71.2346, 46.8255], [-71.2348, 46.8256], [-71.235, 46.8256], [-71.2352, 46.8257], [-71.2353, 46.8257], [-71.2355, 46.8256], [-71.2356, 46.8256], [-71.2357, 46.8255], [-71.2358, 46.8255], [-71.2359, 46.8255], [-71.2361, 46.8255], [-71.2362, 46.8255], [-71.2364, 46.8255], [-71.2366, 46.8255], [-71.2368, 46.8256], [-71.237, 46.8256], [-71.2372, 46.8257], [-71.2374, 46.8257], [-71.2375, 46.8258], [-71.2377, 46.8259], [-71.2378, 46.826], [-71.2379, 46.8261], [-71.238, 46.8262], [-71.2381, 46.8264], [-71.2381, 46.8265], [-71.2382, 46.8266], [-71.2382, 46.8268], [-71.2382, 46.8269], [-71.2382, 46.8271], [-71.2382, 46.8272]]]}}, {"type": "Feature", "properties": {"couche": "voile", "station": "Hôpital Saint-François d'Assise", "minutes": 4}, "geometry": {"type": "Polygon", "coordinates": [[[-71.3973, 46.9366], [-71.076, 46.9387], [-71.0736, 46.7183], [-71.3937, 46.7162], [-71.3973, 46.9366]], [[-71.2382, 46.8271], [-71.2382, 46.8269], [-71.2382, 46.8268], [-71.2382, 46.8266], [-71.2381, 46.8265], [-71.2381, 46.8264], [-71.238, 46.8262], [-71.2379, 46.8261], [-71.2378, 46.826], [-71.2377, 46.8259], [-71.2375, 46.8258], [-71.2374, 46.8257], [-71.2372, 46.8257], [-71.237, 46.8256], [-71.2368, 46.8256], [-71.2366, 46.8255], [-71.2364, 46.8255], [-71.2362, 46.8255], [-71.2361, 46.8255], [-71.2359, 46.8255], [-71.2358, 46.8255], [-71.2357, 46.8255], [-71.2356, 46.8256], [-71.2355, 46.8256], [-71.2353, 46.8257], [-71.2352, 46.8257], [-71.235, 46.8256], [-71.2348, 46.8256], [-71.2346, 46.8255], [-71.2343, 46.8254], [-71.2341, 46.8253], [-71.2338, 46.8253], [-71.2335, 46.8253], [-71.2333, 46.8254], [-71.2331, 46.8256], [-71.2329, 46.8258], [-71.2327, 46.8261], [-71.2325, 46.8264], [-71.2324, 46.8268], [-71.2322, 46.8272], [-71.2321, 46.8275], [-71.2321, 46.8278], [-71.2321, 46.828], [-71.2321, 46.8281], [-71.2321, 46.8283], [-71.2322, 46.8283], [-71.2323, 46.8284], [-71.2324, 46.8284], [-71.2325, 46.8285], [-71.2326, 46.8285], [-71.2326, 46.8286], [-71.2327, 46.8287], [-71.2327, 46.8288], [-71.2328, 46.8289], [-71.2328, 46.829], [-71.2329, 46.829], [-71.2331, 46.829], [-71.2332, 46.829], [-71.2334, 46.829], [-71.2336, 46.8289], [-71.2339, 46.8288], [-71.2341, 46.8288], [-71.2342, 46.8287], [-71.2344, 46.8287], [-71.2345, 46.8287], [-71.2346, 46.8288], [-71.2346, 46.8289], [-71.2346, 46.8291], [-71.2346, 46.8292], [-71.2347, 46.8293], [-71.2348, 46.8293], [-71.235, 46.8294], [-71.2352, 46.8295], [-71.2355, 46.8296], [-71.2358, 46.8297], [-71.2361, 46.8297], [-71.2364, 46.8298], [-71.2367, 46.8298], [-71.2369, 46.8298], [-71.2371, 46.8298], [-71.2373, 46.8297], [-71.2374, 46.8297], [-71.2375, 46.8296], [-71.2375, 46.8295], [-71.2376, 46.8295], [-71.2375, 46.8294], [-71.2375, 46.8292], [-71.2375, 46.8291], [-71.2374, 46.829], [-71.2373, 46.8288], [-71.2371, 46.8287], [-71.2369, 46.8285], [-71.2368, 46.8284], [-71.2367, 46.8282], [-71.2367, 46.8281], [-71.2367, 46.828], [-71.2368, 46.828], [-71.2369, 46.8279], [-71.237, 46.8279], [-71.2373, 46.8279], [-71.2374, 46.8279], [-71.2376, 46.8279], [-71.2377, 46.8278], [-71.2379, 46.8278], [-71.238, 46.8277], [-71.2381, 46.8275], [-71.2381, 46.8274], [-71.2382, 46.8272], [-71.2382, 46.8271]]]}}, {"type": "Feature", "properties": {"couche": "aire_marche", "station": "Hôpital Saint-François d'Assise", "ordre": 25, "minutes": 5, "superficie_ha": 26.9, "rue_km": 6.7, "disque_ha": 38.5, "part_disque_pct": 70, "accroche_m": 9, "population": 2321, "navetteurs": 804, "mode_auto_pct": 50, "mode_tc_pct": 19, "mode_actif_pct": 31, "mode_autre_pct": 0}, "geometry": {"type": "Polygon", "coordinates": [[[-71.2367, 46.8251], [-71.2371, 46.8252], [-71.2374, 46.8252], [-71.2377, 46.8253], [-71.238, 46.8254], [-71.2383, 46.8255], [-71.2384, 46.8255], [-71.2386, 46.8256], [-71.2387, 46.8257], [-71.2388, 46.8258], [-71.2389, 46.8259], [-71.2389, 46.8261], [-71.2389, 46.8263], [-71.2389, 46.8265], [-71.2389, 46.8267], [-71.2389, 46.8269], [-71.2388, 46.8272], [-71.2387, 46.8275], [-71.2386, 46.8277], [-71.2385, 46.8279], [-71.2384, 46.8281], [-71.2383, 46.8281], [-71.2381, 46.8282], [-71.238, 46.8282], [-71.2378, 46.8281], [-71.2376, 46.828], [-71.2374, 46.8279], [-71.2373, 46.8279], [-71.2371, 46.8278], [-71.237, 46.8278], [-71.2369, 46.8277], [-71.2368, 46.8277], [-71.2367, 46.8278], [-71.2366, 46.8278], [-71.2365, 46.8278], [-71.2365, 46.8279], [-71.2365, 46.828], [-71.2365, 46.8281], [-71.2366, 46.8283], [-71.2367, 46.8284], [-71.2368, 46.8285], [-71.2369, 46.8286], [-71.237, 46.8287], [-71.2371, 46.8288], [-71.2372, 46.8289], [-71.2374, 46.8289], [-71.2375, 46.8289], [-71.2377, 46.829], [-71.2379, 46.8289], [-71.238, 46.829], [-71.2381, 46.829], [-71.2382, 46.829], [-71.2383, 46.8291], [-71.2383, 46.8292], [-71.2383, 46.8294], [-71.2383, 46.8295], [-71.2383, 46.8297], [-71.2382, 46.8298], [-71.2382, 46.83], [-71.2381, 46.8301], [-71.238, 46.8301], [-71.2379, 46.8302], [-71.2378, 46.8302], [-71.2376, 46.8302], [-71.2375, 46.8301], [-71.2374, 46.8301], [-71.2372, 46.8301], [-71.2371, 46.8301], [-71.2369, 46.8301], [-71.2368, 46.8301], [-71.2366, 46.8302], [-71.2364, 46.8302], [-71.2363, 46.8302], [-71.2361, 46.8303], [-71.236, 46.8303], [-71.2358, 46.8303], [-71.2357, 46.8303], [-71.2356, 46.8302], [-71.2355, 46.8302], [-71.2354, 46.8301], [-71.2353, 46.83], [-71.2352, 46.8299], [-71.235, 46.8298], [-71.2348, 46.8298], [-71.2346, 46.8297], [-71.2343, 46.8296], [-71.234, 46.8296], [-71.2336, 46.8296], [-71.2332, 46.8295], [-71.2328, 46.8295], [-71.2325, 46.8294], [-71.2322, 46.8293], [-71.232, 46.8293], [-71.2317, 46.8292], [-71.2316, 46.8291], [-71.2314, 46.829], [-71.2313, 46.8289], [-71.2313, 46.8287], [-71.2313, 46.8285], [-71.2313, 46.8282], [-71.2313, 46.8279], [-71.2314, 46.8276], [-71.2315, 46.8272], [-71.2316, 46.8267], [-71.2318, 46.8262], [-71.232, 46.8258], [-71.2322, 46.8255], [-71.2324, 46.8252], [-71.2326, 46.8249], [-71.2328, 46.8248], [-71.2331, 46.8247], [-71.2333, 46.8247], [-71.2336, 46.8247], [-71.2339, 46.8247], [-71.2341, 46.8247], [-71.2343, 46.8248], [-71.2344, 46.8248], [-71.2345, 46.8248], [-71.2346, 46.8248], [-71.2347, 46.8249], [-71.2348, 46.8249], [-71.2348, 46.825], [-71.2348, 46.8251], [-71.2348, 46.8252], [-71.2349, 46.8253], [-71.235, 46.8253], [-71.235, 46.8252], [-71.2351, 46.8252], [-71.2351, 46.8251], [-71.2352, 46.8251], [-71.2353, 46.825], [-71.2354, 46.825], [-71.2356, 46.825], [-71.2358, 46.825], [-71.2361, 46.825], [-71.2364, 46.825], [-71.2367, 46.8251]]]}}, {"type": "Feature", "properties": {"couche": "voile", "station": "Hôpital Saint-François d'Assise", "minutes": 5}, "geometry": {"type": "Polygon", "coordinates": [[[-71.398, 46.9371], [-71.0752, 46.9392], [-71.0728, 46.7177], [-71.3944, 46.7156], [-71.398, 46.9371]], [[-71.2364, 46.825], [-71.2361, 46.825], [-71.2358, 46.825], [-71.2356, 46.825], [-71.2354, 46.825], [-71.2353, 46.825], [-71.2352, 46.8251], [-71.2351, 46.8251], [-71.2351, 46.8252], [-71.235, 46.8252], [-71.235, 46.8253], [-71.2349, 46.8253], [-71.2348, 46.8252], [-71.2348, 46.8251], [-71.2348, 46.825], [-71.2348, 46.8249], [-71.2347, 46.8249], [-71.2346, 46.8248], [-71.2345, 46.8248], [-71.2344, 46.8248], [-71.2343, 46.8248], [-71.2341, 46.8247], [-71.2339, 46.8247], [-71.2336, 46.8247], [-71.2333, 46.8247], [-71.2331, 46.8247], [-71.2328, 46.8248], [-71.2326, 46.8249], [-71.2324, 46.8252], [-71.2322, 46.8255], [-71.232, 46.8258], [-71.2318, 46.8262], [-71.2316, 46.8267], [-71.2315, 46.8272], [-71.2314, 46.8276], [-71.2313, 46.8279], [-71.2313, 46.8282], [-71.2313, 46.8285], [-71.2313, 46.8287], [-71.2313, 46.8289], [-71.2314, 46.829], [-71.2316, 46.8291], [-71.2317, 46.8292], [-71.232, 46.8293], [-71.2322, 46.8293], [-71.2325, 46.8294], [-71.2328, 46.8295], [-71.2332, 46.8295], [-71.2336, 46.8296], [-71.234, 46.8296], [-71.2343, 46.8296], [-71.2346, 46.8297], [-71.2348, 46.8298], [-71.235, 46.8298], [-71.2352, 46.8299], [-71.2353, 46.83], [-71.2354, 46.8301], [-71.2355, 46.8302], [-71.2356, 46.8302], [-71.2357, 46.8303], [-71.2358, 46.8303], [-71.236, 46.8303], [-71.2361, 46.8303], [-71.2363, 46.8302], [-71.2364, 46.8302], [-71.2366, 46.8302], [-71.2368, 46.8301], [-71.2369, 46.8301], [-71.2371, 46.8301], [-71.2372, 46.8301], [-71.2374, 46.8301], [-71.2375, 46.8301], [-71.2376, 46.8302], [-71.2378, 46.8302], [-71.2379, 46.8302], [-71.238, 46.8301], [-71.2381, 46.8301], [-71.2382, 46.83], [-71.2382, 46.8298], [-71.2383, 46.8297], [-71.2383, 46.8295], [-71.2383, 46.8294], [-71.2383, 46.8292], [-71.2383, 46.8291], [-71.2382, 46.829], [-71.2381, 46.829], [-71.238, 46.829], [-71.2379, 46.8289], [-71.2377, 46.829], [-71.2375, 46.8289], [-71.2374, 46.8289], [-71.2372, 46.8289], [-71.2371, 46.8288], [-71.237, 46.8287], [-71.2369, 46.8286], [-71.2368, 46.8285], [-71.2367, 46.8284], [-71.2366, 46.8283], [-71.2365, 46.8281], [-71.2365, 46.828], [-71.2365, 46.8279], [-71.2365, 46.8278], [-71.2366, 46.8278], [-71.2367, 46.8278], [-71.2368, 46.8277], [-71.2369, 46.8277], [-71.237, 46.8278], [-71.2371, 46.8278], [-71.2373, 46.8279], [-71.2374, 46.8279], [-71.2376, 46.828], [-71.2378, 46.8281], [-71.238, 46.8282], [-71.2381, 46.8282], [-71.2383, 46.8281], [-71.2384, 46.8281], [-71.2385, 46.8279], [-71.2386, 46.8277], [-71.2387, 46.8275], [-71.2388, 46.8272], [-71.2389, 46.8269], [-71.2389, 46.8267], [-71.2389, 46.8265], [-71.2389, 46.8263], [-71.2389, 46.8261], [-71.2389, 46.8259], [-71.2388, 46.8258], [-71.2387, 46.8257], [-71.2386, 46.8256], [-71.2384, 46.8255], [-71.2383, 46.8255], [-71.238, 46.8254], [-71.2377, 46.8253], [-71.2374, 46.8252], [-71.2371, 46.8252], [-71.2367, 46.8251], [-71.2364, 46.825]]]}}, {"type": "Feature", "properties": {"couche": "aire_marche", "station": "Hôpital Saint-François d'Assise", "ordre": 25, "minutes": 6, "superficie_ha": 39.1, "rue_km": 10.26, "disque_ha": 55.4, "part_disque_pct": 71, "accroche_m": 9, "population": 3296, "navetteurs": 1157, "mode_auto_pct": 51, "mode_tc_pct": 19, "mode_actif_pct": 30, "mode_autre_pct": 0}, "geometry": {"type": "Polygon", "coordinates": [[[-71.2392, 46.8283], [-71.2391, 46.8289], [-71.2389, 46.8294], [-71.2388, 46.8298], [-71.2386, 46.8301], [-71.2385, 46.8304], [-71.2384, 46.8306], [-71.2382, 46.8307], [-71.2381, 46.8307], [-71.238, 46.8307], [-71.2379, 46.8307], [-71.2378, 46.8307], [-71.2376, 46.8307], [-71.2375, 46.8307], [-71.2373, 46.8307], [-71.2371, 46.8307], [-71.2369, 46.8307], [-71.2367, 46.8308], [-71.2365, 46.8308], [-71.2363, 46.8308], [-71.2362, 46.8308], [-71.236, 46.8307], [-71.2359, 46.8306], [-71.2357, 46.8305], [-71.2356, 46.8304], [-71.2354, 46.8302], [-71.2353, 46.8301], [-71.2352, 46.83], [-71.2351, 46.8299], [-71.2349, 46.8299], [-71.2348, 46.8299], [-71.2347, 46.8299], [-71.2346, 46.8299], [-71.2344, 46.83], [-71.2343, 46.83], [-71.2341, 46.8301], [-71.2339, 46.8301], [-71.2336, 46.8301], [-71.2334, 46.8301], [-71.2331, 46.8301], [-71.2328, 46.83], [-71.2324, 46.83], [-71.2321, 46.8299], [-71.2318, 46.8299], [-71.2315, 46.8298], [-71.2313, 46.8297], [-71.2311, 46.8296], [-71.2309, 46.8295], [-71.2308, 46.8294], [-71.2307, 46.8293], [-71.2306, 46.8291], [-71.2306, 46.8289], [-71.2306, 46.8286], [-71.2306, 46.8282], [-71.2307, 46.8278], [-71.2309, 46.8273], [-71.2311, 46.8267], [-71.2313, 46.8261], [-71.2315, 46.8256], [-71.2318, 46.8251], [-71.232, 46.8247], [-71.2322, 46.8244], [-71.2324, 46.8242], [-71.2326, 46.8241], [-71.2328, 46.824], [-71.233, 46.8241], [-71.2332, 46.8241], [-71.2334, 46.8242], [-71.2335, 46.8242], [-71.2336, 46.8243], [-71.2337, 46.8244], [-71.2336, 46.8245], [-71.2336, 46.8246], [-71.2336, 46.8247], [-71.2337, 46.8247], [-71.2338, 46.8247], [-71.234, 46.8247], [-71.2342, 46.8247], [-71.2345, 46.8247], [-71.2347, 46.8246], [-71.235, 46.8246], [-71.2354, 46.8245], [-71.2357, 46.8245], [-71.2361, 46.8246], [-71.2364, 46.8246], [-71.2368, 46.8246], [-71.2372, 46.8247], [-71.2376, 46.8248], [-71.238, 46.8249], [-71.2383, 46.825], [-71.2386, 46.8251], [-71.2389, 46.8252], [-71.2391, 46.8253], [-71.2393, 46.8255], [-71.2394, 46.8256], [-71.2395, 46.8258], [-71.2396, 46.826], [-71.2396, 46.8262], [-71.2396, 46.8266], [-71.2395, 46.8269], [-71.2395, 46.8273], [-71.2394, 46.8278], [-71.2392, 46.8283]]]}}, {"type": "Feature", "properties": {"couche": "voile", "station": "Hôpital Saint-François d'Assise", "minutes": 6}, "geometry": {"type": "Polygon", "coordinates": [[[-71.3987, 46.9376], [-71.0745, 46.9397], [-71.0721, 46.717], [-71.395, 46.7149], [-71.3987, 46.9376]], [[-71.2394, 46.8278], [-71.2395, 46.8273], [-71.2395, 46.8269], [-71.2396, 46.8266], [-71.2396, 46.8262], [-71.2396, 46.826], [-71.2395, 46.8258], [-71.2394, 46.8256], [-71.2393, 46.8255], [-71.2391, 46.8253], [-71.2389, 46.8252], [-71.2386, 46.8251], [-71.2383, 46.825], [-71.238, 46.8249], [-71.2376, 46.8248], [-71.2372, 46.8247], [-71.2368, 46.8246], [-71.2364, 46.8246], [-71.2361, 46.8246], [-71.2357, 46.8245], [-71.2354, 46.8245], [-71.235, 46.8246], [-71.2347, 46.8246], [-71.2345, 46.8247], [-71.2342, 46.8247], [-71.234, 46.8247], [-71.2338, 46.8247], [-71.2337, 46.8247], [-71.2336, 46.8247], [-71.2336, 46.8246], [-71.2336, 46.8245], [-71.2337, 46.8244], [-71.2336, 46.8243], [-71.2335, 46.8242], [-71.2334, 46.8242], [-71.2332, 46.8241], [-71.233, 46.8241], [-71.2328, 46.824], [-71.2326, 46.8241], [-71.2324, 46.8242], [-71.2322, 46.8244], [-71.232, 46.8247], [-71.2318, 46.8251], [-71.2315, 46.8256], [-71.2313, 46.8261], [-71.2311, 46.8267], [-71.2309, 46.8273], [-71.2307, 46.8278], [-71.2306, 46.8282], [-71.2306, 46.8286], [-71.2306, 46.8289], [-71.2306, 46.8291], [-71.2307, 46.8293], [-71.2308, 46.8294], [-71.2309, 46.8295], [-71.2311, 46.8296], [-71.2313, 46.8297], [-71.2315, 46.8298], [-71.2318, 46.8299], [-71.2321, 46.8299], [-71.2324, 46.83], [-71.2328, 46.83], [-71.2331, 46.8301], [-71.2334, 46.8301], [-71.2336, 46.8301], [-71.2339, 46.8301], [-71.2341, 46.8301], [-71.2343, 46.83], [-71.2344, 46.83], [-71.2346, 46.8299], [-71.2347, 46.8299], [-71.2348, 46.8299], [-71.2349, 46.8299], [-71.2351, 46.8299], [-71.2352, 46.83], [-71.2353, 46.8301], [-71.2354, 46.8302], [-71.2356, 46.8304], [-71.2357, 46.8305], [-71.2359, 46.8306], [-71.236, 46.8307], [-71.2362, 46.8308], [-71.2363, 46.8308], [-71.2365, 46.8308], [-71.2367, 46.8308], [-71.2369, 46.8307], [-71.2371, 46.8307], [-71.2373, 46.8307], [-71.2375, 46.8307], [-71.2376, 46.8307], [-71.2378, 46.8307], [-71.2379, 46.8307], [-71.238, 46.8307], [-71.2381, 46.8307], [-71.2382, 46.8307], [-71.2384, 46.8306], [-71.2385, 46.8304], [-71.2386, 46.8301], [-71.2388, 46.8298], [-71.2389, 46.8294], [-71.2391, 46.8289], [-71.2392, 46.8283], [-71.2394, 46.8278]]]}}, {"type": "Feature", "properties": {"couche": "aire_marche", "station": "Hôpital Saint-François d'Assise", "ordre": 25, "minutes": 7, "superficie_ha": 52.6, "rue_km": 14.81, "disque_ha": 75.4, "part_disque_pct": 70, "accroche_m": 9, "population": 4330, "navetteurs": 1550, "mode_auto_pct": 51, "mode_tc_pct": 19, "mode_actif_pct": 29, "mode_autre_pct": 1}, "geometry": {"type": "Polygon", "coordinates": [[[-71.2399, 46.8284], [-71.2397, 46.8291], [-71.2395, 46.8296], [-71.2393, 46.8301], [-71.2391, 46.8305], [-71.2389, 46.8309], [-71.2387, 46.8311], [-71.2386, 46.8313], [-71.2384, 46.8313], [-71.2382, 46.8313], [-71.238, 46.8313], [-71.2379, 46.8313], [-71.2377, 46.8312], [-71.2376, 46.8312], [-71.2375, 46.8311], [-71.2374, 46.831], [-71.2374, 46.8309], [-71.2373, 46.8309], [-71.2372, 46.8309], [-71.2372, 46.831], [-71.2372, 46.8311], [-71.2371, 46.8311], [-71.2371, 46.8312], [-71.237, 46.8313], [-71.2369, 46.8313], [-71.2368, 46.8314], [-71.2367, 46.8314], [-71.2365, 46.8314], [-71.2363, 46.8314], [-71.2362, 46.8314], [-71.236, 46.8314], [-71.2359, 46.8313], [-71.2357, 46.8312], [-71.2356, 46.8311], [-71.2355, 46.831], [-71.2354, 46.8309], [-71.2353, 46.8307], [-71.2353, 46.8305], [-71.2352, 46.8304], [-71.2351, 46.8303], [-71.235, 46.8302], [-71.2349, 46.8302], [-71.2348, 46.8302], [-71.2347, 46.8302], [-71.2346, 46.8303], [-71.2345, 46.8304], [-71.2343, 46.8305], [-71.2341, 46.8306], [-71.2338, 46.8306], [-71.2335, 46.8306], [-71.2332, 46.8306], [-71.2328, 46.8306], [-71.2324, 46.8305], [-71.2319, 46.8304], [-71.2315, 46.8303], [-71.2311, 46.8302], [-71.2308, 46.8302], [-71.2305, 46.8301], [-71.2303, 46.83], [-71.2301, 46.8299], [-71.23, 46.8297], [-71.2299, 46.8296], [-71.2298, 46.8295], [-71.2298, 46.8292], [-71.2298, 46.8289], [-71.2299, 46.8284], [-71.23, 46.8279], [-71.2302, 46.8274], [-71.2304, 46.8267], [-71.2307, 46.826], [-71.231, 46.8253], [-71.2312, 46.8248], [-71.2315, 46.8243], [-71.2319, 46.824], [-71.2322, 46.8238], [-71.2325, 46.8236], [-71.2329, 46.8236], [-71.2333, 46.8237], [-71.2336, 46.8237], [-71.2338, 46.8238], [-71.234, 46.8239], [-71.2341, 46.824], [-71.2342, 46.8241], [-71.2342, 46.8242], [-71.2341, 46.8243], [-71.234, 46.8244], [-71.2339, 46.8245], [-71.2338, 46.8246], [-71.2338, 46.8247], [-71.2339, 46.8248], [-71.234, 46.8248], [-71.2342, 46.8248], [-71.2344, 46.8247], [-71.2345, 46.8247], [-71.2347, 46.8247], [-71.2348, 46.8246], [-71.235, 46.8245], [-71.2351, 46.8244], [-71.2352, 46.8243], [-71.2352, 46.8242], [-71.2353, 46.8241], [-71.2354, 46.8241], [-71.2356, 46.824], [-71.2358, 46.824], [-71.236, 46.824], [-71.2363, 46.824], [-71.2367, 46.8241], [-71.2371, 46.8241], [-71.2374, 46.8242], [-71.2377, 46.8242], [-71.238, 46.8243], [-71.2382, 46.8244], [-71.2384, 46.8244], [-71.2385, 46.8245], [-71.2386, 46.8246], [-71.2387, 46.8247], [-71.2388, 46.8248], [-71.2389, 46.8248], [-71.239, 46.8249], [-71.2391, 46.8249], [-71.2392, 46.8249], [-71.2392, 46.8248], [-71.2393, 46.8248], [-71.2394, 46.8248], [-71.2395, 46.8248], [-71.2396, 46.8248], [-71.2398, 46.8249], [-71.2399, 46.825], [-71.24, 46.8251], [-71.2401, 46.8253], [-71.2402, 46.8254], [-71.2403, 46.8257], [-71.2403, 46.826], [-71.2403, 46.8263], [-71.2403, 46.8267], [-71.2402, 46.8272], [-71.2401, 46.8278], [-71.2399, 46.8284]]]}}, {"type": "Feature", "properties": {"couche": "voile", "station": "Hôpital Saint-François d'Assise", "minutes": 7}, "geometry": {"type": "Polygon", "coordinates": [[[-71.3995, 46.9382], [-71.0737, 46.9403], [-71.0713, 46.7166], [-71.3957, 46.7145], [-71.3995, 46.9382]], [[-71.2401, 46.8278], [-71.2402, 46.8272], [-71.2403, 46.8267], [-71.2403, 46.8263], [-71.2403, 46.826], [-71.2403, 46.8257], [-71.2402, 46.8254], [-71.2401, 46.8253], [-71.24, 46.8251], [-71.2399, 46.825], [-71.2398, 46.8249], [-71.2396, 46.8248], [-71.2395, 46.8248], [-71.2394, 46.8248], [-71.2393, 46.8248], [-71.2392, 46.8248], [-71.2392, 46.8249], [-71.2391, 46.8249], [-71.239, 46.8249], [-71.2389, 46.8248], [-71.2388, 46.8248], [-71.2387, 46.8247], [-71.2386, 46.8246], [-71.2385, 46.8245], [-71.2384, 46.8244], [-71.2382, 46.8244], [-71.238, 46.8243], [-71.2377, 46.8242], [-71.2374, 46.8242], [-71.2371, 46.8241], [-71.2367, 46.8241], [-71.2363, 46.824], [-71.236, 46.824], [-71.2358, 46.824], [-71.2356, 46.824], [-71.2354, 46.8241], [-71.2353, 46.8241], [-71.2352, 46.8242], [-71.2352, 46.8243], [-71.2351, 46.8244], [-71.235, 46.8245], [-71.2348, 46.8246], [-71.2347, 46.8247], [-71.2345, 46.8247], [-71.2344, 46.8247], [-71.2342, 46.8248], [-71.234, 46.8248], [-71.2339, 46.8248], [-71.2338, 46.8247], [-71.2338, 46.8246], [-71.2339, 46.8245], [-71.234, 46.8244], [-71.2341, 46.8243], [-71.2342, 46.8242], [-71.2342, 46.8241], [-71.2341, 46.824], [-71.234, 46.8239], [-71.2338, 46.8238], [-71.2336, 46.8237], [-71.2333, 46.8237], [-71.2329, 46.8236], [-71.2325, 46.8236], [-71.2322, 46.8238], [-71.2319, 46.824], [-71.2315, 46.8243], [-71.2312, 46.8248], [-71.231, 46.8253], [-71.2307, 46.826], [-71.2304, 46.8267], [-71.2302, 46.8274], [-71.23, 46.8279], [-71.2299, 46.8284], [-71.2298, 46.8289], [-71.2298, 46.8292], [-71.2298, 46.8295], [-71.2299, 46.8296], [-71.23, 46.8297], [-71.2301, 46.8299], [-71.2303, 46.83], [-71.2305, 46.8301], [-71.2308, 46.8302], [-71.2311, 46.8302], [-71.2315, 46.8303], [-71.2319, 46.8304], [-71.2324, 46.8305], [-71.2328, 46.8306], [-71.2332, 46.8306], [-71.2335, 46.8306], [-71.2338, 46.8306], [-71.2341, 46.8306], [-71.2343, 46.8305], [-71.2345, 46.8304], [-71.2346, 46.8303], [-71.2347, 46.8302], [-71.2348, 46.8302], [-71.2349, 46.8302], [-71.235, 46.8302], [-71.2351, 46.8303], [-71.2352, 46.8304], [-71.2353, 46.8305], [-71.2353, 46.8307], [-71.2354, 46.8309], [-71.2355, 46.831], [-71.2356, 46.8311], [-71.2357, 46.8312], [-71.2359, 46.8313], [-71.236, 46.8314], [-71.2362, 46.8314], [-71.2363, 46.8314], [-71.2365, 46.8314], [-71.2367, 46.8314], [-71.2368, 46.8314], [-71.2369, 46.8313], [-71.237, 46.8313], [-71.2371, 46.8312], [-71.2371, 46.8311], [-71.2372, 46.8311], [-71.2372, 46.831], [-71.2372, 46.8309], [-71.2373, 46.8309], [-71.2374, 46.8309], [-71.2374, 46.831], [-71.2375, 46.8311], [-71.2376, 46.8312], [-71.2377, 46.8312], [-71.2379, 46.8313], [-71.238, 46.8313], [-71.2382, 46.8313], [-71.2384, 46.8313], [-71.2386, 46.8313], [-71.2387, 46.8311], [-71.2389, 46.8309], [-71.2391, 46.8305], [-71.2393, 46.8301], [-71.2395, 46.8296], [-71.2397, 46.8291], [-71.2399, 46.8284], [-71.2401, 46.8278]]]}}, {"type": "Feature", "properties": {"couche": "aire_marche", "station": "Hôpital Saint-François d'Assise", "ordre": 25, "minutes": 8, "superficie_ha": 69.5, "rue_km": 19.99, "disque_ha": 98.5, "part_disque_pct": 71, "accroche_m": 9, "population": 5610, "navetteurs": 2017, "mode_auto_pct": 51, "mode_tc_pct": 20, "mode_actif_pct": 28, "mode_autre_pct": 1}, "geometry": {"type": "Polygon", "coordinates": [[[-71.2407, 46.8283], [-71.2404, 46.8291], [-71.2402, 46.8298], [-71.24, 46.8304], [-71.2397, 46.8309], [-71.2395, 46.8313], [-71.2393, 46.8316], [-71.2391, 46.8318], [-71.239, 46.8318], [-71.2388, 46.8318], [-71.2386, 46.8318], [-71.2385, 46.8318], [-71.2384, 46.8317], [-71.2383, 46.8317], [-71.2383, 46.8316], [-71.2382, 46.8315], [-71.2382, 46.8314], [-71.2382, 46.8313], [-71.2381, 46.8313], [-71.238, 46.8314], [-71.2379, 46.8315], [-71.2378, 46.8316], [-71.2376, 46.8317], [-71.2375, 46.8318], [-71.2373, 46.8318], [-71.2371, 46.8319], [-71.2368, 46.8319], [-71.2365, 46.8319], [-71.2362, 46.8319], [-71.2359, 46.8318], [-71.2356, 46.8318], [-71.2354, 46.8318], [-71.2351, 46.8317], [-71.235, 46.8316], [-71.2348, 46.8316], [-71.2347, 46.8315], [-71.2347, 46.8314], [-71.2347, 46.8313], [-71.2347, 46.8312], [-71.2347, 46.8311], [-71.2348, 46.831], [-71.2349, 46.831], [-71.235, 46.8309], [-71.2351, 46.8308], [-71.2352, 46.8308], [-71.2353, 46.8307], [-71.2354, 46.8307], [-71.2354, 46.8306], [-71.2355, 46.8305], [-71.2354, 46.8304], [-71.2354, 46.8303], [-71.2353, 46.8303], [-71.2352, 46.8302], [-71.2351, 46.8302], [-71.2349, 46.8303], [-71.2348, 46.8303], [-71.2347, 46.8304], [-71.2346, 46.8306], [-71.2345, 46.8308], [-71.2343, 46.8309], [-71.234, 46.831], [-71.2338, 46.8311], [-71.2334, 46.8311], [-71.233, 46.8311], [-71.2326, 46.831], [-71.2321, 46.831], [-71.2315, 46.8308], [-71.231, 46.8307], [-71.2306, 46.8306], [-71.2302, 46.8305], [-71.2298, 46.8304], [-71.2296, 46.8303], [-71.2294, 46.8302], [-71.2292, 46.8301], [-71.2291, 46.83], [-71.229, 46.8298], [-71.229, 46.8295], [-71.2291, 46.8291], [-71.2292, 46.8287], [-71.2293, 46.8281], [-71.2295, 46.8274], [-71.2297, 46.8267], [-71.23, 46.8259], [-71.2303, 46.8251], [-71.2305, 46.8245], [-71.2307, 46.824], [-71.2309, 46.8236], [-71.2311, 46.8233], [-71.2313, 46.8232], [-71.2315, 46.8231], [-71.2316, 46.8231], [-71.2317, 46.8232], [-71.2319, 46.8232], [-71.232, 46.8232], [-71.2321, 46.8233], [-71.2322, 46.8233], [-71.2324, 46.8232], [-71.2325, 46.8232], [-71.2326, 46.8232], [-71.2327, 46.8232], [-71.2328, 46.8232], [-71.2329, 46.8232], [-71.233, 46.8232], [-71.2331, 46.8232], [-71.2331, 46.8233], [-71.2332, 46.8233], [-71.2332, 46.8234], [-71.2332, 46.8235], [-71.2333, 46.8235], [-71.2334, 46.8236], [-71.2334, 46.8235], [-71.2335, 46.8235], [-71.2336, 46.8235], [-71.2337, 46.8234], [-71.2338, 46.8234], [-71.2339, 46.8234], [-71.234, 46.8234], [-71.2342, 46.8234], [-71.2343, 46.8234], [-71.2345, 46.8234], [-71.2346, 46.8235], [-71.2348, 46.8236], [-71.2351, 46.8236], [-71.2353, 46.8237], [-71.2356, 46.8237], [-71.236, 46.8238], [-71.2364, 46.8238], [-71.2368, 46.8239], [-71.2373, 46.8239], [-71.2379, 46.8239], [-71.2384, 46.824], [-71.2388, 46.824], [-71.2392, 46.8241], [-71.2395, 46.8242], [-71.2397, 46.8243], [-71.2399, 46.8244], [-71.2401, 46.8246], [-71.2402, 46.8247], [-71.2402, 46.8248], [-71.2403, 46.825], [-71.2404, 46.825], [-71.2405, 46.8251], [-71.2406, 46.8251], [-71.2407, 46.8252], [-71.2408, 46.8251], [-71.2409, 46.8251], [-71.241, 46.8251], [-71.2411, 46.8251], [-71.2412, 46.8252], [-71.2413, 46.8252], [-71.2414, 46.8253], [-71.2414, 46.8254], [-71.2414, 46.8257], [-71.2413, 46.826], [-71.2412, 46.8264], [-71.2411, 46.827], [-71.2409, 46.8276], [-71.2407, 46.8283]]]}}, {"type": "Feature", "properties": {"couche": "voile", "station": "Hôpital Saint-François d'Assise", "minutes": 8}, "geometry": {"type": "Polygon", "coordinates": [[[-71.4006, 46.9387], [-71.0729, 46.9408], [-71.0705, 46.7161], [-71.3968, 46.714], [-71.4006, 46.9387]], [[-71.2409, 46.8276], [-71.2411, 46.827], [-71.2412, 46.8264], [-71.2413, 46.826], [-71.2414, 46.8257], [-71.2414, 46.8254], [-71.2414, 46.8253], [-71.2413, 46.8252], [-71.2412, 46.8252], [-71.2411, 46.8251], [-71.241, 46.8251], [-71.2409, 46.8251], [-71.2408, 46.8251], [-71.2407, 46.8252], [-71.2406, 46.8251], [-71.2405, 46.8251], [-71.2404, 46.825], [-71.2403, 46.825], [-71.2402, 46.8248], [-71.2402, 46.8247], [-71.2401, 46.8246], [-71.2399, 46.8244], [-71.2397, 46.8243], [-71.2395, 46.8242], [-71.2392, 46.8241], [-71.2388, 46.824], [-71.2384, 46.824], [-71.2379, 46.8239], [-71.2373, 46.8239], [-71.2368, 46.8239], [-71.2364, 46.8238], [-71.236, 46.8238], [-71.2356, 46.8237], [-71.2353, 46.8237], [-71.2351, 46.8236], [-71.2348, 46.8236], [-71.2346, 46.8235], [-71.2345, 46.8234], [-71.2343, 46.8234], [-71.2342, 46.8234], [-71.234, 46.8234], [-71.2339, 46.8234], [-71.2338, 46.8234], [-71.2337, 46.8234], [-71.2336, 46.8235], [-71.2335, 46.8235], [-71.2334, 46.8235], [-71.2334, 46.8236], [-71.2333, 46.8235], [-71.2332, 46.8235], [-71.2332, 46.8234], [-71.2332, 46.8233], [-71.2331, 46.8233], [-71.2331, 46.8232], [-71.233, 46.8232], [-71.2329, 46.8232], [-71.2328, 46.8232], [-71.2327, 46.8232], [-71.2326, 46.8232], [-71.2325, 46.8232], [-71.2324, 46.8232], [-71.2322, 46.8233], [-71.2321, 46.8233], [-71.232, 46.8232], [-71.2319, 46.8232], [-71.2317, 46.8232], [-71.2316, 46.8231], [-71.2315, 46.8231], [-71.2313, 46.8232], [-71.2311, 46.8233], [-71.2309, 46.8236], [-71.2307, 46.824], [-71.2305, 46.8245], [-71.2303, 46.8251], [-71.23, 46.8259], [-71.2297, 46.8267], [-71.2295, 46.8274], [-71.2293, 46.8281], [-71.2292, 46.8287], [-71.2291, 46.8291], [-71.229, 46.8295], [-71.229, 46.8298], [-71.2291, 46.83], [-71.2292, 46.8301], [-71.2294, 46.8302], [-71.2296, 46.8303], [-71.2298, 46.8304], [-71.2302, 46.8305], [-71.2306, 46.8306], [-71.231, 46.8307], [-71.2315, 46.8308], [-71.2321, 46.831], [-71.2326, 46.831], [-71.233, 46.8311], [-71.2334, 46.8311], [-71.2338, 46.8311], [-71.234, 46.831], [-71.2343, 46.8309], [-71.2345, 46.8308], [-71.2346, 46.8306], [-71.2347, 46.8304], [-71.2348, 46.8303], [-71.2349, 46.8303], [-71.2351, 46.8302], [-71.2352, 46.8302], [-71.2353, 46.8303], [-71.2354, 46.8303], [-71.2354, 46.8304], [-71.2355, 46.8305], [-71.2354, 46.8306], [-71.2354, 46.8307], [-71.2353, 46.8307], [-71.2352, 46.8308], [-71.2351, 46.8308], [-71.235, 46.8309], [-71.2349, 46.831], [-71.2348, 46.831], [-71.2347, 46.8311], [-71.2347, 46.8312], [-71.2347, 46.8313], [-71.2347, 46.8314], [-71.2347, 46.8315], [-71.2348, 46.8316], [-71.235, 46.8316], [-71.2351, 46.8317], [-71.2354, 46.8318], [-71.2356, 46.8318], [-71.2359, 46.8318], [-71.2362, 46.8319], [-71.2365, 46.8319], [-71.2368, 46.8319], [-71.2371, 46.8319], [-71.2373, 46.8318], [-71.2375, 46.8318], [-71.2376, 46.8317], [-71.2378, 46.8316], [-71.2379, 46.8315], [-71.238, 46.8314], [-71.2381, 46.8313], [-71.2382, 46.8313], [-71.2382, 46.8314], [-71.2382, 46.8315], [-71.2383, 46.8316], [-71.2383, 46.8317], [-71.2384, 46.8317], [-71.2385, 46.8318], [-71.2386, 46.8318], [-71.2388, 46.8318], [-71.239, 46.8318], [-71.2391, 46.8318], [-71.2393, 46.8316], [-71.2395, 46.8313], [-71.2397, 46.8309], [-71.24, 46.8304], [-71.2402, 46.8298], [-71.2404, 46.8291], [-71.2407, 46.8283], [-71.2409, 46.8276]]]}}, {"type": "Feature", "properties": {"couche": "aire_marche", "station": "Hôpital Saint-François d'Assise", "ordre": 25, "minutes": 9, "superficie_ha": 87.0, "rue_km": 24.83, "disque_ha": 124.7, "part_disque_pct": 70, "accroche_m": 9, "population": 6944, "navetteurs": 2509, "mode_auto_pct": 52, "mode_tc_pct": 20, "mode_actif_pct": 27, "mode_autre_pct": 1}, "geometry": {"type": "Polygon", "coordinates": [[[-71.242, 46.8264], [-71.242, 46.8268], [-71.2419, 46.8272], [-71.2418, 46.8276], [-71.2417, 46.8281], [-71.2415, 46.8285], [-71.2414, 46.829], [-71.2412, 46.8295], [-71.241, 46.83], [-71.2408, 46.8306], [-71.2406, 46.831], [-71.2404, 46.8314], [-71.2402, 46.8318], [-71.24, 46.832], [-71.2399, 46.8322], [-71.2397, 46.8323], [-71.2395, 46.8324], [-71.2394, 46.8324], [-71.2393, 46.8323], [-71.2392, 46.8323], [-71.2391, 46.8323], [-71.239, 46.8322], [-71.2389, 46.8322], [-71.2389, 46.8321], [-71.2388, 46.8321], [-71.2388, 46.832], [-71.2387, 46.8319], [-71.2387, 46.832], [-71.2386, 46.832], [-71.2385, 46.832], [-71.2384, 46.8321], [-71.2383, 46.8322], [-71.2382, 46.8323], [-71.2381, 46.8323], [-71.238, 46.8324], [-71.2378, 46.8324], [-71.2377, 46.8324], [-71.2376, 46.8325], [-71.2374, 46.8325], [-71.2372, 46.8324], [-71.2371, 46.8324], [-71.2369, 46.8324], [-71.2368, 46.8323], [-71.2366, 46.8323], [-71.2365, 46.8322], [-71.2363, 46.8321], [-71.2362, 46.832], [-71.2361, 46.8319], [-71.2359, 46.8318], [-71.2358, 46.8318], [-71.2357, 46.8317], [-71.2356, 46.8317], [-71.2355, 46.8317], [-71.2355, 46.8318], [-71.2354, 46.8319], [-71.2353, 46.832], [-71.2352, 46.832], [-71.2351, 46.8321], [-71.2349, 46.8321], [-71.2348, 46.8321], [-71.2346, 46.8321], [-71.2345, 46.8321], [-71.2344, 46.8321], [-71.2343, 46.8321], [-71.2342, 46.832], [-71.2341, 46.832], [-71.234, 46.8319], [-71.234, 46.8318], [-71.2339, 46.8317], [-71.2337, 46.8316], [-71.2335, 46.8315], [-71.2333, 46.8315], [-71.233, 46.8314], [-71.2326, 46.8313], [-71.2322, 46.8313], [-71.2318, 46.8312], [-71.2314, 46.8312], [-71.231, 46.8311], [-71.2308, 46.8311], [-71.2305, 46.831], [-71.2304, 46.8309], [-71.2302, 46.8308], [-71.2302, 46.8307], [-71.2301, 46.8306], [-71.23, 46.8305], [-71.2298, 46.8305], [-71.2297, 46.8305], [-71.2296, 46.8306], [-71.2294, 46.8306], [-71.2293, 46.8306], [-71.2291, 46.8307], [-71.229, 46.8307], [-71.2289, 46.8306], [-71.2288, 46.8306], [-71.2288, 46.8305], [-71.2288, 46.8304], [-71.2287, 46.8303], [-71.2286, 46.8302], [-71.2285, 46.8301], [-71.2284, 46.8301], [-71.2283, 46.83], [-71.2282, 46.83], [-71.2282, 46.8299], [-71.2282, 46.8298], [-71.2283, 46.8297], [-71.2284, 46.8296], [-71.2286, 46.8295], [-71.2287, 46.8294], [-71.2287, 46.8293], [-71.2288, 46.8292], [-71.2288, 46.8291], [-71.2287, 46.829], [-71.2286, 46.8289], [-71.2285, 46.8288], [-71.2285, 46.8285], [-71.2285, 46.8282], [-71.2286, 46.8278], [-71.2287, 46.8273], [-71.2289, 46.8267], [-71.2291, 46.826], [-71.2294, 46.8252], [-71.2296, 46.8245], [-71.2299, 46.824], [-71.2301, 46.8235], [-71.2304, 46.8232], [-71.2306, 46.823], [-71.2309, 46.8229], [-71.2311, 46.8228], [-71.2313, 46.823], [-71.2315, 46.823], [-71.2317, 46.8231], [-71.2318, 46.8231], [-71.2319, 46.8232], [-71.232, 46.8232], [-71.2321, 46.8231], [-71.2322, 46.8231], [-71.2322, 46.823], [-71.2322, 46.8229], [-71.2323, 46.8229], [-71.2324, 46.8228], [-71.2325, 46.8228], [-71.2326, 46.8228], [-71.2328, 46.8227], [-71.2329, 46.8227], [-71.2331, 46.8227], [-71.2333, 46.8228], [-71.2335, 46.8228], [-71.2337, 46.8228], [-71.234, 46.8229], [-71.2342, 46.823], [-71.2344, 46.8231], [-71.2347, 46.8232], [-71.2349, 46.8234], [-71.2352, 46.8235], [-71.2355, 46.8236], [-71.2358, 46.8236], [-71.2362, 46.8237], [-71.2365, 46.8237], [-71.2369, 46.8237], [-71.2374, 46.8237], [-71.2378, 46.8237], [-71.2382, 46.8236], [-71.2387, 46.8237], [-71.2391, 46.8237], [-71.2395, 46.8238], [-71.2399, 46.8239], [-71.2402, 46.824], [-71.2406, 46.8241], [-71.241, 46.8243], [-71.2413, 46.8245], [-71.2415, 46.8248], [-71.2417, 46.825], [-71.2419, 46.8253], [-71.242, 46.8256], [-71.242, 46.826], [-71.242, 46.8264]]]}}, {"type": "Feature", "properties": {"couche": "voile", "station": "Hôpital Saint-François d'Assise", "minutes": 9}, "geometry": {"type": "Polygon", "coordinates": [[[-71.4012, 46.9393], [-71.0721, 46.9414], [-71.0697, 46.7157], [-71.3974, 46.7136], [-71.4012, 46.9393]], [[-71.242, 46.826], [-71.242, 46.8256], [-71.2419, 46.8253], [-71.2417, 46.825], [-71.2415, 46.8248], [-71.2413, 46.8245], [-71.241, 46.8243], [-71.2406, 46.8241], [-71.2402, 46.824], [-71.2399, 46.8239], [-71.2395, 46.8238], [-71.2391, 46.8237], [-71.2387, 46.8237], [-71.2382, 46.8236], [-71.2378, 46.8237], [-71.2374, 46.8237], [-71.2369, 46.8237], [-71.2365, 46.8237], [-71.2362, 46.8237], [-71.2358, 46.8236], [-71.2355, 46.8236], [-71.2352, 46.8235], [-71.2349, 46.8234], [-71.2347, 46.8232], [-71.2344, 46.8231], [-71.2342, 46.823], [-71.234, 46.8229], [-71.2337, 46.8228], [-71.2335, 46.8228], [-71.2333, 46.8228], [-71.2331, 46.8227], [-71.2329, 46.8227], [-71.2328, 46.8227], [-71.2326, 46.8228], [-71.2325, 46.8228], [-71.2324, 46.8228], [-71.2323, 46.8229], [-71.2322, 46.8229], [-71.2322, 46.823], [-71.2322, 46.8231], [-71.2321, 46.8231], [-71.232, 46.8232], [-71.2319, 46.8232], [-71.2318, 46.8231], [-71.2317, 46.8231], [-71.2315, 46.823], [-71.2313, 46.823], [-71.2311, 46.8228], [-71.2309, 46.8229], [-71.2306, 46.823], [-71.2304, 46.8232], [-71.2301, 46.8235], [-71.2299, 46.824], [-71.2296, 46.8245], [-71.2294, 46.8252], [-71.2291, 46.826], [-71.2289, 46.8267], [-71.2287, 46.8273], [-71.2286, 46.8278], [-71.2285, 46.8282], [-71.2285, 46.8285], [-71.2285, 46.8288], [-71.2286, 46.8289], [-71.2287, 46.829], [-71.2288, 46.8291], [-71.2288, 46.8292], [-71.2287, 46.8293], [-71.2287, 46.8294], [-71.2286, 46.8295], [-71.2284, 46.8296], [-71.2283, 46.8297], [-71.2282, 46.8298], [-71.2282, 46.8299], [-71.2282, 46.83], [-71.2283, 46.83], [-71.2284, 46.8301], [-71.2285, 46.8301], [-71.2286, 46.8302], [-71.2287, 46.8303], [-71.2288, 46.8304], [-71.2288, 46.8305], [-71.2288, 46.8306], [-71.2289, 46.8306], [-71.229, 46.8307], [-71.2291, 46.8307], [-71.2293, 46.8306], [-71.2294, 46.8306], [-71.2296, 46.8306], [-71.2297, 46.8305], [-71.2298, 46.8305], [-71.23, 46.8305], [-71.2301, 46.8306], [-71.2302, 46.8307], [-71.2302, 46.8308], [-71.2304, 46.8309], [-71.2305, 46.831], [-71.2308, 46.8311], [-71.231, 46.8311], [-71.2314, 46.8312], [-71.2318, 46.8312], [-71.2322, 46.8313], [-71.2326, 46.8313], [-71.233, 46.8314], [-71.2333, 46.8315], [-71.2335, 46.8315], [-71.2337, 46.8316], [-71.2339, 46.8317], [-71.234, 46.8318], [-71.234, 46.8319], [-71.2341, 46.832], [-71.2342, 46.832], [-71.2343, 46.8321], [-71.2344, 46.8321], [-71.2345, 46.8321], [-71.2346, 46.8321], [-71.2348, 46.8321], [-71.2349, 46.8321], [-71.2351, 46.8321], [-71.2352, 46.832], [-71.2353, 46.832], [-71.2354, 46.8319], [-71.2355, 46.8318], [-71.2355, 46.8317], [-71.2356, 46.8317], [-71.2357, 46.8317], [-71.2358, 46.8318], [-71.2359, 46.8318], [-71.2361, 46.8319], [-71.2362, 46.832], [-71.2363, 46.8321], [-71.2365, 46.8322], [-71.2366, 46.8323], [-71.2368, 46.8323], [-71.2369, 46.8324], [-71.2371, 46.8324], [-71.2372, 46.8324], [-71.2374, 46.8325], [-71.2376, 46.8325], [-71.2377, 46.8324], [-71.2378, 46.8324], [-71.238, 46.8324], [-71.2381, 46.8323], [-71.2382, 46.8323], [-71.2383, 46.8322], [-71.2384, 46.8321], [-71.2385, 46.832], [-71.2386, 46.832], [-71.2387, 46.832], [-71.2387, 46.8319], [-71.2388, 46.832], [-71.2388, 46.8321], [-71.2389, 46.8321], [-71.2389, 46.8322], [-71.239, 46.8322], [-71.2391, 46.8323], [-71.2392, 46.8323], [-71.2393, 46.8323], [-71.2394, 46.8324], [-71.2395, 46.8324], [-71.2397, 46.8323], [-71.2399, 46.8322], [-71.24, 46.832], [-71.2402, 46.8318], [-71.2404, 46.8314], [-71.2406, 46.831], [-71.2408, 46.8306], [-71.241, 46.83], [-71.2412, 46.8295], [-71.2414, 46.829], [-71.2415, 46.8285], [-71.2417, 46.8281], [-71.2418, 46.8276], [-71.2419, 46.8272], [-71.242, 46.8268], [-71.242, 46.8264], [-71.242, 46.826]]]}}, {"type": "Feature", "properties": {"couche": "aire_marche", "station": "Hôpital Saint-François d'Assise", "ordre": 25, "minutes": 10, "superficie_ha": 104.2, "rue_km": 29.69, "disque_ha": 153.9, "part_disque_pct": 68, "accroche_m": 9, "population": 8126, "navetteurs": 2958, "mode_auto_pct": 52, "mode_tc_pct": 20, "mode_actif_pct": 27, "mode_autre_pct": 1}, "geometry": {"type": "Polygon", "coordinates": [[[-71.2425, 46.8255], [-71.2424, 46.8256], [-71.2423, 46.8256], [-71.2423, 46.8257], [-71.2422, 46.8258], [-71.2422, 46.8259], [-71.2423, 46.826], [-71.2423, 46.8261], [-71.2424, 46.8262], [-71.2424, 46.8264], [-71.2424, 46.8266], [-71.2424, 46.8268], [-71.2424, 46.8272], [-71.2423, 46.8276], [-71.2422, 46.828], [-71.2421, 46.8285], [-71.2419, 46.8291], [-71.2418, 46.8296], [-71.2416, 46.8301], [-71.2415, 46.8305], [-71.2413, 46.8308], [-71.2412, 46.831], [-71.241, 46.8312], [-71.2408, 46.8314], [-71.2407, 46.8315], [-71.2405, 46.8315], [-71.2404, 46.8316], [-71.2404, 46.8317], [-71.2404, 46.8318], [-71.2405, 46.8319], [-71.2406, 46.8319], [-71.2407, 46.832], [-71.2408, 46.832], [-71.2408, 46.8321], [-71.2408, 46.8322], [-71.2408, 46.8323], [-71.2408, 46.8324], [-71.2408, 46.8325], [-71.2408, 46.8326], [-71.2407, 46.8327], [-71.2406, 46.8327], [-71.2405, 46.8328], [-71.2404, 46.8328], [-71.2403, 46.8328], [-71.2401, 46.8328], [-71.2399, 46.8327], [-71.2397, 46.8327], [-71.2396, 46.8326], [-71.2394, 46.8326], [-71.2392, 46.8326], [-71.2391, 46.8326], [-71.2389, 46.8327], [-71.2388, 46.8327], [-71.2386, 46.8328], [-71.2385, 46.8328], [-71.2383, 46.8329], [-71.2381, 46.8329], [-71.2379, 46.8329], [-71.2376, 46.8329], [-71.2373, 46.8328], [-71.237, 46.8327], [-71.2366, 46.8326], [-71.2362, 46.8325], [-71.2358, 46.8324], [-71.2354, 46.8323], [-71.2351, 46.8322], [-71.2349, 46.8322], [-71.2347, 46.8322], [-71.2345, 46.8322], [-71.2344, 46.8323], [-71.2343, 46.8323], [-71.2342, 46.8324], [-71.2339, 46.8324], [-71.2336, 46.8323], [-71.2331, 46.8323], [-71.2326, 46.8322], [-71.232, 46.832], [-71.2313, 46.8319], [-71.2306, 46.8317], [-71.2299, 46.8315], [-71.2293, 46.8313], [-71.2288, 46.8311], [-71.2283, 46.831], [-71.228, 46.8308], [-71.2278, 46.8306], [-71.2276, 46.8305], [-71.2275, 46.8303], [-71.2274, 46.8302], [-71.2274, 46.83], [-71.2274, 46.8299], [-71.2274, 46.8297], [-71.2274, 46.8295], [-71.2274, 46.8293], [-71.2274, 46.829], [-71.2275, 46.8288], [-71.2276, 46.8286], [-71.2277, 46.8283], [-71.2277, 46.828], [-71.2278, 46.8277], [-71.228, 46.8274], [-71.2281, 46.827], [-71.2282, 46.8266], [-71.2284, 46.8262], [-71.2285, 46.8259], [-71.2286, 46.8255], [-71.2287, 46.8253], [-71.2289, 46.8251], [-71.229, 46.8249], [-71.2291, 46.8247], [-71.2292, 46.8246], [-71.2293, 46.8246], [-71.2293, 46.8245], [-71.2294, 46.8245], [-71.2294, 46.8244], [-71.2294, 46.8243], [-71.2295, 46.8243], [-71.2294, 46.8242], [-71.2294, 46.8241], [-71.2294, 46.824], [-71.2293, 46.8239], [-71.2293, 46.8238], [-71.2294, 46.8237], [-71.2295, 46.8236], [-71.2296, 46.8235], [-71.2297, 46.8235], [-71.2298, 46.8234], [-71.23, 46.8233], [-71.2301, 46.8232], [-71.23, 46.8231], [-71.2299, 46.8231], [-71.2298, 46.8231], [-71.2297, 46.8231], [-71.2296, 46.823], [-71.2295, 46.823], [-71.2295, 46.8229], [-71.2294, 46.8228], [-71.2294, 46.8227], [-71.2294, 46.8226], [-71.2295, 46.8225], [-71.2295, 46.8224], [-71.2296, 46.8223], [-71.2297, 46.8223], [-71.2298, 46.8223], [-71.23, 46.8223], [-71.2301, 46.8223], [-71.2303, 46.8224], [-71.2305, 46.8225], [-71.2307, 46.8225], [-71.2309, 46.8226], [-71.231, 46.8226], [-71.2312, 46.8226], [-71.2313, 46.8226], [-71.2314, 46.8226], [-71.2315, 46.8225], [-71.2316, 46.8225], [-71.2317, 46.8224], [-71.2318, 46.8224], [-71.2319, 46.8224], [-71.232, 46.8224], [-71.2321, 46.8224], [-71.2323, 46.8225], [-71.2325, 46.8225], [-71.2326, 46.8226], [-71.2328, 46.8226], [-71.233, 46.8227], [-71.2331, 46.8227], [-71.2333, 46.8227], [-71.2335, 46.8227], [-71.2337, 46.8227], [-71.2338, 46.8227], [-71.234, 46.8226], [-71.2342, 46.8226], [-71.2343, 46.8225], [-71.2344, 46.8225], [-71.2345, 46.8225], [-71.2346, 46.8226], [-71.2347, 46.8226], [-71.2348, 46.8227], [-71.2348, 46.8228], [-71.2348, 46.8229], [-71.2347, 46.823], [-71.2346, 46.8231], [-71.2345, 46.8231], [-71.2344, 46.8232], [-71.2344, 46.8233], [-71.2345, 46.8233], [-71.2346, 46.8234], [-71.2347, 46.8235], [-71.2349, 46.8235], [-71.2351, 46.8236], [-71.2353, 46.8237], [-71.2355, 46.8237], [-71.2358, 46.8237], [-71.236, 46.8238], [-71.2363, 46.8238], [-71.2365, 46.8238], [-71.2368, 46.8238], [-71.2371, 46.8238], [-71.2374, 46.8237], [-71.2376, 46.8237], [-71.2378, 46.8236], [-71.2381, 46.8236], [-71.2383, 46.8235], [-71.2385, 46.8234], [-71.2386, 46.8234], [-71.2388, 46.8233], [-71.239, 46.8232], [-71.2391, 46.8232], [-71.2392, 46.8232], [-71.2394, 46.8232], [-71.2395, 46.8233], [-71.2396, 46.8234], [-71.2397, 46.8235], [-71.2398, 46.8236], [-71.2399, 46.8238], [-71.2401, 46.8239], [-71.2402, 46.824], [-71.2404, 46.8241], [-71.2407, 46.8241], [-71.2409, 46.8242], [-71.2412, 46.8242], [-71.2415, 46.8242], [-71.2418, 46.8242], [-71.2421, 46.8243], [-71.2423, 46.8243], [-71.2424, 46.8244], [-71.2426, 46.8245], [-71.2427, 46.8246], [-71.2427, 46.8247], [-71.2428, 46.8248], [-71.2428, 46.825], [-71.2428, 46.8251], [-71.2428, 46.8252], [-71.2427, 46.8253], [-71.2427, 46.8254], [-71.2426, 46.8255], [-71.2425, 46.8255]]]}}, {"type": "Feature", "properties": {"couche": "voile", "station": "Hôpital Saint-François d'Assise", "minutes": 10}, "geometry": {"type": "Polygon", "coordinates": [[[-71.402, 46.9397], [-71.0713, 46.9418], [-71.0689, 46.7153], [-71.3982, 46.7131], [-71.402, 46.9397]], [[-71.2426, 46.8255], [-71.2427, 46.8254], [-71.2427, 46.8253], [-71.2428, 46.8252], [-71.2428, 46.8251], [-71.2428, 46.825], [-71.2428, 46.8248], [-71.2427, 46.8247], [-71.2427, 46.8246], [-71.2426, 46.8245], [-71.2424, 46.8244], [-71.2423, 46.8243], [-71.2421, 46.8243], [-71.2418, 46.8242], [-71.2415, 46.8242], [-71.2412, 46.8242], [-71.2409, 46.8242], [-71.2407, 46.8241], [-71.2404, 46.8241], [-71.2402, 46.824], [-71.2401, 46.8239], [-71.2399, 46.8238], [-71.2398, 46.8236], [-71.2397, 46.8235], [-71.2396, 46.8234], [-71.2395, 46.8233], [-71.2394, 46.8232], [-71.2392, 46.8232], [-71.2391, 46.8232], [-71.239, 46.8232], [-71.2388, 46.8233], [-71.2386, 46.8234], [-71.2385, 46.8234], [-71.2383, 46.8235], [-71.2381, 46.8236], [-71.2378, 46.8236], [-71.2376, 46.8237], [-71.2374, 46.8237], [-71.2371, 46.8238], [-71.2368, 46.8238], [-71.2365, 46.8238], [-71.2363, 46.8238], [-71.236, 46.8238], [-71.2358, 46.8237], [-71.2355, 46.8237], [-71.2353, 46.8237], [-71.2351, 46.8236], [-71.2349, 46.8235], [-71.2347, 46.8235], [-71.2346, 46.8234], [-71.2345, 46.8233], [-71.2344, 46.8233], [-71.2344, 46.8232], [-71.2345, 46.8231], [-71.2346, 46.8231], [-71.2347, 46.823], [-71.2348, 46.8229], [-71.2348, 46.8228], [-71.2348, 46.8227], [-71.2347, 46.8226], [-71.2346, 46.8226], [-71.2345, 46.8225], [-71.2344, 46.8225], [-71.2343, 46.8225], [-71.2342, 46.8226], [-71.234, 46.8226], [-71.2338, 46.8227], [-71.2337, 46.8227], [-71.2335, 46.8227], [-71.2333, 46.8227], [-71.2331, 46.8227], [-71.233, 46.8227], [-71.2328, 46.8226], [-71.2326, 46.8226], [-71.2325, 46.8225], [-71.2323, 46.8225], [-71.2321, 46.8224], [-71.232, 46.8224], [-71.2319, 46.8224], [-71.2318, 46.8224], [-71.2317, 46.8224], [-71.2316, 46.8225], [-71.2315, 46.8225], [-71.2314, 46.8226], [-71.2313, 46.8226], [-71.2312, 46.8226], [-71.231, 46.8226], [-71.2309, 46.8226], [-71.2307, 46.8225], [-71.2305, 46.8225], [-71.2303, 46.8224], [-71.2301, 46.8223], [-71.23, 46.8223], [-71.2298, 46.8223], [-71.2297, 46.8223], [-71.2296, 46.8223], [-71.2295, 46.8224], [-71.2295, 46.8225], [-71.2294, 46.8226], [-71.2294, 46.8227], [-71.2294, 46.8228], [-71.2295, 46.8229], [-71.2295, 46.823], [-71.2296, 46.823], [-71.2297, 46.8231], [-71.2298, 46.8231], [-71.2299, 46.8231], [-71.23, 46.8231], [-71.2301, 46.8232], [-71.23, 46.8233], [-71.2298, 46.8234], [-71.2297, 46.8235], [-71.2296, 46.8235], [-71.2295, 46.8236], [-71.2294, 46.8237], [-71.2293, 46.8238], [-71.2293, 46.8239], [-71.2294, 46.824], [-71.2294, 46.8241], [-71.2294, 46.8242], [-71.2295, 46.8243], [-71.2294, 46.8243], [-71.2294, 46.8244], [-71.2294, 46.8245], [-71.2293, 46.8245], [-71.2293, 46.8246], [-71.2292, 46.8246], [-71.2291, 46.8247], [-71.229, 46.8249], [-71.2289, 46.8251], [-71.2287, 46.8253], [-71.2286, 46.8255], [-71.2285, 46.8259], [-71.2284, 46.8262], [-71.2282, 46.8266], [-71.2281, 46.827], [-71.228, 46.8274], [-71.2278, 46.8277], [-71.2277, 46.828], [-71.2277, 46.8283], [-71.2276, 46.8286], [-71.2275, 46.8288], [-71.2274, 46.829], [-71.2274, 46.8293], [-71.2274, 46.8295], [-71.2274, 46.8297], [-71.2274, 46.8299], [-71.2274, 46.83], [-71.2274, 46.8302], [-71.2275, 46.8303], [-71.2276, 46.8305], [-71.2278, 46.8306], [-71.228, 46.8308], [-71.2283, 46.831], [-71.2288, 46.8311], [-71.2293, 46.8313], [-71.2299, 46.8315], [-71.2306, 46.8317], [-71.2313, 46.8319], [-71.232, 46.832], [-71.2326, 46.8322], [-71.2331, 46.8323], [-71.2336, 46.8323], [-71.2339, 46.8324], [-71.2342, 46.8324], [-71.2343, 46.8323], [-71.2344, 46.8323], [-71.2345, 46.8322], [-71.2347, 46.8322], [-71.2349, 46.8322], [-71.2351, 46.8322], [-71.2354, 46.8323], [-71.2358, 46.8324], [-71.2362, 46.8325], [-71.2366, 46.8326], [-71.237, 46.8327], [-71.2373, 46.8328], [-71.2376, 46.8329], [-71.2379, 46.8329], [-71.2381, 46.8329], [-71.2383, 46.8329], [-71.2385, 46.8328], [-71.2386, 46.8328], [-71.2388, 46.8327], [-71.2389, 46.8327], [-71.2391, 46.8326], [-71.2392, 46.8326], [-71.2394, 46.8326], [-71.2396, 46.8326], [-71.2397, 46.8327], [-71.2399, 46.8327], [-71.2401, 46.8328], [-71.2403, 46.8328], [-71.2404, 46.8328], [-71.2405, 46.8328], [-71.2406, 46.8327], [-71.2407, 46.8327], [-71.2408, 46.8326], [-71.2408, 46.8325], [-71.2408, 46.8324], [-71.2408, 46.8323], [-71.2408, 46.8322], [-71.2408, 46.8321], [-71.2408, 46.832], [-71.2407, 46.832], [-71.2406, 46.8319], [-71.2405, 46.8319], [-71.2404, 46.8318], [-71.2404, 46.8317], [-71.2404, 46.8316], [-71.2405, 46.8315], [-71.2407, 46.8315], [-71.2408, 46.8314], [-71.241, 46.8312], [-71.2412, 46.831], [-71.2413, 46.8308], [-71.2415, 46.8305], [-71.2416, 46.8301], [-71.2418, 46.8296], [-71.2419, 46.8291], [-71.2421, 46.8285], [-71.2422, 46.828], [-71.2423, 46.8276], [-71.2424, 46.8272], [-71.2424, 46.8268], [-71.2424, 46.8266], [-71.2424, 46.8264], [-71.2424, 46.8262], [-71.2423, 46.8261], [-71.2423, 46.826], [-71.2422, 46.8259], [-71.2422, 46.8258], [-71.2423, 46.8257], [-71.2423, 46.8256], [-71.2424, 46.8256], [-71.2425, 46.8255], [-71.2426, 46.8255]]]}}, {"type": "Feature", "properties": {"couche": "aire_marche", "station": "Hôpital Saint-François d'Assise", "ordre": 25, "minutes": 11, "superficie_ha": 123.1, "rue_km": 35.86, "disque_ha": 186.3, "part_disque_pct": 66, "accroche_m": 9, "population": 9294, "navetteurs": 3409, "mode_auto_pct": 53, "mode_tc_pct": 20, "mode_actif_pct": 26, "mode_autre_pct": 1}, "geometry": {"type": "Polygon", "coordinates": [[[-71.2415, 46.8239], [-71.2419, 46.8239], [-71.2422, 46.8239], [-71.2426, 46.824], [-71.2428, 46.824], [-71.243, 46.8242], [-71.2432, 46.8243], [-71.2434, 46.8245], [-71.2434, 46.8247], [-71.2435, 46.825], [-71.2435, 46.8252], [-71.2435, 46.8254], [-71.2434, 46.8255], [-71.2434, 46.8257], [-71.2433, 46.8258], [-71.2432, 46.8259], [-71.243, 46.8259], [-71.2428, 46.8259], [-71.2427, 46.826], [-71.2426, 46.826], [-71.2425, 46.8261], [-71.2425, 46.8262], [-71.2425, 46.8263], [-71.2425, 46.8265], [-71.2426, 46.8267], [-71.2427, 46.8268], [-71.2428, 46.8271], [-71.2428, 46.8273], [-71.2429, 46.8276], [-71.2429, 46.8279], [-71.2428, 46.8283], [-71.2428, 46.8287], [-71.2427, 46.8291], [-71.2425, 46.8296], [-71.2424, 46.83], [-71.2422, 46.8304], [-71.242, 46.8307], [-71.2419, 46.8309], [-71.2417, 46.8312], [-71.2414, 46.8313], [-71.2412, 46.8314], [-71.241, 46.8315], [-71.2408, 46.8316], [-71.2406, 46.8316], [-71.2405, 46.8317], [-71.2406, 46.8317], [-71.2407, 46.8317], [-71.2408, 46.8317], [-71.241, 46.8317], [-71.2412, 46.8317], [-71.2413, 46.8318], [-71.2414, 46.8319], [-71.2415, 46.832], [-71.2416, 46.8321], [-71.2416, 46.8323], [-71.2415, 46.8324], [-71.2415, 46.8327], [-71.2414, 46.8328], [-71.2413, 46.833], [-71.2413, 46.8331], [-71.2412, 46.8332], [-71.2411, 46.8332], [-71.241, 46.8333], [-71.2408, 46.8333], [-71.2407, 46.8332], [-71.2406, 46.8332], [-71.2404, 46.8332], [-71.2403, 46.8332], [-71.2401, 46.8332], [-71.2399, 46.8332], [-71.2398, 46.8333], [-71.2396, 46.8333], [-71.2393, 46.8334], [-71.2391, 46.8334], [-71.2389, 46.8334], [-71.2386, 46.8334], [-71.2383, 46.8333], [-71.238, 46.8333], [-71.2377, 46.8332], [-71.2374, 46.8331], [-71.237, 46.8329], [-71.2367, 46.8328], [-71.2363, 46.8327], [-71.236, 46.8327], [-71.2357, 46.8326], [-71.2355, 46.8326], [-71.2352, 46.8326], [-71.235, 46.8327], [-71.2348, 46.8328], [-71.2345, 46.8328], [-71.2341, 46.8328], [-71.2336, 46.8328], [-71.2331, 46.8327], [-71.2325, 46.8326], [-71.2318, 46.8325], [-71.2311, 46.8323], [-71.2302, 46.8321], [-71.2295, 46.8319], [-71.2289, 46.8317], [-71.2284, 46.8315], [-71.228, 46.8313], [-71.2277, 46.8312], [-71.2275, 46.8311], [-71.2275, 46.8309], [-71.2275, 46.8308], [-71.2275, 46.8307], [-71.2275, 46.8306], [-71.2275, 46.8305], [-71.2275, 46.8303], [-71.2274, 46.8302], [-71.2273, 46.8301], [-71.2272, 46.83], [-71.2271, 46.8299], [-71.227, 46.8297], [-71.227, 46.8293], [-71.227, 46.8289], [-71.2271, 46.8284], [-71.2272, 46.8277], [-71.2274, 46.827], [-71.2276, 46.8261], [-71.2279, 46.8251], [-71.2281, 46.8243], [-71.2284, 46.8236], [-71.2286, 46.823], [-71.2289, 46.8225], [-71.2291, 46.8222], [-71.2294, 46.822], [-71.2296, 46.822], [-71.2298, 46.8221], [-71.23, 46.8221], [-71.2302, 46.8222], [-71.2304, 46.8222], [-71.2306, 46.8222], [-71.2307, 46.8222], [-71.2308, 46.8222], [-71.2309, 46.8221], [-71.231, 46.8221], [-71.2312, 46.8221], [-71.2313, 46.822], [-71.2314, 46.822], [-71.2316, 46.8221], [-71.2317, 46.8221], [-71.2319, 46.8222], [-71.2321, 46.8223], [-71.2323, 46.8224], [-71.2325, 46.8224], [-71.2326, 46.8225], [-71.2328, 46.8225], [-71.2329, 46.8225], [-71.233, 46.8225], [-71.2331, 46.8225], [-71.2332, 46.8225], [-71.2333, 46.8224], [-71.2333, 46.8223], [-71.2334, 46.8222], [-71.2335, 46.8222], [-71.2337, 46.8221], [-71.2338, 46.8221], [-71.234, 46.8221], [-71.2342, 46.822], [-71.2344, 46.822], [-71.2345, 46.822], [-71.2347, 46.822], [-71.2349, 46.822], [-71.235, 46.8221], [-71.2351, 46.8221], [-71.2352, 46.8222], [-71.2353, 46.8222], [-71.2354, 46.8223], [-71.2355, 46.8224], [-71.2355, 46.8225], [-71.2356, 46.8226], [-71.2356, 46.8227], [-71.2355, 46.8228], [-71.2355, 46.8229], [-71.2354, 46.823], [-71.2354, 46.8232], [-71.2353, 46.8233], [-71.2353, 46.8234], [-71.2353, 46.8235], [-71.2353, 46.8236], [-71.2354, 46.8236], [-71.2354, 46.8237], [-71.2356, 46.8237], [-71.2357, 46.8238], [-71.2358, 46.8238], [-71.236, 46.8238], [-71.2362, 46.8238], [-71.2364, 46.8238], [-71.2366, 46.8238], [-71.2368, 46.8238], [-71.237, 46.8238], [-71.2372, 46.8238], [-71.2375, 46.8237], [-71.2377, 46.8237], [-71.2379, 46.8236], [-71.2382, 46.8235], [-71.2384, 46.8234], [-71.2386, 46.8233], [-71.2388, 46.8231], [-71.239, 46.823], [-71.2392, 46.8228], [-71.2394, 46.8228], [-71.2395, 46.8227], [-71.2396, 46.8228], [-71.2397, 46.8228], [-71.2398, 46.8229], [-71.2399, 46.8231], [-71.2399, 46.8233], [-71.24, 46.8235], [-71.2401, 46.8236], [-71.2403, 46.8237], [-71.2405, 46.8238], [-71.2408, 46.8239], [-71.2411, 46.8239], [-71.2415, 46.8239]]]}}, {"type": "Feature", "properties": {"couche": "voile", "station": "Hôpital Saint-François d'Assise", "minutes": 11}, "geometry": {"type": "Polygon", "coordinates": [[[-71.4027, 46.9402], [-71.0709, 46.9423], [-71.0685, 46.715], [-71.3989, 46.7128], [-71.4027, 46.9402]], [[-71.2411, 46.8239], [-71.2408, 46.8239], [-71.2405, 46.8238], [-71.2403, 46.8237], [-71.2401, 46.8236], [-71.24, 46.8235], [-71.2399, 46.8233], [-71.2399, 46.8231], [-71.2398, 46.8229], [-71.2397, 46.8228], [-71.2396, 46.8228], [-71.2395, 46.8227], [-71.2394, 46.8228], [-71.2392, 46.8228], [-71.239, 46.823], [-71.2388, 46.8231], [-71.2386, 46.8233], [-71.2384, 46.8234], [-71.2382, 46.8235], [-71.2379, 46.8236], [-71.2377, 46.8237], [-71.2375, 46.8237], [-71.2372, 46.8238], [-71.237, 46.8238], [-71.2368, 46.8238], [-71.2366, 46.8238], [-71.2364, 46.8238], [-71.2362, 46.8238], [-71.236, 46.8238], [-71.2358, 46.8238], [-71.2357, 46.8238], [-71.2356, 46.8237], [-71.2354, 46.8237], [-71.2354, 46.8236], [-71.2353, 46.8236], [-71.2353, 46.8235], [-71.2353, 46.8234], [-71.2353, 46.8233], [-71.2354, 46.8232], [-71.2354, 46.823], [-71.2355, 46.8229], [-71.2355, 46.8228], [-71.2356, 46.8227], [-71.2356, 46.8226], [-71.2355, 46.8225], [-71.2355, 46.8224], [-71.2354, 46.8223], [-71.2353, 46.8222], [-71.2352, 46.8222], [-71.2351, 46.8221], [-71.235, 46.8221], [-71.2349, 46.822], [-71.2347, 46.822], [-71.2345, 46.822], [-71.2344, 46.822], [-71.2342, 46.822], [-71.234, 46.8221], [-71.2338, 46.8221], [-71.2337, 46.8221], [-71.2335, 46.8222], [-71.2334, 46.8222], [-71.2333, 46.8223], [-71.2333, 46.8224], [-71.2332, 46.8225], [-71.2331, 46.8225], [-71.233, 46.8225], [-71.2329, 46.8225], [-71.2328, 46.8225], [-71.2326, 46.8225], [-71.2325, 46.8224], [-71.2323, 46.8224], [-71.2321, 46.8223], [-71.2319, 46.8222], [-71.2317, 46.8221], [-71.2316, 46.8221], [-71.2314, 46.822], [-71.2313, 46.822], [-71.2312, 46.8221], [-71.231, 46.8221], [-71.2309, 46.8221], [-71.2308, 46.8222], [-71.2307, 46.8222], [-71.2306, 46.8222], [-71.2304, 46.8222], [-71.2302, 46.8222], [-71.23, 46.8221], [-71.2298, 46.8221], [-71.2296, 46.822], [-71.2294, 46.822], [-71.2291, 46.8222], [-71.2289, 46.8225], [-71.2286, 46.823], [-71.2284, 46.8236], [-71.2281, 46.8243], [-71.2279, 46.8251], [-71.2276, 46.8261], [-71.2274, 46.827], [-71.2272, 46.8277], [-71.2271, 46.8284], [-71.227, 46.8289], [-71.227, 46.8293], [-71.227, 46.8297], [-71.2271, 46.8299], [-71.2272, 46.83], [-71.2273, 46.8301], [-71.2274, 46.8302], [-71.2275, 46.8303], [-71.2275, 46.8305], [-71.2275, 46.8306], [-71.2275, 46.8307], [-71.2275, 46.8308], [-71.2275, 46.8309], [-71.2275, 46.8311], [-71.2277, 46.8312], [-71.228, 46.8313], [-71.2284, 46.8315], [-71.2289, 46.8317], [-71.2295, 46.8319], [-71.2302, 46.8321], [-71.2311, 46.8323], [-71.2318, 46.8325], [-71.2325, 46.8326], [-71.2331, 46.8327], [-71.2336, 46.8328], [-71.2341, 46.8328], [-71.2345, 46.8328], [-71.2348, 46.8328], [-71.235, 46.8327], [-71.2352, 46.8326], [-71.2355, 46.8326], [-71.2357, 46.8326], [-71.236, 46.8327], [-71.2363, 46.8327], [-71.2367, 46.8328], [-71.237, 46.8329], [-71.2374, 46.8331], [-71.2377, 46.8332], [-71.238, 46.8333], [-71.2383, 46.8333], [-71.2386, 46.8334], [-71.2389, 46.8334], [-71.2391, 46.8334], [-71.2393, 46.8334], [-71.2396, 46.8333], [-71.2398, 46.8333], [-71.2399, 46.8332], [-71.2401, 46.8332], [-71.2403, 46.8332], [-71.2404, 46.8332], [-71.2406, 46.8332], [-71.2407, 46.8332], [-71.2408, 46.8333], [-71.241, 46.8333], [-71.2411, 46.8332], [-71.2412, 46.8332], [-71.2413, 46.8331], [-71.2413, 46.833], [-71.2414, 46.8328], [-71.2415, 46.8327], [-71.2415, 46.8324], [-71.2416, 46.8323], [-71.2416, 46.8321], [-71.2415, 46.832], [-71.2414, 46.8319], [-71.2413, 46.8318], [-71.2412, 46.8317], [-71.241, 46.8317], [-71.2408, 46.8317], [-71.2407, 46.8317], [-71.2406, 46.8317], [-71.2405, 46.8317], [-71.2406, 46.8316], [-71.2408, 46.8316], [-71.241, 46.8315], [-71.2412, 46.8314], [-71.2414, 46.8313], [-71.2417, 46.8312], [-71.2419, 46.8309], [-71.242, 46.8307], [-71.2422, 46.8304], [-71.2424, 46.83], [-71.2425, 46.8296], [-71.2427, 46.8291], [-71.2428, 46.8287], [-71.2428, 46.8283], [-71.2429, 46.8279], [-71.2429, 46.8276], [-71.2428, 46.8273], [-71.2428, 46.8271], [-71.2427, 46.8268], [-71.2426, 46.8267], [-71.2425, 46.8265], [-71.2425, 46.8263], [-71.2425, 46.8262], [-71.2425, 46.8261], [-71.2426, 46.826], [-71.2427, 46.826], [-71.2428, 46.8259], [-71.243, 46.8259], [-71.2432, 46.8259], [-71.2433, 46.8258], [-71.2434, 46.8257], [-71.2434, 46.8255], [-71.2435, 46.8254], [-71.2435, 46.8252], [-71.2435, 46.825], [-71.2434, 46.8247], [-71.2434, 46.8245], [-71.2432, 46.8243], [-71.243, 46.8242], [-71.2428, 46.824], [-71.2426, 46.824], [-71.2422, 46.8239], [-71.2419, 46.8239], [-71.2415, 46.8239], [-71.2411, 46.8239]]]}}, {"type": "Feature", "properties": {"couche": "aire_marche", "station": "Hôpital Saint-François d'Assise", "ordre": 25, "minutes": 12, "superficie_ha": 145.8, "rue_km": 42.76, "disque_ha": 221.7, "part_disque_pct": 66, "accroche_m": 9, "population": 10607, "navetteurs": 3905, "mode_auto_pct": 53, "mode_tc_pct": 20, "mode_actif_pct": 26, "mode_autre_pct": 1}, "geometry": {"type": "Polygon", "coordinates": [[[-71.2431, 46.8294], [-71.2428, 46.8304], [-71.2425, 46.8313], [-71.2422, 46.832], [-71.242, 46.8326], [-71.2418, 46.8331], [-71.2416, 46.8334], [-71.2414, 46.8336], [-71.2412, 46.8337], [-71.2411, 46.8336], [-71.241, 46.8336], [-71.2408, 46.8336], [-71.2407, 46.8336], [-71.2406, 46.8336], [-71.2404, 46.8336], [-71.2403, 46.8336], [-71.2401, 46.8337], [-71.24, 46.8338], [-71.2398, 46.8339], [-71.2396, 46.8339], [-71.2395, 46.834], [-71.2393, 46.834], [-71.2392, 46.834], [-71.239, 46.834], [-71.2388, 46.834], [-71.2387, 46.834], [-71.2385, 46.8339], [-71.2384, 46.8339], [-71.2383, 46.8338], [-71.2381, 46.8338], [-71.238, 46.8337], [-71.2379, 46.8335], [-71.2379, 46.8334], [-71.2378, 46.8333], [-71.2377, 46.8332], [-71.2376, 46.8331], [-71.2376, 46.833], [-71.2375, 46.833], [-71.2374, 46.833], [-71.2373, 46.8331], [-71.2372, 46.8331], [-71.2372, 46.8332], [-71.2371, 46.8333], [-71.237, 46.8333], [-71.2368, 46.8333], [-71.2367, 46.8334], [-71.2366, 46.8334], [-71.2364, 46.8334], [-71.2362, 46.8333], [-71.2361, 46.8333], [-71.2359, 46.8333], [-71.2358, 46.8332], [-71.2357, 46.8332], [-71.2357, 46.8331], [-71.2357, 46.833], [-71.2356, 46.8329], [-71.2357, 46.8328], [-71.2357, 46.8327], [-71.2356, 46.8327], [-71.2355, 46.8326], [-71.2354, 46.8326], [-71.2352, 46.8327], [-71.235, 46.8327], [-71.2348, 46.8328], [-71.2345, 46.8329], [-71.2342, 46.833], [-71.2339, 46.8331], [-71.2337, 46.8332], [-71.2334, 46.8332], [-71.2332, 46.8333], [-71.233, 46.8333], [-71.2327, 46.8333], [-71.2325, 46.8332], [-71.2323, 46.8332], [-71.2321, 46.8331], [-71.2319, 46.8331], [-71.2317, 46.833], [-71.2315, 46.8329], [-71.2313, 46.8329], [-71.2311, 46.8328], [-71.2309, 46.8327], [-71.2306, 46.8326], [-71.2304, 46.8325], [-71.2301, 46.8324], [-71.2299, 46.8324], [-71.2296, 46.8323], [-71.2293, 46.8323], [-71.229, 46.8322], [-71.2287, 46.8322], [-71.2284, 46.8321], [-71.2281, 46.8321], [-71.2279, 46.832], [-71.2277, 46.832], [-71.2274, 46.8319], [-71.2273, 46.8318], [-71.2271, 46.8317], [-71.227, 46.8316], [-71.2269, 46.8315], [-71.2268, 46.8314], [-71.2268, 46.8313], [-71.2268, 46.8312], [-71.2269, 46.8311], [-71.227, 46.831], [-71.2271, 46.8309], [-71.2272, 46.8309], [-71.2273, 46.8308], [-71.2274, 46.8307], [-71.2274, 46.8306], [-71.2275, 46.8305], [-71.2275, 46.8304], [-71.2274, 46.8303], [-71.2273, 46.8302], [-71.2273, 46.8301], [-71.2272, 46.8301], [-71.2271, 46.83], [-71.227, 46.83], [-71.2269, 46.83], [-71.2268, 46.83], [-71.2266, 46.83], [-71.2265, 46.83], [-71.2264, 46.83], [-71.2263, 46.8299], [-71.2262, 46.8299], [-71.2262, 46.8298], [-71.2261, 46.8298], [-71.2261, 46.8297], [-71.2261, 46.8296], [-71.2261, 46.8294], [-71.2261, 46.8291], [-71.2262, 46.8287], [-71.2264, 46.8281], [-71.2265, 46.8275], [-71.2268, 46.8267], [-71.227, 46.8258], [-71.2273, 46.8248], [-71.2276, 46.8239], [-71.2278, 46.8231], [-71.2281, 46.8225], [-71.2283, 46.8219], [-71.2285, 46.8215], [-71.2287, 46.8213], [-71.2288, 46.8211], [-71.229, 46.8211], [-71.2291, 46.8211], [-71.2293, 46.8211], [-71.2296, 46.8212], [-71.2298, 46.8213], [-71.2301, 46.8214], [-71.2304, 46.8215], [-71.2307, 46.8216], [-71.2311, 46.8218], [-71.2314, 46.8219], [-71.2317, 46.8221], [-71.2319, 46.8221], [-71.2321, 46.8222], [-71.2323, 46.8222], [-71.2324, 46.8222], [-71.2325, 46.8221], [-71.2326, 46.822], [-71.2328, 46.8219], [-71.2329, 46.8218], [-71.2331, 46.8218], [-71.2333, 46.8217], [-71.2336, 46.8216], [-71.2338, 46.8216], [-71.2342, 46.8215], [-71.2345, 46.8215], [-71.2347, 46.8215], [-71.235, 46.8215], [-71.2352, 46.8215], [-71.2354, 46.8216], [-71.2356, 46.8217], [-71.2358, 46.8218], [-71.236, 46.8219], [-71.2361, 46.822], [-71.2362, 46.8222], [-71.2363, 46.8223], [-71.2364, 46.8224], [-71.2364, 46.8226], [-71.2365, 46.8227], [-71.2365, 46.8228], [-71.2365, 46.823], [-71.2365, 46.8231], [-71.2364, 46.8232], [-71.2364, 46.8233], [-71.2363, 46.8234], [-71.2362, 46.8235], [-71.2361, 46.8235], [-71.236, 46.8236], [-71.2359, 46.8236], [-71.2358, 46.8237], [-71.2357, 46.8237], [-71.2356, 46.8237], [-71.2356, 46.8238], [-71.2357, 46.8238], [-71.2358, 46.8238], [-71.2359, 46.8238], [-71.2361, 46.8238], [-71.2362, 46.8238], [-71.2364, 46.8238], [-71.2366, 46.8238], [-71.2368, 46.8238], [-71.237, 46.8238], [-71.2372, 46.8238], [-71.2375, 46.8237], [-71.2377, 46.8236], [-71.238, 46.8235], [-71.2382, 46.8234], [-71.2385, 46.8233], [-71.2387, 46.8231], [-71.2389, 46.8229], [-71.2392, 46.8226], [-71.2394, 46.8224], [-71.2396, 46.8223], [-71.2398, 46.8221], [-71.24, 46.822], [-71.2401, 46.822], [-71.2402, 46.822], [-71.2403, 46.822], [-71.2404, 46.8221], [-71.2404, 46.8222], [-71.2404, 46.8223], [-71.2404, 46.8224], [-71.2403, 46.8226], [-71.2402, 46.8227], [-71.2401, 46.8228], [-71.24, 46.823], [-71.2399, 46.8232], [-71.2398, 46.8233], [-71.2398, 46.8234], [-71.2397, 46.8235], [-71.2397, 46.8236], [-71.2397, 46.8237], [-71.2398, 46.8238], [-71.2399, 46.8239], [-71.24, 46.8239], [-71.2401, 46.8239], [-71.2403, 46.8238], [-71.2404, 46.8238], [-71.2406, 46.8237], [-71.2408, 46.8236], [-71.241, 46.8235], [-71.2412, 46.8234], [-71.2413, 46.8233], [-71.2415, 46.8233], [-71.2417, 46.8233], [-71.2418, 46.8233], [-71.2419, 46.8233], [-71.242, 46.8234], [-71.2421, 46.8235], [-71.2422, 46.8235], [-71.2424, 46.8236], [-71.2425, 46.8236], [-71.2426, 46.8236], [-71.2428, 46.8236], [-71.2429, 46.8236], [-71.2431, 46.8236], [-71.2433, 46.8235], [-71.2434, 46.8235], [-71.2435, 46.8235], [-71.2436, 46.8235], [-71.2436, 46.8236], [-71.2436, 46.8237], [-71.2435, 46.8238], [-71.2434, 46.8239], [-71.2434, 46.824], [-71.2433, 46.8242], [-71.2433, 46.8243], [-71.2433, 46.8244], [-71.2434, 46.8245], [-71.2435, 46.8246], [-71.2436, 46.8246], [-71.2437, 46.8247], [-71.2438, 46.8248], [-71.2439, 46.8249], [-71.244, 46.8249], [-71.244, 46.825], [-71.244, 46.8251], [-71.244, 46.8252], [-71.2439, 46.8253], [-71.2438, 46.8254], [-71.2438, 46.8255], [-71.2438, 46.8256], [-71.2439, 46.8256], [-71.2439, 46.8257], [-71.244, 46.8258], [-71.244, 46.8259], [-71.244, 46.8262], [-71.2439, 46.8266], [-71.2438, 46.8272], [-71.2436, 46.8278], [-71.2434, 46.8286], [-71.2431, 46.8294]]]}}, {"type": "Feature", "properties": {"couche": "voile", "station": "Hôpital Saint-François d'Assise", "minutes": 12}, "geometry": {"type": "Polygon", "coordinates": [[[-71.4032, 46.9408], [-71.07, 46.9429], [-71.0676, 46.7141], [-71.3994, 46.7119], [-71.4032, 46.9408]], [[-71.2434, 46.8286], [-71.2436, 46.8278], [-71.2438, 46.8272], [-71.2439, 46.8266], [-71.244, 46.8262], [-71.244, 46.8259], [-71.244, 46.8258], [-71.2439, 46.8257], [-71.2439, 46.8256], [-71.2438, 46.8256], [-71.2438, 46.8255], [-71.2438, 46.8254], [-71.2439, 46.8253], [-71.244, 46.8252], [-71.244, 46.8251], [-71.244, 46.825], [-71.244, 46.8249], [-71.2439, 46.8249], [-71.2438, 46.8248], [-71.2437, 46.8247], [-71.2436, 46.8246], [-71.2435, 46.8246], [-71.2434, 46.8245], [-71.2433, 46.8244], [-71.2433, 46.8243], [-71.2433, 46.8242], [-71.2434, 46.824], [-71.2434, 46.8239], [-71.2435, 46.8238], [-71.2436, 46.8237], [-71.2436, 46.8236], [-71.2436, 46.8235], [-71.2435, 46.8235], [-71.2434, 46.8235], [-71.2433, 46.8235], [-71.2431, 46.8236], [-71.2429, 46.8236], [-71.2428, 46.8236], [-71.2426, 46.8236], [-71.2425, 46.8236], [-71.2424, 46.8236], [-71.2422, 46.8235], [-71.2421, 46.8235], [-71.242, 46.8234], [-71.2419, 46.8233], [-71.2418, 46.8233], [-71.2417, 46.8233], [-71.2415, 46.8233], [-71.2413, 46.8233], [-71.2412, 46.8234], [-71.241, 46.8235], [-71.2408, 46.8236], [-71.2406, 46.8237], [-71.2404, 46.8238], [-71.2403, 46.8238], [-71.2401, 46.8239], [-71.24, 46.8239], [-71.2399, 46.8239], [-71.2398, 46.8238], [-71.2397, 46.8237], [-71.2397, 46.8236], [-71.2397, 46.8235], [-71.2398, 46.8234], [-71.2398, 46.8233], [-71.2399, 46.8232], [-71.24, 46.823], [-71.2401, 46.8228], [-71.2402, 46.8227], [-71.2403, 46.8226], [-71.2404, 46.8224], [-71.2404, 46.8223], [-71.2404, 46.8222], [-71.2404, 46.8221], [-71.2403, 46.822], [-71.2402, 46.822], [-71.2401, 46.822], [-71.24, 46.822], [-71.2398, 46.8221], [-71.2396, 46.8223], [-71.2394, 46.8224], [-71.2392, 46.8226], [-71.2389, 46.8229], [-71.2387, 46.8231], [-71.2385, 46.8233], [-71.2382, 46.8234], [-71.238, 46.8235], [-71.2377, 46.8236], [-71.2375, 46.8237], [-71.2372, 46.8238], [-71.237, 46.8238], [-71.2368, 46.8238], [-71.2366, 46.8238], [-71.2364, 46.8238], [-71.2362, 46.8238], [-71.2361, 46.8238], [-71.2359, 46.8238], [-71.2358, 46.8238], [-71.2357, 46.8238], [-71.2356, 46.8238], [-71.2356, 46.8237], [-71.2357, 46.8237], [-71.2358, 46.8237], [-71.2359, 46.8236], [-71.236, 46.8236], [-71.2361, 46.8235], [-71.2362, 46.8235], [-71.2363, 46.8234], [-71.2364, 46.8233], [-71.2364, 46.8232], [-71.2365, 46.8231], [-71.2365, 46.823], [-71.2365, 46.8228], [-71.2365, 46.8227], [-71.2364, 46.8226], [-71.2364, 46.8224], [-71.2363, 46.8223], [-71.2362, 46.8222], [-71.2361, 46.822], [-71.236, 46.8219], [-71.2358, 46.8218], [-71.2356, 46.8217], [-71.2354, 46.8216], [-71.2352, 46.8215], [-71.235, 46.8215], [-71.2347, 46.8215], [-71.2345, 46.8215], [-71.2342, 46.8215], [-71.2338, 46.8216], [-71.2336, 46.8216], [-71.2333, 46.8217], [-71.2331, 46.8218], [-71.2329, 46.8218], [-71.2328, 46.8219], [-71.2326, 46.822], [-71.2325, 46.8221], [-71.2324, 46.8222], [-71.2323, 46.8222], [-71.2321, 46.8222], [-71.2319, 46.8221], [-71.2317, 46.8221], [-71.2314, 46.8219], [-71.2311, 46.8218], [-71.2307, 46.8216], [-71.2304, 46.8215], [-71.2301, 46.8214], [-71.2298, 46.8213], [-71.2296, 46.8212], [-71.2293, 46.8211], [-71.2291, 46.8211], [-71.229, 46.8211], [-71.2288, 46.8211], [-71.2287, 46.8213], [-71.2285, 46.8215], [-71.2283, 46.8219], [-71.2281, 46.8225], [-71.2278, 46.8231], [-71.2276, 46.8239], [-71.2273, 46.8248], [-71.227, 46.8258], [-71.2268, 46.8267], [-71.2265, 46.8275], [-71.2264, 46.8281], [-71.2262, 46.8287], [-71.2261, 46.8291], [-71.2261, 46.8294], [-71.2261, 46.8296], [-71.2261, 46.8297], [-71.2261, 46.8298], [-71.2262, 46.8298], [-71.2262, 46.8299], [-71.2263, 46.8299], [-71.2264, 46.83], [-71.2265, 46.83], [-71.2266, 46.83], [-71.2268, 46.83], [-71.2269, 46.83], [-71.227, 46.83], [-71.2271, 46.83], [-71.2272, 46.8301], [-71.2273, 46.8301], [-71.2273, 46.8302], [-71.2274, 46.8303], [-71.2275, 46.8304], [-71.2275, 46.8305], [-71.2274, 46.8306], [-71.2274, 46.8307], [-71.2273, 46.8308], [-71.2272, 46.8309], [-71.2271, 46.8309], [-71.227, 46.831], [-71.2269, 46.8311], [-71.2268, 46.8312], [-71.2268, 46.8313], [-71.2268, 46.8314], [-71.2269, 46.8315], [-71.227, 46.8316], [-71.2271, 46.8317], [-71.2273, 46.8318], [-71.2274, 46.8319], [-71.2277, 46.832], [-71.2279, 46.832], [-71.2281, 46.8321], [-71.2284, 46.8321], [-71.2287, 46.8322], [-71.229, 46.8322], [-71.2293, 46.8323], [-71.2296, 46.8323], [-71.2299, 46.8324], [-71.2301, 46.8324], [-71.2304, 46.8325], [-71.2306, 46.8326], [-71.2309, 46.8327], [-71.2311, 46.8328], [-71.2313, 46.8329], [-71.2315, 46.8329], [-71.2317, 46.833], [-71.2319, 46.8331], [-71.2321, 46.8331], [-71.2323, 46.8332], [-71.2325, 46.8332], [-71.2327, 46.8333], [-71.233, 46.8333], [-71.2332, 46.8333], [-71.2334, 46.8332], [-71.2337, 46.8332], [-71.2339, 46.8331], [-71.2342, 46.833], [-71.2345, 46.8329], [-71.2348, 46.8328], [-71.235, 46.8327], [-71.2352, 46.8327], [-71.2354, 46.8326], [-71.2355, 46.8326], [-71.2356, 46.8327], [-71.2357, 46.8327], [-71.2357, 46.8328], [-71.2356, 46.8329], [-71.2357, 46.833], [-71.2357, 46.8331], [-71.2357, 46.8332], [-71.2358, 46.8332], [-71.2359, 46.8333], [-71.2361, 46.8333], [-71.2362, 46.8333], [-71.2364, 46.8334], [-71.2366, 46.8334], [-71.2367, 46.8334], [-71.2368, 46.8333], [-71.237, 46.8333], [-71.2371, 46.8333], [-71.2372, 46.8332], [-71.2372, 46.8331], [-71.2373, 46.8331], [-71.2374, 46.833], [-71.2375, 46.833], [-71.2376, 46.833], [-71.2376, 46.8331], [-71.2377, 46.8332], [-71.2378, 46.8333], [-71.2379, 46.8334], [-71.2379, 46.8335], [-71.238, 46.8337], [-71.2381, 46.8338], [-71.2383, 46.8338], [-71.2384, 46.8339], [-71.2385, 46.8339], [-71.2387, 46.834], [-71.2388, 46.834], [-71.239, 46.834], [-71.2392, 46.834], [-71.2393, 46.834], [-71.2395, 46.834], [-71.2396, 46.8339], [-71.2398, 46.8339], [-71.24, 46.8338], [-71.2401, 46.8337], [-71.2403, 46.8336], [-71.2404, 46.8336], [-71.2406, 46.8336], [-71.2407, 46.8336], [-71.2408, 46.8336], [-71.241, 46.8336], [-71.2411, 46.8336], [-71.2412, 46.8337], [-71.2414, 46.8336], [-71.2416, 46.8334], [-71.2418, 46.8331], [-71.242, 46.8326], [-71.2422, 46.832], [-71.2425, 46.8313], [-71.2428, 46.8304], [-71.2431, 46.8294], [-71.2434, 46.8286]]]}}, {"type": "Feature", "properties": {"couche": "aire_marche", "station": "Hôpital Saint-François d'Assise", "ordre": 25, "minutes": 13, "superficie_ha": 168.0, "rue_km": 50.36, "disque_ha": 260.2, "part_disque_pct": 65, "accroche_m": 9, "population": 11665, "navetteurs": 4312, "mode_auto_pct": 53, "mode_tc_pct": 20, "mode_actif_pct": 26, "mode_autre_pct": 1}, "geometry": {"type": "Polygon", "coordinates": [[[-71.2433, 46.8305], [-71.2429, 46.8315], [-71.2425, 46.8323], [-71.2421, 46.833], [-71.2416, 46.8336], [-71.2411, 46.834], [-71.2406, 46.8343], [-71.24, 46.8344], [-71.2394, 46.8344], [-71.2389, 46.8343], [-71.2384, 46.8343], [-71.238, 46.8342], [-71.2376, 46.8342], [-71.2373, 46.8341], [-71.237, 46.8341], [-71.2368, 46.834], [-71.2366, 46.8339], [-71.2365, 46.8339], [-71.2364, 46.8338], [-71.2363, 46.8337], [-71.2362, 46.8337], [-71.2362, 46.8336], [-71.2361, 46.8335], [-71.2361, 46.8334], [-71.2362, 46.8334], [-71.2362, 46.8333], [-71.2361, 46.8333], [-71.236, 46.8333], [-71.2359, 46.8333], [-71.2357, 46.8333], [-71.2356, 46.8333], [-71.2354, 46.8334], [-71.2352, 46.8334], [-71.2351, 46.8335], [-71.2349, 46.8335], [-71.2348, 46.8335], [-71.2347, 46.8335], [-71.2347, 46.8334], [-71.2346, 46.8334], [-71.2346, 46.8333], [-71.2346, 46.8332], [-71.2347, 46.8331], [-71.2347, 46.833], [-71.2348, 46.833], [-71.2349, 46.8329], [-71.235, 46.8328], [-71.2347, 46.8328], [-71.2345, 46.8329], [-71.2344, 46.833], [-71.2342, 46.8331], [-71.2341, 46.8332], [-71.234, 46.8333], [-71.2339, 46.8334], [-71.2339, 46.8335], [-71.2338, 46.8336], [-71.2337, 46.8337], [-71.2335, 46.8337], [-71.2333, 46.8337], [-71.2331, 46.8337], [-71.2329, 46.8337], [-71.2325, 46.8337], [-71.2322, 46.8336], [-71.2319, 46.8336], [-71.2316, 46.8335], [-71.2313, 46.8334], [-71.231, 46.8333], [-71.2308, 46.8333], [-71.2306, 46.8332], [-71.2304, 46.8331], [-71.2302, 46.833], [-71.23, 46.8329], [-71.2298, 46.8328], [-71.2296, 46.8327], [-71.2294, 46.8326], [-71.2292, 46.8326], [-71.229, 46.8325], [-71.2288, 46.8325], [-71.2286, 46.8325], [-71.2284, 46.8324], [-71.2281, 46.8323], [-71.2279, 46.8322], [-71.2277, 46.8321], [-71.2275, 46.832], [-71.2272, 46.8318], [-71.227, 46.8317], [-71.2267, 46.8315], [-71.2265, 46.8313], [-71.2264, 46.8311], [-71.2263, 46.831], [-71.2262, 46.8308], [-71.2261, 46.8307], [-71.2261, 46.8306], [-71.2262, 46.8305], [-71.2263, 46.8304], [-71.2264, 46.8304], [-71.2265, 46.8304], [-71.2266, 46.8304], [-71.2268, 46.8304], [-71.2269, 46.8305], [-71.2271, 46.8305], [-71.2272, 46.8305], [-71.2273, 46.8305], [-71.2274, 46.8305], [-71.2275, 46.8305], [-71.2275, 46.8304], [-71.2274, 46.8303], [-71.2273, 46.8302], [-71.2273, 46.8301], [-71.2272, 46.8301], [-71.2271, 46.83], [-71.227, 46.83], [-71.2269, 46.83], [-71.2268, 46.83], [-71.2267, 46.83], [-71.2266, 46.83], [-71.2265, 46.83], [-71.2263, 46.83], [-71.2262, 46.8299], [-71.2261, 46.8298], [-71.226, 46.8298], [-71.2259, 46.8296], [-71.2258, 46.8295], [-71.2257, 46.8293], [-71.2257, 46.8291], [-71.2257, 46.8288], [-71.2258, 46.8284], [-71.2259, 46.828], [-71.226, 46.8276], [-71.2262, 46.827], [-71.2264, 46.8264], [-71.2267, 46.8259], [-71.2268, 46.8253], [-71.227, 46.8248], [-71.2271, 46.8243], [-71.2272, 46.8239], [-71.2272, 46.8235], [-71.2273, 46.8231], [-71.2272, 46.8227], [-71.2273, 46.8224], [-71.2273, 46.8221], [-71.2273, 46.8218], [-71.2274, 46.8216], [-71.2275, 46.8214], [-71.2276, 46.8212], [-71.2277, 46.8211], [-71.2278, 46.821], [-71.228, 46.8209], [-71.2281, 46.8208], [-71.2283, 46.8207], [-71.2284, 46.8207], [-71.2286, 46.8207], [-71.2287, 46.8206], [-71.2289, 46.8206], [-71.2291, 46.8206], [-71.2292, 46.8206], [-71.2294, 46.8206], [-71.2295, 46.8206], [-71.2296, 46.8206], [-71.2297, 46.8206], [-71.2298, 46.8207], [-71.2298, 46.8208], [-71.2299, 46.8208], [-71.2299, 46.8209], [-71.23, 46.8209], [-71.2301, 46.821], [-71.2302, 46.8211], [-71.2303, 46.8212], [-71.2305, 46.8213], [-71.2306, 46.8214], [-71.2307, 46.8215], [-71.2309, 46.8215], [-71.231, 46.8216], [-71.2311, 46.8217], [-71.2312, 46.8218], [-71.2313, 46.8218], [-71.2314, 46.8219], [-71.2315, 46.8219], [-71.2316, 46.8219], [-71.2316, 46.822], [-71.2317, 46.822], [-71.2317, 46.8219], [-71.2318, 46.8219], [-71.2318, 46.8218], [-71.2318, 46.8217], [-71.2319, 46.8216], [-71.232, 46.8216], [-71.2322, 46.8215], [-71.2324, 46.8214], [-71.2327, 46.8213], [-71.2331, 46.8212], [-71.2335, 46.8212], [-71.234, 46.8211], [-71.2344, 46.821], [-71.2348, 46.821], [-71.2352, 46.821], [-71.2355, 46.8211], [-71.2359, 46.8212], [-71.2361, 46.8213], [-71.2364, 46.8215], [-71.2366, 46.8217], [-71.2368, 46.8219], [-71.237, 46.8221], [-71.2371, 46.8222], [-71.2372, 46.8224], [-71.2373, 46.8226], [-71.2373, 46.8228], [-71.2373, 46.8229], [-71.2373, 46.8231], [-71.2372, 46.8233], [-71.2371, 46.8234], [-71.237, 46.8235], [-71.2369, 46.8236], [-71.2368, 46.8237], [-71.2366, 46.8237], [-71.2364, 46.8237], [-71.2362, 46.8237], [-71.236, 46.8237], [-71.2358, 46.8238], [-71.2359, 46.8238], [-71.2361, 46.8238], [-71.2362, 46.8238], [-71.2364, 46.8238], [-71.2366, 46.8238], [-71.2368, 46.8238], [-71.237, 46.8238], [-71.2372, 46.8238], [-71.2375, 46.8237], [-71.2377, 46.8237], [-71.2379, 46.8236], [-71.2381, 46.8235], [-71.2382, 46.8234], [-71.2384, 46.8233], [-71.2385, 46.8232], [-71.2387, 46.8231], [-71.2388, 46.8229], [-71.2389, 46.8228], [-71.2389, 46.8227], [-71.239, 46.8225], [-71.239, 46.8224], [-71.239, 46.8223], [-71.239, 46.8222], [-71.239, 46.822], [-71.239, 46.8219], [-71.239, 46.8218], [-71.2391, 46.8217], [-71.2392, 46.8216], [-71.2394, 46.8215], [-71.2395, 46.8214], [-71.2397, 46.8214], [-71.2398, 46.8214], [-71.24, 46.8213], [-71.2401, 46.8213], [-71.2403, 46.8214], [-71.2404, 46.8214], [-71.2405, 46.8215], [-71.2407, 46.8216], [-71.2408, 46.8217], [-71.2409, 46.8218], [-71.2409, 46.8219], [-71.241, 46.822], [-71.241, 46.8221], [-71.241, 46.8222], [-71.241, 46.8224], [-71.2409, 46.8225], [-71.2409, 46.8227], [-71.2408, 46.8228], [-71.2408, 46.8229], [-71.2409, 46.8229], [-71.2409, 46.823], [-71.241, 46.823], [-71.2412, 46.8229], [-71.2414, 46.8229], [-71.2416, 46.8228], [-71.2418, 46.8228], [-71.242, 46.8227], [-71.2421, 46.8228], [-71.2423, 46.8228], [-71.2423, 46.8229], [-71.2424, 46.8229], [-71.2424, 46.8231], [-71.2425, 46.8232], [-71.2425, 46.8233], [-71.2425, 46.8234], [-71.2425, 46.8235], [-71.2426, 46.8235], [-71.2427, 46.8234], [-71.2428, 46.8233], [-71.2429, 46.8232], [-71.243, 46.8231], [-71.2431, 46.823], [-71.2432, 46.8229], [-71.2433, 46.8229], [-71.2435, 46.8229], [-71.2436, 46.8229], [-71.2437, 46.8229], [-71.2438, 46.8229], [-71.2439, 46.823], [-71.244, 46.823], [-71.2441, 46.8231], [-71.2442, 46.8231], [-71.2443, 46.8232], [-71.2443, 46.8233], [-71.2444, 46.8234], [-71.2444, 46.8235], [-71.2444, 46.8236], [-71.2444, 46.8237], [-71.2443, 46.8238], [-71.2443, 46.8239], [-71.2442, 46.824], [-71.244, 46.824], [-71.2439, 46.8241], [-71.2437, 46.8242], [-71.2436, 46.8242], [-71.2435, 46.8243], [-71.2435, 46.8244], [-71.2435, 46.8245], [-71.2436, 46.8246], [-71.2437, 46.8247], [-71.2439, 46.8248], [-71.2441, 46.8249], [-71.2442, 46.8252], [-71.2443, 46.8255], [-71.2443, 46.826], [-71.2443, 46.8267], [-71.2441, 46.8274], [-71.2439, 46.8283], [-71.2437, 46.8293], [-71.2433, 46.8305]]]}}, {"type": "Feature", "properties": {"couche": "voile", "station": "Hôpital Saint-François d'Assise", "minutes": 13}, "geometry": {"type": "Polygon", "coordinates": [[[-71.4037, 46.9412], [-71.0696, 46.9433], [-71.0672, 46.7136], [-71.3998, 46.7114], [-71.4037, 46.9412]], [[-71.2437, 46.8293], [-71.2439, 46.8283], [-71.2441, 46.8274], [-71.2443, 46.8267], [-71.2443, 46.826], [-71.2443, 46.8255], [-71.2442, 46.8252], [-71.2441, 46.8249], [-71.2439, 46.8248], [-71.2437, 46.8247], [-71.2436, 46.8246], [-71.2435, 46.8245], [-71.2435, 46.8244], [-71.2435, 46.8243], [-71.2436, 46.8242], [-71.2437, 46.8242], [-71.2439, 46.8241], [-71.244, 46.824], [-71.2442, 46.824], [-71.2443, 46.8239], [-71.2443, 46.8238], [-71.2444, 46.8237], [-71.2444, 46.8236], [-71.2444, 46.8235], [-71.2444, 46.8234], [-71.2443, 46.8233], [-71.2443, 46.8232], [-71.2442, 46.8231], [-71.2441, 46.8231], [-71.244, 46.823], [-71.2439, 46.823], [-71.2438, 46.8229], [-71.2437, 46.8229], [-71.2436, 46.8229], [-71.2435, 46.8229], [-71.2433, 46.8229], [-71.2432, 46.8229], [-71.2431, 46.823], [-71.243, 46.8231], [-71.2429, 46.8232], [-71.2428, 46.8233], [-71.2427, 46.8234], [-71.2426, 46.8235], [-71.2425, 46.8235], [-71.2425, 46.8234], [-71.2425, 46.8233], [-71.2425, 46.8232], [-71.2424, 46.8231], [-71.2424, 46.8229], [-71.2423, 46.8229], [-71.2423, 46.8228], [-71.2421, 46.8228], [-71.242, 46.8227], [-71.2418, 46.8228], [-71.2416, 46.8228], [-71.2414, 46.8229], [-71.2412, 46.8229], [-71.241, 46.823], [-71.2409, 46.823], [-71.2409, 46.8229], [-71.2408, 46.8229], [-71.2408, 46.8228], [-71.2409, 46.8227], [-71.2409, 46.8225], [-71.241, 46.8224], [-71.241, 46.8222], [-71.241, 46.8221], [-71.241, 46.822], [-71.2409, 46.8219], [-71.2409, 46.8218], [-71.2408, 46.8217], [-71.2407, 46.8216], [-71.2405, 46.8215], [-71.2404, 46.8214], [-71.2403, 46.8214], [-71.2401, 46.8213], [-71.24, 46.8213], [-71.2398, 46.8214], [-71.2397, 46.8214], [-71.2395, 46.8214], [-71.2394, 46.8215], [-71.2392, 46.8216], [-71.2391, 46.8217], [-71.239, 46.8218], [-71.239, 46.8219], [-71.239, 46.822], [-71.239, 46.8222], [-71.239, 46.8223], [-71.239, 46.8224], [-71.239, 46.8225], [-71.2389, 46.8227], [-71.2389, 46.8228], [-71.2388, 46.8229], [-71.2387, 46.8231], [-71.2385, 46.8232], [-71.2384, 46.8233], [-71.2382, 46.8234], [-71.2381, 46.8235], [-71.2379, 46.8236], [-71.2377, 46.8237], [-71.2375, 46.8237], [-71.2372, 46.8238], [-71.237, 46.8238], [-71.2368, 46.8238], [-71.2366, 46.8238], [-71.2364, 46.8238], [-71.2362, 46.8238], [-71.2361, 46.8238], [-71.2359, 46.8238], [-71.2358, 46.8238], [-71.236, 46.8237], [-71.2362, 46.8237], [-71.2364, 46.8237], [-71.2366, 46.8237], [-71.2368, 46.8237], [-71.2369, 46.8236], [-71.237, 46.8235], [-71.2371, 46.8234], [-71.2372, 46.8233], [-71.2373, 46.8231], [-71.2373, 46.8229], [-71.2373, 46.8228], [-71.2373, 46.8226], [-71.2372, 46.8224], [-71.2371, 46.8222], [-71.237, 46.8221], [-71.2368, 46.8219], [-71.2366, 46.8217], [-71.2364, 46.8215], [-71.2361, 46.8213], [-71.2359, 46.8212], [-71.2355, 46.8211], [-71.2352, 46.821], [-71.2348, 46.821], [-71.2344, 46.821], [-71.234, 46.8211], [-71.2335, 46.8212], [-71.2331, 46.8212], [-71.2327, 46.8213], [-71.2324, 46.8214], [-71.2322, 46.8215], [-71.232, 46.8216], [-71.2319, 46.8216], [-71.2318, 46.8217], [-71.2318, 46.8218], [-71.2318, 46.8219], [-71.2317, 46.8219], [-71.2317, 46.822], [-71.2316, 46.822], [-71.2316, 46.8219], [-71.2315, 46.8219], [-71.2314, 46.8219], [-71.2313, 46.8218], [-71.2312, 46.8218], [-71.2311, 46.8217], [-71.231, 46.8216], [-71.2309, 46.8215], [-71.2307, 46.8215], [-71.2306, 46.8214], [-71.2305, 46.8213], [-71.2303, 46.8212], [-71.2302, 46.8211], [-71.2301, 46.821], [-71.23, 46.8209], [-71.2299, 46.8209], [-71.2299, 46.8208], [-71.2298, 46.8208], [-71.2298, 46.8207], [-71.2297, 46.8206], [-71.2296, 46.8206], [-71.2295, 46.8206], [-71.2294, 46.8206], [-71.2292, 46.8206], [-71.2291, 46.8206], [-71.2289, 46.8206], [-71.2287, 46.8206], [-71.2286, 46.8207], [-71.2284, 46.8207], [-71.2283, 46.8207], [-71.2281, 46.8208], [-71.228, 46.8209], [-71.2278, 46.821], [-71.2277, 46.8211], [-71.2276, 46.8212], [-71.2275, 46.8214], [-71.2274, 46.8216], [-71.2273, 46.8218], [-71.2273, 46.8221], [-71.2273, 46.8224], [-71.2272, 46.8227], [-71.2273, 46.8231], [-71.2272, 46.8235], [-71.2272, 46.8239], [-71.2271, 46.8243], [-71.227, 46.8248], [-71.2268, 46.8253], [-71.2267, 46.8259], [-71.2264, 46.8264], [-71.2262, 46.827], [-71.226, 46.8276], [-71.2259, 46.828], [-71.2258, 46.8284], [-71.2257, 46.8288], [-71.2257, 46.8291], [-71.2257, 46.8293], [-71.2258, 46.8295], [-71.2259, 46.8296], [-71.226, 46.8298], [-71.2261, 46.8298], [-71.2262, 46.8299], [-71.2263, 46.83], [-71.2265, 46.83], [-71.2266, 46.83], [-71.2267, 46.83], [-71.2268, 46.83], [-71.2269, 46.83], [-71.227, 46.83], [-71.2271, 46.83], [-71.2272, 46.8301], [-71.2273, 46.8301], [-71.2273, 46.8302], [-71.2274, 46.8303], [-71.2275, 46.8304], [-71.2275, 46.8305], [-71.2274, 46.8305], [-71.2273, 46.8305], [-71.2272, 46.8305], [-71.2271, 46.8305], [-71.2269, 46.8305], [-71.2268, 46.8304], [-71.2266, 46.8304], [-71.2265, 46.8304], [-71.2264, 46.8304], [-71.2263, 46.8304], [-71.2262, 46.8305], [-71.2261, 46.8306], [-71.2261, 46.8307], [-71.2262, 46.8308], [-71.2263, 46.831], [-71.2264, 46.8311], [-71.2265, 46.8313], [-71.2267, 46.8315], [-71.227, 46.8317], [-71.2272, 46.8318], [-71.2275, 46.832], [-71.2277, 46.8321], [-71.2279, 46.8322], [-71.2281, 46.8323], [-71.2284, 46.8324], [-71.2286, 46.8325], [-71.2288, 46.8325], [-71.229, 46.8325], [-71.2292, 46.8326], [-71.2294, 46.8326], [-71.2296, 46.8327], [-71.2298, 46.8328], [-71.23, 46.8329], [-71.2302, 46.833], [-71.2304, 46.8331], [-71.2306, 46.8332], [-71.2308, 46.8333], [-71.231, 46.8333], [-71.2313, 46.8334], [-71.2316, 46.8335], [-71.2319, 46.8336], [-71.2322, 46.8336], [-71.2325, 46.8337], [-71.2329, 46.8337], [-71.2331, 46.8337], [-71.2333, 46.8337], [-71.2335, 46.8337], [-71.2337, 46.8337], [-71.2338, 46.8336], [-71.2339, 46.8335], [-71.2339, 46.8334], [-71.234, 46.8333], [-71.2341, 46.8332], [-71.2342, 46.8331], [-71.2344, 46.833], [-71.2345, 46.8329], [-71.2347, 46.8328], [-71.235, 46.8328], [-71.2349, 46.8329], [-71.2348, 46.833], [-71.2347, 46.833], [-71.2347, 46.8331], [-71.2346, 46.8332], [-71.2346, 46.8333], [-71.2346, 46.8334], [-71.2347, 46.8334], [-71.2347, 46.8335], [-71.2348, 46.8335], [-71.2349, 46.8335], [-71.2351, 46.8335], [-71.2352, 46.8334], [-71.2354, 46.8334], [-71.2356, 46.8333], [-71.2357, 46.8333], [-71.2359, 46.8333], [-71.236, 46.8333], [-71.2361, 46.8333], [-71.2362, 46.8333], [-71.2362, 46.8334], [-71.2361, 46.8334], [-71.2361, 46.8335], [-71.2362, 46.8336], [-71.2362, 46.8337], [-71.2363, 46.8337], [-71.2364, 46.8338], [-71.2365, 46.8339], [-71.2366, 46.8339], [-71.2368, 46.834], [-71.237, 46.8341], [-71.2373, 46.8341], [-71.2376, 46.8342], [-71.238, 46.8342], [-71.2384, 46.8343], [-71.2389, 46.8343], [-71.2394, 46.8344], [-71.24, 46.8344], [-71.2406, 46.8343], [-71.2411, 46.834], [-71.2416, 46.8336], [-71.2421, 46.833], [-71.2425, 46.8323], [-71.2429, 46.8315], [-71.2433, 46.8305], [-71.2437, 46.8293]]]}}, {"type": "Feature", "properties": {"couche": "aire_marche", "station": "Hôpital Saint-François d'Assise", "ordre": 25, "minutes": 14, "superficie_ha": 197.7, "rue_km": 58.71, "disque_ha": 301.7, "part_disque_pct": 66, "accroche_m": 9, "population": 13015, "navetteurs": 4815, "mode_auto_pct": 53, "mode_tc_pct": 20, "mode_actif_pct": 26, "mode_autre_pct": 1}, "geometry": {"type": "Polygon", "coordinates": [[[-71.2453, 46.8275], [-71.2452, 46.8276], [-71.2452, 46.8277], [-71.2451, 46.8278], [-71.245, 46.8279], [-71.2449, 46.828], [-71.2447, 46.828], [-71.2446, 46.8281], [-71.2445, 46.8281], [-71.2444, 46.8281], [-71.2443, 46.8282], [-71.2443, 46.8283], [-71.2443, 46.8284], [-71.2444, 46.8285], [-71.2444, 46.8286], [-71.2446, 46.8287], [-71.2446, 46.8289], [-71.2447, 46.829], [-71.2447, 46.8292], [-71.2446, 46.8294], [-71.2446, 46.8296], [-71.2445, 46.8299], [-71.2443, 46.8302], [-71.2441, 46.8304], [-71.244, 46.8307], [-71.2439, 46.831], [-71.2438, 46.8312], [-71.2437, 46.8314], [-71.2437, 46.8315], [-71.2436, 46.8316], [-71.2436, 46.8317], [-71.2437, 46.8318], [-71.2437, 46.8319], [-71.2437, 46.832], [-71.2436, 46.8321], [-71.2436, 46.8322], [-71.2435, 46.8323], [-71.2433, 46.8324], [-71.2432, 46.8325], [-71.243, 46.8326], [-71.2429, 46.8327], [-71.2428, 46.8328], [-71.2427, 46.8329], [-71.2427, 46.833], [-71.2427, 46.8331], [-71.2428, 46.8331], [-71.2429, 46.8332], [-71.243, 46.8332], [-71.2431, 46.8332], [-71.2432, 46.8333], [-71.2433, 46.8334], [-71.2432, 46.8335], [-71.2432, 46.8336], [-71.2431, 46.8336], [-71.2429, 46.8337], [-71.2428, 46.8338], [-71.2427, 46.8339], [-71.2427, 46.834], [-71.2426, 46.8342], [-71.2425, 46.8343], [-71.2425, 46.8344], [-71.2425, 46.8345], [-71.2425, 46.8346], [-71.2424, 46.8347], [-71.2422, 46.8348], [-71.2419, 46.8349], [-71.2416, 46.8349], [-71.2411, 46.8349], [-71.2405, 46.8349], [-71.2399, 46.8348], [-71.2391, 46.8348], [-71.2385, 46.8347], [-71.2379, 46.8347], [-71.2375, 46.8346], [-71.2371, 46.8345], [-71.2368, 46.8344], [-71.2367, 46.8343], [-71.2366, 46.8342], [-71.2366, 46.8341], [-71.2366, 46.834], [-71.2365, 46.834], [-71.2365, 46.8339], [-71.2364, 46.834], [-71.2363, 46.834], [-71.2362, 46.834], [-71.2361, 46.8341], [-71.2359, 46.8341], [-71.2358, 46.8341], [-71.2357, 46.8341], [-71.2356, 46.8341], [-71.2355, 46.8341], [-71.2354, 46.834], [-71.2354, 46.8339], [-71.2354, 46.8338], [-71.2355, 46.8337], [-71.2355, 46.8337], [-71.2354, 46.8337], [-71.2351, 46.8339], [-71.2349, 46.834], [-71.2346, 46.8341], [-71.2344, 46.8342], [-71.2342, 46.8343], [-71.234, 46.8343], [-71.2339, 46.8343], [-71.2337, 46.8343], [-71.2336, 46.8343], [-71.2334, 46.8343], [-71.2333, 46.8342], [-71.2332, 46.8342], [-71.2332, 46.8341], [-71.2331, 46.8341], [-71.2331, 46.834], [-71.2331, 46.8339], [-71.2331, 46.8338], [-71.233, 46.8338], [-71.233, 46.8337], [-71.2329, 46.8337], [-71.2328, 46.8337], [-71.2327, 46.8337], [-71.2325, 46.8338], [-71.2324, 46.8338], [-71.2322, 46.8339], [-71.2321, 46.8339], [-71.2319, 46.834], [-71.2317, 46.834], [-71.2315, 46.834], [-71.2313, 46.834], [-71.2311, 46.8339], [-71.2309, 46.8339], [-71.2307, 46.8339], [-71.2306, 46.8338], [-71.2305, 46.8338], [-71.2304, 46.8337], [-71.2303, 46.8337], [-71.2302, 46.8336], [-71.2302, 46.8335], [-71.2302, 46.8334], [-71.2302, 46.8333], [-71.2301, 46.8333], [-71.2301, 46.8332], [-71.23, 46.8332], [-71.2299, 46.8332], [-71.2298, 46.8333], [-71.2296, 46.8333], [-71.2295, 46.8332], [-71.2294, 46.8332], [-71.2292, 46.8332], [-71.229, 46.8331], [-71.2289, 46.833], [-71.2287, 46.8329], [-71.2285, 46.8328], [-71.2282, 46.8326], [-71.228, 46.8324], [-71.2277, 46.8322], [-71.2274, 46.8319], [-71.2271, 46.8316], [-71.2267, 46.8312], [-71.2264, 46.8308], [-71.226, 46.8304], [-71.2257, 46.83], [-71.2254, 46.8295], [-71.2253, 46.8291], [-71.2252, 46.8286], [-71.2252, 46.8281], [-71.2253, 46.8276], [-71.2255, 46.8271], [-71.2257, 46.8265], [-71.2259, 46.826], [-71.2261, 46.8255], [-71.2263, 46.825], [-71.2264, 46.8245], [-71.2265, 46.8241], [-71.2265, 46.8237], [-71.2265, 46.8233], [-71.2265, 46.8229], [-71.2265, 46.8226], [-71.2265, 46.8223], [-71.2265, 46.822], [-71.2265, 46.8218], [-71.2265, 46.8216], [-71.2266, 46.8214], [-71.2266, 46.8213], [-71.2267, 46.8211], [-71.2268, 46.8211], [-71.2269, 46.821], [-71.227, 46.8209], [-71.2271, 46.8209], [-71.2272, 46.8209], [-71.2273, 46.8209], [-71.2274, 46.8209], [-71.2275, 46.8209], [-71.2276, 46.8209], [-71.2277, 46.8209], [-71.2278, 46.8209], [-71.2279, 46.8209], [-71.2279, 46.8208], [-71.2279, 46.8207], [-71.2279, 46.8206], [-71.2279, 46.8205], [-71.228, 46.8204], [-71.228, 46.8203], [-71.2281, 46.8203], [-71.2283, 46.8202], [-71.2285, 46.8202], [-71.2287, 46.8201], [-71.229, 46.8201], [-71.2293, 46.8201], [-71.2295, 46.8201], [-71.2297, 46.8201], [-71.2299, 46.8201], [-71.23, 46.8202], [-71.2301, 46.8203], [-71.2301, 46.8204], [-71.2301, 46.8206], [-71.2301, 46.8207], [-71.2301, 46.8208], [-71.2301, 46.8209], [-71.2302, 46.821], [-71.2302, 46.8211], [-71.2303, 46.8212], [-71.2305, 46.8213], [-71.2306, 46.8214], [-71.2307, 46.8215], [-71.2309, 46.8215], [-71.231, 46.8216], [-71.2311, 46.8217], [-71.2312, 46.8218], [-71.2313, 46.8218], [-71.2314, 46.8219], [-71.2315, 46.8219], [-71.2314, 46.8218], [-71.2313, 46.8217], [-71.2312, 46.8217], [-71.2311, 46.8216], [-71.2311, 46.8215], [-71.231, 46.8215], [-71.231, 46.8214], [-71.231, 46.8213], [-71.2311, 46.8212], [-71.2312, 46.8212], [-71.2313, 46.8211], [-71.2316, 46.821], [-71.2319, 46.821], [-71.2323, 46.8209], [-71.2328, 46.8209], [-71.2333, 46.8208], [-71.2339, 46.8207], [-71.2344, 46.8207], [-71.2349, 46.8207], [-71.2354, 46.8207], [-71.2358, 46.8207], [-71.2362, 46.8208], [-71.2365, 46.8209], [-71.2368, 46.821], [-71.2371, 46.8211], [-71.2373, 46.8213], [-71.2375, 46.8213], [-71.2377, 46.8214], [-71.2379, 46.8215], [-71.238, 46.8215], [-71.2382, 46.8215], [-71.2383, 46.8214], [-71.2384, 46.8214], [-71.2385, 46.8213], [-71.2386, 46.8213], [-71.2387, 46.8212], [-71.2388, 46.8212], [-71.2389, 46.8212], [-71.239, 46.8212], [-71.239, 46.8213], [-71.2391, 46.8213], [-71.2392, 46.8213], [-71.2393, 46.8213], [-71.2394, 46.8213], [-71.2395, 46.8212], [-71.2395, 46.8211], [-71.2396, 46.821], [-71.2396, 46.8209], [-71.2397, 46.8208], [-71.2398, 46.8207], [-71.2399, 46.8207], [-71.24, 46.8206], [-71.2401, 46.8206], [-71.2402, 46.8206], [-71.2403, 46.8207], [-71.2404, 46.8207], [-71.2404, 46.8208], [-71.2405, 46.8209], [-71.2405, 46.821], [-71.2405, 46.8211], [-71.2406, 46.8212], [-71.2406, 46.8213], [-71.2408, 46.8214], [-71.2409, 46.8215], [-71.2411, 46.8216], [-71.2413, 46.8217], [-71.2416, 46.8217], [-71.2418, 46.8218], [-71.2421, 46.8218], [-71.2424, 46.8219], [-71.2426, 46.822], [-71.2428, 46.8221], [-71.2431, 46.8222], [-71.2433, 46.8223], [-71.2435, 46.8224], [-71.2436, 46.8226], [-71.2438, 46.8227], [-71.2439, 46.8229], [-71.2441, 46.823], [-71.2442, 46.8232], [-71.2443, 46.8233], [-71.2445, 46.8235], [-71.2446, 46.8236], [-71.2447, 46.8238], [-71.2447, 46.824], [-71.2448, 46.8241], [-71.2448, 46.8242], [-71.2448, 46.8243], [-71.2448, 46.8244], [-71.2447, 46.8244], [-71.2447, 46.8245], [-71.2446, 46.8245], [-71.2445, 46.8245], [-71.2444, 46.8245], [-71.2443, 46.8245], [-71.2442, 46.8244], [-71.2441, 46.8244], [-71.2441, 46.8243], [-71.244, 46.8243], [-71.2439, 46.8242], [-71.2438, 46.8241], [-71.2437, 46.8241], [-71.2437, 46.824], [-71.2436, 46.824], [-71.2435, 46.824], [-71.2435, 46.8241], [-71.2434, 46.8241], [-71.2433, 46.8242], [-71.2433, 46.8243], [-71.2434, 46.8244], [-71.2435, 46.8245], [-71.2437, 46.8247], [-71.2439, 46.8248], [-71.2442, 46.825], [-71.2445, 46.8251], [-71.2447, 46.8253], [-71.2449, 46.8254], [-71.2451, 46.8256], [-71.2452, 46.8257], [-71.2453, 46.8258], [-71.2453, 46.8259], [-71.2453, 46.826], [-71.2452, 46.8261], [-71.2451, 46.8261], [-71.2451, 46.8262], [-71.2451, 46.8263], [-71.2451, 46.8264], [-71.2451, 46.8265], [-71.2452, 46.8265], [-71.2453, 46.8266], [-71.2454, 46.8267], [-71.2455, 46.8267], [-71.2455, 46.8268], [-71.2455, 46.8269], [-71.2455, 46.8271], [-71.2455, 46.8272], [-71.2454, 46.8273], [-71.2453, 46.8275]]]}}, {"type": "Feature", "properties": {"couche": "voile", "station": "Hôpital Saint-François d'Assise", "minutes": 14}, "geometry": {"type": "Polygon", "coordinates": [[[-71.4047, 46.9417], [-71.0691, 46.9438], [-71.0667, 46.7131], [-71.4009, 46.7109], [-71.4047, 46.9417]], [[-71.2454, 46.8273], [-71.2455, 46.8272], [-71.2455, 46.8271], [-71.2455, 46.8269], [-71.2455, 46.8268], [-71.2455, 46.8267], [-71.2454, 46.8267], [-71.2453, 46.8266], [-71.2452, 46.8265], [-71.2451, 46.8265], [-71.2451, 46.8264], [-71.2451, 46.8263], [-71.2451, 46.8262], [-71.2451, 46.8261], [-71.2452, 46.8261], [-71.2453, 46.826], [-71.2453, 46.8259], [-71.2453, 46.8258], [-71.2452, 46.8257], [-71.2451, 46.8256], [-71.2449, 46.8254], [-71.2447, 46.8253], [-71.2445, 46.8251], [-71.2442, 46.825], [-71.2439, 46.8248], [-71.2437, 46.8247], [-71.2435, 46.8245], [-71.2434, 46.8244], [-71.2433, 46.8243], [-71.2433, 46.8242], [-71.2434, 46.8241], [-71.2435, 46.8241], [-71.2435, 46.824], [-71.2436, 46.824], [-71.2437, 46.824], [-71.2437, 46.8241], [-71.2438, 46.8241], [-71.2439, 46.8242], [-71.244, 46.8243], [-71.2441, 46.8243], [-71.2441, 46.8244], [-71.2442, 46.8244], [-71.2443, 46.8245], [-71.2444, 46.8245], [-71.2445, 46.8245], [-71.2446, 46.8245], [-71.2447, 46.8245], [-71.2447, 46.8244], [-71.2448, 46.8244], [-71.2448, 46.8243], [-71.2448, 46.8242], [-71.2448, 46.8241], [-71.2447, 46.824], [-71.2447, 46.8238], [-71.2446, 46.8236], [-71.2445, 46.8235], [-71.2443, 46.8233], [-71.2442, 46.8232], [-71.2441, 46.823], [-71.2439, 46.8229], [-71.2438, 46.8227], [-71.2436, 46.8226], [-71.2435, 46.8224], [-71.2433, 46.8223], [-71.2431, 46.8222], [-71.2428, 46.8221], [-71.2426, 46.822], [-71.2424, 46.8219], [-71.2421, 46.8218], [-71.2418, 46.8218], [-71.2416, 46.8217], [-71.2413, 46.8217], [-71.2411, 46.8216], [-71.2409, 46.8215], [-71.2408, 46.8214], [-71.2406, 46.8213], [-71.2406, 46.8212], [-71.2405, 46.8211], [-71.2405, 46.821], [-71.2405, 46.8209], [-71.2404, 46.8208], [-71.2404, 46.8207], [-71.2403, 46.8207], [-71.2402, 46.8206], [-71.2401, 46.8206], [-71.24, 46.8206], [-71.2399, 46.8207], [-71.2398, 46.8207], [-71.2397, 46.8208], [-71.2396, 46.8209], [-71.2396, 46.821], [-71.2395, 46.8211], [-71.2395, 46.8212], [-71.2394, 46.8213], [-71.2393, 46.8213], [-71.2392, 46.8213], [-71.2391, 46.8213], [-71.239, 46.8213], [-71.239, 46.8212], [-71.2389, 46.8212], [-71.2388, 46.8212], [-71.2387, 46.8212], [-71.2386, 46.8213], [-71.2385, 46.8213], [-71.2384, 46.8214], [-71.2383, 46.8214], [-71.2382, 46.8215], [-71.238, 46.8215], [-71.2379, 46.8215], [-71.2377, 46.8214], [-71.2375, 46.8213], [-71.2373, 46.8213], [-71.2371, 46.8211], [-71.2368, 46.821], [-71.2365, 46.8209], [-71.2362, 46.8208], [-71.2358, 46.8207], [-71.2354, 46.8207], [-71.2349, 46.8207], [-71.2344, 46.8207], [-71.2339, 46.8207], [-71.2333, 46.8208], [-71.2328, 46.8209], [-71.2323, 46.8209], [-71.2319, 46.821], [-71.2316, 46.821], [-71.2313, 46.8211], [-71.2312, 46.8212], [-71.2311, 46.8212], [-71.231, 46.8213], [-71.231, 46.8214], [-71.231, 46.8215], [-71.2311, 46.8215], [-71.2311, 46.8216], [-71.2312, 46.8217], [-71.2313, 46.8217], [-71.2314, 46.8218], [-71.2315, 46.8219], [-71.2314, 46.8219], [-71.2313, 46.8218], [-71.2312, 46.8218], [-71.2311, 46.8217], [-71.231, 46.8216], [-71.2309, 46.8215], [-71.2307, 46.8215], [-71.2306, 46.8214], [-71.2305, 46.8213], [-71.2303, 46.8212], [-71.2302, 46.8211], [-71.2302, 46.821], [-71.2301, 46.8209], [-71.2301, 46.8208], [-71.2301, 46.8207], [-71.2301, 46.8206], [-71.2301, 46.8204], [-71.2301, 46.8203], [-71.23, 46.8202], [-71.2299, 46.8201], [-71.2297, 46.8201], [-71.2295, 46.8201], [-71.2293, 46.8201], [-71.229, 46.8201], [-71.2287, 46.8201], [-71.2285, 46.8202], [-71.2283, 46.8202], [-71.2281, 46.8203], [-71.228, 46.8203], [-71.228, 46.8204], [-71.2279, 46.8205], [-71.2279, 46.8206], [-71.2279, 46.8207], [-71.2279, 46.8208], [-71.2279, 46.8209], [-71.2278, 46.8209], [-71.2277, 46.8209], [-71.2276, 46.8209], [-71.2275, 46.8209], [-71.2274, 46.8209], [-71.2273, 46.8209], [-71.2272, 46.8209], [-71.2271, 46.8209], [-71.227, 46.8209], [-71.2269, 46.821], [-71.2268, 46.8211], [-71.2267, 46.8211], [-71.2266, 46.8213], [-71.2266, 46.8214], [-71.2265, 46.8216], [-71.2265, 46.8218], [-71.2265, 46.822], [-71.2265, 46.8223], [-71.2265, 46.8226], [-71.2265, 46.8229], [-71.2265, 46.8233], [-71.2265, 46.8237], [-71.2265, 46.8241], [-71.2264, 46.8245], [-71.2263, 46.825], [-71.2261, 46.8255], [-71.2259, 46.826], [-71.2257, 46.8265], [-71.2255, 46.8271], [-71.2253, 46.8276], [-71.2252, 46.8281], [-71.2252, 46.8286], [-71.2253, 46.8291], [-71.2254, 46.8295], [-71.2257, 46.83], [-71.226, 46.8304], [-71.2264, 46.8308], [-71.2267, 46.8312], [-71.2271, 46.8316], [-71.2274, 46.8319], [-71.2277, 46.8322], [-71.228, 46.8324], [-71.2282, 46.8326], [-71.2285, 46.8328], [-71.2287, 46.8329], [-71.2289, 46.833], [-71.229, 46.8331], [-71.2292, 46.8332], [-71.2294, 46.8332], [-71.2295, 46.8332], [-71.2296, 46.8333], [-71.2298, 46.8333], [-71.2299, 46.8332], [-71.23, 46.8332], [-71.2301, 46.8332], [-71.2301, 46.8333], [-71.2302, 46.8333], [-71.2302, 46.8334], [-71.2302, 46.8335], [-71.2302, 46.8336], [-71.2303, 46.8337], [-71.2304, 46.8337], [-71.2305, 46.8338], [-71.2306, 46.8338], [-71.2307, 46.8339], [-71.2309, 46.8339], [-71.2311, 46.8339], [-71.2313, 46.834], [-71.2315, 46.834], [-71.2317, 46.834], [-71.2319, 46.834], [-71.2321, 46.8339], [-71.2322, 46.8339], [-71.2324, 46.8338], [-71.2325, 46.8338], [-71.2327, 46.8337], [-71.2328, 46.8337], [-71.2329, 46.8337], [-71.233, 46.8337], [-71.233, 46.8338], [-71.2331, 46.8338], [-71.2331, 46.8339], [-71.2331, 46.834], [-71.2331, 46.8341], [-71.2332, 46.8341], [-71.2332, 46.8342], [-71.2333, 46.8342], [-71.2334, 46.8343], [-71.2336, 46.8343], [-71.2337, 46.8343], [-71.2339, 46.8343], [-71.234, 46.8343], [-71.2342, 46.8343], [-71.2344, 46.8342], [-71.2346, 46.8341], [-71.2349, 46.834], [-71.2351, 46.8339], [-71.2354, 46.8337], [-71.2355, 46.8337], [-71.2355, 46.8337], [-71.2354, 46.8338], [-71.2354, 46.8339], [-71.2354, 46.834], [-71.2355, 46.8341], [-71.2356, 46.8341], [-71.2357, 46.8341], [-71.2358, 46.8341], [-71.2359, 46.8341], [-71.2361, 46.8341], [-71.2362, 46.834], [-71.2363, 46.834], [-71.2364, 46.834], [-71.2365, 46.8339], [-71.2365, 46.834], [-71.2366, 46.834], [-71.2366, 46.8341], [-71.2366, 46.8342], [-71.2367, 46.8343], [-71.2368, 46.8344], [-71.2371, 46.8345], [-71.2375, 46.8346], [-71.2379, 46.8347], [-71.2385, 46.8347], [-71.2391, 46.8348], [-71.2399, 46.8348], [-71.2405, 46.8349], [-71.2411, 46.8349], [-71.2416, 46.8349], [-71.2419, 46.8349], [-71.2422, 46.8348], [-71.2424, 46.8347], [-71.2425, 46.8346], [-71.2425, 46.8345], [-71.2425, 46.8344], [-71.2425, 46.8343], [-71.2426, 46.8342], [-71.2427, 46.834], [-71.2427, 46.8339], [-71.2428, 46.8338], [-71.2429, 46.8337], [-71.2431, 46.8336], [-71.2432, 46.8336], [-71.2432, 46.8335], [-71.2433, 46.8334], [-71.2432, 46.8333], [-71.2431, 46.8332], [-71.243, 46.8332], [-71.2429, 46.8332], [-71.2428, 46.8331], [-71.2427, 46.8331], [-71.2427, 46.833], [-71.2427, 46.8329], [-71.2428, 46.8328], [-71.2429, 46.8327], [-71.243, 46.8326], [-71.2432, 46.8325], [-71.2433, 46.8324], [-71.2435, 46.8323], [-71.2436, 46.8322], [-71.2436, 46.8321], [-71.2437, 46.832], [-71.2437, 46.8319], [-71.2437, 46.8318], [-71.2436, 46.8317], [-71.2436, 46.8316], [-71.2437, 46.8315], [-71.2437, 46.8314], [-71.2438, 46.8312], [-71.2439, 46.831], [-71.244, 46.8307], [-71.2441, 46.8304], [-71.2443, 46.8302], [-71.2445, 46.8299], [-71.2446, 46.8296], [-71.2446, 46.8294], [-71.2447, 46.8292], [-71.2447, 46.829], [-71.2446, 46.8289], [-71.2446, 46.8287], [-71.2444, 46.8286], [-71.2444, 46.8285], [-71.2443, 46.8284], [-71.2443, 46.8283], [-71.2443, 46.8282], [-71.2444, 46.8281], [-71.2445, 46.8281], [-71.2446, 46.8281], [-71.2447, 46.828], [-71.2449, 46.828], [-71.245, 46.8279], [-71.2451, 46.8278], [-71.2452, 46.8277], [-71.2452, 46.8276], [-71.2453, 46.8275], [-71.2454, 46.8273]]]}}, {"type": "Feature", "properties": {"couche": "aire_marche", "station": "Hôpital Saint-François d'Assise", "ordre": 25, "minutes": 15, "superficie_ha": 223.9, "rue_km": 66.62, "disque_ha": 346.4, "part_disque_pct": 65, "accroche_m": 9, "population": 14129, "navetteurs": 5231, "mode_auto_pct": 53, "mode_tc_pct": 20, "mode_actif_pct": 26, "mode_autre_pct": 1}, "geometry": {"type": "Polygon", "coordinates": [[[-71.2459, 46.8275], [-71.2458, 46.8277], [-71.2457, 46.8278], [-71.2456, 46.828], [-71.2455, 46.8281], [-71.2455, 46.8283], [-71.2455, 46.8285], [-71.2455, 46.8287], [-71.2455, 46.8289], [-71.2455, 46.8291], [-71.2455, 46.8293], [-71.2454, 46.8294], [-71.2453, 46.8296], [-71.2452, 46.8297], [-71.2451, 46.8298], [-71.245, 46.8298], [-71.2448, 46.8299], [-71.2447, 46.8299], [-71.2446, 46.83], [-71.2445, 46.83], [-71.2445, 46.8301], [-71.2445, 46.8302], [-71.2446, 46.8303], [-71.2447, 46.8303], [-71.2448, 46.8304], [-71.2448, 46.8305], [-71.2449, 46.8306], [-71.245, 46.8306], [-71.245, 46.8307], [-71.245, 46.8308], [-71.245, 46.8309], [-71.2449, 46.831], [-71.2449, 46.8311], [-71.2448, 46.8311], [-71.2447, 46.8312], [-71.2446, 46.8312], [-71.2444, 46.8313], [-71.2443, 46.8313], [-71.2441, 46.8314], [-71.244, 46.8314], [-71.2439, 46.8314], [-71.2438, 46.8315], [-71.2437, 46.8316], [-71.2437, 46.8317], [-71.2437, 46.8318], [-71.2437, 46.8319], [-71.2437, 46.832], [-71.2437, 46.8321], [-71.2437, 46.8322], [-71.2436, 46.8323], [-71.2435, 46.8324], [-71.2434, 46.8325], [-71.2432, 46.8326], [-71.2431, 46.8327], [-71.2429, 46.8328], [-71.2428, 46.8329], [-71.2428, 46.833], [-71.243, 46.8329], [-71.2431, 46.8329], [-71.2433, 46.8329], [-71.2434, 46.8329], [-71.2435, 46.8329], [-71.2436, 46.8329], [-71.2437, 46.8329], [-71.2438, 46.8329], [-71.2439, 46.833], [-71.244, 46.833], [-71.2441, 46.8331], [-71.2442, 46.8332], [-71.2442, 46.8333], [-71.2442, 46.8334], [-71.2442, 46.8335], [-71.2441, 46.8335], [-71.2441, 46.8336], [-71.244, 46.8337], [-71.244, 46.8338], [-71.2439, 46.8339], [-71.2438, 46.8339], [-71.2436, 46.834], [-71.2435, 46.834], [-71.2433, 46.834], [-71.2431, 46.834], [-71.243, 46.8341], [-71.2429, 46.8341], [-71.2428, 46.8342], [-71.2428, 46.8343], [-71.2428, 46.8344], [-71.2429, 46.8346], [-71.243, 46.8347], [-71.243, 46.8348], [-71.2431, 46.835], [-71.2431, 46.8351], [-71.2432, 46.8352], [-71.2432, 46.8353], [-71.2431, 46.8354], [-71.243, 46.8355], [-71.2429, 46.8355], [-71.2428, 46.8355], [-71.2427, 46.8355], [-71.2426, 46.8355], [-71.2424, 46.8354], [-71.2423, 46.8354], [-71.2421, 46.8353], [-71.242, 46.8352], [-71.2418, 46.8352], [-71.2416, 46.8351], [-71.2414, 46.8351], [-71.2411, 46.8351], [-71.2409, 46.8352], [-71.2407, 46.8352], [-71.2404, 46.8353], [-71.2401, 46.8353], [-71.2399, 46.8353], [-71.2397, 46.8354], [-71.2395, 46.8353], [-71.2394, 46.8353], [-71.2392, 46.8353], [-71.2391, 46.8352], [-71.239, 46.8351], [-71.2389, 46.835], [-71.2388, 46.835], [-71.2387, 46.835], [-71.2386, 46.8349], [-71.2385, 46.835], [-71.2384, 46.835], [-71.2384, 46.8351], [-71.2383, 46.8351], [-71.2383, 46.8352], [-71.2382, 46.8352], [-71.2381, 46.8352], [-71.238, 46.8352], [-71.2379, 46.8352], [-71.2378, 46.8352], [-71.2377, 46.8352], [-71.2376, 46.8352], [-71.2375, 46.8352], [-71.2374, 46.8351], [-71.2373, 46.8351], [-71.2373, 46.835], [-71.2372, 46.835], [-71.2372, 46.8349], [-71.2371, 46.8348], [-71.2371, 46.8347], [-71.237, 46.8347], [-71.2369, 46.8346], [-71.2367, 46.8346], [-71.2366, 46.8347], [-71.2364, 46.8347], [-71.2363, 46.8347], [-71.2361, 46.8348], [-71.236, 46.8348], [-71.2359, 46.8348], [-71.2358, 46.8348], [-71.2357, 46.8347], [-71.2356, 46.8347], [-71.2356, 46.8346], [-71.2356, 46.8345], [-71.2357, 46.8344], [-71.2357, 46.8343], [-71.2358, 46.8343], [-71.2359, 46.8342], [-71.2361, 46.8341], [-71.236, 46.8341], [-71.2358, 46.8342], [-71.2356, 46.8343], [-71.2355, 46.8344], [-71.2353, 46.8344], [-71.2352, 46.8345], [-71.2351, 46.8346], [-71.235, 46.8346], [-71.2349, 46.8347], [-71.2349, 46.8348], [-71.2348, 46.8348], [-71.2347, 46.8348], [-71.2346, 46.8349], [-71.2345, 46.8349], [-71.2344, 46.8349], [-71.2343, 46.8349], [-71.2341, 46.8348], [-71.234, 46.8348], [-71.2339, 46.8347], [-71.2338, 46.8347], [-71.2338, 46.8346], [-71.2337, 46.8346], [-71.2337, 46.8345], [-71.2337, 46.8344], [-71.2336, 46.8344], [-71.2335, 46.8344], [-71.2333, 46.8343], [-71.2331, 46.8343], [-71.2329, 46.8343], [-71.2327, 46.8344], [-71.2324, 46.8344], [-71.2321, 46.8344], [-71.2319, 46.8344], [-71.2317, 46.8344], [-71.2315, 46.8344], [-71.2313, 46.8343], [-71.2312, 46.8342], [-71.2311, 46.8342], [-71.231, 46.8341], [-71.231, 46.834], [-71.2309, 46.834], [-71.2308, 46.8339], [-71.2306, 46.8339], [-71.2305, 46.8339], [-71.2304, 46.8339], [-71.2302, 46.834], [-71.23, 46.834], [-71.2299, 46.834], [-71.2297, 46.834], [-71.2296, 46.834], [-71.2294, 46.8339], [-71.2293, 46.8338], [-71.2291, 46.8336], [-71.229, 46.8334], [-71.2288, 46.8332], [-71.2287, 46.8329], [-71.2285, 46.8327], [-71.2282, 46.8325], [-71.2279, 46.8322], [-71.2276, 46.832], [-71.2272, 46.8317], [-71.2268, 46.8315], [-71.2263, 46.8312], [-71.2259, 46.831], [-71.2256, 46.8308], [-71.2253, 46.8306], [-71.2251, 46.8304], [-71.225, 46.8302], [-71.2249, 46.83], [-71.2248, 46.8299], [-71.2249, 46.8297], [-71.2249, 46.8296], [-71.2249, 46.8295], [-71.2248, 46.8294], [-71.2248, 46.8293], [-71.2247, 46.8292], [-71.2246, 46.8291], [-71.2245, 46.829], [-71.2244, 46.8289], [-71.2243, 46.8288], [-71.2242, 46.8287], [-71.2241, 46.8286], [-71.2241, 46.8285], [-71.2241, 46.8284], [-71.2241, 46.8283], [-71.2242, 46.8283], [-71.2243, 46.8282], [-71.2244, 46.8282], [-71.2245, 46.8282], [-71.2246, 46.8282], [-71.2247, 46.8283], [-71.2248, 46.8283], [-71.2249, 46.8283], [-71.225, 46.8283], [-71.225, 46.8282], [-71.2249, 46.8282], [-71.2249, 46.8281], [-71.2248, 46.828], [-71.2248, 46.8279], [-71.2247, 46.8278], [-71.2247, 46.8277], [-71.2248, 46.8277], [-71.2248, 46.8276], [-71.2249, 46.8276], [-71.225, 46.8276], [-71.2251, 46.8276], [-71.2252, 46.8276], [-71.2254, 46.8276], [-71.2255, 46.8275], [-71.2256, 46.8275], [-71.2256, 46.8274], [-71.2257, 46.8274], [-71.2257, 46.8273], [-71.2257, 46.8272], [-71.2257, 46.8271], [-71.2257, 46.827], [-71.2256, 46.8269], [-71.2255, 46.8269], [-71.2255, 46.8268], [-71.2254, 46.8267], [-71.2253, 46.8266], [-71.2253, 46.8264], [-71.2252, 46.8262], [-71.2252, 46.8258], [-71.2252, 46.8255], [-71.2252, 46.825], [-71.2253, 46.8245], [-71.2253, 46.8239], [-71.2254, 46.8234], [-71.2255, 46.8229], [-71.2256, 46.8225], [-71.2257, 46.8222], [-71.2258, 46.822], [-71.2259, 46.8218], [-71.2261, 46.8216], [-71.2262, 46.8216], [-71.2264, 46.8215], [-71.2265, 46.8214], [-71.2266, 46.8213], [-71.2266, 46.8212], [-71.2266, 46.8211], [-71.2266, 46.821], [-71.2266, 46.8209], [-71.2265, 46.8208], [-71.2265, 46.8207], [-71.2265, 46.8206], [-71.2265, 46.8205], [-71.2265, 46.8204], [-71.2266, 46.8203], [-71.2266, 46.8202], [-71.2267, 46.8201], [-71.2269, 46.82], [-71.227, 46.8199], [-71.2271, 46.8199], [-71.2273, 46.8199], [-71.2275, 46.8199], [-71.2277, 46.8199], [-71.2279, 46.8199], [-71.2281, 46.82], [-71.2283, 46.8201], [-71.2285, 46.8201], [-71.2287, 46.8201], [-71.229, 46.8201], [-71.2292, 46.8201], [-71.2293, 46.8201], [-71.2295, 46.82], [-71.2297, 46.8199], [-71.2299, 46.8198], [-71.23, 46.8198], [-71.2302, 46.8197], [-71.2303, 46.8197], [-71.2305, 46.8197], [-71.2306, 46.8198], [-71.2308, 46.8199], [-71.2309, 46.82], [-71.231, 46.8202], [-71.2312, 46.8203], [-71.2313, 46.8204], [-71.2315, 46.8205], [-71.2316, 46.8205], [-71.2318, 46.8205], [-71.232, 46.8205], [-71.2322, 46.8205], [-71.2324, 46.8204], [-71.2326, 46.8203], [-71.2328, 46.8203], [-71.2331, 46.8203], [-71.2333, 46.8203], [-71.2336, 46.8203], [-71.2339, 46.8203], [-71.2341, 46.8204], [-71.2344, 46.8204], [-71.2347, 46.8205], [-71.235, 46.8205], [-71.2352, 46.8205], [-71.2354, 46.8205], [-71.2355, 46.8204], [-71.2357, 46.8204], [-71.2358, 46.8203], [-71.2359, 46.8202], [-71.236, 46.8202], [-71.2361, 46.8201], [-71.2362, 46.8201], [-71.2363, 46.8202], [-71.2363, 46.8203], [-71.2364, 46.8204], [-71.2364, 46.8205], [-71.2365, 46.8206], [-71.2365, 46.8207], [-71.2366, 46.8208], [-71.2367, 46.8209], [-71.2368, 46.8209], [-71.2369, 46.8209], [-71.237, 46.821], [-71.2372, 46.821], [-71.2373, 46.821], [-71.2375, 46.821], [-71.2376, 46.821], [-71.2378, 46.8209], [-71.2379, 46.8209], [-71.2381, 46.8208], [-71.2383, 46.8208], [-71.2384, 46.8207], [-71.2386, 46.8207], [-71.2387, 46.8207], [-71.2388, 46.8206], [-71.239, 46.8206], [-71.2391, 46.8206], [-71.2392, 46.8207], [-71.2393, 46.8207], [-71.2394, 46.8207], [-71.2395, 46.8207], [-71.2395, 46.8206], [-71.2396, 46.8205], [-71.2396, 46.8204], [-71.2396, 46.8203], [-71.2396, 46.8202], [-71.2397, 46.8201], [-71.2398, 46.8201], [-71.2399, 46.82], [-71.24, 46.82], [-71.2402, 46.82], [-71.2403, 46.8201], [-71.2404, 46.8201], [-71.2405, 46.8201], [-71.2406, 46.8202], [-71.2407, 46.8202], [-71.2408, 46.8203], [-71.2409, 46.8204], [-71.2409, 46.8205], [-71.2409, 46.8206], [-71.2409, 46.8207], [-71.2409, 46.8208], [-71.2408, 46.8209], [-71.2408, 46.8211], [-71.2408, 46.8212], [-71.2408, 46.8213], [-71.2409, 46.8213], [-71.241, 46.8214], [-71.2412, 46.8214], [-71.2414, 46.8215], [-71.2417, 46.8215], [-71.242, 46.8214], [-71.2423, 46.8214], [-71.2425, 46.8214], [-71.2428, 46.8214], [-71.243, 46.8215], [-71.2431, 46.8215], [-71.2433, 46.8215], [-71.2434, 46.8216], [-71.2435, 46.8217], [-71.2436, 46.8218], [-71.2437, 46.8219], [-71.2439, 46.8221], [-71.2441, 46.8223], [-71.2442, 46.8226], [-71.2444, 46.8228], [-71.2446, 46.8232], [-71.2449, 46.8235], [-71.245, 46.8238], [-71.2452, 46.8241], [-71.2453, 46.8244], [-71.2453, 46.8245], [-71.2453, 46.8247], [-71.2453, 46.8248], [-71.2452, 46.8249], [-71.2451, 46.8249], [-71.245, 46.8249], [-71.2449, 46.8249], [-71.2448, 46.8249], [-71.2446, 46.8249], [-71.2445, 46.8248], [-71.2444, 46.8247], [-71.2442, 46.8246], [-71.2441, 46.8244], [-71.244, 46.8243], [-71.2439, 46.8242], [-71.2437, 46.8241], [-71.2436, 46.8241], [-71.2435, 46.8241], [-71.2434, 46.8241], [-71.2433, 46.8242], [-71.2433, 46.8243], [-71.2433, 46.8244], [-71.2434, 46.8245], [-71.2435, 46.8246], [-71.2437, 46.8247], [-71.2439, 46.8248], [-71.2441, 46.8249], [-71.2443, 46.825], [-71.2445, 46.8251], [-71.2447, 46.8252], [-71.2449, 46.8253], [-71.2451, 46.8253], [-71.2452, 46.8253], [-71.2453, 46.8253], [-71.2454, 46.8253], [-71.2455, 46.8253], [-71.2456, 46.8254], [-71.2457, 46.8254], [-71.2458, 46.8255], [-71.2459, 46.8257], [-71.246, 46.8258], [-71.2461, 46.826], [-71.2462, 46.8262], [-71.2462, 46.8264], [-71.2463, 46.8266], [-71.2463, 46.8268], [-71.2462, 46.827], [-71.2462, 46.8271], [-71.2461, 46.8273], [-71.246, 46.8274], [-71.2459, 46.8275]]]}}, {"type": "Feature", "properties": {"couche": "voile", "station": "Hôpital Saint-François d'Assise", "minutes": 15}, "geometry": {"type": "Polygon", "coordinates": [[[-71.4055, 46.9423], [-71.068, 46.9445], [-71.0656, 46.7127], [-71.4016, 46.7105], [-71.4055, 46.9423]], [[-71.246, 46.8274], [-71.2461, 46.8273], [-71.2462, 46.8271], [-71.2462, 46.827], [-71.2463, 46.8268], [-71.2463, 46.8266], [-71.2462, 46.8264], [-71.2462, 46.8262], [-71.2461, 46.826], [-71.246, 46.8258], [-71.2459, 46.8257], [-71.2458, 46.8255], [-71.2457, 46.8254], [-71.2456, 46.8254], [-71.2455, 46.8253], [-71.2454, 46.8253], [-71.2453, 46.8253], [-71.2452, 46.8253], [-71.2451, 46.8253], [-71.2449, 46.8253], [-71.2447, 46.8252], [-71.2445, 46.8251], [-71.2443, 46.825], [-71.2441, 46.8249], [-71.2439, 46.8248], [-71.2437, 46.8247], [-71.2435, 46.8246], [-71.2434, 46.8245], [-71.2433, 46.8244], [-71.2433, 46.8243], [-71.2433, 46.8242], [-71.2434, 46.8241], [-71.2435, 46.8241], [-71.2436, 46.8241], [-71.2437, 46.8241], [-71.2439, 46.8242], [-71.244, 46.8243], [-71.2441, 46.8244], [-71.2442, 46.8246], [-71.2444, 46.8247], [-71.2445, 46.8248], [-71.2446, 46.8249], [-71.2448, 46.8249], [-71.2449, 46.8249], [-71.245, 46.8249], [-71.2451, 46.8249], [-71.2452, 46.8249], [-71.2453, 46.8248], [-71.2453, 46.8247], [-71.2453, 46.8245], [-71.2453, 46.8244], [-71.2452, 46.8241], [-71.245, 46.8238], [-71.2449, 46.8235], [-71.2446, 46.8232], [-71.2444, 46.8228], [-71.2442, 46.8226], [-71.2441, 46.8223], [-71.2439, 46.8221], [-71.2437, 46.8219], [-71.2436, 46.8218], [-71.2435, 46.8217], [-71.2434, 46.8216], [-71.2433, 46.8215], [-71.2431, 46.8215], [-71.243, 46.8215], [-71.2428, 46.8214], [-71.2425, 46.8214], [-71.2423, 46.8214], [-71.242, 46.8214], [-71.2417, 46.8215], [-71.2414, 46.8215], [-71.2412, 46.8214], [-71.241, 46.8214], [-71.2409, 46.8213], [-71.2408, 46.8213], [-71.2408, 46.8212], [-71.2408, 46.8211], [-71.2408, 46.8209], [-71.2409, 46.8208], [-71.2409, 46.8207], [-71.2409, 46.8206], [-71.2409, 46.8205], [-71.2409, 46.8204], [-71.2408, 46.8203], [-71.2407, 46.8202], [-71.2406, 46.8202], [-71.2405, 46.8201], [-71.2404, 46.8201], [-71.2403, 46.8201], [-71.2402, 46.82], [-71.24, 46.82], [-71.2399, 46.82], [-71.2398, 46.8201], [-71.2397, 46.8201], [-71.2396, 46.8202], [-71.2396, 46.8203], [-71.2396, 46.8204], [-71.2396, 46.8205], [-71.2395, 46.8206], [-71.2395, 46.8207], [-71.2394, 46.8207], [-71.2393, 46.8207], [-71.2392, 46.8207], [-71.2391, 46.8206], [-71.239, 46.8206], [-71.2388, 46.8206], [-71.2387, 46.8207], [-71.2386, 46.8207], [-71.2384, 46.8207], [-71.2383, 46.8208], [-71.2381, 46.8208], [-71.2379, 46.8209], [-71.2378, 46.8209], [-71.2376, 46.821], [-71.2375, 46.821], [-71.2373, 46.821], [-71.2372, 46.821], [-71.237, 46.821], [-71.2369, 46.8209], [-71.2368, 46.8209], [-71.2367, 46.8209], [-71.2366, 46.8208], [-71.2365, 46.8207], [-71.2365, 46.8206], [-71.2364, 46.8205], [-71.2364, 46.8204], [-71.2363, 46.8203], [-71.2363, 46.8202], [-71.2362, 46.8201], [-71.2361, 46.8201], [-71.236, 46.8202], [-71.2359, 46.8202], [-71.2358, 46.8203], [-71.2357, 46.8204], [-71.2355, 46.8204], [-71.2354, 46.8205], [-71.2352, 46.8205], [-71.235, 46.8205], [-71.2347, 46.8205], [-71.2344, 46.8204], [-71.2341, 46.8204], [-71.2339, 46.8203], [-71.2336, 46.8203], [-71.2333, 46.8203], [-71.2331, 46.8203], [-71.2328, 46.8203], [-71.2326, 46.8203], [-71.2324, 46.8204], [-71.2322, 46.8205], [-71.232, 46.8205], [-71.2318, 46.8205], [-71.2316, 46.8205], [-71.2315, 46.8205], [-71.2313, 46.8204], [-71.2312, 46.8203], [-71.231, 46.8202], [-71.2309, 46.82], [-71.2308, 46.8199], [-71.2306, 46.8198], [-71.2305, 46.8197], [-71.2303, 46.8197], [-71.2302, 46.8197], [-71.23, 46.8198], [-71.2299, 46.8198], [-71.2297, 46.8199], [-71.2295, 46.82], [-71.2293, 46.8201], [-71.2292, 46.8201], [-71.229, 46.8201], [-71.2287, 46.8201], [-71.2285, 46.8201], [-71.2283, 46.8201], [-71.2281, 46.82], [-71.2279, 46.8199], [-71.2277, 46.8199], [-71.2275, 46.8199], [-71.2273, 46.8199], [-71.2271, 46.8199], [-71.227, 46.8199], [-71.2269, 46.82], [-71.2267, 46.8201], [-71.2266, 46.8202], [-71.2266, 46.8203], [-71.2265, 46.8204], [-71.2265, 46.8205], [-71.2265, 46.8206], [-71.2265, 46.8207], [-71.2265, 46.8208], [-71.2266, 46.8209], [-71.2266, 46.821], [-71.2266, 46.8211], [-71.2266, 46.8212], [-71.2266, 46.8213], [-71.2265, 46.8214], [-71.2264, 46.8215], [-71.2262, 46.8216], [-71.2261, 46.8216], [-71.2259, 46.8218], [-71.2258, 46.822], [-71.2257, 46.8222], [-71.2256, 46.8225], [-71.2255, 46.8229], [-71.2254, 46.8234], [-71.2253, 46.8239], [-71.2253, 46.8245], [-71.2252, 46.825], [-71.2252, 46.8255], [-71.2252, 46.8258], [-71.2252, 46.8262], [-71.2253, 46.8264], [-71.2253, 46.8266], [-71.2254, 46.8267], [-71.2255, 46.8268], [-71.2255, 46.8269], [-71.2256, 46.8269], [-71.2257, 46.827], [-71.2257, 46.8271], [-71.2257, 46.8272], [-71.2257, 46.8273], [-71.2257, 46.8274], [-71.2256, 46.8274], [-71.2256, 46.8275], [-71.2255, 46.8275], [-71.2254, 46.8276], [-71.2252, 46.8276], [-71.2251, 46.8276], [-71.225, 46.8276], [-71.2249, 46.8276], [-71.2248, 46.8276], [-71.2248, 46.8277], [-71.2247, 46.8277], [-71.2247, 46.8278], [-71.2248, 46.8279], [-71.2248, 46.828], [-71.2249, 46.8281], [-71.2249, 46.8282], [-71.225, 46.8282], [-71.225, 46.8283], [-71.2249, 46.8283], [-71.2248, 46.8283], [-71.2247, 46.8283], [-71.2246, 46.8282], [-71.2245, 46.8282], [-71.2244, 46.8282], [-71.2243, 46.8282], [-71.2242, 46.8283], [-71.2241, 46.8283], [-71.2241, 46.8284], [-71.2241, 46.8285], [-71.2241, 46.8286], [-71.2242, 46.8287], [-71.2243, 46.8288], [-71.2244, 46.8289], [-71.2245, 46.829], [-71.2246, 46.8291], [-71.2247, 46.8292], [-71.2248, 46.8293], [-71.2248, 46.8294], [-71.2249, 46.8295], [-71.2249, 46.8296], [-71.2249, 46.8297], [-71.2248, 46.8299], [-71.2249, 46.83], [-71.225, 46.8302], [-71.2251, 46.8304], [-71.2253, 46.8306], [-71.2256, 46.8308], [-71.2259, 46.831], [-71.2263, 46.8312], [-71.2268, 46.8315], [-71.2272, 46.8317], [-71.2276, 46.832], [-71.2279, 46.8322], [-71.2282, 46.8325], [-71.2285, 46.8327], [-71.2287, 46.8329], [-71.2288, 46.8332], [-71.229, 46.8334], [-71.2291, 46.8336], [-71.2293, 46.8338], [-71.2294, 46.8339], [-71.2296, 46.834], [-71.2297, 46.834], [-71.2299, 46.834], [-71.23, 46.834], [-71.2302, 46.834], [-71.2304, 46.8339], [-71.2305, 46.8339], [-71.2306, 46.8339], [-71.2308, 46.8339], [-71.2309, 46.834], [-71.231, 46.834], [-71.231, 46.8341], [-71.2311, 46.8342], [-71.2312, 46.8342], [-71.2313, 46.8343], [-71.2315, 46.8344], [-71.2317, 46.8344], [-71.2319, 46.8344], [-71.2321, 46.8344], [-71.2324, 46.8344], [-71.2327, 46.8344], [-71.2329, 46.8343], [-71.2331, 46.8343], [-71.2333, 46.8343], [-71.2335, 46.8344], [-71.2336, 46.8344], [-71.2337, 46.8344], [-71.2337, 46.8345], [-71.2337, 46.8346], [-71.2338, 46.8346], [-71.2338, 46.8347], [-71.2339, 46.8347], [-71.234, 46.8348], [-71.2341, 46.8348], [-71.2343, 46.8349], [-71.2344, 46.8349], [-71.2345, 46.8349], [-71.2346, 46.8349], [-71.2347, 46.8348], [-71.2348, 46.8348], [-71.2349, 46.8348], [-71.2349, 46.8347], [-71.235, 46.8346], [-71.2351, 46.8346], [-71.2352, 46.8345], [-71.2353, 46.8344], [-71.2355, 46.8344], [-71.2356, 46.8343], [-71.2358, 46.8342], [-71.236, 46.8341], [-71.2361, 46.8341], [-71.2359, 46.8342], [-71.2358, 46.8343], [-71.2357, 46.8343], [-71.2357, 46.8344], [-71.2356, 46.8345], [-71.2356, 46.8346], [-71.2356, 46.8347], [-71.2357, 46.8347], [-71.2358, 46.8348], [-71.2359, 46.8348], [-71.236, 46.8348], [-71.2361, 46.8348], [-71.2363, 46.8347], [-71.2364, 46.8347], [-71.2366, 46.8347], [-71.2367, 46.8346], [-71.2369, 46.8346], [-71.237, 46.8347], [-71.2371, 46.8347], [-71.2371, 46.8348], [-71.2372, 46.8349], [-71.2372, 46.835], [-71.2373, 46.835], [-71.2373, 46.8351], [-71.2374, 46.8351], [-71.2375, 46.8352], [-71.2376, 46.8352], [-71.2377, 46.8352], [-71.2378, 46.8352], [-71.2379, 46.8352], [-71.238, 46.8352], [-71.2381, 46.8352], [-71.2382, 46.8352], [-71.2383, 46.8352], [-71.2383, 46.8351], [-71.2384, 46.8351], [-71.2384, 46.835], [-71.2385, 46.835], [-71.2386, 46.8349], [-71.2387, 46.835], [-71.2388, 46.835], [-71.2389, 46.835], [-71.239, 46.8351], [-71.2391, 46.8352], [-71.2392, 46.8353], [-71.2394, 46.8353], [-71.2395, 46.8353], [-71.2397, 46.8354], [-71.2399, 46.8353], [-71.2401, 46.8353], [-71.2404, 46.8353], [-71.2407, 46.8352], [-71.2409, 46.8352], [-71.2411, 46.8351], [-71.2414, 46.8351], [-71.2416, 46.8351], [-71.2418, 46.8352], [-71.242, 46.8352], [-71.2421, 46.8353], [-71.2423, 46.8354], [-71.2424, 46.8354], [-71.2426, 46.8355], [-71.2427, 46.8355], [-71.2428, 46.8355], [-71.2429, 46.8355], [-71.243, 46.8355], [-71.2431, 46.8354], [-71.2432, 46.8353], [-71.2432, 46.8352], [-71.2431, 46.8351], [-71.2431, 46.835], [-71.243, 46.8348], [-71.243, 46.8347], [-71.2429, 46.8346], [-71.2428, 46.8344], [-71.2428, 46.8343], [-71.2428, 46.8342], [-71.2429, 46.8341], [-71.243, 46.8341], [-71.2431, 46.834], [-71.2433, 46.834], [-71.2435, 46.834], [-71.2436, 46.834], [-71.2438, 46.8339], [-71.2439, 46.8339], [-71.244, 46.8338], [-71.244, 46.8337], [-71.2441, 46.8336], [-71.2441, 46.8335], [-71.2442, 46.8335], [-71.2442, 46.8334], [-71.2442, 46.8333], [-71.2442, 46.8332], [-71.2441, 46.8331], [-71.244, 46.833], [-71.2439, 46.833], [-71.2438, 46.8329], [-71.2437, 46.8329], [-71.2436, 46.8329], [-71.2435, 46.8329], [-71.2434, 46.8329], [-71.2433, 46.8329], [-71.2431, 46.8329], [-71.243, 46.8329], [-71.2428, 46.833], [-71.2428, 46.8329], [-71.2429, 46.8328], [-71.2431, 46.8327], [-71.2432, 46.8326], [-71.2434, 46.8325], [-71.2435, 46.8324], [-71.2436, 46.8323], [-71.2437, 46.8322], [-71.2437, 46.8321], [-71.2437, 46.832], [-71.2437, 46.8319], [-71.2437, 46.8318], [-71.2437, 46.8317], [-71.2437, 46.8316], [-71.2438, 46.8315], [-71.2439, 46.8314], [-71.244, 46.8314], [-71.2441, 46.8314], [-71.2443, 46.8313], [-71.2444, 46.8313], [-71.2446, 46.8312], [-71.2447, 46.8312], [-71.2448, 46.8311], [-71.2449, 46.8311], [-71.2449, 46.831], [-71.245, 46.8309], [-71.245, 46.8308], [-71.245, 46.8307], [-71.245, 46.8306], [-71.2449, 46.8306], [-71.2448, 46.8305], [-71.2448, 46.8304], [-71.2447, 46.8303], [-71.2446, 46.8303], [-71.2445, 46.8302], [-71.2445, 46.8301], [-71.2445, 46.83], [-71.2446, 46.83], [-71.2447, 46.8299], [-71.2448, 46.8299], [-71.245, 46.8298], [-71.2451, 46.8298], [-71.2452, 46.8297], [-71.2453, 46.8296], [-71.2454, 46.8294], [-71.2455, 46.8293], [-71.2455, 46.8291], [-71.2455, 46.8289], [-71.2455, 46.8287], [-71.2455, 46.8285], [-71.2455, 46.8283], [-71.2455, 46.8281], [-71.2456, 46.828], [-71.2457, 46.8278], [-71.2458, 46.8277], [-71.2459, 46.8275], [-71.246, 46.8274]]]}}]}