{"type": "FeatureCollection", "metadata": {"script": "scripts/analysis/tramway-isochrones.py", "genere_le": "2026-10-05", "source": "OpenStreetMap (ODbL) ; Statistique Canada, Recensement 2021", "attribution": "© les contributeurs d'OpenStreetMap", "titre": "Aires de marche et voiles — Jean-Paul-L'Allier", "paliers_min": [2, 3, 4, 5, 6, 7, 8, 9, 10, 11, 12, 13, 14, 15], "vitesse_kmh": 4.2, "methode": "Dijkstra sur le réseau marchable d'OpenStreetMap à 4.2 km/h ; couloir de 40 m autour des rues atteintes. Chaque voile est le complément de l'aire du même palier. Population par pondération de surface des aires de diffusion.", "trous": "comblés — intérieurs de grands îlots, pas des zones inaccessibles", "modes": "Mode de transport domicile–travail, recensement 2021 (mai 2021, en pleine pandémie), données-échantillon 25 %, réparti par pondération de surface."}, "features": [{"type": "Feature", "properties": {"couche": "aire_marche", "station": "Jean-Paul-L'Allier", "ordre": 22, "minutes": 2, "superficie_ha": 5.7, "rue_km": 2.69, "disque_ha": 6.2, "part_disque_pct": 92, "accroche_m": 10, "population": 359, "navetteurs": 144, "mode_auto_pct": 40, "mode_tc_pct": 25, "mode_actif_pct": 30, "mode_autre_pct": 5}, "geometry": {"type": "Polygon", "coordinates": [[[-71.2256, 46.8139], [-71.2255, 46.8141], [-71.2253, 46.8143], [-71.2252, 46.8144], [-71.2249, 46.8146], [-71.2247, 46.8147], [-71.2245, 46.8147], [-71.2242, 46.8147], [-71.2239, 46.8147], [-71.2235, 46.8146], [-71.2233, 46.8146], [-71.223, 46.8145], [-71.2227, 46.8144], [-71.2225, 46.8144], [-71.2224, 46.8143], [-71.2222, 46.8142], [-71.2221, 46.8141], [-71.222, 46.8141], [-71.222, 46.814], [-71.2219, 46.8138], [-71.2219, 46.8137], [-71.222, 46.8136], [-71.222, 46.8134], [-71.2221, 46.8132], [-71.2223, 46.813], [-71.2224, 46.8128], [-71.2226, 46.8126], [-71.2229, 46.8125], [-71.2231, 46.8124], [-71.2234, 46.8124], [-71.2237, 46.8124], [-71.224, 46.8124], [-71.2244, 46.8125], [-71.2248, 46.8126], [-71.2251, 46.8128], [-71.2253, 46.8129], [-71.2255, 46.8131], [-71.2256, 46.8133], [-71.2257, 46.8135], [-71.2257, 46.8137], [-71.2256, 46.8139]]]}}, {"type": "Feature", "properties": {"couche": "voile", "station": "Jean-Paul-L'Allier", "minutes": 2}, "geometry": {"type": "Polygon", "coordinates": [[[-71.3847, 46.9215], [-71.0658, 46.9236], [-71.0635, 46.7053], [-71.3812, 46.7033], [-71.3847, 46.9215]], [[-71.2257, 46.8137], [-71.2257, 46.8135], [-71.2256, 46.8133], [-71.2255, 46.8131], [-71.2253, 46.8129], [-71.2251, 46.8128], [-71.2248, 46.8126], [-71.2244, 46.8125], [-71.224, 46.8124], [-71.2237, 46.8124], [-71.2234, 46.8124], [-71.2231, 46.8124], [-71.2229, 46.8125], [-71.2226, 46.8126], [-71.2224, 46.8128], [-71.2223, 46.813], [-71.2221, 46.8132], [-71.222, 46.8134], [-71.222, 46.8136], [-71.2219, 46.8137], [-71.2219, 46.8138], [-71.222, 46.814], [-71.222, 46.8141], [-71.2221, 46.8141], [-71.2222, 46.8142], [-71.2224, 46.8143], [-71.2225, 46.8144], [-71.2227, 46.8144], [-71.223, 46.8145], [-71.2233, 46.8146], [-71.2235, 46.8146], [-71.2239, 46.8147], [-71.2242, 46.8147], [-71.2245, 46.8147], [-71.2247, 46.8147], [-71.2249, 46.8146], [-71.2252, 46.8144], [-71.2253, 46.8143], [-71.2255, 46.8141], [-71.2256, 46.8139], [-71.2257, 46.8137]]]}}, {"type": "Feature", "properties": {"couche": "aire_marche", "station": "Jean-Paul-L'Allier", "ordre": 22, "minutes": 3, "superficie_ha": 11.8, "rue_km": 5.5, "disque_ha": 13.9, "part_disque_pct": 85, "accroche_m": 10, "population": 828, "navetteurs": 321, "mode_auto_pct": 41, "mode_tc_pct": 26, "mode_actif_pct": 30, "mode_autre_pct": 3}, "geometry": {"type": "Polygon", "coordinates": [[[-71.2267, 46.8133], [-71.2266, 46.8135], [-71.2266, 46.8136], [-71.2265, 46.8137], [-71.2264, 46.8138], [-71.2263, 46.8139], [-71.2262, 46.814], [-71.2261, 46.8141], [-71.226, 46.8141], [-71.2258, 46.8142], [-71.2257, 46.8142], [-71.2257, 46.8143], [-71.2256, 46.8143], [-71.2256, 46.8144], [-71.2256, 46.8145], [-71.2257, 46.8145], [-71.2257, 46.8146], [-71.2258, 46.8146], [-71.2258, 46.8147], [-71.2259, 46.8148], [-71.2259, 46.8149], [-71.2258, 46.815], [-71.2258, 46.8151], [-71.2257, 46.8151], [-71.2256, 46.8152], [-71.2255, 46.8153], [-71.2253, 46.8153], [-71.2251, 46.8153], [-71.2249, 46.8153], [-71.2247, 46.8153], [-71.2244, 46.8153], [-71.224, 46.8152], [-71.2237, 46.8151], [-71.2235, 46.8151], [-71.2233, 46.815], [-71.2231, 46.815], [-71.223, 46.8149], [-71.2229, 46.8149], [-71.2228, 46.8148], [-71.2228, 46.8147], [-71.2227, 46.8147], [-71.2227, 46.8146], [-71.2226, 46.8146], [-71.2225, 46.8146], [-71.2224, 46.8146], [-71.2223, 46.8146], [-71.2222, 46.8146], [-71.2221, 46.8146], [-71.2219, 46.8146], [-71.2218, 46.8146], [-71.2217, 46.8146], [-71.2216, 46.8146], [-71.2215, 46.8145], [-71.2214, 46.8145], [-71.2213, 46.8144], [-71.2212, 46.8143], [-71.2211, 46.8142], [-71.2211, 46.8141], [-71.2211, 46.8139], [-71.2212, 46.8137], [-71.2213, 46.8135], [-71.2215, 46.8132], [-71.2216, 46.813], [-71.2219, 46.8126], [-71.2221, 46.8124], [-71.2223, 46.8122], [-71.2225, 46.812], [-71.2227, 46.8119], [-71.2229, 46.8118], [-71.2231, 46.8118], [-71.2232, 46.8118], [-71.2234, 46.8119], [-71.2236, 46.812], [-71.2238, 46.812], [-71.224, 46.8121], [-71.2242, 46.8121], [-71.2244, 46.8121], [-71.2246, 46.8121], [-71.2248, 46.8121], [-71.225, 46.8121], [-71.2253, 46.8121], [-71.2255, 46.8121], [-71.2257, 46.8122], [-71.2258, 46.8122], [-71.226, 46.8123], [-71.2262, 46.8123], [-71.2263, 46.8124], [-71.2264, 46.8125], [-71.2265, 46.8126], [-71.2266, 46.8127], [-71.2267, 46.8128], [-71.2267, 46.8129], [-71.2267, 46.813], [-71.2267, 46.8132], [-71.2267, 46.8133]]]}}, {"type": "Feature", "properties": {"couche": "voile", "station": "Jean-Paul-L'Allier", "minutes": 3}, "geometry": {"type": "Polygon", "coordinates": [[[-71.3857, 46.9221], [-71.065, 46.9242], [-71.0627, 46.7047], [-71.3821, 46.7027], [-71.3857, 46.9221]], [[-71.2267, 46.8132], [-71.2267, 46.813], [-71.2267, 46.8129], [-71.2267, 46.8128], [-71.2266, 46.8127], [-71.2265, 46.8126], [-71.2264, 46.8125], [-71.2263, 46.8124], [-71.2262, 46.8123], [-71.226, 46.8123], [-71.2258, 46.8122], [-71.2257, 46.8122], [-71.2255, 46.8121], [-71.2253, 46.8121], [-71.225, 46.8121], [-71.2248, 46.8121], [-71.2246, 46.8121], [-71.2244, 46.8121], [-71.2242, 46.8121], [-71.224, 46.8121], [-71.2238, 46.812], [-71.2236, 46.812], [-71.2234, 46.8119], [-71.2232, 46.8118], [-71.2231, 46.8118], [-71.2229, 46.8118], [-71.2227, 46.8119], [-71.2225, 46.812], [-71.2223, 46.8122], [-71.2221, 46.8124], [-71.2219, 46.8126], [-71.2216, 46.813], [-71.2215, 46.8132], [-71.2213, 46.8135], [-71.2212, 46.8137], [-71.2211, 46.8139], [-71.2211, 46.8141], [-71.2211, 46.8142], [-71.2212, 46.8143], [-71.2213, 46.8144], [-71.2214, 46.8145], [-71.2215, 46.8145], [-71.2216, 46.8146], [-71.2217, 46.8146], [-71.2218, 46.8146], [-71.2219, 46.8146], [-71.2221, 46.8146], [-71.2222, 46.8146], [-71.2223, 46.8146], [-71.2224, 46.8146], [-71.2225, 46.8146], [-71.2226, 46.8146], [-71.2227, 46.8146], [-71.2227, 46.8147], [-71.2228, 46.8147], [-71.2228, 46.8148], [-71.2229, 46.8149], [-71.223, 46.8149], [-71.2231, 46.815], [-71.2233, 46.815], [-71.2235, 46.8151], [-71.2237, 46.8151], [-71.224, 46.8152], [-71.2244, 46.8153], [-71.2247, 46.8153], [-71.2249, 46.8153], [-71.2251, 46.8153], [-71.2253, 46.8153], [-71.2255, 46.8153], [-71.2256, 46.8152], [-71.2257, 46.8151], [-71.2258, 46.8151], [-71.2258, 46.815], [-71.2259, 46.8149], [-71.2259, 46.8148], [-71.2258, 46.8147], [-71.2258, 46.8146], [-71.2257, 46.8146], [-71.2257, 46.8145], [-71.2256, 46.8145], [-71.2256, 46.8144], [-71.2256, 46.8143], [-71.2257, 46.8143], [-71.2257, 46.8142], [-71.2258, 46.8142], [-71.226, 46.8141], [-71.2261, 46.8141], [-71.2262, 46.814], [-71.2263, 46.8139], [-71.2264, 46.8138], [-71.2265, 46.8137], [-71.2266, 46.8136], [-71.2266, 46.8135], [-71.2267, 46.8133], [-71.2267, 46.8132]]]}}, {"type": "Feature", "properties": {"couche": "aire_marche", "station": "Jean-Paul-L'Allier", "ordre": 22, "minutes": 4, "superficie_ha": 17.6, "rue_km": 8.23, "disque_ha": 24.6, "part_disque_pct": 72, "accroche_m": 10, "population": 1359, "navetteurs": 502, "mode_auto_pct": 40, "mode_tc_pct": 25, "mode_actif_pct": 32, "mode_autre_pct": 3}, "geometry": {"type": "Polygon", "coordinates": [[[-71.2268, 46.8138], [-71.2266, 46.8143], [-71.2264, 46.8147], [-71.2261, 46.815], [-71.2257, 46.8153], [-71.2253, 46.8154], [-71.2248, 46.8155], [-71.2242, 46.8155], [-71.2236, 46.8155], [-71.2229, 46.8153], [-71.2223, 46.8152], [-71.2218, 46.815], [-71.2213, 46.8149], [-71.221, 46.8147], [-71.2207, 46.8146], [-71.2205, 46.8144], [-71.2204, 46.8143], [-71.2204, 46.8141], [-71.2204, 46.8139], [-71.2205, 46.8137], [-71.2206, 46.8135], [-71.2207, 46.8133], [-71.2208, 46.813], [-71.221, 46.8128], [-71.2212, 46.8125], [-71.2215, 46.8121], [-71.2217, 46.8119], [-71.222, 46.8117], [-71.2223, 46.8115], [-71.2227, 46.8114], [-71.223, 46.8114], [-71.2234, 46.8114], [-71.2238, 46.8115], [-71.2242, 46.8116], [-71.2246, 46.8117], [-71.2249, 46.8118], [-71.2253, 46.8119], [-71.2256, 46.812], [-71.2259, 46.812], [-71.2261, 46.812], [-71.2264, 46.812], [-71.2266, 46.812], [-71.2268, 46.8121], [-71.2269, 46.8122], [-71.227, 46.8124], [-71.227, 46.8127], [-71.227, 46.813], [-71.2269, 46.8133], [-71.2268, 46.8138]]]}}, {"type": "Feature", "properties": {"couche": "voile", "station": "Jean-Paul-L'Allier", "minutes": 4}, "geometry": {"type": "Polygon", "coordinates": [[[-71.3861, 46.9223], [-71.0643, 46.9244], [-71.062, 46.7043], [-71.3824, 46.7023], [-71.3861, 46.9223]], [[-71.2269, 46.8133], [-71.227, 46.813], [-71.227, 46.8127], [-71.227, 46.8124], [-71.2269, 46.8122], [-71.2268, 46.8121], [-71.2266, 46.812], [-71.2264, 46.812], [-71.2261, 46.812], [-71.2259, 46.812], [-71.2256, 46.812], [-71.2253, 46.8119], [-71.2249, 46.8118], [-71.2246, 46.8117], [-71.2242, 46.8116], [-71.2238, 46.8115], [-71.2234, 46.8114], [-71.223, 46.8114], [-71.2227, 46.8114], [-71.2223, 46.8115], [-71.222, 46.8117], [-71.2217, 46.8119], [-71.2215, 46.8121], [-71.2212, 46.8125], [-71.221, 46.8128], [-71.2208, 46.813], [-71.2207, 46.8133], [-71.2206, 46.8135], [-71.2205, 46.8137], [-71.2204, 46.8139], [-71.2204, 46.8141], [-71.2204, 46.8143], [-71.2205, 46.8144], [-71.2207, 46.8146], [-71.221, 46.8147], [-71.2213, 46.8149], [-71.2218, 46.815], [-71.2223, 46.8152], [-71.2229, 46.8153], [-71.2236, 46.8155], [-71.2242, 46.8155], [-71.2248, 46.8155], [-71.2253, 46.8154], [-71.2257, 46.8153], [-71.2261, 46.815], [-71.2264, 46.8147], [-71.2266, 46.8143], [-71.2268, 46.8138], [-71.2269, 46.8133]]]}}, {"type": "Feature", "properties": {"couche": "aire_marche", "station": "Jean-Paul-L'Allier", "ordre": 22, "minutes": 5, "superficie_ha": 28.0, "rue_km": 11.28, "disque_ha": 38.5, "part_disque_pct": 73, "accroche_m": 10, "population": 2471, "navetteurs": 887, "mode_auto_pct": 39, "mode_tc_pct": 26, "mode_actif_pct": 33, "mode_autre_pct": 2}, "geometry": {"type": "Polygon", "coordinates": [[[-71.2276, 46.8141], [-71.2273, 46.8146], [-71.227, 46.8151], [-71.2266, 46.8155], [-71.2261, 46.8157], [-71.2256, 46.8159], [-71.2249, 46.816], [-71.2242, 46.816], [-71.2235, 46.8159], [-71.2226, 46.8157], [-71.2219, 46.8155], [-71.2213, 46.8154], [-71.2207, 46.8152], [-71.2203, 46.8151], [-71.22, 46.815], [-71.2198, 46.8149], [-71.2197, 46.8148], [-71.2197, 46.8147], [-71.2197, 46.8146], [-71.2198, 46.8145], [-71.2198, 46.8144], [-71.2199, 46.8144], [-71.2199, 46.8143], [-71.22, 46.8143], [-71.2201, 46.8142], [-71.2202, 46.8142], [-71.2203, 46.8142], [-71.2203, 46.8141], [-71.2203, 46.814], [-71.2202, 46.8139], [-71.2201, 46.8139], [-71.22, 46.8138], [-71.2199, 46.8137], [-71.2199, 46.8136], [-71.2199, 46.8134], [-71.22, 46.8132], [-71.2201, 46.8129], [-71.2203, 46.8126], [-71.2206, 46.8123], [-71.2209, 46.8119], [-71.2212, 46.8115], [-71.2215, 46.8112], [-71.2217, 46.811], [-71.222, 46.8108], [-71.2223, 46.8107], [-71.2225, 46.8106], [-71.2228, 46.8106], [-71.223, 46.8107], [-71.2232, 46.8107], [-71.2234, 46.8108], [-71.2236, 46.8108], [-71.2237, 46.8109], [-71.2238, 46.8109], [-71.2239, 46.811], [-71.224, 46.8111], [-71.224, 46.8112], [-71.2241, 46.8112], [-71.2242, 46.8113], [-71.2243, 46.8113], [-71.2244, 46.8112], [-71.2245, 46.8112], [-71.2246, 46.8112], [-71.2247, 46.8111], [-71.2249, 46.8111], [-71.225, 46.8112], [-71.2252, 46.8112], [-71.2253, 46.8112], [-71.2255, 46.8113], [-71.2257, 46.8114], [-71.2258, 46.8115], [-71.226, 46.8116], [-71.2262, 46.8116], [-71.2264, 46.8117], [-71.2266, 46.8117], [-71.2268, 46.8118], [-71.227, 46.8118], [-71.2272, 46.8118], [-71.2274, 46.8118], [-71.2276, 46.8118], [-71.2278, 46.8118], [-71.228, 46.8118], [-71.2281, 46.8118], [-71.2282, 46.8119], [-71.2283, 46.8119], [-71.2284, 46.812], [-71.2284, 46.8121], [-71.2283, 46.8123], [-71.2283, 46.8125], [-71.2282, 46.8128], [-71.228, 46.8132], [-71.2278, 46.8136], [-71.2276, 46.8141]]]}}, {"type": "Feature", "properties": {"couche": "voile", "station": "Jean-Paul-L'Allier", "minutes": 5}, "geometry": {"type": "Polygon", "coordinates": [[[-71.3875, 46.9228], [-71.0636, 46.9249], [-71.0613, 46.7035], [-71.3838, 46.7015], [-71.3875, 46.9228]], [[-71.2278, 46.8136], [-71.228, 46.8132], [-71.2282, 46.8128], [-71.2283, 46.8125], [-71.2283, 46.8123], [-71.2284, 46.8121], [-71.2284, 46.812], [-71.2283, 46.8119], [-71.2282, 46.8119], [-71.2281, 46.8118], [-71.228, 46.8118], [-71.2278, 46.8118], [-71.2276, 46.8118], [-71.2274, 46.8118], [-71.2272, 46.8118], [-71.227, 46.8118], [-71.2268, 46.8118], [-71.2266, 46.8117], [-71.2264, 46.8117], [-71.2262, 46.8116], [-71.226, 46.8116], [-71.2258, 46.8115], [-71.2257, 46.8114], [-71.2255, 46.8113], [-71.2253, 46.8112], [-71.2252, 46.8112], [-71.225, 46.8112], [-71.2249, 46.8111], [-71.2247, 46.8111], [-71.2246, 46.8112], [-71.2245, 46.8112], [-71.2244, 46.8112], [-71.2243, 46.8113], [-71.2242, 46.8113], [-71.2241, 46.8112], [-71.224, 46.8112], [-71.224, 46.8111], [-71.2239, 46.811], [-71.2238, 46.8109], [-71.2237, 46.8109], [-71.2236, 46.8108], [-71.2234, 46.8108], [-71.2232, 46.8107], [-71.223, 46.8107], [-71.2228, 46.8106], [-71.2225, 46.8106], [-71.2223, 46.8107], [-71.222, 46.8108], [-71.2217, 46.811], [-71.2215, 46.8112], [-71.2212, 46.8115], [-71.2209, 46.8119], [-71.2206, 46.8123], [-71.2203, 46.8126], [-71.2201, 46.8129], [-71.22, 46.8132], [-71.2199, 46.8134], [-71.2199, 46.8136], [-71.2199, 46.8137], [-71.22, 46.8138], [-71.2201, 46.8139], [-71.2202, 46.8139], [-71.2203, 46.814], [-71.2203, 46.8141], [-71.2203, 46.8142], [-71.2202, 46.8142], [-71.2201, 46.8142], [-71.22, 46.8143], [-71.2199, 46.8143], [-71.2199, 46.8144], [-71.2198, 46.8144], [-71.2198, 46.8145], [-71.2197, 46.8146], [-71.2197, 46.8147], [-71.2197, 46.8148], [-71.2198, 46.8149], [-71.22, 46.815], [-71.2203, 46.8151], [-71.2207, 46.8152], [-71.2213, 46.8154], [-71.2219, 46.8155], [-71.2226, 46.8157], [-71.2235, 46.8159], [-71.2242, 46.816], [-71.2249, 46.816], [-71.2256, 46.8159], [-71.2261, 46.8157], [-71.2266, 46.8155], [-71.227, 46.8151], [-71.2273, 46.8146], [-71.2276, 46.8141], [-71.2278, 46.8136]]]}}, {"type": "Feature", "properties": {"couche": "aire_marche", "station": "Jean-Paul-L'Allier", "ordre": 22, "minutes": 6, "superficie_ha": 42.8, "rue_km": 15.4, "disque_ha": 55.4, "part_disque_pct": 77, "accroche_m": 10, "population": 3929, "navetteurs": 1381, "mode_auto_pct": 39, "mode_tc_pct": 26, "mode_actif_pct": 34, "mode_autre_pct": 1}, "geometry": {"type": "Polygon", "coordinates": [[[-71.229, 46.8133], [-71.2288, 46.8137], [-71.2287, 46.814], [-71.2286, 46.8143], [-71.2285, 46.8146], [-71.2284, 46.8148], [-71.2283, 46.815], [-71.2282, 46.8151], [-71.2281, 46.8152], [-71.2279, 46.8152], [-71.2278, 46.8153], [-71.2277, 46.8154], [-71.2276, 46.8155], [-71.2275, 46.8156], [-71.2275, 46.8157], [-71.2274, 46.8159], [-71.2273, 46.816], [-71.2273, 46.8162], [-71.2272, 46.8164], [-71.2271, 46.8165], [-71.227, 46.8167], [-71.2268, 46.8168], [-71.2266, 46.8168], [-71.2263, 46.8169], [-71.2261, 46.8169], [-71.2258, 46.8169], [-71.2255, 46.8169], [-71.2251, 46.8169], [-71.2247, 46.8168], [-71.2243, 46.8167], [-71.2239, 46.8167], [-71.2234, 46.8166], [-71.2229, 46.8164], [-71.2223, 46.8163], [-71.2218, 46.8162], [-71.2214, 46.8161], [-71.221, 46.816], [-71.2208, 46.8159], [-71.2205, 46.8158], [-71.2204, 46.8157], [-71.2203, 46.8156], [-71.2202, 46.8155], [-71.2201, 46.8154], [-71.22, 46.8154], [-71.2198, 46.8153], [-71.2197, 46.8153], [-71.2196, 46.8153], [-71.2194, 46.8153], [-71.2193, 46.8153], [-71.2192, 46.8153], [-71.2191, 46.8152], [-71.219, 46.8152], [-71.219, 46.8151], [-71.219, 46.815], [-71.2191, 46.8149], [-71.2191, 46.8148], [-71.2192, 46.8147], [-71.2192, 46.8146], [-71.2192, 46.8145], [-71.2192, 46.8144], [-71.2192, 46.8143], [-71.2191, 46.8142], [-71.2191, 46.8141], [-71.219, 46.814], [-71.2189, 46.8138], [-71.219, 46.8136], [-71.219, 46.8134], [-71.2192, 46.8131], [-71.2194, 46.8128], [-71.2196, 46.8124], [-71.2199, 46.812], [-71.2203, 46.8115], [-71.2207, 46.8111], [-71.2211, 46.8108], [-71.2215, 46.8106], [-71.2219, 46.8104], [-71.2224, 46.8103], [-71.2229, 46.8102], [-71.2234, 46.8102], [-71.224, 46.8103], [-71.2245, 46.8104], [-71.225, 46.8106], [-71.2255, 46.8107], [-71.226, 46.8108], [-71.2265, 46.8109], [-71.2269, 46.8111], [-71.2274, 46.8112], [-71.2278, 46.8114], [-71.2282, 46.8116], [-71.2285, 46.8118], [-71.2287, 46.812], [-71.2289, 46.8123], [-71.229, 46.8126], [-71.229, 46.8129], [-71.229, 46.8133]]]}}, {"type": "Feature", "properties": {"couche": "voile", "station": "Jean-Paul-L'Allier", "minutes": 6}, "geometry": {"type": "Polygon", "coordinates": [[[-71.3881, 46.9237], [-71.0628, 46.9258], [-71.0605, 46.7032], [-71.3844, 46.7011], [-71.3881, 46.9237]], [[-71.229, 46.8129], [-71.229, 46.8126], [-71.2289, 46.8123], [-71.2287, 46.812], [-71.2285, 46.8118], [-71.2282, 46.8116], [-71.2278, 46.8114], [-71.2274, 46.8112], [-71.2269, 46.8111], [-71.2265, 46.8109], [-71.226, 46.8108], [-71.2255, 46.8107], [-71.225, 46.8106], [-71.2245, 46.8104], [-71.224, 46.8103], [-71.2234, 46.8102], [-71.2229, 46.8102], [-71.2224, 46.8103], [-71.2219, 46.8104], [-71.2215, 46.8106], [-71.2211, 46.8108], [-71.2207, 46.8111], [-71.2203, 46.8115], [-71.2199, 46.812], [-71.2196, 46.8124], [-71.2194, 46.8128], [-71.2192, 46.8131], [-71.219, 46.8134], [-71.219, 46.8136], [-71.2189, 46.8138], [-71.219, 46.814], [-71.2191, 46.8141], [-71.2191, 46.8142], [-71.2192, 46.8143], [-71.2192, 46.8144], [-71.2192, 46.8145], [-71.2192, 46.8146], [-71.2192, 46.8147], [-71.2191, 46.8148], [-71.2191, 46.8149], [-71.219, 46.815], [-71.219, 46.8151], [-71.219, 46.8152], [-71.2191, 46.8152], [-71.2192, 46.8153], [-71.2193, 46.8153], [-71.2194, 46.8153], [-71.2196, 46.8153], [-71.2197, 46.8153], [-71.2198, 46.8153], [-71.22, 46.8154], [-71.2201, 46.8154], [-71.2202, 46.8155], [-71.2203, 46.8156], [-71.2204, 46.8157], [-71.2205, 46.8158], [-71.2208, 46.8159], [-71.221, 46.816], [-71.2214, 46.8161], [-71.2218, 46.8162], [-71.2223, 46.8163], [-71.2229, 46.8164], [-71.2234, 46.8166], [-71.2239, 46.8167], [-71.2243, 46.8167], [-71.2247, 46.8168], [-71.2251, 46.8169], [-71.2255, 46.8169], [-71.2258, 46.8169], [-71.2261, 46.8169], [-71.2263, 46.8169], [-71.2266, 46.8168], [-71.2268, 46.8168], [-71.227, 46.8167], [-71.2271, 46.8165], [-71.2272, 46.8164], [-71.2273, 46.8162], [-71.2273, 46.816], [-71.2274, 46.8159], [-71.2275, 46.8157], [-71.2275, 46.8156], [-71.2276, 46.8155], [-71.2277, 46.8154], [-71.2278, 46.8153], [-71.2279, 46.8152], [-71.2281, 46.8152], [-71.2282, 46.8151], [-71.2283, 46.815], [-71.2284, 46.8148], [-71.2285, 46.8146], [-71.2286, 46.8143], [-71.2287, 46.814], [-71.2288, 46.8137], [-71.229, 46.8133], [-71.229, 46.8129]]]}}, {"type": "Feature", "properties": {"couche": "aire_marche", "station": "Jean-Paul-L'Allier", "ordre": 22, "minutes": 7, "superficie_ha": 57.4, "rue_km": 20.85, "disque_ha": 75.4, "part_disque_pct": 76, "accroche_m": 10, "population": 5507, "navetteurs": 1904, "mode_auto_pct": 38, "mode_tc_pct": 25, "mode_actif_pct": 36, "mode_autre_pct": 1}, "geometry": {"type": "Polygon", "coordinates": [[[-71.2297, 46.8134], [-71.2295, 46.8138], [-71.2294, 46.8143], [-71.2292, 46.8146], [-71.2291, 46.8149], [-71.229, 46.8152], [-71.2288, 46.8154], [-71.2287, 46.8155], [-71.2286, 46.8156], [-71.2284, 46.8156], [-71.2283, 46.8157], [-71.2282, 46.8157], [-71.2282, 46.8158], [-71.2281, 46.8158], [-71.2281, 46.8159], [-71.2281, 46.816], [-71.2281, 46.8161], [-71.2282, 46.8162], [-71.2282, 46.8163], [-71.2282, 46.8164], [-71.2281, 46.8165], [-71.2281, 46.8166], [-71.228, 46.8168], [-71.228, 46.8169], [-71.2279, 46.817], [-71.2277, 46.8171], [-71.2276, 46.8172], [-71.2275, 46.8172], [-71.2273, 46.8173], [-71.2272, 46.8173], [-71.2271, 46.8173], [-71.227, 46.8173], [-71.2269, 46.8173], [-71.2267, 46.8172], [-71.2266, 46.8172], [-71.2265, 46.8171], [-71.2263, 46.8171], [-71.2262, 46.8171], [-71.226, 46.8171], [-71.2258, 46.8171], [-71.2256, 46.8172], [-71.2253, 46.8172], [-71.2251, 46.8172], [-71.2247, 46.8172], [-71.2242, 46.8171], [-71.2237, 46.817], [-71.2231, 46.8169], [-71.2224, 46.8168], [-71.2217, 46.8166], [-71.2209, 46.8164], [-71.2202, 46.8162], [-71.2196, 46.816], [-71.2191, 46.8158], [-71.2187, 46.8156], [-71.2185, 46.8155], [-71.2183, 46.8153], [-71.2183, 46.8152], [-71.2184, 46.8151], [-71.2185, 46.815], [-71.2185, 46.8149], [-71.2185, 46.8148], [-71.2185, 46.8147], [-71.2185, 46.8146], [-71.2184, 46.8145], [-71.2183, 46.8145], [-71.2182, 46.8144], [-71.2181, 46.8144], [-71.218, 46.8143], [-71.2179, 46.8142], [-71.2179, 46.8141], [-71.2178, 46.814], [-71.2178, 46.8139], [-71.2179, 46.8137], [-71.218, 46.8135], [-71.2181, 46.8133], [-71.2183, 46.813], [-71.2186, 46.8126], [-71.2189, 46.8122], [-71.2192, 46.8117], [-71.2197, 46.8112], [-71.2201, 46.8108], [-71.2206, 46.8104], [-71.2211, 46.8101], [-71.2217, 46.8099], [-71.2222, 46.8098], [-71.2229, 46.8097], [-71.2235, 46.8098], [-71.2242, 46.8099], [-71.2249, 46.81], [-71.2255, 46.8101], [-71.2261, 46.8103], [-71.2267, 46.8104], [-71.2272, 46.8106], [-71.2277, 46.8107], [-71.2282, 46.8109], [-71.2286, 46.8111], [-71.229, 46.8113], [-71.2293, 46.8115], [-71.2295, 46.8118], [-71.2297, 46.8122], [-71.2297, 46.8125], [-71.2297, 46.8129], [-71.2297, 46.8134]]]}}, {"type": "Feature", "properties": {"couche": "voile", "station": "Jean-Paul-L'Allier", "minutes": 7}, "geometry": {"type": "Polygon", "coordinates": [[[-71.3888, 46.9241], [-71.0617, 46.9262], [-71.0594, 46.7027], [-71.3851, 46.7006], [-71.3888, 46.9241]], [[-71.2297, 46.8129], [-71.2297, 46.8125], [-71.2297, 46.8122], [-71.2295, 46.8118], [-71.2293, 46.8115], [-71.229, 46.8113], [-71.2286, 46.8111], [-71.2282, 46.8109], [-71.2277, 46.8107], [-71.2272, 46.8106], [-71.2267, 46.8104], [-71.2261, 46.8103], [-71.2255, 46.8101], [-71.2249, 46.81], [-71.2242, 46.8099], [-71.2235, 46.8098], [-71.2229, 46.8097], [-71.2222, 46.8098], [-71.2217, 46.8099], [-71.2211, 46.8101], [-71.2206, 46.8104], [-71.2201, 46.8108], [-71.2197, 46.8112], [-71.2192, 46.8117], [-71.2189, 46.8122], [-71.2186, 46.8126], [-71.2183, 46.813], [-71.2181, 46.8133], [-71.218, 46.8135], [-71.2179, 46.8137], [-71.2178, 46.8139], [-71.2178, 46.814], [-71.2179, 46.8141], [-71.2179, 46.8142], [-71.218, 46.8143], [-71.2181, 46.8144], [-71.2182, 46.8144], [-71.2183, 46.8145], [-71.2184, 46.8145], [-71.2185, 46.8146], [-71.2185, 46.8147], [-71.2185, 46.8148], [-71.2185, 46.8149], [-71.2185, 46.815], [-71.2184, 46.8151], [-71.2183, 46.8152], [-71.2183, 46.8153], [-71.2185, 46.8155], [-71.2187, 46.8156], [-71.2191, 46.8158], [-71.2196, 46.816], [-71.2202, 46.8162], [-71.2209, 46.8164], [-71.2217, 46.8166], [-71.2224, 46.8168], [-71.2231, 46.8169], [-71.2237, 46.817], [-71.2242, 46.8171], [-71.2247, 46.8172], [-71.2251, 46.8172], [-71.2253, 46.8172], [-71.2256, 46.8172], [-71.2258, 46.8171], [-71.226, 46.8171], [-71.2262, 46.8171], [-71.2263, 46.8171], [-71.2265, 46.8171], [-71.2266, 46.8172], [-71.2267, 46.8172], [-71.2269, 46.8173], [-71.227, 46.8173], [-71.2271, 46.8173], [-71.2272, 46.8173], [-71.2273, 46.8173], [-71.2275, 46.8172], [-71.2276, 46.8172], [-71.2277, 46.8171], [-71.2279, 46.817], [-71.228, 46.8169], [-71.228, 46.8168], [-71.2281, 46.8166], [-71.2281, 46.8165], [-71.2282, 46.8164], [-71.2282, 46.8163], [-71.2282, 46.8162], [-71.2281, 46.8161], [-71.2281, 46.816], [-71.2281, 46.8159], [-71.2281, 46.8158], [-71.2282, 46.8158], [-71.2282, 46.8157], [-71.2283, 46.8157], [-71.2284, 46.8156], [-71.2286, 46.8156], [-71.2287, 46.8155], [-71.2288, 46.8154], [-71.229, 46.8152], [-71.2291, 46.8149], [-71.2292, 46.8146], [-71.2294, 46.8143], [-71.2295, 46.8138], [-71.2297, 46.8134], [-71.2297, 46.8129]]]}}, {"type": "Feature", "properties": {"couche": "aire_marche", "station": "Jean-Paul-L'Allier", "ordre": 22, "minutes": 8, "superficie_ha": 72.7, "rue_km": 26.78, "disque_ha": 98.5, "part_disque_pct": 74, "accroche_m": 10, "population": 7177, "navetteurs": 2464, "mode_auto_pct": 38, "mode_tc_pct": 24, "mode_actif_pct": 37, "mode_autre_pct": 1}, "geometry": {"type": "Polygon", "coordinates": [[[-71.2297, 46.8109], [-71.2299, 46.8109], [-71.2301, 46.8109], [-71.2303, 46.811], [-71.2304, 46.811], [-71.2306, 46.8111], [-71.2307, 46.8112], [-71.2307, 46.8113], [-71.2308, 46.8114], [-71.2308, 46.8115], [-71.2308, 46.8117], [-71.2308, 46.8119], [-71.2308, 46.8122], [-71.2307, 46.8125], [-71.2306, 46.8129], [-71.2305, 46.8133], [-71.2304, 46.8137], [-71.2302, 46.8142], [-71.23, 46.8147], [-71.2298, 46.8151], [-71.2296, 46.8155], [-71.2294, 46.8159], [-71.2292, 46.8162], [-71.229, 46.8165], [-71.2288, 46.8168], [-71.2285, 46.8171], [-71.2283, 46.8173], [-71.228, 46.8175], [-71.2278, 46.8176], [-71.2275, 46.8177], [-71.2272, 46.8177], [-71.227, 46.8177], [-71.2267, 46.8177], [-71.2264, 46.8176], [-71.2261, 46.8175], [-71.2259, 46.8175], [-71.2256, 46.8174], [-71.2254, 46.8174], [-71.2252, 46.8174], [-71.225, 46.8174], [-71.2248, 46.8174], [-71.2246, 46.8175], [-71.2243, 46.8175], [-71.224, 46.8175], [-71.2235, 46.8174], [-71.223, 46.8173], [-71.2224, 46.8172], [-71.2217, 46.8171], [-71.221, 46.8169], [-71.2201, 46.8167], [-71.2194, 46.8165], [-71.2188, 46.8162], [-71.2183, 46.816], [-71.218, 46.8158], [-71.2177, 46.8156], [-71.2176, 46.8154], [-71.2176, 46.8153], [-71.2177, 46.8151], [-71.2177, 46.8149], [-71.2178, 46.8147], [-71.2178, 46.8146], [-71.2178, 46.8145], [-71.2177, 46.8144], [-71.2177, 46.8143], [-71.2176, 46.8142], [-71.2174, 46.8142], [-71.2173, 46.8141], [-71.2172, 46.814], [-71.2173, 46.8139], [-71.2173, 46.8138], [-71.2174, 46.8137], [-71.2176, 46.8136], [-71.2177, 46.8136], [-71.2178, 46.8135], [-71.2178, 46.8134], [-71.2179, 46.8133], [-71.2179, 46.8132], [-71.2178, 46.8131], [-71.2177, 46.813], [-71.2177, 46.8129], [-71.2177, 46.8128], [-71.2177, 46.8127], [-71.2178, 46.8126], [-71.2178, 46.8125], [-71.218, 46.8124], [-71.2181, 46.8122], [-71.2183, 46.8121], [-71.2185, 46.812], [-71.2187, 46.8118], [-71.219, 46.8116], [-71.2192, 46.8113], [-71.2194, 46.8111], [-71.2196, 46.8108], [-71.2199, 46.8105], [-71.2201, 46.8101], [-71.2204, 46.8098], [-71.2208, 46.8096], [-71.2211, 46.8094], [-71.2216, 46.8093], [-71.2221, 46.8092], [-71.2226, 46.8092], [-71.2232, 46.8093], [-71.2238, 46.8094], [-71.2244, 46.8095], [-71.2249, 46.8096], [-71.2253, 46.8097], [-71.2257, 46.8097], [-71.2259, 46.8098], [-71.2261, 46.8099], [-71.2262, 46.8099], [-71.2263, 46.81], [-71.2264, 46.8101], [-71.2265, 46.8101], [-71.2266, 46.8101], [-71.2267, 46.8101], [-71.2268, 46.8101], [-71.2269, 46.81], [-71.2271, 46.81], [-71.2272, 46.81], [-71.2274, 46.8101], [-71.2275, 46.8101], [-71.2277, 46.8102], [-71.2279, 46.8102], [-71.228, 46.8103], [-71.2282, 46.8104], [-71.2285, 46.8106], [-71.2287, 46.8106], [-71.2289, 46.8107], [-71.2291, 46.8108], [-71.2293, 46.8108], [-71.2295, 46.8109], [-71.2297, 46.8109]]]}}, {"type": "Feature", "properties": {"couche": "voile", "station": "Jean-Paul-L'Allier", "minutes": 8}, "geometry": {"type": "Polygon", "coordinates": [[[-71.3899, 46.9245], [-71.0611, 46.9266], [-71.0588, 46.7022], [-71.3862, 46.7001], [-71.3899, 46.9245]], [[-71.2295, 46.8109], [-71.2293, 46.8108], [-71.2291, 46.8108], [-71.2289, 46.8107], [-71.2287, 46.8106], [-71.2285, 46.8106], [-71.2282, 46.8104], [-71.228, 46.8103], [-71.2279, 46.8102], [-71.2277, 46.8102], [-71.2275, 46.8101], [-71.2274, 46.8101], [-71.2272, 46.81], [-71.2271, 46.81], [-71.2269, 46.81], [-71.2268, 46.8101], [-71.2267, 46.8101], [-71.2266, 46.8101], [-71.2265, 46.8101], [-71.2264, 46.8101], [-71.2263, 46.81], [-71.2262, 46.8099], [-71.2261, 46.8099], [-71.2259, 46.8098], [-71.2257, 46.8097], [-71.2253, 46.8097], [-71.2249, 46.8096], [-71.2244, 46.8095], [-71.2238, 46.8094], [-71.2232, 46.8093], [-71.2226, 46.8092], [-71.2221, 46.8092], [-71.2216, 46.8093], [-71.2211, 46.8094], [-71.2208, 46.8096], [-71.2204, 46.8098], [-71.2201, 46.8101], [-71.2199, 46.8105], [-71.2196, 46.8108], [-71.2194, 46.8111], [-71.2192, 46.8113], [-71.219, 46.8116], [-71.2187, 46.8118], [-71.2185, 46.812], [-71.2183, 46.8121], [-71.2181, 46.8122], [-71.218, 46.8124], [-71.2178, 46.8125], [-71.2178, 46.8126], [-71.2177, 46.8127], [-71.2177, 46.8128], [-71.2177, 46.8129], [-71.2177, 46.813], [-71.2178, 46.8131], [-71.2179, 46.8132], [-71.2179, 46.8133], [-71.2178, 46.8134], [-71.2178, 46.8135], [-71.2177, 46.8136], [-71.2176, 46.8136], [-71.2174, 46.8137], [-71.2173, 46.8138], [-71.2173, 46.8139], [-71.2172, 46.814], [-71.2173, 46.8141], [-71.2174, 46.8142], [-71.2176, 46.8142], [-71.2177, 46.8143], [-71.2177, 46.8144], [-71.2178, 46.8145], [-71.2178, 46.8146], [-71.2178, 46.8147], [-71.2177, 46.8149], [-71.2177, 46.8151], [-71.2176, 46.8153], [-71.2176, 46.8154], [-71.2177, 46.8156], [-71.218, 46.8158], [-71.2183, 46.816], [-71.2188, 46.8162], [-71.2194, 46.8165], [-71.2201, 46.8167], [-71.221, 46.8169], [-71.2217, 46.8171], [-71.2224, 46.8172], [-71.223, 46.8173], [-71.2235, 46.8174], [-71.224, 46.8175], [-71.2243, 46.8175], [-71.2246, 46.8175], [-71.2248, 46.8174], [-71.225, 46.8174], [-71.2252, 46.8174], [-71.2254, 46.8174], [-71.2256, 46.8174], [-71.2259, 46.8175], [-71.2261, 46.8175], [-71.2264, 46.8176], [-71.2267, 46.8177], [-71.227, 46.8177], [-71.2272, 46.8177], [-71.2275, 46.8177], [-71.2278, 46.8176], [-71.228, 46.8175], [-71.2283, 46.8173], [-71.2285, 46.8171], [-71.2288, 46.8168], [-71.229, 46.8165], [-71.2292, 46.8162], [-71.2294, 46.8159], [-71.2296, 46.8155], [-71.2298, 46.8151], [-71.23, 46.8147], [-71.2302, 46.8142], [-71.2304, 46.8137], [-71.2305, 46.8133], [-71.2306, 46.8129], [-71.2307, 46.8125], [-71.2308, 46.8122], [-71.2308, 46.8119], [-71.2308, 46.8117], [-71.2308, 46.8115], [-71.2308, 46.8114], [-71.2307, 46.8113], [-71.2307, 46.8112], [-71.2306, 46.8111], [-71.2304, 46.811], [-71.2303, 46.811], [-71.2301, 46.8109], [-71.2299, 46.8109], [-71.2297, 46.8109], [-71.2295, 46.8109]]]}}, {"type": "Feature", "properties": {"couche": "aire_marche", "station": "Jean-Paul-L'Allier", "ordre": 22, "minutes": 9, "superficie_ha": 90.3, "rue_km": 33.93, "disque_ha": 124.7, "part_disque_pct": 72, "accroche_m": 10, "population": 9026, "navetteurs": 3115, "mode_auto_pct": 38, "mode_tc_pct": 24, "mode_actif_pct": 37, "mode_autre_pct": 1}, "geometry": {"type": "Polygon", "coordinates": [[[-71.2292, 46.81], [-71.2296, 46.8101], [-71.2299, 46.8102], [-71.2302, 46.8103], [-71.2304, 46.8104], [-71.2307, 46.8105], [-71.2309, 46.8107], [-71.2311, 46.8108], [-71.2313, 46.8109], [-71.2314, 46.811], [-71.2315, 46.8112], [-71.2315, 46.8115], [-71.2315, 46.8118], [-71.2315, 46.8122], [-71.2314, 46.8127], [-71.2312, 46.8133], [-71.231, 46.8139], [-71.2308, 46.8146], [-71.2305, 46.8153], [-71.2302, 46.8158], [-71.23, 46.8163], [-71.2297, 46.8166], [-71.2294, 46.8169], [-71.2292, 46.8171], [-71.2289, 46.8172], [-71.2287, 46.8173], [-71.2284, 46.8173], [-71.2282, 46.8174], [-71.2281, 46.8174], [-71.228, 46.8175], [-71.228, 46.8176], [-71.228, 46.8177], [-71.228, 46.8178], [-71.2281, 46.8179], [-71.2281, 46.818], [-71.2281, 46.8181], [-71.228, 46.8181], [-71.2279, 46.8181], [-71.2277, 46.8181], [-71.2274, 46.818], [-71.2271, 46.8179], [-71.2267, 46.8178], [-71.2264, 46.8177], [-71.2261, 46.8176], [-71.2258, 46.8175], [-71.2255, 46.8175], [-71.2253, 46.8175], [-71.2251, 46.8176], [-71.2249, 46.8177], [-71.2247, 46.8178], [-71.2244, 46.8179], [-71.2241, 46.8179], [-71.2236, 46.8179], [-71.223, 46.8178], [-71.2224, 46.8177], [-71.2216, 46.8175], [-71.2208, 46.8173], [-71.2198, 46.8171], [-71.219, 46.8169], [-71.2182, 46.8167], [-71.2176, 46.8165], [-71.2172, 46.8163], [-71.2168, 46.8161], [-71.2166, 46.816], [-71.2165, 46.8159], [-71.2165, 46.8158], [-71.2165, 46.8157], [-71.2166, 46.8156], [-71.2167, 46.8155], [-71.2168, 46.8154], [-71.217, 46.8154], [-71.2171, 46.8153], [-71.2173, 46.8153], [-71.2174, 46.8152], [-71.2175, 46.8152], [-71.2176, 46.8151], [-71.2177, 46.815], [-71.2178, 46.815], [-71.2178, 46.8149], [-71.2179, 46.8148], [-71.2179, 46.8147], [-71.2179, 46.8146], [-71.2178, 46.8145], [-71.2177, 46.8145], [-71.2176, 46.8145], [-71.2174, 46.8144], [-71.2172, 46.8144], [-71.217, 46.8144], [-71.2168, 46.8144], [-71.2167, 46.8144], [-71.2167, 46.8143], [-71.2167, 46.8142], [-71.2169, 46.8141], [-71.217, 46.814], [-71.2173, 46.8138], [-71.2174, 46.8137], [-71.2176, 46.8136], [-71.2177, 46.8135], [-71.2177, 46.8134], [-71.2176, 46.8133], [-71.2175, 46.8133], [-71.2173, 46.8133], [-71.2172, 46.8133], [-71.2171, 46.8133], [-71.217, 46.8132], [-71.2169, 46.8132], [-71.2168, 46.8131], [-71.2168, 46.813], [-71.2167, 46.813], [-71.2167, 46.8129], [-71.2167, 46.8128], [-71.2168, 46.8127], [-71.2168, 46.8126], [-71.2169, 46.8125], [-71.2171, 46.8123], [-71.2172, 46.8122], [-71.2174, 46.8121], [-71.2176, 46.8119], [-71.2179, 46.8118], [-71.218, 46.8116], [-71.2182, 46.8114], [-71.2184, 46.8112], [-71.2185, 46.8111], [-71.2187, 46.8109], [-71.2188, 46.8107], [-71.2189, 46.8104], [-71.219, 46.8102], [-71.2192, 46.8101], [-71.2193, 46.8099], [-71.2194, 46.8098], [-71.2195, 46.8097], [-71.2196, 46.8096], [-71.2197, 46.8096], [-71.2198, 46.8096], [-71.22, 46.8095], [-71.2201, 46.8094], [-71.2202, 46.8093], [-71.2203, 46.8092], [-71.2203, 46.8091], [-71.2204, 46.809], [-71.2204, 46.8088], [-71.2206, 46.8087], [-71.2208, 46.8087], [-71.2212, 46.8086], [-71.2217, 46.8086], [-71.2223, 46.8087], [-71.223, 46.8088], [-71.2238, 46.8089], [-71.2248, 46.809], [-71.2256, 46.8092], [-71.2264, 46.8093], [-71.2271, 46.8094], [-71.2278, 46.8096], [-71.2283, 46.8097], [-71.2288, 46.8098], [-71.2292, 46.81]]]}}, {"type": "Feature", "properties": {"couche": "voile", "station": "Jean-Paul-L'Allier", "minutes": 9}, "geometry": {"type": "Polygon", "coordinates": [[[-71.3906, 46.9249], [-71.0604, 46.927], [-71.0581, 46.7016], [-71.3869, 46.6995], [-71.3906, 46.9249]], [[-71.2288, 46.8098], [-71.2283, 46.8097], [-71.2278, 46.8096], [-71.2271, 46.8094], [-71.2264, 46.8093], [-71.2256, 46.8092], [-71.2248, 46.809], [-71.2238, 46.8089], [-71.223, 46.8088], [-71.2223, 46.8087], [-71.2217, 46.8086], [-71.2212, 46.8086], [-71.2208, 46.8087], [-71.2206, 46.8087], [-71.2204, 46.8088], [-71.2204, 46.809], [-71.2203, 46.8091], [-71.2203, 46.8092], [-71.2202, 46.8093], [-71.2201, 46.8094], [-71.22, 46.8095], [-71.2198, 46.8096], [-71.2197, 46.8096], [-71.2196, 46.8096], [-71.2195, 46.8097], [-71.2194, 46.8098], [-71.2193, 46.8099], [-71.2192, 46.8101], [-71.219, 46.8102], [-71.2189, 46.8104], [-71.2188, 46.8107], [-71.2187, 46.8109], [-71.2185, 46.8111], [-71.2184, 46.8112], [-71.2182, 46.8114], [-71.218, 46.8116], [-71.2179, 46.8118], [-71.2176, 46.8119], [-71.2174, 46.8121], [-71.2172, 46.8122], [-71.2171, 46.8123], [-71.2169, 46.8125], [-71.2168, 46.8126], [-71.2168, 46.8127], [-71.2167, 46.8128], [-71.2167, 46.8129], [-71.2167, 46.813], [-71.2168, 46.813], [-71.2168, 46.8131], [-71.2169, 46.8132], [-71.217, 46.8132], [-71.2171, 46.8133], [-71.2172, 46.8133], [-71.2173, 46.8133], [-71.2175, 46.8133], [-71.2176, 46.8133], [-71.2177, 46.8134], [-71.2177, 46.8135], [-71.2176, 46.8136], [-71.2174, 46.8137], [-71.2173, 46.8138], [-71.217, 46.814], [-71.2169, 46.8141], [-71.2167, 46.8142], [-71.2167, 46.8143], [-71.2167, 46.8144], [-71.2168, 46.8144], [-71.217, 46.8144], [-71.2172, 46.8144], [-71.2174, 46.8144], [-71.2176, 46.8145], [-71.2177, 46.8145], [-71.2178, 46.8145], [-71.2179, 46.8146], [-71.2179, 46.8147], [-71.2179, 46.8148], [-71.2178, 46.8149], [-71.2178, 46.815], [-71.2177, 46.815], [-71.2176, 46.8151], [-71.2175, 46.8152], [-71.2174, 46.8152], [-71.2173, 46.8153], [-71.2171, 46.8153], [-71.217, 46.8154], [-71.2168, 46.8154], [-71.2167, 46.8155], [-71.2166, 46.8156], [-71.2165, 46.8157], [-71.2165, 46.8158], [-71.2165, 46.8159], [-71.2166, 46.816], [-71.2168, 46.8161], [-71.2172, 46.8163], [-71.2176, 46.8165], [-71.2182, 46.8167], [-71.219, 46.8169], [-71.2198, 46.8171], [-71.2208, 46.8173], [-71.2216, 46.8175], [-71.2224, 46.8177], [-71.223, 46.8178], [-71.2236, 46.8179], [-71.2241, 46.8179], [-71.2244, 46.8179], [-71.2247, 46.8178], [-71.2249, 46.8177], [-71.2251, 46.8176], [-71.2253, 46.8175], [-71.2255, 46.8175], [-71.2258, 46.8175], [-71.2261, 46.8176], [-71.2264, 46.8177], [-71.2267, 46.8178], [-71.2271, 46.8179], [-71.2274, 46.818], [-71.2277, 46.8181], [-71.2279, 46.8181], [-71.228, 46.8181], [-71.2281, 46.8181], [-71.2281, 46.818], [-71.2281, 46.8179], [-71.228, 46.8178], [-71.228, 46.8177], [-71.228, 46.8176], [-71.228, 46.8175], [-71.2281, 46.8174], [-71.2282, 46.8174], [-71.2284, 46.8173], [-71.2287, 46.8173], [-71.2289, 46.8172], [-71.2292, 46.8171], [-71.2294, 46.8169], [-71.2297, 46.8166], [-71.23, 46.8163], [-71.2302, 46.8158], [-71.2305, 46.8153], [-71.2308, 46.8146], [-71.231, 46.8139], [-71.2312, 46.8133], [-71.2314, 46.8127], [-71.2315, 46.8122], [-71.2315, 46.8118], [-71.2315, 46.8115], [-71.2315, 46.8112], [-71.2314, 46.811], [-71.2313, 46.8109], [-71.2311, 46.8108], [-71.2309, 46.8107], [-71.2307, 46.8105], [-71.2304, 46.8104], [-71.2302, 46.8103], [-71.2299, 46.8102], [-71.2296, 46.8101], [-71.2292, 46.81], [-71.2288, 46.8098]]]}}, {"type": "Feature", "properties": {"couche": "aire_marche", "station": "Jean-Paul-L'Allier", "ordre": 22, "minutes": 10, "superficie_ha": 110.3, "rue_km": 41.5, "disque_ha": 153.9, "part_disque_pct": 72, "accroche_m": 10, "population": 10626, "navetteurs": 3676, "mode_auto_pct": 37, "mode_tc_pct": 24, "mode_actif_pct": 38, "mode_autre_pct": 1}, "geometry": {"type": "Polygon", "coordinates": [[[-71.2296, 46.8098], [-71.2298, 46.8098], [-71.2299, 46.8098], [-71.2301, 46.8099], [-71.2303, 46.8099], [-71.2306, 46.81], [-71.2308, 46.8101], [-71.2311, 46.8103], [-71.2314, 46.8104], [-71.2317, 46.8106], [-71.2319, 46.8109], [-71.2321, 46.8112], [-71.2321, 46.8116], [-71.2321, 46.8121], [-71.232, 46.8127], [-71.2319, 46.8134], [-71.2316, 46.8141], [-71.2313, 46.815], [-71.2309, 46.8157], [-71.2306, 46.8163], [-71.2302, 46.8169], [-71.2299, 46.8174], [-71.2295, 46.8177], [-71.2292, 46.818], [-71.2288, 46.8182], [-71.2285, 46.8183], [-71.2282, 46.8184], [-71.2279, 46.8185], [-71.2277, 46.8185], [-71.2275, 46.8186], [-71.2274, 46.8185], [-71.2273, 46.8185], [-71.2272, 46.8184], [-71.2272, 46.8183], [-71.2271, 46.8182], [-71.227, 46.8181], [-71.2269, 46.818], [-71.2268, 46.8179], [-71.2266, 46.8178], [-71.2264, 46.8177], [-71.2262, 46.8176], [-71.226, 46.8175], [-71.2258, 46.8175], [-71.2257, 46.8175], [-71.2255, 46.8175], [-71.2254, 46.8175], [-71.2254, 46.8176], [-71.2253, 46.8176], [-71.2253, 46.8177], [-71.2252, 46.8178], [-71.2251, 46.8179], [-71.225, 46.818], [-71.2249, 46.8181], [-71.2248, 46.8182], [-71.2247, 46.8182], [-71.2245, 46.8183], [-71.2244, 46.8184], [-71.2242, 46.8184], [-71.2239, 46.8184], [-71.2235, 46.8184], [-71.2231, 46.8183], [-71.2226, 46.8182], [-71.222, 46.8181], [-71.2214, 46.818], [-71.2207, 46.8178], [-71.2201, 46.8176], [-71.2196, 46.8175], [-71.2191, 46.8173], [-71.2187, 46.8172], [-71.2184, 46.8171], [-71.2182, 46.8169], [-71.218, 46.8168], [-71.2179, 46.8167], [-71.2178, 46.8166], [-71.2177, 46.8165], [-71.2176, 46.8165], [-71.2175, 46.8165], [-71.2174, 46.8165], [-71.2172, 46.8165], [-71.2171, 46.8165], [-71.217, 46.8166], [-71.2169, 46.8167], [-71.2167, 46.8167], [-71.2166, 46.8168], [-71.2165, 46.8168], [-71.2164, 46.8168], [-71.2163, 46.8168], [-71.2162, 46.8168], [-71.2161, 46.8167], [-71.216, 46.8167], [-71.216, 46.8166], [-71.2159, 46.8165], [-71.2159, 46.8164], [-71.2159, 46.8163], [-71.216, 46.8162], [-71.216, 46.816], [-71.2161, 46.8158], [-71.2162, 46.8156], [-71.2162, 46.8155], [-71.2162, 46.8153], [-71.2162, 46.8152], [-71.2162, 46.8151], [-71.2161, 46.8151], [-71.216, 46.815], [-71.2159, 46.815], [-71.2158, 46.8149], [-71.2157, 46.8149], [-71.2157, 46.8148], [-71.2156, 46.8148], [-71.2156, 46.8147], [-71.2155, 46.8146], [-71.2155, 46.8145], [-71.2155, 46.8144], [-71.2156, 46.8143], [-71.2156, 46.8142], [-71.2157, 46.8142], [-71.2158, 46.8141], [-71.2159, 46.814], [-71.2161, 46.814], [-71.2163, 46.8139], [-71.2164, 46.8139], [-71.2165, 46.8138], [-71.2166, 46.8138], [-71.2166, 46.8137], [-71.2165, 46.8137], [-71.2164, 46.8136], [-71.2163, 46.8136], [-71.2162, 46.8135], [-71.2161, 46.8135], [-71.216, 46.8134], [-71.216, 46.8133], [-71.2159, 46.8132], [-71.2159, 46.8131], [-71.2159, 46.8129], [-71.2159, 46.8128], [-71.2159, 46.8127], [-71.2159, 46.8126], [-71.216, 46.8125], [-71.2161, 46.8124], [-71.2161, 46.8123], [-71.2162, 46.8123], [-71.2163, 46.8122], [-71.2165, 46.8122], [-71.2166, 46.8122], [-71.2167, 46.8121], [-71.2168, 46.812], [-71.2169, 46.8119], [-71.2169, 46.8118], [-71.2169, 46.8117], [-71.2169, 46.8116], [-71.217, 46.8115], [-71.217, 46.8114], [-71.2171, 46.8113], [-71.2172, 46.8112], [-71.2173, 46.8112], [-71.2174, 46.8112], [-71.2175, 46.8112], [-71.2176, 46.8111], [-71.2177, 46.8111], [-71.2177, 46.811], [-71.2178, 46.811], [-71.2179, 46.8109], [-71.2179, 46.8108], [-71.2179, 46.8107], [-71.218, 46.8105], [-71.218, 46.8104], [-71.2181, 46.8102], [-71.2182, 46.81], [-71.2184, 46.8098], [-71.2185, 46.8096], [-71.2187, 46.8093], [-71.219, 46.8091], [-71.2192, 46.8088], [-71.2196, 46.8085], [-71.22, 46.8084], [-71.2205, 46.8082], [-71.2211, 46.8082], [-71.2218, 46.8081], [-71.2225, 46.8082], [-71.2233, 46.8083], [-71.2242, 46.8084], [-71.225, 46.8085], [-71.2257, 46.8087], [-71.2263, 46.8088], [-71.2267, 46.8089], [-71.2271, 46.809], [-71.2273, 46.8091], [-71.2274, 46.8092], [-71.2275, 46.8093], [-71.2275, 46.8094], [-71.2276, 46.8094], [-71.2276, 46.8095], [-71.2277, 46.8095], [-71.2278, 46.8095], [-71.228, 46.8095], [-71.2281, 46.8094], [-71.2283, 46.8094], [-71.2284, 46.8093], [-71.2285, 46.8093], [-71.2287, 46.8093], [-71.2288, 46.8093], [-71.2288, 46.8094], [-71.2289, 46.8094], [-71.229, 46.8095], [-71.229, 46.8096], [-71.2291, 46.8097], [-71.2292, 46.8097], [-71.2293, 46.8097], [-71.2294, 46.8098], [-71.2295, 46.8098], [-71.2296, 46.8098]]]}}, {"type": "Feature", "properties": {"couche": "voile", "station": "Jean-Paul-L'Allier", "minutes": 10}, "geometry": {"type": "Polygon", "coordinates": [[[-71.3912, 46.9254], [-71.0594, 46.9275], [-71.0571, 46.7011], [-71.3875, 46.699], [-71.3912, 46.9254]], [[-71.2295, 46.8098], [-71.2294, 46.8098], [-71.2293, 46.8097], [-71.2292, 46.8097], [-71.2291, 46.8097], [-71.229, 46.8096], [-71.229, 46.8095], [-71.2289, 46.8094], [-71.2288, 46.8094], [-71.2288, 46.8093], [-71.2287, 46.8093], [-71.2285, 46.8093], [-71.2284, 46.8093], [-71.2283, 46.8094], [-71.2281, 46.8094], [-71.228, 46.8095], [-71.2278, 46.8095], [-71.2277, 46.8095], [-71.2276, 46.8095], [-71.2276, 46.8094], [-71.2275, 46.8094], [-71.2275, 46.8093], [-71.2274, 46.8092], [-71.2273, 46.8091], [-71.2271, 46.809], [-71.2267, 46.8089], [-71.2263, 46.8088], [-71.2257, 46.8087], [-71.225, 46.8085], [-71.2242, 46.8084], [-71.2233, 46.8083], [-71.2225, 46.8082], [-71.2218, 46.8081], [-71.2211, 46.8082], [-71.2205, 46.8082], [-71.22, 46.8084], [-71.2196, 46.8085], [-71.2192, 46.8088], [-71.219, 46.8091], [-71.2187, 46.8093], [-71.2185, 46.8096], [-71.2184, 46.8098], [-71.2182, 46.81], [-71.2181, 46.8102], [-71.218, 46.8104], [-71.218, 46.8105], [-71.2179, 46.8107], [-71.2179, 46.8108], [-71.2179, 46.8109], [-71.2178, 46.811], [-71.2177, 46.811], [-71.2177, 46.8111], [-71.2176, 46.8111], [-71.2175, 46.8112], [-71.2174, 46.8112], [-71.2173, 46.8112], [-71.2172, 46.8112], [-71.2171, 46.8113], [-71.217, 46.8114], [-71.217, 46.8115], [-71.2169, 46.8116], [-71.2169, 46.8117], [-71.2169, 46.8118], [-71.2169, 46.8119], [-71.2168, 46.812], [-71.2167, 46.8121], [-71.2166, 46.8122], [-71.2165, 46.8122], [-71.2163, 46.8122], [-71.2162, 46.8123], [-71.2161, 46.8123], [-71.2161, 46.8124], [-71.216, 46.8125], [-71.2159, 46.8126], [-71.2159, 46.8127], [-71.2159, 46.8128], [-71.2159, 46.8129], [-71.2159, 46.8131], [-71.2159, 46.8132], [-71.216, 46.8133], [-71.216, 46.8134], [-71.2161, 46.8135], [-71.2162, 46.8135], [-71.2163, 46.8136], [-71.2164, 46.8136], [-71.2165, 46.8137], [-71.2166, 46.8137], [-71.2166, 46.8138], [-71.2165, 46.8138], [-71.2164, 46.8139], [-71.2163, 46.8139], [-71.2161, 46.814], [-71.2159, 46.814], [-71.2158, 46.8141], [-71.2157, 46.8142], [-71.2156, 46.8142], [-71.2156, 46.8143], [-71.2155, 46.8144], [-71.2155, 46.8145], [-71.2155, 46.8146], [-71.2156, 46.8147], [-71.2156, 46.8148], [-71.2157, 46.8148], [-71.2157, 46.8149], [-71.2158, 46.8149], [-71.2159, 46.815], [-71.216, 46.815], [-71.2161, 46.8151], [-71.2162, 46.8151], [-71.2162, 46.8152], [-71.2162, 46.8153], [-71.2162, 46.8155], [-71.2162, 46.8156], [-71.2161, 46.8158], [-71.216, 46.816], [-71.216, 46.8162], [-71.2159, 46.8163], [-71.2159, 46.8164], [-71.2159, 46.8165], [-71.216, 46.8166], [-71.216, 46.8167], [-71.2161, 46.8167], [-71.2162, 46.8168], [-71.2163, 46.8168], [-71.2164, 46.8168], [-71.2165, 46.8168], [-71.2166, 46.8168], [-71.2167, 46.8167], [-71.2169, 46.8167], [-71.217, 46.8166], [-71.2171, 46.8165], [-71.2172, 46.8165], [-71.2174, 46.8165], [-71.2175, 46.8165], [-71.2176, 46.8165], [-71.2177, 46.8165], [-71.2178, 46.8166], [-71.2179, 46.8167], [-71.218, 46.8168], [-71.2182, 46.8169], [-71.2184, 46.8171], [-71.2187, 46.8172], [-71.2191, 46.8173], [-71.2196, 46.8175], [-71.2201, 46.8176], [-71.2207, 46.8178], [-71.2214, 46.818], [-71.222, 46.8181], [-71.2226, 46.8182], [-71.2231, 46.8183], [-71.2235, 46.8184], [-71.2239, 46.8184], [-71.2242, 46.8184], [-71.2244, 46.8184], [-71.2245, 46.8183], [-71.2247, 46.8182], [-71.2248, 46.8182], [-71.2249, 46.8181], [-71.225, 46.818], [-71.2251, 46.8179], [-71.2252, 46.8178], [-71.2253, 46.8177], [-71.2253, 46.8176], [-71.2254, 46.8176], [-71.2254, 46.8175], [-71.2255, 46.8175], [-71.2257, 46.8175], [-71.2258, 46.8175], [-71.226, 46.8175], [-71.2262, 46.8176], [-71.2264, 46.8177], [-71.2266, 46.8178], [-71.2268, 46.8179], [-71.2269, 46.818], [-71.227, 46.8181], [-71.2271, 46.8182], [-71.2272, 46.8183], [-71.2272, 46.8184], [-71.2273, 46.8185], [-71.2274, 46.8185], [-71.2275, 46.8186], [-71.2277, 46.8185], [-71.2279, 46.8185], [-71.2282, 46.8184], [-71.2285, 46.8183], [-71.2288, 46.8182], [-71.2292, 46.818], [-71.2295, 46.8177], [-71.2299, 46.8174], [-71.2302, 46.8169], [-71.2306, 46.8163], [-71.2309, 46.8157], [-71.2313, 46.815], [-71.2316, 46.8141], [-71.2319, 46.8134], [-71.232, 46.8127], [-71.2321, 46.8121], [-71.2321, 46.8116], [-71.2321, 46.8112], [-71.2319, 46.8109], [-71.2317, 46.8106], [-71.2314, 46.8104], [-71.2311, 46.8103], [-71.2308, 46.8101], [-71.2306, 46.81], [-71.2303, 46.8099], [-71.2301, 46.8099], [-71.2299, 46.8098], [-71.2298, 46.8098], [-71.2296, 46.8098], [-71.2295, 46.8098]]]}}, {"type": "Feature", "properties": {"couche": "aire_marche", "station": "Jean-Paul-L'Allier", "ordre": 22, "minutes": 11, "superficie_ha": 132.8, "rue_km": 51.65, "disque_ha": 186.3, "part_disque_pct": 71, "accroche_m": 10, "population": 12106, "navetteurs": 4147, "mode_auto_pct": 38, "mode_tc_pct": 24, "mode_actif_pct": 38, "mode_autre_pct": 0}, "geometry": {"type": "Polygon", "coordinates": [[[-71.2329, 46.8127], [-71.2326, 46.8131], [-71.2325, 46.8134], [-71.2323, 46.8138], [-71.2322, 46.8141], [-71.2321, 46.8143], [-71.232, 46.8146], [-71.2319, 46.8148], [-71.2319, 46.815], [-71.2319, 46.8151], [-71.2319, 46.8153], [-71.2318, 46.8154], [-71.2317, 46.8156], [-71.2316, 46.8157], [-71.2315, 46.8158], [-71.2313, 46.816], [-71.2311, 46.8161], [-71.2309, 46.8162], [-71.2308, 46.8163], [-71.2306, 46.8164], [-71.2305, 46.8165], [-71.2305, 46.8166], [-71.2306, 46.8167], [-71.2306, 46.8168], [-71.2308, 46.8169], [-71.2309, 46.817], [-71.2309, 46.8171], [-71.231, 46.8172], [-71.231, 46.8173], [-71.231, 46.8175], [-71.2309, 46.8176], [-71.2308, 46.8177], [-71.2307, 46.8179], [-71.2306, 46.818], [-71.2305, 46.8181], [-71.2304, 46.8182], [-71.2302, 46.8183], [-71.2301, 46.8183], [-71.23, 46.8183], [-71.2299, 46.8183], [-71.2298, 46.8182], [-71.2296, 46.8182], [-71.2294, 46.8182], [-71.2292, 46.8182], [-71.229, 46.8182], [-71.2287, 46.8183], [-71.2284, 46.8184], [-71.2281, 46.8185], [-71.2277, 46.8186], [-71.2274, 46.8187], [-71.2271, 46.8188], [-71.2269, 46.8188], [-71.2267, 46.8188], [-71.2265, 46.8188], [-71.2264, 46.8187], [-71.2263, 46.8186], [-71.2262, 46.8185], [-71.2262, 46.8184], [-71.2262, 46.8183], [-71.2263, 46.8182], [-71.2263, 46.8181], [-71.2264, 46.8181], [-71.2265, 46.818], [-71.2266, 46.818], [-71.2267, 46.818], [-71.2267, 46.8179], [-71.2267, 46.8178], [-71.2266, 46.8178], [-71.2265, 46.8177], [-71.2263, 46.8176], [-71.2261, 46.8176], [-71.226, 46.8175], [-71.2258, 46.8175], [-71.2257, 46.8175], [-71.2256, 46.8175], [-71.2256, 46.8176], [-71.2256, 46.8177], [-71.2256, 46.8178], [-71.2256, 46.8179], [-71.2256, 46.818], [-71.2256, 46.8182], [-71.2255, 46.8183], [-71.2254, 46.8184], [-71.2253, 46.8185], [-71.2251, 46.8186], [-71.2249, 46.8187], [-71.2246, 46.8188], [-71.2244, 46.8189], [-71.2242, 46.8189], [-71.2239, 46.819], [-71.2237, 46.819], [-71.2235, 46.819], [-71.2234, 46.819], [-71.2232, 46.819], [-71.223, 46.8189], [-71.2229, 46.8189], [-71.2227, 46.8188], [-71.2226, 46.8188], [-71.2225, 46.8187], [-71.2224, 46.8186], [-71.2224, 46.8185], [-71.2223, 46.8185], [-71.2223, 46.8184], [-71.2222, 46.8183], [-71.2221, 46.8183], [-71.222, 46.8183], [-71.2219, 46.8184], [-71.2218, 46.8184], [-71.2216, 46.8184], [-71.2213, 46.8184], [-71.221, 46.8183], [-71.2207, 46.8182], [-71.2203, 46.8182], [-71.2199, 46.8181], [-71.2194, 46.8179], [-71.2189, 46.8178], [-71.2186, 46.8177], [-71.2183, 46.8176], [-71.218, 46.8174], [-71.2178, 46.8173], [-71.2177, 46.8171], [-71.2176, 46.817], [-71.2176, 46.8168], [-71.2176, 46.8167], [-71.2176, 46.8166], [-71.2176, 46.8165], [-71.2175, 46.8165], [-71.2174, 46.8166], [-71.2174, 46.8167], [-71.2173, 46.8167], [-71.2172, 46.8168], [-71.2171, 46.8168], [-71.217, 46.8169], [-71.2169, 46.817], [-71.2167, 46.817], [-71.2165, 46.817], [-71.2163, 46.8171], [-71.2162, 46.8171], [-71.216, 46.8171], [-71.2158, 46.8171], [-71.2157, 46.8171], [-71.2155, 46.817], [-71.2154, 46.817], [-71.2152, 46.8169], [-71.2151, 46.8168], [-71.215, 46.8168], [-71.2149, 46.8167], [-71.2149, 46.8166], [-71.2148, 46.8166], [-71.2148, 46.8165], [-71.2148, 46.8164], [-71.2149, 46.8163], [-71.215, 46.8162], [-71.2151, 46.8161], [-71.2152, 46.8161], [-71.2154, 46.816], [-71.2155, 46.816], [-71.2156, 46.816], [-71.2158, 46.8159], [-71.2158, 46.8158], [-71.2158, 46.8157], [-71.2157, 46.8156], [-71.2155, 46.8155], [-71.2153, 46.8154], [-71.2152, 46.8153], [-71.215, 46.8151], [-71.215, 46.8149], [-71.2149, 46.8146], [-71.2149, 46.8143], [-71.2149, 46.814], [-71.2149, 46.8136], [-71.215, 46.8132], [-71.2151, 46.8129], [-71.2152, 46.8126], [-71.2153, 46.8123], [-71.2154, 46.8121], [-71.2155, 46.8119], [-71.2156, 46.8118], [-71.2157, 46.8117], [-71.2158, 46.8117], [-71.2159, 46.8117], [-71.2159, 46.8116], [-71.216, 46.8116], [-71.2161, 46.8115], [-71.2162, 46.8114], [-71.2162, 46.8113], [-71.2163, 46.8112], [-71.2164, 46.8111], [-71.2164, 46.811], [-71.2165, 46.8109], [-71.2165, 46.8108], [-71.2166, 46.8107], [-71.2167, 46.8107], [-71.2168, 46.8107], [-71.2169, 46.8106], [-71.217, 46.8106], [-71.2171, 46.8106], [-71.2172, 46.8105], [-71.2174, 46.8104], [-71.2176, 46.8102], [-71.2178, 46.81], [-71.218, 46.8097], [-71.2183, 46.8094], [-71.2186, 46.809], [-71.2189, 46.8087], [-71.2191, 46.8084], [-71.2194, 46.8081], [-71.2197, 46.8079], [-71.2199, 46.8078], [-71.2202, 46.8076], [-71.2205, 46.8075], [-71.2207, 46.8075], [-71.221, 46.8075], [-71.2212, 46.8075], [-71.2215, 46.8075], [-71.2217, 46.8075], [-71.222, 46.8075], [-71.2222, 46.8076], [-71.2225, 46.8077], [-71.2227, 46.8078], [-71.2231, 46.8079], [-71.2234, 46.808], [-71.2239, 46.8081], [-71.2244, 46.8081], [-71.2249, 46.8082], [-71.2256, 46.8083], [-71.2262, 46.8084], [-71.227, 46.8085], [-71.2277, 46.8086], [-71.2284, 46.8087], [-71.229, 46.8089], [-71.2296, 46.809], [-71.2302, 46.8092], [-71.2307, 46.8094], [-71.2312, 46.8096], [-71.2316, 46.8098], [-71.232, 46.81], [-71.2324, 46.8102], [-71.2327, 46.8103], [-71.233, 46.8105], [-71.2332, 46.8107], [-71.2333, 46.8108], [-71.2334, 46.8109], [-71.2334, 46.811], [-71.2335, 46.8112], [-71.2334, 46.8114], [-71.2334, 46.8116], [-71.2333, 46.8118], [-71.2332, 46.8121], [-71.233, 46.8124], [-71.2329, 46.8127]]]}}, {"type": "Feature", "properties": {"couche": "voile", "station": "Jean-Paul-L'Allier", "minutes": 11}, "geometry": {"type": "Polygon", "coordinates": [[[-71.3926, 46.9258], [-71.0587, 46.9279], [-71.0563, 46.7005], [-71.3889, 46.6984], [-71.3926, 46.9258]], [[-71.233, 46.8124], [-71.2332, 46.8121], [-71.2333, 46.8118], [-71.2334, 46.8116], [-71.2334, 46.8114], [-71.2335, 46.8112], [-71.2334, 46.811], [-71.2334, 46.8109], [-71.2333, 46.8108], [-71.2332, 46.8107], [-71.233, 46.8105], [-71.2327, 46.8103], [-71.2324, 46.8102], [-71.232, 46.81], [-71.2316, 46.8098], [-71.2312, 46.8096], [-71.2307, 46.8094], [-71.2302, 46.8092], [-71.2296, 46.809], [-71.229, 46.8089], [-71.2284, 46.8087], [-71.2277, 46.8086], [-71.227, 46.8085], [-71.2262, 46.8084], [-71.2256, 46.8083], [-71.2249, 46.8082], [-71.2244, 46.8081], [-71.2239, 46.8081], [-71.2234, 46.808], [-71.2231, 46.8079], [-71.2227, 46.8078], [-71.2225, 46.8077], [-71.2222, 46.8076], [-71.222, 46.8075], [-71.2217, 46.8075], [-71.2215, 46.8075], [-71.2212, 46.8075], [-71.221, 46.8075], [-71.2207, 46.8075], [-71.2205, 46.8075], [-71.2202, 46.8076], [-71.2199, 46.8078], [-71.2197, 46.8079], [-71.2194, 46.8081], [-71.2191, 46.8084], [-71.2189, 46.8087], [-71.2186, 46.809], [-71.2183, 46.8094], [-71.218, 46.8097], [-71.2178, 46.81], [-71.2176, 46.8102], [-71.2174, 46.8104], [-71.2172, 46.8105], [-71.2171, 46.8106], [-71.217, 46.8106], [-71.2169, 46.8106], [-71.2168, 46.8107], [-71.2167, 46.8107], [-71.2166, 46.8107], [-71.2165, 46.8108], [-71.2165, 46.8109], [-71.2164, 46.811], [-71.2164, 46.8111], [-71.2163, 46.8112], [-71.2162, 46.8113], [-71.2162, 46.8114], [-71.2161, 46.8115], [-71.216, 46.8116], [-71.2159, 46.8116], [-71.2159, 46.8117], [-71.2158, 46.8117], [-71.2157, 46.8117], [-71.2156, 46.8118], [-71.2155, 46.8119], [-71.2154, 46.8121], [-71.2153, 46.8123], [-71.2152, 46.8126], [-71.2151, 46.8129], [-71.215, 46.8132], [-71.2149, 46.8136], [-71.2149, 46.814], [-71.2149, 46.8143], [-71.2149, 46.8146], [-71.215, 46.8149], [-71.215, 46.8151], [-71.2152, 46.8153], [-71.2153, 46.8154], [-71.2155, 46.8155], [-71.2157, 46.8156], [-71.2158, 46.8157], [-71.2158, 46.8158], [-71.2158, 46.8159], [-71.2156, 46.816], [-71.2155, 46.816], [-71.2154, 46.816], [-71.2152, 46.8161], [-71.2151, 46.8161], [-71.215, 46.8162], [-71.2149, 46.8163], [-71.2148, 46.8164], [-71.2148, 46.8165], [-71.2148, 46.8166], [-71.2149, 46.8166], [-71.2149, 46.8167], [-71.215, 46.8168], [-71.2151, 46.8168], [-71.2152, 46.8169], [-71.2154, 46.817], [-71.2155, 46.817], [-71.2157, 46.8171], [-71.2158, 46.8171], [-71.216, 46.8171], [-71.2162, 46.8171], [-71.2163, 46.8171], [-71.2165, 46.817], [-71.2167, 46.817], [-71.2169, 46.817], [-71.217, 46.8169], [-71.2171, 46.8168], [-71.2172, 46.8168], [-71.2173, 46.8167], [-71.2174, 46.8167], [-71.2174, 46.8166], [-71.2175, 46.8165], [-71.2176, 46.8165], [-71.2176, 46.8166], [-71.2176, 46.8167], [-71.2176, 46.8168], [-71.2176, 46.817], [-71.2177, 46.8171], [-71.2178, 46.8173], [-71.218, 46.8174], [-71.2183, 46.8176], [-71.2186, 46.8177], [-71.2189, 46.8178], [-71.2194, 46.8179], [-71.2199, 46.8181], [-71.2203, 46.8182], [-71.2207, 46.8182], [-71.221, 46.8183], [-71.2213, 46.8184], [-71.2216, 46.8184], [-71.2218, 46.8184], [-71.2219, 46.8184], [-71.222, 46.8183], [-71.2221, 46.8183], [-71.2222, 46.8183], [-71.2223, 46.8184], [-71.2223, 46.8185], [-71.2224, 46.8185], [-71.2224, 46.8186], [-71.2225, 46.8187], [-71.2226, 46.8188], [-71.2227, 46.8188], [-71.2229, 46.8189], [-71.223, 46.8189], [-71.2232, 46.819], [-71.2234, 46.819], [-71.2235, 46.819], [-71.2237, 46.819], [-71.2239, 46.819], [-71.2242, 46.8189], [-71.2244, 46.8189], [-71.2246, 46.8188], [-71.2249, 46.8187], [-71.2251, 46.8186], [-71.2253, 46.8185], [-71.2254, 46.8184], [-71.2255, 46.8183], [-71.2256, 46.8182], [-71.2256, 46.818], [-71.2256, 46.8179], [-71.2256, 46.8178], [-71.2256, 46.8177], [-71.2256, 46.8176], [-71.2256, 46.8175], [-71.2257, 46.8175], [-71.2258, 46.8175], [-71.226, 46.8175], [-71.2261, 46.8176], [-71.2263, 46.8176], [-71.2265, 46.8177], [-71.2266, 46.8178], [-71.2267, 46.8178], [-71.2267, 46.8179], [-71.2267, 46.818], [-71.2266, 46.818], [-71.2265, 46.818], [-71.2264, 46.8181], [-71.2263, 46.8181], [-71.2263, 46.8182], [-71.2262, 46.8183], [-71.2262, 46.8184], [-71.2262, 46.8185], [-71.2263, 46.8186], [-71.2264, 46.8187], [-71.2265, 46.8188], [-71.2267, 46.8188], [-71.2269, 46.8188], [-71.2271, 46.8188], [-71.2274, 46.8187], [-71.2277, 46.8186], [-71.2281, 46.8185], [-71.2284, 46.8184], [-71.2287, 46.8183], [-71.229, 46.8182], [-71.2292, 46.8182], [-71.2294, 46.8182], [-71.2296, 46.8182], [-71.2298, 46.8182], [-71.2299, 46.8183], [-71.23, 46.8183], [-71.2301, 46.8183], [-71.2302, 46.8183], [-71.2304, 46.8182], [-71.2305, 46.8181], [-71.2306, 46.818], [-71.2307, 46.8179], [-71.2308, 46.8177], [-71.2309, 46.8176], [-71.231, 46.8175], [-71.231, 46.8173], [-71.231, 46.8172], [-71.2309, 46.8171], [-71.2309, 46.817], [-71.2308, 46.8169], [-71.2306, 46.8168], [-71.2306, 46.8167], [-71.2305, 46.8166], [-71.2305, 46.8165], [-71.2306, 46.8164], [-71.2308, 46.8163], [-71.2309, 46.8162], [-71.2311, 46.8161], [-71.2313, 46.816], [-71.2315, 46.8158], [-71.2316, 46.8157], [-71.2317, 46.8156], [-71.2318, 46.8154], [-71.2319, 46.8153], [-71.2319, 46.8151], [-71.2319, 46.815], [-71.2319, 46.8148], [-71.232, 46.8146], [-71.2321, 46.8143], [-71.2322, 46.8141], [-71.2323, 46.8138], [-71.2325, 46.8134], [-71.2326, 46.8131], [-71.2329, 46.8127], [-71.233, 46.8124]]]}}, {"type": "Feature", "properties": {"couche": "aire_marche", "station": "Jean-Paul-L'Allier", "ordre": 22, "minutes": 12, "superficie_ha": 157.1, "rue_km": 63.57, "disque_ha": 221.7, "part_disque_pct": 71, "accroche_m": 10, "population": 13718, "navetteurs": 4673, "mode_auto_pct": 38, "mode_tc_pct": 23, "mode_actif_pct": 38, "mode_autre_pct": 1}, "geometry": {"type": "Polygon", "coordinates": [[[-71.2342, 46.8121], [-71.2342, 46.8123], [-71.2341, 46.8124], [-71.234, 46.8125], [-71.2339, 46.8126], [-71.2337, 46.8127], [-71.2336, 46.8128], [-71.2334, 46.8129], [-71.2333, 46.8129], [-71.2331, 46.813], [-71.2329, 46.8131], [-71.2328, 46.8131], [-71.2327, 46.8132], [-71.2327, 46.8133], [-71.2328, 46.8134], [-71.2329, 46.8135], [-71.233, 46.8135], [-71.2331, 46.8136], [-71.2331, 46.8137], [-71.2331, 46.8138], [-71.233, 46.8139], [-71.2329, 46.8139], [-71.2328, 46.814], [-71.2328, 46.8141], [-71.2327, 46.8143], [-71.2327, 46.8144], [-71.2327, 46.8146], [-71.2327, 46.8148], [-71.2326, 46.815], [-71.2326, 46.8152], [-71.2325, 46.8154], [-71.2325, 46.8156], [-71.2324, 46.8157], [-71.2322, 46.8159], [-71.2321, 46.816], [-71.2319, 46.8161], [-71.2317, 46.8162], [-71.2315, 46.8163], [-71.2314, 46.8164], [-71.2313, 46.8165], [-71.2313, 46.8166], [-71.2313, 46.8167], [-71.2314, 46.8167], [-71.2315, 46.8168], [-71.2316, 46.8169], [-71.2317, 46.8169], [-71.2318, 46.817], [-71.2318, 46.8172], [-71.2318, 46.8173], [-71.2317, 46.8175], [-71.2316, 46.8177], [-71.2315, 46.8179], [-71.2313, 46.8182], [-71.2312, 46.8183], [-71.231, 46.8185], [-71.2308, 46.8186], [-71.2307, 46.8187], [-71.2305, 46.8187], [-71.2303, 46.8186], [-71.2301, 46.8186], [-71.23, 46.8184], [-71.2298, 46.8184], [-71.2297, 46.8183], [-71.2295, 46.8183], [-71.2294, 46.8183], [-71.2293, 46.8183], [-71.2292, 46.8184], [-71.2292, 46.8185], [-71.2291, 46.8186], [-71.229, 46.8187], [-71.2289, 46.8187], [-71.2289, 46.8188], [-71.2287, 46.8188], [-71.2286, 46.8188], [-71.2285, 46.8188], [-71.2283, 46.8188], [-71.2282, 46.8188], [-71.2281, 46.8188], [-71.228, 46.8189], [-71.2279, 46.8189], [-71.2278, 46.819], [-71.2278, 46.8191], [-71.2278, 46.8192], [-71.2278, 46.8193], [-71.2277, 46.8193], [-71.2276, 46.8193], [-71.2275, 46.8193], [-71.2273, 46.8193], [-71.2271, 46.8193], [-71.2268, 46.8192], [-71.2265, 46.8191], [-71.2263, 46.819], [-71.226, 46.819], [-71.2257, 46.8189], [-71.2254, 46.8189], [-71.2251, 46.819], [-71.2249, 46.819], [-71.2246, 46.8191], [-71.2243, 46.8192], [-71.2241, 46.8192], [-71.2238, 46.8193], [-71.2235, 46.8193], [-71.2233, 46.8192], [-71.223, 46.8192], [-71.2228, 46.8191], [-71.2225, 46.819], [-71.2222, 46.8189], [-71.222, 46.8187], [-71.2218, 46.8186], [-71.2216, 46.8186], [-71.2214, 46.8185], [-71.2213, 46.8185], [-71.2211, 46.8185], [-71.221, 46.8186], [-71.2209, 46.8186], [-71.2208, 46.8186], [-71.2206, 46.8187], [-71.2205, 46.8187], [-71.2203, 46.8186], [-71.2201, 46.8186], [-71.2199, 46.8186], [-71.2196, 46.8185], [-71.2194, 46.8185], [-71.2192, 46.8184], [-71.2191, 46.8183], [-71.2189, 46.8183], [-71.2188, 46.8182], [-71.2187, 46.8181], [-71.2186, 46.818], [-71.2186, 46.8179], [-71.2185, 46.8178], [-71.2184, 46.8177], [-71.2183, 46.8176], [-71.2182, 46.8176], [-71.2181, 46.8176], [-71.218, 46.8177], [-71.2178, 46.8177], [-71.2177, 46.8178], [-71.2176, 46.8178], [-71.2175, 46.8178], [-71.2174, 46.8177], [-71.2173, 46.8177], [-71.2172, 46.8176], [-71.2172, 46.8175], [-71.2171, 46.8174], [-71.217, 46.8173], [-71.2169, 46.8172], [-71.2168, 46.8172], [-71.2167, 46.8172], [-71.2166, 46.8172], [-71.2165, 46.8172], [-71.2164, 46.8173], [-71.2162, 46.8174], [-71.2161, 46.8175], [-71.2159, 46.8176], [-71.2157, 46.8176], [-71.2155, 46.8176], [-71.2153, 46.8175], [-71.2151, 46.8174], [-71.2149, 46.8173], [-71.2146, 46.8172], [-71.2144, 46.817], [-71.2143, 46.8169], [-71.2142, 46.8167], [-71.2141, 46.8166], [-71.214, 46.8165], [-71.214, 46.8163], [-71.2141, 46.8162], [-71.2141, 46.8161], [-71.2142, 46.816], [-71.2142, 46.8159], [-71.2143, 46.8158], [-71.2143, 46.8157], [-71.2143, 46.8156], [-71.2142, 46.8155], [-71.2142, 46.8154], [-71.2141, 46.8154], [-71.2141, 46.8153], [-71.2141, 46.8152], [-71.2141, 46.8151], [-71.2141, 46.815], [-71.2142, 46.8149], [-71.2143, 46.8148], [-71.2144, 46.8147], [-71.2145, 46.8146], [-71.2146, 46.8145], [-71.2146, 46.8144], [-71.2147, 46.8142], [-71.2147, 46.8141], [-71.2147, 46.8139], [-71.2146, 46.8137], [-71.2146, 46.8135], [-71.2145, 46.8133], [-71.2145, 46.8131], [-71.2145, 46.8129], [-71.2145, 46.8127], [-71.2145, 46.8125], [-71.2145, 46.8123], [-71.2146, 46.8122], [-71.2146, 46.812], [-71.2147, 46.8118], [-71.2148, 46.8116], [-71.215, 46.8114], [-71.2151, 46.8112], [-71.2153, 46.8111], [-71.2155, 46.8109], [-71.2158, 46.8108], [-71.216, 46.8106], [-71.2163, 46.8105], [-71.2165, 46.8104], [-71.2166, 46.8103], [-71.2168, 46.8102], [-71.2169, 46.8101], [-71.2169, 46.81], [-71.2169, 46.8099], [-71.2169, 46.8098], [-71.2169, 46.8097], [-71.217, 46.8097], [-71.217, 46.8096], [-71.2171, 46.8096], [-71.2171, 46.8095], [-71.2172, 46.8095], [-71.2173, 46.8095], [-71.2175, 46.8095], [-71.2176, 46.8095], [-71.2176, 46.8094], [-71.2177, 46.8094], [-71.2178, 46.8093], [-71.2178, 46.8092], [-71.2178, 46.8091], [-71.2178, 46.809], [-71.2178, 46.8089], [-71.2179, 46.8087], [-71.218, 46.8086], [-71.2182, 46.8084], [-71.2185, 46.8082], [-71.2188, 46.808], [-71.2191, 46.8078], [-71.2195, 46.8076], [-71.2199, 46.8074], [-71.2203, 46.8072], [-71.2207, 46.8071], [-71.221, 46.8071], [-71.2214, 46.807], [-71.2217, 46.807], [-71.222, 46.8071], [-71.2223, 46.8072], [-71.2225, 46.8073], [-71.2228, 46.8073], [-71.223, 46.8074], [-71.2232, 46.8074], [-71.2234, 46.8075], [-71.2235, 46.8075], [-71.2237, 46.8075], [-71.2238, 46.8074], [-71.2239, 46.8074], [-71.224, 46.8074], [-71.2241, 46.8075], [-71.2241, 46.8076], [-71.2242, 46.8076], [-71.2242, 46.8077], [-71.2242, 46.8078], [-71.2243, 46.8078], [-71.2244, 46.8078], [-71.2245, 46.8078], [-71.2246, 46.8078], [-71.2247, 46.8078], [-71.2248, 46.8077], [-71.225, 46.8077], [-71.2253, 46.8077], [-71.2256, 46.8077], [-71.226, 46.8077], [-71.2264, 46.8078], [-71.227, 46.8079], [-71.2275, 46.808], [-71.2282, 46.8081], [-71.2288, 46.8082], [-71.2293, 46.8083], [-71.2298, 46.8084], [-71.2302, 46.8085], [-71.2306, 46.8086], [-71.2309, 46.8087], [-71.2312, 46.8088], [-71.2315, 46.8089], [-71.2317, 46.809], [-71.2319, 46.8091], [-71.232, 46.8092], [-71.2322, 46.8093], [-71.2323, 46.8094], [-71.2323, 46.8095], [-71.2323, 46.8096], [-71.2324, 46.8096], [-71.2324, 46.8097], [-71.2325, 46.8098], [-71.2326, 46.8098], [-71.2327, 46.8099], [-71.2329, 46.8099], [-71.2331, 46.81], [-71.2333, 46.81], [-71.2335, 46.8101], [-71.2336, 46.8102], [-71.2338, 46.8103], [-71.2339, 46.8104], [-71.234, 46.8105], [-71.2341, 46.8107], [-71.2342, 46.8108], [-71.2343, 46.811], [-71.2343, 46.8112], [-71.2343, 46.8114], [-71.2343, 46.8115], [-71.2343, 46.8117], [-71.2343, 46.8118], [-71.2343, 46.812], [-71.2342, 46.8121]]]}}, {"type": "Feature", "properties": {"couche": "voile", "station": "Jean-Paul-L'Allier", "minutes": 12}, "geometry": {"type": "Polygon", "coordinates": [[[-71.3934, 46.9261], [-71.0579, 46.9282], [-71.0555, 46.7], [-71.3897, 46.6979], [-71.3934, 46.9261]], [[-71.2343, 46.812], [-71.2343, 46.8118], [-71.2343, 46.8117], [-71.2343, 46.8115], [-71.2343, 46.8114], [-71.2343, 46.8112], [-71.2343, 46.811], [-71.2342, 46.8108], [-71.2341, 46.8107], [-71.234, 46.8105], [-71.2339, 46.8104], [-71.2338, 46.8103], [-71.2336, 46.8102], [-71.2335, 46.8101], [-71.2333, 46.81], [-71.2331, 46.81], [-71.2329, 46.8099], [-71.2327, 46.8099], [-71.2326, 46.8098], [-71.2325, 46.8098], [-71.2324, 46.8097], [-71.2324, 46.8096], [-71.2323, 46.8096], [-71.2323, 46.8095], [-71.2323, 46.8094], [-71.2322, 46.8093], [-71.232, 46.8092], [-71.2319, 46.8091], [-71.2317, 46.809], [-71.2315, 46.8089], [-71.2312, 46.8088], [-71.2309, 46.8087], [-71.2306, 46.8086], [-71.2302, 46.8085], [-71.2298, 46.8084], [-71.2293, 46.8083], [-71.2288, 46.8082], [-71.2282, 46.8081], [-71.2275, 46.808], [-71.227, 46.8079], [-71.2264, 46.8078], [-71.226, 46.8077], [-71.2256, 46.8077], [-71.2253, 46.8077], [-71.225, 46.8077], [-71.2248, 46.8077], [-71.2247, 46.8078], [-71.2246, 46.8078], [-71.2245, 46.8078], [-71.2244, 46.8078], [-71.2243, 46.8078], [-71.2242, 46.8078], [-71.2242, 46.8077], [-71.2242, 46.8076], [-71.2241, 46.8076], [-71.2241, 46.8075], [-71.224, 46.8074], [-71.2239, 46.8074], [-71.2238, 46.8074], [-71.2237, 46.8075], [-71.2235, 46.8075], [-71.2234, 46.8075], [-71.2232, 46.8074], [-71.223, 46.8074], [-71.2228, 46.8073], [-71.2225, 46.8073], [-71.2223, 46.8072], [-71.222, 46.8071], [-71.2217, 46.807], [-71.2214, 46.807], [-71.221, 46.8071], [-71.2207, 46.8071], [-71.2203, 46.8072], [-71.2199, 46.8074], [-71.2195, 46.8076], [-71.2191, 46.8078], [-71.2188, 46.808], [-71.2185, 46.8082], [-71.2182, 46.8084], [-71.218, 46.8086], [-71.2179, 46.8087], [-71.2178, 46.8089], [-71.2178, 46.809], [-71.2178, 46.8091], [-71.2178, 46.8092], [-71.2178, 46.8093], [-71.2177, 46.8094], [-71.2176, 46.8094], [-71.2176, 46.8095], [-71.2175, 46.8095], [-71.2173, 46.8095], [-71.2172, 46.8095], [-71.2171, 46.8095], [-71.2171, 46.8096], [-71.217, 46.8096], [-71.217, 46.8097], [-71.2169, 46.8097], [-71.2169, 46.8098], [-71.2169, 46.8099], [-71.2169, 46.81], [-71.2169, 46.8101], [-71.2168, 46.8102], [-71.2166, 46.8103], [-71.2165, 46.8104], [-71.2163, 46.8105], [-71.216, 46.8106], [-71.2158, 46.8108], [-71.2155, 46.8109], [-71.2153, 46.8111], [-71.2151, 46.8112], [-71.215, 46.8114], [-71.2148, 46.8116], [-71.2147, 46.8118], [-71.2146, 46.812], [-71.2146, 46.8122], [-71.2145, 46.8123], [-71.2145, 46.8125], [-71.2145, 46.8127], [-71.2145, 46.8129], [-71.2145, 46.8131], [-71.2145, 46.8133], [-71.2146, 46.8135], [-71.2146, 46.8137], [-71.2147, 46.8139], [-71.2147, 46.8141], [-71.2147, 46.8142], [-71.2146, 46.8144], [-71.2146, 46.8145], [-71.2145, 46.8146], [-71.2144, 46.8147], [-71.2143, 46.8148], [-71.2142, 46.8149], [-71.2141, 46.815], [-71.2141, 46.8151], [-71.2141, 46.8152], [-71.2141, 46.8153], [-71.2141, 46.8154], [-71.2142, 46.8154], [-71.2142, 46.8155], [-71.2143, 46.8156], [-71.2143, 46.8157], [-71.2143, 46.8158], [-71.2142, 46.8159], [-71.2142, 46.816], [-71.2141, 46.8161], [-71.2141, 46.8162], [-71.214, 46.8163], [-71.214, 46.8165], [-71.2141, 46.8166], [-71.2142, 46.8167], [-71.2143, 46.8169], [-71.2144, 46.817], [-71.2146, 46.8172], [-71.2149, 46.8173], [-71.2151, 46.8174], [-71.2153, 46.8175], [-71.2155, 46.8176], [-71.2157, 46.8176], [-71.2159, 46.8176], [-71.2161, 46.8175], [-71.2162, 46.8174], [-71.2164, 46.8173], [-71.2165, 46.8172], [-71.2166, 46.8172], [-71.2167, 46.8172], [-71.2168, 46.8172], [-71.2169, 46.8172], [-71.217, 46.8173], [-71.2171, 46.8174], [-71.2172, 46.8175], [-71.2172, 46.8176], [-71.2173, 46.8177], [-71.2174, 46.8177], [-71.2175, 46.8178], [-71.2176, 46.8178], [-71.2177, 46.8178], [-71.2178, 46.8177], [-71.218, 46.8177], [-71.2181, 46.8176], [-71.2182, 46.8176], [-71.2183, 46.8176], [-71.2184, 46.8177], [-71.2185, 46.8178], [-71.2186, 46.8179], [-71.2186, 46.818], [-71.2187, 46.8181], [-71.2188, 46.8182], [-71.2189, 46.8183], [-71.2191, 46.8183], [-71.2192, 46.8184], [-71.2194, 46.8185], [-71.2196, 46.8185], [-71.2199, 46.8186], [-71.2201, 46.8186], [-71.2203, 46.8186], [-71.2205, 46.8187], [-71.2206, 46.8187], [-71.2208, 46.8186], [-71.2209, 46.8186], [-71.221, 46.8186], [-71.2211, 46.8185], [-71.2213, 46.8185], [-71.2214, 46.8185], [-71.2216, 46.8186], [-71.2218, 46.8186], [-71.222, 46.8187], [-71.2222, 46.8189], [-71.2225, 46.819], [-71.2228, 46.8191], [-71.223, 46.8192], [-71.2233, 46.8192], [-71.2235, 46.8193], [-71.2238, 46.8193], [-71.2241, 46.8192], [-71.2243, 46.8192], [-71.2246, 46.8191], [-71.2249, 46.819], [-71.2251, 46.819], [-71.2254, 46.8189], [-71.2257, 46.8189], [-71.226, 46.819], [-71.2263, 46.819], [-71.2265, 46.8191], [-71.2268, 46.8192], [-71.2271, 46.8193], [-71.2273, 46.8193], [-71.2275, 46.8193], [-71.2276, 46.8193], [-71.2277, 46.8193], [-71.2278, 46.8193], [-71.2278, 46.8192], [-71.2278, 46.8191], [-71.2278, 46.819], [-71.2279, 46.8189], [-71.228, 46.8189], [-71.2281, 46.8188], [-71.2282, 46.8188], [-71.2283, 46.8188], [-71.2285, 46.8188], [-71.2286, 46.8188], [-71.2287, 46.8188], [-71.2289, 46.8188], [-71.2289, 46.8187], [-71.229, 46.8187], [-71.2291, 46.8186], [-71.2292, 46.8185], [-71.2292, 46.8184], [-71.2293, 46.8183], [-71.2294, 46.8183], [-71.2295, 46.8183], [-71.2297, 46.8183], [-71.2298, 46.8184], [-71.23, 46.8184], [-71.2301, 46.8186], [-71.2303, 46.8186], [-71.2305, 46.8187], [-71.2307, 46.8187], [-71.2308, 46.8186], [-71.231, 46.8185], [-71.2312, 46.8183], [-71.2313, 46.8182], [-71.2315, 46.8179], [-71.2316, 46.8177], [-71.2317, 46.8175], [-71.2318, 46.8173], [-71.2318, 46.8172], [-71.2318, 46.817], [-71.2317, 46.8169], [-71.2316, 46.8169], [-71.2315, 46.8168], [-71.2314, 46.8167], [-71.2313, 46.8167], [-71.2313, 46.8166], [-71.2313, 46.8165], [-71.2314, 46.8164], [-71.2315, 46.8163], [-71.2317, 46.8162], [-71.2319, 46.8161], [-71.2321, 46.816], [-71.2322, 46.8159], [-71.2324, 46.8157], [-71.2325, 46.8156], [-71.2325, 46.8154], [-71.2326, 46.8152], [-71.2326, 46.815], [-71.2327, 46.8148], [-71.2327, 46.8146], [-71.2327, 46.8144], [-71.2327, 46.8143], [-71.2328, 46.8141], [-71.2328, 46.814], [-71.2329, 46.8139], [-71.233, 46.8139], [-71.2331, 46.8138], [-71.2331, 46.8137], [-71.2331, 46.8136], [-71.233, 46.8135], [-71.2329, 46.8135], [-71.2328, 46.8134], [-71.2327, 46.8133], [-71.2327, 46.8132], [-71.2328, 46.8131], [-71.2329, 46.8131], [-71.2331, 46.813], [-71.2333, 46.8129], [-71.2334, 46.8129], [-71.2336, 46.8128], [-71.2337, 46.8127], [-71.2339, 46.8126], [-71.234, 46.8125], [-71.2341, 46.8124], [-71.2342, 46.8123], [-71.2342, 46.8121], [-71.2343, 46.812]]]}}, {"type": "Feature", "properties": {"couche": "aire_marche", "station": "Jean-Paul-L'Allier", "ordre": 22, "minutes": 13, "superficie_ha": 184.2, "rue_km": 75.97, "disque_ha": 260.2, "part_disque_pct": 71, "accroche_m": 10, "population": 15426, "navetteurs": 5239, "mode_auto_pct": 39, "mode_tc_pct": 22, "mode_actif_pct": 38, "mode_autre_pct": 1}, "geometry": {"type": "Polygon", "coordinates": [[[-71.2351, 46.8124], [-71.235, 46.8125], [-71.2349, 46.8126], [-71.2348, 46.8127], [-71.2347, 46.8128], [-71.2346, 46.8129], [-71.2345, 46.8129], [-71.2343, 46.8129], [-71.2342, 46.813], [-71.234, 46.8129], [-71.2339, 46.8129], [-71.2338, 46.8129], [-71.2337, 46.813], [-71.2337, 46.8131], [-71.2338, 46.8132], [-71.2338, 46.8133], [-71.2339, 46.8134], [-71.2339, 46.8135], [-71.2339, 46.8136], [-71.2338, 46.8137], [-71.2337, 46.8137], [-71.2336, 46.8138], [-71.2335, 46.8138], [-71.2333, 46.8139], [-71.2332, 46.8139], [-71.2331, 46.814], [-71.233, 46.8141], [-71.233, 46.8142], [-71.233, 46.8143], [-71.233, 46.8145], [-71.2331, 46.8146], [-71.2332, 46.8148], [-71.2333, 46.8149], [-71.2334, 46.8151], [-71.2335, 46.8152], [-71.2335, 46.8154], [-71.2335, 46.8155], [-71.2335, 46.8156], [-71.2335, 46.8157], [-71.2335, 46.8158], [-71.2334, 46.8159], [-71.2333, 46.8159], [-71.2333, 46.816], [-71.2332, 46.8161], [-71.2331, 46.8162], [-71.2329, 46.8162], [-71.2328, 46.8163], [-71.2326, 46.8163], [-71.2325, 46.8164], [-71.2324, 46.8165], [-71.2323, 46.8165], [-71.2323, 46.8166], [-71.2323, 46.8167], [-71.2323, 46.8168], [-71.2324, 46.8169], [-71.2325, 46.817], [-71.2325, 46.8171], [-71.2325, 46.8172], [-71.2325, 46.8174], [-71.2324, 46.8176], [-71.2323, 46.8178], [-71.2322, 46.818], [-71.232, 46.8182], [-71.2318, 46.8185], [-71.2316, 46.8187], [-71.2313, 46.8189], [-71.2311, 46.819], [-71.2309, 46.819], [-71.2307, 46.819], [-71.2305, 46.819], [-71.2303, 46.8188], [-71.2301, 46.8187], [-71.2299, 46.8185], [-71.2297, 46.8184], [-71.2296, 46.8183], [-71.2294, 46.8182], [-71.2293, 46.8181], [-71.2292, 46.8181], [-71.2291, 46.8181], [-71.229, 46.8182], [-71.229, 46.8183], [-71.2291, 46.8184], [-71.2292, 46.8185], [-71.2293, 46.8186], [-71.2294, 46.8188], [-71.2295, 46.8189], [-71.2295, 46.819], [-71.2295, 46.8191], [-71.2295, 46.8192], [-71.2295, 46.8193], [-71.2294, 46.8194], [-71.2293, 46.8195], [-71.2291, 46.8195], [-71.229, 46.8196], [-71.2287, 46.8196], [-71.2285, 46.8197], [-71.2281, 46.8196], [-71.2278, 46.8196], [-71.2273, 46.8196], [-71.2269, 46.8195], [-71.2264, 46.8194], [-71.2259, 46.8193], [-71.2255, 46.8193], [-71.2252, 46.8193], [-71.2249, 46.8193], [-71.2246, 46.8193], [-71.2244, 46.8194], [-71.2243, 46.8195], [-71.2242, 46.8196], [-71.2241, 46.8197], [-71.224, 46.8198], [-71.2239, 46.8198], [-71.2238, 46.8198], [-71.2237, 46.8198], [-71.2236, 46.8198], [-71.2235, 46.8197], [-71.2234, 46.8196], [-71.2233, 46.8196], [-71.2232, 46.8195], [-71.2231, 46.8195], [-71.2229, 46.8194], [-71.2228, 46.8194], [-71.2226, 46.8194], [-71.2225, 46.8194], [-71.2223, 46.8194], [-71.2221, 46.8195], [-71.2218, 46.8194], [-71.2215, 46.8194], [-71.2212, 46.8194], [-71.2208, 46.8193], [-71.2204, 46.8192], [-71.22, 46.8191], [-71.2195, 46.819], [-71.219, 46.8188], [-71.2186, 46.8187], [-71.2183, 46.8186], [-71.218, 46.8185], [-71.2178, 46.8184], [-71.2176, 46.8183], [-71.2174, 46.8182], [-71.2173, 46.8181], [-71.2172, 46.818], [-71.2171, 46.818], [-71.217, 46.818], [-71.2168, 46.8179], [-71.2167, 46.818], [-71.2165, 46.818], [-71.2163, 46.8181], [-71.2161, 46.8181], [-71.2159, 46.8182], [-71.2157, 46.8182], [-71.2155, 46.8182], [-71.2152, 46.8181], [-71.2149, 46.818], [-71.2147, 46.8178], [-71.2143, 46.8177], [-71.214, 46.8175], [-71.2137, 46.8172], [-71.2135, 46.8171], [-71.2133, 46.8169], [-71.2132, 46.8167], [-71.2132, 46.8166], [-71.2131, 46.8164], [-71.2132, 46.8163], [-71.2132, 46.8162], [-71.2133, 46.8161], [-71.2134, 46.816], [-71.2134, 46.8159], [-71.2134, 46.8158], [-71.2134, 46.8157], [-71.2134, 46.8156], [-71.2133, 46.8155], [-71.2133, 46.8154], [-71.2133, 46.8153], [-71.2134, 46.8152], [-71.2135, 46.8151], [-71.2136, 46.8151], [-71.2137, 46.815], [-71.2139, 46.8149], [-71.2141, 46.8148], [-71.2143, 46.8147], [-71.2144, 46.8146], [-71.2145, 46.8145], [-71.2145, 46.8144], [-71.2145, 46.8143], [-71.2144, 46.8142], [-71.2143, 46.8141], [-71.2141, 46.8141], [-71.214, 46.814], [-71.2139, 46.8139], [-71.2139, 46.8138], [-71.2138, 46.8138], [-71.2138, 46.8137], [-71.2139, 46.8136], [-71.2139, 46.8135], [-71.214, 46.8135], [-71.2141, 46.8134], [-71.2141, 46.8133], [-71.2142, 46.8133], [-71.2142, 46.8132], [-71.2141, 46.8131], [-71.2141, 46.813], [-71.214, 46.8129], [-71.2139, 46.8128], [-71.2139, 46.8126], [-71.2139, 46.8125], [-71.2139, 46.8124], [-71.2139, 46.8122], [-71.2139, 46.812], [-71.214, 46.8118], [-71.214, 46.8115], [-71.2141, 46.8113], [-71.2142, 46.8112], [-71.2143, 46.811], [-71.2144, 46.8109], [-71.2145, 46.8109], [-71.2147, 46.8108], [-71.2148, 46.8108], [-71.2149, 46.8109], [-71.2151, 46.8109], [-71.2152, 46.8109], [-71.2154, 46.8108], [-71.2156, 46.8108], [-71.2157, 46.8107], [-71.2159, 46.8107], [-71.2161, 46.8106], [-71.2163, 46.8105], [-71.2165, 46.8104], [-71.2166, 46.8103], [-71.2167, 46.8102], [-71.2167, 46.8101], [-71.2167, 46.81], [-71.2167, 46.8098], [-71.2167, 46.8097], [-71.2166, 46.8096], [-71.2165, 46.8094], [-71.2165, 46.8093], [-71.2165, 46.8091], [-71.2166, 46.809], [-71.2167, 46.8088], [-71.2168, 46.8087], [-71.217, 46.8085], [-71.2172, 46.8083], [-71.2174, 46.8082], [-71.2176, 46.808], [-71.2178, 46.8079], [-71.218, 46.8078], [-71.2182, 46.8077], [-71.2184, 46.8077], [-71.2186, 46.8076], [-71.2188, 46.8076], [-71.219, 46.8075], [-71.2192, 46.8075], [-71.2193, 46.8074], [-71.2195, 46.8073], [-71.2197, 46.8072], [-71.2198, 46.807], [-71.22, 46.8069], [-71.2202, 46.8067], [-71.2204, 46.8066], [-71.2208, 46.8065], [-71.2212, 46.8065], [-71.2218, 46.8065], [-71.2225, 46.8065], [-71.2233, 46.8066], [-71.2241, 46.8068], [-71.2251, 46.8069], [-71.2261, 46.8071], [-71.227, 46.8073], [-71.2278, 46.8074], [-71.2285, 46.8076], [-71.2292, 46.8077], [-71.2299, 46.8079], [-71.2305, 46.8081], [-71.231, 46.8082], [-71.2315, 46.8084], [-71.2319, 46.8085], [-71.2323, 46.8087], [-71.2325, 46.8088], [-71.2328, 46.8089], [-71.2329, 46.809], [-71.233, 46.8091], [-71.233, 46.8092], [-71.2331, 46.8093], [-71.2332, 46.8094], [-71.2333, 46.8094], [-71.2334, 46.8095], [-71.2335, 46.8096], [-71.2337, 46.8096], [-71.2339, 46.8097], [-71.2341, 46.8097], [-71.2342, 46.8098], [-71.2344, 46.8098], [-71.2345, 46.8099], [-71.2346, 46.8101], [-71.2347, 46.8102], [-71.2347, 46.8103], [-71.2347, 46.8105], [-71.2347, 46.8107], [-71.2347, 46.8109], [-71.2348, 46.8111], [-71.2348, 46.8112], [-71.2348, 46.8113], [-71.2349, 46.8114], [-71.2349, 46.8115], [-71.235, 46.8116], [-71.2351, 46.8117], [-71.2352, 46.8118], [-71.2352, 46.8119], [-71.2352, 46.812], [-71.2352, 46.8121], [-71.2351, 46.8122], [-71.2351, 46.8124]]]}}, {"type": "Feature", "properties": {"couche": "voile", "station": "Jean-Paul-L'Allier", "minutes": 13}, "geometry": {"type": "Polygon", "coordinates": [[[-71.3943, 46.9266], [-71.057, 46.9287], [-71.0546, 46.6995], [-71.3906, 46.6973], [-71.3943, 46.9266]], [[-71.2351, 46.8122], [-71.2352, 46.8121], [-71.2352, 46.812], [-71.2352, 46.8119], [-71.2352, 46.8118], [-71.2351, 46.8117], [-71.235, 46.8116], [-71.2349, 46.8115], [-71.2349, 46.8114], [-71.2348, 46.8113], [-71.2348, 46.8112], [-71.2348, 46.8111], [-71.2347, 46.8109], [-71.2347, 46.8107], [-71.2347, 46.8105], [-71.2347, 46.8103], [-71.2347, 46.8102], [-71.2346, 46.8101], [-71.2345, 46.8099], [-71.2344, 46.8098], [-71.2342, 46.8098], [-71.2341, 46.8097], [-71.2339, 46.8097], [-71.2337, 46.8096], [-71.2335, 46.8096], [-71.2334, 46.8095], [-71.2333, 46.8094], [-71.2332, 46.8094], [-71.2331, 46.8093], [-71.233, 46.8092], [-71.233, 46.8091], [-71.2329, 46.809], [-71.2328, 46.8089], [-71.2325, 46.8088], [-71.2323, 46.8087], [-71.2319, 46.8085], [-71.2315, 46.8084], [-71.231, 46.8082], [-71.2305, 46.8081], [-71.2299, 46.8079], [-71.2292, 46.8077], [-71.2285, 46.8076], [-71.2278, 46.8074], [-71.227, 46.8073], [-71.2261, 46.8071], [-71.2251, 46.8069], [-71.2241, 46.8068], [-71.2233, 46.8066], [-71.2225, 46.8065], [-71.2218, 46.8065], [-71.2212, 46.8065], [-71.2208, 46.8065], [-71.2204, 46.8066], [-71.2202, 46.8067], [-71.22, 46.8069], [-71.2198, 46.807], [-71.2197, 46.8072], [-71.2195, 46.8073], [-71.2193, 46.8074], [-71.2192, 46.8075], [-71.219, 46.8075], [-71.2188, 46.8076], [-71.2186, 46.8076], [-71.2184, 46.8077], [-71.2182, 46.8077], [-71.218, 46.8078], [-71.2178, 46.8079], [-71.2176, 46.808], [-71.2174, 46.8082], [-71.2172, 46.8083], [-71.217, 46.8085], [-71.2168, 46.8087], [-71.2167, 46.8088], [-71.2166, 46.809], [-71.2165, 46.8091], [-71.2165, 46.8093], [-71.2165, 46.8094], [-71.2166, 46.8096], [-71.2167, 46.8097], [-71.2167, 46.8098], [-71.2167, 46.81], [-71.2167, 46.8101], [-71.2167, 46.8102], [-71.2166, 46.8103], [-71.2165, 46.8104], [-71.2163, 46.8105], [-71.2161, 46.8106], [-71.2159, 46.8107], [-71.2157, 46.8107], [-71.2156, 46.8108], [-71.2154, 46.8108], [-71.2152, 46.8109], [-71.2151, 46.8109], [-71.2149, 46.8109], [-71.2148, 46.8108], [-71.2147, 46.8108], [-71.2145, 46.8109], [-71.2144, 46.8109], [-71.2143, 46.811], [-71.2142, 46.8112], [-71.2141, 46.8113], [-71.214, 46.8115], [-71.214, 46.8118], [-71.2139, 46.812], [-71.2139, 46.8122], [-71.2139, 46.8124], [-71.2139, 46.8125], [-71.2139, 46.8126], [-71.2139, 46.8128], [-71.214, 46.8129], [-71.2141, 46.813], [-71.2141, 46.8131], [-71.2142, 46.8132], [-71.2142, 46.8133], [-71.2141, 46.8133], [-71.2141, 46.8134], [-71.214, 46.8135], [-71.2139, 46.8135], [-71.2139, 46.8136], [-71.2138, 46.8137], [-71.2138, 46.8138], [-71.2139, 46.8138], [-71.2139, 46.8139], [-71.214, 46.814], [-71.2141, 46.8141], [-71.2143, 46.8141], [-71.2144, 46.8142], [-71.2145, 46.8143], [-71.2145, 46.8144], [-71.2145, 46.8145], [-71.2144, 46.8146], [-71.2143, 46.8147], [-71.2141, 46.8148], [-71.2139, 46.8149], [-71.2137, 46.815], [-71.2136, 46.8151], [-71.2135, 46.8151], [-71.2134, 46.8152], [-71.2133, 46.8153], [-71.2133, 46.8154], [-71.2133, 46.8155], [-71.2134, 46.8156], [-71.2134, 46.8157], [-71.2134, 46.8158], [-71.2134, 46.8159], [-71.2134, 46.816], [-71.2133, 46.8161], [-71.2132, 46.8162], [-71.2132, 46.8163], [-71.2131, 46.8164], [-71.2132, 46.8166], [-71.2132, 46.8167], [-71.2133, 46.8169], [-71.2135, 46.8171], [-71.2137, 46.8172], [-71.214, 46.8175], [-71.2143, 46.8177], [-71.2147, 46.8178], [-71.2149, 46.818], [-71.2152, 46.8181], [-71.2155, 46.8182], [-71.2157, 46.8182], [-71.2159, 46.8182], [-71.2161, 46.8181], [-71.2163, 46.8181], [-71.2165, 46.818], [-71.2167, 46.818], [-71.2168, 46.8179], [-71.217, 46.818], [-71.2171, 46.818], [-71.2172, 46.818], [-71.2173, 46.8181], [-71.2174, 46.8182], [-71.2176, 46.8183], [-71.2178, 46.8184], [-71.218, 46.8185], [-71.2183, 46.8186], [-71.2186, 46.8187], [-71.219, 46.8188], [-71.2195, 46.819], [-71.22, 46.8191], [-71.2204, 46.8192], [-71.2208, 46.8193], [-71.2212, 46.8194], [-71.2215, 46.8194], [-71.2218, 46.8194], [-71.2221, 46.8195], [-71.2223, 46.8194], [-71.2225, 46.8194], [-71.2226, 46.8194], [-71.2228, 46.8194], [-71.2229, 46.8194], [-71.2231, 46.8195], [-71.2232, 46.8195], [-71.2233, 46.8196], [-71.2234, 46.8196], [-71.2235, 46.8197], [-71.2236, 46.8198], [-71.2237, 46.8198], [-71.2238, 46.8198], [-71.2239, 46.8198], [-71.224, 46.8198], [-71.2241, 46.8197], [-71.2242, 46.8196], [-71.2243, 46.8195], [-71.2244, 46.8194], [-71.2246, 46.8193], [-71.2249, 46.8193], [-71.2252, 46.8193], [-71.2255, 46.8193], [-71.2259, 46.8193], [-71.2264, 46.8194], [-71.2269, 46.8195], [-71.2273, 46.8196], [-71.2278, 46.8196], [-71.2281, 46.8196], [-71.2285, 46.8197], [-71.2287, 46.8196], [-71.229, 46.8196], [-71.2291, 46.8195], [-71.2293, 46.8195], [-71.2294, 46.8194], [-71.2295, 46.8193], [-71.2295, 46.8192], [-71.2295, 46.8191], [-71.2295, 46.819], [-71.2295, 46.8189], [-71.2294, 46.8188], [-71.2293, 46.8186], [-71.2292, 46.8185], [-71.2291, 46.8184], [-71.229, 46.8183], [-71.229, 46.8182], [-71.2291, 46.8181], [-71.2292, 46.8181], [-71.2293, 46.8181], [-71.2294, 46.8182], [-71.2296, 46.8183], [-71.2297, 46.8184], [-71.2299, 46.8185], [-71.2301, 46.8187], [-71.2303, 46.8188], [-71.2305, 46.819], [-71.2307, 46.819], [-71.2309, 46.819], [-71.2311, 46.819], [-71.2313, 46.8189], [-71.2316, 46.8187], [-71.2318, 46.8185], [-71.232, 46.8182], [-71.2322, 46.818], [-71.2323, 46.8178], [-71.2324, 46.8176], [-71.2325, 46.8174], [-71.2325, 46.8172], [-71.2325, 46.8171], [-71.2325, 46.817], [-71.2324, 46.8169], [-71.2323, 46.8168], [-71.2323, 46.8167], [-71.2323, 46.8166], [-71.2323, 46.8165], [-71.2324, 46.8165], [-71.2325, 46.8164], [-71.2326, 46.8163], [-71.2328, 46.8163], [-71.2329, 46.8162], [-71.2331, 46.8162], [-71.2332, 46.8161], [-71.2333, 46.816], [-71.2333, 46.8159], [-71.2334, 46.8159], [-71.2335, 46.8158], [-71.2335, 46.8157], [-71.2335, 46.8156], [-71.2335, 46.8155], [-71.2335, 46.8154], [-71.2335, 46.8152], [-71.2334, 46.8151], [-71.2333, 46.8149], [-71.2332, 46.8148], [-71.2331, 46.8146], [-71.233, 46.8145], [-71.233, 46.8143], [-71.233, 46.8142], [-71.233, 46.8141], [-71.2331, 46.814], [-71.2332, 46.8139], [-71.2333, 46.8139], [-71.2335, 46.8138], [-71.2336, 46.8138], [-71.2337, 46.8137], [-71.2338, 46.8137], [-71.2339, 46.8136], [-71.2339, 46.8135], [-71.2339, 46.8134], [-71.2338, 46.8133], [-71.2338, 46.8132], [-71.2337, 46.8131], [-71.2337, 46.813], [-71.2338, 46.8129], [-71.2339, 46.8129], [-71.234, 46.8129], [-71.2342, 46.813], [-71.2343, 46.8129], [-71.2345, 46.8129], [-71.2346, 46.8129], [-71.2347, 46.8128], [-71.2348, 46.8127], [-71.2349, 46.8126], [-71.235, 46.8125], [-71.2351, 46.8124], [-71.2351, 46.8122]]]}}, {"type": "Feature", "properties": {"couche": "aire_marche", "station": "Jean-Paul-L'Allier", "ordre": 22, "minutes": 14, "superficie_ha": 212.1, "rue_km": 87.83, "disque_ha": 301.7, "part_disque_pct": 70, "accroche_m": 10, "population": 17201, "navetteurs": 5839, "mode_auto_pct": 39, "mode_tc_pct": 22, "mode_actif_pct": 38, "mode_autre_pct": 1}, "geometry": {"type": "Polygon", "coordinates": [[[-71.2359, 46.8125], [-71.2359, 46.8127], [-71.2357, 46.8128], [-71.2356, 46.813], [-71.2354, 46.8131], [-71.2352, 46.8132], [-71.235, 46.8134], [-71.2347, 46.8135], [-71.2344, 46.8136], [-71.2341, 46.8137], [-71.2338, 46.8137], [-71.2336, 46.8138], [-71.2334, 46.8139], [-71.2333, 46.814], [-71.2331, 46.8141], [-71.2331, 46.8142], [-71.2331, 46.8143], [-71.2331, 46.8144], [-71.2332, 46.8144], [-71.2332, 46.8145], [-71.2333, 46.8146], [-71.2335, 46.8146], [-71.2336, 46.8147], [-71.2337, 46.8148], [-71.2339, 46.8148], [-71.2341, 46.8149], [-71.2342, 46.815], [-71.2343, 46.815], [-71.2343, 46.8151], [-71.2343, 46.8152], [-71.2343, 46.8153], [-71.2342, 46.8154], [-71.2341, 46.8154], [-71.2341, 46.8155], [-71.2341, 46.8156], [-71.234, 46.8157], [-71.2341, 46.8158], [-71.2341, 46.8159], [-71.2342, 46.816], [-71.2342, 46.8161], [-71.2341, 46.8161], [-71.2341, 46.8162], [-71.234, 46.8163], [-71.2339, 46.8163], [-71.2338, 46.8164], [-71.2336, 46.8165], [-71.2335, 46.8165], [-71.2334, 46.8166], [-71.2333, 46.8167], [-71.2333, 46.8168], [-71.2333, 46.8169], [-71.2333, 46.817], [-71.2334, 46.8171], [-71.2334, 46.8172], [-71.2334, 46.8173], [-71.2333, 46.8174], [-71.2332, 46.8174], [-71.233, 46.8175], [-71.2329, 46.8175], [-71.2329, 46.8176], [-71.2328, 46.8177], [-71.2327, 46.8178], [-71.2327, 46.8179], [-71.2327, 46.8181], [-71.2327, 46.8183], [-71.2327, 46.8185], [-71.2327, 46.8187], [-71.2327, 46.8188], [-71.2326, 46.819], [-71.2326, 46.8191], [-71.2325, 46.8191], [-71.2324, 46.8192], [-71.2323, 46.8192], [-71.2322, 46.8192], [-71.2321, 46.8192], [-71.2319, 46.8192], [-71.2318, 46.8192], [-71.2317, 46.8193], [-71.2316, 46.8193], [-71.2315, 46.8194], [-71.2313, 46.8195], [-71.2312, 46.8196], [-71.2311, 46.8197], [-71.231, 46.8198], [-71.2308, 46.8199], [-71.2306, 46.8199], [-71.2305, 46.82], [-71.2303, 46.82], [-71.23, 46.8201], [-71.2298, 46.8201], [-71.2296, 46.8202], [-71.2293, 46.8202], [-71.2291, 46.8201], [-71.2288, 46.8201], [-71.2286, 46.82], [-71.2283, 46.8199], [-71.228, 46.8198], [-71.2278, 46.8197], [-71.2275, 46.8196], [-71.2272, 46.8195], [-71.227, 46.8194], [-71.2267, 46.8193], [-71.2264, 46.8193], [-71.2261, 46.8192], [-71.2259, 46.8192], [-71.2256, 46.8192], [-71.2253, 46.8191], [-71.2251, 46.8191], [-71.2249, 46.8191], [-71.2247, 46.8191], [-71.2246, 46.8191], [-71.2245, 46.8191], [-71.2244, 46.8191], [-71.2243, 46.8191], [-71.2243, 46.8192], [-71.2244, 46.8192], [-71.2244, 46.8193], [-71.2245, 46.8193], [-71.2246, 46.8194], [-71.2248, 46.8195], [-71.2249, 46.8195], [-71.225, 46.8196], [-71.225, 46.8197], [-71.225, 46.8198], [-71.225, 46.8199], [-71.2249, 46.82], [-71.2248, 46.8201], [-71.2247, 46.8202], [-71.2246, 46.8203], [-71.2244, 46.8204], [-71.2242, 46.8204], [-71.2241, 46.8204], [-71.2239, 46.8204], [-71.2237, 46.8204], [-71.2236, 46.8203], [-71.2234, 46.8202], [-71.2232, 46.8202], [-71.2231, 46.8201], [-71.223, 46.82], [-71.2229, 46.8199], [-71.2228, 46.8198], [-71.2229, 46.8197], [-71.2229, 46.8196], [-71.2229, 46.8195], [-71.2228, 46.8195], [-71.2227, 46.8195], [-71.2225, 46.8195], [-71.2223, 46.8195], [-71.2221, 46.8196], [-71.2218, 46.8196], [-71.2215, 46.8197], [-71.2212, 46.8197], [-71.2209, 46.8197], [-71.2205, 46.8196], [-71.2201, 46.8195], [-71.2197, 46.8194], [-71.2192, 46.8192], [-71.2188, 46.8191], [-71.2184, 46.8189], [-71.218, 46.8188], [-71.2176, 46.8187], [-71.2172, 46.8187], [-71.2169, 46.8186], [-71.2166, 46.8186], [-71.2164, 46.8187], [-71.2161, 46.8188], [-71.2159, 46.8188], [-71.2157, 46.8188], [-71.2155, 46.8188], [-71.2153, 46.8188], [-71.2152, 46.8187], [-71.215, 46.8186], [-71.2148, 46.8184], [-71.2147, 46.8182], [-71.2145, 46.8181], [-71.2143, 46.8179], [-71.2141, 46.8177], [-71.2139, 46.8176], [-71.2137, 46.8175], [-71.2134, 46.8174], [-71.2132, 46.8172], [-71.2129, 46.8171], [-71.2127, 46.817], [-71.2125, 46.8169], [-71.2124, 46.8168], [-71.2123, 46.8167], [-71.2122, 46.8165], [-71.2122, 46.8164], [-71.2122, 46.8162], [-71.2122, 46.816], [-71.2123, 46.8159], [-71.2124, 46.8157], [-71.2126, 46.8155], [-71.2128, 46.8154], [-71.213, 46.8153], [-71.2132, 46.8151], [-71.2135, 46.815], [-71.2138, 46.8149], [-71.214, 46.8147], [-71.2143, 46.8146], [-71.2144, 46.8145], [-71.2146, 46.8145], [-71.2146, 46.8144], [-71.2147, 46.8143], [-71.2147, 46.8142], [-71.2146, 46.8142], [-71.2146, 46.8141], [-71.2145, 46.8141], [-71.2144, 46.8141], [-71.2143, 46.8141], [-71.2141, 46.814], [-71.2139, 46.814], [-71.2137, 46.814], [-71.2135, 46.814], [-71.2134, 46.814], [-71.2132, 46.814], [-71.2132, 46.8139], [-71.2133, 46.8138], [-71.2135, 46.8137], [-71.2136, 46.8136], [-71.2138, 46.8135], [-71.2139, 46.8134], [-71.2139, 46.8133], [-71.2139, 46.8132], [-71.2138, 46.8131], [-71.2137, 46.813], [-71.2135, 46.813], [-71.2133, 46.8129], [-71.2132, 46.8127], [-71.2131, 46.8126], [-71.2131, 46.8124], [-71.2131, 46.8122], [-71.2132, 46.8119], [-71.2132, 46.8116], [-71.2134, 46.8113], [-71.2135, 46.811], [-71.2136, 46.8108], [-71.2137, 46.8106], [-71.2139, 46.8104], [-71.214, 46.8103], [-71.2141, 46.8102], [-71.2142, 46.8102], [-71.2144, 46.8102], [-71.2145, 46.8102], [-71.2146, 46.8102], [-71.2147, 46.8102], [-71.2148, 46.8103], [-71.2149, 46.8103], [-71.215, 46.8104], [-71.2151, 46.8105], [-71.2152, 46.8106], [-71.2152, 46.8107], [-71.2154, 46.8107], [-71.2155, 46.8107], [-71.2156, 46.8107], [-71.2158, 46.8107], [-71.2159, 46.8107], [-71.2161, 46.8106], [-71.2163, 46.8105], [-71.2165, 46.8104], [-71.2166, 46.8103], [-71.2166, 46.8102], [-71.2166, 46.8101], [-71.2165, 46.8101], [-71.2163, 46.81], [-71.2161, 46.81], [-71.216, 46.8099], [-71.2159, 46.8099], [-71.2158, 46.8098], [-71.2157, 46.8097], [-71.2156, 46.8096], [-71.2156, 46.8095], [-71.2156, 46.8093], [-71.2157, 46.8092], [-71.2157, 46.8091], [-71.2157, 46.809], [-71.2158, 46.8089], [-71.2159, 46.8088], [-71.216, 46.8087], [-71.2161, 46.8086], [-71.2162, 46.8086], [-71.2163, 46.8086], [-71.2165, 46.8085], [-71.2166, 46.8084], [-71.2167, 46.8083], [-71.2168, 46.8082], [-71.2169, 46.8081], [-71.217, 46.8079], [-71.2171, 46.8078], [-71.2173, 46.8076], [-71.2174, 46.8075], [-71.2175, 46.8074], [-71.2177, 46.8073], [-71.2178, 46.8072], [-71.218, 46.8072], [-71.2182, 46.8072], [-71.2183, 46.8072], [-71.2185, 46.8072], [-71.2186, 46.8072], [-71.2188, 46.8072], [-71.2189, 46.8071], [-71.219, 46.807], [-71.219, 46.8069], [-71.2191, 46.8068], [-71.2191, 46.8066], [-71.2192, 46.8065], [-71.2192, 46.8064], [-71.2193, 46.8063], [-71.2194, 46.8062], [-71.2196, 46.8061], [-71.2197, 46.806], [-71.2198, 46.8059], [-71.22, 46.8059], [-71.2201, 46.8058], [-71.2203, 46.8058], [-71.2205, 46.8058], [-71.2206, 46.8058], [-71.2208, 46.8058], [-71.221, 46.8059], [-71.2211, 46.806], [-71.2213, 46.806], [-71.2215, 46.8061], [-71.2217, 46.8061], [-71.2218, 46.8062], [-71.222, 46.8062], [-71.2221, 46.8062], [-71.2223, 46.8062], [-71.2224, 46.8061], [-71.2227, 46.8061], [-71.2229, 46.8061], [-71.2233, 46.8061], [-71.2237, 46.8062], [-71.2242, 46.8062], [-71.2248, 46.8063], [-71.2254, 46.8064], [-71.2261, 46.8065], [-71.2268, 46.8067], [-71.2275, 46.8068], [-71.2282, 46.8069], [-71.2289, 46.8071], [-71.2295, 46.8072], [-71.2302, 46.8074], [-71.2308, 46.8076], [-71.2314, 46.8077], [-71.232, 46.8079], [-71.2325, 46.8081], [-71.2329, 46.8082], [-71.2332, 46.8083], [-71.2334, 46.8084], [-71.2336, 46.8085], [-71.2337, 46.8086], [-71.2338, 46.8087], [-71.2338, 46.8088], [-71.2339, 46.8088], [-71.234, 46.8089], [-71.2341, 46.809], [-71.2342, 46.809], [-71.2344, 46.8091], [-71.2346, 46.8092], [-71.2348, 46.8092], [-71.2349, 46.8093], [-71.2351, 46.8094], [-71.2352, 46.8095], [-71.2353, 46.8097], [-71.2354, 46.8098], [-71.2355, 46.81], [-71.2355, 46.8102], [-71.2355, 46.8104], [-71.2355, 46.8106], [-71.2355, 46.8108], [-71.2356, 46.811], [-71.2356, 46.8111], [-71.2357, 46.8113], [-71.2357, 46.8114], [-71.2358, 46.8115], [-71.2359, 46.8116], [-71.236, 46.8117], [-71.236, 46.8118], [-71.2361, 46.812], [-71.2361, 46.8121], [-71.236, 46.8122], [-71.236, 46.8124], [-71.2359, 46.8125]]]}}, {"type": "Feature", "properties": {"couche": "voile", "station": "Jean-Paul-L'Allier", "minutes": 14}, "geometry": {"type": "Polygon", "coordinates": [[[-71.3953, 46.9271], [-71.0561, 46.9293], [-71.0537, 46.6988], [-71.3914, 46.6966], [-71.3953, 46.9271]], [[-71.236, 46.8124], [-71.236, 46.8122], [-71.2361, 46.8121], [-71.2361, 46.812], [-71.236, 46.8118], [-71.236, 46.8117], [-71.2359, 46.8116], [-71.2358, 46.8115], [-71.2357, 46.8114], [-71.2357, 46.8113], [-71.2356, 46.8111], [-71.2356, 46.811], [-71.2355, 46.8108], [-71.2355, 46.8106], [-71.2355, 46.8104], [-71.2355, 46.8102], [-71.2355, 46.81], [-71.2354, 46.8098], [-71.2353, 46.8097], [-71.2352, 46.8095], [-71.2351, 46.8094], [-71.2349, 46.8093], [-71.2348, 46.8092], [-71.2346, 46.8092], [-71.2344, 46.8091], [-71.2342, 46.809], [-71.2341, 46.809], [-71.234, 46.8089], [-71.2339, 46.8088], [-71.2338, 46.8088], [-71.2338, 46.8087], [-71.2337, 46.8086], [-71.2336, 46.8085], [-71.2334, 46.8084], [-71.2332, 46.8083], [-71.2329, 46.8082], [-71.2325, 46.8081], [-71.232, 46.8079], [-71.2314, 46.8077], [-71.2308, 46.8076], [-71.2302, 46.8074], [-71.2295, 46.8072], [-71.2289, 46.8071], [-71.2282, 46.8069], [-71.2275, 46.8068], [-71.2268, 46.8067], [-71.2261, 46.8065], [-71.2254, 46.8064], [-71.2248, 46.8063], [-71.2242, 46.8062], [-71.2237, 46.8062], [-71.2233, 46.8061], [-71.2229, 46.8061], [-71.2227, 46.8061], [-71.2224, 46.8061], [-71.2223, 46.8062], [-71.2221, 46.8062], [-71.222, 46.8062], [-71.2218, 46.8062], [-71.2217, 46.8061], [-71.2215, 46.8061], [-71.2213, 46.806], [-71.2211, 46.806], [-71.221, 46.8059], [-71.2208, 46.8058], [-71.2206, 46.8058], [-71.2205, 46.8058], [-71.2203, 46.8058], [-71.2201, 46.8058], [-71.22, 46.8059], [-71.2198, 46.8059], [-71.2197, 46.806], [-71.2196, 46.8061], [-71.2194, 46.8062], [-71.2193, 46.8063], [-71.2192, 46.8064], [-71.2192, 46.8065], [-71.2191, 46.8066], [-71.2191, 46.8068], [-71.219, 46.8069], [-71.219, 46.807], [-71.2189, 46.8071], [-71.2188, 46.8072], [-71.2186, 46.8072], [-71.2185, 46.8072], [-71.2183, 46.8072], [-71.2182, 46.8072], [-71.218, 46.8072], [-71.2178, 46.8072], [-71.2177, 46.8073], [-71.2175, 46.8074], [-71.2174, 46.8075], [-71.2173, 46.8076], [-71.2171, 46.8078], [-71.217, 46.8079], [-71.2169, 46.8081], [-71.2168, 46.8082], [-71.2167, 46.8083], [-71.2166, 46.8084], [-71.2165, 46.8085], [-71.2163, 46.8086], [-71.2162, 46.8086], [-71.2161, 46.8086], [-71.216, 46.8087], [-71.2159, 46.8088], [-71.2158, 46.8089], [-71.2157, 46.809], [-71.2157, 46.8091], [-71.2157, 46.8092], [-71.2156, 46.8093], [-71.2156, 46.8095], [-71.2156, 46.8096], [-71.2157, 46.8097], [-71.2158, 46.8098], [-71.2159, 46.8099], [-71.216, 46.8099], [-71.2161, 46.81], [-71.2163, 46.81], [-71.2165, 46.8101], [-71.2166, 46.8101], [-71.2166, 46.8102], [-71.2166, 46.8103], [-71.2165, 46.8104], [-71.2163, 46.8105], [-71.2161, 46.8106], [-71.2159, 46.8107], [-71.2158, 46.8107], [-71.2156, 46.8107], [-71.2155, 46.8107], [-71.2154, 46.8107], [-71.2152, 46.8107], [-71.2152, 46.8106], [-71.2151, 46.8105], [-71.215, 46.8104], [-71.2149, 46.8103], [-71.2148, 46.8103], [-71.2147, 46.8102], [-71.2146, 46.8102], [-71.2145, 46.8102], [-71.2144, 46.8102], [-71.2142, 46.8102], [-71.2141, 46.8102], [-71.214, 46.8103], [-71.2139, 46.8104], [-71.2137, 46.8106], [-71.2136, 46.8108], [-71.2135, 46.811], [-71.2134, 46.8113], [-71.2132, 46.8116], [-71.2132, 46.8119], [-71.2131, 46.8122], [-71.2131, 46.8124], [-71.2131, 46.8126], [-71.2132, 46.8127], [-71.2133, 46.8129], [-71.2135, 46.813], [-71.2137, 46.813], [-71.2138, 46.8131], [-71.2139, 46.8132], [-71.2139, 46.8133], [-71.2139, 46.8134], [-71.2138, 46.8135], [-71.2136, 46.8136], [-71.2135, 46.8137], [-71.2133, 46.8138], [-71.2132, 46.8139], [-71.2132, 46.814], [-71.2134, 46.814], [-71.2135, 46.814], [-71.2137, 46.814], [-71.2139, 46.814], [-71.2141, 46.814], [-71.2143, 46.8141], [-71.2144, 46.8141], [-71.2145, 46.8141], [-71.2146, 46.8141], [-71.2146, 46.8142], [-71.2147, 46.8142], [-71.2147, 46.8143], [-71.2146, 46.8144], [-71.2146, 46.8145], [-71.2144, 46.8145], [-71.2143, 46.8146], [-71.214, 46.8147], [-71.2138, 46.8149], [-71.2135, 46.815], [-71.2132, 46.8151], [-71.213, 46.8153], [-71.2128, 46.8154], [-71.2126, 46.8155], [-71.2124, 46.8157], [-71.2123, 46.8159], [-71.2122, 46.816], [-71.2122, 46.8162], [-71.2122, 46.8164], [-71.2122, 46.8165], [-71.2123, 46.8167], [-71.2124, 46.8168], [-71.2125, 46.8169], [-71.2127, 46.817], [-71.2129, 46.8171], [-71.2132, 46.8172], [-71.2134, 46.8174], [-71.2137, 46.8175], [-71.2139, 46.8176], [-71.2141, 46.8177], [-71.2143, 46.8179], [-71.2145, 46.8181], [-71.2147, 46.8182], [-71.2148, 46.8184], [-71.215, 46.8186], [-71.2152, 46.8187], [-71.2153, 46.8188], [-71.2155, 46.8188], [-71.2157, 46.8188], [-71.2159, 46.8188], [-71.2161, 46.8188], [-71.2164, 46.8187], [-71.2166, 46.8186], [-71.2169, 46.8186], [-71.2172, 46.8187], [-71.2176, 46.8187], [-71.218, 46.8188], [-71.2184, 46.8189], [-71.2188, 46.8191], [-71.2192, 46.8192], [-71.2197, 46.8194], [-71.2201, 46.8195], [-71.2205, 46.8196], [-71.2209, 46.8197], [-71.2212, 46.8197], [-71.2215, 46.8197], [-71.2218, 46.8196], [-71.2221, 46.8196], [-71.2223, 46.8195], [-71.2225, 46.8195], [-71.2227, 46.8195], [-71.2228, 46.8195], [-71.2229, 46.8195], [-71.2229, 46.8196], [-71.2229, 46.8197], [-71.2228, 46.8198], [-71.2229, 46.8199], [-71.223, 46.82], [-71.2231, 46.8201], [-71.2232, 46.8202], [-71.2234, 46.8202], [-71.2236, 46.8203], [-71.2237, 46.8204], [-71.2239, 46.8204], [-71.2241, 46.8204], [-71.2242, 46.8204], [-71.2244, 46.8204], [-71.2246, 46.8203], [-71.2247, 46.8202], [-71.2248, 46.8201], [-71.2249, 46.82], [-71.225, 46.8199], [-71.225, 46.8198], [-71.225, 46.8197], [-71.225, 46.8196], [-71.2249, 46.8195], [-71.2248, 46.8195], [-71.2246, 46.8194], [-71.2245, 46.8193], [-71.2244, 46.8193], [-71.2244, 46.8192], [-71.2243, 46.8192], [-71.2243, 46.8191], [-71.2244, 46.8191], [-71.2245, 46.8191], [-71.2246, 46.8191], [-71.2247, 46.8191], [-71.2249, 46.8191], [-71.2251, 46.8191], [-71.2253, 46.8191], [-71.2256, 46.8192], [-71.2259, 46.8192], [-71.2261, 46.8192], [-71.2264, 46.8193], [-71.2267, 46.8193], [-71.227, 46.8194], [-71.2272, 46.8195], [-71.2275, 46.8196], [-71.2278, 46.8197], [-71.228, 46.8198], [-71.2283, 46.8199], [-71.2286, 46.82], [-71.2288, 46.8201], [-71.2291, 46.8201], [-71.2293, 46.8202], [-71.2296, 46.8202], [-71.2298, 46.8201], [-71.23, 46.8201], [-71.2303, 46.82], [-71.2305, 46.82], [-71.2306, 46.8199], [-71.2308, 46.8199], [-71.231, 46.8198], [-71.2311, 46.8197], [-71.2312, 46.8196], [-71.2313, 46.8195], [-71.2315, 46.8194], [-71.2316, 46.8193], [-71.2317, 46.8193], [-71.2318, 46.8192], [-71.2319, 46.8192], [-71.2321, 46.8192], [-71.2322, 46.8192], [-71.2323, 46.8192], [-71.2324, 46.8192], [-71.2325, 46.8191], [-71.2326, 46.8191], [-71.2326, 46.819], [-71.2327, 46.8188], [-71.2327, 46.8187], [-71.2327, 46.8185], [-71.2327, 46.8183], [-71.2327, 46.8181], [-71.2327, 46.8179], [-71.2327, 46.8178], [-71.2328, 46.8177], [-71.2329, 46.8176], [-71.2329, 46.8175], [-71.233, 46.8175], [-71.2332, 46.8174], [-71.2333, 46.8174], [-71.2334, 46.8173], [-71.2334, 46.8172], [-71.2334, 46.8171], [-71.2333, 46.817], [-71.2333, 46.8169], [-71.2333, 46.8168], [-71.2333, 46.8167], [-71.2334, 46.8166], [-71.2335, 46.8165], [-71.2336, 46.8165], [-71.2338, 46.8164], [-71.2339, 46.8163], [-71.234, 46.8163], [-71.2341, 46.8162], [-71.2341, 46.8161], [-71.2342, 46.8161], [-71.2342, 46.816], [-71.2341, 46.8159], [-71.2341, 46.8158], [-71.234, 46.8157], [-71.2341, 46.8156], [-71.2341, 46.8155], [-71.2341, 46.8154], [-71.2342, 46.8154], [-71.2343, 46.8153], [-71.2343, 46.8152], [-71.2343, 46.8151], [-71.2343, 46.815], [-71.2342, 46.815], [-71.2341, 46.8149], [-71.2339, 46.8148], [-71.2337, 46.8148], [-71.2336, 46.8147], [-71.2335, 46.8146], [-71.2333, 46.8146], [-71.2332, 46.8145], [-71.2332, 46.8144], [-71.2331, 46.8144], [-71.2331, 46.8143], [-71.2331, 46.8142], [-71.2331, 46.8141], [-71.2333, 46.814], [-71.2334, 46.8139], [-71.2336, 46.8138], [-71.2338, 46.8137], [-71.2341, 46.8137], [-71.2344, 46.8136], [-71.2347, 46.8135], [-71.235, 46.8134], [-71.2352, 46.8132], [-71.2354, 46.8131], [-71.2356, 46.813], [-71.2357, 46.8128], [-71.2359, 46.8127], [-71.2359, 46.8125], [-71.236, 46.8124]]]}}, {"type": "Feature", "properties": {"couche": "aire_marche", "station": "Jean-Paul-L'Allier", "ordre": 22, "minutes": 15, "superficie_ha": 242.2, "rue_km": 100.16, "disque_ha": 346.4, "part_disque_pct": 70, "accroche_m": 10, "population": 18888, "navetteurs": 6408, "mode_auto_pct": 40, "mode_tc_pct": 22, "mode_actif_pct": 37, "mode_autre_pct": 1}, "geometry": {"type": "Polygon", "coordinates": [[[-71.2367, 46.8129], [-71.2366, 46.8131], [-71.2364, 46.8132], [-71.2362, 46.8133], [-71.2359, 46.8135], [-71.2356, 46.8136], [-71.2353, 46.8136], [-71.2349, 46.8137], [-71.2345, 46.8138], [-71.2341, 46.8138], [-71.2338, 46.8139], [-71.2336, 46.8139], [-71.2334, 46.814], [-71.2332, 46.8141], [-71.2331, 46.8141], [-71.2331, 46.8142], [-71.2331, 46.8143], [-71.2331, 46.8144], [-71.2332, 46.8144], [-71.2333, 46.8145], [-71.2334, 46.8145], [-71.2336, 46.8145], [-71.2337, 46.8145], [-71.2339, 46.8144], [-71.234, 46.8144], [-71.2342, 46.8144], [-71.2343, 46.8145], [-71.2345, 46.8145], [-71.2346, 46.8146], [-71.2348, 46.8146], [-71.2349, 46.8147], [-71.235, 46.8148], [-71.2351, 46.8149], [-71.2352, 46.815], [-71.2353, 46.8152], [-71.2353, 46.8153], [-71.2353, 46.8155], [-71.2353, 46.8156], [-71.2353, 46.8158], [-71.2352, 46.816], [-71.2351, 46.8162], [-71.235, 46.8163], [-71.2349, 46.8164], [-71.2348, 46.8165], [-71.2346, 46.8165], [-71.2345, 46.8165], [-71.2343, 46.8165], [-71.2341, 46.8165], [-71.234, 46.8165], [-71.2338, 46.8164], [-71.2337, 46.8164], [-71.2336, 46.8164], [-71.2335, 46.8165], [-71.2334, 46.8165], [-71.2333, 46.8165], [-71.2333, 46.8166], [-71.2333, 46.8167], [-71.2334, 46.8168], [-71.2335, 46.8168], [-71.2337, 46.8168], [-71.2338, 46.8169], [-71.234, 46.8169], [-71.2341, 46.817], [-71.2342, 46.817], [-71.2343, 46.8171], [-71.2344, 46.8172], [-71.2344, 46.8173], [-71.2344, 46.8174], [-71.2343, 46.8174], [-71.2343, 46.8175], [-71.2341, 46.8175], [-71.234, 46.8175], [-71.2338, 46.8175], [-71.2336, 46.8175], [-71.2334, 46.8175], [-71.2332, 46.8176], [-71.2331, 46.8176], [-71.233, 46.8176], [-71.233, 46.8177], [-71.233, 46.8178], [-71.2331, 46.8179], [-71.2332, 46.8181], [-71.2333, 46.8182], [-71.2334, 46.8183], [-71.2335, 46.8184], [-71.2336, 46.8185], [-71.2336, 46.8186], [-71.2337, 46.8187], [-71.2337, 46.8189], [-71.2337, 46.819], [-71.2336, 46.8191], [-71.2335, 46.8192], [-71.2334, 46.8193], [-71.2332, 46.8193], [-71.233, 46.8193], [-71.2328, 46.8193], [-71.2326, 46.8192], [-71.2324, 46.8192], [-71.2322, 46.8193], [-71.232, 46.8193], [-71.2319, 46.8193], [-71.2319, 46.8194], [-71.2318, 46.8195], [-71.2318, 46.8196], [-71.2318, 46.8197], [-71.2318, 46.8198], [-71.2318, 46.8199], [-71.2318, 46.82], [-71.2317, 46.82], [-71.2317, 46.8201], [-71.2316, 46.8201], [-71.2315, 46.8201], [-71.2313, 46.8201], [-71.2312, 46.8201], [-71.2311, 46.8201], [-71.231, 46.8201], [-71.2308, 46.8202], [-71.2307, 46.8202], [-71.2306, 46.8203], [-71.2305, 46.8203], [-71.2304, 46.8204], [-71.2302, 46.8205], [-71.23, 46.8205], [-71.2298, 46.8205], [-71.2295, 46.8204], [-71.2293, 46.8203], [-71.2289, 46.8202], [-71.2286, 46.8201], [-71.2282, 46.8199], [-71.2278, 46.8197], [-71.2275, 46.8196], [-71.2271, 46.8195], [-71.2268, 46.8194], [-71.2265, 46.8193], [-71.2262, 46.8192], [-71.2259, 46.8192], [-71.2256, 46.8192], [-71.2253, 46.8191], [-71.2251, 46.8191], [-71.2249, 46.8191], [-71.2247, 46.8191], [-71.2246, 46.8191], [-71.2245, 46.8191], [-71.2244, 46.8191], [-71.2244, 46.8192], [-71.2246, 46.8192], [-71.2247, 46.8192], [-71.2249, 46.8192], [-71.2251, 46.8192], [-71.2253, 46.8192], [-71.2255, 46.8193], [-71.2256, 46.8193], [-71.2258, 46.8193], [-71.2259, 46.8194], [-71.226, 46.8194], [-71.226, 46.8195], [-71.2261, 46.8195], [-71.2261, 46.8196], [-71.2261, 46.8197], [-71.226, 46.8197], [-71.226, 46.8198], [-71.2259, 46.8198], [-71.2258, 46.8199], [-71.2256, 46.8199], [-71.2254, 46.8199], [-71.2253, 46.82], [-71.2252, 46.8201], [-71.2251, 46.8201], [-71.225, 46.8202], [-71.225, 46.8203], [-71.225, 46.8204], [-71.2251, 46.8205], [-71.2252, 46.8206], [-71.2252, 46.8207], [-71.2252, 46.8208], [-71.2251, 46.8209], [-71.225, 46.821], [-71.2249, 46.821], [-71.2248, 46.821], [-71.2247, 46.821], [-71.2245, 46.821], [-71.2243, 46.821], [-71.224, 46.8209], [-71.2237, 46.8208], [-71.2234, 46.8207], [-71.2231, 46.8206], [-71.2228, 46.8205], [-71.2226, 46.8204], [-71.2224, 46.8203], [-71.2223, 46.8202], [-71.2223, 46.8201], [-71.2223, 46.8199], [-71.2224, 46.8198], [-71.2225, 46.8197], [-71.2226, 46.8196], [-71.2227, 46.8196], [-71.2226, 46.8195], [-71.2225, 46.8195], [-71.2224, 46.8196], [-71.2221, 46.8196], [-71.2219, 46.8197], [-71.2215, 46.8198], [-71.2211, 46.8198], [-71.2208, 46.8199], [-71.2204, 46.8199], [-71.22, 46.8199], [-71.2196, 46.8198], [-71.2192, 46.8198], [-71.2187, 46.8197], [-71.2183, 46.8195], [-71.2179, 46.8194], [-71.2175, 46.8193], [-71.2172, 46.8192], [-71.217, 46.8191], [-71.2168, 46.819], [-71.2167, 46.8189], [-71.2166, 46.8188], [-71.2165, 46.8188], [-71.2165, 46.8187], [-71.2164, 46.8187], [-71.2163, 46.8187], [-71.2163, 46.8188], [-71.2162, 46.8189], [-71.2162, 46.819], [-71.2162, 46.8191], [-71.2161, 46.8192], [-71.2161, 46.8193], [-71.216, 46.8194], [-71.2159, 46.8195], [-71.2158, 46.8196], [-71.2157, 46.8196], [-71.2156, 46.8196], [-71.2155, 46.8196], [-71.2154, 46.8195], [-71.2152, 46.8194], [-71.2151, 46.8193], [-71.215, 46.8191], [-71.2148, 46.8189], [-71.2147, 46.8187], [-71.2145, 46.8185], [-71.2143, 46.8183], [-71.2141, 46.8182], [-71.214, 46.8181], [-71.2138, 46.818], [-71.2135, 46.8179], [-71.2133, 46.8179], [-71.2131, 46.8179], [-71.2129, 46.8179], [-71.2127, 46.8178], [-71.2125, 46.8178], [-71.2123, 46.8177], [-71.2121, 46.8176], [-71.2119, 46.8175], [-71.2118, 46.8174], [-71.2116, 46.8173], [-71.2115, 46.8172], [-71.2114, 46.8171], [-71.2113, 46.8169], [-71.2113, 46.8168], [-71.2113, 46.8166], [-71.2113, 46.8164], [-71.2113, 46.8162], [-71.2114, 46.816], [-71.2115, 46.8158], [-71.2116, 46.8157], [-71.2117, 46.8156], [-71.2118, 46.8154], [-71.212, 46.8153], [-71.2121, 46.8153], [-71.2123, 46.8152], [-71.2125, 46.8152], [-71.2127, 46.8152], [-71.2129, 46.8151], [-71.2131, 46.8151], [-71.2133, 46.815], [-71.2135, 46.815], [-71.2137, 46.8149], [-71.2139, 46.8148], [-71.2141, 46.8147], [-71.2143, 46.8147], [-71.2144, 46.8146], [-71.2145, 46.8145], [-71.2146, 46.8144], [-71.2147, 46.8144], [-71.2147, 46.8143], [-71.2147, 46.8142], [-71.2146, 46.8142], [-71.2145, 46.8141], [-71.2144, 46.8142], [-71.2143, 46.8142], [-71.2142, 46.8143], [-71.2141, 46.8143], [-71.214, 46.8144], [-71.2139, 46.8145], [-71.2138, 46.8146], [-71.2136, 46.8146], [-71.2135, 46.8146], [-71.2133, 46.8147], [-71.2131, 46.8146], [-71.213, 46.8146], [-71.2128, 46.8146], [-71.2126, 46.8145], [-71.2125, 46.8143], [-71.2124, 46.8141], [-71.2123, 46.8138], [-71.2123, 46.8134], [-71.2124, 46.813], [-71.2124, 46.8125], [-71.2126, 46.812], [-71.2127, 46.8115], [-71.2128, 46.8111], [-71.213, 46.8107], [-71.2132, 46.8104], [-71.2133, 46.8102], [-71.2135, 46.81], [-71.2137, 46.8098], [-71.214, 46.8098], [-71.2142, 46.8097], [-71.2144, 46.8095], [-71.2147, 46.8093], [-71.215, 46.8091], [-71.2152, 46.8089], [-71.2155, 46.8086], [-71.2158, 46.8083], [-71.2161, 46.8079], [-71.2164, 46.8076], [-71.2166, 46.8073], [-71.2169, 46.8071], [-71.2171, 46.8069], [-71.2173, 46.8068], [-71.2175, 46.8068], [-71.2176, 46.8068], [-71.2178, 46.8068], [-71.218, 46.8068], [-71.2181, 46.8068], [-71.2183, 46.8067], [-71.2185, 46.8066], [-71.2187, 46.8065], [-71.2189, 46.8063], [-71.2191, 46.8061], [-71.2193, 46.8058], [-71.2195, 46.8056], [-71.2196, 46.8055], [-71.2198, 46.8054], [-71.22, 46.8053], [-71.2201, 46.8052], [-71.2202, 46.8052], [-71.2203, 46.8052], [-71.2204, 46.8053], [-71.2206, 46.8053], [-71.2207, 46.8054], [-71.2208, 46.8054], [-71.2209, 46.8054], [-71.221, 46.8055], [-71.2211, 46.8054], [-71.2213, 46.8054], [-71.2214, 46.8054], [-71.2215, 46.8054], [-71.2216, 46.8054], [-71.2217, 46.8054], [-71.2218, 46.8055], [-71.2218, 46.8056], [-71.2218, 46.8057], [-71.2218, 46.8059], [-71.2218, 46.806], [-71.2219, 46.8061], [-71.222, 46.8061], [-71.2221, 46.806], [-71.2222, 46.806], [-71.2223, 46.8059], [-71.2224, 46.8058], [-71.2225, 46.8058], [-71.2226, 46.8057], [-71.2228, 46.8057], [-71.2229, 46.8056], [-71.223, 46.8056], [-71.2231, 46.8056], [-71.2233, 46.8056], [-71.2234, 46.8056], [-71.2235, 46.8056], [-71.2236, 46.8057], [-71.2237, 46.8057], [-71.2238, 46.8058], [-71.2239, 46.8059], [-71.2239, 46.806], [-71.224, 46.8061], [-71.2241, 46.8061], [-71.2242, 46.8062], [-71.2243, 46.8062], [-71.2244, 46.8061], [-71.2245, 46.8061], [-71.2246, 46.8061], [-71.2248, 46.806], [-71.2249, 46.806], [-71.2251, 46.806], [-71.2252, 46.806], [-71.2254, 46.8061], [-71.2256, 46.8062], [-71.2257, 46.8062], [-71.2259, 46.8064], [-71.2261, 46.8064], [-71.2263, 46.8065], [-71.2265, 46.8065], [-71.2266, 46.8066], [-71.2268, 46.8066], [-71.2269, 46.8066], [-71.227, 46.8065], [-71.2271, 46.8065], [-71.2273, 46.8064], [-71.2276, 46.8065], [-71.228, 46.8065], [-71.2285, 46.8066], [-71.2291, 46.8067], [-71.2297, 46.8068], [-71.2305, 46.807], [-71.2313, 46.8072], [-71.2321, 46.8074], [-71.2327, 46.8076], [-71.2332, 46.8077], [-71.2337, 46.8079], [-71.234, 46.808], [-71.2342, 46.8081], [-71.2344, 46.8083], [-71.2345, 46.8084], [-71.2345, 46.8085], [-71.2346, 46.8086], [-71.2347, 46.8086], [-71.2349, 46.8087], [-71.235, 46.8088], [-71.2352, 46.8088], [-71.2354, 46.8089], [-71.2356, 46.8089], [-71.2358, 46.809], [-71.2359, 46.8091], [-71.236, 46.8093], [-71.2361, 46.8094], [-71.2361, 46.8096], [-71.2362, 46.8098], [-71.2362, 46.81], [-71.2362, 46.8102], [-71.2362, 46.8104], [-71.2363, 46.8106], [-71.2363, 46.8108], [-71.2364, 46.811], [-71.2365, 46.8112], [-71.2366, 46.8113], [-71.2367, 46.8115], [-71.2368, 46.8117], [-71.2369, 46.8118], [-71.2369, 46.812], [-71.2369, 46.8122], [-71.2369, 46.8124], [-71.2369, 46.8125], [-71.2368, 46.8127], [-71.2367, 46.8129]]]}}, {"type": "Feature", "properties": {"couche": "voile", "station": "Jean-Paul-L'Allier", "minutes": 15}, "geometry": {"type": "Polygon", "coordinates": [[[-71.3961, 46.9277], [-71.0552, 46.9299], [-71.0528, 46.6982], [-71.3922, 46.696], [-71.3961, 46.9277]], [[-71.2368, 46.8127], [-71.2369, 46.8125], [-71.2369, 46.8124], [-71.2369, 46.8122], [-71.2369, 46.812], [-71.2369, 46.8118], [-71.2368, 46.8117], [-71.2367, 46.8115], [-71.2366, 46.8113], [-71.2365, 46.8112], [-71.2364, 46.811], [-71.2363, 46.8108], [-71.2363, 46.8106], [-71.2362, 46.8104], [-71.2362, 46.8102], [-71.2362, 46.81], [-71.2362, 46.8098], [-71.2361, 46.8096], [-71.2361, 46.8094], [-71.236, 46.8093], [-71.2359, 46.8091], [-71.2358, 46.809], [-71.2356, 46.8089], [-71.2354, 46.8089], [-71.2352, 46.8088], [-71.235, 46.8088], [-71.2349, 46.8087], [-71.2347, 46.8086], [-71.2346, 46.8086], [-71.2345, 46.8085], [-71.2345, 46.8084], [-71.2344, 46.8083], [-71.2342, 46.8081], [-71.234, 46.808], [-71.2337, 46.8079], [-71.2332, 46.8077], [-71.2327, 46.8076], [-71.2321, 46.8074], [-71.2313, 46.8072], [-71.2305, 46.807], [-71.2297, 46.8068], [-71.2291, 46.8067], [-71.2285, 46.8066], [-71.228, 46.8065], [-71.2276, 46.8065], [-71.2273, 46.8064], [-71.2271, 46.8065], [-71.227, 46.8065], [-71.2269, 46.8066], [-71.2268, 46.8066], [-71.2266, 46.8066], [-71.2265, 46.8065], [-71.2263, 46.8065], [-71.2261, 46.8064], [-71.2259, 46.8064], [-71.2257, 46.8062], [-71.2256, 46.8062], [-71.2254, 46.8061], [-71.2252, 46.806], [-71.2251, 46.806], [-71.2249, 46.806], [-71.2248, 46.806], [-71.2246, 46.8061], [-71.2245, 46.8061], [-71.2244, 46.8061], [-71.2243, 46.8062], [-71.2242, 46.8062], [-71.2241, 46.8061], [-71.224, 46.8061], [-71.2239, 46.806], [-71.2239, 46.8059], [-71.2238, 46.8058], [-71.2237, 46.8057], [-71.2236, 46.8057], [-71.2235, 46.8056], [-71.2234, 46.8056], [-71.2233, 46.8056], [-71.2231, 46.8056], [-71.223, 46.8056], [-71.2229, 46.8056], [-71.2228, 46.8057], [-71.2226, 46.8057], [-71.2225, 46.8058], [-71.2224, 46.8058], [-71.2223, 46.8059], [-71.2222, 46.806], [-71.2221, 46.806], [-71.222, 46.8061], [-71.2219, 46.8061], [-71.2218, 46.806], [-71.2218, 46.8059], [-71.2218, 46.8057], [-71.2218, 46.8056], [-71.2218, 46.8055], [-71.2217, 46.8054], [-71.2216, 46.8054], [-71.2215, 46.8054], [-71.2214, 46.8054], [-71.2213, 46.8054], [-71.2211, 46.8054], [-71.221, 46.8055], [-71.2209, 46.8054], [-71.2208, 46.8054], [-71.2207, 46.8054], [-71.2206, 46.8053], [-71.2204, 46.8053], [-71.2203, 46.8052], [-71.2202, 46.8052], [-71.2201, 46.8052], [-71.22, 46.8053], [-71.2198, 46.8054], [-71.2196, 46.8055], [-71.2195, 46.8056], [-71.2193, 46.8058], [-71.2191, 46.8061], [-71.2189, 46.8063], [-71.2187, 46.8065], [-71.2185, 46.8066], [-71.2183, 46.8067], [-71.2181, 46.8068], [-71.218, 46.8068], [-71.2178, 46.8068], [-71.2176, 46.8068], [-71.2175, 46.8068], [-71.2173, 46.8068], [-71.2171, 46.8069], [-71.2169, 46.8071], [-71.2166, 46.8073], [-71.2164, 46.8076], [-71.2161, 46.8079], [-71.2158, 46.8083], [-71.2155, 46.8086], [-71.2152, 46.8089], [-71.215, 46.8091], [-71.2147, 46.8093], [-71.2144, 46.8095], [-71.2142, 46.8097], [-71.214, 46.8098], [-71.2137, 46.8098], [-71.2135, 46.81], [-71.2133, 46.8102], [-71.2132, 46.8104], [-71.213, 46.8107], [-71.2128, 46.8111], [-71.2127, 46.8115], [-71.2126, 46.812], [-71.2124, 46.8125], [-71.2124, 46.813], [-71.2123, 46.8134], [-71.2123, 46.8138], [-71.2124, 46.8141], [-71.2125, 46.8143], [-71.2126, 46.8145], [-71.2128, 46.8146], [-71.213, 46.8146], [-71.2131, 46.8146], [-71.2133, 46.8147], [-71.2135, 46.8146], [-71.2136, 46.8146], [-71.2138, 46.8146], [-71.2139, 46.8145], [-71.214, 46.8144], [-71.2141, 46.8143], [-71.2142, 46.8143], [-71.2143, 46.8142], [-71.2144, 46.8142], [-71.2145, 46.8141], [-71.2146, 46.8142], [-71.2147, 46.8142], [-71.2147, 46.8143], [-71.2147, 46.8144], [-71.2146, 46.8144], [-71.2145, 46.8145], [-71.2144, 46.8146], [-71.2143, 46.8147], [-71.2141, 46.8147], [-71.2139, 46.8148], [-71.2137, 46.8149], [-71.2135, 46.815], [-71.2133, 46.815], [-71.2131, 46.8151], [-71.2129, 46.8151], [-71.2127, 46.8152], [-71.2125, 46.8152], [-71.2123, 46.8152], [-71.2121, 46.8153], [-71.212, 46.8153], [-71.2118, 46.8154], [-71.2117, 46.8156], [-71.2116, 46.8157], [-71.2115, 46.8158], [-71.2114, 46.816], [-71.2113, 46.8162], [-71.2113, 46.8164], [-71.2113, 46.8166], [-71.2113, 46.8168], [-71.2113, 46.8169], [-71.2114, 46.8171], [-71.2115, 46.8172], [-71.2116, 46.8173], [-71.2118, 46.8174], [-71.2119, 46.8175], [-71.2121, 46.8176], [-71.2123, 46.8177], [-71.2125, 46.8178], [-71.2127, 46.8178], [-71.2129, 46.8179], [-71.2131, 46.8179], [-71.2133, 46.8179], [-71.2135, 46.8179], [-71.2138, 46.818], [-71.214, 46.8181], [-71.2141, 46.8182], [-71.2143, 46.8183], [-71.2145, 46.8185], [-71.2147, 46.8187], [-71.2148, 46.8189], [-71.215, 46.8191], [-71.2151, 46.8193], [-71.2152, 46.8194], [-71.2154, 46.8195], [-71.2155, 46.8196], [-71.2156, 46.8196], [-71.2157, 46.8196], [-71.2158, 46.8196], [-71.2159, 46.8195], [-71.216, 46.8194], [-71.2161, 46.8193], [-71.2161, 46.8192], [-71.2162, 46.8191], [-71.2162, 46.819], [-71.2162, 46.8189], [-71.2163, 46.8188], [-71.2163, 46.8187], [-71.2164, 46.8187], [-71.2165, 46.8187], [-71.2165, 46.8188], [-71.2166, 46.8188], [-71.2167, 46.8189], [-71.2168, 46.819], [-71.217, 46.8191], [-71.2172, 46.8192], [-71.2175, 46.8193], [-71.2179, 46.8194], [-71.2183, 46.8195], [-71.2187, 46.8197], [-71.2192, 46.8198], [-71.2196, 46.8198], [-71.22, 46.8199], [-71.2204, 46.8199], [-71.2208, 46.8199], [-71.2211, 46.8198], [-71.2215, 46.8198], [-71.2219, 46.8197], [-71.2221, 46.8196], [-71.2224, 46.8196], [-71.2225, 46.8195], [-71.2226, 46.8195], [-71.2227, 46.8196], [-71.2226, 46.8196], [-71.2225, 46.8197], [-71.2224, 46.8198], [-71.2223, 46.8199], [-71.2223, 46.8201], [-71.2223, 46.8202], [-71.2224, 46.8203], [-71.2226, 46.8204], [-71.2228, 46.8205], [-71.2231, 46.8206], [-71.2234, 46.8207], [-71.2237, 46.8208], [-71.224, 46.8209], [-71.2243, 46.821], [-71.2245, 46.821], [-71.2247, 46.821], [-71.2248, 46.821], [-71.2249, 46.821], [-71.225, 46.821], [-71.2251, 46.8209], [-71.2252, 46.8208], [-71.2252, 46.8207], [-71.2252, 46.8206], [-71.2251, 46.8205], [-71.225, 46.8204], [-71.225, 46.8203], [-71.225, 46.8202], [-71.2251, 46.8201], [-71.2252, 46.8201], [-71.2253, 46.82], [-71.2254, 46.8199], [-71.2256, 46.8199], [-71.2258, 46.8199], [-71.2259, 46.8198], [-71.226, 46.8198], [-71.226, 46.8197], [-71.2261, 46.8197], [-71.2261, 46.8196], [-71.2261, 46.8195], [-71.226, 46.8195], [-71.226, 46.8194], [-71.2259, 46.8194], [-71.2258, 46.8193], [-71.2256, 46.8193], [-71.2255, 46.8193], [-71.2253, 46.8192], [-71.2251, 46.8192], [-71.2249, 46.8192], [-71.2247, 46.8192], [-71.2246, 46.8192], [-71.2244, 46.8192], [-71.2244, 46.8191], [-71.2245, 46.8191], [-71.2246, 46.8191], [-71.2247, 46.8191], [-71.2249, 46.8191], [-71.2251, 46.8191], [-71.2253, 46.8191], [-71.2256, 46.8192], [-71.2259, 46.8192], [-71.2262, 46.8192], [-71.2265, 46.8193], [-71.2268, 46.8194], [-71.2271, 46.8195], [-71.2275, 46.8196], [-71.2278, 46.8197], [-71.2282, 46.8199], [-71.2286, 46.8201], [-71.2289, 46.8202], [-71.2293, 46.8203], [-71.2295, 46.8204], [-71.2298, 46.8205], [-71.23, 46.8205], [-71.2302, 46.8205], [-71.2304, 46.8204], [-71.2305, 46.8203], [-71.2306, 46.8203], [-71.2307, 46.8202], [-71.2308, 46.8202], [-71.231, 46.8201], [-71.2311, 46.8201], [-71.2312, 46.8201], [-71.2313, 46.8201], [-71.2315, 46.8201], [-71.2316, 46.8201], [-71.2317, 46.8201], [-71.2317, 46.82], [-71.2318, 46.82], [-71.2318, 46.8199], [-71.2318, 46.8198], [-71.2318, 46.8197], [-71.2318, 46.8196], [-71.2318, 46.8195], [-71.2319, 46.8194], [-71.2319, 46.8193], [-71.232, 46.8193], [-71.2322, 46.8193], [-71.2324, 46.8192], [-71.2326, 46.8192], [-71.2328, 46.8193], [-71.233, 46.8193], [-71.2332, 46.8193], [-71.2334, 46.8193], [-71.2335, 46.8192], [-71.2336, 46.8191], [-71.2337, 46.819], [-71.2337, 46.8189], [-71.2337, 46.8187], [-71.2336, 46.8186], [-71.2336, 46.8185], [-71.2335, 46.8184], [-71.2334, 46.8183], [-71.2333, 46.8182], [-71.2332, 46.8181], [-71.2331, 46.8179], [-71.233, 46.8178], [-71.233, 46.8177], [-71.233, 46.8176], [-71.2331, 46.8176], [-71.2332, 46.8176], [-71.2334, 46.8175], [-71.2336, 46.8175], [-71.2338, 46.8175], [-71.234, 46.8175], [-71.2341, 46.8175], [-71.2343, 46.8175], [-71.2343, 46.8174], [-71.2344, 46.8174], [-71.2344, 46.8173], [-71.2344, 46.8172], [-71.2343, 46.8171], [-71.2342, 46.817], [-71.2341, 46.817], [-71.234, 46.8169], [-71.2338, 46.8169], [-71.2337, 46.8168], [-71.2335, 46.8168], [-71.2334, 46.8168], [-71.2333, 46.8167], [-71.2333, 46.8166], [-71.2333, 46.8165], [-71.2334, 46.8165], [-71.2335, 46.8165], [-71.2336, 46.8164], [-71.2337, 46.8164], [-71.2338, 46.8164], [-71.234, 46.8165], [-71.2341, 46.8165], [-71.2343, 46.8165], [-71.2345, 46.8165], [-71.2346, 46.8165], [-71.2348, 46.8165], [-71.2349, 46.8164], [-71.235, 46.8163], [-71.2351, 46.8162], [-71.2352, 46.816], [-71.2353, 46.8158], [-71.2353, 46.8156], [-71.2353, 46.8155], [-71.2353, 46.8153], [-71.2353, 46.8152], [-71.2352, 46.815], [-71.2351, 46.8149], [-71.235, 46.8148], [-71.2349, 46.8147], [-71.2348, 46.8146], [-71.2346, 46.8146], [-71.2345, 46.8145], [-71.2343, 46.8145], [-71.2342, 46.8144], [-71.234, 46.8144], [-71.2339, 46.8144], [-71.2337, 46.8145], [-71.2336, 46.8145], [-71.2334, 46.8145], [-71.2333, 46.8145], [-71.2332, 46.8144], [-71.2331, 46.8144], [-71.2331, 46.8143], [-71.2331, 46.8142], [-71.2331, 46.8141], [-71.2332, 46.8141], [-71.2334, 46.814], [-71.2336, 46.8139], [-71.2338, 46.8139], [-71.2341, 46.8138], [-71.2345, 46.8138], [-71.2349, 46.8137], [-71.2353, 46.8136], [-71.2356, 46.8136], [-71.2359, 46.8135], [-71.2362, 46.8133], [-71.2364, 46.8132], [-71.2366, 46.8131], [-71.2367, 46.8129], [-71.2368, 46.8127]]]}}]}