{"type": "FeatureCollection", "metadata": {"script": "scripts/analysis/tramway-isochrones.py", "genere_le": "2026-10-05", "source": "OpenStreetMap (ODbL) ; Statistique Canada, Recensement 2021", "attribution": "© les contributeurs d'OpenStreetMap", "titre": "Aires de marche et voiles — Maguire", "paliers_min": [2, 3, 4, 5, 6, 7, 8, 9, 10, 11, 12, 13, 14, 15], "vitesse_kmh": 4.2, "methode": "Dijkstra sur le réseau marchable d'OpenStreetMap à 4.2 km/h ; couloir de 40 m autour des rues atteintes. Chaque voile est le complément de l'aire du même palier. Population par pondération de surface des aires de diffusion.", "trous": "comblés — intérieurs de grands îlots, pas des zones inaccessibles", "modes": "Mode de transport domicile–travail, recensement 2021 (mai 2021, en pleine pandémie), données-échantillon 25 %, réparti par pondération de surface."}, "features": [{"type": "Feature", "properties": {"couche": "aire_marche", "station": "Maguire", "ordre": 14, "minutes": 2, "superficie_ha": 5.6, "rue_km": 1.36, "disque_ha": 6.2, "part_disque_pct": 91, "accroche_m": 0, "population": 267, "navetteurs": 70, "mode_auto_pct": 64, "mode_tc_pct": 19, "mode_actif_pct": 17, "mode_autre_pct": 0}, "geometry": {"type": "Polygon", "coordinates": [[[-71.2595, 46.7858], [-71.2594, 46.7859], [-71.2593, 46.786], [-71.2593, 46.7861], [-71.2593, 46.7862], [-71.2593, 46.7863], [-71.2594, 46.7863], [-71.2595, 46.7864], [-71.2595, 46.7865], [-71.2595, 46.7866], [-71.2596, 46.7866], [-71.2596, 46.7867], [-71.2596, 46.7868], [-71.2595, 46.7869], [-71.2595, 46.787], [-71.2595, 46.7872], [-71.2594, 46.7873], [-71.2592, 46.7873], [-71.2591, 46.7874], [-71.2588, 46.7874], [-71.2586, 46.7875], [-71.2583, 46.7875], [-71.2579, 46.7875], [-71.2575, 46.7875], [-71.2572, 46.7874], [-71.2568, 46.7874], [-71.2566, 46.7873], [-71.2564, 46.7873], [-71.2562, 46.7872], [-71.2561, 46.7872], [-71.2561, 46.7871], [-71.2561, 46.787], [-71.2561, 46.7869], [-71.2562, 46.7868], [-71.2563, 46.7867], [-71.2564, 46.7866], [-71.2565, 46.7866], [-71.2567, 46.7865], [-71.2568, 46.7865], [-71.2569, 46.7864], [-71.2569, 46.7863], [-71.2568, 46.7863], [-71.2567, 46.7863], [-71.2566, 46.7863], [-71.2565, 46.7862], [-71.2564, 46.7862], [-71.2563, 46.7861], [-71.2563, 46.786], [-71.2563, 46.7858], [-71.2563, 46.7857], [-71.2563, 46.7856], [-71.2564, 46.7854], [-71.2564, 46.7853], [-71.2565, 46.7853], [-71.2566, 46.7852], [-71.2567, 46.7852], [-71.2568, 46.7852], [-71.257, 46.7853], [-71.2571, 46.7853], [-71.2573, 46.7854], [-71.2574, 46.7854], [-71.2576, 46.7854], [-71.2578, 46.7854], [-71.258, 46.7854], [-71.2582, 46.7854], [-71.2584, 46.7853], [-71.2586, 46.7853], [-71.2588, 46.7853], [-71.259, 46.7852], [-71.2591, 46.7852], [-71.2593, 46.7852], [-71.2594, 46.7852], [-71.2595, 46.7853], [-71.2596, 46.7854], [-71.2596, 46.7855], [-71.2596, 46.7856], [-71.2596, 46.7857], [-71.2595, 46.7858]]]}}, {"type": "Feature", "properties": {"couche": "voile", "station": "Maguire", "minutes": 2}, "geometry": {"type": "Polygon", "coordinates": [[[-71.4186, 46.8943], [-71.1001, 46.8964], [-71.0977, 46.6782], [-71.4149, 46.6761], [-71.4186, 46.8943]], [[-71.2596, 46.7857], [-71.2596, 46.7856], [-71.2596, 46.7855], [-71.2596, 46.7854], [-71.2595, 46.7853], [-71.2594, 46.7852], [-71.2593, 46.7852], [-71.2591, 46.7852], [-71.259, 46.7852], [-71.2588, 46.7853], [-71.2586, 46.7853], [-71.2584, 46.7853], [-71.2582, 46.7854], [-71.258, 46.7854], [-71.2578, 46.7854], [-71.2576, 46.7854], [-71.2574, 46.7854], [-71.2573, 46.7854], [-71.2571, 46.7853], [-71.257, 46.7853], [-71.2568, 46.7852], [-71.2567, 46.7852], [-71.2566, 46.7852], [-71.2565, 46.7853], [-71.2564, 46.7853], [-71.2564, 46.7854], [-71.2563, 46.7856], [-71.2563, 46.7857], [-71.2563, 46.7858], [-71.2563, 46.786], [-71.2563, 46.7861], [-71.2564, 46.7862], [-71.2565, 46.7862], [-71.2566, 46.7863], [-71.2567, 46.7863], [-71.2568, 46.7863], [-71.2569, 46.7863], [-71.2569, 46.7864], [-71.2568, 46.7865], [-71.2567, 46.7865], [-71.2565, 46.7866], [-71.2564, 46.7866], [-71.2563, 46.7867], [-71.2562, 46.7868], [-71.2561, 46.7869], [-71.2561, 46.787], [-71.2561, 46.7871], [-71.2561, 46.7872], [-71.2562, 46.7872], [-71.2564, 46.7873], [-71.2566, 46.7873], [-71.2568, 46.7874], [-71.2572, 46.7874], [-71.2575, 46.7875], [-71.2579, 46.7875], [-71.2583, 46.7875], [-71.2586, 46.7875], [-71.2588, 46.7874], [-71.2591, 46.7874], [-71.2592, 46.7873], [-71.2594, 46.7873], [-71.2595, 46.7872], [-71.2595, 46.787], [-71.2595, 46.7869], [-71.2596, 46.7868], [-71.2596, 46.7867], [-71.2596, 46.7866], [-71.2595, 46.7866], [-71.2595, 46.7865], [-71.2595, 46.7864], [-71.2594, 46.7863], [-71.2593, 46.7863], [-71.2593, 46.7862], [-71.2593, 46.7861], [-71.2593, 46.786], [-71.2594, 46.7859], [-71.2595, 46.7858], [-71.2596, 46.7857]]]}}, {"type": "Feature", "properties": {"couche": "aire_marche", "station": "Maguire", "ordre": 14, "minutes": 3, "superficie_ha": 10.3, "rue_km": 2.31, "disque_ha": 13.9, "part_disque_pct": 74, "accroche_m": 0, "population": 472, "navetteurs": 125, "mode_auto_pct": 65, "mode_tc_pct": 18, "mode_actif_pct": 17, "mode_autre_pct": 0}, "geometry": {"type": "Polygon", "coordinates": [[[-71.2599, 46.7856], [-71.2597, 46.7857], [-71.2596, 46.7858], [-71.2595, 46.7859], [-71.2595, 46.7861], [-71.2595, 46.7862], [-71.2595, 46.7863], [-71.2595, 46.7864], [-71.2596, 46.7865], [-71.2598, 46.7866], [-71.2599, 46.7867], [-71.26, 46.7869], [-71.2601, 46.787], [-71.2601, 46.7871], [-71.2601, 46.7872], [-71.2601, 46.7873], [-71.2601, 46.7875], [-71.2601, 46.7876], [-71.26, 46.7877], [-71.2599, 46.7878], [-71.2598, 46.7879], [-71.2597, 46.7879], [-71.2595, 46.788], [-71.2593, 46.788], [-71.2592, 46.7881], [-71.2589, 46.7881], [-71.2587, 46.7881], [-71.2585, 46.788], [-71.2584, 46.788], [-71.2582, 46.7879], [-71.258, 46.7879], [-71.2579, 46.7878], [-71.2578, 46.7877], [-71.2576, 46.7876], [-71.2575, 46.7875], [-71.2574, 46.7874], [-71.2572, 46.7874], [-71.257, 46.7874], [-71.2569, 46.7874], [-71.2567, 46.7874], [-71.2564, 46.7875], [-71.2562, 46.7875], [-71.256, 46.7876], [-71.2558, 46.7876], [-71.2557, 46.7876], [-71.2555, 46.7876], [-71.2554, 46.7876], [-71.2553, 46.7876], [-71.2553, 46.7875], [-71.2552, 46.7874], [-71.2552, 46.7873], [-71.2552, 46.7872], [-71.2552, 46.787], [-71.2552, 46.7869], [-71.2553, 46.7867], [-71.2554, 46.7865], [-71.2555, 46.7863], [-71.2556, 46.7861], [-71.2557, 46.7859], [-71.2558, 46.7858], [-71.2559, 46.7856], [-71.2559, 46.7854], [-71.256, 46.7853], [-71.256, 46.7852], [-71.256, 46.785], [-71.2559, 46.7849], [-71.2559, 46.7848], [-71.256, 46.7847], [-71.256, 46.7846], [-71.2561, 46.7846], [-71.2562, 46.7846], [-71.2564, 46.7846], [-71.2565, 46.7846], [-71.2566, 46.7846], [-71.2567, 46.7847], [-71.2568, 46.7847], [-71.2569, 46.7848], [-71.257, 46.7849], [-71.2571, 46.785], [-71.2572, 46.7851], [-71.2574, 46.7852], [-71.2575, 46.7853], [-71.2576, 46.7853], [-71.2578, 46.7853], [-71.2579, 46.7853], [-71.2581, 46.7852], [-71.2582, 46.7851], [-71.2584, 46.785], [-71.2586, 46.7849], [-71.2588, 46.7848], [-71.2589, 46.7848], [-71.2591, 46.7848], [-71.2593, 46.7848], [-71.2595, 46.7848], [-71.2596, 46.7848], [-71.2598, 46.7849], [-71.26, 46.785], [-71.26, 46.7851], [-71.2601, 46.7852], [-71.2601, 46.7853], [-71.2601, 46.7854], [-71.26, 46.7855], [-71.2599, 46.7856]]]}}, {"type": "Feature", "properties": {"couche": "voile", "station": "Maguire", "minutes": 3}, "geometry": {"type": "Polygon", "coordinates": [[[-71.4191, 46.8949], [-71.0992, 46.897], [-71.0968, 46.6776], [-71.4154, 46.6755], [-71.4191, 46.8949]], [[-71.26, 46.7855], [-71.2601, 46.7854], [-71.2601, 46.7853], [-71.2601, 46.7852], [-71.26, 46.7851], [-71.26, 46.785], [-71.2598, 46.7849], [-71.2596, 46.7848], [-71.2595, 46.7848], [-71.2593, 46.7848], [-71.2591, 46.7848], [-71.2589, 46.7848], [-71.2588, 46.7848], [-71.2586, 46.7849], [-71.2584, 46.785], [-71.2582, 46.7851], [-71.2581, 46.7852], [-71.2579, 46.7853], [-71.2578, 46.7853], [-71.2576, 46.7853], [-71.2575, 46.7853], [-71.2574, 46.7852], [-71.2572, 46.7851], [-71.2571, 46.785], [-71.257, 46.7849], [-71.2569, 46.7848], [-71.2568, 46.7847], [-71.2567, 46.7847], [-71.2566, 46.7846], [-71.2565, 46.7846], [-71.2564, 46.7846], [-71.2562, 46.7846], [-71.2561, 46.7846], [-71.256, 46.7846], [-71.256, 46.7847], [-71.2559, 46.7848], [-71.2559, 46.7849], [-71.256, 46.785], [-71.256, 46.7852], [-71.256, 46.7853], [-71.2559, 46.7854], [-71.2559, 46.7856], [-71.2558, 46.7858], [-71.2557, 46.7859], [-71.2556, 46.7861], [-71.2555, 46.7863], [-71.2554, 46.7865], [-71.2553, 46.7867], [-71.2552, 46.7869], [-71.2552, 46.787], [-71.2552, 46.7872], [-71.2552, 46.7873], [-71.2552, 46.7874], [-71.2553, 46.7875], [-71.2553, 46.7876], [-71.2554, 46.7876], [-71.2555, 46.7876], [-71.2557, 46.7876], [-71.2558, 46.7876], [-71.256, 46.7876], [-71.2562, 46.7875], [-71.2564, 46.7875], [-71.2567, 46.7874], [-71.2569, 46.7874], [-71.257, 46.7874], [-71.2572, 46.7874], [-71.2574, 46.7874], [-71.2575, 46.7875], [-71.2576, 46.7876], [-71.2578, 46.7877], [-71.2579, 46.7878], [-71.258, 46.7879], [-71.2582, 46.7879], [-71.2584, 46.788], [-71.2585, 46.788], [-71.2587, 46.7881], [-71.2589, 46.7881], [-71.2592, 46.7881], [-71.2593, 46.788], [-71.2595, 46.788], [-71.2597, 46.7879], [-71.2598, 46.7879], [-71.2599, 46.7878], [-71.26, 46.7877], [-71.2601, 46.7876], [-71.2601, 46.7875], [-71.2601, 46.7873], [-71.2601, 46.7872], [-71.2601, 46.7871], [-71.2601, 46.787], [-71.26, 46.7869], [-71.2599, 46.7867], [-71.2598, 46.7866], [-71.2596, 46.7865], [-71.2595, 46.7864], [-71.2595, 46.7863], [-71.2595, 46.7862], [-71.2595, 46.7861], [-71.2595, 46.7859], [-71.2596, 46.7858], [-71.2597, 46.7857], [-71.2599, 46.7856], [-71.26, 46.7855]]]}}, {"type": "Feature", "properties": {"couche": "aire_marche", "station": "Maguire", "ordre": 14, "minutes": 4, "superficie_ha": 16.9, "rue_km": 3.64, "disque_ha": 24.6, "part_disque_pct": 69, "accroche_m": 0, "population": 749, "navetteurs": 192, "mode_auto_pct": 66, "mode_tc_pct": 18, "mode_actif_pct": 16, "mode_autre_pct": 0}, "geometry": {"type": "Polygon", "coordinates": [[[-71.2608, 46.785], [-71.2608, 46.7853], [-71.2608, 46.7854], [-71.2608, 46.7856], [-71.2607, 46.7857], [-71.2607, 46.7858], [-71.2606, 46.7858], [-71.2605, 46.7859], [-71.2604, 46.7859], [-71.2603, 46.7858], [-71.2601, 46.7858], [-71.26, 46.7858], [-71.2599, 46.7858], [-71.2598, 46.7858], [-71.2597, 46.7858], [-71.2596, 46.7859], [-71.2595, 46.7859], [-71.2594, 46.7859], [-71.2594, 46.786], [-71.2594, 46.7861], [-71.2594, 46.7862], [-71.2595, 46.7863], [-71.2595, 46.7864], [-71.2596, 46.7865], [-71.2598, 46.7866], [-71.2599, 46.7867], [-71.26, 46.7869], [-71.2601, 46.787], [-71.2602, 46.7872], [-71.2603, 46.7873], [-71.2604, 46.7875], [-71.2604, 46.7877], [-71.2604, 46.7878], [-71.2604, 46.788], [-71.2604, 46.7881], [-71.2603, 46.7883], [-71.2602, 46.7884], [-71.2601, 46.7884], [-71.26, 46.7885], [-71.2598, 46.7885], [-71.2595, 46.7885], [-71.2593, 46.7885], [-71.2591, 46.7885], [-71.2589, 46.7884], [-71.2587, 46.7883], [-71.2585, 46.7882], [-71.2583, 46.7881], [-71.2581, 46.788], [-71.2579, 46.7878], [-71.2577, 46.7877], [-71.2575, 46.7876], [-71.2574, 46.7875], [-71.2572, 46.7875], [-71.2571, 46.7875], [-71.2569, 46.7876], [-71.2568, 46.7877], [-71.2567, 46.7878], [-71.2566, 46.788], [-71.2565, 46.7881], [-71.2563, 46.7882], [-71.2562, 46.7882], [-71.256, 46.7883], [-71.2558, 46.7883], [-71.2556, 46.7883], [-71.2554, 46.7883], [-71.2553, 46.7883], [-71.2551, 46.7882], [-71.255, 46.7882], [-71.255, 46.7881], [-71.2549, 46.7881], [-71.2549, 46.788], [-71.2549, 46.7879], [-71.255, 46.7878], [-71.255, 46.7877], [-71.255, 46.7876], [-71.2549, 46.7876], [-71.2549, 46.7875], [-71.2548, 46.7874], [-71.2547, 46.7874], [-71.2546, 46.7874], [-71.2545, 46.7873], [-71.2545, 46.7872], [-71.2544, 46.7871], [-71.2545, 46.7869], [-71.2545, 46.7867], [-71.2546, 46.7865], [-71.2548, 46.7862], [-71.2549, 46.7859], [-71.2551, 46.7857], [-71.2552, 46.7854], [-71.2553, 46.7852], [-71.2554, 46.785], [-71.2554, 46.7848], [-71.2554, 46.7847], [-71.2554, 46.7846], [-71.2554, 46.7845], [-71.2554, 46.7844], [-71.2554, 46.7843], [-71.2555, 46.7842], [-71.2556, 46.7842], [-71.2558, 46.7842], [-71.256, 46.7841], [-71.2562, 46.7841], [-71.2565, 46.7842], [-71.2567, 46.7842], [-71.2569, 46.7842], [-71.2571, 46.7843], [-71.2572, 46.7843], [-71.2573, 46.7844], [-71.2573, 46.7845], [-71.2573, 46.7846], [-71.2572, 46.7847], [-71.2571, 46.7848], [-71.2571, 46.7849], [-71.2572, 46.785], [-71.2572, 46.7851], [-71.2572, 46.7852], [-71.2573, 46.7852], [-71.2574, 46.7853], [-71.2575, 46.7853], [-71.2576, 46.7853], [-71.2577, 46.7853], [-71.2578, 46.7852], [-71.2579, 46.785], [-71.258, 46.7849], [-71.258, 46.7847], [-71.2582, 46.7846], [-71.2583, 46.7844], [-71.2585, 46.7843], [-71.2587, 46.7843], [-71.2589, 46.7842], [-71.2592, 46.7842], [-71.2594, 46.7842], [-71.2598, 46.7842], [-71.26, 46.7843], [-71.2602, 46.7843], [-71.2604, 46.7844], [-71.2606, 46.7846], [-71.2607, 46.7847], [-71.2608, 46.7849], [-71.2608, 46.785]]]}}, {"type": "Feature", "properties": {"couche": "voile", "station": "Maguire", "minutes": 4}, "geometry": {"type": "Polygon", "coordinates": [[[-71.4198, 46.8953], [-71.0985, 46.8974], [-71.096, 46.6771], [-71.4161, 46.675], [-71.4198, 46.8953]], [[-71.2608, 46.7849], [-71.2607, 46.7847], [-71.2606, 46.7846], [-71.2604, 46.7844], [-71.2602, 46.7843], [-71.26, 46.7843], [-71.2598, 46.7842], [-71.2594, 46.7842], [-71.2592, 46.7842], [-71.2589, 46.7842], [-71.2587, 46.7843], [-71.2585, 46.7843], [-71.2583, 46.7844], [-71.2582, 46.7846], [-71.258, 46.7847], [-71.258, 46.7849], [-71.2579, 46.785], [-71.2578, 46.7852], [-71.2577, 46.7853], [-71.2576, 46.7853], [-71.2575, 46.7853], [-71.2574, 46.7853], [-71.2573, 46.7852], [-71.2572, 46.7852], [-71.2572, 46.7851], [-71.2572, 46.785], [-71.2571, 46.7849], [-71.2571, 46.7848], [-71.2572, 46.7847], [-71.2573, 46.7846], [-71.2573, 46.7845], [-71.2573, 46.7844], [-71.2572, 46.7843], [-71.2571, 46.7843], [-71.2569, 46.7842], [-71.2567, 46.7842], [-71.2565, 46.7842], [-71.2562, 46.7841], [-71.256, 46.7841], [-71.2558, 46.7842], [-71.2556, 46.7842], [-71.2555, 46.7842], [-71.2554, 46.7843], [-71.2554, 46.7844], [-71.2554, 46.7845], [-71.2554, 46.7846], [-71.2554, 46.7847], [-71.2554, 46.7848], [-71.2554, 46.785], [-71.2553, 46.7852], [-71.2552, 46.7854], [-71.2551, 46.7857], [-71.2549, 46.7859], [-71.2548, 46.7862], [-71.2546, 46.7865], [-71.2545, 46.7867], [-71.2545, 46.7869], [-71.2544, 46.7871], [-71.2545, 46.7872], [-71.2545, 46.7873], [-71.2546, 46.7874], [-71.2547, 46.7874], [-71.2548, 46.7874], [-71.2549, 46.7875], [-71.2549, 46.7876], [-71.255, 46.7876], [-71.255, 46.7877], [-71.255, 46.7878], [-71.2549, 46.7879], [-71.2549, 46.788], [-71.2549, 46.7881], [-71.255, 46.7881], [-71.255, 46.7882], [-71.2551, 46.7882], [-71.2553, 46.7883], [-71.2554, 46.7883], [-71.2556, 46.7883], [-71.2558, 46.7883], [-71.256, 46.7883], [-71.2562, 46.7882], [-71.2563, 46.7882], [-71.2565, 46.7881], [-71.2566, 46.788], [-71.2567, 46.7878], [-71.2568, 46.7877], [-71.2569, 46.7876], [-71.2571, 46.7875], [-71.2572, 46.7875], [-71.2574, 46.7875], [-71.2575, 46.7876], [-71.2577, 46.7877], [-71.2579, 46.7878], [-71.2581, 46.788], [-71.2583, 46.7881], [-71.2585, 46.7882], [-71.2587, 46.7883], [-71.2589, 46.7884], [-71.2591, 46.7885], [-71.2593, 46.7885], [-71.2595, 46.7885], [-71.2598, 46.7885], [-71.26, 46.7885], [-71.2601, 46.7884], [-71.2602, 46.7884], [-71.2603, 46.7883], [-71.2604, 46.7881], [-71.2604, 46.788], [-71.2604, 46.7878], [-71.2604, 46.7877], [-71.2604, 46.7875], [-71.2603, 46.7873], [-71.2602, 46.7872], [-71.2601, 46.787], [-71.26, 46.7869], [-71.2599, 46.7867], [-71.2598, 46.7866], [-71.2596, 46.7865], [-71.2595, 46.7864], [-71.2595, 46.7863], [-71.2594, 46.7862], [-71.2594, 46.7861], [-71.2594, 46.786], [-71.2594, 46.7859], [-71.2595, 46.7859], [-71.2596, 46.7859], [-71.2597, 46.7858], [-71.2598, 46.7858], [-71.2599, 46.7858], [-71.26, 46.7858], [-71.2601, 46.7858], [-71.2603, 46.7858], [-71.2604, 46.7859], [-71.2605, 46.7859], [-71.2606, 46.7858], [-71.2607, 46.7858], [-71.2607, 46.7857], [-71.2608, 46.7856], [-71.2608, 46.7854], [-71.2608, 46.7853], [-71.2608, 46.785], [-71.2608, 46.7849]]]}}, {"type": "Feature", "properties": {"couche": "aire_marche", "station": "Maguire", "ordre": 14, "minutes": 5, "superficie_ha": 26.7, "rue_km": 5.83, "disque_ha": 38.5, "part_disque_pct": 69, "accroche_m": 0, "population": 1157, "navetteurs": 295, "mode_auto_pct": 65, "mode_tc_pct": 18, "mode_actif_pct": 16, "mode_autre_pct": 1}, "geometry": {"type": "Polygon", "coordinates": [[[-71.2615, 46.7846], [-71.2614, 46.7847], [-71.2613, 46.7848], [-71.2613, 46.7849], [-71.2613, 46.785], [-71.2613, 46.7851], [-71.2614, 46.7852], [-71.2615, 46.7853], [-71.2615, 46.7854], [-71.2615, 46.7855], [-71.2616, 46.7856], [-71.2615, 46.7857], [-71.2615, 46.7858], [-71.2615, 46.7859], [-71.2614, 46.786], [-71.2613, 46.7861], [-71.2612, 46.7862], [-71.2611, 46.7863], [-71.261, 46.7864], [-71.2609, 46.7864], [-71.2608, 46.7865], [-71.2607, 46.7865], [-71.2606, 46.7865], [-71.2605, 46.7865], [-71.2604, 46.7865], [-71.2603, 46.7864], [-71.2602, 46.7864], [-71.2602, 46.7863], [-71.2601, 46.7863], [-71.26, 46.7862], [-71.26, 46.7861], [-71.2599, 46.786], [-71.2599, 46.7859], [-71.2598, 46.7859], [-71.2597, 46.7859], [-71.2596, 46.7859], [-71.2595, 46.7859], [-71.2594, 46.7859], [-71.2594, 46.786], [-71.2594, 46.7861], [-71.2594, 46.7862], [-71.2594, 46.7863], [-71.2595, 46.7864], [-71.2596, 46.7865], [-71.2598, 46.7866], [-71.2599, 46.7867], [-71.26, 46.7868], [-71.2601, 46.7869], [-71.2602, 46.787], [-71.2602, 46.7871], [-71.2602, 46.7872], [-71.2602, 46.7873], [-71.2602, 46.7874], [-71.2603, 46.7875], [-71.2604, 46.7876], [-71.2605, 46.7876], [-71.2606, 46.7876], [-71.2607, 46.7876], [-71.2609, 46.7876], [-71.261, 46.7876], [-71.2611, 46.7876], [-71.2612, 46.7877], [-71.2612, 46.7878], [-71.2613, 46.7879], [-71.2613, 46.788], [-71.2613, 46.7882], [-71.2612, 46.7884], [-71.2612, 46.7885], [-71.2611, 46.7886], [-71.261, 46.7888], [-71.2609, 46.7888], [-71.2607, 46.7889], [-71.2606, 46.789], [-71.2604, 46.789], [-71.2601, 46.789], [-71.2599, 46.789], [-71.2597, 46.7889], [-71.2594, 46.7888], [-71.2592, 46.7887], [-71.2589, 46.7886], [-71.2587, 46.7884], [-71.2584, 46.7882], [-71.2582, 46.788], [-71.2579, 46.7878], [-71.2577, 46.7877], [-71.2575, 46.7876], [-71.2574, 46.7876], [-71.2572, 46.7877], [-71.2572, 46.7878], [-71.2571, 46.7879], [-71.257, 46.7881], [-71.257, 46.7883], [-71.2568, 46.7884], [-71.2567, 46.7886], [-71.2565, 46.7887], [-71.2563, 46.7887], [-71.256, 46.7888], [-71.2557, 46.7888], [-71.2553, 46.7887], [-71.255, 46.7887], [-71.2548, 46.7886], [-71.2546, 46.7886], [-71.2545, 46.7885], [-71.2545, 46.7884], [-71.2545, 46.7883], [-71.2545, 46.7882], [-71.2547, 46.788], [-71.2548, 46.7879], [-71.2548, 46.7878], [-71.2548, 46.7877], [-71.2548, 46.7876], [-71.2547, 46.7876], [-71.2545, 46.7876], [-71.2543, 46.7877], [-71.2542, 46.7877], [-71.254, 46.7877], [-71.2539, 46.7877], [-71.2538, 46.7877], [-71.2537, 46.7876], [-71.2536, 46.7876], [-71.2535, 46.7876], [-71.2535, 46.7875], [-71.2534, 46.7875], [-71.2534, 46.7874], [-71.2535, 46.7873], [-71.2536, 46.7872], [-71.2537, 46.7872], [-71.2539, 46.7871], [-71.254, 46.7871], [-71.2541, 46.787], [-71.2541, 46.7869], [-71.2542, 46.7869], [-71.2542, 46.7868], [-71.2541, 46.7867], [-71.2541, 46.7866], [-71.254, 46.7865], [-71.254, 46.7864], [-71.254, 46.7862], [-71.254, 46.7861], [-71.2541, 46.786], [-71.2542, 46.7859], [-71.2543, 46.7858], [-71.2545, 46.7857], [-71.2546, 46.7855], [-71.2547, 46.7854], [-71.2548, 46.7854], [-71.2548, 46.7853], [-71.2548, 46.7852], [-71.2548, 46.7851], [-71.2547, 46.7851], [-71.2546, 46.7851], [-71.2546, 46.785], [-71.2545, 46.785], [-71.2545, 46.7849], [-71.2544, 46.7848], [-71.2544, 46.7847], [-71.2544, 46.7845], [-71.2545, 46.7844], [-71.2545, 46.7842], [-71.2546, 46.7841], [-71.2547, 46.7839], [-71.2548, 46.7838], [-71.2549, 46.7837], [-71.2551, 46.7837], [-71.2553, 46.7836], [-71.2555, 46.7836], [-71.2557, 46.7836], [-71.256, 46.7836], [-71.2561, 46.7837], [-71.2563, 46.7837], [-71.2565, 46.7837], [-71.2566, 46.7838], [-71.2567, 46.7838], [-71.2567, 46.7839], [-71.2568, 46.7839], [-71.2568, 46.784], [-71.2569, 46.784], [-71.257, 46.784], [-71.2571, 46.784], [-71.2572, 46.784], [-71.2573, 46.7839], [-71.2574, 46.7839], [-71.2576, 46.7839], [-71.2577, 46.7838], [-71.2579, 46.7838], [-71.2582, 46.7838], [-71.2585, 46.7838], [-71.2588, 46.7838], [-71.2591, 46.7838], [-71.2595, 46.7838], [-71.2599, 46.7838], [-71.2602, 46.7838], [-71.2605, 46.7838], [-71.2607, 46.7839], [-71.261, 46.7839], [-71.2611, 46.784], [-71.2613, 46.784], [-71.2614, 46.7841], [-71.2615, 46.7842], [-71.2616, 46.7843], [-71.2616, 46.7844], [-71.2616, 46.7845], [-71.2615, 46.7846]]]}}, {"type": "Feature", "properties": {"couche": "voile", "station": "Maguire", "minutes": 5}, "geometry": {"type": "Polygon", "coordinates": [[[-71.4207, 46.8958], [-71.0975, 46.8979], [-71.095, 46.6766], [-71.4169, 46.6745], [-71.4207, 46.8958]], [[-71.2616, 46.7845], [-71.2616, 46.7844], [-71.2616, 46.7843], [-71.2615, 46.7842], [-71.2614, 46.7841], [-71.2613, 46.784], [-71.2611, 46.784], [-71.261, 46.7839], [-71.2607, 46.7839], [-71.2605, 46.7838], [-71.2602, 46.7838], [-71.2599, 46.7838], [-71.2595, 46.7838], [-71.2591, 46.7838], [-71.2588, 46.7838], [-71.2585, 46.7838], [-71.2582, 46.7838], [-71.2579, 46.7838], [-71.2577, 46.7838], [-71.2576, 46.7839], [-71.2574, 46.7839], [-71.2573, 46.7839], [-71.2572, 46.784], [-71.2571, 46.784], [-71.257, 46.784], [-71.2569, 46.784], [-71.2568, 46.784], [-71.2568, 46.7839], [-71.2567, 46.7839], [-71.2567, 46.7838], [-71.2566, 46.7838], [-71.2565, 46.7837], [-71.2563, 46.7837], [-71.2561, 46.7837], [-71.256, 46.7836], [-71.2557, 46.7836], [-71.2555, 46.7836], [-71.2553, 46.7836], [-71.2551, 46.7837], [-71.2549, 46.7837], [-71.2548, 46.7838], [-71.2547, 46.7839], [-71.2546, 46.7841], [-71.2545, 46.7842], [-71.2545, 46.7844], [-71.2544, 46.7845], [-71.2544, 46.7847], [-71.2544, 46.7848], [-71.2545, 46.7849], [-71.2545, 46.785], [-71.2546, 46.785], [-71.2546, 46.7851], [-71.2547, 46.7851], [-71.2548, 46.7851], [-71.2548, 46.7852], [-71.2548, 46.7853], [-71.2548, 46.7854], [-71.2547, 46.7854], [-71.2546, 46.7855], [-71.2545, 46.7857], [-71.2543, 46.7858], [-71.2542, 46.7859], [-71.2541, 46.786], [-71.254, 46.7861], [-71.254, 46.7862], [-71.254, 46.7864], [-71.254, 46.7865], [-71.2541, 46.7866], [-71.2541, 46.7867], [-71.2542, 46.7868], [-71.2542, 46.7869], [-71.2541, 46.7869], [-71.2541, 46.787], [-71.254, 46.7871], [-71.2539, 46.7871], [-71.2537, 46.7872], [-71.2536, 46.7872], [-71.2535, 46.7873], [-71.2534, 46.7874], [-71.2534, 46.7875], [-71.2535, 46.7875], [-71.2535, 46.7876], [-71.2536, 46.7876], [-71.2537, 46.7876], [-71.2538, 46.7877], [-71.2539, 46.7877], [-71.254, 46.7877], [-71.2542, 46.7877], [-71.2543, 46.7877], [-71.2545, 46.7876], [-71.2547, 46.7876], [-71.2548, 46.7876], [-71.2548, 46.7877], [-71.2548, 46.7878], [-71.2548, 46.7879], [-71.2547, 46.788], [-71.2545, 46.7882], [-71.2545, 46.7883], [-71.2545, 46.7884], [-71.2545, 46.7885], [-71.2546, 46.7886], [-71.2548, 46.7886], [-71.255, 46.7887], [-71.2553, 46.7887], [-71.2557, 46.7888], [-71.256, 46.7888], [-71.2563, 46.7887], [-71.2565, 46.7887], [-71.2567, 46.7886], [-71.2568, 46.7884], [-71.257, 46.7883], [-71.257, 46.7881], [-71.2571, 46.7879], [-71.2572, 46.7878], [-71.2572, 46.7877], [-71.2574, 46.7876], [-71.2575, 46.7876], [-71.2577, 46.7877], [-71.2579, 46.7878], [-71.2582, 46.788], [-71.2584, 46.7882], [-71.2587, 46.7884], [-71.2589, 46.7886], [-71.2592, 46.7887], [-71.2594, 46.7888], [-71.2597, 46.7889], [-71.2599, 46.789], [-71.2601, 46.789], [-71.2604, 46.789], [-71.2606, 46.789], [-71.2607, 46.7889], [-71.2609, 46.7888], [-71.261, 46.7888], [-71.2611, 46.7886], [-71.2612, 46.7885], [-71.2612, 46.7884], [-71.2613, 46.7882], [-71.2613, 46.788], [-71.2613, 46.7879], [-71.2612, 46.7878], [-71.2612, 46.7877], [-71.2611, 46.7876], [-71.261, 46.7876], [-71.2609, 46.7876], [-71.2607, 46.7876], [-71.2606, 46.7876], [-71.2605, 46.7876], [-71.2604, 46.7876], [-71.2603, 46.7875], [-71.2602, 46.7874], [-71.2602, 46.7873], [-71.2602, 46.7872], [-71.2602, 46.7871], [-71.2602, 46.787], [-71.2601, 46.7869], [-71.26, 46.7868], [-71.2599, 46.7867], [-71.2598, 46.7866], [-71.2596, 46.7865], [-71.2595, 46.7864], [-71.2594, 46.7863], [-71.2594, 46.7862], [-71.2594, 46.7861], [-71.2594, 46.786], [-71.2594, 46.7859], [-71.2595, 46.7859], [-71.2596, 46.7859], [-71.2597, 46.7859], [-71.2598, 46.7859], [-71.2599, 46.7859], [-71.2599, 46.786], [-71.26, 46.7861], [-71.26, 46.7862], [-71.2601, 46.7863], [-71.2602, 46.7863], [-71.2602, 46.7864], [-71.2603, 46.7864], [-71.2604, 46.7865], [-71.2605, 46.7865], [-71.2606, 46.7865], [-71.2607, 46.7865], [-71.2608, 46.7865], [-71.2609, 46.7864], [-71.261, 46.7864], [-71.2611, 46.7863], [-71.2612, 46.7862], [-71.2613, 46.7861], [-71.2614, 46.786], [-71.2615, 46.7859], [-71.2615, 46.7858], [-71.2615, 46.7857], [-71.2616, 46.7856], [-71.2615, 46.7855], [-71.2615, 46.7854], [-71.2615, 46.7853], [-71.2614, 46.7852], [-71.2613, 46.7851], [-71.2613, 46.785], [-71.2613, 46.7849], [-71.2613, 46.7848], [-71.2614, 46.7847], [-71.2615, 46.7846], [-71.2616, 46.7845]]]}}, {"type": "Feature", "properties": {"couche": "aire_marche", "station": "Maguire", "ordre": 14, "minutes": 6, "superficie_ha": 37.5, "rue_km": 8.45, "disque_ha": 55.4, "part_disque_pct": 68, "accroche_m": 0, "population": 1634, "navetteurs": 421, "mode_auto_pct": 64, "mode_tc_pct": 18, "mode_actif_pct": 17, "mode_autre_pct": 1}, "geometry": {"type": "Polygon", "coordinates": [[[-71.2621, 46.7843], [-71.262, 46.7844], [-71.262, 46.7845], [-71.262, 46.7846], [-71.2621, 46.7846], [-71.2621, 46.7847], [-71.2622, 46.7847], [-71.2622, 46.7848], [-71.2623, 46.7848], [-71.2623, 46.7849], [-71.2622, 46.7849], [-71.2622, 46.785], [-71.2621, 46.7851], [-71.262, 46.7852], [-71.2619, 46.7853], [-71.2619, 46.7854], [-71.2619, 46.7855], [-71.2619, 46.7856], [-71.2619, 46.7857], [-71.262, 46.7858], [-71.262, 46.7859], [-71.2621, 46.786], [-71.262, 46.7861], [-71.2619, 46.7861], [-71.2618, 46.7861], [-71.2617, 46.7861], [-71.2615, 46.7861], [-71.2614, 46.7861], [-71.2612, 46.7861], [-71.2611, 46.7861], [-71.2611, 46.7862], [-71.2611, 46.7863], [-71.2612, 46.7864], [-71.2612, 46.7865], [-71.2613, 46.7867], [-71.2613, 46.7868], [-71.2614, 46.7868], [-71.2613, 46.7869], [-71.2613, 46.787], [-71.2612, 46.787], [-71.2611, 46.787], [-71.261, 46.787], [-71.2609, 46.7869], [-71.2608, 46.7869], [-71.2607, 46.7868], [-71.2606, 46.7867], [-71.2605, 46.7866], [-71.2604, 46.7864], [-71.2602, 46.7863], [-71.2601, 46.7861], [-71.26, 46.786], [-71.2599, 46.786], [-71.2598, 46.7859], [-71.2597, 46.7859], [-71.2596, 46.7859], [-71.2595, 46.7859], [-71.2594, 46.7859], [-71.2594, 46.786], [-71.2594, 46.7861], [-71.2594, 46.7862], [-71.2594, 46.7863], [-71.2595, 46.7864], [-71.2596, 46.7865], [-71.2598, 46.7866], [-71.2599, 46.7867], [-71.26, 46.7868], [-71.2601, 46.7869], [-71.2602, 46.787], [-71.2602, 46.7871], [-71.2602, 46.7872], [-71.2602, 46.7873], [-71.2602, 46.7874], [-71.2603, 46.7875], [-71.2604, 46.7875], [-71.2605, 46.7875], [-71.2606, 46.7874], [-71.2608, 46.7874], [-71.2609, 46.7873], [-71.261, 46.7873], [-71.2611, 46.7873], [-71.2612, 46.7873], [-71.2613, 46.7873], [-71.2615, 46.7873], [-71.2616, 46.7874], [-71.2617, 46.7874], [-71.2617, 46.7875], [-71.2618, 46.7876], [-71.2619, 46.7877], [-71.2618, 46.7877], [-71.2618, 46.7878], [-71.2618, 46.7879], [-71.2617, 46.7879], [-71.2616, 46.788], [-71.2616, 46.7881], [-71.2616, 46.7882], [-71.2616, 46.7883], [-71.2617, 46.7883], [-71.2618, 46.7884], [-71.2618, 46.7885], [-71.2619, 46.7885], [-71.2619, 46.7886], [-71.2619, 46.7887], [-71.2619, 46.7888], [-71.2619, 46.7889], [-71.2618, 46.789], [-71.2618, 46.7891], [-71.2617, 46.7892], [-71.2616, 46.7893], [-71.2615, 46.7894], [-71.2613, 46.7894], [-71.2612, 46.7894], [-71.261, 46.7895], [-71.2607, 46.7895], [-71.2605, 46.7894], [-71.2603, 46.7894], [-71.26, 46.7893], [-71.2598, 46.7892], [-71.2595, 46.7891], [-71.2593, 46.7889], [-71.259, 46.7887], [-71.2587, 46.7885], [-71.2585, 46.7883], [-71.2582, 46.7882], [-71.2581, 46.7881], [-71.2579, 46.788], [-71.2577, 46.7879], [-71.2576, 46.7878], [-71.2575, 46.7878], [-71.2574, 46.7878], [-71.2573, 46.7879], [-71.2572, 46.7879], [-71.2571, 46.7879], [-71.2571, 46.788], [-71.2572, 46.788], [-71.2573, 46.7881], [-71.2574, 46.7881], [-71.2575, 46.7881], [-71.2576, 46.7881], [-71.2577, 46.7882], [-71.2577, 46.7883], [-71.2578, 46.7884], [-71.2578, 46.7885], [-71.2578, 46.7886], [-71.2578, 46.7887], [-71.2577, 46.7888], [-71.2577, 46.7889], [-71.2576, 46.7889], [-71.2575, 46.789], [-71.2574, 46.7891], [-71.2573, 46.7892], [-71.2571, 46.7892], [-71.257, 46.7893], [-71.2568, 46.7893], [-71.2567, 46.7894], [-71.2565, 46.7894], [-71.2563, 46.7894], [-71.2562, 46.7894], [-71.256, 46.7893], [-71.2558, 46.7893], [-71.2557, 46.7892], [-71.2556, 46.7892], [-71.2555, 46.7891], [-71.2554, 46.7891], [-71.2553, 46.789], [-71.2553, 46.7889], [-71.2553, 46.7888], [-71.2552, 46.7887], [-71.2551, 46.7887], [-71.2549, 46.7886], [-71.2548, 46.7887], [-71.2546, 46.7887], [-71.2544, 46.7887], [-71.2542, 46.7888], [-71.254, 46.7889], [-71.2538, 46.7889], [-71.2537, 46.7889], [-71.2536, 46.7889], [-71.2535, 46.7888], [-71.2535, 46.7887], [-71.2535, 46.7886], [-71.2535, 46.7885], [-71.2535, 46.7884], [-71.2534, 46.7883], [-71.2534, 46.7882], [-71.2533, 46.7881], [-71.2532, 46.788], [-71.2531, 46.7879], [-71.253, 46.7878], [-71.2529, 46.7878], [-71.2528, 46.7877], [-71.2527, 46.7876], [-71.2527, 46.7875], [-71.2527, 46.7874], [-71.2528, 46.7873], [-71.2529, 46.7873], [-71.2531, 46.7872], [-71.2533, 46.7871], [-71.2535, 46.787], [-71.2536, 46.7869], [-71.2537, 46.7867], [-71.2538, 46.7866], [-71.2538, 46.7865], [-71.2538, 46.7864], [-71.2537, 46.7863], [-71.2536, 46.7862], [-71.2535, 46.7861], [-71.2535, 46.786], [-71.2534, 46.7858], [-71.2535, 46.7856], [-71.2535, 46.7854], [-71.2536, 46.7852], [-71.2537, 46.785], [-71.2538, 46.7848], [-71.254, 46.7845], [-71.2541, 46.7843], [-71.2541, 46.7841], [-71.2542, 46.784], [-71.2542, 46.7838], [-71.2542, 46.7837], [-71.2542, 46.7836], [-71.2542, 46.7835], [-71.2542, 46.7834], [-71.2542, 46.7833], [-71.2543, 46.7832], [-71.2544, 46.7832], [-71.2546, 46.7831], [-71.2547, 46.7831], [-71.2549, 46.7831], [-71.2551, 46.7831], [-71.2553, 46.7832], [-71.2554, 46.7832], [-71.2555, 46.7832], [-71.2556, 46.7833], [-71.2557, 46.7833], [-71.2557, 46.7834], [-71.2558, 46.7834], [-71.2558, 46.7835], [-71.2559, 46.7835], [-71.256, 46.7835], [-71.2561, 46.7835], [-71.2562, 46.7835], [-71.2563, 46.7835], [-71.2565, 46.7835], [-71.2566, 46.7834], [-71.2568, 46.7834], [-71.2569, 46.7834], [-71.2571, 46.7833], [-71.2572, 46.7834], [-71.2573, 46.7834], [-71.2574, 46.7835], [-71.2575, 46.7835], [-71.2575, 46.7836], [-71.2576, 46.7836], [-71.2577, 46.7836], [-71.2579, 46.7836], [-71.258, 46.7836], [-71.2582, 46.7836], [-71.2584, 46.7836], [-71.2587, 46.7835], [-71.2589, 46.7835], [-71.2591, 46.7835], [-71.2593, 46.7835], [-71.2594, 46.7835], [-71.2596, 46.7835], [-71.2597, 46.7835], [-71.2598, 46.7836], [-71.2599, 46.7836], [-71.26, 46.7837], [-71.2601, 46.7837], [-71.2602, 46.7837], [-71.2603, 46.7837], [-71.2604, 46.7837], [-71.2605, 46.7836], [-71.2606, 46.7836], [-71.2606, 46.7835], [-71.2607, 46.7834], [-71.2609, 46.7834], [-71.261, 46.7834], [-71.2611, 46.7834], [-71.2613, 46.7834], [-71.2615, 46.7835], [-71.2616, 46.7835], [-71.2618, 46.7837], [-71.262, 46.7837], [-71.2621, 46.7838], [-71.2622, 46.7839], [-71.2623, 46.784], [-71.2623, 46.7841], [-71.2623, 46.7842], [-71.2622, 46.7842], [-71.2621, 46.7843]]]}}, {"type": "Feature", "properties": {"couche": "voile", "station": "Maguire", "minutes": 6}, "geometry": {"type": "Polygon", "coordinates": [[[-71.4214, 46.8963], [-71.0968, 46.8984], [-71.0943, 46.6761], [-71.4176, 46.674], [-71.4214, 46.8963]], [[-71.2622, 46.7842], [-71.2623, 46.7842], [-71.2623, 46.7841], [-71.2623, 46.784], [-71.2622, 46.7839], [-71.2621, 46.7838], [-71.262, 46.7837], [-71.2618, 46.7837], [-71.2616, 46.7835], [-71.2615, 46.7835], [-71.2613, 46.7834], [-71.2611, 46.7834], [-71.261, 46.7834], [-71.2609, 46.7834], [-71.2607, 46.7834], [-71.2606, 46.7835], [-71.2606, 46.7836], [-71.2605, 46.7836], [-71.2604, 46.7837], [-71.2603, 46.7837], [-71.2602, 46.7837], [-71.2601, 46.7837], [-71.26, 46.7837], [-71.2599, 46.7836], [-71.2598, 46.7836], [-71.2597, 46.7835], [-71.2596, 46.7835], [-71.2594, 46.7835], [-71.2593, 46.7835], [-71.2591, 46.7835], [-71.2589, 46.7835], [-71.2587, 46.7835], [-71.2584, 46.7836], [-71.2582, 46.7836], [-71.258, 46.7836], [-71.2579, 46.7836], [-71.2577, 46.7836], [-71.2576, 46.7836], [-71.2575, 46.7836], [-71.2575, 46.7835], [-71.2574, 46.7835], [-71.2573, 46.7834], [-71.2572, 46.7834], [-71.2571, 46.7833], [-71.2569, 46.7834], [-71.2568, 46.7834], [-71.2566, 46.7834], [-71.2565, 46.7835], [-71.2563, 46.7835], [-71.2562, 46.7835], [-71.2561, 46.7835], [-71.256, 46.7835], [-71.2559, 46.7835], [-71.2558, 46.7835], [-71.2558, 46.7834], [-71.2557, 46.7834], [-71.2557, 46.7833], [-71.2556, 46.7833], [-71.2555, 46.7832], [-71.2554, 46.7832], [-71.2553, 46.7832], [-71.2551, 46.7831], [-71.2549, 46.7831], [-71.2547, 46.7831], [-71.2546, 46.7831], [-71.2544, 46.7832], [-71.2543, 46.7832], [-71.2542, 46.7833], [-71.2542, 46.7834], [-71.2542, 46.7835], [-71.2542, 46.7836], [-71.2542, 46.7837], [-71.2542, 46.7838], [-71.2542, 46.784], [-71.2541, 46.7841], [-71.2541, 46.7843], [-71.254, 46.7845], [-71.2538, 46.7848], [-71.2537, 46.785], [-71.2536, 46.7852], [-71.2535, 46.7854], [-71.2535, 46.7856], [-71.2534, 46.7858], [-71.2535, 46.786], [-71.2535, 46.7861], [-71.2536, 46.7862], [-71.2537, 46.7863], [-71.2538, 46.7864], [-71.2538, 46.7865], [-71.2538, 46.7866], [-71.2537, 46.7867], [-71.2536, 46.7869], [-71.2535, 46.787], [-71.2533, 46.7871], [-71.2531, 46.7872], [-71.2529, 46.7873], [-71.2528, 46.7873], [-71.2527, 46.7874], [-71.2527, 46.7875], [-71.2527, 46.7876], [-71.2528, 46.7877], [-71.2529, 46.7878], [-71.253, 46.7878], [-71.2531, 46.7879], [-71.2532, 46.788], [-71.2533, 46.7881], [-71.2534, 46.7882], [-71.2534, 46.7883], [-71.2535, 46.7884], [-71.2535, 46.7885], [-71.2535, 46.7886], [-71.2535, 46.7887], [-71.2535, 46.7888], [-71.2536, 46.7889], [-71.2537, 46.7889], [-71.2538, 46.7889], [-71.254, 46.7889], [-71.2542, 46.7888], [-71.2544, 46.7887], [-71.2546, 46.7887], [-71.2548, 46.7887], [-71.2549, 46.7886], [-71.2551, 46.7887], [-71.2552, 46.7887], [-71.2553, 46.7888], [-71.2553, 46.7889], [-71.2553, 46.789], [-71.2554, 46.7891], [-71.2555, 46.7891], [-71.2556, 46.7892], [-71.2557, 46.7892], [-71.2558, 46.7893], [-71.256, 46.7893], [-71.2562, 46.7894], [-71.2563, 46.7894], [-71.2565, 46.7894], [-71.2567, 46.7894], [-71.2568, 46.7893], [-71.257, 46.7893], [-71.2571, 46.7892], [-71.2573, 46.7892], [-71.2574, 46.7891], [-71.2575, 46.789], [-71.2576, 46.7889], [-71.2577, 46.7889], [-71.2577, 46.7888], [-71.2578, 46.7887], [-71.2578, 46.7886], [-71.2578, 46.7885], [-71.2578, 46.7884], [-71.2577, 46.7883], [-71.2577, 46.7882], [-71.2576, 46.7881], [-71.2575, 46.7881], [-71.2574, 46.7881], [-71.2573, 46.7881], [-71.2572, 46.788], [-71.2571, 46.788], [-71.2571, 46.7879], [-71.2572, 46.7879], [-71.2573, 46.7879], [-71.2574, 46.7878], [-71.2575, 46.7878], [-71.2576, 46.7878], [-71.2577, 46.7879], [-71.2579, 46.788], [-71.2581, 46.7881], [-71.2582, 46.7882], [-71.2585, 46.7883], [-71.2587, 46.7885], [-71.259, 46.7887], [-71.2593, 46.7889], [-71.2595, 46.7891], [-71.2598, 46.7892], [-71.26, 46.7893], [-71.2603, 46.7894], [-71.2605, 46.7894], [-71.2607, 46.7895], [-71.261, 46.7895], [-71.2612, 46.7894], [-71.2613, 46.7894], [-71.2615, 46.7894], [-71.2616, 46.7893], [-71.2617, 46.7892], [-71.2618, 46.7891], [-71.2618, 46.789], [-71.2619, 46.7889], [-71.2619, 46.7888], [-71.2619, 46.7887], [-71.2619, 46.7886], [-71.2619, 46.7885], [-71.2618, 46.7885], [-71.2618, 46.7884], [-71.2617, 46.7883], [-71.2616, 46.7883], [-71.2616, 46.7882], [-71.2616, 46.7881], [-71.2616, 46.788], [-71.2617, 46.7879], [-71.2618, 46.7879], [-71.2618, 46.7878], [-71.2618, 46.7877], [-71.2619, 46.7877], [-71.2618, 46.7876], [-71.2617, 46.7875], [-71.2617, 46.7874], [-71.2616, 46.7874], [-71.2615, 46.7873], [-71.2613, 46.7873], [-71.2612, 46.7873], [-71.2611, 46.7873], [-71.261, 46.7873], [-71.2609, 46.7873], [-71.2608, 46.7874], [-71.2606, 46.7874], [-71.2605, 46.7875], [-71.2604, 46.7875], [-71.2603, 46.7875], [-71.2602, 46.7874], [-71.2602, 46.7873], [-71.2602, 46.7872], [-71.2602, 46.7871], [-71.2602, 46.787], [-71.2601, 46.7869], [-71.26, 46.7868], [-71.2599, 46.7867], [-71.2598, 46.7866], [-71.2596, 46.7865], [-71.2595, 46.7864], [-71.2594, 46.7863], [-71.2594, 46.7862], [-71.2594, 46.7861], [-71.2594, 46.786], [-71.2594, 46.7859], [-71.2595, 46.7859], [-71.2596, 46.7859], [-71.2597, 46.7859], [-71.2598, 46.7859], [-71.2599, 46.786], [-71.26, 46.786], [-71.2601, 46.7861], [-71.2602, 46.7863], [-71.2604, 46.7864], [-71.2605, 46.7866], [-71.2606, 46.7867], [-71.2607, 46.7868], [-71.2608, 46.7869], [-71.2609, 46.7869], [-71.261, 46.787], [-71.2611, 46.787], [-71.2612, 46.787], [-71.2613, 46.787], [-71.2613, 46.7869], [-71.2614, 46.7868], [-71.2613, 46.7868], [-71.2613, 46.7867], [-71.2612, 46.7865], [-71.2612, 46.7864], [-71.2611, 46.7863], [-71.2611, 46.7862], [-71.2611, 46.7861], [-71.2612, 46.7861], [-71.2614, 46.7861], [-71.2615, 46.7861], [-71.2617, 46.7861], [-71.2618, 46.7861], [-71.2619, 46.7861], [-71.262, 46.7861], [-71.2621, 46.786], [-71.262, 46.7859], [-71.262, 46.7858], [-71.2619, 46.7857], [-71.2619, 46.7856], [-71.2619, 46.7855], [-71.2619, 46.7854], [-71.2619, 46.7853], [-71.262, 46.7852], [-71.2621, 46.7851], [-71.2622, 46.785], [-71.2622, 46.7849], [-71.2623, 46.7849], [-71.2623, 46.7848], [-71.2622, 46.7848], [-71.2622, 46.7847], [-71.2621, 46.7847], [-71.2621, 46.7846], [-71.262, 46.7846], [-71.262, 46.7845], [-71.262, 46.7844], [-71.2621, 46.7843], [-71.2622, 46.7842]]]}}, {"type": "Feature", "properties": {"couche": "aire_marche", "station": "Maguire", "ordre": 14, "minutes": 7, "superficie_ha": 50.7, "rue_km": 11.38, "disque_ha": 75.4, "part_disque_pct": 67, "accroche_m": 0, "population": 2209, "navetteurs": 573, "mode_auto_pct": 64, "mode_tc_pct": 18, "mode_actif_pct": 17, "mode_autre_pct": 1}, "geometry": {"type": "Polygon", "coordinates": [[[-71.2629, 46.7839], [-71.2628, 46.784], [-71.2628, 46.7842], [-71.2627, 46.7843], [-71.2627, 46.7844], [-71.2627, 46.7846], [-71.2628, 46.7848], [-71.2628, 46.785], [-71.2628, 46.7851], [-71.2628, 46.7853], [-71.2628, 46.7854], [-71.2627, 46.7854], [-71.2627, 46.7855], [-71.2626, 46.7855], [-71.2624, 46.7855], [-71.2623, 46.7855], [-71.2622, 46.7855], [-71.2621, 46.7855], [-71.262, 46.7856], [-71.262, 46.7857], [-71.2621, 46.7857], [-71.2621, 46.7859], [-71.2622, 46.786], [-71.2624, 46.7862], [-71.2624, 46.7863], [-71.2625, 46.7864], [-71.2624, 46.7865], [-71.2623, 46.7865], [-71.2622, 46.7865], [-71.262, 46.7864], [-71.2617, 46.7863], [-71.2616, 46.7862], [-71.2614, 46.7862], [-71.2614, 46.7863], [-71.2614, 46.7864], [-71.2614, 46.7865], [-71.2615, 46.7867], [-71.2617, 46.7869], [-71.2619, 46.7871], [-71.2621, 46.7874], [-71.2623, 46.7876], [-71.2624, 46.7878], [-71.2625, 46.788], [-71.2626, 46.7881], [-71.2626, 46.7883], [-71.2626, 46.7884], [-71.2626, 46.7885], [-71.2626, 46.7886], [-71.2625, 46.7887], [-71.2624, 46.7888], [-71.2623, 46.7888], [-71.2623, 46.7889], [-71.2622, 46.7889], [-71.2621, 46.7889], [-71.262, 46.7889], [-71.2619, 46.789], [-71.2619, 46.7891], [-71.262, 46.7892], [-71.262, 46.7893], [-71.2621, 46.7895], [-71.2621, 46.7896], [-71.2621, 46.7897], [-71.2621, 46.7898], [-71.262, 46.7898], [-71.2619, 46.7899], [-71.2617, 46.7899], [-71.2616, 46.7899], [-71.2613, 46.7899], [-71.2611, 46.7899], [-71.2609, 46.7899], [-71.2606, 46.7898], [-71.2604, 46.7897], [-71.2602, 46.7896], [-71.2599, 46.7895], [-71.2597, 46.7893], [-71.2594, 46.7891], [-71.2592, 46.7889], [-71.2589, 46.7889], [-71.2586, 46.7888], [-71.2584, 46.7888], [-71.2581, 46.7888], [-71.2578, 46.7889], [-71.2575, 46.7891], [-71.2571, 46.7892], [-71.2568, 46.7894], [-71.2565, 46.7895], [-71.2563, 46.7896], [-71.256, 46.7897], [-71.2558, 46.7897], [-71.2555, 46.7897], [-71.2553, 46.7896], [-71.2551, 46.7896], [-71.2549, 46.7895], [-71.2548, 46.7894], [-71.2547, 46.7893], [-71.2547, 46.7892], [-71.2547, 46.7891], [-71.2547, 46.789], [-71.2547, 46.7889], [-71.2546, 46.789], [-71.2545, 46.7891], [-71.2543, 46.7892], [-71.2542, 46.7893], [-71.254, 46.7894], [-71.2539, 46.7895], [-71.2537, 46.7895], [-71.2536, 46.7896], [-71.2534, 46.7896], [-71.2533, 46.7895], [-71.2531, 46.7895], [-71.253, 46.7895], [-71.253, 46.7894], [-71.2529, 46.7893], [-71.2529, 46.7891], [-71.2529, 46.789], [-71.2529, 46.7888], [-71.253, 46.7886], [-71.253, 46.7884], [-71.253, 46.7883], [-71.253, 46.7881], [-71.2529, 46.788], [-71.2528, 46.7879], [-71.2526, 46.7878], [-71.2524, 46.7878], [-71.2522, 46.7878], [-71.2521, 46.7877], [-71.252, 46.7877], [-71.252, 46.7876], [-71.252, 46.7875], [-71.2522, 46.7874], [-71.2524, 46.7873], [-71.2526, 46.7872], [-71.2529, 46.7871], [-71.2532, 46.787], [-71.2534, 46.7869], [-71.2535, 46.7868], [-71.2536, 46.7867], [-71.2536, 46.7866], [-71.2535, 46.7865], [-71.2534, 46.7863], [-71.2532, 46.7862], [-71.2531, 46.7861], [-71.2529, 46.786], [-71.2529, 46.7859], [-71.2529, 46.7857], [-71.2529, 46.7856], [-71.2529, 46.7854], [-71.253, 46.7852], [-71.2532, 46.785], [-71.2533, 46.7848], [-71.2534, 46.7846], [-71.2535, 46.7844], [-71.2535, 46.7842], [-71.2536, 46.784], [-71.2536, 46.7838], [-71.2536, 46.7836], [-71.2536, 46.7834], [-71.2536, 46.7832], [-71.2536, 46.783], [-71.2537, 46.7829], [-71.2537, 46.7828], [-71.2538, 46.7827], [-71.254, 46.7827], [-71.2541, 46.7826], [-71.2543, 46.7826], [-71.2544, 46.7827], [-71.2546, 46.7827], [-71.2547, 46.7827], [-71.2548, 46.7827], [-71.2548, 46.7828], [-71.2549, 46.7828], [-71.2549, 46.7829], [-71.2549, 46.783], [-71.255, 46.783], [-71.255, 46.7831], [-71.2551, 46.7831], [-71.2552, 46.7831], [-71.2553, 46.7831], [-71.2554, 46.7831], [-71.2555, 46.783], [-71.2556, 46.7829], [-71.2558, 46.7829], [-71.2559, 46.7829], [-71.256, 46.7828], [-71.2561, 46.7828], [-71.2562, 46.7829], [-71.2563, 46.7829], [-71.2564, 46.783], [-71.2564, 46.7831], [-71.2565, 46.7831], [-71.2566, 46.7831], [-71.2567, 46.7831], [-71.2568, 46.7831], [-71.2569, 46.7831], [-71.2571, 46.783], [-71.2572, 46.783], [-71.2573, 46.783], [-71.2574, 46.7829], [-71.2576, 46.7829], [-71.2577, 46.7829], [-71.2578, 46.783], [-71.2579, 46.783], [-71.258, 46.783], [-71.258, 46.7831], [-71.2581, 46.7832], [-71.2582, 46.7832], [-71.2583, 46.7832], [-71.2584, 46.7832], [-71.2586, 46.7832], [-71.2587, 46.7832], [-71.2588, 46.7832], [-71.259, 46.7831], [-71.2591, 46.7831], [-71.2592, 46.783], [-71.2593, 46.783], [-71.2594, 46.783], [-71.2595, 46.7831], [-71.2596, 46.7831], [-71.2596, 46.7832], [-71.2597, 46.7832], [-71.2598, 46.7832], [-71.2599, 46.7832], [-71.26, 46.7832], [-71.2601, 46.7832], [-71.2603, 46.7831], [-71.2604, 46.783], [-71.2606, 46.783], [-71.2608, 46.7829], [-71.2611, 46.7829], [-71.2613, 46.7828], [-71.2615, 46.7828], [-71.2617, 46.7829], [-71.262, 46.7829], [-71.2622, 46.783], [-71.2625, 46.7831], [-71.2627, 46.7833], [-71.2628, 46.7834], [-71.263, 46.7835], [-71.2631, 46.7835], [-71.2631, 46.7836], [-71.2631, 46.7837], [-71.263, 46.7838], [-71.2629, 46.7839]]]}}, {"type": "Feature", "properties": {"couche": "voile", "station": "Maguire", "minutes": 7}, "geometry": {"type": "Polygon", "coordinates": [[[-71.4222, 46.8967], [-71.0961, 46.8988], [-71.0936, 46.6756], [-71.4184, 46.6734], [-71.4222, 46.8967]], [[-71.263, 46.7838], [-71.2631, 46.7837], [-71.2631, 46.7836], [-71.2631, 46.7835], [-71.263, 46.7835], [-71.2628, 46.7834], [-71.2627, 46.7833], [-71.2625, 46.7831], [-71.2622, 46.783], [-71.262, 46.7829], [-71.2617, 46.7829], [-71.2615, 46.7828], [-71.2613, 46.7828], [-71.2611, 46.7829], [-71.2608, 46.7829], [-71.2606, 46.783], [-71.2604, 46.783], [-71.2603, 46.7831], [-71.2601, 46.7832], [-71.26, 46.7832], [-71.2599, 46.7832], [-71.2598, 46.7832], [-71.2597, 46.7832], [-71.2596, 46.7832], [-71.2596, 46.7831], [-71.2595, 46.7831], [-71.2594, 46.783], [-71.2593, 46.783], [-71.2592, 46.783], [-71.2591, 46.7831], [-71.259, 46.7831], [-71.2588, 46.7832], [-71.2587, 46.7832], [-71.2586, 46.7832], [-71.2584, 46.7832], [-71.2583, 46.7832], [-71.2582, 46.7832], [-71.2581, 46.7832], [-71.258, 46.7831], [-71.258, 46.783], [-71.2579, 46.783], [-71.2578, 46.783], [-71.2577, 46.7829], [-71.2576, 46.7829], [-71.2574, 46.7829], [-71.2573, 46.783], [-71.2572, 46.783], [-71.2571, 46.783], [-71.2569, 46.7831], [-71.2568, 46.7831], [-71.2567, 46.7831], [-71.2566, 46.7831], [-71.2565, 46.7831], [-71.2564, 46.7831], [-71.2564, 46.783], [-71.2563, 46.7829], [-71.2562, 46.7829], [-71.2561, 46.7828], [-71.256, 46.7828], [-71.2559, 46.7829], [-71.2558, 46.7829], [-71.2556, 46.7829], [-71.2555, 46.783], [-71.2554, 46.7831], [-71.2553, 46.7831], [-71.2552, 46.7831], [-71.2551, 46.7831], [-71.255, 46.7831], [-71.255, 46.783], [-71.2549, 46.783], [-71.2549, 46.7829], [-71.2549, 46.7828], [-71.2548, 46.7828], [-71.2548, 46.7827], [-71.2547, 46.7827], [-71.2546, 46.7827], [-71.2544, 46.7827], [-71.2543, 46.7826], [-71.2541, 46.7826], [-71.254, 46.7827], [-71.2538, 46.7827], [-71.2537, 46.7828], [-71.2537, 46.7829], [-71.2536, 46.783], [-71.2536, 46.7832], [-71.2536, 46.7834], [-71.2536, 46.7836], [-71.2536, 46.7838], [-71.2536, 46.784], [-71.2535, 46.7842], [-71.2535, 46.7844], [-71.2534, 46.7846], [-71.2533, 46.7848], [-71.2532, 46.785], [-71.253, 46.7852], [-71.2529, 46.7854], [-71.2529, 46.7856], [-71.2529, 46.7857], [-71.2529, 46.7859], [-71.2529, 46.786], [-71.2531, 46.7861], [-71.2532, 46.7862], [-71.2534, 46.7863], [-71.2535, 46.7865], [-71.2536, 46.7866], [-71.2536, 46.7867], [-71.2535, 46.7868], [-71.2534, 46.7869], [-71.2532, 46.787], [-71.2529, 46.7871], [-71.2526, 46.7872], [-71.2524, 46.7873], [-71.2522, 46.7874], [-71.252, 46.7875], [-71.252, 46.7876], [-71.252, 46.7877], [-71.2521, 46.7877], [-71.2522, 46.7878], [-71.2524, 46.7878], [-71.2526, 46.7878], [-71.2528, 46.7879], [-71.2529, 46.788], [-71.253, 46.7881], [-71.253, 46.7883], [-71.253, 46.7884], [-71.253, 46.7886], [-71.2529, 46.7888], [-71.2529, 46.789], [-71.2529, 46.7891], [-71.2529, 46.7893], [-71.253, 46.7894], [-71.253, 46.7895], [-71.2531, 46.7895], [-71.2533, 46.7895], [-71.2534, 46.7896], [-71.2536, 46.7896], [-71.2537, 46.7895], [-71.2539, 46.7895], [-71.254, 46.7894], [-71.2542, 46.7893], [-71.2543, 46.7892], [-71.2545, 46.7891], [-71.2546, 46.789], [-71.2547, 46.7889], [-71.2547, 46.789], [-71.2547, 46.7891], [-71.2547, 46.7892], [-71.2547, 46.7893], [-71.2548, 46.7894], [-71.2549, 46.7895], [-71.2551, 46.7896], [-71.2553, 46.7896], [-71.2555, 46.7897], [-71.2558, 46.7897], [-71.256, 46.7897], [-71.2563, 46.7896], [-71.2565, 46.7895], [-71.2568, 46.7894], [-71.2571, 46.7892], [-71.2575, 46.7891], [-71.2578, 46.7889], [-71.2581, 46.7888], [-71.2584, 46.7888], [-71.2586, 46.7888], [-71.2589, 46.7889], [-71.2592, 46.7889], [-71.2594, 46.7891], [-71.2597, 46.7893], [-71.2599, 46.7895], [-71.2602, 46.7896], [-71.2604, 46.7897], [-71.2606, 46.7898], [-71.2609, 46.7899], [-71.2611, 46.7899], [-71.2613, 46.7899], [-71.2616, 46.7899], [-71.2617, 46.7899], [-71.2619, 46.7899], [-71.262, 46.7898], [-71.2621, 46.7898], [-71.2621, 46.7897], [-71.2621, 46.7896], [-71.2621, 46.7895], [-71.262, 46.7893], [-71.262, 46.7892], [-71.2619, 46.7891], [-71.2619, 46.789], [-71.262, 46.7889], [-71.2621, 46.7889], [-71.2622, 46.7889], [-71.2623, 46.7889], [-71.2623, 46.7888], [-71.2624, 46.7888], [-71.2625, 46.7887], [-71.2626, 46.7886], [-71.2626, 46.7885], [-71.2626, 46.7884], [-71.2626, 46.7883], [-71.2626, 46.7881], [-71.2625, 46.788], [-71.2624, 46.7878], [-71.2623, 46.7876], [-71.2621, 46.7874], [-71.2619, 46.7871], [-71.2617, 46.7869], [-71.2615, 46.7867], [-71.2614, 46.7865], [-71.2614, 46.7864], [-71.2614, 46.7863], [-71.2614, 46.7862], [-71.2616, 46.7862], [-71.2617, 46.7863], [-71.262, 46.7864], [-71.2622, 46.7865], [-71.2623, 46.7865], [-71.2624, 46.7865], [-71.2625, 46.7864], [-71.2624, 46.7863], [-71.2624, 46.7862], [-71.2622, 46.786], [-71.2621, 46.7859], [-71.2621, 46.7857], [-71.262, 46.7857], [-71.262, 46.7856], [-71.2621, 46.7855], [-71.2622, 46.7855], [-71.2623, 46.7855], [-71.2624, 46.7855], [-71.2626, 46.7855], [-71.2627, 46.7855], [-71.2627, 46.7854], [-71.2628, 46.7854], [-71.2628, 46.7853], [-71.2628, 46.7851], [-71.2628, 46.785], [-71.2628, 46.7848], [-71.2627, 46.7846], [-71.2627, 46.7844], [-71.2627, 46.7843], [-71.2628, 46.7842], [-71.2628, 46.784], [-71.2629, 46.7839], [-71.263, 46.7838]]]}}, {"type": "Feature", "properties": {"couche": "aire_marche", "station": "Maguire", "ordre": 14, "minutes": 8, "superficie_ha": 66.9, "rue_km": 14.75, "disque_ha": 98.5, "part_disque_pct": 68, "accroche_m": 0, "population": 2858, "navetteurs": 753, "mode_auto_pct": 64, "mode_tc_pct": 18, "mode_actif_pct": 17, "mode_autre_pct": 1}, "geometry": {"type": "Polygon", "coordinates": [[[-71.2639, 46.7843], [-71.2638, 46.7845], [-71.2638, 46.7847], [-71.2637, 46.7848], [-71.2636, 46.7849], [-71.2635, 46.785], [-71.2634, 46.7851], [-71.2633, 46.7851], [-71.2632, 46.7851], [-71.2632, 46.7852], [-71.2631, 46.7852], [-71.2631, 46.7853], [-71.2631, 46.7854], [-71.2631, 46.7855], [-71.2632, 46.7856], [-71.2632, 46.7857], [-71.2633, 46.7858], [-71.2633, 46.7859], [-71.2632, 46.7859], [-71.2631, 46.7859], [-71.2629, 46.7859], [-71.2628, 46.7858], [-71.2625, 46.7857], [-71.2624, 46.7857], [-71.2622, 46.7857], [-71.2622, 46.7858], [-71.2622, 46.7859], [-71.2623, 46.786], [-71.2625, 46.7862], [-71.2627, 46.7864], [-71.2629, 46.7866], [-71.263, 46.7868], [-71.2631, 46.7869], [-71.2631, 46.787], [-71.2632, 46.7871], [-71.2632, 46.7872], [-71.2631, 46.7872], [-71.263, 46.7872], [-71.2629, 46.7872], [-71.2628, 46.7872], [-71.2626, 46.7871], [-71.2625, 46.7871], [-71.2623, 46.787], [-71.2621, 46.7868], [-71.2619, 46.7867], [-71.2617, 46.7865], [-71.2615, 46.7864], [-71.2617, 46.7866], [-71.2619, 46.7868], [-71.2621, 46.7869], [-71.2623, 46.7871], [-71.2625, 46.7872], [-71.2626, 46.7873], [-71.2628, 46.7874], [-71.2629, 46.7874], [-71.263, 46.7875], [-71.2631, 46.7875], [-71.2632, 46.7876], [-71.2633, 46.7876], [-71.2633, 46.7877], [-71.2633, 46.7878], [-71.2633, 46.7879], [-71.2633, 46.788], [-71.2633, 46.7881], [-71.2632, 46.7881], [-71.2632, 46.7882], [-71.2631, 46.7883], [-71.263, 46.7883], [-71.2629, 46.7883], [-71.2628, 46.7884], [-71.2627, 46.7884], [-71.2627, 46.7885], [-71.2627, 46.7886], [-71.2628, 46.7886], [-71.2628, 46.7887], [-71.2629, 46.7888], [-71.263, 46.7889], [-71.263, 46.789], [-71.263, 46.7891], [-71.2629, 46.7892], [-71.2628, 46.7892], [-71.2627, 46.7893], [-71.2626, 46.7894], [-71.2625, 46.7895], [-71.2625, 46.7896], [-71.2626, 46.7897], [-71.2626, 46.7898], [-71.2627, 46.79], [-71.2627, 46.7901], [-71.2627, 46.7902], [-71.2627, 46.7903], [-71.2626, 46.7903], [-71.2625, 46.7904], [-71.2623, 46.7904], [-71.2622, 46.7904], [-71.2619, 46.7904], [-71.2617, 46.7904], [-71.2615, 46.7904], [-71.2612, 46.7903], [-71.261, 46.7902], [-71.2608, 46.7901], [-71.2605, 46.7899], [-71.2603, 46.7898], [-71.26, 46.7896], [-71.2598, 46.7894], [-71.2596, 46.7893], [-71.2594, 46.7892], [-71.2593, 46.7891], [-71.2591, 46.789], [-71.259, 46.789], [-71.259, 46.7891], [-71.2589, 46.7891], [-71.2589, 46.7892], [-71.2588, 46.7892], [-71.2587, 46.7892], [-71.2586, 46.7892], [-71.2585, 46.7892], [-71.2584, 46.7891], [-71.2583, 46.7891], [-71.2582, 46.789], [-71.2581, 46.789], [-71.258, 46.789], [-71.2579, 46.789], [-71.2578, 46.789], [-71.2577, 46.789], [-71.2576, 46.789], [-71.2575, 46.7891], [-71.2574, 46.7891], [-71.2573, 46.7892], [-71.2572, 46.7893], [-71.2571, 46.7894], [-71.257, 46.7895], [-71.2569, 46.7896], [-71.2568, 46.7897], [-71.2568, 46.7899], [-71.2567, 46.79], [-71.2565, 46.7901], [-71.2564, 46.7902], [-71.2562, 46.7902], [-71.2559, 46.7903], [-71.2557, 46.7903], [-71.2554, 46.7903], [-71.255, 46.7902], [-71.2548, 46.7902], [-71.2545, 46.7902], [-71.2543, 46.7901], [-71.2541, 46.7901], [-71.2539, 46.79], [-71.2538, 46.79], [-71.2537, 46.7899], [-71.2536, 46.7898], [-71.2535, 46.7898], [-71.2534, 46.7898], [-71.2533, 46.7897], [-71.2532, 46.7897], [-71.2531, 46.7897], [-71.2529, 46.7897], [-71.2528, 46.7897], [-71.2526, 46.7898], [-71.2525, 46.7898], [-71.2523, 46.7898], [-71.2522, 46.7897], [-71.2522, 46.7896], [-71.2521, 46.7895], [-71.2521, 46.7894], [-71.252, 46.7892], [-71.252, 46.789], [-71.2521, 46.7888], [-71.2521, 46.7887], [-71.2521, 46.7885], [-71.2522, 46.7884], [-71.2523, 46.7883], [-71.2524, 46.7882], [-71.2525, 46.7881], [-71.2527, 46.7881], [-71.2528, 46.788], [-71.2526, 46.788], [-71.2525, 46.788], [-71.2523, 46.788], [-71.252, 46.7881], [-71.2518, 46.7881], [-71.2516, 46.7881], [-71.2514, 46.7881], [-71.2512, 46.7881], [-71.2511, 46.7881], [-71.251, 46.788], [-71.2509, 46.788], [-71.2508, 46.788], [-71.2508, 46.7879], [-71.2508, 46.7878], [-71.2508, 46.7877], [-71.2509, 46.7877], [-71.251, 46.7875], [-71.2511, 46.7874], [-71.2513, 46.7873], [-71.2515, 46.7872], [-71.2517, 46.787], [-71.2519, 46.7869], [-71.2521, 46.7869], [-71.2524, 46.7868], [-71.2526, 46.7867], [-71.2528, 46.7867], [-71.253, 46.7867], [-71.2533, 46.7867], [-71.2534, 46.7867], [-71.2536, 46.7867], [-71.2537, 46.7866], [-71.2538, 46.7866], [-71.2538, 46.7865], [-71.2537, 46.7864], [-71.2536, 46.7863], [-71.2535, 46.7863], [-71.2534, 46.7863], [-71.2533, 46.7863], [-71.2532, 46.7863], [-71.2531, 46.7863], [-71.253, 46.7864], [-71.2529, 46.7864], [-71.2527, 46.7865], [-71.2526, 46.7865], [-71.2525, 46.7865], [-71.2524, 46.7865], [-71.2523, 46.7865], [-71.2522, 46.7865], [-71.2521, 46.7864], [-71.252, 46.7864], [-71.252, 46.7863], [-71.252, 46.7862], [-71.2521, 46.7861], [-71.2521, 46.786], [-71.2522, 46.7858], [-71.2523, 46.7856], [-71.2525, 46.7854], [-71.2526, 46.7853], [-71.2527, 46.7851], [-71.2527, 46.785], [-71.2528, 46.7848], [-71.2528, 46.7847], [-71.2528, 46.7846], [-71.2527, 46.7845], [-71.2527, 46.7844], [-71.2526, 46.7844], [-71.2526, 46.7843], [-71.2526, 46.7842], [-71.2527, 46.7841], [-71.2528, 46.784], [-71.2529, 46.7839], [-71.253, 46.7838], [-71.253, 46.7836], [-71.253, 46.7835], [-71.253, 46.7833], [-71.253, 46.7831], [-71.253, 46.7829], [-71.253, 46.7827], [-71.253, 46.7825], [-71.2531, 46.7824], [-71.2531, 46.7823], [-71.2532, 46.7822], [-71.2533, 46.7822], [-71.2534, 46.7821], [-71.2536, 46.7821], [-71.2537, 46.7822], [-71.2538, 46.7822], [-71.2539, 46.7822], [-71.254, 46.7822], [-71.2541, 46.7823], [-71.2542, 46.7824], [-71.2543, 46.7825], [-71.2544, 46.7826], [-71.2545, 46.7826], [-71.2546, 46.7826], [-71.2548, 46.7825], [-71.2549, 46.7825], [-71.2551, 46.7825], [-71.2552, 46.7824], [-71.2553, 46.7824], [-71.2554, 46.7824], [-71.2554, 46.7825], [-71.2554, 46.7826], [-71.2554, 46.7827], [-71.2553, 46.7828], [-71.2552, 46.7829], [-71.2552, 46.783], [-71.2553, 46.783], [-71.2554, 46.783], [-71.2556, 46.7829], [-71.2557, 46.7828], [-71.2559, 46.7827], [-71.2561, 46.7826], [-71.2563, 46.7826], [-71.2565, 46.7825], [-71.2566, 46.7825], [-71.2567, 46.7825], [-71.2568, 46.7825], [-71.2569, 46.7825], [-71.257, 46.7826], [-71.2571, 46.7827], [-71.2572, 46.7827], [-71.2573, 46.7827], [-71.2575, 46.7827], [-71.2576, 46.7827], [-71.2578, 46.7827], [-71.2579, 46.7827], [-71.2581, 46.7826], [-71.2583, 46.7826], [-71.2584, 46.7826], [-71.2586, 46.7826], [-71.2587, 46.7826], [-71.2588, 46.7826], [-71.2589, 46.7827], [-71.259, 46.7828], [-71.2591, 46.7828], [-71.2593, 46.7828], [-71.2594, 46.7827], [-71.2595, 46.7827], [-71.2597, 46.7826], [-71.2599, 46.7825], [-71.2601, 46.7824], [-71.2603, 46.7823], [-71.2605, 46.7823], [-71.2607, 46.7823], [-71.2609, 46.7823], [-71.2611, 46.7823], [-71.2613, 46.7823], [-71.2615, 46.7823], [-71.2617, 46.7824], [-71.2619, 46.7824], [-71.262, 46.7825], [-71.2621, 46.7826], [-71.2622, 46.7826], [-71.2623, 46.7827], [-71.2623, 46.7828], [-71.2624, 46.7829], [-71.2625, 46.783], [-71.2626, 46.783], [-71.2627, 46.783], [-71.2628, 46.783], [-71.2629, 46.783], [-71.2631, 46.7829], [-71.2632, 46.7829], [-71.2633, 46.7829], [-71.2634, 46.7829], [-71.2635, 46.7829], [-71.2636, 46.7829], [-71.2637, 46.7829], [-71.2638, 46.783], [-71.2639, 46.7831], [-71.264, 46.7833], [-71.264, 46.7834], [-71.264, 46.7835], [-71.264, 46.7837], [-71.264, 46.7839], [-71.2639, 46.7841], [-71.2639, 46.7843]]]}}, {"type": "Feature", "properties": {"couche": "voile", "station": "Maguire", "minutes": 8}, "geometry": {"type": "Polygon", "coordinates": [[[-71.4231, 46.8972], [-71.0949, 46.8994], [-71.0924, 46.6751], [-71.4193, 46.6729], [-71.4231, 46.8972]], [[-71.2639, 46.7841], [-71.264, 46.7839], [-71.264, 46.7837], [-71.264, 46.7835], [-71.264, 46.7834], [-71.264, 46.7833], [-71.2639, 46.7831], [-71.2638, 46.783], [-71.2637, 46.7829], [-71.2636, 46.7829], [-71.2635, 46.7829], [-71.2634, 46.7829], [-71.2633, 46.7829], [-71.2632, 46.7829], [-71.2631, 46.7829], [-71.2629, 46.783], [-71.2628, 46.783], [-71.2627, 46.783], [-71.2626, 46.783], [-71.2625, 46.783], [-71.2624, 46.7829], [-71.2623, 46.7828], [-71.2623, 46.7827], [-71.2622, 46.7826], [-71.2621, 46.7826], [-71.262, 46.7825], [-71.2619, 46.7824], [-71.2617, 46.7824], [-71.2615, 46.7823], [-71.2613, 46.7823], [-71.2611, 46.7823], [-71.2609, 46.7823], [-71.2607, 46.7823], [-71.2605, 46.7823], [-71.2603, 46.7823], [-71.2601, 46.7824], [-71.2599, 46.7825], [-71.2597, 46.7826], [-71.2595, 46.7827], [-71.2594, 46.7827], [-71.2593, 46.7828], [-71.2591, 46.7828], [-71.259, 46.7828], [-71.2589, 46.7827], [-71.2588, 46.7826], [-71.2587, 46.7826], [-71.2586, 46.7826], [-71.2584, 46.7826], [-71.2583, 46.7826], [-71.2581, 46.7826], [-71.2579, 46.7827], [-71.2578, 46.7827], [-71.2576, 46.7827], [-71.2575, 46.7827], [-71.2573, 46.7827], [-71.2572, 46.7827], [-71.2571, 46.7827], [-71.257, 46.7826], [-71.2569, 46.7825], [-71.2568, 46.7825], [-71.2567, 46.7825], [-71.2566, 46.7825], [-71.2565, 46.7825], [-71.2563, 46.7826], [-71.2561, 46.7826], [-71.2559, 46.7827], [-71.2557, 46.7828], [-71.2556, 46.7829], [-71.2554, 46.783], [-71.2553, 46.783], [-71.2552, 46.783], [-71.2552, 46.7829], [-71.2553, 46.7828], [-71.2554, 46.7827], [-71.2554, 46.7826], [-71.2554, 46.7825], [-71.2554, 46.7824], [-71.2553, 46.7824], [-71.2552, 46.7824], [-71.2551, 46.7825], [-71.2549, 46.7825], [-71.2548, 46.7825], [-71.2546, 46.7826], [-71.2545, 46.7826], [-71.2544, 46.7826], [-71.2543, 46.7825], [-71.2542, 46.7824], [-71.2541, 46.7823], [-71.254, 46.7822], [-71.2539, 46.7822], [-71.2538, 46.7822], [-71.2537, 46.7822], [-71.2536, 46.7821], [-71.2534, 46.7821], [-71.2533, 46.7822], [-71.2532, 46.7822], [-71.2531, 46.7823], [-71.2531, 46.7824], [-71.253, 46.7825], [-71.253, 46.7827], [-71.253, 46.7829], [-71.253, 46.7831], [-71.253, 46.7833], [-71.253, 46.7835], [-71.253, 46.7836], [-71.253, 46.7838], [-71.2529, 46.7839], [-71.2528, 46.784], [-71.2527, 46.7841], [-71.2526, 46.7842], [-71.2526, 46.7843], [-71.2526, 46.7844], [-71.2527, 46.7844], [-71.2527, 46.7845], [-71.2528, 46.7846], [-71.2528, 46.7847], [-71.2528, 46.7848], [-71.2527, 46.785], [-71.2527, 46.7851], [-71.2526, 46.7853], [-71.2525, 46.7854], [-71.2523, 46.7856], [-71.2522, 46.7858], [-71.2521, 46.786], [-71.2521, 46.7861], [-71.252, 46.7862], [-71.252, 46.7863], [-71.252, 46.7864], [-71.2521, 46.7864], [-71.2522, 46.7865], [-71.2523, 46.7865], [-71.2524, 46.7865], [-71.2525, 46.7865], [-71.2526, 46.7865], [-71.2527, 46.7865], [-71.2529, 46.7864], [-71.253, 46.7864], [-71.2531, 46.7863], [-71.2532, 46.7863], [-71.2533, 46.7863], [-71.2534, 46.7863], [-71.2535, 46.7863], [-71.2536, 46.7863], [-71.2537, 46.7864], [-71.2538, 46.7865], [-71.2538, 46.7866], [-71.2537, 46.7866], [-71.2536, 46.7867], [-71.2534, 46.7867], [-71.2533, 46.7867], [-71.253, 46.7867], [-71.2528, 46.7867], [-71.2526, 46.7867], [-71.2524, 46.7868], [-71.2521, 46.7869], [-71.2519, 46.7869], [-71.2517, 46.787], [-71.2515, 46.7872], [-71.2513, 46.7873], [-71.2511, 46.7874], [-71.251, 46.7875], [-71.2509, 46.7877], [-71.2508, 46.7877], [-71.2508, 46.7878], [-71.2508, 46.7879], [-71.2508, 46.788], [-71.2509, 46.788], [-71.251, 46.788], [-71.2511, 46.7881], [-71.2512, 46.7881], [-71.2514, 46.7881], [-71.2516, 46.7881], [-71.2518, 46.7881], [-71.252, 46.7881], [-71.2523, 46.788], [-71.2525, 46.788], [-71.2526, 46.788], [-71.2528, 46.788], [-71.2527, 46.7881], [-71.2525, 46.7881], [-71.2524, 46.7882], [-71.2523, 46.7883], [-71.2522, 46.7884], [-71.2521, 46.7885], [-71.2521, 46.7887], [-71.2521, 46.7888], [-71.252, 46.789], [-71.252, 46.7892], [-71.2521, 46.7894], [-71.2521, 46.7895], [-71.2522, 46.7896], [-71.2522, 46.7897], [-71.2523, 46.7898], [-71.2525, 46.7898], [-71.2526, 46.7898], [-71.2528, 46.7897], [-71.2529, 46.7897], [-71.2531, 46.7897], [-71.2532, 46.7897], [-71.2533, 46.7897], [-71.2534, 46.7898], [-71.2535, 46.7898], [-71.2536, 46.7898], [-71.2537, 46.7899], [-71.2538, 46.79], [-71.2539, 46.79], [-71.2541, 46.7901], [-71.2543, 46.7901], [-71.2545, 46.7902], [-71.2548, 46.7902], [-71.255, 46.7902], [-71.2554, 46.7903], [-71.2557, 46.7903], [-71.2559, 46.7903], [-71.2562, 46.7902], [-71.2564, 46.7902], [-71.2565, 46.7901], [-71.2567, 46.79], [-71.2568, 46.7899], [-71.2568, 46.7897], [-71.2569, 46.7896], [-71.257, 46.7895], [-71.2571, 46.7894], [-71.2572, 46.7893], [-71.2573, 46.7892], [-71.2574, 46.7891], [-71.2575, 46.7891], [-71.2576, 46.789], [-71.2577, 46.789], [-71.2578, 46.789], [-71.2579, 46.789], [-71.258, 46.789], [-71.2581, 46.789], [-71.2582, 46.789], [-71.2583, 46.7891], [-71.2584, 46.7891], [-71.2585, 46.7892], [-71.2586, 46.7892], [-71.2587, 46.7892], [-71.2588, 46.7892], [-71.2589, 46.7892], [-71.2589, 46.7891], [-71.259, 46.7891], [-71.259, 46.789], [-71.2591, 46.789], [-71.2593, 46.7891], [-71.2594, 46.7892], [-71.2596, 46.7893], [-71.2598, 46.7894], [-71.26, 46.7896], [-71.2603, 46.7898], [-71.2605, 46.7899], [-71.2608, 46.7901], [-71.261, 46.7902], [-71.2612, 46.7903], [-71.2615, 46.7904], [-71.2617, 46.7904], [-71.2619, 46.7904], [-71.2622, 46.7904], [-71.2623, 46.7904], [-71.2625, 46.7904], [-71.2626, 46.7903], [-71.2627, 46.7903], [-71.2627, 46.7902], [-71.2627, 46.7901], [-71.2627, 46.79], [-71.2626, 46.7898], [-71.2626, 46.7897], [-71.2625, 46.7896], [-71.2625, 46.7895], [-71.2626, 46.7894], [-71.2627, 46.7893], [-71.2628, 46.7892], [-71.2629, 46.7892], [-71.263, 46.7891], [-71.263, 46.789], [-71.263, 46.7889], [-71.2629, 46.7888], [-71.2628, 46.7887], [-71.2628, 46.7886], [-71.2627, 46.7886], [-71.2627, 46.7885], [-71.2627, 46.7884], [-71.2628, 46.7884], [-71.2629, 46.7883], [-71.263, 46.7883], [-71.2631, 46.7883], [-71.2632, 46.7882], [-71.2632, 46.7881], [-71.2633, 46.7881], [-71.2633, 46.788], [-71.2633, 46.7879], [-71.2633, 46.7878], [-71.2633, 46.7877], [-71.2633, 46.7876], [-71.2632, 46.7876], [-71.2631, 46.7875], [-71.263, 46.7875], [-71.2629, 46.7874], [-71.2628, 46.7874], [-71.2626, 46.7873], [-71.2625, 46.7872], [-71.2623, 46.7871], [-71.2621, 46.7869], [-71.2619, 46.7868], [-71.2617, 46.7866], [-71.2615, 46.7864], [-71.2617, 46.7865], [-71.2619, 46.7867], [-71.2621, 46.7868], [-71.2623, 46.787], [-71.2625, 46.7871], [-71.2626, 46.7871], [-71.2628, 46.7872], [-71.2629, 46.7872], [-71.263, 46.7872], [-71.2631, 46.7872], [-71.2632, 46.7872], [-71.2632, 46.7871], [-71.2631, 46.787], [-71.2631, 46.7869], [-71.263, 46.7868], [-71.2629, 46.7866], [-71.2627, 46.7864], [-71.2625, 46.7862], [-71.2623, 46.786], [-71.2622, 46.7859], [-71.2622, 46.7858], [-71.2622, 46.7857], [-71.2624, 46.7857], [-71.2625, 46.7857], [-71.2628, 46.7858], [-71.2629, 46.7859], [-71.2631, 46.7859], [-71.2632, 46.7859], [-71.2633, 46.7859], [-71.2633, 46.7858], [-71.2632, 46.7857], [-71.2632, 46.7856], [-71.2631, 46.7855], [-71.2631, 46.7854], [-71.2631, 46.7853], [-71.2631, 46.7852], [-71.2632, 46.7852], [-71.2632, 46.7851], [-71.2633, 46.7851], [-71.2634, 46.7851], [-71.2635, 46.785], [-71.2636, 46.7849], [-71.2637, 46.7848], [-71.2638, 46.7847], [-71.2638, 46.7845], [-71.2639, 46.7843], [-71.2639, 46.7841]]]}}, {"type": "Feature", "properties": {"couche": "aire_marche", "station": "Maguire", "ordre": 14, "minutes": 9, "superficie_ha": 83.8, "rue_km": 18.1, "disque_ha": 124.7, "part_disque_pct": 67, "accroche_m": 0, "population": 3500, "navetteurs": 928, "mode_auto_pct": 64, "mode_tc_pct": 18, "mode_actif_pct": 17, "mode_autre_pct": 1}, "geometry": {"type": "Polygon", "coordinates": [[[-71.2648, 46.7833], [-71.2648, 46.7834], [-71.2647, 46.7835], [-71.2646, 46.7836], [-71.2645, 46.7836], [-71.2644, 46.7836], [-71.2643, 46.7836], [-71.2642, 46.7837], [-71.2641, 46.7837], [-71.2641, 46.7838], [-71.2641, 46.7839], [-71.2642, 46.784], [-71.2643, 46.7841], [-71.2643, 46.7842], [-71.2644, 46.7843], [-71.2644, 46.7844], [-71.2645, 46.7846], [-71.2645, 46.7847], [-71.2645, 46.7848], [-71.2644, 46.7849], [-71.2644, 46.7851], [-71.2644, 46.7852], [-71.2643, 46.7853], [-71.2642, 46.7854], [-71.2642, 46.7855], [-71.2641, 46.7855], [-71.264, 46.7856], [-71.2639, 46.7856], [-71.2638, 46.7856], [-71.2637, 46.7857], [-71.2637, 46.7858], [-71.2637, 46.7859], [-71.2637, 46.786], [-71.2638, 46.7861], [-71.2638, 46.7862], [-71.2639, 46.7863], [-71.2639, 46.7864], [-71.2639, 46.7865], [-71.2639, 46.7866], [-71.2638, 46.7866], [-71.2637, 46.7866], [-71.2636, 46.7866], [-71.2635, 46.7866], [-71.2634, 46.7865], [-71.2632, 46.7865], [-71.263, 46.7864], [-71.2629, 46.7863], [-71.2627, 46.7861], [-71.2625, 46.786], [-71.2623, 46.7859], [-71.2624, 46.786], [-71.2626, 46.7861], [-71.2628, 46.7863], [-71.2631, 46.7865], [-71.2633, 46.7867], [-71.2635, 46.7869], [-71.2637, 46.7871], [-71.2638, 46.7873], [-71.2638, 46.7874], [-71.2638, 46.7875], [-71.2638, 46.7876], [-71.2637, 46.7877], [-71.2636, 46.7877], [-71.2636, 46.7878], [-71.2635, 46.7879], [-71.2635, 46.788], [-71.2635, 46.7881], [-71.2635, 46.7882], [-71.2636, 46.7883], [-71.2636, 46.7884], [-71.2636, 46.7885], [-71.2636, 46.7886], [-71.2635, 46.7887], [-71.2634, 46.7886], [-71.2633, 46.7886], [-71.2631, 46.7886], [-71.263, 46.7885], [-71.2629, 46.7885], [-71.2628, 46.7886], [-71.2629, 46.7887], [-71.263, 46.7888], [-71.2631, 46.7889], [-71.2632, 46.789], [-71.2634, 46.7892], [-71.2635, 46.7893], [-71.2635, 46.7894], [-71.2636, 46.7895], [-71.2635, 46.7896], [-71.2635, 46.7897], [-71.2634, 46.7897], [-71.2633, 46.7898], [-71.2632, 46.7898], [-71.2632, 46.7899], [-71.2632, 46.79], [-71.2633, 46.79], [-71.2633, 46.7901], [-71.2634, 46.7902], [-71.2635, 46.7902], [-71.2636, 46.7903], [-71.2636, 46.7904], [-71.2636, 46.7905], [-71.2635, 46.7906], [-71.2634, 46.7907], [-71.2633, 46.7907], [-71.2632, 46.7908], [-71.2631, 46.7908], [-71.263, 46.7908], [-71.2628, 46.7909], [-71.2626, 46.7909], [-71.2624, 46.7909], [-71.2622, 46.7908], [-71.262, 46.7908], [-71.2618, 46.7907], [-71.2615, 46.7906], [-71.2612, 46.7904], [-71.2609, 46.7902], [-71.2606, 46.79], [-71.2603, 46.7897], [-71.26, 46.7896], [-71.2596, 46.7894], [-71.2593, 46.7894], [-71.2589, 46.7894], [-71.2586, 46.7894], [-71.2582, 46.7895], [-71.2578, 46.7897], [-71.2575, 46.7899], [-71.2571, 46.7901], [-71.2568, 46.7903], [-71.2565, 46.7904], [-71.2561, 46.7905], [-71.2558, 46.7905], [-71.2555, 46.7906], [-71.2553, 46.7905], [-71.255, 46.7905], [-71.2547, 46.7904], [-71.2545, 46.7904], [-71.2543, 46.7903], [-71.2541, 46.7903], [-71.2539, 46.7903], [-71.2538, 46.7903], [-71.2536, 46.7903], [-71.2535, 46.7904], [-71.2534, 46.7904], [-71.2533, 46.7904], [-71.2532, 46.7903], [-71.2532, 46.7902], [-71.2532, 46.7901], [-71.2532, 46.79], [-71.2532, 46.7899], [-71.2531, 46.7898], [-71.253, 46.7898], [-71.2529, 46.7898], [-71.2527, 46.7899], [-71.2525, 46.7899], [-71.2522, 46.79], [-71.252, 46.7901], [-71.2518, 46.7901], [-71.2517, 46.7901], [-71.2516, 46.7901], [-71.2516, 46.79], [-71.2515, 46.7899], [-71.2516, 46.7898], [-71.2516, 46.7896], [-71.2517, 46.7895], [-71.2517, 46.7893], [-71.2516, 46.7892], [-71.2515, 46.789], [-71.2514, 46.7889], [-71.2512, 46.7887], [-71.2509, 46.7886], [-71.2507, 46.7884], [-71.2505, 46.7883], [-71.2503, 46.7882], [-71.2502, 46.7881], [-71.2502, 46.788], [-71.2502, 46.7879], [-71.2503, 46.7878], [-71.2505, 46.7877], [-71.2508, 46.7876], [-71.251, 46.7875], [-71.2511, 46.7875], [-71.2512, 46.7874], [-71.2513, 46.7873], [-71.2514, 46.7872], [-71.2514, 46.7871], [-71.2514, 46.787], [-71.2513, 46.7869], [-71.2513, 46.7868], [-71.2513, 46.7867], [-71.2513, 46.7865], [-71.2513, 46.7863], [-71.2514, 46.7861], [-71.2515, 46.7859], [-71.2516, 46.7856], [-71.2518, 46.7853], [-71.2519, 46.785], [-71.252, 46.7848], [-71.2521, 46.7846], [-71.2522, 46.7844], [-71.2522, 46.7843], [-71.2522, 46.7841], [-71.2521, 46.784], [-71.252, 46.7839], [-71.252, 46.7838], [-71.252, 46.7837], [-71.2521, 46.7836], [-71.2522, 46.7836], [-71.2522, 46.7835], [-71.2523, 46.7835], [-71.2524, 46.7834], [-71.2524, 46.7833], [-71.2524, 46.7831], [-71.2525, 46.783], [-71.2525, 46.7828], [-71.2524, 46.7826], [-71.2524, 46.7824], [-71.2524, 46.7822], [-71.2524, 46.7821], [-71.2525, 46.782], [-71.2525, 46.7819], [-71.2526, 46.7818], [-71.2528, 46.7818], [-71.2529, 46.7819], [-71.2531, 46.7819], [-71.2532, 46.782], [-71.2534, 46.782], [-71.2535, 46.782], [-71.2537, 46.782], [-71.2538, 46.782], [-71.254, 46.782], [-71.2541, 46.782], [-71.2543, 46.7819], [-71.2544, 46.7819], [-71.2545, 46.7819], [-71.2546, 46.7819], [-71.2546, 46.782], [-71.2546, 46.7821], [-71.2546, 46.7822], [-71.2545, 46.7823], [-71.2545, 46.7824], [-71.2546, 46.7824], [-71.2546, 46.7825], [-71.2547, 46.7824], [-71.2549, 46.7824], [-71.255, 46.7823], [-71.2552, 46.7822], [-71.2554, 46.7821], [-71.2556, 46.782], [-71.2559, 46.782], [-71.2561, 46.7819], [-71.2563, 46.7819], [-71.2565, 46.7819], [-71.2567, 46.7819], [-71.257, 46.7819], [-71.2572, 46.7819], [-71.2573, 46.7819], [-71.2575, 46.782], [-71.2576, 46.782], [-71.2577, 46.7821], [-71.2578, 46.7821], [-71.2579, 46.7822], [-71.258, 46.7823], [-71.2582, 46.7823], [-71.2583, 46.7823], [-71.2584, 46.7822], [-71.2586, 46.7822], [-71.2588, 46.7821], [-71.2591, 46.782], [-71.2593, 46.7819], [-71.2595, 46.7819], [-71.2598, 46.7818], [-71.26, 46.7818], [-71.2602, 46.7817], [-71.2604, 46.7817], [-71.2606, 46.7817], [-71.2607, 46.7817], [-71.2609, 46.7818], [-71.2611, 46.7818], [-71.2612, 46.7819], [-71.2614, 46.782], [-71.2616, 46.7821], [-71.2617, 46.7822], [-71.2619, 46.7824], [-71.262, 46.7825], [-71.2621, 46.7827], [-71.2623, 46.7828], [-71.2624, 46.7828], [-71.2626, 46.7829], [-71.2628, 46.7829], [-71.2629, 46.7828], [-71.2631, 46.7828], [-71.2633, 46.7826], [-71.2634, 46.7826], [-71.2636, 46.7825], [-71.2638, 46.7825], [-71.2639, 46.7824], [-71.2641, 46.7825], [-71.2642, 46.7825], [-71.2643, 46.7826], [-71.2645, 46.7826], [-71.2646, 46.7827], [-71.2647, 46.7828], [-71.2647, 46.7829], [-71.2648, 46.783], [-71.2648, 46.7831], [-71.2648, 46.7832], [-71.2648, 46.7833]]]}}, {"type": "Feature", "properties": {"couche": "voile", "station": "Maguire", "minutes": 9}, "geometry": {"type": "Polygon", "coordinates": [[[-71.4239, 46.8977], [-71.0943, 46.8999], [-71.0918, 46.6747], [-71.4201, 46.6726], [-71.4239, 46.8977]], [[-71.2648, 46.7832], [-71.2648, 46.7831], [-71.2648, 46.783], [-71.2647, 46.7829], [-71.2647, 46.7828], [-71.2646, 46.7827], [-71.2645, 46.7826], [-71.2643, 46.7826], [-71.2642, 46.7825], [-71.2641, 46.7825], [-71.2639, 46.7824], [-71.2638, 46.7825], [-71.2636, 46.7825], [-71.2634, 46.7826], [-71.2633, 46.7826], [-71.2631, 46.7828], [-71.2629, 46.7828], [-71.2628, 46.7829], [-71.2626, 46.7829], [-71.2624, 46.7828], [-71.2623, 46.7828], [-71.2621, 46.7827], [-71.262, 46.7825], [-71.2619, 46.7824], [-71.2617, 46.7822], [-71.2616, 46.7821], [-71.2614, 46.782], [-71.2612, 46.7819], [-71.2611, 46.7818], [-71.2609, 46.7818], [-71.2607, 46.7817], [-71.2606, 46.7817], [-71.2604, 46.7817], [-71.2602, 46.7817], [-71.26, 46.7818], [-71.2598, 46.7818], [-71.2595, 46.7819], [-71.2593, 46.7819], [-71.2591, 46.782], [-71.2588, 46.7821], [-71.2586, 46.7822], [-71.2584, 46.7822], [-71.2583, 46.7823], [-71.2582, 46.7823], [-71.258, 46.7823], [-71.2579, 46.7822], [-71.2578, 46.7821], [-71.2577, 46.7821], [-71.2576, 46.782], [-71.2575, 46.782], [-71.2573, 46.7819], [-71.2572, 46.7819], [-71.257, 46.7819], [-71.2567, 46.7819], [-71.2565, 46.7819], [-71.2563, 46.7819], [-71.2561, 46.7819], [-71.2559, 46.782], [-71.2556, 46.782], [-71.2554, 46.7821], [-71.2552, 46.7822], [-71.255, 46.7823], [-71.2549, 46.7824], [-71.2547, 46.7824], [-71.2546, 46.7825], [-71.2546, 46.7824], [-71.2545, 46.7824], [-71.2545, 46.7823], [-71.2546, 46.7822], [-71.2546, 46.7821], [-71.2546, 46.782], [-71.2546, 46.7819], [-71.2545, 46.7819], [-71.2544, 46.7819], [-71.2543, 46.7819], [-71.2541, 46.782], [-71.254, 46.782], [-71.2538, 46.782], [-71.2537, 46.782], [-71.2535, 46.782], [-71.2534, 46.782], [-71.2532, 46.782], [-71.2531, 46.7819], [-71.2529, 46.7819], [-71.2528, 46.7818], [-71.2526, 46.7818], [-71.2525, 46.7819], [-71.2525, 46.782], [-71.2524, 46.7821], [-71.2524, 46.7822], [-71.2524, 46.7824], [-71.2524, 46.7826], [-71.2525, 46.7828], [-71.2525, 46.783], [-71.2524, 46.7831], [-71.2524, 46.7833], [-71.2524, 46.7834], [-71.2523, 46.7835], [-71.2522, 46.7835], [-71.2522, 46.7836], [-71.2521, 46.7836], [-71.252, 46.7837], [-71.252, 46.7838], [-71.252, 46.7839], [-71.2521, 46.784], [-71.2522, 46.7841], [-71.2522, 46.7843], [-71.2522, 46.7844], [-71.2521, 46.7846], [-71.252, 46.7848], [-71.2519, 46.785], [-71.2518, 46.7853], [-71.2516, 46.7856], [-71.2515, 46.7859], [-71.2514, 46.7861], [-71.2513, 46.7863], [-71.2513, 46.7865], [-71.2513, 46.7867], [-71.2513, 46.7868], [-71.2513, 46.7869], [-71.2514, 46.787], [-71.2514, 46.7871], [-71.2514, 46.7872], [-71.2513, 46.7873], [-71.2512, 46.7874], [-71.2511, 46.7875], [-71.251, 46.7875], [-71.2508, 46.7876], [-71.2505, 46.7877], [-71.2503, 46.7878], [-71.2502, 46.7879], [-71.2502, 46.788], [-71.2502, 46.7881], [-71.2503, 46.7882], [-71.2505, 46.7883], [-71.2507, 46.7884], [-71.2509, 46.7886], [-71.2512, 46.7887], [-71.2514, 46.7889], [-71.2515, 46.789], [-71.2516, 46.7892], [-71.2517, 46.7893], [-71.2517, 46.7895], [-71.2516, 46.7896], [-71.2516, 46.7898], [-71.2515, 46.7899], [-71.2516, 46.79], [-71.2516, 46.7901], [-71.2517, 46.7901], [-71.2518, 46.7901], [-71.252, 46.7901], [-71.2522, 46.79], [-71.2525, 46.7899], [-71.2527, 46.7899], [-71.2529, 46.7898], [-71.253, 46.7898], [-71.2531, 46.7898], [-71.2532, 46.7899], [-71.2532, 46.79], [-71.2532, 46.7901], [-71.2532, 46.7902], [-71.2532, 46.7903], [-71.2533, 46.7904], [-71.2534, 46.7904], [-71.2535, 46.7904], [-71.2536, 46.7903], [-71.2538, 46.7903], [-71.2539, 46.7903], [-71.2541, 46.7903], [-71.2543, 46.7903], [-71.2545, 46.7904], [-71.2547, 46.7904], [-71.255, 46.7905], [-71.2553, 46.7905], [-71.2555, 46.7906], [-71.2558, 46.7905], [-71.2561, 46.7905], [-71.2565, 46.7904], [-71.2568, 46.7903], [-71.2571, 46.7901], [-71.2575, 46.7899], [-71.2578, 46.7897], [-71.2582, 46.7895], [-71.2586, 46.7894], [-71.2589, 46.7894], [-71.2593, 46.7894], [-71.2596, 46.7894], [-71.26, 46.7896], [-71.2603, 46.7897], [-71.2606, 46.79], [-71.2609, 46.7902], [-71.2612, 46.7904], [-71.2615, 46.7906], [-71.2618, 46.7907], [-71.262, 46.7908], [-71.2622, 46.7908], [-71.2624, 46.7909], [-71.2626, 46.7909], [-71.2628, 46.7909], [-71.263, 46.7908], [-71.2631, 46.7908], [-71.2632, 46.7908], [-71.2633, 46.7907], [-71.2634, 46.7907], [-71.2635, 46.7906], [-71.2636, 46.7905], [-71.2636, 46.7904], [-71.2636, 46.7903], [-71.2635, 46.7902], [-71.2634, 46.7902], [-71.2633, 46.7901], [-71.2633, 46.79], [-71.2632, 46.79], [-71.2632, 46.7899], [-71.2632, 46.7898], [-71.2633, 46.7898], [-71.2634, 46.7897], [-71.2635, 46.7897], [-71.2635, 46.7896], [-71.2636, 46.7895], [-71.2635, 46.7894], [-71.2635, 46.7893], [-71.2634, 46.7892], [-71.2632, 46.789], [-71.2631, 46.7889], [-71.263, 46.7888], [-71.2629, 46.7887], [-71.2628, 46.7886], [-71.2629, 46.7885], [-71.263, 46.7885], [-71.2631, 46.7886], [-71.2633, 46.7886], [-71.2634, 46.7886], [-71.2635, 46.7887], [-71.2636, 46.7886], [-71.2636, 46.7885], [-71.2636, 46.7884], [-71.2636, 46.7883], [-71.2635, 46.7882], [-71.2635, 46.7881], [-71.2635, 46.788], [-71.2635, 46.7879], [-71.2636, 46.7878], [-71.2636, 46.7877], [-71.2637, 46.7877], [-71.2638, 46.7876], [-71.2638, 46.7875], [-71.2638, 46.7874], [-71.2638, 46.7873], [-71.2637, 46.7871], [-71.2635, 46.7869], [-71.2633, 46.7867], [-71.2631, 46.7865], [-71.2628, 46.7863], [-71.2626, 46.7861], [-71.2624, 46.786], [-71.2623, 46.7859], [-71.2625, 46.786], [-71.2627, 46.7861], [-71.2629, 46.7863], [-71.263, 46.7864], [-71.2632, 46.7865], [-71.2634, 46.7865], [-71.2635, 46.7866], [-71.2636, 46.7866], [-71.2637, 46.7866], [-71.2638, 46.7866], [-71.2639, 46.7866], [-71.2639, 46.7865], [-71.2639, 46.7864], [-71.2639, 46.7863], [-71.2638, 46.7862], [-71.2638, 46.7861], [-71.2637, 46.786], [-71.2637, 46.7859], [-71.2637, 46.7858], [-71.2637, 46.7857], [-71.2638, 46.7856], [-71.2639, 46.7856], [-71.264, 46.7856], [-71.2641, 46.7855], [-71.2642, 46.7855], [-71.2642, 46.7854], [-71.2643, 46.7853], [-71.2644, 46.7852], [-71.2644, 46.7851], [-71.2644, 46.7849], [-71.2645, 46.7848], [-71.2645, 46.7847], [-71.2645, 46.7846], [-71.2644, 46.7844], [-71.2644, 46.7843], [-71.2643, 46.7842], [-71.2643, 46.7841], [-71.2642, 46.784], [-71.2641, 46.7839], [-71.2641, 46.7838], [-71.2641, 46.7837], [-71.2642, 46.7837], [-71.2643, 46.7836], [-71.2644, 46.7836], [-71.2645, 46.7836], [-71.2646, 46.7836], [-71.2647, 46.7835], [-71.2648, 46.7834], [-71.2648, 46.7833], [-71.2648, 46.7832]]]}}, {"type": "Feature", "properties": {"couche": "aire_marche", "station": "Maguire", "ordre": 14, "minutes": 10, "superficie_ha": 102.1, "rue_km": 22.11, "disque_ha": 153.9, "part_disque_pct": 66, "accroche_m": 0, "population": 4217, "navetteurs": 1121, "mode_auto_pct": 64, "mode_tc_pct": 17, "mode_actif_pct": 18, "mode_autre_pct": 1}, "geometry": {"type": "Polygon", "coordinates": [[[-71.2653, 46.7827], [-71.2653, 46.7829], [-71.2653, 46.783], [-71.2652, 46.7831], [-71.2651, 46.7832], [-71.265, 46.7833], [-71.2649, 46.7834], [-71.2647, 46.7835], [-71.2645, 46.7835], [-71.2644, 46.7836], [-71.2643, 46.7836], [-71.2642, 46.7837], [-71.2642, 46.7838], [-71.2643, 46.7839], [-71.2643, 46.7841], [-71.2645, 46.7842], [-71.2646, 46.7844], [-71.2648, 46.7845], [-71.2649, 46.7846], [-71.265, 46.7848], [-71.265, 46.7849], [-71.2651, 46.7851], [-71.2651, 46.7852], [-71.265, 46.7854], [-71.265, 46.7855], [-71.265, 46.7857], [-71.2649, 46.7858], [-71.2648, 46.7859], [-71.2647, 46.786], [-71.2646, 46.7861], [-71.2645, 46.7861], [-71.2644, 46.7861], [-71.2643, 46.7862], [-71.2643, 46.7863], [-71.2643, 46.7864], [-71.2643, 46.7865], [-71.2644, 46.7866], [-71.2644, 46.7867], [-71.2645, 46.7868], [-71.2645, 46.7869], [-71.2645, 46.787], [-71.2645, 46.7871], [-71.2644, 46.7871], [-71.2643, 46.7871], [-71.2642, 46.7871], [-71.2641, 46.787], [-71.2639, 46.787], [-71.2637, 46.7869], [-71.2635, 46.7867], [-71.2633, 46.7866], [-71.263, 46.7864], [-71.2627, 46.7862], [-71.2627, 46.7862], [-71.2628, 46.7863], [-71.2631, 46.7865], [-71.2634, 46.7868], [-71.2637, 46.7871], [-71.264, 46.7873], [-71.2642, 46.7875], [-71.2644, 46.7877], [-71.2645, 46.7879], [-71.2645, 46.788], [-71.2645, 46.7881], [-71.2644, 46.7881], [-71.2644, 46.7882], [-71.2643, 46.7882], [-71.2642, 46.7882], [-71.2641, 46.7882], [-71.264, 46.7882], [-71.2639, 46.7882], [-71.2638, 46.7881], [-71.2637, 46.7881], [-71.2637, 46.788], [-71.2636, 46.788], [-71.2636, 46.7881], [-71.2637, 46.7882], [-71.2638, 46.7882], [-71.2639, 46.7883], [-71.264, 46.7884], [-71.2641, 46.7886], [-71.2642, 46.7887], [-71.2643, 46.7888], [-71.2644, 46.7888], [-71.2644, 46.7889], [-71.2644, 46.789], [-71.2644, 46.7891], [-71.2643, 46.7891], [-71.2643, 46.7892], [-71.2642, 46.7892], [-71.2641, 46.7892], [-71.264, 46.7892], [-71.2638, 46.7891], [-71.2637, 46.789], [-71.2635, 46.7889], [-71.2633, 46.7888], [-71.2631, 46.7887], [-71.263, 46.7887], [-71.263, 46.7888], [-71.2632, 46.7889], [-71.2634, 46.7891], [-71.2636, 46.7893], [-71.2638, 46.7894], [-71.2639, 46.7896], [-71.264, 46.7898], [-71.264, 46.79], [-71.264, 46.7902], [-71.264, 46.7903], [-71.2638, 46.7905], [-71.2637, 46.7907], [-71.2635, 46.7908], [-71.2634, 46.791], [-71.2632, 46.7911], [-71.263, 46.7912], [-71.2629, 46.7912], [-71.2627, 46.7913], [-71.2626, 46.7913], [-71.2625, 46.7913], [-71.2623, 46.7912], [-71.2621, 46.7912], [-71.2619, 46.7911], [-71.2616, 46.7909], [-71.2614, 46.7907], [-71.2611, 46.7905], [-71.2607, 46.7902], [-71.2604, 46.7899], [-71.26, 46.7897], [-71.2597, 46.7895], [-71.2594, 46.7894], [-71.2591, 46.7894], [-71.2589, 46.7894], [-71.2586, 46.7895], [-71.2583, 46.7897], [-71.2581, 46.7899], [-71.2579, 46.7901], [-71.2577, 46.7903], [-71.2576, 46.7904], [-71.2574, 46.7905], [-71.2573, 46.7906], [-71.2571, 46.7907], [-71.257, 46.7907], [-71.257, 46.7906], [-71.2569, 46.7906], [-71.2568, 46.7906], [-71.2567, 46.7906], [-71.2565, 46.7906], [-71.2564, 46.7907], [-71.2563, 46.7907], [-71.2561, 46.7908], [-71.2559, 46.7909], [-71.2558, 46.7909], [-71.2556, 46.791], [-71.2554, 46.791], [-71.2552, 46.791], [-71.255, 46.791], [-71.2548, 46.7909], [-71.2545, 46.7909], [-71.2543, 46.7908], [-71.254, 46.7908], [-71.2538, 46.7907], [-71.2535, 46.7907], [-71.2532, 46.7906], [-71.2529, 46.7906], [-71.2526, 46.7906], [-71.2522, 46.7906], [-71.2519, 46.7906], [-71.2516, 46.7907], [-71.2513, 46.7906], [-71.2511, 46.7906], [-71.2509, 46.7906], [-71.2508, 46.7905], [-71.2507, 46.7904], [-71.2506, 46.7903], [-71.2506, 46.7902], [-71.2506, 46.7901], [-71.2507, 46.79], [-71.2507, 46.7899], [-71.2507, 46.7898], [-71.2508, 46.7898], [-71.2508, 46.7897], [-71.2509, 46.7897], [-71.251, 46.7897], [-71.251, 46.7896], [-71.2509, 46.7895], [-71.2508, 46.7894], [-71.2507, 46.7892], [-71.2504, 46.7891], [-71.2502, 46.7889], [-71.2499, 46.7887], [-71.2496, 46.7886], [-71.2494, 46.7884], [-71.2492, 46.7882], [-71.2491, 46.7881], [-71.2491, 46.788], [-71.249, 46.7878], [-71.2491, 46.7877], [-71.2491, 46.7876], [-71.2492, 46.7875], [-71.2493, 46.7875], [-71.2494, 46.7874], [-71.2495, 46.7874], [-71.2496, 46.7874], [-71.2497, 46.7874], [-71.2498, 46.7874], [-71.2499, 46.7874], [-71.25, 46.7875], [-71.2501, 46.7875], [-71.2502, 46.7875], [-71.2504, 46.7875], [-71.2505, 46.7875], [-71.2507, 46.7875], [-71.2508, 46.7875], [-71.251, 46.7875], [-71.2511, 46.7874], [-71.2513, 46.7874], [-71.2514, 46.7874], [-71.2515, 46.7873], [-71.2516, 46.7873], [-71.2516, 46.7872], [-71.2516, 46.7871], [-71.2515, 46.7871], [-71.2514, 46.7872], [-71.2513, 46.7872], [-71.2512, 46.7872], [-71.2511, 46.7873], [-71.251, 46.7873], [-71.2509, 46.7873], [-71.2508, 46.7873], [-71.2507, 46.7872], [-71.2506, 46.7872], [-71.2505, 46.7871], [-71.2505, 46.787], [-71.2505, 46.7869], [-71.2506, 46.7868], [-71.2506, 46.7866], [-71.2507, 46.7865], [-71.2508, 46.7863], [-71.2509, 46.7861], [-71.2511, 46.7859], [-71.2512, 46.7856], [-71.2513, 46.7853], [-71.2514, 46.7849], [-71.2514, 46.7845], [-71.2515, 46.784], [-71.2516, 46.7836], [-71.2516, 46.783], [-71.2517, 46.7826], [-71.2517, 46.7822], [-71.2518, 46.7819], [-71.2519, 46.7816], [-71.252, 46.7815], [-71.2521, 46.7814], [-71.2522, 46.7813], [-71.2524, 46.7814], [-71.2525, 46.7814], [-71.2527, 46.7814], [-71.2528, 46.7815], [-71.2529, 46.7815], [-71.2531, 46.7815], [-71.2532, 46.7814], [-71.2534, 46.7814], [-71.2535, 46.7814], [-71.2536, 46.7814], [-71.2537, 46.7814], [-71.2538, 46.7814], [-71.2539, 46.7815], [-71.2538, 46.7816], [-71.2538, 46.7817], [-71.2538, 46.7818], [-71.2538, 46.7819], [-71.2539, 46.7819], [-71.254, 46.7819], [-71.2541, 46.7818], [-71.2543, 46.7818], [-71.2545, 46.7817], [-71.2547, 46.7816], [-71.2549, 46.7815], [-71.2551, 46.7815], [-71.2553, 46.7814], [-71.2555, 46.7814], [-71.2558, 46.7814], [-71.256, 46.7814], [-71.2562, 46.7814], [-71.2564, 46.7814], [-71.2566, 46.7815], [-71.2567, 46.7815], [-71.2569, 46.7815], [-71.257, 46.7816], [-71.2571, 46.7817], [-71.2571, 46.7818], [-71.2572, 46.7819], [-71.2573, 46.7819], [-71.2574, 46.7819], [-71.2575, 46.7818], [-71.2576, 46.7818], [-71.2578, 46.7817], [-71.2579, 46.7817], [-71.258, 46.7817], [-71.2581, 46.7817], [-71.2582, 46.7816], [-71.2583, 46.7817], [-71.2584, 46.7817], [-71.2585, 46.7817], [-71.2585, 46.7818], [-71.2586, 46.7818], [-71.2587, 46.7819], [-71.2588, 46.7819], [-71.2589, 46.7818], [-71.259, 46.7817], [-71.2591, 46.7816], [-71.2592, 46.7815], [-71.2594, 46.7815], [-71.2595, 46.7814], [-71.2597, 46.7814], [-71.26, 46.7813], [-71.2603, 46.7813], [-71.2606, 46.7813], [-71.2609, 46.7813], [-71.2612, 46.7813], [-71.2615, 46.7814], [-71.2617, 46.7814], [-71.2619, 46.7814], [-71.2621, 46.7815], [-71.2622, 46.7815], [-71.2623, 46.7816], [-71.2624, 46.7816], [-71.2624, 46.7817], [-71.2624, 46.7818], [-71.2624, 46.7819], [-71.2623, 46.7819], [-71.2622, 46.782], [-71.2621, 46.7821], [-71.262, 46.7821], [-71.262, 46.7822], [-71.2619, 46.7823], [-71.2619, 46.7824], [-71.2619, 46.7825], [-71.2619, 46.7826], [-71.262, 46.7827], [-71.2621, 46.7828], [-71.2622, 46.7829], [-71.2624, 46.7829], [-71.2625, 46.7829], [-71.2626, 46.7828], [-71.2628, 46.7828], [-71.263, 46.7826], [-71.2632, 46.7825], [-71.2634, 46.7823], [-71.2635, 46.7821], [-71.2637, 46.782], [-71.2639, 46.7819], [-71.2641, 46.7818], [-71.2642, 46.7818], [-71.2644, 46.7818], [-71.2645, 46.7818], [-71.2647, 46.7818], [-71.2648, 46.7819], [-71.2649, 46.782], [-71.265, 46.782], [-71.2651, 46.7822], [-71.2652, 46.7823], [-71.2652, 46.7824], [-71.2653, 46.7825], [-71.2653, 46.7827]]]}}, {"type": "Feature", "properties": {"couche": "voile", "station": "Maguire", "minutes": 10}, "geometry": {"type": "Polygon", "coordinates": [[[-71.4244, 46.8981], [-71.0931, 46.9003], [-71.0906, 46.6743], [-71.4206, 46.6721], [-71.4244, 46.8981]], [[-71.2653, 46.7825], [-71.2652, 46.7824], [-71.2652, 46.7823], [-71.2651, 46.7822], [-71.265, 46.782], [-71.2649, 46.782], [-71.2648, 46.7819], [-71.2647, 46.7818], [-71.2645, 46.7818], [-71.2644, 46.7818], [-71.2642, 46.7818], [-71.2641, 46.7818], [-71.2639, 46.7819], [-71.2637, 46.782], [-71.2635, 46.7821], [-71.2634, 46.7823], [-71.2632, 46.7825], [-71.263, 46.7826], [-71.2628, 46.7828], [-71.2626, 46.7828], [-71.2625, 46.7829], [-71.2624, 46.7829], [-71.2622, 46.7829], [-71.2621, 46.7828], [-71.262, 46.7827], [-71.2619, 46.7826], [-71.2619, 46.7825], [-71.2619, 46.7824], [-71.2619, 46.7823], [-71.262, 46.7822], [-71.262, 46.7821], [-71.2621, 46.7821], [-71.2622, 46.782], [-71.2623, 46.7819], [-71.2624, 46.7819], [-71.2624, 46.7818], [-71.2624, 46.7817], [-71.2624, 46.7816], [-71.2623, 46.7816], [-71.2622, 46.7815], [-71.2621, 46.7815], [-71.2619, 46.7814], [-71.2617, 46.7814], [-71.2615, 46.7814], [-71.2612, 46.7813], [-71.2609, 46.7813], [-71.2606, 46.7813], [-71.2603, 46.7813], [-71.26, 46.7813], [-71.2597, 46.7814], [-71.2595, 46.7814], [-71.2594, 46.7815], [-71.2592, 46.7815], [-71.2591, 46.7816], [-71.259, 46.7817], [-71.2589, 46.7818], [-71.2588, 46.7819], [-71.2587, 46.7819], [-71.2586, 46.7818], [-71.2585, 46.7818], [-71.2585, 46.7817], [-71.2584, 46.7817], [-71.2583, 46.7817], [-71.2582, 46.7816], [-71.2581, 46.7817], [-71.258, 46.7817], [-71.2579, 46.7817], [-71.2578, 46.7817], [-71.2576, 46.7818], [-71.2575, 46.7818], [-71.2574, 46.7819], [-71.2573, 46.7819], [-71.2572, 46.7819], [-71.2571, 46.7818], [-71.2571, 46.7817], [-71.257, 46.7816], [-71.2569, 46.7815], [-71.2567, 46.7815], [-71.2566, 46.7815], [-71.2564, 46.7814], [-71.2562, 46.7814], [-71.256, 46.7814], [-71.2558, 46.7814], [-71.2555, 46.7814], [-71.2553, 46.7814], [-71.2551, 46.7815], [-71.2549, 46.7815], [-71.2547, 46.7816], [-71.2545, 46.7817], [-71.2543, 46.7818], [-71.2541, 46.7818], [-71.254, 46.7819], [-71.2539, 46.7819], [-71.2538, 46.7819], [-71.2538, 46.7818], [-71.2538, 46.7817], [-71.2538, 46.7816], [-71.2539, 46.7815], [-71.2538, 46.7814], [-71.2537, 46.7814], [-71.2536, 46.7814], [-71.2535, 46.7814], [-71.2534, 46.7814], [-71.2532, 46.7814], [-71.2531, 46.7815], [-71.2529, 46.7815], [-71.2528, 46.7815], [-71.2527, 46.7814], [-71.2525, 46.7814], [-71.2524, 46.7814], [-71.2522, 46.7813], [-71.2521, 46.7814], [-71.252, 46.7815], [-71.2519, 46.7816], [-71.2518, 46.7819], [-71.2517, 46.7822], [-71.2517, 46.7826], [-71.2516, 46.783], [-71.2516, 46.7836], [-71.2515, 46.784], [-71.2514, 46.7845], [-71.2514, 46.7849], [-71.2513, 46.7853], [-71.2512, 46.7856], [-71.2511, 46.7859], [-71.2509, 46.7861], [-71.2508, 46.7863], [-71.2507, 46.7865], [-71.2506, 46.7866], [-71.2506, 46.7868], [-71.2505, 46.7869], [-71.2505, 46.787], [-71.2505, 46.7871], [-71.2506, 46.7872], [-71.2507, 46.7872], [-71.2508, 46.7873], [-71.2509, 46.7873], [-71.251, 46.7873], [-71.2511, 46.7873], [-71.2512, 46.7872], [-71.2513, 46.7872], [-71.2514, 46.7872], [-71.2515, 46.7871], [-71.2516, 46.7871], [-71.2516, 46.7872], [-71.2516, 46.7873], [-71.2515, 46.7873], [-71.2514, 46.7874], [-71.2513, 46.7874], [-71.2511, 46.7874], [-71.251, 46.7875], [-71.2508, 46.7875], [-71.2507, 46.7875], [-71.2505, 46.7875], [-71.2504, 46.7875], [-71.2502, 46.7875], [-71.2501, 46.7875], [-71.25, 46.7875], [-71.2499, 46.7874], [-71.2498, 46.7874], [-71.2497, 46.7874], [-71.2496, 46.7874], [-71.2495, 46.7874], [-71.2494, 46.7874], [-71.2493, 46.7875], [-71.2492, 46.7875], [-71.2491, 46.7876], [-71.2491, 46.7877], [-71.249, 46.7878], [-71.2491, 46.788], [-71.2491, 46.7881], [-71.2492, 46.7882], [-71.2494, 46.7884], [-71.2496, 46.7886], [-71.2499, 46.7887], [-71.2502, 46.7889], [-71.2504, 46.7891], [-71.2507, 46.7892], [-71.2508, 46.7894], [-71.2509, 46.7895], [-71.251, 46.7896], [-71.251, 46.7897], [-71.2509, 46.7897], [-71.2508, 46.7897], [-71.2508, 46.7898], [-71.2507, 46.7898], [-71.2507, 46.7899], [-71.2507, 46.79], [-71.2506, 46.7901], [-71.2506, 46.7902], [-71.2506, 46.7903], [-71.2507, 46.7904], [-71.2508, 46.7905], [-71.2509, 46.7906], [-71.2511, 46.7906], [-71.2513, 46.7906], [-71.2516, 46.7907], [-71.2519, 46.7906], [-71.2522, 46.7906], [-71.2526, 46.7906], [-71.2529, 46.7906], [-71.2532, 46.7906], [-71.2535, 46.7907], [-71.2538, 46.7907], [-71.254, 46.7908], [-71.2543, 46.7908], [-71.2545, 46.7909], [-71.2548, 46.7909], [-71.255, 46.791], [-71.2552, 46.791], [-71.2554, 46.791], [-71.2556, 46.791], [-71.2558, 46.7909], [-71.2559, 46.7909], [-71.2561, 46.7908], [-71.2563, 46.7907], [-71.2564, 46.7907], [-71.2565, 46.7906], [-71.2567, 46.7906], [-71.2568, 46.7906], [-71.2569, 46.7906], [-71.257, 46.7906], [-71.257, 46.7907], [-71.2571, 46.7907], [-71.2573, 46.7906], [-71.2574, 46.7905], [-71.2576, 46.7904], [-71.2577, 46.7903], [-71.2579, 46.7901], [-71.2581, 46.7899], [-71.2583, 46.7897], [-71.2586, 46.7895], [-71.2589, 46.7894], [-71.2591, 46.7894], [-71.2594, 46.7894], [-71.2597, 46.7895], [-71.26, 46.7897], [-71.2604, 46.7899], [-71.2607, 46.7902], [-71.2611, 46.7905], [-71.2614, 46.7907], [-71.2616, 46.7909], [-71.2619, 46.7911], [-71.2621, 46.7912], [-71.2623, 46.7912], [-71.2625, 46.7913], [-71.2626, 46.7913], [-71.2627, 46.7913], [-71.2629, 46.7912], [-71.263, 46.7912], [-71.2632, 46.7911], [-71.2634, 46.791], [-71.2635, 46.7908], [-71.2637, 46.7907], [-71.2638, 46.7905], [-71.264, 46.7903], [-71.264, 46.7902], [-71.264, 46.79], [-71.264, 46.7898], [-71.2639, 46.7896], [-71.2638, 46.7894], [-71.2636, 46.7893], [-71.2634, 46.7891], [-71.2632, 46.7889], [-71.263, 46.7888], [-71.263, 46.7887], [-71.2631, 46.7887], [-71.2633, 46.7888], [-71.2635, 46.7889], [-71.2637, 46.789], [-71.2638, 46.7891], [-71.264, 46.7892], [-71.2641, 46.7892], [-71.2642, 46.7892], [-71.2643, 46.7892], [-71.2643, 46.7891], [-71.2644, 46.7891], [-71.2644, 46.789], [-71.2644, 46.7889], [-71.2644, 46.7888], [-71.2643, 46.7888], [-71.2642, 46.7887], [-71.2641, 46.7886], [-71.264, 46.7884], [-71.2639, 46.7883], [-71.2638, 46.7882], [-71.2637, 46.7882], [-71.2636, 46.7881], [-71.2636, 46.788], [-71.2637, 46.788], [-71.2637, 46.7881], [-71.2638, 46.7881], [-71.2639, 46.7882], [-71.264, 46.7882], [-71.2641, 46.7882], [-71.2642, 46.7882], [-71.2643, 46.7882], [-71.2644, 46.7882], [-71.2644, 46.7881], [-71.2645, 46.7881], [-71.2645, 46.788], [-71.2645, 46.7879], [-71.2644, 46.7877], [-71.2642, 46.7875], [-71.264, 46.7873], [-71.2637, 46.7871], [-71.2634, 46.7868], [-71.2631, 46.7865], [-71.2628, 46.7863], [-71.2627, 46.7862], [-71.2627, 46.7862], [-71.263, 46.7864], [-71.2633, 46.7866], [-71.2635, 46.7867], [-71.2637, 46.7869], [-71.2639, 46.787], [-71.2641, 46.787], [-71.2642, 46.7871], [-71.2643, 46.7871], [-71.2644, 46.7871], [-71.2645, 46.7871], [-71.2645, 46.787], [-71.2645, 46.7869], [-71.2645, 46.7868], [-71.2644, 46.7867], [-71.2644, 46.7866], [-71.2643, 46.7865], [-71.2643, 46.7864], [-71.2643, 46.7863], [-71.2643, 46.7862], [-71.2644, 46.7861], [-71.2645, 46.7861], [-71.2646, 46.7861], [-71.2647, 46.786], [-71.2648, 46.7859], [-71.2649, 46.7858], [-71.265, 46.7857], [-71.265, 46.7855], [-71.265, 46.7854], [-71.2651, 46.7852], [-71.2651, 46.7851], [-71.265, 46.7849], [-71.265, 46.7848], [-71.2649, 46.7846], [-71.2648, 46.7845], [-71.2646, 46.7844], [-71.2645, 46.7842], [-71.2643, 46.7841], [-71.2643, 46.7839], [-71.2642, 46.7838], [-71.2642, 46.7837], [-71.2643, 46.7836], [-71.2644, 46.7836], [-71.2645, 46.7835], [-71.2647, 46.7835], [-71.2649, 46.7834], [-71.265, 46.7833], [-71.2651, 46.7832], [-71.2652, 46.7831], [-71.2653, 46.783], [-71.2653, 46.7829], [-71.2653, 46.7827], [-71.2653, 46.7825]]]}}, {"type": "Feature", "properties": {"couche": "aire_marche", "station": "Maguire", "ordre": 14, "minutes": 11, "superficie_ha": 121.1, "rue_km": 27.01, "disque_ha": 186.3, "part_disque_pct": 65, "accroche_m": 0, "population": 4947, "navetteurs": 1327, "mode_auto_pct": 64, "mode_tc_pct": 17, "mode_actif_pct": 18, "mode_autre_pct": 1}, "geometry": {"type": "Polygon", "coordinates": [[[-71.2658, 46.7827], [-71.2657, 46.7829], [-71.2656, 46.7831], [-71.2655, 46.7832], [-71.2654, 46.7833], [-71.2652, 46.7834], [-71.2651, 46.7835], [-71.2649, 46.7836], [-71.2646, 46.7836], [-71.2645, 46.7836], [-71.2644, 46.7837], [-71.2643, 46.7838], [-71.2643, 46.7839], [-71.2644, 46.784], [-71.2645, 46.7841], [-71.2647, 46.7843], [-71.265, 46.7844], [-71.2652, 46.7846], [-71.2653, 46.7847], [-71.2655, 46.7849], [-71.2655, 46.785], [-71.2656, 46.7851], [-71.2656, 46.7853], [-71.2655, 46.7854], [-71.2654, 46.7855], [-71.2653, 46.7856], [-71.2653, 46.7857], [-71.2652, 46.7858], [-71.2652, 46.7859], [-71.2652, 46.786], [-71.2653, 46.7861], [-71.2653, 46.7862], [-71.2654, 46.7863], [-71.2654, 46.7864], [-71.2653, 46.7864], [-71.2653, 46.7865], [-71.2652, 46.7865], [-71.2651, 46.7866], [-71.265, 46.7866], [-71.2649, 46.7866], [-71.2649, 46.7867], [-71.2649, 46.7868], [-71.2649, 46.7869], [-71.265, 46.787], [-71.2651, 46.7872], [-71.2651, 46.7873], [-71.2651, 46.7874], [-71.2651, 46.7875], [-71.2651, 46.7876], [-71.265, 46.7876], [-71.2649, 46.7876], [-71.2648, 46.7875], [-71.2646, 46.7875], [-71.2644, 46.7874], [-71.2642, 46.7872], [-71.2639, 46.7871], [-71.2637, 46.7869], [-71.2633, 46.7866], [-71.263, 46.7864], [-71.2633, 46.7867], [-71.2638, 46.7871], [-71.2641, 46.7874], [-71.2644, 46.7877], [-71.2647, 46.7879], [-71.2649, 46.7881], [-71.265, 46.7883], [-71.265, 46.7884], [-71.265, 46.7885], [-71.2649, 46.7886], [-71.2648, 46.7886], [-71.2647, 46.7886], [-71.2646, 46.7886], [-71.2645, 46.7886], [-71.2643, 46.7885], [-71.2642, 46.7885], [-71.2641, 46.7884], [-71.2639, 46.7883], [-71.2638, 46.7882], [-71.2638, 46.7883], [-71.264, 46.7884], [-71.2641, 46.7886], [-71.2644, 46.7888], [-71.2646, 46.789], [-71.2647, 46.7891], [-71.2648, 46.7893], [-71.2649, 46.7894], [-71.2649, 46.7895], [-71.2649, 46.7896], [-71.2649, 46.7897], [-71.2648, 46.7898], [-71.2647, 46.7898], [-71.2647, 46.7899], [-71.2647, 46.79], [-71.2647, 46.7901], [-71.2647, 46.7902], [-71.2647, 46.7903], [-71.2648, 46.7904], [-71.2648, 46.7905], [-71.2648, 46.7906], [-71.2647, 46.7906], [-71.2646, 46.7907], [-71.2644, 46.7906], [-71.2643, 46.7906], [-71.2642, 46.7906], [-71.2641, 46.7906], [-71.264, 46.7906], [-71.2639, 46.7907], [-71.2639, 46.7908], [-71.2639, 46.7909], [-71.2639, 46.791], [-71.2639, 46.7911], [-71.2639, 46.7912], [-71.2639, 46.7913], [-71.2638, 46.7913], [-71.2637, 46.7914], [-71.2637, 46.7915], [-71.2636, 46.7915], [-71.2635, 46.7916], [-71.2633, 46.7916], [-71.2632, 46.7916], [-71.263, 46.7917], [-71.2628, 46.7917], [-71.2626, 46.7917], [-71.2623, 46.7916], [-71.2621, 46.7916], [-71.2619, 46.7916], [-71.2617, 46.7915], [-71.2615, 46.7915], [-71.2614, 46.7914], [-71.2614, 46.7913], [-71.2614, 46.7912], [-71.2615, 46.7911], [-71.2615, 46.791], [-71.2615, 46.7909], [-71.2614, 46.7908], [-71.2613, 46.7906], [-71.2611, 46.7904], [-71.2609, 46.7902], [-71.2606, 46.79], [-71.2603, 46.7897], [-71.26, 46.7895], [-71.2597, 46.7894], [-71.2594, 46.7893], [-71.2592, 46.7892], [-71.259, 46.7892], [-71.2587, 46.7893], [-71.2586, 46.7894], [-71.2584, 46.7895], [-71.2583, 46.7896], [-71.2582, 46.7898], [-71.2581, 46.7899], [-71.258, 46.79], [-71.258, 46.7901], [-71.258, 46.7903], [-71.258, 46.7904], [-71.2581, 46.7905], [-71.2581, 46.7906], [-71.2581, 46.7907], [-71.258, 46.7908], [-71.2579, 46.7909], [-71.2577, 46.791], [-71.2576, 46.7911], [-71.2573, 46.7912], [-71.2571, 46.7913], [-71.2568, 46.7914], [-71.2565, 46.7914], [-71.2563, 46.7915], [-71.2561, 46.7915], [-71.2558, 46.7915], [-71.2556, 46.7915], [-71.2554, 46.7915], [-71.2552, 46.7915], [-71.255, 46.7915], [-71.2548, 46.7915], [-71.2546, 46.7915], [-71.2545, 46.7914], [-71.2544, 46.7914], [-71.2543, 46.7913], [-71.2542, 46.7912], [-71.2541, 46.7912], [-71.2539, 46.7911], [-71.2537, 46.7911], [-71.2535, 46.7911], [-71.2533, 46.7911], [-71.253, 46.7912], [-71.2527, 46.7912], [-71.2525, 46.7912], [-71.2522, 46.7912], [-71.252, 46.7912], [-71.2519, 46.7912], [-71.2517, 46.7912], [-71.2516, 46.7911], [-71.2515, 46.791], [-71.2515, 46.7909], [-71.2514, 46.7909], [-71.2513, 46.7909], [-71.2512, 46.7909], [-71.2511, 46.7909], [-71.2509, 46.7909], [-71.2508, 46.7909], [-71.2506, 46.7909], [-71.2504, 46.791], [-71.2503, 46.791], [-71.2501, 46.791], [-71.2501, 46.7909], [-71.25, 46.7909], [-71.2499, 46.7908], [-71.2499, 46.7907], [-71.2499, 46.7906], [-71.2499, 46.7905], [-71.25, 46.7905], [-71.25, 46.7904], [-71.2501, 46.7903], [-71.2502, 46.7902], [-71.2503, 46.7902], [-71.2504, 46.7902], [-71.2504, 46.7901], [-71.2503, 46.79], [-71.2502, 46.7898], [-71.2501, 46.7897], [-71.2498, 46.7895], [-71.2496, 46.7893], [-71.2492, 46.789], [-71.249, 46.7888], [-71.2488, 46.7885], [-71.2487, 46.7883], [-71.2486, 46.7881], [-71.2487, 46.7879], [-71.2488, 46.7877], [-71.2489, 46.7875], [-71.2492, 46.7873], [-71.2494, 46.7872], [-71.2496, 46.787], [-71.2497, 46.7868], [-71.2499, 46.7867], [-71.25, 46.7865], [-71.2501, 46.7863], [-71.2502, 46.7862], [-71.2502, 46.786], [-71.2503, 46.7858], [-71.2503, 46.7857], [-71.2504, 46.7856], [-71.2505, 46.7855], [-71.2506, 46.7855], [-71.2507, 46.7854], [-71.2508, 46.7854], [-71.2509, 46.7854], [-71.251, 46.7854], [-71.2511, 46.7854], [-71.2511, 46.7853], [-71.2511, 46.7852], [-71.2511, 46.7851], [-71.251, 46.785], [-71.2509, 46.7849], [-71.2508, 46.7848], [-71.2507, 46.7847], [-71.2506, 46.7846], [-71.2506, 46.7845], [-71.2506, 46.7844], [-71.2507, 46.7843], [-71.2508, 46.7842], [-71.2508, 46.7841], [-71.2509, 46.784], [-71.2509, 46.7839], [-71.2509, 46.7838], [-71.2509, 46.7836], [-71.2509, 46.7835], [-71.2508, 46.7833], [-71.2508, 46.7831], [-71.2508, 46.783], [-71.2508, 46.7829], [-71.2508, 46.7828], [-71.2509, 46.7827], [-71.2509, 46.7826], [-71.251, 46.7825], [-71.2511, 46.7825], [-71.2512, 46.7824], [-71.2512, 46.7823], [-71.2512, 46.7822], [-71.2511, 46.7822], [-71.2511, 46.7821], [-71.251, 46.782], [-71.251, 46.7819], [-71.251, 46.7818], [-71.251, 46.7817], [-71.2511, 46.7817], [-71.2512, 46.7816], [-71.2513, 46.7815], [-71.2513, 46.7814], [-71.2514, 46.7813], [-71.2513, 46.7812], [-71.2513, 46.7811], [-71.2513, 46.781], [-71.2513, 46.7809], [-71.2514, 46.7809], [-71.2515, 46.7809], [-71.2516, 46.7809], [-71.2517, 46.781], [-71.2519, 46.7811], [-71.2521, 46.7812], [-71.2523, 46.7812], [-71.2525, 46.7813], [-71.2527, 46.7813], [-71.2528, 46.7813], [-71.253, 46.7813], [-71.2531, 46.7813], [-71.2532, 46.7812], [-71.2533, 46.7811], [-71.2534, 46.781], [-71.2535, 46.781], [-71.2536, 46.7809], [-71.2537, 46.7809], [-71.2538, 46.7809], [-71.2539, 46.7808], [-71.2541, 46.7808], [-71.2542, 46.7809], [-71.2544, 46.7809], [-71.2545, 46.7809], [-71.2546, 46.7809], [-71.2547, 46.781], [-71.2548, 46.7811], [-71.2548, 46.7812], [-71.2548, 46.7813], [-71.2547, 46.7814], [-71.2546, 46.7815], [-71.2545, 46.7816], [-71.2543, 46.7817], [-71.2542, 46.7818], [-71.2544, 46.7817], [-71.2546, 46.7816], [-71.2547, 46.7815], [-71.2549, 46.7814], [-71.255, 46.7813], [-71.2551, 46.7813], [-71.2552, 46.7812], [-71.2553, 46.7811], [-71.2554, 46.781], [-71.2555, 46.781], [-71.2556, 46.781], [-71.2557, 46.781], [-71.2558, 46.7811], [-71.2559, 46.7811], [-71.2561, 46.7812], [-71.2562, 46.7813], [-71.2563, 46.7813], [-71.2565, 46.7813], [-71.2566, 46.7813], [-71.2568, 46.7813], [-71.2569, 46.7813], [-71.2571, 46.7813], [-71.2573, 46.7813], [-71.2574, 46.7812], [-71.2575, 46.7812], [-71.2576, 46.7813], [-71.2576, 46.7814], [-71.2576, 46.7815], [-71.2575, 46.7816], [-71.2574, 46.7817], [-71.2574, 46.7818], [-71.2575, 46.7817], [-71.2576, 46.7817], [-71.2577, 46.7816], [-71.2579, 46.7815], [-71.2581, 46.7813], [-71.2582, 46.7812], [-71.2584, 46.7811], [-71.2586, 46.781], [-71.2588, 46.781], [-71.259, 46.781], [-71.2591, 46.781], [-71.2593, 46.781], [-71.2595, 46.7811], [-71.2596, 46.7811], [-71.2598, 46.7812], [-71.2599, 46.7812], [-71.26, 46.7812], [-71.2602, 46.7812], [-71.2603, 46.7811], [-71.2604, 46.7811], [-71.2605, 46.781], [-71.2606, 46.781], [-71.2607, 46.781], [-71.2609, 46.781], [-71.261, 46.781], [-71.2611, 46.781], [-71.2613, 46.781], [-71.2614, 46.781], [-71.2615, 46.7811], [-71.2617, 46.7811], [-71.2618, 46.7811], [-71.2619, 46.7812], [-71.262, 46.7812], [-71.2622, 46.7812], [-71.2623, 46.7812], [-71.2624, 46.7811], [-71.2625, 46.7811], [-71.2626, 46.7811], [-71.2627, 46.7811], [-71.2628, 46.7811], [-71.2628, 46.7812], [-71.2629, 46.7813], [-71.2629, 46.7814], [-71.263, 46.7816], [-71.263, 46.7817], [-71.263, 46.7819], [-71.263, 46.782], [-71.263, 46.7821], [-71.2629, 46.7822], [-71.2628, 46.7823], [-71.2627, 46.7823], [-71.2626, 46.7823], [-71.2625, 46.7823], [-71.2623, 46.7823], [-71.2622, 46.7823], [-71.2621, 46.7823], [-71.262, 46.7823], [-71.2619, 46.7823], [-71.2618, 46.7823], [-71.2618, 46.7824], [-71.2618, 46.7825], [-71.2619, 46.7826], [-71.262, 46.7827], [-71.2621, 46.7828], [-71.2622, 46.7829], [-71.2623, 46.783], [-71.2624, 46.783], [-71.2625, 46.783], [-71.2626, 46.783], [-71.2627, 46.783], [-71.2628, 46.783], [-71.2629, 46.7829], [-71.2631, 46.7829], [-71.2632, 46.7828], [-71.2633, 46.7826], [-71.2634, 46.7825], [-71.2635, 46.7824], [-71.2636, 46.7822], [-71.2637, 46.782], [-71.2638, 46.7818], [-71.2639, 46.7816], [-71.264, 46.7815], [-71.2642, 46.7814], [-71.2643, 46.7813], [-71.2645, 46.7813], [-71.2647, 46.7813], [-71.2649, 46.7813], [-71.2651, 46.7814], [-71.2653, 46.7815], [-71.2655, 46.7816], [-71.2656, 46.7817], [-71.2657, 46.7819], [-71.2658, 46.782], [-71.2658, 46.7822], [-71.2658, 46.7824], [-71.2658, 46.7827]]]}}, {"type": "Feature", "properties": {"couche": "voile", "station": "Maguire", "minutes": 11}, "geometry": {"type": "Polygon", "coordinates": [[[-71.425, 46.8985], [-71.0927, 46.9007], [-71.0902, 46.6738], [-71.4211, 46.6716], [-71.425, 46.8985]], [[-71.2658, 46.7824], [-71.2658, 46.7822], [-71.2658, 46.782], [-71.2657, 46.7819], [-71.2656, 46.7817], [-71.2655, 46.7816], [-71.2653, 46.7815], [-71.2651, 46.7814], [-71.2649, 46.7813], [-71.2647, 46.7813], [-71.2645, 46.7813], [-71.2643, 46.7813], [-71.2642, 46.7814], [-71.264, 46.7815], [-71.2639, 46.7816], [-71.2638, 46.7818], [-71.2637, 46.782], [-71.2636, 46.7822], [-71.2635, 46.7824], [-71.2634, 46.7825], [-71.2633, 46.7826], [-71.2632, 46.7828], [-71.2631, 46.7829], [-71.2629, 46.7829], [-71.2628, 46.783], [-71.2627, 46.783], [-71.2626, 46.783], [-71.2625, 46.783], [-71.2624, 46.783], [-71.2623, 46.783], [-71.2622, 46.7829], [-71.2621, 46.7828], [-71.262, 46.7827], [-71.2619, 46.7826], [-71.2618, 46.7825], [-71.2618, 46.7824], [-71.2618, 46.7823], [-71.2619, 46.7823], [-71.262, 46.7823], [-71.2621, 46.7823], [-71.2622, 46.7823], [-71.2623, 46.7823], [-71.2625, 46.7823], [-71.2626, 46.7823], [-71.2627, 46.7823], [-71.2628, 46.7823], [-71.2629, 46.7822], [-71.263, 46.7821], [-71.263, 46.782], [-71.263, 46.7819], [-71.263, 46.7817], [-71.263, 46.7816], [-71.2629, 46.7814], [-71.2629, 46.7813], [-71.2628, 46.7812], [-71.2628, 46.7811], [-71.2627, 46.7811], [-71.2626, 46.7811], [-71.2625, 46.7811], [-71.2624, 46.7811], [-71.2623, 46.7812], [-71.2622, 46.7812], [-71.262, 46.7812], [-71.2619, 46.7812], [-71.2618, 46.7811], [-71.2617, 46.7811], [-71.2615, 46.7811], [-71.2614, 46.781], [-71.2613, 46.781], [-71.2611, 46.781], [-71.261, 46.781], [-71.2609, 46.781], [-71.2607, 46.781], [-71.2606, 46.781], [-71.2605, 46.781], [-71.2604, 46.7811], [-71.2603, 46.7811], [-71.2602, 46.7812], [-71.26, 46.7812], [-71.2599, 46.7812], [-71.2598, 46.7812], [-71.2596, 46.7811], [-71.2595, 46.7811], [-71.2593, 46.781], [-71.2591, 46.781], [-71.259, 46.781], [-71.2588, 46.781], [-71.2586, 46.781], [-71.2584, 46.7811], [-71.2582, 46.7812], [-71.2581, 46.7813], [-71.2579, 46.7815], [-71.2577, 46.7816], [-71.2576, 46.7817], [-71.2575, 46.7817], [-71.2574, 46.7818], [-71.2574, 46.7817], [-71.2575, 46.7816], [-71.2576, 46.7815], [-71.2576, 46.7814], [-71.2576, 46.7813], [-71.2575, 46.7812], [-71.2574, 46.7812], [-71.2573, 46.7813], [-71.2571, 46.7813], [-71.2569, 46.7813], [-71.2568, 46.7813], [-71.2566, 46.7813], [-71.2565, 46.7813], [-71.2563, 46.7813], [-71.2562, 46.7813], [-71.2561, 46.7812], [-71.2559, 46.7811], [-71.2558, 46.7811], [-71.2557, 46.781], [-71.2556, 46.781], [-71.2555, 46.781], [-71.2554, 46.781], [-71.2553, 46.7811], [-71.2552, 46.7812], [-71.2551, 46.7813], [-71.255, 46.7813], [-71.2549, 46.7814], [-71.2547, 46.7815], [-71.2546, 46.7816], [-71.2544, 46.7817], [-71.2542, 46.7818], [-71.2543, 46.7817], [-71.2545, 46.7816], [-71.2546, 46.7815], [-71.2547, 46.7814], [-71.2548, 46.7813], [-71.2548, 46.7812], [-71.2548, 46.7811], [-71.2547, 46.781], [-71.2546, 46.7809], [-71.2545, 46.7809], [-71.2544, 46.7809], [-71.2542, 46.7809], [-71.2541, 46.7808], [-71.2539, 46.7808], [-71.2538, 46.7809], [-71.2537, 46.7809], [-71.2536, 46.7809], [-71.2535, 46.781], [-71.2534, 46.781], [-71.2533, 46.7811], [-71.2532, 46.7812], [-71.2531, 46.7813], [-71.253, 46.7813], [-71.2528, 46.7813], [-71.2527, 46.7813], [-71.2525, 46.7813], [-71.2523, 46.7812], [-71.2521, 46.7812], [-71.2519, 46.7811], [-71.2517, 46.781], [-71.2516, 46.7809], [-71.2515, 46.7809], [-71.2514, 46.7809], [-71.2513, 46.7809], [-71.2513, 46.781], [-71.2513, 46.7811], [-71.2513, 46.7812], [-71.2514, 46.7813], [-71.2513, 46.7814], [-71.2513, 46.7815], [-71.2512, 46.7816], [-71.2511, 46.7817], [-71.251, 46.7817], [-71.251, 46.7818], [-71.251, 46.7819], [-71.251, 46.782], [-71.2511, 46.7821], [-71.2511, 46.7822], [-71.2512, 46.7822], [-71.2512, 46.7823], [-71.2512, 46.7824], [-71.2511, 46.7825], [-71.251, 46.7825], [-71.2509, 46.7826], [-71.2509, 46.7827], [-71.2508, 46.7828], [-71.2508, 46.7829], [-71.2508, 46.783], [-71.2508, 46.7831], [-71.2508, 46.7833], [-71.2509, 46.7835], [-71.2509, 46.7836], [-71.2509, 46.7838], [-71.2509, 46.7839], [-71.2509, 46.784], [-71.2508, 46.7841], [-71.2508, 46.7842], [-71.2507, 46.7843], [-71.2506, 46.7844], [-71.2506, 46.7845], [-71.2506, 46.7846], [-71.2507, 46.7847], [-71.2508, 46.7848], [-71.2509, 46.7849], [-71.251, 46.785], [-71.2511, 46.7851], [-71.2511, 46.7852], [-71.2511, 46.7853], [-71.2511, 46.7854], [-71.251, 46.7854], [-71.2509, 46.7854], [-71.2508, 46.7854], [-71.2507, 46.7854], [-71.2506, 46.7855], [-71.2505, 46.7855], [-71.2504, 46.7856], [-71.2503, 46.7857], [-71.2503, 46.7858], [-71.2502, 46.786], [-71.2502, 46.7862], [-71.2501, 46.7863], [-71.25, 46.7865], [-71.2499, 46.7867], [-71.2497, 46.7868], [-71.2496, 46.787], [-71.2494, 46.7872], [-71.2492, 46.7873], [-71.2489, 46.7875], [-71.2488, 46.7877], [-71.2487, 46.7879], [-71.2486, 46.7881], [-71.2487, 46.7883], [-71.2488, 46.7885], [-71.249, 46.7888], [-71.2492, 46.789], [-71.2496, 46.7893], [-71.2498, 46.7895], [-71.2501, 46.7897], [-71.2502, 46.7898], [-71.2503, 46.79], [-71.2504, 46.7901], [-71.2504, 46.7902], [-71.2503, 46.7902], [-71.2502, 46.7902], [-71.2501, 46.7903], [-71.25, 46.7904], [-71.25, 46.7905], [-71.2499, 46.7905], [-71.2499, 46.7906], [-71.2499, 46.7907], [-71.2499, 46.7908], [-71.25, 46.7909], [-71.2501, 46.7909], [-71.2501, 46.791], [-71.2503, 46.791], [-71.2504, 46.791], [-71.2506, 46.7909], [-71.2508, 46.7909], [-71.2509, 46.7909], [-71.2511, 46.7909], [-71.2512, 46.7909], [-71.2513, 46.7909], [-71.2514, 46.7909], [-71.2515, 46.7909], [-71.2515, 46.791], [-71.2516, 46.7911], [-71.2517, 46.7912], [-71.2519, 46.7912], [-71.252, 46.7912], [-71.2522, 46.7912], [-71.2525, 46.7912], [-71.2527, 46.7912], [-71.253, 46.7912], [-71.2533, 46.7911], [-71.2535, 46.7911], [-71.2537, 46.7911], [-71.2539, 46.7911], [-71.2541, 46.7912], [-71.2542, 46.7912], [-71.2543, 46.7913], [-71.2544, 46.7914], [-71.2545, 46.7914], [-71.2546, 46.7915], [-71.2548, 46.7915], [-71.255, 46.7915], [-71.2552, 46.7915], [-71.2554, 46.7915], [-71.2556, 46.7915], [-71.2558, 46.7915], [-71.2561, 46.7915], [-71.2563, 46.7915], [-71.2565, 46.7914], [-71.2568, 46.7914], [-71.2571, 46.7913], [-71.2573, 46.7912], [-71.2576, 46.7911], [-71.2577, 46.791], [-71.2579, 46.7909], [-71.258, 46.7908], [-71.2581, 46.7907], [-71.2581, 46.7906], [-71.2581, 46.7905], [-71.258, 46.7904], [-71.258, 46.7903], [-71.258, 46.7901], [-71.258, 46.79], [-71.2581, 46.7899], [-71.2582, 46.7898], [-71.2583, 46.7896], [-71.2584, 46.7895], [-71.2586, 46.7894], [-71.2587, 46.7893], [-71.259, 46.7892], [-71.2592, 46.7892], [-71.2594, 46.7893], [-71.2597, 46.7894], [-71.26, 46.7895], [-71.2603, 46.7897], [-71.2606, 46.79], [-71.2609, 46.7902], [-71.2611, 46.7904], [-71.2613, 46.7906], [-71.2614, 46.7908], [-71.2615, 46.7909], [-71.2615, 46.791], [-71.2615, 46.7911], [-71.2614, 46.7912], [-71.2614, 46.7913], [-71.2614, 46.7914], [-71.2615, 46.7915], [-71.2617, 46.7915], [-71.2619, 46.7916], [-71.2621, 46.7916], [-71.2623, 46.7916], [-71.2626, 46.7917], [-71.2628, 46.7917], [-71.263, 46.7917], [-71.2632, 46.7916], [-71.2633, 46.7916], [-71.2635, 46.7916], [-71.2636, 46.7915], [-71.2637, 46.7915], [-71.2637, 46.7914], [-71.2638, 46.7913], [-71.2639, 46.7913], [-71.2639, 46.7912], [-71.2639, 46.7911], [-71.2639, 46.791], [-71.2639, 46.7909], [-71.2639, 46.7908], [-71.2639, 46.7907], [-71.264, 46.7906], [-71.2641, 46.7906], [-71.2642, 46.7906], [-71.2643, 46.7906], [-71.2644, 46.7906], [-71.2646, 46.7907], [-71.2647, 46.7906], [-71.2648, 46.7906], [-71.2648, 46.7905], [-71.2648, 46.7904], [-71.2647, 46.7903], [-71.2647, 46.7902], [-71.2647, 46.7901], [-71.2647, 46.79], [-71.2647, 46.7899], [-71.2647, 46.7898], [-71.2648, 46.7898], [-71.2649, 46.7897], [-71.2649, 46.7896], [-71.2649, 46.7895], [-71.2649, 46.7894], [-71.2648, 46.7893], [-71.2647, 46.7891], [-71.2646, 46.789], [-71.2644, 46.7888], [-71.2641, 46.7886], [-71.264, 46.7884], [-71.2638, 46.7883], [-71.2638, 46.7882], [-71.2639, 46.7883], [-71.2641, 46.7884], [-71.2642, 46.7885], [-71.2643, 46.7885], [-71.2645, 46.7886], [-71.2646, 46.7886], [-71.2647, 46.7886], [-71.2648, 46.7886], [-71.2649, 46.7886], [-71.265, 46.7885], [-71.265, 46.7884], [-71.265, 46.7883], [-71.2649, 46.7881], [-71.2647, 46.7879], [-71.2644, 46.7877], [-71.2641, 46.7874], [-71.2638, 46.7871], [-71.2633, 46.7867], [-71.263, 46.7864], [-71.2633, 46.7866], [-71.2637, 46.7869], [-71.2639, 46.7871], [-71.2642, 46.7872], [-71.2644, 46.7874], [-71.2646, 46.7875], [-71.2648, 46.7875], [-71.2649, 46.7876], [-71.265, 46.7876], [-71.2651, 46.7876], [-71.2651, 46.7875], [-71.2651, 46.7874], [-71.2651, 46.7873], [-71.2651, 46.7872], [-71.265, 46.787], [-71.2649, 46.7869], [-71.2649, 46.7868], [-71.2649, 46.7867], [-71.2649, 46.7866], [-71.265, 46.7866], [-71.2651, 46.7866], [-71.2652, 46.7865], [-71.2653, 46.7865], [-71.2653, 46.7864], [-71.2654, 46.7864], [-71.2654, 46.7863], [-71.2653, 46.7862], [-71.2653, 46.7861], [-71.2652, 46.786], [-71.2652, 46.7859], [-71.2652, 46.7858], [-71.2653, 46.7857], [-71.2653, 46.7856], [-71.2654, 46.7855], [-71.2655, 46.7854], [-71.2656, 46.7853], [-71.2656, 46.7851], [-71.2655, 46.785], [-71.2655, 46.7849], [-71.2653, 46.7847], [-71.2652, 46.7846], [-71.265, 46.7844], [-71.2647, 46.7843], [-71.2645, 46.7841], [-71.2644, 46.784], [-71.2643, 46.7839], [-71.2643, 46.7838], [-71.2644, 46.7837], [-71.2645, 46.7836], [-71.2646, 46.7836], [-71.2649, 46.7836], [-71.2651, 46.7835], [-71.2652, 46.7834], [-71.2654, 46.7833], [-71.2655, 46.7832], [-71.2656, 46.7831], [-71.2657, 46.7829], [-71.2658, 46.7827], [-71.2658, 46.7824]]]}}, {"type": "Feature", "properties": {"couche": "aire_marche", "station": "Maguire", "ordre": 14, "minutes": 12, "superficie_ha": 146.3, "rue_km": 32.44, "disque_ha": 221.7, "part_disque_pct": 66, "accroche_m": 0, "population": 5888, "navetteurs": 1578, "mode_auto_pct": 64, "mode_tc_pct": 17, "mode_actif_pct": 18, "mode_autre_pct": 1}, "geometry": {"type": "Polygon", "coordinates": [[[-71.2661, 46.783], [-71.2659, 46.7833], [-71.2657, 46.7835], [-71.2655, 46.7836], [-71.2653, 46.7838], [-71.2651, 46.7838], [-71.2649, 46.7839], [-71.2647, 46.7839], [-71.2645, 46.7838], [-71.2644, 46.7838], [-71.2643, 46.7838], [-71.2642, 46.7838], [-71.2642, 46.7839], [-71.2643, 46.784], [-71.2644, 46.7841], [-71.2646, 46.7843], [-71.2647, 46.7844], [-71.2649, 46.7845], [-71.265, 46.7845], [-71.2651, 46.7846], [-71.2652, 46.7846], [-71.2653, 46.7846], [-71.2654, 46.7846], [-71.2655, 46.7846], [-71.2656, 46.7845], [-71.2657, 46.7845], [-71.2658, 46.7845], [-71.2659, 46.7845], [-71.266, 46.7845], [-71.266, 46.7846], [-71.2661, 46.7846], [-71.2662, 46.7846], [-71.2663, 46.7847], [-71.2663, 46.7848], [-71.2663, 46.7849], [-71.2662, 46.785], [-71.2661, 46.7851], [-71.266, 46.7852], [-71.2659, 46.7852], [-71.2659, 46.7853], [-71.2659, 46.7854], [-71.266, 46.7855], [-71.266, 46.7856], [-71.2661, 46.7856], [-71.2662, 46.7857], [-71.2662, 46.7858], [-71.2662, 46.7859], [-71.2662, 46.786], [-71.2661, 46.7861], [-71.266, 46.7861], [-71.2659, 46.7862], [-71.2658, 46.7863], [-71.2658, 46.7864], [-71.2658, 46.7865], [-71.2659, 46.7866], [-71.266, 46.7867], [-71.266, 46.7868], [-71.266, 46.7869], [-71.2659, 46.7869], [-71.2659, 46.787], [-71.2658, 46.787], [-71.2657, 46.787], [-71.2656, 46.787], [-71.2656, 46.7871], [-71.2655, 46.7871], [-71.2655, 46.7872], [-71.2656, 46.7872], [-71.2657, 46.7873], [-71.2658, 46.7873], [-71.2659, 46.7874], [-71.266, 46.7875], [-71.266, 46.7876], [-71.266, 46.7877], [-71.266, 46.7878], [-71.2659, 46.7878], [-71.2659, 46.7879], [-71.2658, 46.788], [-71.2657, 46.788], [-71.2656, 46.788], [-71.2655, 46.7881], [-71.2654, 46.788], [-71.2652, 46.7879], [-71.265, 46.7878], [-71.2647, 46.7876], [-71.2644, 46.7874], [-71.2641, 46.7872], [-71.2637, 46.7869], [-71.2632, 46.7866], [-71.263, 46.7865], [-71.2631, 46.7866], [-71.2635, 46.7869], [-71.2641, 46.7873], [-71.2645, 46.7877], [-71.2649, 46.7881], [-71.2652, 46.7884], [-71.2654, 46.7887], [-71.2656, 46.7891], [-71.2657, 46.7894], [-71.2657, 46.7897], [-71.2657, 46.7899], [-71.2656, 46.7902], [-71.2655, 46.7904], [-71.2654, 46.7906], [-71.2652, 46.7908], [-71.265, 46.791], [-71.2648, 46.7912], [-71.2646, 46.7914], [-71.2643, 46.7915], [-71.264, 46.7916], [-71.2637, 46.7918], [-71.2634, 46.7918], [-71.2631, 46.7919], [-71.2628, 46.792], [-71.2625, 46.792], [-71.2622, 46.792], [-71.2618, 46.792], [-71.2616, 46.792], [-71.2613, 46.792], [-71.2611, 46.7919], [-71.2609, 46.7918], [-71.2608, 46.7917], [-71.2607, 46.7916], [-71.2606, 46.7915], [-71.2606, 46.7913], [-71.2606, 46.7911], [-71.2606, 46.791], [-71.2606, 46.7909], [-71.2607, 46.7909], [-71.2608, 46.7908], [-71.2609, 46.7908], [-71.261, 46.7908], [-71.2612, 46.7908], [-71.2613, 46.7908], [-71.2613, 46.7907], [-71.2613, 46.7906], [-71.2612, 46.7905], [-71.2611, 46.7904], [-71.2609, 46.7902], [-71.2606, 46.79], [-71.2603, 46.7897], [-71.26, 46.7895], [-71.2597, 46.7894], [-71.2594, 46.7893], [-71.2592, 46.7892], [-71.259, 46.7892], [-71.2587, 46.7893], [-71.2586, 46.7894], [-71.2584, 46.7895], [-71.2583, 46.7896], [-71.2582, 46.7897], [-71.2582, 46.7898], [-71.2582, 46.7899], [-71.2583, 46.79], [-71.2584, 46.79], [-71.2586, 46.79], [-71.2588, 46.79], [-71.2589, 46.7901], [-71.259, 46.7902], [-71.2591, 46.7903], [-71.2591, 46.7905], [-71.2591, 46.7906], [-71.259, 46.7908], [-71.259, 46.7909], [-71.2589, 46.791], [-71.2588, 46.7911], [-71.2587, 46.7912], [-71.2586, 46.7913], [-71.2585, 46.7913], [-71.2584, 46.7913], [-71.2583, 46.7913], [-71.2581, 46.7913], [-71.258, 46.7913], [-71.2579, 46.7914], [-71.2577, 46.7914], [-71.2576, 46.7915], [-71.2574, 46.7915], [-71.2573, 46.7916], [-71.2572, 46.7917], [-71.257, 46.7918], [-71.2569, 46.7919], [-71.2567, 46.792], [-71.2565, 46.792], [-71.2564, 46.792], [-71.2562, 46.792], [-71.256, 46.792], [-71.2558, 46.792], [-71.2556, 46.792], [-71.2554, 46.792], [-71.2553, 46.792], [-71.2552, 46.7919], [-71.2551, 46.7919], [-71.255, 46.7918], [-71.2549, 46.7917], [-71.2548, 46.7916], [-71.2547, 46.7916], [-71.2546, 46.7916], [-71.2545, 46.7916], [-71.2544, 46.7917], [-71.2543, 46.7917], [-71.2542, 46.7918], [-71.254, 46.7918], [-71.2539, 46.7918], [-71.2537, 46.7919], [-71.2536, 46.7919], [-71.2534, 46.7919], [-71.2532, 46.7919], [-71.253, 46.7919], [-71.2528, 46.7918], [-71.2526, 46.7918], [-71.2525, 46.7918], [-71.2523, 46.7918], [-71.2522, 46.7917], [-71.2521, 46.7916], [-71.252, 46.7915], [-71.2519, 46.7915], [-71.2518, 46.7915], [-71.2517, 46.7915], [-71.2516, 46.7915], [-71.2515, 46.7915], [-71.2514, 46.7916], [-71.2513, 46.7916], [-71.2512, 46.7916], [-71.2511, 46.7916], [-71.251, 46.7916], [-71.2509, 46.7916], [-71.2509, 46.7915], [-71.2508, 46.7915], [-71.2508, 46.7914], [-71.2507, 46.7914], [-71.2507, 46.7913], [-71.2506, 46.7913], [-71.2505, 46.7913], [-71.2503, 46.7913], [-71.2502, 46.7913], [-71.25, 46.7913], [-71.2498, 46.7914], [-71.2497, 46.7914], [-71.2495, 46.7914], [-71.2494, 46.7914], [-71.2493, 46.7914], [-71.2493, 46.7913], [-71.2492, 46.7913], [-71.2492, 46.7912], [-71.2492, 46.7911], [-71.2492, 46.791], [-71.2492, 46.7909], [-71.2493, 46.7909], [-71.2493, 46.7908], [-71.2494, 46.7908], [-71.2494, 46.7907], [-71.2495, 46.7907], [-71.2496, 46.7907], [-71.2497, 46.7907], [-71.2497, 46.7906], [-71.2498, 46.7906], [-71.2498, 46.7905], [-71.2498, 46.7904], [-71.2497, 46.7904], [-71.2497, 46.7903], [-71.2496, 46.7902], [-71.2495, 46.7901], [-71.2495, 46.79], [-71.2495, 46.7899], [-71.2495, 46.7898], [-71.2496, 46.7898], [-71.2497, 46.7898], [-71.2498, 46.7897], [-71.2499, 46.7896], [-71.2498, 46.7895], [-71.2498, 46.7894], [-71.2497, 46.7893], [-71.2495, 46.7891], [-71.2494, 46.789], [-71.2492, 46.7889], [-71.2491, 46.7888], [-71.2489, 46.7887], [-71.2488, 46.7887], [-71.2487, 46.7887], [-71.2486, 46.7887], [-71.2485, 46.7887], [-71.2484, 46.7888], [-71.2483, 46.7888], [-71.2482, 46.7888], [-71.2481, 46.7888], [-71.248, 46.7888], [-71.2479, 46.7888], [-71.2478, 46.7887], [-71.2477, 46.7887], [-71.2477, 46.7886], [-71.2476, 46.7885], [-71.2477, 46.7884], [-71.2477, 46.7883], [-71.2478, 46.7882], [-71.248, 46.788], [-71.2482, 46.7879], [-71.2484, 46.7877], [-71.2487, 46.7875], [-71.2488, 46.7873], [-71.249, 46.7872], [-71.2491, 46.787], [-71.2492, 46.7868], [-71.2492, 46.7866], [-71.2493, 46.7865], [-71.2493, 46.7863], [-71.2493, 46.7861], [-71.2493, 46.786], [-71.2494, 46.7858], [-71.2495, 46.7857], [-71.2496, 46.7856], [-71.2497, 46.7854], [-71.2499, 46.7853], [-71.25, 46.7852], [-71.2502, 46.7851], [-71.2503, 46.785], [-71.2504, 46.7849], [-71.2504, 46.7848], [-71.2504, 46.7846], [-71.2504, 46.7845], [-71.2503, 46.7844], [-71.2502, 46.7843], [-71.2501, 46.7842], [-71.2501, 46.7841], [-71.25, 46.784], [-71.25, 46.7839], [-71.25, 46.7837], [-71.2501, 46.7836], [-71.2502, 46.7835], [-71.2502, 46.7833], [-71.2503, 46.7832], [-71.2504, 46.783], [-71.2504, 46.7829], [-71.2504, 46.7828], [-71.2504, 46.7827], [-71.2504, 46.7826], [-71.2504, 46.7825], [-71.2503, 46.7824], [-71.2503, 46.7823], [-71.2503, 46.7822], [-71.2503, 46.7821], [-71.2504, 46.7821], [-71.2505, 46.782], [-71.2506, 46.782], [-71.2507, 46.7819], [-71.2506, 46.7818], [-71.2506, 46.7817], [-71.2505, 46.7816], [-71.2504, 46.7815], [-71.2504, 46.7814], [-71.2504, 46.7813], [-71.2505, 46.7812], [-71.2506, 46.7811], [-71.2507, 46.7811], [-71.2507, 46.781], [-71.2508, 46.7809], [-71.2508, 46.7808], [-71.2508, 46.7807], [-71.2508, 46.7806], [-71.2507, 46.7805], [-71.2507, 46.7804], [-71.2508, 46.7803], [-71.2509, 46.7802], [-71.251, 46.7802], [-71.2512, 46.7802], [-71.2513, 46.7802], [-71.2515, 46.7802], [-71.2516, 46.7803], [-71.2518, 46.7804], [-71.2519, 46.7804], [-71.2521, 46.7805], [-71.2522, 46.7807], [-71.2523, 46.7808], [-71.2524, 46.781], [-71.2525, 46.7811], [-71.2526, 46.7812], [-71.2527, 46.7812], [-71.2528, 46.7812], [-71.2529, 46.7812], [-71.2529, 46.7811], [-71.253, 46.781], [-71.253, 46.7808], [-71.253, 46.7807], [-71.2531, 46.7806], [-71.2531, 46.7805], [-71.2532, 46.7805], [-71.2533, 46.7805], [-71.2534, 46.7805], [-71.2535, 46.7805], [-71.2537, 46.7806], [-71.2538, 46.7807], [-71.2539, 46.7807], [-71.2541, 46.7807], [-71.2542, 46.7807], [-71.2543, 46.7807], [-71.2544, 46.7807], [-71.2545, 46.7807], [-71.2546, 46.7806], [-71.2547, 46.7806], [-71.2548, 46.7805], [-71.2549, 46.7805], [-71.255, 46.7805], [-71.2551, 46.7805], [-71.2552, 46.7806], [-71.2553, 46.7806], [-71.2554, 46.7807], [-71.2555, 46.7807], [-71.2557, 46.7808], [-71.2558, 46.7808], [-71.2559, 46.7808], [-71.256, 46.7808], [-71.2562, 46.7808], [-71.2563, 46.7807], [-71.2564, 46.7807], [-71.2566, 46.7807], [-71.2567, 46.7807], [-71.2568, 46.7807], [-71.2568, 46.7808], [-71.2567, 46.7809], [-71.2567, 46.7811], [-71.2567, 46.7812], [-71.2568, 46.7812], [-71.2569, 46.7811], [-71.2571, 46.7811], [-71.2573, 46.7809], [-71.2575, 46.7808], [-71.2577, 46.7807], [-71.2579, 46.7806], [-71.2581, 46.7805], [-71.2583, 46.7805], [-71.2584, 46.7805], [-71.2586, 46.7805], [-71.2587, 46.7805], [-71.2588, 46.7806], [-71.259, 46.7807], [-71.2591, 46.7807], [-71.2592, 46.7807], [-71.2593, 46.7807], [-71.2595, 46.7807], [-71.2596, 46.7807], [-71.2597, 46.7807], [-71.2599, 46.7806], [-71.26, 46.7806], [-71.2601, 46.7806], [-71.2602, 46.7806], [-71.2603, 46.7806], [-71.2604, 46.7806], [-71.2605, 46.7806], [-71.2606, 46.7807], [-71.2607, 46.7808], [-71.2608, 46.7808], [-71.2609, 46.7808], [-71.261, 46.7807], [-71.2611, 46.7807], [-71.2612, 46.7806], [-71.2613, 46.7806], [-71.2615, 46.7806], [-71.2616, 46.7806], [-71.2617, 46.7806], [-71.2618, 46.7806], [-71.262, 46.7806], [-71.2621, 46.7806], [-71.2622, 46.7807], [-71.2624, 46.7807], [-71.2626, 46.7807], [-71.2627, 46.7807], [-71.2629, 46.7807], [-71.2631, 46.7807], [-71.2633, 46.7807], [-71.2636, 46.7807], [-71.2638, 46.7806], [-71.264, 46.7806], [-71.2642, 46.7805], [-71.2644, 46.7805], [-71.2645, 46.7805], [-71.2647, 46.7805], [-71.2648, 46.7805], [-71.2649, 46.7805], [-71.265, 46.7806], [-71.2651, 46.7807], [-71.2652, 46.7808], [-71.2652, 46.7809], [-71.2652, 46.781], [-71.2652, 46.7811], [-71.2652, 46.7812], [-71.2652, 46.7813], [-71.2653, 46.7813], [-71.2654, 46.7814], [-71.2656, 46.7814], [-71.2657, 46.7813], [-71.2659, 46.7813], [-71.266, 46.7813], [-71.2661, 46.7813], [-71.2663, 46.7813], [-71.2664, 46.7813], [-71.2665, 46.7813], [-71.2666, 46.7814], [-71.2667, 46.7815], [-71.2667, 46.7816], [-71.2667, 46.7817], [-71.2667, 46.7818], [-71.2666, 46.782], [-71.2665, 46.7822], [-71.2664, 46.7824], [-71.2663, 46.7827], [-71.2661, 46.783]]]}}, {"type": "Feature", "properties": {"couche": "voile", "station": "Maguire", "minutes": 12}, "geometry": {"type": "Polygon", "coordinates": [[[-71.4259, 46.8988], [-71.0917, 46.901], [-71.0892, 46.6732], [-71.422, 46.671], [-71.4259, 46.8988]], [[-71.2663, 46.7827], [-71.2664, 46.7824], [-71.2665, 46.7822], [-71.2666, 46.782], [-71.2667, 46.7818], [-71.2667, 46.7817], [-71.2667, 46.7816], [-71.2667, 46.7815], [-71.2666, 46.7814], [-71.2665, 46.7813], [-71.2664, 46.7813], [-71.2663, 46.7813], [-71.2661, 46.7813], [-71.266, 46.7813], [-71.2659, 46.7813], [-71.2657, 46.7813], [-71.2656, 46.7814], [-71.2654, 46.7814], [-71.2653, 46.7813], [-71.2652, 46.7813], [-71.2652, 46.7812], [-71.2652, 46.7811], [-71.2652, 46.781], [-71.2652, 46.7809], [-71.2652, 46.7808], [-71.2651, 46.7807], [-71.265, 46.7806], [-71.2649, 46.7805], [-71.2648, 46.7805], [-71.2647, 46.7805], [-71.2645, 46.7805], [-71.2644, 46.7805], [-71.2642, 46.7805], [-71.264, 46.7806], [-71.2638, 46.7806], [-71.2636, 46.7807], [-71.2633, 46.7807], [-71.2631, 46.7807], [-71.2629, 46.7807], [-71.2627, 46.7807], [-71.2626, 46.7807], [-71.2624, 46.7807], [-71.2622, 46.7807], [-71.2621, 46.7806], [-71.262, 46.7806], [-71.2618, 46.7806], [-71.2617, 46.7806], [-71.2616, 46.7806], [-71.2615, 46.7806], [-71.2613, 46.7806], [-71.2612, 46.7806], [-71.2611, 46.7807], [-71.261, 46.7807], [-71.2609, 46.7808], [-71.2608, 46.7808], [-71.2607, 46.7808], [-71.2606, 46.7807], [-71.2605, 46.7806], [-71.2604, 46.7806], [-71.2603, 46.7806], [-71.2602, 46.7806], [-71.2601, 46.7806], [-71.26, 46.7806], [-71.2599, 46.7806], [-71.2597, 46.7807], [-71.2596, 46.7807], [-71.2595, 46.7807], [-71.2593, 46.7807], [-71.2592, 46.7807], [-71.2591, 46.7807], [-71.259, 46.7807], [-71.2588, 46.7806], [-71.2587, 46.7805], [-71.2586, 46.7805], [-71.2584, 46.7805], [-71.2583, 46.7805], [-71.2581, 46.7805], [-71.2579, 46.7806], [-71.2577, 46.7807], [-71.2575, 46.7808], [-71.2573, 46.7809], [-71.2571, 46.7811], [-71.2569, 46.7811], [-71.2568, 46.7812], [-71.2567, 46.7812], [-71.2567, 46.7811], [-71.2567, 46.7809], [-71.2568, 46.7808], [-71.2568, 46.7807], [-71.2567, 46.7807], [-71.2566, 46.7807], [-71.2564, 46.7807], [-71.2563, 46.7807], [-71.2562, 46.7808], [-71.256, 46.7808], [-71.2559, 46.7808], [-71.2558, 46.7808], [-71.2557, 46.7808], [-71.2555, 46.7807], [-71.2554, 46.7807], [-71.2553, 46.7806], [-71.2552, 46.7806], [-71.2551, 46.7805], [-71.255, 46.7805], [-71.2549, 46.7805], [-71.2548, 46.7805], [-71.2547, 46.7806], [-71.2546, 46.7806], [-71.2545, 46.7807], [-71.2544, 46.7807], [-71.2543, 46.7807], [-71.2542, 46.7807], [-71.2541, 46.7807], [-71.2539, 46.7807], [-71.2538, 46.7807], [-71.2537, 46.7806], [-71.2535, 46.7805], [-71.2534, 46.7805], [-71.2533, 46.7805], [-71.2532, 46.7805], [-71.2531, 46.7805], [-71.2531, 46.7806], [-71.253, 46.7807], [-71.253, 46.7808], [-71.253, 46.781], [-71.2529, 46.7811], [-71.2529, 46.7812], [-71.2528, 46.7812], [-71.2527, 46.7812], [-71.2526, 46.7812], [-71.2525, 46.7811], [-71.2524, 46.781], [-71.2523, 46.7808], [-71.2522, 46.7807], [-71.2521, 46.7805], [-71.2519, 46.7804], [-71.2518, 46.7804], [-71.2516, 46.7803], [-71.2515, 46.7802], [-71.2513, 46.7802], [-71.2512, 46.7802], [-71.251, 46.7802], [-71.2509, 46.7802], [-71.2508, 46.7803], [-71.2507, 46.7804], [-71.2507, 46.7805], [-71.2508, 46.7806], [-71.2508, 46.7807], [-71.2508, 46.7808], [-71.2508, 46.7809], [-71.2507, 46.781], [-71.2507, 46.7811], [-71.2506, 46.7811], [-71.2505, 46.7812], [-71.2504, 46.7813], [-71.2504, 46.7814], [-71.2504, 46.7815], [-71.2505, 46.7816], [-71.2506, 46.7817], [-71.2506, 46.7818], [-71.2507, 46.7819], [-71.2506, 46.782], [-71.2505, 46.782], [-71.2504, 46.7821], [-71.2503, 46.7821], [-71.2503, 46.7822], [-71.2503, 46.7823], [-71.2503, 46.7824], [-71.2504, 46.7825], [-71.2504, 46.7826], [-71.2504, 46.7827], [-71.2504, 46.7828], [-71.2504, 46.7829], [-71.2504, 46.783], [-71.2503, 46.7832], [-71.2502, 46.7833], [-71.2502, 46.7835], [-71.2501, 46.7836], [-71.25, 46.7837], [-71.25, 46.7839], [-71.25, 46.784], [-71.2501, 46.7841], [-71.2501, 46.7842], [-71.2502, 46.7843], [-71.2503, 46.7844], [-71.2504, 46.7845], [-71.2504, 46.7846], [-71.2504, 46.7848], [-71.2504, 46.7849], [-71.2503, 46.785], [-71.2502, 46.7851], [-71.25, 46.7852], [-71.2499, 46.7853], [-71.2497, 46.7854], [-71.2496, 46.7856], [-71.2495, 46.7857], [-71.2494, 46.7858], [-71.2493, 46.786], [-71.2493, 46.7861], [-71.2493, 46.7863], [-71.2493, 46.7865], [-71.2492, 46.7866], [-71.2492, 46.7868], [-71.2491, 46.787], [-71.249, 46.7872], [-71.2488, 46.7873], [-71.2487, 46.7875], [-71.2484, 46.7877], [-71.2482, 46.7879], [-71.248, 46.788], [-71.2478, 46.7882], [-71.2477, 46.7883], [-71.2477, 46.7884], [-71.2476, 46.7885], [-71.2477, 46.7886], [-71.2477, 46.7887], [-71.2478, 46.7887], [-71.2479, 46.7888], [-71.248, 46.7888], [-71.2481, 46.7888], [-71.2482, 46.7888], [-71.2483, 46.7888], [-71.2484, 46.7888], [-71.2485, 46.7887], [-71.2486, 46.7887], [-71.2487, 46.7887], [-71.2488, 46.7887], [-71.2489, 46.7887], [-71.2491, 46.7888], [-71.2492, 46.7889], [-71.2494, 46.789], [-71.2495, 46.7891], [-71.2497, 46.7893], [-71.2498, 46.7894], [-71.2498, 46.7895], [-71.2499, 46.7896], [-71.2498, 46.7897], [-71.2497, 46.7898], [-71.2496, 46.7898], [-71.2495, 46.7898], [-71.2495, 46.7899], [-71.2495, 46.79], [-71.2495, 46.7901], [-71.2496, 46.7902], [-71.2497, 46.7903], [-71.2497, 46.7904], [-71.2498, 46.7904], [-71.2498, 46.7905], [-71.2498, 46.7906], [-71.2497, 46.7906], [-71.2497, 46.7907], [-71.2496, 46.7907], [-71.2495, 46.7907], [-71.2494, 46.7907], [-71.2494, 46.7908], [-71.2493, 46.7908], [-71.2493, 46.7909], [-71.2492, 46.7909], [-71.2492, 46.791], [-71.2492, 46.7911], [-71.2492, 46.7912], [-71.2492, 46.7913], [-71.2493, 46.7913], [-71.2493, 46.7914], [-71.2494, 46.7914], [-71.2495, 46.7914], [-71.2497, 46.7914], [-71.2498, 46.7914], [-71.25, 46.7913], [-71.2502, 46.7913], [-71.2503, 46.7913], [-71.2505, 46.7913], [-71.2506, 46.7913], [-71.2507, 46.7913], [-71.2507, 46.7914], [-71.2508, 46.7914], [-71.2508, 46.7915], [-71.2509, 46.7915], [-71.2509, 46.7916], [-71.251, 46.7916], [-71.2511, 46.7916], [-71.2512, 46.7916], [-71.2513, 46.7916], [-71.2514, 46.7916], [-71.2515, 46.7915], [-71.2516, 46.7915], [-71.2517, 46.7915], [-71.2518, 46.7915], [-71.2519, 46.7915], [-71.252, 46.7915], [-71.2521, 46.7916], [-71.2522, 46.7917], [-71.2523, 46.7918], [-71.2525, 46.7918], [-71.2526, 46.7918], [-71.2528, 46.7918], [-71.253, 46.7919], [-71.2532, 46.7919], [-71.2534, 46.7919], [-71.2536, 46.7919], [-71.2537, 46.7919], [-71.2539, 46.7918], [-71.254, 46.7918], [-71.2542, 46.7918], [-71.2543, 46.7917], [-71.2544, 46.7917], [-71.2545, 46.7916], [-71.2546, 46.7916], [-71.2547, 46.7916], [-71.2548, 46.7916], [-71.2549, 46.7917], [-71.255, 46.7918], [-71.2551, 46.7919], [-71.2552, 46.7919], [-71.2553, 46.792], [-71.2554, 46.792], [-71.2556, 46.792], [-71.2558, 46.792], [-71.256, 46.792], [-71.2562, 46.792], [-71.2564, 46.792], [-71.2565, 46.792], [-71.2567, 46.792], [-71.2569, 46.7919], [-71.257, 46.7918], [-71.2572, 46.7917], [-71.2573, 46.7916], [-71.2574, 46.7915], [-71.2576, 46.7915], [-71.2577, 46.7914], [-71.2579, 46.7914], [-71.258, 46.7913], [-71.2581, 46.7913], [-71.2583, 46.7913], [-71.2584, 46.7913], [-71.2585, 46.7913], [-71.2586, 46.7913], [-71.2587, 46.7912], [-71.2588, 46.7911], [-71.2589, 46.791], [-71.259, 46.7909], [-71.259, 46.7908], [-71.2591, 46.7906], [-71.2591, 46.7905], [-71.2591, 46.7903], [-71.259, 46.7902], [-71.2589, 46.7901], [-71.2588, 46.79], [-71.2586, 46.79], [-71.2584, 46.79], [-71.2583, 46.79], [-71.2582, 46.7899], [-71.2582, 46.7898], [-71.2582, 46.7897], [-71.2583, 46.7896], [-71.2584, 46.7895], [-71.2586, 46.7894], [-71.2587, 46.7893], [-71.259, 46.7892], [-71.2592, 46.7892], [-71.2594, 46.7893], [-71.2597, 46.7894], [-71.26, 46.7895], [-71.2603, 46.7897], [-71.2606, 46.79], [-71.2609, 46.7902], [-71.2611, 46.7904], [-71.2612, 46.7905], [-71.2613, 46.7906], [-71.2613, 46.7907], [-71.2613, 46.7908], [-71.2612, 46.7908], [-71.261, 46.7908], [-71.2609, 46.7908], [-71.2608, 46.7908], [-71.2607, 46.7909], [-71.2606, 46.7909], [-71.2606, 46.791], [-71.2606, 46.7911], [-71.2606, 46.7913], [-71.2606, 46.7915], [-71.2607, 46.7916], [-71.2608, 46.7917], [-71.2609, 46.7918], [-71.2611, 46.7919], [-71.2613, 46.792], [-71.2616, 46.792], [-71.2618, 46.792], [-71.2622, 46.792], [-71.2625, 46.792], [-71.2628, 46.792], [-71.2631, 46.7919], [-71.2634, 46.7918], [-71.2637, 46.7918], [-71.264, 46.7916], [-71.2643, 46.7915], [-71.2646, 46.7914], [-71.2648, 46.7912], [-71.265, 46.791], [-71.2652, 46.7908], [-71.2654, 46.7906], [-71.2655, 46.7904], [-71.2656, 46.7902], [-71.2657, 46.7899], [-71.2657, 46.7897], [-71.2657, 46.7894], [-71.2656, 46.7891], [-71.2654, 46.7887], [-71.2652, 46.7884], [-71.2649, 46.7881], [-71.2645, 46.7877], [-71.2641, 46.7873], [-71.2635, 46.7869], [-71.2631, 46.7866], [-71.263, 46.7865], [-71.2632, 46.7866], [-71.2637, 46.7869], [-71.2641, 46.7872], [-71.2644, 46.7874], [-71.2647, 46.7876], [-71.265, 46.7878], [-71.2652, 46.7879], [-71.2654, 46.788], [-71.2655, 46.7881], [-71.2656, 46.788], [-71.2657, 46.788], [-71.2658, 46.788], [-71.2659, 46.7879], [-71.2659, 46.7878], [-71.266, 46.7878], [-71.266, 46.7877], [-71.266, 46.7876], [-71.266, 46.7875], [-71.2659, 46.7874], [-71.2658, 46.7873], [-71.2657, 46.7873], [-71.2656, 46.7872], [-71.2655, 46.7872], [-71.2655, 46.7871], [-71.2656, 46.7871], [-71.2656, 46.787], [-71.2657, 46.787], [-71.2658, 46.787], [-71.2659, 46.787], [-71.2659, 46.7869], [-71.266, 46.7869], [-71.266, 46.7868], [-71.266, 46.7867], [-71.2659, 46.7866], [-71.2658, 46.7865], [-71.2658, 46.7864], [-71.2658, 46.7863], [-71.2659, 46.7862], [-71.266, 46.7861], [-71.2661, 46.7861], [-71.2662, 46.786], [-71.2662, 46.7859], [-71.2662, 46.7858], [-71.2662, 46.7857], [-71.2661, 46.7856], [-71.266, 46.7856], [-71.266, 46.7855], [-71.2659, 46.7854], [-71.2659, 46.7853], [-71.2659, 46.7852], [-71.266, 46.7852], [-71.2661, 46.7851], [-71.2662, 46.785], [-71.2663, 46.7849], [-71.2663, 46.7848], [-71.2663, 46.7847], [-71.2662, 46.7846], [-71.2661, 46.7846], [-71.266, 46.7846], [-71.266, 46.7845], [-71.2659, 46.7845], [-71.2658, 46.7845], [-71.2657, 46.7845], [-71.2656, 46.7845], [-71.2655, 46.7846], [-71.2654, 46.7846], [-71.2653, 46.7846], [-71.2652, 46.7846], [-71.2651, 46.7846], [-71.265, 46.7845], [-71.2649, 46.7845], [-71.2647, 46.7844], [-71.2646, 46.7843], [-71.2644, 46.7841], [-71.2643, 46.784], [-71.2642, 46.7839], [-71.2642, 46.7838], [-71.2643, 46.7838], [-71.2644, 46.7838], [-71.2645, 46.7838], [-71.2647, 46.7839], [-71.2649, 46.7839], [-71.2651, 46.7838], [-71.2653, 46.7838], [-71.2655, 46.7836], [-71.2657, 46.7835], [-71.2659, 46.7833], [-71.2661, 46.783], [-71.2663, 46.7827]]]}}, {"type": "Feature", "properties": {"couche": "aire_marche", "station": "Maguire", "ordre": 14, "minutes": 13, "superficie_ha": 174.6, "rue_km": 38.69, "disque_ha": 260.2, "part_disque_pct": 67, "accroche_m": 0, "population": 7031, "navetteurs": 1888, "mode_auto_pct": 63, "mode_tc_pct": 17, "mode_actif_pct": 19, "mode_autre_pct": 1}, "geometry": {"type": "Polygon", "coordinates": [[[-71.2668, 46.7827], [-71.2666, 46.783], [-71.2664, 46.7832], [-71.2663, 46.7834], [-71.2661, 46.7836], [-71.2659, 46.7837], [-71.2657, 46.7839], [-71.2656, 46.7839], [-71.2654, 46.784], [-71.2653, 46.784], [-71.2651, 46.7841], [-71.265, 46.7841], [-71.2648, 46.7841], [-71.2647, 46.7841], [-71.2646, 46.784], [-71.2644, 46.784], [-71.2643, 46.7839], [-71.2642, 46.7839], [-71.2642, 46.784], [-71.2643, 46.784], [-71.2644, 46.7841], [-71.2646, 46.7843], [-71.2647, 46.7844], [-71.2649, 46.7845], [-71.265, 46.7845], [-71.2651, 46.7846], [-71.2653, 46.7846], [-71.2654, 46.7846], [-71.2655, 46.7846], [-71.2656, 46.7846], [-71.2658, 46.7846], [-71.2659, 46.7846], [-71.266, 46.7846], [-71.2661, 46.7846], [-71.2662, 46.7847], [-71.2664, 46.7848], [-71.2665, 46.7848], [-71.2666, 46.7849], [-71.2667, 46.785], [-71.2668, 46.7851], [-71.2668, 46.7852], [-71.2669, 46.7853], [-71.2668, 46.7854], [-71.2667, 46.7855], [-71.2666, 46.7855], [-71.2665, 46.7856], [-71.2664, 46.7857], [-71.2665, 46.7858], [-71.2665, 46.7859], [-71.2666, 46.786], [-71.2667, 46.7861], [-71.2668, 46.7862], [-71.2668, 46.7863], [-71.2668, 46.7864], [-71.2668, 46.7865], [-71.2667, 46.7865], [-71.2666, 46.7866], [-71.2665, 46.7866], [-71.2664, 46.7867], [-71.2664, 46.7868], [-71.2665, 46.7869], [-71.2666, 46.787], [-71.2666, 46.7871], [-71.2666, 46.7872], [-71.2666, 46.7873], [-71.2665, 46.7874], [-71.2664, 46.7874], [-71.2663, 46.7875], [-71.2663, 46.7876], [-71.2662, 46.7878], [-71.2662, 46.7879], [-71.2662, 46.7881], [-71.2662, 46.7883], [-71.2663, 46.7885], [-71.2663, 46.7887], [-71.2663, 46.7889], [-71.2663, 46.789], [-71.2663, 46.7892], [-71.2663, 46.7893], [-71.2662, 46.7894], [-71.2661, 46.7895], [-71.266, 46.7895], [-71.2659, 46.7895], [-71.2658, 46.7895], [-71.2657, 46.7895], [-71.2657, 46.7896], [-71.2657, 46.7897], [-71.2658, 46.7898], [-71.2659, 46.7898], [-71.2661, 46.7899], [-71.2662, 46.79], [-71.2663, 46.7901], [-71.2664, 46.7902], [-71.2664, 46.7903], [-71.2664, 46.7905], [-71.2664, 46.7906], [-71.2664, 46.7907], [-71.2663, 46.7908], [-71.2663, 46.791], [-71.2662, 46.7911], [-71.2661, 46.7911], [-71.266, 46.7912], [-71.2659, 46.7912], [-71.2658, 46.7912], [-71.2656, 46.7912], [-71.2655, 46.7912], [-71.2653, 46.7912], [-71.2652, 46.7911], [-71.265, 46.7911], [-71.2649, 46.7912], [-71.2647, 46.7912], [-71.2645, 46.7912], [-71.2644, 46.7913], [-71.2642, 46.7913], [-71.264, 46.7914], [-71.2638, 46.7915], [-71.2637, 46.7915], [-71.2635, 46.7916], [-71.2634, 46.7917], [-71.2632, 46.7918], [-71.2631, 46.7919], [-71.263, 46.7921], [-71.2628, 46.7922], [-71.2627, 46.7923], [-71.2626, 46.7923], [-71.2625, 46.7923], [-71.2624, 46.7924], [-71.2623, 46.7923], [-71.2622, 46.7923], [-71.2621, 46.7923], [-71.262, 46.7922], [-71.2618, 46.7922], [-71.2617, 46.7922], [-71.2615, 46.7922], [-71.2614, 46.7922], [-71.2612, 46.7922], [-71.261, 46.7922], [-71.2607, 46.7922], [-71.2605, 46.7923], [-71.2604, 46.7923], [-71.2602, 46.7923], [-71.2601, 46.7923], [-71.26, 46.7922], [-71.2599, 46.7922], [-71.2598, 46.7922], [-71.2598, 46.7921], [-71.2598, 46.792], [-71.2598, 46.7919], [-71.2599, 46.7918], [-71.26, 46.7917], [-71.2601, 46.7917], [-71.2602, 46.7916], [-71.2602, 46.7915], [-71.2601, 46.7914], [-71.26, 46.7914], [-71.2599, 46.7914], [-71.2598, 46.7914], [-71.2597, 46.7915], [-71.2596, 46.7915], [-71.2595, 46.7915], [-71.2594, 46.7916], [-71.2593, 46.7916], [-71.2593, 46.7917], [-71.2592, 46.7918], [-71.2591, 46.7918], [-71.259, 46.7918], [-71.2589, 46.7918], [-71.2588, 46.7918], [-71.2586, 46.7917], [-71.2585, 46.7917], [-71.2583, 46.7916], [-71.2582, 46.7915], [-71.258, 46.7915], [-71.2579, 46.7914], [-71.2578, 46.7914], [-71.2577, 46.7914], [-71.2576, 46.7914], [-71.2575, 46.7914], [-71.2574, 46.7915], [-71.2573, 46.7915], [-71.2573, 46.7916], [-71.2572, 46.7916], [-71.2572, 46.7917], [-71.2572, 46.7918], [-71.2573, 46.7919], [-71.2574, 46.792], [-71.2574, 46.7921], [-71.2575, 46.7922], [-71.2575, 46.7923], [-71.2574, 46.7923], [-71.2574, 46.7924], [-71.2573, 46.7924], [-71.2572, 46.7925], [-71.2571, 46.7925], [-71.257, 46.7925], [-71.2569, 46.7925], [-71.2567, 46.7925], [-71.2566, 46.7924], [-71.2564, 46.7924], [-71.2561, 46.7923], [-71.2559, 46.7922], [-71.2556, 46.7922], [-71.2553, 46.7922], [-71.255, 46.7921], [-71.2546, 46.7921], [-71.2542, 46.7921], [-71.2537, 46.7921], [-71.2533, 46.7922], [-71.2528, 46.7922], [-71.2525, 46.7922], [-71.2521, 46.7922], [-71.2519, 46.7922], [-71.2517, 46.7921], [-71.2515, 46.7921], [-71.2514, 46.792], [-71.2513, 46.7919], [-71.2512, 46.7919], [-71.2511, 46.7918], [-71.251, 46.7919], [-71.2509, 46.7919], [-71.2508, 46.7919], [-71.2507, 46.7919], [-71.2506, 46.792], [-71.2505, 46.792], [-71.2504, 46.792], [-71.2503, 46.792], [-71.2502, 46.792], [-71.2501, 46.7919], [-71.25, 46.7918], [-71.2499, 46.7917], [-71.2498, 46.7917], [-71.2497, 46.7917], [-71.2496, 46.7917], [-71.2494, 46.7917], [-71.2493, 46.7917], [-71.2491, 46.7918], [-71.249, 46.7918], [-71.2488, 46.7918], [-71.2487, 46.7918], [-71.2487, 46.7917], [-71.2486, 46.7916], [-71.2486, 46.7915], [-71.2486, 46.7914], [-71.2487, 46.7913], [-71.2487, 46.7911], [-71.2486, 46.791], [-71.2486, 46.7908], [-71.2484, 46.7906], [-71.2483, 46.7904], [-71.2481, 46.7902], [-71.2479, 46.7899], [-71.2476, 46.7897], [-71.2474, 46.7894], [-71.2472, 46.7892], [-71.247, 46.789], [-71.2469, 46.7888], [-71.2469, 46.7886], [-71.2468, 46.7885], [-71.2469, 46.7883], [-71.2469, 46.7882], [-71.247, 46.788], [-71.2471, 46.7879], [-71.2472, 46.7878], [-71.2473, 46.7877], [-71.2475, 46.7877], [-71.2476, 46.7876], [-71.2478, 46.7876], [-71.248, 46.7875], [-71.2481, 46.7875], [-71.2482, 46.7875], [-71.2483, 46.7874], [-71.2484, 46.7874], [-71.2484, 46.7873], [-71.2484, 46.7872], [-71.2483, 46.7871], [-71.2483, 46.787], [-71.2483, 46.7869], [-71.2483, 46.7868], [-71.2484, 46.7867], [-71.2484, 46.7866], [-71.2485, 46.7865], [-71.2486, 46.7863], [-71.2487, 46.7862], [-71.2488, 46.7861], [-71.2488, 46.786], [-71.2488, 46.7859], [-71.2489, 46.7858], [-71.2489, 46.7857], [-71.2488, 46.7856], [-71.2488, 46.7855], [-71.2488, 46.7854], [-71.2489, 46.7853], [-71.2489, 46.7852], [-71.249, 46.7851], [-71.2492, 46.785], [-71.2493, 46.7849], [-71.2495, 46.7848], [-71.2497, 46.7847], [-71.2498, 46.7846], [-71.2498, 46.7845], [-71.2499, 46.7844], [-71.2499, 46.7843], [-71.2498, 46.7842], [-71.2498, 46.7841], [-71.2496, 46.784], [-71.2495, 46.784], [-71.2495, 46.7839], [-71.2494, 46.7837], [-71.2494, 46.7836], [-71.2494, 46.7835], [-71.2495, 46.7833], [-71.2496, 46.7831], [-71.2497, 46.7829], [-71.2497, 46.7828], [-71.2498, 46.7826], [-71.2498, 46.7825], [-71.2499, 46.7823], [-71.2499, 46.7822], [-71.2499, 46.7821], [-71.2498, 46.782], [-71.2498, 46.7819], [-71.2497, 46.7819], [-71.2497, 46.7818], [-71.2497, 46.7817], [-71.2497, 46.7816], [-71.2498, 46.7816], [-71.2499, 46.7816], [-71.2499, 46.7815], [-71.25, 46.7815], [-71.2501, 46.7814], [-71.2501, 46.7813], [-71.25, 46.7813], [-71.25, 46.7812], [-71.2499, 46.7811], [-71.2498, 46.781], [-71.2498, 46.7809], [-71.2498, 46.7808], [-71.2499, 46.7808], [-71.2499, 46.7807], [-71.25, 46.7807], [-71.2501, 46.7806], [-71.2501, 46.7805], [-71.2502, 46.7805], [-71.2502, 46.7804], [-71.2502, 46.7803], [-71.2502, 46.7802], [-71.2502, 46.7801], [-71.2501, 46.78], [-71.2502, 46.7799], [-71.2502, 46.7798], [-71.2503, 46.7798], [-71.2504, 46.7797], [-71.2505, 46.7797], [-71.2507, 46.7797], [-71.2509, 46.7797], [-71.2511, 46.7797], [-71.2513, 46.7797], [-71.2514, 46.7798], [-71.2515, 46.7798], [-71.2517, 46.7799], [-71.2518, 46.78], [-71.2519, 46.7801], [-71.252, 46.7802], [-71.2521, 46.7802], [-71.2522, 46.7803], [-71.2523, 46.7802], [-71.2524, 46.7801], [-71.2525, 46.7801], [-71.2526, 46.78], [-71.2527, 46.78], [-71.2529, 46.78], [-71.253, 46.78], [-71.2531, 46.7801], [-71.2533, 46.7802], [-71.2534, 46.7803], [-71.2536, 46.7804], [-71.2537, 46.7805], [-71.2539, 46.7806], [-71.254, 46.7806], [-71.2541, 46.7806], [-71.2541, 46.7805], [-71.2541, 46.7804], [-71.2542, 46.7803], [-71.2542, 46.7802], [-71.2542, 46.7801], [-71.2543, 46.7801], [-71.2544, 46.7801], [-71.2545, 46.7801], [-71.2546, 46.7801], [-71.2547, 46.7802], [-71.2548, 46.7802], [-71.255, 46.7802], [-71.2551, 46.7802], [-71.2552, 46.7802], [-71.2553, 46.7802], [-71.2554, 46.7802], [-71.2556, 46.7802], [-71.2557, 46.7802], [-71.2558, 46.7801], [-71.2559, 46.7801], [-71.256, 46.7801], [-71.2561, 46.7801], [-71.2562, 46.7802], [-71.2563, 46.7803], [-71.2563, 46.7804], [-71.2563, 46.7805], [-71.2562, 46.7806], [-71.2561, 46.7807], [-71.2562, 46.7807], [-71.2563, 46.7806], [-71.2565, 46.7805], [-71.2567, 46.7804], [-71.2569, 46.7803], [-71.2572, 46.7802], [-71.2574, 46.7801], [-71.2576, 46.78], [-71.2577, 46.78], [-71.2579, 46.78], [-71.258, 46.78], [-71.2581, 46.78], [-71.2582, 46.7801], [-71.2583, 46.7801], [-71.2584, 46.7802], [-71.2586, 46.7802], [-71.2587, 46.7802], [-71.2588, 46.7802], [-71.259, 46.7802], [-71.2591, 46.7802], [-71.2593, 46.7801], [-71.2594, 46.7801], [-71.2595, 46.7801], [-71.2596, 46.7802], [-71.2596, 46.7803], [-71.2596, 46.7804], [-71.2595, 46.7805], [-71.2595, 46.7806], [-71.2594, 46.7806], [-71.2595, 46.7807], [-71.2596, 46.7806], [-71.2598, 46.7806], [-71.2599, 46.7805], [-71.2601, 46.7804], [-71.2603, 46.7803], [-71.2605, 46.7803], [-71.2606, 46.7802], [-71.2607, 46.7802], [-71.2609, 46.7802], [-71.261, 46.7802], [-71.2611, 46.7802], [-71.2612, 46.7803], [-71.2613, 46.7804], [-71.2614, 46.7804], [-71.2615, 46.7804], [-71.2616, 46.7804], [-71.2617, 46.7804], [-71.2619, 46.7803], [-71.262, 46.7803], [-71.2621, 46.7802], [-71.2622, 46.7802], [-71.2624, 46.7802], [-71.2625, 46.7802], [-71.2626, 46.7802], [-71.2627, 46.7802], [-71.2629, 46.7802], [-71.263, 46.7803], [-71.2631, 46.7803], [-71.2633, 46.7803], [-71.2634, 46.7803], [-71.2636, 46.7803], [-71.2637, 46.7803], [-71.2639, 46.7802], [-71.2641, 46.7802], [-71.2642, 46.7801], [-71.2644, 46.7801], [-71.2646, 46.78], [-71.2647, 46.78], [-71.2648, 46.78], [-71.2649, 46.78], [-71.265, 46.78], [-71.2651, 46.78], [-71.2652, 46.78], [-71.2652, 46.7801], [-71.2653, 46.7802], [-71.2653, 46.7803], [-71.2653, 46.7804], [-71.2653, 46.7805], [-71.2653, 46.7806], [-71.2653, 46.7807], [-71.2653, 46.7809], [-71.2653, 46.781], [-71.2653, 46.7811], [-71.2653, 46.7812], [-71.2654, 46.7812], [-71.2655, 46.7812], [-71.2657, 46.7812], [-71.2659, 46.7812], [-71.2661, 46.7811], [-71.2663, 46.781], [-71.2665, 46.781], [-71.2666, 46.7809], [-71.2668, 46.7809], [-71.2669, 46.7809], [-71.2671, 46.781], [-71.2672, 46.781], [-71.2673, 46.7811], [-71.2673, 46.7812], [-71.2674, 46.7813], [-71.2674, 46.7814], [-71.2673, 46.7816], [-71.2672, 46.7818], [-71.2671, 46.7821], [-71.267, 46.7824], [-71.2668, 46.7827]]]}}, {"type": "Feature", "properties": {"couche": "voile", "station": "Maguire", "minutes": 13}, "geometry": {"type": "Polygon", "coordinates": [[[-71.4266, 46.8992], [-71.0909, 46.9014], [-71.0884, 46.6727], [-71.4227, 46.6705], [-71.4266, 46.8992]], [[-71.267, 46.7824], [-71.2671, 46.7821], [-71.2672, 46.7818], [-71.2673, 46.7816], [-71.2674, 46.7814], [-71.2674, 46.7813], [-71.2673, 46.7812], [-71.2673, 46.7811], [-71.2672, 46.781], [-71.2671, 46.781], [-71.2669, 46.7809], [-71.2668, 46.7809], [-71.2666, 46.7809], [-71.2665, 46.781], [-71.2663, 46.781], [-71.2661, 46.7811], [-71.2659, 46.7812], [-71.2657, 46.7812], [-71.2655, 46.7812], [-71.2654, 46.7812], [-71.2653, 46.7812], [-71.2653, 46.7811], [-71.2653, 46.781], [-71.2653, 46.7809], [-71.2653, 46.7807], [-71.2653, 46.7806], [-71.2653, 46.7805], [-71.2653, 46.7804], [-71.2653, 46.7803], [-71.2653, 46.7802], [-71.2652, 46.7801], [-71.2652, 46.78], [-71.2651, 46.78], [-71.265, 46.78], [-71.2649, 46.78], [-71.2648, 46.78], [-71.2647, 46.78], [-71.2646, 46.78], [-71.2644, 46.7801], [-71.2642, 46.7801], [-71.2641, 46.7802], [-71.2639, 46.7802], [-71.2637, 46.7803], [-71.2636, 46.7803], [-71.2634, 46.7803], [-71.2633, 46.7803], [-71.2631, 46.7803], [-71.263, 46.7803], [-71.2629, 46.7802], [-71.2627, 46.7802], [-71.2626, 46.7802], [-71.2625, 46.7802], [-71.2624, 46.7802], [-71.2622, 46.7802], [-71.2621, 46.7802], [-71.262, 46.7803], [-71.2619, 46.7803], [-71.2617, 46.7804], [-71.2616, 46.7804], [-71.2615, 46.7804], [-71.2614, 46.7804], [-71.2613, 46.7804], [-71.2612, 46.7803], [-71.2611, 46.7802], [-71.261, 46.7802], [-71.2609, 46.7802], [-71.2607, 46.7802], [-71.2606, 46.7802], [-71.2605, 46.7803], [-71.2603, 46.7803], [-71.2601, 46.7804], [-71.2599, 46.7805], [-71.2598, 46.7806], [-71.2596, 46.7806], [-71.2595, 46.7807], [-71.2594, 46.7806], [-71.2595, 46.7806], [-71.2595, 46.7805], [-71.2596, 46.7804], [-71.2596, 46.7803], [-71.2596, 46.7802], [-71.2595, 46.7801], [-71.2594, 46.7801], [-71.2593, 46.7801], [-71.2591, 46.7802], [-71.259, 46.7802], [-71.2588, 46.7802], [-71.2587, 46.7802], [-71.2586, 46.7802], [-71.2584, 46.7802], [-71.2583, 46.7801], [-71.2582, 46.7801], [-71.2581, 46.78], [-71.258, 46.78], [-71.2579, 46.78], [-71.2577, 46.78], [-71.2576, 46.78], [-71.2574, 46.7801], [-71.2572, 46.7802], [-71.2569, 46.7803], [-71.2567, 46.7804], [-71.2565, 46.7805], [-71.2563, 46.7806], [-71.2562, 46.7807], [-71.2561, 46.7807], [-71.2562, 46.7806], [-71.2563, 46.7805], [-71.2563, 46.7804], [-71.2563, 46.7803], [-71.2562, 46.7802], [-71.2561, 46.7801], [-71.256, 46.7801], [-71.2559, 46.7801], [-71.2558, 46.7801], [-71.2557, 46.7802], [-71.2556, 46.7802], [-71.2554, 46.7802], [-71.2553, 46.7802], [-71.2552, 46.7802], [-71.2551, 46.7802], [-71.255, 46.7802], [-71.2548, 46.7802], [-71.2547, 46.7802], [-71.2546, 46.7801], [-71.2545, 46.7801], [-71.2544, 46.7801], [-71.2543, 46.7801], [-71.2542, 46.7801], [-71.2542, 46.7802], [-71.2542, 46.7803], [-71.2541, 46.7804], [-71.2541, 46.7805], [-71.2541, 46.7806], [-71.254, 46.7806], [-71.2539, 46.7806], [-71.2537, 46.7805], [-71.2536, 46.7804], [-71.2534, 46.7803], [-71.2533, 46.7802], [-71.2531, 46.7801], [-71.253, 46.78], [-71.2529, 46.78], [-71.2527, 46.78], [-71.2526, 46.78], [-71.2525, 46.7801], [-71.2524, 46.7801], [-71.2523, 46.7802], [-71.2522, 46.7803], [-71.2521, 46.7802], [-71.252, 46.7802], [-71.2519, 46.7801], [-71.2518, 46.78], [-71.2517, 46.7799], [-71.2515, 46.7798], [-71.2514, 46.7798], [-71.2513, 46.7797], [-71.2511, 46.7797], [-71.2509, 46.7797], [-71.2507, 46.7797], [-71.2505, 46.7797], [-71.2504, 46.7797], [-71.2503, 46.7798], [-71.2502, 46.7798], [-71.2502, 46.7799], [-71.2501, 46.78], [-71.2502, 46.7801], [-71.2502, 46.7802], [-71.2502, 46.7803], [-71.2502, 46.7804], [-71.2502, 46.7805], [-71.2501, 46.7805], [-71.2501, 46.7806], [-71.25, 46.7807], [-71.2499, 46.7807], [-71.2499, 46.7808], [-71.2498, 46.7808], [-71.2498, 46.7809], [-71.2498, 46.781], [-71.2499, 46.7811], [-71.25, 46.7812], [-71.25, 46.7813], [-71.2501, 46.7813], [-71.2501, 46.7814], [-71.25, 46.7815], [-71.2499, 46.7815], [-71.2499, 46.7816], [-71.2498, 46.7816], [-71.2497, 46.7816], [-71.2497, 46.7817], [-71.2497, 46.7818], [-71.2497, 46.7819], [-71.2498, 46.7819], [-71.2498, 46.782], [-71.2499, 46.7821], [-71.2499, 46.7822], [-71.2499, 46.7823], [-71.2498, 46.7825], [-71.2498, 46.7826], [-71.2497, 46.7828], [-71.2497, 46.7829], [-71.2496, 46.7831], [-71.2495, 46.7833], [-71.2494, 46.7835], [-71.2494, 46.7836], [-71.2494, 46.7837], [-71.2495, 46.7839], [-71.2495, 46.784], [-71.2496, 46.784], [-71.2498, 46.7841], [-71.2498, 46.7842], [-71.2499, 46.7843], [-71.2499, 46.7844], [-71.2498, 46.7845], [-71.2498, 46.7846], [-71.2497, 46.7847], [-71.2495, 46.7848], [-71.2493, 46.7849], [-71.2492, 46.785], [-71.249, 46.7851], [-71.2489, 46.7852], [-71.2489, 46.7853], [-71.2488, 46.7854], [-71.2488, 46.7855], [-71.2488, 46.7856], [-71.2489, 46.7857], [-71.2489, 46.7858], [-71.2488, 46.7859], [-71.2488, 46.786], [-71.2488, 46.7861], [-71.2487, 46.7862], [-71.2486, 46.7863], [-71.2485, 46.7865], [-71.2484, 46.7866], [-71.2484, 46.7867], [-71.2483, 46.7868], [-71.2483, 46.7869], [-71.2483, 46.787], [-71.2483, 46.7871], [-71.2484, 46.7872], [-71.2484, 46.7873], [-71.2484, 46.7874], [-71.2483, 46.7874], [-71.2482, 46.7875], [-71.2481, 46.7875], [-71.248, 46.7875], [-71.2478, 46.7876], [-71.2476, 46.7876], [-71.2475, 46.7877], [-71.2473, 46.7877], [-71.2472, 46.7878], [-71.2471, 46.7879], [-71.247, 46.788], [-71.2469, 46.7882], [-71.2469, 46.7883], [-71.2468, 46.7885], [-71.2469, 46.7886], [-71.2469, 46.7888], [-71.247, 46.789], [-71.2472, 46.7892], [-71.2474, 46.7894], [-71.2476, 46.7897], [-71.2479, 46.7899], [-71.2481, 46.7902], [-71.2483, 46.7904], [-71.2484, 46.7906], [-71.2486, 46.7908], [-71.2486, 46.791], [-71.2487, 46.7911], [-71.2487, 46.7913], [-71.2486, 46.7914], [-71.2486, 46.7915], [-71.2486, 46.7916], [-71.2487, 46.7917], [-71.2487, 46.7918], [-71.2488, 46.7918], [-71.249, 46.7918], [-71.2491, 46.7918], [-71.2493, 46.7917], [-71.2494, 46.7917], [-71.2496, 46.7917], [-71.2497, 46.7917], [-71.2498, 46.7917], [-71.2499, 46.7917], [-71.25, 46.7918], [-71.2501, 46.7919], [-71.2502, 46.792], [-71.2503, 46.792], [-71.2504, 46.792], [-71.2505, 46.792], [-71.2506, 46.792], [-71.2507, 46.7919], [-71.2508, 46.7919], [-71.2509, 46.7919], [-71.251, 46.7919], [-71.2511, 46.7918], [-71.2512, 46.7919], [-71.2513, 46.7919], [-71.2514, 46.792], [-71.2515, 46.7921], [-71.2517, 46.7921], [-71.2519, 46.7922], [-71.2521, 46.7922], [-71.2525, 46.7922], [-71.2528, 46.7922], [-71.2533, 46.7922], [-71.2537, 46.7921], [-71.2542, 46.7921], [-71.2546, 46.7921], [-71.255, 46.7921], [-71.2553, 46.7922], [-71.2556, 46.7922], [-71.2559, 46.7922], [-71.2561, 46.7923], [-71.2564, 46.7924], [-71.2566, 46.7924], [-71.2567, 46.7925], [-71.2569, 46.7925], [-71.257, 46.7925], [-71.2571, 46.7925], [-71.2572, 46.7925], [-71.2573, 46.7924], [-71.2574, 46.7924], [-71.2574, 46.7923], [-71.2575, 46.7923], [-71.2575, 46.7922], [-71.2574, 46.7921], [-71.2574, 46.792], [-71.2573, 46.7919], [-71.2572, 46.7918], [-71.2572, 46.7917], [-71.2572, 46.7916], [-71.2573, 46.7916], [-71.2573, 46.7915], [-71.2574, 46.7915], [-71.2575, 46.7914], [-71.2576, 46.7914], [-71.2577, 46.7914], [-71.2578, 46.7914], [-71.2579, 46.7914], [-71.258, 46.7915], [-71.2582, 46.7915], [-71.2583, 46.7916], [-71.2585, 46.7917], [-71.2586, 46.7917], [-71.2588, 46.7918], [-71.2589, 46.7918], [-71.259, 46.7918], [-71.2591, 46.7918], [-71.2592, 46.7918], [-71.2593, 46.7917], [-71.2593, 46.7916], [-71.2594, 46.7916], [-71.2595, 46.7915], [-71.2596, 46.7915], [-71.2597, 46.7915], [-71.2598, 46.7914], [-71.2599, 46.7914], [-71.26, 46.7914], [-71.2601, 46.7914], [-71.2602, 46.7915], [-71.2602, 46.7916], [-71.2601, 46.7917], [-71.26, 46.7917], [-71.2599, 46.7918], [-71.2598, 46.7919], [-71.2598, 46.792], [-71.2598, 46.7921], [-71.2598, 46.7922], [-71.2599, 46.7922], [-71.26, 46.7922], [-71.2601, 46.7923], [-71.2602, 46.7923], [-71.2604, 46.7923], [-71.2605, 46.7923], [-71.2607, 46.7922], [-71.261, 46.7922], [-71.2612, 46.7922], [-71.2614, 46.7922], [-71.2615, 46.7922], [-71.2617, 46.7922], [-71.2618, 46.7922], [-71.262, 46.7922], [-71.2621, 46.7923], [-71.2622, 46.7923], [-71.2623, 46.7923], [-71.2624, 46.7924], [-71.2625, 46.7923], [-71.2626, 46.7923], [-71.2627, 46.7923], [-71.2628, 46.7922], [-71.263, 46.7921], [-71.2631, 46.7919], [-71.2632, 46.7918], [-71.2634, 46.7917], [-71.2635, 46.7916], [-71.2637, 46.7915], [-71.2638, 46.7915], [-71.264, 46.7914], [-71.2642, 46.7913], [-71.2644, 46.7913], [-71.2645, 46.7912], [-71.2647, 46.7912], [-71.2649, 46.7912], [-71.265, 46.7911], [-71.2652, 46.7911], [-71.2653, 46.7912], [-71.2655, 46.7912], [-71.2656, 46.7912], [-71.2658, 46.7912], [-71.2659, 46.7912], [-71.266, 46.7912], [-71.2661, 46.7911], [-71.2662, 46.7911], [-71.2663, 46.791], [-71.2663, 46.7908], [-71.2664, 46.7907], [-71.2664, 46.7906], [-71.2664, 46.7905], [-71.2664, 46.7903], [-71.2664, 46.7902], [-71.2663, 46.7901], [-71.2662, 46.79], [-71.2661, 46.7899], [-71.2659, 46.7898], [-71.2658, 46.7898], [-71.2657, 46.7897], [-71.2657, 46.7896], [-71.2657, 46.7895], [-71.2658, 46.7895], [-71.2659, 46.7895], [-71.266, 46.7895], [-71.2661, 46.7895], [-71.2662, 46.7894], [-71.2663, 46.7893], [-71.2663, 46.7892], [-71.2663, 46.789], [-71.2663, 46.7889], [-71.2663, 46.7887], [-71.2663, 46.7885], [-71.2662, 46.7883], [-71.2662, 46.7881], [-71.2662, 46.7879], [-71.2662, 46.7878], [-71.2663, 46.7876], [-71.2663, 46.7875], [-71.2664, 46.7874], [-71.2665, 46.7874], [-71.2666, 46.7873], [-71.2666, 46.7872], [-71.2666, 46.7871], [-71.2666, 46.787], [-71.2665, 46.7869], [-71.2664, 46.7868], [-71.2664, 46.7867], [-71.2665, 46.7866], [-71.2666, 46.7866], [-71.2667, 46.7865], [-71.2668, 46.7865], [-71.2668, 46.7864], [-71.2668, 46.7863], [-71.2668, 46.7862], [-71.2667, 46.7861], [-71.2666, 46.786], [-71.2665, 46.7859], [-71.2665, 46.7858], [-71.2664, 46.7857], [-71.2665, 46.7856], [-71.2666, 46.7855], [-71.2667, 46.7855], [-71.2668, 46.7854], [-71.2669, 46.7853], [-71.2668, 46.7852], [-71.2668, 46.7851], [-71.2667, 46.785], [-71.2666, 46.7849], [-71.2665, 46.7848], [-71.2664, 46.7848], [-71.2662, 46.7847], [-71.2661, 46.7846], [-71.266, 46.7846], [-71.2659, 46.7846], [-71.2658, 46.7846], [-71.2656, 46.7846], [-71.2655, 46.7846], [-71.2654, 46.7846], [-71.2653, 46.7846], [-71.2651, 46.7846], [-71.265, 46.7845], [-71.2649, 46.7845], [-71.2647, 46.7844], [-71.2646, 46.7843], [-71.2644, 46.7841], [-71.2643, 46.784], [-71.2642, 46.784], [-71.2642, 46.7839], [-71.2643, 46.7839], [-71.2644, 46.784], [-71.2646, 46.784], [-71.2647, 46.7841], [-71.2648, 46.7841], [-71.265, 46.7841], [-71.2651, 46.7841], [-71.2653, 46.784], [-71.2654, 46.784], [-71.2656, 46.7839], [-71.2657, 46.7839], [-71.2659, 46.7837], [-71.2661, 46.7836], [-71.2663, 46.7834], [-71.2664, 46.7832], [-71.2666, 46.783], [-71.2668, 46.7827], [-71.267, 46.7824]]]}}, {"type": "Feature", "properties": {"couche": "aire_marche", "station": "Maguire", "ordre": 14, "minutes": 14, "superficie_ha": 202.1, "rue_km": 45.61, "disque_ha": 301.7, "part_disque_pct": 67, "accroche_m": 0, "population": 8063, "navetteurs": 2198, "mode_auto_pct": 62, "mode_tc_pct": 18, "mode_actif_pct": 19, "mode_autre_pct": 1}, "geometry": {"type": "Polygon", "coordinates": [[[-71.2677, 46.7813], [-71.2676, 46.7814], [-71.2675, 46.7815], [-71.2675, 46.7816], [-71.2675, 46.7817], [-71.2675, 46.7818], [-71.2676, 46.7819], [-71.2677, 46.7819], [-71.2678, 46.782], [-71.2678, 46.7821], [-71.2677, 46.7822], [-71.2676, 46.7822], [-71.2675, 46.7823], [-71.2673, 46.7823], [-71.2672, 46.7824], [-71.2671, 46.7825], [-71.267, 46.7826], [-71.267, 46.7827], [-71.2671, 46.7828], [-71.2671, 46.7829], [-71.2672, 46.783], [-71.2672, 46.7831], [-71.2672, 46.7832], [-71.2672, 46.7833], [-71.2671, 46.7834], [-71.2671, 46.7835], [-71.267, 46.7836], [-71.2669, 46.7837], [-71.2668, 46.7838], [-71.2666, 46.7839], [-71.2665, 46.784], [-71.2664, 46.7841], [-71.2663, 46.7841], [-71.2662, 46.7842], [-71.266, 46.7842], [-71.2659, 46.7842], [-71.2658, 46.7842], [-71.2656, 46.7842], [-71.2655, 46.7842], [-71.2653, 46.7842], [-71.2651, 46.7842], [-71.2649, 46.7841], [-71.2648, 46.784], [-71.2646, 46.784], [-71.2644, 46.7839], [-71.2643, 46.7839], [-71.2642, 46.7839], [-71.2642, 46.784], [-71.2643, 46.784], [-71.2644, 46.7841], [-71.2646, 46.7843], [-71.2647, 46.7844], [-71.2649, 46.7845], [-71.265, 46.7845], [-71.2651, 46.7846], [-71.2652, 46.7846], [-71.2653, 46.7846], [-71.2654, 46.7846], [-71.2655, 46.7846], [-71.2656, 46.7845], [-71.2658, 46.7845], [-71.2659, 46.7845], [-71.2661, 46.7845], [-71.2662, 46.7846], [-71.2664, 46.7846], [-71.2667, 46.7846], [-71.2669, 46.7847], [-71.2671, 46.7848], [-71.2673, 46.7849], [-71.2674, 46.7851], [-71.2675, 46.7853], [-71.2676, 46.7855], [-71.2676, 46.7858], [-71.2676, 46.7861], [-71.2676, 46.7864], [-71.2676, 46.7867], [-71.2675, 46.787], [-71.2675, 46.7872], [-71.2674, 46.7874], [-71.2673, 46.7875], [-71.2672, 46.7877], [-71.2671, 46.7878], [-71.267, 46.7878], [-71.2669, 46.7879], [-71.2668, 46.788], [-71.2667, 46.788], [-71.2667, 46.7881], [-71.2667, 46.7882], [-71.2668, 46.7883], [-71.2668, 46.7884], [-71.2669, 46.7885], [-71.267, 46.7886], [-71.267, 46.7887], [-71.267, 46.7888], [-71.2669, 46.7889], [-71.2668, 46.7889], [-71.2667, 46.7889], [-71.2666, 46.789], [-71.2665, 46.789], [-71.2665, 46.7891], [-71.2665, 46.7892], [-71.2666, 46.7892], [-71.2666, 46.7893], [-71.2668, 46.7895], [-71.2669, 46.7896], [-71.267, 46.7897], [-71.2671, 46.7899], [-71.2672, 46.79], [-71.2672, 46.7902], [-71.2672, 46.7904], [-71.2672, 46.7906], [-71.2672, 46.7908], [-71.2671, 46.791], [-71.267, 46.7912], [-71.2669, 46.7914], [-71.2668, 46.7915], [-71.2667, 46.7916], [-71.2665, 46.7916], [-71.2664, 46.7917], [-71.2663, 46.7916], [-71.2661, 46.7916], [-71.266, 46.7916], [-71.2659, 46.7916], [-71.2657, 46.7915], [-71.2656, 46.7915], [-71.2655, 46.7916], [-71.2653, 46.7916], [-71.2652, 46.7916], [-71.2651, 46.7917], [-71.265, 46.7917], [-71.2649, 46.7917], [-71.2648, 46.7917], [-71.2647, 46.7917], [-71.2646, 46.7916], [-71.2646, 46.7915], [-71.2645, 46.7914], [-71.2644, 46.7913], [-71.2643, 46.7913], [-71.2642, 46.7913], [-71.2641, 46.7913], [-71.264, 46.7914], [-71.2639, 46.7914], [-71.2638, 46.7915], [-71.2637, 46.7916], [-71.2636, 46.7917], [-71.2635, 46.7918], [-71.2634, 46.792], [-71.2634, 46.7922], [-71.2633, 46.7923], [-71.2632, 46.7925], [-71.2632, 46.7926], [-71.2631, 46.7927], [-71.263, 46.7928], [-71.2629, 46.7928], [-71.2628, 46.7928], [-71.2627, 46.7927], [-71.2626, 46.7927], [-71.2625, 46.7927], [-71.2623, 46.7927], [-71.2622, 46.7926], [-71.2621, 46.7926], [-71.262, 46.7927], [-71.2619, 46.7927], [-71.2617, 46.7927], [-71.2616, 46.7927], [-71.2615, 46.7927], [-71.2614, 46.7927], [-71.2613, 46.7927], [-71.2613, 46.7926], [-71.2613, 46.7925], [-71.2613, 46.7924], [-71.2612, 46.7924], [-71.2611, 46.7924], [-71.261, 46.7924], [-71.2609, 46.7925], [-71.2608, 46.7926], [-71.2607, 46.7926], [-71.2606, 46.7927], [-71.2605, 46.7927], [-71.2603, 46.7928], [-71.2602, 46.7928], [-71.2601, 46.7928], [-71.26, 46.7928], [-71.2598, 46.7928], [-71.2597, 46.7928], [-71.2595, 46.7927], [-71.2594, 46.7926], [-71.2592, 46.7925], [-71.259, 46.7924], [-71.2588, 46.7923], [-71.2587, 46.7921], [-71.2585, 46.7919], [-71.2583, 46.7918], [-71.2581, 46.7916], [-71.258, 46.7915], [-71.2578, 46.7915], [-71.2577, 46.7914], [-71.2576, 46.7914], [-71.2575, 46.7914], [-71.2574, 46.7915], [-71.2573, 46.7915], [-71.2573, 46.7916], [-71.2573, 46.7917], [-71.2573, 46.7918], [-71.2573, 46.7919], [-71.2574, 46.792], [-71.2575, 46.7921], [-71.2577, 46.7922], [-71.2578, 46.7923], [-71.2579, 46.7924], [-71.2579, 46.7925], [-71.258, 46.7926], [-71.258, 46.7927], [-71.258, 46.7928], [-71.2579, 46.7929], [-71.2578, 46.7929], [-71.2578, 46.793], [-71.2577, 46.793], [-71.2576, 46.793], [-71.2574, 46.793], [-71.2573, 46.793], [-71.2571, 46.793], [-71.2569, 46.793], [-71.2568, 46.793], [-71.2566, 46.793], [-71.2565, 46.7929], [-71.2564, 46.7929], [-71.2563, 46.7929], [-71.2562, 46.7928], [-71.2562, 46.7927], [-71.2561, 46.7927], [-71.2561, 46.7926], [-71.256, 46.7926], [-71.2559, 46.7926], [-71.2558, 46.7926], [-71.2557, 46.7927], [-71.2556, 46.7927], [-71.2554, 46.7928], [-71.2553, 46.7928], [-71.2552, 46.7928], [-71.2551, 46.7928], [-71.255, 46.7927], [-71.2549, 46.7927], [-71.2549, 46.7926], [-71.2548, 46.7926], [-71.2547, 46.7925], [-71.2546, 46.7925], [-71.2545, 46.7926], [-71.2544, 46.7926], [-71.2544, 46.7927], [-71.2543, 46.7927], [-71.2542, 46.7927], [-71.2541, 46.7927], [-71.254, 46.7927], [-71.2539, 46.7927], [-71.2538, 46.7927], [-71.2537, 46.7926], [-71.2536, 46.7926], [-71.2535, 46.7925], [-71.2534, 46.7925], [-71.2533, 46.7925], [-71.2532, 46.7925], [-71.2531, 46.7925], [-71.253, 46.7925], [-71.2528, 46.7925], [-71.2527, 46.7926], [-71.2526, 46.7926], [-71.2525, 46.7926], [-71.2524, 46.7926], [-71.2523, 46.7926], [-71.2522, 46.7926], [-71.2521, 46.7925], [-71.252, 46.7924], [-71.2519, 46.7924], [-71.2518, 46.7924], [-71.2517, 46.7924], [-71.2516, 46.7924], [-71.2515, 46.7924], [-71.2514, 46.7924], [-71.2513, 46.7925], [-71.2511, 46.7925], [-71.251, 46.7925], [-71.2509, 46.7925], [-71.2508, 46.7925], [-71.2507, 46.7925], [-71.2507, 46.7924], [-71.2506, 46.7923], [-71.2505, 46.7923], [-71.2505, 46.7922], [-71.2504, 46.7922], [-71.2503, 46.7923], [-71.2502, 46.7923], [-71.2501, 46.7924], [-71.25, 46.7924], [-71.2499, 46.7924], [-71.2498, 46.7925], [-71.2497, 46.7925], [-71.2496, 46.7924], [-71.2495, 46.7924], [-71.2494, 46.7924], [-71.2493, 46.7923], [-71.2492, 46.7923], [-71.2491, 46.7922], [-71.249, 46.7922], [-71.2488, 46.7922], [-71.2487, 46.7922], [-71.2486, 46.7922], [-71.2484, 46.7922], [-71.2483, 46.7922], [-71.2482, 46.7922], [-71.2481, 46.7922], [-71.248, 46.7922], [-71.2479, 46.7921], [-71.2479, 46.792], [-71.2478, 46.7918], [-71.2478, 46.7917], [-71.2478, 46.7915], [-71.2478, 46.7913], [-71.2479, 46.7912], [-71.2479, 46.791], [-71.248, 46.7909], [-71.2481, 46.7908], [-71.2482, 46.7908], [-71.2483, 46.7907], [-71.2484, 46.7907], [-71.2484, 46.7906], [-71.2483, 46.7905], [-71.2483, 46.7904], [-71.2482, 46.7902], [-71.248, 46.7901], [-71.2478, 46.7899], [-71.2476, 46.7898], [-71.2475, 46.7897], [-71.2473, 46.7896], [-71.2471, 46.7895], [-71.247, 46.7895], [-71.2468, 46.7895], [-71.2467, 46.7895], [-71.2465, 46.7895], [-71.2464, 46.7895], [-71.2463, 46.7894], [-71.2462, 46.7894], [-71.2462, 46.7893], [-71.2461, 46.7892], [-71.2461, 46.7891], [-71.246, 46.7889], [-71.246, 46.7888], [-71.2461, 46.7886], [-71.2461, 46.7884], [-71.2461, 46.7883], [-71.2462, 46.7881], [-71.2463, 46.788], [-71.2464, 46.7878], [-71.2465, 46.7877], [-71.2466, 46.7875], [-71.2467, 46.7874], [-71.2469, 46.7873], [-71.247, 46.7872], [-71.2472, 46.7871], [-71.2473, 46.7871], [-71.2475, 46.7871], [-71.2477, 46.7871], [-71.2478, 46.7872], [-71.248, 46.7872], [-71.2481, 46.7872], [-71.2482, 46.7871], [-71.2481, 46.787], [-71.2481, 46.7869], [-71.2479, 46.7868], [-71.2479, 46.7867], [-71.2478, 46.7866], [-71.2478, 46.7865], [-71.2478, 46.7864], [-71.2478, 46.7862], [-71.2479, 46.7861], [-71.2479, 46.786], [-71.248, 46.7859], [-71.2481, 46.7857], [-71.2482, 46.7856], [-71.2482, 46.7855], [-71.2483, 46.7854], [-71.2483, 46.7853], [-71.2483, 46.7852], [-71.2483, 46.7851], [-71.2482, 46.785], [-71.2482, 46.7849], [-71.2483, 46.7849], [-71.2484, 46.7848], [-71.2485, 46.7848], [-71.2486, 46.7847], [-71.2487, 46.7847], [-71.2489, 46.7847], [-71.2491, 46.7847], [-71.2492, 46.7847], [-71.2492, 46.7846], [-71.2492, 46.7845], [-71.2491, 46.7844], [-71.249, 46.7844], [-71.2489, 46.7843], [-71.2488, 46.7843], [-71.2487, 46.7842], [-71.2487, 46.7841], [-71.2488, 46.784], [-71.2488, 46.7839], [-71.2489, 46.7838], [-71.249, 46.7838], [-71.249, 46.7837], [-71.2491, 46.7837], [-71.2491, 46.7836], [-71.2491, 46.7835], [-71.249, 46.7835], [-71.249, 46.7834], [-71.2489, 46.7834], [-71.2489, 46.7833], [-71.2488, 46.7832], [-71.2488, 46.7831], [-71.2488, 46.783], [-71.2489, 46.7829], [-71.2489, 46.7828], [-71.249, 46.7826], [-71.2491, 46.7824], [-71.2492, 46.7823], [-71.2492, 46.7821], [-71.2493, 46.782], [-71.2493, 46.7818], [-71.2493, 46.7817], [-71.2493, 46.7816], [-71.2493, 46.7815], [-71.2492, 46.7815], [-71.2492, 46.7814], [-71.2491, 46.7813], [-71.2491, 46.7812], [-71.2492, 46.7811], [-71.2493, 46.7811], [-71.2494, 46.781], [-71.2495, 46.781], [-71.2495, 46.7809], [-71.2495, 46.7808], [-71.2494, 46.7808], [-71.2494, 46.7807], [-71.2493, 46.7806], [-71.2492, 46.7805], [-71.2492, 46.7804], [-71.2492, 46.7803], [-71.2492, 46.7801], [-71.2492, 46.78], [-71.2492, 46.7799], [-71.2493, 46.7797], [-71.2494, 46.7796], [-71.2495, 46.7795], [-71.2497, 46.7794], [-71.2499, 46.7793], [-71.2501, 46.7793], [-71.2504, 46.7793], [-71.2507, 46.7793], [-71.2511, 46.7793], [-71.2514, 46.7793], [-71.2517, 46.7794], [-71.252, 46.7795], [-71.2523, 46.7796], [-71.2526, 46.7797], [-71.2529, 46.7798], [-71.2531, 46.78], [-71.2534, 46.7802], [-71.2535, 46.7804], [-71.2537, 46.7805], [-71.2538, 46.7805], [-71.2539, 46.7806], [-71.2539, 46.7805], [-71.2538, 46.7804], [-71.2537, 46.7803], [-71.2536, 46.7802], [-71.2535, 46.7801], [-71.2535, 46.78], [-71.2535, 46.7799], [-71.2535, 46.7798], [-71.2535, 46.7797], [-71.2536, 46.7796], [-71.2537, 46.7796], [-71.2538, 46.7796], [-71.2539, 46.7796], [-71.254, 46.7797], [-71.2542, 46.7797], [-71.2544, 46.7798], [-71.2545, 46.7799], [-71.2547, 46.78], [-71.2548, 46.7801], [-71.255, 46.7801], [-71.2551, 46.7801], [-71.2552, 46.7801], [-71.2553, 46.78], [-71.2553, 46.7799], [-71.2554, 46.7798], [-71.2555, 46.7797], [-71.2557, 46.7797], [-71.2559, 46.7796], [-71.2562, 46.7796], [-71.2565, 46.7795], [-71.2569, 46.7795], [-71.2573, 46.7795], [-71.2577, 46.7795], [-71.258, 46.7795], [-71.2582, 46.7795], [-71.2584, 46.7796], [-71.2586, 46.7796], [-71.2587, 46.7797], [-71.2587, 46.7798], [-71.2587, 46.7799], [-71.2587, 46.78], [-71.2587, 46.7801], [-71.2588, 46.7801], [-71.2589, 46.7801], [-71.259, 46.7801], [-71.2592, 46.7801], [-71.2594, 46.78], [-71.2596, 46.7799], [-71.2598, 46.7798], [-71.26, 46.7798], [-71.2602, 46.7797], [-71.2603, 46.7797], [-71.2604, 46.7797], [-71.2605, 46.7798], [-71.2605, 46.7799], [-71.2605, 46.78], [-71.2604, 46.7801], [-71.2604, 46.7802], [-71.2603, 46.7802], [-71.2601, 46.7803], [-71.26, 46.7804], [-71.2598, 46.7805], [-71.26, 46.7805], [-71.2603, 46.7803], [-71.2605, 46.7802], [-71.2608, 46.7801], [-71.261, 46.78], [-71.2612, 46.7799], [-71.2614, 46.7798], [-71.2616, 46.7798], [-71.2617, 46.7798], [-71.2618, 46.7799], [-71.2619, 46.7799], [-71.262, 46.78], [-71.2621, 46.78], [-71.2622, 46.78], [-71.2623, 46.78], [-71.2625, 46.78], [-71.2626, 46.7799], [-71.2627, 46.7799], [-71.2628, 46.7798], [-71.263, 46.7798], [-71.2631, 46.7798], [-71.2632, 46.7798], [-71.2634, 46.7798], [-71.2635, 46.7798], [-71.2636, 46.7798], [-71.2638, 46.7799], [-71.2639, 46.7799], [-71.264, 46.7799], [-71.2642, 46.7799], [-71.2643, 46.7799], [-71.2643, 46.7798], [-71.2644, 46.7798], [-71.2645, 46.7797], [-71.2646, 46.7796], [-71.2646, 46.7795], [-71.2647, 46.7795], [-71.2648, 46.7794], [-71.2649, 46.7794], [-71.265, 46.7794], [-71.2651, 46.7795], [-71.2652, 46.7795], [-71.2652, 46.7796], [-71.2653, 46.7797], [-71.2654, 46.7798], [-71.2654, 46.78], [-71.2654, 46.7801], [-71.2654, 46.7803], [-71.2654, 46.7805], [-71.2653, 46.7807], [-71.2653, 46.7808], [-71.2654, 46.7809], [-71.2654, 46.781], [-71.2655, 46.781], [-71.2657, 46.781], [-71.2658, 46.781], [-71.266, 46.7809], [-71.2663, 46.7808], [-71.2665, 46.7806], [-71.2667, 46.7806], [-71.2669, 46.7805], [-71.2671, 46.7805], [-71.2673, 46.7805], [-71.2675, 46.7805], [-71.2676, 46.7805], [-71.2678, 46.7806], [-71.2679, 46.7807], [-71.268, 46.7807], [-71.2681, 46.7808], [-71.2681, 46.7809], [-71.268, 46.781], [-71.268, 46.7811], [-71.2679, 46.7812], [-71.2677, 46.7813]]]}}, {"type": "Feature", "properties": {"couche": "voile", "station": "Maguire", "minutes": 14}, "geometry": {"type": "Polygon", "coordinates": [[[-71.4273, 46.8997], [-71.0901, 46.9019], [-71.0876, 46.6723], [-71.4234, 46.6701], [-71.4273, 46.8997]], [[-71.2679, 46.7812], [-71.268, 46.7811], [-71.268, 46.781], [-71.2681, 46.7809], [-71.2681, 46.7808], [-71.268, 46.7807], [-71.2679, 46.7807], [-71.2678, 46.7806], [-71.2676, 46.7805], [-71.2675, 46.7805], [-71.2673, 46.7805], [-71.2671, 46.7805], [-71.2669, 46.7805], [-71.2667, 46.7806], [-71.2665, 46.7806], [-71.2663, 46.7808], [-71.266, 46.7809], [-71.2658, 46.781], [-71.2657, 46.781], [-71.2655, 46.781], [-71.2654, 46.781], [-71.2654, 46.7809], [-71.2653, 46.7808], [-71.2653, 46.7807], [-71.2654, 46.7805], [-71.2654, 46.7803], [-71.2654, 46.7801], [-71.2654, 46.78], [-71.2654, 46.7798], [-71.2653, 46.7797], [-71.2652, 46.7796], [-71.2652, 46.7795], [-71.2651, 46.7795], [-71.265, 46.7794], [-71.2649, 46.7794], [-71.2648, 46.7794], [-71.2647, 46.7795], [-71.2646, 46.7795], [-71.2646, 46.7796], [-71.2645, 46.7797], [-71.2644, 46.7798], [-71.2643, 46.7798], [-71.2643, 46.7799], [-71.2642, 46.7799], [-71.264, 46.7799], [-71.2639, 46.7799], [-71.2638, 46.7799], [-71.2636, 46.7798], [-71.2635, 46.7798], [-71.2634, 46.7798], [-71.2632, 46.7798], [-71.2631, 46.7798], [-71.263, 46.7798], [-71.2628, 46.7798], [-71.2627, 46.7799], [-71.2626, 46.7799], [-71.2625, 46.78], [-71.2623, 46.78], [-71.2622, 46.78], [-71.2621, 46.78], [-71.262, 46.78], [-71.2619, 46.7799], [-71.2618, 46.7799], [-71.2617, 46.7798], [-71.2616, 46.7798], [-71.2614, 46.7798], [-71.2612, 46.7799], [-71.261, 46.78], [-71.2608, 46.7801], [-71.2605, 46.7802], [-71.2603, 46.7803], [-71.26, 46.7805], [-71.2598, 46.7805], [-71.26, 46.7804], [-71.2601, 46.7803], [-71.2603, 46.7802], [-71.2604, 46.7802], [-71.2604, 46.7801], [-71.2605, 46.78], [-71.2605, 46.7799], [-71.2605, 46.7798], [-71.2604, 46.7797], [-71.2603, 46.7797], [-71.2602, 46.7797], [-71.26, 46.7798], [-71.2598, 46.7798], [-71.2596, 46.7799], [-71.2594, 46.78], [-71.2592, 46.7801], [-71.259, 46.7801], [-71.2589, 46.7801], [-71.2588, 46.7801], [-71.2587, 46.7801], [-71.2587, 46.78], [-71.2587, 46.7799], [-71.2587, 46.7798], [-71.2587, 46.7797], [-71.2586, 46.7796], [-71.2584, 46.7796], [-71.2582, 46.7795], [-71.258, 46.7795], [-71.2577, 46.7795], [-71.2573, 46.7795], [-71.2569, 46.7795], [-71.2565, 46.7795], [-71.2562, 46.7796], [-71.2559, 46.7796], [-71.2557, 46.7797], [-71.2555, 46.7797], [-71.2554, 46.7798], [-71.2553, 46.7799], [-71.2553, 46.78], [-71.2552, 46.7801], [-71.2551, 46.7801], [-71.255, 46.7801], [-71.2548, 46.7801], [-71.2547, 46.78], [-71.2545, 46.7799], [-71.2544, 46.7798], [-71.2542, 46.7797], [-71.254, 46.7797], [-71.2539, 46.7796], [-71.2538, 46.7796], [-71.2537, 46.7796], [-71.2536, 46.7796], [-71.2535, 46.7797], [-71.2535, 46.7798], [-71.2535, 46.7799], [-71.2535, 46.78], [-71.2535, 46.7801], [-71.2536, 46.7802], [-71.2537, 46.7803], [-71.2538, 46.7804], [-71.2539, 46.7805], [-71.2539, 46.7806], [-71.2538, 46.7805], [-71.2537, 46.7805], [-71.2535, 46.7804], [-71.2534, 46.7802], [-71.2531, 46.78], [-71.2529, 46.7798], [-71.2526, 46.7797], [-71.2523, 46.7796], [-71.252, 46.7795], [-71.2517, 46.7794], [-71.2514, 46.7793], [-71.2511, 46.7793], [-71.2507, 46.7793], [-71.2504, 46.7793], [-71.2501, 46.7793], [-71.2499, 46.7793], [-71.2497, 46.7794], [-71.2495, 46.7795], [-71.2494, 46.7796], [-71.2493, 46.7797], [-71.2492, 46.7799], [-71.2492, 46.78], [-71.2492, 46.7801], [-71.2492, 46.7803], [-71.2492, 46.7804], [-71.2492, 46.7805], [-71.2493, 46.7806], [-71.2494, 46.7807], [-71.2494, 46.7808], [-71.2495, 46.7808], [-71.2495, 46.7809], [-71.2495, 46.781], [-71.2494, 46.781], [-71.2493, 46.7811], [-71.2492, 46.7811], [-71.2491, 46.7812], [-71.2491, 46.7813], [-71.2492, 46.7814], [-71.2492, 46.7815], [-71.2493, 46.7815], [-71.2493, 46.7816], [-71.2493, 46.7817], [-71.2493, 46.7818], [-71.2493, 46.782], [-71.2492, 46.7821], [-71.2492, 46.7823], [-71.2491, 46.7824], [-71.249, 46.7826], [-71.2489, 46.7828], [-71.2489, 46.7829], [-71.2488, 46.783], [-71.2488, 46.7831], [-71.2488, 46.7832], [-71.2489, 46.7833], [-71.2489, 46.7834], [-71.249, 46.7834], [-71.249, 46.7835], [-71.2491, 46.7835], [-71.2491, 46.7836], [-71.2491, 46.7837], [-71.249, 46.7837], [-71.249, 46.7838], [-71.2489, 46.7838], [-71.2488, 46.7839], [-71.2488, 46.784], [-71.2487, 46.7841], [-71.2487, 46.7842], [-71.2488, 46.7843], [-71.2489, 46.7843], [-71.249, 46.7844], [-71.2491, 46.7844], [-71.2492, 46.7845], [-71.2492, 46.7846], [-71.2492, 46.7847], [-71.2491, 46.7847], [-71.2489, 46.7847], [-71.2487, 46.7847], [-71.2486, 46.7847], [-71.2485, 46.7848], [-71.2484, 46.7848], [-71.2483, 46.7849], [-71.2482, 46.7849], [-71.2482, 46.785], [-71.2483, 46.7851], [-71.2483, 46.7852], [-71.2483, 46.7853], [-71.2483, 46.7854], [-71.2482, 46.7855], [-71.2482, 46.7856], [-71.2481, 46.7857], [-71.248, 46.7859], [-71.2479, 46.786], [-71.2479, 46.7861], [-71.2478, 46.7862], [-71.2478, 46.7864], [-71.2478, 46.7865], [-71.2478, 46.7866], [-71.2479, 46.7867], [-71.2479, 46.7868], [-71.2481, 46.7869], [-71.2481, 46.787], [-71.2482, 46.7871], [-71.2481, 46.7872], [-71.248, 46.7872], [-71.2478, 46.7872], [-71.2477, 46.7871], [-71.2475, 46.7871], [-71.2473, 46.7871], [-71.2472, 46.7871], [-71.247, 46.7872], [-71.2469, 46.7873], [-71.2467, 46.7874], [-71.2466, 46.7875], [-71.2465, 46.7877], [-71.2464, 46.7878], [-71.2463, 46.788], [-71.2462, 46.7881], [-71.2461, 46.7883], [-71.2461, 46.7884], [-71.2461, 46.7886], [-71.246, 46.7888], [-71.246, 46.7889], [-71.2461, 46.7891], [-71.2461, 46.7892], [-71.2462, 46.7893], [-71.2462, 46.7894], [-71.2463, 46.7894], [-71.2464, 46.7895], [-71.2465, 46.7895], [-71.2467, 46.7895], [-71.2468, 46.7895], [-71.247, 46.7895], [-71.2471, 46.7895], [-71.2473, 46.7896], [-71.2475, 46.7897], [-71.2476, 46.7898], [-71.2478, 46.7899], [-71.248, 46.7901], [-71.2482, 46.7902], [-71.2483, 46.7904], [-71.2483, 46.7905], [-71.2484, 46.7906], [-71.2484, 46.7907], [-71.2483, 46.7907], [-71.2482, 46.7908], [-71.2481, 46.7908], [-71.248, 46.7909], [-71.2479, 46.791], [-71.2479, 46.7912], [-71.2478, 46.7913], [-71.2478, 46.7915], [-71.2478, 46.7917], [-71.2478, 46.7918], [-71.2479, 46.792], [-71.2479, 46.7921], [-71.248, 46.7922], [-71.2481, 46.7922], [-71.2482, 46.7922], [-71.2483, 46.7922], [-71.2484, 46.7922], [-71.2486, 46.7922], [-71.2487, 46.7922], [-71.2488, 46.7922], [-71.249, 46.7922], [-71.2491, 46.7922], [-71.2492, 46.7923], [-71.2493, 46.7923], [-71.2494, 46.7924], [-71.2495, 46.7924], [-71.2496, 46.7924], [-71.2497, 46.7925], [-71.2498, 46.7925], [-71.2499, 46.7924], [-71.25, 46.7924], [-71.2501, 46.7924], [-71.2502, 46.7923], [-71.2503, 46.7923], [-71.2504, 46.7922], [-71.2505, 46.7922], [-71.2505, 46.7923], [-71.2506, 46.7923], [-71.2507, 46.7924], [-71.2507, 46.7925], [-71.2508, 46.7925], [-71.2509, 46.7925], [-71.251, 46.7925], [-71.2511, 46.7925], [-71.2513, 46.7925], [-71.2514, 46.7924], [-71.2515, 46.7924], [-71.2516, 46.7924], [-71.2517, 46.7924], [-71.2518, 46.7924], [-71.2519, 46.7924], [-71.252, 46.7924], [-71.2521, 46.7925], [-71.2522, 46.7926], [-71.2523, 46.7926], [-71.2524, 46.7926], [-71.2525, 46.7926], [-71.2526, 46.7926], [-71.2527, 46.7926], [-71.2528, 46.7925], [-71.253, 46.7925], [-71.2531, 46.7925], [-71.2532, 46.7925], [-71.2533, 46.7925], [-71.2534, 46.7925], [-71.2535, 46.7925], [-71.2536, 46.7926], [-71.2537, 46.7926], [-71.2538, 46.7927], [-71.2539, 46.7927], [-71.254, 46.7927], [-71.2541, 46.7927], [-71.2542, 46.7927], [-71.2543, 46.7927], [-71.2544, 46.7927], [-71.2544, 46.7926], [-71.2545, 46.7926], [-71.2546, 46.7925], [-71.2547, 46.7925], [-71.2548, 46.7926], [-71.2549, 46.7926], [-71.2549, 46.7927], [-71.255, 46.7927], [-71.2551, 46.7928], [-71.2552, 46.7928], [-71.2553, 46.7928], [-71.2554, 46.7928], [-71.2556, 46.7927], [-71.2557, 46.7927], [-71.2558, 46.7926], [-71.2559, 46.7926], [-71.256, 46.7926], [-71.2561, 46.7926], [-71.2561, 46.7927], [-71.2562, 46.7927], [-71.2562, 46.7928], [-71.2563, 46.7929], [-71.2564, 46.7929], [-71.2565, 46.7929], [-71.2566, 46.793], [-71.2568, 46.793], [-71.2569, 46.793], [-71.2571, 46.793], [-71.2573, 46.793], [-71.2574, 46.793], [-71.2576, 46.793], [-71.2577, 46.793], [-71.2578, 46.793], [-71.2578, 46.7929], [-71.2579, 46.7929], [-71.258, 46.7928], [-71.258, 46.7927], [-71.258, 46.7926], [-71.2579, 46.7925], [-71.2579, 46.7924], [-71.2578, 46.7923], [-71.2577, 46.7922], [-71.2575, 46.7921], [-71.2574, 46.792], [-71.2573, 46.7919], [-71.2573, 46.7918], [-71.2573, 46.7917], [-71.2573, 46.7916], [-71.2573, 46.7915], [-71.2574, 46.7915], [-71.2575, 46.7914], [-71.2576, 46.7914], [-71.2577, 46.7914], [-71.2578, 46.7915], [-71.258, 46.7915], [-71.2581, 46.7916], [-71.2583, 46.7918], [-71.2585, 46.7919], [-71.2587, 46.7921], [-71.2588, 46.7923], [-71.259, 46.7924], [-71.2592, 46.7925], [-71.2594, 46.7926], [-71.2595, 46.7927], [-71.2597, 46.7928], [-71.2598, 46.7928], [-71.26, 46.7928], [-71.2601, 46.7928], [-71.2602, 46.7928], [-71.2603, 46.7928], [-71.2605, 46.7927], [-71.2606, 46.7927], [-71.2607, 46.7926], [-71.2608, 46.7926], [-71.2609, 46.7925], [-71.261, 46.7924], [-71.2611, 46.7924], [-71.2612, 46.7924], [-71.2613, 46.7924], [-71.2613, 46.7925], [-71.2613, 46.7926], [-71.2613, 46.7927], [-71.2614, 46.7927], [-71.2615, 46.7927], [-71.2616, 46.7927], [-71.2617, 46.7927], [-71.2619, 46.7927], [-71.262, 46.7927], [-71.2621, 46.7926], [-71.2622, 46.7926], [-71.2623, 46.7927], [-71.2625, 46.7927], [-71.2626, 46.7927], [-71.2627, 46.7927], [-71.2628, 46.7928], [-71.2629, 46.7928], [-71.263, 46.7928], [-71.2631, 46.7927], [-71.2632, 46.7926], [-71.2632, 46.7925], [-71.2633, 46.7923], [-71.2634, 46.7922], [-71.2634, 46.792], [-71.2635, 46.7918], [-71.2636, 46.7917], [-71.2637, 46.7916], [-71.2638, 46.7915], [-71.2639, 46.7914], [-71.264, 46.7914], [-71.2641, 46.7913], [-71.2642, 46.7913], [-71.2643, 46.7913], [-71.2644, 46.7913], [-71.2645, 46.7914], [-71.2646, 46.7915], [-71.2646, 46.7916], [-71.2647, 46.7917], [-71.2648, 46.7917], [-71.2649, 46.7917], [-71.265, 46.7917], [-71.2651, 46.7917], [-71.2652, 46.7916], [-71.2653, 46.7916], [-71.2655, 46.7916], [-71.2656, 46.7915], [-71.2657, 46.7915], [-71.2659, 46.7916], [-71.266, 46.7916], [-71.2661, 46.7916], [-71.2663, 46.7916], [-71.2664, 46.7917], [-71.2665, 46.7916], [-71.2667, 46.7916], [-71.2668, 46.7915], [-71.2669, 46.7914], [-71.267, 46.7912], [-71.2671, 46.791], [-71.2672, 46.7908], [-71.2672, 46.7906], [-71.2672, 46.7904], [-71.2672, 46.7902], [-71.2672, 46.79], [-71.2671, 46.7899], [-71.267, 46.7897], [-71.2669, 46.7896], [-71.2668, 46.7895], [-71.2666, 46.7893], [-71.2666, 46.7892], [-71.2665, 46.7892], [-71.2665, 46.7891], [-71.2665, 46.789], [-71.2666, 46.789], [-71.2667, 46.7889], [-71.2668, 46.7889], [-71.2669, 46.7889], [-71.267, 46.7888], [-71.267, 46.7887], [-71.267, 46.7886], [-71.2669, 46.7885], [-71.2668, 46.7884], [-71.2668, 46.7883], [-71.2667, 46.7882], [-71.2667, 46.7881], [-71.2667, 46.788], [-71.2668, 46.788], [-71.2669, 46.7879], [-71.267, 46.7878], [-71.2671, 46.7878], [-71.2672, 46.7877], [-71.2673, 46.7875], [-71.2674, 46.7874], [-71.2675, 46.7872], [-71.2675, 46.787], [-71.2676, 46.7867], [-71.2676, 46.7864], [-71.2676, 46.7861], [-71.2676, 46.7858], [-71.2676, 46.7855], [-71.2675, 46.7853], [-71.2674, 46.7851], [-71.2673, 46.7849], [-71.2671, 46.7848], [-71.2669, 46.7847], [-71.2667, 46.7846], [-71.2664, 46.7846], [-71.2662, 46.7846], [-71.2661, 46.7845], [-71.2659, 46.7845], [-71.2658, 46.7845], [-71.2656, 46.7845], [-71.2655, 46.7846], [-71.2654, 46.7846], [-71.2653, 46.7846], [-71.2652, 46.7846], [-71.2651, 46.7846], [-71.265, 46.7845], [-71.2649, 46.7845], [-71.2647, 46.7844], [-71.2646, 46.7843], [-71.2644, 46.7841], [-71.2643, 46.784], [-71.2642, 46.784], [-71.2642, 46.7839], [-71.2643, 46.7839], [-71.2644, 46.7839], [-71.2646, 46.784], [-71.2648, 46.784], [-71.2649, 46.7841], [-71.2651, 46.7842], [-71.2653, 46.7842], [-71.2655, 46.7842], [-71.2656, 46.7842], [-71.2658, 46.7842], [-71.2659, 46.7842], [-71.266, 46.7842], [-71.2662, 46.7842], [-71.2663, 46.7841], [-71.2664, 46.7841], [-71.2665, 46.784], [-71.2666, 46.7839], [-71.2668, 46.7838], [-71.2669, 46.7837], [-71.267, 46.7836], [-71.2671, 46.7835], [-71.2671, 46.7834], [-71.2672, 46.7833], [-71.2672, 46.7832], [-71.2672, 46.7831], [-71.2672, 46.783], [-71.2671, 46.7829], [-71.2671, 46.7828], [-71.267, 46.7827], [-71.267, 46.7826], [-71.2671, 46.7825], [-71.2672, 46.7824], [-71.2673, 46.7823], [-71.2675, 46.7823], [-71.2676, 46.7822], [-71.2677, 46.7822], [-71.2678, 46.7821], [-71.2678, 46.782], [-71.2677, 46.7819], [-71.2676, 46.7819], [-71.2675, 46.7818], [-71.2675, 46.7817], [-71.2675, 46.7816], [-71.2675, 46.7815], [-71.2676, 46.7814], [-71.2677, 46.7813], [-71.2679, 46.7812]]]}}, {"type": "Feature", "properties": {"couche": "aire_marche", "station": "Maguire", "ordre": 14, "minutes": 15, "superficie_ha": 232.0, "rue_km": 54.08, "disque_ha": 346.4, "part_disque_pct": 67, "accroche_m": 0, "population": 9211, "navetteurs": 2538, "mode_auto_pct": 62, "mode_tc_pct": 18, "mode_actif_pct": 19, "mode_autre_pct": 1}, "geometry": {"type": "Polygon", "coordinates": [[[-71.2675, 46.7803], [-71.2679, 46.7803], [-71.2682, 46.7803], [-71.2685, 46.7804], [-71.2687, 46.7805], [-71.2689, 46.7805], [-71.269, 46.7806], [-71.269, 46.7807], [-71.269, 46.7808], [-71.269, 46.7809], [-71.2689, 46.781], [-71.2688, 46.7811], [-71.2687, 46.7812], [-71.2686, 46.7813], [-71.2684, 46.7814], [-71.2682, 46.7814], [-71.268, 46.7815], [-71.2678, 46.7815], [-71.2677, 46.7816], [-71.2679, 46.7816], [-71.268, 46.7816], [-71.2682, 46.7816], [-71.2683, 46.7816], [-71.2684, 46.7816], [-71.2685, 46.7816], [-71.2686, 46.7817], [-71.2686, 46.7818], [-71.2687, 46.7819], [-71.2687, 46.782], [-71.2686, 46.7821], [-71.2686, 46.7822], [-71.2685, 46.7822], [-71.2684, 46.7823], [-71.2682, 46.7824], [-71.2681, 46.7824], [-71.2679, 46.7824], [-71.2676, 46.7825], [-71.2674, 46.7825], [-71.2673, 46.7825], [-71.2672, 46.7826], [-71.2671, 46.7826], [-71.267, 46.7827], [-71.267, 46.7828], [-71.2671, 46.7829], [-71.2671, 46.783], [-71.2672, 46.7831], [-71.2672, 46.7832], [-71.2671, 46.7833], [-71.2671, 46.7834], [-71.267, 46.7835], [-71.2669, 46.7836], [-71.2667, 46.7838], [-71.2666, 46.7839], [-71.2664, 46.784], [-71.2662, 46.7841], [-71.266, 46.7842], [-71.2658, 46.7842], [-71.2655, 46.7842], [-71.2653, 46.7841], [-71.265, 46.7841], [-71.2648, 46.784], [-71.2646, 46.7839], [-71.2644, 46.7839], [-71.2643, 46.7839], [-71.2643, 46.784], [-71.2644, 46.7841], [-71.2646, 46.7843], [-71.2647, 46.7844], [-71.2649, 46.7845], [-71.265, 46.7845], [-71.2651, 46.7846], [-71.2652, 46.7846], [-71.2654, 46.7846], [-71.2655, 46.7846], [-71.2656, 46.7846], [-71.2657, 46.7845], [-71.2658, 46.7845], [-71.2659, 46.7845], [-71.266, 46.7846], [-71.2661, 46.7846], [-71.2662, 46.7846], [-71.2663, 46.7847], [-71.2664, 46.7847], [-71.2665, 46.7847], [-71.2666, 46.7847], [-71.2667, 46.7847], [-71.2668, 46.7847], [-71.267, 46.7846], [-71.2671, 46.7846], [-71.2672, 46.7845], [-71.2674, 46.7844], [-71.2675, 46.7844], [-71.2676, 46.7843], [-71.2677, 46.7843], [-71.2678, 46.7843], [-71.2679, 46.7843], [-71.268, 46.7843], [-71.2681, 46.7843], [-71.2681, 46.7844], [-71.2681, 46.7845], [-71.2681, 46.7846], [-71.2681, 46.7847], [-71.268, 46.7848], [-71.2679, 46.7849], [-71.2677, 46.785], [-71.2677, 46.7851], [-71.2676, 46.7852], [-71.2676, 46.7853], [-71.2676, 46.7854], [-71.2676, 46.7856], [-71.2677, 46.7857], [-71.2677, 46.7858], [-71.2679, 46.7859], [-71.268, 46.786], [-71.2681, 46.7861], [-71.2681, 46.7862], [-71.2681, 46.7863], [-71.2681, 46.7864], [-71.268, 46.7864], [-71.2679, 46.7865], [-71.2679, 46.7866], [-71.2678, 46.7866], [-71.2678, 46.7867], [-71.2678, 46.7868], [-71.2678, 46.7869], [-71.2679, 46.787], [-71.2679, 46.7871], [-71.268, 46.7873], [-71.2681, 46.7874], [-71.2681, 46.7875], [-71.2682, 46.7876], [-71.2682, 46.7877], [-71.2682, 46.7878], [-71.2681, 46.788], [-71.268, 46.7881], [-71.268, 46.7882], [-71.2679, 46.7883], [-71.2678, 46.7883], [-71.2677, 46.7884], [-71.2676, 46.7884], [-71.2674, 46.7884], [-71.2673, 46.7884], [-71.2672, 46.7884], [-71.2671, 46.7883], [-71.267, 46.7883], [-71.2669, 46.7883], [-71.267, 46.7884], [-71.2672, 46.7885], [-71.2673, 46.7887], [-71.2675, 46.7888], [-71.2676, 46.7889], [-71.2676, 46.789], [-71.2677, 46.7891], [-71.2676, 46.7892], [-71.2675, 46.7893], [-71.2674, 46.7893], [-71.2673, 46.7893], [-71.2672, 46.7893], [-71.2671, 46.7893], [-71.267, 46.7893], [-71.2669, 46.7893], [-71.2667, 46.7892], [-71.2666, 46.7892], [-71.2665, 46.7892], [-71.2666, 46.7893], [-71.2667, 46.7894], [-71.2668, 46.7895], [-71.2669, 46.7895], [-71.267, 46.7896], [-71.2672, 46.7896], [-71.2673, 46.7897], [-71.2674, 46.7897], [-71.2676, 46.7897], [-71.2677, 46.7897], [-71.2679, 46.7898], [-71.268, 46.7898], [-71.2681, 46.7898], [-71.2681, 46.7899], [-71.2682, 46.7899], [-71.2682, 46.79], [-71.2682, 46.7901], [-71.2681, 46.7902], [-71.268, 46.7903], [-71.2679, 46.7904], [-71.2678, 46.7904], [-71.2677, 46.7904], [-71.2676, 46.7904], [-71.2675, 46.7904], [-71.2674, 46.7905], [-71.2673, 46.7905], [-71.2673, 46.7906], [-71.2673, 46.7907], [-71.2674, 46.7907], [-71.2674, 46.7908], [-71.2675, 46.7909], [-71.2675, 46.791], [-71.2674, 46.791], [-71.2674, 46.7911], [-71.2673, 46.7911], [-71.2672, 46.7912], [-71.2671, 46.7912], [-71.267, 46.7912], [-71.2669, 46.7912], [-71.2669, 46.7913], [-71.2669, 46.7914], [-71.2669, 46.7915], [-71.267, 46.7916], [-71.2671, 46.7918], [-71.2671, 46.7919], [-71.2672, 46.792], [-71.2672, 46.7921], [-71.2671, 46.7922], [-71.267, 46.7923], [-71.2669, 46.7923], [-71.2668, 46.7923], [-71.2666, 46.7923], [-71.2665, 46.7923], [-71.2664, 46.7922], [-71.2663, 46.7922], [-71.2662, 46.7921], [-71.266, 46.7921], [-71.2659, 46.792], [-71.2658, 46.7919], [-71.2657, 46.7919], [-71.2655, 46.7918], [-71.2654, 46.7919], [-71.2652, 46.7919], [-71.265, 46.7921], [-71.2648, 46.7922], [-71.2645, 46.7924], [-71.2643, 46.7926], [-71.264, 46.7928], [-71.2638, 46.793], [-71.2635, 46.7931], [-71.2633, 46.7932], [-71.2631, 46.7933], [-71.2629, 46.7934], [-71.2628, 46.7934], [-71.2626, 46.7934], [-71.2625, 46.7934], [-71.2623, 46.7933], [-71.2622, 46.7933], [-71.2621, 46.7933], [-71.262, 46.7932], [-71.2619, 46.7931], [-71.2618, 46.793], [-71.2617, 46.793], [-71.2616, 46.793], [-71.2614, 46.793], [-71.2613, 46.793], [-71.2612, 46.7931], [-71.261, 46.7931], [-71.2608, 46.7932], [-71.2607, 46.7932], [-71.2605, 46.7932], [-71.2604, 46.7932], [-71.2603, 46.7932], [-71.2602, 46.7931], [-71.2601, 46.7931], [-71.26, 46.793], [-71.2599, 46.793], [-71.2598, 46.793], [-71.2596, 46.7929], [-71.2595, 46.793], [-71.2594, 46.793], [-71.2592, 46.7931], [-71.259, 46.7931], [-71.2589, 46.7932], [-71.2587, 46.7933], [-71.2585, 46.7934], [-71.2583, 46.7934], [-71.2582, 46.7934], [-71.258, 46.7934], [-71.2579, 46.7933], [-71.2577, 46.7933], [-71.2576, 46.7932], [-71.2574, 46.7931], [-71.2573, 46.793], [-71.2571, 46.793], [-71.257, 46.793], [-71.2568, 46.793], [-71.2567, 46.793], [-71.2565, 46.7931], [-71.2564, 46.7931], [-71.2562, 46.7932], [-71.256, 46.7933], [-71.2559, 46.7933], [-71.2557, 46.7933], [-71.2555, 46.7933], [-71.2553, 46.7934], [-71.2551, 46.7933], [-71.2549, 46.7933], [-71.2547, 46.7933], [-71.2546, 46.7933], [-71.2544, 46.7933], [-71.2543, 46.7932], [-71.2542, 46.7932], [-71.2541, 46.7931], [-71.254, 46.7931], [-71.254, 46.793], [-71.2539, 46.793], [-71.2538, 46.793], [-71.2538, 46.7929], [-71.2537, 46.793], [-71.2536, 46.793], [-71.2535, 46.793], [-71.2534, 46.7931], [-71.2533, 46.7931], [-71.2532, 46.7931], [-71.2531, 46.7931], [-71.253, 46.7931], [-71.2529, 46.7931], [-71.2528, 46.793], [-71.2527, 46.793], [-71.2527, 46.7929], [-71.2526, 46.7929], [-71.2525, 46.7929], [-71.2524, 46.7929], [-71.2523, 46.7929], [-71.2522, 46.7929], [-71.2521, 46.7929], [-71.252, 46.793], [-71.2519, 46.793], [-71.2518, 46.793], [-71.2517, 46.793], [-71.2516, 46.793], [-71.2515, 46.793], [-71.2514, 46.7929], [-71.2513, 46.7928], [-71.2512, 46.7928], [-71.2511, 46.7928], [-71.251, 46.7928], [-71.2509, 46.7928], [-71.2508, 46.7928], [-71.2507, 46.7929], [-71.2506, 46.7929], [-71.2505, 46.7929], [-71.2504, 46.793], [-71.2503, 46.793], [-71.2502, 46.7929], [-71.2501, 46.7929], [-71.25, 46.7929], [-71.2499, 46.7928], [-71.2498, 46.7928], [-71.2497, 46.7928], [-71.2496, 46.7928], [-71.2495, 46.7927], [-71.2494, 46.7927], [-71.2493, 46.7928], [-71.2492, 46.7928], [-71.2491, 46.7928], [-71.249, 46.7928], [-71.2489, 46.7928], [-71.2488, 46.7928], [-71.2487, 46.7928], [-71.2486, 46.7928], [-71.2486, 46.7927], [-71.2485, 46.7927], [-71.2485, 46.7926], [-71.2484, 46.7926], [-71.2483, 46.7925], [-71.2482, 46.7925], [-71.2481, 46.7925], [-71.248, 46.7925], [-71.2478, 46.7926], [-71.2477, 46.7926], [-71.2475, 46.7926], [-71.2474, 46.7926], [-71.2474, 46.7925], [-71.2473, 46.7924], [-71.2473, 46.7923], [-71.2473, 46.7922], [-71.2473, 46.792], [-71.2474, 46.7918], [-71.2475, 46.7916], [-71.2475, 46.7914], [-71.2475, 46.7913], [-71.2474, 46.7911], [-71.2474, 46.7909], [-71.2473, 46.7908], [-71.2471, 46.7906], [-71.247, 46.7905], [-71.2468, 46.7904], [-71.2467, 46.7903], [-71.2465, 46.7902], [-71.2464, 46.7901], [-71.2462, 46.7901], [-71.2461, 46.79], [-71.2459, 46.79], [-71.2458, 46.79], [-71.2457, 46.7899], [-71.2456, 46.7899], [-71.2455, 46.7898], [-71.2454, 46.7897], [-71.2453, 46.7895], [-71.2453, 46.7894], [-71.2453, 46.7892], [-71.2452, 46.789], [-71.2452, 46.7888], [-71.2452, 46.7886], [-71.2452, 46.7885], [-71.2453, 46.7883], [-71.2453, 46.7882], [-71.2454, 46.788], [-71.2455, 46.7879], [-71.2456, 46.7878], [-71.2457, 46.7877], [-71.2458, 46.7876], [-71.2459, 46.7876], [-71.246, 46.7875], [-71.2461, 46.7875], [-71.2462, 46.7875], [-71.2463, 46.7875], [-71.2464, 46.7875], [-71.2465, 46.7874], [-71.2466, 46.7873], [-71.2467, 46.7872], [-71.2468, 46.787], [-71.2469, 46.7868], [-71.247, 46.7865], [-71.2471, 46.7861], [-71.2472, 46.7857], [-71.2473, 46.7853], [-71.2474, 46.785], [-71.2475, 46.7847], [-71.2476, 46.7845], [-71.2478, 46.7843], [-71.2479, 46.7842], [-71.248, 46.7841], [-71.2482, 46.7841], [-71.2483, 46.784], [-71.2484, 46.784], [-71.2484, 46.7839], [-71.2485, 46.7839], [-71.2485, 46.7838], [-71.2484, 46.7838], [-71.2484, 46.7837], [-71.2483, 46.7837], [-71.2482, 46.7836], [-71.2481, 46.7835], [-71.2481, 46.7834], [-71.2482, 46.7834], [-71.2482, 46.7833], [-71.2483, 46.7833], [-71.2484, 46.7832], [-71.2485, 46.7831], [-71.2485, 46.783], [-71.2485, 46.7829], [-71.2484, 46.7828], [-71.2484, 46.7827], [-71.2483, 46.7826], [-71.2483, 46.7825], [-71.2483, 46.7823], [-71.2483, 46.7821], [-71.2484, 46.7819], [-71.2485, 46.7817], [-71.2486, 46.7814], [-71.2487, 46.781], [-71.2488, 46.7807], [-71.2489, 46.7805], [-71.249, 46.7802], [-71.249, 46.78], [-71.249, 46.7798], [-71.249, 46.7796], [-71.249, 46.7794], [-71.249, 46.7793], [-71.249, 46.7791], [-71.249, 46.779], [-71.249, 46.7789], [-71.2491, 46.7789], [-71.2492, 46.7788], [-71.2494, 46.7788], [-71.2495, 46.7787], [-71.2497, 46.7787], [-71.2499, 46.7788], [-71.2501, 46.7788], [-71.2502, 46.7788], [-71.2503, 46.7788], [-71.2505, 46.7789], [-71.2506, 46.7789], [-71.2506, 46.779], [-71.2507, 46.7791], [-71.2508, 46.7791], [-71.2508, 46.7792], [-71.2509, 46.7792], [-71.251, 46.7792], [-71.2511, 46.7792], [-71.2512, 46.7792], [-71.2513, 46.7791], [-71.2514, 46.7791], [-71.2515, 46.7791], [-71.2517, 46.7791], [-71.2518, 46.7791], [-71.252, 46.7792], [-71.2523, 46.7793], [-71.2525, 46.7795], [-71.2528, 46.7797], [-71.2531, 46.78], [-71.2533, 46.7802], [-71.2535, 46.7803], [-71.2537, 46.7804], [-71.2536, 46.7802], [-71.2534, 46.7801], [-71.2532, 46.7799], [-71.2531, 46.7797], [-71.253, 46.7796], [-71.2529, 46.7795], [-71.2529, 46.7794], [-71.2529, 46.7793], [-71.2529, 46.7792], [-71.253, 46.7791], [-71.2531, 46.7791], [-71.2532, 46.7792], [-71.2534, 46.7792], [-71.2535, 46.7793], [-71.2537, 46.7794], [-71.254, 46.7796], [-71.2542, 46.7797], [-71.2545, 46.7799], [-71.2546, 46.78], [-71.2548, 46.78], [-71.2547, 46.7798], [-71.2546, 46.7797], [-71.2546, 46.7796], [-71.2546, 46.7795], [-71.2545, 46.7794], [-71.2546, 46.7794], [-71.2546, 46.7793], [-71.2547, 46.7792], [-71.2548, 46.7792], [-71.2549, 46.7792], [-71.255, 46.7792], [-71.2551, 46.7792], [-71.2552, 46.7793], [-71.2554, 46.7793], [-71.2555, 46.7794], [-71.2556, 46.7794], [-71.2558, 46.7794], [-71.2559, 46.7794], [-71.2561, 46.7794], [-71.2563, 46.7794], [-71.2565, 46.7794], [-71.2567, 46.7793], [-71.2568, 46.7793], [-71.257, 46.7793], [-71.2572, 46.7793], [-71.2573, 46.7793], [-71.2574, 46.7793], [-71.2575, 46.7793], [-71.2576, 46.7794], [-71.2577, 46.7794], [-71.2578, 46.7795], [-71.2579, 46.7795], [-71.258, 46.7795], [-71.2582, 46.7795], [-71.2583, 46.7795], [-71.2585, 46.7795], [-71.2587, 46.7794], [-71.2589, 46.7793], [-71.2591, 46.7793], [-71.2592, 46.7792], [-71.2594, 46.7792], [-71.2595, 46.7792], [-71.2596, 46.7792], [-71.2597, 46.7793], [-71.2597, 46.7794], [-71.2597, 46.7795], [-71.2596, 46.7796], [-71.2595, 46.7797], [-71.2594, 46.7798], [-71.2593, 46.7799], [-71.2591, 46.78], [-71.259, 46.78], [-71.259, 46.7801], [-71.2591, 46.7801], [-71.2592, 46.78], [-71.2594, 46.7799], [-71.2597, 46.7798], [-71.26, 46.7797], [-71.2603, 46.7796], [-71.2606, 46.7795], [-71.2608, 46.7794], [-71.261, 46.7794], [-71.2611, 46.7794], [-71.2612, 46.7794], [-71.2612, 46.7795], [-71.2612, 46.7796], [-71.2611, 46.7797], [-71.2609, 46.7798], [-71.2608, 46.78], [-71.2606, 46.7801], [-71.2604, 46.7802], [-71.2603, 46.7803], [-71.2605, 46.7802], [-71.2609, 46.78], [-71.2612, 46.7798], [-71.2615, 46.7797], [-71.2618, 46.7796], [-71.262, 46.7795], [-71.2622, 46.7795], [-71.2623, 46.7795], [-71.2625, 46.7795], [-71.2626, 46.7796], [-71.2627, 46.7796], [-71.2628, 46.7796], [-71.263, 46.7796], [-71.2631, 46.7795], [-71.2633, 46.7794], [-71.2634, 46.7793], [-71.2636, 46.7792], [-71.2638, 46.7791], [-71.2639, 46.779], [-71.2641, 46.7789], [-71.2643, 46.7789], [-71.2645, 46.7789], [-71.2647, 46.7789], [-71.2649, 46.7789], [-71.2652, 46.779], [-71.2653, 46.779], [-71.2655, 46.7791], [-71.2656, 46.7792], [-71.2657, 46.7793], [-71.2657, 46.7794], [-71.2657, 46.7795], [-71.2657, 46.7796], [-71.2656, 46.7798], [-71.2656, 46.7799], [-71.2657, 46.78], [-71.2659, 46.7801], [-71.266, 46.7801], [-71.2663, 46.7802], [-71.2666, 46.7802], [-71.267, 46.7803], [-71.2675, 46.7803]]]}}, {"type": "Feature", "properties": {"couche": "voile", "station": "Maguire", "minutes": 15}, "geometry": {"type": "Polygon", "coordinates": [[[-71.4282, 46.9001], [-71.0893, 46.9024], [-71.0867, 46.6717], [-71.4243, 46.6695], [-71.4282, 46.9001]], [[-71.267, 46.7803], [-71.2666, 46.7802], [-71.2663, 46.7802], [-71.266, 46.7801], [-71.2659, 46.7801], [-71.2657, 46.78], [-71.2656, 46.7799], [-71.2656, 46.7798], [-71.2657, 46.7796], [-71.2657, 46.7795], [-71.2657, 46.7794], [-71.2657, 46.7793], [-71.2656, 46.7792], [-71.2655, 46.7791], [-71.2653, 46.779], [-71.2652, 46.779], [-71.2649, 46.7789], [-71.2647, 46.7789], [-71.2645, 46.7789], [-71.2643, 46.7789], [-71.2641, 46.7789], [-71.2639, 46.779], [-71.2638, 46.7791], [-71.2636, 46.7792], [-71.2634, 46.7793], [-71.2633, 46.7794], [-71.2631, 46.7795], [-71.263, 46.7796], [-71.2628, 46.7796], [-71.2627, 46.7796], [-71.2626, 46.7796], [-71.2625, 46.7795], [-71.2623, 46.7795], [-71.2622, 46.7795], [-71.262, 46.7795], [-71.2618, 46.7796], [-71.2615, 46.7797], [-71.2612, 46.7798], [-71.2609, 46.78], [-71.2605, 46.7802], [-71.2603, 46.7803], [-71.2604, 46.7802], [-71.2606, 46.7801], [-71.2608, 46.78], [-71.2609, 46.7798], [-71.2611, 46.7797], [-71.2612, 46.7796], [-71.2612, 46.7795], [-71.2612, 46.7794], [-71.2611, 46.7794], [-71.261, 46.7794], [-71.2608, 46.7794], [-71.2606, 46.7795], [-71.2603, 46.7796], [-71.26, 46.7797], [-71.2597, 46.7798], [-71.2594, 46.7799], [-71.2592, 46.78], [-71.2591, 46.7801], [-71.259, 46.7801], [-71.259, 46.78], [-71.2591, 46.78], [-71.2593, 46.7799], [-71.2594, 46.7798], [-71.2595, 46.7797], [-71.2596, 46.7796], [-71.2597, 46.7795], [-71.2597, 46.7794], [-71.2597, 46.7793], [-71.2596, 46.7792], [-71.2595, 46.7792], [-71.2594, 46.7792], [-71.2592, 46.7792], [-71.2591, 46.7793], [-71.2589, 46.7793], [-71.2587, 46.7794], [-71.2585, 46.7795], [-71.2583, 46.7795], [-71.2582, 46.7795], [-71.258, 46.7795], [-71.2579, 46.7795], [-71.2578, 46.7795], [-71.2577, 46.7794], [-71.2576, 46.7794], [-71.2575, 46.7793], [-71.2574, 46.7793], [-71.2573, 46.7793], [-71.2572, 46.7793], [-71.257, 46.7793], [-71.2568, 46.7793], [-71.2567, 46.7793], [-71.2565, 46.7794], [-71.2563, 46.7794], [-71.2561, 46.7794], [-71.2559, 46.7794], [-71.2558, 46.7794], [-71.2556, 46.7794], [-71.2555, 46.7794], [-71.2554, 46.7793], [-71.2552, 46.7793], [-71.2551, 46.7792], [-71.255, 46.7792], [-71.2549, 46.7792], [-71.2548, 46.7792], [-71.2547, 46.7792], [-71.2546, 46.7793], [-71.2546, 46.7794], [-71.2545, 46.7794], [-71.2546, 46.7795], [-71.2546, 46.7796], [-71.2546, 46.7797], [-71.2547, 46.7798], [-71.2548, 46.78], [-71.2546, 46.78], [-71.2545, 46.7799], [-71.2542, 46.7797], [-71.254, 46.7796], [-71.2537, 46.7794], [-71.2535, 46.7793], [-71.2534, 46.7792], [-71.2532, 46.7792], [-71.2531, 46.7791], [-71.253, 46.7791], [-71.2529, 46.7792], [-71.2529, 46.7793], [-71.2529, 46.7794], [-71.2529, 46.7795], [-71.253, 46.7796], [-71.2531, 46.7797], [-71.2532, 46.7799], [-71.2534, 46.7801], [-71.2536, 46.7802], [-71.2537, 46.7804], [-71.2535, 46.7803], [-71.2533, 46.7802], [-71.2531, 46.78], [-71.2528, 46.7797], [-71.2525, 46.7795], [-71.2523, 46.7793], [-71.252, 46.7792], [-71.2518, 46.7791], [-71.2517, 46.7791], [-71.2515, 46.7791], [-71.2514, 46.7791], [-71.2513, 46.7791], [-71.2512, 46.7792], [-71.2511, 46.7792], [-71.251, 46.7792], [-71.2509, 46.7792], [-71.2508, 46.7792], [-71.2508, 46.7791], [-71.2507, 46.7791], [-71.2506, 46.779], [-71.2506, 46.7789], [-71.2505, 46.7789], [-71.2503, 46.7788], [-71.2502, 46.7788], [-71.2501, 46.7788], [-71.2499, 46.7788], [-71.2497, 46.7787], [-71.2495, 46.7787], [-71.2494, 46.7788], [-71.2492, 46.7788], [-71.2491, 46.7789], [-71.249, 46.7789], [-71.249, 46.779], [-71.249, 46.7791], [-71.249, 46.7793], [-71.249, 46.7794], [-71.249, 46.7796], [-71.249, 46.7798], [-71.249, 46.78], [-71.249, 46.7802], [-71.2489, 46.7805], [-71.2488, 46.7807], [-71.2487, 46.781], [-71.2486, 46.7814], [-71.2485, 46.7817], [-71.2484, 46.7819], [-71.2483, 46.7821], [-71.2483, 46.7823], [-71.2483, 46.7825], [-71.2483, 46.7826], [-71.2484, 46.7827], [-71.2484, 46.7828], [-71.2485, 46.7829], [-71.2485, 46.783], [-71.2485, 46.7831], [-71.2484, 46.7832], [-71.2483, 46.7833], [-71.2482, 46.7833], [-71.2482, 46.7834], [-71.2481, 46.7834], [-71.2481, 46.7835], [-71.2482, 46.7836], [-71.2483, 46.7837], [-71.2484, 46.7837], [-71.2484, 46.7838], [-71.2485, 46.7838], [-71.2485, 46.7839], [-71.2484, 46.7839], [-71.2484, 46.784], [-71.2483, 46.784], [-71.2482, 46.7841], [-71.248, 46.7841], [-71.2479, 46.7842], [-71.2478, 46.7843], [-71.2476, 46.7845], [-71.2475, 46.7847], [-71.2474, 46.785], [-71.2473, 46.7853], [-71.2472, 46.7857], [-71.2471, 46.7861], [-71.247, 46.7865], [-71.2469, 46.7868], [-71.2468, 46.787], [-71.2467, 46.7872], [-71.2466, 46.7873], [-71.2465, 46.7874], [-71.2464, 46.7875], [-71.2463, 46.7875], [-71.2462, 46.7875], [-71.2461, 46.7875], [-71.246, 46.7875], [-71.2459, 46.7876], [-71.2458, 46.7876], [-71.2457, 46.7877], [-71.2456, 46.7878], [-71.2455, 46.7879], [-71.2454, 46.788], [-71.2453, 46.7882], [-71.2453, 46.7883], [-71.2452, 46.7885], [-71.2452, 46.7886], [-71.2452, 46.7888], [-71.2452, 46.789], [-71.2453, 46.7892], [-71.2453, 46.7894], [-71.2453, 46.7895], [-71.2454, 46.7897], [-71.2455, 46.7898], [-71.2456, 46.7899], [-71.2457, 46.7899], [-71.2458, 46.79], [-71.2459, 46.79], [-71.2461, 46.79], [-71.2462, 46.7901], [-71.2464, 46.7901], [-71.2465, 46.7902], [-71.2467, 46.7903], [-71.2468, 46.7904], [-71.247, 46.7905], [-71.2471, 46.7906], [-71.2473, 46.7908], [-71.2474, 46.7909], [-71.2474, 46.7911], [-71.2475, 46.7913], [-71.2475, 46.7914], [-71.2475, 46.7916], [-71.2474, 46.7918], [-71.2473, 46.792], [-71.2473, 46.7922], [-71.2473, 46.7923], [-71.2473, 46.7924], [-71.2474, 46.7925], [-71.2474, 46.7926], [-71.2475, 46.7926], [-71.2477, 46.7926], [-71.2478, 46.7926], [-71.248, 46.7925], [-71.2481, 46.7925], [-71.2482, 46.7925], [-71.2483, 46.7925], [-71.2484, 46.7926], [-71.2485, 46.7926], [-71.2485, 46.7927], [-71.2486, 46.7927], [-71.2486, 46.7928], [-71.2487, 46.7928], [-71.2488, 46.7928], [-71.2489, 46.7928], [-71.249, 46.7928], [-71.2491, 46.7928], [-71.2492, 46.7928], [-71.2493, 46.7928], [-71.2494, 46.7927], [-71.2495, 46.7927], [-71.2496, 46.7928], [-71.2497, 46.7928], [-71.2498, 46.7928], [-71.2499, 46.7928], [-71.25, 46.7929], [-71.2501, 46.7929], [-71.2502, 46.7929], [-71.2503, 46.793], [-71.2504, 46.793], [-71.2505, 46.7929], [-71.2506, 46.7929], [-71.2507, 46.7929], [-71.2508, 46.7928], [-71.2509, 46.7928], [-71.251, 46.7928], [-71.2511, 46.7928], [-71.2512, 46.7928], [-71.2513, 46.7928], [-71.2514, 46.7929], [-71.2515, 46.793], [-71.2516, 46.793], [-71.2517, 46.793], [-71.2518, 46.793], [-71.2519, 46.793], [-71.252, 46.793], [-71.2521, 46.7929], [-71.2522, 46.7929], [-71.2523, 46.7929], [-71.2524, 46.7929], [-71.2525, 46.7929], [-71.2526, 46.7929], [-71.2527, 46.7929], [-71.2527, 46.793], [-71.2528, 46.793], [-71.2529, 46.7931], [-71.253, 46.7931], [-71.2531, 46.7931], [-71.2532, 46.7931], [-71.2533, 46.7931], [-71.2534, 46.7931], [-71.2535, 46.793], [-71.2536, 46.793], [-71.2537, 46.793], [-71.2538, 46.7929], [-71.2538, 46.793], [-71.2539, 46.793], [-71.254, 46.793], [-71.254, 46.7931], [-71.2541, 46.7931], [-71.2542, 46.7932], [-71.2543, 46.7932], [-71.2544, 46.7933], [-71.2546, 46.7933], [-71.2547, 46.7933], [-71.2549, 46.7933], [-71.2551, 46.7933], [-71.2553, 46.7934], [-71.2555, 46.7933], [-71.2557, 46.7933], [-71.2559, 46.7933], [-71.256, 46.7933], [-71.2562, 46.7932], [-71.2564, 46.7931], [-71.2565, 46.7931], [-71.2567, 46.793], [-71.2568, 46.793], [-71.257, 46.793], [-71.2571, 46.793], [-71.2573, 46.793], [-71.2574, 46.7931], [-71.2576, 46.7932], [-71.2577, 46.7933], [-71.2579, 46.7933], [-71.258, 46.7934], [-71.2582, 46.7934], [-71.2583, 46.7934], [-71.2585, 46.7934], [-71.2587, 46.7933], [-71.2589, 46.7932], [-71.259, 46.7931], [-71.2592, 46.7931], [-71.2594, 46.793], [-71.2595, 46.793], [-71.2596, 46.7929], [-71.2598, 46.793], [-71.2599, 46.793], [-71.26, 46.793], [-71.2601, 46.7931], [-71.2602, 46.7931], [-71.2603, 46.7932], [-71.2604, 46.7932], [-71.2605, 46.7932], [-71.2607, 46.7932], [-71.2608, 46.7932], [-71.261, 46.7931], [-71.2612, 46.7931], [-71.2613, 46.793], [-71.2614, 46.793], [-71.2616, 46.793], [-71.2617, 46.793], [-71.2618, 46.793], [-71.2619, 46.7931], [-71.262, 46.7932], [-71.2621, 46.7933], [-71.2622, 46.7933], [-71.2623, 46.7933], [-71.2625, 46.7934], [-71.2626, 46.7934], [-71.2628, 46.7934], [-71.2629, 46.7934], [-71.2631, 46.7933], [-71.2633, 46.7932], [-71.2635, 46.7931], [-71.2638, 46.793], [-71.264, 46.7928], [-71.2643, 46.7926], [-71.2645, 46.7924], [-71.2648, 46.7922], [-71.265, 46.7921], [-71.2652, 46.7919], [-71.2654, 46.7919], [-71.2655, 46.7918], [-71.2657, 46.7919], [-71.2658, 46.7919], [-71.2659, 46.792], [-71.266, 46.7921], [-71.2662, 46.7921], [-71.2663, 46.7922], [-71.2664, 46.7922], [-71.2665, 46.7923], [-71.2666, 46.7923], [-71.2668, 46.7923], [-71.2669, 46.7923], [-71.267, 46.7923], [-71.2671, 46.7922], [-71.2672, 46.7921], [-71.2672, 46.792], [-71.2671, 46.7919], [-71.2671, 46.7918], [-71.267, 46.7916], [-71.2669, 46.7915], [-71.2669, 46.7914], [-71.2669, 46.7913], [-71.2669, 46.7912], [-71.267, 46.7912], [-71.2671, 46.7912], [-71.2672, 46.7912], [-71.2673, 46.7911], [-71.2674, 46.7911], [-71.2674, 46.791], [-71.2675, 46.791], [-71.2675, 46.7909], [-71.2674, 46.7908], [-71.2674, 46.7907], [-71.2673, 46.7907], [-71.2673, 46.7906], [-71.2673, 46.7905], [-71.2674, 46.7905], [-71.2675, 46.7904], [-71.2676, 46.7904], [-71.2677, 46.7904], [-71.2678, 46.7904], [-71.2679, 46.7904], [-71.268, 46.7903], [-71.2681, 46.7902], [-71.2682, 46.7901], [-71.2682, 46.79], [-71.2682, 46.7899], [-71.2681, 46.7899], [-71.2681, 46.7898], [-71.268, 46.7898], [-71.2679, 46.7898], [-71.2677, 46.7897], [-71.2676, 46.7897], [-71.2674, 46.7897], [-71.2673, 46.7897], [-71.2672, 46.7896], [-71.267, 46.7896], [-71.2669, 46.7895], [-71.2668, 46.7895], [-71.2667, 46.7894], [-71.2666, 46.7893], [-71.2665, 46.7892], [-71.2666, 46.7892], [-71.2667, 46.7892], [-71.2669, 46.7893], [-71.267, 46.7893], [-71.2671, 46.7893], [-71.2672, 46.7893], [-71.2673, 46.7893], [-71.2674, 46.7893], [-71.2675, 46.7893], [-71.2676, 46.7892], [-71.2677, 46.7891], [-71.2676, 46.789], [-71.2676, 46.7889], [-71.2675, 46.7888], [-71.2673, 46.7887], [-71.2672, 46.7885], [-71.267, 46.7884], [-71.2669, 46.7883], [-71.267, 46.7883], [-71.2671, 46.7883], [-71.2672, 46.7884], [-71.2673, 46.7884], [-71.2674, 46.7884], [-71.2676, 46.7884], [-71.2677, 46.7884], [-71.2678, 46.7883], [-71.2679, 46.7883], [-71.268, 46.7882], [-71.268, 46.7881], [-71.2681, 46.788], [-71.2682, 46.7878], [-71.2682, 46.7877], [-71.2682, 46.7876], [-71.2681, 46.7875], [-71.2681, 46.7874], [-71.268, 46.7873], [-71.2679, 46.7871], [-71.2679, 46.787], [-71.2678, 46.7869], [-71.2678, 46.7868], [-71.2678, 46.7867], [-71.2678, 46.7866], [-71.2679, 46.7866], [-71.2679, 46.7865], [-71.268, 46.7864], [-71.2681, 46.7864], [-71.2681, 46.7863], [-71.2681, 46.7862], [-71.2681, 46.7861], [-71.268, 46.786], [-71.2679, 46.7859], [-71.2677, 46.7858], [-71.2677, 46.7857], [-71.2676, 46.7856], [-71.2676, 46.7854], [-71.2676, 46.7853], [-71.2676, 46.7852], [-71.2677, 46.7851], [-71.2677, 46.785], [-71.2679, 46.7849], [-71.268, 46.7848], [-71.2681, 46.7847], [-71.2681, 46.7846], [-71.2681, 46.7845], [-71.2681, 46.7844], [-71.2681, 46.7843], [-71.268, 46.7843], [-71.2679, 46.7843], [-71.2678, 46.7843], [-71.2677, 46.7843], [-71.2676, 46.7843], [-71.2675, 46.7844], [-71.2674, 46.7844], [-71.2672, 46.7845], [-71.2671, 46.7846], [-71.267, 46.7846], [-71.2668, 46.7847], [-71.2667, 46.7847], [-71.2666, 46.7847], [-71.2665, 46.7847], [-71.2664, 46.7847], [-71.2663, 46.7847], [-71.2662, 46.7846], [-71.2661, 46.7846], [-71.266, 46.7846], [-71.2659, 46.7845], [-71.2658, 46.7845], [-71.2657, 46.7845], [-71.2656, 46.7846], [-71.2655, 46.7846], [-71.2654, 46.7846], [-71.2652, 46.7846], [-71.2651, 46.7846], [-71.265, 46.7845], [-71.2649, 46.7845], [-71.2647, 46.7844], [-71.2646, 46.7843], [-71.2644, 46.7841], [-71.2643, 46.784], [-71.2643, 46.7839], [-71.2644, 46.7839], [-71.2646, 46.7839], [-71.2648, 46.784], [-71.265, 46.7841], [-71.2653, 46.7841], [-71.2655, 46.7842], [-71.2658, 46.7842], [-71.266, 46.7842], [-71.2662, 46.7841], [-71.2664, 46.784], [-71.2666, 46.7839], [-71.2667, 46.7838], [-71.2669, 46.7836], [-71.267, 46.7835], [-71.2671, 46.7834], [-71.2671, 46.7833], [-71.2672, 46.7832], [-71.2672, 46.7831], [-71.2671, 46.783], [-71.2671, 46.7829], [-71.267, 46.7828], [-71.267, 46.7827], [-71.2671, 46.7826], [-71.2672, 46.7826], [-71.2673, 46.7825], [-71.2674, 46.7825], [-71.2676, 46.7825], [-71.2679, 46.7824], [-71.2681, 46.7824], [-71.2682, 46.7824], [-71.2684, 46.7823], [-71.2685, 46.7822], [-71.2686, 46.7822], [-71.2686, 46.7821], [-71.2687, 46.782], [-71.2687, 46.7819], [-71.2686, 46.7818], [-71.2686, 46.7817], [-71.2685, 46.7816], [-71.2684, 46.7816], [-71.2683, 46.7816], [-71.2682, 46.7816], [-71.268, 46.7816], [-71.2679, 46.7816], [-71.2677, 46.7816], [-71.2678, 46.7815], [-71.268, 46.7815], [-71.2682, 46.7814], [-71.2684, 46.7814], [-71.2686, 46.7813], [-71.2687, 46.7812], [-71.2688, 46.7811], [-71.2689, 46.781], [-71.269, 46.7809], [-71.269, 46.7808], [-71.269, 46.7807], [-71.269, 46.7806], [-71.2689, 46.7805], [-71.2687, 46.7805], [-71.2685, 46.7804], [-71.2682, 46.7803], [-71.2679, 46.7803], [-71.2675, 46.7803], [-71.267, 46.7803]]]}}]}