{"type": "FeatureCollection", "metadata": {"script": "scripts/analysis/tramway-isochrones.py", "genere_le": "2026-10-05", "source": "OpenStreetMap (ODbL) ; Statistique Canada, Recensement 2021", "attribution": "© les contributeurs d'OpenStreetMap", "titre": "Aires de marche et voiles — Myrand", "paliers_min": [2, 3, 4, 5, 6, 7, 8, 9, 10, 11, 12, 13, 14, 15], "vitesse_kmh": 4.2, "methode": "Dijkstra sur le réseau marchable d'OpenStreetMap à 4.2 km/h ; couloir de 40 m autour des rues atteintes. Chaque voile est le complément de l'aire du même palier. Population par pondération de surface des aires de diffusion.", "trous": "comblés — intérieurs de grands îlots, pas des zones inaccessibles", "modes": "Mode de transport domicile–travail, recensement 2021 (mai 2021, en pleine pandémie), données-échantillon 25 %, réparti par pondération de surface."}, "features": [{"type": "Feature", "properties": {"couche": "aire_marche", "station": "Myrand", "ordre": 13, "minutes": 2, "superficie_ha": 3.3, "rue_km": 1.61, "disque_ha": 6.2, "part_disque_pct": 53, "accroche_m": 1, "population": 72, "navetteurs": 16, "mode_auto_pct": 64, "mode_tc_pct": 24, "mode_actif_pct": 12, "mode_autre_pct": 0}, "geometry": {"type": "Polygon", "coordinates": [[[-71.2644, 46.7833], [-71.2643, 46.7834], [-71.2642, 46.7835], [-71.2641, 46.7836], [-71.2641, 46.7837], [-71.264, 46.7838], [-71.264, 46.7839], [-71.264, 46.784], [-71.264, 46.7842], [-71.2641, 46.7843], [-71.2641, 46.7844], [-71.264, 46.7845], [-71.2638, 46.7846], [-71.2636, 46.7846], [-71.2634, 46.7846], [-71.2631, 46.7847], [-71.2627, 46.7846], [-71.2623, 46.7846], [-71.262, 46.7845], [-71.2617, 46.7844], [-71.2616, 46.7843], [-71.2616, 46.7842], [-71.2616, 46.784], [-71.2618, 46.7838], [-71.262, 46.7836], [-71.2624, 46.7833], [-71.2627, 46.7831], [-71.263, 46.7829], [-71.2633, 46.7828], [-71.2636, 46.7827], [-71.2638, 46.7826], [-71.264, 46.7826], [-71.2642, 46.7827], [-71.2643, 46.7827], [-71.2644, 46.7828], [-71.2645, 46.7829], [-71.2645, 46.783], [-71.2646, 46.783], [-71.2645, 46.7831], [-71.2645, 46.7832], [-71.2644, 46.7833]]]}}, {"type": "Feature", "properties": {"couche": "voile", "station": "Myrand", "minutes": 2}, "geometry": {"type": "Polygon", "coordinates": [[[-71.4236, 46.8915], [-71.1057, 46.8936], [-71.1032, 46.6756], [-71.4199, 46.6735], [-71.4236, 46.8915]], [[-71.2645, 46.7832], [-71.2645, 46.7831], [-71.2646, 46.783], [-71.2645, 46.783], [-71.2645, 46.7829], [-71.2644, 46.7828], [-71.2643, 46.7827], [-71.2642, 46.7827], [-71.264, 46.7826], [-71.2638, 46.7826], [-71.2636, 46.7827], [-71.2633, 46.7828], [-71.263, 46.7829], [-71.2627, 46.7831], [-71.2624, 46.7833], [-71.262, 46.7836], [-71.2618, 46.7838], [-71.2616, 46.784], [-71.2616, 46.7842], [-71.2616, 46.7843], [-71.2617, 46.7844], [-71.262, 46.7845], [-71.2623, 46.7846], [-71.2627, 46.7846], [-71.2631, 46.7847], [-71.2634, 46.7846], [-71.2636, 46.7846], [-71.2638, 46.7846], [-71.264, 46.7845], [-71.2641, 46.7844], [-71.2641, 46.7843], [-71.264, 46.7842], [-71.264, 46.784], [-71.264, 46.7839], [-71.264, 46.7838], [-71.2641, 46.7837], [-71.2641, 46.7836], [-71.2642, 46.7835], [-71.2643, 46.7834], [-71.2644, 46.7833], [-71.2645, 46.7832]]]}}, {"type": "Feature", "properties": {"couche": "aire_marche", "station": "Myrand", "ordre": 13, "minutes": 3, "superficie_ha": 8.1, "rue_km": 2.64, "disque_ha": 13.9, "part_disque_pct": 58, "accroche_m": 1, "population": 182, "navetteurs": 37, "mode_auto_pct": 65, "mode_tc_pct": 23, "mode_actif_pct": 12, "mode_autre_pct": 0}, "geometry": {"type": "Polygon", "coordinates": [[[-71.2651, 46.7826], [-71.2652, 46.7827], [-71.2652, 46.7829], [-71.2652, 46.783], [-71.2651, 46.7831], [-71.2651, 46.7833], [-71.265, 46.7833], [-71.2648, 46.7834], [-71.2647, 46.7835], [-71.2645, 46.7835], [-71.2644, 46.7836], [-71.2643, 46.7836], [-71.2642, 46.7837], [-71.2642, 46.7838], [-71.2642, 46.7839], [-71.2643, 46.784], [-71.2644, 46.7841], [-71.2645, 46.7843], [-71.2647, 46.7844], [-71.2648, 46.7845], [-71.2648, 46.7846], [-71.2649, 46.7847], [-71.2649, 46.7848], [-71.265, 46.7849], [-71.2649, 46.785], [-71.2648, 46.7851], [-71.2647, 46.7851], [-71.2644, 46.7851], [-71.2641, 46.7851], [-71.2637, 46.7851], [-71.2633, 46.7851], [-71.2628, 46.7851], [-71.2622, 46.785], [-71.2616, 46.785], [-71.2612, 46.7849], [-71.2609, 46.7848], [-71.2606, 46.7847], [-71.2604, 46.7846], [-71.2603, 46.7845], [-71.2602, 46.7844], [-71.2603, 46.7843], [-71.2603, 46.7841], [-71.2605, 46.784], [-71.2606, 46.7838], [-71.2608, 46.7837], [-71.2611, 46.7836], [-71.2613, 46.7835], [-71.2617, 46.7833], [-71.262, 46.7832], [-71.2624, 46.7831], [-71.2627, 46.7829], [-71.2629, 46.7828], [-71.2631, 46.7827], [-71.2633, 46.7826], [-71.2634, 46.7825], [-71.2635, 46.7823], [-71.2636, 46.7822], [-71.2637, 46.7821], [-71.2638, 46.782], [-71.2639, 46.782], [-71.264, 46.7819], [-71.2641, 46.7819], [-71.2642, 46.7819], [-71.2644, 46.7819], [-71.2645, 46.7819], [-71.2646, 46.782], [-71.2648, 46.782], [-71.2649, 46.7821], [-71.265, 46.7822], [-71.265, 46.7823], [-71.2651, 46.7824], [-71.2651, 46.7826]]]}}, {"type": "Feature", "properties": {"couche": "voile", "station": "Myrand", "minutes": 3}, "geometry": {"type": "Polygon", "coordinates": [[[-71.4242, 46.8919], [-71.1043, 46.894], [-71.1018, 46.6749], [-71.4205, 46.6728], [-71.4242, 46.8919]], [[-71.2651, 46.7824], [-71.265, 46.7823], [-71.265, 46.7822], [-71.2649, 46.7821], [-71.2648, 46.782], [-71.2646, 46.782], [-71.2645, 46.7819], [-71.2644, 46.7819], [-71.2642, 46.7819], [-71.2641, 46.7819], [-71.264, 46.7819], [-71.2639, 46.782], [-71.2638, 46.782], [-71.2637, 46.7821], [-71.2636, 46.7822], [-71.2635, 46.7823], [-71.2634, 46.7825], [-71.2633, 46.7826], [-71.2631, 46.7827], [-71.2629, 46.7828], [-71.2627, 46.7829], [-71.2624, 46.7831], [-71.262, 46.7832], [-71.2617, 46.7833], [-71.2613, 46.7835], [-71.2611, 46.7836], [-71.2608, 46.7837], [-71.2606, 46.7838], [-71.2605, 46.784], [-71.2603, 46.7841], [-71.2603, 46.7843], [-71.2602, 46.7844], [-71.2603, 46.7845], [-71.2604, 46.7846], [-71.2606, 46.7847], [-71.2609, 46.7848], [-71.2612, 46.7849], [-71.2616, 46.785], [-71.2622, 46.785], [-71.2628, 46.7851], [-71.2633, 46.7851], [-71.2637, 46.7851], [-71.2641, 46.7851], [-71.2644, 46.7851], [-71.2647, 46.7851], [-71.2648, 46.7851], [-71.2649, 46.785], [-71.265, 46.7849], [-71.2649, 46.7848], [-71.2649, 46.7847], [-71.2648, 46.7846], [-71.2648, 46.7845], [-71.2647, 46.7844], [-71.2645, 46.7843], [-71.2644, 46.7841], [-71.2643, 46.784], [-71.2642, 46.7839], [-71.2642, 46.7838], [-71.2642, 46.7837], [-71.2643, 46.7836], [-71.2644, 46.7836], [-71.2645, 46.7835], [-71.2647, 46.7835], [-71.2648, 46.7834], [-71.265, 46.7833], [-71.2651, 46.7833], [-71.2651, 46.7831], [-71.2652, 46.783], [-71.2652, 46.7829], [-71.2652, 46.7827], [-71.2651, 46.7826], [-71.2651, 46.7824]]]}}, {"type": "Feature", "properties": {"couche": "aire_marche", "station": "Myrand", "ordre": 13, "minutes": 4, "superficie_ha": 12.8, "rue_km": 4.05, "disque_ha": 24.6, "part_disque_pct": 52, "accroche_m": 1, "population": 296, "navetteurs": 60, "mode_auto_pct": 65, "mode_tc_pct": 23, "mode_actif_pct": 12, "mode_autre_pct": 0}, "geometry": {"type": "Polygon", "coordinates": [[[-71.2657, 46.7825], [-71.2657, 46.7827], [-71.2657, 46.7829], [-71.2656, 46.7831], [-71.2655, 46.7832], [-71.2654, 46.7833], [-71.2652, 46.7834], [-71.2651, 46.7835], [-71.2649, 46.7836], [-71.2646, 46.7836], [-71.2645, 46.7836], [-71.2644, 46.7837], [-71.2643, 46.7838], [-71.2643, 46.7839], [-71.2644, 46.784], [-71.2645, 46.7841], [-71.2646, 46.7843], [-71.2649, 46.7844], [-71.2651, 46.7846], [-71.2652, 46.7847], [-71.2653, 46.7849], [-71.2654, 46.785], [-71.2655, 46.7851], [-71.2655, 46.7852], [-71.2656, 46.7853], [-71.2655, 46.7854], [-71.2655, 46.7855], [-71.2654, 46.7855], [-71.2654, 46.7856], [-71.2653, 46.7856], [-71.2652, 46.7856], [-71.2651, 46.7856], [-71.265, 46.7856], [-71.2648, 46.7855], [-71.2647, 46.7855], [-71.2646, 46.7855], [-71.2644, 46.7855], [-71.2643, 46.7855], [-71.2642, 46.7855], [-71.2641, 46.7855], [-71.264, 46.7855], [-71.2639, 46.7856], [-71.2638, 46.7856], [-71.2637, 46.7856], [-71.2636, 46.7856], [-71.2635, 46.7855], [-71.2634, 46.7855], [-71.2632, 46.7854], [-71.2631, 46.7854], [-71.263, 46.7853], [-71.2629, 46.7852], [-71.2628, 46.7852], [-71.2627, 46.7853], [-71.2626, 46.7853], [-71.2626, 46.7854], [-71.2625, 46.7855], [-71.2623, 46.7855], [-71.2622, 46.7855], [-71.262, 46.7855], [-71.2617, 46.7855], [-71.2614, 46.7855], [-71.2611, 46.7855], [-71.2607, 46.7855], [-71.2604, 46.7854], [-71.2602, 46.7853], [-71.26, 46.7853], [-71.2598, 46.7852], [-71.2598, 46.7851], [-71.2598, 46.785], [-71.2598, 46.7849], [-71.2599, 46.7847], [-71.26, 46.7846], [-71.2601, 46.7845], [-71.2601, 46.7844], [-71.2602, 46.7843], [-71.2602, 46.7841], [-71.2602, 46.784], [-71.2602, 46.7839], [-71.2601, 46.7838], [-71.2601, 46.7837], [-71.2601, 46.7836], [-71.2602, 46.7835], [-71.2602, 46.7834], [-71.2603, 46.7834], [-71.2603, 46.7833], [-71.2604, 46.7832], [-71.2606, 46.7832], [-71.2607, 46.7832], [-71.2608, 46.7831], [-71.2609, 46.7831], [-71.261, 46.7832], [-71.2611, 46.7832], [-71.2612, 46.7832], [-71.2613, 46.7833], [-71.2614, 46.7834], [-71.2615, 46.7834], [-71.2617, 46.7834], [-71.2618, 46.7834], [-71.262, 46.7833], [-71.2622, 46.7833], [-71.2624, 46.7832], [-71.2626, 46.7831], [-71.2628, 46.783], [-71.2629, 46.7829], [-71.2631, 46.7827], [-71.2633, 46.7826], [-71.2634, 46.7824], [-71.2635, 46.7823], [-71.2636, 46.7821], [-71.2637, 46.7819], [-71.2638, 46.7817], [-71.2639, 46.7816], [-71.264, 46.7815], [-71.2642, 46.7814], [-71.2644, 46.7814], [-71.2646, 46.7814], [-71.2648, 46.7814], [-71.265, 46.7815], [-71.2652, 46.7815], [-71.2654, 46.7816], [-71.2655, 46.7818], [-71.2656, 46.7819], [-71.2657, 46.7821], [-71.2657, 46.7822], [-71.2657, 46.7825]]]}}, {"type": "Feature", "properties": {"couche": "voile", "station": "Myrand", "minutes": 4}, "geometry": {"type": "Polygon", "coordinates": [[[-71.4247, 46.8924], [-71.1039, 46.8945], [-71.1014, 46.6744], [-71.421, 46.6723], [-71.4247, 46.8924]], [[-71.2657, 46.7822], [-71.2657, 46.7821], [-71.2656, 46.7819], [-71.2655, 46.7818], [-71.2654, 46.7816], [-71.2652, 46.7815], [-71.265, 46.7815], [-71.2648, 46.7814], [-71.2646, 46.7814], [-71.2644, 46.7814], [-71.2642, 46.7814], [-71.264, 46.7815], [-71.2639, 46.7816], [-71.2638, 46.7817], [-71.2637, 46.7819], [-71.2636, 46.7821], [-71.2635, 46.7823], [-71.2634, 46.7824], [-71.2633, 46.7826], [-71.2631, 46.7827], [-71.2629, 46.7829], [-71.2628, 46.783], [-71.2626, 46.7831], [-71.2624, 46.7832], [-71.2622, 46.7833], [-71.262, 46.7833], [-71.2618, 46.7834], [-71.2617, 46.7834], [-71.2615, 46.7834], [-71.2614, 46.7834], [-71.2613, 46.7833], [-71.2612, 46.7832], [-71.2611, 46.7832], [-71.261, 46.7832], [-71.2609, 46.7831], [-71.2608, 46.7831], [-71.2607, 46.7832], [-71.2606, 46.7832], [-71.2604, 46.7832], [-71.2603, 46.7833], [-71.2603, 46.7834], [-71.2602, 46.7834], [-71.2602, 46.7835], [-71.2601, 46.7836], [-71.2601, 46.7837], [-71.2601, 46.7838], [-71.2602, 46.7839], [-71.2602, 46.784], [-71.2602, 46.7841], [-71.2602, 46.7843], [-71.2601, 46.7844], [-71.2601, 46.7845], [-71.26, 46.7846], [-71.2599, 46.7847], [-71.2598, 46.7849], [-71.2598, 46.785], [-71.2598, 46.7851], [-71.2598, 46.7852], [-71.26, 46.7853], [-71.2602, 46.7853], [-71.2604, 46.7854], [-71.2607, 46.7855], [-71.2611, 46.7855], [-71.2614, 46.7855], [-71.2617, 46.7855], [-71.262, 46.7855], [-71.2622, 46.7855], [-71.2623, 46.7855], [-71.2625, 46.7855], [-71.2626, 46.7854], [-71.2626, 46.7853], [-71.2627, 46.7853], [-71.2628, 46.7852], [-71.2629, 46.7852], [-71.263, 46.7853], [-71.2631, 46.7854], [-71.2632, 46.7854], [-71.2634, 46.7855], [-71.2635, 46.7855], [-71.2636, 46.7856], [-71.2637, 46.7856], [-71.2638, 46.7856], [-71.2639, 46.7856], [-71.264, 46.7855], [-71.2641, 46.7855], [-71.2642, 46.7855], [-71.2643, 46.7855], [-71.2644, 46.7855], [-71.2646, 46.7855], [-71.2647, 46.7855], [-71.2648, 46.7855], [-71.265, 46.7856], [-71.2651, 46.7856], [-71.2652, 46.7856], [-71.2653, 46.7856], [-71.2654, 46.7856], [-71.2654, 46.7855], [-71.2655, 46.7855], [-71.2655, 46.7854], [-71.2656, 46.7853], [-71.2655, 46.7852], [-71.2655, 46.7851], [-71.2654, 46.785], [-71.2653, 46.7849], [-71.2652, 46.7847], [-71.2651, 46.7846], [-71.2649, 46.7844], [-71.2646, 46.7843], [-71.2645, 46.7841], [-71.2644, 46.784], [-71.2643, 46.7839], [-71.2643, 46.7838], [-71.2644, 46.7837], [-71.2645, 46.7836], [-71.2646, 46.7836], [-71.2649, 46.7836], [-71.2651, 46.7835], [-71.2652, 46.7834], [-71.2654, 46.7833], [-71.2655, 46.7832], [-71.2656, 46.7831], [-71.2657, 46.7829], [-71.2657, 46.7827], [-71.2657, 46.7825], [-71.2657, 46.7822]]]}}, {"type": "Feature", "properties": {"couche": "aire_marche", "station": "Myrand", "ordre": 13, "minutes": 5, "superficie_ha": 19.2, "rue_km": 5.76, "disque_ha": 38.5, "part_disque_pct": 50, "accroche_m": 1, "population": 478, "navetteurs": 95, "mode_auto_pct": 64, "mode_tc_pct": 22, "mode_actif_pct": 14, "mode_autre_pct": 0}, "geometry": {"type": "Polygon", "coordinates": [[[-71.2661, 46.7826], [-71.2659, 46.7829], [-71.2658, 46.7832], [-71.2656, 46.7834], [-71.2654, 46.7836], [-71.2652, 46.7837], [-71.2651, 46.7838], [-71.2649, 46.7839], [-71.2647, 46.7839], [-71.2645, 46.7838], [-71.2644, 46.7838], [-71.2643, 46.7838], [-71.2642, 46.7838], [-71.2642, 46.7839], [-71.2643, 46.784], [-71.2644, 46.7841], [-71.2646, 46.7843], [-71.2647, 46.7844], [-71.2649, 46.7845], [-71.265, 46.7846], [-71.2652, 46.7846], [-71.2653, 46.7847], [-71.2655, 46.7847], [-71.2656, 46.7847], [-71.2658, 46.7847], [-71.2659, 46.7847], [-71.266, 46.7847], [-71.2661, 46.7847], [-71.2661, 46.7848], [-71.2661, 46.7849], [-71.266, 46.785], [-71.2659, 46.7851], [-71.2659, 46.7852], [-71.2659, 46.7853], [-71.2659, 46.7854], [-71.2659, 46.7855], [-71.2659, 46.7856], [-71.2659, 46.7857], [-71.2659, 46.7858], [-71.266, 46.7859], [-71.2659, 46.786], [-71.2658, 46.786], [-71.2657, 46.786], [-71.2656, 46.786], [-71.2654, 46.7859], [-71.2653, 46.7859], [-71.2652, 46.7859], [-71.265, 46.7859], [-71.2649, 46.7859], [-71.2648, 46.7859], [-71.2647, 46.7859], [-71.2646, 46.7859], [-71.2646, 46.786], [-71.2645, 46.786], [-71.2644, 46.7861], [-71.2643, 46.7861], [-71.2642, 46.786], [-71.2641, 46.786], [-71.264, 46.786], [-71.2639, 46.7859], [-71.2638, 46.7858], [-71.2637, 46.7858], [-71.2636, 46.7857], [-71.2635, 46.7857], [-71.2634, 46.7857], [-71.2633, 46.7857], [-71.2632, 46.7858], [-71.2631, 46.7858], [-71.2631, 46.7859], [-71.263, 46.7859], [-71.2629, 46.786], [-71.2628, 46.786], [-71.2627, 46.7859], [-71.2626, 46.7859], [-71.2625, 46.7859], [-71.2624, 46.7858], [-71.2622, 46.7857], [-71.2621, 46.7857], [-71.262, 46.7856], [-71.2619, 46.7856], [-71.2618, 46.7856], [-71.2617, 46.7856], [-71.2616, 46.7857], [-71.2616, 46.7858], [-71.2615, 46.7858], [-71.2614, 46.7859], [-71.2612, 46.7859], [-71.261, 46.7859], [-71.2608, 46.7859], [-71.2606, 46.7859], [-71.2603, 46.7859], [-71.2599, 46.7859], [-71.2596, 46.7858], [-71.2594, 46.7858], [-71.2592, 46.7857], [-71.259, 46.7856], [-71.2589, 46.7856], [-71.2588, 46.7855], [-71.2588, 46.7854], [-71.2588, 46.7853], [-71.2588, 46.7852], [-71.2589, 46.7851], [-71.259, 46.785], [-71.259, 46.7849], [-71.2592, 46.7848], [-71.2593, 46.7847], [-71.2595, 46.7847], [-71.2597, 46.7846], [-71.2598, 46.7845], [-71.2599, 46.7844], [-71.26, 46.7843], [-71.2601, 46.7842], [-71.2601, 46.7841], [-71.26, 46.784], [-71.2599, 46.7839], [-71.2599, 46.7838], [-71.2598, 46.7837], [-71.2598, 46.7836], [-71.2598, 46.7835], [-71.2598, 46.7834], [-71.2599, 46.7833], [-71.26, 46.7832], [-71.26, 46.7831], [-71.2601, 46.783], [-71.2603, 46.7829], [-71.2604, 46.7828], [-71.2605, 46.7827], [-71.2606, 46.7827], [-71.2608, 46.7826], [-71.2609, 46.7826], [-71.2611, 46.7826], [-71.2612, 46.7826], [-71.2613, 46.7826], [-71.2615, 46.7826], [-71.2616, 46.7827], [-71.2617, 46.7827], [-71.2618, 46.7828], [-71.2619, 46.7828], [-71.262, 46.7829], [-71.2621, 46.783], [-71.2622, 46.783], [-71.2623, 46.7831], [-71.2624, 46.7831], [-71.2625, 46.7831], [-71.2626, 46.7831], [-71.2628, 46.783], [-71.2629, 46.783], [-71.263, 46.7829], [-71.2631, 46.7828], [-71.2632, 46.7826], [-71.2633, 46.7825], [-71.2635, 46.7823], [-71.2636, 46.782], [-71.2637, 46.7818], [-71.2637, 46.7815], [-71.2639, 46.7813], [-71.264, 46.7811], [-71.2641, 46.7809], [-71.2642, 46.7808], [-71.2643, 46.7807], [-71.2644, 46.7807], [-71.2645, 46.7806], [-71.2647, 46.7806], [-71.2648, 46.7807], [-71.2649, 46.7807], [-71.265, 46.7807], [-71.265, 46.7808], [-71.2651, 46.7809], [-71.2651, 46.781], [-71.2651, 46.7811], [-71.2652, 46.7812], [-71.2652, 46.7813], [-71.2653, 46.7813], [-71.2654, 46.7814], [-71.2655, 46.7814], [-71.2656, 46.7814], [-71.2658, 46.7814], [-71.266, 46.7814], [-71.2661, 46.7815], [-71.2662, 46.7815], [-71.2663, 46.7817], [-71.2663, 46.7818], [-71.2663, 46.782], [-71.2662, 46.7823], [-71.2661, 46.7826]]]}}, {"type": "Feature", "properties": {"couche": "voile", "station": "Myrand", "minutes": 5}, "geometry": {"type": "Polygon", "coordinates": [[[-71.4254, 46.8929], [-71.1029, 46.895], [-71.1004, 46.6736], [-71.4216, 46.6715], [-71.4254, 46.8929]], [[-71.2662, 46.7823], [-71.2663, 46.782], [-71.2663, 46.7818], [-71.2663, 46.7817], [-71.2662, 46.7815], [-71.2661, 46.7815], [-71.266, 46.7814], [-71.2658, 46.7814], [-71.2656, 46.7814], [-71.2655, 46.7814], [-71.2654, 46.7814], [-71.2653, 46.7813], [-71.2652, 46.7813], [-71.2652, 46.7812], [-71.2651, 46.7811], [-71.2651, 46.781], [-71.2651, 46.7809], [-71.265, 46.7808], [-71.265, 46.7807], [-71.2649, 46.7807], [-71.2648, 46.7807], [-71.2647, 46.7806], [-71.2645, 46.7806], [-71.2644, 46.7807], [-71.2643, 46.7807], [-71.2642, 46.7808], [-71.2641, 46.7809], [-71.264, 46.7811], [-71.2639, 46.7813], [-71.2637, 46.7815], [-71.2637, 46.7818], [-71.2636, 46.782], [-71.2635, 46.7823], [-71.2633, 46.7825], [-71.2632, 46.7826], [-71.2631, 46.7828], [-71.263, 46.7829], [-71.2629, 46.783], [-71.2628, 46.783], [-71.2626, 46.7831], [-71.2625, 46.7831], [-71.2624, 46.7831], [-71.2623, 46.7831], [-71.2622, 46.783], [-71.2621, 46.783], [-71.262, 46.7829], [-71.2619, 46.7828], [-71.2618, 46.7828], [-71.2617, 46.7827], [-71.2616, 46.7827], [-71.2615, 46.7826], [-71.2613, 46.7826], [-71.2612, 46.7826], [-71.2611, 46.7826], [-71.2609, 46.7826], [-71.2608, 46.7826], [-71.2606, 46.7827], [-71.2605, 46.7827], [-71.2604, 46.7828], [-71.2603, 46.7829], [-71.2601, 46.783], [-71.26, 46.7831], [-71.26, 46.7832], [-71.2599, 46.7833], [-71.2598, 46.7834], [-71.2598, 46.7835], [-71.2598, 46.7836], [-71.2598, 46.7837], [-71.2599, 46.7838], [-71.2599, 46.7839], [-71.26, 46.784], [-71.2601, 46.7841], [-71.2601, 46.7842], [-71.26, 46.7843], [-71.2599, 46.7844], [-71.2598, 46.7845], [-71.2597, 46.7846], [-71.2595, 46.7847], [-71.2593, 46.7847], [-71.2592, 46.7848], [-71.259, 46.7849], [-71.259, 46.785], [-71.2589, 46.7851], [-71.2588, 46.7852], [-71.2588, 46.7853], [-71.2588, 46.7854], [-71.2588, 46.7855], [-71.2589, 46.7856], [-71.259, 46.7856], [-71.2592, 46.7857], [-71.2594, 46.7858], [-71.2596, 46.7858], [-71.2599, 46.7859], [-71.2603, 46.7859], [-71.2606, 46.7859], [-71.2608, 46.7859], [-71.261, 46.7859], [-71.2612, 46.7859], [-71.2614, 46.7859], [-71.2615, 46.7858], [-71.2616, 46.7858], [-71.2616, 46.7857], [-71.2617, 46.7856], [-71.2618, 46.7856], [-71.2619, 46.7856], [-71.262, 46.7856], [-71.2621, 46.7857], [-71.2622, 46.7857], [-71.2624, 46.7858], [-71.2625, 46.7859], [-71.2626, 46.7859], [-71.2627, 46.7859], [-71.2628, 46.786], [-71.2629, 46.786], [-71.263, 46.7859], [-71.2631, 46.7859], [-71.2631, 46.7858], [-71.2632, 46.7858], [-71.2633, 46.7857], [-71.2634, 46.7857], [-71.2635, 46.7857], [-71.2636, 46.7857], [-71.2637, 46.7858], [-71.2638, 46.7858], [-71.2639, 46.7859], [-71.264, 46.786], [-71.2641, 46.786], [-71.2642, 46.786], [-71.2643, 46.7861], [-71.2644, 46.7861], [-71.2645, 46.786], [-71.2646, 46.786], [-71.2646, 46.7859], [-71.2647, 46.7859], [-71.2648, 46.7859], [-71.2649, 46.7859], [-71.265, 46.7859], [-71.2652, 46.7859], [-71.2653, 46.7859], [-71.2654, 46.7859], [-71.2656, 46.786], [-71.2657, 46.786], [-71.2658, 46.786], [-71.2659, 46.786], [-71.266, 46.7859], [-71.2659, 46.7858], [-71.2659, 46.7857], [-71.2659, 46.7856], [-71.2659, 46.7855], [-71.2659, 46.7854], [-71.2659, 46.7853], [-71.2659, 46.7852], [-71.2659, 46.7851], [-71.266, 46.785], [-71.2661, 46.7849], [-71.2661, 46.7848], [-71.2661, 46.7847], [-71.266, 46.7847], [-71.2659, 46.7847], [-71.2658, 46.7847], [-71.2656, 46.7847], [-71.2655, 46.7847], [-71.2653, 46.7847], [-71.2652, 46.7846], [-71.265, 46.7846], [-71.2649, 46.7845], [-71.2647, 46.7844], [-71.2646, 46.7843], [-71.2644, 46.7841], [-71.2643, 46.784], [-71.2642, 46.7839], [-71.2642, 46.7838], [-71.2643, 46.7838], [-71.2644, 46.7838], [-71.2645, 46.7838], [-71.2647, 46.7839], [-71.2649, 46.7839], [-71.2651, 46.7838], [-71.2652, 46.7837], [-71.2654, 46.7836], [-71.2656, 46.7834], [-71.2658, 46.7832], [-71.2659, 46.7829], [-71.2661, 46.7826], [-71.2662, 46.7823]]]}}, {"type": "Feature", "properties": {"couche": "aire_marche", "station": "Myrand", "ordre": 13, "minutes": 6, "superficie_ha": 27.2, "rue_km": 7.72, "disque_ha": 55.4, "part_disque_pct": 49, "accroche_m": 1, "population": 693, "navetteurs": 138, "mode_auto_pct": 64, "mode_tc_pct": 22, "mode_actif_pct": 14, "mode_autre_pct": 0}, "geometry": {"type": "Polygon", "coordinates": [[[-71.2667, 46.7827], [-71.2665, 46.783], [-71.2664, 46.7832], [-71.2662, 46.7834], [-71.266, 46.7836], [-71.2658, 46.7838], [-71.2657, 46.7839], [-71.2655, 46.784], [-71.2654, 46.784], [-71.2652, 46.784], [-71.2651, 46.7841], [-71.2649, 46.7841], [-71.2648, 46.7841], [-71.2647, 46.7841], [-71.2645, 46.784], [-71.2644, 46.784], [-71.2643, 46.7839], [-71.2642, 46.7839], [-71.2642, 46.784], [-71.2643, 46.784], [-71.2644, 46.7841], [-71.2646, 46.7843], [-71.2647, 46.7844], [-71.2649, 46.7845], [-71.265, 46.7845], [-71.2651, 46.7846], [-71.2653, 46.7846], [-71.2654, 46.7846], [-71.2655, 46.7846], [-71.2656, 46.7846], [-71.2657, 46.7845], [-71.2658, 46.7845], [-71.2659, 46.7846], [-71.266, 46.7846], [-71.2661, 46.7846], [-71.2662, 46.7847], [-71.2664, 46.7847], [-71.2665, 46.7848], [-71.2666, 46.7849], [-71.2667, 46.785], [-71.2667, 46.7851], [-71.2668, 46.7851], [-71.2668, 46.7852], [-71.2668, 46.7853], [-71.2667, 46.7854], [-71.2667, 46.7855], [-71.2666, 46.7855], [-71.2665, 46.7855], [-71.2665, 46.7856], [-71.2664, 46.7856], [-71.2663, 46.7855], [-71.2662, 46.7855], [-71.2661, 46.7855], [-71.266, 46.7854], [-71.266, 46.7855], [-71.266, 46.7856], [-71.2661, 46.7857], [-71.2662, 46.7859], [-71.2663, 46.786], [-71.2664, 46.7862], [-71.2664, 46.7863], [-71.2665, 46.7864], [-71.2664, 46.7864], [-71.2664, 46.7865], [-71.2663, 46.7865], [-71.2662, 46.7864], [-71.266, 46.7864], [-71.2659, 46.7863], [-71.2658, 46.7863], [-71.2656, 46.7863], [-71.2655, 46.7863], [-71.2654, 46.7863], [-71.2653, 46.7864], [-71.2652, 46.7864], [-71.2651, 46.7865], [-71.265, 46.7865], [-71.2649, 46.7865], [-71.2648, 46.7865], [-71.2647, 46.7865], [-71.2646, 46.7865], [-71.2645, 46.7864], [-71.2644, 46.7863], [-71.2643, 46.7863], [-71.2642, 46.7862], [-71.2641, 46.7862], [-71.264, 46.7862], [-71.2639, 46.7862], [-71.2638, 46.7862], [-71.2637, 46.7863], [-71.2636, 46.7863], [-71.2635, 46.7864], [-71.2634, 46.7864], [-71.2633, 46.7864], [-71.2632, 46.7863], [-71.263, 46.7863], [-71.2629, 46.7862], [-71.2627, 46.7861], [-71.2625, 46.7859], [-71.2623, 46.7858], [-71.2622, 46.7857], [-71.2621, 46.7857], [-71.2622, 46.7858], [-71.2623, 46.7859], [-71.2623, 46.786], [-71.2624, 46.7861], [-71.2624, 46.7862], [-71.2623, 46.7863], [-71.2622, 46.7864], [-71.2621, 46.7864], [-71.262, 46.7864], [-71.2619, 46.7863], [-71.2618, 46.7863], [-71.2616, 46.7862], [-71.2615, 46.7862], [-71.2613, 46.7861], [-71.2612, 46.7861], [-71.2611, 46.7861], [-71.261, 46.7861], [-71.2608, 46.7861], [-71.2607, 46.7861], [-71.2606, 46.7862], [-71.2605, 46.7862], [-71.2605, 46.7863], [-71.2604, 46.7863], [-71.2603, 46.7863], [-71.2602, 46.7863], [-71.2601, 46.7862], [-71.26, 46.7861], [-71.2599, 46.786], [-71.2599, 46.7859], [-71.2598, 46.7859], [-71.2597, 46.7859], [-71.2596, 46.7859], [-71.2595, 46.7859], [-71.2594, 46.786], [-71.2592, 46.7861], [-71.2591, 46.7861], [-71.259, 46.7862], [-71.2589, 46.7862], [-71.2588, 46.7862], [-71.2587, 46.7862], [-71.2586, 46.7862], [-71.2585, 46.7862], [-71.2584, 46.7862], [-71.2583, 46.7862], [-71.2582, 46.7861], [-71.2582, 46.786], [-71.2582, 46.7859], [-71.2581, 46.7857], [-71.2582, 46.7856], [-71.2582, 46.7854], [-71.2582, 46.7852], [-71.2583, 46.785], [-71.2584, 46.7848], [-71.2585, 46.7847], [-71.2586, 46.7845], [-71.2588, 46.7845], [-71.259, 46.7844], [-71.2592, 46.7844], [-71.2594, 46.7843], [-71.2596, 46.7843], [-71.2598, 46.7843], [-71.2599, 46.7842], [-71.26, 46.7842], [-71.2601, 46.7841], [-71.26, 46.784], [-71.2599, 46.7839], [-71.2599, 46.7838], [-71.2598, 46.7837], [-71.2598, 46.7836], [-71.2599, 46.7835], [-71.26, 46.7834], [-71.2601, 46.7833], [-71.2602, 46.7833], [-71.2602, 46.7832], [-71.2602, 46.7831], [-71.2601, 46.783], [-71.26, 46.783], [-71.2599, 46.7829], [-71.2598, 46.7828], [-71.2598, 46.7827], [-71.2598, 46.7826], [-71.2599, 46.7825], [-71.26, 46.7824], [-71.2601, 46.7824], [-71.2602, 46.7823], [-71.2604, 46.7823], [-71.2606, 46.7823], [-71.2608, 46.7823], [-71.261, 46.7823], [-71.2613, 46.7824], [-71.2615, 46.7824], [-71.2617, 46.7824], [-71.2619, 46.7825], [-71.262, 46.7826], [-71.2622, 46.7826], [-71.2623, 46.7827], [-71.2623, 46.7828], [-71.2624, 46.7829], [-71.2624, 46.783], [-71.2625, 46.783], [-71.2626, 46.783], [-71.2627, 46.783], [-71.2628, 46.783], [-71.2629, 46.7829], [-71.2631, 46.7828], [-71.2632, 46.7827], [-71.2633, 46.7826], [-71.2634, 46.7824], [-71.2635, 46.7821], [-71.2636, 46.7819], [-71.2636, 46.7816], [-71.2637, 46.7813], [-71.2638, 46.781], [-71.2639, 46.7807], [-71.2641, 46.7805], [-71.2642, 46.7804], [-71.2643, 46.7802], [-71.2645, 46.7802], [-71.2646, 46.7801], [-71.2648, 46.7801], [-71.2649, 46.7801], [-71.265, 46.7802], [-71.2651, 46.7802], [-71.2652, 46.7803], [-71.2652, 46.7804], [-71.2653, 46.7806], [-71.2653, 46.7807], [-71.2652, 46.7809], [-71.2652, 46.781], [-71.2653, 46.7811], [-71.2653, 46.7812], [-71.2654, 46.7812], [-71.2655, 46.7812], [-71.2657, 46.7812], [-71.2658, 46.7812], [-71.266, 46.7811], [-71.2662, 46.781], [-71.2664, 46.781], [-71.2665, 46.781], [-71.2667, 46.781], [-71.2668, 46.781], [-71.267, 46.781], [-71.2671, 46.7811], [-71.2672, 46.7811], [-71.2673, 46.7812], [-71.2673, 46.7813], [-71.2673, 46.7815], [-71.2672, 46.7817], [-71.2672, 46.7819], [-71.267, 46.7821], [-71.2669, 46.7824], [-71.2667, 46.7827]]]}}, {"type": "Feature", "properties": {"couche": "voile", "station": "Myrand", "minutes": 6}, "geometry": {"type": "Polygon", "coordinates": [[[-71.4264, 46.8933], [-71.1022, 46.8954], [-71.0997, 46.6731], [-71.4226, 46.671], [-71.4264, 46.8933]], [[-71.2669, 46.7824], [-71.267, 46.7821], [-71.2672, 46.7819], [-71.2672, 46.7817], [-71.2673, 46.7815], [-71.2673, 46.7813], [-71.2673, 46.7812], [-71.2672, 46.7811], [-71.2671, 46.7811], [-71.267, 46.781], [-71.2668, 46.781], [-71.2667, 46.781], [-71.2665, 46.781], [-71.2664, 46.781], [-71.2662, 46.781], [-71.266, 46.7811], [-71.2658, 46.7812], [-71.2657, 46.7812], [-71.2655, 46.7812], [-71.2654, 46.7812], [-71.2653, 46.7812], [-71.2653, 46.7811], [-71.2652, 46.781], [-71.2652, 46.7809], [-71.2653, 46.7807], [-71.2653, 46.7806], [-71.2652, 46.7804], [-71.2652, 46.7803], [-71.2651, 46.7802], [-71.265, 46.7802], [-71.2649, 46.7801], [-71.2648, 46.7801], [-71.2646, 46.7801], [-71.2645, 46.7802], [-71.2643, 46.7802], [-71.2642, 46.7804], [-71.2641, 46.7805], [-71.2639, 46.7807], [-71.2638, 46.781], [-71.2637, 46.7813], [-71.2636, 46.7816], [-71.2636, 46.7819], [-71.2635, 46.7821], [-71.2634, 46.7824], [-71.2633, 46.7826], [-71.2632, 46.7827], [-71.2631, 46.7828], [-71.2629, 46.7829], [-71.2628, 46.783], [-71.2627, 46.783], [-71.2626, 46.783], [-71.2625, 46.783], [-71.2624, 46.783], [-71.2624, 46.7829], [-71.2623, 46.7828], [-71.2623, 46.7827], [-71.2622, 46.7826], [-71.262, 46.7826], [-71.2619, 46.7825], [-71.2617, 46.7824], [-71.2615, 46.7824], [-71.2613, 46.7824], [-71.261, 46.7823], [-71.2608, 46.7823], [-71.2606, 46.7823], [-71.2604, 46.7823], [-71.2602, 46.7823], [-71.2601, 46.7824], [-71.26, 46.7824], [-71.2599, 46.7825], [-71.2598, 46.7826], [-71.2598, 46.7827], [-71.2598, 46.7828], [-71.2599, 46.7829], [-71.26, 46.783], [-71.2601, 46.783], [-71.2602, 46.7831], [-71.2602, 46.7832], [-71.2602, 46.7833], [-71.2601, 46.7833], [-71.26, 46.7834], [-71.2599, 46.7835], [-71.2598, 46.7836], [-71.2598, 46.7837], [-71.2599, 46.7838], [-71.2599, 46.7839], [-71.26, 46.784], [-71.2601, 46.7841], [-71.26, 46.7842], [-71.2599, 46.7842], [-71.2598, 46.7843], [-71.2596, 46.7843], [-71.2594, 46.7843], [-71.2592, 46.7844], [-71.259, 46.7844], [-71.2588, 46.7845], [-71.2586, 46.7845], [-71.2585, 46.7847], [-71.2584, 46.7848], [-71.2583, 46.785], [-71.2582, 46.7852], [-71.2582, 46.7854], [-71.2582, 46.7856], [-71.2581, 46.7857], [-71.2582, 46.7859], [-71.2582, 46.786], [-71.2582, 46.7861], [-71.2583, 46.7862], [-71.2584, 46.7862], [-71.2585, 46.7862], [-71.2586, 46.7862], [-71.2587, 46.7862], [-71.2588, 46.7862], [-71.2589, 46.7862], [-71.259, 46.7862], [-71.2591, 46.7861], [-71.2592, 46.7861], [-71.2594, 46.786], [-71.2595, 46.7859], [-71.2596, 46.7859], [-71.2597, 46.7859], [-71.2598, 46.7859], [-71.2599, 46.7859], [-71.2599, 46.786], [-71.26, 46.7861], [-71.2601, 46.7862], [-71.2602, 46.7863], [-71.2603, 46.7863], [-71.2604, 46.7863], [-71.2605, 46.7863], [-71.2605, 46.7862], [-71.2606, 46.7862], [-71.2607, 46.7861], [-71.2608, 46.7861], [-71.261, 46.7861], [-71.2611, 46.7861], [-71.2612, 46.7861], [-71.2613, 46.7861], [-71.2615, 46.7862], [-71.2616, 46.7862], [-71.2618, 46.7863], [-71.2619, 46.7863], [-71.262, 46.7864], [-71.2621, 46.7864], [-71.2622, 46.7864], [-71.2623, 46.7863], [-71.2624, 46.7862], [-71.2624, 46.7861], [-71.2623, 46.786], [-71.2623, 46.7859], [-71.2622, 46.7858], [-71.2621, 46.7857], [-71.2622, 46.7857], [-71.2623, 46.7858], [-71.2625, 46.7859], [-71.2627, 46.7861], [-71.2629, 46.7862], [-71.263, 46.7863], [-71.2632, 46.7863], [-71.2633, 46.7864], [-71.2634, 46.7864], [-71.2635, 46.7864], [-71.2636, 46.7863], [-71.2637, 46.7863], [-71.2638, 46.7862], [-71.2639, 46.7862], [-71.264, 46.7862], [-71.2641, 46.7862], [-71.2642, 46.7862], [-71.2643, 46.7863], [-71.2644, 46.7863], [-71.2645, 46.7864], [-71.2646, 46.7865], [-71.2647, 46.7865], [-71.2648, 46.7865], [-71.2649, 46.7865], [-71.265, 46.7865], [-71.2651, 46.7865], [-71.2652, 46.7864], [-71.2653, 46.7864], [-71.2654, 46.7863], [-71.2655, 46.7863], [-71.2656, 46.7863], [-71.2658, 46.7863], [-71.2659, 46.7863], [-71.266, 46.7864], [-71.2662, 46.7864], [-71.2663, 46.7865], [-71.2664, 46.7865], [-71.2664, 46.7864], [-71.2665, 46.7864], [-71.2664, 46.7863], [-71.2664, 46.7862], [-71.2663, 46.786], [-71.2662, 46.7859], [-71.2661, 46.7857], [-71.266, 46.7856], [-71.266, 46.7855], [-71.266, 46.7854], [-71.2661, 46.7855], [-71.2662, 46.7855], [-71.2663, 46.7855], [-71.2664, 46.7856], [-71.2665, 46.7856], [-71.2665, 46.7855], [-71.2666, 46.7855], [-71.2667, 46.7855], [-71.2667, 46.7854], [-71.2668, 46.7853], [-71.2668, 46.7852], [-71.2668, 46.7851], [-71.2667, 46.7851], [-71.2667, 46.785], [-71.2666, 46.7849], [-71.2665, 46.7848], [-71.2664, 46.7847], [-71.2662, 46.7847], [-71.2661, 46.7846], [-71.266, 46.7846], [-71.2659, 46.7846], [-71.2658, 46.7845], [-71.2657, 46.7845], [-71.2656, 46.7846], [-71.2655, 46.7846], [-71.2654, 46.7846], [-71.2653, 46.7846], [-71.2651, 46.7846], [-71.265, 46.7845], [-71.2649, 46.7845], [-71.2647, 46.7844], [-71.2646, 46.7843], [-71.2644, 46.7841], [-71.2643, 46.784], [-71.2642, 46.784], [-71.2642, 46.7839], [-71.2643, 46.7839], [-71.2644, 46.784], [-71.2645, 46.784], [-71.2647, 46.7841], [-71.2648, 46.7841], [-71.2649, 46.7841], [-71.2651, 46.7841], [-71.2652, 46.784], [-71.2654, 46.784], [-71.2655, 46.784], [-71.2657, 46.7839], [-71.2658, 46.7838], [-71.266, 46.7836], [-71.2662, 46.7834], [-71.2664, 46.7832], [-71.2665, 46.783], [-71.2667, 46.7827], [-71.2669, 46.7824]]]}}, {"type": "Feature", "properties": {"couche": "aire_marche", "station": "Myrand", "ordre": 13, "minutes": 7, "superficie_ha": 38.1, "rue_km": 10.34, "disque_ha": 75.4, "part_disque_pct": 51, "accroche_m": 1, "population": 986, "navetteurs": 195, "mode_auto_pct": 64, "mode_tc_pct": 22, "mode_actif_pct": 14, "mode_autre_pct": 0}, "geometry": {"type": "Polygon", "coordinates": [[[-71.2677, 46.7813], [-71.2676, 46.7814], [-71.2675, 46.7815], [-71.2675, 46.7816], [-71.2674, 46.7817], [-71.2675, 46.7818], [-71.2675, 46.7819], [-71.2676, 46.7819], [-71.2677, 46.782], [-71.2677, 46.7821], [-71.2676, 46.7822], [-71.2675, 46.7822], [-71.2674, 46.7823], [-71.2673, 46.7823], [-71.2672, 46.7824], [-71.2671, 46.7825], [-71.267, 46.7825], [-71.267, 46.7826], [-71.267, 46.7827], [-71.267, 46.7828], [-71.2671, 46.7829], [-71.2671, 46.783], [-71.2671, 46.7831], [-71.2671, 46.7832], [-71.2671, 46.7833], [-71.267, 46.7834], [-71.2669, 46.7836], [-71.2668, 46.7837], [-71.2667, 46.7838], [-71.2666, 46.7839], [-71.2664, 46.784], [-71.2663, 46.784], [-71.2661, 46.7841], [-71.2659, 46.7841], [-71.2657, 46.7842], [-71.2655, 46.7842], [-71.2653, 46.7842], [-71.2651, 46.7841], [-71.2649, 46.7841], [-71.2648, 46.7841], [-71.2646, 46.7841], [-71.2645, 46.784], [-71.2644, 46.784], [-71.2643, 46.7839], [-71.2642, 46.7839], [-71.2642, 46.784], [-71.2643, 46.784], [-71.2644, 46.7841], [-71.2646, 46.7843], [-71.2647, 46.7844], [-71.2649, 46.7845], [-71.265, 46.7845], [-71.2651, 46.7846], [-71.2652, 46.7846], [-71.2653, 46.7846], [-71.2654, 46.7846], [-71.2655, 46.7846], [-71.2656, 46.7845], [-71.2658, 46.7845], [-71.2659, 46.7845], [-71.266, 46.7845], [-71.2662, 46.7845], [-71.2664, 46.7846], [-71.2666, 46.7846], [-71.2668, 46.7847], [-71.2669, 46.7848], [-71.2671, 46.7849], [-71.2672, 46.785], [-71.2673, 46.7852], [-71.2674, 46.7854], [-71.2674, 46.7856], [-71.2674, 46.7858], [-71.2674, 46.7861], [-71.2674, 46.7864], [-71.2673, 46.7865], [-71.2672, 46.7867], [-71.2672, 46.7868], [-71.267, 46.7869], [-71.2669, 46.7869], [-71.2668, 46.7869], [-71.2666, 46.7868], [-71.2665, 46.7868], [-71.2663, 46.7868], [-71.2662, 46.7867], [-71.2661, 46.7867], [-71.266, 46.7868], [-71.2659, 46.7868], [-71.2658, 46.7868], [-71.2657, 46.7869], [-71.2657, 46.787], [-71.2656, 46.787], [-71.2655, 46.787], [-71.2654, 46.787], [-71.2653, 46.787], [-71.2652, 46.7869], [-71.2651, 46.7869], [-71.265, 46.7868], [-71.2649, 46.7867], [-71.2648, 46.7867], [-71.2647, 46.7867], [-71.2646, 46.7867], [-71.2645, 46.7867], [-71.2644, 46.7867], [-71.2643, 46.7868], [-71.2642, 46.7868], [-71.2641, 46.7868], [-71.264, 46.7868], [-71.2638, 46.7868], [-71.2636, 46.7867], [-71.2634, 46.7866], [-71.2632, 46.7865], [-71.263, 46.7863], [-71.2627, 46.7861], [-71.2625, 46.786], [-71.2626, 46.7861], [-71.2627, 46.7863], [-71.2628, 46.7864], [-71.2629, 46.7865], [-71.2629, 46.7866], [-71.2629, 46.7867], [-71.2629, 46.7868], [-71.2628, 46.7868], [-71.2627, 46.7868], [-71.2625, 46.7868], [-71.2624, 46.7867], [-71.2622, 46.7866], [-71.262, 46.7865], [-71.2618, 46.7864], [-71.2616, 46.7863], [-71.2614, 46.7862], [-71.2613, 46.7861], [-71.2612, 46.7861], [-71.2612, 46.7862], [-71.2613, 46.7863], [-71.2614, 46.7864], [-71.2614, 46.7865], [-71.2614, 46.7866], [-71.2614, 46.7867], [-71.2613, 46.7867], [-71.2612, 46.7868], [-71.2611, 46.7868], [-71.261, 46.7868], [-71.2609, 46.7868], [-71.2608, 46.7868], [-71.2607, 46.7867], [-71.2606, 46.7866], [-71.2605, 46.7865], [-71.2604, 46.7864], [-71.2602, 46.7863], [-71.2601, 46.7861], [-71.26, 46.7861], [-71.2599, 46.786], [-71.2598, 46.786], [-71.2597, 46.786], [-71.2596, 46.7861], [-71.2595, 46.7862], [-71.2594, 46.7863], [-71.2593, 46.7864], [-71.2592, 46.7865], [-71.2591, 46.7866], [-71.2589, 46.7866], [-71.2588, 46.7867], [-71.2586, 46.7867], [-71.2584, 46.7867], [-71.2582, 46.7867], [-71.258, 46.7866], [-71.2578, 46.7866], [-71.2577, 46.7865], [-71.2577, 46.7864], [-71.2576, 46.7863], [-71.2577, 46.7862], [-71.2577, 46.786], [-71.2578, 46.7858], [-71.2578, 46.7857], [-71.2579, 46.7855], [-71.2579, 46.7853], [-71.258, 46.7852], [-71.258, 46.7851], [-71.2579, 46.7849], [-71.2579, 46.7848], [-71.2579, 46.7847], [-71.2579, 46.7846], [-71.2579, 46.7845], [-71.258, 46.7844], [-71.258, 46.7843], [-71.2582, 46.7842], [-71.2583, 46.7841], [-71.2585, 46.7841], [-71.2587, 46.784], [-71.259, 46.7839], [-71.2591, 46.7839], [-71.2593, 46.7839], [-71.2595, 46.7839], [-71.2596, 46.7839], [-71.2598, 46.7839], [-71.2597, 46.7838], [-71.2595, 46.7837], [-71.2594, 46.7836], [-71.2593, 46.7834], [-71.2592, 46.7833], [-71.2592, 46.7832], [-71.2592, 46.7831], [-71.2593, 46.783], [-71.2594, 46.7829], [-71.2595, 46.7828], [-71.2596, 46.7827], [-71.2597, 46.7826], [-71.2597, 46.7825], [-71.2598, 46.7824], [-71.2598, 46.7823], [-71.2598, 46.7822], [-71.2598, 46.7821], [-71.2597, 46.782], [-71.2597, 46.7819], [-71.2598, 46.7818], [-71.2599, 46.7818], [-71.26, 46.7817], [-71.2601, 46.7817], [-71.2603, 46.7817], [-71.2606, 46.7817], [-71.2608, 46.7817], [-71.2611, 46.7817], [-71.2613, 46.7817], [-71.2614, 46.7818], [-71.2616, 46.7818], [-71.2616, 46.7819], [-71.2617, 46.7819], [-71.2617, 46.782], [-71.2617, 46.7821], [-71.2617, 46.7822], [-71.2617, 46.7823], [-71.2618, 46.7823], [-71.2618, 46.7824], [-71.2619, 46.7825], [-71.262, 46.7826], [-71.2621, 46.7827], [-71.2622, 46.7828], [-71.2623, 46.7829], [-71.2624, 46.7829], [-71.2625, 46.7829], [-71.2626, 46.7829], [-71.2628, 46.7828], [-71.2629, 46.7827], [-71.263, 46.7826], [-71.2632, 46.7825], [-71.2633, 46.7824], [-71.2634, 46.7822], [-71.2635, 46.7821], [-71.2636, 46.782], [-71.2636, 46.7819], [-71.2637, 46.7818], [-71.2637, 46.7816], [-71.2637, 46.7815], [-71.2637, 46.7814], [-71.2637, 46.7813], [-71.2637, 46.7812], [-71.2637, 46.7811], [-71.2636, 46.781], [-71.2635, 46.7809], [-71.2634, 46.7808], [-71.2634, 46.7807], [-71.2634, 46.7806], [-71.2635, 46.7805], [-71.2636, 46.7804], [-71.2637, 46.7802], [-71.2638, 46.7801], [-71.264, 46.7799], [-71.2642, 46.7798], [-71.2644, 46.7796], [-71.2645, 46.7796], [-71.2647, 46.7795], [-71.2648, 46.7795], [-71.2649, 46.7795], [-71.265, 46.7795], [-71.2651, 46.7795], [-71.2652, 46.7796], [-71.2653, 46.7797], [-71.2653, 46.7798], [-71.2654, 46.7799], [-71.2654, 46.7801], [-71.2654, 46.7802], [-71.2654, 46.7804], [-71.2653, 46.7806], [-71.2653, 46.7808], [-71.2654, 46.7809], [-71.2654, 46.781], [-71.2655, 46.781], [-71.2657, 46.781], [-71.2658, 46.781], [-71.266, 46.7809], [-71.2662, 46.7808], [-71.2664, 46.7807], [-71.2666, 46.7806], [-71.2668, 46.7805], [-71.267, 46.7805], [-71.2672, 46.7805], [-71.2674, 46.7805], [-71.2675, 46.7806], [-71.2677, 46.7806], [-71.2678, 46.7807], [-71.2679, 46.7808], [-71.268, 46.7809], [-71.268, 46.781], [-71.2679, 46.7811], [-71.2678, 46.7812], [-71.2677, 46.7813]]]}}, {"type": "Feature", "properties": {"couche": "voile", "station": "Myrand", "minutes": 7}, "geometry": {"type": "Polygon", "coordinates": [[[-71.4271, 46.8938], [-71.1017, 46.8959], [-71.0992, 46.6725], [-71.4233, 46.6704], [-71.4271, 46.8938]], [[-71.2678, 46.7812], [-71.2679, 46.7811], [-71.268, 46.781], [-71.268, 46.7809], [-71.2679, 46.7808], [-71.2678, 46.7807], [-71.2677, 46.7806], [-71.2675, 46.7806], [-71.2674, 46.7805], [-71.2672, 46.7805], [-71.267, 46.7805], [-71.2668, 46.7805], [-71.2666, 46.7806], [-71.2664, 46.7807], [-71.2662, 46.7808], [-71.266, 46.7809], [-71.2658, 46.781], [-71.2657, 46.781], [-71.2655, 46.781], [-71.2654, 46.781], [-71.2654, 46.7809], [-71.2653, 46.7808], [-71.2653, 46.7806], [-71.2654, 46.7804], [-71.2654, 46.7802], [-71.2654, 46.7801], [-71.2654, 46.7799], [-71.2653, 46.7798], [-71.2653, 46.7797], [-71.2652, 46.7796], [-71.2651, 46.7795], [-71.265, 46.7795], [-71.2649, 46.7795], [-71.2648, 46.7795], [-71.2647, 46.7795], [-71.2645, 46.7796], [-71.2644, 46.7796], [-71.2642, 46.7798], [-71.264, 46.7799], [-71.2638, 46.7801], [-71.2637, 46.7802], [-71.2636, 46.7804], [-71.2635, 46.7805], [-71.2634, 46.7806], [-71.2634, 46.7807], [-71.2634, 46.7808], [-71.2635, 46.7809], [-71.2636, 46.781], [-71.2637, 46.7811], [-71.2637, 46.7812], [-71.2637, 46.7813], [-71.2637, 46.7814], [-71.2637, 46.7815], [-71.2637, 46.7816], [-71.2637, 46.7818], [-71.2636, 46.7819], [-71.2636, 46.782], [-71.2635, 46.7821], [-71.2634, 46.7822], [-71.2633, 46.7824], [-71.2632, 46.7825], [-71.263, 46.7826], [-71.2629, 46.7827], [-71.2628, 46.7828], [-71.2626, 46.7829], [-71.2625, 46.7829], [-71.2624, 46.7829], [-71.2623, 46.7829], [-71.2622, 46.7828], [-71.2621, 46.7827], [-71.262, 46.7826], [-71.2619, 46.7825], [-71.2618, 46.7824], [-71.2618, 46.7823], [-71.2617, 46.7823], [-71.2617, 46.7822], [-71.2617, 46.7821], [-71.2617, 46.782], [-71.2617, 46.7819], [-71.2616, 46.7819], [-71.2616, 46.7818], [-71.2614, 46.7818], [-71.2613, 46.7817], [-71.2611, 46.7817], [-71.2608, 46.7817], [-71.2606, 46.7817], [-71.2603, 46.7817], [-71.2601, 46.7817], [-71.26, 46.7817], [-71.2599, 46.7818], [-71.2598, 46.7818], [-71.2597, 46.7819], [-71.2597, 46.782], [-71.2598, 46.7821], [-71.2598, 46.7822], [-71.2598, 46.7823], [-71.2598, 46.7824], [-71.2597, 46.7825], [-71.2597, 46.7826], [-71.2596, 46.7827], [-71.2595, 46.7828], [-71.2594, 46.7829], [-71.2593, 46.783], [-71.2592, 46.7831], [-71.2592, 46.7832], [-71.2592, 46.7833], [-71.2593, 46.7834], [-71.2594, 46.7836], [-71.2595, 46.7837], [-71.2597, 46.7838], [-71.2598, 46.7839], [-71.2596, 46.7839], [-71.2595, 46.7839], [-71.2593, 46.7839], [-71.2591, 46.7839], [-71.259, 46.7839], [-71.2587, 46.784], [-71.2585, 46.7841], [-71.2583, 46.7841], [-71.2582, 46.7842], [-71.258, 46.7843], [-71.258, 46.7844], [-71.2579, 46.7845], [-71.2579, 46.7846], [-71.2579, 46.7847], [-71.2579, 46.7848], [-71.2579, 46.7849], [-71.258, 46.7851], [-71.258, 46.7852], [-71.2579, 46.7853], [-71.2579, 46.7855], [-71.2578, 46.7857], [-71.2578, 46.7858], [-71.2577, 46.786], [-71.2577, 46.7862], [-71.2576, 46.7863], [-71.2577, 46.7864], [-71.2577, 46.7865], [-71.2578, 46.7866], [-71.258, 46.7866], [-71.2582, 46.7867], [-71.2584, 46.7867], [-71.2586, 46.7867], [-71.2588, 46.7867], [-71.2589, 46.7866], [-71.2591, 46.7866], [-71.2592, 46.7865], [-71.2593, 46.7864], [-71.2594, 46.7863], [-71.2595, 46.7862], [-71.2596, 46.7861], [-71.2597, 46.786], [-71.2598, 46.786], [-71.2599, 46.786], [-71.26, 46.7861], [-71.2601, 46.7861], [-71.2602, 46.7863], [-71.2604, 46.7864], [-71.2605, 46.7865], [-71.2606, 46.7866], [-71.2607, 46.7867], [-71.2608, 46.7868], [-71.2609, 46.7868], [-71.261, 46.7868], [-71.2611, 46.7868], [-71.2612, 46.7868], [-71.2613, 46.7867], [-71.2614, 46.7867], [-71.2614, 46.7866], [-71.2614, 46.7865], [-71.2614, 46.7864], [-71.2613, 46.7863], [-71.2612, 46.7862], [-71.2612, 46.7861], [-71.2613, 46.7861], [-71.2614, 46.7862], [-71.2616, 46.7863], [-71.2618, 46.7864], [-71.262, 46.7865], [-71.2622, 46.7866], [-71.2624, 46.7867], [-71.2625, 46.7868], [-71.2627, 46.7868], [-71.2628, 46.7868], [-71.2629, 46.7868], [-71.2629, 46.7867], [-71.2629, 46.7866], [-71.2629, 46.7865], [-71.2628, 46.7864], [-71.2627, 46.7863], [-71.2626, 46.7861], [-71.2625, 46.786], [-71.2627, 46.7861], [-71.263, 46.7863], [-71.2632, 46.7865], [-71.2634, 46.7866], [-71.2636, 46.7867], [-71.2638, 46.7868], [-71.264, 46.7868], [-71.2641, 46.7868], [-71.2642, 46.7868], [-71.2643, 46.7868], [-71.2644, 46.7867], [-71.2645, 46.7867], [-71.2646, 46.7867], [-71.2647, 46.7867], [-71.2648, 46.7867], [-71.2649, 46.7867], [-71.265, 46.7868], [-71.2651, 46.7869], [-71.2652, 46.7869], [-71.2653, 46.787], [-71.2654, 46.787], [-71.2655, 46.787], [-71.2656, 46.787], [-71.2657, 46.787], [-71.2657, 46.7869], [-71.2658, 46.7868], [-71.2659, 46.7868], [-71.266, 46.7868], [-71.2661, 46.7867], [-71.2662, 46.7867], [-71.2663, 46.7868], [-71.2665, 46.7868], [-71.2666, 46.7868], [-71.2668, 46.7869], [-71.2669, 46.7869], [-71.267, 46.7869], [-71.2672, 46.7868], [-71.2672, 46.7867], [-71.2673, 46.7865], [-71.2674, 46.7864], [-71.2674, 46.7861], [-71.2674, 46.7858], [-71.2674, 46.7856], [-71.2674, 46.7854], [-71.2673, 46.7852], [-71.2672, 46.785], [-71.2671, 46.7849], [-71.2669, 46.7848], [-71.2668, 46.7847], [-71.2666, 46.7846], [-71.2664, 46.7846], [-71.2662, 46.7845], [-71.266, 46.7845], [-71.2659, 46.7845], [-71.2658, 46.7845], [-71.2656, 46.7845], [-71.2655, 46.7846], [-71.2654, 46.7846], [-71.2653, 46.7846], [-71.2652, 46.7846], [-71.2651, 46.7846], [-71.265, 46.7845], [-71.2649, 46.7845], [-71.2647, 46.7844], [-71.2646, 46.7843], [-71.2644, 46.7841], [-71.2643, 46.784], [-71.2642, 46.784], [-71.2642, 46.7839], [-71.2643, 46.7839], [-71.2644, 46.784], [-71.2645, 46.784], [-71.2646, 46.7841], [-71.2648, 46.7841], [-71.2649, 46.7841], [-71.2651, 46.7841], [-71.2653, 46.7842], [-71.2655, 46.7842], [-71.2657, 46.7842], [-71.2659, 46.7841], [-71.2661, 46.7841], [-71.2663, 46.784], [-71.2664, 46.784], [-71.2666, 46.7839], [-71.2667, 46.7838], [-71.2668, 46.7837], [-71.2669, 46.7836], [-71.267, 46.7834], [-71.2671, 46.7833], [-71.2671, 46.7832], [-71.2671, 46.7831], [-71.2671, 46.783], [-71.2671, 46.7829], [-71.267, 46.7828], [-71.267, 46.7827], [-71.267, 46.7826], [-71.267, 46.7825], [-71.2671, 46.7825], [-71.2672, 46.7824], [-71.2673, 46.7823], [-71.2674, 46.7823], [-71.2675, 46.7822], [-71.2676, 46.7822], [-71.2677, 46.7821], [-71.2677, 46.782], [-71.2676, 46.7819], [-71.2675, 46.7819], [-71.2675, 46.7818], [-71.2674, 46.7817], [-71.2675, 46.7816], [-71.2675, 46.7815], [-71.2676, 46.7814], [-71.2677, 46.7813], [-71.2678, 46.7812]]]}}, {"type": "Feature", "properties": {"couche": "aire_marche", "station": "Myrand", "ordre": 13, "minutes": 8, "superficie_ha": 52.8, "rue_km": 13.92, "disque_ha": 98.5, "part_disque_pct": 54, "accroche_m": 1, "population": 1403, "navetteurs": 273, "mode_auto_pct": 66, "mode_tc_pct": 20, "mode_actif_pct": 14, "mode_autre_pct": 0}, "geometry": {"type": "Polygon", "coordinates": [[[-71.268, 46.7813], [-71.2678, 46.7814], [-71.2677, 46.7815], [-71.2676, 46.7815], [-71.2676, 46.7816], [-71.2677, 46.7816], [-71.2679, 46.7816], [-71.268, 46.7815], [-71.2681, 46.7815], [-71.2682, 46.7815], [-71.2683, 46.7816], [-71.2684, 46.7816], [-71.2685, 46.7816], [-71.2685, 46.7817], [-71.2686, 46.7817], [-71.2686, 46.7818], [-71.2687, 46.7818], [-71.2687, 46.7819], [-71.2687, 46.782], [-71.2686, 46.7821], [-71.2686, 46.7822], [-71.2685, 46.7822], [-71.2684, 46.7823], [-71.2683, 46.7823], [-71.2682, 46.7824], [-71.268, 46.7824], [-71.2679, 46.7824], [-71.2677, 46.7825], [-71.2675, 46.7825], [-71.2674, 46.7825], [-71.2672, 46.7825], [-71.2671, 46.7826], [-71.267, 46.7827], [-71.267, 46.7828], [-71.2671, 46.7829], [-71.2672, 46.783], [-71.2672, 46.7831], [-71.2672, 46.7832], [-71.2672, 46.7833], [-71.2671, 46.7834], [-71.2671, 46.7835], [-71.267, 46.7836], [-71.2669, 46.7838], [-71.2668, 46.7839], [-71.2666, 46.7839], [-71.2665, 46.784], [-71.2664, 46.7841], [-71.2663, 46.7842], [-71.2662, 46.7842], [-71.2661, 46.7843], [-71.266, 46.7843], [-71.2659, 46.7843], [-71.2657, 46.7843], [-71.2656, 46.7843], [-71.2654, 46.7843], [-71.2652, 46.7842], [-71.2651, 46.7842], [-71.2648, 46.7841], [-71.2646, 46.784], [-71.2645, 46.7839], [-71.2643, 46.7839], [-71.2642, 46.7839], [-71.2642, 46.784], [-71.2643, 46.784], [-71.2644, 46.7841], [-71.2646, 46.7843], [-71.2648, 46.7844], [-71.265, 46.7845], [-71.2652, 46.7845], [-71.2655, 46.7846], [-71.2658, 46.7846], [-71.2661, 46.7846], [-71.2664, 46.7846], [-71.2668, 46.7846], [-71.2671, 46.7845], [-71.2674, 46.7845], [-71.2676, 46.7846], [-71.2677, 46.7846], [-71.2678, 46.7847], [-71.2678, 46.7849], [-71.2677, 46.785], [-71.2676, 46.7851], [-71.2675, 46.7852], [-71.2675, 46.7853], [-71.2675, 46.7854], [-71.2676, 46.7855], [-71.2676, 46.7856], [-71.2677, 46.7857], [-71.2678, 46.7858], [-71.2679, 46.7859], [-71.268, 46.786], [-71.268, 46.7861], [-71.268, 46.7862], [-71.268, 46.7863], [-71.268, 46.7864], [-71.2679, 46.7865], [-71.2678, 46.7865], [-71.2678, 46.7866], [-71.2678, 46.7867], [-71.2677, 46.7868], [-71.2677, 46.7869], [-71.2677, 46.787], [-71.2678, 46.7871], [-71.2678, 46.7872], [-71.2678, 46.7873], [-71.2677, 46.7874], [-71.2676, 46.7875], [-71.2675, 46.7875], [-71.2673, 46.7875], [-71.2671, 46.7876], [-71.2668, 46.7876], [-71.2666, 46.7876], [-71.2664, 46.7876], [-71.2662, 46.7875], [-71.266, 46.7875], [-71.2658, 46.7875], [-71.2657, 46.7874], [-71.2656, 46.7873], [-71.2655, 46.7873], [-71.2654, 46.7872], [-71.2653, 46.7872], [-71.2652, 46.7871], [-71.2651, 46.7872], [-71.265, 46.7872], [-71.2649, 46.7872], [-71.2648, 46.7873], [-71.2647, 46.7873], [-71.2646, 46.7873], [-71.2644, 46.7872], [-71.2642, 46.7871], [-71.2639, 46.787], [-71.2636, 46.7868], [-71.2633, 46.7866], [-71.263, 46.7863], [-71.2627, 46.7861], [-71.2625, 46.786], [-71.2624, 46.7859], [-71.2626, 46.7861], [-71.2628, 46.7863], [-71.263, 46.7864], [-71.2632, 46.7866], [-71.2633, 46.7867], [-71.2634, 46.7869], [-71.2635, 46.787], [-71.2635, 46.7871], [-71.2635, 46.7872], [-71.2634, 46.7872], [-71.2632, 46.7872], [-71.2631, 46.7871], [-71.2629, 46.787], [-71.2626, 46.7869], [-71.2624, 46.7868], [-71.262, 46.7866], [-71.2618, 46.7864], [-71.2616, 46.7863], [-71.2615, 46.7863], [-71.2614, 46.7862], [-71.2614, 46.7863], [-71.2615, 46.7864], [-71.2616, 46.7865], [-71.2618, 46.7867], [-71.2618, 46.7868], [-71.2619, 46.7869], [-71.2619, 46.787], [-71.2619, 46.7871], [-71.2618, 46.7872], [-71.2617, 46.7873], [-71.2616, 46.7873], [-71.2615, 46.7872], [-71.2614, 46.7872], [-71.2612, 46.7871], [-71.2611, 46.787], [-71.2609, 46.7869], [-71.2607, 46.7867], [-71.2605, 46.7865], [-71.2603, 46.7863], [-71.2602, 46.7861], [-71.26, 46.786], [-71.2599, 46.7859], [-71.2597, 46.7859], [-71.2596, 46.7859], [-71.2595, 46.7859], [-71.2594, 46.7859], [-71.2594, 46.786], [-71.2593, 46.7861], [-71.2593, 46.7862], [-71.2593, 46.7863], [-71.2593, 46.7864], [-71.2594, 46.7865], [-71.2594, 46.7866], [-71.2595, 46.7867], [-71.2595, 46.7868], [-71.2595, 46.7869], [-71.2594, 46.787], [-71.2592, 46.7871], [-71.259, 46.7871], [-71.2587, 46.7871], [-71.2584, 46.7871], [-71.258, 46.7871], [-71.2577, 46.787], [-71.2574, 46.787], [-71.2572, 46.787], [-71.2571, 46.7869], [-71.257, 46.7868], [-71.2569, 46.7868], [-71.2569, 46.7867], [-71.257, 46.7866], [-71.257, 46.7865], [-71.257, 46.7864], [-71.2571, 46.7863], [-71.2571, 46.7862], [-71.257, 46.7861], [-71.257, 46.786], [-71.2569, 46.7859], [-71.2569, 46.7858], [-71.2569, 46.7857], [-71.257, 46.7856], [-71.2571, 46.7855], [-71.2572, 46.7855], [-71.2573, 46.7854], [-71.2575, 46.7854], [-71.2576, 46.7853], [-71.2577, 46.7853], [-71.2578, 46.7852], [-71.2579, 46.7851], [-71.2579, 46.785], [-71.2578, 46.7849], [-71.2577, 46.7848], [-71.2577, 46.7847], [-71.2577, 46.7846], [-71.2577, 46.7844], [-71.2578, 46.7843], [-71.2579, 46.7841], [-71.2581, 46.7839], [-71.2583, 46.7837], [-71.2585, 46.7835], [-71.2587, 46.7833], [-71.2588, 46.7832], [-71.259, 46.783], [-71.259, 46.7829], [-71.2591, 46.7828], [-71.2591, 46.7827], [-71.259, 46.7826], [-71.2589, 46.7826], [-71.2588, 46.7825], [-71.2588, 46.7824], [-71.2588, 46.7823], [-71.2588, 46.7822], [-71.2588, 46.7821], [-71.2588, 46.7819], [-71.2589, 46.7818], [-71.259, 46.7816], [-71.2591, 46.7815], [-71.2592, 46.7814], [-71.2593, 46.7813], [-71.2595, 46.7813], [-71.2597, 46.7812], [-71.2599, 46.7812], [-71.2602, 46.7812], [-71.2604, 46.7812], [-71.2606, 46.7812], [-71.2608, 46.7812], [-71.2609, 46.7812], [-71.2611, 46.7813], [-71.2612, 46.7813], [-71.2613, 46.7814], [-71.2614, 46.7814], [-71.2615, 46.7814], [-71.2616, 46.7814], [-71.2618, 46.7813], [-71.262, 46.7812], [-71.2623, 46.7811], [-71.2625, 46.781], [-71.2628, 46.7808], [-71.2631, 46.7806], [-71.2633, 46.7804], [-71.2636, 46.7803], [-71.2637, 46.7801], [-71.2639, 46.7799], [-71.264, 46.7797], [-71.2641, 46.7796], [-71.2641, 46.7794], [-71.2642, 46.7792], [-71.2643, 46.7791], [-71.2644, 46.779], [-71.2645, 46.779], [-71.2646, 46.7789], [-71.2648, 46.7789], [-71.265, 46.7789], [-71.2652, 46.779], [-71.2653, 46.7791], [-71.2654, 46.7791], [-71.2655, 46.7792], [-71.2656, 46.7793], [-71.2657, 46.7794], [-71.2657, 46.7795], [-71.2656, 46.7797], [-71.2656, 46.7798], [-71.2656, 46.7799], [-71.2656, 46.78], [-71.2658, 46.7801], [-71.2659, 46.7802], [-71.2661, 46.7802], [-71.2664, 46.7802], [-71.2667, 46.7802], [-71.2671, 46.7802], [-71.2674, 46.7801], [-71.2677, 46.7801], [-71.268, 46.7802], [-71.2682, 46.7802], [-71.2684, 46.7802], [-71.2685, 46.7803], [-71.2687, 46.7804], [-71.2687, 46.7805], [-71.2688, 46.7806], [-71.2688, 46.7807], [-71.2688, 46.7808], [-71.2687, 46.7809], [-71.2686, 46.781], [-71.2684, 46.7811], [-71.2683, 46.7812], [-71.268, 46.7813]]]}}, {"type": "Feature", "properties": {"couche": "voile", "station": "Myrand", "minutes": 8}, "geometry": {"type": "Polygon", "coordinates": [[[-71.4279, 46.8944], [-71.101, 46.8965], [-71.0985, 46.6719], [-71.4241, 46.6698], [-71.4279, 46.8944]], [[-71.2683, 46.7812], [-71.2684, 46.7811], [-71.2686, 46.781], [-71.2687, 46.7809], [-71.2688, 46.7808], [-71.2688, 46.7807], [-71.2688, 46.7806], [-71.2687, 46.7805], [-71.2687, 46.7804], [-71.2685, 46.7803], [-71.2684, 46.7802], [-71.2682, 46.7802], [-71.268, 46.7802], [-71.2677, 46.7801], [-71.2674, 46.7801], [-71.2671, 46.7802], [-71.2667, 46.7802], [-71.2664, 46.7802], [-71.2661, 46.7802], [-71.2659, 46.7802], [-71.2658, 46.7801], [-71.2656, 46.78], [-71.2656, 46.7799], [-71.2656, 46.7798], [-71.2656, 46.7797], [-71.2657, 46.7795], [-71.2657, 46.7794], [-71.2656, 46.7793], [-71.2655, 46.7792], [-71.2654, 46.7791], [-71.2653, 46.7791], [-71.2652, 46.779], [-71.265, 46.7789], [-71.2648, 46.7789], [-71.2646, 46.7789], [-71.2645, 46.779], [-71.2644, 46.779], [-71.2643, 46.7791], [-71.2642, 46.7792], [-71.2641, 46.7794], [-71.2641, 46.7796], [-71.264, 46.7797], [-71.2639, 46.7799], [-71.2637, 46.7801], [-71.2636, 46.7803], [-71.2633, 46.7804], [-71.2631, 46.7806], [-71.2628, 46.7808], [-71.2625, 46.781], [-71.2623, 46.7811], [-71.262, 46.7812], [-71.2618, 46.7813], [-71.2616, 46.7814], [-71.2615, 46.7814], [-71.2614, 46.7814], [-71.2613, 46.7814], [-71.2612, 46.7813], [-71.2611, 46.7813], [-71.2609, 46.7812], [-71.2608, 46.7812], [-71.2606, 46.7812], [-71.2604, 46.7812], [-71.2602, 46.7812], [-71.2599, 46.7812], [-71.2597, 46.7812], [-71.2595, 46.7813], [-71.2593, 46.7813], [-71.2592, 46.7814], [-71.2591, 46.7815], [-71.259, 46.7816], [-71.2589, 46.7818], [-71.2588, 46.7819], [-71.2588, 46.7821], [-71.2588, 46.7822], [-71.2588, 46.7823], [-71.2588, 46.7824], [-71.2588, 46.7825], [-71.2589, 46.7826], [-71.259, 46.7826], [-71.2591, 46.7827], [-71.2591, 46.7828], [-71.259, 46.7829], [-71.259, 46.783], [-71.2588, 46.7832], [-71.2587, 46.7833], [-71.2585, 46.7835], [-71.2583, 46.7837], [-71.2581, 46.7839], [-71.2579, 46.7841], [-71.2578, 46.7843], [-71.2577, 46.7844], [-71.2577, 46.7846], [-71.2577, 46.7847], [-71.2577, 46.7848], [-71.2578, 46.7849], [-71.2579, 46.785], [-71.2579, 46.7851], [-71.2578, 46.7852], [-71.2577, 46.7853], [-71.2576, 46.7853], [-71.2575, 46.7854], [-71.2573, 46.7854], [-71.2572, 46.7855], [-71.2571, 46.7855], [-71.257, 46.7856], [-71.2569, 46.7857], [-71.2569, 46.7858], [-71.2569, 46.7859], [-71.257, 46.786], [-71.257, 46.7861], [-71.2571, 46.7862], [-71.2571, 46.7863], [-71.257, 46.7864], [-71.257, 46.7865], [-71.257, 46.7866], [-71.2569, 46.7867], [-71.2569, 46.7868], [-71.257, 46.7868], [-71.2571, 46.7869], [-71.2572, 46.787], [-71.2574, 46.787], [-71.2577, 46.787], [-71.258, 46.7871], [-71.2584, 46.7871], [-71.2587, 46.7871], [-71.259, 46.7871], [-71.2592, 46.7871], [-71.2594, 46.787], [-71.2595, 46.7869], [-71.2595, 46.7868], [-71.2595, 46.7867], [-71.2594, 46.7866], [-71.2594, 46.7865], [-71.2593, 46.7864], [-71.2593, 46.7863], [-71.2593, 46.7862], [-71.2593, 46.7861], [-71.2594, 46.786], [-71.2594, 46.7859], [-71.2595, 46.7859], [-71.2596, 46.7859], [-71.2597, 46.7859], [-71.2599, 46.7859], [-71.26, 46.786], [-71.2602, 46.7861], [-71.2603, 46.7863], [-71.2605, 46.7865], [-71.2607, 46.7867], [-71.2609, 46.7869], [-71.2611, 46.787], [-71.2612, 46.7871], [-71.2614, 46.7872], [-71.2615, 46.7872], [-71.2616, 46.7873], [-71.2617, 46.7873], [-71.2618, 46.7872], [-71.2619, 46.7871], [-71.2619, 46.787], [-71.2619, 46.7869], [-71.2618, 46.7868], [-71.2618, 46.7867], [-71.2616, 46.7865], [-71.2615, 46.7864], [-71.2614, 46.7863], [-71.2614, 46.7862], [-71.2615, 46.7863], [-71.2616, 46.7863], [-71.2618, 46.7864], [-71.262, 46.7866], [-71.2624, 46.7868], [-71.2626, 46.7869], [-71.2629, 46.787], [-71.2631, 46.7871], [-71.2632, 46.7872], [-71.2634, 46.7872], [-71.2635, 46.7872], [-71.2635, 46.7871], [-71.2635, 46.787], [-71.2634, 46.7869], [-71.2633, 46.7867], [-71.2632, 46.7866], [-71.263, 46.7864], [-71.2628, 46.7863], [-71.2626, 46.7861], [-71.2624, 46.7859], [-71.2625, 46.786], [-71.2627, 46.7861], [-71.263, 46.7863], [-71.2633, 46.7866], [-71.2636, 46.7868], [-71.2639, 46.787], [-71.2642, 46.7871], [-71.2644, 46.7872], [-71.2646, 46.7873], [-71.2647, 46.7873], [-71.2648, 46.7873], [-71.2649, 46.7872], [-71.265, 46.7872], [-71.2651, 46.7872], [-71.2652, 46.7871], [-71.2653, 46.7872], [-71.2654, 46.7872], [-71.2655, 46.7873], [-71.2656, 46.7873], [-71.2657, 46.7874], [-71.2658, 46.7875], [-71.266, 46.7875], [-71.2662, 46.7875], [-71.2664, 46.7876], [-71.2666, 46.7876], [-71.2668, 46.7876], [-71.2671, 46.7876], [-71.2673, 46.7875], [-71.2675, 46.7875], [-71.2676, 46.7875], [-71.2677, 46.7874], [-71.2678, 46.7873], [-71.2678, 46.7872], [-71.2678, 46.7871], [-71.2677, 46.787], [-71.2677, 46.7869], [-71.2677, 46.7868], [-71.2678, 46.7867], [-71.2678, 46.7866], [-71.2678, 46.7865], [-71.2679, 46.7865], [-71.268, 46.7864], [-71.268, 46.7863], [-71.268, 46.7862], [-71.268, 46.7861], [-71.268, 46.786], [-71.2679, 46.7859], [-71.2678, 46.7858], [-71.2677, 46.7857], [-71.2676, 46.7856], [-71.2676, 46.7855], [-71.2675, 46.7854], [-71.2675, 46.7853], [-71.2675, 46.7852], [-71.2676, 46.7851], [-71.2677, 46.785], [-71.2678, 46.7849], [-71.2678, 46.7847], [-71.2677, 46.7846], [-71.2676, 46.7846], [-71.2674, 46.7845], [-71.2671, 46.7845], [-71.2668, 46.7846], [-71.2664, 46.7846], [-71.2661, 46.7846], [-71.2658, 46.7846], [-71.2655, 46.7846], [-71.2652, 46.7845], [-71.265, 46.7845], [-71.2648, 46.7844], [-71.2646, 46.7843], [-71.2644, 46.7841], [-71.2643, 46.784], [-71.2642, 46.784], [-71.2642, 46.7839], [-71.2643, 46.7839], [-71.2645, 46.7839], [-71.2646, 46.784], [-71.2648, 46.7841], [-71.2651, 46.7842], [-71.2652, 46.7842], [-71.2654, 46.7843], [-71.2656, 46.7843], [-71.2657, 46.7843], [-71.2659, 46.7843], [-71.266, 46.7843], [-71.2661, 46.7843], [-71.2662, 46.7842], [-71.2663, 46.7842], [-71.2664, 46.7841], [-71.2665, 46.784], [-71.2666, 46.7839], [-71.2668, 46.7839], [-71.2669, 46.7838], [-71.267, 46.7836], [-71.2671, 46.7835], [-71.2671, 46.7834], [-71.2672, 46.7833], [-71.2672, 46.7832], [-71.2672, 46.7831], [-71.2672, 46.783], [-71.2671, 46.7829], [-71.267, 46.7828], [-71.267, 46.7827], [-71.2671, 46.7826], [-71.2672, 46.7825], [-71.2674, 46.7825], [-71.2675, 46.7825], [-71.2677, 46.7825], [-71.2679, 46.7824], [-71.268, 46.7824], [-71.2682, 46.7824], [-71.2683, 46.7823], [-71.2684, 46.7823], [-71.2685, 46.7822], [-71.2686, 46.7822], [-71.2686, 46.7821], [-71.2687, 46.782], [-71.2687, 46.7819], [-71.2687, 46.7818], [-71.2686, 46.7818], [-71.2686, 46.7817], [-71.2685, 46.7817], [-71.2685, 46.7816], [-71.2684, 46.7816], [-71.2683, 46.7816], [-71.2682, 46.7815], [-71.2681, 46.7815], [-71.268, 46.7815], [-71.2679, 46.7816], [-71.2677, 46.7816], [-71.2676, 46.7816], [-71.2676, 46.7815], [-71.2677, 46.7815], [-71.2678, 46.7814], [-71.268, 46.7813], [-71.2683, 46.7812]]]}}, {"type": "Feature", "properties": {"couche": "aire_marche", "station": "Myrand", "ordre": 13, "minutes": 9, "superficie_ha": 68.2, "rue_km": 18.49, "disque_ha": 124.7, "part_disque_pct": 55, "accroche_m": 1, "population": 1907, "navetteurs": 397, "mode_auto_pct": 67, "mode_tc_pct": 19, "mode_actif_pct": 14, "mode_autre_pct": 0}, "geometry": {"type": "Polygon", "coordinates": [[[-71.2694, 46.7817], [-71.2693, 46.7819], [-71.2692, 46.7822], [-71.2691, 46.7824], [-71.269, 46.7825], [-71.2688, 46.7826], [-71.2687, 46.7826], [-71.2685, 46.7826], [-71.2684, 46.7825], [-71.2682, 46.7825], [-71.268, 46.7825], [-71.2679, 46.7824], [-71.2677, 46.7824], [-71.2676, 46.7824], [-71.2675, 46.7824], [-71.2674, 46.7824], [-71.2672, 46.7824], [-71.2671, 46.7825], [-71.267, 46.7826], [-71.267, 46.7827], [-71.267, 46.7828], [-71.267, 46.7829], [-71.2671, 46.783], [-71.2671, 46.7831], [-71.2671, 46.7832], [-71.2671, 46.7833], [-71.267, 46.7834], [-71.267, 46.7835], [-71.2668, 46.7837], [-71.2667, 46.7838], [-71.2665, 46.7839], [-71.2663, 46.784], [-71.2661, 46.7841], [-71.2659, 46.7842], [-71.2657, 46.7842], [-71.2655, 46.7842], [-71.2652, 46.7842], [-71.265, 46.7841], [-71.2647, 46.784], [-71.2645, 46.7839], [-71.2644, 46.7839], [-71.2643, 46.7839], [-71.2643, 46.784], [-71.2644, 46.7841], [-71.2646, 46.7843], [-71.2647, 46.7844], [-71.2649, 46.7845], [-71.265, 46.7845], [-71.2651, 46.7846], [-71.2652, 46.7846], [-71.2654, 46.7846], [-71.2655, 46.7846], [-71.2656, 46.7846], [-71.2657, 46.7845], [-71.2658, 46.7845], [-71.2659, 46.7845], [-71.266, 46.7846], [-71.2661, 46.7846], [-71.2662, 46.7846], [-71.2663, 46.7847], [-71.2664, 46.7847], [-71.2665, 46.7847], [-71.2666, 46.7847], [-71.2667, 46.7847], [-71.2668, 46.7846], [-71.267, 46.7846], [-71.2671, 46.7845], [-71.2673, 46.7843], [-71.2674, 46.7842], [-71.2675, 46.7841], [-71.2677, 46.7841], [-71.2678, 46.784], [-71.2679, 46.784], [-71.2681, 46.784], [-71.2682, 46.784], [-71.2683, 46.784], [-71.2684, 46.784], [-71.2685, 46.7841], [-71.2685, 46.7842], [-71.2684, 46.7843], [-71.2683, 46.7845], [-71.2681, 46.7846], [-71.268, 46.7848], [-71.2678, 46.785], [-71.2677, 46.7851], [-71.2677, 46.7853], [-71.2677, 46.7854], [-71.2677, 46.7856], [-71.2678, 46.7857], [-71.268, 46.7858], [-71.2682, 46.786], [-71.2683, 46.7861], [-71.2685, 46.7862], [-71.2686, 46.7864], [-71.2687, 46.7865], [-71.2688, 46.7867], [-71.2688, 46.7868], [-71.2688, 46.787], [-71.2688, 46.7872], [-71.2688, 46.7873], [-71.2687, 46.7875], [-71.2685, 46.7876], [-71.2682, 46.7877], [-71.268, 46.7878], [-71.2676, 46.7878], [-71.2672, 46.7879], [-71.2667, 46.7879], [-71.2663, 46.7879], [-71.2658, 46.7878], [-71.2654, 46.7877], [-71.2649, 46.7876], [-71.2645, 46.7874], [-71.2641, 46.7871], [-71.2637, 46.7869], [-71.2632, 46.7865], [-71.2634, 46.7868], [-71.2637, 46.787], [-71.2638, 46.7871], [-71.264, 46.7873], [-71.2641, 46.7874], [-71.2641, 46.7875], [-71.2641, 46.7876], [-71.2641, 46.7877], [-71.264, 46.7878], [-71.2639, 46.7878], [-71.2637, 46.7879], [-71.2636, 46.7879], [-71.2633, 46.7879], [-71.2631, 46.7879], [-71.2629, 46.7879], [-71.2626, 46.7879], [-71.2623, 46.7878], [-71.2621, 46.7877], [-71.2618, 46.7875], [-71.2615, 46.7874], [-71.2613, 46.7872], [-71.261, 46.7869], [-71.2607, 46.7867], [-71.2605, 46.7864], [-71.2603, 46.7862], [-71.2601, 46.7861], [-71.2599, 46.786], [-71.2598, 46.7859], [-71.2596, 46.7859], [-71.2595, 46.7859], [-71.2594, 46.7859], [-71.2594, 46.786], [-71.2594, 46.7861], [-71.2594, 46.7862], [-71.2595, 46.7863], [-71.2595, 46.7864], [-71.2597, 46.7865], [-71.2598, 46.7866], [-71.2599, 46.7867], [-71.26, 46.7868], [-71.2601, 46.787], [-71.2601, 46.7871], [-71.2601, 46.7872], [-71.2601, 46.7873], [-71.26, 46.7874], [-71.2599, 46.7874], [-71.2597, 46.7875], [-71.2595, 46.7875], [-71.2592, 46.7876], [-71.2589, 46.7876], [-71.2585, 46.7876], [-71.2581, 46.7875], [-71.2577, 46.7875], [-71.2572, 46.7875], [-71.2569, 46.7874], [-71.2566, 46.7874], [-71.2564, 46.7873], [-71.2562, 46.7873], [-71.256, 46.7872], [-71.256, 46.7871], [-71.256, 46.787], [-71.256, 46.7869], [-71.256, 46.7868], [-71.2561, 46.7868], [-71.2562, 46.7867], [-71.2563, 46.7867], [-71.2564, 46.7867], [-71.2565, 46.7866], [-71.2566, 46.7866], [-71.2567, 46.7866], [-71.2567, 46.7865], [-71.2568, 46.7865], [-71.2569, 46.7864], [-71.257, 46.7864], [-71.257, 46.7863], [-71.2569, 46.7863], [-71.2568, 46.7863], [-71.2567, 46.7863], [-71.2565, 46.7863], [-71.2564, 46.7863], [-71.2563, 46.7863], [-71.2562, 46.7862], [-71.2562, 46.7861], [-71.2561, 46.786], [-71.2561, 46.7859], [-71.2561, 46.7858], [-71.2561, 46.7856], [-71.2562, 46.7855], [-71.2562, 46.7854], [-71.2563, 46.7853], [-71.2564, 46.7852], [-71.2565, 46.7852], [-71.2567, 46.7852], [-71.2568, 46.7853], [-71.257, 46.7853], [-71.2572, 46.7854], [-71.2573, 46.7854], [-71.2574, 46.7854], [-71.2576, 46.7854], [-71.2577, 46.7854], [-71.2578, 46.7854], [-71.2579, 46.7853], [-71.2579, 46.7852], [-71.2579, 46.7851], [-71.2579, 46.785], [-71.2578, 46.7849], [-71.2577, 46.7849], [-71.2577, 46.7848], [-71.2577, 46.7847], [-71.2577, 46.7845], [-71.2577, 46.7844], [-71.2577, 46.7843], [-71.2578, 46.7841], [-71.2579, 46.784], [-71.2581, 46.7838], [-71.2582, 46.7836], [-71.2583, 46.7835], [-71.2584, 46.7834], [-71.2584, 46.7833], [-71.2584, 46.7832], [-71.2584, 46.7831], [-71.2583, 46.783], [-71.2582, 46.783], [-71.2582, 46.7829], [-71.2581, 46.7828], [-71.2581, 46.7827], [-71.2582, 46.7827], [-71.2582, 46.7826], [-71.2583, 46.7825], [-71.2584, 46.7824], [-71.2585, 46.7823], [-71.2585, 46.7822], [-71.2585, 46.7821], [-71.2586, 46.7821], [-71.2585, 46.782], [-71.2585, 46.7819], [-71.2584, 46.7819], [-71.2583, 46.7818], [-71.2583, 46.7817], [-71.2582, 46.7816], [-71.2582, 46.7815], [-71.2582, 46.7814], [-71.2583, 46.7813], [-71.2583, 46.7812], [-71.2584, 46.7811], [-71.2584, 46.781], [-71.2585, 46.7809], [-71.2586, 46.7808], [-71.2588, 46.7808], [-71.2589, 46.7808], [-71.2591, 46.7807], [-71.2592, 46.7807], [-71.2594, 46.7808], [-71.2596, 46.7808], [-71.2597, 46.7808], [-71.2598, 46.7808], [-71.2599, 46.7809], [-71.26, 46.7809], [-71.2601, 46.781], [-71.2602, 46.7811], [-71.2603, 46.7811], [-71.2605, 46.7811], [-71.2606, 46.781], [-71.2607, 46.781], [-71.2609, 46.781], [-71.261, 46.7809], [-71.2612, 46.7808], [-71.2614, 46.7807], [-71.2617, 46.7806], [-71.2619, 46.7804], [-71.2622, 46.7803], [-71.2624, 46.7801], [-71.2627, 46.7799], [-71.263, 46.7797], [-71.2632, 46.7796], [-71.2634, 46.7794], [-71.2635, 46.7793], [-71.2635, 46.7792], [-71.2636, 46.7791], [-71.2635, 46.779], [-71.2635, 46.7789], [-71.2634, 46.7789], [-71.2634, 46.7788], [-71.2634, 46.7787], [-71.2633, 46.7787], [-71.2634, 46.7786], [-71.2634, 46.7785], [-71.2635, 46.7785], [-71.2635, 46.7784], [-71.2636, 46.7784], [-71.2637, 46.7784], [-71.2638, 46.7784], [-71.2639, 46.7784], [-71.264, 46.7784], [-71.264, 46.7785], [-71.2642, 46.7785], [-71.2643, 46.7786], [-71.2644, 46.7786], [-71.2646, 46.7786], [-71.2647, 46.7787], [-71.2649, 46.7787], [-71.2651, 46.7787], [-71.2653, 46.7787], [-71.2655, 46.7787], [-71.2657, 46.7787], [-71.2659, 46.7787], [-71.266, 46.7788], [-71.2661, 46.7789], [-71.2662, 46.7791], [-71.2663, 46.7792], [-71.2663, 46.7794], [-71.2663, 46.7797], [-71.2663, 46.7799], [-71.2663, 46.78], [-71.2663, 46.7802], [-71.2664, 46.7803], [-71.2665, 46.7804], [-71.2666, 46.7804], [-71.2668, 46.7803], [-71.2669, 46.7803], [-71.267, 46.7803], [-71.2671, 46.7802], [-71.2671, 46.7801], [-71.2672, 46.7801], [-71.2673, 46.78], [-71.2673, 46.7799], [-71.2674, 46.7798], [-71.2674, 46.7797], [-71.2675, 46.7797], [-71.2677, 46.7797], [-71.2678, 46.7797], [-71.268, 46.7797], [-71.2682, 46.7797], [-71.2685, 46.7798], [-71.2687, 46.7799], [-71.269, 46.78], [-71.2692, 46.7801], [-71.2693, 46.7803], [-71.2694, 46.7805], [-71.2695, 46.7808], [-71.2695, 46.781], [-71.2695, 46.7813], [-71.2694, 46.7817]]]}}, {"type": "Feature", "properties": {"couche": "voile", "station": "Myrand", "minutes": 9}, "geometry": {"type": "Polygon", "coordinates": [[[-71.4286, 46.8947], [-71.1, 46.8969], [-71.0975, 46.6714], [-71.4247, 46.6693], [-71.4286, 46.8947]], [[-71.2695, 46.7813], [-71.2695, 46.781], [-71.2695, 46.7808], [-71.2694, 46.7805], [-71.2693, 46.7803], [-71.2692, 46.7801], [-71.269, 46.78], [-71.2687, 46.7799], [-71.2685, 46.7798], [-71.2682, 46.7797], [-71.268, 46.7797], [-71.2678, 46.7797], [-71.2677, 46.7797], [-71.2675, 46.7797], [-71.2674, 46.7797], [-71.2674, 46.7798], [-71.2673, 46.7799], [-71.2673, 46.78], [-71.2672, 46.7801], [-71.2671, 46.7801], [-71.2671, 46.7802], [-71.267, 46.7803], [-71.2669, 46.7803], [-71.2668, 46.7803], [-71.2666, 46.7804], [-71.2665, 46.7804], [-71.2664, 46.7803], [-71.2663, 46.7802], [-71.2663, 46.78], [-71.2663, 46.7799], [-71.2663, 46.7797], [-71.2663, 46.7794], [-71.2663, 46.7792], [-71.2662, 46.7791], [-71.2661, 46.7789], [-71.266, 46.7788], [-71.2659, 46.7787], [-71.2657, 46.7787], [-71.2655, 46.7787], [-71.2653, 46.7787], [-71.2651, 46.7787], [-71.2649, 46.7787], [-71.2647, 46.7787], [-71.2646, 46.7786], [-71.2644, 46.7786], [-71.2643, 46.7786], [-71.2642, 46.7785], [-71.264, 46.7785], [-71.264, 46.7784], [-71.2639, 46.7784], [-71.2638, 46.7784], [-71.2637, 46.7784], [-71.2636, 46.7784], [-71.2635, 46.7784], [-71.2635, 46.7785], [-71.2634, 46.7785], [-71.2634, 46.7786], [-71.2633, 46.7787], [-71.2634, 46.7787], [-71.2634, 46.7788], [-71.2634, 46.7789], [-71.2635, 46.7789], [-71.2635, 46.779], [-71.2636, 46.7791], [-71.2635, 46.7792], [-71.2635, 46.7793], [-71.2634, 46.7794], [-71.2632, 46.7796], [-71.263, 46.7797], [-71.2627, 46.7799], [-71.2624, 46.7801], [-71.2622, 46.7803], [-71.2619, 46.7804], [-71.2617, 46.7806], [-71.2614, 46.7807], [-71.2612, 46.7808], [-71.261, 46.7809], [-71.2609, 46.781], [-71.2607, 46.781], [-71.2606, 46.781], [-71.2605, 46.7811], [-71.2603, 46.7811], [-71.2602, 46.7811], [-71.2601, 46.781], [-71.26, 46.7809], [-71.2599, 46.7809], [-71.2598, 46.7808], [-71.2597, 46.7808], [-71.2596, 46.7808], [-71.2594, 46.7808], [-71.2592, 46.7807], [-71.2591, 46.7807], [-71.2589, 46.7808], [-71.2588, 46.7808], [-71.2586, 46.7808], [-71.2585, 46.7809], [-71.2584, 46.781], [-71.2584, 46.7811], [-71.2583, 46.7812], [-71.2583, 46.7813], [-71.2582, 46.7814], [-71.2582, 46.7815], [-71.2582, 46.7816], [-71.2583, 46.7817], [-71.2583, 46.7818], [-71.2584, 46.7819], [-71.2585, 46.7819], [-71.2585, 46.782], [-71.2586, 46.7821], [-71.2585, 46.7821], [-71.2585, 46.7822], [-71.2585, 46.7823], [-71.2584, 46.7824], [-71.2583, 46.7825], [-71.2582, 46.7826], [-71.2582, 46.7827], [-71.2581, 46.7827], [-71.2581, 46.7828], [-71.2582, 46.7829], [-71.2582, 46.783], [-71.2583, 46.783], [-71.2584, 46.7831], [-71.2584, 46.7832], [-71.2584, 46.7833], [-71.2584, 46.7834], [-71.2583, 46.7835], [-71.2582, 46.7836], [-71.2581, 46.7838], [-71.2579, 46.784], [-71.2578, 46.7841], [-71.2577, 46.7843], [-71.2577, 46.7844], [-71.2577, 46.7845], [-71.2577, 46.7847], [-71.2577, 46.7848], [-71.2577, 46.7849], [-71.2578, 46.7849], [-71.2579, 46.785], [-71.2579, 46.7851], [-71.2579, 46.7852], [-71.2579, 46.7853], [-71.2578, 46.7854], [-71.2577, 46.7854], [-71.2576, 46.7854], [-71.2574, 46.7854], [-71.2573, 46.7854], [-71.2572, 46.7854], [-71.257, 46.7853], [-71.2568, 46.7853], [-71.2567, 46.7852], [-71.2565, 46.7852], [-71.2564, 46.7852], [-71.2563, 46.7853], [-71.2562, 46.7854], [-71.2562, 46.7855], [-71.2561, 46.7856], [-71.2561, 46.7858], [-71.2561, 46.7859], [-71.2561, 46.786], [-71.2562, 46.7861], [-71.2562, 46.7862], [-71.2563, 46.7863], [-71.2564, 46.7863], [-71.2565, 46.7863], [-71.2567, 46.7863], [-71.2568, 46.7863], [-71.2569, 46.7863], [-71.257, 46.7863], [-71.257, 46.7864], [-71.2569, 46.7864], [-71.2568, 46.7865], [-71.2567, 46.7865], [-71.2567, 46.7866], [-71.2566, 46.7866], [-71.2565, 46.7866], [-71.2564, 46.7867], [-71.2563, 46.7867], [-71.2562, 46.7867], [-71.2561, 46.7868], [-71.256, 46.7868], [-71.256, 46.7869], [-71.256, 46.787], [-71.256, 46.7871], [-71.256, 46.7872], [-71.2562, 46.7873], [-71.2564, 46.7873], [-71.2566, 46.7874], [-71.2569, 46.7874], [-71.2572, 46.7875], [-71.2577, 46.7875], [-71.2581, 46.7875], [-71.2585, 46.7876], [-71.2589, 46.7876], [-71.2592, 46.7876], [-71.2595, 46.7875], [-71.2597, 46.7875], [-71.2599, 46.7874], [-71.26, 46.7874], [-71.2601, 46.7873], [-71.2601, 46.7872], [-71.2601, 46.7871], [-71.2601, 46.787], [-71.26, 46.7868], [-71.2599, 46.7867], [-71.2598, 46.7866], [-71.2597, 46.7865], [-71.2595, 46.7864], [-71.2595, 46.7863], [-71.2594, 46.7862], [-71.2594, 46.7861], [-71.2594, 46.786], [-71.2594, 46.7859], [-71.2595, 46.7859], [-71.2596, 46.7859], [-71.2598, 46.7859], [-71.2599, 46.786], [-71.2601, 46.7861], [-71.2603, 46.7862], [-71.2605, 46.7864], [-71.2607, 46.7867], [-71.261, 46.7869], [-71.2613, 46.7872], [-71.2615, 46.7874], [-71.2618, 46.7875], [-71.2621, 46.7877], [-71.2623, 46.7878], [-71.2626, 46.7879], [-71.2629, 46.7879], [-71.2631, 46.7879], [-71.2633, 46.7879], [-71.2636, 46.7879], [-71.2637, 46.7879], [-71.2639, 46.7878], [-71.264, 46.7878], [-71.2641, 46.7877], [-71.2641, 46.7876], [-71.2641, 46.7875], [-71.2641, 46.7874], [-71.264, 46.7873], [-71.2638, 46.7871], [-71.2637, 46.787], [-71.2634, 46.7868], [-71.2632, 46.7865], [-71.2637, 46.7869], [-71.2641, 46.7871], [-71.2645, 46.7874], [-71.2649, 46.7876], [-71.2654, 46.7877], [-71.2658, 46.7878], [-71.2663, 46.7879], [-71.2667, 46.7879], [-71.2672, 46.7879], [-71.2676, 46.7878], [-71.268, 46.7878], [-71.2682, 46.7877], [-71.2685, 46.7876], [-71.2687, 46.7875], [-71.2688, 46.7873], [-71.2688, 46.7872], [-71.2688, 46.787], [-71.2688, 46.7868], [-71.2688, 46.7867], [-71.2687, 46.7865], [-71.2686, 46.7864], [-71.2685, 46.7862], [-71.2683, 46.7861], [-71.2682, 46.786], [-71.268, 46.7858], [-71.2678, 46.7857], [-71.2677, 46.7856], [-71.2677, 46.7854], [-71.2677, 46.7853], [-71.2677, 46.7851], [-71.2678, 46.785], [-71.268, 46.7848], [-71.2681, 46.7846], [-71.2683, 46.7845], [-71.2684, 46.7843], [-71.2685, 46.7842], [-71.2685, 46.7841], [-71.2684, 46.784], [-71.2683, 46.784], [-71.2682, 46.784], [-71.2681, 46.784], [-71.2679, 46.784], [-71.2678, 46.784], [-71.2677, 46.7841], [-71.2675, 46.7841], [-71.2674, 46.7842], [-71.2673, 46.7843], [-71.2671, 46.7845], [-71.267, 46.7846], [-71.2668, 46.7846], [-71.2667, 46.7847], [-71.2666, 46.7847], [-71.2665, 46.7847], [-71.2664, 46.7847], [-71.2663, 46.7847], [-71.2662, 46.7846], [-71.2661, 46.7846], [-71.266, 46.7846], [-71.2659, 46.7845], [-71.2658, 46.7845], [-71.2657, 46.7845], [-71.2656, 46.7846], [-71.2655, 46.7846], [-71.2654, 46.7846], [-71.2652, 46.7846], [-71.2651, 46.7846], [-71.265, 46.7845], [-71.2649, 46.7845], [-71.2647, 46.7844], [-71.2646, 46.7843], [-71.2644, 46.7841], [-71.2643, 46.784], [-71.2643, 46.7839], [-71.2644, 46.7839], [-71.2645, 46.7839], [-71.2647, 46.784], [-71.265, 46.7841], [-71.2652, 46.7842], [-71.2655, 46.7842], [-71.2657, 46.7842], [-71.2659, 46.7842], [-71.2661, 46.7841], [-71.2663, 46.784], [-71.2665, 46.7839], [-71.2667, 46.7838], [-71.2668, 46.7837], [-71.267, 46.7835], [-71.267, 46.7834], [-71.2671, 46.7833], [-71.2671, 46.7832], [-71.2671, 46.7831], [-71.2671, 46.783], [-71.267, 46.7829], [-71.267, 46.7828], [-71.267, 46.7827], [-71.267, 46.7826], [-71.2671, 46.7825], [-71.2672, 46.7824], [-71.2674, 46.7824], [-71.2675, 46.7824], [-71.2676, 46.7824], [-71.2677, 46.7824], [-71.2679, 46.7824], [-71.268, 46.7825], [-71.2682, 46.7825], [-71.2684, 46.7825], [-71.2685, 46.7826], [-71.2687, 46.7826], [-71.2688, 46.7826], [-71.269, 46.7825], [-71.2691, 46.7824], [-71.2692, 46.7822], [-71.2693, 46.7819], [-71.2694, 46.7817], [-71.2695, 46.7813]]]}}, {"type": "Feature", "properties": {"couche": "aire_marche", "station": "Myrand", "ordre": 13, "minutes": 10, "superficie_ha": 88.2, "rue_km": 23.91, "disque_ha": 153.9, "part_disque_pct": 57, "accroche_m": 1, "population": 2477, "navetteurs": 525, "mode_auto_pct": 69, "mode_tc_pct": 18, "mode_actif_pct": 13, "mode_autre_pct": 0}, "geometry": {"type": "Polygon", "coordinates": [[[-71.2691, 46.7794], [-71.2693, 46.7794], [-71.2695, 46.7793], [-71.2696, 46.7793], [-71.2697, 46.7794], [-71.2699, 46.7794], [-71.27, 46.7794], [-71.2701, 46.7795], [-71.2702, 46.7795], [-71.2702, 46.7796], [-71.2703, 46.7798], [-71.2703, 46.78], [-71.2703, 46.7802], [-71.2703, 46.7805], [-71.2702, 46.7809], [-71.2702, 46.7813], [-71.2701, 46.7817], [-71.27, 46.7821], [-71.2699, 46.7824], [-71.2698, 46.7827], [-71.2698, 46.7829], [-71.2697, 46.7831], [-71.2696, 46.7832], [-71.2695, 46.7833], [-71.2694, 46.7833], [-71.2693, 46.7833], [-71.2692, 46.7833], [-71.2691, 46.7832], [-71.2689, 46.7832], [-71.2688, 46.7831], [-71.2687, 46.783], [-71.2685, 46.7829], [-71.2683, 46.7828], [-71.2682, 46.7827], [-71.268, 46.7826], [-71.2679, 46.7825], [-71.2677, 46.7824], [-71.2676, 46.7824], [-71.2675, 46.7824], [-71.2674, 46.7824], [-71.2672, 46.7824], [-71.2671, 46.7825], [-71.267, 46.7826], [-71.267, 46.7827], [-71.267, 46.7828], [-71.2671, 46.7829], [-71.2671, 46.783], [-71.2672, 46.7831], [-71.2672, 46.7832], [-71.2671, 46.7833], [-71.2671, 46.7834], [-71.267, 46.7835], [-71.2669, 46.7836], [-71.2667, 46.7838], [-71.2666, 46.7839], [-71.2664, 46.784], [-71.2662, 46.7841], [-71.266, 46.7842], [-71.2658, 46.7842], [-71.2655, 46.7842], [-71.2653, 46.7841], [-71.265, 46.7841], [-71.2648, 46.784], [-71.2646, 46.7839], [-71.2644, 46.7839], [-71.2643, 46.7839], [-71.2643, 46.784], [-71.2644, 46.7841], [-71.2646, 46.7843], [-71.2647, 46.7844], [-71.2649, 46.7845], [-71.265, 46.7845], [-71.2651, 46.7846], [-71.2652, 46.7846], [-71.2654, 46.7846], [-71.2655, 46.7846], [-71.2656, 46.7846], [-71.2657, 46.7845], [-71.2658, 46.7845], [-71.2659, 46.7845], [-71.266, 46.7846], [-71.2661, 46.7846], [-71.2662, 46.7846], [-71.2663, 46.7847], [-71.2664, 46.7847], [-71.2665, 46.7847], [-71.2666, 46.7847], [-71.2667, 46.7846], [-71.2669, 46.7845], [-71.267, 46.7844], [-71.2671, 46.7842], [-71.2673, 46.784], [-71.2675, 46.7839], [-71.2676, 46.7837], [-71.2678, 46.7836], [-71.268, 46.7835], [-71.2682, 46.7835], [-71.2684, 46.7835], [-71.2686, 46.7835], [-71.2688, 46.7835], [-71.2689, 46.7836], [-71.269, 46.7836], [-71.269, 46.7837], [-71.269, 46.7839], [-71.2689, 46.784], [-71.2688, 46.7842], [-71.2685, 46.7844], [-71.2683, 46.7846], [-71.268, 46.7848], [-71.2679, 46.785], [-71.2677, 46.7852], [-71.2677, 46.7854], [-71.2676, 46.7855], [-71.2677, 46.7856], [-71.2677, 46.7857], [-71.2679, 46.7858], [-71.268, 46.7859], [-71.2681, 46.786], [-71.2683, 46.786], [-71.2684, 46.7861], [-71.2686, 46.7861], [-71.2688, 46.7861], [-71.2689, 46.7862], [-71.2691, 46.7861], [-71.2692, 46.7861], [-71.2694, 46.7862], [-71.2695, 46.7862], [-71.2696, 46.7862], [-71.2696, 46.7863], [-71.2697, 46.7864], [-71.2696, 46.7865], [-71.2696, 46.7866], [-71.2695, 46.7867], [-71.2694, 46.7868], [-71.2693, 46.7868], [-71.2692, 46.7868], [-71.2691, 46.7868], [-71.269, 46.7869], [-71.2691, 46.7869], [-71.2692, 46.787], [-71.2693, 46.787], [-71.2694, 46.787], [-71.2696, 46.7871], [-71.2696, 46.7872], [-71.2697, 46.7872], [-71.2698, 46.7873], [-71.2698, 46.7874], [-71.2698, 46.7875], [-71.2697, 46.7876], [-71.2697, 46.7878], [-71.2696, 46.7879], [-71.2695, 46.788], [-71.2694, 46.788], [-71.2693, 46.7881], [-71.2692, 46.7881], [-71.2691, 46.7881], [-71.269, 46.7881], [-71.2689, 46.7881], [-71.2687, 46.7881], [-71.2686, 46.7881], [-71.2685, 46.7881], [-71.2683, 46.7881], [-71.2682, 46.7881], [-71.2681, 46.7882], [-71.268, 46.7882], [-71.2678, 46.7883], [-71.2677, 46.7884], [-71.2676, 46.7884], [-71.2675, 46.7884], [-71.2673, 46.7884], [-71.2672, 46.7884], [-71.2671, 46.7884], [-71.267, 46.7883], [-71.2668, 46.7882], [-71.2667, 46.7882], [-71.2666, 46.7881], [-71.2665, 46.7881], [-71.2664, 46.7881], [-71.2663, 46.7881], [-71.2662, 46.7881], [-71.2661, 46.7882], [-71.266, 46.7882], [-71.2659, 46.7882], [-71.2657, 46.7882], [-71.2654, 46.7881], [-71.2652, 46.7879], [-71.2648, 46.7877], [-71.2644, 46.7874], [-71.264, 46.7871], [-71.2635, 46.7867], [-71.2631, 46.7865], [-71.2635, 46.7868], [-71.2638, 46.7871], [-71.2641, 46.7873], [-71.2643, 46.7875], [-71.2645, 46.7877], [-71.2646, 46.7879], [-71.2647, 46.788], [-71.2647, 46.7881], [-71.2647, 46.7882], [-71.2646, 46.7882], [-71.2645, 46.7882], [-71.2644, 46.7882], [-71.2643, 46.7882], [-71.2641, 46.7881], [-71.264, 46.7881], [-71.2638, 46.788], [-71.2637, 46.788], [-71.2636, 46.788], [-71.2635, 46.788], [-71.2634, 46.788], [-71.2633, 46.788], [-71.2633, 46.7881], [-71.2632, 46.7882], [-71.2631, 46.7883], [-71.263, 46.7883], [-71.2629, 46.7883], [-71.2628, 46.7884], [-71.2627, 46.7884], [-71.2626, 46.7884], [-71.2625, 46.7884], [-71.2623, 46.7883], [-71.2622, 46.7882], [-71.262, 46.7881], [-71.2618, 46.7879], [-71.2616, 46.7877], [-71.2613, 46.7875], [-71.2611, 46.7872], [-71.2608, 46.7869], [-71.2605, 46.7866], [-71.2603, 46.7863], [-71.2601, 46.7862], [-71.2599, 46.786], [-71.2598, 46.7859], [-71.2596, 46.7859], [-71.2595, 46.7859], [-71.2594, 46.7859], [-71.2594, 46.786], [-71.2594, 46.7861], [-71.2594, 46.7862], [-71.2595, 46.7863], [-71.2595, 46.7864], [-71.2597, 46.7865], [-71.2598, 46.7866], [-71.2599, 46.7868], [-71.26, 46.7869], [-71.2601, 46.787], [-71.2602, 46.7871], [-71.2602, 46.7873], [-71.2602, 46.7874], [-71.2602, 46.7875], [-71.2602, 46.7877], [-71.2601, 46.7878], [-71.2601, 46.7879], [-71.26, 46.788], [-71.2599, 46.788], [-71.2597, 46.788], [-71.2596, 46.788], [-71.2595, 46.788], [-71.2594, 46.7879], [-71.2592, 46.7879], [-71.2591, 46.7879], [-71.259, 46.7879], [-71.2589, 46.7879], [-71.2588, 46.7879], [-71.2587, 46.788], [-71.2586, 46.788], [-71.2585, 46.788], [-71.2584, 46.788], [-71.2583, 46.788], [-71.2582, 46.788], [-71.2581, 46.7879], [-71.2579, 46.7878], [-71.2578, 46.7877], [-71.2577, 46.7876], [-71.2575, 46.7875], [-71.2574, 46.7875], [-71.2572, 46.7874], [-71.257, 46.7874], [-71.2568, 46.7874], [-71.2566, 46.7874], [-71.2564, 46.7875], [-71.2562, 46.7876], [-71.256, 46.7876], [-71.2558, 46.7877], [-71.2556, 46.7877], [-71.2555, 46.7877], [-71.2554, 46.7877], [-71.2553, 46.7876], [-71.2552, 46.7875], [-71.2551, 46.7874], [-71.2551, 46.7873], [-71.2551, 46.7872], [-71.2551, 46.7871], [-71.2551, 46.787], [-71.2552, 46.7869], [-71.2552, 46.7868], [-71.2553, 46.7867], [-71.2554, 46.7865], [-71.2555, 46.7864], [-71.2556, 46.7863], [-71.2556, 46.7861], [-71.2557, 46.786], [-71.2557, 46.7858], [-71.2557, 46.7856], [-71.2557, 46.7855], [-71.2556, 46.7853], [-71.2557, 46.7851], [-71.2557, 46.7849], [-71.2558, 46.7848], [-71.2559, 46.7846], [-71.2561, 46.7845], [-71.2563, 46.7843], [-71.2566, 46.7842], [-71.2569, 46.784], [-71.2571, 46.7839], [-71.2573, 46.7838], [-71.2575, 46.7837], [-71.2576, 46.7836], [-71.2576, 46.7835], [-71.2575, 46.7834], [-71.2575, 46.7833], [-71.2574, 46.7833], [-71.2574, 46.7832], [-71.2575, 46.7831], [-71.2575, 46.783], [-71.2576, 46.7829], [-71.2577, 46.7828], [-71.2578, 46.7827], [-71.2578, 46.7826], [-71.2578, 46.7825], [-71.2579, 46.7824], [-71.2578, 46.7824], [-71.2578, 46.7823], [-71.2578, 46.7822], [-71.2577, 46.7822], [-71.2576, 46.7821], [-71.2576, 46.782], [-71.2576, 46.7819], [-71.2577, 46.7819], [-71.2578, 46.7818], [-71.2579, 46.7817], [-71.258, 46.7816], [-71.2581, 46.7815], [-71.2582, 46.7815], [-71.2582, 46.7814], [-71.2582, 46.7813], [-71.2581, 46.7813], [-71.258, 46.7812], [-71.2579, 46.7812], [-71.2578, 46.7812], [-71.2578, 46.7811], [-71.2577, 46.781], [-71.2577, 46.7809], [-71.2577, 46.7808], [-71.2577, 46.7807], [-71.2578, 46.7806], [-71.2578, 46.7805], [-71.2579, 46.7804], [-71.258, 46.7804], [-71.2581, 46.7803], [-71.2582, 46.7803], [-71.2584, 46.7803], [-71.2586, 46.7803], [-71.2587, 46.7803], [-71.2588, 46.7803], [-71.2589, 46.7803], [-71.259, 46.7804], [-71.2591, 46.7804], [-71.2592, 46.7805], [-71.2592, 46.7806], [-71.2592, 46.7807], [-71.2593, 46.7807], [-71.2594, 46.7807], [-71.2595, 46.7807], [-71.2597, 46.7807], [-71.2598, 46.7806], [-71.26, 46.7806], [-71.2601, 46.7805], [-71.2602, 46.7805], [-71.2603, 46.7805], [-71.2604, 46.7805], [-71.2605, 46.7805], [-71.2606, 46.7805], [-71.2607, 46.7805], [-71.2607, 46.7806], [-71.2608, 46.7806], [-71.2609, 46.7806], [-71.2611, 46.7806], [-71.2613, 46.7805], [-71.2616, 46.7804], [-71.2618, 46.7803], [-71.2622, 46.7801], [-71.2625, 46.7799], [-71.2628, 46.7797], [-71.2631, 46.7796], [-71.2632, 46.7794], [-71.2633, 46.7793], [-71.2634, 46.7791], [-71.2634, 46.779], [-71.2633, 46.7788], [-71.2632, 46.7787], [-71.263, 46.7786], [-71.2629, 46.7785], [-71.2629, 46.7784], [-71.2628, 46.7783], [-71.2628, 46.7782], [-71.2629, 46.7781], [-71.2629, 46.778], [-71.263, 46.778], [-71.2631, 46.7779], [-71.2632, 46.7779], [-71.2633, 46.7779], [-71.2635, 46.7779], [-71.2637, 46.7779], [-71.2639, 46.7779], [-71.2641, 46.7779], [-71.2643, 46.7779], [-71.2644, 46.778], [-71.2646, 46.778], [-71.2646, 46.7781], [-71.2647, 46.7782], [-71.2647, 46.7783], [-71.2647, 46.7784], [-71.2646, 46.7785], [-71.2647, 46.7785], [-71.2648, 46.7785], [-71.265, 46.7785], [-71.2651, 46.7784], [-71.2653, 46.7783], [-71.2654, 46.7783], [-71.2656, 46.7782], [-71.2657, 46.7782], [-71.2659, 46.7781], [-71.266, 46.7781], [-71.2662, 46.7781], [-71.2663, 46.7781], [-71.2664, 46.7781], [-71.2666, 46.7781], [-71.2667, 46.7782], [-71.2668, 46.7783], [-71.267, 46.7784], [-71.2672, 46.7785], [-71.2673, 46.7786], [-71.2675, 46.7788], [-71.2677, 46.7789], [-71.2679, 46.7791], [-71.2681, 46.7792], [-71.2683, 46.7793], [-71.2684, 46.7793], [-71.2686, 46.7794], [-71.2688, 46.7794], [-71.269, 46.7794], [-71.2691, 46.7794]]]}}, {"type": "Feature", "properties": {"couche": "voile", "station": "Myrand", "minutes": 10}, "geometry": {"type": "Polygon", "coordinates": [[[-71.4294, 46.8952], [-71.0991, 46.8974], [-71.0966, 46.6709], [-71.4255, 46.6687], [-71.4294, 46.8952]], [[-71.269, 46.7794], [-71.2688, 46.7794], [-71.2686, 46.7794], [-71.2684, 46.7793], [-71.2683, 46.7793], [-71.2681, 46.7792], [-71.2679, 46.7791], [-71.2677, 46.7789], [-71.2675, 46.7788], [-71.2673, 46.7786], [-71.2672, 46.7785], [-71.267, 46.7784], [-71.2668, 46.7783], [-71.2667, 46.7782], [-71.2666, 46.7781], [-71.2664, 46.7781], [-71.2663, 46.7781], [-71.2662, 46.7781], [-71.266, 46.7781], [-71.2659, 46.7781], [-71.2657, 46.7782], [-71.2656, 46.7782], [-71.2654, 46.7783], [-71.2653, 46.7783], [-71.2651, 46.7784], [-71.265, 46.7785], [-71.2648, 46.7785], [-71.2647, 46.7785], [-71.2646, 46.7785], [-71.2647, 46.7784], [-71.2647, 46.7783], [-71.2647, 46.7782], [-71.2646, 46.7781], [-71.2646, 46.778], [-71.2644, 46.778], [-71.2643, 46.7779], [-71.2641, 46.7779], [-71.2639, 46.7779], [-71.2637, 46.7779], [-71.2635, 46.7779], [-71.2633, 46.7779], [-71.2632, 46.7779], [-71.2631, 46.7779], [-71.263, 46.778], [-71.2629, 46.778], [-71.2629, 46.7781], [-71.2628, 46.7782], [-71.2628, 46.7783], [-71.2629, 46.7784], [-71.2629, 46.7785], [-71.263, 46.7786], [-71.2632, 46.7787], [-71.2633, 46.7788], [-71.2634, 46.779], [-71.2634, 46.7791], [-71.2633, 46.7793], [-71.2632, 46.7794], [-71.2631, 46.7796], [-71.2628, 46.7797], [-71.2625, 46.7799], [-71.2622, 46.7801], [-71.2618, 46.7803], [-71.2616, 46.7804], [-71.2613, 46.7805], [-71.2611, 46.7806], [-71.2609, 46.7806], [-71.2608, 46.7806], [-71.2607, 46.7806], [-71.2607, 46.7805], [-71.2606, 46.7805], [-71.2605, 46.7805], [-71.2604, 46.7805], [-71.2603, 46.7805], [-71.2602, 46.7805], [-71.2601, 46.7805], [-71.26, 46.7806], [-71.2598, 46.7806], [-71.2597, 46.7807], [-71.2595, 46.7807], [-71.2594, 46.7807], [-71.2593, 46.7807], [-71.2592, 46.7807], [-71.2592, 46.7806], [-71.2592, 46.7805], [-71.2591, 46.7804], [-71.259, 46.7804], [-71.2589, 46.7803], [-71.2588, 46.7803], [-71.2587, 46.7803], [-71.2586, 46.7803], [-71.2584, 46.7803], [-71.2582, 46.7803], [-71.2581, 46.7803], [-71.258, 46.7804], [-71.2579, 46.7804], [-71.2578, 46.7805], [-71.2578, 46.7806], [-71.2577, 46.7807], [-71.2577, 46.7808], [-71.2577, 46.7809], [-71.2577, 46.781], [-71.2578, 46.7811], [-71.2578, 46.7812], [-71.2579, 46.7812], [-71.258, 46.7812], [-71.2581, 46.7813], [-71.2582, 46.7813], [-71.2582, 46.7814], [-71.2582, 46.7815], [-71.2581, 46.7815], [-71.258, 46.7816], [-71.2579, 46.7817], [-71.2578, 46.7818], [-71.2577, 46.7819], [-71.2576, 46.7819], [-71.2576, 46.782], [-71.2576, 46.7821], [-71.2577, 46.7822], [-71.2578, 46.7822], [-71.2578, 46.7823], [-71.2578, 46.7824], [-71.2579, 46.7824], [-71.2578, 46.7825], [-71.2578, 46.7826], [-71.2578, 46.7827], [-71.2577, 46.7828], [-71.2576, 46.7829], [-71.2575, 46.783], [-71.2575, 46.7831], [-71.2574, 46.7832], [-71.2574, 46.7833], [-71.2575, 46.7833], [-71.2575, 46.7834], [-71.2576, 46.7835], [-71.2576, 46.7836], [-71.2575, 46.7837], [-71.2573, 46.7838], [-71.2571, 46.7839], [-71.2569, 46.784], [-71.2566, 46.7842], [-71.2563, 46.7843], [-71.2561, 46.7845], [-71.2559, 46.7846], [-71.2558, 46.7848], [-71.2557, 46.7849], [-71.2557, 46.7851], [-71.2556, 46.7853], [-71.2557, 46.7855], [-71.2557, 46.7856], [-71.2557, 46.7858], [-71.2557, 46.786], [-71.2556, 46.7861], [-71.2556, 46.7863], [-71.2555, 46.7864], [-71.2554, 46.7865], [-71.2553, 46.7867], [-71.2552, 46.7868], [-71.2552, 46.7869], [-71.2551, 46.787], [-71.2551, 46.7871], [-71.2551, 46.7872], [-71.2551, 46.7873], [-71.2551, 46.7874], [-71.2552, 46.7875], [-71.2553, 46.7876], [-71.2554, 46.7877], [-71.2555, 46.7877], [-71.2556, 46.7877], [-71.2558, 46.7877], [-71.256, 46.7876], [-71.2562, 46.7876], [-71.2564, 46.7875], [-71.2566, 46.7874], [-71.2568, 46.7874], [-71.257, 46.7874], [-71.2572, 46.7874], [-71.2574, 46.7875], [-71.2575, 46.7875], [-71.2577, 46.7876], [-71.2578, 46.7877], [-71.2579, 46.7878], [-71.2581, 46.7879], [-71.2582, 46.788], [-71.2583, 46.788], [-71.2584, 46.788], [-71.2585, 46.788], [-71.2586, 46.788], [-71.2587, 46.788], [-71.2588, 46.7879], [-71.2589, 46.7879], [-71.259, 46.7879], [-71.2591, 46.7879], [-71.2592, 46.7879], [-71.2594, 46.7879], [-71.2595, 46.788], [-71.2596, 46.788], [-71.2597, 46.788], [-71.2599, 46.788], [-71.26, 46.788], [-71.2601, 46.7879], [-71.2601, 46.7878], [-71.2602, 46.7877], [-71.2602, 46.7875], [-71.2602, 46.7874], [-71.2602, 46.7873], [-71.2602, 46.7871], [-71.2601, 46.787], [-71.26, 46.7869], [-71.2599, 46.7868], [-71.2598, 46.7866], [-71.2597, 46.7865], [-71.2595, 46.7864], [-71.2595, 46.7863], [-71.2594, 46.7862], [-71.2594, 46.7861], [-71.2594, 46.786], [-71.2594, 46.7859], [-71.2595, 46.7859], [-71.2596, 46.7859], [-71.2598, 46.7859], [-71.2599, 46.786], [-71.2601, 46.7862], [-71.2603, 46.7863], [-71.2605, 46.7866], [-71.2608, 46.7869], [-71.2611, 46.7872], [-71.2613, 46.7875], [-71.2616, 46.7877], [-71.2618, 46.7879], [-71.262, 46.7881], [-71.2622, 46.7882], [-71.2623, 46.7883], [-71.2625, 46.7884], [-71.2626, 46.7884], [-71.2627, 46.7884], [-71.2628, 46.7884], [-71.2629, 46.7883], [-71.263, 46.7883], [-71.2631, 46.7883], [-71.2632, 46.7882], [-71.2633, 46.7881], [-71.2633, 46.788], [-71.2634, 46.788], [-71.2635, 46.788], [-71.2636, 46.788], [-71.2637, 46.788], [-71.2638, 46.788], [-71.264, 46.7881], [-71.2641, 46.7881], [-71.2643, 46.7882], [-71.2644, 46.7882], [-71.2645, 46.7882], [-71.2646, 46.7882], [-71.2647, 46.7882], [-71.2647, 46.7881], [-71.2647, 46.788], [-71.2646, 46.7879], [-71.2645, 46.7877], [-71.2643, 46.7875], [-71.2641, 46.7873], [-71.2638, 46.7871], [-71.2635, 46.7868], [-71.2631, 46.7865], [-71.2635, 46.7867], [-71.264, 46.7871], [-71.2644, 46.7874], [-71.2648, 46.7877], [-71.2652, 46.7879], [-71.2654, 46.7881], [-71.2657, 46.7882], [-71.2659, 46.7882], [-71.266, 46.7882], [-71.2661, 46.7882], [-71.2662, 46.7881], [-71.2663, 46.7881], [-71.2664, 46.7881], [-71.2665, 46.7881], [-71.2666, 46.7881], [-71.2667, 46.7882], [-71.2668, 46.7882], [-71.267, 46.7883], [-71.2671, 46.7884], [-71.2672, 46.7884], [-71.2673, 46.7884], [-71.2675, 46.7884], [-71.2676, 46.7884], [-71.2677, 46.7884], [-71.2678, 46.7883], [-71.268, 46.7882], [-71.2681, 46.7882], [-71.2682, 46.7881], [-71.2683, 46.7881], [-71.2685, 46.7881], [-71.2686, 46.7881], [-71.2687, 46.7881], [-71.2689, 46.7881], [-71.269, 46.7881], [-71.2691, 46.7881], [-71.2692, 46.7881], [-71.2693, 46.7881], [-71.2694, 46.788], [-71.2695, 46.788], [-71.2696, 46.7879], [-71.2697, 46.7878], [-71.2697, 46.7876], [-71.2698, 46.7875], [-71.2698, 46.7874], [-71.2698, 46.7873], [-71.2697, 46.7872], [-71.2696, 46.7872], [-71.2696, 46.7871], [-71.2694, 46.787], [-71.2693, 46.787], [-71.2692, 46.787], [-71.2691, 46.7869], [-71.269, 46.7869], [-71.2691, 46.7868], [-71.2692, 46.7868], [-71.2693, 46.7868], [-71.2694, 46.7868], [-71.2695, 46.7867], [-71.2696, 46.7866], [-71.2696, 46.7865], [-71.2697, 46.7864], [-71.2696, 46.7863], [-71.2696, 46.7862], [-71.2695, 46.7862], [-71.2694, 46.7862], [-71.2692, 46.7861], [-71.2691, 46.7861], [-71.2689, 46.7862], [-71.2688, 46.7861], [-71.2686, 46.7861], [-71.2684, 46.7861], [-71.2683, 46.786], [-71.2681, 46.786], [-71.268, 46.7859], [-71.2679, 46.7858], [-71.2677, 46.7857], [-71.2677, 46.7856], [-71.2676, 46.7855], [-71.2677, 46.7854], [-71.2677, 46.7852], [-71.2679, 46.785], [-71.268, 46.7848], [-71.2683, 46.7846], [-71.2685, 46.7844], [-71.2688, 46.7842], [-71.2689, 46.784], [-71.269, 46.7839], [-71.269, 46.7837], [-71.269, 46.7836], [-71.2689, 46.7836], [-71.2688, 46.7835], [-71.2686, 46.7835], [-71.2684, 46.7835], [-71.2682, 46.7835], [-71.268, 46.7835], [-71.2678, 46.7836], [-71.2676, 46.7837], [-71.2675, 46.7839], [-71.2673, 46.784], [-71.2671, 46.7842], [-71.267, 46.7844], [-71.2669, 46.7845], [-71.2667, 46.7846], [-71.2666, 46.7847], [-71.2665, 46.7847], [-71.2664, 46.7847], [-71.2663, 46.7847], [-71.2662, 46.7846], [-71.2661, 46.7846], [-71.266, 46.7846], [-71.2659, 46.7845], [-71.2658, 46.7845], [-71.2657, 46.7845], [-71.2656, 46.7846], [-71.2655, 46.7846], [-71.2654, 46.7846], [-71.2652, 46.7846], [-71.2651, 46.7846], [-71.265, 46.7845], [-71.2649, 46.7845], [-71.2647, 46.7844], [-71.2646, 46.7843], [-71.2644, 46.7841], [-71.2643, 46.784], [-71.2643, 46.7839], [-71.2644, 46.7839], [-71.2646, 46.7839], [-71.2648, 46.784], [-71.265, 46.7841], [-71.2653, 46.7841], [-71.2655, 46.7842], [-71.2658, 46.7842], [-71.266, 46.7842], [-71.2662, 46.7841], [-71.2664, 46.784], [-71.2666, 46.7839], [-71.2667, 46.7838], [-71.2669, 46.7836], [-71.267, 46.7835], [-71.2671, 46.7834], [-71.2671, 46.7833], [-71.2672, 46.7832], [-71.2672, 46.7831], [-71.2671, 46.783], [-71.2671, 46.7829], [-71.267, 46.7828], [-71.267, 46.7827], [-71.267, 46.7826], [-71.2671, 46.7825], [-71.2672, 46.7824], [-71.2674, 46.7824], [-71.2675, 46.7824], [-71.2676, 46.7824], [-71.2677, 46.7824], [-71.2679, 46.7825], [-71.268, 46.7826], [-71.2682, 46.7827], [-71.2683, 46.7828], [-71.2685, 46.7829], [-71.2687, 46.783], [-71.2688, 46.7831], [-71.2689, 46.7832], [-71.2691, 46.7832], [-71.2692, 46.7833], [-71.2693, 46.7833], [-71.2694, 46.7833], [-71.2695, 46.7833], [-71.2696, 46.7832], [-71.2697, 46.7831], [-71.2698, 46.7829], [-71.2698, 46.7827], [-71.2699, 46.7824], [-71.27, 46.7821], [-71.2701, 46.7817], [-71.2702, 46.7813], [-71.2702, 46.7809], [-71.2703, 46.7805], [-71.2703, 46.7802], [-71.2703, 46.78], [-71.2703, 46.7798], [-71.2702, 46.7796], [-71.2702, 46.7795], [-71.2701, 46.7795], [-71.27, 46.7794], [-71.2699, 46.7794], [-71.2697, 46.7794], [-71.2696, 46.7793], [-71.2695, 46.7793], [-71.2693, 46.7794], [-71.2691, 46.7794], [-71.269, 46.7794]]]}}, {"type": "Feature", "properties": {"couche": "aire_marche", "station": "Myrand", "ordre": 13, "minutes": 11, "superficie_ha": 109.1, "rue_km": 29.14, "disque_ha": 186.3, "part_disque_pct": 59, "accroche_m": 1, "population": 3069, "navetteurs": 679, "mode_auto_pct": 69, "mode_tc_pct": 18, "mode_actif_pct": 13, "mode_autre_pct": 0}, "geometry": {"type": "Polygon", "coordinates": [[[-71.2707, 46.7821], [-71.2706, 46.7823], [-71.2705, 46.7825], [-71.2704, 46.7826], [-71.2703, 46.7828], [-71.2703, 46.7829], [-71.2703, 46.7831], [-71.2703, 46.7832], [-71.2703, 46.7833], [-71.2703, 46.7834], [-71.2702, 46.7836], [-71.2701, 46.7837], [-71.2699, 46.7839], [-71.2697, 46.7841], [-71.2694, 46.7843], [-71.269, 46.7845], [-71.2687, 46.7847], [-71.2683, 46.7849], [-71.2681, 46.7851], [-71.2679, 46.7852], [-71.2678, 46.7854], [-71.2677, 46.7855], [-71.2677, 46.7856], [-71.2677, 46.7857], [-71.2679, 46.7858], [-71.268, 46.7859], [-71.2682, 46.786], [-71.2684, 46.786], [-71.2686, 46.786], [-71.2688, 46.7861], [-71.269, 46.786], [-71.2693, 46.786], [-71.2696, 46.786], [-71.2698, 46.786], [-71.27, 46.786], [-71.2702, 46.7861], [-71.2703, 46.7862], [-71.2704, 46.7863], [-71.2705, 46.7865], [-71.2706, 46.7867], [-71.2706, 46.7869], [-71.2706, 46.7871], [-71.2705, 46.7873], [-71.2705, 46.7875], [-71.2704, 46.7876], [-71.2703, 46.7877], [-71.2702, 46.7877], [-71.2701, 46.7877], [-71.2699, 46.7877], [-71.2698, 46.7877], [-71.2697, 46.7877], [-71.2696, 46.7878], [-71.2696, 46.7879], [-71.2696, 46.788], [-71.2697, 46.7881], [-71.2697, 46.7883], [-71.2698, 46.7884], [-71.2698, 46.7885], [-71.2698, 46.7886], [-71.2698, 46.7887], [-71.2697, 46.7887], [-71.2696, 46.7887], [-71.2695, 46.7887], [-71.2694, 46.7887], [-71.2693, 46.7887], [-71.2692, 46.7886], [-71.2691, 46.7886], [-71.269, 46.7885], [-71.2689, 46.7885], [-71.2688, 46.7884], [-71.2687, 46.7883], [-71.2686, 46.7882], [-71.2685, 46.7882], [-71.2684, 46.7882], [-71.2684, 46.7883], [-71.2683, 46.7884], [-71.2683, 46.7886], [-71.2683, 46.7887], [-71.2682, 46.7887], [-71.2681, 46.7888], [-71.268, 46.7888], [-71.2679, 46.7888], [-71.2677, 46.7887], [-71.2675, 46.7886], [-71.2673, 46.7885], [-71.2671, 46.7884], [-71.267, 46.7884], [-71.2669, 46.7883], [-71.2668, 46.7883], [-71.2667, 46.7883], [-71.2668, 46.7884], [-71.2668, 46.7885], [-71.2668, 46.7886], [-71.2668, 46.7887], [-71.2667, 46.7888], [-71.2666, 46.7888], [-71.2665, 46.7888], [-71.2664, 46.7889], [-71.2663, 46.7889], [-71.2661, 46.7889], [-71.2661, 46.7888], [-71.266, 46.7888], [-71.2659, 46.7888], [-71.2658, 46.7888], [-71.2658, 46.7887], [-71.2657, 46.7886], [-71.2655, 46.7884], [-71.2653, 46.7882], [-71.2651, 46.788], [-71.2648, 46.7878], [-71.2644, 46.7875], [-71.264, 46.7871], [-71.2635, 46.7867], [-71.2632, 46.7865], [-71.2634, 46.7867], [-71.2638, 46.7871], [-71.2642, 46.7874], [-71.2646, 46.7877], [-71.2648, 46.7879], [-71.265, 46.7881], [-71.2652, 46.7883], [-71.2653, 46.7885], [-71.2653, 46.7886], [-71.2653, 46.7887], [-71.2652, 46.7887], [-71.2651, 46.7887], [-71.265, 46.7886], [-71.2648, 46.7886], [-71.2647, 46.7885], [-71.2645, 46.7884], [-71.2642, 46.7883], [-71.264, 46.7882], [-71.2639, 46.7881], [-71.2637, 46.7881], [-71.2636, 46.7881], [-71.2636, 46.7882], [-71.2636, 46.7883], [-71.2636, 46.7884], [-71.2636, 46.7885], [-71.2636, 46.7886], [-71.2636, 46.7887], [-71.2635, 46.7887], [-71.2634, 46.7887], [-71.2633, 46.7887], [-71.2632, 46.7887], [-71.2631, 46.7886], [-71.2629, 46.7885], [-71.2628, 46.7885], [-71.2626, 46.7885], [-71.2625, 46.7885], [-71.2623, 46.7885], [-71.2622, 46.7885], [-71.262, 46.7885], [-71.2619, 46.7886], [-71.2617, 46.7886], [-71.2616, 46.7886], [-71.2615, 46.7885], [-71.2614, 46.7885], [-71.2614, 46.7884], [-71.2614, 46.7882], [-71.2615, 46.7881], [-71.2614, 46.7879], [-71.2614, 46.7878], [-71.2613, 46.7876], [-71.2612, 46.7874], [-71.2611, 46.7872], [-71.261, 46.787], [-71.2608, 46.7868], [-71.2606, 46.7865], [-71.2604, 46.7863], [-71.2602, 46.7862], [-71.26, 46.786], [-71.2599, 46.786], [-71.2597, 46.7859], [-71.2596, 46.7859], [-71.2595, 46.7859], [-71.2594, 46.7859], [-71.2594, 46.786], [-71.2594, 46.7861], [-71.2594, 46.7862], [-71.2595, 46.7863], [-71.2595, 46.7864], [-71.2596, 46.7865], [-71.2598, 46.7866], [-71.2599, 46.7867], [-71.26, 46.7868], [-71.2601, 46.7869], [-71.2601, 46.787], [-71.2602, 46.7871], [-71.2602, 46.7872], [-71.2601, 46.7873], [-71.2601, 46.7874], [-71.2601, 46.7875], [-71.2602, 46.7875], [-71.2602, 46.7876], [-71.2603, 46.7876], [-71.2604, 46.7876], [-71.2605, 46.7877], [-71.2606, 46.7877], [-71.2607, 46.7878], [-71.2608, 46.7879], [-71.2608, 46.788], [-71.2608, 46.7881], [-71.2608, 46.7882], [-71.2608, 46.7883], [-71.2608, 46.7884], [-71.2607, 46.7885], [-71.2606, 46.7885], [-71.2605, 46.7885], [-71.2603, 46.7885], [-71.2602, 46.7885], [-71.2601, 46.7885], [-71.26, 46.7884], [-71.2598, 46.7884], [-71.2597, 46.7884], [-71.2596, 46.7884], [-71.2595, 46.7884], [-71.2594, 46.7884], [-71.2593, 46.7884], [-71.2592, 46.7885], [-71.2591, 46.7885], [-71.2589, 46.7885], [-71.2588, 46.7884], [-71.2586, 46.7884], [-71.2585, 46.7883], [-71.2583, 46.7881], [-71.2581, 46.788], [-71.2579, 46.7878], [-71.2577, 46.7877], [-71.2576, 46.7876], [-71.2574, 46.7875], [-71.2572, 46.7875], [-71.2571, 46.7875], [-71.257, 46.7876], [-71.2569, 46.7877], [-71.2568, 46.7879], [-71.2566, 46.788], [-71.2565, 46.7881], [-71.2564, 46.7882], [-71.2562, 46.7883], [-71.256, 46.7883], [-71.2558, 46.7883], [-71.2556, 46.7883], [-71.2554, 46.7883], [-71.2552, 46.7883], [-71.2551, 46.7883], [-71.255, 46.7882], [-71.2549, 46.7882], [-71.2548, 46.7881], [-71.2548, 46.788], [-71.2549, 46.7879], [-71.2549, 46.7878], [-71.255, 46.7878], [-71.255, 46.7877], [-71.255, 46.7876], [-71.2549, 46.7876], [-71.2549, 46.7875], [-71.2548, 46.7875], [-71.2547, 46.7874], [-71.2545, 46.7874], [-71.2544, 46.7873], [-71.2544, 46.7872], [-71.2544, 46.7871], [-71.2544, 46.7869], [-71.2545, 46.7867], [-71.2546, 46.7865], [-71.2547, 46.7862], [-71.2549, 46.7859], [-71.255, 46.7857], [-71.2552, 46.7854], [-71.2553, 46.7852], [-71.2553, 46.785], [-71.2553, 46.7849], [-71.2553, 46.7847], [-71.2553, 46.7846], [-71.2552, 46.7845], [-71.2552, 46.7844], [-71.2552, 46.7843], [-71.2552, 46.7842], [-71.2552, 46.7841], [-71.2553, 46.7841], [-71.2554, 46.7841], [-71.2556, 46.7841], [-71.2557, 46.784], [-71.2558, 46.784], [-71.2559, 46.7841], [-71.256, 46.7841], [-71.2561, 46.7841], [-71.2562, 46.7842], [-71.2562, 46.7843], [-71.2563, 46.7843], [-71.2564, 46.7843], [-71.2565, 46.7843], [-71.2566, 46.7843], [-71.2567, 46.7843], [-71.2568, 46.7842], [-71.2569, 46.7841], [-71.257, 46.7841], [-71.257, 46.784], [-71.257, 46.7839], [-71.2569, 46.7839], [-71.2568, 46.7838], [-71.2567, 46.7837], [-71.2567, 46.7836], [-71.2568, 46.7835], [-71.2568, 46.7834], [-71.2569, 46.7833], [-71.257, 46.7832], [-71.2571, 46.7831], [-71.2571, 46.783], [-71.2572, 46.7829], [-71.2572, 46.7828], [-71.2572, 46.7827], [-71.2571, 46.7827], [-71.2571, 46.7826], [-71.257, 46.7825], [-71.2569, 46.7825], [-71.2569, 46.7824], [-71.257, 46.7823], [-71.257, 46.7822], [-71.2571, 46.7821], [-71.2573, 46.782], [-71.2575, 46.7819], [-71.2577, 46.7818], [-71.2578, 46.7817], [-71.258, 46.7816], [-71.258, 46.7815], [-71.258, 46.7814], [-71.2579, 46.7814], [-71.2578, 46.7815], [-71.2576, 46.7815], [-71.2574, 46.7815], [-71.2573, 46.7815], [-71.2572, 46.7815], [-71.2572, 46.7814], [-71.2572, 46.7813], [-71.2573, 46.7812], [-71.2574, 46.7811], [-71.2575, 46.781], [-71.2575, 46.7809], [-71.2576, 46.7808], [-71.2576, 46.7807], [-71.2576, 46.7806], [-71.2575, 46.7805], [-71.2575, 46.7804], [-71.2574, 46.7803], [-71.2573, 46.7802], [-71.2573, 46.7801], [-71.2573, 46.78], [-71.2574, 46.78], [-71.2575, 46.7799], [-71.2576, 46.7799], [-71.2577, 46.7799], [-71.2579, 46.7798], [-71.258, 46.7798], [-71.2581, 46.7798], [-71.2582, 46.7799], [-71.2583, 46.7799], [-71.2584, 46.78], [-71.2584, 46.7801], [-71.2585, 46.7801], [-71.2586, 46.7802], [-71.2587, 46.7802], [-71.2589, 46.7802], [-71.259, 46.7802], [-71.2591, 46.7801], [-71.2593, 46.7801], [-71.2594, 46.78], [-71.2596, 46.78], [-71.2597, 46.78], [-71.2598, 46.78], [-71.2599, 46.78], [-71.26, 46.7801], [-71.26, 46.7802], [-71.26, 46.7803], [-71.2599, 46.7804], [-71.2598, 46.7805], [-71.2597, 46.7806], [-71.2598, 46.7806], [-71.26, 46.7805], [-71.2602, 46.7804], [-71.2604, 46.7803], [-71.2606, 46.7802], [-71.2608, 46.7801], [-71.2609, 46.7801], [-71.261, 46.7801], [-71.2611, 46.7801], [-71.2612, 46.7801], [-71.2613, 46.7802], [-71.2614, 46.7802], [-71.2616, 46.7802], [-71.2617, 46.7802], [-71.2619, 46.7802], [-71.2621, 46.7801], [-71.2623, 46.78], [-71.2626, 46.7799], [-71.2628, 46.7798], [-71.2631, 46.7796], [-71.2633, 46.7795], [-71.2634, 46.7794], [-71.2635, 46.7793], [-71.2635, 46.7792], [-71.2635, 46.7791], [-71.2635, 46.779], [-71.2634, 46.7789], [-71.2633, 46.7789], [-71.2632, 46.7788], [-71.2631, 46.7788], [-71.263, 46.7788], [-71.2629, 46.7787], [-71.2628, 46.7787], [-71.2626, 46.7787], [-71.2625, 46.7787], [-71.2624, 46.7787], [-71.2623, 46.7787], [-71.2622, 46.7786], [-71.2621, 46.7785], [-71.2621, 46.7784], [-71.2621, 46.7783], [-71.2621, 46.7781], [-71.2622, 46.778], [-71.2622, 46.7778], [-71.2623, 46.7777], [-71.2624, 46.7776], [-71.2626, 46.7775], [-71.2627, 46.7774], [-71.2629, 46.7774], [-71.2631, 46.7774], [-71.2633, 46.7774], [-71.2635, 46.7774], [-71.2636, 46.7775], [-71.2637, 46.7775], [-71.2638, 46.7775], [-71.2639, 46.7776], [-71.264, 46.7777], [-71.264, 46.7778], [-71.264, 46.7779], [-71.2641, 46.778], [-71.2642, 46.778], [-71.2643, 46.7779], [-71.2644, 46.7779], [-71.2646, 46.7779], [-71.2648, 46.7778], [-71.265, 46.7778], [-71.2651, 46.7777], [-71.2652, 46.7778], [-71.2652, 46.7779], [-71.2652, 46.778], [-71.2651, 46.7781], [-71.2649, 46.7782], [-71.2649, 46.7783], [-71.2649, 46.7784], [-71.265, 46.7784], [-71.2651, 46.7784], [-71.2653, 46.7783], [-71.2656, 46.7782], [-71.2659, 46.7781], [-71.2662, 46.778], [-71.2665, 46.778], [-71.2668, 46.778], [-71.267, 46.778], [-71.2673, 46.7781], [-71.2676, 46.7782], [-71.2679, 46.7783], [-71.2682, 46.7785], [-71.2685, 46.7787], [-71.2687, 46.7788], [-71.269, 46.7789], [-71.2692, 46.779], [-71.2695, 46.7791], [-71.2697, 46.7791], [-71.2699, 46.7791], [-71.2701, 46.7791], [-71.2703, 46.7791], [-71.2704, 46.7791], [-71.2706, 46.7792], [-71.2707, 46.7793], [-71.2708, 46.7795], [-71.2709, 46.7797], [-71.271, 46.78], [-71.2711, 46.7803], [-71.2711, 46.7805], [-71.2712, 46.7808], [-71.2711, 46.781], [-71.2711, 46.7813], [-71.271, 46.7815], [-71.2709, 46.7817], [-71.2708, 46.7819], [-71.2707, 46.7821]]]}}, {"type": "Feature", "properties": {"couche": "voile", "station": "Myrand", "minutes": 11}, "geometry": {"type": "Polygon", "coordinates": [[[-71.4303, 46.8956], [-71.0985, 46.8979], [-71.0959, 46.6704], [-71.4264, 46.6682], [-71.4303, 46.8956]], [[-71.2708, 46.7819], [-71.2709, 46.7817], [-71.271, 46.7815], [-71.2711, 46.7813], [-71.2711, 46.781], [-71.2712, 46.7808], [-71.2711, 46.7805], [-71.2711, 46.7803], [-71.271, 46.78], [-71.2709, 46.7797], [-71.2708, 46.7795], [-71.2707, 46.7793], [-71.2706, 46.7792], [-71.2704, 46.7791], [-71.2703, 46.7791], [-71.2701, 46.7791], [-71.2699, 46.7791], [-71.2697, 46.7791], [-71.2695, 46.7791], [-71.2692, 46.779], [-71.269, 46.7789], [-71.2687, 46.7788], [-71.2685, 46.7787], [-71.2682, 46.7785], [-71.2679, 46.7783], [-71.2676, 46.7782], [-71.2673, 46.7781], [-71.267, 46.778], [-71.2668, 46.778], [-71.2665, 46.778], [-71.2662, 46.778], [-71.2659, 46.7781], [-71.2656, 46.7782], [-71.2653, 46.7783], [-71.2651, 46.7784], [-71.265, 46.7784], [-71.2649, 46.7784], [-71.2649, 46.7783], [-71.2649, 46.7782], [-71.2651, 46.7781], [-71.2652, 46.778], [-71.2652, 46.7779], [-71.2652, 46.7778], [-71.2651, 46.7777], [-71.265, 46.7778], [-71.2648, 46.7778], [-71.2646, 46.7779], [-71.2644, 46.7779], [-71.2643, 46.7779], [-71.2642, 46.778], [-71.2641, 46.778], [-71.264, 46.7779], [-71.264, 46.7778], [-71.264, 46.7777], [-71.2639, 46.7776], [-71.2638, 46.7775], [-71.2637, 46.7775], [-71.2636, 46.7775], [-71.2635, 46.7774], [-71.2633, 46.7774], [-71.2631, 46.7774], [-71.2629, 46.7774], [-71.2627, 46.7774], [-71.2626, 46.7775], [-71.2624, 46.7776], [-71.2623, 46.7777], [-71.2622, 46.7778], [-71.2622, 46.778], [-71.2621, 46.7781], [-71.2621, 46.7783], [-71.2621, 46.7784], [-71.2621, 46.7785], [-71.2622, 46.7786], [-71.2623, 46.7787], [-71.2624, 46.7787], [-71.2625, 46.7787], [-71.2626, 46.7787], [-71.2628, 46.7787], [-71.2629, 46.7787], [-71.263, 46.7788], [-71.2631, 46.7788], [-71.2632, 46.7788], [-71.2633, 46.7789], [-71.2634, 46.7789], [-71.2635, 46.779], [-71.2635, 46.7791], [-71.2635, 46.7792], [-71.2635, 46.7793], [-71.2634, 46.7794], [-71.2633, 46.7795], [-71.2631, 46.7796], [-71.2628, 46.7798], [-71.2626, 46.7799], [-71.2623, 46.78], [-71.2621, 46.7801], [-71.2619, 46.7802], [-71.2617, 46.7802], [-71.2616, 46.7802], [-71.2614, 46.7802], [-71.2613, 46.7802], [-71.2612, 46.7801], [-71.2611, 46.7801], [-71.261, 46.7801], [-71.2609, 46.7801], [-71.2608, 46.7801], [-71.2606, 46.7802], [-71.2604, 46.7803], [-71.2602, 46.7804], [-71.26, 46.7805], [-71.2598, 46.7806], [-71.2597, 46.7806], [-71.2598, 46.7805], [-71.2599, 46.7804], [-71.26, 46.7803], [-71.26, 46.7802], [-71.26, 46.7801], [-71.2599, 46.78], [-71.2598, 46.78], [-71.2597, 46.78], [-71.2596, 46.78], [-71.2594, 46.78], [-71.2593, 46.7801], [-71.2591, 46.7801], [-71.259, 46.7802], [-71.2589, 46.7802], [-71.2587, 46.7802], [-71.2586, 46.7802], [-71.2585, 46.7801], [-71.2584, 46.7801], [-71.2584, 46.78], [-71.2583, 46.7799], [-71.2582, 46.7799], [-71.2581, 46.7798], [-71.258, 46.7798], [-71.2579, 46.7798], [-71.2577, 46.7799], [-71.2576, 46.7799], [-71.2575, 46.7799], [-71.2574, 46.78], [-71.2573, 46.78], [-71.2573, 46.7801], [-71.2573, 46.7802], [-71.2574, 46.7803], [-71.2575, 46.7804], [-71.2575, 46.7805], [-71.2576, 46.7806], [-71.2576, 46.7807], [-71.2576, 46.7808], [-71.2575, 46.7809], [-71.2575, 46.781], [-71.2574, 46.7811], [-71.2573, 46.7812], [-71.2572, 46.7813], [-71.2572, 46.7814], [-71.2572, 46.7815], [-71.2573, 46.7815], [-71.2574, 46.7815], [-71.2576, 46.7815], [-71.2578, 46.7815], [-71.2579, 46.7814], [-71.258, 46.7814], [-71.258, 46.7815], [-71.258, 46.7816], [-71.2578, 46.7817], [-71.2577, 46.7818], [-71.2575, 46.7819], [-71.2573, 46.782], [-71.2571, 46.7821], [-71.257, 46.7822], [-71.257, 46.7823], [-71.2569, 46.7824], [-71.2569, 46.7825], [-71.257, 46.7825], [-71.2571, 46.7826], [-71.2571, 46.7827], [-71.2572, 46.7827], [-71.2572, 46.7828], [-71.2572, 46.7829], [-71.2571, 46.783], [-71.2571, 46.7831], [-71.257, 46.7832], [-71.2569, 46.7833], [-71.2568, 46.7834], [-71.2568, 46.7835], [-71.2567, 46.7836], [-71.2567, 46.7837], [-71.2568, 46.7838], [-71.2569, 46.7839], [-71.257, 46.7839], [-71.257, 46.784], [-71.257, 46.7841], [-71.2569, 46.7841], [-71.2568, 46.7842], [-71.2567, 46.7843], [-71.2566, 46.7843], [-71.2565, 46.7843], [-71.2564, 46.7843], [-71.2563, 46.7843], [-71.2562, 46.7843], [-71.2562, 46.7842], [-71.2561, 46.7841], [-71.256, 46.7841], [-71.2559, 46.7841], [-71.2558, 46.784], [-71.2557, 46.784], [-71.2556, 46.7841], [-71.2554, 46.7841], [-71.2553, 46.7841], [-71.2552, 46.7841], [-71.2552, 46.7842], [-71.2552, 46.7843], [-71.2552, 46.7844], [-71.2552, 46.7845], [-71.2553, 46.7846], [-71.2553, 46.7847], [-71.2553, 46.7849], [-71.2553, 46.785], [-71.2553, 46.7852], [-71.2552, 46.7854], [-71.255, 46.7857], [-71.2549, 46.7859], [-71.2547, 46.7862], [-71.2546, 46.7865], [-71.2545, 46.7867], [-71.2544, 46.7869], [-71.2544, 46.7871], [-71.2544, 46.7872], [-71.2544, 46.7873], [-71.2545, 46.7874], [-71.2547, 46.7874], [-71.2548, 46.7875], [-71.2549, 46.7875], [-71.2549, 46.7876], [-71.255, 46.7876], [-71.255, 46.7877], [-71.255, 46.7878], [-71.2549, 46.7878], [-71.2549, 46.7879], [-71.2548, 46.788], [-71.2548, 46.7881], [-71.2549, 46.7882], [-71.255, 46.7882], [-71.2551, 46.7883], [-71.2552, 46.7883], [-71.2554, 46.7883], [-71.2556, 46.7883], [-71.2558, 46.7883], [-71.256, 46.7883], [-71.2562, 46.7883], [-71.2564, 46.7882], [-71.2565, 46.7881], [-71.2566, 46.788], [-71.2568, 46.7879], [-71.2569, 46.7877], [-71.257, 46.7876], [-71.2571, 46.7875], [-71.2572, 46.7875], [-71.2574, 46.7875], [-71.2576, 46.7876], [-71.2577, 46.7877], [-71.2579, 46.7878], [-71.2581, 46.788], [-71.2583, 46.7881], [-71.2585, 46.7883], [-71.2586, 46.7884], [-71.2588, 46.7884], [-71.2589, 46.7885], [-71.2591, 46.7885], [-71.2592, 46.7885], [-71.2593, 46.7884], [-71.2594, 46.7884], [-71.2595, 46.7884], [-71.2596, 46.7884], [-71.2597, 46.7884], [-71.2598, 46.7884], [-71.26, 46.7884], [-71.2601, 46.7885], [-71.2602, 46.7885], [-71.2603, 46.7885], [-71.2605, 46.7885], [-71.2606, 46.7885], [-71.2607, 46.7885], [-71.2608, 46.7884], [-71.2608, 46.7883], [-71.2608, 46.7882], [-71.2608, 46.7881], [-71.2608, 46.788], [-71.2608, 46.7879], [-71.2607, 46.7878], [-71.2606, 46.7877], [-71.2605, 46.7877], [-71.2604, 46.7876], [-71.2603, 46.7876], [-71.2602, 46.7876], [-71.2602, 46.7875], [-71.2601, 46.7875], [-71.2601, 46.7874], [-71.2601, 46.7873], [-71.2602, 46.7872], [-71.2602, 46.7871], [-71.2601, 46.787], [-71.2601, 46.7869], [-71.26, 46.7868], [-71.2599, 46.7867], [-71.2598, 46.7866], [-71.2596, 46.7865], [-71.2595, 46.7864], [-71.2595, 46.7863], [-71.2594, 46.7862], [-71.2594, 46.7861], [-71.2594, 46.786], [-71.2594, 46.7859], [-71.2595, 46.7859], [-71.2596, 46.7859], [-71.2597, 46.7859], [-71.2599, 46.786], [-71.26, 46.786], [-71.2602, 46.7862], [-71.2604, 46.7863], [-71.2606, 46.7865], [-71.2608, 46.7868], [-71.261, 46.787], [-71.2611, 46.7872], [-71.2612, 46.7874], [-71.2613, 46.7876], [-71.2614, 46.7878], [-71.2614, 46.7879], [-71.2615, 46.7881], [-71.2614, 46.7882], [-71.2614, 46.7884], [-71.2614, 46.7885], [-71.2615, 46.7885], [-71.2616, 46.7886], [-71.2617, 46.7886], [-71.2619, 46.7886], [-71.262, 46.7885], [-71.2622, 46.7885], [-71.2623, 46.7885], [-71.2625, 46.7885], [-71.2626, 46.7885], [-71.2628, 46.7885], [-71.2629, 46.7885], [-71.2631, 46.7886], [-71.2632, 46.7887], [-71.2633, 46.7887], [-71.2634, 46.7887], [-71.2635, 46.7887], [-71.2636, 46.7887], [-71.2636, 46.7886], [-71.2636, 46.7885], [-71.2636, 46.7884], [-71.2636, 46.7883], [-71.2636, 46.7882], [-71.2636, 46.7881], [-71.2637, 46.7881], [-71.2639, 46.7881], [-71.264, 46.7882], [-71.2642, 46.7883], [-71.2645, 46.7884], [-71.2647, 46.7885], [-71.2648, 46.7886], [-71.265, 46.7886], [-71.2651, 46.7887], [-71.2652, 46.7887], [-71.2653, 46.7887], [-71.2653, 46.7886], [-71.2653, 46.7885], [-71.2652, 46.7883], [-71.265, 46.7881], [-71.2648, 46.7879], [-71.2646, 46.7877], [-71.2642, 46.7874], [-71.2638, 46.7871], [-71.2634, 46.7867], [-71.2632, 46.7865], [-71.2635, 46.7867], [-71.264, 46.7871], [-71.2644, 46.7875], [-71.2648, 46.7878], [-71.2651, 46.788], [-71.2653, 46.7882], [-71.2655, 46.7884], [-71.2657, 46.7886], [-71.2658, 46.7887], [-71.2658, 46.7888], [-71.2659, 46.7888], [-71.266, 46.7888], [-71.2661, 46.7888], [-71.2661, 46.7889], [-71.2663, 46.7889], [-71.2664, 46.7889], [-71.2665, 46.7888], [-71.2666, 46.7888], [-71.2667, 46.7888], [-71.2668, 46.7887], [-71.2668, 46.7886], [-71.2668, 46.7885], [-71.2668, 46.7884], [-71.2667, 46.7883], [-71.2668, 46.7883], [-71.2669, 46.7883], [-71.267, 46.7884], [-71.2671, 46.7884], [-71.2673, 46.7885], [-71.2675, 46.7886], [-71.2677, 46.7887], [-71.2679, 46.7888], [-71.268, 46.7888], [-71.2681, 46.7888], [-71.2682, 46.7887], [-71.2683, 46.7887], [-71.2683, 46.7886], [-71.2683, 46.7884], [-71.2684, 46.7883], [-71.2684, 46.7882], [-71.2685, 46.7882], [-71.2686, 46.7882], [-71.2687, 46.7883], [-71.2688, 46.7884], [-71.2689, 46.7885], [-71.269, 46.7885], [-71.2691, 46.7886], [-71.2692, 46.7886], [-71.2693, 46.7887], [-71.2694, 46.7887], [-71.2695, 46.7887], [-71.2696, 46.7887], [-71.2697, 46.7887], [-71.2698, 46.7887], [-71.2698, 46.7886], [-71.2698, 46.7885], [-71.2698, 46.7884], [-71.2697, 46.7883], [-71.2697, 46.7881], [-71.2696, 46.788], [-71.2696, 46.7879], [-71.2696, 46.7878], [-71.2697, 46.7877], [-71.2698, 46.7877], [-71.2699, 46.7877], [-71.2701, 46.7877], [-71.2702, 46.7877], [-71.2703, 46.7877], [-71.2704, 46.7876], [-71.2705, 46.7875], [-71.2705, 46.7873], [-71.2706, 46.7871], [-71.2706, 46.7869], [-71.2706, 46.7867], [-71.2705, 46.7865], [-71.2704, 46.7863], [-71.2703, 46.7862], [-71.2702, 46.7861], [-71.27, 46.786], [-71.2698, 46.786], [-71.2696, 46.786], [-71.2693, 46.786], [-71.269, 46.786], [-71.2688, 46.7861], [-71.2686, 46.786], [-71.2684, 46.786], [-71.2682, 46.786], [-71.268, 46.7859], [-71.2679, 46.7858], [-71.2677, 46.7857], [-71.2677, 46.7856], [-71.2677, 46.7855], [-71.2678, 46.7854], [-71.2679, 46.7852], [-71.2681, 46.7851], [-71.2683, 46.7849], [-71.2687, 46.7847], [-71.269, 46.7845], [-71.2694, 46.7843], [-71.2697, 46.7841], [-71.2699, 46.7839], [-71.2701, 46.7837], [-71.2702, 46.7836], [-71.2703, 46.7834], [-71.2703, 46.7833], [-71.2703, 46.7832], [-71.2703, 46.7831], [-71.2703, 46.7829], [-71.2703, 46.7828], [-71.2704, 46.7826], [-71.2705, 46.7825], [-71.2706, 46.7823], [-71.2707, 46.7821], [-71.2708, 46.7819]]]}}, {"type": "Feature", "properties": {"couche": "aire_marche", "station": "Myrand", "ordre": 13, "minutes": 12, "superficie_ha": 138.4, "rue_km": 36.41, "disque_ha": 221.7, "part_disque_pct": 62, "accroche_m": 1, "population": 3993, "navetteurs": 928, "mode_auto_pct": 70, "mode_tc_pct": 17, "mode_actif_pct": 13, "mode_autre_pct": 0}, "geometry": {"type": "Polygon", "coordinates": [[[-71.2719, 46.7817], [-71.2718, 46.7819], [-71.2718, 46.7821], [-71.2717, 46.7822], [-71.2715, 46.7823], [-71.2714, 46.7824], [-71.2712, 46.7825], [-71.2711, 46.7826], [-71.2709, 46.7826], [-71.2707, 46.7827], [-71.2706, 46.7827], [-71.2705, 46.7828], [-71.2705, 46.7829], [-71.2706, 46.783], [-71.2707, 46.783], [-71.2708, 46.7831], [-71.2709, 46.7832], [-71.271, 46.7833], [-71.271, 46.7834], [-71.2711, 46.7836], [-71.2711, 46.7837], [-71.271, 46.7838], [-71.271, 46.7839], [-71.2709, 46.784], [-71.2708, 46.7841], [-71.2707, 46.7841], [-71.2706, 46.7841], [-71.2704, 46.7841], [-71.2703, 46.7841], [-71.2701, 46.7841], [-71.2699, 46.7841], [-71.2697, 46.7841], [-71.2695, 46.7842], [-71.2693, 46.7843], [-71.269, 46.7844], [-71.2687, 46.7846], [-71.2684, 46.7848], [-71.2681, 46.7849], [-71.2679, 46.7851], [-71.2678, 46.7853], [-71.2677, 46.7854], [-71.2677, 46.7855], [-71.2677, 46.7856], [-71.2677, 46.7857], [-71.2679, 46.7858], [-71.268, 46.7859], [-71.2682, 46.786], [-71.2684, 46.786], [-71.2687, 46.786], [-71.269, 46.786], [-71.2693, 46.786], [-71.2696, 46.7859], [-71.27, 46.7858], [-71.2703, 46.7858], [-71.2706, 46.7857], [-71.2708, 46.7857], [-71.2709, 46.7857], [-71.271, 46.7858], [-71.271, 46.7859], [-71.2709, 46.786], [-71.2708, 46.7861], [-71.2707, 46.7862], [-71.2707, 46.7863], [-71.2707, 46.7864], [-71.2707, 46.7865], [-71.2708, 46.7866], [-71.2709, 46.7867], [-71.271, 46.7867], [-71.271, 46.7868], [-71.2711, 46.7869], [-71.2712, 46.7871], [-71.2712, 46.7872], [-71.2712, 46.7874], [-71.2712, 46.7875], [-71.2712, 46.7877], [-71.2712, 46.7878], [-71.2712, 46.788], [-71.2711, 46.7881], [-71.2711, 46.7882], [-71.271, 46.7882], [-71.271, 46.7883], [-71.2709, 46.7883], [-71.2708, 46.7884], [-71.2707, 46.7884], [-71.2706, 46.7884], [-71.2705, 46.7883], [-71.2704, 46.7883], [-71.2703, 46.7882], [-71.2702, 46.7882], [-71.2703, 46.7884], [-71.2705, 46.7885], [-71.2706, 46.7886], [-71.2706, 46.7887], [-71.2707, 46.7888], [-71.2707, 46.7889], [-71.2707, 46.789], [-71.2706, 46.789], [-71.2705, 46.7891], [-71.2703, 46.7891], [-71.2701, 46.7892], [-71.2698, 46.7892], [-71.2695, 46.7893], [-71.2691, 46.7893], [-71.2687, 46.7893], [-71.2683, 46.7893], [-71.2679, 46.7893], [-71.2676, 46.7893], [-71.2673, 46.7893], [-71.2671, 46.7893], [-71.2669, 46.7893], [-71.2668, 46.7892], [-71.2667, 46.7892], [-71.2666, 46.7891], [-71.2665, 46.7891], [-71.2663, 46.7891], [-71.2662, 46.7891], [-71.2661, 46.7891], [-71.266, 46.7891], [-71.2659, 46.7891], [-71.2657, 46.7892], [-71.2656, 46.7892], [-71.2654, 46.7892], [-71.2653, 46.7892], [-71.2651, 46.7891], [-71.2649, 46.789], [-71.2647, 46.7889], [-71.2645, 46.7887], [-71.2642, 46.7885], [-71.2641, 46.7884], [-71.2642, 46.7886], [-71.2643, 46.7887], [-71.2643, 46.7888], [-71.2644, 46.7889], [-71.2644, 46.789], [-71.2644, 46.7891], [-71.2643, 46.7892], [-71.2642, 46.7892], [-71.2641, 46.7892], [-71.264, 46.7892], [-71.2639, 46.7891], [-71.2637, 46.789], [-71.2635, 46.7889], [-71.2633, 46.7888], [-71.2631, 46.7887], [-71.263, 46.7887], [-71.2628, 46.7886], [-71.2627, 46.7886], [-71.2626, 46.7887], [-71.2626, 46.7888], [-71.2626, 46.7889], [-71.2626, 46.789], [-71.2625, 46.7891], [-71.2624, 46.7891], [-71.2623, 46.7891], [-71.2621, 46.7891], [-71.2619, 46.7891], [-71.2616, 46.7891], [-71.2613, 46.789], [-71.261, 46.789], [-71.2608, 46.7889], [-71.2605, 46.7889], [-71.2603, 46.7889], [-71.2602, 46.7889], [-71.26, 46.7889], [-71.2599, 46.7889], [-71.2598, 46.789], [-71.2597, 46.789], [-71.2596, 46.7889], [-71.2594, 46.7889], [-71.2593, 46.7888], [-71.259, 46.7886], [-71.2588, 46.7885], [-71.2585, 46.7883], [-71.2582, 46.788], [-71.258, 46.7879], [-71.2578, 46.7877], [-71.2576, 46.7877], [-71.2574, 46.7876], [-71.2573, 46.7877], [-71.2572, 46.7878], [-71.2571, 46.7879], [-71.2571, 46.7882], [-71.257, 46.7883], [-71.2569, 46.7885], [-71.2567, 46.7886], [-71.2565, 46.7887], [-71.2563, 46.7888], [-71.256, 46.7888], [-71.2557, 46.7888], [-71.2553, 46.7888], [-71.255, 46.7887], [-71.2547, 46.7887], [-71.2545, 46.7886], [-71.2544, 46.7885], [-71.2544, 46.7884], [-71.2544, 46.7883], [-71.2545, 46.7882], [-71.2546, 46.788], [-71.2547, 46.7879], [-71.2548, 46.7878], [-71.2548, 46.7877], [-71.2547, 46.7876], [-71.2546, 46.7876], [-71.2545, 46.7875], [-71.2543, 46.7875], [-71.254, 46.7875], [-71.2538, 46.7875], [-71.2537, 46.7874], [-71.2536, 46.7874], [-71.2535, 46.7874], [-71.2535, 46.7873], [-71.2536, 46.7873], [-71.2537, 46.7872], [-71.2538, 46.7872], [-71.2539, 46.7871], [-71.254, 46.787], [-71.2541, 46.7869], [-71.2541, 46.7868], [-71.2541, 46.7867], [-71.2541, 46.7866], [-71.254, 46.7865], [-71.2539, 46.7864], [-71.2539, 46.7863], [-71.2539, 46.7862], [-71.254, 46.7861], [-71.254, 46.786], [-71.2541, 46.7859], [-71.2542, 46.7858], [-71.2544, 46.7857], [-71.2545, 46.7856], [-71.2546, 46.7855], [-71.2546, 46.7854], [-71.2547, 46.7853], [-71.2546, 46.7852], [-71.2545, 46.7851], [-71.2544, 46.7851], [-71.2544, 46.785], [-71.2543, 46.7849], [-71.2543, 46.7848], [-71.2543, 46.7847], [-71.2543, 46.7846], [-71.2543, 46.7844], [-71.2543, 46.7843], [-71.2543, 46.7841], [-71.2544, 46.784], [-71.2545, 46.7839], [-71.2545, 46.7838], [-71.2547, 46.7838], [-71.2548, 46.7837], [-71.2549, 46.7837], [-71.2551, 46.7837], [-71.2552, 46.7837], [-71.2554, 46.7837], [-71.2555, 46.7837], [-71.2557, 46.7837], [-71.2558, 46.7836], [-71.2559, 46.7836], [-71.2561, 46.7835], [-71.2562, 46.7834], [-71.2563, 46.7834], [-71.2564, 46.7833], [-71.2564, 46.7832], [-71.2564, 46.7831], [-71.2563, 46.783], [-71.2562, 46.783], [-71.2562, 46.7829], [-71.2561, 46.7829], [-71.2561, 46.7828], [-71.2561, 46.7827], [-71.2561, 46.7825], [-71.2561, 46.7824], [-71.2561, 46.7822], [-71.2561, 46.7821], [-71.2562, 46.782], [-71.2563, 46.7818], [-71.2564, 46.7817], [-71.2565, 46.7815], [-71.2567, 46.7814], [-71.2569, 46.7813], [-71.2571, 46.7812], [-71.2572, 46.7811], [-71.2573, 46.781], [-71.2574, 46.7809], [-71.2573, 46.7809], [-71.2572, 46.7809], [-71.257, 46.7809], [-71.2569, 46.7809], [-71.2568, 46.7809], [-71.2567, 46.7809], [-71.2566, 46.7809], [-71.2566, 46.7808], [-71.2567, 46.7807], [-71.2567, 46.7806], [-71.2568, 46.7805], [-71.2568, 46.7804], [-71.2568, 46.7803], [-71.2568, 46.7802], [-71.2568, 46.7801], [-71.2568, 46.78], [-71.2567, 46.7799], [-71.2567, 46.7798], [-71.2567, 46.7797], [-71.2568, 46.7797], [-71.2569, 46.7796], [-71.2571, 46.7795], [-71.2573, 46.7795], [-71.2576, 46.7795], [-71.2579, 46.7795], [-71.2582, 46.7794], [-71.2584, 46.7795], [-71.2586, 46.7795], [-71.2587, 46.7795], [-71.2588, 46.7796], [-71.2588, 46.7797], [-71.2588, 46.7798], [-71.2588, 46.7799], [-71.2588, 46.78], [-71.2589, 46.78], [-71.2591, 46.7799], [-71.2593, 46.7798], [-71.2596, 46.7797], [-71.2599, 46.7795], [-71.2603, 46.7793], [-71.2607, 46.7791], [-71.261, 46.7789], [-71.2612, 46.7787], [-71.2615, 46.7784], [-71.2616, 46.7782], [-71.2618, 46.778], [-71.2619, 46.7778], [-71.2619, 46.7775], [-71.262, 46.7774], [-71.2621, 46.7772], [-71.2622, 46.7771], [-71.2623, 46.777], [-71.2624, 46.7769], [-71.2625, 46.7769], [-71.2627, 46.7769], [-71.2628, 46.7769], [-71.263, 46.7769], [-71.2631, 46.777], [-71.2632, 46.777], [-71.2632, 46.7771], [-71.2633, 46.7771], [-71.2633, 46.7772], [-71.2633, 46.7773], [-71.2633, 46.7774], [-71.2634, 46.7774], [-71.2635, 46.7774], [-71.2636, 46.7774], [-71.2637, 46.7773], [-71.2639, 46.7773], [-71.264, 46.7772], [-71.2642, 46.7772], [-71.2643, 46.7771], [-71.2644, 46.7771], [-71.2645, 46.7771], [-71.2646, 46.7772], [-71.2647, 46.7773], [-71.2648, 46.7773], [-71.2649, 46.7774], [-71.2651, 46.7774], [-71.2654, 46.7774], [-71.2657, 46.7775], [-71.266, 46.7775], [-71.2664, 46.7775], [-71.2668, 46.7775], [-71.2672, 46.7775], [-71.2676, 46.7775], [-71.2679, 46.7775], [-71.2682, 46.7776], [-71.2684, 46.7777], [-71.2687, 46.7778], [-71.2688, 46.7779], [-71.269, 46.778], [-71.2691, 46.7781], [-71.2692, 46.7782], [-71.2693, 46.7784], [-71.2694, 46.7785], [-71.2694, 46.7786], [-71.2694, 46.7787], [-71.2694, 46.7788], [-71.2693, 46.7789], [-71.2693, 46.779], [-71.2694, 46.779], [-71.2695, 46.779], [-71.2696, 46.7789], [-71.2697, 46.7788], [-71.2698, 46.7787], [-71.27, 46.7787], [-71.2701, 46.7786], [-71.2703, 46.7785], [-71.2704, 46.7785], [-71.2705, 46.7785], [-71.2707, 46.7785], [-71.2708, 46.7785], [-71.2709, 46.7785], [-71.271, 46.7785], [-71.2712, 46.7785], [-71.2713, 46.7786], [-71.2714, 46.7786], [-71.2715, 46.7787], [-71.2715, 46.7788], [-71.2716, 46.7788], [-71.2717, 46.7789], [-71.2718, 46.779], [-71.2718, 46.7791], [-71.2718, 46.7792], [-71.2718, 46.7793], [-71.2717, 46.7794], [-71.2717, 46.7795], [-71.2716, 46.7796], [-71.2715, 46.7797], [-71.2715, 46.7798], [-71.2714, 46.7799], [-71.2715, 46.78], [-71.2715, 46.7801], [-71.2715, 46.7802], [-71.2716, 46.7803], [-71.2717, 46.7804], [-71.2718, 46.7806], [-71.2718, 46.7807], [-71.2719, 46.7809], [-71.2719, 46.781], [-71.2719, 46.7812], [-71.2719, 46.7814], [-71.2719, 46.7815], [-71.2719, 46.7817]]]}}, {"type": "Feature", "properties": {"couche": "voile", "station": "Myrand", "minutes": 12}, "geometry": {"type": "Polygon", "coordinates": [[[-71.431, 46.8961], [-71.0976, 46.8983], [-71.095, 46.6699], [-71.4271, 46.6677], [-71.431, 46.8961]], [[-71.2719, 46.7815], [-71.2719, 46.7814], [-71.2719, 46.7812], [-71.2719, 46.781], [-71.2719, 46.7809], [-71.2718, 46.7807], [-71.2718, 46.7806], [-71.2717, 46.7804], [-71.2716, 46.7803], [-71.2715, 46.7802], [-71.2715, 46.7801], [-71.2715, 46.78], [-71.2714, 46.7799], [-71.2715, 46.7798], [-71.2715, 46.7797], [-71.2716, 46.7796], [-71.2717, 46.7795], [-71.2717, 46.7794], [-71.2718, 46.7793], [-71.2718, 46.7792], [-71.2718, 46.7791], [-71.2718, 46.779], [-71.2717, 46.7789], [-71.2716, 46.7788], [-71.2715, 46.7788], [-71.2715, 46.7787], [-71.2714, 46.7786], [-71.2713, 46.7786], [-71.2712, 46.7785], [-71.271, 46.7785], [-71.2709, 46.7785], [-71.2708, 46.7785], [-71.2707, 46.7785], [-71.2705, 46.7785], [-71.2704, 46.7785], [-71.2703, 46.7785], [-71.2701, 46.7786], [-71.27, 46.7787], [-71.2698, 46.7787], [-71.2697, 46.7788], [-71.2696, 46.7789], [-71.2695, 46.779], [-71.2694, 46.779], [-71.2693, 46.779], [-71.2693, 46.7789], [-71.2694, 46.7788], [-71.2694, 46.7787], [-71.2694, 46.7786], [-71.2694, 46.7785], [-71.2693, 46.7784], [-71.2692, 46.7782], [-71.2691, 46.7781], [-71.269, 46.778], [-71.2688, 46.7779], [-71.2687, 46.7778], [-71.2684, 46.7777], [-71.2682, 46.7776], [-71.2679, 46.7775], [-71.2676, 46.7775], [-71.2672, 46.7775], [-71.2668, 46.7775], [-71.2664, 46.7775], [-71.266, 46.7775], [-71.2657, 46.7775], [-71.2654, 46.7774], [-71.2651, 46.7774], [-71.2649, 46.7774], [-71.2648, 46.7773], [-71.2647, 46.7773], [-71.2646, 46.7772], [-71.2645, 46.7771], [-71.2644, 46.7771], [-71.2643, 46.7771], [-71.2642, 46.7772], [-71.264, 46.7772], [-71.2639, 46.7773], [-71.2637, 46.7773], [-71.2636, 46.7774], [-71.2635, 46.7774], [-71.2634, 46.7774], [-71.2633, 46.7774], [-71.2633, 46.7773], [-71.2633, 46.7772], [-71.2633, 46.7771], [-71.2632, 46.7771], [-71.2632, 46.777], [-71.2631, 46.777], [-71.263, 46.7769], [-71.2628, 46.7769], [-71.2627, 46.7769], [-71.2625, 46.7769], [-71.2624, 46.7769], [-71.2623, 46.777], [-71.2622, 46.7771], [-71.2621, 46.7772], [-71.262, 46.7774], [-71.2619, 46.7775], [-71.2619, 46.7778], [-71.2618, 46.778], [-71.2616, 46.7782], [-71.2615, 46.7784], [-71.2612, 46.7787], [-71.261, 46.7789], [-71.2607, 46.7791], [-71.2603, 46.7793], [-71.2599, 46.7795], [-71.2596, 46.7797], [-71.2593, 46.7798], [-71.2591, 46.7799], [-71.2589, 46.78], [-71.2588, 46.78], [-71.2588, 46.7799], [-71.2588, 46.7798], [-71.2588, 46.7797], [-71.2588, 46.7796], [-71.2587, 46.7795], [-71.2586, 46.7795], [-71.2584, 46.7795], [-71.2582, 46.7794], [-71.2579, 46.7795], [-71.2576, 46.7795], [-71.2573, 46.7795], [-71.2571, 46.7795], [-71.2569, 46.7796], [-71.2568, 46.7797], [-71.2567, 46.7797], [-71.2567, 46.7798], [-71.2567, 46.7799], [-71.2568, 46.78], [-71.2568, 46.7801], [-71.2568, 46.7802], [-71.2568, 46.7803], [-71.2568, 46.7804], [-71.2568, 46.7805], [-71.2567, 46.7806], [-71.2567, 46.7807], [-71.2566, 46.7808], [-71.2566, 46.7809], [-71.2567, 46.7809], [-71.2568, 46.7809], [-71.2569, 46.7809], [-71.257, 46.7809], [-71.2572, 46.7809], [-71.2573, 46.7809], [-71.2574, 46.7809], [-71.2573, 46.781], [-71.2572, 46.7811], [-71.2571, 46.7812], [-71.2569, 46.7813], [-71.2567, 46.7814], [-71.2565, 46.7815], [-71.2564, 46.7817], [-71.2563, 46.7818], [-71.2562, 46.782], [-71.2561, 46.7821], [-71.2561, 46.7822], [-71.2561, 46.7824], [-71.2561, 46.7825], [-71.2561, 46.7827], [-71.2561, 46.7828], [-71.2561, 46.7829], [-71.2562, 46.7829], [-71.2562, 46.783], [-71.2563, 46.783], [-71.2564, 46.7831], [-71.2564, 46.7832], [-71.2564, 46.7833], [-71.2563, 46.7834], [-71.2562, 46.7834], [-71.2561, 46.7835], [-71.2559, 46.7836], [-71.2558, 46.7836], [-71.2557, 46.7837], [-71.2555, 46.7837], [-71.2554, 46.7837], [-71.2552, 46.7837], [-71.2551, 46.7837], [-71.2549, 46.7837], [-71.2548, 46.7837], [-71.2547, 46.7838], [-71.2545, 46.7838], [-71.2545, 46.7839], [-71.2544, 46.784], [-71.2543, 46.7841], [-71.2543, 46.7843], [-71.2543, 46.7844], [-71.2543, 46.7846], [-71.2543, 46.7847], [-71.2543, 46.7848], [-71.2543, 46.7849], [-71.2544, 46.785], [-71.2544, 46.7851], [-71.2545, 46.7851], [-71.2546, 46.7852], [-71.2547, 46.7853], [-71.2546, 46.7854], [-71.2546, 46.7855], [-71.2545, 46.7856], [-71.2544, 46.7857], [-71.2542, 46.7858], [-71.2541, 46.7859], [-71.254, 46.786], [-71.254, 46.7861], [-71.2539, 46.7862], [-71.2539, 46.7863], [-71.2539, 46.7864], [-71.254, 46.7865], [-71.2541, 46.7866], [-71.2541, 46.7867], [-71.2541, 46.7868], [-71.2541, 46.7869], [-71.254, 46.787], [-71.2539, 46.7871], [-71.2538, 46.7872], [-71.2537, 46.7872], [-71.2536, 46.7873], [-71.2535, 46.7873], [-71.2535, 46.7874], [-71.2536, 46.7874], [-71.2537, 46.7874], [-71.2538, 46.7875], [-71.254, 46.7875], [-71.2543, 46.7875], [-71.2545, 46.7875], [-71.2546, 46.7876], [-71.2547, 46.7876], [-71.2548, 46.7877], [-71.2548, 46.7878], [-71.2547, 46.7879], [-71.2546, 46.788], [-71.2545, 46.7882], [-71.2544, 46.7883], [-71.2544, 46.7884], [-71.2544, 46.7885], [-71.2545, 46.7886], [-71.2547, 46.7887], [-71.255, 46.7887], [-71.2553, 46.7888], [-71.2557, 46.7888], [-71.256, 46.7888], [-71.2563, 46.7888], [-71.2565, 46.7887], [-71.2567, 46.7886], [-71.2569, 46.7885], [-71.257, 46.7883], [-71.2571, 46.7882], [-71.2571, 46.7879], [-71.2572, 46.7878], [-71.2573, 46.7877], [-71.2574, 46.7876], [-71.2576, 46.7877], [-71.2578, 46.7877], [-71.258, 46.7879], [-71.2582, 46.788], [-71.2585, 46.7883], [-71.2588, 46.7885], [-71.259, 46.7886], [-71.2593, 46.7888], [-71.2594, 46.7889], [-71.2596, 46.7889], [-71.2597, 46.789], [-71.2598, 46.789], [-71.2599, 46.7889], [-71.26, 46.7889], [-71.2602, 46.7889], [-71.2603, 46.7889], [-71.2605, 46.7889], [-71.2608, 46.7889], [-71.261, 46.789], [-71.2613, 46.789], [-71.2616, 46.7891], [-71.2619, 46.7891], [-71.2621, 46.7891], [-71.2623, 46.7891], [-71.2624, 46.7891], [-71.2625, 46.7891], [-71.2626, 46.789], [-71.2626, 46.7889], [-71.2626, 46.7888], [-71.2626, 46.7887], [-71.2627, 46.7886], [-71.2628, 46.7886], [-71.263, 46.7887], [-71.2631, 46.7887], [-71.2633, 46.7888], [-71.2635, 46.7889], [-71.2637, 46.789], [-71.2639, 46.7891], [-71.264, 46.7892], [-71.2641, 46.7892], [-71.2642, 46.7892], [-71.2643, 46.7892], [-71.2644, 46.7891], [-71.2644, 46.789], [-71.2644, 46.7889], [-71.2643, 46.7888], [-71.2643, 46.7887], [-71.2642, 46.7886], [-71.2641, 46.7884], [-71.2642, 46.7885], [-71.2645, 46.7887], [-71.2647, 46.7889], [-71.2649, 46.789], [-71.2651, 46.7891], [-71.2653, 46.7892], [-71.2654, 46.7892], [-71.2656, 46.7892], [-71.2657, 46.7892], [-71.2659, 46.7891], [-71.266, 46.7891], [-71.2661, 46.7891], [-71.2662, 46.7891], [-71.2663, 46.7891], [-71.2665, 46.7891], [-71.2666, 46.7891], [-71.2667, 46.7892], [-71.2668, 46.7892], [-71.2669, 46.7893], [-71.2671, 46.7893], [-71.2673, 46.7893], [-71.2676, 46.7893], [-71.2679, 46.7893], [-71.2683, 46.7893], [-71.2687, 46.7893], [-71.2691, 46.7893], [-71.2695, 46.7893], [-71.2698, 46.7892], [-71.2701, 46.7892], [-71.2703, 46.7891], [-71.2705, 46.7891], [-71.2706, 46.789], [-71.2707, 46.789], [-71.2707, 46.7889], [-71.2707, 46.7888], [-71.2706, 46.7887], [-71.2706, 46.7886], [-71.2705, 46.7885], [-71.2703, 46.7884], [-71.2702, 46.7882], [-71.2703, 46.7882], [-71.2704, 46.7883], [-71.2705, 46.7883], [-71.2706, 46.7884], [-71.2707, 46.7884], [-71.2708, 46.7884], [-71.2709, 46.7883], [-71.271, 46.7883], [-71.271, 46.7882], [-71.2711, 46.7882], [-71.2711, 46.7881], [-71.2712, 46.788], [-71.2712, 46.7878], [-71.2712, 46.7877], [-71.2712, 46.7875], [-71.2712, 46.7874], [-71.2712, 46.7872], [-71.2712, 46.7871], [-71.2711, 46.7869], [-71.271, 46.7868], [-71.271, 46.7867], [-71.2709, 46.7867], [-71.2708, 46.7866], [-71.2707, 46.7865], [-71.2707, 46.7864], [-71.2707, 46.7863], [-71.2707, 46.7862], [-71.2708, 46.7861], [-71.2709, 46.786], [-71.271, 46.7859], [-71.271, 46.7858], [-71.2709, 46.7857], [-71.2708, 46.7857], [-71.2706, 46.7857], [-71.2703, 46.7858], [-71.27, 46.7858], [-71.2696, 46.7859], [-71.2693, 46.786], [-71.269, 46.786], [-71.2687, 46.786], [-71.2684, 46.786], [-71.2682, 46.786], [-71.268, 46.7859], [-71.2679, 46.7858], [-71.2677, 46.7857], [-71.2677, 46.7856], [-71.2677, 46.7855], [-71.2677, 46.7854], [-71.2678, 46.7853], [-71.2679, 46.7851], [-71.2681, 46.7849], [-71.2684, 46.7848], [-71.2687, 46.7846], [-71.269, 46.7844], [-71.2693, 46.7843], [-71.2695, 46.7842], [-71.2697, 46.7841], [-71.2699, 46.7841], [-71.2701, 46.7841], [-71.2703, 46.7841], [-71.2704, 46.7841], [-71.2706, 46.7841], [-71.2707, 46.7841], [-71.2708, 46.7841], [-71.2709, 46.784], [-71.271, 46.7839], [-71.271, 46.7838], [-71.2711, 46.7837], [-71.2711, 46.7836], [-71.271, 46.7834], [-71.271, 46.7833], [-71.2709, 46.7832], [-71.2708, 46.7831], [-71.2707, 46.783], [-71.2706, 46.783], [-71.2705, 46.7829], [-71.2705, 46.7828], [-71.2706, 46.7827], [-71.2707, 46.7827], [-71.2709, 46.7826], [-71.2711, 46.7826], [-71.2712, 46.7825], [-71.2714, 46.7824], [-71.2715, 46.7823], [-71.2717, 46.7822], [-71.2718, 46.7821], [-71.2718, 46.7819], [-71.2719, 46.7817], [-71.2719, 46.7815]]]}}, {"type": "Feature", "properties": {"couche": "aire_marche", "station": "Myrand", "ordre": 13, "minutes": 13, "superficie_ha": 163.9, "rue_km": 43.58, "disque_ha": 260.2, "part_disque_pct": 63, "accroche_m": 1, "population": 4914, "navetteurs": 1173, "mode_auto_pct": 70, "mode_tc_pct": 17, "mode_actif_pct": 13, "mode_autre_pct": 0}, "geometry": {"type": "Polygon", "coordinates": [[[-71.2722, 46.7802], [-71.2722, 46.7808], [-71.2722, 46.7814], [-71.2722, 46.7818], [-71.2721, 46.7822], [-71.272, 46.7825], [-71.2718, 46.7827], [-71.2716, 46.7828], [-71.2714, 46.7829], [-71.2711, 46.7828], [-71.2709, 46.7828], [-71.2707, 46.7828], [-71.2707, 46.7829], [-71.2706, 46.7829], [-71.2707, 46.783], [-71.2709, 46.783], [-71.2711, 46.7831], [-71.2712, 46.7832], [-71.2714, 46.7833], [-71.2715, 46.7834], [-71.2715, 46.7835], [-71.2716, 46.7836], [-71.2716, 46.7838], [-71.2716, 46.7839], [-71.2716, 46.7841], [-71.2715, 46.7843], [-71.2715, 46.7844], [-71.2714, 46.7845], [-71.2714, 46.7846], [-71.2713, 46.7847], [-71.2712, 46.7848], [-71.2711, 46.7848], [-71.271, 46.7848], [-71.2709, 46.7848], [-71.2708, 46.7847], [-71.2707, 46.7847], [-71.2705, 46.7846], [-71.2704, 46.7845], [-71.2703, 46.7844], [-71.2702, 46.7843], [-71.2701, 46.7843], [-71.2699, 46.7842], [-71.2697, 46.7842], [-71.2695, 46.7843], [-71.2692, 46.7843], [-71.269, 46.7844], [-71.2687, 46.7846], [-71.2684, 46.7848], [-71.2681, 46.7849], [-71.2679, 46.7851], [-71.2678, 46.7853], [-71.2677, 46.7854], [-71.2677, 46.7855], [-71.2677, 46.7856], [-71.2677, 46.7857], [-71.2679, 46.7858], [-71.268, 46.7859], [-71.2683, 46.7859], [-71.2685, 46.786], [-71.2688, 46.786], [-71.2692, 46.7859], [-71.2696, 46.7859], [-71.27, 46.7858], [-71.2705, 46.7856], [-71.2709, 46.7856], [-71.2712, 46.7855], [-71.2714, 46.7855], [-71.2715, 46.7855], [-71.2716, 46.7855], [-71.2715, 46.7856], [-71.2714, 46.7857], [-71.2712, 46.7859], [-71.271, 46.786], [-71.2709, 46.7861], [-71.2709, 46.7863], [-71.2709, 46.7864], [-71.2709, 46.7865], [-71.271, 46.7866], [-71.2711, 46.7868], [-71.2713, 46.7869], [-71.2714, 46.787], [-71.2716, 46.7872], [-71.2716, 46.7874], [-71.2717, 46.7876], [-71.2717, 46.7878], [-71.2717, 46.7881], [-71.2716, 46.7884], [-71.2715, 46.7887], [-71.2714, 46.7889], [-71.2713, 46.7891], [-71.2711, 46.7893], [-71.2709, 46.7894], [-71.2707, 46.7895], [-71.2704, 46.7896], [-71.2701, 46.7896], [-71.2698, 46.7896], [-71.2696, 46.7896], [-71.2693, 46.7896], [-71.2691, 46.7896], [-71.2689, 46.7896], [-71.2687, 46.7896], [-71.2686, 46.7896], [-71.2685, 46.7897], [-71.2684, 46.7897], [-71.2683, 46.7898], [-71.2682, 46.7898], [-71.2681, 46.7897], [-71.2679, 46.7897], [-71.2677, 46.7897], [-71.2675, 46.7896], [-71.2673, 46.7895], [-71.2671, 46.7894], [-71.2669, 46.7893], [-71.2667, 46.7892], [-71.2666, 46.7892], [-71.2665, 46.7892], [-71.2664, 46.7892], [-71.2664, 46.7893], [-71.2664, 46.7894], [-71.2664, 46.7895], [-71.2664, 46.7896], [-71.2663, 46.7896], [-71.2663, 46.7897], [-71.2662, 46.7897], [-71.2661, 46.7897], [-71.266, 46.7897], [-71.2659, 46.7896], [-71.2658, 46.7896], [-71.2656, 46.7896], [-71.2655, 46.7896], [-71.2654, 46.7896], [-71.2653, 46.7896], [-71.2651, 46.7896], [-71.265, 46.7896], [-71.2649, 46.7897], [-71.2648, 46.7897], [-71.2646, 46.7897], [-71.2644, 46.7896], [-71.2643, 46.7896], [-71.2641, 46.7895], [-71.2639, 46.7894], [-71.2636, 46.7892], [-71.2634, 46.789], [-71.2632, 46.7889], [-71.2631, 46.7888], [-71.2629, 46.7887], [-71.2629, 46.7888], [-71.263, 46.789], [-71.2631, 46.7891], [-71.2631, 46.7893], [-71.2632, 46.7894], [-71.2632, 46.7895], [-71.2631, 46.7895], [-71.263, 46.7895], [-71.2628, 46.7895], [-71.2627, 46.7894], [-71.2625, 46.7893], [-71.2624, 46.7893], [-71.2623, 46.7893], [-71.2622, 46.7893], [-71.2621, 46.7893], [-71.262, 46.7893], [-71.262, 46.7894], [-71.2619, 46.7894], [-71.2619, 46.7895], [-71.2618, 46.7896], [-71.2617, 46.7896], [-71.2616, 46.7896], [-71.2615, 46.7896], [-71.2613, 46.7897], [-71.2612, 46.7897], [-71.261, 46.7897], [-71.2608, 46.7896], [-71.2605, 46.7896], [-71.2603, 46.7895], [-71.26, 46.7894], [-71.2598, 46.7892], [-71.2595, 46.7891], [-71.2592, 46.7889], [-71.2589, 46.7886], [-71.2586, 46.7885], [-71.2584, 46.7883], [-71.2582, 46.7882], [-71.2581, 46.7882], [-71.258, 46.7882], [-71.2579, 46.7882], [-71.2579, 46.7883], [-71.2579, 46.7884], [-71.2578, 46.7886], [-71.2578, 46.7887], [-71.2578, 46.7888], [-71.2577, 46.7889], [-71.2576, 46.789], [-71.2575, 46.7891], [-71.2574, 46.7892], [-71.2572, 46.7893], [-71.2571, 46.7893], [-71.2569, 46.7894], [-71.2568, 46.7894], [-71.2566, 46.7894], [-71.2564, 46.7894], [-71.2562, 46.7894], [-71.2561, 46.7894], [-71.2559, 46.7894], [-71.2557, 46.7893], [-71.2556, 46.7893], [-71.2555, 46.7892], [-71.2554, 46.7891], [-71.2553, 46.7891], [-71.2552, 46.789], [-71.2552, 46.7889], [-71.2552, 46.7888], [-71.2552, 46.7887], [-71.2551, 46.7887], [-71.255, 46.7887], [-71.2549, 46.7887], [-71.2548, 46.7887], [-71.2547, 46.7888], [-71.2545, 46.7889], [-71.2544, 46.789], [-71.2542, 46.7891], [-71.2541, 46.7891], [-71.254, 46.7891], [-71.2539, 46.7892], [-71.2538, 46.7892], [-71.2537, 46.7892], [-71.2536, 46.7892], [-71.2535, 46.7891], [-71.2534, 46.7891], [-71.2534, 46.789], [-71.2534, 46.7889], [-71.2533, 46.7889], [-71.2533, 46.7888], [-71.2533, 46.7886], [-71.2533, 46.7885], [-71.2533, 46.7884], [-71.2533, 46.7883], [-71.2533, 46.7882], [-71.2532, 46.7881], [-71.2531, 46.788], [-71.253, 46.7879], [-71.2529, 46.7878], [-71.2528, 46.7877], [-71.2526, 46.7877], [-71.2526, 46.7876], [-71.2525, 46.7875], [-71.2525, 46.7874], [-71.2525, 46.7873], [-71.2525, 46.7872], [-71.2526, 46.7871], [-71.2527, 46.7871], [-71.2528, 46.787], [-71.2529, 46.7869], [-71.253, 46.7869], [-71.2531, 46.7868], [-71.2533, 46.7868], [-71.2534, 46.7868], [-71.2535, 46.7868], [-71.2537, 46.7867], [-71.2538, 46.7866], [-71.2538, 46.7865], [-71.2537, 46.7864], [-71.2537, 46.7863], [-71.2535, 46.7862], [-71.2534, 46.7861], [-71.2534, 46.786], [-71.2534, 46.7858], [-71.2534, 46.7857], [-71.2534, 46.7856], [-71.2534, 46.7854], [-71.2535, 46.7853], [-71.2536, 46.7852], [-71.2537, 46.785], [-71.2538, 46.7848], [-71.2539, 46.7847], [-71.2539, 46.7845], [-71.2539, 46.7843], [-71.254, 46.7842], [-71.254, 46.784], [-71.2539, 46.7838], [-71.2539, 46.7836], [-71.2539, 46.7835], [-71.254, 46.7834], [-71.254, 46.7833], [-71.2541, 46.7832], [-71.2542, 46.7832], [-71.2543, 46.7832], [-71.2545, 46.7832], [-71.2546, 46.7832], [-71.2548, 46.7832], [-71.2549, 46.7831], [-71.2551, 46.7831], [-71.2553, 46.783], [-71.2554, 46.783], [-71.2556, 46.7829], [-71.2558, 46.7828], [-71.2559, 46.7827], [-71.256, 46.7826], [-71.2561, 46.7826], [-71.2561, 46.7825], [-71.256, 46.7824], [-71.2559, 46.7824], [-71.2558, 46.7824], [-71.2557, 46.7823], [-71.2556, 46.7822], [-71.2555, 46.7821], [-71.2555, 46.782], [-71.2555, 46.7819], [-71.2555, 46.7817], [-71.2555, 46.7816], [-71.2556, 46.7814], [-71.2556, 46.7813], [-71.2557, 46.7812], [-71.2557, 46.7811], [-71.2558, 46.781], [-71.2559, 46.7809], [-71.256, 46.7808], [-71.2561, 46.7807], [-71.2562, 46.7807], [-71.2563, 46.7806], [-71.2563, 46.7805], [-71.2562, 46.7805], [-71.2561, 46.7804], [-71.256, 46.7804], [-71.2559, 46.7803], [-71.2558, 46.7803], [-71.2558, 46.7802], [-71.2558, 46.7801], [-71.2558, 46.78], [-71.2558, 46.7799], [-71.2558, 46.7798], [-71.2558, 46.7797], [-71.2559, 46.7796], [-71.2559, 46.7795], [-71.256, 46.7794], [-71.2561, 46.7793], [-71.2563, 46.7793], [-71.2564, 46.7792], [-71.2566, 46.7792], [-71.2567, 46.7792], [-71.2569, 46.7792], [-71.257, 46.7792], [-71.2572, 46.7792], [-71.2573, 46.7792], [-71.2574, 46.7793], [-71.2575, 46.7793], [-71.2576, 46.7794], [-71.2578, 46.7794], [-71.258, 46.7794], [-71.2583, 46.7794], [-71.2586, 46.7793], [-71.2589, 46.7792], [-71.2593, 46.779], [-71.2598, 46.7788], [-71.2603, 46.7786], [-71.2607, 46.7784], [-71.2611, 46.7782], [-71.2614, 46.7779], [-71.2617, 46.7777], [-71.2618, 46.7775], [-71.2619, 46.7773], [-71.262, 46.7771], [-71.2619, 46.7769], [-71.2619, 46.7767], [-71.2619, 46.7766], [-71.262, 46.7764], [-71.262, 46.7763], [-71.2621, 46.7763], [-71.2622, 46.7762], [-71.2623, 46.7762], [-71.2624, 46.7762], [-71.2625, 46.7762], [-71.2626, 46.7763], [-71.2627, 46.7763], [-71.2628, 46.7763], [-71.2628, 46.7764], [-71.2629, 46.7764], [-71.2629, 46.7765], [-71.2629, 46.7766], [-71.2629, 46.7767], [-71.263, 46.7767], [-71.2631, 46.7767], [-71.2632, 46.7767], [-71.2633, 46.7767], [-71.2634, 46.7767], [-71.2636, 46.7767], [-71.2637, 46.7767], [-71.2638, 46.7767], [-71.2639, 46.7768], [-71.2639, 46.7769], [-71.2638, 46.7769], [-71.2637, 46.777], [-71.2636, 46.7772], [-71.2635, 46.7773], [-71.2636, 46.7773], [-71.2637, 46.7773], [-71.2638, 46.7772], [-71.264, 46.7771], [-71.2642, 46.777], [-71.2644, 46.7769], [-71.2646, 46.7768], [-71.2648, 46.7768], [-71.2649, 46.7768], [-71.265, 46.7768], [-71.2651, 46.7769], [-71.2651, 46.777], [-71.2651, 46.7771], [-71.2652, 46.7772], [-71.2653, 46.7772], [-71.2654, 46.7772], [-71.2655, 46.7771], [-71.2657, 46.7771], [-71.2658, 46.777], [-71.266, 46.7769], [-71.2662, 46.7768], [-71.2664, 46.7768], [-71.2667, 46.7768], [-71.2669, 46.7768], [-71.2672, 46.7768], [-71.2675, 46.7768], [-71.2679, 46.7769], [-71.2682, 46.7769], [-71.2685, 46.777], [-71.2687, 46.777], [-71.2689, 46.7771], [-71.269, 46.7772], [-71.2692, 46.7773], [-71.2693, 46.7774], [-71.2693, 46.7775], [-71.2694, 46.7776], [-71.2695, 46.7777], [-71.2696, 46.7777], [-71.2697, 46.7778], [-71.2699, 46.7779], [-71.27, 46.778], [-71.2702, 46.778], [-71.2704, 46.7781], [-71.2706, 46.7781], [-71.2708, 46.7782], [-71.2709, 46.7782], [-71.2711, 46.7782], [-71.2712, 46.7783], [-71.2714, 46.7783], [-71.2715, 46.7782], [-71.2716, 46.7782], [-71.2718, 46.7783], [-71.2719, 46.7784], [-71.272, 46.7786], [-71.272, 46.7789], [-71.2721, 46.7793], [-71.2722, 46.7797], [-71.2722, 46.7802]]]}}, {"type": "Feature", "properties": {"couche": "voile", "station": "Myrand", "minutes": 13}, "geometry": {"type": "Polygon", "coordinates": [[[-71.4314, 46.8965], [-71.0966, 46.8988], [-71.094, 46.6692], [-71.4274, 46.667], [-71.4314, 46.8965]], [[-71.2722, 46.7797], [-71.2721, 46.7793], [-71.272, 46.7789], [-71.272, 46.7786], [-71.2719, 46.7784], [-71.2718, 46.7783], [-71.2716, 46.7782], [-71.2715, 46.7782], [-71.2714, 46.7783], [-71.2712, 46.7783], [-71.2711, 46.7782], [-71.2709, 46.7782], [-71.2708, 46.7782], [-71.2706, 46.7781], [-71.2704, 46.7781], [-71.2702, 46.778], [-71.27, 46.778], [-71.2699, 46.7779], [-71.2697, 46.7778], [-71.2696, 46.7777], [-71.2695, 46.7777], [-71.2694, 46.7776], [-71.2693, 46.7775], [-71.2693, 46.7774], [-71.2692, 46.7773], [-71.269, 46.7772], [-71.2689, 46.7771], [-71.2687, 46.777], [-71.2685, 46.777], [-71.2682, 46.7769], [-71.2679, 46.7769], [-71.2675, 46.7768], [-71.2672, 46.7768], [-71.2669, 46.7768], [-71.2667, 46.7768], [-71.2664, 46.7768], [-71.2662, 46.7768], [-71.266, 46.7769], [-71.2658, 46.777], [-71.2657, 46.7771], [-71.2655, 46.7771], [-71.2654, 46.7772], [-71.2653, 46.7772], [-71.2652, 46.7772], [-71.2651, 46.7771], [-71.2651, 46.777], [-71.2651, 46.7769], [-71.265, 46.7768], [-71.2649, 46.7768], [-71.2648, 46.7768], [-71.2646, 46.7768], [-71.2644, 46.7769], [-71.2642, 46.777], [-71.264, 46.7771], [-71.2638, 46.7772], [-71.2637, 46.7773], [-71.2636, 46.7773], [-71.2635, 46.7773], [-71.2636, 46.7772], [-71.2637, 46.777], [-71.2638, 46.7769], [-71.2639, 46.7769], [-71.2639, 46.7768], [-71.2638, 46.7767], [-71.2637, 46.7767], [-71.2636, 46.7767], [-71.2634, 46.7767], [-71.2633, 46.7767], [-71.2632, 46.7767], [-71.2631, 46.7767], [-71.263, 46.7767], [-71.2629, 46.7767], [-71.2629, 46.7766], [-71.2629, 46.7765], [-71.2629, 46.7764], [-71.2628, 46.7764], [-71.2628, 46.7763], [-71.2627, 46.7763], [-71.2626, 46.7763], [-71.2625, 46.7762], [-71.2624, 46.7762], [-71.2623, 46.7762], [-71.2622, 46.7762], [-71.2621, 46.7763], [-71.262, 46.7763], [-71.262, 46.7764], [-71.2619, 46.7766], [-71.2619, 46.7767], [-71.2619, 46.7769], [-71.262, 46.7771], [-71.2619, 46.7773], [-71.2618, 46.7775], [-71.2617, 46.7777], [-71.2614, 46.7779], [-71.2611, 46.7782], [-71.2607, 46.7784], [-71.2603, 46.7786], [-71.2598, 46.7788], [-71.2593, 46.779], [-71.2589, 46.7792], [-71.2586, 46.7793], [-71.2583, 46.7794], [-71.258, 46.7794], [-71.2578, 46.7794], [-71.2576, 46.7794], [-71.2575, 46.7793], [-71.2574, 46.7793], [-71.2573, 46.7792], [-71.2572, 46.7792], [-71.257, 46.7792], [-71.2569, 46.7792], [-71.2567, 46.7792], [-71.2566, 46.7792], [-71.2564, 46.7792], [-71.2563, 46.7793], [-71.2561, 46.7793], [-71.256, 46.7794], [-71.2559, 46.7795], [-71.2559, 46.7796], [-71.2558, 46.7797], [-71.2558, 46.7798], [-71.2558, 46.7799], [-71.2558, 46.78], [-71.2558, 46.7801], [-71.2558, 46.7802], [-71.2558, 46.7803], [-71.2559, 46.7803], [-71.256, 46.7804], [-71.2561, 46.7804], [-71.2562, 46.7805], [-71.2563, 46.7805], [-71.2563, 46.7806], [-71.2562, 46.7807], [-71.2561, 46.7807], [-71.256, 46.7808], [-71.2559, 46.7809], [-71.2558, 46.781], [-71.2557, 46.7811], [-71.2557, 46.7812], [-71.2556, 46.7813], [-71.2556, 46.7814], [-71.2555, 46.7816], [-71.2555, 46.7817], [-71.2555, 46.7819], [-71.2555, 46.782], [-71.2555, 46.7821], [-71.2556, 46.7822], [-71.2557, 46.7823], [-71.2558, 46.7824], [-71.2559, 46.7824], [-71.256, 46.7824], [-71.2561, 46.7825], [-71.2561, 46.7826], [-71.256, 46.7826], [-71.2559, 46.7827], [-71.2558, 46.7828], [-71.2556, 46.7829], [-71.2554, 46.783], [-71.2553, 46.783], [-71.2551, 46.7831], [-71.2549, 46.7831], [-71.2548, 46.7832], [-71.2546, 46.7832], [-71.2545, 46.7832], [-71.2543, 46.7832], [-71.2542, 46.7832], [-71.2541, 46.7832], [-71.254, 46.7833], [-71.254, 46.7834], [-71.2539, 46.7835], [-71.2539, 46.7836], [-71.2539, 46.7838], [-71.254, 46.784], [-71.254, 46.7842], [-71.2539, 46.7843], [-71.2539, 46.7845], [-71.2539, 46.7847], [-71.2538, 46.7848], [-71.2537, 46.785], [-71.2536, 46.7852], [-71.2535, 46.7853], [-71.2534, 46.7854], [-71.2534, 46.7856], [-71.2534, 46.7857], [-71.2534, 46.7858], [-71.2534, 46.786], [-71.2534, 46.7861], [-71.2535, 46.7862], [-71.2537, 46.7863], [-71.2537, 46.7864], [-71.2538, 46.7865], [-71.2538, 46.7866], [-71.2537, 46.7867], [-71.2535, 46.7868], [-71.2534, 46.7868], [-71.2533, 46.7868], [-71.2531, 46.7868], [-71.253, 46.7869], [-71.2529, 46.7869], [-71.2528, 46.787], [-71.2527, 46.7871], [-71.2526, 46.7871], [-71.2525, 46.7872], [-71.2525, 46.7873], [-71.2525, 46.7874], [-71.2525, 46.7875], [-71.2526, 46.7876], [-71.2526, 46.7877], [-71.2528, 46.7877], [-71.2529, 46.7878], [-71.253, 46.7879], [-71.2531, 46.788], [-71.2532, 46.7881], [-71.2533, 46.7882], [-71.2533, 46.7883], [-71.2533, 46.7884], [-71.2533, 46.7885], [-71.2533, 46.7886], [-71.2533, 46.7888], [-71.2533, 46.7889], [-71.2534, 46.7889], [-71.2534, 46.789], [-71.2534, 46.7891], [-71.2535, 46.7891], [-71.2536, 46.7892], [-71.2537, 46.7892], [-71.2538, 46.7892], [-71.2539, 46.7892], [-71.254, 46.7891], [-71.2541, 46.7891], [-71.2542, 46.7891], [-71.2544, 46.789], [-71.2545, 46.7889], [-71.2547, 46.7888], [-71.2548, 46.7887], [-71.2549, 46.7887], [-71.255, 46.7887], [-71.2551, 46.7887], [-71.2552, 46.7887], [-71.2552, 46.7888], [-71.2552, 46.7889], [-71.2552, 46.789], [-71.2553, 46.7891], [-71.2554, 46.7891], [-71.2555, 46.7892], [-71.2556, 46.7893], [-71.2557, 46.7893], [-71.2559, 46.7894], [-71.2561, 46.7894], [-71.2562, 46.7894], [-71.2564, 46.7894], [-71.2566, 46.7894], [-71.2568, 46.7894], [-71.2569, 46.7894], [-71.2571, 46.7893], [-71.2572, 46.7893], [-71.2574, 46.7892], [-71.2575, 46.7891], [-71.2576, 46.789], [-71.2577, 46.7889], [-71.2578, 46.7888], [-71.2578, 46.7887], [-71.2578, 46.7886], [-71.2579, 46.7884], [-71.2579, 46.7883], [-71.2579, 46.7882], [-71.258, 46.7882], [-71.2581, 46.7882], [-71.2582, 46.7882], [-71.2584, 46.7883], [-71.2586, 46.7885], [-71.2589, 46.7886], [-71.2592, 46.7889], [-71.2595, 46.7891], [-71.2598, 46.7892], [-71.26, 46.7894], [-71.2603, 46.7895], [-71.2605, 46.7896], [-71.2608, 46.7896], [-71.261, 46.7897], [-71.2612, 46.7897], [-71.2613, 46.7897], [-71.2615, 46.7896], [-71.2616, 46.7896], [-71.2617, 46.7896], [-71.2618, 46.7896], [-71.2619, 46.7895], [-71.2619, 46.7894], [-71.262, 46.7894], [-71.262, 46.7893], [-71.2621, 46.7893], [-71.2622, 46.7893], [-71.2623, 46.7893], [-71.2624, 46.7893], [-71.2625, 46.7893], [-71.2627, 46.7894], [-71.2628, 46.7895], [-71.263, 46.7895], [-71.2631, 46.7895], [-71.2632, 46.7895], [-71.2632, 46.7894], [-71.2631, 46.7893], [-71.2631, 46.7891], [-71.263, 46.789], [-71.2629, 46.7888], [-71.2629, 46.7887], [-71.2631, 46.7888], [-71.2632, 46.7889], [-71.2634, 46.789], [-71.2636, 46.7892], [-71.2639, 46.7894], [-71.2641, 46.7895], [-71.2643, 46.7896], [-71.2644, 46.7896], [-71.2646, 46.7897], [-71.2648, 46.7897], [-71.2649, 46.7897], [-71.265, 46.7896], [-71.2651, 46.7896], [-71.2653, 46.7896], [-71.2654, 46.7896], [-71.2655, 46.7896], [-71.2656, 46.7896], [-71.2658, 46.7896], [-71.2659, 46.7896], [-71.266, 46.7897], [-71.2661, 46.7897], [-71.2662, 46.7897], [-71.2663, 46.7897], [-71.2663, 46.7896], [-71.2664, 46.7896], [-71.2664, 46.7895], [-71.2664, 46.7894], [-71.2664, 46.7893], [-71.2664, 46.7892], [-71.2665, 46.7892], [-71.2666, 46.7892], [-71.2667, 46.7892], [-71.2669, 46.7893], [-71.2671, 46.7894], [-71.2673, 46.7895], [-71.2675, 46.7896], [-71.2677, 46.7897], [-71.2679, 46.7897], [-71.2681, 46.7897], [-71.2682, 46.7898], [-71.2683, 46.7898], [-71.2684, 46.7897], [-71.2685, 46.7897], [-71.2686, 46.7896], [-71.2687, 46.7896], [-71.2689, 46.7896], [-71.2691, 46.7896], [-71.2693, 46.7896], [-71.2696, 46.7896], [-71.2698, 46.7896], [-71.2701, 46.7896], [-71.2704, 46.7896], [-71.2707, 46.7895], [-71.2709, 46.7894], [-71.2711, 46.7893], [-71.2713, 46.7891], [-71.2714, 46.7889], [-71.2715, 46.7887], [-71.2716, 46.7884], [-71.2717, 46.7881], [-71.2717, 46.7878], [-71.2717, 46.7876], [-71.2716, 46.7874], [-71.2716, 46.7872], [-71.2714, 46.787], [-71.2713, 46.7869], [-71.2711, 46.7868], [-71.271, 46.7866], [-71.2709, 46.7865], [-71.2709, 46.7864], [-71.2709, 46.7863], [-71.2709, 46.7861], [-71.271, 46.786], [-71.2712, 46.7859], [-71.2714, 46.7857], [-71.2715, 46.7856], [-71.2716, 46.7855], [-71.2715, 46.7855], [-71.2714, 46.7855], [-71.2712, 46.7855], [-71.2709, 46.7856], [-71.2705, 46.7856], [-71.27, 46.7858], [-71.2696, 46.7859], [-71.2692, 46.7859], [-71.2688, 46.786], [-71.2685, 46.786], [-71.2683, 46.7859], [-71.268, 46.7859], [-71.2679, 46.7858], [-71.2677, 46.7857], [-71.2677, 46.7856], [-71.2677, 46.7855], [-71.2677, 46.7854], [-71.2678, 46.7853], [-71.2679, 46.7851], [-71.2681, 46.7849], [-71.2684, 46.7848], [-71.2687, 46.7846], [-71.269, 46.7844], [-71.2692, 46.7843], [-71.2695, 46.7843], [-71.2697, 46.7842], [-71.2699, 46.7842], [-71.2701, 46.7843], [-71.2702, 46.7843], [-71.2703, 46.7844], [-71.2704, 46.7845], [-71.2705, 46.7846], [-71.2707, 46.7847], [-71.2708, 46.7847], [-71.2709, 46.7848], [-71.271, 46.7848], [-71.2711, 46.7848], [-71.2712, 46.7848], [-71.2713, 46.7847], [-71.2714, 46.7846], [-71.2714, 46.7845], [-71.2715, 46.7844], [-71.2715, 46.7843], [-71.2716, 46.7841], [-71.2716, 46.7839], [-71.2716, 46.7838], [-71.2716, 46.7836], [-71.2715, 46.7835], [-71.2715, 46.7834], [-71.2714, 46.7833], [-71.2712, 46.7832], [-71.2711, 46.7831], [-71.2709, 46.783], [-71.2707, 46.783], [-71.2706, 46.7829], [-71.2707, 46.7829], [-71.2707, 46.7828], [-71.2709, 46.7828], [-71.2711, 46.7828], [-71.2714, 46.7829], [-71.2716, 46.7828], [-71.2718, 46.7827], [-71.272, 46.7825], [-71.2721, 46.7822], [-71.2722, 46.7818], [-71.2722, 46.7814], [-71.2722, 46.7808], [-71.2722, 46.7802], [-71.2722, 46.7797]]]}}, {"type": "Feature", "properties": {"couche": "aire_marche", "station": "Myrand", "ordre": 13, "minutes": 14, "superficie_ha": 194.5, "rue_km": 51.13, "disque_ha": 301.7, "part_disque_pct": 64, "accroche_m": 1, "population": 5946, "navetteurs": 1452, "mode_auto_pct": 69, "mode_tc_pct": 17, "mode_actif_pct": 13, "mode_autre_pct": 1}, "geometry": {"type": "Polygon", "coordinates": [[[-71.2659, 46.7763], [-71.2663, 46.7763], [-71.2667, 46.7763], [-71.267, 46.7764], [-71.2673, 46.7764], [-71.2675, 46.7764], [-71.2677, 46.7765], [-71.2678, 46.7766], [-71.2679, 46.7766], [-71.268, 46.7767], [-71.2681, 46.7767], [-71.2682, 46.7768], [-71.2683, 46.7768], [-71.2684, 46.7768], [-71.2686, 46.7768], [-71.2687, 46.7767], [-71.2689, 46.7767], [-71.2691, 46.7767], [-71.2692, 46.7767], [-71.2694, 46.7767], [-71.2695, 46.7768], [-71.2697, 46.7769], [-71.2698, 46.777], [-71.27, 46.7771], [-71.2701, 46.7773], [-71.2702, 46.7774], [-71.2704, 46.7775], [-71.2706, 46.7776], [-71.2708, 46.7777], [-71.271, 46.7777], [-71.2712, 46.7778], [-71.2715, 46.7778], [-71.2717, 46.7778], [-71.272, 46.7778], [-71.2722, 46.7778], [-71.2724, 46.7778], [-71.2726, 46.7778], [-71.2727, 46.7778], [-71.2728, 46.7779], [-71.2729, 46.7779], [-71.273, 46.778], [-71.2731, 46.7781], [-71.2732, 46.7782], [-71.2732, 46.7783], [-71.2731, 46.7784], [-71.2731, 46.7785], [-71.273, 46.7786], [-71.273, 46.7787], [-71.2729, 46.7788], [-71.2729, 46.779], [-71.2729, 46.7791], [-71.273, 46.7793], [-71.273, 46.7795], [-71.2731, 46.7797], [-71.2732, 46.7799], [-71.2733, 46.7801], [-71.2733, 46.7804], [-71.2734, 46.7806], [-71.2734, 46.7808], [-71.2734, 46.7811], [-71.2734, 46.7814], [-71.2733, 46.7816], [-71.2733, 46.7819], [-71.2732, 46.7822], [-71.2731, 46.7824], [-71.273, 46.7826], [-71.2729, 46.7828], [-71.2728, 46.783], [-71.2726, 46.7832], [-71.2724, 46.7834], [-71.2723, 46.7835], [-71.2721, 46.7836], [-71.272, 46.7838], [-71.2719, 46.7839], [-71.2718, 46.784], [-71.2717, 46.7841], [-71.2717, 46.7842], [-71.2717, 46.7843], [-71.2717, 46.7844], [-71.2717, 46.7845], [-71.2717, 46.7846], [-71.2718, 46.7846], [-71.2718, 46.7847], [-71.2719, 46.7847], [-71.272, 46.7847], [-71.2721, 46.7847], [-71.2722, 46.7847], [-71.2723, 46.7847], [-71.2724, 46.7847], [-71.2725, 46.7847], [-71.2725, 46.7848], [-71.2726, 46.7848], [-71.2727, 46.7848], [-71.2727, 46.7849], [-71.2727, 46.785], [-71.2727, 46.7851], [-71.2726, 46.7852], [-71.2725, 46.7853], [-71.2723, 46.7854], [-71.2721, 46.7855], [-71.2718, 46.7857], [-71.2715, 46.7858], [-71.2713, 46.786], [-71.2711, 46.7861], [-71.271, 46.7863], [-71.271, 46.7864], [-71.2711, 46.7866], [-71.2712, 46.7868], [-71.2714, 46.7869], [-71.2717, 46.7871], [-71.2719, 46.7873], [-71.2721, 46.7875], [-71.2722, 46.7877], [-71.2723, 46.7879], [-71.2724, 46.7882], [-71.2724, 46.7884], [-71.2723, 46.7887], [-71.2722, 46.789], [-71.2721, 46.7893], [-71.272, 46.7895], [-71.2719, 46.7897], [-71.2717, 46.7898], [-71.2715, 46.7899], [-71.2713, 46.7899], [-71.2711, 46.7899], [-71.2708, 46.7898], [-71.2706, 46.7898], [-71.2704, 46.7898], [-71.2702, 46.7898], [-71.27, 46.7898], [-71.2698, 46.7898], [-71.2697, 46.7899], [-71.2696, 46.7899], [-71.2695, 46.79], [-71.2693, 46.7901], [-71.2692, 46.7902], [-71.2691, 46.7902], [-71.2689, 46.7902], [-71.2688, 46.7903], [-71.2687, 46.7903], [-71.2685, 46.7903], [-71.2683, 46.7903], [-71.2682, 46.7902], [-71.268, 46.7902], [-71.2678, 46.7901], [-71.2677, 46.79], [-71.2675, 46.7899], [-71.2673, 46.7898], [-71.2671, 46.7897], [-71.2669, 46.7895], [-71.2668, 46.7894], [-71.2667, 46.7893], [-71.2666, 46.7892], [-71.2666, 46.7893], [-71.2667, 46.7894], [-71.2668, 46.7895], [-71.2669, 46.7896], [-71.267, 46.7897], [-71.2671, 46.7898], [-71.2671, 46.7899], [-71.2671, 46.79], [-71.2671, 46.7901], [-71.267, 46.7902], [-71.2669, 46.7902], [-71.2668, 46.7902], [-71.2667, 46.7902], [-71.2666, 46.7901], [-71.2664, 46.79], [-71.2663, 46.79], [-71.2661, 46.7899], [-71.2659, 46.7898], [-71.2658, 46.7897], [-71.2657, 46.7897], [-71.2656, 46.7897], [-71.2655, 46.7897], [-71.2654, 46.7898], [-71.2654, 46.7899], [-71.2654, 46.79], [-71.2653, 46.7901], [-71.2652, 46.7902], [-71.2651, 46.7902], [-71.2649, 46.7903], [-71.2648, 46.7903], [-71.2646, 46.7903], [-71.2643, 46.7903], [-71.2641, 46.7903], [-71.2639, 46.7902], [-71.2637, 46.7902], [-71.2636, 46.7902], [-71.2634, 46.7901], [-71.2633, 46.7901], [-71.2632, 46.79], [-71.2631, 46.7899], [-71.263, 46.7899], [-71.2629, 46.7898], [-71.2628, 46.7898], [-71.2627, 46.7898], [-71.2626, 46.7898], [-71.2626, 46.7899], [-71.2625, 46.7899], [-71.2625, 46.79], [-71.2624, 46.79], [-71.2623, 46.7901], [-71.2622, 46.7901], [-71.2621, 46.7901], [-71.2619, 46.7901], [-71.2617, 46.7901], [-71.2615, 46.7901], [-71.2613, 46.7901], [-71.2611, 46.7901], [-71.2609, 46.79], [-71.2607, 46.7899], [-71.2604, 46.7897], [-71.2602, 46.7896], [-71.2599, 46.7894], [-71.2596, 46.7892], [-71.2593, 46.789], [-71.259, 46.7889], [-71.2588, 46.7889], [-71.2585, 46.7889], [-71.2581, 46.7889], [-71.2578, 46.789], [-71.2575, 46.7891], [-71.2572, 46.7893], [-71.2569, 46.7894], [-71.2566, 46.7896], [-71.2563, 46.7897], [-71.256, 46.7897], [-71.2558, 46.7897], [-71.2555, 46.7897], [-71.2553, 46.7897], [-71.2551, 46.7896], [-71.2549, 46.7895], [-71.2548, 46.7895], [-71.2547, 46.7894], [-71.2546, 46.7893], [-71.2546, 46.7892], [-71.2546, 46.7891], [-71.2547, 46.789], [-71.2545, 46.7891], [-71.2544, 46.7893], [-71.2542, 46.7894], [-71.2541, 46.7895], [-71.2539, 46.7895], [-71.2538, 46.7896], [-71.2536, 46.7896], [-71.2535, 46.7896], [-71.2533, 46.7896], [-71.2532, 46.7896], [-71.2531, 46.7896], [-71.253, 46.7895], [-71.2529, 46.7894], [-71.2529, 46.7893], [-71.253, 46.7892], [-71.253, 46.7891], [-71.2531, 46.789], [-71.2531, 46.7889], [-71.2531, 46.7888], [-71.2531, 46.7887], [-71.253, 46.7886], [-71.253, 46.7885], [-71.2529, 46.7885], [-71.2528, 46.7885], [-71.2527, 46.7884], [-71.2527, 46.7883], [-71.2528, 46.7882], [-71.2528, 46.7881], [-71.2529, 46.7881], [-71.253, 46.788], [-71.2529, 46.788], [-71.2528, 46.788], [-71.2527, 46.788], [-71.2526, 46.788], [-71.2524, 46.788], [-71.2523, 46.788], [-71.2521, 46.788], [-71.252, 46.788], [-71.2519, 46.788], [-71.2518, 46.7879], [-71.2517, 46.7879], [-71.2516, 46.7879], [-71.2516, 46.7878], [-71.2516, 46.7877], [-71.2517, 46.7876], [-71.2518, 46.7875], [-71.252, 46.7874], [-71.2523, 46.7873], [-71.2526, 46.7872], [-71.2529, 46.7871], [-71.2532, 46.787], [-71.2534, 46.7869], [-71.2535, 46.7868], [-71.2536, 46.7867], [-71.2536, 46.7866], [-71.2535, 46.7864], [-71.2534, 46.7863], [-71.2532, 46.7862], [-71.253, 46.7861], [-71.2529, 46.786], [-71.2528, 46.7859], [-71.2528, 46.7857], [-71.2528, 46.7855], [-71.2528, 46.7854], [-71.2529, 46.7852], [-71.2531, 46.785], [-71.2532, 46.7848], [-71.2533, 46.7846], [-71.2534, 46.7844], [-71.2534, 46.7842], [-71.2534, 46.784], [-71.2535, 46.7838], [-71.2534, 46.7836], [-71.2534, 46.7834], [-71.2534, 46.7832], [-71.2534, 46.783], [-71.2534, 46.7829], [-71.2535, 46.7828], [-71.2535, 46.7827], [-71.2536, 46.7827], [-71.2537, 46.7827], [-71.2539, 46.7827], [-71.254, 46.7827], [-71.2541, 46.7826], [-71.2543, 46.7826], [-71.2544, 46.7825], [-71.2546, 46.7825], [-71.2548, 46.7824], [-71.2549, 46.7823], [-71.2551, 46.7822], [-71.2552, 46.7822], [-71.2553, 46.7821], [-71.2554, 46.782], [-71.2554, 46.7819], [-71.2554, 46.7818], [-71.2553, 46.7818], [-71.2552, 46.7817], [-71.2551, 46.7817], [-71.2551, 46.7816], [-71.255, 46.7815], [-71.255, 46.7814], [-71.255, 46.7812], [-71.255, 46.781], [-71.255, 46.7808], [-71.255, 46.7806], [-71.255, 46.7804], [-71.2551, 46.7802], [-71.2551, 46.7801], [-71.2552, 46.78], [-71.2552, 46.7799], [-71.2553, 46.7798], [-71.2554, 46.7797], [-71.2555, 46.7797], [-71.2556, 46.7796], [-71.2556, 46.7795], [-71.2556, 46.7794], [-71.2556, 46.7793], [-71.2555, 46.7793], [-71.2555, 46.7792], [-71.2555, 46.7791], [-71.2555, 46.779], [-71.2556, 46.7789], [-71.2558, 46.7789], [-71.2559, 46.7788], [-71.2562, 46.7788], [-71.2565, 46.7788], [-71.2568, 46.7787], [-71.2571, 46.7787], [-71.2573, 46.7788], [-71.2576, 46.7788], [-71.2577, 46.7789], [-71.2578, 46.7789], [-71.2579, 46.779], [-71.258, 46.7791], [-71.258, 46.7792], [-71.2581, 46.7793], [-71.2582, 46.7794], [-71.2584, 46.7793], [-71.2586, 46.7793], [-71.259, 46.7792], [-71.2593, 46.779], [-71.2598, 46.7788], [-71.2603, 46.7786], [-71.2607, 46.7784], [-71.2611, 46.7782], [-71.2613, 46.778], [-71.2615, 46.7779], [-71.2616, 46.7777], [-71.2616, 46.7776], [-71.2615, 46.7775], [-71.2614, 46.7775], [-71.2612, 46.7774], [-71.2611, 46.7773], [-71.2611, 46.7772], [-71.2611, 46.7771], [-71.2611, 46.777], [-71.2612, 46.7769], [-71.2613, 46.7768], [-71.2614, 46.7767], [-71.2614, 46.7766], [-71.2615, 46.7765], [-71.2615, 46.7764], [-71.2615, 46.7763], [-71.2615, 46.7762], [-71.2614, 46.7761], [-71.2614, 46.776], [-71.2614, 46.7759], [-71.2615, 46.7759], [-71.2615, 46.7758], [-71.2616, 46.7758], [-71.2617, 46.7758], [-71.2618, 46.7759], [-71.2619, 46.7759], [-71.262, 46.776], [-71.2622, 46.776], [-71.2623, 46.776], [-71.2624, 46.776], [-71.2625, 46.776], [-71.2626, 46.776], [-71.2627, 46.7759], [-71.2628, 46.7759], [-71.2629, 46.7759], [-71.263, 46.7759], [-71.2631, 46.7759], [-71.2632, 46.7759], [-71.2633, 46.776], [-71.2634, 46.7761], [-71.2636, 46.7761], [-71.2637, 46.7762], [-71.264, 46.7762], [-71.2643, 46.7762], [-71.2646, 46.7763], [-71.265, 46.7763], [-71.2654, 46.7763], [-71.2659, 46.7763]]]}}, {"type": "Feature", "properties": {"couche": "voile", "station": "Myrand", "minutes": 14}, "geometry": {"type": "Polygon", "coordinates": [[[-71.4326, 46.897], [-71.0957, 46.8993], [-71.0931, 46.6688], [-71.4286, 46.6666], [-71.4326, 46.897]], [[-71.2654, 46.7763], [-71.265, 46.7763], [-71.2646, 46.7763], [-71.2643, 46.7762], [-71.264, 46.7762], [-71.2637, 46.7762], [-71.2636, 46.7761], [-71.2634, 46.7761], [-71.2633, 46.776], [-71.2632, 46.7759], [-71.2631, 46.7759], [-71.263, 46.7759], [-71.2629, 46.7759], [-71.2628, 46.7759], [-71.2627, 46.7759], [-71.2626, 46.776], [-71.2625, 46.776], [-71.2624, 46.776], [-71.2623, 46.776], [-71.2622, 46.776], [-71.262, 46.776], [-71.2619, 46.7759], [-71.2618, 46.7759], [-71.2617, 46.7758], [-71.2616, 46.7758], [-71.2615, 46.7758], [-71.2615, 46.7759], [-71.2614, 46.7759], [-71.2614, 46.776], [-71.2614, 46.7761], [-71.2615, 46.7762], [-71.2615, 46.7763], [-71.2615, 46.7764], [-71.2615, 46.7765], [-71.2614, 46.7766], [-71.2614, 46.7767], [-71.2613, 46.7768], [-71.2612, 46.7769], [-71.2611, 46.777], [-71.2611, 46.7771], [-71.2611, 46.7772], [-71.2611, 46.7773], [-71.2612, 46.7774], [-71.2614, 46.7775], [-71.2615, 46.7775], [-71.2616, 46.7776], [-71.2616, 46.7777], [-71.2615, 46.7779], [-71.2613, 46.778], [-71.2611, 46.7782], [-71.2607, 46.7784], [-71.2603, 46.7786], [-71.2598, 46.7788], [-71.2593, 46.779], [-71.259, 46.7792], [-71.2586, 46.7793], [-71.2584, 46.7793], [-71.2582, 46.7794], [-71.2581, 46.7793], [-71.258, 46.7792], [-71.258, 46.7791], [-71.2579, 46.779], [-71.2578, 46.7789], [-71.2577, 46.7789], [-71.2576, 46.7788], [-71.2573, 46.7788], [-71.2571, 46.7787], [-71.2568, 46.7787], [-71.2565, 46.7788], [-71.2562, 46.7788], [-71.2559, 46.7788], [-71.2558, 46.7789], [-71.2556, 46.7789], [-71.2555, 46.779], [-71.2555, 46.7791], [-71.2555, 46.7792], [-71.2555, 46.7793], [-71.2556, 46.7793], [-71.2556, 46.7794], [-71.2556, 46.7795], [-71.2556, 46.7796], [-71.2555, 46.7797], [-71.2554, 46.7797], [-71.2553, 46.7798], [-71.2552, 46.7799], [-71.2552, 46.78], [-71.2551, 46.7801], [-71.2551, 46.7802], [-71.255, 46.7804], [-71.255, 46.7806], [-71.255, 46.7808], [-71.255, 46.781], [-71.255, 46.7812], [-71.255, 46.7814], [-71.255, 46.7815], [-71.2551, 46.7816], [-71.2551, 46.7817], [-71.2552, 46.7817], [-71.2553, 46.7818], [-71.2554, 46.7818], [-71.2554, 46.7819], [-71.2554, 46.782], [-71.2553, 46.7821], [-71.2552, 46.7822], [-71.2551, 46.7822], [-71.2549, 46.7823], [-71.2548, 46.7824], [-71.2546, 46.7825], [-71.2544, 46.7825], [-71.2543, 46.7826], [-71.2541, 46.7826], [-71.254, 46.7827], [-71.2539, 46.7827], [-71.2537, 46.7827], [-71.2536, 46.7827], [-71.2535, 46.7827], [-71.2535, 46.7828], [-71.2534, 46.7829], [-71.2534, 46.783], [-71.2534, 46.7832], [-71.2534, 46.7834], [-71.2534, 46.7836], [-71.2535, 46.7838], [-71.2534, 46.784], [-71.2534, 46.7842], [-71.2534, 46.7844], [-71.2533, 46.7846], [-71.2532, 46.7848], [-71.2531, 46.785], [-71.2529, 46.7852], [-71.2528, 46.7854], [-71.2528, 46.7855], [-71.2528, 46.7857], [-71.2528, 46.7859], [-71.2529, 46.786], [-71.253, 46.7861], [-71.2532, 46.7862], [-71.2534, 46.7863], [-71.2535, 46.7864], [-71.2536, 46.7866], [-71.2536, 46.7867], [-71.2535, 46.7868], [-71.2534, 46.7869], [-71.2532, 46.787], [-71.2529, 46.7871], [-71.2526, 46.7872], [-71.2523, 46.7873], [-71.252, 46.7874], [-71.2518, 46.7875], [-71.2517, 46.7876], [-71.2516, 46.7877], [-71.2516, 46.7878], [-71.2516, 46.7879], [-71.2517, 46.7879], [-71.2518, 46.7879], [-71.2519, 46.788], [-71.252, 46.788], [-71.2521, 46.788], [-71.2523, 46.788], [-71.2524, 46.788], [-71.2526, 46.788], [-71.2527, 46.788], [-71.2528, 46.788], [-71.2529, 46.788], [-71.253, 46.788], [-71.2529, 46.7881], [-71.2528, 46.7881], [-71.2528, 46.7882], [-71.2527, 46.7883], [-71.2527, 46.7884], [-71.2528, 46.7885], [-71.2529, 46.7885], [-71.253, 46.7885], [-71.253, 46.7886], [-71.2531, 46.7887], [-71.2531, 46.7888], [-71.2531, 46.7889], [-71.2531, 46.789], [-71.253, 46.7891], [-71.253, 46.7892], [-71.2529, 46.7893], [-71.2529, 46.7894], [-71.253, 46.7895], [-71.2531, 46.7896], [-71.2532, 46.7896], [-71.2533, 46.7896], [-71.2535, 46.7896], [-71.2536, 46.7896], [-71.2538, 46.7896], [-71.2539, 46.7895], [-71.2541, 46.7895], [-71.2542, 46.7894], [-71.2544, 46.7893], [-71.2545, 46.7891], [-71.2547, 46.789], [-71.2546, 46.7891], [-71.2546, 46.7892], [-71.2546, 46.7893], [-71.2547, 46.7894], [-71.2548, 46.7895], [-71.2549, 46.7895], [-71.2551, 46.7896], [-71.2553, 46.7897], [-71.2555, 46.7897], [-71.2558, 46.7897], [-71.256, 46.7897], [-71.2563, 46.7897], [-71.2566, 46.7896], [-71.2569, 46.7894], [-71.2572, 46.7893], [-71.2575, 46.7891], [-71.2578, 46.789], [-71.2581, 46.7889], [-71.2585, 46.7889], [-71.2588, 46.7889], [-71.259, 46.7889], [-71.2593, 46.789], [-71.2596, 46.7892], [-71.2599, 46.7894], [-71.2602, 46.7896], [-71.2604, 46.7897], [-71.2607, 46.7899], [-71.2609, 46.79], [-71.2611, 46.7901], [-71.2613, 46.7901], [-71.2615, 46.7901], [-71.2617, 46.7901], [-71.2619, 46.7901], [-71.2621, 46.7901], [-71.2622, 46.7901], [-71.2623, 46.7901], [-71.2624, 46.79], [-71.2625, 46.79], [-71.2625, 46.7899], [-71.2626, 46.7899], [-71.2626, 46.7898], [-71.2627, 46.7898], [-71.2628, 46.7898], [-71.2629, 46.7898], [-71.263, 46.7899], [-71.2631, 46.7899], [-71.2632, 46.79], [-71.2633, 46.7901], [-71.2634, 46.7901], [-71.2636, 46.7902], [-71.2637, 46.7902], [-71.2639, 46.7902], [-71.2641, 46.7903], [-71.2643, 46.7903], [-71.2646, 46.7903], [-71.2648, 46.7903], [-71.2649, 46.7903], [-71.2651, 46.7902], [-71.2652, 46.7902], [-71.2653, 46.7901], [-71.2654, 46.79], [-71.2654, 46.7899], [-71.2654, 46.7898], [-71.2655, 46.7897], [-71.2656, 46.7897], [-71.2657, 46.7897], [-71.2658, 46.7897], [-71.2659, 46.7898], [-71.2661, 46.7899], [-71.2663, 46.79], [-71.2664, 46.79], [-71.2666, 46.7901], [-71.2667, 46.7902], [-71.2668, 46.7902], [-71.2669, 46.7902], [-71.267, 46.7902], [-71.2671, 46.7901], [-71.2671, 46.79], [-71.2671, 46.7899], [-71.2671, 46.7898], [-71.267, 46.7897], [-71.2669, 46.7896], [-71.2668, 46.7895], [-71.2667, 46.7894], [-71.2666, 46.7893], [-71.2666, 46.7892], [-71.2667, 46.7893], [-71.2668, 46.7894], [-71.2669, 46.7895], [-71.2671, 46.7897], [-71.2673, 46.7898], [-71.2675, 46.7899], [-71.2677, 46.79], [-71.2678, 46.7901], [-71.268, 46.7902], [-71.2682, 46.7902], [-71.2683, 46.7903], [-71.2685, 46.7903], [-71.2687, 46.7903], [-71.2688, 46.7903], [-71.2689, 46.7902], [-71.2691, 46.7902], [-71.2692, 46.7902], [-71.2693, 46.7901], [-71.2695, 46.79], [-71.2696, 46.7899], [-71.2697, 46.7899], [-71.2698, 46.7898], [-71.27, 46.7898], [-71.2702, 46.7898], [-71.2704, 46.7898], [-71.2706, 46.7898], [-71.2708, 46.7898], [-71.2711, 46.7899], [-71.2713, 46.7899], [-71.2715, 46.7899], [-71.2717, 46.7898], [-71.2719, 46.7897], [-71.272, 46.7895], [-71.2721, 46.7893], [-71.2722, 46.789], [-71.2723, 46.7887], [-71.2724, 46.7884], [-71.2724, 46.7882], [-71.2723, 46.7879], [-71.2722, 46.7877], [-71.2721, 46.7875], [-71.2719, 46.7873], [-71.2717, 46.7871], [-71.2714, 46.7869], [-71.2712, 46.7868], [-71.2711, 46.7866], [-71.271, 46.7864], [-71.271, 46.7863], [-71.2711, 46.7861], [-71.2713, 46.786], [-71.2715, 46.7858], [-71.2718, 46.7857], [-71.2721, 46.7855], [-71.2723, 46.7854], [-71.2725, 46.7853], [-71.2726, 46.7852], [-71.2727, 46.7851], [-71.2727, 46.785], [-71.2727, 46.7849], [-71.2727, 46.7848], [-71.2726, 46.7848], [-71.2725, 46.7848], [-71.2725, 46.7847], [-71.2724, 46.7847], [-71.2723, 46.7847], [-71.2722, 46.7847], [-71.2721, 46.7847], [-71.272, 46.7847], [-71.2719, 46.7847], [-71.2718, 46.7847], [-71.2718, 46.7846], [-71.2717, 46.7846], [-71.2717, 46.7845], [-71.2717, 46.7844], [-71.2717, 46.7843], [-71.2717, 46.7842], [-71.2717, 46.7841], [-71.2718, 46.784], [-71.2719, 46.7839], [-71.272, 46.7838], [-71.2721, 46.7836], [-71.2723, 46.7835], [-71.2724, 46.7834], [-71.2726, 46.7832], [-71.2728, 46.783], [-71.2729, 46.7828], [-71.273, 46.7826], [-71.2731, 46.7824], [-71.2732, 46.7822], [-71.2733, 46.7819], [-71.2733, 46.7816], [-71.2734, 46.7814], [-71.2734, 46.7811], [-71.2734, 46.7808], [-71.2734, 46.7806], [-71.2733, 46.7804], [-71.2733, 46.7801], [-71.2732, 46.7799], [-71.2731, 46.7797], [-71.273, 46.7795], [-71.273, 46.7793], [-71.2729, 46.7791], [-71.2729, 46.779], [-71.2729, 46.7788], [-71.273, 46.7787], [-71.273, 46.7786], [-71.2731, 46.7785], [-71.2731, 46.7784], [-71.2732, 46.7783], [-71.2732, 46.7782], [-71.2731, 46.7781], [-71.273, 46.778], [-71.2729, 46.7779], [-71.2728, 46.7779], [-71.2727, 46.7778], [-71.2726, 46.7778], [-71.2724, 46.7778], [-71.2722, 46.7778], [-71.272, 46.7778], [-71.2717, 46.7778], [-71.2715, 46.7778], [-71.2712, 46.7778], [-71.271, 46.7777], [-71.2708, 46.7777], [-71.2706, 46.7776], [-71.2704, 46.7775], [-71.2702, 46.7774], [-71.2701, 46.7773], [-71.27, 46.7771], [-71.2698, 46.777], [-71.2697, 46.7769], [-71.2695, 46.7768], [-71.2694, 46.7767], [-71.2692, 46.7767], [-71.2691, 46.7767], [-71.2689, 46.7767], [-71.2687, 46.7767], [-71.2686, 46.7768], [-71.2684, 46.7768], [-71.2683, 46.7768], [-71.2682, 46.7768], [-71.2681, 46.7767], [-71.268, 46.7767], [-71.2679, 46.7766], [-71.2678, 46.7766], [-71.2677, 46.7765], [-71.2675, 46.7764], [-71.2673, 46.7764], [-71.267, 46.7764], [-71.2667, 46.7763], [-71.2663, 46.7763], [-71.2659, 46.7763], [-71.2654, 46.7763]]]}}, {"type": "Feature", "properties": {"couche": "aire_marche", "station": "Myrand", "ordre": 13, "minutes": 15, "superficie_ha": 222.0, "rue_km": 58.58, "disque_ha": 346.4, "part_disque_pct": 64, "accroche_m": 1, "population": 6992, "navetteurs": 1747, "mode_auto_pct": 69, "mode_tc_pct": 17, "mode_actif_pct": 14, "mode_autre_pct": 0}, "geometry": {"type": "Polygon", "coordinates": [[[-71.274, 46.7819], [-71.2739, 46.7823], [-71.2738, 46.7826], [-71.2736, 46.7829], [-71.2735, 46.7832], [-71.2733, 46.7834], [-71.2731, 46.7836], [-71.2729, 46.7837], [-71.2727, 46.7838], [-71.2725, 46.7838], [-71.2723, 46.7839], [-71.2721, 46.7839], [-71.2719, 46.784], [-71.2718, 46.7841], [-71.2718, 46.7842], [-71.2717, 46.7843], [-71.2717, 46.7844], [-71.2717, 46.7845], [-71.2718, 46.7846], [-71.2719, 46.7847], [-71.272, 46.7847], [-71.2721, 46.7847], [-71.2722, 46.7846], [-71.2723, 46.7846], [-71.2725, 46.7845], [-71.2726, 46.7844], [-71.2727, 46.7844], [-71.2728, 46.7844], [-71.2729, 46.7844], [-71.273, 46.7844], [-71.2731, 46.7844], [-71.2732, 46.7845], [-71.2733, 46.7845], [-71.2733, 46.7846], [-71.2732, 46.7847], [-71.2731, 46.7848], [-71.273, 46.7849], [-71.2728, 46.7851], [-71.2725, 46.7853], [-71.2722, 46.7854], [-71.2718, 46.7856], [-71.2715, 46.7858], [-71.2713, 46.786], [-71.2712, 46.7862], [-71.2712, 46.7865], [-71.2713, 46.7867], [-71.2715, 46.7869], [-71.2718, 46.7871], [-71.2722, 46.7873], [-71.2725, 46.7875], [-71.2727, 46.7878], [-71.2729, 46.788], [-71.273, 46.7882], [-71.273, 46.7884], [-71.273, 46.7886], [-71.2729, 46.7888], [-71.2728, 46.7891], [-71.2726, 46.7893], [-71.2725, 46.7894], [-71.2724, 46.7896], [-71.2723, 46.7898], [-71.2723, 46.7899], [-71.2723, 46.79], [-71.2723, 46.7902], [-71.2723, 46.7903], [-71.2723, 46.7904], [-71.2722, 46.7905], [-71.272, 46.7906], [-71.2719, 46.7906], [-71.2717, 46.7906], [-71.2715, 46.7906], [-71.2714, 46.7906], [-71.2712, 46.7906], [-71.2711, 46.7905], [-71.271, 46.7905], [-71.2709, 46.7904], [-71.2709, 46.7903], [-71.2709, 46.7902], [-71.2709, 46.7901], [-71.2708, 46.79], [-71.2707, 46.7899], [-71.2706, 46.7899], [-71.2705, 46.7898], [-71.2704, 46.7898], [-71.2702, 46.7897], [-71.2701, 46.7897], [-71.27, 46.7897], [-71.2699, 46.7897], [-71.2698, 46.7897], [-71.2697, 46.7897], [-71.2696, 46.7898], [-71.2695, 46.7898], [-71.2695, 46.7899], [-71.2696, 46.79], [-71.2697, 46.7901], [-71.2698, 46.7902], [-71.2699, 46.7903], [-71.2699, 46.7904], [-71.2699, 46.7905], [-71.2698, 46.7906], [-71.2697, 46.7907], [-71.2696, 46.7907], [-71.2695, 46.7907], [-71.2693, 46.7906], [-71.2692, 46.7906], [-71.2691, 46.7905], [-71.2689, 46.7904], [-71.2687, 46.7904], [-71.2685, 46.7903], [-71.2683, 46.7903], [-71.268, 46.7903], [-71.2678, 46.7903], [-71.2675, 46.7903], [-71.2671, 46.7904], [-71.2668, 46.7905], [-71.2665, 46.7906], [-71.2662, 46.7906], [-71.2659, 46.7906], [-71.2657, 46.7906], [-71.2655, 46.7906], [-71.2653, 46.7905], [-71.2652, 46.7904], [-71.265, 46.7903], [-71.2649, 46.7903], [-71.2648, 46.7902], [-71.2647, 46.7902], [-71.2646, 46.7902], [-71.2646, 46.7903], [-71.2645, 46.7903], [-71.2645, 46.7904], [-71.2644, 46.7905], [-71.2643, 46.7906], [-71.2642, 46.7906], [-71.264, 46.7907], [-71.2638, 46.7907], [-71.2635, 46.7907], [-71.2632, 46.7907], [-71.2628, 46.7907], [-71.2624, 46.7906], [-71.2621, 46.7905], [-71.2617, 46.7905], [-71.2614, 46.7903], [-71.2611, 46.7902], [-71.2608, 46.79], [-71.2605, 46.7898], [-71.2602, 46.7896], [-71.2599, 46.7894], [-71.2597, 46.7893], [-71.2595, 46.7892], [-71.2593, 46.7891], [-71.2592, 46.7891], [-71.259, 46.7891], [-71.2589, 46.7892], [-71.2588, 46.7892], [-71.2587, 46.7893], [-71.2586, 46.7893], [-71.2586, 46.7892], [-71.2585, 46.7892], [-71.2584, 46.7892], [-71.2583, 46.7891], [-71.2582, 46.7891], [-71.2581, 46.789], [-71.258, 46.789], [-71.2579, 46.789], [-71.2578, 46.789], [-71.2577, 46.789], [-71.2576, 46.789], [-71.2575, 46.7891], [-71.2574, 46.7891], [-71.2573, 46.7892], [-71.2572, 46.7893], [-71.2571, 46.7894], [-71.257, 46.7895], [-71.257, 46.7896], [-71.2569, 46.7897], [-71.2568, 46.7899], [-71.2567, 46.79], [-71.2566, 46.7901], [-71.2564, 46.7902], [-71.2562, 46.7903], [-71.256, 46.7903], [-71.2557, 46.7903], [-71.2554, 46.7903], [-71.2551, 46.7903], [-71.2547, 46.7902], [-71.2545, 46.7902], [-71.2542, 46.7902], [-71.254, 46.7901], [-71.2538, 46.7901], [-71.2537, 46.79], [-71.2536, 46.7899], [-71.2535, 46.7899], [-71.2535, 46.7898], [-71.2534, 46.7898], [-71.2533, 46.7897], [-71.2532, 46.7897], [-71.253, 46.7897], [-71.2529, 46.7897], [-71.2527, 46.7898], [-71.2525, 46.7898], [-71.2524, 46.7898], [-71.2523, 46.7898], [-71.2522, 46.7898], [-71.2521, 46.7898], [-71.252, 46.7898], [-71.252, 46.7897], [-71.2521, 46.7896], [-71.2521, 46.7895], [-71.252, 46.7894], [-71.252, 46.7893], [-71.2519, 46.7892], [-71.2518, 46.789], [-71.2516, 46.7888], [-71.2514, 46.7887], [-71.2512, 46.7885], [-71.2511, 46.7883], [-71.251, 46.7881], [-71.2509, 46.7879], [-71.2509, 46.7877], [-71.251, 46.7876], [-71.2511, 46.7874], [-71.2512, 46.7873], [-71.2514, 46.7871], [-71.2516, 46.787], [-71.2518, 46.7869], [-71.2519, 46.7868], [-71.252, 46.7867], [-71.252, 46.7866], [-71.252, 46.7865], [-71.2519, 46.7864], [-71.2519, 46.7863], [-71.2519, 46.7862], [-71.252, 46.786], [-71.252, 46.7859], [-71.2521, 46.7857], [-71.2522, 46.7855], [-71.2524, 46.7854], [-71.2525, 46.7852], [-71.2526, 46.785], [-71.2526, 46.7849], [-71.2527, 46.7847], [-71.2527, 46.7846], [-71.2527, 46.7845], [-71.2526, 46.7844], [-71.2526, 46.7843], [-71.2525, 46.7842], [-71.2525, 46.7841], [-71.2525, 46.784], [-71.2526, 46.784], [-71.2526, 46.7839], [-71.2527, 46.7839], [-71.2528, 46.7838], [-71.2529, 46.7837], [-71.2529, 46.7836], [-71.2529, 46.7834], [-71.2529, 46.7833], [-71.2529, 46.7831], [-71.2528, 46.7829], [-71.2528, 46.7827], [-71.2528, 46.7826], [-71.2529, 46.7824], [-71.2529, 46.7823], [-71.253, 46.7822], [-71.2532, 46.7822], [-71.2533, 46.7821], [-71.2535, 46.7821], [-71.2537, 46.7821], [-71.2539, 46.7821], [-71.254, 46.782], [-71.2542, 46.782], [-71.2543, 46.7819], [-71.2544, 46.7818], [-71.2545, 46.7818], [-71.2546, 46.7817], [-71.2547, 46.7816], [-71.2548, 46.7815], [-71.2548, 46.7814], [-71.2548, 46.7813], [-71.2547, 46.7813], [-71.2547, 46.7812], [-71.2546, 46.7812], [-71.2545, 46.7811], [-71.2544, 46.7811], [-71.2544, 46.781], [-71.2543, 46.781], [-71.2543, 46.7809], [-71.2543, 46.7808], [-71.2543, 46.7807], [-71.2544, 46.7806], [-71.2544, 46.7805], [-71.2545, 46.7804], [-71.2546, 46.7804], [-71.2547, 46.7803], [-71.2548, 46.7803], [-71.2549, 46.7803], [-71.255, 46.7803], [-71.255, 46.7802], [-71.2551, 46.7802], [-71.2551, 46.7801], [-71.255, 46.7801], [-71.255, 46.78], [-71.2549, 46.7799], [-71.2548, 46.7798], [-71.2547, 46.7798], [-71.2547, 46.7797], [-71.2547, 46.7796], [-71.2547, 46.7795], [-71.2547, 46.7794], [-71.2548, 46.7793], [-71.2549, 46.7793], [-71.2549, 46.7792], [-71.255, 46.7792], [-71.255, 46.7791], [-71.255, 46.779], [-71.255, 46.7789], [-71.255, 46.7788], [-71.2549, 46.7787], [-71.2549, 46.7786], [-71.255, 46.7786], [-71.2551, 46.7785], [-71.2553, 46.7784], [-71.2556, 46.7784], [-71.256, 46.7784], [-71.2564, 46.7783], [-71.2569, 46.7783], [-71.2574, 46.7783], [-71.2578, 46.7783], [-71.2581, 46.7784], [-71.2584, 46.7784], [-71.2586, 46.7784], [-71.2587, 46.7784], [-71.2588, 46.7785], [-71.2589, 46.7786], [-71.2589, 46.7787], [-71.2588, 46.7788], [-71.2587, 46.7789], [-71.2586, 46.779], [-71.2585, 46.7791], [-71.2584, 46.7793], [-71.2584, 46.7794], [-71.2585, 46.7793], [-71.2587, 46.7793], [-71.259, 46.7792], [-71.2594, 46.779], [-71.2598, 46.7788], [-71.2603, 46.7786], [-71.2607, 46.7784], [-71.2611, 46.7782], [-71.2614, 46.778], [-71.2617, 46.7779], [-71.2618, 46.7778], [-71.2619, 46.7777], [-71.262, 46.7776], [-71.2619, 46.7775], [-71.2618, 46.7775], [-71.2617, 46.7775], [-71.2616, 46.7775], [-71.2615, 46.7776], [-71.2614, 46.7776], [-71.2613, 46.7777], [-71.2612, 46.7778], [-71.2611, 46.7778], [-71.261, 46.7779], [-71.2609, 46.7779], [-71.2608, 46.7779], [-71.2607, 46.7779], [-71.2606, 46.7779], [-71.2605, 46.7778], [-71.2604, 46.7778], [-71.2603, 46.7777], [-71.2603, 46.7776], [-71.2602, 46.7775], [-71.2602, 46.7774], [-71.2603, 46.7773], [-71.2603, 46.7772], [-71.2603, 46.7771], [-71.2604, 46.7771], [-71.2605, 46.777], [-71.2606, 46.7769], [-71.2607, 46.7769], [-71.2609, 46.7768], [-71.261, 46.7768], [-71.2612, 46.7767], [-71.2612, 46.7766], [-71.2613, 46.7765], [-71.2613, 46.7764], [-71.2613, 46.7763], [-71.2613, 46.7762], [-71.2612, 46.776], [-71.2611, 46.7758], [-71.261, 46.7757], [-71.2609, 46.7756], [-71.2609, 46.7755], [-71.2609, 46.7754], [-71.261, 46.7754], [-71.2611, 46.7754], [-71.2612, 46.7754], [-71.2614, 46.7755], [-71.2615, 46.7755], [-71.2616, 46.7756], [-71.2617, 46.7756], [-71.2618, 46.7756], [-71.2619, 46.7756], [-71.262, 46.7756], [-71.2621, 46.7755], [-71.2622, 46.7754], [-71.2623, 46.7754], [-71.2624, 46.7754], [-71.2625, 46.7754], [-71.2626, 46.7754], [-71.2627, 46.7755], [-71.2628, 46.7755], [-71.2629, 46.7756], [-71.263, 46.7756], [-71.2631, 46.7756], [-71.2632, 46.7756], [-71.2633, 46.7756], [-71.2635, 46.7756], [-71.2636, 46.7756], [-71.2637, 46.7755], [-71.2638, 46.7755], [-71.2639, 46.7755], [-71.264, 46.7755], [-71.2641, 46.7756], [-71.2641, 46.7757], [-71.2641, 46.7758], [-71.2641, 46.7759], [-71.2642, 46.7759], [-71.2642, 46.776], [-71.2643, 46.776], [-71.2644, 46.776], [-71.2645, 46.776], [-71.2646, 46.7759], [-71.2648, 46.7759], [-71.265, 46.7758], [-71.2652, 46.7758], [-71.2654, 46.7758], [-71.2656, 46.7758], [-71.2658, 46.7758], [-71.2661, 46.7759], [-71.2664, 46.7759], [-71.2666, 46.776], [-71.2669, 46.7761], [-71.2672, 46.7761], [-71.2675, 46.7762], [-71.2678, 46.7762], [-71.2682, 46.7762], [-71.2685, 46.7763], [-71.2688, 46.7763], [-71.2691, 46.7762], [-71.2694, 46.7763], [-71.2697, 46.7763], [-71.27, 46.7764], [-71.2702, 46.7765], [-71.2705, 46.7766], [-71.2707, 46.7768], [-71.2709, 46.777], [-71.2711, 46.7772], [-71.2713, 46.7774], [-71.2715, 46.7776], [-71.2716, 46.7777], [-71.2717, 46.7777], [-71.2719, 46.7778], [-71.272, 46.7778], [-71.272, 46.7777], [-71.2721, 46.7776], [-71.2722, 46.7776], [-71.2723, 46.7775], [-71.2724, 46.7775], [-71.2725, 46.7774], [-71.2726, 46.7774], [-71.2727, 46.7774], [-71.2729, 46.7774], [-71.273, 46.7774], [-71.2732, 46.7774], [-71.2733, 46.7774], [-71.2734, 46.7774], [-71.2735, 46.7775], [-71.2736, 46.7776], [-71.2737, 46.7776], [-71.2738, 46.7777], [-71.2739, 46.7778], [-71.274, 46.778], [-71.274, 46.7781], [-71.2741, 46.7782], [-71.2741, 46.7784], [-71.274, 46.7786], [-71.274, 46.7787], [-71.2739, 46.7789], [-71.2739, 46.7791], [-71.2738, 46.7793], [-71.2738, 46.7795], [-71.2737, 46.7797], [-71.2737, 46.7798], [-71.2738, 46.78], [-71.2738, 46.7801], [-71.2739, 46.7802], [-71.274, 46.7802], [-71.274, 46.7803], [-71.2741, 46.7805], [-71.2741, 46.7807], [-71.2741, 46.7809], [-71.2741, 46.7812], [-71.274, 46.7815], [-71.274, 46.7819]]]}}, {"type": "Feature", "properties": {"couche": "voile", "station": "Myrand", "minutes": 15}, "geometry": {"type": "Polygon", "coordinates": [[[-71.4333, 46.8974], [-71.095, 46.8997], [-71.0924, 46.6684], [-71.4293, 46.6662], [-71.4333, 46.8974]], [[-71.274, 46.7815], [-71.2741, 46.7812], [-71.2741, 46.7809], [-71.2741, 46.7807], [-71.2741, 46.7805], [-71.274, 46.7803], [-71.274, 46.7802], [-71.2739, 46.7802], [-71.2738, 46.7801], [-71.2738, 46.78], [-71.2737, 46.7798], [-71.2737, 46.7797], [-71.2738, 46.7795], [-71.2738, 46.7793], [-71.2739, 46.7791], [-71.2739, 46.7789], [-71.274, 46.7787], [-71.274, 46.7786], [-71.2741, 46.7784], [-71.2741, 46.7782], [-71.274, 46.7781], [-71.274, 46.778], [-71.2739, 46.7778], [-71.2738, 46.7777], [-71.2737, 46.7776], [-71.2736, 46.7776], [-71.2735, 46.7775], [-71.2734, 46.7774], [-71.2733, 46.7774], [-71.2732, 46.7774], [-71.273, 46.7774], [-71.2729, 46.7774], [-71.2727, 46.7774], [-71.2726, 46.7774], [-71.2725, 46.7774], [-71.2724, 46.7775], [-71.2723, 46.7775], [-71.2722, 46.7776], [-71.2721, 46.7776], [-71.272, 46.7777], [-71.272, 46.7778], [-71.2719, 46.7778], [-71.2717, 46.7777], [-71.2716, 46.7777], [-71.2715, 46.7776], [-71.2713, 46.7774], [-71.2711, 46.7772], [-71.2709, 46.777], [-71.2707, 46.7768], [-71.2705, 46.7766], [-71.2702, 46.7765], [-71.27, 46.7764], [-71.2697, 46.7763], [-71.2694, 46.7763], [-71.2691, 46.7762], [-71.2688, 46.7763], [-71.2685, 46.7763], [-71.2682, 46.7762], [-71.2678, 46.7762], [-71.2675, 46.7762], [-71.2672, 46.7761], [-71.2669, 46.7761], [-71.2666, 46.776], [-71.2664, 46.7759], [-71.2661, 46.7759], [-71.2658, 46.7758], [-71.2656, 46.7758], [-71.2654, 46.7758], [-71.2652, 46.7758], [-71.265, 46.7758], [-71.2648, 46.7759], [-71.2646, 46.7759], [-71.2645, 46.776], [-71.2644, 46.776], [-71.2643, 46.776], [-71.2642, 46.776], [-71.2642, 46.7759], [-71.2641, 46.7759], [-71.2641, 46.7758], [-71.2641, 46.7757], [-71.2641, 46.7756], [-71.264, 46.7755], [-71.2639, 46.7755], [-71.2638, 46.7755], [-71.2637, 46.7755], [-71.2636, 46.7756], [-71.2635, 46.7756], [-71.2633, 46.7756], [-71.2632, 46.7756], [-71.2631, 46.7756], [-71.263, 46.7756], [-71.2629, 46.7756], [-71.2628, 46.7755], [-71.2627, 46.7755], [-71.2626, 46.7754], [-71.2625, 46.7754], [-71.2624, 46.7754], [-71.2623, 46.7754], [-71.2622, 46.7754], [-71.2621, 46.7755], [-71.262, 46.7756], [-71.2619, 46.7756], [-71.2618, 46.7756], [-71.2617, 46.7756], [-71.2616, 46.7756], [-71.2615, 46.7755], [-71.2614, 46.7755], [-71.2612, 46.7754], [-71.2611, 46.7754], [-71.261, 46.7754], [-71.2609, 46.7754], [-71.2609, 46.7755], [-71.2609, 46.7756], [-71.261, 46.7757], [-71.2611, 46.7758], [-71.2612, 46.776], [-71.2613, 46.7762], [-71.2613, 46.7763], [-71.2613, 46.7764], [-71.2613, 46.7765], [-71.2612, 46.7766], [-71.2612, 46.7767], [-71.261, 46.7768], [-71.2609, 46.7768], [-71.2607, 46.7769], [-71.2606, 46.7769], [-71.2605, 46.777], [-71.2604, 46.7771], [-71.2603, 46.7771], [-71.2603, 46.7772], [-71.2603, 46.7773], [-71.2602, 46.7774], [-71.2602, 46.7775], [-71.2603, 46.7776], [-71.2603, 46.7777], [-71.2604, 46.7778], [-71.2605, 46.7778], [-71.2606, 46.7779], [-71.2607, 46.7779], [-71.2608, 46.7779], [-71.2609, 46.7779], [-71.261, 46.7779], [-71.2611, 46.7778], [-71.2612, 46.7778], [-71.2613, 46.7777], [-71.2614, 46.7776], [-71.2615, 46.7776], [-71.2616, 46.7775], [-71.2617, 46.7775], [-71.2618, 46.7775], [-71.2619, 46.7775], [-71.262, 46.7776], [-71.2619, 46.7777], [-71.2618, 46.7778], [-71.2617, 46.7779], [-71.2614, 46.778], [-71.2611, 46.7782], [-71.2607, 46.7784], [-71.2603, 46.7786], [-71.2598, 46.7788], [-71.2594, 46.779], [-71.259, 46.7792], [-71.2587, 46.7793], [-71.2585, 46.7793], [-71.2584, 46.7794], [-71.2584, 46.7793], [-71.2585, 46.7791], [-71.2586, 46.779], [-71.2587, 46.7789], [-71.2588, 46.7788], [-71.2589, 46.7787], [-71.2589, 46.7786], [-71.2588, 46.7785], [-71.2587, 46.7784], [-71.2586, 46.7784], [-71.2584, 46.7784], [-71.2581, 46.7784], [-71.2578, 46.7783], [-71.2574, 46.7783], [-71.2569, 46.7783], [-71.2564, 46.7783], [-71.256, 46.7784], [-71.2556, 46.7784], [-71.2553, 46.7784], [-71.2551, 46.7785], [-71.255, 46.7786], [-71.2549, 46.7786], [-71.2549, 46.7787], [-71.255, 46.7788], [-71.255, 46.7789], [-71.255, 46.779], [-71.255, 46.7791], [-71.255, 46.7792], [-71.2549, 46.7792], [-71.2549, 46.7793], [-71.2548, 46.7793], [-71.2547, 46.7794], [-71.2547, 46.7795], [-71.2547, 46.7796], [-71.2547, 46.7797], [-71.2547, 46.7798], [-71.2548, 46.7798], [-71.2549, 46.7799], [-71.255, 46.78], [-71.255, 46.7801], [-71.2551, 46.7801], [-71.2551, 46.7802], [-71.255, 46.7802], [-71.255, 46.7803], [-71.2549, 46.7803], [-71.2548, 46.7803], [-71.2547, 46.7803], [-71.2546, 46.7804], [-71.2545, 46.7804], [-71.2544, 46.7805], [-71.2544, 46.7806], [-71.2543, 46.7807], [-71.2543, 46.7808], [-71.2543, 46.7809], [-71.2543, 46.781], [-71.2544, 46.781], [-71.2544, 46.7811], [-71.2545, 46.7811], [-71.2546, 46.7812], [-71.2547, 46.7812], [-71.2547, 46.7813], [-71.2548, 46.7813], [-71.2548, 46.7814], [-71.2548, 46.7815], [-71.2547, 46.7816], [-71.2546, 46.7817], [-71.2545, 46.7818], [-71.2544, 46.7818], [-71.2543, 46.7819], [-71.2542, 46.782], [-71.254, 46.782], [-71.2539, 46.7821], [-71.2537, 46.7821], [-71.2535, 46.7821], [-71.2533, 46.7821], [-71.2532, 46.7822], [-71.253, 46.7822], [-71.2529, 46.7823], [-71.2529, 46.7824], [-71.2528, 46.7826], [-71.2528, 46.7827], [-71.2528, 46.7829], [-71.2529, 46.7831], [-71.2529, 46.7833], [-71.2529, 46.7834], [-71.2529, 46.7836], [-71.2529, 46.7837], [-71.2528, 46.7838], [-71.2527, 46.7839], [-71.2526, 46.7839], [-71.2526, 46.784], [-71.2525, 46.784], [-71.2525, 46.7841], [-71.2525, 46.7842], [-71.2526, 46.7843], [-71.2526, 46.7844], [-71.2527, 46.7845], [-71.2527, 46.7846], [-71.2527, 46.7847], [-71.2526, 46.7849], [-71.2526, 46.785], [-71.2525, 46.7852], [-71.2524, 46.7854], [-71.2522, 46.7855], [-71.2521, 46.7857], [-71.252, 46.7859], [-71.252, 46.786], [-71.2519, 46.7862], [-71.2519, 46.7863], [-71.2519, 46.7864], [-71.252, 46.7865], [-71.252, 46.7866], [-71.252, 46.7867], [-71.2519, 46.7868], [-71.2518, 46.7869], [-71.2516, 46.787], [-71.2514, 46.7871], [-71.2512, 46.7873], [-71.2511, 46.7874], [-71.251, 46.7876], [-71.2509, 46.7877], [-71.2509, 46.7879], [-71.251, 46.7881], [-71.2511, 46.7883], [-71.2512, 46.7885], [-71.2514, 46.7887], [-71.2516, 46.7888], [-71.2518, 46.789], [-71.2519, 46.7892], [-71.252, 46.7893], [-71.252, 46.7894], [-71.2521, 46.7895], [-71.2521, 46.7896], [-71.252, 46.7897], [-71.252, 46.7898], [-71.2521, 46.7898], [-71.2522, 46.7898], [-71.2523, 46.7898], [-71.2524, 46.7898], [-71.2525, 46.7898], [-71.2527, 46.7898], [-71.2529, 46.7897], [-71.253, 46.7897], [-71.2532, 46.7897], [-71.2533, 46.7897], [-71.2534, 46.7898], [-71.2535, 46.7898], [-71.2535, 46.7899], [-71.2536, 46.7899], [-71.2537, 46.79], [-71.2538, 46.7901], [-71.254, 46.7901], [-71.2542, 46.7902], [-71.2545, 46.7902], [-71.2547, 46.7902], [-71.2551, 46.7903], [-71.2554, 46.7903], [-71.2557, 46.7903], [-71.256, 46.7903], [-71.2562, 46.7903], [-71.2564, 46.7902], [-71.2566, 46.7901], [-71.2567, 46.79], [-71.2568, 46.7899], [-71.2569, 46.7897], [-71.257, 46.7896], [-71.257, 46.7895], [-71.2571, 46.7894], [-71.2572, 46.7893], [-71.2573, 46.7892], [-71.2574, 46.7891], [-71.2575, 46.7891], [-71.2576, 46.789], [-71.2577, 46.789], [-71.2578, 46.789], [-71.2579, 46.789], [-71.258, 46.789], [-71.2581, 46.789], [-71.2582, 46.7891], [-71.2583, 46.7891], [-71.2584, 46.7892], [-71.2585, 46.7892], [-71.2586, 46.7892], [-71.2586, 46.7893], [-71.2587, 46.7893], [-71.2588, 46.7892], [-71.2589, 46.7892], [-71.259, 46.7891], [-71.2592, 46.7891], [-71.2593, 46.7891], [-71.2595, 46.7892], [-71.2597, 46.7893], [-71.2599, 46.7894], [-71.2602, 46.7896], [-71.2605, 46.7898], [-71.2608, 46.79], [-71.2611, 46.7902], [-71.2614, 46.7903], [-71.2617, 46.7905], [-71.2621, 46.7905], [-71.2624, 46.7906], [-71.2628, 46.7907], [-71.2632, 46.7907], [-71.2635, 46.7907], [-71.2638, 46.7907], [-71.264, 46.7907], [-71.2642, 46.7906], [-71.2643, 46.7906], [-71.2644, 46.7905], [-71.2645, 46.7904], [-71.2645, 46.7903], [-71.2646, 46.7903], [-71.2646, 46.7902], [-71.2647, 46.7902], [-71.2648, 46.7902], [-71.2649, 46.7903], [-71.265, 46.7903], [-71.2652, 46.7904], [-71.2653, 46.7905], [-71.2655, 46.7906], [-71.2657, 46.7906], [-71.2659, 46.7906], [-71.2662, 46.7906], [-71.2665, 46.7906], [-71.2668, 46.7905], [-71.2671, 46.7904], [-71.2675, 46.7903], [-71.2678, 46.7903], [-71.268, 46.7903], [-71.2683, 46.7903], [-71.2685, 46.7903], [-71.2687, 46.7904], [-71.2689, 46.7904], [-71.2691, 46.7905], [-71.2692, 46.7906], [-71.2693, 46.7906], [-71.2695, 46.7907], [-71.2696, 46.7907], [-71.2697, 46.7907], [-71.2698, 46.7906], [-71.2699, 46.7905], [-71.2699, 46.7904], [-71.2699, 46.7903], [-71.2698, 46.7902], [-71.2697, 46.7901], [-71.2696, 46.79], [-71.2695, 46.7899], [-71.2695, 46.7898], [-71.2696, 46.7898], [-71.2697, 46.7897], [-71.2698, 46.7897], [-71.2699, 46.7897], [-71.27, 46.7897], [-71.2701, 46.7897], [-71.2702, 46.7897], [-71.2704, 46.7898], [-71.2705, 46.7898], [-71.2706, 46.7899], [-71.2707, 46.7899], [-71.2708, 46.79], [-71.2709, 46.7901], [-71.2709, 46.7902], [-71.2709, 46.7903], [-71.2709, 46.7904], [-71.271, 46.7905], [-71.2711, 46.7905], [-71.2712, 46.7906], [-71.2714, 46.7906], [-71.2715, 46.7906], [-71.2717, 46.7906], [-71.2719, 46.7906], [-71.272, 46.7906], [-71.2722, 46.7905], [-71.2723, 46.7904], [-71.2723, 46.7903], [-71.2723, 46.7902], [-71.2723, 46.79], [-71.2723, 46.7899], [-71.2723, 46.7898], [-71.2724, 46.7896], [-71.2725, 46.7894], [-71.2726, 46.7893], [-71.2728, 46.7891], [-71.2729, 46.7888], [-71.273, 46.7886], [-71.273, 46.7884], [-71.273, 46.7882], [-71.2729, 46.788], [-71.2727, 46.7878], [-71.2725, 46.7875], [-71.2722, 46.7873], [-71.2718, 46.7871], [-71.2715, 46.7869], [-71.2713, 46.7867], [-71.2712, 46.7865], [-71.2712, 46.7862], [-71.2713, 46.786], [-71.2715, 46.7858], [-71.2718, 46.7856], [-71.2722, 46.7854], [-71.2725, 46.7853], [-71.2728, 46.7851], [-71.273, 46.7849], [-71.2731, 46.7848], [-71.2732, 46.7847], [-71.2733, 46.7846], [-71.2733, 46.7845], [-71.2732, 46.7845], [-71.2731, 46.7844], [-71.273, 46.7844], [-71.2729, 46.7844], [-71.2728, 46.7844], [-71.2727, 46.7844], [-71.2726, 46.7844], [-71.2725, 46.7845], [-71.2723, 46.7846], [-71.2722, 46.7846], [-71.2721, 46.7847], [-71.272, 46.7847], [-71.2719, 46.7847], [-71.2718, 46.7846], [-71.2717, 46.7845], [-71.2717, 46.7844], [-71.2717, 46.7843], [-71.2718, 46.7842], [-71.2718, 46.7841], [-71.2719, 46.784], [-71.2721, 46.7839], [-71.2723, 46.7839], [-71.2725, 46.7838], [-71.2727, 46.7838], [-71.2729, 46.7837], [-71.2731, 46.7836], [-71.2733, 46.7834], [-71.2735, 46.7832], [-71.2736, 46.7829], [-71.2738, 46.7826], [-71.2739, 46.7823], [-71.274, 46.7819], [-71.274, 46.7815]]]}}]}