{"type": "FeatureCollection", "metadata": {"script": "scripts/analysis/tramway-isochrones.py", "genere_le": "2026-10-05", "source": "OpenStreetMap (ODbL) ; Statistique Canada, Recensement 2021", "attribution": "© les contributeurs d'OpenStreetMap", "titre": "Aires de marche et voiles — Patro Roc-Amadour", "paliers_min": [2, 3, 4, 5, 6, 7, 8, 9, 10, 11, 12, 13, 14, 15], "vitesse_kmh": 4.2, "methode": "Dijkstra sur le réseau marchable d'OpenStreetMap à 4.2 km/h ; couloir de 40 m autour des rues atteintes. Chaque voile est le complément de l'aire du même palier. Population par pondération de surface des aires de diffusion.", "trous": "comblés — intérieurs de grands îlots, pas des zones inaccessibles", "modes": "Mode de transport domicile–travail, recensement 2021 (mai 2021, en pleine pandémie), données-échantillon 25 %, réparti par pondération de surface."}, "features": [{"type": "Feature", "properties": {"couche": "aire_marche", "station": "Patro Roc-Amadour", "ordre": 27, "minutes": 2, "superficie_ha": 4.2, "rue_km": 1.03, "disque_ha": 6.2, "part_disque_pct": 68, "accroche_m": 4, "population": 195, "navetteurs": 81, "mode_auto_pct": 56, "mode_tc_pct": 29, "mode_actif_pct": 15, "mode_autre_pct": 0}, "geometry": {"type": "Polygon", "coordinates": [[[-71.2424, 46.8345], [-71.2424, 46.8346], [-71.2424, 46.8347], [-71.2423, 46.8348], [-71.2422, 46.8348], [-71.2421, 46.8348], [-71.2419, 46.8349], [-71.2417, 46.8349], [-71.2415, 46.8348], [-71.2413, 46.8348], [-71.2411, 46.8347], [-71.2409, 46.8346], [-71.2408, 46.8346], [-71.2407, 46.8345], [-71.2407, 46.8344], [-71.2407, 46.8343], [-71.2407, 46.8342], [-71.2408, 46.8342], [-71.2409, 46.8341], [-71.2409, 46.834], [-71.2409, 46.8338], [-71.2408, 46.8337], [-71.2408, 46.8336], [-71.2407, 46.8335], [-71.2405, 46.8334], [-71.2404, 46.8333], [-71.2402, 46.8332], [-71.2401, 46.8331], [-71.24, 46.833], [-71.2399, 46.8329], [-71.2399, 46.8328], [-71.2399, 46.8327], [-71.2399, 46.8326], [-71.2399, 46.8325], [-71.24, 46.8325], [-71.2401, 46.8324], [-71.2403, 46.8324], [-71.2405, 46.8324], [-71.2408, 46.8324], [-71.241, 46.8324], [-71.2414, 46.8324], [-71.2416, 46.8325], [-71.2419, 46.8325], [-71.2421, 46.8325], [-71.2422, 46.8326], [-71.2424, 46.8327], [-71.2424, 46.8328], [-71.2425, 46.8328], [-71.2425, 46.8329], [-71.2425, 46.833], [-71.2425, 46.8331], [-71.2425, 46.8332], [-71.2426, 46.8332], [-71.2427, 46.8333], [-71.2428, 46.8334], [-71.243, 46.8334], [-71.2431, 46.8335], [-71.2431, 46.8336], [-71.2431, 46.8337], [-71.243, 46.8337], [-71.2429, 46.8338], [-71.2428, 46.8339], [-71.2427, 46.834], [-71.2426, 46.8341], [-71.2426, 46.8342], [-71.2425, 46.8343], [-71.2425, 46.8344], [-71.2424, 46.8345]]]}}, {"type": "Feature", "properties": {"couche": "voile", "station": "Patro Roc-Amadour", "minutes": 2}, "geometry": {"type": "Polygon", "coordinates": [[[-71.4022, 46.9417], [-71.0838, 46.9438], [-71.0814, 46.7254], [-71.3986, 46.7233], [-71.4022, 46.9417]], [[-71.2425, 46.8344], [-71.2425, 46.8343], [-71.2426, 46.8342], [-71.2426, 46.8341], [-71.2427, 46.834], [-71.2428, 46.8339], [-71.2429, 46.8338], [-71.243, 46.8337], [-71.2431, 46.8337], [-71.2431, 46.8336], [-71.2431, 46.8335], [-71.243, 46.8334], [-71.2428, 46.8334], [-71.2427, 46.8333], [-71.2426, 46.8332], [-71.2425, 46.8332], [-71.2425, 46.8331], [-71.2425, 46.833], [-71.2425, 46.8329], [-71.2425, 46.8328], [-71.2424, 46.8328], [-71.2424, 46.8327], [-71.2422, 46.8326], [-71.2421, 46.8325], [-71.2419, 46.8325], [-71.2416, 46.8325], [-71.2414, 46.8324], [-71.241, 46.8324], [-71.2408, 46.8324], [-71.2405, 46.8324], [-71.2403, 46.8324], [-71.2401, 46.8324], [-71.24, 46.8325], [-71.2399, 46.8325], [-71.2399, 46.8326], [-71.2399, 46.8327], [-71.2399, 46.8328], [-71.2399, 46.8329], [-71.24, 46.833], [-71.2401, 46.8331], [-71.2402, 46.8332], [-71.2404, 46.8333], [-71.2405, 46.8334], [-71.2407, 46.8335], [-71.2408, 46.8336], [-71.2408, 46.8337], [-71.2409, 46.8338], [-71.2409, 46.834], [-71.2409, 46.8341], [-71.2408, 46.8342], [-71.2407, 46.8342], [-71.2407, 46.8343], [-71.2407, 46.8344], [-71.2407, 46.8345], [-71.2408, 46.8346], [-71.2409, 46.8346], [-71.2411, 46.8347], [-71.2413, 46.8348], [-71.2415, 46.8348], [-71.2417, 46.8349], [-71.2419, 46.8349], [-71.2421, 46.8348], [-71.2422, 46.8348], [-71.2423, 46.8348], [-71.2424, 46.8347], [-71.2424, 46.8346], [-71.2424, 46.8345], [-71.2425, 46.8344]]]}}, {"type": "Feature", "properties": {"couche": "aire_marche", "station": "Patro Roc-Amadour", "ordre": 27, "minutes": 3, "superficie_ha": 9.0, "rue_km": 2.14, "disque_ha": 13.9, "part_disque_pct": 65, "accroche_m": 4, "population": 453, "navetteurs": 197, "mode_auto_pct": 55, "mode_tc_pct": 30, "mode_actif_pct": 15, "mode_autre_pct": 0}, "geometry": {"type": "Polygon", "coordinates": [[[-71.2439, 46.8336], [-71.2439, 46.8337], [-71.2439, 46.8338], [-71.2438, 46.8338], [-71.2437, 46.8339], [-71.2436, 46.8339], [-71.2434, 46.8339], [-71.2433, 46.834], [-71.2431, 46.834], [-71.243, 46.834], [-71.2429, 46.8341], [-71.2428, 46.8342], [-71.2427, 46.8343], [-71.2427, 46.8344], [-71.2427, 46.8345], [-71.2427, 46.8347], [-71.2428, 46.8349], [-71.2428, 46.835], [-71.2428, 46.8351], [-71.2428, 46.8352], [-71.2428, 46.8353], [-71.2427, 46.8353], [-71.2426, 46.8353], [-71.2424, 46.8353], [-71.2423, 46.8352], [-71.2421, 46.8351], [-71.2419, 46.8351], [-71.2417, 46.8351], [-71.2415, 46.835], [-71.2413, 46.835], [-71.2411, 46.835], [-71.2409, 46.835], [-71.2407, 46.835], [-71.2405, 46.835], [-71.2403, 46.835], [-71.2402, 46.8349], [-71.2401, 46.8349], [-71.24, 46.8348], [-71.24, 46.8347], [-71.2401, 46.8346], [-71.2401, 46.8345], [-71.2401, 46.8344], [-71.24, 46.8342], [-71.24, 46.8341], [-71.2399, 46.834], [-71.2398, 46.8339], [-71.2397, 46.8337], [-71.2395, 46.8336], [-71.2394, 46.8335], [-71.2393, 46.8333], [-71.2392, 46.8332], [-71.2391, 46.833], [-71.2391, 46.8329], [-71.2391, 46.8327], [-71.2391, 46.8326], [-71.2392, 46.8324], [-71.2392, 46.8323], [-71.2394, 46.8322], [-71.2396, 46.8321], [-71.2398, 46.832], [-71.2401, 46.832], [-71.2405, 46.832], [-71.2408, 46.832], [-71.2413, 46.832], [-71.2417, 46.832], [-71.242, 46.8321], [-71.2423, 46.8321], [-71.2426, 46.8321], [-71.2428, 46.8322], [-71.2429, 46.8322], [-71.243, 46.8323], [-71.2431, 46.8324], [-71.2431, 46.8325], [-71.2431, 46.8326], [-71.2431, 46.8327], [-71.243, 46.8328], [-71.2429, 46.8328], [-71.2428, 46.8329], [-71.2428, 46.833], [-71.2427, 46.833], [-71.2428, 46.8331], [-71.2429, 46.8332], [-71.243, 46.8332], [-71.2431, 46.8332], [-71.2433, 46.8333], [-71.2435, 46.8333], [-71.2436, 46.8333], [-71.2437, 46.8334], [-71.2438, 46.8334], [-71.2439, 46.8335], [-71.2439, 46.8336]]]}}, {"type": "Feature", "properties": {"couche": "voile", "station": "Patro Roc-Amadour", "minutes": 3}, "geometry": {"type": "Polygon", "coordinates": [[[-71.403, 46.9421], [-71.083, 46.9442], [-71.0806, 46.725], [-71.3994, 46.7229], [-71.403, 46.9421]], [[-71.2439, 46.8335], [-71.2438, 46.8334], [-71.2437, 46.8334], [-71.2436, 46.8333], [-71.2435, 46.8333], [-71.2433, 46.8333], [-71.2431, 46.8332], [-71.243, 46.8332], [-71.2429, 46.8332], [-71.2428, 46.8331], [-71.2427, 46.833], [-71.2428, 46.833], [-71.2428, 46.8329], [-71.2429, 46.8328], [-71.243, 46.8328], [-71.2431, 46.8327], [-71.2431, 46.8326], [-71.2431, 46.8325], [-71.2431, 46.8324], [-71.243, 46.8323], [-71.2429, 46.8322], [-71.2428, 46.8322], [-71.2426, 46.8321], [-71.2423, 46.8321], [-71.242, 46.8321], [-71.2417, 46.832], [-71.2413, 46.832], [-71.2408, 46.832], [-71.2405, 46.832], [-71.2401, 46.832], [-71.2398, 46.832], [-71.2396, 46.8321], [-71.2394, 46.8322], [-71.2392, 46.8323], [-71.2392, 46.8324], [-71.2391, 46.8326], [-71.2391, 46.8327], [-71.2391, 46.8329], [-71.2391, 46.833], [-71.2392, 46.8332], [-71.2393, 46.8333], [-71.2394, 46.8335], [-71.2395, 46.8336], [-71.2397, 46.8337], [-71.2398, 46.8339], [-71.2399, 46.834], [-71.24, 46.8341], [-71.24, 46.8342], [-71.2401, 46.8344], [-71.2401, 46.8345], [-71.2401, 46.8346], [-71.24, 46.8347], [-71.24, 46.8348], [-71.2401, 46.8349], [-71.2402, 46.8349], [-71.2403, 46.835], [-71.2405, 46.835], [-71.2407, 46.835], [-71.2409, 46.835], [-71.2411, 46.835], [-71.2413, 46.835], [-71.2415, 46.835], [-71.2417, 46.8351], [-71.2419, 46.8351], [-71.2421, 46.8351], [-71.2423, 46.8352], [-71.2424, 46.8353], [-71.2426, 46.8353], [-71.2427, 46.8353], [-71.2428, 46.8353], [-71.2428, 46.8352], [-71.2428, 46.8351], [-71.2428, 46.835], [-71.2428, 46.8349], [-71.2427, 46.8347], [-71.2427, 46.8345], [-71.2427, 46.8344], [-71.2427, 46.8343], [-71.2428, 46.8342], [-71.2429, 46.8341], [-71.243, 46.834], [-71.2431, 46.834], [-71.2433, 46.834], [-71.2434, 46.8339], [-71.2436, 46.8339], [-71.2437, 46.8339], [-71.2438, 46.8338], [-71.2439, 46.8338], [-71.2439, 46.8337], [-71.2439, 46.8336], [-71.2439, 46.8335]]]}}, {"type": "Feature", "properties": {"couche": "aire_marche", "station": "Patro Roc-Amadour", "ordre": 27, "minutes": 4, "superficie_ha": 14.9, "rue_km": 3.37, "disque_ha": 24.6, "part_disque_pct": 61, "accroche_m": 4, "population": 796, "navetteurs": 345, "mode_auto_pct": 55, "mode_tc_pct": 29, "mode_actif_pct": 16, "mode_autre_pct": 0}, "geometry": {"type": "Polygon", "coordinates": [[[-71.2444, 46.834], [-71.2443, 46.8341], [-71.2442, 46.8342], [-71.2441, 46.8343], [-71.244, 46.8343], [-71.2439, 46.8343], [-71.2438, 46.8343], [-71.2437, 46.8343], [-71.2436, 46.8342], [-71.2435, 46.8341], [-71.2434, 46.8341], [-71.2433, 46.834], [-71.2432, 46.834], [-71.2431, 46.8339], [-71.243, 46.8339], [-71.2429, 46.8339], [-71.2428, 46.834], [-71.2427, 46.834], [-71.2427, 46.8341], [-71.2427, 46.8342], [-71.2427, 46.8343], [-71.2428, 46.8344], [-71.2429, 46.8346], [-71.243, 46.8348], [-71.2432, 46.835], [-71.2433, 46.8351], [-71.2434, 46.8353], [-71.2435, 46.8355], [-71.2435, 46.8356], [-71.2436, 46.8357], [-71.2436, 46.8358], [-71.2436, 46.8359], [-71.2435, 46.8359], [-71.2434, 46.836], [-71.2433, 46.836], [-71.2432, 46.8359], [-71.2431, 46.8359], [-71.243, 46.8359], [-71.2429, 46.8358], [-71.2428, 46.8357], [-71.2427, 46.8356], [-71.2425, 46.8356], [-71.2424, 46.8356], [-71.2423, 46.8355], [-71.2422, 46.8355], [-71.242, 46.8355], [-71.2419, 46.8356], [-71.2418, 46.8356], [-71.2417, 46.8356], [-71.2416, 46.8357], [-71.2415, 46.8357], [-71.2414, 46.8357], [-71.2413, 46.8356], [-71.2412, 46.8356], [-71.2411, 46.8355], [-71.2409, 46.8354], [-71.2408, 46.8354], [-71.2407, 46.8354], [-71.2405, 46.8353], [-71.2403, 46.8353], [-71.2401, 46.8353], [-71.2399, 46.8353], [-71.2397, 46.8353], [-71.2395, 46.8353], [-71.2394, 46.8353], [-71.2393, 46.8352], [-71.2392, 46.8352], [-71.2392, 46.8351], [-71.2392, 46.835], [-71.2393, 46.8349], [-71.2393, 46.8348], [-71.2393, 46.8347], [-71.2393, 46.8346], [-71.2392, 46.8345], [-71.2391, 46.8343], [-71.239, 46.8342], [-71.2389, 46.8341], [-71.2387, 46.8339], [-71.2386, 46.8338], [-71.2385, 46.8336], [-71.2385, 46.8335], [-71.2384, 46.8334], [-71.2384, 46.8332], [-71.2385, 46.8331], [-71.2385, 46.833], [-71.2386, 46.8328], [-71.2387, 46.8327], [-71.2388, 46.8326], [-71.2388, 46.8325], [-71.2389, 46.8323], [-71.2389, 46.8322], [-71.2389, 46.8321], [-71.2389, 46.8319], [-71.2389, 46.8318], [-71.2389, 46.8317], [-71.2389, 46.8316], [-71.2389, 46.8315], [-71.239, 46.8314], [-71.2391, 46.8313], [-71.2392, 46.8313], [-71.2393, 46.8313], [-71.2394, 46.8313], [-71.2395, 46.8313], [-71.2396, 46.8313], [-71.2397, 46.8314], [-71.2398, 46.8314], [-71.2398, 46.8315], [-71.2399, 46.8315], [-71.24, 46.8316], [-71.2401, 46.8317], [-71.2402, 46.8317], [-71.2403, 46.8317], [-71.2405, 46.8318], [-71.2407, 46.8318], [-71.2409, 46.8317], [-71.2412, 46.8317], [-71.2414, 46.8317], [-71.2417, 46.8316], [-71.2419, 46.8316], [-71.2421, 46.8316], [-71.2423, 46.8317], [-71.2425, 46.8317], [-71.2427, 46.8318], [-71.2428, 46.8319], [-71.2429, 46.8321], [-71.243, 46.8322], [-71.243, 46.8323], [-71.2431, 46.8324], [-71.2431, 46.8325], [-71.243, 46.8326], [-71.243, 46.8327], [-71.2429, 46.8328], [-71.2428, 46.8328], [-71.2428, 46.8329], [-71.2427, 46.833], [-71.2428, 46.833], [-71.2429, 46.8331], [-71.243, 46.8331], [-71.2431, 46.8331], [-71.2433, 46.8331], [-71.2436, 46.8331], [-71.2438, 46.8332], [-71.244, 46.8332], [-71.2442, 46.8332], [-71.2443, 46.8332], [-71.2445, 46.8333], [-71.2446, 46.8334], [-71.2446, 46.8335], [-71.2447, 46.8335], [-71.2446, 46.8336], [-71.2446, 46.8337], [-71.2446, 46.8338], [-71.2445, 46.8339], [-71.2444, 46.834]]]}}, {"type": "Feature", "properties": {"couche": "voile", "station": "Patro Roc-Amadour", "minutes": 4}, "geometry": {"type": "Polygon", "coordinates": [[[-71.4038, 46.9428], [-71.0823, 46.9449], [-71.0799, 46.7243], [-71.4002, 46.7222], [-71.4038, 46.9428]], [[-71.2445, 46.8339], [-71.2446, 46.8338], [-71.2446, 46.8337], [-71.2446, 46.8336], [-71.2447, 46.8335], [-71.2446, 46.8335], [-71.2446, 46.8334], [-71.2445, 46.8333], [-71.2443, 46.8332], [-71.2442, 46.8332], [-71.244, 46.8332], [-71.2438, 46.8332], [-71.2436, 46.8331], [-71.2433, 46.8331], [-71.2431, 46.8331], [-71.243, 46.8331], [-71.2429, 46.8331], [-71.2428, 46.833], [-71.2427, 46.833], [-71.2428, 46.8329], [-71.2428, 46.8328], [-71.2429, 46.8328], [-71.243, 46.8327], [-71.243, 46.8326], [-71.2431, 46.8325], [-71.2431, 46.8324], [-71.243, 46.8323], [-71.243, 46.8322], [-71.2429, 46.8321], [-71.2428, 46.8319], [-71.2427, 46.8318], [-71.2425, 46.8317], [-71.2423, 46.8317], [-71.2421, 46.8316], [-71.2419, 46.8316], [-71.2417, 46.8316], [-71.2414, 46.8317], [-71.2412, 46.8317], [-71.2409, 46.8317], [-71.2407, 46.8318], [-71.2405, 46.8318], [-71.2403, 46.8317], [-71.2402, 46.8317], [-71.2401, 46.8317], [-71.24, 46.8316], [-71.2399, 46.8315], [-71.2398, 46.8315], [-71.2398, 46.8314], [-71.2397, 46.8314], [-71.2396, 46.8313], [-71.2395, 46.8313], [-71.2394, 46.8313], [-71.2393, 46.8313], [-71.2392, 46.8313], [-71.2391, 46.8313], [-71.239, 46.8314], [-71.2389, 46.8315], [-71.2389, 46.8316], [-71.2389, 46.8317], [-71.2389, 46.8318], [-71.2389, 46.8319], [-71.2389, 46.8321], [-71.2389, 46.8322], [-71.2389, 46.8323], [-71.2388, 46.8325], [-71.2388, 46.8326], [-71.2387, 46.8327], [-71.2386, 46.8328], [-71.2385, 46.833], [-71.2385, 46.8331], [-71.2384, 46.8332], [-71.2384, 46.8334], [-71.2385, 46.8335], [-71.2385, 46.8336], [-71.2386, 46.8338], [-71.2387, 46.8339], [-71.2389, 46.8341], [-71.239, 46.8342], [-71.2391, 46.8343], [-71.2392, 46.8345], [-71.2393, 46.8346], [-71.2393, 46.8347], [-71.2393, 46.8348], [-71.2393, 46.8349], [-71.2392, 46.835], [-71.2392, 46.8351], [-71.2392, 46.8352], [-71.2393, 46.8352], [-71.2394, 46.8353], [-71.2395, 46.8353], [-71.2397, 46.8353], [-71.2399, 46.8353], [-71.2401, 46.8353], [-71.2403, 46.8353], [-71.2405, 46.8353], [-71.2407, 46.8354], [-71.2408, 46.8354], [-71.2409, 46.8354], [-71.2411, 46.8355], [-71.2412, 46.8356], [-71.2413, 46.8356], [-71.2414, 46.8357], [-71.2415, 46.8357], [-71.2416, 46.8357], [-71.2417, 46.8356], [-71.2418, 46.8356], [-71.2419, 46.8356], [-71.242, 46.8355], [-71.2422, 46.8355], [-71.2423, 46.8355], [-71.2424, 46.8356], [-71.2425, 46.8356], [-71.2427, 46.8356], [-71.2428, 46.8357], [-71.2429, 46.8358], [-71.243, 46.8359], [-71.2431, 46.8359], [-71.2432, 46.8359], [-71.2433, 46.836], [-71.2434, 46.836], [-71.2435, 46.8359], [-71.2436, 46.8359], [-71.2436, 46.8358], [-71.2436, 46.8357], [-71.2435, 46.8356], [-71.2435, 46.8355], [-71.2434, 46.8353], [-71.2433, 46.8351], [-71.2432, 46.835], [-71.243, 46.8348], [-71.2429, 46.8346], [-71.2428, 46.8344], [-71.2427, 46.8343], [-71.2427, 46.8342], [-71.2427, 46.8341], [-71.2427, 46.834], [-71.2428, 46.834], [-71.2429, 46.8339], [-71.243, 46.8339], [-71.2431, 46.8339], [-71.2432, 46.834], [-71.2433, 46.834], [-71.2434, 46.8341], [-71.2435, 46.8341], [-71.2436, 46.8342], [-71.2437, 46.8343], [-71.2438, 46.8343], [-71.2439, 46.8343], [-71.244, 46.8343], [-71.2441, 46.8343], [-71.2442, 46.8342], [-71.2443, 46.8341], [-71.2444, 46.834], [-71.2445, 46.8339]]]}}, {"type": "Feature", "properties": {"couche": "aire_marche", "station": "Patro Roc-Amadour", "ordre": 27, "minutes": 5, "superficie_ha": 23.8, "rue_km": 4.88, "disque_ha": 38.5, "part_disque_pct": 62, "accroche_m": 4, "population": 1305, "navetteurs": 551, "mode_auto_pct": 56, "mode_tc_pct": 28, "mode_actif_pct": 16, "mode_autre_pct": 0}, "geometry": {"type": "Polygon", "coordinates": [[[-71.2452, 46.8337], [-71.2452, 46.8338], [-71.2451, 46.8339], [-71.245, 46.834], [-71.2448, 46.8341], [-71.2447, 46.8342], [-71.2445, 46.8344], [-71.2443, 46.8345], [-71.2441, 46.8345], [-71.2439, 46.8346], [-71.2437, 46.8347], [-71.2436, 46.8348], [-71.2435, 46.8349], [-71.2435, 46.835], [-71.2435, 46.8351], [-71.2436, 46.8352], [-71.2437, 46.8352], [-71.2438, 46.8353], [-71.244, 46.8354], [-71.244, 46.8355], [-71.2441, 46.8356], [-71.2442, 46.8357], [-71.2442, 46.8358], [-71.2442, 46.8359], [-71.2441, 46.8361], [-71.2441, 46.8362], [-71.244, 46.8363], [-71.2439, 46.8364], [-71.2437, 46.8365], [-71.2436, 46.8365], [-71.2434, 46.8365], [-71.2432, 46.8365], [-71.243, 46.8365], [-71.2428, 46.8365], [-71.2426, 46.8364], [-71.2424, 46.8363], [-71.2423, 46.8363], [-71.2422, 46.8362], [-71.2421, 46.8361], [-71.2421, 46.836], [-71.2421, 46.8359], [-71.2422, 46.8358], [-71.2422, 46.8357], [-71.2421, 46.8356], [-71.242, 46.8356], [-71.2419, 46.8356], [-71.2418, 46.8357], [-71.2416, 46.8357], [-71.2414, 46.8358], [-71.2412, 46.8359], [-71.2409, 46.8359], [-71.2407, 46.8359], [-71.2404, 46.836], [-71.2401, 46.8359], [-71.2398, 46.8359], [-71.2395, 46.8359], [-71.2392, 46.8358], [-71.2389, 46.8357], [-71.2387, 46.8356], [-71.2385, 46.8355], [-71.2384, 46.8354], [-71.2384, 46.8352], [-71.2384, 46.8351], [-71.2385, 46.8349], [-71.2386, 46.8347], [-71.2387, 46.8346], [-71.2387, 46.8344], [-71.2387, 46.8343], [-71.2386, 46.8342], [-71.2386, 46.8341], [-71.2385, 46.834], [-71.2383, 46.8339], [-71.2381, 46.8339], [-71.2379, 46.8338], [-71.2378, 46.8338], [-71.2377, 46.8337], [-71.2377, 46.8336], [-71.2377, 46.8335], [-71.2378, 46.8334], [-71.2379, 46.8334], [-71.2379, 46.8333], [-71.238, 46.8332], [-71.238, 46.8331], [-71.238, 46.833], [-71.238, 46.8329], [-71.238, 46.8328], [-71.238, 46.8327], [-71.238, 46.8326], [-71.238, 46.8325], [-71.238, 46.8324], [-71.238, 46.8323], [-71.2381, 46.8322], [-71.2381, 46.8321], [-71.2382, 46.8321], [-71.2383, 46.832], [-71.2384, 46.8319], [-71.2385, 46.8319], [-71.2385, 46.8318], [-71.2385, 46.8317], [-71.2384, 46.8317], [-71.2384, 46.8316], [-71.2383, 46.8316], [-71.2383, 46.8315], [-71.2382, 46.8314], [-71.2382, 46.8313], [-71.2383, 46.8312], [-71.2383, 46.8311], [-71.2384, 46.831], [-71.2384, 46.8309], [-71.2385, 46.8309], [-71.2387, 46.8308], [-71.2388, 46.8308], [-71.239, 46.8308], [-71.2392, 46.8308], [-71.2394, 46.8308], [-71.2397, 46.8309], [-71.2399, 46.8309], [-71.2401, 46.831], [-71.2402, 46.831], [-71.2403, 46.8311], [-71.2404, 46.8312], [-71.2404, 46.8313], [-71.2404, 46.8314], [-71.2404, 46.8315], [-71.2404, 46.8316], [-71.2405, 46.8316], [-71.2407, 46.8315], [-71.2408, 46.8315], [-71.241, 46.8313], [-71.2411, 46.8312], [-71.2413, 46.8312], [-71.2414, 46.8311], [-71.2416, 46.831], [-71.2418, 46.831], [-71.2419, 46.831], [-71.2421, 46.831], [-71.2422, 46.831], [-71.2424, 46.8311], [-71.2425, 46.8311], [-71.2426, 46.8312], [-71.2427, 46.8313], [-71.2428, 46.8314], [-71.2429, 46.8316], [-71.243, 46.8317], [-71.2431, 46.8319], [-71.2431, 46.8321], [-71.2431, 46.8322], [-71.2431, 46.8324], [-71.2431, 46.8325], [-71.2431, 46.8326], [-71.243, 46.8327], [-71.2429, 46.8328], [-71.2428, 46.8329], [-71.2428, 46.833], [-71.2429, 46.833], [-71.2431, 46.833], [-71.2433, 46.833], [-71.2436, 46.8329], [-71.2439, 46.8329], [-71.2442, 46.8329], [-71.2444, 46.8328], [-71.2447, 46.8328], [-71.2448, 46.8328], [-71.245, 46.8329], [-71.2451, 46.8329], [-71.2452, 46.8329], [-71.2453, 46.833], [-71.2453, 46.8331], [-71.2454, 46.8331], [-71.2454, 46.8332], [-71.2454, 46.8333], [-71.2453, 46.8334], [-71.2453, 46.8335], [-71.2452, 46.8337]]]}}, {"type": "Feature", "properties": {"couche": "voile", "station": "Patro Roc-Amadour", "minutes": 5}, "geometry": {"type": "Polygon", "coordinates": [[[-71.4046, 46.9433], [-71.0816, 46.9454], [-71.0792, 46.7238], [-71.4008, 46.7217], [-71.4046, 46.9433]], [[-71.2453, 46.8335], [-71.2453, 46.8334], [-71.2454, 46.8333], [-71.2454, 46.8332], [-71.2454, 46.8331], [-71.2453, 46.8331], [-71.2453, 46.833], [-71.2452, 46.8329], [-71.2451, 46.8329], [-71.245, 46.8329], [-71.2448, 46.8328], [-71.2447, 46.8328], [-71.2444, 46.8328], [-71.2442, 46.8329], [-71.2439, 46.8329], [-71.2436, 46.8329], [-71.2433, 46.833], [-71.2431, 46.833], [-71.2429, 46.833], [-71.2428, 46.833], [-71.2428, 46.8329], [-71.2429, 46.8328], [-71.243, 46.8327], [-71.2431, 46.8326], [-71.2431, 46.8325], [-71.2431, 46.8324], [-71.2431, 46.8322], [-71.2431, 46.8321], [-71.2431, 46.8319], [-71.243, 46.8317], [-71.2429, 46.8316], [-71.2428, 46.8314], [-71.2427, 46.8313], [-71.2426, 46.8312], [-71.2425, 46.8311], [-71.2424, 46.8311], [-71.2422, 46.831], [-71.2421, 46.831], [-71.2419, 46.831], [-71.2418, 46.831], [-71.2416, 46.831], [-71.2414, 46.8311], [-71.2413, 46.8312], [-71.2411, 46.8312], [-71.241, 46.8313], [-71.2408, 46.8315], [-71.2407, 46.8315], [-71.2405, 46.8316], [-71.2404, 46.8316], [-71.2404, 46.8315], [-71.2404, 46.8314], [-71.2404, 46.8313], [-71.2404, 46.8312], [-71.2403, 46.8311], [-71.2402, 46.831], [-71.2401, 46.831], [-71.2399, 46.8309], [-71.2397, 46.8309], [-71.2394, 46.8308], [-71.2392, 46.8308], [-71.239, 46.8308], [-71.2388, 46.8308], [-71.2387, 46.8308], [-71.2385, 46.8309], [-71.2384, 46.8309], [-71.2384, 46.831], [-71.2383, 46.8311], [-71.2383, 46.8312], [-71.2382, 46.8313], [-71.2382, 46.8314], [-71.2383, 46.8315], [-71.2383, 46.8316], [-71.2384, 46.8316], [-71.2384, 46.8317], [-71.2385, 46.8317], [-71.2385, 46.8318], [-71.2385, 46.8319], [-71.2384, 46.8319], [-71.2383, 46.832], [-71.2382, 46.8321], [-71.2381, 46.8321], [-71.2381, 46.8322], [-71.238, 46.8323], [-71.238, 46.8324], [-71.238, 46.8325], [-71.238, 46.8326], [-71.238, 46.8327], [-71.238, 46.8328], [-71.238, 46.8329], [-71.238, 46.833], [-71.238, 46.8331], [-71.238, 46.8332], [-71.2379, 46.8333], [-71.2379, 46.8334], [-71.2378, 46.8334], [-71.2377, 46.8335], [-71.2377, 46.8336], [-71.2377, 46.8337], [-71.2378, 46.8338], [-71.2379, 46.8338], [-71.2381, 46.8339], [-71.2383, 46.8339], [-71.2385, 46.834], [-71.2386, 46.8341], [-71.2386, 46.8342], [-71.2387, 46.8343], [-71.2387, 46.8344], [-71.2387, 46.8346], [-71.2386, 46.8347], [-71.2385, 46.8349], [-71.2384, 46.8351], [-71.2384, 46.8352], [-71.2384, 46.8354], [-71.2385, 46.8355], [-71.2387, 46.8356], [-71.2389, 46.8357], [-71.2392, 46.8358], [-71.2395, 46.8359], [-71.2398, 46.8359], [-71.2401, 46.8359], [-71.2404, 46.836], [-71.2407, 46.8359], [-71.2409, 46.8359], [-71.2412, 46.8359], [-71.2414, 46.8358], [-71.2416, 46.8357], [-71.2418, 46.8357], [-71.2419, 46.8356], [-71.242, 46.8356], [-71.2421, 46.8356], [-71.2422, 46.8357], [-71.2422, 46.8358], [-71.2421, 46.8359], [-71.2421, 46.836], [-71.2421, 46.8361], [-71.2422, 46.8362], [-71.2423, 46.8363], [-71.2424, 46.8363], [-71.2426, 46.8364], [-71.2428, 46.8365], [-71.243, 46.8365], [-71.2432, 46.8365], [-71.2434, 46.8365], [-71.2436, 46.8365], [-71.2437, 46.8365], [-71.2439, 46.8364], [-71.244, 46.8363], [-71.2441, 46.8362], [-71.2441, 46.8361], [-71.2442, 46.8359], [-71.2442, 46.8358], [-71.2442, 46.8357], [-71.2441, 46.8356], [-71.244, 46.8355], [-71.244, 46.8354], [-71.2438, 46.8353], [-71.2437, 46.8352], [-71.2436, 46.8352], [-71.2435, 46.8351], [-71.2435, 46.835], [-71.2435, 46.8349], [-71.2436, 46.8348], [-71.2437, 46.8347], [-71.2439, 46.8346], [-71.2441, 46.8345], [-71.2443, 46.8345], [-71.2445, 46.8344], [-71.2447, 46.8342], [-71.2448, 46.8341], [-71.245, 46.834], [-71.2451, 46.8339], [-71.2452, 46.8338], [-71.2452, 46.8337], [-71.2453, 46.8335]]]}}, {"type": "Feature", "properties": {"couche": "aire_marche", "station": "Patro Roc-Amadour", "ordre": 27, "minutes": 6, "superficie_ha": 32.5, "rue_km": 6.78, "disque_ha": 55.4, "part_disque_pct": 59, "accroche_m": 4, "population": 1848, "navetteurs": 773, "mode_auto_pct": 56, "mode_tc_pct": 27, "mode_actif_pct": 17, "mode_autre_pct": 0}, "geometry": {"type": "Polygon", "coordinates": [[[-71.2449, 46.8338], [-71.2445, 46.8341], [-71.2442, 46.8343], [-71.244, 46.8345], [-71.2438, 46.8347], [-71.2438, 46.8348], [-71.2438, 46.835], [-71.2439, 46.835], [-71.244, 46.8351], [-71.2443, 46.8351], [-71.2445, 46.8352], [-71.2446, 46.8352], [-71.2447, 46.8353], [-71.2448, 46.8353], [-71.2448, 46.8354], [-71.2448, 46.8355], [-71.2448, 46.8356], [-71.2447, 46.8356], [-71.2446, 46.8357], [-71.2445, 46.8358], [-71.2445, 46.8359], [-71.2445, 46.836], [-71.2445, 46.8361], [-71.2446, 46.8361], [-71.2446, 46.8362], [-71.2447, 46.8362], [-71.2447, 46.8363], [-71.2447, 46.8364], [-71.2447, 46.8365], [-71.2446, 46.8366], [-71.2446, 46.8367], [-71.2445, 46.8368], [-71.2444, 46.8369], [-71.2443, 46.837], [-71.2442, 46.837], [-71.2441, 46.8371], [-71.2439, 46.8371], [-71.2437, 46.8371], [-71.2436, 46.8371], [-71.2433, 46.8371], [-71.2432, 46.837], [-71.243, 46.837], [-71.2429, 46.8369], [-71.2428, 46.8369], [-71.2427, 46.8368], [-71.2427, 46.8367], [-71.2427, 46.8366], [-71.2427, 46.8365], [-71.2426, 46.8365], [-71.2425, 46.8364], [-71.2424, 46.8364], [-71.2422, 46.8365], [-71.2421, 46.8365], [-71.2419, 46.8365], [-71.2417, 46.8365], [-71.2416, 46.8365], [-71.2415, 46.8365], [-71.2415, 46.8364], [-71.2415, 46.8363], [-71.2416, 46.8362], [-71.2417, 46.8361], [-71.2418, 46.836], [-71.2419, 46.8358], [-71.2419, 46.8357], [-71.2417, 46.8357], [-71.2416, 46.8358], [-71.2413, 46.8359], [-71.241, 46.836], [-71.2407, 46.8361], [-71.2404, 46.8362], [-71.2401, 46.8363], [-71.2398, 46.8363], [-71.2395, 46.8363], [-71.2392, 46.8363], [-71.2388, 46.8362], [-71.2385, 46.8362], [-71.2382, 46.8361], [-71.238, 46.836], [-71.2378, 46.8358], [-71.2377, 46.8357], [-71.2376, 46.8355], [-71.2376, 46.8353], [-71.2376, 46.8352], [-71.2377, 46.8349], [-71.2378, 46.8348], [-71.2378, 46.8346], [-71.2378, 46.8345], [-71.2378, 46.8344], [-71.2378, 46.8343], [-71.2377, 46.8343], [-71.2376, 46.8343], [-71.2375, 46.8344], [-71.2374, 46.8344], [-71.2373, 46.8344], [-71.2372, 46.8344], [-71.2371, 46.8343], [-71.237, 46.8343], [-71.2369, 46.8342], [-71.2368, 46.8341], [-71.2369, 46.834], [-71.2369, 46.8339], [-71.237, 46.8339], [-71.2371, 46.8338], [-71.2373, 46.8337], [-71.2375, 46.8336], [-71.2376, 46.8335], [-71.2377, 46.8334], [-71.2378, 46.8333], [-71.2378, 46.8331], [-71.2379, 46.833], [-71.2378, 46.8329], [-71.2377, 46.8328], [-71.2376, 46.8327], [-71.2376, 46.8325], [-71.2375, 46.8324], [-71.2375, 46.8323], [-71.2375, 46.8321], [-71.2375, 46.832], [-71.2376, 46.8319], [-71.2377, 46.8318], [-71.2378, 46.8316], [-71.2379, 46.8315], [-71.238, 46.8314], [-71.2381, 46.8313], [-71.2381, 46.8312], [-71.2381, 46.8311], [-71.238, 46.831], [-71.2379, 46.831], [-71.2379, 46.8309], [-71.2378, 46.8309], [-71.2378, 46.8308], [-71.2378, 46.8307], [-71.2378, 46.8306], [-71.2378, 46.8305], [-71.2379, 46.8304], [-71.238, 46.8303], [-71.2381, 46.8303], [-71.2382, 46.8303], [-71.2383, 46.8303], [-71.2384, 46.8304], [-71.2386, 46.8304], [-71.2387, 46.8305], [-71.2388, 46.8305], [-71.2389, 46.8305], [-71.2391, 46.8305], [-71.2392, 46.8305], [-71.2393, 46.8305], [-71.2394, 46.8305], [-71.2395, 46.8305], [-71.2396, 46.8305], [-71.2397, 46.8305], [-71.2398, 46.8305], [-71.2399, 46.8305], [-71.24, 46.8305], [-71.2401, 46.8306], [-71.2402, 46.8307], [-71.2403, 46.8307], [-71.2404, 46.8307], [-71.2405, 46.8307], [-71.2406, 46.8307], [-71.2407, 46.8306], [-71.2408, 46.8306], [-71.241, 46.8305], [-71.2412, 46.8305], [-71.2414, 46.8305], [-71.2416, 46.8305], [-71.2418, 46.8305], [-71.2421, 46.8305], [-71.2424, 46.8306], [-71.2427, 46.8306], [-71.2429, 46.8307], [-71.2431, 46.8308], [-71.2433, 46.831], [-71.2434, 46.8311], [-71.2435, 46.8313], [-71.2435, 46.8315], [-71.2435, 46.8317], [-71.2434, 46.8319], [-71.2434, 46.8321], [-71.2433, 46.8323], [-71.2432, 46.8324], [-71.2432, 46.8326], [-71.2431, 46.8327], [-71.243, 46.8328], [-71.2429, 46.8329], [-71.2428, 46.8329], [-71.2427, 46.833], [-71.2428, 46.8331], [-71.2429, 46.8331], [-71.2431, 46.8331], [-71.2432, 46.8331], [-71.2435, 46.8331], [-71.2437, 46.8331], [-71.2439, 46.833], [-71.2441, 46.833], [-71.2443, 46.833], [-71.2445, 46.8329], [-71.2447, 46.8328], [-71.2449, 46.8328], [-71.2451, 46.8327], [-71.2452, 46.8326], [-71.2454, 46.8326], [-71.2455, 46.8325], [-71.2456, 46.8325], [-71.2458, 46.8325], [-71.2458, 46.8326], [-71.2459, 46.8326], [-71.246, 46.8327], [-71.246, 46.8328], [-71.2459, 46.8329], [-71.2458, 46.833], [-71.2457, 46.8332], [-71.2455, 46.8334], [-71.2452, 46.8336], [-71.2449, 46.8338]]]}}, {"type": "Feature", "properties": {"couche": "voile", "station": "Patro Roc-Amadour", "minutes": 6}, "geometry": {"type": "Polygon", "coordinates": [[[-71.4052, 46.9439], [-71.0807, 46.946], [-71.0783, 46.7233], [-71.4014, 46.7212], [-71.4052, 46.9439]], [[-71.2452, 46.8336], [-71.2455, 46.8334], [-71.2457, 46.8332], [-71.2458, 46.833], [-71.2459, 46.8329], [-71.246, 46.8328], [-71.246, 46.8327], [-71.2459, 46.8326], [-71.2458, 46.8326], [-71.2458, 46.8325], [-71.2456, 46.8325], [-71.2455, 46.8325], [-71.2454, 46.8326], [-71.2452, 46.8326], [-71.2451, 46.8327], [-71.2449, 46.8328], [-71.2447, 46.8328], [-71.2445, 46.8329], [-71.2443, 46.833], [-71.2441, 46.833], [-71.2439, 46.833], [-71.2437, 46.8331], [-71.2435, 46.8331], [-71.2432, 46.8331], [-71.2431, 46.8331], [-71.2429, 46.8331], [-71.2428, 46.8331], [-71.2427, 46.833], [-71.2428, 46.8329], [-71.2429, 46.8329], [-71.243, 46.8328], [-71.2431, 46.8327], [-71.2432, 46.8326], [-71.2432, 46.8324], [-71.2433, 46.8323], [-71.2434, 46.8321], [-71.2434, 46.8319], [-71.2435, 46.8317], [-71.2435, 46.8315], [-71.2435, 46.8313], [-71.2434, 46.8311], [-71.2433, 46.831], [-71.2431, 46.8308], [-71.2429, 46.8307], [-71.2427, 46.8306], [-71.2424, 46.8306], [-71.2421, 46.8305], [-71.2418, 46.8305], [-71.2416, 46.8305], [-71.2414, 46.8305], [-71.2412, 46.8305], [-71.241, 46.8305], [-71.2408, 46.8306], [-71.2407, 46.8306], [-71.2406, 46.8307], [-71.2405, 46.8307], [-71.2404, 46.8307], [-71.2403, 46.8307], [-71.2402, 46.8307], [-71.2401, 46.8306], [-71.24, 46.8305], [-71.2399, 46.8305], [-71.2398, 46.8305], [-71.2397, 46.8305], [-71.2396, 46.8305], [-71.2395, 46.8305], [-71.2394, 46.8305], [-71.2393, 46.8305], [-71.2392, 46.8305], [-71.2391, 46.8305], [-71.2389, 46.8305], [-71.2388, 46.8305], [-71.2387, 46.8305], [-71.2386, 46.8304], [-71.2384, 46.8304], [-71.2383, 46.8303], [-71.2382, 46.8303], [-71.2381, 46.8303], [-71.238, 46.8303], [-71.2379, 46.8304], [-71.2378, 46.8305], [-71.2378, 46.8306], [-71.2378, 46.8307], [-71.2378, 46.8308], [-71.2378, 46.8309], [-71.2379, 46.8309], [-71.2379, 46.831], [-71.238, 46.831], [-71.2381, 46.8311], [-71.2381, 46.8312], [-71.2381, 46.8313], [-71.238, 46.8314], [-71.2379, 46.8315], [-71.2378, 46.8316], [-71.2377, 46.8318], [-71.2376, 46.8319], [-71.2375, 46.832], [-71.2375, 46.8321], [-71.2375, 46.8323], [-71.2375, 46.8324], [-71.2376, 46.8325], [-71.2376, 46.8327], [-71.2377, 46.8328], [-71.2378, 46.8329], [-71.2379, 46.833], [-71.2378, 46.8331], [-71.2378, 46.8333], [-71.2377, 46.8334], [-71.2376, 46.8335], [-71.2375, 46.8336], [-71.2373, 46.8337], [-71.2371, 46.8338], [-71.237, 46.8339], [-71.2369, 46.8339], [-71.2369, 46.834], [-71.2368, 46.8341], [-71.2369, 46.8342], [-71.237, 46.8343], [-71.2371, 46.8343], [-71.2372, 46.8344], [-71.2373, 46.8344], [-71.2374, 46.8344], [-71.2375, 46.8344], [-71.2376, 46.8343], [-71.2377, 46.8343], [-71.2378, 46.8343], [-71.2378, 46.8344], [-71.2378, 46.8345], [-71.2378, 46.8346], [-71.2378, 46.8348], [-71.2377, 46.8349], [-71.2376, 46.8352], [-71.2376, 46.8353], [-71.2376, 46.8355], [-71.2377, 46.8357], [-71.2378, 46.8358], [-71.238, 46.836], [-71.2382, 46.8361], [-71.2385, 46.8362], [-71.2388, 46.8362], [-71.2392, 46.8363], [-71.2395, 46.8363], [-71.2398, 46.8363], [-71.2401, 46.8363], [-71.2404, 46.8362], [-71.2407, 46.8361], [-71.241, 46.836], [-71.2413, 46.8359], [-71.2416, 46.8358], [-71.2417, 46.8357], [-71.2419, 46.8357], [-71.2419, 46.8358], [-71.2418, 46.836], [-71.2417, 46.8361], [-71.2416, 46.8362], [-71.2415, 46.8363], [-71.2415, 46.8364], [-71.2415, 46.8365], [-71.2416, 46.8365], [-71.2417, 46.8365], [-71.2419, 46.8365], [-71.2421, 46.8365], [-71.2422, 46.8365], [-71.2424, 46.8364], [-71.2425, 46.8364], [-71.2426, 46.8365], [-71.2427, 46.8365], [-71.2427, 46.8366], [-71.2427, 46.8367], [-71.2427, 46.8368], [-71.2428, 46.8369], [-71.2429, 46.8369], [-71.243, 46.837], [-71.2432, 46.837], [-71.2433, 46.8371], [-71.2436, 46.8371], [-71.2437, 46.8371], [-71.2439, 46.8371], [-71.2441, 46.8371], [-71.2442, 46.837], [-71.2443, 46.837], [-71.2444, 46.8369], [-71.2445, 46.8368], [-71.2446, 46.8367], [-71.2446, 46.8366], [-71.2447, 46.8365], [-71.2447, 46.8364], [-71.2447, 46.8363], [-71.2447, 46.8362], [-71.2446, 46.8362], [-71.2446, 46.8361], [-71.2445, 46.8361], [-71.2445, 46.836], [-71.2445, 46.8359], [-71.2445, 46.8358], [-71.2446, 46.8357], [-71.2447, 46.8356], [-71.2448, 46.8356], [-71.2448, 46.8355], [-71.2448, 46.8354], [-71.2448, 46.8353], [-71.2447, 46.8353], [-71.2446, 46.8352], [-71.2445, 46.8352], [-71.2443, 46.8351], [-71.244, 46.8351], [-71.2439, 46.835], [-71.2438, 46.835], [-71.2438, 46.8348], [-71.2438, 46.8347], [-71.244, 46.8345], [-71.2442, 46.8343], [-71.2445, 46.8341], [-71.2449, 46.8338], [-71.2452, 46.8336]]]}}, {"type": "Feature", "properties": {"couche": "aire_marche", "station": "Patro Roc-Amadour", "ordre": 27, "minutes": 7, "superficie_ha": 45.2, "rue_km": 9.6, "disque_ha": 75.4, "part_disque_pct": 60, "accroche_m": 4, "population": 2589, "navetteurs": 1079, "mode_auto_pct": 57, "mode_tc_pct": 25, "mode_actif_pct": 18, "mode_autre_pct": 0}, "geometry": {"type": "Polygon", "coordinates": [[[-71.2467, 46.8328], [-71.2467, 46.8329], [-71.2466, 46.8331], [-71.2464, 46.8332], [-71.2463, 46.8334], [-71.2461, 46.8335], [-71.2458, 46.8337], [-71.2455, 46.8338], [-71.2452, 46.834], [-71.2449, 46.8341], [-71.2447, 46.8342], [-71.2446, 46.8343], [-71.2446, 46.8344], [-71.2446, 46.8345], [-71.2447, 46.8346], [-71.2449, 46.8347], [-71.2451, 46.8347], [-71.2453, 46.8348], [-71.2454, 46.8349], [-71.2455, 46.8349], [-71.2456, 46.835], [-71.2456, 46.8351], [-71.2456, 46.8352], [-71.2455, 46.8352], [-71.2454, 46.8353], [-71.2454, 46.8354], [-71.2453, 46.8355], [-71.2452, 46.8356], [-71.2452, 46.8357], [-71.2453, 46.8357], [-71.2453, 46.8358], [-71.2454, 46.8358], [-71.2454, 46.8359], [-71.2454, 46.836], [-71.2454, 46.8361], [-71.2453, 46.8361], [-71.2453, 46.8362], [-71.2452, 46.8363], [-71.2451, 46.8363], [-71.245, 46.8364], [-71.2449, 46.8365], [-71.2449, 46.8366], [-71.2449, 46.8367], [-71.2448, 46.8369], [-71.2448, 46.837], [-71.2448, 46.8372], [-71.2448, 46.8373], [-71.2447, 46.8374], [-71.2447, 46.8375], [-71.2446, 46.8376], [-71.2445, 46.8376], [-71.2443, 46.8377], [-71.2442, 46.8377], [-71.244, 46.8376], [-71.2438, 46.8376], [-71.2437, 46.8376], [-71.2436, 46.8376], [-71.2434, 46.8375], [-71.2433, 46.8374], [-71.2432, 46.8374], [-71.2432, 46.8373], [-71.2431, 46.8373], [-71.243, 46.8372], [-71.2429, 46.8372], [-71.2427, 46.8372], [-71.2426, 46.8372], [-71.2425, 46.8372], [-71.2423, 46.8372], [-71.2422, 46.8372], [-71.2421, 46.8372], [-71.2421, 46.8371], [-71.2421, 46.837], [-71.2422, 46.8369], [-71.2423, 46.8367], [-71.2424, 46.8367], [-71.2424, 46.8366], [-71.2424, 46.8365], [-71.2423, 46.8365], [-71.2422, 46.8365], [-71.242, 46.8366], [-71.2417, 46.8366], [-71.2414, 46.8367], [-71.2412, 46.8367], [-71.241, 46.8368], [-71.2409, 46.8367], [-71.241, 46.8366], [-71.2411, 46.8365], [-71.2412, 46.8363], [-71.2415, 46.8361], [-71.2416, 46.836], [-71.2417, 46.8359], [-71.2417, 46.8358], [-71.2415, 46.8358], [-71.2413, 46.8359], [-71.241, 46.8361], [-71.2407, 46.8363], [-71.2403, 46.8364], [-71.2399, 46.8365], [-71.2396, 46.8366], [-71.2392, 46.8367], [-71.2389, 46.8367], [-71.2385, 46.8367], [-71.2381, 46.8366], [-71.2378, 46.8366], [-71.2375, 46.8365], [-71.2373, 46.8364], [-71.2371, 46.8363], [-71.237, 46.8362], [-71.237, 46.8361], [-71.237, 46.836], [-71.2371, 46.8358], [-71.2372, 46.8357], [-71.2373, 46.8356], [-71.2374, 46.8355], [-71.2374, 46.8353], [-71.2374, 46.8352], [-71.2373, 46.8351], [-71.2371, 46.835], [-71.2369, 46.8348], [-71.2367, 46.8347], [-71.2365, 46.8346], [-71.2364, 46.8345], [-71.2363, 46.8344], [-71.2362, 46.8343], [-71.2362, 46.8342], [-71.2362, 46.8341], [-71.2363, 46.8341], [-71.2364, 46.834], [-71.2365, 46.8339], [-71.2366, 46.8338], [-71.2366, 46.8337], [-71.2367, 46.8337], [-71.2367, 46.8336], [-71.2367, 46.8335], [-71.2367, 46.8334], [-71.2367, 46.8333], [-71.2368, 46.8332], [-71.2369, 46.8332], [-71.2369, 46.8331], [-71.2371, 46.8331], [-71.2372, 46.8331], [-71.2373, 46.8331], [-71.2375, 46.8331], [-71.2376, 46.8331], [-71.2377, 46.8331], [-71.2377, 46.833], [-71.2376, 46.833], [-71.2374, 46.8329], [-71.2373, 46.8328], [-71.2371, 46.8327], [-71.237, 46.8325], [-71.2369, 46.8324], [-71.2369, 46.8322], [-71.2369, 46.832], [-71.2369, 46.8318], [-71.237, 46.8316], [-71.2372, 46.8314], [-71.2373, 46.8312], [-71.2374, 46.8309], [-71.2374, 46.8308], [-71.2375, 46.8306], [-71.2375, 46.8304], [-71.2375, 46.8303], [-71.2375, 46.8302], [-71.2375, 46.8301], [-71.2375, 46.83], [-71.2376, 46.8299], [-71.2377, 46.8299], [-71.2378, 46.8299], [-71.238, 46.8299], [-71.2382, 46.8299], [-71.2384, 46.83], [-71.2387, 46.83], [-71.239, 46.8301], [-71.2393, 46.8301], [-71.2395, 46.8302], [-71.2397, 46.8302], [-71.2399, 46.8302], [-71.2401, 46.8301], [-71.2403, 46.8301], [-71.2404, 46.83], [-71.2406, 46.83], [-71.2408, 46.83], [-71.2411, 46.83], [-71.2414, 46.83], [-71.2417, 46.83], [-71.2421, 46.8301], [-71.2425, 46.8301], [-71.243, 46.8302], [-71.2434, 46.8303], [-71.2437, 46.8304], [-71.244, 46.8305], [-71.2442, 46.8306], [-71.2444, 46.8307], [-71.2445, 46.8307], [-71.2445, 46.8308], [-71.2446, 46.8309], [-71.2445, 46.8309], [-71.2445, 46.831], [-71.2444, 46.8311], [-71.2443, 46.8311], [-71.2442, 46.8312], [-71.2441, 46.8312], [-71.244, 46.8313], [-71.2439, 46.8314], [-71.2438, 46.8314], [-71.2437, 46.8315], [-71.2437, 46.8316], [-71.2437, 46.8317], [-71.2437, 46.8318], [-71.2437, 46.8319], [-71.2437, 46.832], [-71.2437, 46.8321], [-71.2437, 46.8322], [-71.2436, 46.8323], [-71.2435, 46.8324], [-71.2434, 46.8325], [-71.2433, 46.8326], [-71.2431, 46.8327], [-71.243, 46.8328], [-71.2429, 46.8329], [-71.2428, 46.833], [-71.2429, 46.833], [-71.2429, 46.8331], [-71.2431, 46.8331], [-71.2432, 46.8331], [-71.2435, 46.8331], [-71.2437, 46.8331], [-71.2439, 46.833], [-71.2441, 46.833], [-71.2442, 46.8329], [-71.2444, 46.8328], [-71.2446, 46.8327], [-71.2447, 46.8326], [-71.2449, 46.8324], [-71.245, 46.8323], [-71.2452, 46.8322], [-71.2453, 46.8321], [-71.2455, 46.832], [-71.2456, 46.832], [-71.2458, 46.832], [-71.246, 46.832], [-71.2462, 46.832], [-71.2463, 46.832], [-71.2464, 46.8321], [-71.2465, 46.8322], [-71.2466, 46.8323], [-71.2467, 46.8324], [-71.2467, 46.8325], [-71.2467, 46.8326], [-71.2467, 46.8328]]]}}, {"type": "Feature", "properties": {"couche": "voile", "station": "Patro Roc-Amadour", "minutes": 7}, "geometry": {"type": "Polygon", "coordinates": [[[-71.4059, 46.9445], [-71.0801, 46.9466], [-71.0777, 46.7229], [-71.4021, 46.7208], [-71.4059, 46.9445]], [[-71.2467, 46.8326], [-71.2467, 46.8325], [-71.2467, 46.8324], [-71.2466, 46.8323], [-71.2465, 46.8322], [-71.2464, 46.8321], [-71.2463, 46.832], [-71.2462, 46.832], [-71.246, 46.832], [-71.2458, 46.832], [-71.2456, 46.832], [-71.2455, 46.832], [-71.2453, 46.8321], [-71.2452, 46.8322], [-71.245, 46.8323], [-71.2449, 46.8324], [-71.2447, 46.8326], [-71.2446, 46.8327], [-71.2444, 46.8328], [-71.2442, 46.8329], [-71.2441, 46.833], [-71.2439, 46.833], [-71.2437, 46.8331], [-71.2435, 46.8331], [-71.2432, 46.8331], [-71.2431, 46.8331], [-71.2429, 46.8331], [-71.2429, 46.833], [-71.2428, 46.833], [-71.2429, 46.8329], [-71.243, 46.8328], [-71.2431, 46.8327], [-71.2433, 46.8326], [-71.2434, 46.8325], [-71.2435, 46.8324], [-71.2436, 46.8323], [-71.2437, 46.8322], [-71.2437, 46.8321], [-71.2437, 46.832], [-71.2437, 46.8319], [-71.2437, 46.8318], [-71.2437, 46.8317], [-71.2437, 46.8316], [-71.2437, 46.8315], [-71.2438, 46.8314], [-71.2439, 46.8314], [-71.244, 46.8313], [-71.2441, 46.8312], [-71.2442, 46.8312], [-71.2443, 46.8311], [-71.2444, 46.8311], [-71.2445, 46.831], [-71.2445, 46.8309], [-71.2446, 46.8309], [-71.2445, 46.8308], [-71.2445, 46.8307], [-71.2444, 46.8307], [-71.2442, 46.8306], [-71.244, 46.8305], [-71.2437, 46.8304], [-71.2434, 46.8303], [-71.243, 46.8302], [-71.2425, 46.8301], [-71.2421, 46.8301], [-71.2417, 46.83], [-71.2414, 46.83], [-71.2411, 46.83], [-71.2408, 46.83], [-71.2406, 46.83], [-71.2404, 46.83], [-71.2403, 46.8301], [-71.2401, 46.8301], [-71.2399, 46.8302], [-71.2397, 46.8302], [-71.2395, 46.8302], [-71.2393, 46.8301], [-71.239, 46.8301], [-71.2387, 46.83], [-71.2384, 46.83], [-71.2382, 46.8299], [-71.238, 46.8299], [-71.2378, 46.8299], [-71.2377, 46.8299], [-71.2376, 46.8299], [-71.2375, 46.83], [-71.2375, 46.8301], [-71.2375, 46.8302], [-71.2375, 46.8303], [-71.2375, 46.8304], [-71.2375, 46.8306], [-71.2374, 46.8308], [-71.2374, 46.8309], [-71.2373, 46.8312], [-71.2372, 46.8314], [-71.237, 46.8316], [-71.2369, 46.8318], [-71.2369, 46.832], [-71.2369, 46.8322], [-71.2369, 46.8324], [-71.237, 46.8325], [-71.2371, 46.8327], [-71.2373, 46.8328], [-71.2374, 46.8329], [-71.2376, 46.833], [-71.2377, 46.833], [-71.2377, 46.8331], [-71.2376, 46.8331], [-71.2375, 46.8331], [-71.2373, 46.8331], [-71.2372, 46.8331], [-71.2371, 46.8331], [-71.2369, 46.8331], [-71.2369, 46.8332], [-71.2368, 46.8332], [-71.2367, 46.8333], [-71.2367, 46.8334], [-71.2367, 46.8335], [-71.2367, 46.8336], [-71.2367, 46.8337], [-71.2366, 46.8337], [-71.2366, 46.8338], [-71.2365, 46.8339], [-71.2364, 46.834], [-71.2363, 46.8341], [-71.2362, 46.8341], [-71.2362, 46.8342], [-71.2362, 46.8343], [-71.2363, 46.8344], [-71.2364, 46.8345], [-71.2365, 46.8346], [-71.2367, 46.8347], [-71.2369, 46.8348], [-71.2371, 46.835], [-71.2373, 46.8351], [-71.2374, 46.8352], [-71.2374, 46.8353], [-71.2374, 46.8355], [-71.2373, 46.8356], [-71.2372, 46.8357], [-71.2371, 46.8358], [-71.237, 46.836], [-71.237, 46.8361], [-71.237, 46.8362], [-71.2371, 46.8363], [-71.2373, 46.8364], [-71.2375, 46.8365], [-71.2378, 46.8366], [-71.2381, 46.8366], [-71.2385, 46.8367], [-71.2389, 46.8367], [-71.2392, 46.8367], [-71.2396, 46.8366], [-71.2399, 46.8365], [-71.2403, 46.8364], [-71.2407, 46.8363], [-71.241, 46.8361], [-71.2413, 46.8359], [-71.2415, 46.8358], [-71.2417, 46.8358], [-71.2417, 46.8359], [-71.2416, 46.836], [-71.2415, 46.8361], [-71.2412, 46.8363], [-71.2411, 46.8365], [-71.241, 46.8366], [-71.2409, 46.8367], [-71.241, 46.8368], [-71.2412, 46.8367], [-71.2414, 46.8367], [-71.2417, 46.8366], [-71.242, 46.8366], [-71.2422, 46.8365], [-71.2423, 46.8365], [-71.2424, 46.8365], [-71.2424, 46.8366], [-71.2424, 46.8367], [-71.2423, 46.8367], [-71.2422, 46.8369], [-71.2421, 46.837], [-71.2421, 46.8371], [-71.2421, 46.8372], [-71.2422, 46.8372], [-71.2423, 46.8372], [-71.2425, 46.8372], [-71.2426, 46.8372], [-71.2427, 46.8372], [-71.2429, 46.8372], [-71.243, 46.8372], [-71.2431, 46.8373], [-71.2432, 46.8373], [-71.2432, 46.8374], [-71.2433, 46.8374], [-71.2434, 46.8375], [-71.2436, 46.8376], [-71.2437, 46.8376], [-71.2438, 46.8376], [-71.244, 46.8376], [-71.2442, 46.8377], [-71.2443, 46.8377], [-71.2445, 46.8376], [-71.2446, 46.8376], [-71.2447, 46.8375], [-71.2447, 46.8374], [-71.2448, 46.8373], [-71.2448, 46.8372], [-71.2448, 46.837], [-71.2448, 46.8369], [-71.2449, 46.8367], [-71.2449, 46.8366], [-71.2449, 46.8365], [-71.245, 46.8364], [-71.2451, 46.8363], [-71.2452, 46.8363], [-71.2453, 46.8362], [-71.2453, 46.8361], [-71.2454, 46.8361], [-71.2454, 46.836], [-71.2454, 46.8359], [-71.2454, 46.8358], [-71.2453, 46.8358], [-71.2453, 46.8357], [-71.2452, 46.8357], [-71.2452, 46.8356], [-71.2453, 46.8355], [-71.2454, 46.8354], [-71.2454, 46.8353], [-71.2455, 46.8352], [-71.2456, 46.8352], [-71.2456, 46.8351], [-71.2456, 46.835], [-71.2455, 46.8349], [-71.2454, 46.8349], [-71.2453, 46.8348], [-71.2451, 46.8347], [-71.2449, 46.8347], [-71.2447, 46.8346], [-71.2446, 46.8345], [-71.2446, 46.8344], [-71.2446, 46.8343], [-71.2447, 46.8342], [-71.2449, 46.8341], [-71.2452, 46.834], [-71.2455, 46.8338], [-71.2458, 46.8337], [-71.2461, 46.8335], [-71.2463, 46.8334], [-71.2464, 46.8332], [-71.2466, 46.8331], [-71.2467, 46.8329], [-71.2467, 46.8328], [-71.2467, 46.8326]]]}}, {"type": "Feature", "properties": {"couche": "aire_marche", "station": "Patro Roc-Amadour", "ordre": 27, "minutes": 8, "superficie_ha": 63.6, "rue_km": 13.17, "disque_ha": 98.5, "part_disque_pct": 65, "accroche_m": 4, "population": 3619, "navetteurs": 1499, "mode_auto_pct": 58, "mode_tc_pct": 24, "mode_actif_pct": 18, "mode_autre_pct": 0}, "geometry": {"type": "Polygon", "coordinates": [[[-71.2477, 46.8321], [-71.2477, 46.8322], [-71.2476, 46.8322], [-71.2476, 46.8323], [-71.2475, 46.8324], [-71.2474, 46.8324], [-71.2473, 46.8325], [-71.2471, 46.8326], [-71.247, 46.8326], [-71.2469, 46.8327], [-71.2468, 46.8328], [-71.2468, 46.8329], [-71.2468, 46.833], [-71.2468, 46.8331], [-71.2468, 46.8333], [-71.2469, 46.8334], [-71.2469, 46.8335], [-71.247, 46.8336], [-71.247, 46.8337], [-71.247, 46.8338], [-71.2469, 46.8338], [-71.2469, 46.8339], [-71.2468, 46.8339], [-71.2467, 46.8339], [-71.2466, 46.8339], [-71.2465, 46.8339], [-71.2464, 46.8339], [-71.2463, 46.8338], [-71.2462, 46.8337], [-71.2461, 46.8336], [-71.246, 46.8336], [-71.246, 46.8335], [-71.2459, 46.8335], [-71.2458, 46.8335], [-71.2457, 46.8335], [-71.2456, 46.8335], [-71.2455, 46.8336], [-71.2454, 46.8336], [-71.2453, 46.8337], [-71.2452, 46.8338], [-71.2451, 46.8339], [-71.2451, 46.834], [-71.2451, 46.8341], [-71.2452, 46.8342], [-71.2452, 46.8343], [-71.2453, 46.8343], [-71.2454, 46.8344], [-71.2455, 46.8345], [-71.2456, 46.8345], [-71.2457, 46.8346], [-71.2458, 46.8346], [-71.246, 46.8346], [-71.2461, 46.8346], [-71.2463, 46.8346], [-71.2463, 46.8347], [-71.2464, 46.8347], [-71.2464, 46.8348], [-71.2464, 46.8349], [-71.2463, 46.835], [-71.2462, 46.835], [-71.2461, 46.8351], [-71.2461, 46.8352], [-71.2461, 46.8353], [-71.2461, 46.8354], [-71.2462, 46.8355], [-71.2462, 46.8356], [-71.2462, 46.8357], [-71.2462, 46.8358], [-71.2461, 46.8358], [-71.246, 46.8359], [-71.2459, 46.8359], [-71.2459, 46.836], [-71.2458, 46.836], [-71.2458, 46.8361], [-71.2457, 46.8362], [-71.2457, 46.8363], [-71.2458, 46.8363], [-71.2458, 46.8364], [-71.2459, 46.8364], [-71.2459, 46.8365], [-71.2459, 46.8366], [-71.2458, 46.8367], [-71.2457, 46.8367], [-71.2456, 46.8368], [-71.2456, 46.8369], [-71.2455, 46.8369], [-71.2454, 46.837], [-71.2454, 46.8371], [-71.2454, 46.8373], [-71.2453, 46.8374], [-71.2453, 46.8375], [-71.2453, 46.8377], [-71.2452, 46.8378], [-71.2452, 46.8379], [-71.245, 46.838], [-71.2448, 46.8381], [-71.2446, 46.8381], [-71.2444, 46.8381], [-71.2441, 46.8381], [-71.2437, 46.8381], [-71.2434, 46.838], [-71.2432, 46.8379], [-71.243, 46.8379], [-71.2429, 46.8378], [-71.2428, 46.8377], [-71.2427, 46.8376], [-71.2427, 46.8375], [-71.2428, 46.8374], [-71.2428, 46.8373], [-71.2427, 46.8373], [-71.2426, 46.8373], [-71.2425, 46.8373], [-71.2423, 46.8374], [-71.2421, 46.8374], [-71.2419, 46.8375], [-71.2417, 46.8376], [-71.2415, 46.8376], [-71.2413, 46.8376], [-71.2411, 46.8376], [-71.2409, 46.8376], [-71.2406, 46.8375], [-71.2404, 46.8375], [-71.2403, 46.8374], [-71.2402, 46.8373], [-71.2402, 46.8372], [-71.2402, 46.837], [-71.2403, 46.8369], [-71.2405, 46.8367], [-71.2408, 46.8365], [-71.2411, 46.8362], [-71.2414, 46.8361], [-71.2415, 46.8359], [-71.2413, 46.8359], [-71.2411, 46.8361], [-71.2407, 46.8362], [-71.2403, 46.8365], [-71.2399, 46.8366], [-71.2395, 46.8368], [-71.2392, 46.8369], [-71.2389, 46.837], [-71.2387, 46.8371], [-71.2385, 46.8371], [-71.2384, 46.8371], [-71.2383, 46.837], [-71.2382, 46.8369], [-71.2381, 46.8369], [-71.2379, 46.8368], [-71.2377, 46.8368], [-71.2375, 46.8368], [-71.2373, 46.8367], [-71.237, 46.8367], [-71.2368, 46.8367], [-71.2365, 46.8367], [-71.2363, 46.8366], [-71.2361, 46.8366], [-71.236, 46.8365], [-71.2359, 46.8365], [-71.2358, 46.8364], [-71.2358, 46.8363], [-71.2359, 46.8362], [-71.236, 46.8362], [-71.236, 46.8361], [-71.2362, 46.836], [-71.2363, 46.8359], [-71.2365, 46.8358], [-71.2367, 46.8357], [-71.2369, 46.8356], [-71.2371, 46.8356], [-71.2373, 46.8355], [-71.2373, 46.8354], [-71.2372, 46.8354], [-71.2371, 46.8354], [-71.2369, 46.8354], [-71.2367, 46.8354], [-71.2366, 46.8354], [-71.2365, 46.8353], [-71.2364, 46.8353], [-71.2364, 46.8352], [-71.2365, 46.8351], [-71.2365, 46.835], [-71.2367, 46.8349], [-71.2367, 46.8348], [-71.2368, 46.8348], [-71.2368, 46.8347], [-71.2367, 46.8347], [-71.2366, 46.8347], [-71.2365, 46.8348], [-71.2363, 46.8348], [-71.2361, 46.8349], [-71.236, 46.8349], [-71.2359, 46.835], [-71.2357, 46.835], [-71.2356, 46.835], [-71.2355, 46.835], [-71.2354, 46.8349], [-71.2353, 46.8348], [-71.2353, 46.8347], [-71.2354, 46.8346], [-71.2355, 46.8346], [-71.2356, 46.8345], [-71.2358, 46.8343], [-71.236, 46.8342], [-71.2362, 46.8341], [-71.2363, 46.834], [-71.2364, 46.834], [-71.2364, 46.8339], [-71.2364, 46.8338], [-71.2363, 46.8337], [-71.2362, 46.8337], [-71.2361, 46.8336], [-71.236, 46.8336], [-71.236, 46.8335], [-71.236, 46.8334], [-71.236, 46.8333], [-71.236, 46.8332], [-71.2361, 46.8331], [-71.2362, 46.8329], [-71.2362, 46.8328], [-71.2363, 46.8326], [-71.2363, 46.8325], [-71.2363, 46.8324], [-71.2363, 46.8322], [-71.2363, 46.8321], [-71.2362, 46.8319], [-71.2362, 46.8318], [-71.2361, 46.8317], [-71.2361, 46.8315], [-71.2361, 46.8314], [-71.2361, 46.8312], [-71.2362, 46.8311], [-71.2363, 46.8309], [-71.2364, 46.8307], [-71.2365, 46.8306], [-71.2366, 46.8304], [-71.2367, 46.8303], [-71.2368, 46.8301], [-71.2369, 46.83], [-71.2369, 46.8299], [-71.2369, 46.8298], [-71.2369, 46.8297], [-71.2369, 46.8296], [-71.2369, 46.8295], [-71.237, 46.8294], [-71.237, 46.8293], [-71.2372, 46.8293], [-71.2373, 46.8293], [-71.2375, 46.8293], [-71.2378, 46.8293], [-71.2381, 46.8293], [-71.2383, 46.8293], [-71.2385, 46.8293], [-71.2387, 46.8293], [-71.2389, 46.8294], [-71.239, 46.8294], [-71.2391, 46.8295], [-71.2392, 46.8295], [-71.2392, 46.8296], [-71.2393, 46.8296], [-71.2393, 46.8297], [-71.2394, 46.8297], [-71.2395, 46.8297], [-71.2396, 46.8296], [-71.2397, 46.8296], [-71.2399, 46.8295], [-71.24, 46.8295], [-71.2402, 46.8294], [-71.2404, 46.8294], [-71.2407, 46.8294], [-71.2411, 46.8294], [-71.2415, 46.8295], [-71.242, 46.8295], [-71.2425, 46.8296], [-71.2431, 46.8297], [-71.2436, 46.8299], [-71.244, 46.83], [-71.2444, 46.8301], [-71.2446, 46.8302], [-71.2449, 46.8304], [-71.245, 46.8305], [-71.2451, 46.8307], [-71.2451, 46.8308], [-71.2452, 46.831], [-71.2453, 46.8311], [-71.2454, 46.8312], [-71.2456, 46.8313], [-71.2457, 46.8314], [-71.246, 46.8315], [-71.2462, 46.8315], [-71.2465, 46.8316], [-71.2468, 46.8316], [-71.247, 46.8317], [-71.2472, 46.8317], [-71.2474, 46.8318], [-71.2475, 46.8319], [-71.2476, 46.8319], [-71.2477, 46.832], [-71.2477, 46.8321]]]}}, {"type": "Feature", "properties": {"couche": "voile", "station": "Patro Roc-Amadour", "minutes": 8}, "geometry": {"type": "Polygon", "coordinates": [[[-71.4069, 46.9449], [-71.0792, 46.947], [-71.0768, 46.7223], [-71.4031, 46.7202], [-71.4069, 46.9449]], [[-71.2477, 46.832], [-71.2476, 46.8319], [-71.2475, 46.8319], [-71.2474, 46.8318], [-71.2472, 46.8317], [-71.247, 46.8317], [-71.2468, 46.8316], [-71.2465, 46.8316], [-71.2462, 46.8315], [-71.246, 46.8315], [-71.2457, 46.8314], [-71.2456, 46.8313], [-71.2454, 46.8312], [-71.2453, 46.8311], [-71.2452, 46.831], [-71.2451, 46.8308], [-71.2451, 46.8307], [-71.245, 46.8305], [-71.2449, 46.8304], [-71.2446, 46.8302], [-71.2444, 46.8301], [-71.244, 46.83], [-71.2436, 46.8299], [-71.2431, 46.8297], [-71.2425, 46.8296], [-71.242, 46.8295], [-71.2415, 46.8295], [-71.2411, 46.8294], [-71.2407, 46.8294], [-71.2404, 46.8294], [-71.2402, 46.8294], [-71.24, 46.8295], [-71.2399, 46.8295], [-71.2397, 46.8296], [-71.2396, 46.8296], [-71.2395, 46.8297], [-71.2394, 46.8297], [-71.2393, 46.8297], [-71.2393, 46.8296], [-71.2392, 46.8296], [-71.2392, 46.8295], [-71.2391, 46.8295], [-71.239, 46.8294], [-71.2389, 46.8294], [-71.2387, 46.8293], [-71.2385, 46.8293], [-71.2383, 46.8293], [-71.2381, 46.8293], [-71.2378, 46.8293], [-71.2375, 46.8293], [-71.2373, 46.8293], [-71.2372, 46.8293], [-71.237, 46.8293], [-71.237, 46.8294], [-71.2369, 46.8295], [-71.2369, 46.8296], [-71.2369, 46.8297], [-71.2369, 46.8298], [-71.2369, 46.8299], [-71.2369, 46.83], [-71.2368, 46.8301], [-71.2367, 46.8303], [-71.2366, 46.8304], [-71.2365, 46.8306], [-71.2364, 46.8307], [-71.2363, 46.8309], [-71.2362, 46.8311], [-71.2361, 46.8312], [-71.2361, 46.8314], [-71.2361, 46.8315], [-71.2361, 46.8317], [-71.2362, 46.8318], [-71.2362, 46.8319], [-71.2363, 46.8321], [-71.2363, 46.8322], [-71.2363, 46.8324], [-71.2363, 46.8325], [-71.2363, 46.8326], [-71.2362, 46.8328], [-71.2362, 46.8329], [-71.2361, 46.8331], [-71.236, 46.8332], [-71.236, 46.8333], [-71.236, 46.8334], [-71.236, 46.8335], [-71.236, 46.8336], [-71.2361, 46.8336], [-71.2362, 46.8337], [-71.2363, 46.8337], [-71.2364, 46.8338], [-71.2364, 46.8339], [-71.2364, 46.834], [-71.2363, 46.834], [-71.2362, 46.8341], [-71.236, 46.8342], [-71.2358, 46.8343], [-71.2356, 46.8345], [-71.2355, 46.8346], [-71.2354, 46.8346], [-71.2353, 46.8347], [-71.2353, 46.8348], [-71.2354, 46.8349], [-71.2355, 46.835], [-71.2356, 46.835], [-71.2357, 46.835], [-71.2359, 46.835], [-71.236, 46.8349], [-71.2361, 46.8349], [-71.2363, 46.8348], [-71.2365, 46.8348], [-71.2366, 46.8347], [-71.2367, 46.8347], [-71.2368, 46.8347], [-71.2368, 46.8348], [-71.2367, 46.8348], [-71.2367, 46.8349], [-71.2365, 46.835], [-71.2365, 46.8351], [-71.2364, 46.8352], [-71.2364, 46.8353], [-71.2365, 46.8353], [-71.2366, 46.8354], [-71.2367, 46.8354], [-71.2369, 46.8354], [-71.2371, 46.8354], [-71.2372, 46.8354], [-71.2373, 46.8354], [-71.2373, 46.8355], [-71.2371, 46.8356], [-71.2369, 46.8356], [-71.2367, 46.8357], [-71.2365, 46.8358], [-71.2363, 46.8359], [-71.2362, 46.836], [-71.236, 46.8361], [-71.236, 46.8362], [-71.2359, 46.8362], [-71.2358, 46.8363], [-71.2358, 46.8364], [-71.2359, 46.8365], [-71.236, 46.8365], [-71.2361, 46.8366], [-71.2363, 46.8366], [-71.2365, 46.8367], [-71.2368, 46.8367], [-71.237, 46.8367], [-71.2373, 46.8367], [-71.2375, 46.8368], [-71.2377, 46.8368], [-71.2379, 46.8368], [-71.2381, 46.8369], [-71.2382, 46.8369], [-71.2383, 46.837], [-71.2384, 46.8371], [-71.2385, 46.8371], [-71.2387, 46.8371], [-71.2389, 46.837], [-71.2392, 46.8369], [-71.2395, 46.8368], [-71.2399, 46.8366], [-71.2403, 46.8365], [-71.2407, 46.8362], [-71.2411, 46.8361], [-71.2413, 46.8359], [-71.2415, 46.8359], [-71.2414, 46.8361], [-71.2411, 46.8362], [-71.2408, 46.8365], [-71.2405, 46.8367], [-71.2403, 46.8369], [-71.2402, 46.837], [-71.2402, 46.8372], [-71.2402, 46.8373], [-71.2403, 46.8374], [-71.2404, 46.8375], [-71.2406, 46.8375], [-71.2409, 46.8376], [-71.2411, 46.8376], [-71.2413, 46.8376], [-71.2415, 46.8376], [-71.2417, 46.8376], [-71.2419, 46.8375], [-71.2421, 46.8374], [-71.2423, 46.8374], [-71.2425, 46.8373], [-71.2426, 46.8373], [-71.2427, 46.8373], [-71.2428, 46.8373], [-71.2428, 46.8374], [-71.2427, 46.8375], [-71.2427, 46.8376], [-71.2428, 46.8377], [-71.2429, 46.8378], [-71.243, 46.8379], [-71.2432, 46.8379], [-71.2434, 46.838], [-71.2437, 46.8381], [-71.2441, 46.8381], [-71.2444, 46.8381], [-71.2446, 46.8381], [-71.2448, 46.8381], [-71.245, 46.838], [-71.2452, 46.8379], [-71.2452, 46.8378], [-71.2453, 46.8377], [-71.2453, 46.8375], [-71.2453, 46.8374], [-71.2454, 46.8373], [-71.2454, 46.8371], [-71.2454, 46.837], [-71.2455, 46.8369], [-71.2456, 46.8369], [-71.2456, 46.8368], [-71.2457, 46.8367], [-71.2458, 46.8367], [-71.2459, 46.8366], [-71.2459, 46.8365], [-71.2459, 46.8364], [-71.2458, 46.8364], [-71.2458, 46.8363], [-71.2457, 46.8363], [-71.2457, 46.8362], [-71.2458, 46.8361], [-71.2458, 46.836], [-71.2459, 46.836], [-71.2459, 46.8359], [-71.246, 46.8359], [-71.2461, 46.8358], [-71.2462, 46.8358], [-71.2462, 46.8357], [-71.2462, 46.8356], [-71.2462, 46.8355], [-71.2461, 46.8354], [-71.2461, 46.8353], [-71.2461, 46.8352], [-71.2461, 46.8351], [-71.2462, 46.835], [-71.2463, 46.835], [-71.2464, 46.8349], [-71.2464, 46.8348], [-71.2464, 46.8347], [-71.2463, 46.8347], [-71.2463, 46.8346], [-71.2461, 46.8346], [-71.246, 46.8346], [-71.2458, 46.8346], [-71.2457, 46.8346], [-71.2456, 46.8345], [-71.2455, 46.8345], [-71.2454, 46.8344], [-71.2453, 46.8343], [-71.2452, 46.8343], [-71.2452, 46.8342], [-71.2451, 46.8341], [-71.2451, 46.834], [-71.2451, 46.8339], [-71.2452, 46.8338], [-71.2453, 46.8337], [-71.2454, 46.8336], [-71.2455, 46.8336], [-71.2456, 46.8335], [-71.2457, 46.8335], [-71.2458, 46.8335], [-71.2459, 46.8335], [-71.246, 46.8335], [-71.246, 46.8336], [-71.2461, 46.8336], [-71.2462, 46.8337], [-71.2463, 46.8338], [-71.2464, 46.8339], [-71.2465, 46.8339], [-71.2466, 46.8339], [-71.2467, 46.8339], [-71.2468, 46.8339], [-71.2469, 46.8339], [-71.2469, 46.8338], [-71.247, 46.8338], [-71.247, 46.8337], [-71.247, 46.8336], [-71.2469, 46.8335], [-71.2469, 46.8334], [-71.2468, 46.8333], [-71.2468, 46.8331], [-71.2468, 46.833], [-71.2468, 46.8329], [-71.2468, 46.8328], [-71.2469, 46.8327], [-71.247, 46.8326], [-71.2471, 46.8326], [-71.2473, 46.8325], [-71.2474, 46.8324], [-71.2475, 46.8324], [-71.2476, 46.8323], [-71.2476, 46.8322], [-71.2477, 46.8322], [-71.2477, 46.8321], [-71.2477, 46.832]]]}}, {"type": "Feature", "properties": {"couche": "aire_marche", "station": "Patro Roc-Amadour", "ordre": 27, "minutes": 9, "superficie_ha": 84.0, "rue_km": 17.99, "disque_ha": 124.7, "part_disque_pct": 67, "accroche_m": 4, "population": 4761, "navetteurs": 1939, "mode_auto_pct": 59, "mode_tc_pct": 22, "mode_actif_pct": 19, "mode_autre_pct": 0}, "geometry": {"type": "Polygon", "coordinates": [[[-71.2484, 46.8318], [-71.2484, 46.8319], [-71.2483, 46.832], [-71.2482, 46.832], [-71.248, 46.8321], [-71.2479, 46.8322], [-71.2477, 46.8323], [-71.2474, 46.8324], [-71.2472, 46.8325], [-71.2471, 46.8327], [-71.247, 46.8328], [-71.247, 46.8329], [-71.247, 46.833], [-71.247, 46.8332], [-71.2471, 46.8333], [-71.2473, 46.8335], [-71.2474, 46.8336], [-71.2474, 46.8337], [-71.2475, 46.8339], [-71.2475, 46.834], [-71.2475, 46.8341], [-71.2474, 46.8343], [-71.2473, 46.8344], [-71.2471, 46.8345], [-71.247, 46.8346], [-71.2469, 46.8347], [-71.2469, 46.8348], [-71.2468, 46.8349], [-71.2468, 46.835], [-71.2469, 46.8351], [-71.247, 46.8352], [-71.247, 46.8353], [-71.247, 46.8354], [-71.2469, 46.8354], [-71.2468, 46.8355], [-71.2468, 46.8356], [-71.2467, 46.8356], [-71.2466, 46.8357], [-71.2466, 46.8358], [-71.2466, 46.8359], [-71.2466, 46.836], [-71.2467, 46.836], [-71.2467, 46.8361], [-71.2467, 46.8362], [-71.2467, 46.8363], [-71.2466, 46.8364], [-71.2465, 46.8365], [-71.2464, 46.8365], [-71.2463, 46.8367], [-71.2462, 46.8368], [-71.2462, 46.8369], [-71.2461, 46.8371], [-71.246, 46.8373], [-71.246, 46.8376], [-71.2459, 46.8379], [-71.2459, 46.8381], [-71.2458, 46.8383], [-71.2456, 46.8384], [-71.2455, 46.8385], [-71.2454, 46.8386], [-71.2452, 46.8386], [-71.245, 46.8386], [-71.2448, 46.8385], [-71.2446, 46.8384], [-71.2444, 46.8384], [-71.2442, 46.8384], [-71.244, 46.8383], [-71.2439, 46.8383], [-71.2438, 46.8383], [-71.2436, 46.8384], [-71.2435, 46.8384], [-71.2434, 46.8384], [-71.2433, 46.8384], [-71.2432, 46.8384], [-71.2431, 46.8384], [-71.243, 46.8383], [-71.243, 46.8382], [-71.2429, 46.8382], [-71.2428, 46.8382], [-71.2426, 46.8381], [-71.2425, 46.8381], [-71.2423, 46.8381], [-71.2421, 46.8381], [-71.2418, 46.8381], [-71.2415, 46.8381], [-71.2413, 46.8381], [-71.2411, 46.838], [-71.2409, 46.838], [-71.2407, 46.838], [-71.2406, 46.8379], [-71.2405, 46.8379], [-71.2404, 46.8378], [-71.2403, 46.8377], [-71.2402, 46.8376], [-71.2401, 46.8376], [-71.24, 46.8376], [-71.2399, 46.8376], [-71.2398, 46.8376], [-71.2397, 46.8376], [-71.2396, 46.8376], [-71.2394, 46.8377], [-71.2393, 46.8377], [-71.2392, 46.8377], [-71.2392, 46.8376], [-71.2391, 46.8376], [-71.239, 46.8375], [-71.239, 46.8374], [-71.2389, 46.8373], [-71.2388, 46.8373], [-71.2387, 46.8373], [-71.2385, 46.8373], [-71.2384, 46.8374], [-71.2382, 46.8374], [-71.2381, 46.8375], [-71.2379, 46.8375], [-71.2376, 46.8375], [-71.2374, 46.8375], [-71.2371, 46.8374], [-71.2368, 46.8374], [-71.2365, 46.8373], [-71.2362, 46.8372], [-71.2359, 46.8371], [-71.2357, 46.837], [-71.2355, 46.8369], [-71.2353, 46.8368], [-71.2352, 46.8366], [-71.2352, 46.8364], [-71.2352, 46.8363], [-71.2352, 46.8361], [-71.2352, 46.8359], [-71.2352, 46.8358], [-71.2352, 46.8356], [-71.2352, 46.8355], [-71.2351, 46.8355], [-71.2351, 46.8354], [-71.235, 46.8354], [-71.2349, 46.8354], [-71.2348, 46.8353], [-71.2347, 46.8353], [-71.2346, 46.8353], [-71.2345, 46.8352], [-71.2345, 46.8351], [-71.2344, 46.8351], [-71.2344, 46.835], [-71.2344, 46.8349], [-71.2344, 46.8348], [-71.2345, 46.8347], [-71.2345, 46.8346], [-71.2346, 46.8346], [-71.2347, 46.8346], [-71.2348, 46.8346], [-71.2349, 46.8346], [-71.2349, 46.8345], [-71.235, 46.8345], [-71.2351, 46.8345], [-71.2353, 46.8344], [-71.2354, 46.8344], [-71.2356, 46.8343], [-71.2358, 46.8342], [-71.2357, 46.8342], [-71.2356, 46.8342], [-71.2355, 46.8342], [-71.2354, 46.8342], [-71.2353, 46.8342], [-71.2352, 46.8341], [-71.2352, 46.834], [-71.2352, 46.8339], [-71.2353, 46.8338], [-71.2354, 46.8337], [-71.2355, 46.8336], [-71.2357, 46.8335], [-71.2358, 46.8334], [-71.2359, 46.8333], [-71.236, 46.8333], [-71.236, 46.8332], [-71.236, 46.8331], [-71.2359, 46.8331], [-71.2359, 46.833], [-71.2357, 46.833], [-71.2356, 46.833], [-71.2356, 46.8329], [-71.2356, 46.8328], [-71.2356, 46.8327], [-71.2356, 46.8326], [-71.2357, 46.8325], [-71.2358, 46.8324], [-71.2359, 46.8322], [-71.236, 46.8321], [-71.236, 46.8319], [-71.236, 46.8318], [-71.236, 46.8317], [-71.236, 46.8316], [-71.2359, 46.8315], [-71.2358, 46.8315], [-71.2356, 46.8314], [-71.2355, 46.8313], [-71.2354, 46.8312], [-71.2353, 46.8311], [-71.2353, 46.831], [-71.2354, 46.8308], [-71.2355, 46.8306], [-71.2356, 46.8304], [-71.2358, 46.8302], [-71.2359, 46.83], [-71.236, 46.8298], [-71.2361, 46.8297], [-71.2362, 46.8295], [-71.2362, 46.8294], [-71.2363, 46.8293], [-71.2363, 46.8292], [-71.2362, 46.8291], [-71.2363, 46.829], [-71.2364, 46.8289], [-71.2366, 46.8288], [-71.2368, 46.8288], [-71.2371, 46.8288], [-71.2375, 46.8287], [-71.2379, 46.8287], [-71.2384, 46.8287], [-71.2388, 46.8287], [-71.2393, 46.8287], [-71.2397, 46.8287], [-71.2401, 46.8288], [-71.2405, 46.8288], [-71.2408, 46.8289], [-71.2412, 46.8289], [-71.2415, 46.829], [-71.2418, 46.829], [-71.242, 46.8291], [-71.2423, 46.8292], [-71.2424, 46.8292], [-71.2426, 46.8293], [-71.2427, 46.8294], [-71.2428, 46.8294], [-71.2429, 46.8295], [-71.243, 46.8296], [-71.2431, 46.8296], [-71.2432, 46.8296], [-71.2433, 46.8296], [-71.2434, 46.8296], [-71.2434, 46.8295], [-71.2435, 46.8295], [-71.2437, 46.8294], [-71.2438, 46.8294], [-71.244, 46.8294], [-71.2441, 46.8294], [-71.2443, 46.8294], [-71.2446, 46.8295], [-71.2448, 46.8295], [-71.245, 46.8296], [-71.2452, 46.8297], [-71.2454, 46.8297], [-71.2455, 46.8298], [-71.2457, 46.83], [-71.2458, 46.8301], [-71.2458, 46.8302], [-71.2459, 46.8304], [-71.2459, 46.8305], [-71.246, 46.8306], [-71.2462, 46.8308], [-71.2463, 46.8309], [-71.2465, 46.831], [-71.2468, 46.8311], [-71.247, 46.8311], [-71.2473, 46.8312], [-71.2476, 46.8313], [-71.2478, 46.8313], [-71.248, 46.8314], [-71.2481, 46.8315], [-71.2483, 46.8315], [-71.2483, 46.8316], [-71.2484, 46.8317], [-71.2484, 46.8318]]]}}, {"type": "Feature", "properties": {"couche": "voile", "station": "Patro Roc-Amadour", "minutes": 9}, "geometry": {"type": "Polygon", "coordinates": [[[-71.4076, 46.9454], [-71.0783, 46.9475], [-71.0759, 46.7217], [-71.4038, 46.7195], [-71.4076, 46.9454]], [[-71.2484, 46.8317], [-71.2483, 46.8316], [-71.2483, 46.8315], [-71.2481, 46.8315], [-71.248, 46.8314], [-71.2478, 46.8313], [-71.2476, 46.8313], [-71.2473, 46.8312], [-71.247, 46.8311], [-71.2468, 46.8311], [-71.2465, 46.831], [-71.2463, 46.8309], [-71.2462, 46.8308], [-71.246, 46.8306], [-71.2459, 46.8305], [-71.2459, 46.8304], [-71.2458, 46.8302], [-71.2458, 46.8301], [-71.2457, 46.83], [-71.2455, 46.8298], [-71.2454, 46.8297], [-71.2452, 46.8297], [-71.245, 46.8296], [-71.2448, 46.8295], [-71.2446, 46.8295], [-71.2443, 46.8294], [-71.2441, 46.8294], [-71.244, 46.8294], [-71.2438, 46.8294], [-71.2437, 46.8294], [-71.2435, 46.8295], [-71.2434, 46.8295], [-71.2434, 46.8296], [-71.2433, 46.8296], [-71.2432, 46.8296], [-71.2431, 46.8296], [-71.243, 46.8296], [-71.2429, 46.8295], [-71.2428, 46.8294], [-71.2427, 46.8294], [-71.2426, 46.8293], [-71.2424, 46.8292], [-71.2423, 46.8292], [-71.242, 46.8291], [-71.2418, 46.829], [-71.2415, 46.829], [-71.2412, 46.8289], [-71.2408, 46.8289], [-71.2405, 46.8288], [-71.2401, 46.8288], [-71.2397, 46.8287], [-71.2393, 46.8287], [-71.2388, 46.8287], [-71.2384, 46.8287], [-71.2379, 46.8287], [-71.2375, 46.8287], [-71.2371, 46.8288], [-71.2368, 46.8288], [-71.2366, 46.8288], [-71.2364, 46.8289], [-71.2363, 46.829], [-71.2362, 46.8291], [-71.2363, 46.8292], [-71.2363, 46.8293], [-71.2362, 46.8294], [-71.2362, 46.8295], [-71.2361, 46.8297], [-71.236, 46.8298], [-71.2359, 46.83], [-71.2358, 46.8302], [-71.2356, 46.8304], [-71.2355, 46.8306], [-71.2354, 46.8308], [-71.2353, 46.831], [-71.2353, 46.8311], [-71.2354, 46.8312], [-71.2355, 46.8313], [-71.2356, 46.8314], [-71.2358, 46.8315], [-71.2359, 46.8315], [-71.236, 46.8316], [-71.236, 46.8317], [-71.236, 46.8318], [-71.236, 46.8319], [-71.236, 46.8321], [-71.2359, 46.8322], [-71.2358, 46.8324], [-71.2357, 46.8325], [-71.2356, 46.8326], [-71.2356, 46.8327], [-71.2356, 46.8328], [-71.2356, 46.8329], [-71.2356, 46.833], [-71.2357, 46.833], [-71.2359, 46.833], [-71.2359, 46.8331], [-71.236, 46.8331], [-71.236, 46.8332], [-71.236, 46.8333], [-71.2359, 46.8333], [-71.2358, 46.8334], [-71.2357, 46.8335], [-71.2355, 46.8336], [-71.2354, 46.8337], [-71.2353, 46.8338], [-71.2352, 46.8339], [-71.2352, 46.834], [-71.2352, 46.8341], [-71.2353, 46.8342], [-71.2354, 46.8342], [-71.2355, 46.8342], [-71.2356, 46.8342], [-71.2357, 46.8342], [-71.2358, 46.8342], [-71.2356, 46.8343], [-71.2354, 46.8344], [-71.2353, 46.8344], [-71.2351, 46.8345], [-71.235, 46.8345], [-71.2349, 46.8345], [-71.2349, 46.8346], [-71.2348, 46.8346], [-71.2347, 46.8346], [-71.2346, 46.8346], [-71.2345, 46.8346], [-71.2345, 46.8347], [-71.2344, 46.8348], [-71.2344, 46.8349], [-71.2344, 46.835], [-71.2344, 46.8351], [-71.2345, 46.8351], [-71.2345, 46.8352], [-71.2346, 46.8353], [-71.2347, 46.8353], [-71.2348, 46.8353], [-71.2349, 46.8354], [-71.235, 46.8354], [-71.2351, 46.8354], [-71.2351, 46.8355], [-71.2352, 46.8355], [-71.2352, 46.8356], [-71.2352, 46.8358], [-71.2352, 46.8359], [-71.2352, 46.8361], [-71.2352, 46.8363], [-71.2352, 46.8364], [-71.2352, 46.8366], [-71.2353, 46.8368], [-71.2355, 46.8369], [-71.2357, 46.837], [-71.2359, 46.8371], [-71.2362, 46.8372], [-71.2365, 46.8373], [-71.2368, 46.8374], [-71.2371, 46.8374], [-71.2374, 46.8375], [-71.2376, 46.8375], [-71.2379, 46.8375], [-71.2381, 46.8375], [-71.2382, 46.8374], [-71.2384, 46.8374], [-71.2385, 46.8373], [-71.2387, 46.8373], [-71.2388, 46.8373], [-71.2389, 46.8373], [-71.239, 46.8374], [-71.239, 46.8375], [-71.2391, 46.8376], [-71.2392, 46.8376], [-71.2392, 46.8377], [-71.2393, 46.8377], [-71.2394, 46.8377], [-71.2396, 46.8376], [-71.2397, 46.8376], [-71.2398, 46.8376], [-71.2399, 46.8376], [-71.24, 46.8376], [-71.2401, 46.8376], [-71.2402, 46.8376], [-71.2403, 46.8377], [-71.2404, 46.8378], [-71.2405, 46.8379], [-71.2406, 46.8379], [-71.2407, 46.838], [-71.2409, 46.838], [-71.2411, 46.838], [-71.2413, 46.8381], [-71.2415, 46.8381], [-71.2418, 46.8381], [-71.2421, 46.8381], [-71.2423, 46.8381], [-71.2425, 46.8381], [-71.2426, 46.8381], [-71.2428, 46.8382], [-71.2429, 46.8382], [-71.243, 46.8382], [-71.243, 46.8383], [-71.2431, 46.8384], [-71.2432, 46.8384], [-71.2433, 46.8384], [-71.2434, 46.8384], [-71.2435, 46.8384], [-71.2436, 46.8384], [-71.2438, 46.8383], [-71.2439, 46.8383], [-71.244, 46.8383], [-71.2442, 46.8384], [-71.2444, 46.8384], [-71.2446, 46.8384], [-71.2448, 46.8385], [-71.245, 46.8386], [-71.2452, 46.8386], [-71.2454, 46.8386], [-71.2455, 46.8385], [-71.2456, 46.8384], [-71.2458, 46.8383], [-71.2459, 46.8381], [-71.2459, 46.8379], [-71.246, 46.8376], [-71.246, 46.8373], [-71.2461, 46.8371], [-71.2462, 46.8369], [-71.2462, 46.8368], [-71.2463, 46.8367], [-71.2464, 46.8365], [-71.2465, 46.8365], [-71.2466, 46.8364], [-71.2467, 46.8363], [-71.2467, 46.8362], [-71.2467, 46.8361], [-71.2467, 46.836], [-71.2466, 46.836], [-71.2466, 46.8359], [-71.2466, 46.8358], [-71.2466, 46.8357], [-71.2467, 46.8356], [-71.2468, 46.8356], [-71.2468, 46.8355], [-71.2469, 46.8354], [-71.247, 46.8354], [-71.247, 46.8353], [-71.247, 46.8352], [-71.2469, 46.8351], [-71.2468, 46.835], [-71.2468, 46.8349], [-71.2469, 46.8348], [-71.2469, 46.8347], [-71.247, 46.8346], [-71.2471, 46.8345], [-71.2473, 46.8344], [-71.2474, 46.8343], [-71.2475, 46.8341], [-71.2475, 46.834], [-71.2475, 46.8339], [-71.2474, 46.8337], [-71.2474, 46.8336], [-71.2473, 46.8335], [-71.2471, 46.8333], [-71.247, 46.8332], [-71.247, 46.833], [-71.247, 46.8329], [-71.247, 46.8328], [-71.2471, 46.8327], [-71.2472, 46.8325], [-71.2474, 46.8324], [-71.2477, 46.8323], [-71.2479, 46.8322], [-71.248, 46.8321], [-71.2482, 46.832], [-71.2483, 46.832], [-71.2484, 46.8319], [-71.2484, 46.8318], [-71.2484, 46.8317]]]}}, {"type": "Feature", "properties": {"couche": "aire_marche", "station": "Patro Roc-Amadour", "ordre": 27, "minutes": 10, "superficie_ha": 100.6, "rue_km": 23.48, "disque_ha": 153.9, "part_disque_pct": 65, "accroche_m": 4, "population": 5635, "navetteurs": 2255, "mode_auto_pct": 60, "mode_tc_pct": 22, "mode_actif_pct": 18, "mode_autre_pct": 0}, "geometry": {"type": "Polygon", "coordinates": [[[-71.2482, 46.8309], [-71.2484, 46.8311], [-71.2486, 46.8312], [-71.2486, 46.8313], [-71.2487, 46.8315], [-71.2486, 46.8316], [-71.2485, 46.8318], [-71.2483, 46.8319], [-71.2481, 46.8321], [-71.2477, 46.8322], [-71.2475, 46.8324], [-71.2473, 46.8325], [-71.2472, 46.8327], [-71.2472, 46.8328], [-71.2472, 46.8329], [-71.2473, 46.833], [-71.2475, 46.8332], [-71.2477, 46.8333], [-71.2479, 46.8334], [-71.2481, 46.8335], [-71.2482, 46.8336], [-71.2483, 46.8337], [-71.2483, 46.8339], [-71.2484, 46.834], [-71.2483, 46.8342], [-71.2483, 46.8344], [-71.2482, 46.8345], [-71.2481, 46.8346], [-71.248, 46.8348], [-71.248, 46.8349], [-71.2479, 46.835], [-71.2478, 46.8351], [-71.2477, 46.8351], [-71.2475, 46.8352], [-71.2475, 46.8353], [-71.2474, 46.8353], [-71.2473, 46.8354], [-71.2473, 46.8355], [-71.2473, 46.8356], [-71.2474, 46.8356], [-71.2474, 46.8357], [-71.2475, 46.8357], [-71.2475, 46.8358], [-71.2475, 46.8359], [-71.2475, 46.836], [-71.2475, 46.8361], [-71.2475, 46.8362], [-71.2475, 46.8363], [-71.2474, 46.8365], [-71.2474, 46.8366], [-71.2473, 46.8367], [-71.2473, 46.8368], [-71.2472, 46.8369], [-71.2471, 46.837], [-71.247, 46.837], [-71.2469, 46.8371], [-71.2468, 46.8371], [-71.2467, 46.8372], [-71.2467, 46.8373], [-71.2468, 46.8373], [-71.2468, 46.8374], [-71.2469, 46.8375], [-71.2468, 46.8376], [-71.2467, 46.8377], [-71.2467, 46.8378], [-71.2466, 46.8378], [-71.2465, 46.8379], [-71.2464, 46.838], [-71.2464, 46.8381], [-71.2463, 46.8382], [-71.2463, 46.8383], [-71.2463, 46.8384], [-71.2463, 46.8386], [-71.2463, 46.8388], [-71.2461, 46.8389], [-71.2457, 46.8389], [-71.2451, 46.8389], [-71.2444, 46.8389], [-71.2434, 46.8388], [-71.2423, 46.8386], [-71.241, 46.8384], [-71.2395, 46.8382], [-71.2382, 46.8379], [-71.2371, 46.8377], [-71.2362, 46.8375], [-71.2356, 46.8373], [-71.2351, 46.8371], [-71.2349, 46.837], [-71.2348, 46.8368], [-71.235, 46.8367], [-71.2351, 46.8366], [-71.2352, 46.8365], [-71.2353, 46.8364], [-71.2353, 46.8363], [-71.2352, 46.8362], [-71.2351, 46.8362], [-71.235, 46.8362], [-71.2349, 46.8362], [-71.2348, 46.8361], [-71.2347, 46.8361], [-71.2347, 46.836], [-71.2347, 46.8359], [-71.2347, 46.8358], [-71.2347, 46.8357], [-71.2347, 46.8356], [-71.2346, 46.8356], [-71.2345, 46.8355], [-71.2344, 46.8355], [-71.2343, 46.8355], [-71.2341, 46.8355], [-71.234, 46.8355], [-71.2339, 46.8355], [-71.2338, 46.8355], [-71.2338, 46.8354], [-71.2339, 46.8353], [-71.234, 46.8352], [-71.234, 46.8351], [-71.2341, 46.835], [-71.2341, 46.8349], [-71.2342, 46.8349], [-71.2342, 46.8348], [-71.2341, 46.8347], [-71.2341, 46.8346], [-71.2341, 46.8345], [-71.2341, 46.8344], [-71.2341, 46.8343], [-71.2342, 46.8342], [-71.2343, 46.8341], [-71.2345, 46.834], [-71.2347, 46.8339], [-71.2349, 46.8338], [-71.2352, 46.8336], [-71.2355, 46.8335], [-71.2356, 46.8334], [-71.2358, 46.8334], [-71.2358, 46.8333], [-71.2357, 46.8333], [-71.2356, 46.8333], [-71.2354, 46.8333], [-71.2352, 46.8333], [-71.2351, 46.8333], [-71.235, 46.8333], [-71.235, 46.8332], [-71.2351, 46.8331], [-71.2351, 46.833], [-71.2353, 46.8329], [-71.2354, 46.8328], [-71.2355, 46.8327], [-71.2355, 46.8326], [-71.2354, 46.8324], [-71.2354, 46.8323], [-71.2353, 46.8322], [-71.2351, 46.8321], [-71.235, 46.832], [-71.2348, 46.8319], [-71.2347, 46.8317], [-71.2346, 46.8316], [-71.2345, 46.8315], [-71.2344, 46.8314], [-71.2344, 46.8313], [-71.2344, 46.8312], [-71.2345, 46.8311], [-71.2345, 46.831], [-71.2346, 46.831], [-71.2346, 46.8309], [-71.2347, 46.8308], [-71.2348, 46.8308], [-71.2349, 46.8307], [-71.235, 46.8307], [-71.2352, 46.8307], [-71.2353, 46.8307], [-71.2354, 46.8306], [-71.2354, 46.8305], [-71.2354, 46.8304], [-71.2353, 46.8304], [-71.2352, 46.8303], [-71.2352, 46.8302], [-71.2351, 46.8301], [-71.2351, 46.83], [-71.2352, 46.8299], [-71.2353, 46.8298], [-71.2354, 46.8297], [-71.2355, 46.8297], [-71.2356, 46.8296], [-71.2357, 46.8296], [-71.2358, 46.8296], [-71.2359, 46.8295], [-71.236, 46.8295], [-71.2361, 46.8295], [-71.2361, 46.8294], [-71.236, 46.8294], [-71.236, 46.8293], [-71.2359, 46.8293], [-71.2358, 46.8292], [-71.2357, 46.8292], [-71.2356, 46.8291], [-71.2355, 46.829], [-71.2355, 46.8289], [-71.2355, 46.8288], [-71.2355, 46.8287], [-71.2356, 46.8286], [-71.2356, 46.8285], [-71.2357, 46.8284], [-71.2358, 46.8284], [-71.2359, 46.8284], [-71.236, 46.8284], [-71.2362, 46.8285], [-71.2363, 46.8285], [-71.2365, 46.8286], [-71.2367, 46.8287], [-71.2369, 46.8288], [-71.2371, 46.8288], [-71.2373, 46.8288], [-71.2376, 46.8288], [-71.2379, 46.8287], [-71.2381, 46.8286], [-71.2384, 46.8285], [-71.2387, 46.8284], [-71.239, 46.8284], [-71.2393, 46.8283], [-71.2397, 46.8283], [-71.24, 46.8283], [-71.2403, 46.8283], [-71.2406, 46.8284], [-71.241, 46.8284], [-71.2413, 46.8285], [-71.2415, 46.8285], [-71.2418, 46.8286], [-71.242, 46.8287], [-71.2421, 46.8287], [-71.2423, 46.8288], [-71.2424, 46.8289], [-71.2425, 46.829], [-71.2426, 46.829], [-71.2427, 46.8291], [-71.2429, 46.8291], [-71.243, 46.8291], [-71.2432, 46.829], [-71.2433, 46.829], [-71.2435, 46.8289], [-71.2437, 46.8289], [-71.244, 46.8289], [-71.2442, 46.8289], [-71.2444, 46.8289], [-71.2447, 46.829], [-71.245, 46.829], [-71.2453, 46.8291], [-71.2456, 46.8292], [-71.2459, 46.8293], [-71.2461, 46.8294], [-71.2463, 46.8295], [-71.2464, 46.8296], [-71.2466, 46.8297], [-71.2466, 46.8298], [-71.2467, 46.8299], [-71.2467, 46.83], [-71.2466, 46.8301], [-71.2466, 46.8302], [-71.2465, 46.8303], [-71.2464, 46.8304], [-71.2463, 46.8304], [-71.2462, 46.8305], [-71.2461, 46.8305], [-71.246, 46.8306], [-71.246, 46.8307], [-71.246, 46.8308], [-71.2461, 46.8308], [-71.2461, 46.8309], [-71.2462, 46.831], [-71.2463, 46.831], [-71.2464, 46.831], [-71.2465, 46.831], [-71.2466, 46.831], [-71.2467, 46.831], [-71.2468, 46.831], [-71.2469, 46.8309], [-71.247, 46.8308], [-71.2472, 46.8307], [-71.2473, 46.8307], [-71.2474, 46.8307], [-71.2476, 46.8307], [-71.2478, 46.8308], [-71.248, 46.8308], [-71.2482, 46.8309]]]}}, {"type": "Feature", "properties": {"couche": "voile", "station": "Patro Roc-Amadour", "minutes": 10}, "geometry": {"type": "Polygon", "coordinates": [[[-71.4079, 46.9457], [-71.0777, 46.9478], [-71.0753, 46.7213], [-71.4041, 46.7192], [-71.4079, 46.9457]], [[-71.248, 46.8308], [-71.2478, 46.8308], [-71.2476, 46.8307], [-71.2474, 46.8307], [-71.2473, 46.8307], [-71.2472, 46.8307], [-71.247, 46.8308], [-71.2469, 46.8309], [-71.2468, 46.831], [-71.2467, 46.831], [-71.2466, 46.831], [-71.2465, 46.831], [-71.2464, 46.831], [-71.2463, 46.831], [-71.2462, 46.831], [-71.2461, 46.8309], [-71.2461, 46.8308], [-71.246, 46.8308], [-71.246, 46.8307], [-71.246, 46.8306], [-71.2461, 46.8305], [-71.2462, 46.8305], [-71.2463, 46.8304], [-71.2464, 46.8304], [-71.2465, 46.8303], [-71.2466, 46.8302], [-71.2466, 46.8301], [-71.2467, 46.83], [-71.2467, 46.8299], [-71.2466, 46.8298], [-71.2466, 46.8297], [-71.2464, 46.8296], [-71.2463, 46.8295], [-71.2461, 46.8294], [-71.2459, 46.8293], [-71.2456, 46.8292], [-71.2453, 46.8291], [-71.245, 46.829], [-71.2447, 46.829], [-71.2444, 46.8289], [-71.2442, 46.8289], [-71.244, 46.8289], [-71.2437, 46.8289], [-71.2435, 46.8289], [-71.2433, 46.829], [-71.2432, 46.829], [-71.243, 46.8291], [-71.2429, 46.8291], [-71.2427, 46.8291], [-71.2426, 46.829], [-71.2425, 46.829], [-71.2424, 46.8289], [-71.2423, 46.8288], [-71.2421, 46.8287], [-71.242, 46.8287], [-71.2418, 46.8286], [-71.2415, 46.8285], [-71.2413, 46.8285], [-71.241, 46.8284], [-71.2406, 46.8284], [-71.2403, 46.8283], [-71.24, 46.8283], [-71.2397, 46.8283], [-71.2393, 46.8283], [-71.239, 46.8284], [-71.2387, 46.8284], [-71.2384, 46.8285], [-71.2381, 46.8286], [-71.2379, 46.8287], [-71.2376, 46.8288], [-71.2373, 46.8288], [-71.2371, 46.8288], [-71.2369, 46.8288], [-71.2367, 46.8287], [-71.2365, 46.8286], [-71.2363, 46.8285], [-71.2362, 46.8285], [-71.236, 46.8284], [-71.2359, 46.8284], [-71.2358, 46.8284], [-71.2357, 46.8284], [-71.2356, 46.8285], [-71.2356, 46.8286], [-71.2355, 46.8287], [-71.2355, 46.8288], [-71.2355, 46.8289], [-71.2355, 46.829], [-71.2356, 46.8291], [-71.2357, 46.8292], [-71.2358, 46.8292], [-71.2359, 46.8293], [-71.236, 46.8293], [-71.236, 46.8294], [-71.2361, 46.8294], [-71.2361, 46.8295], [-71.236, 46.8295], [-71.2359, 46.8295], [-71.2358, 46.8296], [-71.2357, 46.8296], [-71.2356, 46.8296], [-71.2355, 46.8297], [-71.2354, 46.8297], [-71.2353, 46.8298], [-71.2352, 46.8299], [-71.2351, 46.83], [-71.2351, 46.8301], [-71.2352, 46.8302], [-71.2352, 46.8303], [-71.2353, 46.8304], [-71.2354, 46.8304], [-71.2354, 46.8305], [-71.2354, 46.8306], [-71.2353, 46.8307], [-71.2352, 46.8307], [-71.235, 46.8307], [-71.2349, 46.8307], [-71.2348, 46.8308], [-71.2347, 46.8308], [-71.2346, 46.8309], [-71.2346, 46.831], [-71.2345, 46.831], [-71.2345, 46.8311], [-71.2344, 46.8312], [-71.2344, 46.8313], [-71.2344, 46.8314], [-71.2345, 46.8315], [-71.2346, 46.8316], [-71.2347, 46.8317], [-71.2348, 46.8319], [-71.235, 46.832], [-71.2351, 46.8321], [-71.2353, 46.8322], [-71.2354, 46.8323], [-71.2354, 46.8324], [-71.2355, 46.8326], [-71.2355, 46.8327], [-71.2354, 46.8328], [-71.2353, 46.8329], [-71.2351, 46.833], [-71.2351, 46.8331], [-71.235, 46.8332], [-71.235, 46.8333], [-71.2351, 46.8333], [-71.2352, 46.8333], [-71.2354, 46.8333], [-71.2356, 46.8333], [-71.2357, 46.8333], [-71.2358, 46.8333], [-71.2358, 46.8334], [-71.2356, 46.8334], [-71.2355, 46.8335], [-71.2352, 46.8336], [-71.2349, 46.8338], [-71.2347, 46.8339], [-71.2345, 46.834], [-71.2343, 46.8341], [-71.2342, 46.8342], [-71.2341, 46.8343], [-71.2341, 46.8344], [-71.2341, 46.8345], [-71.2341, 46.8346], [-71.2341, 46.8347], [-71.2342, 46.8348], [-71.2342, 46.8349], [-71.2341, 46.8349], [-71.2341, 46.835], [-71.234, 46.8351], [-71.234, 46.8352], [-71.2339, 46.8353], [-71.2338, 46.8354], [-71.2338, 46.8355], [-71.2339, 46.8355], [-71.234, 46.8355], [-71.2341, 46.8355], [-71.2343, 46.8355], [-71.2344, 46.8355], [-71.2345, 46.8355], [-71.2346, 46.8356], [-71.2347, 46.8356], [-71.2347, 46.8357], [-71.2347, 46.8358], [-71.2347, 46.8359], [-71.2347, 46.836], [-71.2347, 46.8361], [-71.2348, 46.8361], [-71.2349, 46.8362], [-71.235, 46.8362], [-71.2351, 46.8362], [-71.2352, 46.8362], [-71.2353, 46.8363], [-71.2353, 46.8364], [-71.2352, 46.8365], [-71.2351, 46.8366], [-71.235, 46.8367], [-71.2348, 46.8368], [-71.2349, 46.837], [-71.2351, 46.8371], [-71.2356, 46.8373], [-71.2362, 46.8375], [-71.2371, 46.8377], [-71.2382, 46.8379], [-71.2395, 46.8382], [-71.241, 46.8384], [-71.2423, 46.8386], [-71.2434, 46.8388], [-71.2444, 46.8389], [-71.2451, 46.8389], [-71.2457, 46.8389], [-71.2461, 46.8389], [-71.2463, 46.8388], [-71.2463, 46.8386], [-71.2463, 46.8384], [-71.2463, 46.8383], [-71.2463, 46.8382], [-71.2464, 46.8381], [-71.2464, 46.838], [-71.2465, 46.8379], [-71.2466, 46.8378], [-71.2467, 46.8378], [-71.2467, 46.8377], [-71.2468, 46.8376], [-71.2469, 46.8375], [-71.2468, 46.8374], [-71.2468, 46.8373], [-71.2467, 46.8373], [-71.2467, 46.8372], [-71.2468, 46.8371], [-71.2469, 46.8371], [-71.247, 46.837], [-71.2471, 46.837], [-71.2472, 46.8369], [-71.2473, 46.8368], [-71.2473, 46.8367], [-71.2474, 46.8366], [-71.2474, 46.8365], [-71.2475, 46.8363], [-71.2475, 46.8362], [-71.2475, 46.8361], [-71.2475, 46.836], [-71.2475, 46.8359], [-71.2475, 46.8358], [-71.2475, 46.8357], [-71.2474, 46.8357], [-71.2474, 46.8356], [-71.2473, 46.8356], [-71.2473, 46.8355], [-71.2473, 46.8354], [-71.2474, 46.8353], [-71.2475, 46.8353], [-71.2475, 46.8352], [-71.2477, 46.8351], [-71.2478, 46.8351], [-71.2479, 46.835], [-71.248, 46.8349], [-71.248, 46.8348], [-71.2481, 46.8346], [-71.2482, 46.8345], [-71.2483, 46.8344], [-71.2483, 46.8342], [-71.2484, 46.834], [-71.2483, 46.8339], [-71.2483, 46.8337], [-71.2482, 46.8336], [-71.2481, 46.8335], [-71.2479, 46.8334], [-71.2477, 46.8333], [-71.2475, 46.8332], [-71.2473, 46.833], [-71.2472, 46.8329], [-71.2472, 46.8328], [-71.2472, 46.8327], [-71.2473, 46.8325], [-71.2475, 46.8324], [-71.2477, 46.8322], [-71.2481, 46.8321], [-71.2483, 46.8319], [-71.2485, 46.8318], [-71.2486, 46.8316], [-71.2487, 46.8315], [-71.2486, 46.8313], [-71.2486, 46.8312], [-71.2484, 46.8311], [-71.2482, 46.8309], [-71.248, 46.8308]]]}}, {"type": "Feature", "properties": {"couche": "aire_marche", "station": "Patro Roc-Amadour", "ordre": 27, "minutes": 11, "superficie_ha": 121.2, "rue_km": 28.93, "disque_ha": 186.3, "part_disque_pct": 65, "accroche_m": 4, "population": 6703, "navetteurs": 2629, "mode_auto_pct": 61, "mode_tc_pct": 21, "mode_actif_pct": 18, "mode_autre_pct": 0}, "geometry": {"type": "Polygon", "coordinates": [[[-71.2482, 46.8303], [-71.2486, 46.8304], [-71.2488, 46.8305], [-71.249, 46.8307], [-71.2491, 46.8309], [-71.2491, 46.8311], [-71.249, 46.8313], [-71.2487, 46.8315], [-71.2484, 46.8317], [-71.248, 46.8319], [-71.2477, 46.8322], [-71.2475, 46.8324], [-71.2474, 46.8325], [-71.2473, 46.8327], [-71.2474, 46.8328], [-71.2475, 46.8329], [-71.2478, 46.833], [-71.2481, 46.8331], [-71.2484, 46.8331], [-71.2487, 46.8332], [-71.2489, 46.8333], [-71.249, 46.8334], [-71.2491, 46.8335], [-71.2491, 46.8337], [-71.2491, 46.8338], [-71.2491, 46.834], [-71.249, 46.8341], [-71.249, 46.8342], [-71.2489, 46.8344], [-71.2488, 46.8344], [-71.2487, 46.8345], [-71.2486, 46.8346], [-71.2485, 46.8346], [-71.2484, 46.8346], [-71.2483, 46.8346], [-71.2483, 46.8347], [-71.2482, 46.8347], [-71.2482, 46.8348], [-71.2482, 46.8349], [-71.2483, 46.835], [-71.2483, 46.8351], [-71.2484, 46.8351], [-71.2484, 46.8352], [-71.2484, 46.8353], [-71.2484, 46.8354], [-71.2483, 46.8355], [-71.2482, 46.8356], [-71.2481, 46.8357], [-71.248, 46.8358], [-71.248, 46.8359], [-71.2479, 46.836], [-71.2478, 46.8361], [-71.2478, 46.8362], [-71.2478, 46.8364], [-71.2478, 46.8366], [-71.2478, 46.8368], [-71.2478, 46.837], [-71.2478, 46.8371], [-71.2477, 46.8372], [-71.2477, 46.8373], [-71.2476, 46.8374], [-71.2475, 46.8375], [-71.2475, 46.8376], [-71.2474, 46.8376], [-71.2473, 46.8376], [-71.2472, 46.8376], [-71.2472, 46.8377], [-71.2472, 46.8378], [-71.2472, 46.8379], [-71.2473, 46.8379], [-71.2473, 46.838], [-71.2473, 46.8381], [-71.2473, 46.8382], [-71.2472, 46.8382], [-71.2471, 46.8383], [-71.247, 46.8384], [-71.2469, 46.8385], [-71.2468, 46.8386], [-71.2468, 46.8387], [-71.2468, 46.8388], [-71.2467, 46.839], [-71.2467, 46.8391], [-71.2467, 46.8393], [-71.2466, 46.8394], [-71.2464, 46.8395], [-71.246, 46.8395], [-71.2455, 46.8395], [-71.2449, 46.8395], [-71.2441, 46.8394], [-71.2432, 46.8393], [-71.2422, 46.8392], [-71.2413, 46.839], [-71.2405, 46.8389], [-71.2398, 46.8387], [-71.2391, 46.8386], [-71.2386, 46.8384], [-71.2382, 46.8383], [-71.2378, 46.8381], [-71.2376, 46.8379], [-71.2373, 46.8378], [-71.237, 46.8377], [-71.2368, 46.8376], [-71.2365, 46.8376], [-71.2363, 46.8376], [-71.236, 46.8376], [-71.2358, 46.8376], [-71.2355, 46.8377], [-71.2353, 46.8377], [-71.235, 46.8377], [-71.2348, 46.8377], [-71.2346, 46.8377], [-71.2345, 46.8376], [-71.2343, 46.8375], [-71.2342, 46.8374], [-71.234, 46.8372], [-71.2339, 46.8371], [-71.2339, 46.8369], [-71.2339, 46.8368], [-71.2339, 46.8366], [-71.2339, 46.8365], [-71.234, 46.8363], [-71.2342, 46.8362], [-71.2343, 46.8361], [-71.2344, 46.8359], [-71.2345, 46.8358], [-71.2345, 46.8357], [-71.2344, 46.8358], [-71.2342, 46.8358], [-71.234, 46.8359], [-71.2339, 46.8359], [-71.2337, 46.836], [-71.2335, 46.836], [-71.2334, 46.836], [-71.2333, 46.836], [-71.2332, 46.836], [-71.2331, 46.836], [-71.233, 46.8359], [-71.233, 46.8358], [-71.233, 46.8357], [-71.2331, 46.8357], [-71.2332, 46.8356], [-71.2333, 46.8355], [-71.2334, 46.8354], [-71.2336, 46.8353], [-71.2338, 46.8352], [-71.2339, 46.8351], [-71.2339, 46.835], [-71.234, 46.835], [-71.2339, 46.8349], [-71.2338, 46.8349], [-71.2336, 46.8349], [-71.2335, 46.8349], [-71.2334, 46.8348], [-71.2333, 46.8347], [-71.2333, 46.8346], [-71.2333, 46.8345], [-71.2333, 46.8343], [-71.2333, 46.8342], [-71.2334, 46.834], [-71.2335, 46.8339], [-71.2336, 46.8337], [-71.2338, 46.8336], [-71.234, 46.8334], [-71.2342, 46.8333], [-71.2345, 46.8331], [-71.2348, 46.833], [-71.235, 46.8329], [-71.2352, 46.8328], [-71.2353, 46.8327], [-71.2354, 46.8326], [-71.2353, 46.8326], [-71.2352, 46.8326], [-71.2351, 46.8327], [-71.2349, 46.8327], [-71.2348, 46.8327], [-71.2346, 46.8327], [-71.2345, 46.8326], [-71.2343, 46.8326], [-71.2342, 46.8325], [-71.2341, 46.8324], [-71.234, 46.8323], [-71.2339, 46.8322], [-71.2338, 46.832], [-71.2338, 46.8319], [-71.2338, 46.8318], [-71.2338, 46.8316], [-71.2338, 46.8315], [-71.2339, 46.8313], [-71.234, 46.8311], [-71.2341, 46.831], [-71.2342, 46.8309], [-71.2344, 46.8308], [-71.2345, 46.8307], [-71.2346, 46.8306], [-71.2348, 46.8306], [-71.2349, 46.8306], [-71.2351, 46.8306], [-71.2352, 46.8306], [-71.2353, 46.8305], [-71.2353, 46.8304], [-71.2353, 46.8303], [-71.2352, 46.8301], [-71.2351, 46.83], [-71.235, 46.8298], [-71.2349, 46.8296], [-71.2348, 46.8294], [-71.2347, 46.8293], [-71.2347, 46.8291], [-71.2347, 46.8289], [-71.2348, 46.8287], [-71.2348, 46.8285], [-71.2349, 46.8283], [-71.235, 46.8282], [-71.2351, 46.828], [-71.2353, 46.8279], [-71.2354, 46.8279], [-71.2355, 46.8278], [-71.2357, 46.8278], [-71.2359, 46.8278], [-71.2361, 46.8279], [-71.2362, 46.8279], [-71.2364, 46.828], [-71.2365, 46.8281], [-71.2366, 46.8282], [-71.2367, 46.8282], [-71.2368, 46.8283], [-71.2369, 46.8285], [-71.2369, 46.8286], [-71.237, 46.8287], [-71.2371, 46.8287], [-71.2372, 46.8288], [-71.2373, 46.8288], [-71.2375, 46.8288], [-71.2376, 46.8288], [-71.2378, 46.8287], [-71.238, 46.8287], [-71.2382, 46.8286], [-71.2384, 46.8285], [-71.2385, 46.8284], [-71.2386, 46.8283], [-71.2387, 46.8282], [-71.2388, 46.8281], [-71.2388, 46.828], [-71.2389, 46.828], [-71.2389, 46.8279], [-71.2391, 46.8278], [-71.2393, 46.8278], [-71.2396, 46.8278], [-71.2399, 46.8279], [-71.2403, 46.8279], [-71.2408, 46.828], [-71.2413, 46.8281], [-71.2418, 46.8282], [-71.2423, 46.8283], [-71.2427, 46.8283], [-71.243, 46.8284], [-71.2433, 46.8284], [-71.2436, 46.8284], [-71.2438, 46.8283], [-71.244, 46.8283], [-71.2441, 46.8283], [-71.2443, 46.8283], [-71.2444, 46.8283], [-71.2446, 46.8283], [-71.2447, 46.8284], [-71.2448, 46.8284], [-71.245, 46.8285], [-71.2451, 46.8286], [-71.2452, 46.8286], [-71.2453, 46.8287], [-71.2455, 46.8288], [-71.2456, 46.8288], [-71.2458, 46.8288], [-71.2459, 46.8289], [-71.2461, 46.8289], [-71.2462, 46.8289], [-71.2464, 46.8289], [-71.2465, 46.8289], [-71.2466, 46.829], [-71.2467, 46.829], [-71.2467, 46.8291], [-71.2468, 46.8292], [-71.2468, 46.8293], [-71.2468, 46.8294], [-71.2469, 46.8295], [-71.247, 46.8296], [-71.2472, 46.8298], [-71.2474, 46.8299], [-71.2476, 46.83], [-71.2479, 46.8301], [-71.2482, 46.8303]]]}}, {"type": "Feature", "properties": {"couche": "voile", "station": "Patro Roc-Amadour", "minutes": 11}, "geometry": {"type": "Polygon", "coordinates": [[[-71.4083, 46.9463], [-71.0769, 46.9484], [-71.0745, 46.7208], [-71.4045, 46.7186], [-71.4083, 46.9463]], [[-71.2479, 46.8301], [-71.2476, 46.83], [-71.2474, 46.8299], [-71.2472, 46.8298], [-71.247, 46.8296], [-71.2469, 46.8295], [-71.2468, 46.8294], [-71.2468, 46.8293], [-71.2468, 46.8292], [-71.2467, 46.8291], [-71.2467, 46.829], [-71.2466, 46.829], [-71.2465, 46.8289], [-71.2464, 46.8289], [-71.2462, 46.8289], [-71.2461, 46.8289], [-71.2459, 46.8289], [-71.2458, 46.8288], [-71.2456, 46.8288], [-71.2455, 46.8288], [-71.2453, 46.8287], [-71.2452, 46.8286], [-71.2451, 46.8286], [-71.245, 46.8285], [-71.2448, 46.8284], [-71.2447, 46.8284], [-71.2446, 46.8283], [-71.2444, 46.8283], [-71.2443, 46.8283], [-71.2441, 46.8283], [-71.244, 46.8283], [-71.2438, 46.8283], [-71.2436, 46.8284], [-71.2433, 46.8284], [-71.243, 46.8284], [-71.2427, 46.8283], [-71.2423, 46.8283], [-71.2418, 46.8282], [-71.2413, 46.8281], [-71.2408, 46.828], [-71.2403, 46.8279], [-71.2399, 46.8279], [-71.2396, 46.8278], [-71.2393, 46.8278], [-71.2391, 46.8278], [-71.2389, 46.8279], [-71.2389, 46.828], [-71.2388, 46.828], [-71.2388, 46.8281], [-71.2387, 46.8282], [-71.2386, 46.8283], [-71.2385, 46.8284], [-71.2384, 46.8285], [-71.2382, 46.8286], [-71.238, 46.8287], [-71.2378, 46.8287], [-71.2376, 46.8288], [-71.2375, 46.8288], [-71.2373, 46.8288], [-71.2372, 46.8288], [-71.2371, 46.8287], [-71.237, 46.8287], [-71.2369, 46.8286], [-71.2369, 46.8285], [-71.2368, 46.8283], [-71.2367, 46.8282], [-71.2366, 46.8282], [-71.2365, 46.8281], [-71.2364, 46.828], [-71.2362, 46.8279], [-71.2361, 46.8279], [-71.2359, 46.8278], [-71.2357, 46.8278], [-71.2355, 46.8278], [-71.2354, 46.8279], [-71.2353, 46.8279], [-71.2351, 46.828], [-71.235, 46.8282], [-71.2349, 46.8283], [-71.2348, 46.8285], [-71.2348, 46.8287], [-71.2347, 46.8289], [-71.2347, 46.8291], [-71.2347, 46.8293], [-71.2348, 46.8294], [-71.2349, 46.8296], [-71.235, 46.8298], [-71.2351, 46.83], [-71.2352, 46.8301], [-71.2353, 46.8303], [-71.2353, 46.8304], [-71.2353, 46.8305], [-71.2352, 46.8306], [-71.2351, 46.8306], [-71.2349, 46.8306], [-71.2348, 46.8306], [-71.2346, 46.8306], [-71.2345, 46.8307], [-71.2344, 46.8308], [-71.2342, 46.8309], [-71.2341, 46.831], [-71.234, 46.8311], [-71.2339, 46.8313], [-71.2338, 46.8315], [-71.2338, 46.8316], [-71.2338, 46.8318], [-71.2338, 46.8319], [-71.2338, 46.832], [-71.2339, 46.8322], [-71.234, 46.8323], [-71.2341, 46.8324], [-71.2342, 46.8325], [-71.2343, 46.8326], [-71.2345, 46.8326], [-71.2346, 46.8327], [-71.2348, 46.8327], [-71.2349, 46.8327], [-71.2351, 46.8327], [-71.2352, 46.8326], [-71.2353, 46.8326], [-71.2354, 46.8326], [-71.2353, 46.8327], [-71.2352, 46.8328], [-71.235, 46.8329], [-71.2348, 46.833], [-71.2345, 46.8331], [-71.2342, 46.8333], [-71.234, 46.8334], [-71.2338, 46.8336], [-71.2336, 46.8337], [-71.2335, 46.8339], [-71.2334, 46.834], [-71.2333, 46.8342], [-71.2333, 46.8343], [-71.2333, 46.8345], [-71.2333, 46.8346], [-71.2333, 46.8347], [-71.2334, 46.8348], [-71.2335, 46.8349], [-71.2336, 46.8349], [-71.2338, 46.8349], [-71.2339, 46.8349], [-71.234, 46.835], [-71.2339, 46.835], [-71.2339, 46.8351], [-71.2338, 46.8352], [-71.2336, 46.8353], [-71.2334, 46.8354], [-71.2333, 46.8355], [-71.2332, 46.8356], [-71.2331, 46.8357], [-71.233, 46.8357], [-71.233, 46.8358], [-71.233, 46.8359], [-71.2331, 46.836], [-71.2332, 46.836], [-71.2333, 46.836], [-71.2334, 46.836], [-71.2335, 46.836], [-71.2337, 46.836], [-71.2339, 46.8359], [-71.234, 46.8359], [-71.2342, 46.8358], [-71.2344, 46.8358], [-71.2345, 46.8357], [-71.2345, 46.8358], [-71.2344, 46.8359], [-71.2343, 46.8361], [-71.2342, 46.8362], [-71.234, 46.8363], [-71.2339, 46.8365], [-71.2339, 46.8366], [-71.2339, 46.8368], [-71.2339, 46.8369], [-71.2339, 46.8371], [-71.234, 46.8372], [-71.2342, 46.8374], [-71.2343, 46.8375], [-71.2345, 46.8376], [-71.2346, 46.8377], [-71.2348, 46.8377], [-71.235, 46.8377], [-71.2353, 46.8377], [-71.2355, 46.8377], [-71.2358, 46.8376], [-71.236, 46.8376], [-71.2363, 46.8376], [-71.2365, 46.8376], [-71.2368, 46.8376], [-71.237, 46.8377], [-71.2373, 46.8378], [-71.2376, 46.8379], [-71.2378, 46.8381], [-71.2382, 46.8383], [-71.2386, 46.8384], [-71.2391, 46.8386], [-71.2398, 46.8387], [-71.2405, 46.8389], [-71.2413, 46.839], [-71.2422, 46.8392], [-71.2432, 46.8393], [-71.2441, 46.8394], [-71.2449, 46.8395], [-71.2455, 46.8395], [-71.246, 46.8395], [-71.2464, 46.8395], [-71.2466, 46.8394], [-71.2467, 46.8393], [-71.2467, 46.8391], [-71.2467, 46.839], [-71.2468, 46.8388], [-71.2468, 46.8387], [-71.2468, 46.8386], [-71.2469, 46.8385], [-71.247, 46.8384], [-71.2471, 46.8383], [-71.2472, 46.8382], [-71.2473, 46.8382], [-71.2473, 46.8381], [-71.2473, 46.838], [-71.2473, 46.8379], [-71.2472, 46.8379], [-71.2472, 46.8378], [-71.2472, 46.8377], [-71.2472, 46.8376], [-71.2473, 46.8376], [-71.2474, 46.8376], [-71.2475, 46.8376], [-71.2475, 46.8375], [-71.2476, 46.8374], [-71.2477, 46.8373], [-71.2477, 46.8372], [-71.2478, 46.8371], [-71.2478, 46.837], [-71.2478, 46.8368], [-71.2478, 46.8366], [-71.2478, 46.8364], [-71.2478, 46.8362], [-71.2478, 46.8361], [-71.2479, 46.836], [-71.248, 46.8359], [-71.248, 46.8358], [-71.2481, 46.8357], [-71.2482, 46.8356], [-71.2483, 46.8355], [-71.2484, 46.8354], [-71.2484, 46.8353], [-71.2484, 46.8352], [-71.2484, 46.8351], [-71.2483, 46.8351], [-71.2483, 46.835], [-71.2482, 46.8349], [-71.2482, 46.8348], [-71.2482, 46.8347], [-71.2483, 46.8347], [-71.2483, 46.8346], [-71.2484, 46.8346], [-71.2485, 46.8346], [-71.2486, 46.8346], [-71.2487, 46.8345], [-71.2488, 46.8344], [-71.2489, 46.8344], [-71.249, 46.8342], [-71.249, 46.8341], [-71.2491, 46.834], [-71.2491, 46.8338], [-71.2491, 46.8337], [-71.2491, 46.8335], [-71.249, 46.8334], [-71.2489, 46.8333], [-71.2487, 46.8332], [-71.2484, 46.8331], [-71.2481, 46.8331], [-71.2478, 46.833], [-71.2475, 46.8329], [-71.2474, 46.8328], [-71.2473, 46.8327], [-71.2474, 46.8325], [-71.2475, 46.8324], [-71.2477, 46.8322], [-71.248, 46.8319], [-71.2484, 46.8317], [-71.2487, 46.8315], [-71.249, 46.8313], [-71.2491, 46.8311], [-71.2491, 46.8309], [-71.249, 46.8307], [-71.2488, 46.8305], [-71.2486, 46.8304], [-71.2482, 46.8303], [-71.2479, 46.8301]]]}}, {"type": "Feature", "properties": {"couche": "aire_marche", "station": "Patro Roc-Amadour", "ordre": 27, "minutes": 12, "superficie_ha": 142.4, "rue_km": 34.42, "disque_ha": 221.7, "part_disque_pct": 64, "accroche_m": 4, "population": 7905, "navetteurs": 3044, "mode_auto_pct": 62, "mode_tc_pct": 21, "mode_actif_pct": 17, "mode_autre_pct": 0}, "geometry": {"type": "Polygon", "coordinates": [[[-71.2503, 46.8303], [-71.2502, 46.8304], [-71.2502, 46.8305], [-71.2502, 46.8306], [-71.2501, 46.8307], [-71.25, 46.8308], [-71.2498, 46.831], [-71.2497, 46.8311], [-71.2495, 46.8312], [-71.2493, 46.8314], [-71.2491, 46.8315], [-71.2488, 46.8317], [-71.2486, 46.8318], [-71.2483, 46.832], [-71.248, 46.8321], [-71.2477, 46.8323], [-71.2474, 46.8324], [-71.2472, 46.8325], [-71.2471, 46.8326], [-71.247, 46.8327], [-71.2471, 46.8327], [-71.2472, 46.8327], [-71.2473, 46.8327], [-71.2474, 46.8328], [-71.2475, 46.8328], [-71.2476, 46.8328], [-71.2477, 46.8329], [-71.2477, 46.833], [-71.2478, 46.833], [-71.2479, 46.833], [-71.248, 46.833], [-71.2481, 46.833], [-71.2482, 46.833], [-71.2483, 46.8329], [-71.2484, 46.8329], [-71.2485, 46.8328], [-71.2486, 46.8327], [-71.2487, 46.8326], [-71.2489, 46.8326], [-71.249, 46.8326], [-71.2491, 46.8326], [-71.2493, 46.8326], [-71.2494, 46.8326], [-71.2496, 46.8327], [-71.2497, 46.8328], [-71.2498, 46.8328], [-71.2498, 46.8329], [-71.2499, 46.8329], [-71.2499, 46.833], [-71.2498, 46.8331], [-71.2498, 46.8332], [-71.2497, 46.8332], [-71.2497, 46.8333], [-71.2497, 46.8334], [-71.2497, 46.8335], [-71.2497, 46.8336], [-71.2498, 46.8337], [-71.2498, 46.8338], [-71.2498, 46.8339], [-71.2498, 46.834], [-71.2497, 46.834], [-71.2497, 46.8341], [-71.2496, 46.8342], [-71.2495, 46.8343], [-71.2493, 46.8344], [-71.2492, 46.8345], [-71.2491, 46.8345], [-71.2491, 46.8346], [-71.249, 46.8347], [-71.249, 46.8348], [-71.2491, 46.8348], [-71.2491, 46.8349], [-71.2491, 46.835], [-71.2491, 46.8351], [-71.2491, 46.8352], [-71.2491, 46.8354], [-71.249, 46.8356], [-71.2489, 46.8358], [-71.2487, 46.836], [-71.2485, 46.8363], [-71.2484, 46.8366], [-71.2483, 46.8368], [-71.2482, 46.837], [-71.2481, 46.8372], [-71.2481, 46.8373], [-71.2481, 46.8375], [-71.2481, 46.8376], [-71.2481, 46.8377], [-71.2482, 46.8378], [-71.2482, 46.8379], [-71.2481, 46.838], [-71.2481, 46.8381], [-71.248, 46.8382], [-71.2479, 46.8383], [-71.2477, 46.8385], [-71.2476, 46.8386], [-71.2475, 46.8388], [-71.2474, 46.8389], [-71.2473, 46.839], [-71.2472, 46.8391], [-71.2472, 46.8392], [-71.2472, 46.8393], [-71.2473, 46.8393], [-71.2474, 46.8394], [-71.2475, 46.8395], [-71.2475, 46.8396], [-71.2475, 46.8397], [-71.2475, 46.8398], [-71.2474, 46.8399], [-71.2474, 46.84], [-71.2473, 46.8401], [-71.2472, 46.8402], [-71.2471, 46.8403], [-71.247, 46.8403], [-71.2469, 46.8403], [-71.2467, 46.8403], [-71.2466, 46.8404], [-71.2464, 46.8403], [-71.2463, 46.8403], [-71.2461, 46.8403], [-71.246, 46.8403], [-71.2459, 46.8402], [-71.2458, 46.8402], [-71.2458, 46.8401], [-71.2457, 46.8401], [-71.2457, 46.84], [-71.2456, 46.84], [-71.2456, 46.8399], [-71.2455, 46.8399], [-71.2454, 46.8399], [-71.2453, 46.8399], [-71.2452, 46.8399], [-71.2451, 46.8399], [-71.2449, 46.84], [-71.2448, 46.84], [-71.2447, 46.84], [-71.2445, 46.8399], [-71.2444, 46.8399], [-71.2443, 46.8398], [-71.2442, 46.8398], [-71.2441, 46.8397], [-71.244, 46.8396], [-71.2439, 46.8395], [-71.2438, 46.8394], [-71.2437, 46.8394], [-71.2436, 46.8393], [-71.2435, 46.8394], [-71.2434, 46.8394], [-71.2433, 46.8395], [-71.2432, 46.8396], [-71.243, 46.8396], [-71.2429, 46.8397], [-71.2428, 46.8397], [-71.2427, 46.8397], [-71.2425, 46.8396], [-71.2424, 46.8396], [-71.2422, 46.8395], [-71.242, 46.8395], [-71.2418, 46.8394], [-71.2416, 46.8393], [-71.2412, 46.8393], [-71.2409, 46.8392], [-71.2405, 46.8392], [-71.2401, 46.8392], [-71.2397, 46.8391], [-71.2392, 46.8391], [-71.2389, 46.839], [-71.2385, 46.8389], [-71.2382, 46.8388], [-71.2379, 46.8386], [-71.2377, 46.8385], [-71.2375, 46.8383], [-71.2373, 46.8381], [-71.2371, 46.8379], [-71.2369, 46.8378], [-71.2367, 46.8377], [-71.2365, 46.8376], [-71.2363, 46.8376], [-71.2361, 46.8376], [-71.2359, 46.8377], [-71.2357, 46.8377], [-71.2354, 46.8378], [-71.2352, 46.8378], [-71.235, 46.8378], [-71.2348, 46.8377], [-71.2345, 46.8376], [-71.2343, 46.8375], [-71.2341, 46.8373], [-71.2339, 46.8371], [-71.2337, 46.8369], [-71.2335, 46.8367], [-71.2333, 46.8366], [-71.2331, 46.8365], [-71.233, 46.8364], [-71.2328, 46.8364], [-71.2327, 46.8363], [-71.2326, 46.8363], [-71.2324, 46.8363], [-71.2324, 46.8362], [-71.2323, 46.8362], [-71.2322, 46.8361], [-71.2322, 46.836], [-71.2322, 46.8358], [-71.2322, 46.8357], [-71.2323, 46.8355], [-71.2323, 46.8353], [-71.2324, 46.8352], [-71.2325, 46.835], [-71.2326, 46.8349], [-71.2327, 46.8348], [-71.2328, 46.8347], [-71.233, 46.8346], [-71.2331, 46.8345], [-71.2333, 46.8345], [-71.2333, 46.8344], [-71.2334, 46.8343], [-71.2333, 46.8342], [-71.2332, 46.8342], [-71.2331, 46.8342], [-71.233, 46.8341], [-71.2329, 46.834], [-71.2329, 46.8338], [-71.233, 46.8337], [-71.233, 46.8335], [-71.2331, 46.8334], [-71.2333, 46.8331], [-71.2334, 46.833], [-71.2334, 46.8328], [-71.2335, 46.8327], [-71.2335, 46.8326], [-71.2335, 46.8325], [-71.2334, 46.8324], [-71.2333, 46.8324], [-71.2332, 46.8323], [-71.2331, 46.8323], [-71.233, 46.8322], [-71.233, 46.8321], [-71.2329, 46.832], [-71.2329, 46.8319], [-71.2329, 46.8317], [-71.233, 46.8315], [-71.233, 46.8313], [-71.2331, 46.8311], [-71.2332, 46.8309], [-71.2334, 46.8308], [-71.2336, 46.8307], [-71.2338, 46.8306], [-71.234, 46.8306], [-71.2343, 46.8306], [-71.2346, 46.8306], [-71.2348, 46.8306], [-71.235, 46.8305], [-71.2351, 46.8305], [-71.2351, 46.8304], [-71.2351, 46.8303], [-71.235, 46.8301], [-71.2348, 46.83], [-71.2346, 46.8298], [-71.2344, 46.8296], [-71.2343, 46.8294], [-71.2342, 46.8292], [-71.2341, 46.829], [-71.2341, 46.8287], [-71.2342, 46.8285], [-71.2343, 46.8282], [-71.2344, 46.828], [-71.2345, 46.8278], [-71.2347, 46.8276], [-71.2349, 46.8274], [-71.235, 46.8273], [-71.2352, 46.8272], [-71.2354, 46.8272], [-71.2356, 46.8272], [-71.2358, 46.8272], [-71.236, 46.8273], [-71.2362, 46.8274], [-71.2363, 46.8275], [-71.2365, 46.8276], [-71.2366, 46.8277], [-71.2367, 46.8279], [-71.2368, 46.8281], [-71.2369, 46.8283], [-71.2369, 46.8285], [-71.237, 46.8286], [-71.2371, 46.8287], [-71.2372, 46.8288], [-71.2373, 46.8288], [-71.2374, 46.8289], [-71.2375, 46.8288], [-71.2376, 46.8288], [-71.2377, 46.8288], [-71.2378, 46.8287], [-71.2379, 46.8287], [-71.2379, 46.8286], [-71.2379, 46.8285], [-71.2379, 46.8284], [-71.2378, 46.8283], [-71.2379, 46.8282], [-71.2379, 46.8281], [-71.2379, 46.828], [-71.238, 46.8278], [-71.2381, 46.8277], [-71.2382, 46.8276], [-71.2383, 46.8275], [-71.2384, 46.8274], [-71.2386, 46.8273], [-71.2387, 46.8273], [-71.2388, 46.8274], [-71.2389, 46.8274], [-71.2391, 46.8275], [-71.2392, 46.8276], [-71.2394, 46.8277], [-71.2395, 46.8278], [-71.2397, 46.8278], [-71.2398, 46.8279], [-71.24, 46.8279], [-71.2401, 46.8278], [-71.2403, 46.8278], [-71.2405, 46.8277], [-71.2407, 46.8277], [-71.2409, 46.8276], [-71.2411, 46.8276], [-71.2414, 46.8276], [-71.2417, 46.8277], [-71.242, 46.8277], [-71.2424, 46.8278], [-71.2427, 46.8278], [-71.2431, 46.8279], [-71.2434, 46.8279], [-71.2436, 46.828], [-71.2439, 46.828], [-71.2441, 46.828], [-71.2443, 46.8279], [-71.2444, 46.8279], [-71.2445, 46.8278], [-71.2446, 46.8278], [-71.2448, 46.8278], [-71.245, 46.8278], [-71.2452, 46.8278], [-71.2455, 46.8278], [-71.2457, 46.8279], [-71.246, 46.828], [-71.2464, 46.8282], [-71.2467, 46.8283], [-71.2469, 46.8284], [-71.2471, 46.8286], [-71.2472, 46.8287], [-71.2473, 46.8288], [-71.2473, 46.829], [-71.2473, 46.8291], [-71.2472, 46.8293], [-71.2472, 46.8294], [-71.2472, 46.8295], [-71.2472, 46.8297], [-71.2473, 46.8298], [-71.2475, 46.8299], [-71.2477, 46.83], [-71.2479, 46.83], [-71.2482, 46.8301], [-71.2484, 46.8301], [-71.2487, 46.8302], [-71.2489, 46.8302], [-71.2491, 46.8302], [-71.2492, 46.8302], [-71.2494, 46.8302], [-71.2495, 46.8302], [-71.2497, 46.8301], [-71.2498, 46.8301], [-71.2499, 46.8301], [-71.25, 46.8301], [-71.2501, 46.8301], [-71.2502, 46.8301], [-71.2502, 46.8302], [-71.2503, 46.8303]]]}}, {"type": "Feature", "properties": {"couche": "voile", "station": "Patro Roc-Amadour", "minutes": 12}, "geometry": {"type": "Polygon", "coordinates": [[[-71.4096, 46.9472], [-71.0761, 46.9493], [-71.0737, 46.7202], [-71.4057, 46.718], [-71.4096, 46.9472]], [[-71.2502, 46.8302], [-71.2502, 46.8301], [-71.2501, 46.8301], [-71.25, 46.8301], [-71.2499, 46.8301], [-71.2498, 46.8301], [-71.2497, 46.8301], [-71.2495, 46.8302], [-71.2494, 46.8302], [-71.2492, 46.8302], [-71.2491, 46.8302], [-71.2489, 46.8302], [-71.2487, 46.8302], [-71.2484, 46.8301], [-71.2482, 46.8301], [-71.2479, 46.83], [-71.2477, 46.83], [-71.2475, 46.8299], [-71.2473, 46.8298], [-71.2472, 46.8297], [-71.2472, 46.8295], [-71.2472, 46.8294], [-71.2472, 46.8293], [-71.2473, 46.8291], [-71.2473, 46.829], [-71.2473, 46.8288], [-71.2472, 46.8287], [-71.2471, 46.8286], [-71.2469, 46.8284], [-71.2467, 46.8283], [-71.2464, 46.8282], [-71.246, 46.828], [-71.2457, 46.8279], [-71.2455, 46.8278], [-71.2452, 46.8278], [-71.245, 46.8278], [-71.2448, 46.8278], [-71.2446, 46.8278], [-71.2445, 46.8278], [-71.2444, 46.8279], [-71.2443, 46.8279], [-71.2441, 46.828], [-71.2439, 46.828], [-71.2436, 46.828], [-71.2434, 46.8279], [-71.2431, 46.8279], [-71.2427, 46.8278], [-71.2424, 46.8278], [-71.242, 46.8277], [-71.2417, 46.8277], [-71.2414, 46.8276], [-71.2411, 46.8276], [-71.2409, 46.8276], [-71.2407, 46.8277], [-71.2405, 46.8277], [-71.2403, 46.8278], [-71.2401, 46.8278], [-71.24, 46.8279], [-71.2398, 46.8279], [-71.2397, 46.8278], [-71.2395, 46.8278], [-71.2394, 46.8277], [-71.2392, 46.8276], [-71.2391, 46.8275], [-71.2389, 46.8274], [-71.2388, 46.8274], [-71.2387, 46.8273], [-71.2386, 46.8273], [-71.2384, 46.8274], [-71.2383, 46.8275], [-71.2382, 46.8276], [-71.2381, 46.8277], [-71.238, 46.8278], [-71.2379, 46.828], [-71.2379, 46.8281], [-71.2379, 46.8282], [-71.2378, 46.8283], [-71.2379, 46.8284], [-71.2379, 46.8285], [-71.2379, 46.8286], [-71.2379, 46.8287], [-71.2378, 46.8287], [-71.2377, 46.8288], [-71.2376, 46.8288], [-71.2375, 46.8288], [-71.2374, 46.8289], [-71.2373, 46.8288], [-71.2372, 46.8288], [-71.2371, 46.8287], [-71.237, 46.8286], [-71.2369, 46.8285], [-71.2369, 46.8283], [-71.2368, 46.8281], [-71.2367, 46.8279], [-71.2366, 46.8277], [-71.2365, 46.8276], [-71.2363, 46.8275], [-71.2362, 46.8274], [-71.236, 46.8273], [-71.2358, 46.8272], [-71.2356, 46.8272], [-71.2354, 46.8272], [-71.2352, 46.8272], [-71.235, 46.8273], [-71.2349, 46.8274], [-71.2347, 46.8276], [-71.2345, 46.8278], [-71.2344, 46.828], [-71.2343, 46.8282], [-71.2342, 46.8285], [-71.2341, 46.8287], [-71.2341, 46.829], [-71.2342, 46.8292], [-71.2343, 46.8294], [-71.2344, 46.8296], [-71.2346, 46.8298], [-71.2348, 46.83], [-71.235, 46.8301], [-71.2351, 46.8303], [-71.2351, 46.8304], [-71.2351, 46.8305], [-71.235, 46.8305], [-71.2348, 46.8306], [-71.2346, 46.8306], [-71.2343, 46.8306], [-71.234, 46.8306], [-71.2338, 46.8306], [-71.2336, 46.8307], [-71.2334, 46.8308], [-71.2332, 46.8309], [-71.2331, 46.8311], [-71.233, 46.8313], [-71.233, 46.8315], [-71.2329, 46.8317], [-71.2329, 46.8319], [-71.2329, 46.832], [-71.233, 46.8321], [-71.233, 46.8322], [-71.2331, 46.8323], [-71.2332, 46.8323], [-71.2333, 46.8324], [-71.2334, 46.8324], [-71.2335, 46.8325], [-71.2335, 46.8326], [-71.2335, 46.8327], [-71.2334, 46.8328], [-71.2334, 46.833], [-71.2333, 46.8331], [-71.2331, 46.8334], [-71.233, 46.8335], [-71.233, 46.8337], [-71.2329, 46.8338], [-71.2329, 46.834], [-71.233, 46.8341], [-71.2331, 46.8342], [-71.2332, 46.8342], [-71.2333, 46.8342], [-71.2334, 46.8343], [-71.2333, 46.8344], [-71.2333, 46.8345], [-71.2331, 46.8345], [-71.233, 46.8346], [-71.2328, 46.8347], [-71.2327, 46.8348], [-71.2326, 46.8349], [-71.2325, 46.835], [-71.2324, 46.8352], [-71.2323, 46.8353], [-71.2323, 46.8355], [-71.2322, 46.8357], [-71.2322, 46.8358], [-71.2322, 46.836], [-71.2322, 46.8361], [-71.2323, 46.8362], [-71.2324, 46.8362], [-71.2324, 46.8363], [-71.2326, 46.8363], [-71.2327, 46.8363], [-71.2328, 46.8364], [-71.233, 46.8364], [-71.2331, 46.8365], [-71.2333, 46.8366], [-71.2335, 46.8367], [-71.2337, 46.8369], [-71.2339, 46.8371], [-71.2341, 46.8373], [-71.2343, 46.8375], [-71.2345, 46.8376], [-71.2348, 46.8377], [-71.235, 46.8378], [-71.2352, 46.8378], [-71.2354, 46.8378], [-71.2357, 46.8377], [-71.2359, 46.8377], [-71.2361, 46.8376], [-71.2363, 46.8376], [-71.2365, 46.8376], [-71.2367, 46.8377], [-71.2369, 46.8378], [-71.2371, 46.8379], [-71.2373, 46.8381], [-71.2375, 46.8383], [-71.2377, 46.8385], [-71.2379, 46.8386], [-71.2382, 46.8388], [-71.2385, 46.8389], [-71.2389, 46.839], [-71.2392, 46.8391], [-71.2397, 46.8391], [-71.2401, 46.8392], [-71.2405, 46.8392], [-71.2409, 46.8392], [-71.2412, 46.8393], [-71.2416, 46.8393], [-71.2418, 46.8394], [-71.242, 46.8395], [-71.2422, 46.8395], [-71.2424, 46.8396], [-71.2425, 46.8396], [-71.2427, 46.8397], [-71.2428, 46.8397], [-71.2429, 46.8397], [-71.243, 46.8396], [-71.2432, 46.8396], [-71.2433, 46.8395], [-71.2434, 46.8394], [-71.2435, 46.8394], [-71.2436, 46.8393], [-71.2437, 46.8394], [-71.2438, 46.8394], [-71.2439, 46.8395], [-71.244, 46.8396], [-71.2441, 46.8397], [-71.2442, 46.8398], [-71.2443, 46.8398], [-71.2444, 46.8399], [-71.2445, 46.8399], [-71.2447, 46.84], [-71.2448, 46.84], [-71.2449, 46.84], [-71.2451, 46.8399], [-71.2452, 46.8399], [-71.2453, 46.8399], [-71.2454, 46.8399], [-71.2455, 46.8399], [-71.2456, 46.8399], [-71.2456, 46.84], [-71.2457, 46.84], [-71.2457, 46.8401], [-71.2458, 46.8401], [-71.2458, 46.8402], [-71.2459, 46.8402], [-71.246, 46.8403], [-71.2461, 46.8403], [-71.2463, 46.8403], [-71.2464, 46.8403], [-71.2466, 46.8404], [-71.2467, 46.8403], [-71.2469, 46.8403], [-71.247, 46.8403], [-71.2471, 46.8403], [-71.2472, 46.8402], [-71.2473, 46.8401], [-71.2474, 46.84], [-71.2474, 46.8399], [-71.2475, 46.8398], [-71.2475, 46.8397], [-71.2475, 46.8396], [-71.2475, 46.8395], [-71.2474, 46.8394], [-71.2473, 46.8393], [-71.2472, 46.8393], [-71.2472, 46.8392], [-71.2472, 46.8391], [-71.2473, 46.839], [-71.2474, 46.8389], [-71.2475, 46.8388], [-71.2476, 46.8386], [-71.2477, 46.8385], [-71.2479, 46.8383], [-71.248, 46.8382], [-71.2481, 46.8381], [-71.2481, 46.838], [-71.2482, 46.8379], [-71.2482, 46.8378], [-71.2481, 46.8377], [-71.2481, 46.8376], [-71.2481, 46.8375], [-71.2481, 46.8373], [-71.2481, 46.8372], [-71.2482, 46.837], [-71.2483, 46.8368], [-71.2484, 46.8366], [-71.2485, 46.8363], [-71.2487, 46.836], [-71.2489, 46.8358], [-71.249, 46.8356], [-71.2491, 46.8354], [-71.2491, 46.8352], [-71.2491, 46.8351], [-71.2491, 46.835], [-71.2491, 46.8349], [-71.2491, 46.8348], [-71.249, 46.8348], [-71.249, 46.8347], [-71.2491, 46.8346], [-71.2491, 46.8345], [-71.2492, 46.8345], [-71.2493, 46.8344], [-71.2495, 46.8343], [-71.2496, 46.8342], [-71.2497, 46.8341], [-71.2497, 46.834], [-71.2498, 46.834], [-71.2498, 46.8339], [-71.2498, 46.8338], [-71.2498, 46.8337], [-71.2497, 46.8336], [-71.2497, 46.8335], [-71.2497, 46.8334], [-71.2497, 46.8333], [-71.2497, 46.8332], [-71.2498, 46.8332], [-71.2498, 46.8331], [-71.2499, 46.833], [-71.2499, 46.8329], [-71.2498, 46.8329], [-71.2498, 46.8328], [-71.2497, 46.8328], [-71.2496, 46.8327], [-71.2494, 46.8326], [-71.2493, 46.8326], [-71.2491, 46.8326], [-71.249, 46.8326], [-71.2489, 46.8326], [-71.2487, 46.8326], [-71.2486, 46.8327], [-71.2485, 46.8328], [-71.2484, 46.8329], [-71.2483, 46.8329], [-71.2482, 46.833], [-71.2481, 46.833], [-71.248, 46.833], [-71.2479, 46.833], [-71.2478, 46.833], [-71.2477, 46.833], [-71.2477, 46.8329], [-71.2476, 46.8328], [-71.2475, 46.8328], [-71.2474, 46.8328], [-71.2473, 46.8327], [-71.2472, 46.8327], [-71.2471, 46.8327], [-71.247, 46.8327], [-71.2471, 46.8326], [-71.2472, 46.8325], [-71.2474, 46.8324], [-71.2477, 46.8323], [-71.248, 46.8321], [-71.2483, 46.832], [-71.2486, 46.8318], [-71.2488, 46.8317], [-71.2491, 46.8315], [-71.2493, 46.8314], [-71.2495, 46.8312], [-71.2497, 46.8311], [-71.2498, 46.831], [-71.25, 46.8308], [-71.2501, 46.8307], [-71.2502, 46.8306], [-71.2502, 46.8305], [-71.2502, 46.8304], [-71.2503, 46.8303], [-71.2502, 46.8302]]]}}, {"type": "Feature", "properties": {"couche": "aire_marche", "station": "Patro Roc-Amadour", "ordre": 27, "minutes": 13, "superficie_ha": 165.7, "rue_km": 41.05, "disque_ha": 260.2, "part_disque_pct": 64, "accroche_m": 4, "population": 9215, "navetteurs": 3496, "mode_auto_pct": 62, "mode_tc_pct": 21, "mode_actif_pct": 17, "mode_autre_pct": 0}, "geometry": {"type": "Polygon", "coordinates": [[[-71.2504, 46.8326], [-71.2504, 46.8327], [-71.2504, 46.8328], [-71.2503, 46.8329], [-71.2503, 46.833], [-71.2504, 46.8331], [-71.2504, 46.8332], [-71.2504, 46.8333], [-71.2505, 46.8333], [-71.2505, 46.8334], [-71.2505, 46.8335], [-71.2505, 46.8336], [-71.2505, 46.8337], [-71.2504, 46.8337], [-71.2503, 46.8338], [-71.2501, 46.8339], [-71.2499, 46.834], [-71.2497, 46.8341], [-71.2496, 46.8341], [-71.2494, 46.8342], [-71.2494, 46.8343], [-71.2493, 46.8343], [-71.2493, 46.8344], [-71.2494, 46.8345], [-71.2495, 46.8345], [-71.2496, 46.8346], [-71.2497, 46.8346], [-71.2498, 46.8347], [-71.2499, 46.8348], [-71.2498, 46.8349], [-71.2497, 46.835], [-71.2496, 46.835], [-71.2496, 46.8351], [-71.2495, 46.8351], [-71.2495, 46.8352], [-71.2494, 46.8353], [-71.2495, 46.8354], [-71.2496, 46.8355], [-71.2496, 46.8356], [-71.2496, 46.8357], [-71.2495, 46.8358], [-71.2495, 46.8359], [-71.2494, 46.8361], [-71.2493, 46.8362], [-71.2492, 46.8364], [-71.2491, 46.8365], [-71.249, 46.8367], [-71.2489, 46.8369], [-71.2488, 46.8371], [-71.2488, 46.8373], [-71.2488, 46.8375], [-71.2488, 46.8376], [-71.2488, 46.8378], [-71.2487, 46.838], [-71.2487, 46.8382], [-71.2487, 46.8383], [-71.2486, 46.8384], [-71.2485, 46.8385], [-71.2485, 46.8386], [-71.2484, 46.8387], [-71.2482, 46.8387], [-71.2481, 46.8387], [-71.2481, 46.8388], [-71.248, 46.8388], [-71.248, 46.8389], [-71.2481, 46.839], [-71.2482, 46.8391], [-71.2482, 46.8392], [-71.2482, 46.8393], [-71.2481, 46.8394], [-71.248, 46.8395], [-71.2479, 46.8396], [-71.2478, 46.8396], [-71.2478, 46.8397], [-71.2478, 46.8398], [-71.2478, 46.8399], [-71.2479, 46.8399], [-71.248, 46.84], [-71.248, 46.8401], [-71.248, 46.8402], [-71.248, 46.8403], [-71.248, 46.8404], [-71.2479, 46.8405], [-71.2479, 46.8406], [-71.2478, 46.8407], [-71.2477, 46.8407], [-71.2476, 46.8408], [-71.2475, 46.8408], [-71.2474, 46.8409], [-71.2473, 46.8409], [-71.2471, 46.8409], [-71.247, 46.8409], [-71.2469, 46.8408], [-71.2468, 46.8408], [-71.2467, 46.8408], [-71.2466, 46.8407], [-71.2465, 46.8407], [-71.2465, 46.8406], [-71.2465, 46.8405], [-71.2464, 46.8404], [-71.2463, 46.8404], [-71.2462, 46.8404], [-71.246, 46.8404], [-71.2459, 46.8404], [-71.2458, 46.8405], [-71.2456, 46.8405], [-71.2455, 46.8405], [-71.2454, 46.8406], [-71.2453, 46.8405], [-71.2452, 46.8405], [-71.2451, 46.8405], [-71.2451, 46.8404], [-71.245, 46.8404], [-71.245, 46.8403], [-71.2449, 46.8403], [-71.2448, 46.8402], [-71.2447, 46.8402], [-71.2446, 46.8402], [-71.2445, 46.8402], [-71.2444, 46.8403], [-71.2443, 46.8403], [-71.2441, 46.8403], [-71.244, 46.8403], [-71.2437, 46.8403], [-71.2435, 46.8403], [-71.2432, 46.8402], [-71.2429, 46.8402], [-71.2426, 46.8401], [-71.2422, 46.84], [-71.2419, 46.8399], [-71.2415, 46.8398], [-71.2412, 46.8397], [-71.2409, 46.8397], [-71.2406, 46.8397], [-71.2403, 46.8396], [-71.24, 46.8396], [-71.2398, 46.8396], [-71.2395, 46.8396], [-71.2393, 46.8396], [-71.2391, 46.8396], [-71.239, 46.8396], [-71.2389, 46.8395], [-71.2388, 46.8394], [-71.2387, 46.8394], [-71.2387, 46.8393], [-71.2386, 46.8392], [-71.2385, 46.8392], [-71.2385, 46.8391], [-71.2384, 46.8391], [-71.2383, 46.8391], [-71.2381, 46.8391], [-71.238, 46.8392], [-71.2378, 46.8392], [-71.2377, 46.8392], [-71.2376, 46.8392], [-71.2375, 46.8392], [-71.2374, 46.8392], [-71.2373, 46.8392], [-71.2373, 46.8391], [-71.2372, 46.839], [-71.2372, 46.8389], [-71.2372, 46.8388], [-71.2372, 46.8387], [-71.2373, 46.8387], [-71.2373, 46.8386], [-71.2374, 46.8385], [-71.2375, 46.8385], [-71.2376, 46.8385], [-71.2377, 46.8384], [-71.2377, 46.8383], [-71.2376, 46.8382], [-71.2375, 46.8381], [-71.2374, 46.838], [-71.2372, 46.8378], [-71.2371, 46.8377], [-71.2369, 46.8377], [-71.2367, 46.8376], [-71.2365, 46.8376], [-71.2363, 46.8376], [-71.2361, 46.8376], [-71.2359, 46.8377], [-71.2357, 46.8377], [-71.2355, 46.8378], [-71.2353, 46.8378], [-71.235, 46.8378], [-71.2348, 46.8377], [-71.2346, 46.8376], [-71.2344, 46.8375], [-71.2342, 46.8373], [-71.2339, 46.8371], [-71.2337, 46.8369], [-71.2335, 46.8368], [-71.2333, 46.8367], [-71.2331, 46.8366], [-71.233, 46.8366], [-71.2328, 46.8366], [-71.2326, 46.8366], [-71.2325, 46.8367], [-71.2324, 46.8367], [-71.2323, 46.8368], [-71.2321, 46.8368], [-71.232, 46.8368], [-71.2319, 46.8368], [-71.2318, 46.8368], [-71.2317, 46.8368], [-71.2316, 46.8368], [-71.2316, 46.8367], [-71.2316, 46.8366], [-71.2316, 46.8365], [-71.2316, 46.8364], [-71.2317, 46.8362], [-71.2318, 46.8361], [-71.2319, 46.836], [-71.232, 46.8358], [-71.2321, 46.8357], [-71.2321, 46.8355], [-71.2322, 46.8354], [-71.2322, 46.8352], [-71.2322, 46.8351], [-71.2322, 46.8349], [-71.2321, 46.8348], [-71.2321, 46.8346], [-71.2321, 46.8345], [-71.2321, 46.8344], [-71.2321, 46.8343], [-71.2322, 46.8342], [-71.2323, 46.8341], [-71.2324, 46.834], [-71.2326, 46.8339], [-71.2327, 46.8338], [-71.2328, 46.8338], [-71.2329, 46.8337], [-71.2329, 46.8336], [-71.2328, 46.8336], [-71.2327, 46.8336], [-71.2326, 46.8335], [-71.2325, 46.8335], [-71.2325, 46.8334], [-71.2324, 46.8334], [-71.2323, 46.8333], [-71.2323, 46.8332], [-71.2322, 46.8331], [-71.2321, 46.833], [-71.2321, 46.8328], [-71.2321, 46.8327], [-71.2321, 46.8326], [-71.2321, 46.8324], [-71.2321, 46.8323], [-71.2321, 46.8322], [-71.2321, 46.832], [-71.2321, 46.8319], [-71.2322, 46.8317], [-71.2323, 46.8316], [-71.2323, 46.8315], [-71.2324, 46.8314], [-71.2325, 46.8313], [-71.2326, 46.8312], [-71.2327, 46.8311], [-71.2328, 46.8311], [-71.2329, 46.831], [-71.233, 46.8309], [-71.2331, 46.8308], [-71.2331, 46.8307], [-71.2331, 46.8306], [-71.233, 46.8305], [-71.2329, 46.8304], [-71.2329, 46.8303], [-71.2329, 46.8302], [-71.2329, 46.8301], [-71.233, 46.83], [-71.2331, 46.83], [-71.2332, 46.8299], [-71.2334, 46.8299], [-71.2336, 46.8299], [-71.2337, 46.8298], [-71.2339, 46.8298], [-71.234, 46.8299], [-71.2341, 46.8299], [-71.2342, 46.8299], [-71.2343, 46.83], [-71.2344, 46.8301], [-71.2344, 46.8302], [-71.2345, 46.8302], [-71.2346, 46.8303], [-71.2346, 46.8304], [-71.2347, 46.8304], [-71.2348, 46.8305], [-71.2349, 46.8305], [-71.2351, 46.8305], [-71.2352, 46.8306], [-71.2353, 46.8306], [-71.2354, 46.8305], [-71.2354, 46.8304], [-71.2354, 46.8303], [-71.2354, 46.8302], [-71.2353, 46.8301], [-71.2352, 46.83], [-71.2351, 46.8299], [-71.235, 46.8298], [-71.2349, 46.8297], [-71.2347, 46.8296], [-71.2346, 46.8295], [-71.2344, 46.8295], [-71.2343, 46.8294], [-71.2341, 46.8293], [-71.234, 46.8293], [-71.2339, 46.8292], [-71.2339, 46.8291], [-71.2339, 46.829], [-71.2339, 46.8289], [-71.234, 46.8288], [-71.234, 46.8287], [-71.234, 46.8286], [-71.234, 46.8285], [-71.2339, 46.8285], [-71.2339, 46.8284], [-71.2338, 46.8283], [-71.2337, 46.8283], [-71.2337, 46.8282], [-71.2338, 46.8281], [-71.2338, 46.828], [-71.2339, 46.828], [-71.2341, 46.8279], [-71.2342, 46.8279], [-71.2343, 46.8278], [-71.2344, 46.8278], [-71.2345, 46.8277], [-71.2345, 46.8276], [-71.2345, 46.8275], [-71.2344, 46.8275], [-71.2344, 46.8274], [-71.2343, 46.8274], [-71.2342, 46.8273], [-71.2342, 46.8272], [-71.2342, 46.8271], [-71.2342, 46.827], [-71.2342, 46.8269], [-71.2343, 46.8268], [-71.2344, 46.8267], [-71.2345, 46.8266], [-71.2346, 46.8266], [-71.2347, 46.8266], [-71.2348, 46.8266], [-71.2349, 46.8266], [-71.2351, 46.8266], [-71.2352, 46.8266], [-71.2353, 46.8267], [-71.2354, 46.8268], [-71.2355, 46.8268], [-71.2355, 46.8269], [-71.2356, 46.827], [-71.2356, 46.8271], [-71.2357, 46.8272], [-71.2358, 46.8272], [-71.2358, 46.8271], [-71.2359, 46.8271], [-71.2359, 46.827], [-71.236, 46.827], [-71.236, 46.8269], [-71.2361, 46.8269], [-71.2362, 46.8269], [-71.2364, 46.8269], [-71.2365, 46.8269], [-71.2367, 46.827], [-71.2368, 46.827], [-71.237, 46.8271], [-71.2371, 46.8271], [-71.2373, 46.8271], [-71.2374, 46.8271], [-71.2375, 46.827], [-71.2377, 46.827], [-71.2378, 46.8269], [-71.2379, 46.8268], [-71.238, 46.8268], [-71.2381, 46.8268], [-71.2383, 46.8268], [-71.2384, 46.8269], [-71.2386, 46.8269], [-71.2387, 46.8271], [-71.2389, 46.8272], [-71.2391, 46.8274], [-71.2392, 46.8275], [-71.2394, 46.8276], [-71.2396, 46.8277], [-71.2397, 46.8277], [-71.2398, 46.8277], [-71.2399, 46.8277], [-71.24, 46.8276], [-71.2401, 46.8274], [-71.2403, 46.8273], [-71.2404, 46.8272], [-71.2405, 46.8272], [-71.2407, 46.8271], [-71.2409, 46.8271], [-71.2411, 46.8271], [-71.2413, 46.8271], [-71.2415, 46.8272], [-71.2417, 46.8272], [-71.242, 46.8272], [-71.2423, 46.8273], [-71.2426, 46.8273], [-71.2429, 46.8272], [-71.2432, 46.8272], [-71.2436, 46.8272], [-71.244, 46.8272], [-71.2444, 46.8271], [-71.2447, 46.8271], [-71.2451, 46.8272], [-71.2454, 46.8272], [-71.2457, 46.8273], [-71.246, 46.8274], [-71.2464, 46.8275], [-71.2467, 46.8276], [-71.2469, 46.8277], [-71.2471, 46.8279], [-71.2473, 46.828], [-71.2475, 46.8281], [-71.2476, 46.8283], [-71.2477, 46.8284], [-71.2477, 46.8286], [-71.2477, 46.8287], [-71.2477, 46.8288], [-71.2476, 46.829], [-71.2476, 46.8291], [-71.2475, 46.8292], [-71.2474, 46.8293], [-71.2473, 46.8293], [-71.2472, 46.8294], [-71.2473, 46.8295], [-71.2474, 46.8295], [-71.2476, 46.8295], [-71.2479, 46.8295], [-71.2482, 46.8295], [-71.2487, 46.8296], [-71.2491, 46.8296], [-71.2495, 46.8296], [-71.2498, 46.8297], [-71.25, 46.8298], [-71.2501, 46.83], [-71.2501, 46.8302], [-71.2501, 46.8304], [-71.2499, 46.8306], [-71.2496, 46.8309], [-71.2494, 46.8312], [-71.2492, 46.8314], [-71.2491, 46.8316], [-71.2491, 46.8318], [-71.2491, 46.8319], [-71.2493, 46.832], [-71.2494, 46.8321], [-71.2497, 46.8321], [-71.2499, 46.8322], [-71.2501, 46.8322], [-71.2502, 46.8323], [-71.2503, 46.8323], [-71.2504, 46.8324], [-71.2504, 46.8325], [-71.2504, 46.8326]]]}}, {"type": "Feature", "properties": {"couche": "voile", "station": "Patro Roc-Amadour", "minutes": 13}, "geometry": {"type": "Polygon", "coordinates": [[[-71.4097, 46.9477], [-71.0755, 46.9498], [-71.073, 46.7196], [-71.4059, 46.7174], [-71.4097, 46.9477]], [[-71.2504, 46.8325], [-71.2504, 46.8324], [-71.2503, 46.8323], [-71.2502, 46.8323], [-71.2501, 46.8322], [-71.2499, 46.8322], [-71.2497, 46.8321], [-71.2494, 46.8321], [-71.2493, 46.832], [-71.2491, 46.8319], [-71.2491, 46.8318], [-71.2491, 46.8316], [-71.2492, 46.8314], [-71.2494, 46.8312], [-71.2496, 46.8309], [-71.2499, 46.8306], [-71.2501, 46.8304], [-71.2501, 46.8302], [-71.2501, 46.83], [-71.25, 46.8298], [-71.2498, 46.8297], [-71.2495, 46.8296], [-71.2491, 46.8296], [-71.2487, 46.8296], [-71.2482, 46.8295], [-71.2479, 46.8295], [-71.2476, 46.8295], [-71.2474, 46.8295], [-71.2473, 46.8295], [-71.2472, 46.8294], [-71.2473, 46.8293], [-71.2474, 46.8293], [-71.2475, 46.8292], [-71.2476, 46.8291], [-71.2476, 46.829], [-71.2477, 46.8288], [-71.2477, 46.8287], [-71.2477, 46.8286], [-71.2477, 46.8284], [-71.2476, 46.8283], [-71.2475, 46.8281], [-71.2473, 46.828], [-71.2471, 46.8279], [-71.2469, 46.8277], [-71.2467, 46.8276], [-71.2464, 46.8275], [-71.246, 46.8274], [-71.2457, 46.8273], [-71.2454, 46.8272], [-71.2451, 46.8272], [-71.2447, 46.8271], [-71.2444, 46.8271], [-71.244, 46.8272], [-71.2436, 46.8272], [-71.2432, 46.8272], [-71.2429, 46.8272], [-71.2426, 46.8273], [-71.2423, 46.8273], [-71.242, 46.8272], [-71.2417, 46.8272], [-71.2415, 46.8272], [-71.2413, 46.8271], [-71.2411, 46.8271], [-71.2409, 46.8271], [-71.2407, 46.8271], [-71.2405, 46.8272], [-71.2404, 46.8272], [-71.2403, 46.8273], [-71.2401, 46.8274], [-71.24, 46.8276], [-71.2399, 46.8277], [-71.2398, 46.8277], [-71.2397, 46.8277], [-71.2396, 46.8277], [-71.2394, 46.8276], [-71.2392, 46.8275], [-71.2391, 46.8274], [-71.2389, 46.8272], [-71.2387, 46.8271], [-71.2386, 46.8269], [-71.2384, 46.8269], [-71.2383, 46.8268], [-71.2381, 46.8268], [-71.238, 46.8268], [-71.2379, 46.8268], [-71.2378, 46.8269], [-71.2377, 46.827], [-71.2375, 46.827], [-71.2374, 46.8271], [-71.2373, 46.8271], [-71.2371, 46.8271], [-71.237, 46.8271], [-71.2368, 46.827], [-71.2367, 46.827], [-71.2365, 46.8269], [-71.2364, 46.8269], [-71.2362, 46.8269], [-71.2361, 46.8269], [-71.236, 46.8269], [-71.236, 46.827], [-71.2359, 46.827], [-71.2359, 46.8271], [-71.2358, 46.8271], [-71.2358, 46.8272], [-71.2357, 46.8272], [-71.2356, 46.8271], [-71.2356, 46.827], [-71.2355, 46.8269], [-71.2355, 46.8268], [-71.2354, 46.8268], [-71.2353, 46.8267], [-71.2352, 46.8266], [-71.2351, 46.8266], [-71.2349, 46.8266], [-71.2348, 46.8266], [-71.2347, 46.8266], [-71.2346, 46.8266], [-71.2345, 46.8266], [-71.2344, 46.8267], [-71.2343, 46.8268], [-71.2342, 46.8269], [-71.2342, 46.827], [-71.2342, 46.8271], [-71.2342, 46.8272], [-71.2342, 46.8273], [-71.2343, 46.8274], [-71.2344, 46.8274], [-71.2344, 46.8275], [-71.2345, 46.8275], [-71.2345, 46.8276], [-71.2345, 46.8277], [-71.2344, 46.8278], [-71.2343, 46.8278], [-71.2342, 46.8279], [-71.2341, 46.8279], [-71.2339, 46.828], [-71.2338, 46.828], [-71.2338, 46.8281], [-71.2337, 46.8282], [-71.2337, 46.8283], [-71.2338, 46.8283], [-71.2339, 46.8284], [-71.2339, 46.8285], [-71.234, 46.8285], [-71.234, 46.8286], [-71.234, 46.8287], [-71.234, 46.8288], [-71.2339, 46.8289], [-71.2339, 46.829], [-71.2339, 46.8291], [-71.2339, 46.8292], [-71.234, 46.8293], [-71.2341, 46.8293], [-71.2343, 46.8294], [-71.2344, 46.8295], [-71.2346, 46.8295], [-71.2347, 46.8296], [-71.2349, 46.8297], [-71.235, 46.8298], [-71.2351, 46.8299], [-71.2352, 46.83], [-71.2353, 46.8301], [-71.2354, 46.8302], [-71.2354, 46.8303], [-71.2354, 46.8304], [-71.2354, 46.8305], [-71.2353, 46.8306], [-71.2352, 46.8306], [-71.2351, 46.8305], [-71.2349, 46.8305], [-71.2348, 46.8305], [-71.2347, 46.8304], [-71.2346, 46.8304], [-71.2346, 46.8303], [-71.2345, 46.8302], [-71.2344, 46.8302], [-71.2344, 46.8301], [-71.2343, 46.83], [-71.2342, 46.8299], [-71.2341, 46.8299], [-71.234, 46.8299], [-71.2339, 46.8298], [-71.2337, 46.8298], [-71.2336, 46.8299], [-71.2334, 46.8299], [-71.2332, 46.8299], [-71.2331, 46.83], [-71.233, 46.83], [-71.2329, 46.8301], [-71.2329, 46.8302], [-71.2329, 46.8303], [-71.2329, 46.8304], [-71.233, 46.8305], [-71.2331, 46.8306], [-71.2331, 46.8307], [-71.2331, 46.8308], [-71.233, 46.8309], [-71.2329, 46.831], [-71.2328, 46.8311], [-71.2327, 46.8311], [-71.2326, 46.8312], [-71.2325, 46.8313], [-71.2324, 46.8314], [-71.2323, 46.8315], [-71.2323, 46.8316], [-71.2322, 46.8317], [-71.2321, 46.8319], [-71.2321, 46.832], [-71.2321, 46.8322], [-71.2321, 46.8323], [-71.2321, 46.8324], [-71.2321, 46.8326], [-71.2321, 46.8327], [-71.2321, 46.8328], [-71.2321, 46.833], [-71.2322, 46.8331], [-71.2323, 46.8332], [-71.2323, 46.8333], [-71.2324, 46.8334], [-71.2325, 46.8334], [-71.2325, 46.8335], [-71.2326, 46.8335], [-71.2327, 46.8336], [-71.2328, 46.8336], [-71.2329, 46.8336], [-71.2329, 46.8337], [-71.2328, 46.8338], [-71.2327, 46.8338], [-71.2326, 46.8339], [-71.2324, 46.834], [-71.2323, 46.8341], [-71.2322, 46.8342], [-71.2321, 46.8343], [-71.2321, 46.8344], [-71.2321, 46.8345], [-71.2321, 46.8346], [-71.2321, 46.8348], [-71.2322, 46.8349], [-71.2322, 46.8351], [-71.2322, 46.8352], [-71.2322, 46.8354], [-71.2321, 46.8355], [-71.2321, 46.8357], [-71.232, 46.8358], [-71.2319, 46.836], [-71.2318, 46.8361], [-71.2317, 46.8362], [-71.2316, 46.8364], [-71.2316, 46.8365], [-71.2316, 46.8366], [-71.2316, 46.8367], [-71.2316, 46.8368], [-71.2317, 46.8368], [-71.2318, 46.8368], [-71.2319, 46.8368], [-71.232, 46.8368], [-71.2321, 46.8368], [-71.2323, 46.8368], [-71.2324, 46.8367], [-71.2325, 46.8367], [-71.2326, 46.8366], [-71.2328, 46.8366], [-71.233, 46.8366], [-71.2331, 46.8366], [-71.2333, 46.8367], [-71.2335, 46.8368], [-71.2337, 46.8369], [-71.2339, 46.8371], [-71.2342, 46.8373], [-71.2344, 46.8375], [-71.2346, 46.8376], [-71.2348, 46.8377], [-71.235, 46.8378], [-71.2353, 46.8378], [-71.2355, 46.8378], [-71.2357, 46.8377], [-71.2359, 46.8377], [-71.2361, 46.8376], [-71.2363, 46.8376], [-71.2365, 46.8376], [-71.2367, 46.8376], [-71.2369, 46.8377], [-71.2371, 46.8377], [-71.2372, 46.8378], [-71.2374, 46.838], [-71.2375, 46.8381], [-71.2376, 46.8382], [-71.2377, 46.8383], [-71.2377, 46.8384], [-71.2376, 46.8385], [-71.2375, 46.8385], [-71.2374, 46.8385], [-71.2373, 46.8386], [-71.2373, 46.8387], [-71.2372, 46.8387], [-71.2372, 46.8388], [-71.2372, 46.8389], [-71.2372, 46.839], [-71.2373, 46.8391], [-71.2373, 46.8392], [-71.2374, 46.8392], [-71.2375, 46.8392], [-71.2376, 46.8392], [-71.2377, 46.8392], [-71.2378, 46.8392], [-71.238, 46.8392], [-71.2381, 46.8391], [-71.2383, 46.8391], [-71.2384, 46.8391], [-71.2385, 46.8391], [-71.2385, 46.8392], [-71.2386, 46.8392], [-71.2387, 46.8393], [-71.2387, 46.8394], [-71.2388, 46.8394], [-71.2389, 46.8395], [-71.239, 46.8396], [-71.2391, 46.8396], [-71.2393, 46.8396], [-71.2395, 46.8396], [-71.2398, 46.8396], [-71.24, 46.8396], [-71.2403, 46.8396], [-71.2406, 46.8397], [-71.2409, 46.8397], [-71.2412, 46.8397], [-71.2415, 46.8398], [-71.2419, 46.8399], [-71.2422, 46.84], [-71.2426, 46.8401], [-71.2429, 46.8402], [-71.2432, 46.8402], [-71.2435, 46.8403], [-71.2437, 46.8403], [-71.244, 46.8403], [-71.2441, 46.8403], [-71.2443, 46.8403], [-71.2444, 46.8403], [-71.2445, 46.8402], [-71.2446, 46.8402], [-71.2447, 46.8402], [-71.2448, 46.8402], [-71.2449, 46.8403], [-71.245, 46.8403], [-71.245, 46.8404], [-71.2451, 46.8404], [-71.2451, 46.8405], [-71.2452, 46.8405], [-71.2453, 46.8405], [-71.2454, 46.8406], [-71.2455, 46.8405], [-71.2456, 46.8405], [-71.2458, 46.8405], [-71.2459, 46.8404], [-71.246, 46.8404], [-71.2462, 46.8404], [-71.2463, 46.8404], [-71.2464, 46.8404], [-71.2465, 46.8405], [-71.2465, 46.8406], [-71.2465, 46.8407], [-71.2466, 46.8407], [-71.2467, 46.8408], [-71.2468, 46.8408], [-71.2469, 46.8408], [-71.247, 46.8409], [-71.2471, 46.8409], [-71.2473, 46.8409], [-71.2474, 46.8409], [-71.2475, 46.8408], [-71.2476, 46.8408], [-71.2477, 46.8407], [-71.2478, 46.8407], [-71.2479, 46.8406], [-71.2479, 46.8405], [-71.248, 46.8404], [-71.248, 46.8403], [-71.248, 46.8402], [-71.248, 46.8401], [-71.248, 46.84], [-71.2479, 46.8399], [-71.2478, 46.8399], [-71.2478, 46.8398], [-71.2478, 46.8397], [-71.2478, 46.8396], [-71.2479, 46.8396], [-71.248, 46.8395], [-71.2481, 46.8394], [-71.2482, 46.8393], [-71.2482, 46.8392], [-71.2482, 46.8391], [-71.2481, 46.839], [-71.248, 46.8389], [-71.248, 46.8388], [-71.2481, 46.8388], [-71.2481, 46.8387], [-71.2482, 46.8387], [-71.2484, 46.8387], [-71.2485, 46.8386], [-71.2485, 46.8385], [-71.2486, 46.8384], [-71.2487, 46.8383], [-71.2487, 46.8382], [-71.2487, 46.838], [-71.2488, 46.8378], [-71.2488, 46.8376], [-71.2488, 46.8375], [-71.2488, 46.8373], [-71.2488, 46.8371], [-71.2489, 46.8369], [-71.249, 46.8367], [-71.2491, 46.8365], [-71.2492, 46.8364], [-71.2493, 46.8362], [-71.2494, 46.8361], [-71.2495, 46.8359], [-71.2495, 46.8358], [-71.2496, 46.8357], [-71.2496, 46.8356], [-71.2496, 46.8355], [-71.2495, 46.8354], [-71.2494, 46.8353], [-71.2495, 46.8352], [-71.2495, 46.8351], [-71.2496, 46.8351], [-71.2496, 46.835], [-71.2497, 46.835], [-71.2498, 46.8349], [-71.2499, 46.8348], [-71.2498, 46.8347], [-71.2497, 46.8346], [-71.2496, 46.8346], [-71.2495, 46.8345], [-71.2494, 46.8345], [-71.2493, 46.8344], [-71.2493, 46.8343], [-71.2494, 46.8343], [-71.2494, 46.8342], [-71.2496, 46.8341], [-71.2497, 46.8341], [-71.2499, 46.834], [-71.2501, 46.8339], [-71.2503, 46.8338], [-71.2504, 46.8337], [-71.2505, 46.8337], [-71.2505, 46.8336], [-71.2505, 46.8335], [-71.2505, 46.8334], [-71.2505, 46.8333], [-71.2504, 46.8333], [-71.2504, 46.8332], [-71.2504, 46.8331], [-71.2503, 46.833], [-71.2503, 46.8329], [-71.2504, 46.8328], [-71.2504, 46.8327], [-71.2504, 46.8326], [-71.2504, 46.8325]]]}}, {"type": "Feature", "properties": {"couche": "aire_marche", "station": "Patro Roc-Amadour", "ordre": 27, "minutes": 14, "superficie_ha": 192.6, "rue_km": 49.21, "disque_ha": 301.7, "part_disque_pct": 64, "accroche_m": 4, "population": 10949, "navetteurs": 4094, "mode_auto_pct": 63, "mode_tc_pct": 21, "mode_actif_pct": 16, "mode_autre_pct": 0}, "geometry": {"type": "Polygon", "coordinates": [[[-71.2513, 46.8326], [-71.2514, 46.8328], [-71.2514, 46.833], [-71.2514, 46.8332], [-71.2514, 46.8333], [-71.2513, 46.8334], [-71.2512, 46.8335], [-71.2511, 46.8336], [-71.251, 46.8337], [-71.2509, 46.8337], [-71.2507, 46.8338], [-71.2506, 46.8338], [-71.2506, 46.8339], [-71.2505, 46.8339], [-71.2505, 46.834], [-71.2506, 46.8341], [-71.2506, 46.8342], [-71.2507, 46.8343], [-71.2507, 46.8344], [-71.2507, 46.8345], [-71.2506, 46.8346], [-71.2505, 46.8346], [-71.2504, 46.8347], [-71.2504, 46.8348], [-71.2503, 46.8348], [-71.2503, 46.8349], [-71.2502, 46.8349], [-71.2502, 46.835], [-71.2503, 46.8351], [-71.2504, 46.8352], [-71.2504, 46.8353], [-71.2503, 46.8355], [-71.2503, 46.8356], [-71.2502, 46.8358], [-71.2501, 46.836], [-71.2499, 46.8363], [-71.2498, 46.8365], [-71.2496, 46.8368], [-71.2495, 46.837], [-71.2494, 46.8372], [-71.2494, 46.8374], [-71.2494, 46.8375], [-71.2494, 46.8376], [-71.2494, 46.8377], [-71.2495, 46.8378], [-71.2495, 46.8379], [-71.2495, 46.838], [-71.2494, 46.8381], [-71.2493, 46.8381], [-71.2492, 46.8382], [-71.2491, 46.8383], [-71.2491, 46.8384], [-71.249, 46.8384], [-71.249, 46.8385], [-71.249, 46.8386], [-71.2491, 46.8386], [-71.2491, 46.8387], [-71.2492, 46.8388], [-71.2492, 46.8389], [-71.2491, 46.8389], [-71.2491, 46.839], [-71.2491, 46.8391], [-71.249, 46.8391], [-71.2489, 46.8392], [-71.2488, 46.8392], [-71.2487, 46.8393], [-71.2486, 46.8393], [-71.2486, 46.8394], [-71.2486, 46.8395], [-71.2486, 46.8396], [-71.2487, 46.8396], [-71.2487, 46.8397], [-71.2487, 46.8398], [-71.2488, 46.8399], [-71.2487, 46.84], [-71.2487, 46.8402], [-71.2487, 46.8403], [-71.2486, 46.8405], [-71.2485, 46.8407], [-71.2484, 46.8409], [-71.2482, 46.841], [-71.2481, 46.8412], [-71.2479, 46.8412], [-71.2476, 46.8413], [-71.2474, 46.8413], [-71.2471, 46.8413], [-71.2468, 46.8413], [-71.2465, 46.8412], [-71.2463, 46.8411], [-71.2462, 46.8411], [-71.246, 46.841], [-71.246, 46.8409], [-71.246, 46.8408], [-71.246, 46.8407], [-71.2461, 46.8406], [-71.2462, 46.8405], [-71.2461, 46.8404], [-71.2459, 46.8405], [-71.2458, 46.8405], [-71.2456, 46.8406], [-71.2454, 46.8407], [-71.2451, 46.8408], [-71.2449, 46.8408], [-71.2446, 46.8408], [-71.2444, 46.8408], [-71.2442, 46.8408], [-71.2439, 46.8408], [-71.2437, 46.8407], [-71.2435, 46.8406], [-71.2432, 46.8406], [-71.243, 46.8405], [-71.2428, 46.8405], [-71.2427, 46.8404], [-71.2425, 46.8404], [-71.2424, 46.8404], [-71.2422, 46.8404], [-71.2421, 46.8405], [-71.242, 46.8405], [-71.2419, 46.8405], [-71.2418, 46.8405], [-71.2417, 46.8405], [-71.2416, 46.8404], [-71.2415, 46.8403], [-71.2414, 46.8402], [-71.2413, 46.8402], [-71.2412, 46.8402], [-71.2412, 46.8403], [-71.2411, 46.8403], [-71.241, 46.8403], [-71.2409, 46.8403], [-71.2407, 46.8403], [-71.2406, 46.8403], [-71.2404, 46.8403], [-71.2402, 46.8402], [-71.24, 46.8401], [-71.2397, 46.8401], [-71.2395, 46.84], [-71.2393, 46.8399], [-71.2391, 46.8399], [-71.239, 46.8399], [-71.2388, 46.8399], [-71.2387, 46.8399], [-71.2385, 46.8399], [-71.2384, 46.8399], [-71.2383, 46.8399], [-71.2382, 46.8399], [-71.2381, 46.8399], [-71.238, 46.8399], [-71.238, 46.8398], [-71.2379, 46.8398], [-71.2379, 46.8397], [-71.2378, 46.8397], [-71.2378, 46.8396], [-71.2379, 46.8396], [-71.2379, 46.8395], [-71.2379, 46.8394], [-71.238, 46.8394], [-71.2381, 46.8393], [-71.2382, 46.8392], [-71.2381, 46.8392], [-71.238, 46.8392], [-71.2379, 46.8392], [-71.2376, 46.8393], [-71.2374, 46.8394], [-71.2372, 46.8395], [-71.237, 46.8395], [-71.2368, 46.8395], [-71.2367, 46.8396], [-71.2365, 46.8396], [-71.2365, 46.8395], [-71.2364, 46.8395], [-71.2364, 46.8394], [-71.2364, 46.8393], [-71.2364, 46.8392], [-71.2365, 46.8392], [-71.2365, 46.8391], [-71.2366, 46.8391], [-71.2367, 46.839], [-71.2368, 46.8389], [-71.2369, 46.8388], [-71.2369, 46.8387], [-71.2368, 46.8386], [-71.2368, 46.8385], [-71.2367, 46.8385], [-71.2367, 46.8384], [-71.2367, 46.8383], [-71.2368, 46.8383], [-71.2369, 46.8382], [-71.2371, 46.8382], [-71.2372, 46.8381], [-71.2373, 46.838], [-71.2372, 46.8379], [-71.2372, 46.8378], [-71.2371, 46.8378], [-71.237, 46.8377], [-71.2369, 46.8376], [-71.2368, 46.8376], [-71.2366, 46.8375], [-71.2364, 46.8375], [-71.2363, 46.8376], [-71.2361, 46.8376], [-71.2358, 46.8377], [-71.2356, 46.8377], [-71.2354, 46.8378], [-71.2351, 46.8378], [-71.2349, 46.8377], [-71.2347, 46.8377], [-71.2345, 46.8376], [-71.2343, 46.8374], [-71.2341, 46.8373], [-71.2339, 46.8371], [-71.2337, 46.8369], [-71.2335, 46.8368], [-71.2333, 46.8367], [-71.2332, 46.8367], [-71.2331, 46.8367], [-71.233, 46.8367], [-71.2329, 46.8368], [-71.2328, 46.8369], [-71.2328, 46.837], [-71.2326, 46.8371], [-71.2325, 46.8372], [-71.2324, 46.8372], [-71.2322, 46.8373], [-71.232, 46.8373], [-71.2318, 46.8372], [-71.2315, 46.8372], [-71.2313, 46.8372], [-71.2311, 46.8371], [-71.231, 46.837], [-71.2309, 46.8369], [-71.2308, 46.8368], [-71.2308, 46.8367], [-71.2307, 46.8366], [-71.2307, 46.8365], [-71.2308, 46.8363], [-71.2308, 46.8362], [-71.2309, 46.8361], [-71.231, 46.836], [-71.2311, 46.836], [-71.2312, 46.836], [-71.2314, 46.836], [-71.2315, 46.836], [-71.2316, 46.836], [-71.2317, 46.836], [-71.2318, 46.836], [-71.2319, 46.8359], [-71.232, 46.8359], [-71.232, 46.8358], [-71.2321, 46.8357], [-71.2322, 46.8356], [-71.2321, 46.8355], [-71.232, 46.8354], [-71.2319, 46.8354], [-71.2317, 46.8353], [-71.2316, 46.8353], [-71.2314, 46.8353], [-71.2313, 46.8352], [-71.2313, 46.8351], [-71.2312, 46.8349], [-71.2312, 46.8348], [-71.2312, 46.8346], [-71.2313, 46.8344], [-71.2314, 46.8341], [-71.2315, 46.8339], [-71.2315, 46.8337], [-71.2315, 46.8336], [-71.2316, 46.8334], [-71.2316, 46.8333], [-71.2315, 46.8332], [-71.2315, 46.8331], [-71.2314, 46.833], [-71.2314, 46.8329], [-71.2314, 46.8328], [-71.2314, 46.8326], [-71.2314, 46.8323], [-71.2315, 46.8321], [-71.2315, 46.8317], [-71.2317, 46.8314], [-71.2318, 46.8309], [-71.2319, 46.8306], [-71.2321, 46.8302], [-71.2322, 46.83], [-71.2324, 46.8297], [-71.2325, 46.8296], [-71.2327, 46.8294], [-71.2329, 46.8294], [-71.2331, 46.8293], [-71.2332, 46.8293], [-71.2334, 46.8292], [-71.2335, 46.8292], [-71.2336, 46.8291], [-71.2337, 46.8291], [-71.2338, 46.829], [-71.2339, 46.8289], [-71.234, 46.8288], [-71.234, 46.8287], [-71.2339, 46.8287], [-71.2338, 46.8287], [-71.2337, 46.8288], [-71.2336, 46.8288], [-71.2335, 46.8288], [-71.2334, 46.8288], [-71.2333, 46.8289], [-71.2332, 46.8289], [-71.2331, 46.8288], [-71.233, 46.8288], [-71.2329, 46.8287], [-71.2328, 46.8285], [-71.2329, 46.8284], [-71.2329, 46.8282], [-71.233, 46.828], [-71.2331, 46.8277], [-71.2332, 46.8274], [-71.2334, 46.8271], [-71.2336, 46.8268], [-71.2338, 46.8266], [-71.2341, 46.8264], [-71.2343, 46.8263], [-71.2347, 46.8262], [-71.235, 46.8262], [-71.2353, 46.8262], [-71.2357, 46.8262], [-71.2361, 46.8263], [-71.2364, 46.8263], [-71.2367, 46.8263], [-71.237, 46.8264], [-71.2372, 46.8263], [-71.2374, 46.8263], [-71.2376, 46.8263], [-71.2378, 46.8263], [-71.2379, 46.8262], [-71.2381, 46.8263], [-71.2382, 46.8263], [-71.2383, 46.8264], [-71.2385, 46.8265], [-71.2386, 46.8266], [-71.2387, 46.8267], [-71.2388, 46.8269], [-71.2389, 46.827], [-71.239, 46.8271], [-71.2392, 46.8272], [-71.2393, 46.8272], [-71.2394, 46.8272], [-71.2395, 46.8271], [-71.2396, 46.827], [-71.2397, 46.8269], [-71.2398, 46.8268], [-71.2399, 46.8267], [-71.2401, 46.8266], [-71.2402, 46.8266], [-71.2404, 46.8266], [-71.2406, 46.8266], [-71.2408, 46.8266], [-71.2411, 46.8266], [-71.2413, 46.8267], [-71.2416, 46.8267], [-71.2419, 46.8267], [-71.2423, 46.8267], [-71.2427, 46.8267], [-71.2431, 46.8267], [-71.2435, 46.8266], [-71.244, 46.8266], [-71.2444, 46.8266], [-71.2448, 46.8265], [-71.2451, 46.8266], [-71.2453, 46.8266], [-71.2456, 46.8266], [-71.2457, 46.8267], [-71.2459, 46.8267], [-71.2459, 46.8268], [-71.246, 46.8269], [-71.2462, 46.827], [-71.2463, 46.8271], [-71.2465, 46.8272], [-71.2467, 46.8272], [-71.2469, 46.8273], [-71.2472, 46.8274], [-71.2475, 46.8275], [-71.2477, 46.8276], [-71.2479, 46.8277], [-71.248, 46.8278], [-71.248, 46.828], [-71.248, 46.8281], [-71.248, 46.8283], [-71.2479, 46.8285], [-71.2477, 46.8287], [-71.2476, 46.8289], [-71.2475, 46.8291], [-71.2474, 46.8292], [-71.2473, 46.8293], [-71.2473, 46.8294], [-71.2473, 46.8295], [-71.2474, 46.8296], [-71.2475, 46.8297], [-71.2476, 46.8297], [-71.2477, 46.8297], [-71.2478, 46.8296], [-71.2479, 46.8296], [-71.248, 46.8295], [-71.2482, 46.8295], [-71.2483, 46.8294], [-71.2485, 46.8293], [-71.2486, 46.8293], [-71.2488, 46.8293], [-71.2489, 46.8293], [-71.249, 46.8293], [-71.2492, 46.8293], [-71.2493, 46.8294], [-71.2494, 46.8294], [-71.2495, 46.8295], [-71.2496, 46.8295], [-71.2497, 46.8295], [-71.2499, 46.8295], [-71.25, 46.8295], [-71.2501, 46.8294], [-71.2502, 46.8294], [-71.2503, 46.8293], [-71.2504, 46.8292], [-71.2505, 46.8291], [-71.2506, 46.8291], [-71.2507, 46.829], [-71.2508, 46.829], [-71.2509, 46.829], [-71.251, 46.829], [-71.2511, 46.829], [-71.2511, 46.8291], [-71.2511, 46.8292], [-71.251, 46.8293], [-71.2509, 46.8295], [-71.2507, 46.8298], [-71.2505, 46.83], [-71.2502, 46.8303], [-71.2498, 46.8307], [-71.2495, 46.831], [-71.2493, 46.8313], [-71.2491, 46.8315], [-71.249, 46.8317], [-71.2489, 46.8319], [-71.2489, 46.832], [-71.2489, 46.8321], [-71.249, 46.8322], [-71.2491, 46.8322], [-71.2492, 46.8322], [-71.2493, 46.8322], [-71.2494, 46.8322], [-71.2494, 46.8321], [-71.2495, 46.832], [-71.2495, 46.8319], [-71.2496, 46.8318], [-71.2497, 46.8318], [-71.2498, 46.8318], [-71.25, 46.8318], [-71.2501, 46.8318], [-71.2503, 46.8318], [-71.2505, 46.8318], [-71.2506, 46.8318], [-71.2508, 46.8319], [-71.2509, 46.832], [-71.2511, 46.8321], [-71.2512, 46.8323], [-71.2512, 46.8324], [-71.2513, 46.8326]]]}}, {"type": "Feature", "properties": {"couche": "voile", "station": "Patro Roc-Amadour", "minutes": 14}, "geometry": {"type": "Polygon", "coordinates": [[[-71.4107, 46.9481], [-71.0746, 46.9503], [-71.0721, 46.7192], [-71.4068, 46.717], [-71.4107, 46.9481]], [[-71.2512, 46.8324], [-71.2512, 46.8323], [-71.2511, 46.8321], [-71.2509, 46.832], [-71.2508, 46.8319], [-71.2506, 46.8318], [-71.2505, 46.8318], [-71.2503, 46.8318], [-71.2501, 46.8318], [-71.25, 46.8318], [-71.2498, 46.8318], [-71.2497, 46.8318], [-71.2496, 46.8318], [-71.2495, 46.8319], [-71.2495, 46.832], [-71.2494, 46.8321], [-71.2494, 46.8322], [-71.2493, 46.8322], [-71.2492, 46.8322], [-71.2491, 46.8322], [-71.249, 46.8322], [-71.2489, 46.8321], [-71.2489, 46.832], [-71.2489, 46.8319], [-71.249, 46.8317], [-71.2491, 46.8315], [-71.2493, 46.8313], [-71.2495, 46.831], [-71.2498, 46.8307], [-71.2502, 46.8303], [-71.2505, 46.83], [-71.2507, 46.8298], [-71.2509, 46.8295], [-71.251, 46.8293], [-71.2511, 46.8292], [-71.2511, 46.8291], [-71.2511, 46.829], [-71.251, 46.829], [-71.2509, 46.829], [-71.2508, 46.829], [-71.2507, 46.829], [-71.2506, 46.8291], [-71.2505, 46.8291], [-71.2504, 46.8292], [-71.2503, 46.8293], [-71.2502, 46.8294], [-71.2501, 46.8294], [-71.25, 46.8295], [-71.2499, 46.8295], [-71.2497, 46.8295], [-71.2496, 46.8295], [-71.2495, 46.8295], [-71.2494, 46.8294], [-71.2493, 46.8294], [-71.2492, 46.8293], [-71.249, 46.8293], [-71.2489, 46.8293], [-71.2488, 46.8293], [-71.2486, 46.8293], [-71.2485, 46.8293], [-71.2483, 46.8294], [-71.2482, 46.8295], [-71.248, 46.8295], [-71.2479, 46.8296], [-71.2478, 46.8296], [-71.2477, 46.8297], [-71.2476, 46.8297], [-71.2475, 46.8297], [-71.2474, 46.8296], [-71.2473, 46.8295], [-71.2473, 46.8294], [-71.2473, 46.8293], [-71.2474, 46.8292], [-71.2475, 46.8291], [-71.2476, 46.8289], [-71.2477, 46.8287], [-71.2479, 46.8285], [-71.248, 46.8283], [-71.248, 46.8281], [-71.248, 46.828], [-71.248, 46.8278], [-71.2479, 46.8277], [-71.2477, 46.8276], [-71.2475, 46.8275], [-71.2472, 46.8274], [-71.2469, 46.8273], [-71.2467, 46.8272], [-71.2465, 46.8272], [-71.2463, 46.8271], [-71.2462, 46.827], [-71.246, 46.8269], [-71.2459, 46.8268], [-71.2459, 46.8267], [-71.2457, 46.8267], [-71.2456, 46.8266], [-71.2453, 46.8266], [-71.2451, 46.8266], [-71.2448, 46.8265], [-71.2444, 46.8266], [-71.244, 46.8266], [-71.2435, 46.8266], [-71.2431, 46.8267], [-71.2427, 46.8267], [-71.2423, 46.8267], [-71.2419, 46.8267], [-71.2416, 46.8267], [-71.2413, 46.8267], [-71.2411, 46.8266], [-71.2408, 46.8266], [-71.2406, 46.8266], [-71.2404, 46.8266], [-71.2402, 46.8266], [-71.2401, 46.8266], [-71.2399, 46.8267], [-71.2398, 46.8268], [-71.2397, 46.8269], [-71.2396, 46.827], [-71.2395, 46.8271], [-71.2394, 46.8272], [-71.2393, 46.8272], [-71.2392, 46.8272], [-71.239, 46.8271], [-71.2389, 46.827], [-71.2388, 46.8269], [-71.2387, 46.8267], [-71.2386, 46.8266], [-71.2385, 46.8265], [-71.2383, 46.8264], [-71.2382, 46.8263], [-71.2381, 46.8263], [-71.2379, 46.8262], [-71.2378, 46.8263], [-71.2376, 46.8263], [-71.2374, 46.8263], [-71.2372, 46.8263], [-71.237, 46.8264], [-71.2367, 46.8263], [-71.2364, 46.8263], [-71.2361, 46.8263], [-71.2357, 46.8262], [-71.2353, 46.8262], [-71.235, 46.8262], [-71.2347, 46.8262], [-71.2343, 46.8263], [-71.2341, 46.8264], [-71.2338, 46.8266], [-71.2336, 46.8268], [-71.2334, 46.8271], [-71.2332, 46.8274], [-71.2331, 46.8277], [-71.233, 46.828], [-71.2329, 46.8282], [-71.2329, 46.8284], [-71.2328, 46.8285], [-71.2329, 46.8287], [-71.233, 46.8288], [-71.2331, 46.8288], [-71.2332, 46.8289], [-71.2333, 46.8289], [-71.2334, 46.8288], [-71.2335, 46.8288], [-71.2336, 46.8288], [-71.2337, 46.8288], [-71.2338, 46.8287], [-71.2339, 46.8287], [-71.234, 46.8287], [-71.234, 46.8288], [-71.2339, 46.8289], [-71.2338, 46.829], [-71.2337, 46.8291], [-71.2336, 46.8291], [-71.2335, 46.8292], [-71.2334, 46.8292], [-71.2332, 46.8293], [-71.2331, 46.8293], [-71.2329, 46.8294], [-71.2327, 46.8294], [-71.2325, 46.8296], [-71.2324, 46.8297], [-71.2322, 46.83], [-71.2321, 46.8302], [-71.2319, 46.8306], [-71.2318, 46.8309], [-71.2317, 46.8314], [-71.2315, 46.8317], [-71.2315, 46.8321], [-71.2314, 46.8323], [-71.2314, 46.8326], [-71.2314, 46.8328], [-71.2314, 46.8329], [-71.2314, 46.833], [-71.2315, 46.8331], [-71.2315, 46.8332], [-71.2316, 46.8333], [-71.2316, 46.8334], [-71.2315, 46.8336], [-71.2315, 46.8337], [-71.2315, 46.8339], [-71.2314, 46.8341], [-71.2313, 46.8344], [-71.2312, 46.8346], [-71.2312, 46.8348], [-71.2312, 46.8349], [-71.2313, 46.8351], [-71.2313, 46.8352], [-71.2314, 46.8353], [-71.2316, 46.8353], [-71.2317, 46.8353], [-71.2319, 46.8354], [-71.232, 46.8354], [-71.2321, 46.8355], [-71.2322, 46.8356], [-71.2321, 46.8357], [-71.232, 46.8358], [-71.232, 46.8359], [-71.2319, 46.8359], [-71.2318, 46.836], [-71.2317, 46.836], [-71.2316, 46.836], [-71.2315, 46.836], [-71.2314, 46.836], [-71.2312, 46.836], [-71.2311, 46.836], [-71.231, 46.836], [-71.2309, 46.8361], [-71.2308, 46.8362], [-71.2308, 46.8363], [-71.2307, 46.8365], [-71.2307, 46.8366], [-71.2308, 46.8367], [-71.2308, 46.8368], [-71.2309, 46.8369], [-71.231, 46.837], [-71.2311, 46.8371], [-71.2313, 46.8372], [-71.2315, 46.8372], [-71.2318, 46.8372], [-71.232, 46.8373], [-71.2322, 46.8373], [-71.2324, 46.8372], [-71.2325, 46.8372], [-71.2326, 46.8371], [-71.2328, 46.837], [-71.2328, 46.8369], [-71.2329, 46.8368], [-71.233, 46.8367], [-71.2331, 46.8367], [-71.2332, 46.8367], [-71.2333, 46.8367], [-71.2335, 46.8368], [-71.2337, 46.8369], [-71.2339, 46.8371], [-71.2341, 46.8373], [-71.2343, 46.8374], [-71.2345, 46.8376], [-71.2347, 46.8377], [-71.2349, 46.8377], [-71.2351, 46.8378], [-71.2354, 46.8378], [-71.2356, 46.8377], [-71.2358, 46.8377], [-71.2361, 46.8376], [-71.2363, 46.8376], [-71.2364, 46.8375], [-71.2366, 46.8375], [-71.2368, 46.8376], [-71.2369, 46.8376], [-71.237, 46.8377], [-71.2371, 46.8378], [-71.2372, 46.8378], [-71.2372, 46.8379], [-71.2373, 46.838], [-71.2372, 46.8381], [-71.2371, 46.8382], [-71.2369, 46.8382], [-71.2368, 46.8383], [-71.2367, 46.8383], [-71.2367, 46.8384], [-71.2367, 46.8385], [-71.2368, 46.8385], [-71.2368, 46.8386], [-71.2369, 46.8387], [-71.2369, 46.8388], [-71.2368, 46.8389], [-71.2367, 46.839], [-71.2366, 46.8391], [-71.2365, 46.8391], [-71.2365, 46.8392], [-71.2364, 46.8392], [-71.2364, 46.8393], [-71.2364, 46.8394], [-71.2364, 46.8395], [-71.2365, 46.8395], [-71.2365, 46.8396], [-71.2367, 46.8396], [-71.2368, 46.8395], [-71.237, 46.8395], [-71.2372, 46.8395], [-71.2374, 46.8394], [-71.2376, 46.8393], [-71.2379, 46.8392], [-71.238, 46.8392], [-71.2381, 46.8392], [-71.2382, 46.8392], [-71.2381, 46.8393], [-71.238, 46.8394], [-71.2379, 46.8394], [-71.2379, 46.8395], [-71.2379, 46.8396], [-71.2378, 46.8396], [-71.2378, 46.8397], [-71.2379, 46.8397], [-71.2379, 46.8398], [-71.238, 46.8398], [-71.238, 46.8399], [-71.2381, 46.8399], [-71.2382, 46.8399], [-71.2383, 46.8399], [-71.2384, 46.8399], [-71.2385, 46.8399], [-71.2387, 46.8399], [-71.2388, 46.8399], [-71.239, 46.8399], [-71.2391, 46.8399], [-71.2393, 46.8399], [-71.2395, 46.84], [-71.2397, 46.8401], [-71.24, 46.8401], [-71.2402, 46.8402], [-71.2404, 46.8403], [-71.2406, 46.8403], [-71.2407, 46.8403], [-71.2409, 46.8403], [-71.241, 46.8403], [-71.2411, 46.8403], [-71.2412, 46.8403], [-71.2412, 46.8402], [-71.2413, 46.8402], [-71.2414, 46.8402], [-71.2415, 46.8403], [-71.2416, 46.8404], [-71.2417, 46.8405], [-71.2418, 46.8405], [-71.2419, 46.8405], [-71.242, 46.8405], [-71.2421, 46.8405], [-71.2422, 46.8404], [-71.2424, 46.8404], [-71.2425, 46.8404], [-71.2427, 46.8404], [-71.2428, 46.8405], [-71.243, 46.8405], [-71.2432, 46.8406], [-71.2435, 46.8406], [-71.2437, 46.8407], [-71.2439, 46.8408], [-71.2442, 46.8408], [-71.2444, 46.8408], [-71.2446, 46.8408], [-71.2449, 46.8408], [-71.2451, 46.8408], [-71.2454, 46.8407], [-71.2456, 46.8406], [-71.2458, 46.8405], [-71.2459, 46.8405], [-71.2461, 46.8404], [-71.2462, 46.8405], [-71.2461, 46.8406], [-71.246, 46.8407], [-71.246, 46.8408], [-71.246, 46.8409], [-71.246, 46.841], [-71.2462, 46.8411], [-71.2463, 46.8411], [-71.2465, 46.8412], [-71.2468, 46.8413], [-71.2471, 46.8413], [-71.2474, 46.8413], [-71.2476, 46.8413], [-71.2479, 46.8412], [-71.2481, 46.8412], [-71.2482, 46.841], [-71.2484, 46.8409], [-71.2485, 46.8407], [-71.2486, 46.8405], [-71.2487, 46.8403], [-71.2487, 46.8402], [-71.2487, 46.84], [-71.2488, 46.8399], [-71.2487, 46.8398], [-71.2487, 46.8397], [-71.2487, 46.8396], [-71.2486, 46.8396], [-71.2486, 46.8395], [-71.2486, 46.8394], [-71.2486, 46.8393], [-71.2487, 46.8393], [-71.2488, 46.8392], [-71.2489, 46.8392], [-71.249, 46.8391], [-71.2491, 46.8391], [-71.2491, 46.839], [-71.2491, 46.8389], [-71.2492, 46.8389], [-71.2492, 46.8388], [-71.2491, 46.8387], [-71.2491, 46.8386], [-71.249, 46.8386], [-71.249, 46.8385], [-71.249, 46.8384], [-71.2491, 46.8384], [-71.2491, 46.8383], [-71.2492, 46.8382], [-71.2493, 46.8381], [-71.2494, 46.8381], [-71.2495, 46.838], [-71.2495, 46.8379], [-71.2495, 46.8378], [-71.2494, 46.8377], [-71.2494, 46.8376], [-71.2494, 46.8375], [-71.2494, 46.8374], [-71.2494, 46.8372], [-71.2495, 46.837], [-71.2496, 46.8368], [-71.2498, 46.8365], [-71.2499, 46.8363], [-71.2501, 46.836], [-71.2502, 46.8358], [-71.2503, 46.8356], [-71.2503, 46.8355], [-71.2504, 46.8353], [-71.2504, 46.8352], [-71.2503, 46.8351], [-71.2502, 46.835], [-71.2502, 46.8349], [-71.2503, 46.8349], [-71.2503, 46.8348], [-71.2504, 46.8348], [-71.2504, 46.8347], [-71.2505, 46.8346], [-71.2506, 46.8346], [-71.2507, 46.8345], [-71.2507, 46.8344], [-71.2507, 46.8343], [-71.2506, 46.8342], [-71.2506, 46.8341], [-71.2505, 46.834], [-71.2505, 46.8339], [-71.2506, 46.8339], [-71.2506, 46.8338], [-71.2507, 46.8338], [-71.2509, 46.8337], [-71.251, 46.8337], [-71.2511, 46.8336], [-71.2512, 46.8335], [-71.2513, 46.8334], [-71.2514, 46.8333], [-71.2514, 46.8332], [-71.2514, 46.833], [-71.2514, 46.8328], [-71.2513, 46.8326], [-71.2512, 46.8324]]]}}, {"type": "Feature", "properties": {"couche": "aire_marche", "station": "Patro Roc-Amadour", "ordre": 27, "minutes": 15, "superficie_ha": 221.4, "rue_km": 57.88, "disque_ha": 346.4, "part_disque_pct": 64, "accroche_m": 4, "population": 12491, "navetteurs": 4648, "mode_auto_pct": 63, "mode_tc_pct": 21, "mode_actif_pct": 16, "mode_autre_pct": 0}, "geometry": {"type": "Polygon", "coordinates": [[[-71.2515, 46.8341], [-71.2514, 46.8342], [-71.2513, 46.8343], [-71.2512, 46.8344], [-71.2511, 46.8345], [-71.2511, 46.8346], [-71.251, 46.8346], [-71.251, 46.8347], [-71.2511, 46.8348], [-71.2511, 46.8349], [-71.2512, 46.8349], [-71.2512, 46.835], [-71.2511, 46.835], [-71.2511, 46.8351], [-71.251, 46.8352], [-71.2509, 46.8352], [-71.2508, 46.8353], [-71.2507, 46.8354], [-71.2507, 46.8355], [-71.2507, 46.8356], [-71.2508, 46.8356], [-71.2508, 46.8357], [-71.2509, 46.8358], [-71.2508, 46.8359], [-71.2508, 46.836], [-71.2507, 46.836], [-71.2506, 46.8361], [-71.2505, 46.8362], [-71.2504, 46.8363], [-71.2504, 46.8364], [-71.2504, 46.8366], [-71.2504, 46.8367], [-71.2504, 46.8369], [-71.2504, 46.837], [-71.2504, 46.8372], [-71.2504, 46.8373], [-71.2504, 46.8374], [-71.2503, 46.8375], [-71.2503, 46.8376], [-71.2502, 46.8377], [-71.2501, 46.8378], [-71.25, 46.8379], [-71.2499, 46.8379], [-71.2499, 46.838], [-71.2498, 46.838], [-71.2498, 46.8381], [-71.2498, 46.8382], [-71.2499, 46.8382], [-71.2499, 46.8383], [-71.25, 46.8384], [-71.25, 46.8385], [-71.2499, 46.8386], [-71.2498, 46.8387], [-71.2497, 46.8387], [-71.2497, 46.8388], [-71.2496, 46.8389], [-71.2495, 46.839], [-71.2495, 46.8391], [-71.2495, 46.8392], [-71.2495, 46.8394], [-71.2495, 46.8395], [-71.2495, 46.8397], [-71.2495, 46.8399], [-71.2494, 46.84], [-71.2494, 46.8401], [-71.2493, 46.8402], [-71.2493, 46.8403], [-71.2492, 46.8404], [-71.2491, 46.8405], [-71.249, 46.8406], [-71.2489, 46.8406], [-71.2488, 46.8407], [-71.2488, 46.8408], [-71.2488, 46.8409], [-71.2488, 46.841], [-71.2489, 46.841], [-71.2489, 46.8411], [-71.249, 46.8412], [-71.249, 46.8413], [-71.249, 46.8414], [-71.249, 46.8415], [-71.249, 46.8416], [-71.2489, 46.8417], [-71.2488, 46.8418], [-71.2487, 46.8418], [-71.2485, 46.8419], [-71.2483, 46.8419], [-71.2482, 46.8419], [-71.2479, 46.8419], [-71.2477, 46.8419], [-71.2474, 46.8419], [-71.2472, 46.8418], [-71.247, 46.8418], [-71.2468, 46.8418], [-71.2467, 46.8417], [-71.2465, 46.8417], [-71.2464, 46.8416], [-71.2463, 46.8415], [-71.2462, 46.8414], [-71.2461, 46.8414], [-71.2459, 46.8414], [-71.2458, 46.8413], [-71.2455, 46.8413], [-71.2453, 46.8413], [-71.245, 46.8413], [-71.2447, 46.8413], [-71.2444, 46.8413], [-71.2442, 46.8413], [-71.244, 46.8413], [-71.2438, 46.8413], [-71.2437, 46.8412], [-71.2436, 46.8412], [-71.2435, 46.8411], [-71.2435, 46.841], [-71.2434, 46.841], [-71.2434, 46.8409], [-71.2433, 46.8409], [-71.2432, 46.8409], [-71.2431, 46.8409], [-71.243, 46.8409], [-71.2429, 46.8409], [-71.2428, 46.841], [-71.2426, 46.841], [-71.2425, 46.841], [-71.2424, 46.841], [-71.2423, 46.841], [-71.2422, 46.841], [-71.2421, 46.8409], [-71.242, 46.8409], [-71.242, 46.8408], [-71.2419, 46.8408], [-71.2417, 46.8408], [-71.2416, 46.8407], [-71.2414, 46.8407], [-71.2411, 46.8407], [-71.2409, 46.8407], [-71.2406, 46.8407], [-71.2404, 46.8407], [-71.2402, 46.8407], [-71.24, 46.8407], [-71.2398, 46.8406], [-71.2397, 46.8406], [-71.2396, 46.8406], [-71.2396, 46.8405], [-71.2395, 46.8405], [-71.2395, 46.8404], [-71.2394, 46.8404], [-71.2392, 46.8403], [-71.2391, 46.8403], [-71.2389, 46.8403], [-71.2387, 46.8403], [-71.2384, 46.8403], [-71.2381, 46.8403], [-71.2379, 46.8403], [-71.2377, 46.8403], [-71.2375, 46.8402], [-71.2373, 46.8402], [-71.2372, 46.8402], [-71.2371, 46.8401], [-71.2371, 46.84], [-71.2371, 46.8399], [-71.2372, 46.8398], [-71.2373, 46.8397], [-71.2374, 46.8396], [-71.2375, 46.8395], [-71.2377, 46.8394], [-71.2379, 46.8393], [-71.238, 46.8393], [-71.238, 46.8392], [-71.2378, 46.8393], [-71.2376, 46.8394], [-71.2373, 46.8395], [-71.237, 46.8396], [-71.2367, 46.8397], [-71.2365, 46.8397], [-71.2362, 46.8398], [-71.2361, 46.8397], [-71.2359, 46.8397], [-71.2359, 46.8396], [-71.2358, 46.8394], [-71.2358, 46.8393], [-71.2358, 46.8391], [-71.2359, 46.8389], [-71.236, 46.8388], [-71.2361, 46.8387], [-71.2362, 46.8386], [-71.2363, 46.8385], [-71.2365, 46.8384], [-71.2367, 46.8383], [-71.2369, 46.8382], [-71.237, 46.8381], [-71.2371, 46.8381], [-71.2372, 46.838], [-71.2372, 46.8379], [-71.2372, 46.8378], [-71.2371, 46.8378], [-71.237, 46.8377], [-71.2369, 46.8376], [-71.2368, 46.8376], [-71.2366, 46.8375], [-71.2364, 46.8375], [-71.2363, 46.8376], [-71.2361, 46.8376], [-71.2358, 46.8377], [-71.2356, 46.8377], [-71.2354, 46.8378], [-71.2351, 46.8378], [-71.2349, 46.8377], [-71.2347, 46.8377], [-71.2345, 46.8376], [-71.2343, 46.8374], [-71.2341, 46.8373], [-71.2339, 46.8371], [-71.2337, 46.8369], [-71.2335, 46.8367], [-71.2333, 46.8366], [-71.2332, 46.8366], [-71.2331, 46.8365], [-71.233, 46.8365], [-71.2329, 46.8365], [-71.2328, 46.8365], [-71.2328, 46.8366], [-71.2327, 46.8366], [-71.2327, 46.8367], [-71.2327, 46.8368], [-71.2327, 46.8369], [-71.2327, 46.8371], [-71.2327, 46.8372], [-71.2328, 46.8374], [-71.2328, 46.8375], [-71.2328, 46.8376], [-71.2327, 46.8377], [-71.2326, 46.8377], [-71.2325, 46.8376], [-71.2324, 46.8375], [-71.2322, 46.8375], [-71.2321, 46.8374], [-71.232, 46.8374], [-71.2319, 46.8374], [-71.2318, 46.8374], [-71.2317, 46.8375], [-71.2316, 46.8376], [-71.2315, 46.8376], [-71.2314, 46.8377], [-71.2313, 46.8377], [-71.2312, 46.8377], [-71.231, 46.8377], [-71.2309, 46.8376], [-71.2307, 46.8376], [-71.2305, 46.8375], [-71.2304, 46.8375], [-71.2302, 46.8374], [-71.2301, 46.8374], [-71.2301, 46.8373], [-71.23, 46.8372], [-71.23, 46.8371], [-71.23, 46.837], [-71.2301, 46.8369], [-71.2301, 46.8368], [-71.2301, 46.8367], [-71.2302, 46.8366], [-71.2303, 46.8366], [-71.2304, 46.8365], [-71.2305, 46.8365], [-71.2306, 46.8365], [-71.2307, 46.8364], [-71.2307, 46.8363], [-71.2307, 46.8362], [-71.2306, 46.8361], [-71.2306, 46.836], [-71.2305, 46.8359], [-71.2304, 46.8358], [-71.2304, 46.8357], [-71.2305, 46.8357], [-71.2306, 46.8357], [-71.2307, 46.8357], [-71.2309, 46.8357], [-71.2311, 46.8358], [-71.2313, 46.8359], [-71.2315, 46.8359], [-71.2316, 46.8359], [-71.2317, 46.8359], [-71.2319, 46.8359], [-71.232, 46.8359], [-71.232, 46.8358], [-71.2321, 46.8357], [-71.2322, 46.8356], [-71.2321, 46.8355], [-71.232, 46.8355], [-71.2319, 46.8354], [-71.2317, 46.8354], [-71.2315, 46.8354], [-71.2314, 46.8354], [-71.2313, 46.8354], [-71.2312, 46.8353], [-71.2311, 46.8353], [-71.2311, 46.8352], [-71.2311, 46.8351], [-71.2311, 46.835], [-71.2312, 46.8349], [-71.2312, 46.8348], [-71.2312, 46.8347], [-71.2311, 46.8346], [-71.2311, 46.8344], [-71.231, 46.8342], [-71.2309, 46.8341], [-71.2308, 46.8339], [-71.2308, 46.8336], [-71.2308, 46.8332], [-71.2309, 46.8327], [-71.231, 46.8321], [-71.2312, 46.8314], [-71.2315, 46.8307], [-71.2318, 46.8298], [-71.2322, 46.8288], [-71.2326, 46.828], [-71.2332, 46.8273], [-71.2338, 46.8267], [-71.2345, 46.8263], [-71.2353, 46.826], [-71.2361, 46.8258], [-71.237, 46.8258], [-71.238, 46.8259], [-71.239, 46.826], [-71.2398, 46.826], [-71.2406, 46.8261], [-71.2414, 46.8261], [-71.2421, 46.8261], [-71.2427, 46.8261], [-71.2433, 46.826], [-71.2438, 46.826], [-71.2443, 46.8259], [-71.2447, 46.8259], [-71.2452, 46.8259], [-71.2456, 46.826], [-71.2459, 46.826], [-71.2463, 46.8261], [-71.2466, 46.8262], [-71.2469, 46.8263], [-71.2471, 46.8264], [-71.2473, 46.8265], [-71.2475, 46.8266], [-71.2477, 46.8267], [-71.2478, 46.8268], [-71.2479, 46.8269], [-71.248, 46.827], [-71.248, 46.8271], [-71.2481, 46.8272], [-71.2482, 46.8273], [-71.2483, 46.8273], [-71.2484, 46.8274], [-71.2485, 46.8274], [-71.2486, 46.8274], [-71.2487, 46.8274], [-71.2489, 46.8274], [-71.249, 46.8275], [-71.2491, 46.8276], [-71.2492, 46.8277], [-71.2494, 46.8278], [-71.2495, 46.828], [-71.2496, 46.8282], [-71.2497, 46.8285], [-71.2499, 46.8287], [-71.25, 46.8288], [-71.2501, 46.829], [-71.2502, 46.829], [-71.2504, 46.829], [-71.2505, 46.829], [-71.2506, 46.829], [-71.2507, 46.8288], [-71.2509, 46.8287], [-71.251, 46.8287], [-71.2511, 46.8286], [-71.2512, 46.8286], [-71.2514, 46.8285], [-71.2515, 46.8285], [-71.2516, 46.8286], [-71.2517, 46.8286], [-71.2517, 46.8287], [-71.2517, 46.8288], [-71.2516, 46.8289], [-71.2515, 46.8291], [-71.2513, 46.8293], [-71.2511, 46.8296], [-71.2508, 46.8299], [-71.2505, 46.8303], [-71.2502, 46.8306], [-71.25, 46.8308], [-71.25, 46.8311], [-71.25, 46.8313], [-71.2501, 46.8314], [-71.2503, 46.8315], [-71.2506, 46.8316], [-71.251, 46.8316], [-71.2513, 46.8316], [-71.2515, 46.8317], [-71.2517, 46.8318], [-71.2519, 46.8319], [-71.252, 46.832], [-71.252, 46.8322], [-71.252, 46.8324], [-71.2519, 46.8326], [-71.2518, 46.8327], [-71.2517, 46.8329], [-71.2517, 46.8331], [-71.2517, 46.8332], [-71.2517, 46.8333], [-71.2517, 46.8334], [-71.2517, 46.8335], [-71.2518, 46.8336], [-71.2518, 46.8337], [-71.2518, 46.8338], [-71.2518, 46.8339], [-71.2517, 46.834], [-71.2516, 46.834], [-71.2515, 46.8341]]]}}, {"type": "Feature", "properties": {"couche": "voile", "station": "Patro Roc-Amadour", "minutes": 15}, "geometry": {"type": "Polygon", "coordinates": [[[-71.4113, 46.9487], [-71.0739, 46.9509], [-71.0714, 46.7188], [-71.4074, 46.7166], [-71.4113, 46.9487]], [[-71.2516, 46.834], [-71.2517, 46.834], [-71.2518, 46.8339], [-71.2518, 46.8338], [-71.2518, 46.8337], [-71.2518, 46.8336], [-71.2517, 46.8335], [-71.2517, 46.8334], [-71.2517, 46.8333], [-71.2517, 46.8332], [-71.2517, 46.8331], [-71.2517, 46.8329], [-71.2518, 46.8327], [-71.2519, 46.8326], [-71.252, 46.8324], [-71.252, 46.8322], [-71.252, 46.832], [-71.2519, 46.8319], [-71.2517, 46.8318], [-71.2515, 46.8317], [-71.2513, 46.8316], [-71.251, 46.8316], [-71.2506, 46.8316], [-71.2503, 46.8315], [-71.2501, 46.8314], [-71.25, 46.8313], [-71.25, 46.8311], [-71.25, 46.8308], [-71.2502, 46.8306], [-71.2505, 46.8303], [-71.2508, 46.8299], [-71.2511, 46.8296], [-71.2513, 46.8293], [-71.2515, 46.8291], [-71.2516, 46.8289], [-71.2517, 46.8288], [-71.2517, 46.8287], [-71.2517, 46.8286], [-71.2516, 46.8286], [-71.2515, 46.8285], [-71.2514, 46.8285], [-71.2512, 46.8286], [-71.2511, 46.8286], [-71.251, 46.8287], [-71.2509, 46.8287], [-71.2507, 46.8288], [-71.2506, 46.829], [-71.2505, 46.829], [-71.2504, 46.829], [-71.2502, 46.829], [-71.2501, 46.829], [-71.25, 46.8288], [-71.2499, 46.8287], [-71.2497, 46.8285], [-71.2496, 46.8282], [-71.2495, 46.828], [-71.2494, 46.8278], [-71.2492, 46.8277], [-71.2491, 46.8276], [-71.249, 46.8275], [-71.2489, 46.8274], [-71.2487, 46.8274], [-71.2486, 46.8274], [-71.2485, 46.8274], [-71.2484, 46.8274], [-71.2483, 46.8273], [-71.2482, 46.8273], [-71.2481, 46.8272], [-71.248, 46.8271], [-71.248, 46.827], [-71.2479, 46.8269], [-71.2478, 46.8268], [-71.2477, 46.8267], [-71.2475, 46.8266], [-71.2473, 46.8265], [-71.2471, 46.8264], [-71.2469, 46.8263], [-71.2466, 46.8262], [-71.2463, 46.8261], [-71.2459, 46.826], [-71.2456, 46.826], [-71.2452, 46.8259], [-71.2447, 46.8259], [-71.2443, 46.8259], [-71.2438, 46.826], [-71.2433, 46.826], [-71.2427, 46.8261], [-71.2421, 46.8261], [-71.2414, 46.8261], [-71.2406, 46.8261], [-71.2398, 46.826], [-71.239, 46.826], [-71.238, 46.8259], [-71.237, 46.8258], [-71.2361, 46.8258], [-71.2353, 46.826], [-71.2345, 46.8263], [-71.2338, 46.8267], [-71.2332, 46.8273], [-71.2326, 46.828], [-71.2322, 46.8288], [-71.2318, 46.8298], [-71.2315, 46.8307], [-71.2312, 46.8314], [-71.231, 46.8321], [-71.2309, 46.8327], [-71.2308, 46.8332], [-71.2308, 46.8336], [-71.2308, 46.8339], [-71.2309, 46.8341], [-71.231, 46.8342], [-71.2311, 46.8344], [-71.2311, 46.8346], [-71.2312, 46.8347], [-71.2312, 46.8348], [-71.2312, 46.8349], [-71.2311, 46.835], [-71.2311, 46.8351], [-71.2311, 46.8352], [-71.2311, 46.8353], [-71.2312, 46.8353], [-71.2313, 46.8354], [-71.2314, 46.8354], [-71.2315, 46.8354], [-71.2317, 46.8354], [-71.2319, 46.8354], [-71.232, 46.8355], [-71.2321, 46.8355], [-71.2322, 46.8356], [-71.2321, 46.8357], [-71.232, 46.8358], [-71.232, 46.8359], [-71.2319, 46.8359], [-71.2317, 46.8359], [-71.2316, 46.8359], [-71.2315, 46.8359], [-71.2313, 46.8359], [-71.2311, 46.8358], [-71.2309, 46.8357], [-71.2307, 46.8357], [-71.2306, 46.8357], [-71.2305, 46.8357], [-71.2304, 46.8357], [-71.2304, 46.8358], [-71.2305, 46.8359], [-71.2306, 46.836], [-71.2306, 46.8361], [-71.2307, 46.8362], [-71.2307, 46.8363], [-71.2307, 46.8364], [-71.2306, 46.8365], [-71.2305, 46.8365], [-71.2304, 46.8365], [-71.2303, 46.8366], [-71.2302, 46.8366], [-71.2301, 46.8367], [-71.2301, 46.8368], [-71.2301, 46.8369], [-71.23, 46.837], [-71.23, 46.8371], [-71.23, 46.8372], [-71.2301, 46.8373], [-71.2301, 46.8374], [-71.2302, 46.8374], [-71.2304, 46.8375], [-71.2305, 46.8375], [-71.2307, 46.8376], [-71.2309, 46.8376], [-71.231, 46.8377], [-71.2312, 46.8377], [-71.2313, 46.8377], [-71.2314, 46.8377], [-71.2315, 46.8376], [-71.2316, 46.8376], [-71.2317, 46.8375], [-71.2318, 46.8374], [-71.2319, 46.8374], [-71.232, 46.8374], [-71.2321, 46.8374], [-71.2322, 46.8375], [-71.2324, 46.8375], [-71.2325, 46.8376], [-71.2326, 46.8377], [-71.2327, 46.8377], [-71.2328, 46.8376], [-71.2328, 46.8375], [-71.2328, 46.8374], [-71.2327, 46.8372], [-71.2327, 46.8371], [-71.2327, 46.8369], [-71.2327, 46.8368], [-71.2327, 46.8367], [-71.2327, 46.8366], [-71.2328, 46.8366], [-71.2328, 46.8365], [-71.2329, 46.8365], [-71.233, 46.8365], [-71.2331, 46.8365], [-71.2332, 46.8366], [-71.2333, 46.8366], [-71.2335, 46.8367], [-71.2337, 46.8369], [-71.2339, 46.8371], [-71.2341, 46.8373], [-71.2343, 46.8374], [-71.2345, 46.8376], [-71.2347, 46.8377], [-71.2349, 46.8377], [-71.2351, 46.8378], [-71.2354, 46.8378], [-71.2356, 46.8377], [-71.2358, 46.8377], [-71.2361, 46.8376], [-71.2363, 46.8376], [-71.2364, 46.8375], [-71.2366, 46.8375], [-71.2368, 46.8376], [-71.2369, 46.8376], [-71.237, 46.8377], [-71.2371, 46.8378], [-71.2372, 46.8378], [-71.2372, 46.8379], [-71.2372, 46.838], [-71.2371, 46.8381], [-71.237, 46.8381], [-71.2369, 46.8382], [-71.2367, 46.8383], [-71.2365, 46.8384], [-71.2363, 46.8385], [-71.2362, 46.8386], [-71.2361, 46.8387], [-71.236, 46.8388], [-71.2359, 46.8389], [-71.2358, 46.8391], [-71.2358, 46.8393], [-71.2358, 46.8394], [-71.2359, 46.8396], [-71.2359, 46.8397], [-71.2361, 46.8397], [-71.2362, 46.8398], [-71.2365, 46.8397], [-71.2367, 46.8397], [-71.237, 46.8396], [-71.2373, 46.8395], [-71.2376, 46.8394], [-71.2378, 46.8393], [-71.238, 46.8392], [-71.238, 46.8393], [-71.2379, 46.8393], [-71.2377, 46.8394], [-71.2375, 46.8395], [-71.2374, 46.8396], [-71.2373, 46.8397], [-71.2372, 46.8398], [-71.2371, 46.8399], [-71.2371, 46.84], [-71.2371, 46.8401], [-71.2372, 46.8402], [-71.2373, 46.8402], [-71.2375, 46.8402], [-71.2377, 46.8403], [-71.2379, 46.8403], [-71.2381, 46.8403], [-71.2384, 46.8403], [-71.2387, 46.8403], [-71.2389, 46.8403], [-71.2391, 46.8403], [-71.2392, 46.8403], [-71.2394, 46.8404], [-71.2395, 46.8404], [-71.2395, 46.8405], [-71.2396, 46.8405], [-71.2396, 46.8406], [-71.2397, 46.8406], [-71.2398, 46.8406], [-71.24, 46.8407], [-71.2402, 46.8407], [-71.2404, 46.8407], [-71.2406, 46.8407], [-71.2409, 46.8407], [-71.2411, 46.8407], [-71.2414, 46.8407], [-71.2416, 46.8407], [-71.2417, 46.8408], [-71.2419, 46.8408], [-71.242, 46.8408], [-71.242, 46.8409], [-71.2421, 46.8409], [-71.2422, 46.841], [-71.2423, 46.841], [-71.2424, 46.841], [-71.2425, 46.841], [-71.2426, 46.841], [-71.2428, 46.841], [-71.2429, 46.8409], [-71.243, 46.8409], [-71.2431, 46.8409], [-71.2432, 46.8409], [-71.2433, 46.8409], [-71.2434, 46.8409], [-71.2434, 46.841], [-71.2435, 46.841], [-71.2435, 46.8411], [-71.2436, 46.8412], [-71.2437, 46.8412], [-71.2438, 46.8413], [-71.244, 46.8413], [-71.2442, 46.8413], [-71.2444, 46.8413], [-71.2447, 46.8413], [-71.245, 46.8413], [-71.2453, 46.8413], [-71.2455, 46.8413], [-71.2458, 46.8413], [-71.2459, 46.8414], [-71.2461, 46.8414], [-71.2462, 46.8414], [-71.2463, 46.8415], [-71.2464, 46.8416], [-71.2465, 46.8417], [-71.2467, 46.8417], [-71.2468, 46.8418], [-71.247, 46.8418], [-71.2472, 46.8418], [-71.2474, 46.8419], [-71.2477, 46.8419], [-71.2479, 46.8419], [-71.2482, 46.8419], [-71.2483, 46.8419], [-71.2485, 46.8419], [-71.2487, 46.8418], [-71.2488, 46.8418], [-71.2489, 46.8417], [-71.249, 46.8416], [-71.249, 46.8415], [-71.249, 46.8414], [-71.249, 46.8413], [-71.249, 46.8412], [-71.2489, 46.8411], [-71.2489, 46.841], [-71.2488, 46.841], [-71.2488, 46.8409], [-71.2488, 46.8408], [-71.2488, 46.8407], [-71.2489, 46.8406], [-71.249, 46.8406], [-71.2491, 46.8405], [-71.2492, 46.8404], [-71.2493, 46.8403], [-71.2493, 46.8402], [-71.2494, 46.8401], [-71.2494, 46.84], [-71.2495, 46.8399], [-71.2495, 46.8397], [-71.2495, 46.8395], [-71.2495, 46.8394], [-71.2495, 46.8392], [-71.2495, 46.8391], [-71.2495, 46.839], [-71.2496, 46.8389], [-71.2497, 46.8388], [-71.2497, 46.8387], [-71.2498, 46.8387], [-71.2499, 46.8386], [-71.25, 46.8385], [-71.25, 46.8384], [-71.2499, 46.8383], [-71.2499, 46.8382], [-71.2498, 46.8382], [-71.2498, 46.8381], [-71.2498, 46.838], [-71.2499, 46.838], [-71.2499, 46.8379], [-71.25, 46.8379], [-71.2501, 46.8378], [-71.2502, 46.8377], [-71.2503, 46.8376], [-71.2503, 46.8375], [-71.2504, 46.8374], [-71.2504, 46.8373], [-71.2504, 46.8372], [-71.2504, 46.837], [-71.2504, 46.8369], [-71.2504, 46.8367], [-71.2504, 46.8366], [-71.2504, 46.8364], [-71.2504, 46.8363], [-71.2505, 46.8362], [-71.2506, 46.8361], [-71.2507, 46.836], [-71.2508, 46.836], [-71.2508, 46.8359], [-71.2509, 46.8358], [-71.2508, 46.8357], [-71.2508, 46.8356], [-71.2507, 46.8356], [-71.2507, 46.8355], [-71.2507, 46.8354], [-71.2508, 46.8353], [-71.2509, 46.8352], [-71.251, 46.8352], [-71.2511, 46.8351], [-71.2511, 46.835], [-71.2512, 46.835], [-71.2512, 46.8349], [-71.2511, 46.8349], [-71.2511, 46.8348], [-71.251, 46.8347], [-71.251, 46.8346], [-71.2511, 46.8346], [-71.2511, 46.8345], [-71.2512, 46.8344], [-71.2513, 46.8343], [-71.2514, 46.8342], [-71.2515, 46.8341], [-71.2516, 46.834]]]}}]}