{"type": "FeatureCollection", "metadata": {"script": "scripts/analysis/tramway-isochrones.py", "genere_le": "2026-10-05", "source": "OpenStreetMap (ODbL) ; Statistique Canada, Recensement 2021", "attribution": "© les contributeurs d'OpenStreetMap", "titre": "Aires de marche et voiles — Pie-XII", "paliers_min": [2, 3, 4, 5, 6, 7, 8, 9, 10, 11, 12, 13, 14, 15], "vitesse_kmh": 4.2, "methode": "Dijkstra sur le réseau marchable d'OpenStreetMap à 4.2 km/h ; couloir de 40 m autour des rues atteintes. Chaque voile est le complément de l'aire du même palier. Population par pondération de surface des aires de diffusion.", "trous": "comblés — intérieurs de grands îlots, pas des zones inaccessibles", "modes": "Mode de transport domicile–travail, recensement 2021 (mai 2021, en pleine pandémie), données-échantillon 25 %, réparti par pondération de surface."}, "features": [{"type": "Feature", "properties": {"couche": "aire_marche", "station": "Pie-XII", "ordre": 4, "minutes": 2, "superficie_ha": 5.0, "rue_km": 2.1, "disque_ha": 6.2, "part_disque_pct": 81, "accroche_m": 6, "population": 273, "navetteurs": 96, "mode_auto_pct": 56, "mode_tc_pct": 28, "mode_actif_pct": 13, "mode_autre_pct": 3}, "geometry": {"type": "Polygon", "coordinates": [[[-71.3222, 46.7601], [-71.322, 46.7602], [-71.322, 46.7604], [-71.3219, 46.7605], [-71.3218, 46.7606], [-71.3218, 46.7607], [-71.3218, 46.7609], [-71.3219, 46.761], [-71.3219, 46.7611], [-71.322, 46.7613], [-71.322, 46.7614], [-71.322, 46.7615], [-71.3219, 46.7615], [-71.3217, 46.7616], [-71.3215, 46.7616], [-71.3212, 46.7616], [-71.3208, 46.7616], [-71.3204, 46.7616], [-71.32, 46.7616], [-71.3197, 46.7615], [-71.3195, 46.7614], [-71.3193, 46.7612], [-71.3191, 46.761], [-71.3191, 46.7608], [-71.319, 46.7606], [-71.319, 46.7603], [-71.3191, 46.7601], [-71.3192, 46.7599], [-71.3193, 46.7597], [-71.3194, 46.7596], [-71.3196, 46.7595], [-71.3198, 46.7595], [-71.32, 46.7595], [-71.3202, 46.7595], [-71.3205, 46.7595], [-71.3207, 46.7596], [-71.3209, 46.7596], [-71.3211, 46.7596], [-71.3212, 46.7595], [-71.3214, 46.7595], [-71.3215, 46.7595], [-71.3217, 46.7594], [-71.3218, 46.7594], [-71.3219, 46.7594], [-71.322, 46.7594], [-71.3221, 46.7594], [-71.3222, 46.7594], [-71.3223, 46.7594], [-71.3224, 46.7595], [-71.3224, 46.7596], [-71.3224, 46.7597], [-71.3224, 46.7598], [-71.3223, 46.7599], [-71.3222, 46.76], [-71.3222, 46.7601]]]}}, {"type": "Feature", "properties": {"couche": "voile", "station": "Pie-XII", "minutes": 2}, "geometry": {"type": "Polygon", "coordinates": [[[-71.4815, 46.8683], [-71.1633, 46.8706], [-71.1606, 46.6525], [-71.4775, 46.6502], [-71.4815, 46.8683]], [[-71.3222, 46.76], [-71.3223, 46.7599], [-71.3224, 46.7598], [-71.3224, 46.7597], [-71.3224, 46.7596], [-71.3224, 46.7595], [-71.3223, 46.7594], [-71.3222, 46.7594], [-71.3221, 46.7594], [-71.322, 46.7594], [-71.3219, 46.7594], [-71.3218, 46.7594], [-71.3217, 46.7594], [-71.3215, 46.7595], [-71.3214, 46.7595], [-71.3212, 46.7595], [-71.3211, 46.7596], [-71.3209, 46.7596], [-71.3207, 46.7596], [-71.3205, 46.7595], [-71.3202, 46.7595], [-71.32, 46.7595], [-71.3198, 46.7595], [-71.3196, 46.7595], [-71.3194, 46.7596], [-71.3193, 46.7597], [-71.3192, 46.7599], [-71.3191, 46.7601], [-71.319, 46.7603], [-71.319, 46.7606], [-71.3191, 46.7608], [-71.3191, 46.761], [-71.3193, 46.7612], [-71.3195, 46.7614], [-71.3197, 46.7615], [-71.32, 46.7616], [-71.3204, 46.7616], [-71.3208, 46.7616], [-71.3212, 46.7616], [-71.3215, 46.7616], [-71.3217, 46.7616], [-71.3219, 46.7615], [-71.322, 46.7615], [-71.322, 46.7614], [-71.322, 46.7613], [-71.3219, 46.7611], [-71.3219, 46.761], [-71.3218, 46.7609], [-71.3218, 46.7607], [-71.3218, 46.7606], [-71.3219, 46.7605], [-71.322, 46.7604], [-71.322, 46.7602], [-71.3222, 46.7601], [-71.3222, 46.76]]]}}, {"type": "Feature", "properties": {"couche": "aire_marche", "station": "Pie-XII", "ordre": 4, "minutes": 3, "superficie_ha": 8.5, "rue_km": 3.11, "disque_ha": 13.9, "part_disque_pct": 61, "accroche_m": 6, "population": 477, "navetteurs": 172, "mode_auto_pct": 56, "mode_tc_pct": 28, "mode_actif_pct": 13, "mode_autre_pct": 3}, "geometry": {"type": "Polygon", "coordinates": [[[-71.3225, 46.7599], [-71.3223, 46.7601], [-71.3222, 46.7602], [-71.3221, 46.7604], [-71.322, 46.7606], [-71.322, 46.7608], [-71.322, 46.761], [-71.3221, 46.7611], [-71.3222, 46.7613], [-71.3224, 46.7615], [-71.3225, 46.7617], [-71.3225, 46.7618], [-71.3225, 46.7619], [-71.3223, 46.7619], [-71.3222, 46.7619], [-71.322, 46.7618], [-71.3217, 46.7617], [-71.3214, 46.7617], [-71.3211, 46.7616], [-71.3208, 46.7616], [-71.3205, 46.7616], [-71.3203, 46.7616], [-71.32, 46.7616], [-71.3197, 46.7617], [-71.3194, 46.7618], [-71.3191, 46.7618], [-71.3189, 46.7618], [-71.3187, 46.7618], [-71.3185, 46.7617], [-71.3184, 46.7616], [-71.3183, 46.7614], [-71.3182, 46.7612], [-71.3182, 46.761], [-71.3182, 46.7608], [-71.3183, 46.7607], [-71.3183, 46.7605], [-71.3184, 46.7604], [-71.3184, 46.7603], [-71.3185, 46.7602], [-71.3186, 46.7601], [-71.3188, 46.7601], [-71.3189, 46.7601], [-71.319, 46.76], [-71.319, 46.7599], [-71.319, 46.7598], [-71.319, 46.7597], [-71.319, 46.7596], [-71.3189, 46.7595], [-71.3188, 46.7593], [-71.3188, 46.7592], [-71.3188, 46.7591], [-71.319, 46.7591], [-71.3191, 46.7591], [-71.3194, 46.7591], [-71.3196, 46.7592], [-71.32, 46.7593], [-71.3202, 46.7594], [-71.3205, 46.7594], [-71.3207, 46.7594], [-71.3209, 46.7594], [-71.321, 46.7594], [-71.3211, 46.7594], [-71.3211, 46.7593], [-71.3211, 46.7592], [-71.3212, 46.7591], [-71.3212, 46.759], [-71.3213, 46.759], [-71.3214, 46.7589], [-71.3215, 46.7589], [-71.3217, 46.7589], [-71.3219, 46.7588], [-71.3221, 46.7588], [-71.3223, 46.7589], [-71.3225, 46.7589], [-71.3226, 46.7589], [-71.3228, 46.7589], [-71.3229, 46.7589], [-71.3229, 46.759], [-71.323, 46.759], [-71.3231, 46.7591], [-71.3231, 46.7592], [-71.323, 46.7592], [-71.323, 46.7593], [-71.3229, 46.7595], [-71.3228, 46.7596], [-71.3227, 46.7597], [-71.3225, 46.7599]]]}}, {"type": "Feature", "properties": {"couche": "voile", "station": "Pie-XII", "minutes": 3}, "geometry": {"type": "Polygon", "coordinates": [[[-71.4822, 46.8686], [-71.1624, 46.8709], [-71.1598, 46.6519], [-71.4782, 46.6496], [-71.4822, 46.8686]], [[-71.3227, 46.7597], [-71.3228, 46.7596], [-71.3229, 46.7595], [-71.323, 46.7593], [-71.323, 46.7592], [-71.3231, 46.7592], [-71.3231, 46.7591], [-71.323, 46.759], [-71.3229, 46.759], [-71.3229, 46.7589], [-71.3228, 46.7589], [-71.3226, 46.7589], [-71.3225, 46.7589], [-71.3223, 46.7589], [-71.3221, 46.7588], [-71.3219, 46.7588], [-71.3217, 46.7589], [-71.3215, 46.7589], [-71.3214, 46.7589], [-71.3213, 46.759], [-71.3212, 46.759], [-71.3212, 46.7591], [-71.3211, 46.7592], [-71.3211, 46.7593], [-71.3211, 46.7594], [-71.321, 46.7594], [-71.3209, 46.7594], [-71.3207, 46.7594], [-71.3205, 46.7594], [-71.3202, 46.7594], [-71.32, 46.7593], [-71.3196, 46.7592], [-71.3194, 46.7591], [-71.3191, 46.7591], [-71.319, 46.7591], [-71.3188, 46.7591], [-71.3188, 46.7592], [-71.3188, 46.7593], [-71.3189, 46.7595], [-71.319, 46.7596], [-71.319, 46.7597], [-71.319, 46.7598], [-71.319, 46.7599], [-71.319, 46.76], [-71.3189, 46.7601], [-71.3188, 46.7601], [-71.3186, 46.7601], [-71.3185, 46.7602], [-71.3184, 46.7603], [-71.3184, 46.7604], [-71.3183, 46.7605], [-71.3183, 46.7607], [-71.3182, 46.7608], [-71.3182, 46.761], [-71.3182, 46.7612], [-71.3183, 46.7614], [-71.3184, 46.7616], [-71.3185, 46.7617], [-71.3187, 46.7618], [-71.3189, 46.7618], [-71.3191, 46.7618], [-71.3194, 46.7618], [-71.3197, 46.7617], [-71.32, 46.7616], [-71.3203, 46.7616], [-71.3205, 46.7616], [-71.3208, 46.7616], [-71.3211, 46.7616], [-71.3214, 46.7617], [-71.3217, 46.7617], [-71.322, 46.7618], [-71.3222, 46.7619], [-71.3223, 46.7619], [-71.3225, 46.7619], [-71.3225, 46.7618], [-71.3225, 46.7617], [-71.3224, 46.7615], [-71.3222, 46.7613], [-71.3221, 46.7611], [-71.322, 46.761], [-71.322, 46.7608], [-71.322, 46.7606], [-71.3221, 46.7604], [-71.3222, 46.7602], [-71.3223, 46.7601], [-71.3225, 46.7599], [-71.3227, 46.7597]]]}}, {"type": "Feature", "properties": {"couche": "aire_marche", "station": "Pie-XII", "ordre": 4, "minutes": 4, "superficie_ha": 13.8, "rue_km": 4.41, "disque_ha": 24.6, "part_disque_pct": 56, "accroche_m": 6, "population": 757, "navetteurs": 263, "mode_auto_pct": 57, "mode_tc_pct": 27, "mode_actif_pct": 13, "mode_autre_pct": 3}, "geometry": {"type": "Polygon", "coordinates": [[[-71.3229, 46.7596], [-71.3226, 46.7599], [-71.3224, 46.7601], [-71.3223, 46.7603], [-71.3222, 46.7605], [-71.3222, 46.7607], [-71.3222, 46.7609], [-71.3223, 46.7611], [-71.3225, 46.7613], [-71.3228, 46.7615], [-71.323, 46.7617], [-71.3232, 46.7618], [-71.3233, 46.762], [-71.3235, 46.7621], [-71.3235, 46.7622], [-71.3236, 46.7623], [-71.3236, 46.7624], [-71.3236, 46.7625], [-71.3235, 46.7625], [-71.3234, 46.7625], [-71.3233, 46.7626], [-71.3231, 46.7626], [-71.323, 46.7626], [-71.3228, 46.7626], [-71.3225, 46.7626], [-71.3223, 46.7626], [-71.3222, 46.7626], [-71.322, 46.7625], [-71.3219, 46.7625], [-71.3219, 46.7624], [-71.3218, 46.7624], [-71.3218, 46.7623], [-71.3218, 46.7622], [-71.3218, 46.7621], [-71.3218, 46.762], [-71.3217, 46.7619], [-71.3216, 46.7618], [-71.3215, 46.7617], [-71.3214, 46.7617], [-71.3212, 46.7616], [-71.3211, 46.7616], [-71.3209, 46.7615], [-71.3208, 46.7615], [-71.3207, 46.7615], [-71.3205, 46.7615], [-71.3204, 46.7615], [-71.3203, 46.7616], [-71.3202, 46.7616], [-71.3201, 46.7617], [-71.32, 46.7617], [-71.3199, 46.7618], [-71.3198, 46.7619], [-71.3198, 46.762], [-71.3198, 46.7621], [-71.3198, 46.7622], [-71.3198, 46.7623], [-71.3197, 46.7624], [-71.3196, 46.7624], [-71.3195, 46.7625], [-71.3193, 46.7625], [-71.3191, 46.7625], [-71.3189, 46.7625], [-71.3186, 46.7625], [-71.3183, 46.7625], [-71.3181, 46.7624], [-71.318, 46.7624], [-71.3178, 46.7623], [-71.3177, 46.7623], [-71.3176, 46.7622], [-71.3176, 46.7621], [-71.3176, 46.762], [-71.3176, 46.7619], [-71.3176, 46.7618], [-71.3176, 46.7617], [-71.3177, 46.7616], [-71.3178, 46.7615], [-71.3179, 46.7614], [-71.318, 46.7614], [-71.3181, 46.7613], [-71.3181, 46.7612], [-71.3181, 46.7611], [-71.3181, 46.761], [-71.3181, 46.7609], [-71.3181, 46.7608], [-71.318, 46.7606], [-71.3179, 46.7605], [-71.3178, 46.7603], [-71.3177, 46.7602], [-71.3177, 46.7601], [-71.3178, 46.76], [-71.3178, 46.7599], [-71.3179, 46.7599], [-71.318, 46.7598], [-71.3181, 46.7597], [-71.3182, 46.7597], [-71.3183, 46.7596], [-71.3184, 46.7595], [-71.3184, 46.7594], [-71.3184, 46.7593], [-71.3184, 46.7592], [-71.3183, 46.759], [-71.3182, 46.7589], [-71.3182, 46.7588], [-71.3182, 46.7587], [-71.3183, 46.7587], [-71.3184, 46.7587], [-71.3187, 46.7587], [-71.3189, 46.7588], [-71.3193, 46.7589], [-71.3197, 46.7591], [-71.32, 46.7592], [-71.3203, 46.7593], [-71.3205, 46.7594], [-71.3207, 46.7594], [-71.3207, 46.7593], [-71.3206, 46.7592], [-71.3205, 46.7591], [-71.3204, 46.759], [-71.3203, 46.7589], [-71.3203, 46.7588], [-71.3203, 46.7587], [-71.3203, 46.7586], [-71.3204, 46.7586], [-71.3204, 46.7585], [-71.3205, 46.7585], [-71.3206, 46.7586], [-71.3208, 46.7586], [-71.3209, 46.7586], [-71.3211, 46.7587], [-71.3213, 46.7588], [-71.3215, 46.7589], [-71.3216, 46.7589], [-71.3218, 46.7589], [-71.322, 46.7589], [-71.3221, 46.7589], [-71.3223, 46.7589], [-71.3225, 46.7588], [-71.3226, 46.7587], [-71.3227, 46.7586], [-71.3229, 46.7586], [-71.323, 46.7586], [-71.3231, 46.7585], [-71.3232, 46.7585], [-71.3234, 46.7586], [-71.3235, 46.7586], [-71.3235, 46.7587], [-71.3236, 46.7587], [-71.3236, 46.7588], [-71.3235, 46.7589], [-71.3235, 46.7591], [-71.3233, 46.7593], [-71.3231, 46.7594], [-71.3229, 46.7596]]]}}, {"type": "Feature", "properties": {"couche": "voile", "station": "Pie-XII", "minutes": 4}, "geometry": {"type": "Polygon", "coordinates": [[[-71.4827, 46.8693], [-71.1618, 46.8716], [-71.1592, 46.6516], [-71.4787, 46.6493], [-71.4827, 46.8693]], [[-71.3231, 46.7594], [-71.3233, 46.7593], [-71.3235, 46.7591], [-71.3235, 46.7589], [-71.3236, 46.7588], [-71.3236, 46.7587], [-71.3235, 46.7587], [-71.3235, 46.7586], [-71.3234, 46.7586], [-71.3232, 46.7585], [-71.3231, 46.7585], [-71.323, 46.7586], [-71.3229, 46.7586], [-71.3227, 46.7586], [-71.3226, 46.7587], [-71.3225, 46.7588], [-71.3223, 46.7589], [-71.3221, 46.7589], [-71.322, 46.7589], [-71.3218, 46.7589], [-71.3216, 46.7589], [-71.3215, 46.7589], [-71.3213, 46.7588], [-71.3211, 46.7587], [-71.3209, 46.7586], [-71.3208, 46.7586], [-71.3206, 46.7586], [-71.3205, 46.7585], [-71.3204, 46.7585], [-71.3204, 46.7586], [-71.3203, 46.7586], [-71.3203, 46.7587], [-71.3203, 46.7588], [-71.3203, 46.7589], [-71.3204, 46.759], [-71.3205, 46.7591], [-71.3206, 46.7592], [-71.3207, 46.7593], [-71.3207, 46.7594], [-71.3205, 46.7594], [-71.3203, 46.7593], [-71.32, 46.7592], [-71.3197, 46.7591], [-71.3193, 46.7589], [-71.3189, 46.7588], [-71.3187, 46.7587], [-71.3184, 46.7587], [-71.3183, 46.7587], [-71.3182, 46.7587], [-71.3182, 46.7588], [-71.3182, 46.7589], [-71.3183, 46.759], [-71.3184, 46.7592], [-71.3184, 46.7593], [-71.3184, 46.7594], [-71.3184, 46.7595], [-71.3183, 46.7596], [-71.3182, 46.7597], [-71.3181, 46.7597], [-71.318, 46.7598], [-71.3179, 46.7599], [-71.3178, 46.7599], [-71.3178, 46.76], [-71.3177, 46.7601], [-71.3177, 46.7602], [-71.3178, 46.7603], [-71.3179, 46.7605], [-71.318, 46.7606], [-71.3181, 46.7608], [-71.3181, 46.7609], [-71.3181, 46.761], [-71.3181, 46.7611], [-71.3181, 46.7612], [-71.3181, 46.7613], [-71.318, 46.7614], [-71.3179, 46.7614], [-71.3178, 46.7615], [-71.3177, 46.7616], [-71.3176, 46.7617], [-71.3176, 46.7618], [-71.3176, 46.7619], [-71.3176, 46.762], [-71.3176, 46.7621], [-71.3176, 46.7622], [-71.3177, 46.7623], [-71.3178, 46.7623], [-71.318, 46.7624], [-71.3181, 46.7624], [-71.3183, 46.7625], [-71.3186, 46.7625], [-71.3189, 46.7625], [-71.3191, 46.7625], [-71.3193, 46.7625], [-71.3195, 46.7625], [-71.3196, 46.7624], [-71.3197, 46.7624], [-71.3198, 46.7623], [-71.3198, 46.7622], [-71.3198, 46.7621], [-71.3198, 46.762], [-71.3198, 46.7619], [-71.3199, 46.7618], [-71.32, 46.7617], [-71.3201, 46.7617], [-71.3202, 46.7616], [-71.3203, 46.7616], [-71.3204, 46.7615], [-71.3205, 46.7615], [-71.3207, 46.7615], [-71.3208, 46.7615], [-71.3209, 46.7615], [-71.3211, 46.7616], [-71.3212, 46.7616], [-71.3214, 46.7617], [-71.3215, 46.7617], [-71.3216, 46.7618], [-71.3217, 46.7619], [-71.3218, 46.762], [-71.3218, 46.7621], [-71.3218, 46.7622], [-71.3218, 46.7623], [-71.3218, 46.7624], [-71.3219, 46.7624], [-71.3219, 46.7625], [-71.322, 46.7625], [-71.3222, 46.7626], [-71.3223, 46.7626], [-71.3225, 46.7626], [-71.3228, 46.7626], [-71.323, 46.7626], [-71.3231, 46.7626], [-71.3233, 46.7626], [-71.3234, 46.7625], [-71.3235, 46.7625], [-71.3236, 46.7625], [-71.3236, 46.7624], [-71.3236, 46.7623], [-71.3235, 46.7622], [-71.3235, 46.7621], [-71.3233, 46.762], [-71.3232, 46.7618], [-71.323, 46.7617], [-71.3228, 46.7615], [-71.3225, 46.7613], [-71.3223, 46.7611], [-71.3222, 46.7609], [-71.3222, 46.7607], [-71.3222, 46.7605], [-71.3223, 46.7603], [-71.3224, 46.7601], [-71.3226, 46.7599], [-71.3229, 46.7596], [-71.3231, 46.7594]]]}}, {"type": "Feature", "properties": {"couche": "aire_marche", "station": "Pie-XII", "ordre": 4, "minutes": 5, "superficie_ha": 18.9, "rue_km": 6.16, "disque_ha": 38.5, "part_disque_pct": 49, "accroche_m": 6, "population": 1031, "navetteurs": 354, "mode_auto_pct": 58, "mode_tc_pct": 26, "mode_actif_pct": 13, "mode_autre_pct": 3}, "geometry": {"type": "Polygon", "coordinates": [[[-71.3233, 46.7595], [-71.3229, 46.7597], [-71.3226, 46.76], [-71.3224, 46.7603], [-71.3223, 46.7605], [-71.3223, 46.7608], [-71.3224, 46.761], [-71.3226, 46.7613], [-71.3228, 46.7615], [-71.3231, 46.7617], [-71.3234, 46.7619], [-71.3237, 46.7621], [-71.3239, 46.7623], [-71.324, 46.7625], [-71.3241, 46.7626], [-71.3242, 46.7627], [-71.3242, 46.7628], [-71.3242, 46.7629], [-71.3241, 46.7629], [-71.324, 46.7629], [-71.3238, 46.7629], [-71.3237, 46.7628], [-71.3235, 46.7628], [-71.3233, 46.7627], [-71.3231, 46.7626], [-71.323, 46.7626], [-71.3229, 46.7626], [-71.3228, 46.7626], [-71.3227, 46.7626], [-71.3226, 46.7626], [-71.3226, 46.7627], [-71.3226, 46.7628], [-71.3226, 46.7629], [-71.3225, 46.7629], [-71.3224, 46.763], [-71.3223, 46.763], [-71.3222, 46.763], [-71.3221, 46.7631], [-71.3219, 46.7631], [-71.3217, 46.7631], [-71.3216, 46.763], [-71.3215, 46.763], [-71.3214, 46.7629], [-71.3213, 46.7628], [-71.3214, 46.7627], [-71.3214, 46.7625], [-71.3215, 46.7624], [-71.3216, 46.7623], [-71.3217, 46.7621], [-71.3217, 46.762], [-71.3216, 46.7619], [-71.3216, 46.7618], [-71.3215, 46.7618], [-71.3214, 46.7617], [-71.3212, 46.7616], [-71.3211, 46.7616], [-71.321, 46.7615], [-71.3208, 46.7615], [-71.3207, 46.7615], [-71.3206, 46.7615], [-71.3205, 46.7615], [-71.3205, 46.7616], [-71.3204, 46.7616], [-71.3203, 46.7617], [-71.3203, 46.7618], [-71.3203, 46.7619], [-71.3203, 46.762], [-71.3203, 46.7621], [-71.3203, 46.7622], [-71.3204, 46.7623], [-71.3204, 46.7624], [-71.3203, 46.7625], [-71.3201, 46.7626], [-71.3199, 46.7627], [-71.3197, 46.7627], [-71.3193, 46.7628], [-71.3189, 46.7628], [-71.3185, 46.7628], [-71.3181, 46.7628], [-71.3178, 46.7628], [-71.3175, 46.7627], [-71.3172, 46.7627], [-71.3171, 46.7626], [-71.317, 46.7626], [-71.3169, 46.7625], [-71.3169, 46.7624], [-71.3169, 46.7623], [-71.317, 46.7622], [-71.317, 46.762], [-71.3171, 46.7619], [-71.3172, 46.7618], [-71.3173, 46.7617], [-71.3175, 46.7616], [-71.3177, 46.7615], [-71.3178, 46.7614], [-71.3179, 46.7613], [-71.3179, 46.7612], [-71.3179, 46.7611], [-71.3178, 46.7611], [-71.3176, 46.761], [-71.3175, 46.761], [-71.3173, 46.7609], [-71.3172, 46.7608], [-71.3172, 46.7607], [-71.3172, 46.7606], [-71.3172, 46.7605], [-71.3173, 46.7603], [-71.3175, 46.7602], [-71.3176, 46.76], [-71.3178, 46.7598], [-71.3179, 46.7596], [-71.3179, 46.7594], [-71.318, 46.7592], [-71.318, 46.759], [-71.3179, 46.7589], [-71.3178, 46.7587], [-71.3177, 46.7585], [-71.3176, 46.7584], [-71.3176, 46.7583], [-71.3177, 46.7583], [-71.3179, 46.7583], [-71.3182, 46.7584], [-71.3185, 46.7585], [-71.3189, 46.7587], [-71.3194, 46.7589], [-71.3198, 46.7591], [-71.3201, 46.7592], [-71.3204, 46.7593], [-71.3205, 46.7593], [-71.3206, 46.7593], [-71.3205, 46.7592], [-71.3204, 46.7591], [-71.3202, 46.7589], [-71.3201, 46.7588], [-71.32, 46.7587], [-71.3199, 46.7586], [-71.3199, 46.7585], [-71.3199, 46.7584], [-71.3199, 46.7583], [-71.32, 46.7583], [-71.3201, 46.7583], [-71.3203, 46.7583], [-71.3204, 46.7584], [-71.3206, 46.7585], [-71.3208, 46.7586], [-71.3211, 46.7587], [-71.3213, 46.7588], [-71.3216, 46.7588], [-71.3218, 46.7589], [-71.322, 46.7588], [-71.3223, 46.7588], [-71.3225, 46.7587], [-71.3227, 46.7586], [-71.3229, 46.7585], [-71.3231, 46.7584], [-71.3233, 46.7583], [-71.3235, 46.7582], [-71.3237, 46.7582], [-71.3238, 46.7582], [-71.324, 46.7582], [-71.3241, 46.7582], [-71.3242, 46.7583], [-71.3242, 46.7584], [-71.3242, 46.7585], [-71.3241, 46.7586], [-71.324, 46.7588], [-71.3238, 46.759], [-71.3236, 46.7592], [-71.3233, 46.7595]]]}}, {"type": "Feature", "properties": {"couche": "voile", "station": "Pie-XII", "minutes": 5}, "geometry": {"type": "Polygon", "coordinates": [[[-71.4833, 46.8698], [-71.1611, 46.8721], [-71.1584, 46.6513], [-71.4793, 46.649], [-71.4833, 46.8698]], [[-71.3236, 46.7592], [-71.3238, 46.759], [-71.324, 46.7588], [-71.3241, 46.7586], [-71.3242, 46.7585], [-71.3242, 46.7584], [-71.3242, 46.7583], [-71.3241, 46.7582], [-71.324, 46.7582], [-71.3238, 46.7582], [-71.3237, 46.7582], [-71.3235, 46.7582], [-71.3233, 46.7583], [-71.3231, 46.7584], [-71.3229, 46.7585], [-71.3227, 46.7586], [-71.3225, 46.7587], [-71.3223, 46.7588], [-71.322, 46.7588], [-71.3218, 46.7589], [-71.3216, 46.7588], [-71.3213, 46.7588], [-71.3211, 46.7587], [-71.3208, 46.7586], [-71.3206, 46.7585], [-71.3204, 46.7584], [-71.3203, 46.7583], [-71.3201, 46.7583], [-71.32, 46.7583], [-71.3199, 46.7583], [-71.3199, 46.7584], [-71.3199, 46.7585], [-71.3199, 46.7586], [-71.32, 46.7587], [-71.3201, 46.7588], [-71.3202, 46.7589], [-71.3204, 46.7591], [-71.3205, 46.7592], [-71.3206, 46.7593], [-71.3205, 46.7593], [-71.3204, 46.7593], [-71.3201, 46.7592], [-71.3198, 46.7591], [-71.3194, 46.7589], [-71.3189, 46.7587], [-71.3185, 46.7585], [-71.3182, 46.7584], [-71.3179, 46.7583], [-71.3177, 46.7583], [-71.3176, 46.7583], [-71.3176, 46.7584], [-71.3177, 46.7585], [-71.3178, 46.7587], [-71.3179, 46.7589], [-71.318, 46.759], [-71.318, 46.7592], [-71.3179, 46.7594], [-71.3179, 46.7596], [-71.3178, 46.7598], [-71.3176, 46.76], [-71.3175, 46.7602], [-71.3173, 46.7603], [-71.3172, 46.7605], [-71.3172, 46.7606], [-71.3172, 46.7607], [-71.3172, 46.7608], [-71.3173, 46.7609], [-71.3175, 46.761], [-71.3176, 46.761], [-71.3178, 46.7611], [-71.3179, 46.7611], [-71.3179, 46.7612], [-71.3179, 46.7613], [-71.3178, 46.7614], [-71.3177, 46.7615], [-71.3175, 46.7616], [-71.3173, 46.7617], [-71.3172, 46.7618], [-71.3171, 46.7619], [-71.317, 46.762], [-71.317, 46.7622], [-71.3169, 46.7623], [-71.3169, 46.7624], [-71.3169, 46.7625], [-71.317, 46.7626], [-71.3171, 46.7626], [-71.3172, 46.7627], [-71.3175, 46.7627], [-71.3178, 46.7628], [-71.3181, 46.7628], [-71.3185, 46.7628], [-71.3189, 46.7628], [-71.3193, 46.7628], [-71.3197, 46.7627], [-71.3199, 46.7627], [-71.3201, 46.7626], [-71.3203, 46.7625], [-71.3204, 46.7624], [-71.3204, 46.7623], [-71.3203, 46.7622], [-71.3203, 46.7621], [-71.3203, 46.762], [-71.3203, 46.7619], [-71.3203, 46.7618], [-71.3203, 46.7617], [-71.3204, 46.7616], [-71.3205, 46.7616], [-71.3205, 46.7615], [-71.3206, 46.7615], [-71.3207, 46.7615], [-71.3208, 46.7615], [-71.321, 46.7615], [-71.3211, 46.7616], [-71.3212, 46.7616], [-71.3214, 46.7617], [-71.3215, 46.7618], [-71.3216, 46.7618], [-71.3216, 46.7619], [-71.3217, 46.762], [-71.3217, 46.7621], [-71.3216, 46.7623], [-71.3215, 46.7624], [-71.3214, 46.7625], [-71.3214, 46.7627], [-71.3213, 46.7628], [-71.3214, 46.7629], [-71.3215, 46.763], [-71.3216, 46.763], [-71.3217, 46.7631], [-71.3219, 46.7631], [-71.3221, 46.7631], [-71.3222, 46.763], [-71.3223, 46.763], [-71.3224, 46.763], [-71.3225, 46.7629], [-71.3226, 46.7629], [-71.3226, 46.7628], [-71.3226, 46.7627], [-71.3226, 46.7626], [-71.3227, 46.7626], [-71.3228, 46.7626], [-71.3229, 46.7626], [-71.323, 46.7626], [-71.3231, 46.7626], [-71.3233, 46.7627], [-71.3235, 46.7628], [-71.3237, 46.7628], [-71.3238, 46.7629], [-71.324, 46.7629], [-71.3241, 46.7629], [-71.3242, 46.7629], [-71.3242, 46.7628], [-71.3242, 46.7627], [-71.3241, 46.7626], [-71.324, 46.7625], [-71.3239, 46.7623], [-71.3237, 46.7621], [-71.3234, 46.7619], [-71.3231, 46.7617], [-71.3228, 46.7615], [-71.3226, 46.7613], [-71.3224, 46.761], [-71.3223, 46.7608], [-71.3223, 46.7605], [-71.3224, 46.7603], [-71.3226, 46.76], [-71.3229, 46.7597], [-71.3233, 46.7595], [-71.3236, 46.7592]]]}}, {"type": "Feature", "properties": {"couche": "aire_marche", "station": "Pie-XII", "ordre": 4, "minutes": 6, "superficie_ha": 27.6, "rue_km": 7.91, "disque_ha": 55.4, "part_disque_pct": 50, "accroche_m": 6, "population": 1496, "navetteurs": 498, "mode_auto_pct": 59, "mode_tc_pct": 25, "mode_actif_pct": 13, "mode_autre_pct": 3}, "geometry": {"type": "Polygon", "coordinates": [[[-71.3251, 46.7587], [-71.3251, 46.7588], [-71.325, 46.7589], [-71.325, 46.759], [-71.3249, 46.7591], [-71.3248, 46.7591], [-71.3247, 46.7591], [-71.3246, 46.7591], [-71.3245, 46.7591], [-71.3244, 46.7591], [-71.3242, 46.7592], [-71.324, 46.7592], [-71.3238, 46.7593], [-71.3236, 46.7594], [-71.3233, 46.7596], [-71.323, 46.7598], [-71.3227, 46.76], [-71.3225, 46.7602], [-71.3224, 46.7604], [-71.3223, 46.7606], [-71.3224, 46.7609], [-71.3225, 46.7611], [-71.3228, 46.7614], [-71.3231, 46.7617], [-71.3235, 46.762], [-71.3238, 46.7623], [-71.3241, 46.7625], [-71.3244, 46.7627], [-71.3246, 46.7629], [-71.3247, 46.763], [-71.3248, 46.7631], [-71.3249, 46.7632], [-71.3249, 46.7633], [-71.3248, 46.7633], [-71.3247, 46.7634], [-71.3246, 46.7633], [-71.3245, 46.7633], [-71.3243, 46.7632], [-71.3241, 46.7632], [-71.3239, 46.763], [-71.3236, 46.7629], [-71.3234, 46.7628], [-71.3232, 46.7627], [-71.323, 46.7627], [-71.3231, 46.7628], [-71.3232, 46.7629], [-71.3232, 46.763], [-71.3233, 46.7631], [-71.3233, 46.7632], [-71.3233, 46.7633], [-71.3232, 46.7634], [-71.3231, 46.7634], [-71.323, 46.7634], [-71.3229, 46.7634], [-71.3228, 46.7634], [-71.3227, 46.7634], [-71.3225, 46.7633], [-71.3224, 46.7632], [-71.3222, 46.7632], [-71.3221, 46.7631], [-71.3219, 46.7631], [-71.3217, 46.7631], [-71.3216, 46.7631], [-71.3214, 46.7632], [-71.3213, 46.7632], [-71.3211, 46.7633], [-71.3209, 46.7633], [-71.3208, 46.7634], [-71.3207, 46.7634], [-71.3206, 46.7634], [-71.3205, 46.7633], [-71.3204, 46.7633], [-71.3203, 46.7632], [-71.3203, 46.7631], [-71.3202, 46.763], [-71.3201, 46.763], [-71.32, 46.763], [-71.3199, 46.763], [-71.3198, 46.763], [-71.3197, 46.763], [-71.3195, 46.7631], [-71.3194, 46.7632], [-71.3192, 46.7632], [-71.319, 46.7633], [-71.3188, 46.7633], [-71.3185, 46.7634], [-71.3183, 46.7634], [-71.318, 46.7634], [-71.3177, 46.7634], [-71.3174, 46.7634], [-71.3171, 46.7633], [-71.3168, 46.7633], [-71.3166, 46.7632], [-71.3165, 46.7632], [-71.3164, 46.7631], [-71.3163, 46.763], [-71.3162, 46.7629], [-71.3162, 46.7628], [-71.3163, 46.7627], [-71.3163, 46.7626], [-71.3164, 46.7625], [-71.3165, 46.7623], [-71.3166, 46.7622], [-71.3168, 46.7621], [-71.3169, 46.762], [-71.3171, 46.7619], [-71.3173, 46.7617], [-71.3174, 46.7617], [-71.3175, 46.7616], [-71.3175, 46.7615], [-71.3174, 46.7615], [-71.3172, 46.7615], [-71.317, 46.7615], [-71.3169, 46.7615], [-71.3167, 46.7615], [-71.3166, 46.7615], [-71.3165, 46.7614], [-71.3164, 46.7614], [-71.3164, 46.7613], [-71.3163, 46.7612], [-71.3163, 46.7611], [-71.3163, 46.761], [-71.3163, 46.7609], [-71.3164, 46.7608], [-71.3165, 46.7606], [-71.3167, 46.7605], [-71.3169, 46.7603], [-71.3171, 46.7601], [-71.3174, 46.7599], [-71.3176, 46.7598], [-71.3177, 46.7596], [-71.3178, 46.7594], [-71.3178, 46.7593], [-71.3177, 46.7592], [-71.3176, 46.759], [-71.3175, 46.7589], [-71.3173, 46.7588], [-71.3171, 46.7587], [-71.3169, 46.7586], [-71.3168, 46.7585], [-71.3167, 46.7584], [-71.3166, 46.7583], [-71.3165, 46.7582], [-71.3165, 46.758], [-71.3165, 46.7579], [-71.3166, 46.7578], [-71.3168, 46.7578], [-71.317, 46.7578], [-71.3173, 46.7579], [-71.3176, 46.758], [-71.3181, 46.7582], [-71.3186, 46.7584], [-71.3191, 46.7587], [-71.3196, 46.7589], [-71.32, 46.7591], [-71.3203, 46.7592], [-71.3205, 46.7593], [-71.3206, 46.7593], [-71.3205, 46.7592], [-71.3204, 46.7591], [-71.3202, 46.7589], [-71.3201, 46.7588], [-71.32, 46.7587], [-71.3199, 46.7586], [-71.3199, 46.7585], [-71.3199, 46.7584], [-71.3199, 46.7583], [-71.32, 46.7583], [-71.3201, 46.7583], [-71.3203, 46.7583], [-71.3204, 46.7584], [-71.3206, 46.7585], [-71.3208, 46.7586], [-71.3211, 46.7587], [-71.3213, 46.7588], [-71.3216, 46.7588], [-71.3218, 46.7588], [-71.3221, 46.7588], [-71.3224, 46.7587], [-71.3227, 46.7586], [-71.323, 46.7584], [-71.3233, 46.7582], [-71.3236, 46.7581], [-71.3238, 46.7579], [-71.324, 46.7578], [-71.3242, 46.7578], [-71.3244, 46.7577], [-71.3246, 46.7577], [-71.3247, 46.7577], [-71.3248, 46.7578], [-71.3249, 46.7579], [-71.325, 46.7579], [-71.325, 46.758], [-71.3251, 46.7581], [-71.3251, 46.7582], [-71.3251, 46.7584], [-71.3251, 46.7585], [-71.3251, 46.7587]]]}}, {"type": "Feature", "properties": {"couche": "voile", "station": "Pie-XII", "minutes": 6}, "geometry": {"type": "Polygon", "coordinates": [[[-71.4842, 46.8701], [-71.1604, 46.8724], [-71.1577, 46.6508], [-71.4802, 46.6485], [-71.4842, 46.8701]], [[-71.3251, 46.7585], [-71.3251, 46.7584], [-71.3251, 46.7582], [-71.3251, 46.7581], [-71.325, 46.758], [-71.325, 46.7579], [-71.3249, 46.7579], [-71.3248, 46.7578], [-71.3247, 46.7577], [-71.3246, 46.7577], [-71.3244, 46.7577], [-71.3242, 46.7578], [-71.324, 46.7578], [-71.3238, 46.7579], [-71.3236, 46.7581], [-71.3233, 46.7582], [-71.323, 46.7584], [-71.3227, 46.7586], [-71.3224, 46.7587], [-71.3221, 46.7588], [-71.3218, 46.7588], [-71.3216, 46.7588], [-71.3213, 46.7588], [-71.3211, 46.7587], [-71.3208, 46.7586], [-71.3206, 46.7585], [-71.3204, 46.7584], [-71.3203, 46.7583], [-71.3201, 46.7583], [-71.32, 46.7583], [-71.3199, 46.7583], [-71.3199, 46.7584], [-71.3199, 46.7585], [-71.3199, 46.7586], [-71.32, 46.7587], [-71.3201, 46.7588], [-71.3202, 46.7589], [-71.3204, 46.7591], [-71.3205, 46.7592], [-71.3206, 46.7593], [-71.3205, 46.7593], [-71.3203, 46.7592], [-71.32, 46.7591], [-71.3196, 46.7589], [-71.3191, 46.7587], [-71.3186, 46.7584], [-71.3181, 46.7582], [-71.3176, 46.758], [-71.3173, 46.7579], [-71.317, 46.7578], [-71.3168, 46.7578], [-71.3166, 46.7578], [-71.3165, 46.7579], [-71.3165, 46.758], [-71.3165, 46.7582], [-71.3166, 46.7583], [-71.3167, 46.7584], [-71.3168, 46.7585], [-71.3169, 46.7586], [-71.3171, 46.7587], [-71.3173, 46.7588], [-71.3175, 46.7589], [-71.3176, 46.759], [-71.3177, 46.7592], [-71.3178, 46.7593], [-71.3178, 46.7594], [-71.3177, 46.7596], [-71.3176, 46.7598], [-71.3174, 46.7599], [-71.3171, 46.7601], [-71.3169, 46.7603], [-71.3167, 46.7605], [-71.3165, 46.7606], [-71.3164, 46.7608], [-71.3163, 46.7609], [-71.3163, 46.761], [-71.3163, 46.7611], [-71.3163, 46.7612], [-71.3164, 46.7613], [-71.3164, 46.7614], [-71.3165, 46.7614], [-71.3166, 46.7615], [-71.3167, 46.7615], [-71.3169, 46.7615], [-71.317, 46.7615], [-71.3172, 46.7615], [-71.3174, 46.7615], [-71.3175, 46.7615], [-71.3175, 46.7616], [-71.3174, 46.7617], [-71.3173, 46.7617], [-71.3171, 46.7619], [-71.3169, 46.762], [-71.3168, 46.7621], [-71.3166, 46.7622], [-71.3165, 46.7623], [-71.3164, 46.7625], [-71.3163, 46.7626], [-71.3163, 46.7627], [-71.3162, 46.7628], [-71.3162, 46.7629], [-71.3163, 46.763], [-71.3164, 46.7631], [-71.3165, 46.7632], [-71.3166, 46.7632], [-71.3168, 46.7633], [-71.3171, 46.7633], [-71.3174, 46.7634], [-71.3177, 46.7634], [-71.318, 46.7634], [-71.3183, 46.7634], [-71.3185, 46.7634], [-71.3188, 46.7633], [-71.319, 46.7633], [-71.3192, 46.7632], [-71.3194, 46.7632], [-71.3195, 46.7631], [-71.3197, 46.763], [-71.3198, 46.763], [-71.3199, 46.763], [-71.32, 46.763], [-71.3201, 46.763], [-71.3202, 46.763], [-71.3203, 46.7631], [-71.3203, 46.7632], [-71.3204, 46.7633], [-71.3205, 46.7633], [-71.3206, 46.7634], [-71.3207, 46.7634], [-71.3208, 46.7634], [-71.3209, 46.7633], [-71.3211, 46.7633], [-71.3213, 46.7632], [-71.3214, 46.7632], [-71.3216, 46.7631], [-71.3217, 46.7631], [-71.3219, 46.7631], [-71.3221, 46.7631], [-71.3222, 46.7632], [-71.3224, 46.7632], [-71.3225, 46.7633], [-71.3227, 46.7634], [-71.3228, 46.7634], [-71.3229, 46.7634], [-71.323, 46.7634], [-71.3231, 46.7634], [-71.3232, 46.7634], [-71.3233, 46.7633], [-71.3233, 46.7632], [-71.3233, 46.7631], [-71.3232, 46.763], [-71.3232, 46.7629], [-71.3231, 46.7628], [-71.323, 46.7627], [-71.3232, 46.7627], [-71.3234, 46.7628], [-71.3236, 46.7629], [-71.3239, 46.763], [-71.3241, 46.7632], [-71.3243, 46.7632], [-71.3245, 46.7633], [-71.3246, 46.7633], [-71.3247, 46.7634], [-71.3248, 46.7633], [-71.3249, 46.7633], [-71.3249, 46.7632], [-71.3248, 46.7631], [-71.3247, 46.763], [-71.3246, 46.7629], [-71.3244, 46.7627], [-71.3241, 46.7625], [-71.3238, 46.7623], [-71.3235, 46.762], [-71.3231, 46.7617], [-71.3228, 46.7614], [-71.3225, 46.7611], [-71.3224, 46.7609], [-71.3223, 46.7606], [-71.3224, 46.7604], [-71.3225, 46.7602], [-71.3227, 46.76], [-71.323, 46.7598], [-71.3233, 46.7596], [-71.3236, 46.7594], [-71.3238, 46.7593], [-71.324, 46.7592], [-71.3242, 46.7592], [-71.3244, 46.7591], [-71.3245, 46.7591], [-71.3246, 46.7591], [-71.3247, 46.7591], [-71.3248, 46.7591], [-71.3249, 46.7591], [-71.325, 46.759], [-71.325, 46.7589], [-71.3251, 46.7588], [-71.3251, 46.7587], [-71.3251, 46.7585]]]}}, {"type": "Feature", "properties": {"couche": "aire_marche", "station": "Pie-XII", "ordre": 4, "minutes": 7, "superficie_ha": 34.0, "rue_km": 9.9, "disque_ha": 75.4, "part_disque_pct": 45, "accroche_m": 6, "population": 1844, "navetteurs": 614, "mode_auto_pct": 59, "mode_tc_pct": 25, "mode_actif_pct": 14, "mode_autre_pct": 2}, "geometry": {"type": "Polygon", "coordinates": [[[-71.3254, 46.758], [-71.3253, 46.7581], [-71.3251, 46.7582], [-71.3251, 46.7583], [-71.325, 46.7585], [-71.325, 46.7586], [-71.325, 46.7587], [-71.3251, 46.7589], [-71.3252, 46.759], [-71.3253, 46.7592], [-71.3254, 46.7593], [-71.3254, 46.7594], [-71.3254, 46.7595], [-71.3254, 46.7596], [-71.3254, 46.7597], [-71.3253, 46.7597], [-71.3252, 46.7597], [-71.3251, 46.7597], [-71.325, 46.7597], [-71.3249, 46.7596], [-71.3248, 46.7596], [-71.3247, 46.7596], [-71.3246, 46.7595], [-71.3245, 46.7594], [-71.3244, 46.7593], [-71.3243, 46.7593], [-71.3242, 46.7593], [-71.324, 46.7593], [-71.3238, 46.7594], [-71.3236, 46.7595], [-71.3233, 46.7596], [-71.323, 46.7598], [-71.3227, 46.76], [-71.3225, 46.7602], [-71.3224, 46.7604], [-71.3224, 46.7607], [-71.3225, 46.761], [-71.3227, 46.7613], [-71.323, 46.7616], [-71.3233, 46.7619], [-71.3238, 46.7622], [-71.3243, 46.7626], [-71.3246, 46.7628], [-71.3249, 46.7631], [-71.3252, 46.7633], [-71.3253, 46.7635], [-71.3255, 46.7636], [-71.3255, 46.7637], [-71.3255, 46.7638], [-71.3254, 46.7638], [-71.3253, 46.7638], [-71.3252, 46.7638], [-71.325, 46.7637], [-71.3248, 46.7636], [-71.3245, 46.7635], [-71.3242, 46.7633], [-71.3239, 46.7631], [-71.3236, 46.7629], [-71.3234, 46.7628], [-71.3232, 46.7628], [-71.3231, 46.7627], [-71.3231, 46.7628], [-71.3232, 46.7629], [-71.3234, 46.763], [-71.3236, 46.7632], [-71.3237, 46.7633], [-71.3238, 46.7634], [-71.3238, 46.7635], [-71.3239, 46.7636], [-71.3239, 46.7637], [-71.3239, 46.7638], [-71.3238, 46.7638], [-71.3237, 46.7638], [-71.3235, 46.7638], [-71.3234, 46.7638], [-71.3232, 46.7637], [-71.3231, 46.7636], [-71.3229, 46.7635], [-71.3227, 46.7635], [-71.3225, 46.7634], [-71.3223, 46.7634], [-71.3222, 46.7634], [-71.3221, 46.7634], [-71.322, 46.7634], [-71.3219, 46.7635], [-71.3218, 46.7636], [-71.3218, 46.7637], [-71.3217, 46.7638], [-71.3216, 46.7638], [-71.3215, 46.7638], [-71.3214, 46.7638], [-71.3213, 46.7638], [-71.3212, 46.7638], [-71.3211, 46.7637], [-71.321, 46.7637], [-71.3209, 46.7637], [-71.3207, 46.7637], [-71.3206, 46.7637], [-71.3205, 46.7637], [-71.3204, 46.7638], [-71.3203, 46.7638], [-71.3202, 46.7638], [-71.3201, 46.7638], [-71.32, 46.7638], [-71.32, 46.7637], [-71.32, 46.7636], [-71.32, 46.7634], [-71.32, 46.7633], [-71.32, 46.7632], [-71.3199, 46.7631], [-71.3198, 46.7631], [-71.3196, 46.7631], [-71.3194, 46.7632], [-71.3192, 46.7633], [-71.319, 46.7634], [-71.3188, 46.7635], [-71.3185, 46.7636], [-71.3182, 46.7637], [-71.3179, 46.7637], [-71.3177, 46.7638], [-71.3173, 46.7638], [-71.317, 46.7638], [-71.3167, 46.7638], [-71.3164, 46.7637], [-71.3162, 46.7637], [-71.316, 46.7636], [-71.3158, 46.7636], [-71.3157, 46.7635], [-71.3156, 46.7634], [-71.3155, 46.7633], [-71.3155, 46.7632], [-71.3155, 46.7631], [-71.3156, 46.763], [-71.3156, 46.7629], [-71.3157, 46.7628], [-71.3158, 46.7627], [-71.3159, 46.7626], [-71.3161, 46.7625], [-71.3162, 46.7624], [-71.3164, 46.7623], [-71.3164, 46.7622], [-71.3165, 46.7621], [-71.3165, 46.762], [-71.3164, 46.762], [-71.3163, 46.7619], [-71.3161, 46.7619], [-71.316, 46.7619], [-71.3159, 46.7618], [-71.3158, 46.7618], [-71.3158, 46.7617], [-71.3158, 46.7616], [-71.3158, 46.7615], [-71.3159, 46.7614], [-71.316, 46.7613], [-71.316, 46.7612], [-71.316, 46.7611], [-71.316, 46.761], [-71.316, 46.7609], [-71.3159, 46.7608], [-71.3158, 46.7607], [-71.3158, 46.7606], [-71.3157, 46.7605], [-71.3157, 46.7604], [-71.3158, 46.7604], [-71.3158, 46.7603], [-71.3159, 46.7603], [-71.316, 46.7602], [-71.3161, 46.7602], [-71.3162, 46.7602], [-71.3163, 46.7602], [-71.3164, 46.7602], [-71.3165, 46.7603], [-71.3166, 46.7604], [-71.3167, 46.7604], [-71.3168, 46.7604], [-71.3169, 46.7604], [-71.3171, 46.7603], [-71.3172, 46.7602], [-71.3173, 46.7601], [-71.3175, 46.76], [-71.3177, 46.7598], [-71.3178, 46.7597], [-71.3179, 46.7595], [-71.318, 46.7594], [-71.318, 46.7593], [-71.318, 46.7592], [-71.3179, 46.7591], [-71.3178, 46.759], [-71.3177, 46.7589], [-71.3176, 46.7588], [-71.3175, 46.7587], [-71.3174, 46.7587], [-71.3173, 46.7587], [-71.3172, 46.7587], [-71.3171, 46.7587], [-71.317, 46.7588], [-71.3169, 46.7589], [-71.3168, 46.7589], [-71.3167, 46.759], [-71.3166, 46.759], [-71.3165, 46.759], [-71.3164, 46.759], [-71.3163, 46.7589], [-71.3162, 46.7589], [-71.3161, 46.7588], [-71.316, 46.7588], [-71.316, 46.7587], [-71.316, 46.7586], [-71.3161, 46.7585], [-71.3161, 46.7584], [-71.3162, 46.7583], [-71.3163, 46.7582], [-71.3163, 46.7581], [-71.3164, 46.758], [-71.3164, 46.7579], [-71.3164, 46.7578], [-71.3163, 46.7577], [-71.3163, 46.7576], [-71.3162, 46.7575], [-71.3162, 46.7574], [-71.3163, 46.7574], [-71.3165, 46.7574], [-71.3168, 46.7576], [-71.3172, 46.7577], [-71.3176, 46.7579], [-71.3182, 46.7582], [-71.3188, 46.7585], [-71.3194, 46.7588], [-71.3198, 46.759], [-71.3202, 46.7591], [-71.3204, 46.7592], [-71.3206, 46.7593], [-71.3205, 46.7592], [-71.3204, 46.7591], [-71.3202, 46.7589], [-71.3201, 46.7588], [-71.32, 46.7587], [-71.3199, 46.7586], [-71.3199, 46.7585], [-71.3198, 46.7585], [-71.3198, 46.7584], [-71.3199, 46.7583], [-71.32, 46.7583], [-71.3201, 46.7583], [-71.3202, 46.7583], [-71.3204, 46.7584], [-71.3206, 46.7585], [-71.3208, 46.7586], [-71.3211, 46.7587], [-71.3213, 46.7588], [-71.3216, 46.7588], [-71.3219, 46.7588], [-71.3222, 46.7587], [-71.3225, 46.7586], [-71.3229, 46.7585], [-71.3232, 46.7583], [-71.3236, 46.758], [-71.3239, 46.7578], [-71.3242, 46.7577], [-71.3245, 46.7575], [-71.3248, 46.7574], [-71.325, 46.7574], [-71.3252, 46.7573], [-71.3253, 46.7573], [-71.3254, 46.7574], [-71.3255, 46.7574], [-71.3256, 46.7575], [-71.3256, 46.7576], [-71.3256, 46.7577], [-71.3256, 46.7578], [-71.3255, 46.7579], [-71.3254, 46.758]]]}}, {"type": "Feature", "properties": {"couche": "voile", "station": "Pie-XII", "minutes": 7}, "geometry": {"type": "Polygon", "coordinates": [[[-71.4847, 46.8705], [-71.1597, 46.8728], [-71.157, 46.6504], [-71.4807, 46.6481], [-71.4847, 46.8705]], [[-71.3255, 46.7579], [-71.3256, 46.7578], [-71.3256, 46.7577], [-71.3256, 46.7576], [-71.3256, 46.7575], [-71.3255, 46.7574], [-71.3254, 46.7574], [-71.3253, 46.7573], [-71.3252, 46.7573], [-71.325, 46.7574], [-71.3248, 46.7574], [-71.3245, 46.7575], [-71.3242, 46.7577], [-71.3239, 46.7578], [-71.3236, 46.758], [-71.3232, 46.7583], [-71.3229, 46.7585], [-71.3225, 46.7586], [-71.3222, 46.7587], [-71.3219, 46.7588], [-71.3216, 46.7588], [-71.3213, 46.7588], [-71.3211, 46.7587], [-71.3208, 46.7586], [-71.3206, 46.7585], [-71.3204, 46.7584], [-71.3202, 46.7583], [-71.3201, 46.7583], [-71.32, 46.7583], [-71.3199, 46.7583], [-71.3198, 46.7584], [-71.3198, 46.7585], [-71.3199, 46.7585], [-71.3199, 46.7586], [-71.32, 46.7587], [-71.3201, 46.7588], [-71.3202, 46.7589], [-71.3204, 46.7591], [-71.3205, 46.7592], [-71.3206, 46.7593], [-71.3204, 46.7592], [-71.3202, 46.7591], [-71.3198, 46.759], [-71.3194, 46.7588], [-71.3188, 46.7585], [-71.3182, 46.7582], [-71.3176, 46.7579], [-71.3172, 46.7577], [-71.3168, 46.7576], [-71.3165, 46.7574], [-71.3163, 46.7574], [-71.3162, 46.7574], [-71.3162, 46.7575], [-71.3163, 46.7576], [-71.3163, 46.7577], [-71.3164, 46.7578], [-71.3164, 46.7579], [-71.3164, 46.758], [-71.3163, 46.7581], [-71.3163, 46.7582], [-71.3162, 46.7583], [-71.3161, 46.7584], [-71.3161, 46.7585], [-71.316, 46.7586], [-71.316, 46.7587], [-71.316, 46.7588], [-71.3161, 46.7588], [-71.3162, 46.7589], [-71.3163, 46.7589], [-71.3164, 46.759], [-71.3165, 46.759], [-71.3166, 46.759], [-71.3167, 46.759], [-71.3168, 46.7589], [-71.3169, 46.7589], [-71.317, 46.7588], [-71.3171, 46.7587], [-71.3172, 46.7587], [-71.3173, 46.7587], [-71.3174, 46.7587], [-71.3175, 46.7587], [-71.3176, 46.7588], [-71.3177, 46.7589], [-71.3178, 46.759], [-71.3179, 46.7591], [-71.318, 46.7592], [-71.318, 46.7593], [-71.318, 46.7594], [-71.3179, 46.7595], [-71.3178, 46.7597], [-71.3177, 46.7598], [-71.3175, 46.76], [-71.3173, 46.7601], [-71.3172, 46.7602], [-71.3171, 46.7603], [-71.3169, 46.7604], [-71.3168, 46.7604], [-71.3167, 46.7604], [-71.3166, 46.7604], [-71.3165, 46.7603], [-71.3164, 46.7602], [-71.3163, 46.7602], [-71.3162, 46.7602], [-71.3161, 46.7602], [-71.316, 46.7602], [-71.3159, 46.7603], [-71.3158, 46.7603], [-71.3158, 46.7604], [-71.3157, 46.7604], [-71.3157, 46.7605], [-71.3158, 46.7606], [-71.3158, 46.7607], [-71.3159, 46.7608], [-71.316, 46.7609], [-71.316, 46.761], [-71.316, 46.7611], [-71.316, 46.7612], [-71.316, 46.7613], [-71.3159, 46.7614], [-71.3158, 46.7615], [-71.3158, 46.7616], [-71.3158, 46.7617], [-71.3158, 46.7618], [-71.3159, 46.7618], [-71.316, 46.7619], [-71.3161, 46.7619], [-71.3163, 46.7619], [-71.3164, 46.762], [-71.3165, 46.762], [-71.3165, 46.7621], [-71.3164, 46.7622], [-71.3164, 46.7623], [-71.3162, 46.7624], [-71.3161, 46.7625], [-71.3159, 46.7626], [-71.3158, 46.7627], [-71.3157, 46.7628], [-71.3156, 46.7629], [-71.3156, 46.763], [-71.3155, 46.7631], [-71.3155, 46.7632], [-71.3155, 46.7633], [-71.3156, 46.7634], [-71.3157, 46.7635], [-71.3158, 46.7636], [-71.316, 46.7636], [-71.3162, 46.7637], [-71.3164, 46.7637], [-71.3167, 46.7638], [-71.317, 46.7638], [-71.3173, 46.7638], [-71.3177, 46.7638], [-71.3179, 46.7637], [-71.3182, 46.7637], [-71.3185, 46.7636], [-71.3188, 46.7635], [-71.319, 46.7634], [-71.3192, 46.7633], [-71.3194, 46.7632], [-71.3196, 46.7631], [-71.3198, 46.7631], [-71.3199, 46.7631], [-71.32, 46.7632], [-71.32, 46.7633], [-71.32, 46.7634], [-71.32, 46.7636], [-71.32, 46.7637], [-71.32, 46.7638], [-71.3201, 46.7638], [-71.3202, 46.7638], [-71.3203, 46.7638], [-71.3204, 46.7638], [-71.3205, 46.7637], [-71.3206, 46.7637], [-71.3207, 46.7637], [-71.3209, 46.7637], [-71.321, 46.7637], [-71.3211, 46.7637], [-71.3212, 46.7638], [-71.3213, 46.7638], [-71.3214, 46.7638], [-71.3215, 46.7638], [-71.3216, 46.7638], [-71.3217, 46.7638], [-71.3218, 46.7637], [-71.3218, 46.7636], [-71.3219, 46.7635], [-71.322, 46.7634], [-71.3221, 46.7634], [-71.3222, 46.7634], [-71.3223, 46.7634], [-71.3225, 46.7634], [-71.3227, 46.7635], [-71.3229, 46.7635], [-71.3231, 46.7636], [-71.3232, 46.7637], [-71.3234, 46.7638], [-71.3235, 46.7638], [-71.3237, 46.7638], [-71.3238, 46.7638], [-71.3239, 46.7638], [-71.3239, 46.7637], [-71.3239, 46.7636], [-71.3238, 46.7635], [-71.3238, 46.7634], [-71.3237, 46.7633], [-71.3236, 46.7632], [-71.3234, 46.763], [-71.3232, 46.7629], [-71.3231, 46.7628], [-71.3231, 46.7627], [-71.3232, 46.7628], [-71.3234, 46.7628], [-71.3236, 46.7629], [-71.3239, 46.7631], [-71.3242, 46.7633], [-71.3245, 46.7635], [-71.3248, 46.7636], [-71.325, 46.7637], [-71.3252, 46.7638], [-71.3253, 46.7638], [-71.3254, 46.7638], [-71.3255, 46.7638], [-71.3255, 46.7637], [-71.3255, 46.7636], [-71.3253, 46.7635], [-71.3252, 46.7633], [-71.3249, 46.7631], [-71.3246, 46.7628], [-71.3243, 46.7626], [-71.3238, 46.7622], [-71.3233, 46.7619], [-71.323, 46.7616], [-71.3227, 46.7613], [-71.3225, 46.761], [-71.3224, 46.7607], [-71.3224, 46.7604], [-71.3225, 46.7602], [-71.3227, 46.76], [-71.323, 46.7598], [-71.3233, 46.7596], [-71.3236, 46.7595], [-71.3238, 46.7594], [-71.324, 46.7593], [-71.3242, 46.7593], [-71.3243, 46.7593], [-71.3244, 46.7593], [-71.3245, 46.7594], [-71.3246, 46.7595], [-71.3247, 46.7596], [-71.3248, 46.7596], [-71.3249, 46.7596], [-71.325, 46.7597], [-71.3251, 46.7597], [-71.3252, 46.7597], [-71.3253, 46.7597], [-71.3254, 46.7597], [-71.3254, 46.7596], [-71.3254, 46.7595], [-71.3254, 46.7594], [-71.3254, 46.7593], [-71.3253, 46.7592], [-71.3252, 46.759], [-71.3251, 46.7589], [-71.325, 46.7587], [-71.325, 46.7586], [-71.325, 46.7585], [-71.3251, 46.7583], [-71.3251, 46.7582], [-71.3253, 46.7581], [-71.3254, 46.758], [-71.3255, 46.7579]]]}}, {"type": "Feature", "properties": {"couche": "aire_marche", "station": "Pie-XII", "ordre": 4, "minutes": 8, "superficie_ha": 47.0, "rue_km": 12.76, "disque_ha": 98.5, "part_disque_pct": 48, "accroche_m": 6, "population": 2400, "navetteurs": 779, "mode_auto_pct": 60, "mode_tc_pct": 24, "mode_actif_pct": 14, "mode_autre_pct": 2}, "geometry": {"type": "Polygon", "coordinates": [[[-71.3258, 46.7577], [-71.3255, 46.7579], [-71.3254, 46.7581], [-71.3253, 46.7582], [-71.3252, 46.7583], [-71.3252, 46.7584], [-71.3252, 46.7585], [-71.3253, 46.7586], [-71.3255, 46.7586], [-71.3257, 46.7586], [-71.3258, 46.7587], [-71.326, 46.7587], [-71.3261, 46.7588], [-71.3262, 46.7589], [-71.3263, 46.759], [-71.3263, 46.7592], [-71.3263, 46.7593], [-71.3263, 46.7595], [-71.3263, 46.7596], [-71.3262, 46.7598], [-71.3261, 46.7599], [-71.326, 46.76], [-71.3258, 46.76], [-71.3256, 46.7601], [-71.3254, 46.7601], [-71.3251, 46.7601], [-71.3248, 46.7601], [-71.3246, 46.7601], [-71.3245, 46.76], [-71.3243, 46.7599], [-71.3242, 46.7599], [-71.3241, 46.7598], [-71.3241, 46.7597], [-71.3241, 46.7595], [-71.3241, 46.7594], [-71.324, 46.7594], [-71.3239, 46.7594], [-71.3237, 46.7594], [-71.3235, 46.7595], [-71.3233, 46.7596], [-71.323, 46.7598], [-71.3227, 46.76], [-71.3225, 46.7602], [-71.3224, 46.7604], [-71.3225, 46.7607], [-71.3226, 46.761], [-71.3228, 46.7612], [-71.3232, 46.7616], [-71.3236, 46.7619], [-71.3242, 46.7622], [-71.3247, 46.7625], [-71.3251, 46.7628], [-71.3255, 46.7631], [-71.3257, 46.7633], [-71.3259, 46.7635], [-71.3261, 46.7637], [-71.3262, 46.7639], [-71.3261, 46.764], [-71.3261, 46.7641], [-71.326, 46.7642], [-71.3258, 46.7643], [-71.3256, 46.7643], [-71.3254, 46.7644], [-71.3251, 46.7644], [-71.3248, 46.7644], [-71.3244, 46.7644], [-71.324, 46.7644], [-71.3237, 46.7644], [-71.3234, 46.7644], [-71.3231, 46.7644], [-71.3229, 46.7643], [-71.3227, 46.7643], [-71.3225, 46.7642], [-71.3223, 46.7641], [-71.3222, 46.7641], [-71.322, 46.764], [-71.3219, 46.764], [-71.3217, 46.764], [-71.3216, 46.764], [-71.3215, 46.7641], [-71.3213, 46.7641], [-71.3212, 46.7642], [-71.3211, 46.7642], [-71.321, 46.7643], [-71.3209, 46.7643], [-71.3208, 46.7643], [-71.3207, 46.7643], [-71.3206, 46.7643], [-71.3205, 46.7643], [-71.3205, 46.7642], [-71.3204, 46.7642], [-71.3203, 46.7642], [-71.3202, 46.7642], [-71.3201, 46.7642], [-71.32, 46.7642], [-71.3199, 46.7642], [-71.3198, 46.7642], [-71.3196, 46.7643], [-71.3195, 46.7643], [-71.3194, 46.7643], [-71.3193, 46.7643], [-71.3192, 46.7643], [-71.3191, 46.7643], [-71.3191, 46.7642], [-71.319, 46.7641], [-71.319, 46.764], [-71.3191, 46.7639], [-71.3191, 46.7638], [-71.3192, 46.7637], [-71.3193, 46.7636], [-71.3194, 46.7634], [-71.3196, 46.7633], [-71.3197, 46.7632], [-71.3197, 46.7631], [-71.3196, 46.7631], [-71.3194, 46.7632], [-71.3192, 46.7633], [-71.3189, 46.7634], [-71.3186, 46.7636], [-71.3183, 46.7638], [-71.318, 46.7639], [-71.3177, 46.764], [-71.3173, 46.7641], [-71.317, 46.7642], [-71.3167, 46.7642], [-71.3164, 46.7642], [-71.316, 46.7642], [-71.3157, 46.7641], [-71.3155, 46.7641], [-71.3153, 46.764], [-71.3151, 46.7639], [-71.315, 46.7638], [-71.3149, 46.7637], [-71.3149, 46.7635], [-71.3148, 46.7633], [-71.3149, 46.7632], [-71.3149, 46.763], [-71.315, 46.7629], [-71.3151, 46.7628], [-71.3152, 46.7627], [-71.3153, 46.7626], [-71.3155, 46.7625], [-71.3157, 46.7625], [-71.3158, 46.7624], [-71.3159, 46.7624], [-71.316, 46.7624], [-71.316, 46.7623], [-71.3159, 46.7623], [-71.3157, 46.7623], [-71.3155, 46.7622], [-71.3154, 46.7622], [-71.3153, 46.7622], [-71.3152, 46.7621], [-71.3152, 46.762], [-71.3152, 46.7619], [-71.3153, 46.7618], [-71.3154, 46.7617], [-71.3156, 46.7616], [-71.3157, 46.7614], [-71.3158, 46.7613], [-71.3158, 46.7612], [-71.3158, 46.7611], [-71.3157, 46.7611], [-71.3156, 46.7611], [-71.3155, 46.7611], [-71.3153, 46.7611], [-71.3152, 46.7611], [-71.3151, 46.761], [-71.315, 46.7609], [-71.315, 46.7607], [-71.315, 46.7606], [-71.315, 46.7604], [-71.3151, 46.7603], [-71.3151, 46.7602], [-71.3153, 46.7601], [-71.3154, 46.76], [-71.3156, 46.7599], [-71.3158, 46.7599], [-71.316, 46.7599], [-71.3163, 46.7599], [-71.3166, 46.7599], [-71.3168, 46.7598], [-71.317, 46.7598], [-71.3172, 46.7598], [-71.3174, 46.7597], [-71.3176, 46.7597], [-71.3177, 46.7596], [-71.3178, 46.7595], [-71.3179, 46.7595], [-71.318, 46.7594], [-71.318, 46.7593], [-71.318, 46.7592], [-71.318, 46.7591], [-71.3179, 46.759], [-71.3178, 46.759], [-71.3177, 46.7589], [-71.3176, 46.7588], [-71.3175, 46.7588], [-71.3175, 46.7587], [-71.3174, 46.7587], [-71.3174, 46.7588], [-71.3174, 46.7589], [-71.3175, 46.759], [-71.3175, 46.7591], [-71.3175, 46.7592], [-71.3174, 46.7593], [-71.3173, 46.7594], [-71.3172, 46.7594], [-71.317, 46.7594], [-71.3169, 46.7594], [-71.3167, 46.7594], [-71.3166, 46.7593], [-71.3164, 46.7593], [-71.3162, 46.7592], [-71.3161, 46.7591], [-71.3159, 46.759], [-71.3158, 46.7589], [-71.3156, 46.7587], [-71.3155, 46.7585], [-71.3154, 46.7584], [-71.3153, 46.7583], [-71.3153, 46.7582], [-71.3153, 46.7581], [-71.3153, 46.758], [-71.3153, 46.7579], [-71.3154, 46.7579], [-71.3154, 46.7578], [-71.3155, 46.7578], [-71.3156, 46.7578], [-71.3157, 46.7578], [-71.3158, 46.7578], [-71.3159, 46.7578], [-71.316, 46.7578], [-71.3161, 46.7579], [-71.3162, 46.7579], [-71.3163, 46.7579], [-71.3163, 46.7578], [-71.3162, 46.7577], [-71.3161, 46.7576], [-71.316, 46.7574], [-71.3158, 46.7572], [-71.3157, 46.7571], [-71.3156, 46.7569], [-71.3155, 46.7568], [-71.3155, 46.7567], [-71.3155, 46.7566], [-71.3156, 46.7566], [-71.3157, 46.7566], [-71.3158, 46.7566], [-71.316, 46.7567], [-71.3163, 46.7569], [-71.3165, 46.757], [-71.3169, 46.7573], [-71.3173, 46.7575], [-71.3177, 46.7578], [-71.3182, 46.7582], [-71.3187, 46.7585], [-71.3191, 46.7588], [-71.3195, 46.759], [-71.3198, 46.7592], [-71.3201, 46.7594], [-71.3203, 46.7595], [-71.3205, 46.7595], [-71.3206, 46.7596], [-71.3207, 46.7596], [-71.3208, 46.7596], [-71.3208, 46.7595], [-71.3207, 46.7594], [-71.3206, 46.7593], [-71.3205, 46.7592], [-71.3204, 46.7591], [-71.3202, 46.7589], [-71.3201, 46.7588], [-71.32, 46.7587], [-71.3199, 46.7586], [-71.3199, 46.7585], [-71.3198, 46.7585], [-71.3198, 46.7584], [-71.3199, 46.7583], [-71.32, 46.7583], [-71.3201, 46.7583], [-71.3202, 46.7583], [-71.3204, 46.7584], [-71.3206, 46.7585], [-71.3208, 46.7586], [-71.3211, 46.7587], [-71.3213, 46.7588], [-71.3216, 46.7588], [-71.322, 46.7587], [-71.3223, 46.7587], [-71.3227, 46.7585], [-71.3231, 46.7583], [-71.3235, 46.7581], [-71.324, 46.7578], [-71.3244, 46.7575], [-71.3248, 46.7573], [-71.3251, 46.7571], [-71.3254, 46.757], [-71.3257, 46.7569], [-71.3259, 46.7569], [-71.326, 46.7569], [-71.3261, 46.757], [-71.3262, 46.757], [-71.3262, 46.7571], [-71.3262, 46.7572], [-71.3262, 46.7573], [-71.3261, 46.7574], [-71.3259, 46.7576], [-71.3258, 46.7577]]]}}, {"type": "Feature", "properties": {"couche": "voile", "station": "Pie-XII", "minutes": 8}, "geometry": {"type": "Polygon", "coordinates": [[[-71.4854, 46.8711], [-71.159, 46.8734], [-71.1563, 46.6497], [-71.4814, 46.6473], [-71.4854, 46.8711]], [[-71.3259, 46.7576], [-71.3261, 46.7574], [-71.3262, 46.7573], [-71.3262, 46.7572], [-71.3262, 46.7571], [-71.3262, 46.757], [-71.3261, 46.757], [-71.326, 46.7569], [-71.3259, 46.7569], [-71.3257, 46.7569], [-71.3254, 46.757], [-71.3251, 46.7571], [-71.3248, 46.7573], [-71.3244, 46.7575], [-71.324, 46.7578], [-71.3235, 46.7581], [-71.3231, 46.7583], [-71.3227, 46.7585], [-71.3223, 46.7587], [-71.322, 46.7587], [-71.3216, 46.7588], [-71.3213, 46.7588], [-71.3211, 46.7587], [-71.3208, 46.7586], [-71.3206, 46.7585], [-71.3204, 46.7584], [-71.3202, 46.7583], [-71.3201, 46.7583], [-71.32, 46.7583], [-71.3199, 46.7583], [-71.3198, 46.7584], [-71.3198, 46.7585], [-71.3199, 46.7585], [-71.3199, 46.7586], [-71.32, 46.7587], [-71.3201, 46.7588], [-71.3202, 46.7589], [-71.3204, 46.7591], [-71.3205, 46.7592], [-71.3206, 46.7593], [-71.3207, 46.7594], [-71.3208, 46.7595], [-71.3208, 46.7596], [-71.3207, 46.7596], [-71.3206, 46.7596], [-71.3205, 46.7595], [-71.3203, 46.7595], [-71.3201, 46.7594], [-71.3198, 46.7592], [-71.3195, 46.759], [-71.3191, 46.7588], [-71.3187, 46.7585], [-71.3182, 46.7582], [-71.3177, 46.7578], [-71.3173, 46.7575], [-71.3169, 46.7573], [-71.3165, 46.757], [-71.3163, 46.7569], [-71.316, 46.7567], [-71.3158, 46.7566], [-71.3157, 46.7566], [-71.3156, 46.7566], [-71.3155, 46.7566], [-71.3155, 46.7567], [-71.3155, 46.7568], [-71.3156, 46.7569], [-71.3157, 46.7571], [-71.3158, 46.7572], [-71.316, 46.7574], [-71.3161, 46.7576], [-71.3162, 46.7577], [-71.3163, 46.7578], [-71.3163, 46.7579], [-71.3162, 46.7579], [-71.3161, 46.7579], [-71.316, 46.7578], [-71.3159, 46.7578], [-71.3158, 46.7578], [-71.3157, 46.7578], [-71.3156, 46.7578], [-71.3155, 46.7578], [-71.3154, 46.7578], [-71.3154, 46.7579], [-71.3153, 46.7579], [-71.3153, 46.758], [-71.3153, 46.7581], [-71.3153, 46.7582], [-71.3153, 46.7583], [-71.3154, 46.7584], [-71.3155, 46.7585], [-71.3156, 46.7587], [-71.3158, 46.7589], [-71.3159, 46.759], [-71.3161, 46.7591], [-71.3162, 46.7592], [-71.3164, 46.7593], [-71.3166, 46.7593], [-71.3167, 46.7594], [-71.3169, 46.7594], [-71.317, 46.7594], [-71.3172, 46.7594], [-71.3173, 46.7594], [-71.3174, 46.7593], [-71.3175, 46.7592], [-71.3175, 46.7591], [-71.3175, 46.759], [-71.3174, 46.7589], [-71.3174, 46.7588], [-71.3174, 46.7587], [-71.3175, 46.7587], [-71.3175, 46.7588], [-71.3176, 46.7588], [-71.3177, 46.7589], [-71.3178, 46.759], [-71.3179, 46.759], [-71.318, 46.7591], [-71.318, 46.7592], [-71.318, 46.7593], [-71.318, 46.7594], [-71.3179, 46.7595], [-71.3178, 46.7595], [-71.3177, 46.7596], [-71.3176, 46.7597], [-71.3174, 46.7597], [-71.3172, 46.7598], [-71.317, 46.7598], [-71.3168, 46.7598], [-71.3166, 46.7599], [-71.3163, 46.7599], [-71.316, 46.7599], [-71.3158, 46.7599], [-71.3156, 46.7599], [-71.3154, 46.76], [-71.3153, 46.7601], [-71.3151, 46.7602], [-71.3151, 46.7603], [-71.315, 46.7604], [-71.315, 46.7606], [-71.315, 46.7607], [-71.315, 46.7609], [-71.3151, 46.761], [-71.3152, 46.7611], [-71.3153, 46.7611], [-71.3155, 46.7611], [-71.3156, 46.7611], [-71.3157, 46.7611], [-71.3158, 46.7611], [-71.3158, 46.7612], [-71.3158, 46.7613], [-71.3157, 46.7614], [-71.3156, 46.7616], [-71.3154, 46.7617], [-71.3153, 46.7618], [-71.3152, 46.7619], [-71.3152, 46.762], [-71.3152, 46.7621], [-71.3153, 46.7622], [-71.3154, 46.7622], [-71.3155, 46.7622], [-71.3157, 46.7623], [-71.3159, 46.7623], [-71.316, 46.7623], [-71.316, 46.7624], [-71.3159, 46.7624], [-71.3158, 46.7624], [-71.3157, 46.7625], [-71.3155, 46.7625], [-71.3153, 46.7626], [-71.3152, 46.7627], [-71.3151, 46.7628], [-71.315, 46.7629], [-71.3149, 46.763], [-71.3149, 46.7632], [-71.3148, 46.7633], [-71.3149, 46.7635], [-71.3149, 46.7637], [-71.315, 46.7638], [-71.3151, 46.7639], [-71.3153, 46.764], [-71.3155, 46.7641], [-71.3157, 46.7641], [-71.316, 46.7642], [-71.3164, 46.7642], [-71.3167, 46.7642], [-71.317, 46.7642], [-71.3173, 46.7641], [-71.3177, 46.764], [-71.318, 46.7639], [-71.3183, 46.7638], [-71.3186, 46.7636], [-71.3189, 46.7634], [-71.3192, 46.7633], [-71.3194, 46.7632], [-71.3196, 46.7631], [-71.3197, 46.7631], [-71.3197, 46.7632], [-71.3196, 46.7633], [-71.3194, 46.7634], [-71.3193, 46.7636], [-71.3192, 46.7637], [-71.3191, 46.7638], [-71.3191, 46.7639], [-71.319, 46.764], [-71.319, 46.7641], [-71.3191, 46.7642], [-71.3191, 46.7643], [-71.3192, 46.7643], [-71.3193, 46.7643], [-71.3194, 46.7643], [-71.3195, 46.7643], [-71.3196, 46.7643], [-71.3198, 46.7642], [-71.3199, 46.7642], [-71.32, 46.7642], [-71.3201, 46.7642], [-71.3202, 46.7642], [-71.3203, 46.7642], [-71.3204, 46.7642], [-71.3205, 46.7642], [-71.3205, 46.7643], [-71.3206, 46.7643], [-71.3207, 46.7643], [-71.3208, 46.7643], [-71.3209, 46.7643], [-71.321, 46.7643], [-71.3211, 46.7642], [-71.3212, 46.7642], [-71.3213, 46.7641], [-71.3215, 46.7641], [-71.3216, 46.764], [-71.3217, 46.764], [-71.3219, 46.764], [-71.322, 46.764], [-71.3222, 46.7641], [-71.3223, 46.7641], [-71.3225, 46.7642], [-71.3227, 46.7643], [-71.3229, 46.7643], [-71.3231, 46.7644], [-71.3234, 46.7644], [-71.3237, 46.7644], [-71.324, 46.7644], [-71.3244, 46.7644], [-71.3248, 46.7644], [-71.3251, 46.7644], [-71.3254, 46.7644], [-71.3256, 46.7643], [-71.3258, 46.7643], [-71.326, 46.7642], [-71.3261, 46.7641], [-71.3261, 46.764], [-71.3262, 46.7639], [-71.3261, 46.7637], [-71.3259, 46.7635], [-71.3257, 46.7633], [-71.3255, 46.7631], [-71.3251, 46.7628], [-71.3247, 46.7625], [-71.3242, 46.7622], [-71.3236, 46.7619], [-71.3232, 46.7616], [-71.3228, 46.7612], [-71.3226, 46.761], [-71.3225, 46.7607], [-71.3224, 46.7604], [-71.3225, 46.7602], [-71.3227, 46.76], [-71.323, 46.7598], [-71.3233, 46.7596], [-71.3235, 46.7595], [-71.3237, 46.7594], [-71.3239, 46.7594], [-71.324, 46.7594], [-71.3241, 46.7594], [-71.3241, 46.7595], [-71.3241, 46.7597], [-71.3241, 46.7598], [-71.3242, 46.7599], [-71.3243, 46.7599], [-71.3245, 46.76], [-71.3246, 46.7601], [-71.3248, 46.7601], [-71.3251, 46.7601], [-71.3254, 46.7601], [-71.3256, 46.7601], [-71.3258, 46.76], [-71.326, 46.76], [-71.3261, 46.7599], [-71.3262, 46.7598], [-71.3263, 46.7596], [-71.3263, 46.7595], [-71.3263, 46.7593], [-71.3263, 46.7592], [-71.3263, 46.759], [-71.3262, 46.7589], [-71.3261, 46.7588], [-71.326, 46.7587], [-71.3258, 46.7587], [-71.3257, 46.7586], [-71.3255, 46.7586], [-71.3253, 46.7586], [-71.3252, 46.7585], [-71.3252, 46.7584], [-71.3252, 46.7583], [-71.3253, 46.7582], [-71.3254, 46.7581], [-71.3255, 46.7579], [-71.3258, 46.7577], [-71.3259, 46.7576]]]}}, {"type": "Feature", "properties": {"couche": "aire_marche", "station": "Pie-XII", "ordre": 4, "minutes": 9, "superficie_ha": 59.7, "rue_km": 16.37, "disque_ha": 124.7, "part_disque_pct": 48, "accroche_m": 6, "population": 2920, "navetteurs": 932, "mode_auto_pct": 62, "mode_tc_pct": 23, "mode_actif_pct": 13, "mode_autre_pct": 2}, "geometry": {"type": "Polygon", "coordinates": [[[-71.3262, 46.7575], [-71.326, 46.7576], [-71.3259, 46.7578], [-71.3259, 46.7579], [-71.3259, 46.758], [-71.3259, 46.7582], [-71.326, 46.7582], [-71.3262, 46.7583], [-71.3264, 46.7584], [-71.3266, 46.7584], [-71.3268, 46.7585], [-71.3269, 46.7586], [-71.3269, 46.7587], [-71.3269, 46.7588], [-71.3268, 46.7589], [-71.3267, 46.759], [-71.3266, 46.759], [-71.3265, 46.7591], [-71.3265, 46.7592], [-71.3265, 46.7593], [-71.3266, 46.7594], [-71.3267, 46.7594], [-71.3268, 46.7595], [-71.3269, 46.7595], [-71.327, 46.7596], [-71.327, 46.7597], [-71.3271, 46.7598], [-71.3271, 46.7599], [-71.3271, 46.76], [-71.3271, 46.7602], [-71.327, 46.7603], [-71.3269, 46.7603], [-71.3268, 46.7604], [-71.3267, 46.7605], [-71.3265, 46.7605], [-71.3263, 46.7606], [-71.3261, 46.7606], [-71.3258, 46.7606], [-71.3256, 46.7606], [-71.3253, 46.7605], [-71.3251, 46.7605], [-71.3249, 46.7604], [-71.3247, 46.7604], [-71.3244, 46.7603], [-71.3242, 46.7602], [-71.324, 46.76], [-71.3238, 46.7599], [-71.3236, 46.7599], [-71.3234, 46.7599], [-71.3232, 46.7599], [-71.323, 46.7599], [-71.3228, 46.76], [-71.3226, 46.7601], [-71.3224, 46.7602], [-71.3222, 46.7604], [-71.3222, 46.7605], [-71.3223, 46.7608], [-71.3224, 46.761], [-71.3226, 46.7613], [-71.3229, 46.7615], [-71.3233, 46.7619], [-71.3238, 46.7622], [-71.3242, 46.7625], [-71.3246, 46.7627], [-71.325, 46.7629], [-71.3253, 46.7631], [-71.3256, 46.7632], [-71.3258, 46.7632], [-71.326, 46.7632], [-71.3262, 46.7631], [-71.3263, 46.7631], [-71.3264, 46.7631], [-71.3265, 46.7631], [-71.3265, 46.7632], [-71.3265, 46.7633], [-71.3265, 46.7634], [-71.3264, 46.7635], [-71.3264, 46.7636], [-71.3263, 46.7637], [-71.3263, 46.7638], [-71.3263, 46.764], [-71.3263, 46.7641], [-71.3264, 46.7642], [-71.3264, 46.7643], [-71.3265, 46.7644], [-71.3265, 46.7645], [-71.3266, 46.7646], [-71.3265, 46.7647], [-71.3264, 46.7647], [-71.3263, 46.7647], [-71.3261, 46.7646], [-71.326, 46.7646], [-71.3258, 46.7645], [-71.3256, 46.7645], [-71.3255, 46.7645], [-71.3254, 46.7645], [-71.3253, 46.7645], [-71.3252, 46.7646], [-71.3251, 46.7647], [-71.325, 46.7648], [-71.3249, 46.7648], [-71.3248, 46.7648], [-71.3247, 46.7648], [-71.3246, 46.7648], [-71.3245, 46.7648], [-71.3244, 46.7647], [-71.3243, 46.7647], [-71.3241, 46.7646], [-71.324, 46.7646], [-71.3238, 46.7646], [-71.3237, 46.7646], [-71.3235, 46.7647], [-71.3233, 46.7647], [-71.3231, 46.7647], [-71.3229, 46.7648], [-71.3227, 46.7648], [-71.3225, 46.7648], [-71.3223, 46.7648], [-71.3222, 46.7647], [-71.322, 46.7647], [-71.3219, 46.7646], [-71.3217, 46.7645], [-71.3216, 46.7645], [-71.3214, 46.7644], [-71.3213, 46.7644], [-71.3211, 46.7644], [-71.321, 46.7644], [-71.3209, 46.7645], [-71.3207, 46.7645], [-71.3206, 46.7646], [-71.3205, 46.7647], [-71.3204, 46.7647], [-71.3203, 46.7647], [-71.3202, 46.7648], [-71.3201, 46.7648], [-71.32, 46.7647], [-71.3199, 46.7647], [-71.3198, 46.7647], [-71.3197, 46.7646], [-71.3196, 46.7646], [-71.3195, 46.7646], [-71.3194, 46.7646], [-71.3193, 46.7646], [-71.3192, 46.7646], [-71.3191, 46.7647], [-71.3189, 46.7647], [-71.3188, 46.7647], [-71.3187, 46.7647], [-71.3186, 46.7647], [-71.3185, 46.7647], [-71.3184, 46.7646], [-71.3184, 46.7645], [-71.3184, 46.7644], [-71.3185, 46.7643], [-71.3186, 46.7641], [-71.3187, 46.764], [-71.3189, 46.7638], [-71.3191, 46.7637], [-71.3193, 46.7635], [-71.3195, 46.7633], [-71.3195, 46.7632], [-71.3194, 46.7633], [-71.3192, 46.7634], [-71.3189, 46.7636], [-71.3186, 46.7639], [-71.3183, 46.7641], [-71.318, 46.7642], [-71.3177, 46.7644], [-71.3175, 46.7645], [-71.3172, 46.7645], [-71.317, 46.7645], [-71.3167, 46.7645], [-71.3165, 46.7645], [-71.3163, 46.7644], [-71.3161, 46.7644], [-71.3159, 46.7644], [-71.3157, 46.7644], [-71.3155, 46.7644], [-71.3153, 46.7644], [-71.3151, 46.7644], [-71.3149, 46.7644], [-71.3148, 46.7644], [-71.3146, 46.7644], [-71.3145, 46.7642], [-71.3144, 46.7641], [-71.3143, 46.7638], [-71.3143, 46.7635], [-71.3142, 46.7632], [-71.3142, 46.7628], [-71.3142, 46.7625], [-71.3142, 46.7622], [-71.3143, 46.7619], [-71.3143, 46.7617], [-71.3144, 46.7615], [-71.3144, 46.7614], [-71.3145, 46.7613], [-71.3146, 46.7613], [-71.3146, 46.7612], [-71.3147, 46.7612], [-71.3147, 46.7611], [-71.3147, 46.761], [-71.3146, 46.7609], [-71.3146, 46.7608], [-71.3145, 46.7608], [-71.3144, 46.7607], [-71.3144, 46.7606], [-71.3145, 46.7605], [-71.3146, 46.7605], [-71.3147, 46.7605], [-71.3149, 46.7605], [-71.315, 46.7604], [-71.3151, 46.7604], [-71.3151, 46.7603], [-71.3151, 46.7602], [-71.3151, 46.7601], [-71.315, 46.76], [-71.3148, 46.7599], [-71.3148, 46.7598], [-71.3147, 46.7597], [-71.3147, 46.7596], [-71.3148, 46.7595], [-71.3149, 46.7594], [-71.315, 46.7593], [-71.3152, 46.7593], [-71.3154, 46.7592], [-71.3156, 46.7592], [-71.3157, 46.7591], [-71.3158, 46.759], [-71.3158, 46.7589], [-71.3158, 46.7588], [-71.3157, 46.7587], [-71.3155, 46.7586], [-71.3153, 46.7585], [-71.3151, 46.7584], [-71.3149, 46.7583], [-71.3148, 46.7582], [-71.3147, 46.7581], [-71.3146, 46.758], [-71.3146, 46.7579], [-71.3145, 46.7578], [-71.3145, 46.7577], [-71.3145, 46.7576], [-71.3146, 46.7575], [-71.3147, 46.7574], [-71.3148, 46.7574], [-71.3149, 46.7573], [-71.315, 46.7573], [-71.3151, 46.7573], [-71.3152, 46.7574], [-71.3153, 46.7574], [-71.3155, 46.7574], [-71.3156, 46.7575], [-71.3158, 46.7576], [-71.3159, 46.7577], [-71.3161, 46.7577], [-71.316, 46.7575], [-71.3159, 46.7574], [-71.3157, 46.7572], [-71.3155, 46.757], [-71.3153, 46.7568], [-71.3151, 46.7566], [-71.315, 46.7564], [-71.3149, 46.7563], [-71.3149, 46.7562], [-71.315, 46.7561], [-71.3152, 46.7562], [-71.3154, 46.7563], [-71.3157, 46.7564], [-71.316, 46.7567], [-71.3164, 46.7569], [-71.3169, 46.7572], [-71.3174, 46.7576], [-71.318, 46.758], [-71.3185, 46.7584], [-71.319, 46.7587], [-71.3194, 46.759], [-71.3197, 46.7592], [-71.32, 46.7594], [-71.3203, 46.7595], [-71.3205, 46.7595], [-71.3206, 46.7596], [-71.3207, 46.7596], [-71.3208, 46.7596], [-71.3208, 46.7595], [-71.3207, 46.7594], [-71.3206, 46.7593], [-71.3205, 46.7592], [-71.3204, 46.7591], [-71.3202, 46.7589], [-71.3201, 46.7588], [-71.32, 46.7587], [-71.3199, 46.7586], [-71.3199, 46.7585], [-71.3198, 46.7585], [-71.3198, 46.7584], [-71.3199, 46.7583], [-71.32, 46.7583], [-71.3201, 46.7583], [-71.3202, 46.7583], [-71.3204, 46.7584], [-71.3206, 46.7585], [-71.3208, 46.7586], [-71.3211, 46.7587], [-71.3213, 46.7588], [-71.3217, 46.7588], [-71.322, 46.7587], [-71.3224, 46.7586], [-71.3229, 46.7584], [-71.3233, 46.7582], [-71.3238, 46.7579], [-71.3244, 46.7575], [-71.3249, 46.7572], [-71.3253, 46.757], [-71.3257, 46.7568], [-71.326, 46.7566], [-71.3263, 46.7565], [-71.3265, 46.7565], [-71.3267, 46.7565], [-71.3268, 46.7565], [-71.3269, 46.7566], [-71.3269, 46.7567], [-71.3269, 46.7568], [-71.3268, 46.7569], [-71.3267, 46.757], [-71.3266, 46.7572], [-71.3264, 46.7573], [-71.3262, 46.7575]]]}}, {"type": "Feature", "properties": {"couche": "voile", "station": "Pie-XII", "minutes": 9}, "geometry": {"type": "Polygon", "coordinates": [[[-71.4862, 46.8715], [-71.1584, 46.8738], [-71.1557, 46.6492], [-71.4821, 46.6468], [-71.4862, 46.8715]], [[-71.3264, 46.7573], [-71.3266, 46.7572], [-71.3267, 46.757], [-71.3268, 46.7569], [-71.3269, 46.7568], [-71.3269, 46.7567], [-71.3269, 46.7566], [-71.3268, 46.7565], [-71.3267, 46.7565], [-71.3265, 46.7565], [-71.3263, 46.7565], [-71.326, 46.7566], [-71.3257, 46.7568], [-71.3253, 46.757], [-71.3249, 46.7572], [-71.3244, 46.7575], [-71.3238, 46.7579], [-71.3233, 46.7582], [-71.3229, 46.7584], [-71.3224, 46.7586], [-71.322, 46.7587], [-71.3217, 46.7588], [-71.3213, 46.7588], [-71.3211, 46.7587], [-71.3208, 46.7586], [-71.3206, 46.7585], [-71.3204, 46.7584], [-71.3202, 46.7583], [-71.3201, 46.7583], [-71.32, 46.7583], [-71.3199, 46.7583], [-71.3198, 46.7584], [-71.3198, 46.7585], [-71.3199, 46.7585], [-71.3199, 46.7586], [-71.32, 46.7587], [-71.3201, 46.7588], [-71.3202, 46.7589], [-71.3204, 46.7591], [-71.3205, 46.7592], [-71.3206, 46.7593], [-71.3207, 46.7594], [-71.3208, 46.7595], [-71.3208, 46.7596], [-71.3207, 46.7596], [-71.3206, 46.7596], [-71.3205, 46.7595], [-71.3203, 46.7595], [-71.32, 46.7594], [-71.3197, 46.7592], [-71.3194, 46.759], [-71.319, 46.7587], [-71.3185, 46.7584], [-71.318, 46.758], [-71.3174, 46.7576], [-71.3169, 46.7572], [-71.3164, 46.7569], [-71.316, 46.7567], [-71.3157, 46.7564], [-71.3154, 46.7563], [-71.3152, 46.7562], [-71.315, 46.7561], [-71.3149, 46.7562], [-71.3149, 46.7563], [-71.315, 46.7564], [-71.3151, 46.7566], [-71.3153, 46.7568], [-71.3155, 46.757], [-71.3157, 46.7572], [-71.3159, 46.7574], [-71.316, 46.7575], [-71.3161, 46.7577], [-71.3159, 46.7577], [-71.3158, 46.7576], [-71.3156, 46.7575], [-71.3155, 46.7574], [-71.3153, 46.7574], [-71.3152, 46.7574], [-71.3151, 46.7573], [-71.315, 46.7573], [-71.3149, 46.7573], [-71.3148, 46.7574], [-71.3147, 46.7574], [-71.3146, 46.7575], [-71.3145, 46.7576], [-71.3145, 46.7577], [-71.3145, 46.7578], [-71.3146, 46.7579], [-71.3146, 46.758], [-71.3147, 46.7581], [-71.3148, 46.7582], [-71.3149, 46.7583], [-71.3151, 46.7584], [-71.3153, 46.7585], [-71.3155, 46.7586], [-71.3157, 46.7587], [-71.3158, 46.7588], [-71.3158, 46.7589], [-71.3158, 46.759], [-71.3157, 46.7591], [-71.3156, 46.7592], [-71.3154, 46.7592], [-71.3152, 46.7593], [-71.315, 46.7593], [-71.3149, 46.7594], [-71.3148, 46.7595], [-71.3147, 46.7596], [-71.3147, 46.7597], [-71.3148, 46.7598], [-71.3148, 46.7599], [-71.315, 46.76], [-71.3151, 46.7601], [-71.3151, 46.7602], [-71.3151, 46.7603], [-71.3151, 46.7604], [-71.315, 46.7604], [-71.3149, 46.7605], [-71.3147, 46.7605], [-71.3146, 46.7605], [-71.3145, 46.7605], [-71.3144, 46.7606], [-71.3144, 46.7607], [-71.3145, 46.7608], [-71.3146, 46.7608], [-71.3146, 46.7609], [-71.3147, 46.761], [-71.3147, 46.7611], [-71.3147, 46.7612], [-71.3146, 46.7612], [-71.3146, 46.7613], [-71.3145, 46.7613], [-71.3144, 46.7614], [-71.3144, 46.7615], [-71.3143, 46.7617], [-71.3143, 46.7619], [-71.3142, 46.7622], [-71.3142, 46.7625], [-71.3142, 46.7628], [-71.3142, 46.7632], [-71.3143, 46.7635], [-71.3143, 46.7638], [-71.3144, 46.7641], [-71.3145, 46.7642], [-71.3146, 46.7644], [-71.3148, 46.7644], [-71.3149, 46.7644], [-71.3151, 46.7644], [-71.3153, 46.7644], [-71.3155, 46.7644], [-71.3157, 46.7644], [-71.3159, 46.7644], [-71.3161, 46.7644], [-71.3163, 46.7644], [-71.3165, 46.7645], [-71.3167, 46.7645], [-71.317, 46.7645], [-71.3172, 46.7645], [-71.3175, 46.7645], [-71.3177, 46.7644], [-71.318, 46.7642], [-71.3183, 46.7641], [-71.3186, 46.7639], [-71.3189, 46.7636], [-71.3192, 46.7634], [-71.3194, 46.7633], [-71.3195, 46.7632], [-71.3195, 46.7633], [-71.3193, 46.7635], [-71.3191, 46.7637], [-71.3189, 46.7638], [-71.3187, 46.764], [-71.3186, 46.7641], [-71.3185, 46.7643], [-71.3184, 46.7644], [-71.3184, 46.7645], [-71.3184, 46.7646], [-71.3185, 46.7647], [-71.3186, 46.7647], [-71.3187, 46.7647], [-71.3188, 46.7647], [-71.3189, 46.7647], [-71.3191, 46.7647], [-71.3192, 46.7646], [-71.3193, 46.7646], [-71.3194, 46.7646], [-71.3195, 46.7646], [-71.3196, 46.7646], [-71.3197, 46.7646], [-71.3198, 46.7647], [-71.3199, 46.7647], [-71.32, 46.7647], [-71.3201, 46.7648], [-71.3202, 46.7648], [-71.3203, 46.7647], [-71.3204, 46.7647], [-71.3205, 46.7647], [-71.3206, 46.7646], [-71.3207, 46.7645], [-71.3209, 46.7645], [-71.321, 46.7644], [-71.3211, 46.7644], [-71.3213, 46.7644], [-71.3214, 46.7644], [-71.3216, 46.7645], [-71.3217, 46.7645], [-71.3219, 46.7646], [-71.322, 46.7647], [-71.3222, 46.7647], [-71.3223, 46.7648], [-71.3225, 46.7648], [-71.3227, 46.7648], [-71.3229, 46.7648], [-71.3231, 46.7647], [-71.3233, 46.7647], [-71.3235, 46.7647], [-71.3237, 46.7646], [-71.3238, 46.7646], [-71.324, 46.7646], [-71.3241, 46.7646], [-71.3243, 46.7647], [-71.3244, 46.7647], [-71.3245, 46.7648], [-71.3246, 46.7648], [-71.3247, 46.7648], [-71.3248, 46.7648], [-71.3249, 46.7648], [-71.325, 46.7648], [-71.3251, 46.7647], [-71.3252, 46.7646], [-71.3253, 46.7645], [-71.3254, 46.7645], [-71.3255, 46.7645], [-71.3256, 46.7645], [-71.3258, 46.7645], [-71.326, 46.7646], [-71.3261, 46.7646], [-71.3263, 46.7647], [-71.3264, 46.7647], [-71.3265, 46.7647], [-71.3266, 46.7646], [-71.3265, 46.7645], [-71.3265, 46.7644], [-71.3264, 46.7643], [-71.3264, 46.7642], [-71.3263, 46.7641], [-71.3263, 46.764], [-71.3263, 46.7638], [-71.3263, 46.7637], [-71.3264, 46.7636], [-71.3264, 46.7635], [-71.3265, 46.7634], [-71.3265, 46.7633], [-71.3265, 46.7632], [-71.3265, 46.7631], [-71.3264, 46.7631], [-71.3263, 46.7631], [-71.3262, 46.7631], [-71.326, 46.7632], [-71.3258, 46.7632], [-71.3256, 46.7632], [-71.3253, 46.7631], [-71.325, 46.7629], [-71.3246, 46.7627], [-71.3242, 46.7625], [-71.3238, 46.7622], [-71.3233, 46.7619], [-71.3229, 46.7615], [-71.3226, 46.7613], [-71.3224, 46.761], [-71.3223, 46.7608], [-71.3222, 46.7605], [-71.3222, 46.7604], [-71.3224, 46.7602], [-71.3226, 46.7601], [-71.3228, 46.76], [-71.323, 46.7599], [-71.3232, 46.7599], [-71.3234, 46.7599], [-71.3236, 46.7599], [-71.3238, 46.7599], [-71.324, 46.76], [-71.3242, 46.7602], [-71.3244, 46.7603], [-71.3247, 46.7604], [-71.3249, 46.7604], [-71.3251, 46.7605], [-71.3253, 46.7605], [-71.3256, 46.7606], [-71.3258, 46.7606], [-71.3261, 46.7606], [-71.3263, 46.7606], [-71.3265, 46.7605], [-71.3267, 46.7605], [-71.3268, 46.7604], [-71.3269, 46.7603], [-71.327, 46.7603], [-71.3271, 46.7602], [-71.3271, 46.76], [-71.3271, 46.7599], [-71.3271, 46.7598], [-71.327, 46.7597], [-71.327, 46.7596], [-71.3269, 46.7595], [-71.3268, 46.7595], [-71.3267, 46.7594], [-71.3266, 46.7594], [-71.3265, 46.7593], [-71.3265, 46.7592], [-71.3265, 46.7591], [-71.3266, 46.759], [-71.3267, 46.759], [-71.3268, 46.7589], [-71.3269, 46.7588], [-71.3269, 46.7587], [-71.3269, 46.7586], [-71.3268, 46.7585], [-71.3266, 46.7584], [-71.3264, 46.7584], [-71.3262, 46.7583], [-71.326, 46.7582], [-71.3259, 46.7582], [-71.3259, 46.758], [-71.3259, 46.7579], [-71.3259, 46.7578], [-71.326, 46.7576], [-71.3262, 46.7575], [-71.3264, 46.7573]]]}}, {"type": "Feature", "properties": {"couche": "aire_marche", "station": "Pie-XII", "ordre": 4, "minutes": 10, "superficie_ha": 74.5, "rue_km": 20.07, "disque_ha": 153.9, "part_disque_pct": 48, "accroche_m": 6, "population": 3454, "navetteurs": 1088, "mode_auto_pct": 63, "mode_tc_pct": 22, "mode_actif_pct": 13, "mode_autre_pct": 2}, "geometry": {"type": "Polygon", "coordinates": [[[-71.3272, 46.7591], [-71.327, 46.7591], [-71.3268, 46.7592], [-71.3267, 46.7592], [-71.3267, 46.7593], [-71.3267, 46.7594], [-71.3268, 46.7595], [-71.3269, 46.7596], [-71.3271, 46.7597], [-71.3273, 46.7598], [-71.3275, 46.76], [-71.3276, 46.7601], [-71.3276, 46.7602], [-71.3277, 46.7603], [-71.3277, 46.7604], [-71.3276, 46.7605], [-71.3276, 46.7607], [-71.3275, 46.7608], [-71.3274, 46.7609], [-71.3273, 46.7609], [-71.3271, 46.761], [-71.327, 46.761], [-71.3268, 46.7611], [-71.3266, 46.7611], [-71.3264, 46.7611], [-71.3261, 46.761], [-71.3259, 46.761], [-71.3257, 46.7609], [-71.3254, 46.7609], [-71.3252, 46.7608], [-71.325, 46.7607], [-71.3247, 46.7605], [-71.3245, 46.7604], [-71.3243, 46.7603], [-71.324, 46.7602], [-71.3238, 46.7602], [-71.3235, 46.7601], [-71.3233, 46.7601], [-71.323, 46.7602], [-71.3228, 46.7602], [-71.3225, 46.7603], [-71.3224, 46.7605], [-71.3223, 46.7606], [-71.3223, 46.7608], [-71.3224, 46.761], [-71.3226, 46.7613], [-71.3229, 46.7616], [-71.3233, 46.7619], [-71.3238, 46.7622], [-71.3242, 46.7625], [-71.3246, 46.7627], [-71.3249, 46.7629], [-71.3252, 46.763], [-71.3255, 46.763], [-71.3257, 46.763], [-71.3259, 46.7629], [-71.326, 46.7628], [-71.3261, 46.7627], [-71.3262, 46.7626], [-71.3263, 46.7625], [-71.3264, 46.7624], [-71.3265, 46.7624], [-71.3266, 46.7624], [-71.3267, 46.7623], [-71.3268, 46.7624], [-71.3269, 46.7624], [-71.3269, 46.7625], [-71.3269, 46.7626], [-71.3269, 46.7627], [-71.3268, 46.7629], [-71.3267, 46.763], [-71.3266, 46.7632], [-71.3265, 46.7634], [-71.3265, 46.7636], [-71.3264, 46.7638], [-71.3265, 46.7639], [-71.3265, 46.7641], [-71.3266, 46.7642], [-71.3267, 46.7643], [-71.3269, 46.7645], [-71.3271, 46.7646], [-71.3272, 46.7647], [-71.3273, 46.7648], [-71.3273, 46.7649], [-71.3274, 46.765], [-71.3274, 46.7651], [-71.3274, 46.7652], [-71.3273, 46.7652], [-71.3272, 46.7652], [-71.327, 46.7652], [-71.3269, 46.7651], [-71.3267, 46.765], [-71.3264, 46.7649], [-71.3262, 46.7648], [-71.326, 46.7647], [-71.3258, 46.7646], [-71.3257, 46.7646], [-71.3256, 46.7646], [-71.3257, 46.7647], [-71.3257, 46.7648], [-71.3258, 46.7649], [-71.3258, 46.765], [-71.3258, 46.7651], [-71.3258, 46.7652], [-71.3257, 46.7652], [-71.3256, 46.7653], [-71.3255, 46.7653], [-71.3253, 46.7653], [-71.3252, 46.7653], [-71.325, 46.7653], [-71.3248, 46.7652], [-71.3245, 46.7652], [-71.3242, 46.7651], [-71.324, 46.7651], [-71.3237, 46.7651], [-71.3234, 46.765], [-71.3232, 46.765], [-71.323, 46.765], [-71.3228, 46.7651], [-71.3226, 46.7651], [-71.3224, 46.7652], [-71.3222, 46.7652], [-71.322, 46.7652], [-71.3219, 46.7652], [-71.3217, 46.7652], [-71.3215, 46.7652], [-71.3214, 46.7651], [-71.3212, 46.7651], [-71.3211, 46.765], [-71.3209, 46.7649], [-71.3208, 46.7649], [-71.3206, 46.7649], [-71.3205, 46.7649], [-71.3203, 46.7649], [-71.3202, 46.7649], [-71.3201, 46.765], [-71.3199, 46.765], [-71.3198, 46.7651], [-71.3197, 46.7652], [-71.3195, 46.7652], [-71.3193, 46.7653], [-71.3192, 46.7653], [-71.319, 46.7653], [-71.3188, 46.7653], [-71.3186, 46.7653], [-71.3184, 46.7653], [-71.3183, 46.7653], [-71.3181, 46.7652], [-71.318, 46.7652], [-71.3178, 46.7652], [-71.3177, 46.7651], [-71.3176, 46.765], [-71.3174, 46.765], [-71.3173, 46.7649], [-71.3172, 46.7649], [-71.3171, 46.7649], [-71.3169, 46.7649], [-71.3168, 46.7649], [-71.3166, 46.7649], [-71.3165, 46.7649], [-71.3163, 46.765], [-71.3162, 46.765], [-71.3161, 46.765], [-71.3159, 46.765], [-71.3158, 46.765], [-71.3157, 46.7649], [-71.3156, 46.7649], [-71.3156, 46.7648], [-71.3155, 46.7647], [-71.3154, 46.7647], [-71.3153, 46.7647], [-71.3152, 46.7647], [-71.3151, 46.7647], [-71.315, 46.7648], [-71.3149, 46.7648], [-71.3148, 46.7649], [-71.3147, 46.7649], [-71.3146, 46.765], [-71.3144, 46.765], [-71.3143, 46.765], [-71.3142, 46.765], [-71.3141, 46.765], [-71.314, 46.765], [-71.3138, 46.765], [-71.3138, 46.7649], [-71.3137, 46.7648], [-71.3136, 46.7646], [-71.3136, 46.7644], [-71.3135, 46.7642], [-71.3135, 46.764], [-71.3135, 46.7637], [-71.3135, 46.7634], [-71.3135, 46.7632], [-71.3136, 46.763], [-71.3136, 46.7628], [-71.3137, 46.7626], [-71.3138, 46.7624], [-71.3139, 46.7623], [-71.314, 46.7622], [-71.314, 46.7621], [-71.3141, 46.7619], [-71.3141, 46.7618], [-71.3141, 46.7617], [-71.3141, 46.7616], [-71.314, 46.7615], [-71.3139, 46.7614], [-71.3138, 46.7613], [-71.3138, 46.7612], [-71.3137, 46.7611], [-71.3138, 46.7611], [-71.3138, 46.761], [-71.3138, 46.7609], [-71.3139, 46.7609], [-71.314, 46.7608], [-71.314, 46.7607], [-71.314, 46.7606], [-71.314, 46.7605], [-71.3139, 46.7604], [-71.3139, 46.7603], [-71.3138, 46.7602], [-71.3138, 46.7601], [-71.3137, 46.76], [-71.3138, 46.76], [-71.3138, 46.7599], [-71.3139, 46.7599], [-71.314, 46.7598], [-71.3141, 46.7598], [-71.3142, 46.7598], [-71.3143, 46.7599], [-71.3144, 46.7599], [-71.3145, 46.7599], [-71.3146, 46.76], [-71.3148, 46.7601], [-71.3149, 46.7602], [-71.315, 46.7602], [-71.3151, 46.7602], [-71.315, 46.7601], [-71.3149, 46.76], [-71.3147, 46.7599], [-71.3145, 46.7598], [-71.3143, 46.7596], [-71.3142, 46.7594], [-71.3141, 46.7593], [-71.314, 46.7591], [-71.314, 46.7589], [-71.314, 46.7587], [-71.3141, 46.7586], [-71.3141, 46.7584], [-71.3142, 46.7582], [-71.3143, 46.758], [-71.3143, 46.7579], [-71.3143, 46.7577], [-71.3143, 46.7576], [-71.3142, 46.7575], [-71.3142, 46.7574], [-71.3141, 46.7573], [-71.3141, 46.7572], [-71.314, 46.7571], [-71.314, 46.757], [-71.3141, 46.757], [-71.3141, 46.7569], [-71.3142, 46.7569], [-71.3143, 46.7569], [-71.3144, 46.7569], [-71.3145, 46.7569], [-71.3147, 46.757], [-71.3148, 46.757], [-71.315, 46.7571], [-71.3152, 46.7572], [-71.3154, 46.7573], [-71.3157, 46.7575], [-71.3159, 46.7576], [-71.316, 46.7577], [-71.316, 46.7576], [-71.3158, 46.7575], [-71.3157, 46.7574], [-71.3154, 46.7572], [-71.3151, 46.757], [-71.3148, 46.7567], [-71.3146, 46.7566], [-71.3144, 46.7564], [-71.3142, 46.7562], [-71.3141, 46.7561], [-71.314, 46.756], [-71.314, 46.7559], [-71.3141, 46.7559], [-71.3143, 46.7559], [-71.3146, 46.7561], [-71.315, 46.7563], [-71.3155, 46.7566], [-71.316, 46.7569], [-71.3167, 46.7573], [-71.3174, 46.7578], [-71.3181, 46.7582], [-71.3187, 46.7586], [-71.3192, 46.7589], [-71.3196, 46.7591], [-71.32, 46.7593], [-71.3203, 46.7595], [-71.3205, 46.7595], [-71.3206, 46.7596], [-71.3207, 46.7596], [-71.3208, 46.7595], [-71.3208, 46.7594], [-71.3208, 46.7593], [-71.3207, 46.7592], [-71.3206, 46.759], [-71.3204, 46.7588], [-71.3203, 46.7587], [-71.3203, 46.7586], [-71.3203, 46.7585], [-71.3204, 46.7585], [-71.3206, 46.7585], [-71.3208, 46.7586], [-71.321, 46.7587], [-71.3213, 46.7588], [-71.3216, 46.7588], [-71.322, 46.7587], [-71.3224, 46.7586], [-71.3228, 46.7584], [-71.3232, 46.7582], [-71.3237, 46.758], [-71.3242, 46.7576], [-71.3247, 46.7573], [-71.3251, 46.7571], [-71.3254, 46.7568], [-71.3256, 46.7566], [-71.3258, 46.7565], [-71.326, 46.7563], [-71.326, 46.7562], [-71.326, 46.7561], [-71.3261, 46.756], [-71.3262, 46.756], [-71.3262, 46.7559], [-71.3264, 46.7559], [-71.3265, 46.7559], [-71.3267, 46.7559], [-71.3269, 46.7558], [-71.327, 46.7559], [-71.3272, 46.7559], [-71.3273, 46.7559], [-71.3274, 46.7559], [-71.3275, 46.756], [-71.3276, 46.756], [-71.3277, 46.7561], [-71.3277, 46.7562], [-71.3277, 46.7563], [-71.3277, 46.7564], [-71.3276, 46.7565], [-71.3275, 46.7566], [-71.3274, 46.7567], [-71.3272, 46.7569], [-71.3271, 46.757], [-71.3268, 46.7571], [-71.3266, 46.7573], [-71.3265, 46.7574], [-71.3263, 46.7576], [-71.3262, 46.7577], [-71.3261, 46.7578], [-71.326, 46.7579], [-71.326, 46.758], [-71.326, 46.7581], [-71.326, 46.7582], [-71.326, 46.7583], [-71.3261, 46.7584], [-71.3262, 46.7584], [-71.3263, 46.7585], [-71.3265, 46.7585], [-71.3267, 46.7585], [-71.3269, 46.7584], [-71.3271, 46.7584], [-71.3273, 46.7584], [-71.3275, 46.7585], [-71.3276, 46.7585], [-71.3277, 46.7585], [-71.3278, 46.7586], [-71.3279, 46.7587], [-71.3279, 46.7588], [-71.3278, 46.7589], [-71.3277, 46.759], [-71.3275, 46.759], [-71.3274, 46.7591], [-71.3272, 46.7591]]]}}, {"type": "Feature", "properties": {"couche": "voile", "station": "Pie-XII", "minutes": 10}, "geometry": {"type": "Polygon", "coordinates": [[[-71.4871, 46.872], [-71.1577, 46.8743], [-71.155, 46.649], [-71.483, 46.6466], [-71.4871, 46.872]], [[-71.3274, 46.7591], [-71.3275, 46.759], [-71.3277, 46.759], [-71.3278, 46.7589], [-71.3279, 46.7588], [-71.3279, 46.7587], [-71.3278, 46.7586], [-71.3277, 46.7585], [-71.3276, 46.7585], [-71.3275, 46.7585], [-71.3273, 46.7584], [-71.3271, 46.7584], [-71.3269, 46.7584], [-71.3267, 46.7585], [-71.3265, 46.7585], [-71.3263, 46.7585], [-71.3262, 46.7584], [-71.3261, 46.7584], [-71.326, 46.7583], [-71.326, 46.7582], [-71.326, 46.7581], [-71.326, 46.758], [-71.326, 46.7579], [-71.3261, 46.7578], [-71.3262, 46.7577], [-71.3263, 46.7576], [-71.3265, 46.7574], [-71.3266, 46.7573], [-71.3268, 46.7571], [-71.3271, 46.757], [-71.3272, 46.7569], [-71.3274, 46.7567], [-71.3275, 46.7566], [-71.3276, 46.7565], [-71.3277, 46.7564], [-71.3277, 46.7563], [-71.3277, 46.7562], [-71.3277, 46.7561], [-71.3276, 46.756], [-71.3275, 46.756], [-71.3274, 46.7559], [-71.3273, 46.7559], [-71.3272, 46.7559], [-71.327, 46.7559], [-71.3269, 46.7558], [-71.3267, 46.7559], [-71.3265, 46.7559], [-71.3264, 46.7559], [-71.3262, 46.7559], [-71.3262, 46.756], [-71.3261, 46.756], [-71.326, 46.7561], [-71.326, 46.7562], [-71.326, 46.7563], [-71.3258, 46.7565], [-71.3256, 46.7566], [-71.3254, 46.7568], [-71.3251, 46.7571], [-71.3247, 46.7573], [-71.3242, 46.7576], [-71.3237, 46.758], [-71.3232, 46.7582], [-71.3228, 46.7584], [-71.3224, 46.7586], [-71.322, 46.7587], [-71.3216, 46.7588], [-71.3213, 46.7588], [-71.321, 46.7587], [-71.3208, 46.7586], [-71.3206, 46.7585], [-71.3204, 46.7585], [-71.3203, 46.7585], [-71.3203, 46.7586], [-71.3203, 46.7587], [-71.3204, 46.7588], [-71.3206, 46.759], [-71.3207, 46.7592], [-71.3208, 46.7593], [-71.3208, 46.7594], [-71.3208, 46.7595], [-71.3207, 46.7596], [-71.3206, 46.7596], [-71.3205, 46.7595], [-71.3203, 46.7595], [-71.32, 46.7593], [-71.3196, 46.7591], [-71.3192, 46.7589], [-71.3187, 46.7586], [-71.3181, 46.7582], [-71.3174, 46.7578], [-71.3167, 46.7573], [-71.316, 46.7569], [-71.3155, 46.7566], [-71.315, 46.7563], [-71.3146, 46.7561], [-71.3143, 46.7559], [-71.3141, 46.7559], [-71.314, 46.7559], [-71.314, 46.756], [-71.3141, 46.7561], [-71.3142, 46.7562], [-71.3144, 46.7564], [-71.3146, 46.7566], [-71.3148, 46.7567], [-71.3151, 46.757], [-71.3154, 46.7572], [-71.3157, 46.7574], [-71.3158, 46.7575], [-71.316, 46.7576], [-71.316, 46.7577], [-71.3159, 46.7576], [-71.3157, 46.7575], [-71.3154, 46.7573], [-71.3152, 46.7572], [-71.315, 46.7571], [-71.3148, 46.757], [-71.3147, 46.757], [-71.3145, 46.7569], [-71.3144, 46.7569], [-71.3143, 46.7569], [-71.3142, 46.7569], [-71.3141, 46.7569], [-71.3141, 46.757], [-71.314, 46.757], [-71.314, 46.7571], [-71.3141, 46.7572], [-71.3141, 46.7573], [-71.3142, 46.7574], [-71.3142, 46.7575], [-71.3143, 46.7576], [-71.3143, 46.7577], [-71.3143, 46.7579], [-71.3143, 46.758], [-71.3142, 46.7582], [-71.3141, 46.7584], [-71.3141, 46.7586], [-71.314, 46.7587], [-71.314, 46.7589], [-71.314, 46.7591], [-71.3141, 46.7593], [-71.3142, 46.7594], [-71.3143, 46.7596], [-71.3145, 46.7598], [-71.3147, 46.7599], [-71.3149, 46.76], [-71.315, 46.7601], [-71.3151, 46.7602], [-71.315, 46.7602], [-71.3149, 46.7602], [-71.3148, 46.7601], [-71.3146, 46.76], [-71.3145, 46.7599], [-71.3144, 46.7599], [-71.3143, 46.7599], [-71.3142, 46.7598], [-71.3141, 46.7598], [-71.314, 46.7598], [-71.3139, 46.7599], [-71.3138, 46.7599], [-71.3138, 46.76], [-71.3137, 46.76], [-71.3138, 46.7601], [-71.3138, 46.7602], [-71.3139, 46.7603], [-71.3139, 46.7604], [-71.314, 46.7605], [-71.314, 46.7606], [-71.314, 46.7607], [-71.314, 46.7608], [-71.3139, 46.7609], [-71.3138, 46.7609], [-71.3138, 46.761], [-71.3138, 46.7611], [-71.3137, 46.7611], [-71.3138, 46.7612], [-71.3138, 46.7613], [-71.3139, 46.7614], [-71.314, 46.7615], [-71.3141, 46.7616], [-71.3141, 46.7617], [-71.3141, 46.7618], [-71.3141, 46.7619], [-71.314, 46.7621], [-71.314, 46.7622], [-71.3139, 46.7623], [-71.3138, 46.7624], [-71.3137, 46.7626], [-71.3136, 46.7628], [-71.3136, 46.763], [-71.3135, 46.7632], [-71.3135, 46.7634], [-71.3135, 46.7637], [-71.3135, 46.764], [-71.3135, 46.7642], [-71.3136, 46.7644], [-71.3136, 46.7646], [-71.3137, 46.7648], [-71.3138, 46.7649], [-71.3138, 46.765], [-71.314, 46.765], [-71.3141, 46.765], [-71.3142, 46.765], [-71.3143, 46.765], [-71.3144, 46.765], [-71.3146, 46.765], [-71.3147, 46.7649], [-71.3148, 46.7649], [-71.3149, 46.7648], [-71.315, 46.7648], [-71.3151, 46.7647], [-71.3152, 46.7647], [-71.3153, 46.7647], [-71.3154, 46.7647], [-71.3155, 46.7647], [-71.3156, 46.7648], [-71.3156, 46.7649], [-71.3157, 46.7649], [-71.3158, 46.765], [-71.3159, 46.765], [-71.3161, 46.765], [-71.3162, 46.765], [-71.3163, 46.765], [-71.3165, 46.7649], [-71.3166, 46.7649], [-71.3168, 46.7649], [-71.3169, 46.7649], [-71.3171, 46.7649], [-71.3172, 46.7649], [-71.3173, 46.7649], [-71.3174, 46.765], [-71.3176, 46.765], [-71.3177, 46.7651], [-71.3178, 46.7652], [-71.318, 46.7652], [-71.3181, 46.7652], [-71.3183, 46.7653], [-71.3184, 46.7653], [-71.3186, 46.7653], [-71.3188, 46.7653], [-71.319, 46.7653], [-71.3192, 46.7653], [-71.3193, 46.7653], [-71.3195, 46.7652], [-71.3197, 46.7652], [-71.3198, 46.7651], [-71.3199, 46.765], [-71.3201, 46.765], [-71.3202, 46.7649], [-71.3203, 46.7649], [-71.3205, 46.7649], [-71.3206, 46.7649], [-71.3208, 46.7649], [-71.3209, 46.7649], [-71.3211, 46.765], [-71.3212, 46.7651], [-71.3214, 46.7651], [-71.3215, 46.7652], [-71.3217, 46.7652], [-71.3219, 46.7652], [-71.322, 46.7652], [-71.3222, 46.7652], [-71.3224, 46.7652], [-71.3226, 46.7651], [-71.3228, 46.7651], [-71.323, 46.765], [-71.3232, 46.765], [-71.3234, 46.765], [-71.3237, 46.7651], [-71.324, 46.7651], [-71.3242, 46.7651], [-71.3245, 46.7652], [-71.3248, 46.7652], [-71.325, 46.7653], [-71.3252, 46.7653], [-71.3253, 46.7653], [-71.3255, 46.7653], [-71.3256, 46.7653], [-71.3257, 46.7652], [-71.3258, 46.7652], [-71.3258, 46.7651], [-71.3258, 46.765], [-71.3258, 46.7649], [-71.3257, 46.7648], [-71.3257, 46.7647], [-71.3256, 46.7646], [-71.3257, 46.7646], [-71.3258, 46.7646], [-71.326, 46.7647], [-71.3262, 46.7648], [-71.3264, 46.7649], [-71.3267, 46.765], [-71.3269, 46.7651], [-71.327, 46.7652], [-71.3272, 46.7652], [-71.3273, 46.7652], [-71.3274, 46.7652], [-71.3274, 46.7651], [-71.3274, 46.765], [-71.3273, 46.7649], [-71.3273, 46.7648], [-71.3272, 46.7647], [-71.3271, 46.7646], [-71.3269, 46.7645], [-71.3267, 46.7643], [-71.3266, 46.7642], [-71.3265, 46.7641], [-71.3265, 46.7639], [-71.3264, 46.7638], [-71.3265, 46.7636], [-71.3265, 46.7634], [-71.3266, 46.7632], [-71.3267, 46.763], [-71.3268, 46.7629], [-71.3269, 46.7627], [-71.3269, 46.7626], [-71.3269, 46.7625], [-71.3269, 46.7624], [-71.3268, 46.7624], [-71.3267, 46.7623], [-71.3266, 46.7624], [-71.3265, 46.7624], [-71.3264, 46.7624], [-71.3263, 46.7625], [-71.3262, 46.7626], [-71.3261, 46.7627], [-71.326, 46.7628], [-71.3259, 46.7629], [-71.3257, 46.763], [-71.3255, 46.763], [-71.3252, 46.763], [-71.3249, 46.7629], [-71.3246, 46.7627], [-71.3242, 46.7625], [-71.3238, 46.7622], [-71.3233, 46.7619], [-71.3229, 46.7616], [-71.3226, 46.7613], [-71.3224, 46.761], [-71.3223, 46.7608], [-71.3223, 46.7606], [-71.3224, 46.7605], [-71.3225, 46.7603], [-71.3228, 46.7602], [-71.323, 46.7602], [-71.3233, 46.7601], [-71.3235, 46.7601], [-71.3238, 46.7602], [-71.324, 46.7602], [-71.3243, 46.7603], [-71.3245, 46.7604], [-71.3247, 46.7605], [-71.325, 46.7607], [-71.3252, 46.7608], [-71.3254, 46.7609], [-71.3257, 46.7609], [-71.3259, 46.761], [-71.3261, 46.761], [-71.3264, 46.7611], [-71.3266, 46.7611], [-71.3268, 46.7611], [-71.327, 46.761], [-71.3271, 46.761], [-71.3273, 46.7609], [-71.3274, 46.7609], [-71.3275, 46.7608], [-71.3276, 46.7607], [-71.3276, 46.7605], [-71.3277, 46.7604], [-71.3277, 46.7603], [-71.3276, 46.7602], [-71.3276, 46.7601], [-71.3275, 46.76], [-71.3273, 46.7598], [-71.3271, 46.7597], [-71.3269, 46.7596], [-71.3268, 46.7595], [-71.3267, 46.7594], [-71.3267, 46.7593], [-71.3267, 46.7592], [-71.3268, 46.7592], [-71.327, 46.7591], [-71.3272, 46.7591], [-71.3274, 46.7591]]]}}, {"type": "Feature", "properties": {"couche": "aire_marche", "station": "Pie-XII", "ordre": 4, "minutes": 11, "superficie_ha": 91.6, "rue_km": 24.46, "disque_ha": 186.3, "part_disque_pct": 49, "accroche_m": 6, "population": 4003, "navetteurs": 1238, "mode_auto_pct": 64, "mode_tc_pct": 21, "mode_actif_pct": 13, "mode_autre_pct": 2}, "geometry": {"type": "Polygon", "coordinates": [[[-71.327, 46.7573], [-71.3268, 46.7576], [-71.3266, 46.7579], [-71.3266, 46.7581], [-71.3266, 46.7583], [-71.3267, 46.7584], [-71.3269, 46.7585], [-71.3272, 46.7585], [-71.3276, 46.7585], [-71.3279, 46.7585], [-71.3282, 46.7585], [-71.3284, 46.7586], [-71.3286, 46.7586], [-71.3287, 46.7586], [-71.3288, 46.7587], [-71.3288, 46.7588], [-71.3287, 46.7589], [-71.3286, 46.7589], [-71.3285, 46.759], [-71.3283, 46.759], [-71.3281, 46.7591], [-71.3279, 46.7591], [-71.3276, 46.7591], [-71.3273, 46.7592], [-71.3271, 46.7592], [-71.3269, 46.7592], [-71.3268, 46.7593], [-71.3269, 46.7593], [-71.327, 46.7594], [-71.3272, 46.7595], [-71.3275, 46.7595], [-71.3277, 46.7596], [-71.3279, 46.7597], [-71.3281, 46.7598], [-71.3283, 46.7599], [-71.3284, 46.76], [-71.3284, 46.7602], [-71.3284, 46.7604], [-71.3284, 46.7605], [-71.3284, 46.7607], [-71.3283, 46.7609], [-71.3281, 46.761], [-71.3279, 46.7611], [-71.3277, 46.7612], [-71.3274, 46.7613], [-71.3271, 46.7613], [-71.3267, 46.7614], [-71.3263, 46.7614], [-71.326, 46.7614], [-71.3258, 46.7614], [-71.3255, 46.7613], [-71.3253, 46.7612], [-71.3251, 46.7611], [-71.3249, 46.761], [-71.3248, 46.7608], [-71.3247, 46.7607], [-71.3246, 46.7605], [-71.3244, 46.7605], [-71.3243, 46.7604], [-71.3242, 46.7604], [-71.3241, 46.7604], [-71.324, 46.7604], [-71.3239, 46.7605], [-71.3238, 46.7605], [-71.3237, 46.7605], [-71.3236, 46.7605], [-71.3235, 46.7605], [-71.3234, 46.7605], [-71.3233, 46.7604], [-71.3232, 46.7604], [-71.323, 46.7603], [-71.3229, 46.7602], [-71.3228, 46.7602], [-71.3227, 46.7602], [-71.3225, 46.7602], [-71.3224, 46.7602], [-71.3223, 46.7603], [-71.3222, 46.7603], [-71.3221, 46.7604], [-71.322, 46.7605], [-71.322, 46.7606], [-71.3221, 46.7608], [-71.3223, 46.761], [-71.3226, 46.7613], [-71.3229, 46.7616], [-71.3233, 46.7619], [-71.3238, 46.7622], [-71.3242, 46.7625], [-71.3246, 46.7627], [-71.3249, 46.7628], [-71.3252, 46.7629], [-71.3254, 46.7629], [-71.3256, 46.7628], [-71.3257, 46.7627], [-71.3257, 46.7625], [-71.3258, 46.7624], [-71.3259, 46.7622], [-71.3261, 46.7621], [-71.3262, 46.762], [-71.3264, 46.762], [-71.3266, 46.7619], [-71.3268, 46.7619], [-71.327, 46.762], [-71.3272, 46.762], [-71.3273, 46.7621], [-71.3274, 46.7622], [-71.3274, 46.7623], [-71.3273, 46.7625], [-71.3272, 46.7627], [-71.3271, 46.7629], [-71.3269, 46.7631], [-71.3267, 46.7633], [-71.3266, 46.7636], [-71.3266, 46.7638], [-71.3266, 46.764], [-71.3267, 46.7643], [-71.3268, 46.7645], [-71.327, 46.7647], [-71.3272, 46.765], [-71.3274, 46.7652], [-71.3275, 46.7653], [-71.3276, 46.7654], [-71.3276, 46.7655], [-71.3276, 46.7656], [-71.3275, 46.7656], [-71.3273, 46.7655], [-71.3271, 46.7655], [-71.327, 46.7655], [-71.3268, 46.7655], [-71.3267, 46.7655], [-71.3266, 46.7655], [-71.3264, 46.7656], [-71.3263, 46.7656], [-71.3262, 46.7657], [-71.3261, 46.7657], [-71.3259, 46.7658], [-71.3258, 46.7658], [-71.3256, 46.7658], [-71.3254, 46.7658], [-71.3252, 46.7657], [-71.325, 46.7657], [-71.3247, 46.7656], [-71.3245, 46.7656], [-71.3243, 46.7655], [-71.3241, 46.7655], [-71.324, 46.7655], [-71.3239, 46.7655], [-71.3238, 46.7655], [-71.3237, 46.7656], [-71.3236, 46.7656], [-71.3236, 46.7657], [-71.3235, 46.7657], [-71.3234, 46.7657], [-71.3233, 46.7657], [-71.3231, 46.7657], [-71.323, 46.7657], [-71.3228, 46.7656], [-71.3226, 46.7656], [-71.3224, 46.7656], [-71.3222, 46.7655], [-71.322, 46.7655], [-71.3218, 46.7655], [-71.3216, 46.7655], [-71.3213, 46.7655], [-71.3211, 46.7656], [-71.3208, 46.7656], [-71.3206, 46.7656], [-71.3204, 46.7657], [-71.3202, 46.7657], [-71.32, 46.7657], [-71.3199, 46.7656], [-71.3197, 46.7656], [-71.3196, 46.7656], [-71.3195, 46.7655], [-71.3194, 46.7654], [-71.3193, 46.7654], [-71.3192, 46.7654], [-71.3191, 46.7654], [-71.319, 46.7655], [-71.3189, 46.7655], [-71.3188, 46.7656], [-71.3187, 46.7656], [-71.3186, 46.7656], [-71.3185, 46.7656], [-71.3183, 46.7656], [-71.3182, 46.7656], [-71.3181, 46.7655], [-71.318, 46.7654], [-71.3179, 46.7654], [-71.3178, 46.7653], [-71.3176, 46.7652], [-71.3174, 46.7652], [-71.3172, 46.7652], [-71.317, 46.7652], [-71.3168, 46.7653], [-71.3166, 46.7653], [-71.3163, 46.7654], [-71.316, 46.7654], [-71.3158, 46.7655], [-71.3156, 46.7655], [-71.3155, 46.7655], [-71.3153, 46.7655], [-71.3152, 46.7654], [-71.3151, 46.7653], [-71.315, 46.7653], [-71.3149, 46.7652], [-71.3148, 46.7651], [-71.3147, 46.7651], [-71.3145, 46.7651], [-71.3143, 46.7651], [-71.3142, 46.7651], [-71.314, 46.7652], [-71.3137, 46.7652], [-71.3135, 46.7652], [-71.3133, 46.7652], [-71.3132, 46.7651], [-71.3131, 46.765], [-71.313, 46.7648], [-71.3129, 46.7646], [-71.3129, 46.7643], [-71.3129, 46.764], [-71.3129, 46.7637], [-71.3129, 46.7634], [-71.313, 46.7631], [-71.3131, 46.7629], [-71.3132, 46.7627], [-71.3133, 46.7625], [-71.3135, 46.7624], [-71.3137, 46.7622], [-71.3138, 46.7621], [-71.3139, 46.762], [-71.314, 46.7619], [-71.314, 46.7618], [-71.3139, 46.7617], [-71.3137, 46.7616], [-71.3135, 46.7616], [-71.3134, 46.7615], [-71.3133, 46.7613], [-71.3132, 46.7612], [-71.3131, 46.761], [-71.313, 46.7608], [-71.313, 46.7605], [-71.313, 46.7602], [-71.313, 46.7598], [-71.3131, 46.7595], [-71.3131, 46.7592], [-71.3131, 46.759], [-71.3132, 46.7588], [-71.3132, 46.7586], [-71.3133, 46.7585], [-71.3134, 46.7585], [-71.3134, 46.7584], [-71.3135, 46.7584], [-71.3135, 46.7583], [-71.3136, 46.7583], [-71.3136, 46.7582], [-71.3135, 46.7581], [-71.3135, 46.758], [-71.3134, 46.7579], [-71.3134, 46.7578], [-71.3134, 46.7577], [-71.3135, 46.7577], [-71.3136, 46.7577], [-71.3137, 46.7577], [-71.3139, 46.7577], [-71.314, 46.7577], [-71.3141, 46.7576], [-71.3141, 46.7575], [-71.3141, 46.7574], [-71.314, 46.7573], [-71.3139, 46.7572], [-71.3138, 46.757], [-71.3137, 46.7569], [-71.3136, 46.7568], [-71.3135, 46.7567], [-71.3135, 46.7566], [-71.3135, 46.7565], [-71.3136, 46.7564], [-71.3137, 46.7564], [-71.3138, 46.7564], [-71.314, 46.7565], [-71.3141, 46.7566], [-71.3143, 46.7567], [-71.3146, 46.7568], [-71.3148, 46.7569], [-71.3151, 46.7571], [-71.3154, 46.7573], [-71.3157, 46.7575], [-71.3158, 46.7575], [-71.3157, 46.7574], [-71.3154, 46.7572], [-71.3151, 46.757], [-71.3147, 46.7567], [-71.3144, 46.7565], [-71.3141, 46.7562], [-71.3138, 46.756], [-71.3136, 46.7559], [-71.3135, 46.7557], [-71.3134, 46.7556], [-71.3134, 46.7555], [-71.3134, 46.7554], [-71.3134, 46.7553], [-71.3135, 46.7553], [-71.3136, 46.7552], [-71.3137, 46.7552], [-71.3138, 46.7552], [-71.314, 46.7553], [-71.3142, 46.7554], [-71.3145, 46.7556], [-71.3149, 46.7559], [-71.3154, 46.7562], [-71.316, 46.7566], [-71.3167, 46.7571], [-71.3174, 46.7576], [-71.3181, 46.7581], [-71.3187, 46.7585], [-71.3192, 46.7588], [-71.3196, 46.7591], [-71.32, 46.7593], [-71.3203, 46.7595], [-71.3205, 46.7595], [-71.3206, 46.7596], [-71.3207, 46.7596], [-71.3208, 46.7595], [-71.3208, 46.7594], [-71.3208, 46.7593], [-71.3207, 46.7592], [-71.3206, 46.759], [-71.3204, 46.7588], [-71.3203, 46.7587], [-71.3203, 46.7586], [-71.3203, 46.7585], [-71.3204, 46.7585], [-71.3206, 46.7585], [-71.3208, 46.7586], [-71.321, 46.7587], [-71.3213, 46.7588], [-71.3216, 46.7588], [-71.322, 46.7587], [-71.3223, 46.7587], [-71.3227, 46.7585], [-71.3231, 46.7583], [-71.3235, 46.7581], [-71.324, 46.7578], [-71.3244, 46.7575], [-71.3247, 46.7572], [-71.325, 46.757], [-71.3252, 46.7568], [-71.3254, 46.7566], [-71.3255, 46.7564], [-71.3255, 46.7562], [-71.3255, 46.756], [-71.3255, 46.7559], [-71.3255, 46.7558], [-71.3256, 46.7557], [-71.3256, 46.7556], [-71.3257, 46.7556], [-71.3259, 46.7556], [-71.326, 46.7556], [-71.3262, 46.7557], [-71.3263, 46.7558], [-71.3265, 46.7558], [-71.3267, 46.7558], [-71.3268, 46.7558], [-71.327, 46.7558], [-71.3272, 46.7557], [-71.3274, 46.7557], [-71.3275, 46.7556], [-71.3277, 46.7556], [-71.3278, 46.7555], [-71.328, 46.7555], [-71.3281, 46.7555], [-71.3282, 46.7555], [-71.3283, 46.7556], [-71.3284, 46.7556], [-71.3284, 46.7557], [-71.3283, 46.7558], [-71.3282, 46.756], [-71.3281, 46.7562], [-71.3279, 46.7564], [-71.3277, 46.7567], [-71.3274, 46.757], [-71.327, 46.7573]]]}}, {"type": "Feature", "properties": {"couche": "voile", "station": "Pie-XII", "minutes": 11}, "geometry": {"type": "Polygon", "coordinates": [[[-71.488, 46.8725], [-71.1571, 46.8749], [-71.1544, 46.6483], [-71.4838, 46.6459], [-71.488, 46.8725]], [[-71.3274, 46.757], [-71.3277, 46.7567], [-71.3279, 46.7564], [-71.3281, 46.7562], [-71.3282, 46.756], [-71.3283, 46.7558], [-71.3284, 46.7557], [-71.3284, 46.7556], [-71.3283, 46.7556], [-71.3282, 46.7555], [-71.3281, 46.7555], [-71.328, 46.7555], [-71.3278, 46.7555], [-71.3277, 46.7556], [-71.3275, 46.7556], [-71.3274, 46.7557], [-71.3272, 46.7557], [-71.327, 46.7558], [-71.3268, 46.7558], [-71.3267, 46.7558], [-71.3265, 46.7558], [-71.3263, 46.7558], [-71.3262, 46.7557], [-71.326, 46.7556], [-71.3259, 46.7556], [-71.3257, 46.7556], [-71.3256, 46.7556], [-71.3256, 46.7557], [-71.3255, 46.7558], [-71.3255, 46.7559], [-71.3255, 46.756], [-71.3255, 46.7562], [-71.3255, 46.7564], [-71.3254, 46.7566], [-71.3252, 46.7568], [-71.325, 46.757], [-71.3247, 46.7572], [-71.3244, 46.7575], [-71.324, 46.7578], [-71.3235, 46.7581], [-71.3231, 46.7583], [-71.3227, 46.7585], [-71.3223, 46.7587], [-71.322, 46.7587], [-71.3216, 46.7588], [-71.3213, 46.7588], [-71.321, 46.7587], [-71.3208, 46.7586], [-71.3206, 46.7585], [-71.3204, 46.7585], [-71.3203, 46.7585], [-71.3203, 46.7586], [-71.3203, 46.7587], [-71.3204, 46.7588], [-71.3206, 46.759], [-71.3207, 46.7592], [-71.3208, 46.7593], [-71.3208, 46.7594], [-71.3208, 46.7595], [-71.3207, 46.7596], [-71.3206, 46.7596], [-71.3205, 46.7595], [-71.3203, 46.7595], [-71.32, 46.7593], [-71.3196, 46.7591], [-71.3192, 46.7588], [-71.3187, 46.7585], [-71.3181, 46.7581], [-71.3174, 46.7576], [-71.3167, 46.7571], [-71.316, 46.7566], [-71.3154, 46.7562], [-71.3149, 46.7559], [-71.3145, 46.7556], [-71.3142, 46.7554], [-71.314, 46.7553], [-71.3138, 46.7552], [-71.3137, 46.7552], [-71.3136, 46.7552], [-71.3135, 46.7553], [-71.3134, 46.7553], [-71.3134, 46.7554], [-71.3134, 46.7555], [-71.3134, 46.7556], [-71.3135, 46.7557], [-71.3136, 46.7559], [-71.3138, 46.756], [-71.3141, 46.7562], [-71.3144, 46.7565], [-71.3147, 46.7567], [-71.3151, 46.757], [-71.3154, 46.7572], [-71.3157, 46.7574], [-71.3158, 46.7575], [-71.3157, 46.7575], [-71.3154, 46.7573], [-71.3151, 46.7571], [-71.3148, 46.7569], [-71.3146, 46.7568], [-71.3143, 46.7567], [-71.3141, 46.7566], [-71.314, 46.7565], [-71.3138, 46.7564], [-71.3137, 46.7564], [-71.3136, 46.7564], [-71.3135, 46.7565], [-71.3135, 46.7566], [-71.3135, 46.7567], [-71.3136, 46.7568], [-71.3137, 46.7569], [-71.3138, 46.757], [-71.3139, 46.7572], [-71.314, 46.7573], [-71.3141, 46.7574], [-71.3141, 46.7575], [-71.3141, 46.7576], [-71.314, 46.7577], [-71.3139, 46.7577], [-71.3137, 46.7577], [-71.3136, 46.7577], [-71.3135, 46.7577], [-71.3134, 46.7577], [-71.3134, 46.7578], [-71.3134, 46.7579], [-71.3135, 46.758], [-71.3135, 46.7581], [-71.3136, 46.7582], [-71.3136, 46.7583], [-71.3135, 46.7583], [-71.3135, 46.7584], [-71.3134, 46.7584], [-71.3134, 46.7585], [-71.3133, 46.7585], [-71.3132, 46.7586], [-71.3132, 46.7588], [-71.3131, 46.759], [-71.3131, 46.7592], [-71.3131, 46.7595], [-71.313, 46.7598], [-71.313, 46.7602], [-71.313, 46.7605], [-71.313, 46.7608], [-71.3131, 46.761], [-71.3132, 46.7612], [-71.3133, 46.7613], [-71.3134, 46.7615], [-71.3135, 46.7616], [-71.3137, 46.7616], [-71.3139, 46.7617], [-71.314, 46.7618], [-71.314, 46.7619], [-71.3139, 46.762], [-71.3138, 46.7621], [-71.3137, 46.7622], [-71.3135, 46.7624], [-71.3133, 46.7625], [-71.3132, 46.7627], [-71.3131, 46.7629], [-71.313, 46.7631], [-71.3129, 46.7634], [-71.3129, 46.7637], [-71.3129, 46.764], [-71.3129, 46.7643], [-71.3129, 46.7646], [-71.313, 46.7648], [-71.3131, 46.765], [-71.3132, 46.7651], [-71.3133, 46.7652], [-71.3135, 46.7652], [-71.3137, 46.7652], [-71.314, 46.7652], [-71.3142, 46.7651], [-71.3143, 46.7651], [-71.3145, 46.7651], [-71.3147, 46.7651], [-71.3148, 46.7651], [-71.3149, 46.7652], [-71.315, 46.7653], [-71.3151, 46.7653], [-71.3152, 46.7654], [-71.3153, 46.7655], [-71.3155, 46.7655], [-71.3156, 46.7655], [-71.3158, 46.7655], [-71.316, 46.7654], [-71.3163, 46.7654], [-71.3166, 46.7653], [-71.3168, 46.7653], [-71.317, 46.7652], [-71.3172, 46.7652], [-71.3174, 46.7652], [-71.3176, 46.7652], [-71.3178, 46.7653], [-71.3179, 46.7654], [-71.318, 46.7654], [-71.3181, 46.7655], [-71.3182, 46.7656], [-71.3183, 46.7656], [-71.3185, 46.7656], [-71.3186, 46.7656], [-71.3187, 46.7656], [-71.3188, 46.7656], [-71.3189, 46.7655], [-71.319, 46.7655], [-71.3191, 46.7654], [-71.3192, 46.7654], [-71.3193, 46.7654], [-71.3194, 46.7654], [-71.3195, 46.7655], [-71.3196, 46.7656], [-71.3197, 46.7656], [-71.3199, 46.7656], [-71.32, 46.7657], [-71.3202, 46.7657], [-71.3204, 46.7657], [-71.3206, 46.7656], [-71.3208, 46.7656], [-71.3211, 46.7656], [-71.3213, 46.7655], [-71.3216, 46.7655], [-71.3218, 46.7655], [-71.322, 46.7655], [-71.3222, 46.7655], [-71.3224, 46.7656], [-71.3226, 46.7656], [-71.3228, 46.7656], [-71.323, 46.7657], [-71.3231, 46.7657], [-71.3233, 46.7657], [-71.3234, 46.7657], [-71.3235, 46.7657], [-71.3236, 46.7657], [-71.3236, 46.7656], [-71.3237, 46.7656], [-71.3238, 46.7655], [-71.3239, 46.7655], [-71.324, 46.7655], [-71.3241, 46.7655], [-71.3243, 46.7655], [-71.3245, 46.7656], [-71.3247, 46.7656], [-71.325, 46.7657], [-71.3252, 46.7657], [-71.3254, 46.7658], [-71.3256, 46.7658], [-71.3258, 46.7658], [-71.3259, 46.7658], [-71.3261, 46.7657], [-71.3262, 46.7657], [-71.3263, 46.7656], [-71.3264, 46.7656], [-71.3266, 46.7655], [-71.3267, 46.7655], [-71.3268, 46.7655], [-71.327, 46.7655], [-71.3271, 46.7655], [-71.3273, 46.7655], [-71.3275, 46.7656], [-71.3276, 46.7656], [-71.3276, 46.7655], [-71.3276, 46.7654], [-71.3275, 46.7653], [-71.3274, 46.7652], [-71.3272, 46.765], [-71.327, 46.7647], [-71.3268, 46.7645], [-71.3267, 46.7643], [-71.3266, 46.764], [-71.3266, 46.7638], [-71.3266, 46.7636], [-71.3267, 46.7633], [-71.3269, 46.7631], [-71.3271, 46.7629], [-71.3272, 46.7627], [-71.3273, 46.7625], [-71.3274, 46.7623], [-71.3274, 46.7622], [-71.3273, 46.7621], [-71.3272, 46.762], [-71.327, 46.762], [-71.3268, 46.7619], [-71.3266, 46.7619], [-71.3264, 46.762], [-71.3262, 46.762], [-71.3261, 46.7621], [-71.3259, 46.7622], [-71.3258, 46.7624], [-71.3257, 46.7625], [-71.3257, 46.7627], [-71.3256, 46.7628], [-71.3254, 46.7629], [-71.3252, 46.7629], [-71.3249, 46.7628], [-71.3246, 46.7627], [-71.3242, 46.7625], [-71.3238, 46.7622], [-71.3233, 46.7619], [-71.3229, 46.7616], [-71.3226, 46.7613], [-71.3223, 46.761], [-71.3221, 46.7608], [-71.322, 46.7606], [-71.322, 46.7605], [-71.3221, 46.7604], [-71.3222, 46.7603], [-71.3223, 46.7603], [-71.3224, 46.7602], [-71.3225, 46.7602], [-71.3227, 46.7602], [-71.3228, 46.7602], [-71.3229, 46.7602], [-71.323, 46.7603], [-71.3232, 46.7604], [-71.3233, 46.7604], [-71.3234, 46.7605], [-71.3235, 46.7605], [-71.3236, 46.7605], [-71.3237, 46.7605], [-71.3238, 46.7605], [-71.3239, 46.7605], [-71.324, 46.7604], [-71.3241, 46.7604], [-71.3242, 46.7604], [-71.3243, 46.7604], [-71.3244, 46.7605], [-71.3246, 46.7605], [-71.3247, 46.7607], [-71.3248, 46.7608], [-71.3249, 46.761], [-71.3251, 46.7611], [-71.3253, 46.7612], [-71.3255, 46.7613], [-71.3258, 46.7614], [-71.326, 46.7614], [-71.3263, 46.7614], [-71.3267, 46.7614], [-71.3271, 46.7613], [-71.3274, 46.7613], [-71.3277, 46.7612], [-71.3279, 46.7611], [-71.3281, 46.761], [-71.3283, 46.7609], [-71.3284, 46.7607], [-71.3284, 46.7605], [-71.3284, 46.7604], [-71.3284, 46.7602], [-71.3284, 46.76], [-71.3283, 46.7599], [-71.3281, 46.7598], [-71.3279, 46.7597], [-71.3277, 46.7596], [-71.3275, 46.7595], [-71.3272, 46.7595], [-71.327, 46.7594], [-71.3269, 46.7593], [-71.3268, 46.7593], [-71.3269, 46.7592], [-71.3271, 46.7592], [-71.3273, 46.7592], [-71.3276, 46.7591], [-71.3279, 46.7591], [-71.3281, 46.7591], [-71.3283, 46.759], [-71.3285, 46.759], [-71.3286, 46.7589], [-71.3287, 46.7589], [-71.3288, 46.7588], [-71.3288, 46.7587], [-71.3287, 46.7586], [-71.3286, 46.7586], [-71.3284, 46.7586], [-71.3282, 46.7585], [-71.3279, 46.7585], [-71.3276, 46.7585], [-71.3272, 46.7585], [-71.3269, 46.7585], [-71.3267, 46.7584], [-71.3266, 46.7583], [-71.3266, 46.7581], [-71.3266, 46.7579], [-71.3268, 46.7576], [-71.327, 46.7573], [-71.3274, 46.757]]]}}, {"type": "Feature", "properties": {"couche": "aire_marche", "station": "Pie-XII", "ordre": 4, "minutes": 12, "superficie_ha": 115.3, "rue_km": 29.72, "disque_ha": 221.7, "part_disque_pct": 52, "accroche_m": 6, "population": 4801, "navetteurs": 1469, "mode_auto_pct": 65, "mode_tc_pct": 21, "mode_actif_pct": 13, "mode_autre_pct": 1}, "geometry": {"type": "Polygon", "coordinates": [[[-71.3295, 46.7587], [-71.3295, 46.7588], [-71.3294, 46.7589], [-71.3292, 46.759], [-71.329, 46.759], [-71.3288, 46.7591], [-71.3285, 46.7591], [-71.3281, 46.7591], [-71.3277, 46.7592], [-71.3274, 46.7592], [-71.3272, 46.7592], [-71.327, 46.7593], [-71.3271, 46.7594], [-71.3273, 46.7595], [-71.3275, 46.7595], [-71.3279, 46.7596], [-71.3282, 46.7597], [-71.3285, 46.7598], [-71.3287, 46.7598], [-71.3288, 46.7599], [-71.3289, 46.76], [-71.3289, 46.7601], [-71.3289, 46.7602], [-71.3288, 46.7602], [-71.3287, 46.7603], [-71.3286, 46.7604], [-71.3286, 46.7605], [-71.3287, 46.7606], [-71.3288, 46.7606], [-71.3289, 46.7607], [-71.329, 46.7608], [-71.3291, 46.7608], [-71.3292, 46.7609], [-71.3292, 46.761], [-71.3292, 46.7612], [-71.3292, 46.7613], [-71.3291, 46.7615], [-71.3291, 46.7617], [-71.3289, 46.7619], [-71.3288, 46.762], [-71.3287, 46.7622], [-71.3285, 46.7624], [-71.3284, 46.7625], [-71.3282, 46.7626], [-71.3281, 46.7627], [-71.3279, 46.7627], [-71.3277, 46.7628], [-71.3276, 46.7628], [-71.3274, 46.7629], [-71.3272, 46.7629], [-71.3271, 46.763], [-71.327, 46.7631], [-71.3268, 46.7632], [-71.3267, 46.7633], [-71.3266, 46.7635], [-71.3265, 46.7636], [-71.3265, 46.7638], [-71.3266, 46.7639], [-71.3267, 46.7641], [-71.3268, 46.7643], [-71.327, 46.7644], [-71.3273, 46.7646], [-71.3276, 46.7649], [-71.3279, 46.765], [-71.3281, 46.7652], [-71.3283, 46.7654], [-71.3285, 46.7655], [-71.3286, 46.7657], [-71.3286, 46.7658], [-71.3287, 46.7659], [-71.3286, 46.766], [-71.3285, 46.7661], [-71.3284, 46.7661], [-71.3283, 46.7661], [-71.3282, 46.7661], [-71.328, 46.7661], [-71.3279, 46.766], [-71.3277, 46.766], [-71.3276, 46.766], [-71.3274, 46.7659], [-71.3272, 46.766], [-71.327, 46.766], [-71.3268, 46.766], [-71.3266, 46.7661], [-71.3263, 46.7662], [-71.3261, 46.7662], [-71.3258, 46.7663], [-71.3255, 46.7663], [-71.3252, 46.7663], [-71.3249, 46.7663], [-71.3246, 46.7662], [-71.3243, 46.7662], [-71.3239, 46.7661], [-71.3236, 46.7661], [-71.3233, 46.766], [-71.323, 46.766], [-71.3228, 46.766], [-71.3226, 46.766], [-71.3224, 46.766], [-71.3223, 46.766], [-71.3222, 46.7661], [-71.3221, 46.7661], [-71.322, 46.7662], [-71.3218, 46.7662], [-71.3216, 46.7662], [-71.3214, 46.7662], [-71.3211, 46.7663], [-71.3209, 46.7663], [-71.3206, 46.7663], [-71.3203, 46.7663], [-71.32, 46.7663], [-71.3198, 46.7662], [-71.3196, 46.7662], [-71.3194, 46.7662], [-71.3193, 46.7661], [-71.3191, 46.7661], [-71.319, 46.766], [-71.3189, 46.766], [-71.3188, 46.7659], [-71.3187, 46.7659], [-71.3185, 46.7659], [-71.3184, 46.7659], [-71.3183, 46.7659], [-71.3182, 46.766], [-71.3181, 46.766], [-71.318, 46.7661], [-71.3179, 46.7661], [-71.3178, 46.766], [-71.3177, 46.7659], [-71.3176, 46.7658], [-71.3176, 46.7657], [-71.3176, 46.7655], [-71.3175, 46.7654], [-71.3174, 46.7653], [-71.3173, 46.7653], [-71.3171, 46.7653], [-71.317, 46.7654], [-71.3168, 46.7655], [-71.3166, 46.7656], [-71.3164, 46.7658], [-71.3162, 46.7658], [-71.316, 46.7659], [-71.3158, 46.766], [-71.3156, 46.766], [-71.3154, 46.7661], [-71.3152, 46.7661], [-71.3151, 46.7661], [-71.3149, 46.7661], [-71.3148, 46.766], [-71.3146, 46.766], [-71.3145, 46.7659], [-71.3144, 46.7659], [-71.3144, 46.7658], [-71.3143, 46.7658], [-71.3142, 46.7657], [-71.3142, 46.7656], [-71.3141, 46.7656], [-71.314, 46.7656], [-71.3139, 46.7656], [-71.3138, 46.7656], [-71.3137, 46.7657], [-71.3135, 46.7657], [-71.3134, 46.7658], [-71.3133, 46.7658], [-71.3132, 46.7659], [-71.3131, 46.7659], [-71.313, 46.7659], [-71.3129, 46.7659], [-71.3127, 46.7659], [-71.3126, 46.7659], [-71.3125, 46.7659], [-71.3125, 46.7658], [-71.3124, 46.7658], [-71.3124, 46.7657], [-71.3124, 46.7656], [-71.3124, 46.7655], [-71.3125, 46.7654], [-71.3125, 46.7653], [-71.3126, 46.7652], [-71.3126, 46.7651], [-71.3126, 46.7649], [-71.3126, 46.7648], [-71.3126, 46.7646], [-71.3125, 46.7645], [-71.3124, 46.7643], [-71.3123, 46.7641], [-71.3122, 46.7639], [-71.3122, 46.7637], [-71.3122, 46.7636], [-71.3123, 46.7634], [-71.3124, 46.7632], [-71.3125, 46.7631], [-71.3127, 46.7629], [-71.313, 46.7627], [-71.3131, 46.7626], [-71.3133, 46.7624], [-71.3133, 46.7623], [-71.3134, 46.7622], [-71.3133, 46.7621], [-71.3132, 46.762], [-71.3131, 46.762], [-71.3129, 46.7619], [-71.3127, 46.7619], [-71.3126, 46.7618], [-71.3125, 46.7618], [-71.3124, 46.7617], [-71.3123, 46.7616], [-71.3123, 46.7615], [-71.3123, 46.7614], [-71.3123, 46.7613], [-71.3123, 46.7612], [-71.3124, 46.7612], [-71.3124, 46.7611], [-71.3125, 46.761], [-71.3126, 46.761], [-71.3127, 46.761], [-71.3128, 46.761], [-71.3129, 46.7609], [-71.313, 46.7609], [-71.313, 46.7608], [-71.3129, 46.7607], [-71.3128, 46.7606], [-71.3127, 46.7605], [-71.3126, 46.7604], [-71.3125, 46.7603], [-71.3125, 46.7602], [-71.3125, 46.7601], [-71.3125, 46.76], [-71.3126, 46.7599], [-71.3127, 46.7599], [-71.3127, 46.7598], [-71.3128, 46.7597], [-71.3128, 46.7596], [-71.3127, 46.7595], [-71.3127, 46.7594], [-71.3126, 46.7593], [-71.3126, 46.7592], [-71.3126, 46.7591], [-71.3126, 46.759], [-71.3127, 46.759], [-71.3128, 46.759], [-71.3129, 46.759], [-71.313, 46.759], [-71.3131, 46.7589], [-71.3131, 46.7588], [-71.3131, 46.7587], [-71.313, 46.7587], [-71.3129, 46.7586], [-71.3128, 46.7585], [-71.3127, 46.7584], [-71.3127, 46.7583], [-71.3127, 46.7582], [-71.3127, 46.7581], [-71.3128, 46.758], [-71.3129, 46.7579], [-71.3129, 46.7578], [-71.3129, 46.7576], [-71.3129, 46.7575], [-71.3129, 46.7573], [-71.3128, 46.7572], [-71.3128, 46.757], [-71.3127, 46.7568], [-71.3127, 46.7566], [-71.3127, 46.7565], [-71.3128, 46.7564], [-71.3128, 46.7563], [-71.3129, 46.7562], [-71.313, 46.7561], [-71.3131, 46.7561], [-71.3132, 46.756], [-71.3133, 46.7559], [-71.3134, 46.7559], [-71.3134, 46.7558], [-71.3134, 46.7556], [-71.3133, 46.7555], [-71.3133, 46.7554], [-71.3132, 46.7552], [-71.3134, 46.7552], [-71.3136, 46.7554], [-71.314, 46.7556], [-71.3145, 46.7559], [-71.3152, 46.7563], [-71.316, 46.7568], [-71.3169, 46.7574], [-71.3177, 46.7579], [-71.3184, 46.7584], [-71.319, 46.7587], [-71.3195, 46.7591], [-71.3199, 46.7593], [-71.3202, 46.7595], [-71.3205, 46.7595], [-71.3206, 46.7596], [-71.3207, 46.7596], [-71.3208, 46.7595], [-71.3208, 46.7594], [-71.3207, 46.7593], [-71.3207, 46.7592], [-71.3205, 46.759], [-71.3204, 46.7589], [-71.3202, 46.7587], [-71.3201, 46.7586], [-71.32, 46.7585], [-71.32, 46.7584], [-71.32, 46.7583], [-71.32, 46.7582], [-71.3201, 46.7582], [-71.3202, 46.7582], [-71.3203, 46.7582], [-71.3204, 46.7582], [-71.3205, 46.7582], [-71.3206, 46.7583], [-71.3208, 46.7584], [-71.3209, 46.7585], [-71.3211, 46.7586], [-71.3213, 46.7587], [-71.3215, 46.7588], [-71.3217, 46.7588], [-71.322, 46.7588], [-71.3223, 46.7587], [-71.3226, 46.7586], [-71.3229, 46.7585], [-71.3232, 46.7583], [-71.3236, 46.758], [-71.3239, 46.7578], [-71.3242, 46.7576], [-71.3245, 46.7574], [-71.3247, 46.7572], [-71.3249, 46.757], [-71.325, 46.7569], [-71.3252, 46.7567], [-71.3252, 46.7566], [-71.3253, 46.7564], [-71.3253, 46.7563], [-71.3253, 46.7562], [-71.3253, 46.756], [-71.3253, 46.7559], [-71.3252, 46.7557], [-71.3252, 46.7556], [-71.3251, 46.7555], [-71.325, 46.7554], [-71.325, 46.7552], [-71.3251, 46.7551], [-71.3253, 46.755], [-71.3254, 46.755], [-71.3257, 46.755], [-71.3259, 46.755], [-71.3262, 46.755], [-71.3264, 46.755], [-71.3265, 46.7551], [-71.3267, 46.7551], [-71.3268, 46.7552], [-71.3268, 46.7553], [-71.3268, 46.7554], [-71.3268, 46.7555], [-71.3268, 46.7556], [-71.3269, 46.7557], [-71.327, 46.7557], [-71.3271, 46.7557], [-71.3273, 46.7557], [-71.3275, 46.7556], [-71.3277, 46.7555], [-71.3279, 46.7554], [-71.3282, 46.7553], [-71.3284, 46.7552], [-71.3286, 46.7552], [-71.3287, 46.7552], [-71.3289, 46.7552], [-71.329, 46.7552], [-71.329, 46.7553], [-71.3291, 46.7554], [-71.3291, 46.7555], [-71.3291, 46.7556], [-71.329, 46.7557], [-71.3289, 46.7558], [-71.3288, 46.756], [-71.3286, 46.7561], [-71.3284, 46.7562], [-71.3282, 46.7564], [-71.328, 46.7565], [-71.3278, 46.7566], [-71.3277, 46.7567], [-71.3276, 46.7568], [-71.3275, 46.7569], [-71.3274, 46.757], [-71.3274, 46.7571], [-71.3274, 46.7572], [-71.3274, 46.7573], [-71.3273, 46.7574], [-71.3272, 46.7575], [-71.3271, 46.7576], [-71.327, 46.7577], [-71.3268, 46.7578], [-71.3266, 46.758], [-71.3265, 46.7581], [-71.3264, 46.7582], [-71.3265, 46.7583], [-71.3266, 46.7584], [-71.3268, 46.7584], [-71.3271, 46.7585], [-71.3274, 46.7585], [-71.3279, 46.7584], [-71.3283, 46.7584], [-71.3286, 46.7584], [-71.3289, 46.7585], [-71.3291, 46.7585], [-71.3293, 46.7585], [-71.3294, 46.7586], [-71.3295, 46.7587]]]}}, {"type": "Feature", "properties": {"couche": "voile", "station": "Pie-XII", "minutes": 12}, "geometry": {"type": "Polygon", "coordinates": [[[-71.4887, 46.873], [-71.1565, 46.8754], [-71.1537, 46.6482], [-71.4845, 46.6458], [-71.4887, 46.873]], [[-71.3294, 46.7586], [-71.3293, 46.7585], [-71.3291, 46.7585], [-71.3289, 46.7585], [-71.3286, 46.7584], [-71.3283, 46.7584], [-71.3279, 46.7584], [-71.3274, 46.7585], [-71.3271, 46.7585], [-71.3268, 46.7584], [-71.3266, 46.7584], [-71.3265, 46.7583], [-71.3264, 46.7582], [-71.3265, 46.7581], [-71.3266, 46.758], [-71.3268, 46.7578], [-71.327, 46.7577], [-71.3271, 46.7576], [-71.3272, 46.7575], [-71.3273, 46.7574], [-71.3274, 46.7573], [-71.3274, 46.7572], [-71.3274, 46.7571], [-71.3274, 46.757], [-71.3275, 46.7569], [-71.3276, 46.7568], [-71.3277, 46.7567], [-71.3278, 46.7566], [-71.328, 46.7565], [-71.3282, 46.7564], [-71.3284, 46.7562], [-71.3286, 46.7561], [-71.3288, 46.756], [-71.3289, 46.7558], [-71.329, 46.7557], [-71.3291, 46.7556], [-71.3291, 46.7555], [-71.3291, 46.7554], [-71.329, 46.7553], [-71.329, 46.7552], [-71.3289, 46.7552], [-71.3287, 46.7552], [-71.3286, 46.7552], [-71.3284, 46.7552], [-71.3282, 46.7553], [-71.3279, 46.7554], [-71.3277, 46.7555], [-71.3275, 46.7556], [-71.3273, 46.7557], [-71.3271, 46.7557], [-71.327, 46.7557], [-71.3269, 46.7557], [-71.3268, 46.7556], [-71.3268, 46.7555], [-71.3268, 46.7554], [-71.3268, 46.7553], [-71.3268, 46.7552], [-71.3267, 46.7551], [-71.3265, 46.7551], [-71.3264, 46.755], [-71.3262, 46.755], [-71.3259, 46.755], [-71.3257, 46.755], [-71.3254, 46.755], [-71.3253, 46.755], [-71.3251, 46.7551], [-71.325, 46.7552], [-71.325, 46.7554], [-71.3251, 46.7555], [-71.3252, 46.7556], [-71.3252, 46.7557], [-71.3253, 46.7559], [-71.3253, 46.756], [-71.3253, 46.7562], [-71.3253, 46.7563], [-71.3253, 46.7564], [-71.3252, 46.7566], [-71.3252, 46.7567], [-71.325, 46.7569], [-71.3249, 46.757], [-71.3247, 46.7572], [-71.3245, 46.7574], [-71.3242, 46.7576], [-71.3239, 46.7578], [-71.3236, 46.758], [-71.3232, 46.7583], [-71.3229, 46.7585], [-71.3226, 46.7586], [-71.3223, 46.7587], [-71.322, 46.7588], [-71.3217, 46.7588], [-71.3215, 46.7588], [-71.3213, 46.7587], [-71.3211, 46.7586], [-71.3209, 46.7585], [-71.3208, 46.7584], [-71.3206, 46.7583], [-71.3205, 46.7582], [-71.3204, 46.7582], [-71.3203, 46.7582], [-71.3202, 46.7582], [-71.3201, 46.7582], [-71.32, 46.7582], [-71.32, 46.7583], [-71.32, 46.7584], [-71.32, 46.7585], [-71.3201, 46.7586], [-71.3202, 46.7587], [-71.3204, 46.7589], [-71.3205, 46.759], [-71.3207, 46.7592], [-71.3207, 46.7593], [-71.3208, 46.7594], [-71.3208, 46.7595], [-71.3207, 46.7596], [-71.3206, 46.7596], [-71.3205, 46.7595], [-71.3202, 46.7595], [-71.3199, 46.7593], [-71.3195, 46.7591], [-71.319, 46.7587], [-71.3184, 46.7584], [-71.3177, 46.7579], [-71.3169, 46.7574], [-71.316, 46.7568], [-71.3152, 46.7563], [-71.3145, 46.7559], [-71.314, 46.7556], [-71.3136, 46.7554], [-71.3134, 46.7552], [-71.3132, 46.7552], [-71.3133, 46.7554], [-71.3133, 46.7555], [-71.3134, 46.7556], [-71.3134, 46.7558], [-71.3134, 46.7559], [-71.3133, 46.7559], [-71.3132, 46.756], [-71.3131, 46.7561], [-71.313, 46.7561], [-71.3129, 46.7562], [-71.3128, 46.7563], [-71.3128, 46.7564], [-71.3127, 46.7565], [-71.3127, 46.7566], [-71.3127, 46.7568], [-71.3128, 46.757], [-71.3128, 46.7572], [-71.3129, 46.7573], [-71.3129, 46.7575], [-71.3129, 46.7576], [-71.3129, 46.7578], [-71.3129, 46.7579], [-71.3128, 46.758], [-71.3127, 46.7581], [-71.3127, 46.7582], [-71.3127, 46.7583], [-71.3127, 46.7584], [-71.3128, 46.7585], [-71.3129, 46.7586], [-71.313, 46.7587], [-71.3131, 46.7587], [-71.3131, 46.7588], [-71.3131, 46.7589], [-71.313, 46.759], [-71.3129, 46.759], [-71.3128, 46.759], [-71.3127, 46.759], [-71.3126, 46.759], [-71.3126, 46.7591], [-71.3126, 46.7592], [-71.3126, 46.7593], [-71.3127, 46.7594], [-71.3127, 46.7595], [-71.3128, 46.7596], [-71.3128, 46.7597], [-71.3127, 46.7598], [-71.3127, 46.7599], [-71.3126, 46.7599], [-71.3125, 46.76], [-71.3125, 46.7601], [-71.3125, 46.7602], [-71.3125, 46.7603], [-71.3126, 46.7604], [-71.3127, 46.7605], [-71.3128, 46.7606], [-71.3129, 46.7607], [-71.313, 46.7608], [-71.313, 46.7609], [-71.3129, 46.7609], [-71.3128, 46.761], [-71.3127, 46.761], [-71.3126, 46.761], [-71.3125, 46.761], [-71.3124, 46.7611], [-71.3124, 46.7612], [-71.3123, 46.7612], [-71.3123, 46.7613], [-71.3123, 46.7614], [-71.3123, 46.7615], [-71.3123, 46.7616], [-71.3124, 46.7617], [-71.3125, 46.7618], [-71.3126, 46.7618], [-71.3127, 46.7619], [-71.3129, 46.7619], [-71.3131, 46.762], [-71.3132, 46.762], [-71.3133, 46.7621], [-71.3134, 46.7622], [-71.3133, 46.7623], [-71.3133, 46.7624], [-71.3131, 46.7626], [-71.313, 46.7627], [-71.3127, 46.7629], [-71.3125, 46.7631], [-71.3124, 46.7632], [-71.3123, 46.7634], [-71.3122, 46.7636], [-71.3122, 46.7637], [-71.3122, 46.7639], [-71.3123, 46.7641], [-71.3124, 46.7643], [-71.3125, 46.7645], [-71.3126, 46.7646], [-71.3126, 46.7648], [-71.3126, 46.7649], [-71.3126, 46.7651], [-71.3126, 46.7652], [-71.3125, 46.7653], [-71.3125, 46.7654], [-71.3124, 46.7655], [-71.3124, 46.7656], [-71.3124, 46.7657], [-71.3124, 46.7658], [-71.3125, 46.7658], [-71.3125, 46.7659], [-71.3126, 46.7659], [-71.3127, 46.7659], [-71.3129, 46.7659], [-71.313, 46.7659], [-71.3131, 46.7659], [-71.3132, 46.7659], [-71.3133, 46.7658], [-71.3134, 46.7658], [-71.3135, 46.7657], [-71.3137, 46.7657], [-71.3138, 46.7656], [-71.3139, 46.7656], [-71.314, 46.7656], [-71.3141, 46.7656], [-71.3142, 46.7656], [-71.3142, 46.7657], [-71.3143, 46.7658], [-71.3144, 46.7658], [-71.3144, 46.7659], [-71.3145, 46.7659], [-71.3146, 46.766], [-71.3148, 46.766], [-71.3149, 46.7661], [-71.3151, 46.7661], [-71.3152, 46.7661], [-71.3154, 46.7661], [-71.3156, 46.766], [-71.3158, 46.766], [-71.316, 46.7659], [-71.3162, 46.7658], [-71.3164, 46.7658], [-71.3166, 46.7656], [-71.3168, 46.7655], [-71.317, 46.7654], [-71.3171, 46.7653], [-71.3173, 46.7653], [-71.3174, 46.7653], [-71.3175, 46.7654], [-71.3176, 46.7655], [-71.3176, 46.7657], [-71.3176, 46.7658], [-71.3177, 46.7659], [-71.3178, 46.766], [-71.3179, 46.7661], [-71.318, 46.7661], [-71.3181, 46.766], [-71.3182, 46.766], [-71.3183, 46.7659], [-71.3184, 46.7659], [-71.3185, 46.7659], [-71.3187, 46.7659], [-71.3188, 46.7659], [-71.3189, 46.766], [-71.319, 46.766], [-71.3191, 46.7661], [-71.3193, 46.7661], [-71.3194, 46.7662], [-71.3196, 46.7662], [-71.3198, 46.7662], [-71.32, 46.7663], [-71.3203, 46.7663], [-71.3206, 46.7663], [-71.3209, 46.7663], [-71.3211, 46.7663], [-71.3214, 46.7662], [-71.3216, 46.7662], [-71.3218, 46.7662], [-71.322, 46.7662], [-71.3221, 46.7661], [-71.3222, 46.7661], [-71.3223, 46.766], [-71.3224, 46.766], [-71.3226, 46.766], [-71.3228, 46.766], [-71.323, 46.766], [-71.3233, 46.766], [-71.3236, 46.7661], [-71.3239, 46.7661], [-71.3243, 46.7662], [-71.3246, 46.7662], [-71.3249, 46.7663], [-71.3252, 46.7663], [-71.3255, 46.7663], [-71.3258, 46.7663], [-71.3261, 46.7662], [-71.3263, 46.7662], [-71.3266, 46.7661], [-71.3268, 46.766], [-71.327, 46.766], [-71.3272, 46.766], [-71.3274, 46.7659], [-71.3276, 46.766], [-71.3277, 46.766], [-71.3279, 46.766], [-71.328, 46.7661], [-71.3282, 46.7661], [-71.3283, 46.7661], [-71.3284, 46.7661], [-71.3285, 46.7661], [-71.3286, 46.766], [-71.3287, 46.7659], [-71.3286, 46.7658], [-71.3286, 46.7657], [-71.3285, 46.7655], [-71.3283, 46.7654], [-71.3281, 46.7652], [-71.3279, 46.765], [-71.3276, 46.7649], [-71.3273, 46.7646], [-71.327, 46.7644], [-71.3268, 46.7643], [-71.3267, 46.7641], [-71.3266, 46.7639], [-71.3265, 46.7638], [-71.3265, 46.7636], [-71.3266, 46.7635], [-71.3267, 46.7633], [-71.3268, 46.7632], [-71.327, 46.7631], [-71.3271, 46.763], [-71.3272, 46.7629], [-71.3274, 46.7629], [-71.3276, 46.7628], [-71.3277, 46.7628], [-71.3279, 46.7627], [-71.3281, 46.7627], [-71.3282, 46.7626], [-71.3284, 46.7625], [-71.3285, 46.7624], [-71.3287, 46.7622], [-71.3288, 46.762], [-71.3289, 46.7619], [-71.3291, 46.7617], [-71.3291, 46.7615], [-71.3292, 46.7613], [-71.3292, 46.7612], [-71.3292, 46.761], [-71.3292, 46.7609], [-71.3291, 46.7608], [-71.329, 46.7608], [-71.3289, 46.7607], [-71.3288, 46.7606], [-71.3287, 46.7606], [-71.3286, 46.7605], [-71.3286, 46.7604], [-71.3287, 46.7603], [-71.3288, 46.7602], [-71.3289, 46.7602], [-71.3289, 46.7601], [-71.3289, 46.76], [-71.3288, 46.7599], [-71.3287, 46.7598], [-71.3285, 46.7598], [-71.3282, 46.7597], [-71.3279, 46.7596], [-71.3275, 46.7595], [-71.3273, 46.7595], [-71.3271, 46.7594], [-71.327, 46.7593], [-71.3272, 46.7592], [-71.3274, 46.7592], [-71.3277, 46.7592], [-71.3281, 46.7591], [-71.3285, 46.7591], [-71.3288, 46.7591], [-71.329, 46.759], [-71.3292, 46.759], [-71.3294, 46.7589], [-71.3295, 46.7588], [-71.3295, 46.7587], [-71.3294, 46.7586]]]}}, {"type": "Feature", "properties": {"couche": "aire_marche", "station": "Pie-XII", "ordre": 4, "minutes": 13, "superficie_ha": 136.4, "rue_km": 34.33, "disque_ha": 260.2, "part_disque_pct": 52, "accroche_m": 6, "population": 5560, "navetteurs": 1682, "mode_auto_pct": 66, "mode_tc_pct": 20, "mode_actif_pct": 13, "mode_autre_pct": 1}, "geometry": {"type": "Polygon", "coordinates": [[[-71.3305, 46.7589], [-71.3304, 46.759], [-71.3303, 46.759], [-71.3302, 46.7591], [-71.3301, 46.7591], [-71.3299, 46.7591], [-71.3297, 46.7591], [-71.3296, 46.7591], [-71.3294, 46.7591], [-71.3291, 46.7591], [-71.3289, 46.7591], [-71.3287, 46.7591], [-71.3284, 46.7591], [-71.3282, 46.7591], [-71.328, 46.7591], [-71.3277, 46.7591], [-71.3274, 46.7591], [-71.3272, 46.7592], [-71.327, 46.7592], [-71.3268, 46.7592], [-71.3267, 46.7593], [-71.3266, 46.7593], [-71.3266, 46.7594], [-71.3267, 46.7594], [-71.3268, 46.7595], [-71.3269, 46.7596], [-71.3271, 46.7596], [-71.3272, 46.7596], [-71.3274, 46.7597], [-71.3276, 46.7597], [-71.3278, 46.7597], [-71.328, 46.7597], [-71.3282, 46.7597], [-71.3284, 46.7596], [-71.3286, 46.7596], [-71.3287, 46.7596], [-71.3289, 46.7597], [-71.3291, 46.7597], [-71.3293, 46.7598], [-71.3294, 46.7599], [-71.3296, 46.76], [-71.3297, 46.7601], [-71.3298, 46.7602], [-71.3299, 46.7604], [-71.33, 46.7605], [-71.33, 46.7607], [-71.33, 46.7608], [-71.3299, 46.761], [-71.3298, 46.7611], [-71.3297, 46.7613], [-71.3296, 46.7614], [-71.3295, 46.7616], [-71.3294, 46.7617], [-71.3293, 46.7618], [-71.3292, 46.7619], [-71.3291, 46.7619], [-71.329, 46.762], [-71.3288, 46.762], [-71.3288, 46.7621], [-71.3287, 46.7621], [-71.3286, 46.7622], [-71.3286, 46.7623], [-71.3287, 46.7623], [-71.3287, 46.7624], [-71.3288, 46.7625], [-71.3289, 46.7626], [-71.3289, 46.7627], [-71.3289, 46.7628], [-71.3288, 46.7629], [-71.3287, 46.7629], [-71.3286, 46.763], [-71.3284, 46.7631], [-71.3283, 46.7631], [-71.3282, 46.7631], [-71.3281, 46.7631], [-71.328, 46.7631], [-71.328, 46.763], [-71.3279, 46.763], [-71.3279, 46.7629], [-71.3278, 46.7628], [-71.3277, 46.7628], [-71.3276, 46.7628], [-71.3275, 46.7629], [-71.3273, 46.763], [-71.3272, 46.7631], [-71.327, 46.7632], [-71.3268, 46.7634], [-71.3267, 46.7635], [-71.3266, 46.7637], [-71.3266, 46.7638], [-71.3266, 46.764], [-71.3267, 46.7642], [-71.3268, 46.7644], [-71.327, 46.7645], [-71.3273, 46.7647], [-71.3275, 46.7649], [-71.3278, 46.765], [-71.328, 46.7651], [-71.3282, 46.7652], [-71.3284, 46.7652], [-71.3285, 46.7653], [-71.3287, 46.7653], [-71.3289, 46.7652], [-71.329, 46.7652], [-71.3291, 46.7653], [-71.3292, 46.7653], [-71.3292, 46.7654], [-71.3293, 46.7655], [-71.3293, 46.7657], [-71.3293, 46.7658], [-71.3293, 46.766], [-71.3292, 46.7662], [-71.3292, 46.7663], [-71.3291, 46.7665], [-71.329, 46.7665], [-71.3289, 46.7666], [-71.3288, 46.7666], [-71.3287, 46.7666], [-71.3286, 46.7665], [-71.3284, 46.7665], [-71.3282, 46.7665], [-71.328, 46.7665], [-71.3277, 46.7665], [-71.3274, 46.7665], [-71.3271, 46.7666], [-71.3267, 46.7666], [-71.3263, 46.7667], [-71.326, 46.7667], [-71.3257, 46.7668], [-71.3254, 46.7668], [-71.3252, 46.7668], [-71.325, 46.7668], [-71.3248, 46.7667], [-71.3247, 46.7667], [-71.3247, 46.7666], [-71.3246, 46.7666], [-71.3245, 46.7665], [-71.3244, 46.7665], [-71.3242, 46.7665], [-71.324, 46.7665], [-71.3238, 46.7665], [-71.3236, 46.7665], [-71.3234, 46.7666], [-71.3231, 46.7666], [-71.3229, 46.7666], [-71.3228, 46.7666], [-71.3226, 46.7666], [-71.3225, 46.7666], [-71.3224, 46.7666], [-71.3223, 46.7665], [-71.3222, 46.7665], [-71.3221, 46.7665], [-71.3221, 46.7664], [-71.322, 46.7664], [-71.3219, 46.7664], [-71.3218, 46.7665], [-71.3217, 46.7665], [-71.3216, 46.7666], [-71.3215, 46.7666], [-71.3214, 46.7666], [-71.3213, 46.7666], [-71.3212, 46.7666], [-71.3211, 46.7665], [-71.321, 46.7665], [-71.3209, 46.7664], [-71.3208, 46.7664], [-71.3207, 46.7664], [-71.3206, 46.7664], [-71.3205, 46.7664], [-71.3204, 46.7665], [-71.3203, 46.7665], [-71.3201, 46.7666], [-71.32, 46.7666], [-71.3199, 46.7666], [-71.3198, 46.7666], [-71.3196, 46.7666], [-71.3195, 46.7665], [-71.3194, 46.7664], [-71.3192, 46.7663], [-71.3191, 46.7662], [-71.3189, 46.7661], [-71.3188, 46.7661], [-71.3186, 46.766], [-71.3185, 46.766], [-71.3183, 46.7661], [-71.3181, 46.7661], [-71.3179, 46.7662], [-71.3178, 46.7663], [-71.3176, 46.7664], [-71.3174, 46.7664], [-71.3173, 46.7664], [-71.3172, 46.7664], [-71.3171, 46.7664], [-71.317, 46.7663], [-71.3169, 46.7662], [-71.3169, 46.7661], [-71.3168, 46.766], [-71.3167, 46.7659], [-71.3166, 46.7659], [-71.3165, 46.7659], [-71.3164, 46.7659], [-71.3162, 46.766], [-71.316, 46.7661], [-71.3159, 46.7662], [-71.3157, 46.7663], [-71.3155, 46.7664], [-71.3153, 46.7664], [-71.3152, 46.7664], [-71.315, 46.7664], [-71.3148, 46.7663], [-71.3147, 46.7662], [-71.3145, 46.766], [-71.3144, 46.7659], [-71.3142, 46.7658], [-71.314, 46.7658], [-71.3139, 46.7657], [-71.3137, 46.7658], [-71.3135, 46.7658], [-71.3134, 46.7659], [-71.3132, 46.766], [-71.313, 46.7661], [-71.3128, 46.7662], [-71.3127, 46.7662], [-71.3125, 46.7663], [-71.3124, 46.7663], [-71.3122, 46.7663], [-71.3121, 46.7663], [-71.312, 46.7663], [-71.3119, 46.7663], [-71.3118, 46.7663], [-71.3117, 46.7662], [-71.3116, 46.7662], [-71.3116, 46.7661], [-71.3115, 46.7661], [-71.3115, 46.766], [-71.3115, 46.7659], [-71.3116, 46.7658], [-71.3116, 46.7657], [-71.3117, 46.7656], [-71.3118, 46.7656], [-71.3119, 46.7655], [-71.3121, 46.7654], [-71.3122, 46.7653], [-71.3123, 46.7652], [-71.3124, 46.7651], [-71.3124, 46.765], [-71.3124, 46.7649], [-71.3124, 46.7647], [-71.3122, 46.7646], [-71.3121, 46.7645], [-71.3119, 46.7644], [-71.3117, 46.7643], [-71.3115, 46.7641], [-71.3114, 46.764], [-71.3113, 46.7639], [-71.3112, 46.7638], [-71.3112, 46.7637], [-71.3112, 46.7636], [-71.3112, 46.7635], [-71.3112, 46.7634], [-71.3113, 46.7633], [-71.3114, 46.7632], [-71.3115, 46.7631], [-71.3117, 46.763], [-71.3119, 46.7629], [-71.3121, 46.7629], [-71.3124, 46.7628], [-71.3126, 46.7627], [-71.3127, 46.7626], [-71.3129, 46.7626], [-71.313, 46.7625], [-71.3131, 46.7624], [-71.3131, 46.7623], [-71.3131, 46.7622], [-71.313, 46.7622], [-71.3129, 46.7622], [-71.3128, 46.7622], [-71.3127, 46.7623], [-71.3126, 46.7624], [-71.3125, 46.7624], [-71.3124, 46.7624], [-71.3123, 46.7625], [-71.3122, 46.7625], [-71.3121, 46.7625], [-71.312, 46.7624], [-71.3119, 46.7624], [-71.3118, 46.7623], [-71.3117, 46.7622], [-71.3118, 46.7621], [-71.3118, 46.762], [-71.3119, 46.762], [-71.312, 46.7619], [-71.312, 46.7618], [-71.3121, 46.7617], [-71.3121, 46.7616], [-71.312, 46.7615], [-71.3119, 46.7614], [-71.3118, 46.7614], [-71.3117, 46.7613], [-71.3117, 46.7612], [-71.3116, 46.761], [-71.3116, 46.7609], [-71.3116, 46.7607], [-71.3116, 46.7605], [-71.3116, 46.7603], [-71.3116, 46.7601], [-71.3117, 46.76], [-71.3117, 46.7598], [-71.3117, 46.7597], [-71.3118, 46.7596], [-71.3118, 46.7595], [-71.3119, 46.7594], [-71.312, 46.7594], [-71.3121, 46.7593], [-71.3121, 46.7592], [-71.3121, 46.7591], [-71.312, 46.759], [-71.3119, 46.7589], [-71.3119, 46.7588], [-71.3119, 46.7587], [-71.3118, 46.7587], [-71.3118, 46.7586], [-71.3119, 46.7586], [-71.3119, 46.7585], [-71.312, 46.7585], [-71.3121, 46.7585], [-71.3122, 46.7585], [-71.3123, 46.7585], [-71.3124, 46.7585], [-71.3125, 46.7585], [-71.3127, 46.7586], [-71.3128, 46.7586], [-71.3129, 46.7587], [-71.313, 46.7588], [-71.3131, 46.7588], [-71.313, 46.7587], [-71.3129, 46.7586], [-71.3127, 46.7585], [-71.3125, 46.7583], [-71.3124, 46.7582], [-71.3122, 46.758], [-71.3122, 46.7579], [-71.3121, 46.7577], [-71.3121, 46.7576], [-71.3121, 46.7575], [-71.3122, 46.7573], [-71.3123, 46.7572], [-71.3124, 46.757], [-71.3124, 46.7569], [-71.3125, 46.7568], [-71.3125, 46.7567], [-71.3124, 46.7566], [-71.3124, 46.7565], [-71.3123, 46.7564], [-71.3122, 46.7563], [-71.3121, 46.7562], [-71.3121, 46.7561], [-71.312, 46.756], [-71.312, 46.7558], [-71.312, 46.7557], [-71.312, 46.7555], [-71.312, 46.7553], [-71.3121, 46.7551], [-71.3121, 46.7549], [-71.3122, 46.7547], [-71.3123, 46.7546], [-71.3125, 46.7545], [-71.3126, 46.7544], [-71.3128, 46.7543], [-71.313, 46.7543], [-71.3133, 46.7543], [-71.3135, 46.7544], [-71.3136, 46.7544], [-71.3138, 46.7544], [-71.3139, 46.7545], [-71.314, 46.7546], [-71.314, 46.7547], [-71.3139, 46.7548], [-71.314, 46.7549], [-71.3142, 46.7551], [-71.3144, 46.7553], [-71.3148, 46.7557], [-71.3153, 46.756], [-71.3159, 46.7565], [-71.3165, 46.757], [-71.3173, 46.7575], [-71.318, 46.758], [-71.3186, 46.7584], [-71.3191, 46.7588], [-71.3196, 46.7591], [-71.32, 46.7593], [-71.3203, 46.7595], [-71.3205, 46.7595], [-71.3206, 46.7596], [-71.3207, 46.7596], [-71.3208, 46.7595], [-71.3208, 46.7594], [-71.3208, 46.7593], [-71.3207, 46.7592], [-71.3205, 46.759], [-71.3204, 46.7588], [-71.3203, 46.7587], [-71.3202, 46.7586], [-71.3202, 46.7585], [-71.3203, 46.7585], [-71.3204, 46.7585], [-71.3205, 46.7585], [-71.3207, 46.7586], [-71.321, 46.7587], [-71.3213, 46.7588], [-71.3216, 46.7588], [-71.3219, 46.7587], [-71.3223, 46.7586], [-71.3227, 46.7584], [-71.3231, 46.7581], [-71.3235, 46.7578], [-71.3239, 46.7574], [-71.3243, 46.7571], [-71.3246, 46.7567], [-71.3248, 46.7564], [-71.325, 46.7561], [-71.325, 46.7558], [-71.325, 46.7556], [-71.325, 46.7554], [-71.3248, 46.7552], [-71.3247, 46.755], [-71.3246, 46.7549], [-71.3246, 46.7548], [-71.3246, 46.7547], [-71.3247, 46.7547], [-71.3248, 46.7547], [-71.3249, 46.7548], [-71.3251, 46.7549], [-71.3253, 46.755], [-71.3255, 46.7551], [-71.3256, 46.7551], [-71.3257, 46.7551], [-71.3258, 46.755], [-71.3258, 46.7549], [-71.3258, 46.7548], [-71.3259, 46.7547], [-71.326, 46.7546], [-71.3261, 46.7546], [-71.3262, 46.7546], [-71.3264, 46.7545], [-71.3266, 46.7545], [-71.3268, 46.7546], [-71.327, 46.7546], [-71.3272, 46.7546], [-71.3273, 46.7547], [-71.3273, 46.7548], [-71.3273, 46.7549], [-71.3273, 46.755], [-71.3273, 46.7552], [-71.3271, 46.7554], [-71.3271, 46.7555], [-71.3271, 46.7556], [-71.3272, 46.7556], [-71.3274, 46.7555], [-71.3276, 46.7555], [-71.3279, 46.7553], [-71.3282, 46.7551], [-71.3285, 46.755], [-71.3288, 46.7549], [-71.329, 46.7548], [-71.3292, 46.7548], [-71.3294, 46.7548], [-71.3295, 46.7549], [-71.3297, 46.7549], [-71.3298, 46.7551], [-71.3298, 46.7552], [-71.3298, 46.7553], [-71.3298, 46.7554], [-71.3297, 46.7556], [-71.3295, 46.7557], [-71.3294, 46.7558], [-71.3291, 46.7559], [-71.3289, 46.756], [-71.3286, 46.7561], [-71.3284, 46.7563], [-71.3283, 46.7564], [-71.3282, 46.7564], [-71.3281, 46.7565], [-71.3281, 46.7566], [-71.3281, 46.7567], [-71.3281, 46.7568], [-71.3281, 46.7569], [-71.328, 46.7571], [-71.3279, 46.7572], [-71.3277, 46.7573], [-71.3275, 46.7575], [-71.3272, 46.7577], [-71.3269, 46.7579], [-71.3267, 46.758], [-71.3267, 46.7582], [-71.3267, 46.7583], [-71.3268, 46.7583], [-71.327, 46.7584], [-71.3274, 46.7584], [-71.3278, 46.7584], [-71.3283, 46.7584], [-71.3288, 46.7584], [-71.3293, 46.7584], [-71.3296, 46.7584], [-71.3299, 46.7584], [-71.3302, 46.7584], [-71.3304, 46.7584], [-71.3305, 46.7585], [-71.3306, 46.7586], [-71.3306, 46.7587], [-71.3306, 46.7588], [-71.3305, 46.7589]]]}}, {"type": "Feature", "properties": {"couche": "voile", "station": "Pie-XII", "minutes": 13}, "geometry": {"type": "Polygon", "coordinates": [[[-71.4898, 46.8735], [-71.1555, 46.8759], [-71.1527, 46.6474], [-71.4856, 46.645], [-71.4898, 46.8735]], [[-71.3306, 46.7588], [-71.3306, 46.7587], [-71.3306, 46.7586], [-71.3305, 46.7585], [-71.3304, 46.7584], [-71.3302, 46.7584], [-71.3299, 46.7584], [-71.3296, 46.7584], [-71.3293, 46.7584], [-71.3288, 46.7584], [-71.3283, 46.7584], [-71.3278, 46.7584], [-71.3274, 46.7584], [-71.327, 46.7584], [-71.3268, 46.7583], [-71.3267, 46.7583], [-71.3267, 46.7582], [-71.3267, 46.758], [-71.3269, 46.7579], [-71.3272, 46.7577], [-71.3275, 46.7575], [-71.3277, 46.7573], [-71.3279, 46.7572], [-71.328, 46.7571], [-71.3281, 46.7569], [-71.3281, 46.7568], [-71.3281, 46.7567], [-71.3281, 46.7566], [-71.3281, 46.7565], [-71.3282, 46.7564], [-71.3283, 46.7564], [-71.3284, 46.7563], [-71.3286, 46.7561], [-71.3289, 46.756], [-71.3291, 46.7559], [-71.3294, 46.7558], [-71.3295, 46.7557], [-71.3297, 46.7556], [-71.3298, 46.7554], [-71.3298, 46.7553], [-71.3298, 46.7552], [-71.3298, 46.7551], [-71.3297, 46.7549], [-71.3295, 46.7549], [-71.3294, 46.7548], [-71.3292, 46.7548], [-71.329, 46.7548], [-71.3288, 46.7549], [-71.3285, 46.755], [-71.3282, 46.7551], [-71.3279, 46.7553], [-71.3276, 46.7555], [-71.3274, 46.7555], [-71.3272, 46.7556], [-71.3271, 46.7556], [-71.3271, 46.7555], [-71.3271, 46.7554], [-71.3273, 46.7552], [-71.3273, 46.755], [-71.3273, 46.7549], [-71.3273, 46.7548], [-71.3273, 46.7547], [-71.3272, 46.7546], [-71.327, 46.7546], [-71.3268, 46.7546], [-71.3266, 46.7545], [-71.3264, 46.7545], [-71.3262, 46.7546], [-71.3261, 46.7546], [-71.326, 46.7546], [-71.3259, 46.7547], [-71.3258, 46.7548], [-71.3258, 46.7549], [-71.3258, 46.755], [-71.3257, 46.7551], [-71.3256, 46.7551], [-71.3255, 46.7551], [-71.3253, 46.755], [-71.3251, 46.7549], [-71.3249, 46.7548], [-71.3248, 46.7547], [-71.3247, 46.7547], [-71.3246, 46.7547], [-71.3246, 46.7548], [-71.3246, 46.7549], [-71.3247, 46.755], [-71.3248, 46.7552], [-71.325, 46.7554], [-71.325, 46.7556], [-71.325, 46.7558], [-71.325, 46.7561], [-71.3248, 46.7564], [-71.3246, 46.7567], [-71.3243, 46.7571], [-71.3239, 46.7574], [-71.3235, 46.7578], [-71.3231, 46.7581], [-71.3227, 46.7584], [-71.3223, 46.7586], [-71.3219, 46.7587], [-71.3216, 46.7588], [-71.3213, 46.7588], [-71.321, 46.7587], [-71.3207, 46.7586], [-71.3205, 46.7585], [-71.3204, 46.7585], [-71.3203, 46.7585], [-71.3202, 46.7585], [-71.3202, 46.7586], [-71.3203, 46.7587], [-71.3204, 46.7588], [-71.3205, 46.759], [-71.3207, 46.7592], [-71.3208, 46.7593], [-71.3208, 46.7594], [-71.3208, 46.7595], [-71.3207, 46.7596], [-71.3206, 46.7596], [-71.3205, 46.7595], [-71.3203, 46.7595], [-71.32, 46.7593], [-71.3196, 46.7591], [-71.3191, 46.7588], [-71.3186, 46.7584], [-71.318, 46.758], [-71.3173, 46.7575], [-71.3165, 46.757], [-71.3159, 46.7565], [-71.3153, 46.756], [-71.3148, 46.7557], [-71.3144, 46.7553], [-71.3142, 46.7551], [-71.314, 46.7549], [-71.3139, 46.7548], [-71.314, 46.7547], [-71.314, 46.7546], [-71.3139, 46.7545], [-71.3138, 46.7544], [-71.3136, 46.7544], [-71.3135, 46.7544], [-71.3133, 46.7543], [-71.313, 46.7543], [-71.3128, 46.7543], [-71.3126, 46.7544], [-71.3125, 46.7545], [-71.3123, 46.7546], [-71.3122, 46.7547], [-71.3121, 46.7549], [-71.3121, 46.7551], [-71.312, 46.7553], [-71.312, 46.7555], [-71.312, 46.7557], [-71.312, 46.7558], [-71.312, 46.756], [-71.3121, 46.7561], [-71.3121, 46.7562], [-71.3122, 46.7563], [-71.3123, 46.7564], [-71.3124, 46.7565], [-71.3124, 46.7566], [-71.3125, 46.7567], [-71.3125, 46.7568], [-71.3124, 46.7569], [-71.3124, 46.757], [-71.3123, 46.7572], [-71.3122, 46.7573], [-71.3121, 46.7575], [-71.3121, 46.7576], [-71.3121, 46.7577], [-71.3122, 46.7579], [-71.3122, 46.758], [-71.3124, 46.7582], [-71.3125, 46.7583], [-71.3127, 46.7585], [-71.3129, 46.7586], [-71.313, 46.7587], [-71.3131, 46.7588], [-71.313, 46.7588], [-71.3129, 46.7587], [-71.3128, 46.7586], [-71.3127, 46.7586], [-71.3125, 46.7585], [-71.3124, 46.7585], [-71.3123, 46.7585], [-71.3122, 46.7585], [-71.3121, 46.7585], [-71.312, 46.7585], [-71.3119, 46.7585], [-71.3119, 46.7586], [-71.3118, 46.7586], [-71.3118, 46.7587], [-71.3119, 46.7587], [-71.3119, 46.7588], [-71.3119, 46.7589], [-71.312, 46.759], [-71.3121, 46.7591], [-71.3121, 46.7592], [-71.3121, 46.7593], [-71.312, 46.7594], [-71.3119, 46.7594], [-71.3118, 46.7595], [-71.3118, 46.7596], [-71.3117, 46.7597], [-71.3117, 46.7598], [-71.3117, 46.76], [-71.3116, 46.7601], [-71.3116, 46.7603], [-71.3116, 46.7605], [-71.3116, 46.7607], [-71.3116, 46.7609], [-71.3116, 46.761], [-71.3117, 46.7612], [-71.3117, 46.7613], [-71.3118, 46.7614], [-71.3119, 46.7614], [-71.312, 46.7615], [-71.3121, 46.7616], [-71.3121, 46.7617], [-71.312, 46.7618], [-71.312, 46.7619], [-71.3119, 46.762], [-71.3118, 46.762], [-71.3118, 46.7621], [-71.3117, 46.7622], [-71.3118, 46.7623], [-71.3119, 46.7624], [-71.312, 46.7624], [-71.3121, 46.7625], [-71.3122, 46.7625], [-71.3123, 46.7625], [-71.3124, 46.7624], [-71.3125, 46.7624], [-71.3126, 46.7624], [-71.3127, 46.7623], [-71.3128, 46.7622], [-71.3129, 46.7622], [-71.313, 46.7622], [-71.3131, 46.7622], [-71.3131, 46.7623], [-71.3131, 46.7624], [-71.313, 46.7625], [-71.3129, 46.7626], [-71.3127, 46.7626], [-71.3126, 46.7627], [-71.3124, 46.7628], [-71.3121, 46.7629], [-71.3119, 46.7629], [-71.3117, 46.763], [-71.3115, 46.7631], [-71.3114, 46.7632], [-71.3113, 46.7633], [-71.3112, 46.7634], [-71.3112, 46.7635], [-71.3112, 46.7636], [-71.3112, 46.7637], [-71.3112, 46.7638], [-71.3113, 46.7639], [-71.3114, 46.764], [-71.3115, 46.7641], [-71.3117, 46.7643], [-71.3119, 46.7644], [-71.3121, 46.7645], [-71.3122, 46.7646], [-71.3124, 46.7647], [-71.3124, 46.7649], [-71.3124, 46.765], [-71.3124, 46.7651], [-71.3123, 46.7652], [-71.3122, 46.7653], [-71.3121, 46.7654], [-71.3119, 46.7655], [-71.3118, 46.7656], [-71.3117, 46.7656], [-71.3116, 46.7657], [-71.3116, 46.7658], [-71.3115, 46.7659], [-71.3115, 46.766], [-71.3115, 46.7661], [-71.3116, 46.7661], [-71.3116, 46.7662], [-71.3117, 46.7662], [-71.3118, 46.7663], [-71.3119, 46.7663], [-71.312, 46.7663], [-71.3121, 46.7663], [-71.3122, 46.7663], [-71.3124, 46.7663], [-71.3125, 46.7663], [-71.3127, 46.7662], [-71.3128, 46.7662], [-71.313, 46.7661], [-71.3132, 46.766], [-71.3134, 46.7659], [-71.3135, 46.7658], [-71.3137, 46.7658], [-71.3139, 46.7657], [-71.314, 46.7658], [-71.3142, 46.7658], [-71.3144, 46.7659], [-71.3145, 46.766], [-71.3147, 46.7662], [-71.3148, 46.7663], [-71.315, 46.7664], [-71.3152, 46.7664], [-71.3153, 46.7664], [-71.3155, 46.7664], [-71.3157, 46.7663], [-71.3159, 46.7662], [-71.316, 46.7661], [-71.3162, 46.766], [-71.3164, 46.7659], [-71.3165, 46.7659], [-71.3166, 46.7659], [-71.3167, 46.7659], [-71.3168, 46.766], [-71.3169, 46.7661], [-71.3169, 46.7662], [-71.317, 46.7663], [-71.3171, 46.7664], [-71.3172, 46.7664], [-71.3173, 46.7664], [-71.3174, 46.7664], [-71.3176, 46.7664], [-71.3178, 46.7663], [-71.3179, 46.7662], [-71.3181, 46.7661], [-71.3183, 46.7661], [-71.3185, 46.766], [-71.3186, 46.766], [-71.3188, 46.7661], [-71.3189, 46.7661], [-71.3191, 46.7662], [-71.3192, 46.7663], [-71.3194, 46.7664], [-71.3195, 46.7665], [-71.3196, 46.7666], [-71.3198, 46.7666], [-71.3199, 46.7666], [-71.32, 46.7666], [-71.3201, 46.7666], [-71.3203, 46.7665], [-71.3204, 46.7665], [-71.3205, 46.7664], [-71.3206, 46.7664], [-71.3207, 46.7664], [-71.3208, 46.7664], [-71.3209, 46.7664], [-71.321, 46.7665], [-71.3211, 46.7665], [-71.3212, 46.7666], [-71.3213, 46.7666], [-71.3214, 46.7666], [-71.3215, 46.7666], [-71.3216, 46.7666], [-71.3217, 46.7665], [-71.3218, 46.7665], [-71.3219, 46.7664], [-71.322, 46.7664], [-71.3221, 46.7664], [-71.3221, 46.7665], [-71.3222, 46.7665], [-71.3223, 46.7665], [-71.3224, 46.7666], [-71.3225, 46.7666], [-71.3226, 46.7666], [-71.3228, 46.7666], [-71.3229, 46.7666], [-71.3231, 46.7666], [-71.3234, 46.7666], [-71.3236, 46.7665], [-71.3238, 46.7665], [-71.324, 46.7665], [-71.3242, 46.7665], [-71.3244, 46.7665], [-71.3245, 46.7665], [-71.3246, 46.7666], [-71.3247, 46.7666], [-71.3247, 46.7667], [-71.3248, 46.7667], [-71.325, 46.7668], [-71.3252, 46.7668], [-71.3254, 46.7668], [-71.3257, 46.7668], [-71.326, 46.7667], [-71.3263, 46.7667], [-71.3267, 46.7666], [-71.3271, 46.7666], [-71.3274, 46.7665], [-71.3277, 46.7665], [-71.328, 46.7665], [-71.3282, 46.7665], [-71.3284, 46.7665], [-71.3286, 46.7665], [-71.3287, 46.7666], [-71.3288, 46.7666], [-71.3289, 46.7666], [-71.329, 46.7665], [-71.3291, 46.7665], [-71.3292, 46.7663], [-71.3292, 46.7662], [-71.3293, 46.766], [-71.3293, 46.7658], [-71.3293, 46.7657], [-71.3293, 46.7655], [-71.3292, 46.7654], [-71.3292, 46.7653], [-71.3291, 46.7653], [-71.329, 46.7652], [-71.3289, 46.7652], [-71.3287, 46.7653], [-71.3285, 46.7653], [-71.3284, 46.7652], [-71.3282, 46.7652], [-71.328, 46.7651], [-71.3278, 46.765], [-71.3275, 46.7649], [-71.3273, 46.7647], [-71.327, 46.7645], [-71.3268, 46.7644], [-71.3267, 46.7642], [-71.3266, 46.764], [-71.3266, 46.7638], [-71.3266, 46.7637], [-71.3267, 46.7635], [-71.3268, 46.7634], [-71.327, 46.7632], [-71.3272, 46.7631], [-71.3273, 46.763], [-71.3275, 46.7629], [-71.3276, 46.7628], [-71.3277, 46.7628], [-71.3278, 46.7628], [-71.3279, 46.7629], [-71.3279, 46.763], [-71.328, 46.763], [-71.328, 46.7631], [-71.3281, 46.7631], [-71.3282, 46.7631], [-71.3283, 46.7631], [-71.3284, 46.7631], [-71.3286, 46.763], [-71.3287, 46.7629], [-71.3288, 46.7629], [-71.3289, 46.7628], [-71.3289, 46.7627], [-71.3289, 46.7626], [-71.3288, 46.7625], [-71.3287, 46.7624], [-71.3287, 46.7623], [-71.3286, 46.7623], [-71.3286, 46.7622], [-71.3287, 46.7621], [-71.3288, 46.7621], [-71.3288, 46.762], [-71.329, 46.762], [-71.3291, 46.7619], [-71.3292, 46.7619], [-71.3293, 46.7618], [-71.3294, 46.7617], [-71.3295, 46.7616], [-71.3296, 46.7614], [-71.3297, 46.7613], [-71.3298, 46.7611], [-71.3299, 46.761], [-71.33, 46.7608], [-71.33, 46.7607], [-71.33, 46.7605], [-71.3299, 46.7604], [-71.3298, 46.7602], [-71.3297, 46.7601], [-71.3296, 46.76], [-71.3294, 46.7599], [-71.3293, 46.7598], [-71.3291, 46.7597], [-71.3289, 46.7597], [-71.3287, 46.7596], [-71.3286, 46.7596], [-71.3284, 46.7596], [-71.3282, 46.7597], [-71.328, 46.7597], [-71.3278, 46.7597], [-71.3276, 46.7597], [-71.3274, 46.7597], [-71.3272, 46.7596], [-71.3271, 46.7596], [-71.3269, 46.7596], [-71.3268, 46.7595], [-71.3267, 46.7594], [-71.3266, 46.7594], [-71.3266, 46.7593], [-71.3267, 46.7593], [-71.3268, 46.7592], [-71.327, 46.7592], [-71.3272, 46.7592], [-71.3274, 46.7591], [-71.3277, 46.7591], [-71.328, 46.7591], [-71.3282, 46.7591], [-71.3284, 46.7591], [-71.3287, 46.7591], [-71.3289, 46.7591], [-71.3291, 46.7591], [-71.3294, 46.7591], [-71.3296, 46.7591], [-71.3297, 46.7591], [-71.3299, 46.7591], [-71.3301, 46.7591], [-71.3302, 46.7591], [-71.3303, 46.759], [-71.3304, 46.759], [-71.3305, 46.7589], [-71.3306, 46.7588]]]}}, {"type": "Feature", "properties": {"couche": "aire_marche", "station": "Pie-XII", "ordre": 4, "minutes": 14, "superficie_ha": 158.3, "rue_km": 39.2, "disque_ha": 301.7, "part_disque_pct": 52, "accroche_m": 6, "population": 6400, "navetteurs": 1907, "mode_auto_pct": 67, "mode_tc_pct": 20, "mode_actif_pct": 12, "mode_autre_pct": 1}, "geometry": {"type": "Polygon", "coordinates": [[[-71.3286, 46.7582], [-71.3291, 46.7582], [-71.3296, 46.7581], [-71.33, 46.7581], [-71.3303, 46.7581], [-71.3306, 46.7581], [-71.3308, 46.7581], [-71.331, 46.7582], [-71.3311, 46.7582], [-71.3312, 46.7583], [-71.3313, 46.7584], [-71.3313, 46.7585], [-71.3312, 46.7586], [-71.3312, 46.7587], [-71.331, 46.7589], [-71.3309, 46.759], [-71.3308, 46.7592], [-71.3307, 46.7593], [-71.3306, 46.7595], [-71.3306, 46.7597], [-71.3306, 46.7599], [-71.3306, 46.7601], [-71.3306, 46.7603], [-71.3307, 46.7605], [-71.3307, 46.7607], [-71.3307, 46.7609], [-71.3306, 46.761], [-71.3306, 46.7611], [-71.3305, 46.7612], [-71.3303, 46.7613], [-71.3302, 46.7613], [-71.33, 46.7613], [-71.3298, 46.7613], [-71.3297, 46.7613], [-71.3296, 46.7614], [-71.3297, 46.7615], [-71.3298, 46.7616], [-71.3299, 46.7617], [-71.33, 46.7618], [-71.3301, 46.7619], [-71.3301, 46.762], [-71.3301, 46.7621], [-71.3301, 46.7623], [-71.3301, 46.7624], [-71.33, 46.7626], [-71.33, 46.7627], [-71.3299, 46.7628], [-71.3298, 46.7629], [-71.3297, 46.763], [-71.3296, 46.763], [-71.3295, 46.763], [-71.3294, 46.763], [-71.3292, 46.763], [-71.3291, 46.763], [-71.3289, 46.763], [-71.3288, 46.7631], [-71.3287, 46.7631], [-71.3286, 46.7631], [-71.3284, 46.7632], [-71.3283, 46.7633], [-71.3282, 46.7634], [-71.3281, 46.7634], [-71.328, 46.7635], [-71.3279, 46.7635], [-71.3278, 46.7635], [-71.3277, 46.7635], [-71.3276, 46.7635], [-71.3275, 46.7634], [-71.3274, 46.7633], [-71.3274, 46.7632], [-71.3274, 46.7631], [-71.3274, 46.763], [-71.3274, 46.7629], [-71.3273, 46.763], [-71.3272, 46.7631], [-71.327, 46.7632], [-71.3268, 46.7634], [-71.3267, 46.7635], [-71.3266, 46.7637], [-71.3266, 46.7638], [-71.3266, 46.764], [-71.3267, 46.7642], [-71.3268, 46.7644], [-71.327, 46.7645], [-71.3273, 46.7647], [-71.3275, 46.7649], [-71.3278, 46.765], [-71.328, 46.7651], [-71.3283, 46.7651], [-71.3285, 46.7651], [-71.3288, 46.7651], [-71.329, 46.7651], [-71.3292, 46.765], [-71.3294, 46.7649], [-71.3296, 46.7649], [-71.3297, 46.7649], [-71.3298, 46.7649], [-71.3299, 46.7649], [-71.33, 46.765], [-71.33, 46.7651], [-71.3299, 46.7652], [-71.3299, 46.7653], [-71.3298, 46.7654], [-71.3298, 46.7655], [-71.3297, 46.7655], [-71.3296, 46.7656], [-71.3295, 46.7657], [-71.3293, 46.7657], [-71.3292, 46.7658], [-71.3292, 46.7659], [-71.3292, 46.766], [-71.3293, 46.7661], [-71.3294, 46.7662], [-71.3295, 46.7663], [-71.3296, 46.7664], [-71.3297, 46.7665], [-71.3298, 46.7665], [-71.3299, 46.7666], [-71.3299, 46.7667], [-71.3299, 46.7668], [-71.3299, 46.7669], [-71.3299, 46.767], [-71.3298, 46.767], [-71.3297, 46.767], [-71.3296, 46.767], [-71.3294, 46.767], [-71.3293, 46.7669], [-71.3291, 46.7668], [-71.3289, 46.7667], [-71.3286, 46.7667], [-71.3284, 46.7666], [-71.3281, 46.7666], [-71.3279, 46.7666], [-71.3276, 46.7667], [-71.3273, 46.7667], [-71.327, 46.7668], [-71.3267, 46.767], [-71.3263, 46.7671], [-71.326, 46.7671], [-71.3256, 46.7672], [-71.3253, 46.7672], [-71.325, 46.7672], [-71.3246, 46.7672], [-71.3242, 46.7671], [-71.3239, 46.7671], [-71.3236, 46.767], [-71.3233, 46.7669], [-71.323, 46.7669], [-71.3228, 46.7669], [-71.3226, 46.7669], [-71.3225, 46.7669], [-71.3224, 46.7669], [-71.3223, 46.767], [-71.3222, 46.767], [-71.3221, 46.7671], [-71.322, 46.7671], [-71.3218, 46.7671], [-71.3216, 46.7671], [-71.3214, 46.767], [-71.3212, 46.767], [-71.3209, 46.767], [-71.3207, 46.7669], [-71.3204, 46.7669], [-71.3202, 46.7669], [-71.32, 46.7669], [-71.3199, 46.7669], [-71.3197, 46.7669], [-71.3196, 46.767], [-71.3195, 46.767], [-71.3194, 46.7671], [-71.3193, 46.7671], [-71.3192, 46.7671], [-71.3191, 46.7671], [-71.319, 46.767], [-71.3189, 46.767], [-71.3189, 46.7669], [-71.3188, 46.7669], [-71.3188, 46.7668], [-71.3187, 46.7667], [-71.3188, 46.7666], [-71.3188, 46.7665], [-71.3189, 46.7665], [-71.319, 46.7664], [-71.3191, 46.7663], [-71.3191, 46.7662], [-71.319, 46.7661], [-71.3189, 46.766], [-71.3188, 46.766], [-71.3186, 46.766], [-71.3184, 46.766], [-71.3182, 46.7661], [-71.318, 46.7662], [-71.3177, 46.7663], [-71.3173, 46.7664], [-71.317, 46.7666], [-71.3166, 46.7667], [-71.3163, 46.7668], [-71.316, 46.7668], [-71.3157, 46.7668], [-71.3155, 46.7667], [-71.3152, 46.7666], [-71.315, 46.7664], [-71.3147, 46.7662], [-71.3145, 46.7661], [-71.3143, 46.7659], [-71.3141, 46.7659], [-71.314, 46.7658], [-71.3138, 46.7658], [-71.3136, 46.7659], [-71.3135, 46.766], [-71.3133, 46.7662], [-71.3132, 46.7663], [-71.313, 46.7664], [-71.3129, 46.7665], [-71.3127, 46.7666], [-71.3125, 46.7666], [-71.3122, 46.7667], [-71.312, 46.7667], [-71.3118, 46.7667], [-71.3115, 46.7667], [-71.3114, 46.7666], [-71.3112, 46.7666], [-71.3111, 46.7665], [-71.311, 46.7664], [-71.3109, 46.7663], [-71.3109, 46.7661], [-71.3109, 46.766], [-71.3109, 46.7658], [-71.311, 46.7657], [-71.3111, 46.7656], [-71.3112, 46.7655], [-71.3113, 46.7654], [-71.3115, 46.7653], [-71.3117, 46.7652], [-71.312, 46.7652], [-71.3121, 46.7651], [-71.3122, 46.765], [-71.3123, 46.7649], [-71.3122, 46.7648], [-71.3121, 46.7646], [-71.312, 46.7644], [-71.3117, 46.7643], [-71.3114, 46.7641], [-71.3112, 46.7639], [-71.311, 46.7637], [-71.3109, 46.7635], [-71.3108, 46.7633], [-71.3108, 46.7632], [-71.3108, 46.763], [-71.3109, 46.7628], [-71.3111, 46.7626], [-71.3112, 46.7625], [-71.3113, 46.7623], [-71.3114, 46.7622], [-71.3114, 46.7621], [-71.3114, 46.762], [-71.3113, 46.7619], [-71.3112, 46.7619], [-71.3112, 46.7618], [-71.3111, 46.7618], [-71.3111, 46.7617], [-71.3111, 46.7616], [-71.3112, 46.7615], [-71.3112, 46.7614], [-71.3113, 46.7614], [-71.3114, 46.7613], [-71.3114, 46.7612], [-71.3115, 46.7611], [-71.3115, 46.761], [-71.3114, 46.7609], [-71.3114, 46.7608], [-71.3114, 46.7607], [-71.3113, 46.7605], [-71.3112, 46.7604], [-71.3112, 46.7603], [-71.3112, 46.7602], [-71.3112, 46.7601], [-71.3113, 46.7601], [-71.3114, 46.7601], [-71.3115, 46.76], [-71.3116, 46.76], [-71.3117, 46.7599], [-71.3116, 46.7598], [-71.3116, 46.7597], [-71.3115, 46.7597], [-71.3114, 46.7596], [-71.3113, 46.7595], [-71.3112, 46.7594], [-71.3112, 46.7593], [-71.3112, 46.7592], [-71.3112, 46.7591], [-71.3113, 46.7591], [-71.3113, 46.759], [-71.3114, 46.759], [-71.3114, 46.7589], [-71.3115, 46.7588], [-71.3115, 46.7587], [-71.3115, 46.7586], [-71.3114, 46.7585], [-71.3114, 46.7584], [-71.3113, 46.7582], [-71.3113, 46.7581], [-71.3113, 46.758], [-71.3113, 46.7578], [-71.3114, 46.7577], [-71.3115, 46.7576], [-71.3116, 46.7574], [-71.3117, 46.7573], [-71.3119, 46.7572], [-71.312, 46.7571], [-71.3121, 46.757], [-71.3121, 46.7569], [-71.3121, 46.7568], [-71.3121, 46.7566], [-71.312, 46.7565], [-71.3119, 46.7564], [-71.3118, 46.7563], [-71.3116, 46.7562], [-71.3115, 46.7561], [-71.3114, 46.756], [-71.3114, 46.7559], [-71.3113, 46.7558], [-71.3113, 46.7557], [-71.3113, 46.7556], [-71.3113, 46.7555], [-71.3114, 46.7554], [-71.3115, 46.7553], [-71.3116, 46.7552], [-71.3117, 46.7552], [-71.3118, 46.7552], [-71.3119, 46.7551], [-71.312, 46.7551], [-71.312, 46.755], [-71.3121, 46.755], [-71.3121, 46.7549], [-71.312, 46.7548], [-71.3119, 46.7548], [-71.3118, 46.7547], [-71.3117, 46.7546], [-71.3116, 46.7546], [-71.3115, 46.7545], [-71.3115, 46.7544], [-71.3114, 46.7543], [-71.3115, 46.7542], [-71.3116, 46.7541], [-71.3117, 46.754], [-71.3118, 46.754], [-71.3119, 46.754], [-71.312, 46.7539], [-71.3122, 46.7539], [-71.3123, 46.7539], [-71.3124, 46.7539], [-71.3125, 46.7539], [-71.3126, 46.754], [-71.3127, 46.754], [-71.3128, 46.7541], [-71.3129, 46.7541], [-71.3129, 46.7542], [-71.313, 46.7543], [-71.3131, 46.7543], [-71.3132, 46.7544], [-71.3133, 46.7544], [-71.3135, 46.7544], [-71.3137, 46.7544], [-71.3139, 46.7544], [-71.3141, 46.7543], [-71.3143, 46.7543], [-71.3145, 46.7543], [-71.3146, 46.7543], [-71.3147, 46.7543], [-71.3148, 46.7543], [-71.3149, 46.7543], [-71.3149, 46.7544], [-71.315, 46.7545], [-71.3149, 46.7545], [-71.3149, 46.7546], [-71.3148, 46.7547], [-71.3147, 46.7547], [-71.3146, 46.7548], [-71.3145, 46.7548], [-71.3143, 46.7549], [-71.3143, 46.755], [-71.3144, 46.7552], [-71.3146, 46.7554], [-71.3149, 46.7557], [-71.3153, 46.7561], [-71.3159, 46.7565], [-71.3165, 46.757], [-71.3173, 46.7575], [-71.318, 46.758], [-71.3186, 46.7584], [-71.3191, 46.7588], [-71.3196, 46.7591], [-71.32, 46.7593], [-71.3203, 46.7595], [-71.3205, 46.7595], [-71.3206, 46.7596], [-71.3207, 46.7596], [-71.3208, 46.7595], [-71.3208, 46.7594], [-71.3208, 46.7593], [-71.3207, 46.7592], [-71.3205, 46.759], [-71.3204, 46.7588], [-71.3203, 46.7587], [-71.3202, 46.7586], [-71.3202, 46.7585], [-71.3203, 46.7585], [-71.3204, 46.7585], [-71.3205, 46.7585], [-71.3207, 46.7586], [-71.321, 46.7587], [-71.3213, 46.7588], [-71.3215, 46.7588], [-71.3218, 46.7588], [-71.3221, 46.7588], [-71.3223, 46.7588], [-71.3226, 46.7587], [-71.3228, 46.7585], [-71.3231, 46.7584], [-71.3233, 46.7582], [-71.3235, 46.7581], [-71.3236, 46.758], [-71.3237, 46.7579], [-71.3237, 46.7578], [-71.3236, 46.7578], [-71.3235, 46.7578], [-71.3234, 46.7577], [-71.3233, 46.7577], [-71.3233, 46.7576], [-71.3232, 46.7576], [-71.3232, 46.7575], [-71.3232, 46.7574], [-71.3233, 46.7573], [-71.3234, 46.7572], [-71.3235, 46.7571], [-71.3237, 46.757], [-71.3239, 46.7569], [-71.3242, 46.7567], [-71.3245, 46.7566], [-71.3247, 46.7564], [-71.3249, 46.7563], [-71.325, 46.7561], [-71.325, 46.756], [-71.325, 46.7558], [-71.3248, 46.7556], [-71.3247, 46.7554], [-71.3244, 46.7552], [-71.3242, 46.755], [-71.3241, 46.7548], [-71.3239, 46.7547], [-71.3238, 46.7545], [-71.3238, 46.7544], [-71.3237, 46.7543], [-71.3238, 46.7542], [-71.3238, 46.7541], [-71.3239, 46.754], [-71.324, 46.754], [-71.324, 46.7539], [-71.3241, 46.7539], [-71.3242, 46.7539], [-71.3243, 46.7539], [-71.3244, 46.7539], [-71.3245, 46.7539], [-71.3246, 46.754], [-71.3247, 46.754], [-71.3248, 46.7541], [-71.3249, 46.7541], [-71.3249, 46.7542], [-71.325, 46.7543], [-71.325, 46.7544], [-71.3251, 46.7545], [-71.3252, 46.7546], [-71.3252, 46.7547], [-71.3253, 46.7547], [-71.3253, 46.7548], [-71.3254, 46.7549], [-71.3255, 46.755], [-71.3256, 46.755], [-71.3256, 46.7551], [-71.3257, 46.7551], [-71.3257, 46.755], [-71.3257, 46.7549], [-71.3257, 46.7548], [-71.3256, 46.7547], [-71.3256, 46.7545], [-71.3256, 46.7544], [-71.3256, 46.7543], [-71.3256, 46.7542], [-71.3257, 46.7542], [-71.3258, 46.7542], [-71.326, 46.7543], [-71.3261, 46.7544], [-71.3263, 46.7545], [-71.3264, 46.7545], [-71.3265, 46.7545], [-71.3267, 46.7546], [-71.3268, 46.7545], [-71.3269, 46.7545], [-71.327, 46.7544], [-71.3271, 46.7543], [-71.3272, 46.7543], [-71.3273, 46.7542], [-71.3274, 46.7542], [-71.3275, 46.7541], [-71.3277, 46.7541], [-71.3278, 46.7541], [-71.3279, 46.7541], [-71.328, 46.7542], [-71.3281, 46.7542], [-71.3281, 46.7543], [-71.3281, 46.7544], [-71.3281, 46.7545], [-71.328, 46.7547], [-71.3279, 46.7548], [-71.3277, 46.755], [-71.3275, 46.7552], [-71.3274, 46.7554], [-71.3273, 46.7555], [-71.3274, 46.7555], [-71.3276, 46.7554], [-71.3278, 46.7553], [-71.3282, 46.7551], [-71.3285, 46.7549], [-71.3289, 46.7547], [-71.3292, 46.7545], [-71.3295, 46.7544], [-71.3298, 46.7544], [-71.33, 46.7544], [-71.3302, 46.7544], [-71.3303, 46.7545], [-71.3305, 46.7546], [-71.3305, 46.7547], [-71.3305, 46.7549], [-71.3305, 46.755], [-71.3303, 46.7551], [-71.3302, 46.7553], [-71.3299, 46.7554], [-71.3296, 46.7556], [-71.3293, 46.7558], [-71.329, 46.7559], [-71.3288, 46.7561], [-71.3286, 46.7562], [-71.3285, 46.7564], [-71.3284, 46.7565], [-71.3284, 46.7566], [-71.3285, 46.7567], [-71.3286, 46.7568], [-71.3287, 46.7569], [-71.3287, 46.757], [-71.3287, 46.7571], [-71.3286, 46.7572], [-71.3285, 46.7572], [-71.3284, 46.7572], [-71.3282, 46.7572], [-71.328, 46.7573], [-71.3278, 46.7573], [-71.3276, 46.7574], [-71.3275, 46.7575], [-71.3273, 46.7576], [-71.3271, 46.7577], [-71.3268, 46.7578], [-71.3266, 46.758], [-71.3265, 46.7581], [-71.3265, 46.7582], [-71.3266, 46.7583], [-71.3268, 46.7583], [-71.3271, 46.7583], [-71.3275, 46.7583], [-71.328, 46.7583], [-71.3286, 46.7582]]]}}, {"type": "Feature", "properties": {"couche": "voile", "station": "Pie-XII", "minutes": 14}, "geometry": {"type": "Polygon", "coordinates": [[[-71.4905, 46.8738], [-71.1551, 46.8763], [-71.1523, 46.647], [-71.4863, 46.6446], [-71.4905, 46.8738]], [[-71.328, 46.7583], [-71.3275, 46.7583], [-71.3271, 46.7583], [-71.3268, 46.7583], [-71.3266, 46.7583], [-71.3265, 46.7582], [-71.3265, 46.7581], [-71.3266, 46.758], [-71.3268, 46.7578], [-71.3271, 46.7577], [-71.3273, 46.7576], [-71.3275, 46.7575], [-71.3276, 46.7574], [-71.3278, 46.7573], [-71.328, 46.7573], [-71.3282, 46.7572], [-71.3284, 46.7572], [-71.3285, 46.7572], [-71.3286, 46.7572], [-71.3287, 46.7571], [-71.3287, 46.757], [-71.3287, 46.7569], [-71.3286, 46.7568], [-71.3285, 46.7567], [-71.3284, 46.7566], [-71.3284, 46.7565], [-71.3285, 46.7564], [-71.3286, 46.7562], [-71.3288, 46.7561], [-71.329, 46.7559], [-71.3293, 46.7558], [-71.3296, 46.7556], [-71.3299, 46.7554], [-71.3302, 46.7553], [-71.3303, 46.7551], [-71.3305, 46.755], [-71.3305, 46.7549], [-71.3305, 46.7547], [-71.3305, 46.7546], [-71.3303, 46.7545], [-71.3302, 46.7544], [-71.33, 46.7544], [-71.3298, 46.7544], [-71.3295, 46.7544], [-71.3292, 46.7545], [-71.3289, 46.7547], [-71.3285, 46.7549], [-71.3282, 46.7551], [-71.3278, 46.7553], [-71.3276, 46.7554], [-71.3274, 46.7555], [-71.3273, 46.7555], [-71.3274, 46.7554], [-71.3275, 46.7552], [-71.3277, 46.755], [-71.3279, 46.7548], [-71.328, 46.7547], [-71.3281, 46.7545], [-71.3281, 46.7544], [-71.3281, 46.7543], [-71.3281, 46.7542], [-71.328, 46.7542], [-71.3279, 46.7541], [-71.3278, 46.7541], [-71.3277, 46.7541], [-71.3275, 46.7541], [-71.3274, 46.7542], [-71.3273, 46.7542], [-71.3272, 46.7543], [-71.3271, 46.7543], [-71.327, 46.7544], [-71.3269, 46.7545], [-71.3268, 46.7545], [-71.3267, 46.7546], [-71.3265, 46.7545], [-71.3264, 46.7545], [-71.3263, 46.7545], [-71.3261, 46.7544], [-71.326, 46.7543], [-71.3258, 46.7542], [-71.3257, 46.7542], [-71.3256, 46.7542], [-71.3256, 46.7543], [-71.3256, 46.7544], [-71.3256, 46.7545], [-71.3256, 46.7547], [-71.3257, 46.7548], [-71.3257, 46.7549], [-71.3257, 46.755], [-71.3257, 46.7551], [-71.3256, 46.7551], [-71.3256, 46.755], [-71.3255, 46.755], [-71.3254, 46.7549], [-71.3253, 46.7548], [-71.3253, 46.7547], [-71.3252, 46.7547], [-71.3252, 46.7546], [-71.3251, 46.7545], [-71.325, 46.7544], [-71.325, 46.7543], [-71.3249, 46.7542], [-71.3249, 46.7541], [-71.3248, 46.7541], [-71.3247, 46.754], [-71.3246, 46.754], [-71.3245, 46.7539], [-71.3244, 46.7539], [-71.3243, 46.7539], [-71.3242, 46.7539], [-71.3241, 46.7539], [-71.324, 46.7539], [-71.324, 46.754], [-71.3239, 46.754], [-71.3238, 46.7541], [-71.3238, 46.7542], [-71.3237, 46.7543], [-71.3238, 46.7544], [-71.3238, 46.7545], [-71.3239, 46.7547], [-71.3241, 46.7548], [-71.3242, 46.755], [-71.3244, 46.7552], [-71.3247, 46.7554], [-71.3248, 46.7556], [-71.325, 46.7558], [-71.325, 46.756], [-71.325, 46.7561], [-71.3249, 46.7563], [-71.3247, 46.7564], [-71.3245, 46.7566], [-71.3242, 46.7567], [-71.3239, 46.7569], [-71.3237, 46.757], [-71.3235, 46.7571], [-71.3234, 46.7572], [-71.3233, 46.7573], [-71.3232, 46.7574], [-71.3232, 46.7575], [-71.3232, 46.7576], [-71.3233, 46.7576], [-71.3233, 46.7577], [-71.3234, 46.7577], [-71.3235, 46.7578], [-71.3236, 46.7578], [-71.3237, 46.7578], [-71.3237, 46.7579], [-71.3236, 46.758], [-71.3235, 46.7581], [-71.3233, 46.7582], [-71.3231, 46.7584], [-71.3228, 46.7585], [-71.3226, 46.7587], [-71.3223, 46.7588], [-71.3221, 46.7588], [-71.3218, 46.7588], [-71.3215, 46.7588], [-71.3213, 46.7588], [-71.321, 46.7587], [-71.3207, 46.7586], [-71.3205, 46.7585], [-71.3204, 46.7585], [-71.3203, 46.7585], [-71.3202, 46.7585], [-71.3202, 46.7586], [-71.3203, 46.7587], [-71.3204, 46.7588], [-71.3205, 46.759], [-71.3207, 46.7592], [-71.3208, 46.7593], [-71.3208, 46.7594], [-71.3208, 46.7595], [-71.3207, 46.7596], [-71.3206, 46.7596], [-71.3205, 46.7595], [-71.3203, 46.7595], [-71.32, 46.7593], [-71.3196, 46.7591], [-71.3191, 46.7588], [-71.3186, 46.7584], [-71.318, 46.758], [-71.3173, 46.7575], [-71.3165, 46.757], [-71.3159, 46.7565], [-71.3153, 46.7561], [-71.3149, 46.7557], [-71.3146, 46.7554], [-71.3144, 46.7552], [-71.3143, 46.755], [-71.3143, 46.7549], [-71.3145, 46.7548], [-71.3146, 46.7548], [-71.3147, 46.7547], [-71.3148, 46.7547], [-71.3149, 46.7546], [-71.3149, 46.7545], [-71.315, 46.7545], [-71.3149, 46.7544], [-71.3149, 46.7543], [-71.3148, 46.7543], [-71.3147, 46.7543], [-71.3146, 46.7543], [-71.3145, 46.7543], [-71.3143, 46.7543], [-71.3141, 46.7543], [-71.3139, 46.7544], [-71.3137, 46.7544], [-71.3135, 46.7544], [-71.3133, 46.7544], [-71.3132, 46.7544], [-71.3131, 46.7543], [-71.313, 46.7543], [-71.3129, 46.7542], [-71.3129, 46.7541], [-71.3128, 46.7541], [-71.3127, 46.754], [-71.3126, 46.754], [-71.3125, 46.7539], [-71.3124, 46.7539], [-71.3123, 46.7539], [-71.3122, 46.7539], [-71.312, 46.7539], [-71.3119, 46.754], [-71.3118, 46.754], [-71.3117, 46.754], [-71.3116, 46.7541], [-71.3115, 46.7542], [-71.3114, 46.7543], [-71.3115, 46.7544], [-71.3115, 46.7545], [-71.3116, 46.7546], [-71.3117, 46.7546], [-71.3118, 46.7547], [-71.3119, 46.7548], [-71.312, 46.7548], [-71.3121, 46.7549], [-71.3121, 46.755], [-71.312, 46.755], [-71.312, 46.7551], [-71.3119, 46.7551], [-71.3118, 46.7552], [-71.3117, 46.7552], [-71.3116, 46.7552], [-71.3115, 46.7553], [-71.3114, 46.7554], [-71.3113, 46.7555], [-71.3113, 46.7556], [-71.3113, 46.7557], [-71.3113, 46.7558], [-71.3114, 46.7559], [-71.3114, 46.756], [-71.3115, 46.7561], [-71.3116, 46.7562], [-71.3118, 46.7563], [-71.3119, 46.7564], [-71.312, 46.7565], [-71.3121, 46.7566], [-71.3121, 46.7568], [-71.3121, 46.7569], [-71.3121, 46.757], [-71.312, 46.7571], [-71.3119, 46.7572], [-71.3117, 46.7573], [-71.3116, 46.7574], [-71.3115, 46.7576], [-71.3114, 46.7577], [-71.3113, 46.7578], [-71.3113, 46.758], [-71.3113, 46.7581], [-71.3113, 46.7582], [-71.3114, 46.7584], [-71.3114, 46.7585], [-71.3115, 46.7586], [-71.3115, 46.7587], [-71.3115, 46.7588], [-71.3114, 46.7589], [-71.3114, 46.759], [-71.3113, 46.759], [-71.3113, 46.7591], [-71.3112, 46.7591], [-71.3112, 46.7592], [-71.3112, 46.7593], [-71.3112, 46.7594], [-71.3113, 46.7595], [-71.3114, 46.7596], [-71.3115, 46.7597], [-71.3116, 46.7597], [-71.3116, 46.7598], [-71.3117, 46.7599], [-71.3116, 46.76], [-71.3115, 46.76], [-71.3114, 46.7601], [-71.3113, 46.7601], [-71.3112, 46.7601], [-71.3112, 46.7602], [-71.3112, 46.7603], [-71.3112, 46.7604], [-71.3113, 46.7605], [-71.3114, 46.7607], [-71.3114, 46.7608], [-71.3114, 46.7609], [-71.3115, 46.761], [-71.3115, 46.7611], [-71.3114, 46.7612], [-71.3114, 46.7613], [-71.3113, 46.7614], [-71.3112, 46.7614], [-71.3112, 46.7615], [-71.3111, 46.7616], [-71.3111, 46.7617], [-71.3111, 46.7618], [-71.3112, 46.7618], [-71.3112, 46.7619], [-71.3113, 46.7619], [-71.3114, 46.762], [-71.3114, 46.7621], [-71.3114, 46.7622], [-71.3113, 46.7623], [-71.3112, 46.7625], [-71.3111, 46.7626], [-71.3109, 46.7628], [-71.3108, 46.763], [-71.3108, 46.7632], [-71.3108, 46.7633], [-71.3109, 46.7635], [-71.311, 46.7637], [-71.3112, 46.7639], [-71.3114, 46.7641], [-71.3117, 46.7643], [-71.312, 46.7644], [-71.3121, 46.7646], [-71.3122, 46.7648], [-71.3123, 46.7649], [-71.3122, 46.765], [-71.3121, 46.7651], [-71.312, 46.7652], [-71.3117, 46.7652], [-71.3115, 46.7653], [-71.3113, 46.7654], [-71.3112, 46.7655], [-71.3111, 46.7656], [-71.311, 46.7657], [-71.3109, 46.7658], [-71.3109, 46.766], [-71.3109, 46.7661], [-71.3109, 46.7663], [-71.311, 46.7664], [-71.3111, 46.7665], [-71.3112, 46.7666], [-71.3114, 46.7666], [-71.3115, 46.7667], [-71.3118, 46.7667], [-71.312, 46.7667], [-71.3122, 46.7667], [-71.3125, 46.7666], [-71.3127, 46.7666], [-71.3129, 46.7665], [-71.313, 46.7664], [-71.3132, 46.7663], [-71.3133, 46.7662], [-71.3135, 46.766], [-71.3136, 46.7659], [-71.3138, 46.7658], [-71.314, 46.7658], [-71.3141, 46.7659], [-71.3143, 46.7659], [-71.3145, 46.7661], [-71.3147, 46.7662], [-71.315, 46.7664], [-71.3152, 46.7666], [-71.3155, 46.7667], [-71.3157, 46.7668], [-71.316, 46.7668], [-71.3163, 46.7668], [-71.3166, 46.7667], [-71.317, 46.7666], [-71.3173, 46.7664], [-71.3177, 46.7663], [-71.318, 46.7662], [-71.3182, 46.7661], [-71.3184, 46.766], [-71.3186, 46.766], [-71.3188, 46.766], [-71.3189, 46.766], [-71.319, 46.7661], [-71.3191, 46.7662], [-71.3191, 46.7663], [-71.319, 46.7664], [-71.3189, 46.7665], [-71.3188, 46.7665], [-71.3188, 46.7666], [-71.3187, 46.7667], [-71.3188, 46.7668], [-71.3188, 46.7669], [-71.3189, 46.7669], [-71.3189, 46.767], [-71.319, 46.767], [-71.3191, 46.7671], [-71.3192, 46.7671], [-71.3193, 46.7671], [-71.3194, 46.7671], [-71.3195, 46.767], [-71.3196, 46.767], [-71.3197, 46.7669], [-71.3199, 46.7669], [-71.32, 46.7669], [-71.3202, 46.7669], [-71.3204, 46.7669], [-71.3207, 46.7669], [-71.3209, 46.767], [-71.3212, 46.767], [-71.3214, 46.767], [-71.3216, 46.7671], [-71.3218, 46.7671], [-71.322, 46.7671], [-71.3221, 46.7671], [-71.3222, 46.767], [-71.3223, 46.767], [-71.3224, 46.7669], [-71.3225, 46.7669], [-71.3226, 46.7669], [-71.3228, 46.7669], [-71.323, 46.7669], [-71.3233, 46.7669], [-71.3236, 46.767], [-71.3239, 46.7671], [-71.3242, 46.7671], [-71.3246, 46.7672], [-71.325, 46.7672], [-71.3253, 46.7672], [-71.3256, 46.7672], [-71.326, 46.7671], [-71.3263, 46.7671], [-71.3267, 46.767], [-71.327, 46.7668], [-71.3273, 46.7667], [-71.3276, 46.7667], [-71.3279, 46.7666], [-71.3281, 46.7666], [-71.3284, 46.7666], [-71.3286, 46.7667], [-71.3289, 46.7667], [-71.3291, 46.7668], [-71.3293, 46.7669], [-71.3294, 46.767], [-71.3296, 46.767], [-71.3297, 46.767], [-71.3298, 46.767], [-71.3299, 46.767], [-71.3299, 46.7669], [-71.3299, 46.7668], [-71.3299, 46.7667], [-71.3299, 46.7666], [-71.3298, 46.7665], [-71.3297, 46.7665], [-71.3296, 46.7664], [-71.3295, 46.7663], [-71.3294, 46.7662], [-71.3293, 46.7661], [-71.3292, 46.766], [-71.3292, 46.7659], [-71.3292, 46.7658], [-71.3293, 46.7657], [-71.3295, 46.7657], [-71.3296, 46.7656], [-71.3297, 46.7655], [-71.3298, 46.7655], [-71.3298, 46.7654], [-71.3299, 46.7653], [-71.3299, 46.7652], [-71.33, 46.7651], [-71.33, 46.765], [-71.3299, 46.7649], [-71.3298, 46.7649], [-71.3297, 46.7649], [-71.3296, 46.7649], [-71.3294, 46.7649], [-71.3292, 46.765], [-71.329, 46.7651], [-71.3288, 46.7651], [-71.3285, 46.7651], [-71.3283, 46.7651], [-71.328, 46.7651], [-71.3278, 46.765], [-71.3275, 46.7649], [-71.3273, 46.7647], [-71.327, 46.7645], [-71.3268, 46.7644], [-71.3267, 46.7642], [-71.3266, 46.764], [-71.3266, 46.7638], [-71.3266, 46.7637], [-71.3267, 46.7635], [-71.3268, 46.7634], [-71.327, 46.7632], [-71.3272, 46.7631], [-71.3273, 46.763], [-71.3274, 46.7629], [-71.3274, 46.763], [-71.3274, 46.7631], [-71.3274, 46.7632], [-71.3274, 46.7633], [-71.3275, 46.7634], [-71.3276, 46.7635], [-71.3277, 46.7635], [-71.3278, 46.7635], [-71.3279, 46.7635], [-71.328, 46.7635], [-71.3281, 46.7634], [-71.3282, 46.7634], [-71.3283, 46.7633], [-71.3284, 46.7632], [-71.3286, 46.7631], [-71.3287, 46.7631], [-71.3288, 46.7631], [-71.3289, 46.763], [-71.3291, 46.763], [-71.3292, 46.763], [-71.3294, 46.763], [-71.3295, 46.763], [-71.3296, 46.763], [-71.3297, 46.763], [-71.3298, 46.7629], [-71.3299, 46.7628], [-71.33, 46.7627], [-71.33, 46.7626], [-71.3301, 46.7624], [-71.3301, 46.7623], [-71.3301, 46.7621], [-71.3301, 46.762], [-71.3301, 46.7619], [-71.33, 46.7618], [-71.3299, 46.7617], [-71.3298, 46.7616], [-71.3297, 46.7615], [-71.3296, 46.7614], [-71.3297, 46.7613], [-71.3298, 46.7613], [-71.33, 46.7613], [-71.3302, 46.7613], [-71.3303, 46.7613], [-71.3305, 46.7612], [-71.3306, 46.7611], [-71.3306, 46.761], [-71.3307, 46.7609], [-71.3307, 46.7607], [-71.3307, 46.7605], [-71.3306, 46.7603], [-71.3306, 46.7601], [-71.3306, 46.7599], [-71.3306, 46.7597], [-71.3306, 46.7595], [-71.3307, 46.7593], [-71.3308, 46.7592], [-71.3309, 46.759], [-71.331, 46.7589], [-71.3312, 46.7587], [-71.3312, 46.7586], [-71.3313, 46.7585], [-71.3313, 46.7584], [-71.3312, 46.7583], [-71.3311, 46.7582], [-71.331, 46.7582], [-71.3308, 46.7581], [-71.3306, 46.7581], [-71.3303, 46.7581], [-71.33, 46.7581], [-71.3296, 46.7581], [-71.3291, 46.7582], [-71.3286, 46.7582], [-71.328, 46.7583]]]}}, {"type": "Feature", "properties": {"couche": "aire_marche", "station": "Pie-XII", "ordre": 4, "minutes": 15, "superficie_ha": 187.9, "rue_km": 46.3, "disque_ha": 346.4, "part_disque_pct": 54, "accroche_m": 6, "population": 7637, "navetteurs": 2268, "mode_auto_pct": 67, "mode_tc_pct": 20, "mode_actif_pct": 12, "mode_autre_pct": 1}, "geometry": {"type": "Polygon", "coordinates": [[[-71.3315, 46.7553], [-71.3314, 46.7554], [-71.3313, 46.7554], [-71.3312, 46.7555], [-71.3312, 46.7556], [-71.3311, 46.7556], [-71.331, 46.7556], [-71.3309, 46.7556], [-71.3307, 46.7556], [-71.3306, 46.7556], [-71.3305, 46.7556], [-71.3304, 46.7556], [-71.3302, 46.7556], [-71.33, 46.7556], [-71.3298, 46.7557], [-71.3295, 46.7558], [-71.3293, 46.7559], [-71.329, 46.756], [-71.3288, 46.7561], [-71.3287, 46.7562], [-71.3286, 46.7563], [-71.3285, 46.7564], [-71.3286, 46.7565], [-71.3286, 46.7566], [-71.3288, 46.7566], [-71.329, 46.7567], [-71.3292, 46.7568], [-71.3293, 46.7569], [-71.3294, 46.757], [-71.3295, 46.7571], [-71.3296, 46.7571], [-71.3296, 46.7572], [-71.3297, 46.7573], [-71.3296, 46.7574], [-71.3295, 46.7574], [-71.3294, 46.7574], [-71.3292, 46.7574], [-71.3291, 46.7574], [-71.3289, 46.7574], [-71.3286, 46.7573], [-71.3284, 46.7573], [-71.3282, 46.7573], [-71.3279, 46.7574], [-71.3277, 46.7574], [-71.3275, 46.7575], [-71.3272, 46.7576], [-71.327, 46.7578], [-71.3267, 46.7579], [-71.3266, 46.7581], [-71.3266, 46.7582], [-71.3268, 46.7583], [-71.327, 46.7583], [-71.3274, 46.7583], [-71.328, 46.7583], [-71.3286, 46.7582], [-71.3294, 46.7581], [-71.3301, 46.7581], [-71.3306, 46.7581], [-71.331, 46.7581], [-71.3313, 46.7581], [-71.3315, 46.7581], [-71.3316, 46.7582], [-71.3315, 46.7583], [-71.3313, 46.7585], [-71.3312, 46.7586], [-71.3311, 46.7587], [-71.331, 46.7588], [-71.331, 46.759], [-71.331, 46.7591], [-71.331, 46.7592], [-71.3311, 46.7593], [-71.3312, 46.7594], [-71.3313, 46.7595], [-71.3313, 46.7596], [-71.3313, 46.7597], [-71.3313, 46.7599], [-71.3312, 46.76], [-71.3312, 46.7601], [-71.331, 46.7602], [-71.3309, 46.7603], [-71.3308, 46.7604], [-71.3307, 46.7605], [-71.3307, 46.7606], [-71.3307, 46.7607], [-71.3307, 46.7609], [-71.3308, 46.761], [-71.3309, 46.7611], [-71.331, 46.7612], [-71.3311, 46.7613], [-71.3312, 46.7615], [-71.3312, 46.7617], [-71.3312, 46.7619], [-71.3312, 46.7621], [-71.3311, 46.7623], [-71.3309, 46.7625], [-71.3308, 46.7628], [-71.3306, 46.763], [-71.3304, 46.7632], [-71.3303, 46.7633], [-71.3302, 46.7635], [-71.3301, 46.7636], [-71.3299, 46.7637], [-71.3298, 46.7637], [-71.3297, 46.7637], [-71.3296, 46.7637], [-71.3295, 46.7637], [-71.3294, 46.7636], [-71.3293, 46.7636], [-71.3292, 46.7635], [-71.3291, 46.7634], [-71.329, 46.7633], [-71.329, 46.7632], [-71.3289, 46.7632], [-71.3288, 46.7632], [-71.3288, 46.7633], [-71.3289, 46.7634], [-71.3289, 46.7635], [-71.3289, 46.7636], [-71.329, 46.7637], [-71.3289, 46.7638], [-71.3289, 46.7639], [-71.3288, 46.7639], [-71.3287, 46.764], [-71.3286, 46.764], [-71.3285, 46.764], [-71.3284, 46.764], [-71.3283, 46.764], [-71.3282, 46.7639], [-71.3281, 46.7639], [-71.328, 46.7638], [-71.3278, 46.7637], [-71.3277, 46.7636], [-71.3276, 46.7635], [-71.3275, 46.7634], [-71.3275, 46.7633], [-71.3274, 46.7632], [-71.3274, 46.7631], [-71.3274, 46.763], [-71.3275, 46.7629], [-71.3275, 46.7628], [-71.3274, 46.7629], [-71.3273, 46.763], [-71.3272, 46.7631], [-71.327, 46.7632], [-71.3268, 46.7634], [-71.3267, 46.7635], [-71.3266, 46.7637], [-71.3266, 46.7638], [-71.3266, 46.764], [-71.3267, 46.7642], [-71.3268, 46.7644], [-71.327, 46.7645], [-71.3273, 46.7647], [-71.3275, 46.7649], [-71.3278, 46.765], [-71.328, 46.765], [-71.3282, 46.765], [-71.3283, 46.765], [-71.3285, 46.7649], [-71.3286, 46.7648], [-71.3288, 46.7647], [-71.3289, 46.7646], [-71.3291, 46.7644], [-71.3292, 46.7644], [-71.3294, 46.7643], [-71.3295, 46.7642], [-71.3297, 46.7642], [-71.3299, 46.7642], [-71.3301, 46.7642], [-71.3302, 46.7642], [-71.3304, 46.7643], [-71.3305, 46.7644], [-71.3306, 46.7644], [-71.3306, 46.7645], [-71.3307, 46.7647], [-71.3307, 46.7648], [-71.3307, 46.765], [-71.3307, 46.7651], [-71.3306, 46.7652], [-71.3306, 46.7654], [-71.3305, 46.7655], [-71.3305, 46.7656], [-71.3304, 46.7656], [-71.3303, 46.7657], [-71.3301, 46.7658], [-71.33, 46.7658], [-71.33, 46.7659], [-71.33, 46.766], [-71.3301, 46.7661], [-71.3302, 46.7661], [-71.3303, 46.7661], [-71.3304, 46.7662], [-71.3305, 46.7662], [-71.3306, 46.7663], [-71.3306, 46.7664], [-71.3307, 46.7665], [-71.3307, 46.7667], [-71.3307, 46.7668], [-71.3306, 46.767], [-71.3306, 46.7671], [-71.3305, 46.7673], [-71.3304, 46.7674], [-71.3302, 46.7674], [-71.33, 46.7675], [-71.3298, 46.7675], [-71.3295, 46.7675], [-71.3292, 46.7675], [-71.329, 46.7675], [-71.3287, 46.7674], [-71.3286, 46.7674], [-71.3284, 46.7673], [-71.3283, 46.7672], [-71.3282, 46.7671], [-71.3282, 46.767], [-71.3281, 46.7668], [-71.3281, 46.7667], [-71.3281, 46.7666], [-71.328, 46.7666], [-71.328, 46.7665], [-71.3279, 46.7666], [-71.3278, 46.7666], [-71.3277, 46.7666], [-71.3276, 46.7667], [-71.3276, 46.7668], [-71.3275, 46.7668], [-71.3275, 46.7669], [-71.3275, 46.767], [-71.3275, 46.7671], [-71.3275, 46.7672], [-71.3275, 46.7673], [-71.3274, 46.7674], [-71.3273, 46.7675], [-71.3272, 46.7676], [-71.327, 46.7676], [-71.3268, 46.7677], [-71.3266, 46.7678], [-71.3264, 46.7678], [-71.3261, 46.7679], [-71.3259, 46.7679], [-71.3257, 46.7679], [-71.3255, 46.7679], [-71.3253, 46.7678], [-71.3251, 46.7678], [-71.3249, 46.7677], [-71.3247, 46.7677], [-71.3245, 46.7676], [-71.3242, 46.7676], [-71.3239, 46.7676], [-71.3236, 46.7676], [-71.3233, 46.7676], [-71.323, 46.7676], [-71.3226, 46.7676], [-71.3223, 46.7676], [-71.3219, 46.7676], [-71.3216, 46.7676], [-71.3214, 46.7675], [-71.3211, 46.7674], [-71.3209, 46.7674], [-71.3207, 46.7673], [-71.3206, 46.7672], [-71.3204, 46.7671], [-71.3203, 46.767], [-71.3201, 46.767], [-71.32, 46.767], [-71.3199, 46.767], [-71.3198, 46.7671], [-71.3197, 46.7671], [-71.3196, 46.7672], [-71.3195, 46.7673], [-71.3194, 46.7674], [-71.3193, 46.7674], [-71.3192, 46.7675], [-71.3191, 46.7675], [-71.319, 46.7676], [-71.3189, 46.7676], [-71.3188, 46.7676], [-71.3187, 46.7676], [-71.3186, 46.7676], [-71.3185, 46.7675], [-71.3184, 46.7674], [-71.3183, 46.7673], [-71.3182, 46.7672], [-71.3182, 46.767], [-71.3181, 46.7669], [-71.318, 46.7667], [-71.3179, 46.7667], [-71.3178, 46.7666], [-71.3177, 46.7666], [-71.3176, 46.7667], [-71.3174, 46.7667], [-71.3172, 46.7669], [-71.317, 46.767], [-71.3168, 46.7671], [-71.3166, 46.7672], [-71.3164, 46.7672], [-71.3161, 46.7672], [-71.3159, 46.7671], [-71.3156, 46.7669], [-71.3153, 46.7667], [-71.315, 46.7664], [-71.3147, 46.7662], [-71.3145, 46.7661], [-71.3142, 46.766], [-71.314, 46.766], [-71.3137, 46.766], [-71.3135, 46.7661], [-71.3133, 46.7663], [-71.3132, 46.7665], [-71.313, 46.7667], [-71.3128, 46.7669], [-71.3125, 46.767], [-71.3123, 46.7671], [-71.3121, 46.7672], [-71.3118, 46.7672], [-71.3115, 46.7672], [-71.3113, 46.7672], [-71.311, 46.7672], [-71.3108, 46.7671], [-71.3106, 46.767], [-71.3105, 46.7668], [-71.3104, 46.7666], [-71.3104, 46.7664], [-71.3104, 46.7662], [-71.3105, 46.7659], [-71.3105, 46.7656], [-71.3106, 46.7654], [-71.3108, 46.7652], [-71.3109, 46.7651], [-71.3111, 46.765], [-71.3113, 46.7649], [-71.3116, 46.7649], [-71.3118, 46.7649], [-71.312, 46.7649], [-71.3121, 46.7648], [-71.3122, 46.7648], [-71.3121, 46.7646], [-71.312, 46.7645], [-71.3118, 46.7643], [-71.3115, 46.7641], [-71.3111, 46.7638], [-71.3108, 46.7636], [-71.3105, 46.7634], [-71.3103, 46.7633], [-71.3101, 46.7631], [-71.31, 46.763], [-71.3099, 46.7629], [-71.3099, 46.7628], [-71.31, 46.7627], [-71.3101, 46.7626], [-71.3102, 46.7626], [-71.3103, 46.7626], [-71.3104, 46.7626], [-71.3105, 46.7626], [-71.3106, 46.7626], [-71.3107, 46.7626], [-71.3108, 46.7626], [-71.3109, 46.7626], [-71.3109, 46.7625], [-71.3108, 46.7625], [-71.3108, 46.7624], [-71.3107, 46.7623], [-71.3106, 46.7622], [-71.3105, 46.7621], [-71.3105, 46.762], [-71.3105, 46.7619], [-71.3105, 46.7618], [-71.3106, 46.7617], [-71.3107, 46.7617], [-71.3107, 46.7616], [-71.3108, 46.7616], [-71.3108, 46.7615], [-71.3108, 46.7614], [-71.3107, 46.7614], [-71.3106, 46.7613], [-71.3105, 46.7613], [-71.3105, 46.7612], [-71.3105, 46.7611], [-71.3105, 46.761], [-71.3106, 46.7609], [-71.3107, 46.7609], [-71.3107, 46.7608], [-71.3108, 46.7607], [-71.3108, 46.7606], [-71.3108, 46.7605], [-71.3108, 46.7604], [-71.3108, 46.7603], [-71.3107, 46.7602], [-71.3107, 46.7601], [-71.3106, 46.76], [-71.3106, 46.7599], [-71.3106, 46.7598], [-71.3107, 46.7597], [-71.3107, 46.7596], [-71.3108, 46.7596], [-71.3109, 46.7596], [-71.3109, 46.7595], [-71.311, 46.7595], [-71.311, 46.7594], [-71.3109, 46.7593], [-71.3109, 46.7592], [-71.3108, 46.7592], [-71.3107, 46.7591], [-71.3106, 46.759], [-71.3106, 46.7589], [-71.3105, 46.7588], [-71.3105, 46.7586], [-71.3104, 46.7585], [-71.3104, 46.7583], [-71.3104, 46.7581], [-71.3105, 46.7579], [-71.3105, 46.7578], [-71.3106, 46.7576], [-71.3107, 46.7575], [-71.3108, 46.7574], [-71.3109, 46.7573], [-71.3111, 46.7572], [-71.3113, 46.7571], [-71.3115, 46.7571], [-71.3116, 46.757], [-71.3117, 46.757], [-71.3118, 46.757], [-71.3118, 46.7569], [-71.3118, 46.7568], [-71.3117, 46.7568], [-71.3115, 46.7567], [-71.3113, 46.7567], [-71.3111, 46.7566], [-71.311, 46.7565], [-71.3109, 46.7564], [-71.3108, 46.7563], [-71.3108, 46.7562], [-71.3109, 46.7561], [-71.311, 46.756], [-71.311, 46.7559], [-71.3111, 46.7558], [-71.3111, 46.7557], [-71.3111, 46.7555], [-71.3111, 46.7554], [-71.311, 46.7552], [-71.311, 46.755], [-71.3109, 46.7548], [-71.3108, 46.7546], [-71.3108, 46.7545], [-71.3109, 46.7543], [-71.311, 46.7542], [-71.3111, 46.754], [-71.3113, 46.7539], [-71.3115, 46.7538], [-71.3117, 46.7537], [-71.3119, 46.7536], [-71.3122, 46.7536], [-71.3124, 46.7536], [-71.3126, 46.7535], [-71.3128, 46.7535], [-71.3129, 46.7535], [-71.3131, 46.7536], [-71.3132, 46.7536], [-71.3134, 46.7537], [-71.3135, 46.7537], [-71.3135, 46.7538], [-71.3136, 46.7538], [-71.3136, 46.7539], [-71.3137, 46.7539], [-71.3137, 46.754], [-71.3136, 46.7541], [-71.3137, 46.7541], [-71.3137, 46.7542], [-71.3138, 46.7542], [-71.3139, 46.7542], [-71.3141, 46.7542], [-71.3143, 46.7542], [-71.3145, 46.7542], [-71.3148, 46.7541], [-71.3151, 46.7541], [-71.3153, 46.7541], [-71.3154, 46.7541], [-71.3156, 46.7541], [-71.3157, 46.7541], [-71.3158, 46.7542], [-71.3158, 46.7543], [-71.3158, 46.7544], [-71.3157, 46.7544], [-71.3156, 46.7545], [-71.3155, 46.7546], [-71.3153, 46.7546], [-71.3151, 46.7547], [-71.3149, 46.7548], [-71.3147, 46.7548], [-71.3146, 46.7549], [-71.3146, 46.7551], [-71.3147, 46.7554], [-71.315, 46.7557], [-71.3154, 46.756], [-71.3159, 46.7565], [-71.3165, 46.757], [-71.3173, 46.7575], [-71.318, 46.758], [-71.3186, 46.7584], [-71.3191, 46.7588], [-71.3196, 46.7591], [-71.32, 46.7593], [-71.3203, 46.7595], [-71.3205, 46.7595], [-71.3206, 46.7596], [-71.3207, 46.7596], [-71.3208, 46.7595], [-71.3208, 46.7594], [-71.3208, 46.7593], [-71.3207, 46.7592], [-71.3205, 46.759], [-71.3204, 46.7588], [-71.3203, 46.7587], [-71.3202, 46.7586], [-71.3202, 46.7585], [-71.3203, 46.7585], [-71.3204, 46.7585], [-71.3205, 46.7585], [-71.3207, 46.7586], [-71.321, 46.7587], [-71.3213, 46.7588], [-71.3215, 46.7588], [-71.3218, 46.7588], [-71.3221, 46.7588], [-71.3223, 46.7588], [-71.3226, 46.7587], [-71.3228, 46.7585], [-71.3231, 46.7584], [-71.3233, 46.7582], [-71.3234, 46.7581], [-71.3235, 46.758], [-71.3236, 46.7579], [-71.3235, 46.7579], [-71.3234, 46.7579], [-71.3232, 46.758], [-71.3231, 46.758], [-71.323, 46.758], [-71.3228, 46.758], [-71.3227, 46.758], [-71.3226, 46.758], [-71.3226, 46.7579], [-71.3225, 46.7579], [-71.3225, 46.7578], [-71.3225, 46.7577], [-71.3226, 46.7576], [-71.3227, 46.7575], [-71.3229, 46.7574], [-71.3231, 46.7572], [-71.3234, 46.7571], [-71.3237, 46.7569], [-71.3241, 46.7567], [-71.3244, 46.7565], [-71.3247, 46.7564], [-71.3249, 46.7562], [-71.325, 46.756], [-71.325, 46.7558], [-71.325, 46.7557], [-71.3249, 46.7555], [-71.3247, 46.7553], [-71.3245, 46.7552], [-71.3243, 46.755], [-71.3241, 46.7549], [-71.324, 46.7548], [-71.3238, 46.7548], [-71.3236, 46.7547], [-71.3235, 46.7547], [-71.3233, 46.7547], [-71.3232, 46.7546], [-71.3231, 46.7546], [-71.323, 46.7545], [-71.323, 46.7544], [-71.323, 46.7543], [-71.3231, 46.7542], [-71.3232, 46.754], [-71.3233, 46.7538], [-71.3235, 46.7537], [-71.3236, 46.7536], [-71.3237, 46.7535], [-71.3239, 46.7534], [-71.324, 46.7534], [-71.3241, 46.7534], [-71.3242, 46.7535], [-71.3243, 46.7535], [-71.3245, 46.7536], [-71.3247, 46.7536], [-71.3249, 46.7537], [-71.3252, 46.7537], [-71.3256, 46.7537], [-71.326, 46.7537], [-71.3264, 46.7537], [-71.3269, 46.7537], [-71.3273, 46.7537], [-71.3277, 46.7538], [-71.328, 46.7538], [-71.3283, 46.7539], [-71.3285, 46.7539], [-71.3286, 46.754], [-71.3286, 46.7541], [-71.3286, 46.7543], [-71.3287, 46.7544], [-71.3288, 46.7544], [-71.3289, 46.7544], [-71.329, 46.7543], [-71.3292, 46.7541], [-71.3293, 46.754], [-71.3295, 46.7539], [-71.3297, 46.7538], [-71.3298, 46.7538], [-71.33, 46.7538], [-71.3302, 46.7538], [-71.3305, 46.7539], [-71.3307, 46.7541], [-71.3309, 46.7543], [-71.3311, 46.7544], [-71.3313, 46.7546], [-71.3314, 46.7547], [-71.3315, 46.7549], [-71.3315, 46.755], [-71.3315, 46.7551], [-71.3315, 46.7553]]]}}, {"type": "Feature", "properties": {"couche": "voile", "station": "Pie-XII", "minutes": 15}, "geometry": {"type": "Polygon", "coordinates": [[[-71.4908, 46.8745], [-71.1542, 46.877], [-71.1514, 46.6466], [-71.4866, 46.6442], [-71.4908, 46.8745]], [[-71.3315, 46.7551], [-71.3315, 46.755], [-71.3315, 46.7549], [-71.3314, 46.7547], [-71.3313, 46.7546], [-71.3311, 46.7544], [-71.3309, 46.7543], [-71.3307, 46.7541], [-71.3305, 46.7539], [-71.3302, 46.7538], [-71.33, 46.7538], [-71.3298, 46.7538], [-71.3297, 46.7538], [-71.3295, 46.7539], [-71.3293, 46.754], [-71.3292, 46.7541], [-71.329, 46.7543], [-71.3289, 46.7544], [-71.3288, 46.7544], [-71.3287, 46.7544], [-71.3286, 46.7543], [-71.3286, 46.7541], [-71.3286, 46.754], [-71.3285, 46.7539], [-71.3283, 46.7539], [-71.328, 46.7538], [-71.3277, 46.7538], [-71.3273, 46.7537], [-71.3269, 46.7537], [-71.3264, 46.7537], [-71.326, 46.7537], [-71.3256, 46.7537], [-71.3252, 46.7537], [-71.3249, 46.7537], [-71.3247, 46.7536], [-71.3245, 46.7536], [-71.3243, 46.7535], [-71.3242, 46.7535], [-71.3241, 46.7534], [-71.324, 46.7534], [-71.3239, 46.7534], [-71.3237, 46.7535], [-71.3236, 46.7536], [-71.3235, 46.7537], [-71.3233, 46.7538], [-71.3232, 46.754], [-71.3231, 46.7542], [-71.323, 46.7543], [-71.323, 46.7544], [-71.323, 46.7545], [-71.3231, 46.7546], [-71.3232, 46.7546], [-71.3233, 46.7547], [-71.3235, 46.7547], [-71.3236, 46.7547], [-71.3238, 46.7548], [-71.324, 46.7548], [-71.3241, 46.7549], [-71.3243, 46.755], [-71.3245, 46.7552], [-71.3247, 46.7553], [-71.3249, 46.7555], [-71.325, 46.7557], [-71.325, 46.7558], [-71.325, 46.756], [-71.3249, 46.7562], [-71.3247, 46.7564], [-71.3244, 46.7565], [-71.3241, 46.7567], [-71.3237, 46.7569], [-71.3234, 46.7571], [-71.3231, 46.7572], [-71.3229, 46.7574], [-71.3227, 46.7575], [-71.3226, 46.7576], [-71.3225, 46.7577], [-71.3225, 46.7578], [-71.3225, 46.7579], [-71.3226, 46.7579], [-71.3226, 46.758], [-71.3227, 46.758], [-71.3228, 46.758], [-71.323, 46.758], [-71.3231, 46.758], [-71.3232, 46.758], [-71.3234, 46.7579], [-71.3235, 46.7579], [-71.3236, 46.7579], [-71.3235, 46.758], [-71.3234, 46.7581], [-71.3233, 46.7582], [-71.3231, 46.7584], [-71.3228, 46.7585], [-71.3226, 46.7587], [-71.3223, 46.7588], [-71.3221, 46.7588], [-71.3218, 46.7588], [-71.3215, 46.7588], [-71.3213, 46.7588], [-71.321, 46.7587], [-71.3207, 46.7586], [-71.3205, 46.7585], [-71.3204, 46.7585], [-71.3203, 46.7585], [-71.3202, 46.7585], [-71.3202, 46.7586], [-71.3203, 46.7587], [-71.3204, 46.7588], [-71.3205, 46.759], [-71.3207, 46.7592], [-71.3208, 46.7593], [-71.3208, 46.7594], [-71.3208, 46.7595], [-71.3207, 46.7596], [-71.3206, 46.7596], [-71.3205, 46.7595], [-71.3203, 46.7595], [-71.32, 46.7593], [-71.3196, 46.7591], [-71.3191, 46.7588], [-71.3186, 46.7584], [-71.318, 46.758], [-71.3173, 46.7575], [-71.3165, 46.757], [-71.3159, 46.7565], [-71.3154, 46.756], [-71.315, 46.7557], [-71.3147, 46.7554], [-71.3146, 46.7551], [-71.3146, 46.7549], [-71.3147, 46.7548], [-71.3149, 46.7548], [-71.3151, 46.7547], [-71.3153, 46.7546], [-71.3155, 46.7546], [-71.3156, 46.7545], [-71.3157, 46.7544], [-71.3158, 46.7544], [-71.3158, 46.7543], [-71.3158, 46.7542], [-71.3157, 46.7541], [-71.3156, 46.7541], [-71.3154, 46.7541], [-71.3153, 46.7541], [-71.3151, 46.7541], [-71.3148, 46.7541], [-71.3145, 46.7542], [-71.3143, 46.7542], [-71.3141, 46.7542], [-71.3139, 46.7542], [-71.3138, 46.7542], [-71.3137, 46.7542], [-71.3137, 46.7541], [-71.3136, 46.7541], [-71.3137, 46.754], [-71.3137, 46.7539], [-71.3136, 46.7539], [-71.3136, 46.7538], [-71.3135, 46.7538], [-71.3135, 46.7537], [-71.3134, 46.7537], [-71.3132, 46.7536], [-71.3131, 46.7536], [-71.3129, 46.7535], [-71.3128, 46.7535], [-71.3126, 46.7535], [-71.3124, 46.7536], [-71.3122, 46.7536], [-71.3119, 46.7536], [-71.3117, 46.7537], [-71.3115, 46.7538], [-71.3113, 46.7539], [-71.3111, 46.754], [-71.311, 46.7542], [-71.3109, 46.7543], [-71.3108, 46.7545], [-71.3108, 46.7546], [-71.3109, 46.7548], [-71.311, 46.755], [-71.311, 46.7552], [-71.3111, 46.7554], [-71.3111, 46.7555], [-71.3111, 46.7557], [-71.3111, 46.7558], [-71.311, 46.7559], [-71.311, 46.756], [-71.3109, 46.7561], [-71.3108, 46.7562], [-71.3108, 46.7563], [-71.3109, 46.7564], [-71.311, 46.7565], [-71.3111, 46.7566], [-71.3113, 46.7567], [-71.3115, 46.7567], [-71.3117, 46.7568], [-71.3118, 46.7568], [-71.3118, 46.7569], [-71.3118, 46.757], [-71.3117, 46.757], [-71.3116, 46.757], [-71.3115, 46.7571], [-71.3113, 46.7571], [-71.3111, 46.7572], [-71.3109, 46.7573], [-71.3108, 46.7574], [-71.3107, 46.7575], [-71.3106, 46.7576], [-71.3105, 46.7578], [-71.3105, 46.7579], [-71.3104, 46.7581], [-71.3104, 46.7583], [-71.3104, 46.7585], [-71.3105, 46.7586], [-71.3105, 46.7588], [-71.3106, 46.7589], [-71.3106, 46.759], [-71.3107, 46.7591], [-71.3108, 46.7592], [-71.3109, 46.7592], [-71.3109, 46.7593], [-71.311, 46.7594], [-71.311, 46.7595], [-71.3109, 46.7595], [-71.3109, 46.7596], [-71.3108, 46.7596], [-71.3107, 46.7596], [-71.3107, 46.7597], [-71.3106, 46.7598], [-71.3106, 46.7599], [-71.3106, 46.76], [-71.3107, 46.7601], [-71.3107, 46.7602], [-71.3108, 46.7603], [-71.3108, 46.7604], [-71.3108, 46.7605], [-71.3108, 46.7606], [-71.3108, 46.7607], [-71.3107, 46.7608], [-71.3107, 46.7609], [-71.3106, 46.7609], [-71.3105, 46.761], [-71.3105, 46.7611], [-71.3105, 46.7612], [-71.3105, 46.7613], [-71.3106, 46.7613], [-71.3107, 46.7614], [-71.3108, 46.7614], [-71.3108, 46.7615], [-71.3108, 46.7616], [-71.3107, 46.7616], [-71.3107, 46.7617], [-71.3106, 46.7617], [-71.3105, 46.7618], [-71.3105, 46.7619], [-71.3105, 46.762], [-71.3105, 46.7621], [-71.3106, 46.7622], [-71.3107, 46.7623], [-71.3108, 46.7624], [-71.3108, 46.7625], [-71.3109, 46.7625], [-71.3109, 46.7626], [-71.3108, 46.7626], [-71.3107, 46.7626], [-71.3106, 46.7626], [-71.3105, 46.7626], [-71.3104, 46.7626], [-71.3103, 46.7626], [-71.3102, 46.7626], [-71.3101, 46.7626], [-71.31, 46.7627], [-71.3099, 46.7628], [-71.3099, 46.7629], [-71.31, 46.763], [-71.3101, 46.7631], [-71.3103, 46.7633], [-71.3105, 46.7634], [-71.3108, 46.7636], [-71.3111, 46.7638], [-71.3115, 46.7641], [-71.3118, 46.7643], [-71.312, 46.7645], [-71.3121, 46.7646], [-71.3122, 46.7648], [-71.3121, 46.7648], [-71.312, 46.7649], [-71.3118, 46.7649], [-71.3116, 46.7649], [-71.3113, 46.7649], [-71.3111, 46.765], [-71.3109, 46.7651], [-71.3108, 46.7652], [-71.3106, 46.7654], [-71.3105, 46.7656], [-71.3105, 46.7659], [-71.3104, 46.7662], [-71.3104, 46.7664], [-71.3104, 46.7666], [-71.3105, 46.7668], [-71.3106, 46.767], [-71.3108, 46.7671], [-71.311, 46.7672], [-71.3113, 46.7672], [-71.3115, 46.7672], [-71.3118, 46.7672], [-71.3121, 46.7672], [-71.3123, 46.7671], [-71.3125, 46.767], [-71.3128, 46.7669], [-71.313, 46.7667], [-71.3132, 46.7665], [-71.3133, 46.7663], [-71.3135, 46.7661], [-71.3137, 46.766], [-71.314, 46.766], [-71.3142, 46.766], [-71.3145, 46.7661], [-71.3147, 46.7662], [-71.315, 46.7664], [-71.3153, 46.7667], [-71.3156, 46.7669], [-71.3159, 46.7671], [-71.3161, 46.7672], [-71.3164, 46.7672], [-71.3166, 46.7672], [-71.3168, 46.7671], [-71.317, 46.767], [-71.3172, 46.7669], [-71.3174, 46.7667], [-71.3176, 46.7667], [-71.3177, 46.7666], [-71.3178, 46.7666], [-71.3179, 46.7667], [-71.318, 46.7667], [-71.3181, 46.7669], [-71.3182, 46.767], [-71.3182, 46.7672], [-71.3183, 46.7673], [-71.3184, 46.7674], [-71.3185, 46.7675], [-71.3186, 46.7676], [-71.3187, 46.7676], [-71.3188, 46.7676], [-71.3189, 46.7676], [-71.319, 46.7676], [-71.3191, 46.7675], [-71.3192, 46.7675], [-71.3193, 46.7674], [-71.3194, 46.7674], [-71.3195, 46.7673], [-71.3196, 46.7672], [-71.3197, 46.7671], [-71.3198, 46.7671], [-71.3199, 46.767], [-71.32, 46.767], [-71.3201, 46.767], [-71.3203, 46.767], [-71.3204, 46.7671], [-71.3206, 46.7672], [-71.3207, 46.7673], [-71.3209, 46.7674], [-71.3211, 46.7674], [-71.3214, 46.7675], [-71.3216, 46.7676], [-71.3219, 46.7676], [-71.3223, 46.7676], [-71.3226, 46.7676], [-71.323, 46.7676], [-71.3233, 46.7676], [-71.3236, 46.7676], [-71.3239, 46.7676], [-71.3242, 46.7676], [-71.3245, 46.7676], [-71.3247, 46.7677], [-71.3249, 46.7677], [-71.3251, 46.7678], [-71.3253, 46.7678], [-71.3255, 46.7679], [-71.3257, 46.7679], [-71.3259, 46.7679], [-71.3261, 46.7679], [-71.3264, 46.7678], [-71.3266, 46.7678], [-71.3268, 46.7677], [-71.327, 46.7676], [-71.3272, 46.7676], [-71.3273, 46.7675], [-71.3274, 46.7674], [-71.3275, 46.7673], [-71.3275, 46.7672], [-71.3275, 46.7671], [-71.3275, 46.767], [-71.3275, 46.7669], [-71.3275, 46.7668], [-71.3276, 46.7668], [-71.3276, 46.7667], [-71.3277, 46.7666], [-71.3278, 46.7666], [-71.3279, 46.7666], [-71.328, 46.7665], [-71.328, 46.7666], [-71.3281, 46.7666], [-71.3281, 46.7667], [-71.3281, 46.7668], [-71.3282, 46.767], [-71.3282, 46.7671], [-71.3283, 46.7672], [-71.3284, 46.7673], [-71.3286, 46.7674], [-71.3287, 46.7674], [-71.329, 46.7675], [-71.3292, 46.7675], [-71.3295, 46.7675], [-71.3298, 46.7675], [-71.33, 46.7675], [-71.3302, 46.7674], [-71.3304, 46.7674], [-71.3305, 46.7673], [-71.3306, 46.7671], [-71.3306, 46.767], [-71.3307, 46.7668], [-71.3307, 46.7667], [-71.3307, 46.7665], [-71.3306, 46.7664], [-71.3306, 46.7663], [-71.3305, 46.7662], [-71.3304, 46.7662], [-71.3303, 46.7661], [-71.3302, 46.7661], [-71.3301, 46.7661], [-71.33, 46.766], [-71.33, 46.7659], [-71.33, 46.7658], [-71.3301, 46.7658], [-71.3303, 46.7657], [-71.3304, 46.7656], [-71.3305, 46.7656], [-71.3305, 46.7655], [-71.3306, 46.7654], [-71.3306, 46.7652], [-71.3307, 46.7651], [-71.3307, 46.765], [-71.3307, 46.7648], [-71.3307, 46.7647], [-71.3306, 46.7645], [-71.3306, 46.7644], [-71.3305, 46.7644], [-71.3304, 46.7643], [-71.3302, 46.7642], [-71.3301, 46.7642], [-71.3299, 46.7642], [-71.3297, 46.7642], [-71.3295, 46.7642], [-71.3294, 46.7643], [-71.3292, 46.7644], [-71.3291, 46.7644], [-71.3289, 46.7646], [-71.3288, 46.7647], [-71.3286, 46.7648], [-71.3285, 46.7649], [-71.3283, 46.765], [-71.3282, 46.765], [-71.328, 46.765], [-71.3278, 46.765], [-71.3275, 46.7649], [-71.3273, 46.7647], [-71.327, 46.7645], [-71.3268, 46.7644], [-71.3267, 46.7642], [-71.3266, 46.764], [-71.3266, 46.7638], [-71.3266, 46.7637], [-71.3267, 46.7635], [-71.3268, 46.7634], [-71.327, 46.7632], [-71.3272, 46.7631], [-71.3273, 46.763], [-71.3274, 46.7629], [-71.3275, 46.7628], [-71.3275, 46.7629], [-71.3274, 46.763], [-71.3274, 46.7631], [-71.3274, 46.7632], [-71.3275, 46.7633], [-71.3275, 46.7634], [-71.3276, 46.7635], [-71.3277, 46.7636], [-71.3278, 46.7637], [-71.328, 46.7638], [-71.3281, 46.7639], [-71.3282, 46.7639], [-71.3283, 46.764], [-71.3284, 46.764], [-71.3285, 46.764], [-71.3286, 46.764], [-71.3287, 46.764], [-71.3288, 46.7639], [-71.3289, 46.7639], [-71.3289, 46.7638], [-71.329, 46.7637], [-71.3289, 46.7636], [-71.3289, 46.7635], [-71.3289, 46.7634], [-71.3288, 46.7633], [-71.3288, 46.7632], [-71.3289, 46.7632], [-71.329, 46.7632], [-71.329, 46.7633], [-71.3291, 46.7634], [-71.3292, 46.7635], [-71.3293, 46.7636], [-71.3294, 46.7636], [-71.3295, 46.7637], [-71.3296, 46.7637], [-71.3297, 46.7637], [-71.3298, 46.7637], [-71.3299, 46.7637], [-71.3301, 46.7636], [-71.3302, 46.7635], [-71.3303, 46.7633], [-71.3304, 46.7632], [-71.3306, 46.763], [-71.3308, 46.7628], [-71.3309, 46.7625], [-71.3311, 46.7623], [-71.3312, 46.7621], [-71.3312, 46.7619], [-71.3312, 46.7617], [-71.3312, 46.7615], [-71.3311, 46.7613], [-71.331, 46.7612], [-71.3309, 46.7611], [-71.3308, 46.761], [-71.3307, 46.7609], [-71.3307, 46.7607], [-71.3307, 46.7606], [-71.3307, 46.7605], [-71.3308, 46.7604], [-71.3309, 46.7603], [-71.331, 46.7602], [-71.3312, 46.7601], [-71.3312, 46.76], [-71.3313, 46.7599], [-71.3313, 46.7597], [-71.3313, 46.7596], [-71.3313, 46.7595], [-71.3312, 46.7594], [-71.3311, 46.7593], [-71.331, 46.7592], [-71.331, 46.7591], [-71.331, 46.759], [-71.331, 46.7588], [-71.3311, 46.7587], [-71.3312, 46.7586], [-71.3313, 46.7585], [-71.3315, 46.7583], [-71.3316, 46.7582], [-71.3315, 46.7581], [-71.3313, 46.7581], [-71.331, 46.7581], [-71.3306, 46.7581], [-71.3301, 46.7581], [-71.3294, 46.7581], [-71.3286, 46.7582], [-71.328, 46.7583], [-71.3274, 46.7583], [-71.327, 46.7583], [-71.3268, 46.7583], [-71.3266, 46.7582], [-71.3266, 46.7581], [-71.3267, 46.7579], [-71.327, 46.7578], [-71.3272, 46.7576], [-71.3275, 46.7575], [-71.3277, 46.7574], [-71.3279, 46.7574], [-71.3282, 46.7573], [-71.3284, 46.7573], [-71.3286, 46.7573], [-71.3289, 46.7574], [-71.3291, 46.7574], [-71.3292, 46.7574], [-71.3294, 46.7574], [-71.3295, 46.7574], [-71.3296, 46.7574], [-71.3297, 46.7573], [-71.3296, 46.7572], [-71.3296, 46.7571], [-71.3295, 46.7571], [-71.3294, 46.757], [-71.3293, 46.7569], [-71.3292, 46.7568], [-71.329, 46.7567], [-71.3288, 46.7566], [-71.3286, 46.7566], [-71.3286, 46.7565], [-71.3285, 46.7564], [-71.3286, 46.7563], [-71.3287, 46.7562], [-71.3288, 46.7561], [-71.329, 46.756], [-71.3293, 46.7559], [-71.3295, 46.7558], [-71.3298, 46.7557], [-71.33, 46.7556], [-71.3302, 46.7556], [-71.3304, 46.7556], [-71.3305, 46.7556], [-71.3306, 46.7556], [-71.3307, 46.7556], [-71.3309, 46.7556], [-71.331, 46.7556], [-71.3311, 46.7556], [-71.3312, 46.7556], [-71.3312, 46.7555], [-71.3313, 46.7554], [-71.3314, 46.7554], [-71.3315, 46.7553], [-71.3315, 46.7551]]]}}]}