{"type": "FeatureCollection", "metadata": {"script": "scripts/analysis/tramway-isochrones.py", "genere_le": "2026-10-05", "source": "OpenStreetMap (ODbL) ; Statistique Canada, Recensement 2021", "attribution": "© les contributeurs d'OpenStreetMap", "titre": "Aires de marche et voiles — Roland-Beaudin", "paliers_min": [2, 3, 4, 5, 6, 7, 8, 9, 10, 11, 12, 13, 14, 15], "vitesse_kmh": 4.2, "methode": "Dijkstra sur le réseau marchable d'OpenStreetMap à 4.2 km/h ; couloir de 40 m autour des rues atteintes. Chaque voile est le complément de l'aire du même palier. Population par pondération de surface des aires de diffusion.", "trous": "comblés — intérieurs de grands îlots, pas des zones inaccessibles", "modes": "Mode de transport domicile–travail, recensement 2021 (mai 2021, en pleine pandémie), données-échantillon 25 %, réparti par pondération de surface."}, "features": [{"type": "Feature", "properties": {"couche": "aire_marche", "station": "Roland-Beaudin", "ordre": 7, "minutes": 2, "superficie_ha": 4.6, "rue_km": 1.04, "disque_ha": 6.2, "part_disque_pct": 74, "accroche_m": 1, "population": 101, "navetteurs": 45, "mode_auto_pct": 74, "mode_tc_pct": 13, "mode_actif_pct": 11, "mode_autre_pct": 2}, "geometry": {"type": "Polygon", "coordinates": [[[-71.3001, 46.7724], [-71.3, 46.7725], [-71.3, 46.7726], [-71.2999, 46.7727], [-71.2998, 46.7728], [-71.2997, 46.7728], [-71.2996, 46.7728], [-71.2995, 46.7728], [-71.2994, 46.7727], [-71.2993, 46.7727], [-71.2992, 46.7726], [-71.2991, 46.7726], [-71.299, 46.7726], [-71.2989, 46.7726], [-71.2988, 46.7726], [-71.2987, 46.7726], [-71.2986, 46.7726], [-71.2986, 46.7727], [-71.2985, 46.7727], [-71.2984, 46.7728], [-71.2983, 46.7728], [-71.2981, 46.7728], [-71.298, 46.7728], [-71.2978, 46.7727], [-71.2976, 46.7727], [-71.2974, 46.7727], [-71.2972, 46.7726], [-71.297, 46.7725], [-71.2969, 46.7725], [-71.2968, 46.7724], [-71.2967, 46.7723], [-71.2966, 46.7722], [-71.2966, 46.772], [-71.2966, 46.7719], [-71.2966, 46.7718], [-71.2967, 46.7717], [-71.2967, 46.7716], [-71.2968, 46.7715], [-71.2969, 46.7715], [-71.297, 46.7715], [-71.2971, 46.7715], [-71.2972, 46.7715], [-71.2974, 46.7715], [-71.2975, 46.7714], [-71.2976, 46.7713], [-71.2975, 46.7712], [-71.2975, 46.7711], [-71.2974, 46.771], [-71.2974, 46.7709], [-71.2974, 46.7708], [-71.2974, 46.7707], [-71.2975, 46.7707], [-71.2976, 46.7707], [-71.2977, 46.7708], [-71.2979, 46.7708], [-71.2981, 46.7709], [-71.2982, 46.7709], [-71.2984, 46.7709], [-71.2985, 46.7709], [-71.2986, 46.7709], [-71.2988, 46.7709], [-71.2989, 46.7708], [-71.299, 46.7708], [-71.2991, 46.7707], [-71.2992, 46.7707], [-71.2994, 46.7707], [-71.2995, 46.7707], [-71.2995, 46.7708], [-71.2996, 46.7708], [-71.2997, 46.7709], [-71.2998, 46.771], [-71.2999, 46.7711], [-71.2999, 46.7712], [-71.2999, 46.7713], [-71.2998, 46.7713], [-71.2998, 46.7714], [-71.2997, 46.7714], [-71.2996, 46.7715], [-71.2995, 46.7715], [-71.2994, 46.7716], [-71.2995, 46.7717], [-71.2996, 46.7718], [-71.2998, 46.7718], [-71.2999, 46.7718], [-71.3, 46.7719], [-71.3, 46.772], [-71.3001, 46.772], [-71.3001, 46.7721], [-71.3001, 46.7723], [-71.3001, 46.7724]]]}}, {"type": "Feature", "properties": {"couche": "voile", "station": "Roland-Beaudin", "minutes": 2}, "geometry": {"type": "Polygon", "coordinates": [[[-71.4591, 46.8795], [-71.1408, 46.8818], [-71.1382, 46.6637], [-71.4553, 46.6615], [-71.4591, 46.8795]], [[-71.3001, 46.7723], [-71.3001, 46.7721], [-71.3001, 46.772], [-71.3, 46.772], [-71.3, 46.7719], [-71.2999, 46.7718], [-71.2998, 46.7718], [-71.2996, 46.7718], [-71.2995, 46.7717], [-71.2994, 46.7716], [-71.2995, 46.7715], [-71.2996, 46.7715], [-71.2997, 46.7714], [-71.2998, 46.7714], [-71.2998, 46.7713], [-71.2999, 46.7713], [-71.2999, 46.7712], [-71.2999, 46.7711], [-71.2998, 46.771], [-71.2997, 46.7709], [-71.2996, 46.7708], [-71.2995, 46.7708], [-71.2995, 46.7707], [-71.2994, 46.7707], [-71.2992, 46.7707], [-71.2991, 46.7707], [-71.299, 46.7708], [-71.2989, 46.7708], [-71.2988, 46.7709], [-71.2986, 46.7709], [-71.2985, 46.7709], [-71.2984, 46.7709], [-71.2982, 46.7709], [-71.2981, 46.7709], [-71.2979, 46.7708], [-71.2977, 46.7708], [-71.2976, 46.7707], [-71.2975, 46.7707], [-71.2974, 46.7707], [-71.2974, 46.7708], [-71.2974, 46.7709], [-71.2974, 46.771], [-71.2975, 46.7711], [-71.2975, 46.7712], [-71.2976, 46.7713], [-71.2975, 46.7714], [-71.2974, 46.7715], [-71.2972, 46.7715], [-71.2971, 46.7715], [-71.297, 46.7715], [-71.2969, 46.7715], [-71.2968, 46.7715], [-71.2967, 46.7716], [-71.2967, 46.7717], [-71.2966, 46.7718], [-71.2966, 46.7719], [-71.2966, 46.772], [-71.2966, 46.7722], [-71.2967, 46.7723], [-71.2968, 46.7724], [-71.2969, 46.7725], [-71.297, 46.7725], [-71.2972, 46.7726], [-71.2974, 46.7727], [-71.2976, 46.7727], [-71.2978, 46.7727], [-71.298, 46.7728], [-71.2981, 46.7728], [-71.2983, 46.7728], [-71.2984, 46.7728], [-71.2985, 46.7727], [-71.2986, 46.7727], [-71.2986, 46.7726], [-71.2987, 46.7726], [-71.2988, 46.7726], [-71.2989, 46.7726], [-71.299, 46.7726], [-71.2991, 46.7726], [-71.2992, 46.7726], [-71.2993, 46.7727], [-71.2994, 46.7727], [-71.2995, 46.7728], [-71.2996, 46.7728], [-71.2997, 46.7728], [-71.2998, 46.7728], [-71.2999, 46.7727], [-71.3, 46.7726], [-71.3, 46.7725], [-71.3001, 46.7724], [-71.3001, 46.7723]]]}}, {"type": "Feature", "properties": {"couche": "aire_marche", "station": "Roland-Beaudin", "ordre": 7, "minutes": 3, "superficie_ha": 9.8, "rue_km": 2.5, "disque_ha": 13.9, "part_disque_pct": 70, "accroche_m": 1, "population": 218, "navetteurs": 96, "mode_auto_pct": 74, "mode_tc_pct": 13, "mode_actif_pct": 11, "mode_autre_pct": 2}, "geometry": {"type": "Polygon", "coordinates": [[[-71.3007, 46.7721], [-71.3006, 46.7721], [-71.3005, 46.7722], [-71.3005, 46.7723], [-71.3005, 46.7724], [-71.3005, 46.7725], [-71.3006, 46.7725], [-71.3007, 46.7725], [-71.3008, 46.7726], [-71.3008, 46.7727], [-71.3009, 46.7727], [-71.3009, 46.7728], [-71.3008, 46.7729], [-71.3008, 46.773], [-71.3008, 46.7731], [-71.3007, 46.7732], [-71.3006, 46.7733], [-71.3005, 46.7733], [-71.3005, 46.7734], [-71.3004, 46.7734], [-71.3002, 46.7734], [-71.3001, 46.7734], [-71.3, 46.7734], [-71.2999, 46.7734], [-71.2998, 46.7734], [-71.2997, 46.7733], [-71.2996, 46.7733], [-71.2995, 46.7732], [-71.2994, 46.7732], [-71.2994, 46.7731], [-71.2993, 46.773], [-71.2993, 46.7729], [-71.2992, 46.7728], [-71.2991, 46.7728], [-71.299, 46.7727], [-71.2989, 46.7727], [-71.2988, 46.7728], [-71.2987, 46.7728], [-71.2986, 46.7728], [-71.2985, 46.7728], [-71.2984, 46.7728], [-71.2983, 46.7728], [-71.2982, 46.7728], [-71.2981, 46.7728], [-71.2979, 46.7728], [-71.2978, 46.7727], [-71.2977, 46.7727], [-71.2976, 46.7727], [-71.2975, 46.7727], [-71.2974, 46.7727], [-71.2973, 46.7727], [-71.2972, 46.7727], [-71.2972, 46.7728], [-71.2971, 46.7728], [-71.297, 46.7729], [-71.2969, 46.7729], [-71.2968, 46.7729], [-71.2966, 46.7729], [-71.2965, 46.7729], [-71.2964, 46.7729], [-71.2962, 46.7728], [-71.2961, 46.7728], [-71.296, 46.7727], [-71.2959, 46.7727], [-71.2958, 46.7726], [-71.2958, 46.7725], [-71.2957, 46.7725], [-71.2957, 46.7724], [-71.2957, 46.7723], [-71.2957, 46.7722], [-71.2958, 46.7721], [-71.2959, 46.772], [-71.296, 46.7719], [-71.2961, 46.7719], [-71.2962, 46.7719], [-71.2963, 46.7719], [-71.2964, 46.7718], [-71.2964, 46.7717], [-71.2963, 46.7716], [-71.2962, 46.7715], [-71.2961, 46.7714], [-71.2961, 46.7713], [-71.2961, 46.7712], [-71.2962, 46.7711], [-71.2963, 46.771], [-71.2965, 46.771], [-71.2966, 46.7709], [-71.2967, 46.7709], [-71.2967, 46.7708], [-71.2967, 46.7707], [-71.2966, 46.7706], [-71.2965, 46.7706], [-71.2965, 46.7705], [-71.2965, 46.7704], [-71.2965, 46.7703], [-71.2966, 46.7702], [-71.2967, 46.7702], [-71.2968, 46.7702], [-71.2969, 46.7702], [-71.297, 46.7702], [-71.2971, 46.7702], [-71.2973, 46.7703], [-71.2974, 46.7703], [-71.2976, 46.7704], [-71.2977, 46.7704], [-71.2978, 46.7704], [-71.2979, 46.7704], [-71.298, 46.7704], [-71.298, 46.7703], [-71.2981, 46.7703], [-71.2982, 46.7702], [-71.2983, 46.7702], [-71.2984, 46.7701], [-71.2985, 46.7701], [-71.2987, 46.7701], [-71.2988, 46.7701], [-71.299, 46.7701], [-71.2992, 46.7701], [-71.2994, 46.7701], [-71.2995, 46.7701], [-71.2996, 46.7702], [-71.2997, 46.7702], [-71.2998, 46.7703], [-71.2998, 46.7704], [-71.2998, 46.7705], [-71.2998, 46.7706], [-71.2998, 46.7707], [-71.2998, 46.7708], [-71.2999, 46.7709], [-71.3, 46.771], [-71.3001, 46.7712], [-71.3003, 46.7713], [-71.3004, 46.7714], [-71.3006, 46.7715], [-71.3007, 46.7716], [-71.3007, 46.7717], [-71.3008, 46.7718], [-71.3008, 46.7719], [-71.3007, 46.772], [-71.3007, 46.7721]]]}}, {"type": "Feature", "properties": {"couche": "voile", "station": "Roland-Beaudin", "minutes": 3}, "geometry": {"type": "Polygon", "coordinates": [[[-71.4599, 46.8801], [-71.1399, 46.8824], [-71.1373, 46.6632], [-71.4561, 46.6609], [-71.4599, 46.8801]], [[-71.3007, 46.772], [-71.3008, 46.7719], [-71.3008, 46.7718], [-71.3007, 46.7717], [-71.3007, 46.7716], [-71.3006, 46.7715], [-71.3004, 46.7714], [-71.3003, 46.7713], [-71.3001, 46.7712], [-71.3, 46.771], [-71.2999, 46.7709], [-71.2998, 46.7708], [-71.2998, 46.7707], [-71.2998, 46.7706], [-71.2998, 46.7705], [-71.2998, 46.7704], [-71.2998, 46.7703], [-71.2997, 46.7702], [-71.2996, 46.7702], [-71.2995, 46.7701], [-71.2994, 46.7701], [-71.2992, 46.7701], [-71.299, 46.7701], [-71.2988, 46.7701], [-71.2987, 46.7701], [-71.2985, 46.7701], [-71.2984, 46.7701], [-71.2983, 46.7702], [-71.2982, 46.7702], [-71.2981, 46.7703], [-71.298, 46.7703], [-71.298, 46.7704], [-71.2979, 46.7704], [-71.2978, 46.7704], [-71.2977, 46.7704], [-71.2976, 46.7704], [-71.2974, 46.7703], [-71.2973, 46.7703], [-71.2971, 46.7702], [-71.297, 46.7702], [-71.2969, 46.7702], [-71.2968, 46.7702], [-71.2967, 46.7702], [-71.2966, 46.7702], [-71.2965, 46.7703], [-71.2965, 46.7704], [-71.2965, 46.7705], [-71.2965, 46.7706], [-71.2966, 46.7706], [-71.2967, 46.7707], [-71.2967, 46.7708], [-71.2967, 46.7709], [-71.2966, 46.7709], [-71.2965, 46.771], [-71.2963, 46.771], [-71.2962, 46.7711], [-71.2961, 46.7712], [-71.2961, 46.7713], [-71.2961, 46.7714], [-71.2962, 46.7715], [-71.2963, 46.7716], [-71.2964, 46.7717], [-71.2964, 46.7718], [-71.2963, 46.7719], [-71.2962, 46.7719], [-71.2961, 46.7719], [-71.296, 46.7719], [-71.2959, 46.772], [-71.2958, 46.7721], [-71.2957, 46.7722], [-71.2957, 46.7723], [-71.2957, 46.7724], [-71.2957, 46.7725], [-71.2958, 46.7725], [-71.2958, 46.7726], [-71.2959, 46.7727], [-71.296, 46.7727], [-71.2961, 46.7728], [-71.2962, 46.7728], [-71.2964, 46.7729], [-71.2965, 46.7729], [-71.2966, 46.7729], [-71.2968, 46.7729], [-71.2969, 46.7729], [-71.297, 46.7729], [-71.2971, 46.7728], [-71.2972, 46.7728], [-71.2972, 46.7727], [-71.2973, 46.7727], [-71.2974, 46.7727], [-71.2975, 46.7727], [-71.2976, 46.7727], [-71.2977, 46.7727], [-71.2978, 46.7727], [-71.2979, 46.7728], [-71.2981, 46.7728], [-71.2982, 46.7728], [-71.2983, 46.7728], [-71.2984, 46.7728], [-71.2985, 46.7728], [-71.2986, 46.7728], [-71.2987, 46.7728], [-71.2988, 46.7728], [-71.2989, 46.7727], [-71.299, 46.7727], [-71.2991, 46.7728], [-71.2992, 46.7728], [-71.2993, 46.7729], [-71.2993, 46.773], [-71.2994, 46.7731], [-71.2994, 46.7732], [-71.2995, 46.7732], [-71.2996, 46.7733], [-71.2997, 46.7733], [-71.2998, 46.7734], [-71.2999, 46.7734], [-71.3, 46.7734], [-71.3001, 46.7734], [-71.3002, 46.7734], [-71.3004, 46.7734], [-71.3005, 46.7734], [-71.3005, 46.7733], [-71.3006, 46.7733], [-71.3007, 46.7732], [-71.3008, 46.7731], [-71.3008, 46.773], [-71.3008, 46.7729], [-71.3009, 46.7728], [-71.3009, 46.7727], [-71.3008, 46.7727], [-71.3008, 46.7726], [-71.3007, 46.7725], [-71.3006, 46.7725], [-71.3005, 46.7725], [-71.3005, 46.7724], [-71.3005, 46.7723], [-71.3005, 46.7722], [-71.3006, 46.7721], [-71.3007, 46.7721], [-71.3007, 46.772]]]}}, {"type": "Feature", "properties": {"couche": "aire_marche", "station": "Roland-Beaudin", "ordre": 7, "minutes": 4, "superficie_ha": 15.8, "rue_km": 4.78, "disque_ha": 24.6, "part_disque_pct": 64, "accroche_m": 1, "population": 357, "navetteurs": 156, "mode_auto_pct": 74, "mode_tc_pct": 13, "mode_actif_pct": 11, "mode_autre_pct": 2}, "geometry": {"type": "Polygon", "coordinates": [[[-71.3014, 46.7722], [-71.3013, 46.7726], [-71.3013, 46.7729], [-71.3012, 46.7732], [-71.3011, 46.7734], [-71.3009, 46.7735], [-71.3007, 46.7737], [-71.3005, 46.7737], [-71.3002, 46.7737], [-71.2999, 46.7737], [-71.2996, 46.7736], [-71.2994, 46.7736], [-71.2992, 46.7735], [-71.299, 46.7735], [-71.2988, 46.7734], [-71.2987, 46.7733], [-71.2986, 46.7733], [-71.2986, 46.7732], [-71.2985, 46.7731], [-71.2984, 46.773], [-71.2983, 46.773], [-71.2983, 46.7729], [-71.2982, 46.7729], [-71.2981, 46.7728], [-71.298, 46.7728], [-71.2979, 46.7728], [-71.2978, 46.7728], [-71.2978, 46.7729], [-71.2977, 46.7729], [-71.2977, 46.773], [-71.2977, 46.7731], [-71.2977, 46.7732], [-71.2976, 46.7732], [-71.2976, 46.7733], [-71.2975, 46.7733], [-71.2974, 46.7733], [-71.2972, 46.7733], [-71.2971, 46.7733], [-71.297, 46.7732], [-71.2968, 46.7732], [-71.2967, 46.7731], [-71.2966, 46.7731], [-71.2965, 46.7731], [-71.2964, 46.7731], [-71.2963, 46.7731], [-71.2962, 46.7732], [-71.2961, 46.7733], [-71.296, 46.7733], [-71.2959, 46.7733], [-71.2958, 46.7733], [-71.2957, 46.7733], [-71.2956, 46.7733], [-71.2955, 46.7733], [-71.2954, 46.7732], [-71.2953, 46.7731], [-71.2953, 46.7729], [-71.2953, 46.7726], [-71.2953, 46.7724], [-71.2954, 46.772], [-71.2955, 46.7716], [-71.2956, 46.7712], [-71.2957, 46.7708], [-71.2959, 46.7705], [-71.296, 46.7703], [-71.2961, 46.7701], [-71.2963, 46.77], [-71.2965, 46.7699], [-71.2966, 46.7699], [-71.2968, 46.77], [-71.297, 46.77], [-71.2971, 46.77], [-71.2973, 46.77], [-71.2975, 46.77], [-71.2977, 46.77], [-71.2979, 46.7699], [-71.2981, 46.7699], [-71.2983, 46.7698], [-71.2985, 46.7697], [-71.2987, 46.7697], [-71.2989, 46.7696], [-71.2991, 46.7696], [-71.2993, 46.7697], [-71.2995, 46.7697], [-71.2997, 46.7698], [-71.2999, 46.7699], [-71.3, 46.77], [-71.3002, 46.77], [-71.3002, 46.7701], [-71.3003, 46.7702], [-71.3003, 46.7703], [-71.3003, 46.7704], [-71.3002, 46.7705], [-71.3001, 46.7706], [-71.3, 46.7707], [-71.3, 46.7708], [-71.3001, 46.7708], [-71.3002, 46.7709], [-71.3003, 46.7709], [-71.3005, 46.7709], [-71.3007, 46.7709], [-71.3009, 46.771], [-71.301, 46.7711], [-71.3011, 46.7712], [-71.3012, 46.7714], [-71.3013, 46.7716], [-71.3013, 46.7719], [-71.3014, 46.7722]]]}}, {"type": "Feature", "properties": {"couche": "voile", "station": "Roland-Beaudin", "minutes": 4}, "geometry": {"type": "Polygon", "coordinates": [[[-71.4605, 46.8804], [-71.1395, 46.8827], [-71.1369, 46.6627], [-71.4566, 46.6604], [-71.4605, 46.8804]], [[-71.3013, 46.7719], [-71.3013, 46.7716], [-71.3012, 46.7714], [-71.3011, 46.7712], [-71.301, 46.7711], [-71.3009, 46.771], [-71.3007, 46.7709], [-71.3005, 46.7709], [-71.3003, 46.7709], [-71.3002, 46.7709], [-71.3001, 46.7708], [-71.3, 46.7708], [-71.3, 46.7707], [-71.3001, 46.7706], [-71.3002, 46.7705], [-71.3003, 46.7704], [-71.3003, 46.7703], [-71.3003, 46.7702], [-71.3002, 46.7701], [-71.3002, 46.77], [-71.3, 46.77], [-71.2999, 46.7699], [-71.2997, 46.7698], [-71.2995, 46.7697], [-71.2993, 46.7697], [-71.2991, 46.7696], [-71.2989, 46.7696], [-71.2987, 46.7697], [-71.2985, 46.7697], [-71.2983, 46.7698], [-71.2981, 46.7699], [-71.2979, 46.7699], [-71.2977, 46.77], [-71.2975, 46.77], [-71.2973, 46.77], [-71.2971, 46.77], [-71.297, 46.77], [-71.2968, 46.77], [-71.2966, 46.7699], [-71.2965, 46.7699], [-71.2963, 46.77], [-71.2961, 46.7701], [-71.296, 46.7703], [-71.2959, 46.7705], [-71.2957, 46.7708], [-71.2956, 46.7712], [-71.2955, 46.7716], [-71.2954, 46.772], [-71.2953, 46.7724], [-71.2953, 46.7726], [-71.2953, 46.7729], [-71.2953, 46.7731], [-71.2954, 46.7732], [-71.2955, 46.7733], [-71.2956, 46.7733], [-71.2957, 46.7733], [-71.2958, 46.7733], [-71.2959, 46.7733], [-71.296, 46.7733], [-71.2961, 46.7733], [-71.2962, 46.7732], [-71.2963, 46.7731], [-71.2964, 46.7731], [-71.2965, 46.7731], [-71.2966, 46.7731], [-71.2967, 46.7731], [-71.2968, 46.7732], [-71.297, 46.7732], [-71.2971, 46.7733], [-71.2972, 46.7733], [-71.2974, 46.7733], [-71.2975, 46.7733], [-71.2976, 46.7733], [-71.2976, 46.7732], [-71.2977, 46.7732], [-71.2977, 46.7731], [-71.2977, 46.773], [-71.2977, 46.7729], [-71.2978, 46.7729], [-71.2978, 46.7728], [-71.2979, 46.7728], [-71.298, 46.7728], [-71.2981, 46.7728], [-71.2982, 46.7729], [-71.2983, 46.7729], [-71.2983, 46.773], [-71.2984, 46.773], [-71.2985, 46.7731], [-71.2986, 46.7732], [-71.2986, 46.7733], [-71.2987, 46.7733], [-71.2988, 46.7734], [-71.299, 46.7735], [-71.2992, 46.7735], [-71.2994, 46.7736], [-71.2996, 46.7736], [-71.2999, 46.7737], [-71.3002, 46.7737], [-71.3005, 46.7737], [-71.3007, 46.7737], [-71.3009, 46.7735], [-71.3011, 46.7734], [-71.3012, 46.7732], [-71.3013, 46.7729], [-71.3013, 46.7726], [-71.3014, 46.7722], [-71.3013, 46.7719]]]}}, {"type": "Feature", "properties": {"couche": "aire_marche", "station": "Roland-Beaudin", "ordre": 7, "minutes": 5, "superficie_ha": 23.8, "rue_km": 7.79, "disque_ha": 38.5, "part_disque_pct": 62, "accroche_m": 1, "population": 614, "navetteurs": 266, "mode_auto_pct": 70, "mode_tc_pct": 17, "mode_actif_pct": 12, "mode_autre_pct": 1}, "geometry": {"type": "Polygon", "coordinates": [[[-71.3021, 46.7729], [-71.3021, 46.7733], [-71.302, 46.7735], [-71.3019, 46.7737], [-71.3018, 46.7739], [-71.3016, 46.7741], [-71.3014, 46.7742], [-71.3011, 46.7743], [-71.3009, 46.7743], [-71.3006, 46.7743], [-71.3003, 46.7743], [-71.3001, 46.7743], [-71.2999, 46.7742], [-71.2997, 46.7742], [-71.2996, 46.7741], [-71.2995, 46.774], [-71.2995, 46.7739], [-71.2995, 46.7738], [-71.2995, 46.7737], [-71.2994, 46.7737], [-71.2993, 46.7737], [-71.2992, 46.7737], [-71.2991, 46.7738], [-71.299, 46.7738], [-71.2988, 46.7739], [-71.2986, 46.7739], [-71.2983, 46.7739], [-71.298, 46.7739], [-71.2976, 46.7739], [-71.2972, 46.7739], [-71.2968, 46.7738], [-71.2962, 46.7738], [-71.2958, 46.7737], [-71.2954, 46.7736], [-71.2951, 46.7735], [-71.2948, 46.7734], [-71.2946, 46.7733], [-71.2945, 46.7732], [-71.2944, 46.773], [-71.2944, 46.7729], [-71.2944, 46.7727], [-71.2944, 46.7726], [-71.2945, 46.7725], [-71.2945, 46.7724], [-71.2946, 46.7723], [-71.2947, 46.7723], [-71.2947, 46.7722], [-71.2948, 46.7722], [-71.2949, 46.7722], [-71.295, 46.7721], [-71.295, 46.772], [-71.295, 46.7719], [-71.2949, 46.7718], [-71.2948, 46.7717], [-71.2947, 46.7716], [-71.2947, 46.7715], [-71.2946, 46.7714], [-71.2946, 46.7713], [-71.2946, 46.7712], [-71.2947, 46.7711], [-71.2948, 46.771], [-71.2949, 46.771], [-71.295, 46.7709], [-71.2951, 46.7708], [-71.2951, 46.7707], [-71.2951, 46.7706], [-71.2951, 46.7705], [-71.2951, 46.7704], [-71.2951, 46.7703], [-71.2951, 46.7701], [-71.2951, 46.77], [-71.2952, 46.7699], [-71.2953, 46.7698], [-71.2953, 46.7697], [-71.2954, 46.7696], [-71.2955, 46.7696], [-71.2956, 46.7695], [-71.2958, 46.7695], [-71.2959, 46.7694], [-71.296, 46.7695], [-71.2962, 46.7695], [-71.2964, 46.7696], [-71.2965, 46.7697], [-71.2967, 46.7698], [-71.2969, 46.7699], [-71.2971, 46.77], [-71.2972, 46.77], [-71.2974, 46.77], [-71.2975, 46.7701], [-71.2976, 46.77], [-71.2977, 46.77], [-71.2978, 46.77], [-71.2979, 46.7699], [-71.298, 46.7698], [-71.298, 46.7697], [-71.298, 46.7696], [-71.2979, 46.7695], [-71.2979, 46.7694], [-71.2979, 46.7693], [-71.2979, 46.7692], [-71.2979, 46.7691], [-71.298, 46.7691], [-71.2981, 46.7691], [-71.2983, 46.7691], [-71.2985, 46.7692], [-71.2987, 46.7693], [-71.299, 46.7695], [-71.2993, 46.7697], [-71.2997, 46.77], [-71.3001, 46.7703], [-71.3006, 46.7706], [-71.301, 46.771], [-71.3014, 46.7713], [-71.3017, 46.7717], [-71.3019, 46.772], [-71.302, 46.7723], [-71.3021, 46.7726], [-71.3021, 46.7729]]]}}, {"type": "Feature", "properties": {"couche": "voile", "station": "Roland-Beaudin", "minutes": 5}, "geometry": {"type": "Polygon", "coordinates": [[[-71.4612, 46.881], [-71.1386, 46.8833], [-71.136, 46.6622], [-71.4572, 46.6599], [-71.4612, 46.881]], [[-71.3021, 46.7726], [-71.302, 46.7723], [-71.3019, 46.772], [-71.3017, 46.7717], [-71.3014, 46.7713], [-71.301, 46.771], [-71.3006, 46.7706], [-71.3001, 46.7703], [-71.2997, 46.77], [-71.2993, 46.7697], [-71.299, 46.7695], [-71.2987, 46.7693], [-71.2985, 46.7692], [-71.2983, 46.7691], [-71.2981, 46.7691], [-71.298, 46.7691], [-71.2979, 46.7691], [-71.2979, 46.7692], [-71.2979, 46.7693], [-71.2979, 46.7694], [-71.2979, 46.7695], [-71.298, 46.7696], [-71.298, 46.7697], [-71.298, 46.7698], [-71.2979, 46.7699], [-71.2978, 46.77], [-71.2977, 46.77], [-71.2976, 46.77], [-71.2975, 46.7701], [-71.2974, 46.77], [-71.2972, 46.77], [-71.2971, 46.77], [-71.2969, 46.7699], [-71.2967, 46.7698], [-71.2965, 46.7697], [-71.2964, 46.7696], [-71.2962, 46.7695], [-71.296, 46.7695], [-71.2959, 46.7694], [-71.2958, 46.7695], [-71.2956, 46.7695], [-71.2955, 46.7696], [-71.2954, 46.7696], [-71.2953, 46.7697], [-71.2953, 46.7698], [-71.2952, 46.7699], [-71.2951, 46.77], [-71.2951, 46.7701], [-71.2951, 46.7703], [-71.2951, 46.7704], [-71.2951, 46.7705], [-71.2951, 46.7706], [-71.2951, 46.7707], [-71.2951, 46.7708], [-71.295, 46.7709], [-71.2949, 46.771], [-71.2948, 46.771], [-71.2947, 46.7711], [-71.2946, 46.7712], [-71.2946, 46.7713], [-71.2946, 46.7714], [-71.2947, 46.7715], [-71.2947, 46.7716], [-71.2948, 46.7717], [-71.2949, 46.7718], [-71.295, 46.7719], [-71.295, 46.772], [-71.295, 46.7721], [-71.2949, 46.7722], [-71.2948, 46.7722], [-71.2947, 46.7722], [-71.2947, 46.7723], [-71.2946, 46.7723], [-71.2945, 46.7724], [-71.2945, 46.7725], [-71.2944, 46.7726], [-71.2944, 46.7727], [-71.2944, 46.7729], [-71.2944, 46.773], [-71.2945, 46.7732], [-71.2946, 46.7733], [-71.2948, 46.7734], [-71.2951, 46.7735], [-71.2954, 46.7736], [-71.2958, 46.7737], [-71.2962, 46.7738], [-71.2968, 46.7738], [-71.2972, 46.7739], [-71.2976, 46.7739], [-71.298, 46.7739], [-71.2983, 46.7739], [-71.2986, 46.7739], [-71.2988, 46.7739], [-71.299, 46.7738], [-71.2991, 46.7738], [-71.2992, 46.7737], [-71.2993, 46.7737], [-71.2994, 46.7737], [-71.2995, 46.7737], [-71.2995, 46.7738], [-71.2995, 46.7739], [-71.2995, 46.774], [-71.2996, 46.7741], [-71.2997, 46.7742], [-71.2999, 46.7742], [-71.3001, 46.7743], [-71.3003, 46.7743], [-71.3006, 46.7743], [-71.3009, 46.7743], [-71.3011, 46.7743], [-71.3014, 46.7742], [-71.3016, 46.7741], [-71.3018, 46.7739], [-71.3019, 46.7737], [-71.302, 46.7735], [-71.3021, 46.7733], [-71.3021, 46.7729], [-71.3021, 46.7726]]]}}, {"type": "Feature", "properties": {"couche": "aire_marche", "station": "Roland-Beaudin", "ordre": 7, "minutes": 6, "superficie_ha": 33.8, "rue_km": 11.41, "disque_ha": 55.4, "part_disque_pct": 61, "accroche_m": 1, "population": 948, "navetteurs": 406, "mode_auto_pct": 68, "mode_tc_pct": 19, "mode_actif_pct": 12, "mode_autre_pct": 1}, "geometry": {"type": "Polygon", "coordinates": [[[-71.3026, 46.7726], [-71.3026, 46.7731], [-71.3026, 46.7735], [-71.3025, 46.7739], [-71.3025, 46.7742], [-71.3024, 46.7744], [-71.3023, 46.7746], [-71.3021, 46.7747], [-71.302, 46.7748], [-71.3018, 46.7748], [-71.3017, 46.7748], [-71.3015, 46.7747], [-71.3014, 46.7747], [-71.3012, 46.7747], [-71.3011, 46.7746], [-71.301, 46.7746], [-71.3009, 46.7745], [-71.3008, 46.7745], [-71.3008, 46.7744], [-71.3007, 46.7744], [-71.3006, 46.7744], [-71.3005, 46.7744], [-71.3004, 46.7744], [-71.3004, 46.7745], [-71.3004, 46.7746], [-71.3003, 46.7746], [-71.3002, 46.7747], [-71.3001, 46.7747], [-71.3, 46.7747], [-71.2999, 46.7747], [-71.2998, 46.7747], [-71.2996, 46.7748], [-71.2994, 46.7747], [-71.2993, 46.7747], [-71.2991, 46.7747], [-71.2989, 46.7746], [-71.2988, 46.7746], [-71.2986, 46.7745], [-71.2984, 46.7744], [-71.2983, 46.7743], [-71.2981, 46.7742], [-71.298, 46.7741], [-71.2979, 46.774], [-71.2978, 46.774], [-71.2977, 46.774], [-71.2976, 46.774], [-71.2975, 46.7741], [-71.2974, 46.7742], [-71.2973, 46.7742], [-71.2971, 46.7742], [-71.297, 46.7742], [-71.2968, 46.7742], [-71.2966, 46.7742], [-71.2963, 46.7741], [-71.296, 46.7741], [-71.2958, 46.774], [-71.2955, 46.774], [-71.2953, 46.774], [-71.2951, 46.774], [-71.295, 46.774], [-71.2948, 46.774], [-71.2947, 46.7741], [-71.2945, 46.7741], [-71.2944, 46.7741], [-71.2943, 46.774], [-71.2943, 46.7739], [-71.2942, 46.7737], [-71.2941, 46.7734], [-71.294, 46.7731], [-71.294, 46.7727], [-71.2939, 46.7723], [-71.2939, 46.7719], [-71.2939, 46.7715], [-71.294, 46.7711], [-71.2941, 46.7708], [-71.2942, 46.7704], [-71.2943, 46.7702], [-71.2945, 46.7699], [-71.2947, 46.7697], [-71.2949, 46.7695], [-71.2951, 46.7693], [-71.2954, 46.7692], [-71.2956, 46.7691], [-71.2958, 46.769], [-71.296, 46.769], [-71.2962, 46.769], [-71.2964, 46.769], [-71.2966, 46.7691], [-71.2968, 46.7691], [-71.297, 46.7691], [-71.2971, 46.7691], [-71.2973, 46.769], [-71.2974, 46.769], [-71.2974, 46.7689], [-71.2975, 46.7688], [-71.2976, 46.7688], [-71.2977, 46.7687], [-71.2978, 46.7687], [-71.2979, 46.7686], [-71.298, 46.7686], [-71.2981, 46.7686], [-71.2982, 46.7686], [-71.2983, 46.7686], [-71.2985, 46.7686], [-71.2986, 46.7686], [-71.2987, 46.7687], [-71.2988, 46.7688], [-71.2989, 46.7689], [-71.299, 46.769], [-71.2991, 46.7692], [-71.2992, 46.7693], [-71.2994, 46.7695], [-71.2995, 46.7697], [-71.2996, 46.7699], [-71.2998, 46.77], [-71.3, 46.7702], [-71.3003, 46.7703], [-71.3005, 46.7705], [-71.3008, 46.7706], [-71.301, 46.7707], [-71.3012, 46.7708], [-71.3014, 46.7709], [-71.3016, 46.771], [-71.3018, 46.771], [-71.302, 46.7711], [-71.3021, 46.7711], [-71.3022, 46.771], [-71.3023, 46.7711], [-71.3024, 46.7712], [-71.3025, 46.7714], [-71.3025, 46.7716], [-71.3026, 46.7719], [-71.3026, 46.7722], [-71.3026, 46.7726]]]}}, {"type": "Feature", "properties": {"couche": "voile", "station": "Roland-Beaudin", "minutes": 6}, "geometry": {"type": "Polygon", "coordinates": [[[-71.4617, 46.8815], [-71.1381, 46.8838], [-71.1355, 46.6617], [-71.4577, 46.6594], [-71.4617, 46.8815]], [[-71.3026, 46.7722], [-71.3026, 46.7719], [-71.3025, 46.7716], [-71.3025, 46.7714], [-71.3024, 46.7712], [-71.3023, 46.7711], [-71.3022, 46.771], [-71.3021, 46.7711], [-71.302, 46.7711], [-71.3018, 46.771], [-71.3016, 46.771], [-71.3014, 46.7709], [-71.3012, 46.7708], [-71.301, 46.7707], [-71.3008, 46.7706], [-71.3005, 46.7705], [-71.3003, 46.7703], [-71.3, 46.7702], [-71.2998, 46.77], [-71.2996, 46.7699], [-71.2995, 46.7697], [-71.2994, 46.7695], [-71.2992, 46.7693], [-71.2991, 46.7692], [-71.299, 46.769], [-71.2989, 46.7689], [-71.2988, 46.7688], [-71.2987, 46.7687], [-71.2986, 46.7686], [-71.2985, 46.7686], [-71.2983, 46.7686], [-71.2982, 46.7686], [-71.2981, 46.7686], [-71.298, 46.7686], [-71.2979, 46.7686], [-71.2978, 46.7687], [-71.2977, 46.7687], [-71.2976, 46.7688], [-71.2975, 46.7688], [-71.2974, 46.7689], [-71.2974, 46.769], [-71.2973, 46.769], [-71.2971, 46.7691], [-71.297, 46.7691], [-71.2968, 46.7691], [-71.2966, 46.7691], [-71.2964, 46.769], [-71.2962, 46.769], [-71.296, 46.769], [-71.2958, 46.769], [-71.2956, 46.7691], [-71.2954, 46.7692], [-71.2951, 46.7693], [-71.2949, 46.7695], [-71.2947, 46.7697], [-71.2945, 46.7699], [-71.2943, 46.7702], [-71.2942, 46.7704], [-71.2941, 46.7708], [-71.294, 46.7711], [-71.2939, 46.7715], [-71.2939, 46.7719], [-71.2939, 46.7723], [-71.294, 46.7727], [-71.294, 46.7731], [-71.2941, 46.7734], [-71.2942, 46.7737], [-71.2943, 46.7739], [-71.2943, 46.774], [-71.2944, 46.7741], [-71.2945, 46.7741], [-71.2947, 46.7741], [-71.2948, 46.774], [-71.295, 46.774], [-71.2951, 46.774], [-71.2953, 46.774], [-71.2955, 46.774], [-71.2958, 46.774], [-71.296, 46.7741], [-71.2963, 46.7741], [-71.2966, 46.7742], [-71.2968, 46.7742], [-71.297, 46.7742], [-71.2971, 46.7742], [-71.2973, 46.7742], [-71.2974, 46.7742], [-71.2975, 46.7741], [-71.2976, 46.774], [-71.2977, 46.774], [-71.2978, 46.774], [-71.2979, 46.774], [-71.298, 46.7741], [-71.2981, 46.7742], [-71.2983, 46.7743], [-71.2984, 46.7744], [-71.2986, 46.7745], [-71.2988, 46.7746], [-71.2989, 46.7746], [-71.2991, 46.7747], [-71.2993, 46.7747], [-71.2994, 46.7747], [-71.2996, 46.7748], [-71.2998, 46.7747], [-71.2999, 46.7747], [-71.3, 46.7747], [-71.3001, 46.7747], [-71.3002, 46.7747], [-71.3003, 46.7746], [-71.3004, 46.7746], [-71.3004, 46.7745], [-71.3004, 46.7744], [-71.3005, 46.7744], [-71.3006, 46.7744], [-71.3007, 46.7744], [-71.3008, 46.7744], [-71.3008, 46.7745], [-71.3009, 46.7745], [-71.301, 46.7746], [-71.3011, 46.7746], [-71.3012, 46.7747], [-71.3014, 46.7747], [-71.3015, 46.7747], [-71.3017, 46.7748], [-71.3018, 46.7748], [-71.302, 46.7748], [-71.3021, 46.7747], [-71.3023, 46.7746], [-71.3024, 46.7744], [-71.3025, 46.7742], [-71.3025, 46.7739], [-71.3026, 46.7735], [-71.3026, 46.7731], [-71.3026, 46.7726], [-71.3026, 46.7722]]]}}, {"type": "Feature", "properties": {"couche": "aire_marche", "station": "Roland-Beaudin", "ordre": 7, "minutes": 7, "superficie_ha": 46.3, "rue_km": 14.92, "disque_ha": 75.4, "part_disque_pct": 61, "accroche_m": 1, "population": 1414, "navetteurs": 596, "mode_auto_pct": 66, "mode_tc_pct": 21, "mode_actif_pct": 12, "mode_autre_pct": 1}, "geometry": {"type": "Polygon", "coordinates": [[[-71.3035, 46.773], [-71.3035, 46.7735], [-71.3034, 46.7739], [-71.3033, 46.7742], [-71.3032, 46.7745], [-71.3031, 46.7747], [-71.303, 46.7749], [-71.3028, 46.7749], [-71.3027, 46.7749], [-71.3025, 46.7748], [-71.3024, 46.7748], [-71.3022, 46.7747], [-71.3021, 46.7747], [-71.302, 46.7747], [-71.3019, 46.7748], [-71.3018, 46.7749], [-71.3018, 46.775], [-71.3017, 46.775], [-71.3016, 46.7751], [-71.3014, 46.7752], [-71.3012, 46.7752], [-71.3009, 46.7752], [-71.3006, 46.7752], [-71.3002, 46.7753], [-71.2998, 46.7752], [-71.2995, 46.7752], [-71.2991, 46.7752], [-71.2988, 46.7752], [-71.2985, 46.7751], [-71.2982, 46.775], [-71.298, 46.7749], [-71.2978, 46.7749], [-71.2976, 46.7747], [-71.2975, 46.7747], [-71.2973, 46.7746], [-71.2971, 46.7745], [-71.297, 46.7745], [-71.2968, 46.7745], [-71.2967, 46.7745], [-71.2965, 46.7745], [-71.2964, 46.7746], [-71.2963, 46.7746], [-71.2961, 46.7746], [-71.296, 46.7746], [-71.2959, 46.7746], [-71.2958, 46.7745], [-71.2956, 46.7744], [-71.2955, 46.7744], [-71.2954, 46.7743], [-71.2953, 46.7742], [-71.2952, 46.7741], [-71.2951, 46.7741], [-71.295, 46.7741], [-71.295, 46.7742], [-71.295, 46.7743], [-71.2949, 46.7744], [-71.2948, 46.7745], [-71.2947, 46.7746], [-71.2946, 46.7746], [-71.2944, 46.7746], [-71.2943, 46.7746], [-71.2941, 46.7746], [-71.2939, 46.7746], [-71.2937, 46.7746], [-71.2935, 46.7745], [-71.2934, 46.7744], [-71.2934, 46.7743], [-71.2933, 46.7742], [-71.2933, 46.774], [-71.2934, 46.7739], [-71.2934, 46.7737], [-71.2935, 46.7735], [-71.2935, 46.7733], [-71.2935, 46.7732], [-71.2935, 46.7731], [-71.2935, 46.773], [-71.2935, 46.7729], [-71.2934, 46.7729], [-71.2934, 46.7728], [-71.2933, 46.7728], [-71.2933, 46.7727], [-71.2932, 46.7727], [-71.2932, 46.7726], [-71.2933, 46.7726], [-71.2933, 46.7725], [-71.2934, 46.7724], [-71.2935, 46.7723], [-71.2935, 46.7722], [-71.2935, 46.7721], [-71.2935, 46.772], [-71.2934, 46.772], [-71.2933, 46.772], [-71.2932, 46.7719], [-71.2932, 46.7718], [-71.2931, 46.7717], [-71.2931, 46.7716], [-71.2931, 46.7715], [-71.2931, 46.7713], [-71.2931, 46.7711], [-71.2931, 46.7709], [-71.2931, 46.7707], [-71.2932, 46.7705], [-71.2933, 46.7703], [-71.2935, 46.7701], [-71.2937, 46.7699], [-71.2939, 46.7696], [-71.2942, 46.7694], [-71.2945, 46.7692], [-71.2949, 46.769], [-71.2952, 46.7688], [-71.2956, 46.7686], [-71.296, 46.7685], [-71.2965, 46.7684], [-71.2969, 46.7683], [-71.2974, 46.7683], [-71.2979, 46.7683], [-71.2984, 46.7683], [-71.2988, 46.7683], [-71.2991, 46.7683], [-71.2994, 46.7684], [-71.2996, 46.7684], [-71.2997, 46.7685], [-71.2998, 46.7686], [-71.2998, 46.7687], [-71.2998, 46.7688], [-71.2998, 46.7689], [-71.2997, 46.769], [-71.2997, 46.7691], [-71.2996, 46.7691], [-71.2995, 46.7692], [-71.2993, 46.7692], [-71.2992, 46.7692], [-71.2991, 46.7693], [-71.2991, 46.7694], [-71.2991, 46.7695], [-71.2992, 46.7696], [-71.2993, 46.7697], [-71.2994, 46.7698], [-71.2995, 46.7699], [-71.2997, 46.77], [-71.2998, 46.7701], [-71.3, 46.7702], [-71.3003, 46.7703], [-71.3005, 46.7705], [-71.3008, 46.7706], [-71.301, 46.7707], [-71.3012, 46.7708], [-71.3014, 46.7709], [-71.3015, 46.7709], [-71.3016, 46.7709], [-71.3017, 46.7709], [-71.3017, 46.7708], [-71.3017, 46.7707], [-71.3017, 46.7706], [-71.3018, 46.7706], [-71.3018, 46.7705], [-71.3019, 46.7704], [-71.302, 46.7704], [-71.3021, 46.7703], [-71.3022, 46.7703], [-71.3023, 46.7703], [-71.3024, 46.7704], [-71.3025, 46.7704], [-71.3025, 46.7705], [-71.3026, 46.7706], [-71.3026, 46.7707], [-71.3027, 46.7708], [-71.3027, 46.7709], [-71.3028, 46.771], [-71.3029, 46.7711], [-71.303, 46.7712], [-71.3031, 46.7712], [-71.3032, 46.7712], [-71.3033, 46.7712], [-71.3034, 46.7713], [-71.3035, 46.7714], [-71.3036, 46.7716], [-71.3036, 46.7719], [-71.3036, 46.7722], [-71.3036, 46.7725], [-71.3035, 46.773]]]}}, {"type": "Feature", "properties": {"couche": "voile", "station": "Roland-Beaudin", "minutes": 7}, "geometry": {"type": "Polygon", "coordinates": [[[-71.4627, 46.882], [-71.1373, 46.8843], [-71.1347, 46.6614], [-71.4587, 46.6591], [-71.4627, 46.882]], [[-71.3036, 46.7725], [-71.3036, 46.7722], [-71.3036, 46.7719], [-71.3036, 46.7716], [-71.3035, 46.7714], [-71.3034, 46.7713], [-71.3033, 46.7712], [-71.3032, 46.7712], [-71.3031, 46.7712], [-71.303, 46.7712], [-71.3029, 46.7711], [-71.3028, 46.771], [-71.3027, 46.7709], [-71.3027, 46.7708], [-71.3026, 46.7707], [-71.3026, 46.7706], [-71.3025, 46.7705], [-71.3025, 46.7704], [-71.3024, 46.7704], [-71.3023, 46.7703], [-71.3022, 46.7703], [-71.3021, 46.7703], [-71.302, 46.7704], [-71.3019, 46.7704], [-71.3018, 46.7705], [-71.3018, 46.7706], [-71.3017, 46.7706], [-71.3017, 46.7707], [-71.3017, 46.7708], [-71.3017, 46.7709], [-71.3016, 46.7709], [-71.3015, 46.7709], [-71.3014, 46.7709], [-71.3012, 46.7708], [-71.301, 46.7707], [-71.3008, 46.7706], [-71.3005, 46.7705], [-71.3003, 46.7703], [-71.3, 46.7702], [-71.2998, 46.7701], [-71.2997, 46.77], [-71.2995, 46.7699], [-71.2994, 46.7698], [-71.2993, 46.7697], [-71.2992, 46.7696], [-71.2991, 46.7695], [-71.2991, 46.7694], [-71.2991, 46.7693], [-71.2992, 46.7692], [-71.2993, 46.7692], [-71.2995, 46.7692], [-71.2996, 46.7691], [-71.2997, 46.7691], [-71.2997, 46.769], [-71.2998, 46.7689], [-71.2998, 46.7688], [-71.2998, 46.7687], [-71.2998, 46.7686], [-71.2997, 46.7685], [-71.2996, 46.7684], [-71.2994, 46.7684], [-71.2991, 46.7683], [-71.2988, 46.7683], [-71.2984, 46.7683], [-71.2979, 46.7683], [-71.2974, 46.7683], [-71.2969, 46.7683], [-71.2965, 46.7684], [-71.296, 46.7685], [-71.2956, 46.7686], [-71.2952, 46.7688], [-71.2949, 46.769], [-71.2945, 46.7692], [-71.2942, 46.7694], [-71.2939, 46.7696], [-71.2937, 46.7699], [-71.2935, 46.7701], [-71.2933, 46.7703], [-71.2932, 46.7705], [-71.2931, 46.7707], [-71.2931, 46.7709], [-71.2931, 46.7711], [-71.2931, 46.7713], [-71.2931, 46.7715], [-71.2931, 46.7716], [-71.2931, 46.7717], [-71.2932, 46.7718], [-71.2932, 46.7719], [-71.2933, 46.772], [-71.2934, 46.772], [-71.2935, 46.772], [-71.2935, 46.7721], [-71.2935, 46.7722], [-71.2935, 46.7723], [-71.2934, 46.7724], [-71.2933, 46.7725], [-71.2933, 46.7726], [-71.2932, 46.7726], [-71.2932, 46.7727], [-71.2933, 46.7727], [-71.2933, 46.7728], [-71.2934, 46.7728], [-71.2934, 46.7729], [-71.2935, 46.7729], [-71.2935, 46.773], [-71.2935, 46.7731], [-71.2935, 46.7732], [-71.2935, 46.7733], [-71.2935, 46.7735], [-71.2934, 46.7737], [-71.2934, 46.7739], [-71.2933, 46.774], [-71.2933, 46.7742], [-71.2934, 46.7743], [-71.2934, 46.7744], [-71.2935, 46.7745], [-71.2937, 46.7746], [-71.2939, 46.7746], [-71.2941, 46.7746], [-71.2943, 46.7746], [-71.2944, 46.7746], [-71.2946, 46.7746], [-71.2947, 46.7746], [-71.2948, 46.7745], [-71.2949, 46.7744], [-71.295, 46.7743], [-71.295, 46.7742], [-71.295, 46.7741], [-71.2951, 46.7741], [-71.2952, 46.7741], [-71.2953, 46.7742], [-71.2954, 46.7743], [-71.2955, 46.7744], [-71.2956, 46.7744], [-71.2958, 46.7745], [-71.2959, 46.7746], [-71.296, 46.7746], [-71.2961, 46.7746], [-71.2963, 46.7746], [-71.2964, 46.7746], [-71.2965, 46.7745], [-71.2967, 46.7745], [-71.2968, 46.7745], [-71.297, 46.7745], [-71.2971, 46.7745], [-71.2973, 46.7746], [-71.2975, 46.7747], [-71.2976, 46.7747], [-71.2978, 46.7749], [-71.298, 46.7749], [-71.2982, 46.775], [-71.2985, 46.7751], [-71.2988, 46.7752], [-71.2991, 46.7752], [-71.2995, 46.7752], [-71.2998, 46.7752], [-71.3002, 46.7753], [-71.3006, 46.7752], [-71.3009, 46.7752], [-71.3012, 46.7752], [-71.3014, 46.7752], [-71.3016, 46.7751], [-71.3017, 46.775], [-71.3018, 46.775], [-71.3018, 46.7749], [-71.3019, 46.7748], [-71.302, 46.7747], [-71.3021, 46.7747], [-71.3022, 46.7747], [-71.3024, 46.7748], [-71.3025, 46.7748], [-71.3027, 46.7749], [-71.3028, 46.7749], [-71.303, 46.7749], [-71.3031, 46.7747], [-71.3032, 46.7745], [-71.3033, 46.7742], [-71.3034, 46.7739], [-71.3035, 46.7735], [-71.3035, 46.773], [-71.3036, 46.7725]]]}}, {"type": "Feature", "properties": {"couche": "aire_marche", "station": "Roland-Beaudin", "ordre": 7, "minutes": 8, "superficie_ha": 57.4, "rue_km": 18.66, "disque_ha": 98.5, "part_disque_pct": 58, "accroche_m": 1, "population": 1804, "navetteurs": 752, "mode_auto_pct": 66, "mode_tc_pct": 21, "mode_actif_pct": 12, "mode_autre_pct": 1}, "geometry": {"type": "Polygon", "coordinates": [[[-71.3037, 46.7719], [-71.3035, 46.7721], [-71.3035, 46.7722], [-71.3034, 46.7724], [-71.3034, 46.7725], [-71.3035, 46.7726], [-71.3035, 46.7728], [-71.3036, 46.7729], [-71.3038, 46.773], [-71.3039, 46.7731], [-71.304, 46.7733], [-71.3041, 46.7735], [-71.3041, 46.7737], [-71.3041, 46.7739], [-71.3041, 46.7741], [-71.3041, 46.7744], [-71.3041, 46.7746], [-71.304, 46.7749], [-71.3039, 46.7751], [-71.3038, 46.7752], [-71.3037, 46.7753], [-71.3035, 46.7753], [-71.3033, 46.7752], [-71.3031, 46.7752], [-71.3028, 46.775], [-71.3026, 46.7749], [-71.3024, 46.7749], [-71.3025, 46.775], [-71.3025, 46.7751], [-71.3026, 46.7752], [-71.3026, 46.7753], [-71.3026, 46.7754], [-71.3026, 46.7755], [-71.3025, 46.7755], [-71.3025, 46.7756], [-71.3024, 46.7756], [-71.3023, 46.7756], [-71.3022, 46.7756], [-71.3021, 46.7755], [-71.302, 46.7755], [-71.3019, 46.7755], [-71.3017, 46.7754], [-71.3016, 46.7754], [-71.3014, 46.7754], [-71.3012, 46.7754], [-71.301, 46.7754], [-71.3008, 46.7754], [-71.3006, 46.7755], [-71.3004, 46.7755], [-71.3002, 46.7755], [-71.3, 46.7755], [-71.2998, 46.7755], [-71.2997, 46.7755], [-71.2996, 46.7755], [-71.2995, 46.7754], [-71.2995, 46.7753], [-71.2994, 46.7752], [-71.2994, 46.7751], [-71.2993, 46.7751], [-71.2992, 46.7751], [-71.2991, 46.7752], [-71.2989, 46.7752], [-71.2988, 46.7753], [-71.2986, 46.7754], [-71.2984, 46.7754], [-71.2983, 46.7755], [-71.2981, 46.7755], [-71.2979, 46.7755], [-71.2977, 46.7754], [-71.2975, 46.7754], [-71.2973, 46.7753], [-71.2971, 46.7752], [-71.2969, 46.7751], [-71.2967, 46.775], [-71.2965, 46.775], [-71.2964, 46.7749], [-71.2962, 46.7749], [-71.2961, 46.7749], [-71.296, 46.775], [-71.2959, 46.775], [-71.2957, 46.7751], [-71.2956, 46.7751], [-71.2955, 46.7751], [-71.2954, 46.7751], [-71.2953, 46.7751], [-71.2951, 46.775], [-71.295, 46.775], [-71.2948, 46.7749], [-71.2947, 46.7749], [-71.2945, 46.7749], [-71.2944, 46.7748], [-71.2943, 46.7748], [-71.2942, 46.7748], [-71.2941, 46.7749], [-71.294, 46.7749], [-71.2939, 46.775], [-71.2938, 46.775], [-71.2937, 46.775], [-71.2936, 46.775], [-71.2935, 46.775], [-71.2934, 46.775], [-71.2933, 46.7749], [-71.2931, 46.7748], [-71.293, 46.7747], [-71.2929, 46.7746], [-71.2928, 46.7746], [-71.2927, 46.7745], [-71.2927, 46.7744], [-71.2927, 46.7743], [-71.2927, 46.7742], [-71.2928, 46.7742], [-71.2929, 46.7741], [-71.293, 46.774], [-71.293, 46.7739], [-71.293, 46.7738], [-71.2929, 46.7737], [-71.2928, 46.7736], [-71.2927, 46.7735], [-71.2927, 46.7734], [-71.2926, 46.7733], [-71.2926, 46.7732], [-71.2927, 46.7731], [-71.2927, 46.773], [-71.2928, 46.7729], [-71.2929, 46.7728], [-71.2929, 46.7727], [-71.2929, 46.7726], [-71.2929, 46.7725], [-71.2928, 46.7724], [-71.2927, 46.7724], [-71.2927, 46.7723], [-71.2926, 46.7723], [-71.2925, 46.7722], [-71.2925, 46.7721], [-71.2925, 46.772], [-71.2925, 46.7719], [-71.2926, 46.7717], [-71.2926, 46.7716], [-71.2927, 46.7714], [-71.2927, 46.7713], [-71.2928, 46.7712], [-71.2928, 46.771], [-71.2928, 46.7708], [-71.2927, 46.7707], [-71.2927, 46.7705], [-71.2926, 46.7704], [-71.2926, 46.7702], [-71.2927, 46.7701], [-71.2928, 46.7699], [-71.2929, 46.7698], [-71.2931, 46.7696], [-71.2934, 46.7695], [-71.2937, 46.7693], [-71.294, 46.7692], [-71.2943, 46.7691], [-71.2945, 46.7689], [-71.2948, 46.7688], [-71.2949, 46.7687], [-71.2951, 46.7686], [-71.2952, 46.7684], [-71.2953, 46.7683], [-71.2953, 46.7682], [-71.2954, 46.7681], [-71.2954, 46.768], [-71.2955, 46.768], [-71.2956, 46.7679], [-71.2958, 46.7679], [-71.2959, 46.7679], [-71.2961, 46.768], [-71.2963, 46.768], [-71.2965, 46.768], [-71.2967, 46.7681], [-71.2969, 46.7681], [-71.297, 46.7681], [-71.2972, 46.768], [-71.2974, 46.768], [-71.2976, 46.7679], [-71.2977, 46.7679], [-71.2979, 46.7678], [-71.2981, 46.7678], [-71.2983, 46.7678], [-71.2984, 46.7677], [-71.2986, 46.7677], [-71.2988, 46.7677], [-71.299, 46.7677], [-71.2992, 46.7677], [-71.2994, 46.7678], [-71.2996, 46.7678], [-71.2997, 46.7679], [-71.2999, 46.7679], [-71.3, 46.768], [-71.3001, 46.7681], [-71.3003, 46.7682], [-71.3004, 46.7682], [-71.3005, 46.7683], [-71.3005, 46.7684], [-71.3005, 46.7685], [-71.3004, 46.7686], [-71.3003, 46.7687], [-71.3001, 46.7688], [-71.2999, 46.7689], [-71.2997, 46.769], [-71.2995, 46.7691], [-71.2993, 46.7692], [-71.2992, 46.7692], [-71.2991, 46.7693], [-71.2991, 46.7694], [-71.2991, 46.7695], [-71.2992, 46.7696], [-71.2993, 46.7697], [-71.2994, 46.7698], [-71.2995, 46.7699], [-71.2997, 46.77], [-71.2998, 46.7701], [-71.3, 46.7702], [-71.3003, 46.7703], [-71.3005, 46.7705], [-71.3008, 46.7706], [-71.301, 46.7707], [-71.3012, 46.7708], [-71.3013, 46.7708], [-71.3014, 46.7708], [-71.3015, 46.7708], [-71.3016, 46.7707], [-71.3016, 46.7706], [-71.3015, 46.7705], [-71.3015, 46.7703], [-71.3015, 46.7702], [-71.3015, 46.7701], [-71.3015, 46.77], [-71.3016, 46.7699], [-71.3017, 46.7698], [-71.3018, 46.7698], [-71.3019, 46.7698], [-71.302, 46.7698], [-71.3021, 46.7699], [-71.3022, 46.77], [-71.3023, 46.7702], [-71.3024, 46.7703], [-71.3025, 46.7705], [-71.3026, 46.7707], [-71.3027, 46.7708], [-71.3028, 46.7709], [-71.3029, 46.771], [-71.303, 46.771], [-71.3032, 46.771], [-71.3033, 46.7709], [-71.3034, 46.7709], [-71.3036, 46.7708], [-71.3037, 46.7708], [-71.3038, 46.7707], [-71.3039, 46.7707], [-71.3039, 46.7708], [-71.304, 46.7708], [-71.3041, 46.7708], [-71.3041, 46.7709], [-71.3042, 46.771], [-71.3042, 46.7711], [-71.3041, 46.7712], [-71.3041, 46.7713], [-71.304, 46.7715], [-71.3039, 46.7716], [-71.3038, 46.7717], [-71.3037, 46.7719]]]}}, {"type": "Feature", "properties": {"couche": "voile", "station": "Roland-Beaudin", "minutes": 8}, "geometry": {"type": "Polygon", "coordinates": [[[-71.4633, 46.8823], [-71.1367, 46.8846], [-71.1341, 46.6608], [-71.4593, 46.6585], [-71.4633, 46.8823]], [[-71.3038, 46.7717], [-71.3039, 46.7716], [-71.304, 46.7715], [-71.3041, 46.7713], [-71.3041, 46.7712], [-71.3042, 46.7711], [-71.3042, 46.771], [-71.3041, 46.7709], [-71.3041, 46.7708], [-71.304, 46.7708], [-71.3039, 46.7708], [-71.3039, 46.7707], [-71.3038, 46.7707], [-71.3037, 46.7708], [-71.3036, 46.7708], [-71.3034, 46.7709], [-71.3033, 46.7709], [-71.3032, 46.771], [-71.303, 46.771], [-71.3029, 46.771], [-71.3028, 46.7709], [-71.3027, 46.7708], [-71.3026, 46.7707], [-71.3025, 46.7705], [-71.3024, 46.7703], [-71.3023, 46.7702], [-71.3022, 46.77], [-71.3021, 46.7699], [-71.302, 46.7698], [-71.3019, 46.7698], [-71.3018, 46.7698], [-71.3017, 46.7698], [-71.3016, 46.7699], [-71.3015, 46.77], [-71.3015, 46.7701], [-71.3015, 46.7702], [-71.3015, 46.7703], [-71.3015, 46.7705], [-71.3016, 46.7706], [-71.3016, 46.7707], [-71.3015, 46.7708], [-71.3014, 46.7708], [-71.3013, 46.7708], [-71.3012, 46.7708], [-71.301, 46.7707], [-71.3008, 46.7706], [-71.3005, 46.7705], [-71.3003, 46.7703], [-71.3, 46.7702], [-71.2998, 46.7701], [-71.2997, 46.77], [-71.2995, 46.7699], [-71.2994, 46.7698], [-71.2993, 46.7697], [-71.2992, 46.7696], [-71.2991, 46.7695], [-71.2991, 46.7694], [-71.2991, 46.7693], [-71.2992, 46.7692], [-71.2993, 46.7692], [-71.2995, 46.7691], [-71.2997, 46.769], [-71.2999, 46.7689], [-71.3001, 46.7688], [-71.3003, 46.7687], [-71.3004, 46.7686], [-71.3005, 46.7685], [-71.3005, 46.7684], [-71.3005, 46.7683], [-71.3004, 46.7682], [-71.3003, 46.7682], [-71.3001, 46.7681], [-71.3, 46.768], [-71.2999, 46.7679], [-71.2997, 46.7679], [-71.2996, 46.7678], [-71.2994, 46.7678], [-71.2992, 46.7677], [-71.299, 46.7677], [-71.2988, 46.7677], [-71.2986, 46.7677], [-71.2984, 46.7677], [-71.2983, 46.7678], [-71.2981, 46.7678], [-71.2979, 46.7678], [-71.2977, 46.7679], [-71.2976, 46.7679], [-71.2974, 46.768], [-71.2972, 46.768], [-71.297, 46.7681], [-71.2969, 46.7681], [-71.2967, 46.7681], [-71.2965, 46.768], [-71.2963, 46.768], [-71.2961, 46.768], [-71.2959, 46.7679], [-71.2958, 46.7679], [-71.2956, 46.7679], [-71.2955, 46.768], [-71.2954, 46.768], [-71.2954, 46.7681], [-71.2953, 46.7682], [-71.2953, 46.7683], [-71.2952, 46.7684], [-71.2951, 46.7686], [-71.2949, 46.7687], [-71.2948, 46.7688], [-71.2945, 46.7689], [-71.2943, 46.7691], [-71.294, 46.7692], [-71.2937, 46.7693], [-71.2934, 46.7695], [-71.2931, 46.7696], [-71.2929, 46.7698], [-71.2928, 46.7699], [-71.2927, 46.7701], [-71.2926, 46.7702], [-71.2926, 46.7704], [-71.2927, 46.7705], [-71.2927, 46.7707], [-71.2928, 46.7708], [-71.2928, 46.771], [-71.2928, 46.7712], [-71.2927, 46.7713], [-71.2927, 46.7714], [-71.2926, 46.7716], [-71.2926, 46.7717], [-71.2925, 46.7719], [-71.2925, 46.772], [-71.2925, 46.7721], [-71.2925, 46.7722], [-71.2926, 46.7723], [-71.2927, 46.7723], [-71.2927, 46.7724], [-71.2928, 46.7724], [-71.2929, 46.7725], [-71.2929, 46.7726], [-71.2929, 46.7727], [-71.2929, 46.7728], [-71.2928, 46.7729], [-71.2927, 46.773], [-71.2927, 46.7731], [-71.2926, 46.7732], [-71.2926, 46.7733], [-71.2927, 46.7734], [-71.2927, 46.7735], [-71.2928, 46.7736], [-71.2929, 46.7737], [-71.293, 46.7738], [-71.293, 46.7739], [-71.293, 46.774], [-71.2929, 46.7741], [-71.2928, 46.7742], [-71.2927, 46.7742], [-71.2927, 46.7743], [-71.2927, 46.7744], [-71.2927, 46.7745], [-71.2928, 46.7746], [-71.2929, 46.7746], [-71.293, 46.7747], [-71.2931, 46.7748], [-71.2933, 46.7749], [-71.2934, 46.775], [-71.2935, 46.775], [-71.2936, 46.775], [-71.2937, 46.775], [-71.2938, 46.775], [-71.2939, 46.775], [-71.294, 46.7749], [-71.2941, 46.7749], [-71.2942, 46.7748], [-71.2943, 46.7748], [-71.2944, 46.7748], [-71.2945, 46.7749], [-71.2947, 46.7749], [-71.2948, 46.7749], [-71.295, 46.775], [-71.2951, 46.775], [-71.2953, 46.7751], [-71.2954, 46.7751], [-71.2955, 46.7751], [-71.2956, 46.7751], [-71.2957, 46.7751], [-71.2959, 46.775], [-71.296, 46.775], [-71.2961, 46.7749], [-71.2962, 46.7749], [-71.2964, 46.7749], [-71.2965, 46.775], [-71.2967, 46.775], [-71.2969, 46.7751], [-71.2971, 46.7752], [-71.2973, 46.7753], [-71.2975, 46.7754], [-71.2977, 46.7754], [-71.2979, 46.7755], [-71.2981, 46.7755], [-71.2983, 46.7755], [-71.2984, 46.7754], [-71.2986, 46.7754], [-71.2988, 46.7753], [-71.2989, 46.7752], [-71.2991, 46.7752], [-71.2992, 46.7751], [-71.2993, 46.7751], [-71.2994, 46.7751], [-71.2994, 46.7752], [-71.2995, 46.7753], [-71.2995, 46.7754], [-71.2996, 46.7755], [-71.2997, 46.7755], [-71.2998, 46.7755], [-71.3, 46.7755], [-71.3002, 46.7755], [-71.3004, 46.7755], [-71.3006, 46.7755], [-71.3008, 46.7754], [-71.301, 46.7754], [-71.3012, 46.7754], [-71.3014, 46.7754], [-71.3016, 46.7754], [-71.3017, 46.7754], [-71.3019, 46.7755], [-71.302, 46.7755], [-71.3021, 46.7755], [-71.3022, 46.7756], [-71.3023, 46.7756], [-71.3024, 46.7756], [-71.3025, 46.7756], [-71.3025, 46.7755], [-71.3026, 46.7755], [-71.3026, 46.7754], [-71.3026, 46.7753], [-71.3026, 46.7752], [-71.3025, 46.7751], [-71.3025, 46.775], [-71.3024, 46.7749], [-71.3026, 46.7749], [-71.3028, 46.775], [-71.3031, 46.7752], [-71.3033, 46.7752], [-71.3035, 46.7753], [-71.3037, 46.7753], [-71.3038, 46.7752], [-71.3039, 46.7751], [-71.304, 46.7749], [-71.3041, 46.7746], [-71.3041, 46.7744], [-71.3041, 46.7741], [-71.3041, 46.7739], [-71.3041, 46.7737], [-71.3041, 46.7735], [-71.304, 46.7733], [-71.3039, 46.7731], [-71.3038, 46.773], [-71.3036, 46.7729], [-71.3035, 46.7728], [-71.3035, 46.7726], [-71.3034, 46.7725], [-71.3034, 46.7724], [-71.3035, 46.7722], [-71.3035, 46.7721], [-71.3037, 46.7719], [-71.3038, 46.7717]]]}}, {"type": "Feature", "properties": {"couche": "aire_marche", "station": "Roland-Beaudin", "ordre": 7, "minutes": 9, "superficie_ha": 69.6, "rue_km": 22.19, "disque_ha": 124.7, "part_disque_pct": 56, "accroche_m": 1, "population": 2255, "navetteurs": 929, "mode_auto_pct": 66, "mode_tc_pct": 21, "mode_actif_pct": 12, "mode_autre_pct": 1}, "geometry": {"type": "Polygon", "coordinates": [[[-71.3041, 46.7716], [-71.3039, 46.7718], [-71.3037, 46.772], [-71.3036, 46.7721], [-71.3035, 46.7723], [-71.3035, 46.7724], [-71.3035, 46.7725], [-71.3035, 46.7726], [-71.3036, 46.7726], [-71.3038, 46.7727], [-71.3039, 46.7727], [-71.304, 46.7728], [-71.3041, 46.7729], [-71.3042, 46.7729], [-71.3043, 46.7731], [-71.3044, 46.7732], [-71.3045, 46.7733], [-71.3046, 46.7734], [-71.3047, 46.7736], [-71.3047, 46.7738], [-71.3048, 46.774], [-71.3048, 46.7742], [-71.3048, 46.7744], [-71.3048, 46.7746], [-71.3048, 46.7749], [-71.3047, 46.7751], [-71.3046, 46.7754], [-71.3045, 46.7755], [-71.3044, 46.7756], [-71.3042, 46.7756], [-71.304, 46.7756], [-71.3037, 46.7756], [-71.3034, 46.7754], [-71.3031, 46.7752], [-71.3028, 46.7751], [-71.3026, 46.775], [-71.3025, 46.7749], [-71.3024, 46.7749], [-71.3025, 46.775], [-71.3027, 46.7752], [-71.3029, 46.7753], [-71.303, 46.7754], [-71.3031, 46.7755], [-71.3032, 46.7756], [-71.3032, 46.7757], [-71.3032, 46.7758], [-71.3032, 46.7759], [-71.3031, 46.776], [-71.303, 46.776], [-71.3029, 46.776], [-71.3028, 46.776], [-71.3027, 46.7759], [-71.3025, 46.7759], [-71.3024, 46.7759], [-71.3022, 46.7758], [-71.3021, 46.7758], [-71.3019, 46.7758], [-71.3018, 46.7758], [-71.3016, 46.7759], [-71.3014, 46.7759], [-71.3012, 46.7759], [-71.301, 46.776], [-71.3009, 46.776], [-71.3008, 46.776], [-71.3006, 46.776], [-71.3005, 46.7759], [-71.3004, 46.7758], [-71.3003, 46.7757], [-71.3002, 46.7756], [-71.3001, 46.7756], [-71.3, 46.7757], [-71.2999, 46.7757], [-71.2998, 46.7758], [-71.2997, 46.7758], [-71.2995, 46.7759], [-71.2994, 46.7759], [-71.2993, 46.776], [-71.2992, 46.776], [-71.299, 46.776], [-71.2989, 46.776], [-71.2988, 46.7759], [-71.2986, 46.7759], [-71.2985, 46.7759], [-71.2984, 46.7758], [-71.2982, 46.7758], [-71.2981, 46.7758], [-71.298, 46.7758], [-71.2978, 46.7759], [-71.2977, 46.7759], [-71.2975, 46.7759], [-71.2974, 46.776], [-71.2973, 46.776], [-71.2972, 46.7759], [-71.2971, 46.7759], [-71.2969, 46.7758], [-71.2968, 46.7757], [-71.2967, 46.7755], [-71.2966, 46.7754], [-71.2966, 46.7752], [-71.2965, 46.7751], [-71.2964, 46.7751], [-71.2964, 46.775], [-71.2963, 46.775], [-71.2963, 46.7751], [-71.2962, 46.7751], [-71.2962, 46.7752], [-71.2962, 46.7753], [-71.2961, 46.7754], [-71.296, 46.7754], [-71.296, 46.7755], [-71.2959, 46.7755], [-71.2957, 46.7754], [-71.2956, 46.7754], [-71.2954, 46.7753], [-71.2953, 46.7753], [-71.2952, 46.7753], [-71.295, 46.7753], [-71.2949, 46.7753], [-71.2948, 46.7753], [-71.2947, 46.7753], [-71.2946, 46.7754], [-71.2945, 46.7754], [-71.2944, 46.7755], [-71.2943, 46.7755], [-71.2941, 46.7754], [-71.2939, 46.7754], [-71.2937, 46.7753], [-71.2934, 46.7752], [-71.2932, 46.7751], [-71.2929, 46.7749], [-71.2926, 46.7748], [-71.2924, 46.7746], [-71.2922, 46.7745], [-71.292, 46.7744], [-71.2919, 46.7743], [-71.2919, 46.7742], [-71.2918, 46.7741], [-71.2918, 46.774], [-71.2918, 46.7739], [-71.2919, 46.7738], [-71.2919, 46.7737], [-71.292, 46.7737], [-71.292, 46.7736], [-71.2921, 46.7736], [-71.2922, 46.7736], [-71.2922, 46.7735], [-71.2923, 46.7735], [-71.2924, 46.7734], [-71.2924, 46.7733], [-71.2923, 46.7733], [-71.2923, 46.7732], [-71.2922, 46.7731], [-71.2921, 46.7729], [-71.292, 46.7728], [-71.2919, 46.7727], [-71.2919, 46.7726], [-71.2919, 46.7725], [-71.292, 46.7724], [-71.292, 46.7723], [-71.2921, 46.7722], [-71.2922, 46.7721], [-71.2923, 46.772], [-71.2924, 46.7719], [-71.2924, 46.7718], [-71.2924, 46.7717], [-71.2923, 46.7716], [-71.2922, 46.7715], [-71.2921, 46.7715], [-71.292, 46.7714], [-71.292, 46.7713], [-71.292, 46.7712], [-71.292, 46.7711], [-71.2921, 46.771], [-71.2921, 46.7709], [-71.2923, 46.7708], [-71.2923, 46.7706], [-71.2924, 46.7705], [-71.2924, 46.7704], [-71.2924, 46.7703], [-71.2924, 46.7702], [-71.2924, 46.77], [-71.2923, 46.7699], [-71.2922, 46.7698], [-71.2921, 46.7697], [-71.2921, 46.7696], [-71.292, 46.7695], [-71.2921, 46.7695], [-71.2921, 46.7694], [-71.2922, 46.7694], [-71.2923, 46.7693], [-71.2924, 46.7693], [-71.2925, 46.7692], [-71.2926, 46.7692], [-71.2927, 46.7692], [-71.2928, 46.7692], [-71.2929, 46.7693], [-71.293, 46.7693], [-71.2931, 46.7694], [-71.2932, 46.7695], [-71.2933, 46.7695], [-71.2934, 46.7695], [-71.2935, 46.7695], [-71.2936, 46.7695], [-71.2937, 46.7695], [-71.2939, 46.7694], [-71.294, 46.7694], [-71.2942, 46.7693], [-71.2943, 46.7692], [-71.2944, 46.7692], [-71.2945, 46.7691], [-71.2947, 46.769], [-71.2948, 46.769], [-71.2949, 46.7689], [-71.295, 46.7688], [-71.295, 46.7687], [-71.2951, 46.7687], [-71.2951, 46.7686], [-71.2951, 46.7685], [-71.2951, 46.7684], [-71.295, 46.7683], [-71.2949, 46.7682], [-71.2948, 46.7681], [-71.2947, 46.7681], [-71.2947, 46.768], [-71.2946, 46.7679], [-71.2946, 46.7678], [-71.2947, 46.7677], [-71.2948, 46.7676], [-71.2949, 46.7676], [-71.295, 46.7675], [-71.2952, 46.7675], [-71.2955, 46.7675], [-71.2959, 46.7674], [-71.2963, 46.7674], [-71.2967, 46.7674], [-71.2973, 46.7674], [-71.2979, 46.7674], [-71.2984, 46.7674], [-71.2989, 46.7674], [-71.2992, 46.7674], [-71.2996, 46.7675], [-71.2998, 46.7675], [-71.3, 46.7676], [-71.3001, 46.7677], [-71.3002, 46.7678], [-71.3003, 46.7679], [-71.3003, 46.768], [-71.3004, 46.768], [-71.3005, 46.768], [-71.3006, 46.768], [-71.3007, 46.768], [-71.3008, 46.7679], [-71.3009, 46.7679], [-71.301, 46.7679], [-71.3011, 46.768], [-71.3012, 46.768], [-71.3013, 46.7681], [-71.3013, 46.7682], [-71.3012, 46.7683], [-71.3011, 46.7684], [-71.3009, 46.7685], [-71.3007, 46.7686], [-71.3004, 46.7687], [-71.3, 46.7689], [-71.2997, 46.769], [-71.2995, 46.7691], [-71.2993, 46.7692], [-71.2992, 46.7693], [-71.2991, 46.7694], [-71.2991, 46.7695], [-71.2992, 46.7696], [-71.2993, 46.7697], [-71.2994, 46.7698], [-71.2995, 46.7699], [-71.2997, 46.77], [-71.2998, 46.7701], [-71.3, 46.7702], [-71.3003, 46.7703], [-71.3005, 46.7705], [-71.3008, 46.7706], [-71.301, 46.7707], [-71.3012, 46.7708], [-71.3013, 46.7708], [-71.3014, 46.7707], [-71.3015, 46.7705], [-71.3014, 46.7704], [-71.3013, 46.7701], [-71.3013, 46.77], [-71.3012, 46.7698], [-71.3012, 46.7696], [-71.3012, 46.7695], [-71.3012, 46.7694], [-71.3013, 46.7693], [-71.3013, 46.7692], [-71.3014, 46.7692], [-71.3015, 46.7692], [-71.3016, 46.7692], [-71.3017, 46.7693], [-71.3018, 46.7694], [-71.3019, 46.7696], [-71.3021, 46.7698], [-71.3022, 46.77], [-71.3023, 46.7703], [-71.3025, 46.7705], [-71.3026, 46.7707], [-71.3028, 46.7708], [-71.303, 46.7709], [-71.3032, 46.7709], [-71.3034, 46.7709], [-71.3036, 46.7708], [-71.3038, 46.7707], [-71.304, 46.7706], [-71.3041, 46.7705], [-71.3043, 46.7704], [-71.3044, 46.7704], [-71.3045, 46.7704], [-71.3046, 46.7705], [-71.3047, 46.7705], [-71.3047, 46.7706], [-71.3047, 46.7707], [-71.3047, 46.7708], [-71.3047, 46.7709], [-71.3046, 46.7711], [-71.3045, 46.7712], [-71.3043, 46.7714], [-71.3041, 46.7716]]]}}, {"type": "Feature", "properties": {"couche": "voile", "station": "Roland-Beaudin", "minutes": 9}, "geometry": {"type": "Polygon", "coordinates": [[[-71.4639, 46.8827], [-71.136, 46.885], [-71.1333, 46.6605], [-71.4599, 46.6582], [-71.4639, 46.8827]], [[-71.3043, 46.7714], [-71.3045, 46.7712], [-71.3046, 46.7711], [-71.3047, 46.7709], [-71.3047, 46.7708], [-71.3047, 46.7707], [-71.3047, 46.7706], [-71.3047, 46.7705], [-71.3046, 46.7705], [-71.3045, 46.7704], [-71.3044, 46.7704], [-71.3043, 46.7704], [-71.3041, 46.7705], [-71.304, 46.7706], [-71.3038, 46.7707], [-71.3036, 46.7708], [-71.3034, 46.7709], [-71.3032, 46.7709], [-71.303, 46.7709], [-71.3028, 46.7708], [-71.3026, 46.7707], [-71.3025, 46.7705], [-71.3023, 46.7703], [-71.3022, 46.77], [-71.3021, 46.7698], [-71.3019, 46.7696], [-71.3018, 46.7694], [-71.3017, 46.7693], [-71.3016, 46.7692], [-71.3015, 46.7692], [-71.3014, 46.7692], [-71.3013, 46.7692], [-71.3013, 46.7693], [-71.3012, 46.7694], [-71.3012, 46.7695], [-71.3012, 46.7696], [-71.3012, 46.7698], [-71.3013, 46.77], [-71.3013, 46.7701], [-71.3014, 46.7704], [-71.3015, 46.7705], [-71.3014, 46.7707], [-71.3013, 46.7708], [-71.3012, 46.7708], [-71.301, 46.7707], [-71.3008, 46.7706], [-71.3005, 46.7705], [-71.3003, 46.7703], [-71.3, 46.7702], [-71.2998, 46.7701], [-71.2997, 46.77], [-71.2995, 46.7699], [-71.2994, 46.7698], [-71.2993, 46.7697], [-71.2992, 46.7696], [-71.2991, 46.7695], [-71.2991, 46.7694], [-71.2992, 46.7693], [-71.2993, 46.7692], [-71.2995, 46.7691], [-71.2997, 46.769], [-71.3, 46.7689], [-71.3004, 46.7687], [-71.3007, 46.7686], [-71.3009, 46.7685], [-71.3011, 46.7684], [-71.3012, 46.7683], [-71.3013, 46.7682], [-71.3013, 46.7681], [-71.3012, 46.768], [-71.3011, 46.768], [-71.301, 46.7679], [-71.3009, 46.7679], [-71.3008, 46.7679], [-71.3007, 46.768], [-71.3006, 46.768], [-71.3005, 46.768], [-71.3004, 46.768], [-71.3003, 46.768], [-71.3003, 46.7679], [-71.3002, 46.7678], [-71.3001, 46.7677], [-71.3, 46.7676], [-71.2998, 46.7675], [-71.2996, 46.7675], [-71.2992, 46.7674], [-71.2989, 46.7674], [-71.2984, 46.7674], [-71.2979, 46.7674], [-71.2973, 46.7674], [-71.2967, 46.7674], [-71.2963, 46.7674], [-71.2959, 46.7674], [-71.2955, 46.7675], [-71.2952, 46.7675], [-71.295, 46.7675], [-71.2949, 46.7676], [-71.2948, 46.7676], [-71.2947, 46.7677], [-71.2946, 46.7678], [-71.2946, 46.7679], [-71.2947, 46.768], [-71.2947, 46.7681], [-71.2948, 46.7681], [-71.2949, 46.7682], [-71.295, 46.7683], [-71.2951, 46.7684], [-71.2951, 46.7685], [-71.2951, 46.7686], [-71.2951, 46.7687], [-71.295, 46.7687], [-71.295, 46.7688], [-71.2949, 46.7689], [-71.2948, 46.769], [-71.2947, 46.769], [-71.2945, 46.7691], [-71.2944, 46.7692], [-71.2943, 46.7692], [-71.2942, 46.7693], [-71.294, 46.7694], [-71.2939, 46.7694], [-71.2937, 46.7695], [-71.2936, 46.7695], [-71.2935, 46.7695], [-71.2934, 46.7695], [-71.2933, 46.7695], [-71.2932, 46.7695], [-71.2931, 46.7694], [-71.293, 46.7693], [-71.2929, 46.7693], [-71.2928, 46.7692], [-71.2927, 46.7692], [-71.2926, 46.7692], [-71.2925, 46.7692], [-71.2924, 46.7693], [-71.2923, 46.7693], [-71.2922, 46.7694], [-71.2921, 46.7694], [-71.2921, 46.7695], [-71.292, 46.7695], [-71.2921, 46.7696], [-71.2921, 46.7697], [-71.2922, 46.7698], [-71.2923, 46.7699], [-71.2924, 46.77], [-71.2924, 46.7702], [-71.2924, 46.7703], [-71.2924, 46.7704], [-71.2924, 46.7705], [-71.2923, 46.7706], [-71.2923, 46.7708], [-71.2921, 46.7709], [-71.2921, 46.771], [-71.292, 46.7711], [-71.292, 46.7712], [-71.292, 46.7713], [-71.292, 46.7714], [-71.2921, 46.7715], [-71.2922, 46.7715], [-71.2923, 46.7716], [-71.2924, 46.7717], [-71.2924, 46.7718], [-71.2924, 46.7719], [-71.2923, 46.772], [-71.2922, 46.7721], [-71.2921, 46.7722], [-71.292, 46.7723], [-71.292, 46.7724], [-71.2919, 46.7725], [-71.2919, 46.7726], [-71.2919, 46.7727], [-71.292, 46.7728], [-71.2921, 46.7729], [-71.2922, 46.7731], [-71.2923, 46.7732], [-71.2923, 46.7733], [-71.2924, 46.7733], [-71.2924, 46.7734], [-71.2923, 46.7735], [-71.2922, 46.7735], [-71.2922, 46.7736], [-71.2921, 46.7736], [-71.292, 46.7736], [-71.292, 46.7737], [-71.2919, 46.7737], [-71.2919, 46.7738], [-71.2918, 46.7739], [-71.2918, 46.774], [-71.2918, 46.7741], [-71.2919, 46.7742], [-71.2919, 46.7743], [-71.292, 46.7744], [-71.2922, 46.7745], [-71.2924, 46.7746], [-71.2926, 46.7748], [-71.2929, 46.7749], [-71.2932, 46.7751], [-71.2934, 46.7752], [-71.2937, 46.7753], [-71.2939, 46.7754], [-71.2941, 46.7754], [-71.2943, 46.7755], [-71.2944, 46.7755], [-71.2945, 46.7754], [-71.2946, 46.7754], [-71.2947, 46.7753], [-71.2948, 46.7753], [-71.2949, 46.7753], [-71.295, 46.7753], [-71.2952, 46.7753], [-71.2953, 46.7753], [-71.2954, 46.7753], [-71.2956, 46.7754], [-71.2957, 46.7754], [-71.2959, 46.7755], [-71.296, 46.7755], [-71.296, 46.7754], [-71.2961, 46.7754], [-71.2962, 46.7753], [-71.2962, 46.7752], [-71.2962, 46.7751], [-71.2963, 46.7751], [-71.2963, 46.775], [-71.2964, 46.775], [-71.2964, 46.7751], [-71.2965, 46.7751], [-71.2966, 46.7752], [-71.2966, 46.7754], [-71.2967, 46.7755], [-71.2968, 46.7757], [-71.2969, 46.7758], [-71.2971, 46.7759], [-71.2972, 46.7759], [-71.2973, 46.776], [-71.2974, 46.776], [-71.2975, 46.7759], [-71.2977, 46.7759], [-71.2978, 46.7759], [-71.298, 46.7758], [-71.2981, 46.7758], [-71.2982, 46.7758], [-71.2984, 46.7758], [-71.2985, 46.7759], [-71.2986, 46.7759], [-71.2988, 46.7759], [-71.2989, 46.776], [-71.299, 46.776], [-71.2992, 46.776], [-71.2993, 46.776], [-71.2994, 46.7759], [-71.2995, 46.7759], [-71.2997, 46.7758], [-71.2998, 46.7758], [-71.2999, 46.7757], [-71.3, 46.7757], [-71.3001, 46.7756], [-71.3002, 46.7756], [-71.3003, 46.7757], [-71.3004, 46.7758], [-71.3005, 46.7759], [-71.3006, 46.776], [-71.3008, 46.776], [-71.3009, 46.776], [-71.301, 46.776], [-71.3012, 46.7759], [-71.3014, 46.7759], [-71.3016, 46.7759], [-71.3018, 46.7758], [-71.3019, 46.7758], [-71.3021, 46.7758], [-71.3022, 46.7758], [-71.3024, 46.7759], [-71.3025, 46.7759], [-71.3027, 46.7759], [-71.3028, 46.776], [-71.3029, 46.776], [-71.303, 46.776], [-71.3031, 46.776], [-71.3032, 46.7759], [-71.3032, 46.7758], [-71.3032, 46.7757], [-71.3032, 46.7756], [-71.3031, 46.7755], [-71.303, 46.7754], [-71.3029, 46.7753], [-71.3027, 46.7752], [-71.3025, 46.775], [-71.3024, 46.7749], [-71.3025, 46.7749], [-71.3026, 46.775], [-71.3028, 46.7751], [-71.3031, 46.7752], [-71.3034, 46.7754], [-71.3037, 46.7756], [-71.304, 46.7756], [-71.3042, 46.7756], [-71.3044, 46.7756], [-71.3045, 46.7755], [-71.3046, 46.7754], [-71.3047, 46.7751], [-71.3048, 46.7749], [-71.3048, 46.7746], [-71.3048, 46.7744], [-71.3048, 46.7742], [-71.3048, 46.774], [-71.3047, 46.7738], [-71.3047, 46.7736], [-71.3046, 46.7734], [-71.3045, 46.7733], [-71.3044, 46.7732], [-71.3043, 46.7731], [-71.3042, 46.7729], [-71.3041, 46.7729], [-71.304, 46.7728], [-71.3039, 46.7727], [-71.3038, 46.7727], [-71.3036, 46.7726], [-71.3035, 46.7726], [-71.3035, 46.7725], [-71.3035, 46.7724], [-71.3035, 46.7723], [-71.3036, 46.7721], [-71.3037, 46.772], [-71.3039, 46.7718], [-71.3041, 46.7716], [-71.3043, 46.7714]]]}}, {"type": "Feature", "properties": {"couche": "aire_marche", "station": "Roland-Beaudin", "ordre": 7, "minutes": 10, "superficie_ha": 88.4, "rue_km": 26.17, "disque_ha": 153.9, "part_disque_pct": 57, "accroche_m": 1, "population": 2890, "navetteurs": 1179, "mode_auto_pct": 65, "mode_tc_pct": 21, "mode_actif_pct": 13, "mode_autre_pct": 1}, "geometry": {"type": "Polygon", "coordinates": [[[-71.3047, 46.7713], [-71.3044, 46.7715], [-71.3041, 46.7718], [-71.3038, 46.772], [-71.3037, 46.7722], [-71.3036, 46.7723], [-71.3035, 46.7725], [-71.3036, 46.7726], [-71.3038, 46.7727], [-71.3039, 46.7727], [-71.304, 46.7728], [-71.3042, 46.7729], [-71.3043, 46.773], [-71.3044, 46.7731], [-71.3045, 46.7732], [-71.3046, 46.7734], [-71.3047, 46.7736], [-71.3048, 46.7737], [-71.3049, 46.7739], [-71.305, 46.774], [-71.305, 46.7742], [-71.3051, 46.7743], [-71.3052, 46.7745], [-71.3052, 46.7746], [-71.3053, 46.7747], [-71.3053, 46.7748], [-71.3053, 46.775], [-71.3053, 46.7751], [-71.3053, 46.7752], [-71.3052, 46.7752], [-71.3051, 46.7753], [-71.305, 46.7753], [-71.3049, 46.7753], [-71.3049, 46.7754], [-71.3048, 46.7754], [-71.3049, 46.7755], [-71.305, 46.7756], [-71.3051, 46.7757], [-71.3052, 46.7757], [-71.3053, 46.7758], [-71.3054, 46.7759], [-71.3054, 46.776], [-71.3054, 46.7761], [-71.3054, 46.7762], [-71.3053, 46.7762], [-71.3053, 46.7763], [-71.3052, 46.7764], [-71.305, 46.7764], [-71.3048, 46.7764], [-71.3046, 46.7764], [-71.3044, 46.7764], [-71.3041, 46.7764], [-71.3038, 46.7763], [-71.3035, 46.7763], [-71.3032, 46.7763], [-71.303, 46.7763], [-71.3027, 46.7763], [-71.3025, 46.7763], [-71.3023, 46.7763], [-71.3021, 46.7764], [-71.302, 46.7764], [-71.3018, 46.7764], [-71.3017, 46.7765], [-71.3016, 46.7765], [-71.3015, 46.7765], [-71.3014, 46.7764], [-71.3013, 46.7764], [-71.3012, 46.7764], [-71.3012, 46.7763], [-71.3011, 46.7762], [-71.301, 46.7762], [-71.3009, 46.7762], [-71.3008, 46.7762], [-71.3007, 46.7762], [-71.3005, 46.7763], [-71.3004, 46.7763], [-71.3002, 46.7764], [-71.3, 46.7764], [-71.2999, 46.7764], [-71.2997, 46.7765], [-71.2996, 46.7765], [-71.2994, 46.7764], [-71.2993, 46.7764], [-71.2991, 46.7763], [-71.299, 46.7763], [-71.2989, 46.7762], [-71.2988, 46.7762], [-71.2987, 46.7762], [-71.2986, 46.7762], [-71.2985, 46.7762], [-71.2985, 46.7763], [-71.2984, 46.7764], [-71.2983, 46.7764], [-71.2982, 46.7765], [-71.2981, 46.7765], [-71.298, 46.7764], [-71.2979, 46.7764], [-71.2978, 46.7764], [-71.2977, 46.7763], [-71.2976, 46.7763], [-71.2975, 46.7763], [-71.2974, 46.7763], [-71.2972, 46.7763], [-71.2971, 46.7763], [-71.297, 46.7764], [-71.2969, 46.7764], [-71.2967, 46.7764], [-71.2966, 46.7764], [-71.2965, 46.7764], [-71.2964, 46.7764], [-71.2963, 46.7763], [-71.2962, 46.7762], [-71.296, 46.7761], [-71.2959, 46.776], [-71.2958, 46.7759], [-71.2957, 46.7758], [-71.2956, 46.7758], [-71.2955, 46.7758], [-71.2954, 46.7758], [-71.2954, 46.7759], [-71.2953, 46.7759], [-71.2952, 46.776], [-71.2951, 46.776], [-71.2949, 46.776], [-71.2948, 46.7761], [-71.2946, 46.7761], [-71.2944, 46.7761], [-71.2942, 46.7761], [-71.294, 46.776], [-71.2938, 46.776], [-71.2936, 46.776], [-71.2935, 46.7759], [-71.2934, 46.7758], [-71.2934, 46.7757], [-71.2933, 46.7756], [-71.2933, 46.7755], [-71.2933, 46.7754], [-71.2933, 46.7753], [-71.2933, 46.7752], [-71.2932, 46.7751], [-71.2931, 46.7751], [-71.293, 46.7752], [-71.2929, 46.7752], [-71.2928, 46.7752], [-71.2927, 46.7752], [-71.2925, 46.7751], [-71.2924, 46.7751], [-71.2922, 46.775], [-71.292, 46.7749], [-71.2918, 46.7748], [-71.2917, 46.7748], [-71.2915, 46.7747], [-71.2915, 46.7746], [-71.2914, 46.7745], [-71.2914, 46.7744], [-71.2915, 46.7743], [-71.2916, 46.7742], [-71.2917, 46.7741], [-71.2917, 46.774], [-71.2917, 46.7739], [-71.2916, 46.7738], [-71.2916, 46.7737], [-71.2915, 46.7736], [-71.2914, 46.7735], [-71.2913, 46.7733], [-71.2912, 46.7731], [-71.2912, 46.7728], [-71.2911, 46.7725], [-71.2911, 46.7721], [-71.2911, 46.7717], [-71.2911, 46.7713], [-71.2911, 46.7708], [-71.2911, 46.7703], [-71.2912, 46.7699], [-71.2912, 46.7696], [-71.2913, 46.7693], [-71.2913, 46.7691], [-71.2914, 46.7689], [-71.2915, 46.7688], [-71.2916, 46.7688], [-71.2917, 46.7687], [-71.2918, 46.7687], [-71.292, 46.7687], [-71.2921, 46.7688], [-71.2922, 46.7688], [-71.2924, 46.7689], [-71.2926, 46.7689], [-71.2927, 46.769], [-71.2929, 46.769], [-71.293, 46.769], [-71.2931, 46.769], [-71.2932, 46.769], [-71.2933, 46.769], [-71.2934, 46.7689], [-71.2934, 46.7688], [-71.2935, 46.7688], [-71.2936, 46.7688], [-71.2937, 46.7688], [-71.2938, 46.7688], [-71.2939, 46.7688], [-71.294, 46.7688], [-71.2941, 46.7689], [-71.2942, 46.7689], [-71.2943, 46.769], [-71.2944, 46.769], [-71.2945, 46.769], [-71.2946, 46.769], [-71.2947, 46.769], [-71.2948, 46.7689], [-71.2949, 46.7689], [-71.295, 46.7688], [-71.295, 46.7687], [-71.2951, 46.7687], [-71.2951, 46.7686], [-71.2951, 46.7685], [-71.295, 46.7684], [-71.2949, 46.7683], [-71.2948, 46.7682], [-71.2947, 46.7682], [-71.2946, 46.7681], [-71.2946, 46.768], [-71.2945, 46.7679], [-71.2945, 46.7678], [-71.2945, 46.7677], [-71.2945, 46.7675], [-71.2946, 46.7674], [-71.2946, 46.7673], [-71.2947, 46.7672], [-71.2948, 46.7672], [-71.295, 46.7671], [-71.2952, 46.7671], [-71.2954, 46.7672], [-71.2957, 46.7672], [-71.2959, 46.7673], [-71.2962, 46.7673], [-71.2964, 46.7674], [-71.2965, 46.7674], [-71.2967, 46.7674], [-71.2968, 46.7674], [-71.2968, 46.7673], [-71.2968, 46.7672], [-71.2968, 46.7671], [-71.2969, 46.7671], [-71.2969, 46.767], [-71.297, 46.7669], [-71.2971, 46.7669], [-71.2972, 46.7668], [-71.2973, 46.7668], [-71.2974, 46.7668], [-71.2975, 46.7668], [-71.2976, 46.7668], [-71.2977, 46.7668], [-71.2978, 46.7669], [-71.2979, 46.7669], [-71.2979, 46.767], [-71.298, 46.767], [-71.2981, 46.767], [-71.2982, 46.7671], [-71.2983, 46.7671], [-71.2984, 46.7671], [-71.2985, 46.7671], [-71.2986, 46.767], [-71.2988, 46.767], [-71.2989, 46.767], [-71.299, 46.767], [-71.2992, 46.767], [-71.2994, 46.767], [-71.2995, 46.767], [-71.2997, 46.767], [-71.2999, 46.7671], [-71.3001, 46.7672], [-71.3003, 46.7673], [-71.3005, 46.7674], [-71.3008, 46.7677], [-71.301, 46.7679], [-71.3012, 46.7683], [-71.3015, 46.7686], [-71.3017, 46.7691], [-71.302, 46.7695], [-71.3022, 46.7699], [-71.3025, 46.7703], [-71.3027, 46.7705], [-71.303, 46.7706], [-71.3032, 46.7707], [-71.3034, 46.7707], [-71.3037, 46.7706], [-71.3039, 46.7705], [-71.3042, 46.7703], [-71.3044, 46.7702], [-71.3046, 46.7701], [-71.3048, 46.7701], [-71.305, 46.7701], [-71.3051, 46.7701], [-71.3053, 46.7701], [-71.3054, 46.7701], [-71.3055, 46.7702], [-71.3055, 46.7703], [-71.3055, 46.7705], [-71.3054, 46.7706], [-71.3052, 46.7708], [-71.305, 46.771], [-71.3047, 46.7713]]]}}, {"type": "Feature", "properties": {"couche": "voile", "station": "Roland-Beaudin", "minutes": 10}, "geometry": {"type": "Polygon", "coordinates": [[[-71.4646, 46.8832], [-71.1353, 46.8855], [-71.1327, 46.6599], [-71.4606, 46.6576], [-71.4646, 46.8832]], [[-71.305, 46.771], [-71.3052, 46.7708], [-71.3054, 46.7706], [-71.3055, 46.7705], [-71.3055, 46.7703], [-71.3055, 46.7702], [-71.3054, 46.7701], [-71.3053, 46.7701], [-71.3051, 46.7701], [-71.305, 46.7701], [-71.3048, 46.7701], [-71.3046, 46.7701], [-71.3044, 46.7702], [-71.3042, 46.7703], [-71.3039, 46.7705], [-71.3037, 46.7706], [-71.3034, 46.7707], [-71.3032, 46.7707], [-71.303, 46.7706], [-71.3027, 46.7705], [-71.3025, 46.7703], [-71.3022, 46.7699], [-71.302, 46.7695], [-71.3017, 46.7691], [-71.3015, 46.7686], [-71.3012, 46.7683], [-71.301, 46.7679], [-71.3008, 46.7677], [-71.3005, 46.7674], [-71.3003, 46.7673], [-71.3001, 46.7672], [-71.2999, 46.7671], [-71.2997, 46.767], [-71.2995, 46.767], [-71.2994, 46.767], [-71.2992, 46.767], [-71.299, 46.767], [-71.2989, 46.767], [-71.2988, 46.767], [-71.2986, 46.767], [-71.2985, 46.7671], [-71.2984, 46.7671], [-71.2983, 46.7671], [-71.2982, 46.7671], [-71.2981, 46.767], [-71.298, 46.767], [-71.2979, 46.767], [-71.2979, 46.7669], [-71.2978, 46.7669], [-71.2977, 46.7668], [-71.2976, 46.7668], [-71.2975, 46.7668], [-71.2974, 46.7668], [-71.2973, 46.7668], [-71.2972, 46.7668], [-71.2971, 46.7669], [-71.297, 46.7669], [-71.2969, 46.767], [-71.2969, 46.7671], [-71.2968, 46.7671], [-71.2968, 46.7672], [-71.2968, 46.7673], [-71.2968, 46.7674], [-71.2967, 46.7674], [-71.2965, 46.7674], [-71.2964, 46.7674], [-71.2962, 46.7673], [-71.2959, 46.7673], [-71.2957, 46.7672], [-71.2954, 46.7672], [-71.2952, 46.7671], [-71.295, 46.7671], [-71.2948, 46.7672], [-71.2947, 46.7672], [-71.2946, 46.7673], [-71.2946, 46.7674], [-71.2945, 46.7675], [-71.2945, 46.7677], [-71.2945, 46.7678], [-71.2945, 46.7679], [-71.2946, 46.768], [-71.2946, 46.7681], [-71.2947, 46.7682], [-71.2948, 46.7682], [-71.2949, 46.7683], [-71.295, 46.7684], [-71.2951, 46.7685], [-71.2951, 46.7686], [-71.2951, 46.7687], [-71.295, 46.7687], [-71.295, 46.7688], [-71.2949, 46.7689], [-71.2948, 46.7689], [-71.2947, 46.769], [-71.2946, 46.769], [-71.2945, 46.769], [-71.2944, 46.769], [-71.2943, 46.769], [-71.2942, 46.7689], [-71.2941, 46.7689], [-71.294, 46.7688], [-71.2939, 46.7688], [-71.2938, 46.7688], [-71.2937, 46.7688], [-71.2936, 46.7688], [-71.2935, 46.7688], [-71.2934, 46.7688], [-71.2934, 46.7689], [-71.2933, 46.769], [-71.2932, 46.769], [-71.2931, 46.769], [-71.293, 46.769], [-71.2929, 46.769], [-71.2927, 46.769], [-71.2926, 46.7689], [-71.2924, 46.7689], [-71.2922, 46.7688], [-71.2921, 46.7688], [-71.292, 46.7687], [-71.2918, 46.7687], [-71.2917, 46.7687], [-71.2916, 46.7688], [-71.2915, 46.7688], [-71.2914, 46.7689], [-71.2913, 46.7691], [-71.2913, 46.7693], [-71.2912, 46.7696], [-71.2912, 46.7699], [-71.2911, 46.7703], [-71.2911, 46.7708], [-71.2911, 46.7713], [-71.2911, 46.7717], [-71.2911, 46.7721], [-71.2911, 46.7725], [-71.2912, 46.7728], [-71.2912, 46.7731], [-71.2913, 46.7733], [-71.2914, 46.7735], [-71.2915, 46.7736], [-71.2916, 46.7737], [-71.2916, 46.7738], [-71.2917, 46.7739], [-71.2917, 46.774], [-71.2917, 46.7741], [-71.2916, 46.7742], [-71.2915, 46.7743], [-71.2914, 46.7744], [-71.2914, 46.7745], [-71.2915, 46.7746], [-71.2915, 46.7747], [-71.2917, 46.7748], [-71.2918, 46.7748], [-71.292, 46.7749], [-71.2922, 46.775], [-71.2924, 46.7751], [-71.2925, 46.7751], [-71.2927, 46.7752], [-71.2928, 46.7752], [-71.2929, 46.7752], [-71.293, 46.7752], [-71.2931, 46.7751], [-71.2932, 46.7751], [-71.2933, 46.7752], [-71.2933, 46.7753], [-71.2933, 46.7754], [-71.2933, 46.7755], [-71.2933, 46.7756], [-71.2934, 46.7757], [-71.2934, 46.7758], [-71.2935, 46.7759], [-71.2936, 46.776], [-71.2938, 46.776], [-71.294, 46.776], [-71.2942, 46.7761], [-71.2944, 46.7761], [-71.2946, 46.7761], [-71.2948, 46.7761], [-71.2949, 46.776], [-71.2951, 46.776], [-71.2952, 46.776], [-71.2953, 46.7759], [-71.2954, 46.7759], [-71.2954, 46.7758], [-71.2955, 46.7758], [-71.2956, 46.7758], [-71.2957, 46.7758], [-71.2958, 46.7759], [-71.2959, 46.776], [-71.296, 46.7761], [-71.2962, 46.7762], [-71.2963, 46.7763], [-71.2964, 46.7764], [-71.2965, 46.7764], [-71.2966, 46.7764], [-71.2967, 46.7764], [-71.2969, 46.7764], [-71.297, 46.7764], [-71.2971, 46.7763], [-71.2972, 46.7763], [-71.2974, 46.7763], [-71.2975, 46.7763], [-71.2976, 46.7763], [-71.2977, 46.7763], [-71.2978, 46.7764], [-71.2979, 46.7764], [-71.298, 46.7764], [-71.2981, 46.7765], [-71.2982, 46.7765], [-71.2983, 46.7764], [-71.2984, 46.7764], [-71.2985, 46.7763], [-71.2985, 46.7762], [-71.2986, 46.7762], [-71.2987, 46.7762], [-71.2988, 46.7762], [-71.2989, 46.7762], [-71.299, 46.7763], [-71.2991, 46.7763], [-71.2993, 46.7764], [-71.2994, 46.7764], [-71.2996, 46.7765], [-71.2997, 46.7765], [-71.2999, 46.7764], [-71.3, 46.7764], [-71.3002, 46.7764], [-71.3004, 46.7763], [-71.3005, 46.7763], [-71.3007, 46.7762], [-71.3008, 46.7762], [-71.3009, 46.7762], [-71.301, 46.7762], [-71.3011, 46.7762], [-71.3012, 46.7763], [-71.3012, 46.7764], [-71.3013, 46.7764], [-71.3014, 46.7764], [-71.3015, 46.7765], [-71.3016, 46.7765], [-71.3017, 46.7765], [-71.3018, 46.7764], [-71.302, 46.7764], [-71.3021, 46.7764], [-71.3023, 46.7763], [-71.3025, 46.7763], [-71.3027, 46.7763], [-71.303, 46.7763], [-71.3032, 46.7763], [-71.3035, 46.7763], [-71.3038, 46.7763], [-71.3041, 46.7764], [-71.3044, 46.7764], [-71.3046, 46.7764], [-71.3048, 46.7764], [-71.305, 46.7764], [-71.3052, 46.7764], [-71.3053, 46.7763], [-71.3053, 46.7762], [-71.3054, 46.7762], [-71.3054, 46.7761], [-71.3054, 46.776], [-71.3054, 46.7759], [-71.3053, 46.7758], [-71.3052, 46.7757], [-71.3051, 46.7757], [-71.305, 46.7756], [-71.3049, 46.7755], [-71.3048, 46.7754], [-71.3049, 46.7754], [-71.3049, 46.7753], [-71.305, 46.7753], [-71.3051, 46.7753], [-71.3052, 46.7752], [-71.3053, 46.7752], [-71.3053, 46.7751], [-71.3053, 46.775], [-71.3053, 46.7748], [-71.3053, 46.7747], [-71.3052, 46.7746], [-71.3052, 46.7745], [-71.3051, 46.7743], [-71.305, 46.7742], [-71.305, 46.774], [-71.3049, 46.7739], [-71.3048, 46.7737], [-71.3047, 46.7736], [-71.3046, 46.7734], [-71.3045, 46.7732], [-71.3044, 46.7731], [-71.3043, 46.773], [-71.3042, 46.7729], [-71.304, 46.7728], [-71.3039, 46.7727], [-71.3038, 46.7727], [-71.3036, 46.7726], [-71.3035, 46.7725], [-71.3036, 46.7723], [-71.3037, 46.7722], [-71.3038, 46.772], [-71.3041, 46.7718], [-71.3044, 46.7715], [-71.3047, 46.7713], [-71.305, 46.771]]]}}, {"type": "Feature", "properties": {"couche": "aire_marche", "station": "Roland-Beaudin", "ordre": 7, "minutes": 11, "superficie_ha": 103.0, "rue_km": 30.86, "disque_ha": 186.3, "part_disque_pct": 55, "accroche_m": 1, "population": 3378, "navetteurs": 1362, "mode_auto_pct": 66, "mode_tc_pct": 20, "mode_actif_pct": 13, "mode_autre_pct": 1}, "geometry": {"type": "Polygon", "coordinates": [[[-71.3063, 46.7703], [-71.3062, 46.7705], [-71.3062, 46.7706], [-71.306, 46.7708], [-71.3058, 46.771], [-71.3056, 46.7712], [-71.3053, 46.7714], [-71.3049, 46.7716], [-71.3045, 46.7718], [-71.3042, 46.772], [-71.3039, 46.7721], [-71.3038, 46.7723], [-71.3036, 46.7724], [-71.3036, 46.7725], [-71.3036, 46.7726], [-71.3037, 46.7727], [-71.3038, 46.7727], [-71.3039, 46.7728], [-71.3041, 46.7729], [-71.3043, 46.7731], [-71.3044, 46.7733], [-71.3046, 46.7735], [-71.3048, 46.7738], [-71.305, 46.7741], [-71.3052, 46.7744], [-71.3053, 46.7747], [-71.3055, 46.775], [-71.3056, 46.7753], [-71.3057, 46.7756], [-71.3057, 46.7758], [-71.3058, 46.776], [-71.3058, 46.7762], [-71.3058, 46.7764], [-71.3058, 46.7765], [-71.3058, 46.7766], [-71.3057, 46.7767], [-71.3056, 46.7768], [-71.3054, 46.7768], [-71.3053, 46.7767], [-71.3052, 46.7767], [-71.305, 46.7766], [-71.3049, 46.7766], [-71.3048, 46.7766], [-71.3047, 46.7766], [-71.3046, 46.7766], [-71.3045, 46.7766], [-71.3045, 46.7767], [-71.3044, 46.7768], [-71.3043, 46.7768], [-71.3041, 46.7769], [-71.3039, 46.7769], [-71.3036, 46.777], [-71.3033, 46.777], [-71.3029, 46.777], [-71.3025, 46.777], [-71.302, 46.777], [-71.3015, 46.777], [-71.3011, 46.777], [-71.3007, 46.777], [-71.3004, 46.7769], [-71.3001, 46.7768], [-71.2998, 46.7768], [-71.2996, 46.7767], [-71.2994, 46.7766], [-71.2993, 46.7765], [-71.2992, 46.7764], [-71.2991, 46.7764], [-71.2991, 46.7765], [-71.2992, 46.7765], [-71.2992, 46.7766], [-71.2992, 46.7767], [-71.2991, 46.7768], [-71.299, 46.7769], [-71.2989, 46.7769], [-71.2988, 46.7769], [-71.2987, 46.7769], [-71.2985, 46.7768], [-71.2984, 46.7768], [-71.2982, 46.7767], [-71.298, 46.7766], [-71.2979, 46.7765], [-71.2977, 46.7764], [-71.2975, 46.7764], [-71.2974, 46.7764], [-71.2972, 46.7764], [-71.2971, 46.7765], [-71.2969, 46.7766], [-71.2968, 46.7767], [-71.2967, 46.7767], [-71.2965, 46.7768], [-71.2964, 46.7768], [-71.2962, 46.7768], [-71.2961, 46.7768], [-71.2959, 46.7768], [-71.2958, 46.7768], [-71.2956, 46.7767], [-71.2955, 46.7766], [-71.2953, 46.7766], [-71.2951, 46.7765], [-71.2949, 46.7765], [-71.2947, 46.7765], [-71.2944, 46.7765], [-71.2942, 46.7765], [-71.2939, 46.7765], [-71.2937, 46.7765], [-71.2935, 46.7765], [-71.2933, 46.7764], [-71.2931, 46.7764], [-71.293, 46.7763], [-71.2929, 46.7762], [-71.2928, 46.7761], [-71.2927, 46.776], [-71.2926, 46.7758], [-71.2925, 46.7757], [-71.2923, 46.7756], [-71.2922, 46.7754], [-71.292, 46.7753], [-71.2918, 46.7751], [-71.2916, 46.775], [-71.2913, 46.7748], [-71.2911, 46.7747], [-71.2909, 46.7745], [-71.2907, 46.7743], [-71.2906, 46.7742], [-71.2905, 46.774], [-71.2904, 46.7738], [-71.2904, 46.7736], [-71.2904, 46.7734], [-71.2904, 46.7732], [-71.2904, 46.7731], [-71.2905, 46.7729], [-71.2905, 46.7728], [-71.2906, 46.7727], [-71.2906, 46.7726], [-71.2907, 46.7726], [-71.2908, 46.7726], [-71.2909, 46.7725], [-71.2909, 46.7724], [-71.2909, 46.7723], [-71.2908, 46.7722], [-71.2908, 46.7721], [-71.2907, 46.772], [-71.2906, 46.7719], [-71.2906, 46.7718], [-71.2906, 46.7717], [-71.2907, 46.7716], [-71.2907, 46.7715], [-71.2909, 46.7714], [-71.291, 46.7713], [-71.2911, 46.7712], [-71.2912, 46.7712], [-71.2912, 46.7711], [-71.2912, 46.771], [-71.2911, 46.7709], [-71.291, 46.7709], [-71.2909, 46.7708], [-71.2908, 46.7707], [-71.2907, 46.7707], [-71.2907, 46.7706], [-71.2906, 46.7705], [-71.2907, 46.7704], [-71.2907, 46.7702], [-71.2908, 46.7701], [-71.2909, 46.7699], [-71.291, 46.7698], [-71.2911, 46.7696], [-71.2911, 46.7695], [-71.2911, 46.7694], [-71.291, 46.7693], [-71.2909, 46.7693], [-71.2908, 46.7692], [-71.2907, 46.7692], [-71.2906, 46.7691], [-71.2906, 46.769], [-71.2906, 46.7689], [-71.2905, 46.7688], [-71.2906, 46.7687], [-71.2907, 46.7686], [-71.2907, 46.7685], [-71.2908, 46.7685], [-71.291, 46.7684], [-71.2911, 46.7684], [-71.2913, 46.7683], [-71.2914, 46.7683], [-71.2916, 46.7683], [-71.2917, 46.7683], [-71.2918, 46.7683], [-71.2919, 46.7683], [-71.292, 46.7684], [-71.2921, 46.7684], [-71.2922, 46.7685], [-71.2923, 46.7686], [-71.2924, 46.7686], [-71.2925, 46.7686], [-71.2926, 46.7686], [-71.2927, 46.7685], [-71.2928, 46.7684], [-71.2929, 46.7684], [-71.293, 46.7684], [-71.2931, 46.7684], [-71.2933, 46.7684], [-71.2934, 46.7684], [-71.2936, 46.7685], [-71.2937, 46.7686], [-71.2939, 46.7687], [-71.2941, 46.7688], [-71.2942, 46.7689], [-71.2944, 46.7689], [-71.2945, 46.769], [-71.2947, 46.769], [-71.2948, 46.7689], [-71.2949, 46.7689], [-71.295, 46.7688], [-71.295, 46.7687], [-71.2951, 46.7686], [-71.295, 46.7685], [-71.295, 46.7684], [-71.2949, 46.7683], [-71.2948, 46.7681], [-71.2947, 46.768], [-71.2945, 46.7678], [-71.2943, 46.7676], [-71.2942, 46.7675], [-71.2941, 46.7674], [-71.2941, 46.7672], [-71.294, 46.7671], [-71.294, 46.767], [-71.2941, 46.767], [-71.2941, 46.7669], [-71.2942, 46.7668], [-71.2943, 46.7668], [-71.2944, 46.7667], [-71.2945, 46.7667], [-71.2946, 46.7667], [-71.2948, 46.7667], [-71.295, 46.7667], [-71.2952, 46.7668], [-71.2954, 46.7668], [-71.2956, 46.7668], [-71.2958, 46.7668], [-71.296, 46.7668], [-71.2962, 46.7667], [-71.2963, 46.7667], [-71.2965, 46.7666], [-71.2967, 46.7665], [-71.2968, 46.7665], [-71.297, 46.7665], [-71.2971, 46.7665], [-71.2973, 46.7665], [-71.2974, 46.7665], [-71.2975, 46.7666], [-71.2976, 46.7667], [-71.2978, 46.7668], [-71.2979, 46.7669], [-71.298, 46.7669], [-71.2981, 46.767], [-71.2982, 46.767], [-71.2983, 46.767], [-71.2984, 46.767], [-71.2985, 46.767], [-71.2986, 46.7669], [-71.2987, 46.7669], [-71.2988, 46.7668], [-71.2989, 46.7668], [-71.299, 46.7668], [-71.2992, 46.7668], [-71.2993, 46.7668], [-71.2995, 46.7668], [-71.2997, 46.7669], [-71.2999, 46.767], [-71.3001, 46.7671], [-71.3004, 46.7673], [-71.3006, 46.7676], [-71.3009, 46.768], [-71.3012, 46.7684], [-71.3014, 46.7688], [-71.3018, 46.7694], [-71.302, 46.7698], [-71.3023, 46.7701], [-71.3026, 46.7704], [-71.3028, 46.7705], [-71.303, 46.7706], [-71.3032, 46.7706], [-71.3034, 46.7704], [-71.3036, 46.7702], [-71.3038, 46.77], [-71.304, 46.7698], [-71.3042, 46.7697], [-71.3044, 46.7696], [-71.3046, 46.7695], [-71.3049, 46.7695], [-71.3051, 46.7695], [-71.3054, 46.7695], [-71.3056, 46.7695], [-71.3058, 46.7695], [-71.3059, 46.7696], [-71.3061, 46.7697], [-71.3062, 46.7698], [-71.3062, 46.77], [-71.3063, 46.7701], [-71.3063, 46.7703]]]}}, {"type": "Feature", "properties": {"couche": "voile", "station": "Roland-Beaudin", "minutes": 11}, "geometry": {"type": "Polygon", "coordinates": [[[-71.4655, 46.8837], [-71.1346, 46.886], [-71.1319, 46.6596], [-71.4614, 46.6573], [-71.4655, 46.8837]], [[-71.3063, 46.7701], [-71.3062, 46.77], [-71.3062, 46.7698], [-71.3061, 46.7697], [-71.3059, 46.7696], [-71.3058, 46.7695], [-71.3056, 46.7695], [-71.3054, 46.7695], [-71.3051, 46.7695], [-71.3049, 46.7695], [-71.3046, 46.7695], [-71.3044, 46.7696], [-71.3042, 46.7697], [-71.304, 46.7698], [-71.3038, 46.77], [-71.3036, 46.7702], [-71.3034, 46.7704], [-71.3032, 46.7706], [-71.303, 46.7706], [-71.3028, 46.7705], [-71.3026, 46.7704], [-71.3023, 46.7701], [-71.302, 46.7698], [-71.3018, 46.7694], [-71.3014, 46.7688], [-71.3012, 46.7684], [-71.3009, 46.768], [-71.3006, 46.7676], [-71.3004, 46.7673], [-71.3001, 46.7671], [-71.2999, 46.767], [-71.2997, 46.7669], [-71.2995, 46.7668], [-71.2993, 46.7668], [-71.2992, 46.7668], [-71.299, 46.7668], [-71.2989, 46.7668], [-71.2988, 46.7668], [-71.2987, 46.7669], [-71.2986, 46.7669], [-71.2985, 46.767], [-71.2984, 46.767], [-71.2983, 46.767], [-71.2982, 46.767], [-71.2981, 46.767], [-71.298, 46.7669], [-71.2979, 46.7669], [-71.2978, 46.7668], [-71.2976, 46.7667], [-71.2975, 46.7666], [-71.2974, 46.7665], [-71.2973, 46.7665], [-71.2971, 46.7665], [-71.297, 46.7665], [-71.2968, 46.7665], [-71.2967, 46.7665], [-71.2965, 46.7666], [-71.2963, 46.7667], [-71.2962, 46.7667], [-71.296, 46.7668], [-71.2958, 46.7668], [-71.2956, 46.7668], [-71.2954, 46.7668], [-71.2952, 46.7668], [-71.295, 46.7667], [-71.2948, 46.7667], [-71.2946, 46.7667], [-71.2945, 46.7667], [-71.2944, 46.7667], [-71.2943, 46.7668], [-71.2942, 46.7668], [-71.2941, 46.7669], [-71.2941, 46.767], [-71.294, 46.767], [-71.294, 46.7671], [-71.2941, 46.7672], [-71.2941, 46.7674], [-71.2942, 46.7675], [-71.2943, 46.7676], [-71.2945, 46.7678], [-71.2947, 46.768], [-71.2948, 46.7681], [-71.2949, 46.7683], [-71.295, 46.7684], [-71.295, 46.7685], [-71.2951, 46.7686], [-71.295, 46.7687], [-71.295, 46.7688], [-71.2949, 46.7689], [-71.2948, 46.7689], [-71.2947, 46.769], [-71.2945, 46.769], [-71.2944, 46.7689], [-71.2942, 46.7689], [-71.2941, 46.7688], [-71.2939, 46.7687], [-71.2937, 46.7686], [-71.2936, 46.7685], [-71.2934, 46.7684], [-71.2933, 46.7684], [-71.2931, 46.7684], [-71.293, 46.7684], [-71.2929, 46.7684], [-71.2928, 46.7684], [-71.2927, 46.7685], [-71.2926, 46.7686], [-71.2925, 46.7686], [-71.2924, 46.7686], [-71.2923, 46.7686], [-71.2922, 46.7685], [-71.2921, 46.7684], [-71.292, 46.7684], [-71.2919, 46.7683], [-71.2918, 46.7683], [-71.2917, 46.7683], [-71.2916, 46.7683], [-71.2914, 46.7683], [-71.2913, 46.7683], [-71.2911, 46.7684], [-71.291, 46.7684], [-71.2908, 46.7685], [-71.2907, 46.7685], [-71.2907, 46.7686], [-71.2906, 46.7687], [-71.2905, 46.7688], [-71.2906, 46.7689], [-71.2906, 46.769], [-71.2906, 46.7691], [-71.2907, 46.7692], [-71.2908, 46.7692], [-71.2909, 46.7693], [-71.291, 46.7693], [-71.2911, 46.7694], [-71.2911, 46.7695], [-71.2911, 46.7696], [-71.291, 46.7698], [-71.2909, 46.7699], [-71.2908, 46.7701], [-71.2907, 46.7702], [-71.2907, 46.7704], [-71.2906, 46.7705], [-71.2907, 46.7706], [-71.2907, 46.7707], [-71.2908, 46.7707], [-71.2909, 46.7708], [-71.291, 46.7709], [-71.2911, 46.7709], [-71.2912, 46.771], [-71.2912, 46.7711], [-71.2912, 46.7712], [-71.2911, 46.7712], [-71.291, 46.7713], [-71.2909, 46.7714], [-71.2907, 46.7715], [-71.2907, 46.7716], [-71.2906, 46.7717], [-71.2906, 46.7718], [-71.2906, 46.7719], [-71.2907, 46.772], [-71.2908, 46.7721], [-71.2908, 46.7722], [-71.2909, 46.7723], [-71.2909, 46.7724], [-71.2909, 46.7725], [-71.2908, 46.7726], [-71.2907, 46.7726], [-71.2906, 46.7726], [-71.2906, 46.7727], [-71.2905, 46.7728], [-71.2905, 46.7729], [-71.2904, 46.7731], [-71.2904, 46.7732], [-71.2904, 46.7734], [-71.2904, 46.7736], [-71.2904, 46.7738], [-71.2905, 46.774], [-71.2906, 46.7742], [-71.2907, 46.7743], [-71.2909, 46.7745], [-71.2911, 46.7747], [-71.2913, 46.7748], [-71.2916, 46.775], [-71.2918, 46.7751], [-71.292, 46.7753], [-71.2922, 46.7754], [-71.2923, 46.7756], [-71.2925, 46.7757], [-71.2926, 46.7758], [-71.2927, 46.776], [-71.2928, 46.7761], [-71.2929, 46.7762], [-71.293, 46.7763], [-71.2931, 46.7764], [-71.2933, 46.7764], [-71.2935, 46.7765], [-71.2937, 46.7765], [-71.2939, 46.7765], [-71.2942, 46.7765], [-71.2944, 46.7765], [-71.2947, 46.7765], [-71.2949, 46.7765], [-71.2951, 46.7765], [-71.2953, 46.7766], [-71.2955, 46.7766], [-71.2956, 46.7767], [-71.2958, 46.7768], [-71.2959, 46.7768], [-71.2961, 46.7768], [-71.2962, 46.7768], [-71.2964, 46.7768], [-71.2965, 46.7768], [-71.2967, 46.7767], [-71.2968, 46.7767], [-71.2969, 46.7766], [-71.2971, 46.7765], [-71.2972, 46.7764], [-71.2974, 46.7764], [-71.2975, 46.7764], [-71.2977, 46.7764], [-71.2979, 46.7765], [-71.298, 46.7766], [-71.2982, 46.7767], [-71.2984, 46.7768], [-71.2985, 46.7768], [-71.2987, 46.7769], [-71.2988, 46.7769], [-71.2989, 46.7769], [-71.299, 46.7769], [-71.2991, 46.7768], [-71.2992, 46.7767], [-71.2992, 46.7766], [-71.2992, 46.7765], [-71.2991, 46.7765], [-71.2991, 46.7764], [-71.2992, 46.7764], [-71.2993, 46.7765], [-71.2994, 46.7766], [-71.2996, 46.7767], [-71.2998, 46.7768], [-71.3001, 46.7768], [-71.3004, 46.7769], [-71.3007, 46.777], [-71.3011, 46.777], [-71.3015, 46.777], [-71.302, 46.777], [-71.3025, 46.777], [-71.3029, 46.777], [-71.3033, 46.777], [-71.3036, 46.777], [-71.3039, 46.7769], [-71.3041, 46.7769], [-71.3043, 46.7768], [-71.3044, 46.7768], [-71.3045, 46.7767], [-71.3045, 46.7766], [-71.3046, 46.7766], [-71.3047, 46.7766], [-71.3048, 46.7766], [-71.3049, 46.7766], [-71.305, 46.7766], [-71.3052, 46.7767], [-71.3053, 46.7767], [-71.3054, 46.7768], [-71.3056, 46.7768], [-71.3057, 46.7767], [-71.3058, 46.7766], [-71.3058, 46.7765], [-71.3058, 46.7764], [-71.3058, 46.7762], [-71.3058, 46.776], [-71.3057, 46.7758], [-71.3057, 46.7756], [-71.3056, 46.7753], [-71.3055, 46.775], [-71.3053, 46.7747], [-71.3052, 46.7744], [-71.305, 46.7741], [-71.3048, 46.7738], [-71.3046, 46.7735], [-71.3044, 46.7733], [-71.3043, 46.7731], [-71.3041, 46.7729], [-71.3039, 46.7728], [-71.3038, 46.7727], [-71.3037, 46.7727], [-71.3036, 46.7726], [-71.3036, 46.7725], [-71.3036, 46.7724], [-71.3038, 46.7723], [-71.3039, 46.7721], [-71.3042, 46.772], [-71.3045, 46.7718], [-71.3049, 46.7716], [-71.3053, 46.7714], [-71.3056, 46.7712], [-71.3058, 46.771], [-71.306, 46.7708], [-71.3062, 46.7706], [-71.3062, 46.7705], [-71.3063, 46.7703], [-71.3063, 46.7701]]]}}, {"type": "Feature", "properties": {"couche": "aire_marche", "station": "Roland-Beaudin", "ordre": 7, "minutes": 12, "superficie_ha": 117.0, "rue_km": 36.3, "disque_ha": 221.7, "part_disque_pct": 53, "accroche_m": 1, "population": 3829, "navetteurs": 1531, "mode_auto_pct": 66, "mode_tc_pct": 20, "mode_actif_pct": 13, "mode_autre_pct": 1}, "geometry": {"type": "Polygon", "coordinates": [[[-71.3058, 46.7692], [-71.3061, 46.7692], [-71.3064, 46.7693], [-71.3066, 46.7694], [-71.3068, 46.7695], [-71.3069, 46.7696], [-71.307, 46.7697], [-71.307, 46.7698], [-71.307, 46.7699], [-71.3069, 46.7701], [-71.3068, 46.7702], [-71.3068, 46.7703], [-71.3068, 46.7705], [-71.3067, 46.7706], [-71.3067, 46.7707], [-71.3067, 46.7708], [-71.3068, 46.7709], [-71.3068, 46.771], [-71.3069, 46.7711], [-71.3068, 46.7711], [-71.3068, 46.7712], [-71.3067, 46.7712], [-71.3066, 46.7712], [-71.3065, 46.7712], [-71.3063, 46.7712], [-71.3061, 46.7712], [-71.3059, 46.7712], [-71.3057, 46.7712], [-71.3054, 46.7712], [-71.3052, 46.7713], [-71.3049, 46.7714], [-71.3047, 46.7715], [-71.3044, 46.7717], [-71.3041, 46.7719], [-71.3039, 46.772], [-71.3037, 46.7722], [-71.3036, 46.7723], [-71.3035, 46.7724], [-71.3035, 46.7725], [-71.3035, 46.7726], [-71.3036, 46.7726], [-71.3038, 46.7727], [-71.3039, 46.7727], [-71.304, 46.7728], [-71.3042, 46.7729], [-71.3043, 46.773], [-71.3044, 46.7731], [-71.3045, 46.7732], [-71.3046, 46.7734], [-71.3047, 46.7736], [-71.3048, 46.7737], [-71.3049, 46.7739], [-71.305, 46.7742], [-71.3052, 46.7744], [-71.3053, 46.7747], [-71.3055, 46.775], [-71.3056, 46.7753], [-71.3058, 46.7756], [-71.306, 46.7759], [-71.3061, 46.7762], [-71.3062, 46.7764], [-71.3062, 46.7766], [-71.3062, 46.7768], [-71.3062, 46.777], [-71.3062, 46.7771], [-71.3061, 46.7772], [-71.306, 46.7772], [-71.3059, 46.7773], [-71.3058, 46.7773], [-71.3056, 46.7773], [-71.3055, 46.7773], [-71.3053, 46.7773], [-71.3051, 46.7773], [-71.3048, 46.7773], [-71.3046, 46.7772], [-71.3044, 46.7772], [-71.3042, 46.7772], [-71.3039, 46.7772], [-71.3037, 46.7772], [-71.3035, 46.7772], [-71.3033, 46.7773], [-71.3031, 46.7773], [-71.3029, 46.7773], [-71.3028, 46.7774], [-71.3026, 46.7774], [-71.3025, 46.7774], [-71.3024, 46.7773], [-71.3023, 46.7773], [-71.3022, 46.7773], [-71.3022, 46.7772], [-71.3021, 46.7772], [-71.302, 46.7771], [-71.3018, 46.7771], [-71.3016, 46.7771], [-71.3014, 46.7771], [-71.3011, 46.7772], [-71.3008, 46.7772], [-71.3005, 46.7773], [-71.3002, 46.7773], [-71.2998, 46.7773], [-71.2996, 46.7773], [-71.2993, 46.7772], [-71.299, 46.7772], [-71.2987, 46.7771], [-71.2985, 46.7769], [-71.2982, 46.7768], [-71.298, 46.7766], [-71.2978, 46.7766], [-71.2977, 46.7765], [-71.2975, 46.7765], [-71.2974, 46.7765], [-71.2973, 46.7766], [-71.2972, 46.7766], [-71.2971, 46.7768], [-71.297, 46.7769], [-71.2969, 46.777], [-71.2968, 46.7771], [-71.2966, 46.7771], [-71.2965, 46.7772], [-71.2963, 46.7772], [-71.2961, 46.7773], [-71.2959, 46.7773], [-71.2957, 46.7773], [-71.2955, 46.7773], [-71.2953, 46.7773], [-71.2952, 46.7773], [-71.2951, 46.7773], [-71.295, 46.7773], [-71.2949, 46.7772], [-71.2948, 46.7771], [-71.2948, 46.777], [-71.2948, 46.7769], [-71.2949, 46.7769], [-71.2949, 46.7768], [-71.295, 46.7768], [-71.295, 46.7767], [-71.2949, 46.7767], [-71.2948, 46.7767], [-71.2946, 46.7767], [-71.2945, 46.7767], [-71.2942, 46.7768], [-71.294, 46.7768], [-71.2938, 46.7768], [-71.2936, 46.7768], [-71.2933, 46.7767], [-71.2931, 46.7766], [-71.2928, 46.7765], [-71.2925, 46.7764], [-71.2922, 46.7763], [-71.292, 46.7761], [-71.2918, 46.776], [-71.2916, 46.7759], [-71.2915, 46.7757], [-71.2914, 46.7756], [-71.2913, 46.7755], [-71.2913, 46.7753], [-71.2913, 46.7752], [-71.2913, 46.7751], [-71.2913, 46.775], [-71.2912, 46.7749], [-71.2912, 46.7748], [-71.2911, 46.7748], [-71.2909, 46.7747], [-71.2908, 46.7747], [-71.2906, 46.7746], [-71.2904, 46.7746], [-71.2903, 46.7745], [-71.2901, 46.7744], [-71.29, 46.7743], [-71.2899, 46.7742], [-71.2898, 46.7741], [-71.2898, 46.7739], [-71.2897, 46.7738], [-71.2897, 46.7736], [-71.2897, 46.7735], [-71.2897, 46.7734], [-71.2897, 46.7732], [-71.2898, 46.7731], [-71.2898, 46.773], [-71.2899, 46.773], [-71.29, 46.7729], [-71.2901, 46.7728], [-71.2901, 46.7727], [-71.2901, 46.7726], [-71.29, 46.7726], [-71.29, 46.7725], [-71.2899, 46.7724], [-71.2899, 46.7723], [-71.2899, 46.7722], [-71.29, 46.7722], [-71.29, 46.7721], [-71.2901, 46.7721], [-71.2902, 46.7721], [-71.2903, 46.772], [-71.2903, 46.7719], [-71.2903, 46.7718], [-71.2902, 46.7717], [-71.2901, 46.7716], [-71.29, 46.7714], [-71.29, 46.7713], [-71.2899, 46.7712], [-71.2899, 46.7711], [-71.2899, 46.771], [-71.2899, 46.7709], [-71.29, 46.7708], [-71.2901, 46.7707], [-71.2902, 46.7706], [-71.2903, 46.7705], [-71.2903, 46.7704], [-71.2903, 46.7703], [-71.2903, 46.7702], [-71.2902, 46.7701], [-71.2901, 46.7701], [-71.29, 46.77], [-71.2899, 46.7699], [-71.2899, 46.7698], [-71.2898, 46.7697], [-71.2898, 46.7695], [-71.2898, 46.7693], [-71.2898, 46.7691], [-71.2898, 46.7689], [-71.2899, 46.7687], [-71.29, 46.7685], [-71.2901, 46.7683], [-71.2903, 46.7682], [-71.2905, 46.7681], [-71.2908, 46.768], [-71.2911, 46.7679], [-71.2915, 46.7679], [-71.2918, 46.7679], [-71.2921, 46.7679], [-71.2924, 46.7679], [-71.2927, 46.768], [-71.293, 46.7681], [-71.2932, 46.7682], [-71.2935, 46.7684], [-71.2937, 46.7685], [-71.2939, 46.7687], [-71.2941, 46.7688], [-71.2943, 46.7689], [-71.2945, 46.7689], [-71.2946, 46.7689], [-71.2948, 46.7689], [-71.2949, 46.7689], [-71.295, 46.7688], [-71.295, 46.7687], [-71.2951, 46.7686], [-71.2951, 46.7685], [-71.2951, 46.7684], [-71.295, 46.7683], [-71.295, 46.7682], [-71.2949, 46.7681], [-71.2948, 46.7679], [-71.2947, 46.7678], [-71.2945, 46.7677], [-71.2944, 46.7677], [-71.2943, 46.7676], [-71.2942, 46.7676], [-71.2941, 46.7676], [-71.294, 46.7676], [-71.2939, 46.7676], [-71.2938, 46.7677], [-71.2937, 46.7677], [-71.2936, 46.7677], [-71.2935, 46.7677], [-71.2934, 46.7676], [-71.2933, 46.7676], [-71.2933, 46.7675], [-71.2933, 46.7674], [-71.2933, 46.7673], [-71.2934, 46.7672], [-71.2936, 46.7671], [-71.2938, 46.767], [-71.294, 46.7668], [-71.2942, 46.7667], [-71.2945, 46.7665], [-71.2947, 46.7664], [-71.2949, 46.7663], [-71.2951, 46.7663], [-71.2953, 46.7663], [-71.2954, 46.7662], [-71.2956, 46.7663], [-71.2957, 46.7663], [-71.2959, 46.7663], [-71.296, 46.7663], [-71.2962, 46.7663], [-71.2964, 46.7663], [-71.2966, 46.7663], [-71.2968, 46.7663], [-71.297, 46.7662], [-71.2973, 46.7661], [-71.2975, 46.7661], [-71.2976, 46.7661], [-71.2978, 46.7661], [-71.2979, 46.7661], [-71.298, 46.7662], [-71.2981, 46.7663], [-71.2981, 46.7665], [-71.2981, 46.7666], [-71.2982, 46.7667], [-71.2982, 46.7668], [-71.2983, 46.7669], [-71.2984, 46.7669], [-71.2985, 46.7669], [-71.2986, 46.7668], [-71.2988, 46.7668], [-71.2989, 46.7667], [-71.299, 46.7666], [-71.2992, 46.7666], [-71.2993, 46.7666], [-71.2994, 46.7666], [-71.2996, 46.7666], [-71.2997, 46.7667], [-71.2999, 46.7668], [-71.3, 46.7669], [-71.3002, 46.7671], [-71.3004, 46.7673], [-71.3007, 46.7676], [-71.3009, 46.768], [-71.3012, 46.7684], [-71.3015, 46.7689], [-71.3018, 46.7694], [-71.3021, 46.7698], [-71.3023, 46.7701], [-71.3026, 46.7704], [-71.3029, 46.7705], [-71.3031, 46.7705], [-71.3034, 46.7704], [-71.3036, 46.7703], [-71.3038, 46.77], [-71.3041, 46.7697], [-71.3043, 46.7696], [-71.3046, 46.7694], [-71.3048, 46.7693], [-71.3051, 46.7692], [-71.3054, 46.7692], [-71.3058, 46.7692]]]}}, {"type": "Feature", "properties": {"couche": "voile", "station": "Roland-Beaudin", "minutes": 12}, "geometry": {"type": "Polygon", "coordinates": [[[-71.4662, 46.8841], [-71.1339, 46.8864], [-71.1312, 46.6592], [-71.4621, 46.6569], [-71.4662, 46.8841]], [[-71.3054, 46.7692], [-71.3051, 46.7692], [-71.3048, 46.7693], [-71.3046, 46.7694], [-71.3043, 46.7696], [-71.3041, 46.7697], [-71.3038, 46.77], [-71.3036, 46.7703], [-71.3034, 46.7704], [-71.3031, 46.7705], [-71.3029, 46.7705], [-71.3026, 46.7704], [-71.3023, 46.7701], [-71.3021, 46.7698], [-71.3018, 46.7694], [-71.3015, 46.7689], [-71.3012, 46.7684], [-71.3009, 46.768], [-71.3007, 46.7676], [-71.3004, 46.7673], [-71.3002, 46.7671], [-71.3, 46.7669], [-71.2999, 46.7668], [-71.2997, 46.7667], [-71.2996, 46.7666], [-71.2994, 46.7666], [-71.2993, 46.7666], [-71.2992, 46.7666], [-71.299, 46.7666], [-71.2989, 46.7667], [-71.2988, 46.7668], [-71.2986, 46.7668], [-71.2985, 46.7669], [-71.2984, 46.7669], [-71.2983, 46.7669], [-71.2982, 46.7668], [-71.2982, 46.7667], [-71.2981, 46.7666], [-71.2981, 46.7665], [-71.2981, 46.7663], [-71.298, 46.7662], [-71.2979, 46.7661], [-71.2978, 46.7661], [-71.2976, 46.7661], [-71.2975, 46.7661], [-71.2973, 46.7661], [-71.297, 46.7662], [-71.2968, 46.7663], [-71.2966, 46.7663], [-71.2964, 46.7663], [-71.2962, 46.7663], [-71.296, 46.7663], [-71.2959, 46.7663], [-71.2957, 46.7663], [-71.2956, 46.7663], [-71.2954, 46.7662], [-71.2953, 46.7663], [-71.2951, 46.7663], [-71.2949, 46.7663], [-71.2947, 46.7664], [-71.2945, 46.7665], [-71.2942, 46.7667], [-71.294, 46.7668], [-71.2938, 46.767], [-71.2936, 46.7671], [-71.2934, 46.7672], [-71.2933, 46.7673], [-71.2933, 46.7674], [-71.2933, 46.7675], [-71.2933, 46.7676], [-71.2934, 46.7676], [-71.2935, 46.7677], [-71.2936, 46.7677], [-71.2937, 46.7677], [-71.2938, 46.7677], [-71.2939, 46.7676], [-71.294, 46.7676], [-71.2941, 46.7676], [-71.2942, 46.7676], [-71.2943, 46.7676], [-71.2944, 46.7677], [-71.2945, 46.7677], [-71.2947, 46.7678], [-71.2948, 46.7679], [-71.2949, 46.7681], [-71.295, 46.7682], [-71.295, 46.7683], [-71.2951, 46.7684], [-71.2951, 46.7685], [-71.2951, 46.7686], [-71.295, 46.7687], [-71.295, 46.7688], [-71.2949, 46.7689], [-71.2948, 46.7689], [-71.2946, 46.7689], [-71.2945, 46.7689], [-71.2943, 46.7689], [-71.2941, 46.7688], [-71.2939, 46.7687], [-71.2937, 46.7685], [-71.2935, 46.7684], [-71.2932, 46.7682], [-71.293, 46.7681], [-71.2927, 46.768], [-71.2924, 46.7679], [-71.2921, 46.7679], [-71.2918, 46.7679], [-71.2915, 46.7679], [-71.2911, 46.7679], [-71.2908, 46.768], [-71.2905, 46.7681], [-71.2903, 46.7682], [-71.2901, 46.7683], [-71.29, 46.7685], [-71.2899, 46.7687], [-71.2898, 46.7689], [-71.2898, 46.7691], [-71.2898, 46.7693], [-71.2898, 46.7695], [-71.2898, 46.7697], [-71.2899, 46.7698], [-71.2899, 46.7699], [-71.29, 46.77], [-71.2901, 46.7701], [-71.2902, 46.7701], [-71.2903, 46.7702], [-71.2903, 46.7703], [-71.2903, 46.7704], [-71.2903, 46.7705], [-71.2902, 46.7706], [-71.2901, 46.7707], [-71.29, 46.7708], [-71.2899, 46.7709], [-71.2899, 46.771], [-71.2899, 46.7711], [-71.2899, 46.7712], [-71.29, 46.7713], [-71.29, 46.7714], [-71.2901, 46.7716], [-71.2902, 46.7717], [-71.2903, 46.7718], [-71.2903, 46.7719], [-71.2903, 46.772], [-71.2902, 46.7721], [-71.2901, 46.7721], [-71.29, 46.7721], [-71.29, 46.7722], [-71.2899, 46.7722], [-71.2899, 46.7723], [-71.2899, 46.7724], [-71.29, 46.7725], [-71.29, 46.7726], [-71.2901, 46.7726], [-71.2901, 46.7727], [-71.2901, 46.7728], [-71.29, 46.7729], [-71.2899, 46.773], [-71.2898, 46.773], [-71.2898, 46.7731], [-71.2897, 46.7732], [-71.2897, 46.7734], [-71.2897, 46.7735], [-71.2897, 46.7736], [-71.2897, 46.7738], [-71.2898, 46.7739], [-71.2898, 46.7741], [-71.2899, 46.7742], [-71.29, 46.7743], [-71.2901, 46.7744], [-71.2903, 46.7745], [-71.2904, 46.7746], [-71.2906, 46.7746], [-71.2908, 46.7747], [-71.2909, 46.7747], [-71.2911, 46.7748], [-71.2912, 46.7748], [-71.2912, 46.7749], [-71.2913, 46.775], [-71.2913, 46.7751], [-71.2913, 46.7752], [-71.2913, 46.7753], [-71.2913, 46.7755], [-71.2914, 46.7756], [-71.2915, 46.7757], [-71.2916, 46.7759], [-71.2918, 46.776], [-71.292, 46.7761], [-71.2922, 46.7763], [-71.2925, 46.7764], [-71.2928, 46.7765], [-71.2931, 46.7766], [-71.2933, 46.7767], [-71.2936, 46.7768], [-71.2938, 46.7768], [-71.294, 46.7768], [-71.2942, 46.7768], [-71.2945, 46.7767], [-71.2946, 46.7767], [-71.2948, 46.7767], [-71.2949, 46.7767], [-71.295, 46.7767], [-71.295, 46.7768], [-71.2949, 46.7768], [-71.2949, 46.7769], [-71.2948, 46.7769], [-71.2948, 46.777], [-71.2948, 46.7771], [-71.2949, 46.7772], [-71.295, 46.7773], [-71.2951, 46.7773], [-71.2952, 46.7773], [-71.2953, 46.7773], [-71.2955, 46.7773], [-71.2957, 46.7773], [-71.2959, 46.7773], [-71.2961, 46.7773], [-71.2963, 46.7772], [-71.2965, 46.7772], [-71.2966, 46.7771], [-71.2968, 46.7771], [-71.2969, 46.777], [-71.297, 46.7769], [-71.2971, 46.7768], [-71.2972, 46.7766], [-71.2973, 46.7766], [-71.2974, 46.7765], [-71.2975, 46.7765], [-71.2977, 46.7765], [-71.2978, 46.7766], [-71.298, 46.7766], [-71.2982, 46.7768], [-71.2985, 46.7769], [-71.2987, 46.7771], [-71.299, 46.7772], [-71.2993, 46.7772], [-71.2996, 46.7773], [-71.2998, 46.7773], [-71.3002, 46.7773], [-71.3005, 46.7773], [-71.3008, 46.7772], [-71.3011, 46.7772], [-71.3014, 46.7771], [-71.3016, 46.7771], [-71.3018, 46.7771], [-71.302, 46.7771], [-71.3021, 46.7772], [-71.3022, 46.7772], [-71.3022, 46.7773], [-71.3023, 46.7773], [-71.3024, 46.7773], [-71.3025, 46.7774], [-71.3026, 46.7774], [-71.3028, 46.7774], [-71.3029, 46.7773], [-71.3031, 46.7773], [-71.3033, 46.7773], [-71.3035, 46.7772], [-71.3037, 46.7772], [-71.3039, 46.7772], [-71.3042, 46.7772], [-71.3044, 46.7772], [-71.3046, 46.7772], [-71.3048, 46.7773], [-71.3051, 46.7773], [-71.3053, 46.7773], [-71.3055, 46.7773], [-71.3056, 46.7773], [-71.3058, 46.7773], [-71.3059, 46.7773], [-71.306, 46.7772], [-71.3061, 46.7772], [-71.3062, 46.7771], [-71.3062, 46.777], [-71.3062, 46.7768], [-71.3062, 46.7766], [-71.3062, 46.7764], [-71.3061, 46.7762], [-71.306, 46.7759], [-71.3058, 46.7756], [-71.3056, 46.7753], [-71.3055, 46.775], [-71.3053, 46.7747], [-71.3052, 46.7744], [-71.305, 46.7742], [-71.3049, 46.7739], [-71.3048, 46.7737], [-71.3047, 46.7736], [-71.3046, 46.7734], [-71.3045, 46.7732], [-71.3044, 46.7731], [-71.3043, 46.773], [-71.3042, 46.7729], [-71.304, 46.7728], [-71.3039, 46.7727], [-71.3038, 46.7727], [-71.3036, 46.7726], [-71.3035, 46.7726], [-71.3035, 46.7725], [-71.3035, 46.7724], [-71.3036, 46.7723], [-71.3037, 46.7722], [-71.3039, 46.772], [-71.3041, 46.7719], [-71.3044, 46.7717], [-71.3047, 46.7715], [-71.3049, 46.7714], [-71.3052, 46.7713], [-71.3054, 46.7712], [-71.3057, 46.7712], [-71.3059, 46.7712], [-71.3061, 46.7712], [-71.3063, 46.7712], [-71.3065, 46.7712], [-71.3066, 46.7712], [-71.3067, 46.7712], [-71.3068, 46.7712], [-71.3068, 46.7711], [-71.3069, 46.7711], [-71.3068, 46.771], [-71.3068, 46.7709], [-71.3067, 46.7708], [-71.3067, 46.7707], [-71.3067, 46.7706], [-71.3068, 46.7705], [-71.3068, 46.7703], [-71.3068, 46.7702], [-71.3069, 46.7701], [-71.307, 46.7699], [-71.307, 46.7698], [-71.307, 46.7697], [-71.3069, 46.7696], [-71.3068, 46.7695], [-71.3066, 46.7694], [-71.3064, 46.7693], [-71.3061, 46.7692], [-71.3058, 46.7692], [-71.3054, 46.7692]]]}}, {"type": "Feature", "properties": {"couche": "aire_marche", "station": "Roland-Beaudin", "ordre": 7, "minutes": 13, "superficie_ha": 137.8, "rue_km": 42.83, "disque_ha": 260.2, "part_disque_pct": 53, "accroche_m": 1, "population": 4503, "navetteurs": 1792, "mode_auto_pct": 67, "mode_tc_pct": 19, "mode_actif_pct": 13, "mode_autre_pct": 1}, "geometry": {"type": "Polygon", "coordinates": [[[-71.3076, 46.7699], [-71.3075, 46.7702], [-71.3074, 46.7704], [-71.3074, 46.7706], [-71.3073, 46.7708], [-71.3073, 46.7709], [-71.3073, 46.7711], [-71.3073, 46.7712], [-71.3073, 46.7714], [-71.3074, 46.7715], [-71.3074, 46.7716], [-71.3074, 46.7717], [-71.3073, 46.7717], [-71.3072, 46.7717], [-71.3071, 46.7717], [-71.3069, 46.7717], [-71.3067, 46.7716], [-71.3065, 46.7716], [-71.3064, 46.7716], [-71.3062, 46.7716], [-71.3061, 46.7716], [-71.3059, 46.7716], [-71.3058, 46.7716], [-71.3057, 46.7717], [-71.3055, 46.7717], [-71.3054, 46.7717], [-71.3053, 46.7718], [-71.3052, 46.7717], [-71.3051, 46.7717], [-71.3051, 46.7716], [-71.3051, 46.7715], [-71.305, 46.7715], [-71.3049, 46.7714], [-71.3048, 46.7715], [-71.3047, 46.7715], [-71.3046, 46.7716], [-71.3044, 46.7717], [-71.3042, 46.7718], [-71.304, 46.7719], [-71.3038, 46.7721], [-71.3036, 46.7722], [-71.3035, 46.7723], [-71.3035, 46.7724], [-71.3035, 46.7725], [-71.3036, 46.7726], [-71.3038, 46.7727], [-71.3039, 46.7728], [-71.3041, 46.7729], [-71.3043, 46.7732], [-71.3045, 46.7734], [-71.3047, 46.7737], [-71.305, 46.7741], [-71.3052, 46.7746], [-71.3055, 46.775], [-71.3057, 46.7755], [-71.3059, 46.7759], [-71.306, 46.7763], [-71.3061, 46.7766], [-71.3061, 46.7769], [-71.3061, 46.7771], [-71.3061, 46.7773], [-71.306, 46.7774], [-71.3059, 46.7775], [-71.3058, 46.7776], [-71.3056, 46.7777], [-71.3055, 46.7778], [-71.3054, 46.7778], [-71.3053, 46.7778], [-71.3052, 46.7778], [-71.3051, 46.7777], [-71.305, 46.7777], [-71.3049, 46.7777], [-71.3047, 46.7777], [-71.3046, 46.7777], [-71.3045, 46.7777], [-71.3044, 46.7777], [-71.3043, 46.7777], [-71.3042, 46.7778], [-71.3041, 46.7778], [-71.304, 46.7778], [-71.3039, 46.7778], [-71.3038, 46.7778], [-71.3037, 46.7778], [-71.3036, 46.7777], [-71.3034, 46.7777], [-71.3033, 46.7776], [-71.3032, 46.7776], [-71.3031, 46.7775], [-71.3029, 46.7775], [-71.3028, 46.7775], [-71.3026, 46.7775], [-71.3025, 46.7776], [-71.3023, 46.7776], [-71.3021, 46.7777], [-71.302, 46.7777], [-71.3018, 46.7778], [-71.3017, 46.7778], [-71.3015, 46.7778], [-71.3014, 46.7778], [-71.3012, 46.7777], [-71.3011, 46.7777], [-71.301, 46.7776], [-71.3008, 46.7776], [-71.3007, 46.7775], [-71.3006, 46.7775], [-71.3005, 46.7775], [-71.3004, 46.7775], [-71.3003, 46.7776], [-71.3002, 46.7777], [-71.3001, 46.7777], [-71.3, 46.7777], [-71.2999, 46.7777], [-71.2997, 46.7777], [-71.2995, 46.7776], [-71.2993, 46.7775], [-71.2991, 46.7774], [-71.2988, 46.7772], [-71.2986, 46.7771], [-71.2984, 46.777], [-71.2983, 46.7769], [-71.2981, 46.7769], [-71.298, 46.7768], [-71.2979, 46.7769], [-71.2979, 46.777], [-71.2978, 46.7771], [-71.2977, 46.7772], [-71.2976, 46.7772], [-71.2975, 46.7772], [-71.2974, 46.7772], [-71.2972, 46.7772], [-71.297, 46.7772], [-71.2968, 46.7772], [-71.2966, 46.7772], [-71.2965, 46.7772], [-71.2963, 46.7772], [-71.2962, 46.7772], [-71.2961, 46.7773], [-71.296, 46.7773], [-71.296, 46.7774], [-71.2959, 46.7775], [-71.2959, 46.7776], [-71.2958, 46.7777], [-71.2957, 46.7777], [-71.2956, 46.7778], [-71.2955, 46.7778], [-71.2953, 46.7778], [-71.2952, 46.7778], [-71.295, 46.7778], [-71.2948, 46.7778], [-71.2947, 46.7778], [-71.2945, 46.7778], [-71.2943, 46.7778], [-71.2942, 46.7777], [-71.294, 46.7777], [-71.2939, 46.7776], [-71.2937, 46.7776], [-71.2936, 46.7775], [-71.2934, 46.7775], [-71.2933, 46.7774], [-71.2932, 46.7773], [-71.2931, 46.7772], [-71.293, 46.7771], [-71.2929, 46.7769], [-71.2929, 46.7768], [-71.2928, 46.7767], [-71.2927, 46.7766], [-71.2926, 46.7765], [-71.2925, 46.7764], [-71.2924, 46.7764], [-71.2923, 46.7764], [-71.2921, 46.7764], [-71.292, 46.7764], [-71.2919, 46.7764], [-71.2918, 46.7764], [-71.2916, 46.7764], [-71.2915, 46.7764], [-71.2913, 46.7764], [-71.2912, 46.7763], [-71.2911, 46.7763], [-71.2909, 46.7762], [-71.2908, 46.7761], [-71.2907, 46.7761], [-71.2906, 46.776], [-71.2905, 46.7759], [-71.2904, 46.7758], [-71.2904, 46.7757], [-71.2905, 46.7756], [-71.2905, 46.7755], [-71.2906, 46.7755], [-71.2906, 46.7754], [-71.2907, 46.7754], [-71.2909, 46.7753], [-71.291, 46.7753], [-71.2912, 46.7752], [-71.2913, 46.7752], [-71.2914, 46.7751], [-71.2913, 46.7751], [-71.2913, 46.775], [-71.2911, 46.775], [-71.2909, 46.775], [-71.2907, 46.775], [-71.2905, 46.775], [-71.2903, 46.7749], [-71.2901, 46.7749], [-71.2899, 46.7748], [-71.2897, 46.7747], [-71.2895, 46.7746], [-71.2894, 46.7744], [-71.2893, 46.7743], [-71.2892, 46.7741], [-71.2891, 46.7739], [-71.2891, 46.7738], [-71.2891, 46.7737], [-71.2892, 46.7735], [-71.2893, 46.7734], [-71.2894, 46.7733], [-71.2896, 46.7732], [-71.2897, 46.7731], [-71.2898, 46.773], [-71.2899, 46.7729], [-71.2899, 46.7728], [-71.2898, 46.7727], [-71.2897, 46.7726], [-71.2896, 46.7725], [-71.2895, 46.7724], [-71.2894, 46.7722], [-71.2893, 46.7719], [-71.2892, 46.7716], [-71.2892, 46.7712], [-71.2892, 46.7708], [-71.2892, 46.7702], [-71.2892, 46.7696], [-71.2893, 46.7691], [-71.2894, 46.7687], [-71.2895, 46.7683], [-71.2898, 46.768], [-71.29, 46.7677], [-71.2903, 46.7676], [-71.2907, 46.7675], [-71.2911, 46.7674], [-71.2914, 46.7674], [-71.2917, 46.7674], [-71.292, 46.7673], [-71.2922, 46.7673], [-71.2924, 46.7672], [-71.2925, 46.7671], [-71.2926, 46.7671], [-71.2926, 46.767], [-71.2927, 46.767], [-71.2928, 46.7669], [-71.2929, 46.7668], [-71.2931, 46.7668], [-71.2932, 46.7667], [-71.2934, 46.7666], [-71.2936, 46.7666], [-71.2939, 46.7665], [-71.2941, 46.7664], [-71.2943, 46.7664], [-71.2944, 46.7663], [-71.2946, 46.7662], [-71.2947, 46.7661], [-71.2948, 46.766], [-71.2948, 46.7659], [-71.2949, 46.7658], [-71.295, 46.7657], [-71.2951, 46.7657], [-71.2953, 46.7657], [-71.2954, 46.7657], [-71.2956, 46.7658], [-71.2958, 46.7658], [-71.2961, 46.7659], [-71.2963, 46.766], [-71.2965, 46.766], [-71.2967, 46.7661], [-71.2969, 46.7661], [-71.2971, 46.766], [-71.2972, 46.766], [-71.2973, 46.7659], [-71.2974, 46.7658], [-71.2976, 46.7657], [-71.2977, 46.7656], [-71.2978, 46.7656], [-71.2979, 46.7655], [-71.2981, 46.7655], [-71.2982, 46.7655], [-71.2983, 46.7655], [-71.2985, 46.7655], [-71.2986, 46.7656], [-71.2988, 46.7657], [-71.299, 46.7658], [-71.2992, 46.7659], [-71.2995, 46.7661], [-71.2997, 46.7664], [-71.3, 46.7666], [-71.3003, 46.7669], [-71.3006, 46.7672], [-71.3009, 46.7676], [-71.3012, 46.7679], [-71.3014, 46.7682], [-71.3016, 46.7686], [-71.3018, 46.769], [-71.302, 46.7694], [-71.3022, 46.7698], [-71.3024, 46.7701], [-71.3026, 46.7703], [-71.3028, 46.7704], [-71.3029, 46.7705], [-71.3031, 46.7704], [-71.3033, 46.7703], [-71.3035, 46.77], [-71.3037, 46.7697], [-71.3039, 46.7694], [-71.3041, 46.7691], [-71.3042, 46.7689], [-71.3044, 46.7688], [-71.3045, 46.7687], [-71.3046, 46.7686], [-71.3047, 46.7686], [-71.3048, 46.7687], [-71.305, 46.7687], [-71.3051, 46.7687], [-71.3053, 46.7688], [-71.3055, 46.7688], [-71.3057, 46.7688], [-71.306, 46.7688], [-71.3062, 46.7687], [-71.3065, 46.7687], [-71.3068, 46.7687], [-71.307, 46.7687], [-71.3072, 46.7687], [-71.3074, 46.7687], [-71.3075, 46.7687], [-71.3077, 46.7688], [-71.3078, 46.7689], [-71.3078, 46.769], [-71.3078, 46.7691], [-71.3078, 46.7692], [-71.3078, 46.7693], [-71.3078, 46.7695], [-71.3077, 46.7697], [-71.3076, 46.7699]]]}}, {"type": "Feature", "properties": {"couche": "voile", "station": "Roland-Beaudin", "minutes": 13}, "geometry": {"type": "Polygon", "coordinates": [[[-71.467, 46.8845], [-71.1333, 46.8868], [-71.1306, 46.6586], [-71.4629, 46.6563], [-71.467, 46.8845]], [[-71.3077, 46.7697], [-71.3078, 46.7695], [-71.3078, 46.7693], [-71.3078, 46.7692], [-71.3078, 46.7691], [-71.3078, 46.769], [-71.3078, 46.7689], [-71.3077, 46.7688], [-71.3075, 46.7687], [-71.3074, 46.7687], [-71.3072, 46.7687], [-71.307, 46.7687], [-71.3068, 46.7687], [-71.3065, 46.7687], [-71.3062, 46.7687], [-71.306, 46.7688], [-71.3057, 46.7688], [-71.3055, 46.7688], [-71.3053, 46.7688], [-71.3051, 46.7687], [-71.305, 46.7687], [-71.3048, 46.7687], [-71.3047, 46.7686], [-71.3046, 46.7686], [-71.3045, 46.7687], [-71.3044, 46.7688], [-71.3042, 46.7689], [-71.3041, 46.7691], [-71.3039, 46.7694], [-71.3037, 46.7697], [-71.3035, 46.77], [-71.3033, 46.7703], [-71.3031, 46.7704], [-71.3029, 46.7705], [-71.3028, 46.7704], [-71.3026, 46.7703], [-71.3024, 46.7701], [-71.3022, 46.7698], [-71.302, 46.7694], [-71.3018, 46.769], [-71.3016, 46.7686], [-71.3014, 46.7682], [-71.3012, 46.7679], [-71.3009, 46.7676], [-71.3006, 46.7672], [-71.3003, 46.7669], [-71.3, 46.7666], [-71.2997, 46.7664], [-71.2995, 46.7661], [-71.2992, 46.7659], [-71.299, 46.7658], [-71.2988, 46.7657], [-71.2986, 46.7656], [-71.2985, 46.7655], [-71.2983, 46.7655], [-71.2982, 46.7655], [-71.2981, 46.7655], [-71.2979, 46.7655], [-71.2978, 46.7656], [-71.2977, 46.7656], [-71.2976, 46.7657], [-71.2974, 46.7658], [-71.2973, 46.7659], [-71.2972, 46.766], [-71.2971, 46.766], [-71.2969, 46.7661], [-71.2967, 46.7661], [-71.2965, 46.766], [-71.2963, 46.766], [-71.2961, 46.7659], [-71.2958, 46.7658], [-71.2956, 46.7658], [-71.2954, 46.7657], [-71.2953, 46.7657], [-71.2951, 46.7657], [-71.295, 46.7657], [-71.2949, 46.7658], [-71.2948, 46.7659], [-71.2948, 46.766], [-71.2947, 46.7661], [-71.2946, 46.7662], [-71.2944, 46.7663], [-71.2943, 46.7664], [-71.2941, 46.7664], [-71.2939, 46.7665], [-71.2936, 46.7666], [-71.2934, 46.7666], [-71.2932, 46.7667], [-71.2931, 46.7668], [-71.2929, 46.7668], [-71.2928, 46.7669], [-71.2927, 46.767], [-71.2926, 46.767], [-71.2926, 46.7671], [-71.2925, 46.7671], [-71.2924, 46.7672], [-71.2922, 46.7673], [-71.292, 46.7673], [-71.2917, 46.7674], [-71.2914, 46.7674], [-71.2911, 46.7674], [-71.2907, 46.7675], [-71.2903, 46.7676], [-71.29, 46.7677], [-71.2898, 46.768], [-71.2895, 46.7683], [-71.2894, 46.7687], [-71.2893, 46.7691], [-71.2892, 46.7696], [-71.2892, 46.7702], [-71.2892, 46.7708], [-71.2892, 46.7712], [-71.2892, 46.7716], [-71.2893, 46.7719], [-71.2894, 46.7722], [-71.2895, 46.7724], [-71.2896, 46.7725], [-71.2897, 46.7726], [-71.2898, 46.7727], [-71.2899, 46.7728], [-71.2899, 46.7729], [-71.2898, 46.773], [-71.2897, 46.7731], [-71.2896, 46.7732], [-71.2894, 46.7733], [-71.2893, 46.7734], [-71.2892, 46.7735], [-71.2891, 46.7737], [-71.2891, 46.7738], [-71.2891, 46.7739], [-71.2892, 46.7741], [-71.2893, 46.7743], [-71.2894, 46.7744], [-71.2895, 46.7746], [-71.2897, 46.7747], [-71.2899, 46.7748], [-71.2901, 46.7749], [-71.2903, 46.7749], [-71.2905, 46.775], [-71.2907, 46.775], [-71.2909, 46.775], [-71.2911, 46.775], [-71.2913, 46.775], [-71.2913, 46.7751], [-71.2914, 46.7751], [-71.2913, 46.7752], [-71.2912, 46.7752], [-71.291, 46.7753], [-71.2909, 46.7753], [-71.2907, 46.7754], [-71.2906, 46.7754], [-71.2906, 46.7755], [-71.2905, 46.7755], [-71.2905, 46.7756], [-71.2904, 46.7757], [-71.2904, 46.7758], [-71.2905, 46.7759], [-71.2906, 46.776], [-71.2907, 46.7761], [-71.2908, 46.7761], [-71.2909, 46.7762], [-71.2911, 46.7763], [-71.2912, 46.7763], [-71.2913, 46.7764], [-71.2915, 46.7764], [-71.2916, 46.7764], [-71.2918, 46.7764], [-71.2919, 46.7764], [-71.292, 46.7764], [-71.2921, 46.7764], [-71.2923, 46.7764], [-71.2924, 46.7764], [-71.2925, 46.7764], [-71.2926, 46.7765], [-71.2927, 46.7766], [-71.2928, 46.7767], [-71.2929, 46.7768], [-71.2929, 46.7769], [-71.293, 46.7771], [-71.2931, 46.7772], [-71.2932, 46.7773], [-71.2933, 46.7774], [-71.2934, 46.7775], [-71.2936, 46.7775], [-71.2937, 46.7776], [-71.2939, 46.7776], [-71.294, 46.7777], [-71.2942, 46.7777], [-71.2943, 46.7778], [-71.2945, 46.7778], [-71.2947, 46.7778], [-71.2948, 46.7778], [-71.295, 46.7778], [-71.2952, 46.7778], [-71.2953, 46.7778], [-71.2955, 46.7778], [-71.2956, 46.7778], [-71.2957, 46.7777], [-71.2958, 46.7777], [-71.2959, 46.7776], [-71.2959, 46.7775], [-71.296, 46.7774], [-71.296, 46.7773], [-71.2961, 46.7773], [-71.2962, 46.7772], [-71.2963, 46.7772], [-71.2965, 46.7772], [-71.2966, 46.7772], [-71.2968, 46.7772], [-71.297, 46.7772], [-71.2972, 46.7772], [-71.2974, 46.7772], [-71.2975, 46.7772], [-71.2976, 46.7772], [-71.2977, 46.7772], [-71.2978, 46.7771], [-71.2979, 46.777], [-71.2979, 46.7769], [-71.298, 46.7768], [-71.2981, 46.7769], [-71.2983, 46.7769], [-71.2984, 46.777], [-71.2986, 46.7771], [-71.2988, 46.7772], [-71.2991, 46.7774], [-71.2993, 46.7775], [-71.2995, 46.7776], [-71.2997, 46.7777], [-71.2999, 46.7777], [-71.3, 46.7777], [-71.3001, 46.7777], [-71.3002, 46.7777], [-71.3003, 46.7776], [-71.3004, 46.7775], [-71.3005, 46.7775], [-71.3006, 46.7775], [-71.3007, 46.7775], [-71.3008, 46.7776], [-71.301, 46.7776], [-71.3011, 46.7777], [-71.3012, 46.7777], [-71.3014, 46.7778], [-71.3015, 46.7778], [-71.3017, 46.7778], [-71.3018, 46.7778], [-71.302, 46.7777], [-71.3021, 46.7777], [-71.3023, 46.7776], [-71.3025, 46.7776], [-71.3026, 46.7775], [-71.3028, 46.7775], [-71.3029, 46.7775], [-71.3031, 46.7775], [-71.3032, 46.7776], [-71.3033, 46.7776], [-71.3034, 46.7777], [-71.3036, 46.7777], [-71.3037, 46.7778], [-71.3038, 46.7778], [-71.3039, 46.7778], [-71.304, 46.7778], [-71.3041, 46.7778], [-71.3042, 46.7778], [-71.3043, 46.7777], [-71.3044, 46.7777], [-71.3045, 46.7777], [-71.3046, 46.7777], [-71.3047, 46.7777], [-71.3049, 46.7777], [-71.305, 46.7777], [-71.3051, 46.7777], [-71.3052, 46.7778], [-71.3053, 46.7778], [-71.3054, 46.7778], [-71.3055, 46.7778], [-71.3056, 46.7777], [-71.3058, 46.7776], [-71.3059, 46.7775], [-71.306, 46.7774], [-71.3061, 46.7773], [-71.3061, 46.7771], [-71.3061, 46.7769], [-71.3061, 46.7766], [-71.306, 46.7763], [-71.3059, 46.7759], [-71.3057, 46.7755], [-71.3055, 46.775], [-71.3052, 46.7746], [-71.305, 46.7741], [-71.3047, 46.7737], [-71.3045, 46.7734], [-71.3043, 46.7732], [-71.3041, 46.7729], [-71.3039, 46.7728], [-71.3038, 46.7727], [-71.3036, 46.7726], [-71.3035, 46.7725], [-71.3035, 46.7724], [-71.3035, 46.7723], [-71.3036, 46.7722], [-71.3038, 46.7721], [-71.304, 46.7719], [-71.3042, 46.7718], [-71.3044, 46.7717], [-71.3046, 46.7716], [-71.3047, 46.7715], [-71.3048, 46.7715], [-71.3049, 46.7714], [-71.305, 46.7715], [-71.3051, 46.7715], [-71.3051, 46.7716], [-71.3051, 46.7717], [-71.3052, 46.7717], [-71.3053, 46.7718], [-71.3054, 46.7717], [-71.3055, 46.7717], [-71.3057, 46.7717], [-71.3058, 46.7716], [-71.3059, 46.7716], [-71.3061, 46.7716], [-71.3062, 46.7716], [-71.3064, 46.7716], [-71.3065, 46.7716], [-71.3067, 46.7716], [-71.3069, 46.7717], [-71.3071, 46.7717], [-71.3072, 46.7717], [-71.3073, 46.7717], [-71.3074, 46.7717], [-71.3074, 46.7716], [-71.3074, 46.7715], [-71.3073, 46.7714], [-71.3073, 46.7712], [-71.3073, 46.7711], [-71.3073, 46.7709], [-71.3073, 46.7708], [-71.3074, 46.7706], [-71.3074, 46.7704], [-71.3075, 46.7702], [-71.3076, 46.7699], [-71.3077, 46.7697]]]}}, {"type": "Feature", "properties": {"couche": "aire_marche", "station": "Roland-Beaudin", "ordre": 7, "minutes": 14, "superficie_ha": 157.8, "rue_km": 50.47, "disque_ha": 301.7, "part_disque_pct": 52, "accroche_m": 1, "population": 5193, "navetteurs": 2057, "mode_auto_pct": 68, "mode_tc_pct": 18, "mode_actif_pct": 13, "mode_autre_pct": 1}, "geometry": {"type": "Polygon", "coordinates": [[[-71.3082, 46.7694], [-71.3081, 46.7695], [-71.3081, 46.7696], [-71.3081, 46.7697], [-71.3081, 46.7698], [-71.3081, 46.7699], [-71.3081, 46.77], [-71.3082, 46.7701], [-71.3083, 46.7702], [-71.3083, 46.7703], [-71.3084, 46.7704], [-71.3084, 46.7705], [-71.3084, 46.7707], [-71.3083, 46.7708], [-71.3082, 46.7709], [-71.3081, 46.771], [-71.3081, 46.7711], [-71.308, 46.7713], [-71.308, 46.7714], [-71.3079, 46.7715], [-71.3079, 46.7716], [-71.3079, 46.7717], [-71.308, 46.7718], [-71.308, 46.7719], [-71.308, 46.772], [-71.308, 46.7721], [-71.3079, 46.7721], [-71.3077, 46.7721], [-71.3075, 46.7722], [-71.3073, 46.7722], [-71.307, 46.7721], [-71.3066, 46.7721], [-71.3063, 46.7721], [-71.306, 46.7721], [-71.3058, 46.772], [-71.3055, 46.772], [-71.3053, 46.7721], [-71.3052, 46.7721], [-71.305, 46.7721], [-71.3049, 46.7722], [-71.3048, 46.7722], [-71.3047, 46.7722], [-71.3046, 46.7722], [-71.3045, 46.7722], [-71.3044, 46.7722], [-71.3044, 46.7721], [-71.3043, 46.7721], [-71.3043, 46.772], [-71.3043, 46.7719], [-71.3043, 46.7718], [-71.3044, 46.7717], [-71.3042, 46.7718], [-71.304, 46.7719], [-71.3038, 46.7721], [-71.3036, 46.7722], [-71.3035, 46.7723], [-71.3035, 46.7724], [-71.3035, 46.7725], [-71.3036, 46.7726], [-71.3038, 46.7727], [-71.3039, 46.7728], [-71.3041, 46.7729], [-71.3043, 46.7732], [-71.3045, 46.7734], [-71.3047, 46.7737], [-71.305, 46.7741], [-71.3052, 46.7745], [-71.3055, 46.775], [-71.3057, 46.7755], [-71.3059, 46.7759], [-71.306, 46.7763], [-71.3062, 46.7766], [-71.3062, 46.7769], [-71.3063, 46.7772], [-71.3063, 46.7775], [-71.3062, 46.7777], [-71.3061, 46.7778], [-71.306, 46.778], [-71.3059, 46.7781], [-71.3058, 46.7782], [-71.3056, 46.7783], [-71.3054, 46.7784], [-71.3052, 46.7784], [-71.305, 46.7784], [-71.3048, 46.7784], [-71.3045, 46.7783], [-71.3043, 46.7783], [-71.3041, 46.7782], [-71.3039, 46.7781], [-71.3038, 46.778], [-71.3036, 46.7779], [-71.3034, 46.7778], [-71.3033, 46.7777], [-71.3031, 46.7776], [-71.303, 46.7776], [-71.3029, 46.7776], [-71.3028, 46.7776], [-71.3027, 46.7777], [-71.3026, 46.7778], [-71.3025, 46.7779], [-71.3024, 46.778], [-71.3023, 46.7781], [-71.3021, 46.7781], [-71.302, 46.7781], [-71.3018, 46.7781], [-71.3016, 46.778], [-71.3014, 46.7779], [-71.3012, 46.7778], [-71.3011, 46.7777], [-71.3009, 46.7776], [-71.3008, 46.7776], [-71.3009, 46.7777], [-71.301, 46.7778], [-71.301, 46.7779], [-71.3011, 46.7779], [-71.3011, 46.778], [-71.301, 46.7781], [-71.3009, 46.7782], [-71.3008, 46.7782], [-71.3006, 46.7782], [-71.3005, 46.7782], [-71.3003, 46.7782], [-71.3002, 46.7781], [-71.3, 46.778], [-71.2997, 46.7778], [-71.2995, 46.7777], [-71.2993, 46.7775], [-71.2991, 46.7774], [-71.2989, 46.7774], [-71.2987, 46.7773], [-71.2986, 46.7773], [-71.2985, 46.7773], [-71.2984, 46.7774], [-71.2984, 46.7775], [-71.2983, 46.7776], [-71.2982, 46.7776], [-71.298, 46.7776], [-71.2979, 46.7776], [-71.2977, 46.7776], [-71.2975, 46.7776], [-71.2973, 46.7775], [-71.297, 46.7774], [-71.2968, 46.7773], [-71.2966, 46.7773], [-71.2964, 46.7773], [-71.2963, 46.7773], [-71.2963, 46.7774], [-71.2962, 46.7775], [-71.2962, 46.7776], [-71.2962, 46.7778], [-71.2962, 46.7779], [-71.2962, 46.778], [-71.2962, 46.7781], [-71.2961, 46.7781], [-71.296, 46.7781], [-71.2959, 46.7781], [-71.2958, 46.7781], [-71.2956, 46.778], [-71.2955, 46.7779], [-71.2953, 46.7779], [-71.2952, 46.7779], [-71.295, 46.7779], [-71.2948, 46.7779], [-71.2947, 46.7779], [-71.2945, 46.778], [-71.2943, 46.778], [-71.2942, 46.7781], [-71.294, 46.7781], [-71.2938, 46.7781], [-71.2937, 46.7782], [-71.2935, 46.7781], [-71.2933, 46.7781], [-71.2932, 46.7781], [-71.293, 46.778], [-71.2929, 46.778], [-71.2928, 46.7779], [-71.2927, 46.7778], [-71.2927, 46.7777], [-71.2927, 46.7776], [-71.2927, 46.7775], [-71.2927, 46.7774], [-71.2928, 46.7774], [-71.2928, 46.7773], [-71.2928, 46.7772], [-71.2927, 46.7771], [-71.2927, 46.777], [-71.2926, 46.7769], [-71.2925, 46.7769], [-71.2924, 46.7768], [-71.2923, 46.7767], [-71.2922, 46.7767], [-71.2921, 46.7766], [-71.292, 46.7766], [-71.2919, 46.7766], [-71.2918, 46.7766], [-71.2918, 46.7767], [-71.2917, 46.7768], [-71.2916, 46.7768], [-71.2915, 46.7769], [-71.2914, 46.7769], [-71.2913, 46.7769], [-71.2912, 46.7769], [-71.2911, 46.7769], [-71.291, 46.7768], [-71.2909, 46.7768], [-71.2908, 46.7768], [-71.2908, 46.7767], [-71.2908, 46.7766], [-71.2908, 46.7765], [-71.2908, 46.7764], [-71.2909, 46.7763], [-71.291, 46.7762], [-71.2909, 46.7761], [-71.2908, 46.7761], [-71.2906, 46.7761], [-71.2905, 46.7761], [-71.2903, 46.7761], [-71.2901, 46.7761], [-71.29, 46.7761], [-71.2899, 46.7761], [-71.2898, 46.776], [-71.2897, 46.776], [-71.2897, 46.7759], [-71.2897, 46.7758], [-71.2898, 46.7758], [-71.2899, 46.7757], [-71.29, 46.7756], [-71.2901, 46.7756], [-71.2903, 46.7755], [-71.2905, 46.7754], [-71.2907, 46.7754], [-71.2909, 46.7753], [-71.2911, 46.7752], [-71.2912, 46.7752], [-71.2913, 46.7751], [-71.2913, 46.775], [-71.2911, 46.775], [-71.291, 46.775], [-71.2908, 46.775], [-71.2905, 46.775], [-71.2903, 46.775], [-71.2901, 46.7749], [-71.2898, 46.7749], [-71.2896, 46.7748], [-71.2894, 46.7747], [-71.2891, 46.7746], [-71.2889, 46.7745], [-71.2887, 46.7743], [-71.2886, 46.7742], [-71.2885, 46.7741], [-71.2885, 46.7739], [-71.2886, 46.7738], [-71.2888, 46.7736], [-71.289, 46.7735], [-71.2892, 46.7733], [-71.2895, 46.7732], [-71.2896, 46.7731], [-71.2897, 46.773], [-71.2897, 46.7729], [-71.2896, 46.7728], [-71.2894, 46.7728], [-71.2892, 46.7728], [-71.289, 46.7728], [-71.2889, 46.7727], [-71.2888, 46.7727], [-71.2887, 46.7726], [-71.2887, 46.7725], [-71.2887, 46.7724], [-71.2888, 46.7724], [-71.2889, 46.7723], [-71.2889, 46.7722], [-71.2889, 46.7721], [-71.2889, 46.772], [-71.2889, 46.7719], [-71.2888, 46.7719], [-71.2888, 46.7718], [-71.2887, 46.7717], [-71.2886, 46.7716], [-71.2885, 46.7715], [-71.2885, 46.7714], [-71.2884, 46.7712], [-71.2884, 46.771], [-71.2884, 46.7709], [-71.2883, 46.7707], [-71.2883, 46.7705], [-71.2883, 46.7703], [-71.2884, 46.7701], [-71.2884, 46.77], [-71.2884, 46.7698], [-71.2885, 46.7697], [-71.2886, 46.7696], [-71.2886, 46.7695], [-71.2887, 46.7694], [-71.2888, 46.7694], [-71.2888, 46.7693], [-71.2889, 46.7692], [-71.2889, 46.7691], [-71.2889, 46.769], [-71.2888, 46.7689], [-71.2887, 46.7688], [-71.2887, 46.7687], [-71.2887, 46.7686], [-71.2887, 46.7685], [-71.2887, 46.7684], [-71.2887, 46.7683], [-71.2888, 46.7682], [-71.2889, 46.7681], [-71.289, 46.7681], [-71.289, 46.768], [-71.2891, 46.7679], [-71.2891, 46.7678], [-71.289, 46.7677], [-71.289, 46.7676], [-71.2889, 46.7675], [-71.2889, 46.7674], [-71.2889, 46.7673], [-71.289, 46.7672], [-71.2892, 46.7672], [-71.2895, 46.7671], [-71.2898, 46.7671], [-71.2901, 46.767], [-71.2905, 46.767], [-71.2909, 46.7669], [-71.2913, 46.7669], [-71.2915, 46.7668], [-71.2918, 46.7668], [-71.292, 46.7667], [-71.2921, 46.7667], [-71.2922, 46.7666], [-71.2923, 46.7665], [-71.2924, 46.7664], [-71.2926, 46.7664], [-71.2927, 46.7663], [-71.2929, 46.7663], [-71.2931, 46.7663], [-71.2933, 46.7663], [-71.2935, 46.7663], [-71.2937, 46.7663], [-71.2939, 46.7663], [-71.294, 46.7662], [-71.2942, 46.7661], [-71.2943, 46.766], [-71.2944, 46.7659], [-71.2944, 46.7658], [-71.2944, 46.7656], [-71.2945, 46.7654], [-71.2946, 46.7653], [-71.2947, 46.7652], [-71.2948, 46.7651], [-71.2949, 46.7651], [-71.2951, 46.7651], [-71.2953, 46.7651], [-71.2955, 46.7651], [-71.2957, 46.7651], [-71.2959, 46.7652], [-71.296, 46.7652], [-71.2961, 46.7653], [-71.2962, 46.7654], [-71.2963, 46.7654], [-71.2964, 46.7655], [-71.2964, 46.7656], [-71.2965, 46.7657], [-71.2966, 46.7657], [-71.2967, 46.7657], [-71.2968, 46.7656], [-71.297, 46.7656], [-71.2971, 46.7655], [-71.2973, 46.7654], [-71.2975, 46.7653], [-71.2977, 46.7652], [-71.2979, 46.7652], [-71.2981, 46.7651], [-71.2983, 46.7651], [-71.2985, 46.7651], [-71.2987, 46.7651], [-71.2989, 46.7651], [-71.2991, 46.7651], [-71.2992, 46.7652], [-71.2993, 46.7652], [-71.2994, 46.7653], [-71.2994, 46.7654], [-71.2994, 46.7655], [-71.2994, 46.7656], [-71.2993, 46.7657], [-71.2993, 46.7658], [-71.2993, 46.7659], [-71.2993, 46.7661], [-71.2994, 46.7663], [-71.2996, 46.7665], [-71.2998, 46.7667], [-71.3, 46.7669], [-71.3003, 46.7671], [-71.3006, 46.7674], [-71.3009, 46.7677], [-71.3011, 46.768], [-71.3014, 46.7683], [-71.3016, 46.7686], [-71.3018, 46.769], [-71.302, 46.7694], [-71.3022, 46.7698], [-71.3024, 46.7701], [-71.3025, 46.7704], [-71.3027, 46.7707], [-71.3028, 46.7708], [-71.3029, 46.7709], [-71.303, 46.771], [-71.3031, 46.771], [-71.3032, 46.7709], [-71.3033, 46.7709], [-71.3033, 46.7708], [-71.3033, 46.7707], [-71.3033, 46.7705], [-71.3033, 46.7704], [-71.3033, 46.7702], [-71.3032, 46.7701], [-71.3031, 46.7699], [-71.3031, 46.7697], [-71.303, 46.7695], [-71.303, 46.7694], [-71.303, 46.7692], [-71.303, 46.7691], [-71.303, 46.769], [-71.3031, 46.7689], [-71.3031, 46.7688], [-71.3032, 46.7686], [-71.3033, 46.7686], [-71.3035, 46.7685], [-71.3036, 46.7684], [-71.3038, 46.7683], [-71.3041, 46.7682], [-71.3043, 46.7682], [-71.3046, 46.7681], [-71.3049, 46.7681], [-71.3052, 46.768], [-71.3055, 46.768], [-71.3059, 46.768], [-71.3062, 46.768], [-71.3065, 46.768], [-71.3068, 46.768], [-71.3071, 46.7681], [-71.3074, 46.7681], [-71.3077, 46.7682], [-71.3079, 46.7682], [-71.3081, 46.7683], [-71.3082, 46.7683], [-71.3083, 46.7684], [-71.3084, 46.7684], [-71.3085, 46.7685], [-71.3085, 46.7686], [-71.3085, 46.7687], [-71.3085, 46.7688], [-71.3085, 46.7689], [-71.3085, 46.769], [-71.3084, 46.7691], [-71.3083, 46.7692], [-71.3082, 46.7694]]]}}, {"type": "Feature", "properties": {"couche": "voile", "station": "Roland-Beaudin", "minutes": 14}, "geometry": {"type": "Polygon", "coordinates": [[[-71.4677, 46.8851], [-71.1325, 46.8874], [-71.1299, 46.6582], [-71.4636, 46.6558], [-71.4677, 46.8851]], [[-71.3083, 46.7692], [-71.3084, 46.7691], [-71.3085, 46.769], [-71.3085, 46.7689], [-71.3085, 46.7688], [-71.3085, 46.7687], [-71.3085, 46.7686], [-71.3085, 46.7685], [-71.3084, 46.7684], [-71.3083, 46.7684], [-71.3082, 46.7683], [-71.3081, 46.7683], [-71.3079, 46.7682], [-71.3077, 46.7682], [-71.3074, 46.7681], [-71.3071, 46.7681], [-71.3068, 46.768], [-71.3065, 46.768], [-71.3062, 46.768], [-71.3059, 46.768], [-71.3055, 46.768], [-71.3052, 46.768], [-71.3049, 46.7681], [-71.3046, 46.7681], [-71.3043, 46.7682], [-71.3041, 46.7682], [-71.3038, 46.7683], [-71.3036, 46.7684], [-71.3035, 46.7685], [-71.3033, 46.7686], [-71.3032, 46.7686], [-71.3031, 46.7688], [-71.3031, 46.7689], [-71.303, 46.769], [-71.303, 46.7691], [-71.303, 46.7692], [-71.303, 46.7694], [-71.303, 46.7695], [-71.3031, 46.7697], [-71.3031, 46.7699], [-71.3032, 46.7701], [-71.3033, 46.7702], [-71.3033, 46.7704], [-71.3033, 46.7705], [-71.3033, 46.7707], [-71.3033, 46.7708], [-71.3033, 46.7709], [-71.3032, 46.7709], [-71.3031, 46.771], [-71.303, 46.771], [-71.3029, 46.7709], [-71.3028, 46.7708], [-71.3027, 46.7707], [-71.3025, 46.7704], [-71.3024, 46.7701], [-71.3022, 46.7698], [-71.302, 46.7694], [-71.3018, 46.769], [-71.3016, 46.7686], [-71.3014, 46.7683], [-71.3011, 46.768], [-71.3009, 46.7677], [-71.3006, 46.7674], [-71.3003, 46.7671], [-71.3, 46.7669], [-71.2998, 46.7667], [-71.2996, 46.7665], [-71.2994, 46.7663], [-71.2993, 46.7661], [-71.2993, 46.7659], [-71.2993, 46.7658], [-71.2993, 46.7657], [-71.2994, 46.7656], [-71.2994, 46.7655], [-71.2994, 46.7654], [-71.2994, 46.7653], [-71.2993, 46.7652], [-71.2992, 46.7652], [-71.2991, 46.7651], [-71.2989, 46.7651], [-71.2987, 46.7651], [-71.2985, 46.7651], [-71.2983, 46.7651], [-71.2981, 46.7651], [-71.2979, 46.7652], [-71.2977, 46.7652], [-71.2975, 46.7653], [-71.2973, 46.7654], [-71.2971, 46.7655], [-71.297, 46.7656], [-71.2968, 46.7656], [-71.2967, 46.7657], [-71.2966, 46.7657], [-71.2965, 46.7657], [-71.2964, 46.7656], [-71.2964, 46.7655], [-71.2963, 46.7654], [-71.2962, 46.7654], [-71.2961, 46.7653], [-71.296, 46.7652], [-71.2959, 46.7652], [-71.2957, 46.7651], [-71.2955, 46.7651], [-71.2953, 46.7651], [-71.2951, 46.7651], [-71.2949, 46.7651], [-71.2948, 46.7651], [-71.2947, 46.7652], [-71.2946, 46.7653], [-71.2945, 46.7654], [-71.2944, 46.7656], [-71.2944, 46.7658], [-71.2944, 46.7659], [-71.2943, 46.766], [-71.2942, 46.7661], [-71.294, 46.7662], [-71.2939, 46.7663], [-71.2937, 46.7663], [-71.2935, 46.7663], [-71.2933, 46.7663], [-71.2931, 46.7663], [-71.2929, 46.7663], [-71.2927, 46.7663], [-71.2926, 46.7664], [-71.2924, 46.7664], [-71.2923, 46.7665], [-71.2922, 46.7666], [-71.2921, 46.7667], [-71.292, 46.7667], [-71.2918, 46.7668], [-71.2915, 46.7668], [-71.2913, 46.7669], [-71.2909, 46.7669], [-71.2905, 46.767], [-71.2901, 46.767], [-71.2898, 46.7671], [-71.2895, 46.7671], [-71.2892, 46.7672], [-71.289, 46.7672], [-71.2889, 46.7673], [-71.2889, 46.7674], [-71.2889, 46.7675], [-71.289, 46.7676], [-71.289, 46.7677], [-71.2891, 46.7678], [-71.2891, 46.7679], [-71.289, 46.768], [-71.289, 46.7681], [-71.2889, 46.7681], [-71.2888, 46.7682], [-71.2887, 46.7683], [-71.2887, 46.7684], [-71.2887, 46.7685], [-71.2887, 46.7686], [-71.2887, 46.7687], [-71.2887, 46.7688], [-71.2888, 46.7689], [-71.2889, 46.769], [-71.2889, 46.7691], [-71.2889, 46.7692], [-71.2888, 46.7693], [-71.2888, 46.7694], [-71.2887, 46.7694], [-71.2886, 46.7695], [-71.2886, 46.7696], [-71.2885, 46.7697], [-71.2884, 46.7698], [-71.2884, 46.77], [-71.2884, 46.7701], [-71.2883, 46.7703], [-71.2883, 46.7705], [-71.2883, 46.7707], [-71.2884, 46.7709], [-71.2884, 46.771], [-71.2884, 46.7712], [-71.2885, 46.7714], [-71.2885, 46.7715], [-71.2886, 46.7716], [-71.2887, 46.7717], [-71.2888, 46.7718], [-71.2888, 46.7719], [-71.2889, 46.7719], [-71.2889, 46.772], [-71.2889, 46.7721], [-71.2889, 46.7722], [-71.2889, 46.7723], [-71.2888, 46.7724], [-71.2887, 46.7724], [-71.2887, 46.7725], [-71.2887, 46.7726], [-71.2888, 46.7727], [-71.2889, 46.7727], [-71.289, 46.7728], [-71.2892, 46.7728], [-71.2894, 46.7728], [-71.2896, 46.7728], [-71.2897, 46.7729], [-71.2897, 46.773], [-71.2896, 46.7731], [-71.2895, 46.7732], [-71.2892, 46.7733], [-71.289, 46.7735], [-71.2888, 46.7736], [-71.2886, 46.7738], [-71.2885, 46.7739], [-71.2885, 46.7741], [-71.2886, 46.7742], [-71.2887, 46.7743], [-71.2889, 46.7745], [-71.2891, 46.7746], [-71.2894, 46.7747], [-71.2896, 46.7748], [-71.2898, 46.7749], [-71.2901, 46.7749], [-71.2903, 46.775], [-71.2905, 46.775], [-71.2908, 46.775], [-71.291, 46.775], [-71.2911, 46.775], [-71.2913, 46.775], [-71.2913, 46.7751], [-71.2912, 46.7752], [-71.2911, 46.7752], [-71.2909, 46.7753], [-71.2907, 46.7754], [-71.2905, 46.7754], [-71.2903, 46.7755], [-71.2901, 46.7756], [-71.29, 46.7756], [-71.2899, 46.7757], [-71.2898, 46.7758], [-71.2897, 46.7758], [-71.2897, 46.7759], [-71.2897, 46.776], [-71.2898, 46.776], [-71.2899, 46.7761], [-71.29, 46.7761], [-71.2901, 46.7761], [-71.2903, 46.7761], [-71.2905, 46.7761], [-71.2906, 46.7761], [-71.2908, 46.7761], [-71.2909, 46.7761], [-71.291, 46.7762], [-71.2909, 46.7763], [-71.2908, 46.7764], [-71.2908, 46.7765], [-71.2908, 46.7766], [-71.2908, 46.7767], [-71.2908, 46.7768], [-71.2909, 46.7768], [-71.291, 46.7768], [-71.2911, 46.7769], [-71.2912, 46.7769], [-71.2913, 46.7769], [-71.2914, 46.7769], [-71.2915, 46.7769], [-71.2916, 46.7768], [-71.2917, 46.7768], [-71.2918, 46.7767], [-71.2918, 46.7766], [-71.2919, 46.7766], [-71.292, 46.7766], [-71.2921, 46.7766], [-71.2922, 46.7767], [-71.2923, 46.7767], [-71.2924, 46.7768], [-71.2925, 46.7769], [-71.2926, 46.7769], [-71.2927, 46.777], [-71.2927, 46.7771], [-71.2928, 46.7772], [-71.2928, 46.7773], [-71.2928, 46.7774], [-71.2927, 46.7774], [-71.2927, 46.7775], [-71.2927, 46.7776], [-71.2927, 46.7777], [-71.2927, 46.7778], [-71.2928, 46.7779], [-71.2929, 46.778], [-71.293, 46.778], [-71.2932, 46.7781], [-71.2933, 46.7781], [-71.2935, 46.7781], [-71.2937, 46.7782], [-71.2938, 46.7781], [-71.294, 46.7781], [-71.2942, 46.7781], [-71.2943, 46.778], [-71.2945, 46.778], [-71.2947, 46.7779], [-71.2948, 46.7779], [-71.295, 46.7779], [-71.2952, 46.7779], [-71.2953, 46.7779], [-71.2955, 46.7779], [-71.2956, 46.778], [-71.2958, 46.7781], [-71.2959, 46.7781], [-71.296, 46.7781], [-71.2961, 46.7781], [-71.2962, 46.7781], [-71.2962, 46.778], [-71.2962, 46.7779], [-71.2962, 46.7778], [-71.2962, 46.7776], [-71.2962, 46.7775], [-71.2963, 46.7774], [-71.2963, 46.7773], [-71.2964, 46.7773], [-71.2966, 46.7773], [-71.2968, 46.7773], [-71.297, 46.7774], [-71.2973, 46.7775], [-71.2975, 46.7776], [-71.2977, 46.7776], [-71.2979, 46.7776], [-71.298, 46.7776], [-71.2982, 46.7776], [-71.2983, 46.7776], [-71.2984, 46.7775], [-71.2984, 46.7774], [-71.2985, 46.7773], [-71.2986, 46.7773], [-71.2987, 46.7773], [-71.2989, 46.7774], [-71.2991, 46.7774], [-71.2993, 46.7775], [-71.2995, 46.7777], [-71.2997, 46.7778], [-71.3, 46.778], [-71.3002, 46.7781], [-71.3003, 46.7782], [-71.3005, 46.7782], [-71.3006, 46.7782], [-71.3008, 46.7782], [-71.3009, 46.7782], [-71.301, 46.7781], [-71.3011, 46.778], [-71.3011, 46.7779], [-71.301, 46.7779], [-71.301, 46.7778], [-71.3009, 46.7777], [-71.3008, 46.7776], [-71.3009, 46.7776], [-71.3011, 46.7777], [-71.3012, 46.7778], [-71.3014, 46.7779], [-71.3016, 46.778], [-71.3018, 46.7781], [-71.302, 46.7781], [-71.3021, 46.7781], [-71.3023, 46.7781], [-71.3024, 46.778], [-71.3025, 46.7779], [-71.3026, 46.7778], [-71.3027, 46.7777], [-71.3028, 46.7776], [-71.3029, 46.7776], [-71.303, 46.7776], [-71.3031, 46.7776], [-71.3033, 46.7777], [-71.3034, 46.7778], [-71.3036, 46.7779], [-71.3038, 46.778], [-71.3039, 46.7781], [-71.3041, 46.7782], [-71.3043, 46.7783], [-71.3045, 46.7783], [-71.3048, 46.7784], [-71.305, 46.7784], [-71.3052, 46.7784], [-71.3054, 46.7784], [-71.3056, 46.7783], [-71.3058, 46.7782], [-71.3059, 46.7781], [-71.306, 46.778], [-71.3061, 46.7778], [-71.3062, 46.7777], [-71.3063, 46.7775], [-71.3063, 46.7772], [-71.3062, 46.7769], [-71.3062, 46.7766], [-71.306, 46.7763], [-71.3059, 46.7759], [-71.3057, 46.7755], [-71.3055, 46.775], [-71.3052, 46.7745], [-71.305, 46.7741], [-71.3047, 46.7737], [-71.3045, 46.7734], [-71.3043, 46.7732], [-71.3041, 46.7729], [-71.3039, 46.7728], [-71.3038, 46.7727], [-71.3036, 46.7726], [-71.3035, 46.7725], [-71.3035, 46.7724], [-71.3035, 46.7723], [-71.3036, 46.7722], [-71.3038, 46.7721], [-71.304, 46.7719], [-71.3042, 46.7718], [-71.3044, 46.7717], [-71.3043, 46.7718], [-71.3043, 46.7719], [-71.3043, 46.772], [-71.3043, 46.7721], [-71.3044, 46.7721], [-71.3044, 46.7722], [-71.3045, 46.7722], [-71.3046, 46.7722], [-71.3047, 46.7722], [-71.3048, 46.7722], [-71.3049, 46.7722], [-71.305, 46.7721], [-71.3052, 46.7721], [-71.3053, 46.7721], [-71.3055, 46.772], [-71.3058, 46.772], [-71.306, 46.7721], [-71.3063, 46.7721], [-71.3066, 46.7721], [-71.307, 46.7721], [-71.3073, 46.7722], [-71.3075, 46.7722], [-71.3077, 46.7721], [-71.3079, 46.7721], [-71.308, 46.7721], [-71.308, 46.772], [-71.308, 46.7719], [-71.308, 46.7718], [-71.3079, 46.7717], [-71.3079, 46.7716], [-71.3079, 46.7715], [-71.308, 46.7714], [-71.308, 46.7713], [-71.3081, 46.7711], [-71.3081, 46.771], [-71.3082, 46.7709], [-71.3083, 46.7708], [-71.3084, 46.7707], [-71.3084, 46.7705], [-71.3084, 46.7704], [-71.3083, 46.7703], [-71.3083, 46.7702], [-71.3082, 46.7701], [-71.3081, 46.77], [-71.3081, 46.7699], [-71.3081, 46.7698], [-71.3081, 46.7697], [-71.3081, 46.7696], [-71.3081, 46.7695], [-71.3082, 46.7694], [-71.3083, 46.7692]]]}}, {"type": "Feature", "properties": {"couche": "aire_marche", "station": "Roland-Beaudin", "ordre": 7, "minutes": 15, "superficie_ha": 178.3, "rue_km": 57.13, "disque_ha": 346.4, "part_disque_pct": 51, "accroche_m": 1, "population": 5830, "navetteurs": 2289, "mode_auto_pct": 68, "mode_tc_pct": 18, "mode_actif_pct": 13, "mode_autre_pct": 1}, "geometry": {"type": "Polygon", "coordinates": [[[-71.3085, 46.7692], [-71.3084, 46.7694], [-71.3083, 46.7695], [-71.3082, 46.7697], [-71.3082, 46.7699], [-71.3083, 46.77], [-71.3083, 46.7701], [-71.3085, 46.7703], [-71.3086, 46.7704], [-71.3088, 46.7705], [-71.3089, 46.7707], [-71.3089, 46.7708], [-71.309, 46.7709], [-71.309, 46.7711], [-71.3089, 46.7712], [-71.3089, 46.7713], [-71.3088, 46.7714], [-71.3087, 46.7716], [-71.3086, 46.7717], [-71.3086, 46.7718], [-71.3086, 46.7719], [-71.3086, 46.772], [-71.3086, 46.7722], [-71.3086, 46.7723], [-71.3087, 46.7724], [-71.3087, 46.7725], [-71.3086, 46.7726], [-71.3085, 46.7726], [-71.3083, 46.7726], [-71.3082, 46.7726], [-71.308, 46.7726], [-71.3078, 46.7725], [-71.3076, 46.7725], [-71.3074, 46.7725], [-71.3073, 46.7725], [-71.3071, 46.7725], [-71.307, 46.7726], [-71.3069, 46.7726], [-71.3068, 46.7726], [-71.3067, 46.7727], [-71.3066, 46.7727], [-71.3065, 46.7727], [-71.3064, 46.7727], [-71.3063, 46.7727], [-71.3063, 46.7726], [-71.3062, 46.7726], [-71.3061, 46.7725], [-71.306, 46.7725], [-71.3059, 46.7725], [-71.3058, 46.7725], [-71.3057, 46.7725], [-71.3056, 46.7726], [-71.3055, 46.7726], [-71.3054, 46.7726], [-71.3052, 46.7726], [-71.3051, 46.7726], [-71.305, 46.7726], [-71.3049, 46.7726], [-71.3048, 46.7725], [-71.3047, 46.7724], [-71.3046, 46.7723], [-71.3045, 46.7722], [-71.3044, 46.7721], [-71.3044, 46.772], [-71.3044, 46.7719], [-71.3044, 46.7718], [-71.3044, 46.7717], [-71.3042, 46.7718], [-71.304, 46.7719], [-71.3038, 46.7721], [-71.3036, 46.7722], [-71.3035, 46.7723], [-71.3035, 46.7724], [-71.3035, 46.7725], [-71.3036, 46.7726], [-71.3038, 46.7727], [-71.3039, 46.7728], [-71.3041, 46.7729], [-71.3042, 46.7731], [-71.3044, 46.7733], [-71.3045, 46.7736], [-71.3047, 46.7739], [-71.3049, 46.7743], [-71.305, 46.7747], [-71.3052, 46.7751], [-71.3054, 46.7754], [-71.3056, 46.7757], [-71.3058, 46.776], [-71.3059, 46.7762], [-71.3061, 46.7765], [-71.3064, 46.7766], [-71.3066, 46.7768], [-71.3067, 46.7769], [-71.3069, 46.7771], [-71.307, 46.7772], [-71.3071, 46.7774], [-71.3071, 46.7775], [-71.3072, 46.7777], [-71.3071, 46.7778], [-71.3071, 46.778], [-71.307, 46.7781], [-71.3068, 46.7782], [-71.3066, 46.7783], [-71.3063, 46.7784], [-71.3059, 46.7785], [-71.3055, 46.7786], [-71.305, 46.7786], [-71.3045, 46.7787], [-71.304, 46.7787], [-71.3035, 46.7787], [-71.3031, 46.7787], [-71.3027, 46.7786], [-71.3023, 46.7785], [-71.302, 46.7784], [-71.3017, 46.7782], [-71.3014, 46.778], [-71.3013, 46.778], [-71.3014, 46.7781], [-71.3015, 46.7782], [-71.3016, 46.7783], [-71.3016, 46.7784], [-71.3016, 46.7785], [-71.3016, 46.7786], [-71.3015, 46.7787], [-71.3014, 46.7787], [-71.3013, 46.7787], [-71.3011, 46.7786], [-71.3009, 46.7786], [-71.3007, 46.7785], [-71.3005, 46.7783], [-71.3002, 46.7782], [-71.2999, 46.778], [-71.2997, 46.7778], [-71.2994, 46.7777], [-71.2993, 46.7776], [-71.2992, 46.7775], [-71.2991, 46.7775], [-71.2991, 46.7776], [-71.2991, 46.7777], [-71.2992, 46.7777], [-71.2992, 46.7778], [-71.2992, 46.7779], [-71.2992, 46.778], [-71.2991, 46.7781], [-71.299, 46.7781], [-71.2989, 46.7782], [-71.2988, 46.7782], [-71.2987, 46.7781], [-71.2985, 46.7781], [-71.2984, 46.778], [-71.2982, 46.7779], [-71.298, 46.7778], [-71.2977, 46.7776], [-71.2975, 46.7775], [-71.2973, 46.7774], [-71.2972, 46.7773], [-71.297, 46.7772], [-71.2969, 46.7772], [-71.2967, 46.7771], [-71.2966, 46.7771], [-71.2965, 46.7771], [-71.2964, 46.7771], [-71.2963, 46.7771], [-71.2962, 46.7772], [-71.2962, 46.7773], [-71.2963, 46.7774], [-71.2963, 46.7775], [-71.2964, 46.7775], [-71.2964, 46.7776], [-71.2965, 46.7776], [-71.2966, 46.7776], [-71.2967, 46.7777], [-71.2968, 46.7777], [-71.297, 46.7777], [-71.2971, 46.7777], [-71.2972, 46.7778], [-71.2972, 46.7779], [-71.2972, 46.778], [-71.2972, 46.7781], [-71.2971, 46.7782], [-71.297, 46.7784], [-71.2969, 46.7785], [-71.2968, 46.7785], [-71.2967, 46.7786], [-71.2965, 46.7786], [-71.2964, 46.7786], [-71.2962, 46.7785], [-71.296, 46.7784], [-71.2958, 46.7782], [-71.2956, 46.7781], [-71.2954, 46.778], [-71.2952, 46.778], [-71.2949, 46.778], [-71.2947, 46.778], [-71.2945, 46.7781], [-71.2942, 46.7782], [-71.294, 46.7783], [-71.2937, 46.7784], [-71.2935, 46.7785], [-71.2933, 46.7785], [-71.2931, 46.7786], [-71.2929, 46.7786], [-71.2927, 46.7786], [-71.2926, 46.7785], [-71.2924, 46.7785], [-71.2923, 46.7784], [-71.2922, 46.7784], [-71.2921, 46.7783], [-71.292, 46.7782], [-71.292, 46.7781], [-71.292, 46.778], [-71.292, 46.7779], [-71.292, 46.7778], [-71.292, 46.7777], [-71.2919, 46.7776], [-71.2918, 46.7775], [-71.2917, 46.7774], [-71.2916, 46.7773], [-71.2915, 46.7772], [-71.2913, 46.7771], [-71.2911, 46.777], [-71.2909, 46.7769], [-71.2907, 46.7769], [-71.2905, 46.7768], [-71.2903, 46.7767], [-71.29, 46.7767], [-71.2898, 46.7766], [-71.2896, 46.7766], [-71.2894, 46.7765], [-71.2892, 46.7764], [-71.2891, 46.7763], [-71.289, 46.7762], [-71.289, 46.7761], [-71.289, 46.776], [-71.289, 46.7759], [-71.2891, 46.7757], [-71.2892, 46.7756], [-71.2893, 46.7755], [-71.2895, 46.7754], [-71.2897, 46.7754], [-71.29, 46.7753], [-71.2903, 46.7752], [-71.2906, 46.7752], [-71.2908, 46.7751], [-71.2909, 46.7751], [-71.2909, 46.775], [-71.2908, 46.775], [-71.2906, 46.7749], [-71.2902, 46.7748], [-71.2898, 46.7747], [-71.2892, 46.7746], [-71.2888, 46.7745], [-71.2884, 46.7744], [-71.2882, 46.7743], [-71.2881, 46.7742], [-71.2881, 46.774], [-71.2883, 46.7739], [-71.2885, 46.7737], [-71.2889, 46.7735], [-71.2892, 46.7733], [-71.2895, 46.7732], [-71.2897, 46.7731], [-71.2899, 46.7729], [-71.29, 46.7728], [-71.2901, 46.7728], [-71.2901, 46.7727], [-71.29, 46.7727], [-71.2899, 46.7727], [-71.2897, 46.7727], [-71.2896, 46.7727], [-71.2895, 46.7728], [-71.2893, 46.7728], [-71.2891, 46.7729], [-71.2889, 46.773], [-71.2887, 46.7731], [-71.2885, 46.7731], [-71.2884, 46.7732], [-71.2882, 46.7732], [-71.2881, 46.7732], [-71.288, 46.7732], [-71.2879, 46.7732], [-71.2878, 46.7731], [-71.2878, 46.773], [-71.2879, 46.7729], [-71.288, 46.7728], [-71.2881, 46.7727], [-71.2883, 46.7726], [-71.2884, 46.7725], [-71.2886, 46.7724], [-71.2887, 46.7723], [-71.2887, 46.7722], [-71.2887, 46.7721], [-71.2887, 46.772], [-71.2886, 46.7719], [-71.2885, 46.7718], [-71.2883, 46.7717], [-71.2882, 46.7716], [-71.288, 46.7715], [-71.2879, 46.7714], [-71.2878, 46.7712], [-71.2878, 46.771], [-71.2877, 46.7708], [-71.2877, 46.7706], [-71.2877, 46.7704], [-71.2877, 46.7702], [-71.2877, 46.77], [-71.2878, 46.7699], [-71.2878, 46.7697], [-71.2879, 46.7696], [-71.288, 46.7696], [-71.2881, 46.7695], [-71.2882, 46.7695], [-71.2883, 46.7695], [-71.2884, 46.7695], [-71.2885, 46.7695], [-71.2886, 46.7695], [-71.2886, 46.7694], [-71.2887, 46.7694], [-71.2888, 46.7694], [-71.2888, 46.7693], [-71.2889, 46.7693], [-71.2889, 46.7692], [-71.2888, 46.7692], [-71.2887, 46.7692], [-71.2885, 46.7692], [-71.2884, 46.7692], [-71.2883, 46.7692], [-71.2882, 46.7691], [-71.2881, 46.7691], [-71.2881, 46.769], [-71.288, 46.7689], [-71.288, 46.7688], [-71.288, 46.7687], [-71.288, 46.7686], [-71.288, 46.7685], [-71.2881, 46.7684], [-71.2882, 46.7683], [-71.2883, 46.7682], [-71.2884, 46.7682], [-71.2886, 46.7681], [-71.2887, 46.768], [-71.2888, 46.7679], [-71.2888, 46.7678], [-71.2887, 46.7677], [-71.2886, 46.7677], [-71.2885, 46.7676], [-71.2884, 46.7676], [-71.2883, 46.7675], [-71.2882, 46.7675], [-71.2881, 46.7674], [-71.288, 46.7673], [-71.288, 46.7672], [-71.288, 46.7671], [-71.288, 46.767], [-71.2881, 46.7669], [-71.2881, 46.7668], [-71.2882, 46.7667], [-71.2884, 46.7667], [-71.2885, 46.7667], [-71.2887, 46.7666], [-71.2888, 46.7666], [-71.289, 46.7666], [-71.2892, 46.7666], [-71.2893, 46.7666], [-71.2894, 46.7667], [-71.2895, 46.7667], [-71.2896, 46.7668], [-71.2896, 46.7669], [-71.2897, 46.767], [-71.2898, 46.767], [-71.29, 46.767], [-71.2901, 46.767], [-71.2903, 46.7669], [-71.2905, 46.7668], [-71.2907, 46.7666], [-71.291, 46.7665], [-71.2912, 46.7663], [-71.2915, 46.7662], [-71.2918, 46.7661], [-71.2921, 46.766], [-71.2924, 46.766], [-71.2926, 46.766], [-71.2929, 46.7661], [-71.2932, 46.7661], [-71.2935, 46.7662], [-71.2937, 46.7662], [-71.2939, 46.7661], [-71.294, 46.7661], [-71.294, 46.766], [-71.294, 46.7659], [-71.294, 46.7657], [-71.2939, 46.7655], [-71.2938, 46.7654], [-71.2938, 46.7652], [-71.2937, 46.7651], [-71.2937, 46.7649], [-71.2937, 46.7648], [-71.2937, 46.7647], [-71.2938, 46.7646], [-71.2939, 46.7646], [-71.294, 46.7646], [-71.2941, 46.7646], [-71.2942, 46.7646], [-71.2943, 46.7647], [-71.2945, 46.7647], [-71.2947, 46.7648], [-71.2949, 46.7649], [-71.2951, 46.765], [-71.2953, 46.7651], [-71.2955, 46.7651], [-71.2957, 46.7651], [-71.2959, 46.7651], [-71.296, 46.7651], [-71.2962, 46.7651], [-71.2964, 46.765], [-71.2965, 46.765], [-71.2967, 46.765], [-71.2968, 46.765], [-71.2969, 46.7651], [-71.2969, 46.7652], [-71.2969, 46.7654], [-71.2969, 46.7655], [-71.297, 46.7655], [-71.2971, 46.7655], [-71.2972, 46.7654], [-71.2974, 46.7653], [-71.2975, 46.7651], [-71.2977, 46.765], [-71.2979, 46.7648], [-71.2981, 46.7648], [-71.2983, 46.7647], [-71.2985, 46.7647], [-71.2988, 46.7646], [-71.2991, 46.7646], [-71.2994, 46.7647], [-71.2996, 46.7647], [-71.2998, 46.7648], [-71.2999, 46.7649], [-71.2999, 46.765], [-71.2999, 46.7651], [-71.2999, 46.7652], [-71.2998, 46.7653], [-71.2996, 46.7655], [-71.2995, 46.7657], [-71.2994, 46.7658], [-71.2994, 46.766], [-71.2995, 46.7662], [-71.2996, 46.7664], [-71.2998, 46.7667], [-71.3, 46.7669], [-71.3003, 46.7671], [-71.3006, 46.7674], [-71.3009, 46.7677], [-71.3011, 46.768], [-71.3014, 46.7683], [-71.3016, 46.7686], [-71.3018, 46.769], [-71.302, 46.7694], [-71.3022, 46.7698], [-71.3024, 46.7701], [-71.3025, 46.7704], [-71.3027, 46.7707], [-71.3028, 46.7708], [-71.3029, 46.7709], [-71.303, 46.771], [-71.3031, 46.771], [-71.3032, 46.7709], [-71.3033, 46.7708], [-71.3033, 46.7707], [-71.3033, 46.7706], [-71.3033, 46.7704], [-71.3032, 46.7702], [-71.3031, 46.77], [-71.303, 46.7698], [-71.3029, 46.7695], [-71.3028, 46.7693], [-71.3027, 46.7691], [-71.3026, 46.7689], [-71.3026, 46.7687], [-71.3025, 46.7685], [-71.3025, 46.7684], [-71.3026, 46.7683], [-71.3026, 46.7682], [-71.3026, 46.7681], [-71.3027, 46.7681], [-71.3028, 46.768], [-71.3029, 46.768], [-71.3031, 46.768], [-71.3032, 46.768], [-71.3034, 46.768], [-71.3036, 46.768], [-71.3038, 46.7681], [-71.304, 46.7681], [-71.3041, 46.768], [-71.3043, 46.768], [-71.3045, 46.768], [-71.3046, 46.7679], [-71.3048, 46.7678], [-71.3049, 46.7677], [-71.3051, 46.7676], [-71.3052, 46.7675], [-71.3054, 46.7675], [-71.3056, 46.7674], [-71.3058, 46.7674], [-71.3059, 46.7674], [-71.3061, 46.7674], [-71.3063, 46.7674], [-71.3065, 46.7675], [-71.3067, 46.7675], [-71.3068, 46.7676], [-71.307, 46.7676], [-71.3071, 46.7677], [-71.3072, 46.7678], [-71.3073, 46.7679], [-71.3073, 46.768], [-71.3074, 46.7681], [-71.3075, 46.7681], [-71.3075, 46.7682], [-71.3076, 46.7682], [-71.3077, 46.7682], [-71.3078, 46.7681], [-71.3079, 46.768], [-71.308, 46.768], [-71.3081, 46.7679], [-71.3082, 46.7679], [-71.3083, 46.7679], [-71.3084, 46.7679], [-71.3085, 46.7679], [-71.3087, 46.768], [-71.3088, 46.7681], [-71.3089, 46.7682], [-71.309, 46.7683], [-71.309, 46.7684], [-71.309, 46.7685], [-71.3089, 46.7687], [-71.3088, 46.7688], [-71.3087, 46.769], [-71.3085, 46.7692]]]}}, {"type": "Feature", "properties": {"couche": "voile", "station": "Roland-Beaudin", "minutes": 15}, "geometry": {"type": "Polygon", "coordinates": [[[-71.4682, 46.8854], [-71.1319, 46.8877], [-71.1293, 46.6577], [-71.4641, 46.6553], [-71.4682, 46.8854]], [[-71.3087, 46.769], [-71.3088, 46.7688], [-71.3089, 46.7687], [-71.309, 46.7685], [-71.309, 46.7684], [-71.309, 46.7683], [-71.3089, 46.7682], [-71.3088, 46.7681], [-71.3087, 46.768], [-71.3085, 46.7679], [-71.3084, 46.7679], [-71.3083, 46.7679], [-71.3082, 46.7679], [-71.3081, 46.7679], [-71.308, 46.768], [-71.3079, 46.768], [-71.3078, 46.7681], [-71.3077, 46.7682], [-71.3076, 46.7682], [-71.3075, 46.7682], [-71.3075, 46.7681], [-71.3074, 46.7681], [-71.3073, 46.768], [-71.3073, 46.7679], [-71.3072, 46.7678], [-71.3071, 46.7677], [-71.307, 46.7676], [-71.3068, 46.7676], [-71.3067, 46.7675], [-71.3065, 46.7675], [-71.3063, 46.7674], [-71.3061, 46.7674], [-71.3059, 46.7674], [-71.3058, 46.7674], [-71.3056, 46.7674], [-71.3054, 46.7675], [-71.3052, 46.7675], [-71.3051, 46.7676], [-71.3049, 46.7677], [-71.3048, 46.7678], [-71.3046, 46.7679], [-71.3045, 46.768], [-71.3043, 46.768], [-71.3041, 46.768], [-71.304, 46.7681], [-71.3038, 46.7681], [-71.3036, 46.768], [-71.3034, 46.768], [-71.3032, 46.768], [-71.3031, 46.768], [-71.3029, 46.768], [-71.3028, 46.768], [-71.3027, 46.7681], [-71.3026, 46.7681], [-71.3026, 46.7682], [-71.3026, 46.7683], [-71.3025, 46.7684], [-71.3025, 46.7685], [-71.3026, 46.7687], [-71.3026, 46.7689], [-71.3027, 46.7691], [-71.3028, 46.7693], [-71.3029, 46.7695], [-71.303, 46.7698], [-71.3031, 46.77], [-71.3032, 46.7702], [-71.3033, 46.7704], [-71.3033, 46.7706], [-71.3033, 46.7707], [-71.3033, 46.7708], [-71.3032, 46.7709], [-71.3031, 46.771], [-71.303, 46.771], [-71.3029, 46.7709], [-71.3028, 46.7708], [-71.3027, 46.7707], [-71.3025, 46.7704], [-71.3024, 46.7701], [-71.3022, 46.7698], [-71.302, 46.7694], [-71.3018, 46.769], [-71.3016, 46.7686], [-71.3014, 46.7683], [-71.3011, 46.768], [-71.3009, 46.7677], [-71.3006, 46.7674], [-71.3003, 46.7671], [-71.3, 46.7669], [-71.2998, 46.7667], [-71.2996, 46.7664], [-71.2995, 46.7662], [-71.2994, 46.766], [-71.2994, 46.7658], [-71.2995, 46.7657], [-71.2996, 46.7655], [-71.2998, 46.7653], [-71.2999, 46.7652], [-71.2999, 46.7651], [-71.2999, 46.765], [-71.2999, 46.7649], [-71.2998, 46.7648], [-71.2996, 46.7647], [-71.2994, 46.7647], [-71.2991, 46.7646], [-71.2988, 46.7646], [-71.2985, 46.7647], [-71.2983, 46.7647], [-71.2981, 46.7648], [-71.2979, 46.7648], [-71.2977, 46.765], [-71.2975, 46.7651], [-71.2974, 46.7653], [-71.2972, 46.7654], [-71.2971, 46.7655], [-71.297, 46.7655], [-71.2969, 46.7655], [-71.2969, 46.7654], [-71.2969, 46.7652], [-71.2969, 46.7651], [-71.2968, 46.765], [-71.2967, 46.765], [-71.2965, 46.765], [-71.2964, 46.765], [-71.2962, 46.7651], [-71.296, 46.7651], [-71.2959, 46.7651], [-71.2957, 46.7651], [-71.2955, 46.7651], [-71.2953, 46.7651], [-71.2951, 46.765], [-71.2949, 46.7649], [-71.2947, 46.7648], [-71.2945, 46.7647], [-71.2943, 46.7647], [-71.2942, 46.7646], [-71.2941, 46.7646], [-71.294, 46.7646], [-71.2939, 46.7646], [-71.2938, 46.7646], [-71.2937, 46.7647], [-71.2937, 46.7648], [-71.2937, 46.7649], [-71.2937, 46.7651], [-71.2938, 46.7652], [-71.2938, 46.7654], [-71.2939, 46.7655], [-71.294, 46.7657], [-71.294, 46.7659], [-71.294, 46.766], [-71.294, 46.7661], [-71.2939, 46.7661], [-71.2937, 46.7662], [-71.2935, 46.7662], [-71.2932, 46.7661], [-71.2929, 46.7661], [-71.2926, 46.766], [-71.2924, 46.766], [-71.2921, 46.766], [-71.2918, 46.7661], [-71.2915, 46.7662], [-71.2912, 46.7663], [-71.291, 46.7665], [-71.2907, 46.7666], [-71.2905, 46.7668], [-71.2903, 46.7669], [-71.2901, 46.767], [-71.29, 46.767], [-71.2898, 46.767], [-71.2897, 46.767], [-71.2896, 46.7669], [-71.2896, 46.7668], [-71.2895, 46.7667], [-71.2894, 46.7667], [-71.2893, 46.7666], [-71.2892, 46.7666], [-71.289, 46.7666], [-71.2888, 46.7666], [-71.2887, 46.7666], [-71.2885, 46.7667], [-71.2884, 46.7667], [-71.2882, 46.7667], [-71.2881, 46.7668], [-71.2881, 46.7669], [-71.288, 46.767], [-71.288, 46.7671], [-71.288, 46.7672], [-71.288, 46.7673], [-71.2881, 46.7674], [-71.2882, 46.7675], [-71.2883, 46.7675], [-71.2884, 46.7676], [-71.2885, 46.7676], [-71.2886, 46.7677], [-71.2887, 46.7677], [-71.2888, 46.7678], [-71.2888, 46.7679], [-71.2887, 46.768], [-71.2886, 46.7681], [-71.2884, 46.7682], [-71.2883, 46.7682], [-71.2882, 46.7683], [-71.2881, 46.7684], [-71.288, 46.7685], [-71.288, 46.7686], [-71.288, 46.7687], [-71.288, 46.7688], [-71.288, 46.7689], [-71.2881, 46.769], [-71.2881, 46.7691], [-71.2882, 46.7691], [-71.2883, 46.7692], [-71.2884, 46.7692], [-71.2885, 46.7692], [-71.2887, 46.7692], [-71.2888, 46.7692], [-71.2889, 46.7692], [-71.2889, 46.7693], [-71.2888, 46.7693], [-71.2888, 46.7694], [-71.2887, 46.7694], [-71.2886, 46.7694], [-71.2886, 46.7695], [-71.2885, 46.7695], [-71.2884, 46.7695], [-71.2883, 46.7695], [-71.2882, 46.7695], [-71.2881, 46.7695], [-71.288, 46.7696], [-71.2879, 46.7696], [-71.2878, 46.7697], [-71.2878, 46.7699], [-71.2877, 46.77], [-71.2877, 46.7702], [-71.2877, 46.7704], [-71.2877, 46.7706], [-71.2877, 46.7708], [-71.2878, 46.771], [-71.2878, 46.7712], [-71.2879, 46.7714], [-71.288, 46.7715], [-71.2882, 46.7716], [-71.2883, 46.7717], [-71.2885, 46.7718], [-71.2886, 46.7719], [-71.2887, 46.772], [-71.2887, 46.7721], [-71.2887, 46.7722], [-71.2887, 46.7723], [-71.2886, 46.7724], [-71.2884, 46.7725], [-71.2883, 46.7726], [-71.2881, 46.7727], [-71.288, 46.7728], [-71.2879, 46.7729], [-71.2878, 46.773], [-71.2878, 46.7731], [-71.2879, 46.7732], [-71.288, 46.7732], [-71.2881, 46.7732], [-71.2882, 46.7732], [-71.2884, 46.7732], [-71.2885, 46.7731], [-71.2887, 46.7731], [-71.2889, 46.773], [-71.2891, 46.7729], [-71.2893, 46.7728], [-71.2895, 46.7728], [-71.2896, 46.7727], [-71.2897, 46.7727], [-71.2899, 46.7727], [-71.29, 46.7727], [-71.2901, 46.7727], [-71.2901, 46.7728], [-71.29, 46.7728], [-71.2899, 46.7729], [-71.2897, 46.7731], [-71.2895, 46.7732], [-71.2892, 46.7733], [-71.2889, 46.7735], [-71.2885, 46.7737], [-71.2883, 46.7739], [-71.2881, 46.774], [-71.2881, 46.7742], [-71.2882, 46.7743], [-71.2884, 46.7744], [-71.2888, 46.7745], [-71.2892, 46.7746], [-71.2898, 46.7747], [-71.2902, 46.7748], [-71.2906, 46.7749], [-71.2908, 46.775], [-71.2909, 46.775], [-71.2909, 46.7751], [-71.2908, 46.7751], [-71.2906, 46.7752], [-71.2903, 46.7752], [-71.29, 46.7753], [-71.2897, 46.7754], [-71.2895, 46.7754], [-71.2893, 46.7755], [-71.2892, 46.7756], [-71.2891, 46.7757], [-71.289, 46.7759], [-71.289, 46.776], [-71.289, 46.7761], [-71.289, 46.7762], [-71.2891, 46.7763], [-71.2892, 46.7764], [-71.2894, 46.7765], [-71.2896, 46.7766], [-71.2898, 46.7766], [-71.29, 46.7767], [-71.2903, 46.7767], [-71.2905, 46.7768], [-71.2907, 46.7769], [-71.2909, 46.7769], [-71.2911, 46.777], [-71.2913, 46.7771], [-71.2915, 46.7772], [-71.2916, 46.7773], [-71.2917, 46.7774], [-71.2918, 46.7775], [-71.2919, 46.7776], [-71.292, 46.7777], [-71.292, 46.7778], [-71.292, 46.7779], [-71.292, 46.778], [-71.292, 46.7781], [-71.292, 46.7782], [-71.2921, 46.7783], [-71.2922, 46.7784], [-71.2923, 46.7784], [-71.2924, 46.7785], [-71.2926, 46.7785], [-71.2927, 46.7786], [-71.2929, 46.7786], [-71.2931, 46.7786], [-71.2933, 46.7785], [-71.2935, 46.7785], [-71.2937, 46.7784], [-71.294, 46.7783], [-71.2942, 46.7782], [-71.2945, 46.7781], [-71.2947, 46.778], [-71.2949, 46.778], [-71.2952, 46.778], [-71.2954, 46.778], [-71.2956, 46.7781], [-71.2958, 46.7782], [-71.296, 46.7784], [-71.2962, 46.7785], [-71.2964, 46.7786], [-71.2965, 46.7786], [-71.2967, 46.7786], [-71.2968, 46.7785], [-71.2969, 46.7785], [-71.297, 46.7784], [-71.2971, 46.7782], [-71.2972, 46.7781], [-71.2972, 46.778], [-71.2972, 46.7779], [-71.2972, 46.7778], [-71.2971, 46.7777], [-71.297, 46.7777], [-71.2968, 46.7777], [-71.2967, 46.7777], [-71.2966, 46.7776], [-71.2965, 46.7776], [-71.2964, 46.7776], [-71.2964, 46.7775], [-71.2963, 46.7775], [-71.2963, 46.7774], [-71.2962, 46.7773], [-71.2962, 46.7772], [-71.2963, 46.7771], [-71.2964, 46.7771], [-71.2965, 46.7771], [-71.2966, 46.7771], [-71.2967, 46.7771], [-71.2969, 46.7772], [-71.297, 46.7772], [-71.2972, 46.7773], [-71.2973, 46.7774], [-71.2975, 46.7775], [-71.2977, 46.7776], [-71.298, 46.7778], [-71.2982, 46.7779], [-71.2984, 46.778], [-71.2985, 46.7781], [-71.2987, 46.7781], [-71.2988, 46.7782], [-71.2989, 46.7782], [-71.299, 46.7781], [-71.2991, 46.7781], [-71.2992, 46.778], [-71.2992, 46.7779], [-71.2992, 46.7778], [-71.2992, 46.7777], [-71.2991, 46.7777], [-71.2991, 46.7776], [-71.2991, 46.7775], [-71.2992, 46.7775], [-71.2993, 46.7776], [-71.2994, 46.7777], [-71.2997, 46.7778], [-71.2999, 46.778], [-71.3002, 46.7782], [-71.3005, 46.7783], [-71.3007, 46.7785], [-71.3009, 46.7786], [-71.3011, 46.7786], [-71.3013, 46.7787], [-71.3014, 46.7787], [-71.3015, 46.7787], [-71.3016, 46.7786], [-71.3016, 46.7785], [-71.3016, 46.7784], [-71.3016, 46.7783], [-71.3015, 46.7782], [-71.3014, 46.7781], [-71.3013, 46.778], [-71.3014, 46.778], [-71.3017, 46.7782], [-71.302, 46.7784], [-71.3023, 46.7785], [-71.3027, 46.7786], [-71.3031, 46.7787], [-71.3035, 46.7787], [-71.304, 46.7787], [-71.3045, 46.7787], [-71.305, 46.7786], [-71.3055, 46.7786], [-71.3059, 46.7785], [-71.3063, 46.7784], [-71.3066, 46.7783], [-71.3068, 46.7782], [-71.307, 46.7781], [-71.3071, 46.778], [-71.3071, 46.7778], [-71.3072, 46.7777], [-71.3071, 46.7775], [-71.3071, 46.7774], [-71.307, 46.7772], [-71.3069, 46.7771], [-71.3067, 46.7769], [-71.3066, 46.7768], [-71.3064, 46.7766], [-71.3061, 46.7765], [-71.3059, 46.7762], [-71.3058, 46.776], [-71.3056, 46.7757], [-71.3054, 46.7754], [-71.3052, 46.7751], [-71.305, 46.7747], [-71.3049, 46.7743], [-71.3047, 46.7739], [-71.3045, 46.7736], [-71.3044, 46.7733], [-71.3042, 46.7731], [-71.3041, 46.7729], [-71.3039, 46.7728], [-71.3038, 46.7727], [-71.3036, 46.7726], [-71.3035, 46.7725], [-71.3035, 46.7724], [-71.3035, 46.7723], [-71.3036, 46.7722], [-71.3038, 46.7721], [-71.304, 46.7719], [-71.3042, 46.7718], [-71.3044, 46.7717], [-71.3044, 46.7718], [-71.3044, 46.7719], [-71.3044, 46.772], [-71.3044, 46.7721], [-71.3045, 46.7722], [-71.3046, 46.7723], [-71.3047, 46.7724], [-71.3048, 46.7725], [-71.3049, 46.7726], [-71.305, 46.7726], [-71.3051, 46.7726], [-71.3052, 46.7726], [-71.3054, 46.7726], [-71.3055, 46.7726], [-71.3056, 46.7726], [-71.3057, 46.7725], [-71.3058, 46.7725], [-71.3059, 46.7725], [-71.306, 46.7725], [-71.3061, 46.7725], [-71.3062, 46.7726], [-71.3063, 46.7726], [-71.3063, 46.7727], [-71.3064, 46.7727], [-71.3065, 46.7727], [-71.3066, 46.7727], [-71.3067, 46.7727], [-71.3068, 46.7726], [-71.3069, 46.7726], [-71.307, 46.7726], [-71.3071, 46.7725], [-71.3073, 46.7725], [-71.3074, 46.7725], [-71.3076, 46.7725], [-71.3078, 46.7725], [-71.308, 46.7726], [-71.3082, 46.7726], [-71.3083, 46.7726], [-71.3085, 46.7726], [-71.3086, 46.7726], [-71.3087, 46.7725], [-71.3087, 46.7724], [-71.3086, 46.7723], [-71.3086, 46.7722], [-71.3086, 46.772], [-71.3086, 46.7719], [-71.3086, 46.7718], [-71.3086, 46.7717], [-71.3087, 46.7716], [-71.3088, 46.7714], [-71.3089, 46.7713], [-71.3089, 46.7712], [-71.309, 46.7711], [-71.309, 46.7709], [-71.3089, 46.7708], [-71.3089, 46.7707], [-71.3088, 46.7705], [-71.3086, 46.7704], [-71.3085, 46.7703], [-71.3083, 46.7701], [-71.3083, 46.77], [-71.3082, 46.7699], [-71.3082, 46.7697], [-71.3083, 46.7695], [-71.3084, 46.7694], [-71.3085, 46.7692], [-71.3087, 46.769]]]}}]}