{"type": "FeatureCollection", "metadata": {"script": "scripts/analysis/tramway-isochrones.py", "genere_le": "2026-10-05", "source": "OpenStreetMap (ODbL) ; Statistique Canada, Recensement 2021", "attribution": "© les contributeurs d'OpenStreetMap", "titre": "Aires de marche et voiles — Saint-Roch", "paliers_min": [2, 3, 4, 5, 6, 7, 8, 9, 10, 11, 12, 13, 14, 15], "vitesse_kmh": 4.2, "methode": "Dijkstra sur le réseau marchable d'OpenStreetMap à 4.2 km/h ; couloir de 40 m autour des rues atteintes. Chaque voile est le complément de l'aire du même palier. Population par pondération de surface des aires de diffusion.", "trous": "comblés — intérieurs de grands îlots, pas des zones inaccessibles", "modes": "Mode de transport domicile–travail, recensement 2021 (mai 2021, en pleine pandémie), données-échantillon 25 %, réparti par pondération de surface."}, "features": [{"type": "Feature", "properties": {"couche": "aire_marche", "station": "Saint-Roch", "ordre": 23, "minutes": 2, "superficie_ha": 1.7, "rue_km": 0.26, "disque_ha": 6.2, "part_disque_pct": 28, "accroche_m": 45, "population": 72, "navetteurs": 21, "mode_auto_pct": 54, "mode_tc_pct": 16, "mode_actif_pct": 30, "mode_autre_pct": 0}, "geometry": {"type": "Polygon", "coordinates": [[[-71.2302, 46.8198], [-71.2301, 46.8199], [-71.23, 46.8199], [-71.2299, 46.8199], [-71.2297, 46.8198], [-71.2295, 46.8198], [-71.2293, 46.8196], [-71.229, 46.8195], [-71.2287, 46.8193], [-71.2284, 46.819], [-71.2282, 46.8188], [-71.228, 46.8186], [-71.2278, 46.8185], [-71.2278, 46.8183], [-71.2277, 46.8182], [-71.2278, 46.8181], [-71.228, 46.818], [-71.2281, 46.818], [-71.2283, 46.8181], [-71.2285, 46.8181], [-71.2287, 46.8182], [-71.2289, 46.8183], [-71.2291, 46.8185], [-71.2294, 46.8187], [-71.2296, 46.8189], [-71.2298, 46.8191], [-71.23, 46.8192], [-71.2301, 46.8194], [-71.2302, 46.8195], [-71.2302, 46.8196], [-71.2302, 46.8197], [-71.2302, 46.8198]]]}}, {"type": "Feature", "properties": {"couche": "voile", "station": "Saint-Roch", "minutes": 2}, "geometry": {"type": "Polygon", "coordinates": [[[-71.3892, 46.9267], [-71.0716, 46.9288], [-71.0693, 46.7109], [-71.3857, 46.7089], [-71.3892, 46.9267]], [[-71.2302, 46.8197], [-71.2302, 46.8196], [-71.2302, 46.8195], [-71.2301, 46.8194], [-71.23, 46.8192], [-71.2298, 46.8191], [-71.2296, 46.8189], [-71.2294, 46.8187], [-71.2291, 46.8185], [-71.2289, 46.8183], [-71.2287, 46.8182], [-71.2285, 46.8181], [-71.2283, 46.8181], [-71.2281, 46.818], [-71.228, 46.818], [-71.2278, 46.8181], [-71.2277, 46.8182], [-71.2278, 46.8183], [-71.2278, 46.8185], [-71.228, 46.8186], [-71.2282, 46.8188], [-71.2284, 46.819], [-71.2287, 46.8193], [-71.229, 46.8195], [-71.2293, 46.8196], [-71.2295, 46.8198], [-71.2297, 46.8198], [-71.2299, 46.8199], [-71.23, 46.8199], [-71.2301, 46.8199], [-71.2302, 46.8198], [-71.2302, 46.8197]]]}}, {"type": "Feature", "properties": {"couche": "aire_marche", "station": "Saint-Roch", "ordre": 23, "minutes": 3, "superficie_ha": 2.4, "rue_km": 0.44, "disque_ha": 13.9, "part_disque_pct": 17, "accroche_m": 45, "population": 97, "navetteurs": 28, "mode_auto_pct": 54, "mode_tc_pct": 16, "mode_actif_pct": 30, "mode_autre_pct": 0}, "geometry": {"type": "Polygon", "coordinates": [[[-71.2302, 46.8198], [-71.2301, 46.8199], [-71.23, 46.8199], [-71.2299, 46.8199], [-71.2297, 46.8199], [-71.2296, 46.8198], [-71.2294, 46.8197], [-71.2292, 46.8196], [-71.229, 46.8195], [-71.2288, 46.8193], [-71.2286, 46.8191], [-71.2284, 46.819], [-71.2282, 46.8189], [-71.228, 46.8188], [-71.2278, 46.8188], [-71.2276, 46.8187], [-71.2275, 46.8187], [-71.2273, 46.8188], [-71.2271, 46.8188], [-71.227, 46.8188], [-71.2269, 46.8187], [-71.2268, 46.8187], [-71.2267, 46.8186], [-71.2267, 46.8185], [-71.2267, 46.8184], [-71.2267, 46.8183], [-71.2268, 46.8183], [-71.2268, 46.8182], [-71.227, 46.8182], [-71.2271, 46.8181], [-71.2273, 46.8181], [-71.2274, 46.818], [-71.2277, 46.818], [-71.2279, 46.818], [-71.2281, 46.818], [-71.2284, 46.8181], [-71.2286, 46.8182], [-71.2288, 46.8183], [-71.2291, 46.8185], [-71.2293, 46.8186], [-71.2296, 46.8189], [-71.2298, 46.819], [-71.23, 46.8192], [-71.2301, 46.8194], [-71.2302, 46.8195], [-71.2302, 46.8196], [-71.2302, 46.8197], [-71.2302, 46.8198]]]}}, {"type": "Feature", "properties": {"couche": "voile", "station": "Saint-Roch", "minutes": 3}, "geometry": {"type": "Polygon", "coordinates": [[[-71.3892, 46.9267], [-71.0706, 46.9288], [-71.0683, 46.7109], [-71.3857, 46.7089], [-71.3892, 46.9267]], [[-71.2302, 46.8197], [-71.2302, 46.8196], [-71.2302, 46.8195], [-71.2301, 46.8194], [-71.23, 46.8192], [-71.2298, 46.819], [-71.2296, 46.8189], [-71.2293, 46.8186], [-71.2291, 46.8185], [-71.2288, 46.8183], [-71.2286, 46.8182], [-71.2284, 46.8181], [-71.2281, 46.818], [-71.2279, 46.818], [-71.2277, 46.818], [-71.2274, 46.818], [-71.2273, 46.8181], [-71.2271, 46.8181], [-71.227, 46.8182], [-71.2268, 46.8182], [-71.2268, 46.8183], [-71.2267, 46.8183], [-71.2267, 46.8184], [-71.2267, 46.8185], [-71.2267, 46.8186], [-71.2268, 46.8187], [-71.2269, 46.8187], [-71.227, 46.8188], [-71.2271, 46.8188], [-71.2273, 46.8188], [-71.2275, 46.8187], [-71.2276, 46.8187], [-71.2278, 46.8188], [-71.228, 46.8188], [-71.2282, 46.8189], [-71.2284, 46.819], [-71.2286, 46.8191], [-71.2288, 46.8193], [-71.229, 46.8195], [-71.2292, 46.8196], [-71.2294, 46.8197], [-71.2296, 46.8198], [-71.2297, 46.8199], [-71.2299, 46.8199], [-71.23, 46.8199], [-71.2301, 46.8199], [-71.2302, 46.8198], [-71.2302, 46.8197]]]}}, {"type": "Feature", "properties": {"couche": "aire_marche", "station": "Saint-Roch", "ordre": 23, "minutes": 4, "superficie_ha": 3.9, "rue_km": 0.95, "disque_ha": 24.6, "part_disque_pct": 16, "accroche_m": 45, "population": 158, "navetteurs": 45, "mode_auto_pct": 55, "mode_tc_pct": 16, "mode_actif_pct": 29, "mode_autre_pct": 0}, "geometry": {"type": "Polygon", "coordinates": [[[-71.2302, 46.8198], [-71.2301, 46.8199], [-71.23, 46.8199], [-71.2299, 46.8199], [-71.2297, 46.8199], [-71.2296, 46.8198], [-71.2294, 46.8197], [-71.2292, 46.8196], [-71.229, 46.8195], [-71.2288, 46.8193], [-71.2286, 46.8192], [-71.2284, 46.819], [-71.2283, 46.819], [-71.2281, 46.8189], [-71.228, 46.8189], [-71.2279, 46.8189], [-71.2278, 46.819], [-71.2277, 46.819], [-71.2276, 46.8191], [-71.2275, 46.8192], [-71.2274, 46.8192], [-71.2273, 46.8192], [-71.2272, 46.8193], [-71.2271, 46.8193], [-71.227, 46.8193], [-71.2268, 46.8193], [-71.2267, 46.8192], [-71.2266, 46.8192], [-71.2265, 46.8191], [-71.2264, 46.819], [-71.2263, 46.819], [-71.2262, 46.8188], [-71.2261, 46.8187], [-71.2261, 46.8186], [-71.226, 46.8184], [-71.2261, 46.8183], [-71.2262, 46.8182], [-71.2263, 46.8181], [-71.2265, 46.818], [-71.2267, 46.818], [-71.227, 46.8179], [-71.2274, 46.8179], [-71.2277, 46.8178], [-71.228, 46.8179], [-71.2283, 46.8179], [-71.2286, 46.818], [-71.2289, 46.8181], [-71.2292, 46.8183], [-71.2294, 46.8185], [-71.2297, 46.8187], [-71.2299, 46.819], [-71.23, 46.8192], [-71.2301, 46.8193], [-71.2302, 46.8195], [-71.2302, 46.8196], [-71.2302, 46.8197], [-71.2302, 46.8198]]]}}, {"type": "Feature", "properties": {"couche": "voile", "station": "Saint-Roch", "minutes": 4}, "geometry": {"type": "Polygon", "coordinates": [[[-71.3892, 46.9267], [-71.0699, 46.9288], [-71.0676, 46.7107], [-71.3856, 46.7087], [-71.3892, 46.9267]], [[-71.2302, 46.8197], [-71.2302, 46.8196], [-71.2302, 46.8195], [-71.2301, 46.8193], [-71.23, 46.8192], [-71.2299, 46.819], [-71.2297, 46.8187], [-71.2294, 46.8185], [-71.2292, 46.8183], [-71.2289, 46.8181], [-71.2286, 46.818], [-71.2283, 46.8179], [-71.228, 46.8179], [-71.2277, 46.8178], [-71.2274, 46.8179], [-71.227, 46.8179], [-71.2267, 46.818], [-71.2265, 46.818], [-71.2263, 46.8181], [-71.2262, 46.8182], [-71.2261, 46.8183], [-71.226, 46.8184], [-71.2261, 46.8186], [-71.2261, 46.8187], [-71.2262, 46.8188], [-71.2263, 46.819], [-71.2264, 46.819], [-71.2265, 46.8191], [-71.2266, 46.8192], [-71.2267, 46.8192], [-71.2268, 46.8193], [-71.227, 46.8193], [-71.2271, 46.8193], [-71.2272, 46.8193], [-71.2273, 46.8192], [-71.2274, 46.8192], [-71.2275, 46.8192], [-71.2276, 46.8191], [-71.2277, 46.819], [-71.2278, 46.819], [-71.2279, 46.8189], [-71.228, 46.8189], [-71.2281, 46.8189], [-71.2283, 46.819], [-71.2284, 46.819], [-71.2286, 46.8192], [-71.2288, 46.8193], [-71.229, 46.8195], [-71.2292, 46.8196], [-71.2294, 46.8197], [-71.2296, 46.8198], [-71.2297, 46.8199], [-71.2299, 46.8199], [-71.23, 46.8199], [-71.2301, 46.8199], [-71.2302, 46.8198], [-71.2302, 46.8197]]]}}, {"type": "Feature", "properties": {"couche": "aire_marche", "station": "Saint-Roch", "ordre": 23, "minutes": 5, "superficie_ha": 6.8, "rue_km": 1.71, "disque_ha": 38.5, "part_disque_pct": 18, "accroche_m": 45, "population": 275, "navetteurs": 79, "mode_auto_pct": 54, "mode_tc_pct": 16, "mode_actif_pct": 30, "mode_autre_pct": 0}, "geometry": {"type": "Polygon", "coordinates": [[[-71.2301, 46.8199], [-71.23, 46.8199], [-71.2299, 46.8199], [-71.2298, 46.8199], [-71.2297, 46.8199], [-71.2295, 46.8198], [-71.2294, 46.8197], [-71.2292, 46.8196], [-71.229, 46.8194], [-71.2289, 46.8193], [-71.2287, 46.8192], [-71.2286, 46.8191], [-71.2285, 46.819], [-71.2284, 46.8189], [-71.2283, 46.8189], [-71.2284, 46.819], [-71.2284, 46.8191], [-71.2285, 46.8192], [-71.2284, 46.8193], [-71.2284, 46.8194], [-71.2283, 46.8195], [-71.2282, 46.8195], [-71.2281, 46.8195], [-71.228, 46.8195], [-71.2278, 46.8195], [-71.2275, 46.8195], [-71.2273, 46.8195], [-71.227, 46.8194], [-71.2267, 46.8194], [-71.2264, 46.8193], [-71.2261, 46.8192], [-71.2259, 46.8191], [-71.2257, 46.819], [-71.2255, 46.8189], [-71.2254, 46.8188], [-71.2253, 46.8187], [-71.2252, 46.8185], [-71.2252, 46.8184], [-71.2251, 46.8183], [-71.2251, 46.8182], [-71.2252, 46.818], [-71.2252, 46.8179], [-71.2253, 46.8178], [-71.2254, 46.8177], [-71.2255, 46.8176], [-71.2256, 46.8175], [-71.2257, 46.8175], [-71.2259, 46.8175], [-71.226, 46.8175], [-71.2261, 46.8175], [-71.2262, 46.8175], [-71.2264, 46.8176], [-71.2265, 46.8176], [-71.2266, 46.8177], [-71.2267, 46.8177], [-71.2268, 46.8178], [-71.2269, 46.8177], [-71.227, 46.8176], [-71.227, 46.8175], [-71.227, 46.8174], [-71.2271, 46.8174], [-71.2272, 46.8173], [-71.2273, 46.8173], [-71.2274, 46.8174], [-71.2275, 46.8174], [-71.2277, 46.8175], [-71.2278, 46.8175], [-71.228, 46.8175], [-71.2281, 46.8176], [-71.2283, 46.8176], [-71.2284, 46.8176], [-71.2285, 46.8176], [-71.2287, 46.8175], [-71.2288, 46.8175], [-71.229, 46.8175], [-71.2291, 46.8174], [-71.2292, 46.8174], [-71.2293, 46.8175], [-71.2294, 46.8175], [-71.2295, 46.8176], [-71.2295, 46.8177], [-71.2295, 46.8178], [-71.2294, 46.8179], [-71.2293, 46.818], [-71.2292, 46.818], [-71.2292, 46.8181], [-71.2291, 46.8182], [-71.2292, 46.8183], [-71.2292, 46.8184], [-71.2293, 46.8185], [-71.2294, 46.8187], [-71.2296, 46.8188], [-71.2298, 46.819], [-71.23, 46.8191], [-71.2301, 46.8193], [-71.2302, 46.8194], [-71.2302, 46.8195], [-71.2303, 46.8196], [-71.2302, 46.8197], [-71.2302, 46.8198], [-71.2301, 46.8199]]]}}, {"type": "Feature", "properties": {"couche": "voile", "station": "Saint-Roch", "minutes": 5}, "geometry": {"type": "Polygon", "coordinates": [[[-71.3893, 46.9267], [-71.069, 46.9288], [-71.0667, 46.7102], [-71.3857, 46.7082], [-71.3893, 46.9267]], [[-71.2302, 46.8198], [-71.2302, 46.8197], [-71.2303, 46.8196], [-71.2302, 46.8195], [-71.2302, 46.8194], [-71.2301, 46.8193], [-71.23, 46.8191], [-71.2298, 46.819], [-71.2296, 46.8188], [-71.2294, 46.8187], [-71.2293, 46.8185], [-71.2292, 46.8184], [-71.2292, 46.8183], [-71.2291, 46.8182], [-71.2292, 46.8181], [-71.2292, 46.818], [-71.2293, 46.818], [-71.2294, 46.8179], [-71.2295, 46.8178], [-71.2295, 46.8177], [-71.2295, 46.8176], [-71.2294, 46.8175], [-71.2293, 46.8175], [-71.2292, 46.8174], [-71.2291, 46.8174], [-71.229, 46.8175], [-71.2288, 46.8175], [-71.2287, 46.8175], [-71.2285, 46.8176], [-71.2284, 46.8176], [-71.2283, 46.8176], [-71.2281, 46.8176], [-71.228, 46.8175], [-71.2278, 46.8175], [-71.2277, 46.8175], [-71.2275, 46.8174], [-71.2274, 46.8174], [-71.2273, 46.8173], [-71.2272, 46.8173], [-71.2271, 46.8174], [-71.227, 46.8174], [-71.227, 46.8175], [-71.227, 46.8176], [-71.2269, 46.8177], [-71.2268, 46.8178], [-71.2267, 46.8177], [-71.2266, 46.8177], [-71.2265, 46.8176], [-71.2264, 46.8176], [-71.2262, 46.8175], [-71.2261, 46.8175], [-71.226, 46.8175], [-71.2259, 46.8175], [-71.2257, 46.8175], [-71.2256, 46.8175], [-71.2255, 46.8176], [-71.2254, 46.8177], [-71.2253, 46.8178], [-71.2252, 46.8179], [-71.2252, 46.818], [-71.2251, 46.8182], [-71.2251, 46.8183], [-71.2252, 46.8184], [-71.2252, 46.8185], [-71.2253, 46.8187], [-71.2254, 46.8188], [-71.2255, 46.8189], [-71.2257, 46.819], [-71.2259, 46.8191], [-71.2261, 46.8192], [-71.2264, 46.8193], [-71.2267, 46.8194], [-71.227, 46.8194], [-71.2273, 46.8195], [-71.2275, 46.8195], [-71.2278, 46.8195], [-71.228, 46.8195], [-71.2281, 46.8195], [-71.2282, 46.8195], [-71.2283, 46.8195], [-71.2284, 46.8194], [-71.2284, 46.8193], [-71.2285, 46.8192], [-71.2284, 46.8191], [-71.2284, 46.819], [-71.2283, 46.8189], [-71.2284, 46.8189], [-71.2285, 46.819], [-71.2286, 46.8191], [-71.2287, 46.8192], [-71.2289, 46.8193], [-71.229, 46.8194], [-71.2292, 46.8196], [-71.2294, 46.8197], [-71.2295, 46.8198], [-71.2297, 46.8199], [-71.2298, 46.8199], [-71.2299, 46.8199], [-71.23, 46.8199], [-71.2301, 46.8199], [-71.2302, 46.8198]]]}}, {"type": "Feature", "properties": {"couche": "aire_marche", "station": "Saint-Roch", "ordre": 23, "minutes": 6, "superficie_ha": 10.6, "rue_km": 2.57, "disque_ha": 55.4, "part_disque_pct": 19, "accroche_m": 45, "population": 420, "navetteurs": 122, "mode_auto_pct": 54, "mode_tc_pct": 16, "mode_actif_pct": 30, "mode_autre_pct": 0}, "geometry": {"type": "Polygon", "coordinates": [[[-71.2304, 46.8198], [-71.2304, 46.8199], [-71.2303, 46.8199], [-71.2303, 46.82], [-71.2302, 46.82], [-71.2301, 46.82], [-71.23, 46.82], [-71.2299, 46.82], [-71.2298, 46.8199], [-71.2297, 46.8199], [-71.2296, 46.8198], [-71.2295, 46.8198], [-71.2294, 46.8198], [-71.2293, 46.8198], [-71.2292, 46.8198], [-71.2291, 46.8198], [-71.229, 46.8198], [-71.2289, 46.8199], [-71.2288, 46.8199], [-71.2287, 46.8199], [-71.2284, 46.8199], [-71.2282, 46.8199], [-71.2279, 46.8198], [-71.2275, 46.8197], [-71.2271, 46.8196], [-71.2267, 46.8195], [-71.2263, 46.8194], [-71.2259, 46.8193], [-71.2256, 46.8192], [-71.2253, 46.8191], [-71.225, 46.819], [-71.2248, 46.8189], [-71.2246, 46.8188], [-71.2245, 46.8187], [-71.2244, 46.8186], [-71.2243, 46.8186], [-71.2242, 46.8185], [-71.2242, 46.8184], [-71.2242, 46.8183], [-71.2242, 46.8182], [-71.2242, 46.8181], [-71.2242, 46.818], [-71.2242, 46.8179], [-71.2243, 46.8179], [-71.2244, 46.8178], [-71.2245, 46.8178], [-71.2246, 46.8178], [-71.2247, 46.8177], [-71.2248, 46.8177], [-71.225, 46.8177], [-71.2251, 46.8177], [-71.2253, 46.8177], [-71.2254, 46.8177], [-71.2256, 46.8176], [-71.2257, 46.8175], [-71.2259, 46.8174], [-71.2261, 46.8173], [-71.2262, 46.8171], [-71.2264, 46.817], [-71.2265, 46.8169], [-71.2267, 46.8168], [-71.2268, 46.8168], [-71.227, 46.8167], [-71.2271, 46.8167], [-71.2272, 46.8167], [-71.2273, 46.8168], [-71.2275, 46.8168], [-71.2276, 46.8168], [-71.2277, 46.8169], [-71.2277, 46.817], [-71.2278, 46.817], [-71.2279, 46.8171], [-71.2279, 46.8172], [-71.228, 46.8173], [-71.2281, 46.8174], [-71.2282, 46.8174], [-71.2283, 46.8175], [-71.2284, 46.8175], [-71.2286, 46.8175], [-71.2287, 46.8174], [-71.2289, 46.8174], [-71.2291, 46.8173], [-71.2293, 46.8172], [-71.2295, 46.8172], [-71.2296, 46.8171], [-71.2298, 46.8172], [-71.2299, 46.8172], [-71.23, 46.8172], [-71.23, 46.8173], [-71.2301, 46.8174], [-71.2301, 46.8175], [-71.2301, 46.8176], [-71.2301, 46.8177], [-71.23, 46.8178], [-71.2299, 46.8178], [-71.2298, 46.8179], [-71.2297, 46.818], [-71.2295, 46.818], [-71.2294, 46.8181], [-71.2293, 46.8182], [-71.2293, 46.8183], [-71.2293, 46.8184], [-71.2293, 46.8185], [-71.2294, 46.8187], [-71.2296, 46.8188], [-71.2298, 46.819], [-71.23, 46.8191], [-71.2301, 46.8193], [-71.2302, 46.8194], [-71.2303, 46.8195], [-71.2304, 46.8196], [-71.2304, 46.8197], [-71.2304, 46.8198]]]}}, {"type": "Feature", "properties": {"couche": "voile", "station": "Saint-Roch", "minutes": 6}, "geometry": {"type": "Polygon", "coordinates": [[[-71.3894, 46.9268], [-71.0681, 46.9289], [-71.0658, 46.7097], [-71.3858, 46.7076], [-71.3894, 46.9268]], [[-71.2304, 46.8197], [-71.2304, 46.8196], [-71.2303, 46.8195], [-71.2302, 46.8194], [-71.2301, 46.8193], [-71.23, 46.8191], [-71.2298, 46.819], [-71.2296, 46.8188], [-71.2294, 46.8187], [-71.2293, 46.8185], [-71.2293, 46.8184], [-71.2293, 46.8183], [-71.2293, 46.8182], [-71.2294, 46.8181], [-71.2295, 46.818], [-71.2297, 46.818], [-71.2298, 46.8179], [-71.2299, 46.8178], [-71.23, 46.8178], [-71.2301, 46.8177], [-71.2301, 46.8176], [-71.2301, 46.8175], [-71.2301, 46.8174], [-71.23, 46.8173], [-71.23, 46.8172], [-71.2299, 46.8172], [-71.2298, 46.8172], [-71.2296, 46.8171], [-71.2295, 46.8172], [-71.2293, 46.8172], [-71.2291, 46.8173], [-71.2289, 46.8174], [-71.2287, 46.8174], [-71.2286, 46.8175], [-71.2284, 46.8175], [-71.2283, 46.8175], [-71.2282, 46.8174], [-71.2281, 46.8174], [-71.228, 46.8173], [-71.2279, 46.8172], [-71.2279, 46.8171], [-71.2278, 46.817], [-71.2277, 46.817], [-71.2277, 46.8169], [-71.2276, 46.8168], [-71.2275, 46.8168], [-71.2273, 46.8168], [-71.2272, 46.8167], [-71.2271, 46.8167], [-71.227, 46.8167], [-71.2268, 46.8168], [-71.2267, 46.8168], [-71.2265, 46.8169], [-71.2264, 46.817], [-71.2262, 46.8171], [-71.2261, 46.8173], [-71.2259, 46.8174], [-71.2257, 46.8175], [-71.2256, 46.8176], [-71.2254, 46.8177], [-71.2253, 46.8177], [-71.2251, 46.8177], [-71.225, 46.8177], [-71.2248, 46.8177], [-71.2247, 46.8177], [-71.2246, 46.8178], [-71.2245, 46.8178], [-71.2244, 46.8178], [-71.2243, 46.8179], [-71.2242, 46.8179], [-71.2242, 46.818], [-71.2242, 46.8181], [-71.2242, 46.8182], [-71.2242, 46.8183], [-71.2242, 46.8184], [-71.2242, 46.8185], [-71.2243, 46.8186], [-71.2244, 46.8186], [-71.2245, 46.8187], [-71.2246, 46.8188], [-71.2248, 46.8189], [-71.225, 46.819], [-71.2253, 46.8191], [-71.2256, 46.8192], [-71.2259, 46.8193], [-71.2263, 46.8194], [-71.2267, 46.8195], [-71.2271, 46.8196], [-71.2275, 46.8197], [-71.2279, 46.8198], [-71.2282, 46.8199], [-71.2284, 46.8199], [-71.2287, 46.8199], [-71.2288, 46.8199], [-71.2289, 46.8199], [-71.229, 46.8198], [-71.2291, 46.8198], [-71.2292, 46.8198], [-71.2293, 46.8198], [-71.2294, 46.8198], [-71.2295, 46.8198], [-71.2296, 46.8198], [-71.2297, 46.8199], [-71.2298, 46.8199], [-71.2299, 46.82], [-71.23, 46.82], [-71.2301, 46.82], [-71.2302, 46.82], [-71.2303, 46.82], [-71.2303, 46.8199], [-71.2304, 46.8199], [-71.2304, 46.8198], [-71.2304, 46.8197]]]}}, {"type": "Feature", "properties": {"couche": "aire_marche", "station": "Saint-Roch", "ordre": 23, "minutes": 7, "superficie_ha": 14.1, "rue_km": 4.13, "disque_ha": 75.4, "part_disque_pct": 19, "accroche_m": 45, "population": 521, "navetteurs": 151, "mode_auto_pct": 54, "mode_tc_pct": 16, "mode_actif_pct": 30, "mode_autre_pct": 0}, "geometry": {"type": "Polygon", "coordinates": [[[-71.2309, 46.8179], [-71.2308, 46.818], [-71.2307, 46.8181], [-71.2305, 46.8182], [-71.2304, 46.8183], [-71.2302, 46.8184], [-71.2301, 46.8184], [-71.2299, 46.8184], [-71.2297, 46.8184], [-71.2295, 46.8184], [-71.2294, 46.8183], [-71.2293, 46.8184], [-71.2293, 46.8185], [-71.2294, 46.8186], [-71.2295, 46.8187], [-71.2296, 46.8189], [-71.2298, 46.8191], [-71.23, 46.8193], [-71.2301, 46.8194], [-71.2302, 46.8196], [-71.2303, 46.8197], [-71.2303, 46.8198], [-71.2302, 46.82], [-71.2301, 46.8201], [-71.23, 46.8201], [-71.2298, 46.8202], [-71.2297, 46.8202], [-71.2294, 46.8202], [-71.2292, 46.8202], [-71.229, 46.8201], [-71.2287, 46.82], [-71.2284, 46.8199], [-71.228, 46.8198], [-71.2277, 46.8196], [-71.2273, 46.8195], [-71.2269, 46.8194], [-71.2266, 46.8193], [-71.2262, 46.8192], [-71.2258, 46.8191], [-71.2253, 46.8191], [-71.2249, 46.819], [-71.2245, 46.819], [-71.2242, 46.8189], [-71.2239, 46.8188], [-71.2237, 46.8187], [-71.2235, 46.8186], [-71.2234, 46.8185], [-71.2234, 46.8184], [-71.2234, 46.8183], [-71.2234, 46.8182], [-71.2235, 46.8181], [-71.2236, 46.818], [-71.2237, 46.8179], [-71.2238, 46.8179], [-71.224, 46.8178], [-71.2243, 46.8178], [-71.2245, 46.8178], [-71.2248, 46.8178], [-71.225, 46.8178], [-71.2252, 46.8177], [-71.2254, 46.8177], [-71.2256, 46.8176], [-71.2257, 46.8175], [-71.2259, 46.8174], [-71.226, 46.8174], [-71.2261, 46.8173], [-71.2261, 46.8172], [-71.2262, 46.8171], [-71.2263, 46.817], [-71.2263, 46.8169], [-71.2263, 46.8168], [-71.2263, 46.8167], [-71.2263, 46.8166], [-71.2263, 46.8165], [-71.2263, 46.8164], [-71.2264, 46.8164], [-71.2265, 46.8164], [-71.2266, 46.8164], [-71.2267, 46.8164], [-71.2268, 46.8165], [-71.227, 46.8165], [-71.2272, 46.8166], [-71.2274, 46.8166], [-71.2276, 46.8166], [-71.2278, 46.8166], [-71.2281, 46.8166], [-71.2283, 46.8166], [-71.2286, 46.8166], [-71.2289, 46.8165], [-71.2292, 46.8166], [-71.2295, 46.8166], [-71.2297, 46.8166], [-71.2299, 46.8167], [-71.2302, 46.8168], [-71.2304, 46.8168], [-71.2306, 46.817], [-71.2307, 46.8171], [-71.2308, 46.8172], [-71.2309, 46.8173], [-71.231, 46.8175], [-71.231, 46.8176], [-71.231, 46.8177], [-71.2309, 46.8179]]]}}, {"type": "Feature", "properties": {"couche": "voile", "station": "Saint-Roch", "minutes": 7}, "geometry": {"type": "Polygon", "coordinates": [[[-71.3901, 46.927], [-71.0673, 46.9291], [-71.065, 46.7094], [-71.3865, 46.7073], [-71.3901, 46.927]], [[-71.231, 46.8177], [-71.231, 46.8176], [-71.231, 46.8175], [-71.2309, 46.8173], [-71.2308, 46.8172], [-71.2307, 46.8171], [-71.2306, 46.817], [-71.2304, 46.8168], [-71.2302, 46.8168], [-71.2299, 46.8167], [-71.2297, 46.8166], [-71.2295, 46.8166], [-71.2292, 46.8166], [-71.2289, 46.8165], [-71.2286, 46.8166], [-71.2283, 46.8166], [-71.2281, 46.8166], [-71.2278, 46.8166], [-71.2276, 46.8166], [-71.2274, 46.8166], [-71.2272, 46.8166], [-71.227, 46.8165], [-71.2268, 46.8165], [-71.2267, 46.8164], [-71.2266, 46.8164], [-71.2265, 46.8164], [-71.2264, 46.8164], [-71.2263, 46.8164], [-71.2263, 46.8165], [-71.2263, 46.8166], [-71.2263, 46.8167], [-71.2263, 46.8168], [-71.2263, 46.8169], [-71.2263, 46.817], [-71.2262, 46.8171], [-71.2261, 46.8172], [-71.2261, 46.8173], [-71.226, 46.8174], [-71.2259, 46.8174], [-71.2257, 46.8175], [-71.2256, 46.8176], [-71.2254, 46.8177], [-71.2252, 46.8177], [-71.225, 46.8178], [-71.2248, 46.8178], [-71.2245, 46.8178], [-71.2243, 46.8178], [-71.224, 46.8178], [-71.2238, 46.8179], [-71.2237, 46.8179], [-71.2236, 46.818], [-71.2235, 46.8181], [-71.2234, 46.8182], [-71.2234, 46.8183], [-71.2234, 46.8184], [-71.2234, 46.8185], [-71.2235, 46.8186], [-71.2237, 46.8187], [-71.2239, 46.8188], [-71.2242, 46.8189], [-71.2245, 46.819], [-71.2249, 46.819], [-71.2253, 46.8191], [-71.2258, 46.8191], [-71.2262, 46.8192], [-71.2266, 46.8193], [-71.2269, 46.8194], [-71.2273, 46.8195], [-71.2277, 46.8196], [-71.228, 46.8198], [-71.2284, 46.8199], [-71.2287, 46.82], [-71.229, 46.8201], [-71.2292, 46.8202], [-71.2294, 46.8202], [-71.2297, 46.8202], [-71.2298, 46.8202], [-71.23, 46.8201], [-71.2301, 46.8201], [-71.2302, 46.82], [-71.2303, 46.8198], [-71.2303, 46.8197], [-71.2302, 46.8196], [-71.2301, 46.8194], [-71.23, 46.8193], [-71.2298, 46.8191], [-71.2296, 46.8189], [-71.2295, 46.8187], [-71.2294, 46.8186], [-71.2293, 46.8185], [-71.2293, 46.8184], [-71.2294, 46.8183], [-71.2295, 46.8184], [-71.2297, 46.8184], [-71.2299, 46.8184], [-71.2301, 46.8184], [-71.2302, 46.8184], [-71.2304, 46.8183], [-71.2305, 46.8182], [-71.2307, 46.8181], [-71.2308, 46.818], [-71.2309, 46.8179], [-71.231, 46.8177]]]}}, {"type": "Feature", "properties": {"couche": "aire_marche", "station": "Saint-Roch", "ordre": 23, "minutes": 8, "superficie_ha": 20.4, "rue_km": 6.75, "disque_ha": 98.5, "part_disque_pct": 21, "accroche_m": 45, "population": 718, "navetteurs": 211, "mode_auto_pct": 53, "mode_tc_pct": 17, "mode_actif_pct": 30, "mode_autre_pct": 0}, "geometry": {"type": "Polygon", "coordinates": [[[-71.2316, 46.8179], [-71.2314, 46.8182], [-71.2313, 46.8184], [-71.2311, 46.8185], [-71.2309, 46.8186], [-71.2308, 46.8187], [-71.2306, 46.8187], [-71.2304, 46.8187], [-71.2302, 46.8186], [-71.23, 46.8185], [-71.2298, 46.8184], [-71.2297, 46.8183], [-71.2295, 46.8182], [-71.2294, 46.8182], [-71.2293, 46.8181], [-71.2292, 46.8181], [-71.2291, 46.8181], [-71.2291, 46.8182], [-71.2291, 46.8183], [-71.2292, 46.8184], [-71.2293, 46.8186], [-71.2295, 46.8187], [-71.2297, 46.8189], [-71.2299, 46.8191], [-71.2301, 46.8193], [-71.2303, 46.8195], [-71.2304, 46.8196], [-71.2305, 46.8198], [-71.2305, 46.82], [-71.2305, 46.8201], [-71.2305, 46.8203], [-71.2305, 46.8204], [-71.2304, 46.8205], [-71.2302, 46.8205], [-71.23, 46.8206], [-71.2298, 46.8205], [-71.2295, 46.8204], [-71.2291, 46.8203], [-71.2288, 46.8202], [-71.2283, 46.82], [-71.2279, 46.8198], [-71.2274, 46.8196], [-71.227, 46.8195], [-71.2265, 46.8194], [-71.226, 46.8193], [-71.2255, 46.8192], [-71.225, 46.8192], [-71.2244, 46.8191], [-71.224, 46.8191], [-71.2236, 46.8191], [-71.2232, 46.819], [-71.223, 46.8189], [-71.2228, 46.8188], [-71.2227, 46.8187], [-71.2226, 46.8186], [-71.2226, 46.8184], [-71.2226, 46.8183], [-71.2227, 46.8182], [-71.2227, 46.8181], [-71.2228, 46.818], [-71.2229, 46.8179], [-71.223, 46.8178], [-71.2231, 46.8178], [-71.2232, 46.8178], [-71.2233, 46.8178], [-71.2234, 46.8177], [-71.2235, 46.8177], [-71.2235, 46.8176], [-71.2236, 46.8176], [-71.2236, 46.8175], [-71.2237, 46.8174], [-71.2237, 46.8173], [-71.2238, 46.8172], [-71.2239, 46.8172], [-71.224, 46.8172], [-71.2242, 46.8173], [-71.2243, 46.8173], [-71.2245, 46.8174], [-71.2247, 46.8175], [-71.2249, 46.8175], [-71.2251, 46.8176], [-71.2253, 46.8176], [-71.2254, 46.8176], [-71.2256, 46.8176], [-71.2257, 46.8175], [-71.2259, 46.8174], [-71.226, 46.8174], [-71.226, 46.8173], [-71.2261, 46.8172], [-71.2261, 46.8171], [-71.226, 46.817], [-71.2259, 46.817], [-71.2258, 46.8169], [-71.2256, 46.8169], [-71.2255, 46.8168], [-71.2254, 46.8168], [-71.2253, 46.8167], [-71.2253, 46.8166], [-71.2253, 46.8165], [-71.2254, 46.8164], [-71.2254, 46.8163], [-71.2256, 46.8162], [-71.2257, 46.8161], [-71.2258, 46.816], [-71.2259, 46.8159], [-71.2261, 46.8158], [-71.2262, 46.8158], [-71.2264, 46.8158], [-71.2266, 46.8158], [-71.2267, 46.8159], [-71.2269, 46.8159], [-71.227, 46.8159], [-71.2272, 46.816], [-71.2273, 46.816], [-71.2273, 46.8161], [-71.2274, 46.8162], [-71.2275, 46.8163], [-71.2275, 46.8164], [-71.2276, 46.8164], [-71.2277, 46.8164], [-71.2278, 46.8164], [-71.228, 46.8164], [-71.2282, 46.8164], [-71.2284, 46.8163], [-71.2286, 46.8162], [-71.2288, 46.8161], [-71.2291, 46.8161], [-71.2294, 46.8161], [-71.2296, 46.8161], [-71.2299, 46.8162], [-71.2302, 46.8163], [-71.2306, 46.8164], [-71.2309, 46.8165], [-71.2312, 46.8167], [-71.2314, 46.8169], [-71.2316, 46.8171], [-71.2317, 46.8173], [-71.2317, 46.8175], [-71.2317, 46.8177], [-71.2316, 46.8179]]]}}, {"type": "Feature", "properties": {"couche": "voile", "station": "Saint-Roch", "minutes": 8}, "geometry": {"type": "Polygon", "coordinates": [[[-71.3908, 46.9274], [-71.0665, 46.9295], [-71.0642, 46.7088], [-71.3871, 46.7067], [-71.3908, 46.9274]], [[-71.2317, 46.8177], [-71.2317, 46.8175], [-71.2317, 46.8173], [-71.2316, 46.8171], [-71.2314, 46.8169], [-71.2312, 46.8167], [-71.2309, 46.8165], [-71.2306, 46.8164], [-71.2302, 46.8163], [-71.2299, 46.8162], [-71.2296, 46.8161], [-71.2294, 46.8161], [-71.2291, 46.8161], [-71.2288, 46.8161], [-71.2286, 46.8162], [-71.2284, 46.8163], [-71.2282, 46.8164], [-71.228, 46.8164], [-71.2278, 46.8164], [-71.2277, 46.8164], [-71.2276, 46.8164], [-71.2275, 46.8164], [-71.2275, 46.8163], [-71.2274, 46.8162], [-71.2273, 46.8161], [-71.2273, 46.816], [-71.2272, 46.816], [-71.227, 46.8159], [-71.2269, 46.8159], [-71.2267, 46.8159], [-71.2266, 46.8158], [-71.2264, 46.8158], [-71.2262, 46.8158], [-71.2261, 46.8158], [-71.2259, 46.8159], [-71.2258, 46.816], [-71.2257, 46.8161], [-71.2256, 46.8162], [-71.2254, 46.8163], [-71.2254, 46.8164], [-71.2253, 46.8165], [-71.2253, 46.8166], [-71.2253, 46.8167], [-71.2254, 46.8168], [-71.2255, 46.8168], [-71.2256, 46.8169], [-71.2258, 46.8169], [-71.2259, 46.817], [-71.226, 46.817], [-71.2261, 46.8171], [-71.2261, 46.8172], [-71.226, 46.8173], [-71.226, 46.8174], [-71.2259, 46.8174], [-71.2257, 46.8175], [-71.2256, 46.8176], [-71.2254, 46.8176], [-71.2253, 46.8176], [-71.2251, 46.8176], [-71.2249, 46.8175], [-71.2247, 46.8175], [-71.2245, 46.8174], [-71.2243, 46.8173], [-71.2242, 46.8173], [-71.224, 46.8172], [-71.2239, 46.8172], [-71.2238, 46.8172], [-71.2237, 46.8173], [-71.2237, 46.8174], [-71.2236, 46.8175], [-71.2236, 46.8176], [-71.2235, 46.8176], [-71.2235, 46.8177], [-71.2234, 46.8177], [-71.2233, 46.8178], [-71.2232, 46.8178], [-71.2231, 46.8178], [-71.223, 46.8178], [-71.2229, 46.8179], [-71.2228, 46.818], [-71.2227, 46.8181], [-71.2227, 46.8182], [-71.2226, 46.8183], [-71.2226, 46.8184], [-71.2226, 46.8186], [-71.2227, 46.8187], [-71.2228, 46.8188], [-71.223, 46.8189], [-71.2232, 46.819], [-71.2236, 46.8191], [-71.224, 46.8191], [-71.2244, 46.8191], [-71.225, 46.8192], [-71.2255, 46.8192], [-71.226, 46.8193], [-71.2265, 46.8194], [-71.227, 46.8195], [-71.2274, 46.8196], [-71.2279, 46.8198], [-71.2283, 46.82], [-71.2288, 46.8202], [-71.2291, 46.8203], [-71.2295, 46.8204], [-71.2298, 46.8205], [-71.23, 46.8206], [-71.2302, 46.8205], [-71.2304, 46.8205], [-71.2305, 46.8204], [-71.2305, 46.8203], [-71.2305, 46.8201], [-71.2305, 46.82], [-71.2305, 46.8198], [-71.2304, 46.8196], [-71.2303, 46.8195], [-71.2301, 46.8193], [-71.2299, 46.8191], [-71.2297, 46.8189], [-71.2295, 46.8187], [-71.2293, 46.8186], [-71.2292, 46.8184], [-71.2291, 46.8183], [-71.2291, 46.8182], [-71.2291, 46.8181], [-71.2292, 46.8181], [-71.2293, 46.8181], [-71.2294, 46.8182], [-71.2295, 46.8182], [-71.2297, 46.8183], [-71.2298, 46.8184], [-71.23, 46.8185], [-71.2302, 46.8186], [-71.2304, 46.8187], [-71.2306, 46.8187], [-71.2308, 46.8187], [-71.2309, 46.8186], [-71.2311, 46.8185], [-71.2313, 46.8184], [-71.2314, 46.8182], [-71.2316, 46.8179], [-71.2317, 46.8177]]]}}, {"type": "Feature", "properties": {"couche": "aire_marche", "station": "Saint-Roch", "ordre": 23, "minutes": 9, "superficie_ha": 33.3, "rue_km": 10.79, "disque_ha": 124.7, "part_disque_pct": 27, "accroche_m": 45, "population": 1217, "navetteurs": 363, "mode_auto_pct": 50, "mode_tc_pct": 19, "mode_actif_pct": 31, "mode_autre_pct": 0}, "geometry": {"type": "Polygon", "coordinates": [[[-71.2326, 46.8179], [-71.2325, 46.8181], [-71.2324, 46.8183], [-71.2323, 46.8185], [-71.2321, 46.8187], [-71.232, 46.8189], [-71.2318, 46.8191], [-71.2316, 46.8193], [-71.2315, 46.8194], [-71.2313, 46.8196], [-71.2311, 46.8198], [-71.231, 46.8199], [-71.2309, 46.82], [-71.2308, 46.8202], [-71.2308, 46.8203], [-71.2308, 46.8204], [-71.2309, 46.8205], [-71.231, 46.8205], [-71.2311, 46.8206], [-71.2311, 46.8207], [-71.2312, 46.8208], [-71.2312, 46.8209], [-71.2312, 46.821], [-71.2311, 46.821], [-71.2311, 46.8211], [-71.231, 46.8211], [-71.2309, 46.8212], [-71.2308, 46.8212], [-71.2307, 46.8212], [-71.2305, 46.8212], [-71.2304, 46.8211], [-71.2303, 46.8211], [-71.2302, 46.821], [-71.23, 46.821], [-71.2299, 46.821], [-71.2298, 46.8209], [-71.2297, 46.8209], [-71.2295, 46.821], [-71.2294, 46.821], [-71.2293, 46.821], [-71.2292, 46.821], [-71.2291, 46.821], [-71.229, 46.821], [-71.229, 46.8209], [-71.2289, 46.8209], [-71.229, 46.8208], [-71.229, 46.8207], [-71.229, 46.8206], [-71.2289, 46.8205], [-71.2288, 46.8204], [-71.2287, 46.8203], [-71.2285, 46.8201], [-71.2283, 46.82], [-71.2281, 46.8199], [-71.2278, 46.8197], [-71.2275, 46.8196], [-71.2272, 46.8195], [-71.2268, 46.8194], [-71.2264, 46.8194], [-71.2259, 46.8194], [-71.2254, 46.8193], [-71.2249, 46.8194], [-71.2243, 46.8194], [-71.2238, 46.8194], [-71.2234, 46.8194], [-71.223, 46.8194], [-71.2227, 46.8194], [-71.2224, 46.8194], [-71.2222, 46.8194], [-71.2221, 46.8193], [-71.222, 46.8193], [-71.2219, 46.8192], [-71.2219, 46.8191], [-71.2218, 46.819], [-71.2218, 46.8189], [-71.2218, 46.8188], [-71.2218, 46.8186], [-71.2219, 46.8185], [-71.222, 46.8183], [-71.222, 46.8181], [-71.2221, 46.818], [-71.2222, 46.8178], [-71.2223, 46.8177], [-71.2224, 46.8175], [-71.2225, 46.8174], [-71.2227, 46.8172], [-71.2228, 46.8171], [-71.223, 46.817], [-71.2231, 46.8169], [-71.2232, 46.8168], [-71.2234, 46.8167], [-71.2235, 46.8167], [-71.2237, 46.8167], [-71.2238, 46.8167], [-71.2239, 46.8167], [-71.2241, 46.8166], [-71.2242, 46.8166], [-71.2244, 46.8165], [-71.2245, 46.8164], [-71.2246, 46.8163], [-71.2248, 46.8162], [-71.2249, 46.816], [-71.225, 46.8158], [-71.2252, 46.8157], [-71.2254, 46.8155], [-71.2256, 46.8155], [-71.2258, 46.8154], [-71.2261, 46.8154], [-71.2264, 46.8154], [-71.2267, 46.8155], [-71.2271, 46.8156], [-71.2274, 46.8156], [-71.2277, 46.8157], [-71.2279, 46.8157], [-71.2281, 46.8157], [-71.2283, 46.8157], [-71.2284, 46.8157], [-71.2285, 46.8156], [-71.2286, 46.8156], [-71.2287, 46.8155], [-71.2288, 46.8154], [-71.2289, 46.8154], [-71.2291, 46.8154], [-71.2293, 46.8154], [-71.2295, 46.8154], [-71.2297, 46.8155], [-71.23, 46.8155], [-71.2303, 46.8156], [-71.2306, 46.8157], [-71.2308, 46.8158], [-71.2311, 46.8159], [-71.2313, 46.816], [-71.2316, 46.8162], [-71.2318, 46.8163], [-71.2321, 46.8165], [-71.2323, 46.8167], [-71.2324, 46.8169], [-71.2325, 46.817], [-71.2326, 46.8172], [-71.2326, 46.8174], [-71.2326, 46.8176], [-71.2326, 46.8179]]]}}, {"type": "Feature", "properties": {"couche": "voile", "station": "Saint-Roch", "minutes": 9}, "geometry": {"type": "Polygon", "coordinates": [[[-71.3917, 46.928], [-71.0657, 46.9301], [-71.0634, 46.7084], [-71.388, 46.7063], [-71.3917, 46.928]], [[-71.2326, 46.8176], [-71.2326, 46.8174], [-71.2326, 46.8172], [-71.2325, 46.817], [-71.2324, 46.8169], [-71.2323, 46.8167], [-71.2321, 46.8165], [-71.2318, 46.8163], [-71.2316, 46.8162], [-71.2313, 46.816], [-71.2311, 46.8159], [-71.2308, 46.8158], [-71.2306, 46.8157], [-71.2303, 46.8156], [-71.23, 46.8155], [-71.2297, 46.8155], [-71.2295, 46.8154], [-71.2293, 46.8154], [-71.2291, 46.8154], [-71.2289, 46.8154], [-71.2288, 46.8154], [-71.2287, 46.8155], [-71.2286, 46.8156], [-71.2285, 46.8156], [-71.2284, 46.8157], [-71.2283, 46.8157], [-71.2281, 46.8157], [-71.2279, 46.8157], [-71.2277, 46.8157], [-71.2274, 46.8156], [-71.2271, 46.8156], [-71.2267, 46.8155], [-71.2264, 46.8154], [-71.2261, 46.8154], [-71.2258, 46.8154], [-71.2256, 46.8155], [-71.2254, 46.8155], [-71.2252, 46.8157], [-71.225, 46.8158], [-71.2249, 46.816], [-71.2248, 46.8162], [-71.2246, 46.8163], [-71.2245, 46.8164], [-71.2244, 46.8165], [-71.2242, 46.8166], [-71.2241, 46.8166], [-71.2239, 46.8167], [-71.2238, 46.8167], [-71.2237, 46.8167], [-71.2235, 46.8167], [-71.2234, 46.8167], [-71.2232, 46.8168], [-71.2231, 46.8169], [-71.223, 46.817], [-71.2228, 46.8171], [-71.2227, 46.8172], [-71.2225, 46.8174], [-71.2224, 46.8175], [-71.2223, 46.8177], [-71.2222, 46.8178], [-71.2221, 46.818], [-71.222, 46.8181], [-71.222, 46.8183], [-71.2219, 46.8185], [-71.2218, 46.8186], [-71.2218, 46.8188], [-71.2218, 46.8189], [-71.2218, 46.819], [-71.2219, 46.8191], [-71.2219, 46.8192], [-71.222, 46.8193], [-71.2221, 46.8193], [-71.2222, 46.8194], [-71.2224, 46.8194], [-71.2227, 46.8194], [-71.223, 46.8194], [-71.2234, 46.8194], [-71.2238, 46.8194], [-71.2243, 46.8194], [-71.2249, 46.8194], [-71.2254, 46.8193], [-71.2259, 46.8194], [-71.2264, 46.8194], [-71.2268, 46.8194], [-71.2272, 46.8195], [-71.2275, 46.8196], [-71.2278, 46.8197], [-71.2281, 46.8199], [-71.2283, 46.82], [-71.2285, 46.8201], [-71.2287, 46.8203], [-71.2288, 46.8204], [-71.2289, 46.8205], [-71.229, 46.8206], [-71.229, 46.8207], [-71.229, 46.8208], [-71.2289, 46.8209], [-71.229, 46.8209], [-71.229, 46.821], [-71.2291, 46.821], [-71.2292, 46.821], [-71.2293, 46.821], [-71.2294, 46.821], [-71.2295, 46.821], [-71.2297, 46.8209], [-71.2298, 46.8209], [-71.2299, 46.821], [-71.23, 46.821], [-71.2302, 46.821], [-71.2303, 46.8211], [-71.2304, 46.8211], [-71.2305, 46.8212], [-71.2307, 46.8212], [-71.2308, 46.8212], [-71.2309, 46.8212], [-71.231, 46.8211], [-71.2311, 46.8211], [-71.2311, 46.821], [-71.2312, 46.821], [-71.2312, 46.8209], [-71.2312, 46.8208], [-71.2311, 46.8207], [-71.2311, 46.8206], [-71.231, 46.8205], [-71.2309, 46.8205], [-71.2308, 46.8204], [-71.2308, 46.8203], [-71.2308, 46.8202], [-71.2309, 46.82], [-71.231, 46.8199], [-71.2311, 46.8198], [-71.2313, 46.8196], [-71.2315, 46.8194], [-71.2316, 46.8193], [-71.2318, 46.8191], [-71.232, 46.8189], [-71.2321, 46.8187], [-71.2323, 46.8185], [-71.2324, 46.8183], [-71.2325, 46.8181], [-71.2326, 46.8179], [-71.2326, 46.8176]]]}}, {"type": "Feature", "properties": {"couche": "aire_marche", "station": "Saint-Roch", "ordre": 23, "minutes": 10, "superficie_ha": 41.6, "rue_km": 15.03, "disque_ha": 153.9, "part_disque_pct": 27, "accroche_m": 45, "population": 1606, "navetteurs": 484, "mode_auto_pct": 48, "mode_tc_pct": 20, "mode_actif_pct": 31, "mode_autre_pct": 1}, "geometry": {"type": "Polygon", "coordinates": [[[-71.2292, 46.8152], [-71.2297, 46.8153], [-71.2302, 46.8153], [-71.2307, 46.8154], [-71.2312, 46.8155], [-71.2316, 46.8156], [-71.2319, 46.8157], [-71.2323, 46.8159], [-71.2326, 46.8161], [-71.2329, 46.8163], [-71.2331, 46.8165], [-71.2332, 46.8167], [-71.2333, 46.8168], [-71.2334, 46.817], [-71.2334, 46.8171], [-71.2334, 46.8172], [-71.2333, 46.8173], [-71.2331, 46.8173], [-71.233, 46.8174], [-71.2329, 46.8175], [-71.2328, 46.8176], [-71.2328, 46.8178], [-71.2327, 46.8179], [-71.2327, 46.8181], [-71.2327, 46.8183], [-71.2328, 46.8185], [-71.2328, 46.8187], [-71.2327, 46.8189], [-71.2327, 46.819], [-71.2327, 46.8191], [-71.2326, 46.8192], [-71.2325, 46.8192], [-71.2324, 46.8192], [-71.2322, 46.8192], [-71.2321, 46.8192], [-71.232, 46.8192], [-71.2319, 46.8193], [-71.2318, 46.8194], [-71.2318, 46.8195], [-71.2318, 46.8196], [-71.2319, 46.8197], [-71.2319, 46.8198], [-71.2319, 46.8199], [-71.2318, 46.82], [-71.2317, 46.8201], [-71.2316, 46.8201], [-71.2314, 46.8202], [-71.2313, 46.8202], [-71.2312, 46.8202], [-71.2311, 46.8203], [-71.231, 46.8203], [-71.231, 46.8204], [-71.2311, 46.8205], [-71.2312, 46.8206], [-71.2314, 46.8208], [-71.2315, 46.8209], [-71.2316, 46.821], [-71.2317, 46.8211], [-71.2318, 46.8212], [-71.2319, 46.8213], [-71.2319, 46.8214], [-71.2318, 46.8215], [-71.2317, 46.8215], [-71.2316, 46.8215], [-71.2315, 46.8215], [-71.2313, 46.8215], [-71.2311, 46.8214], [-71.2309, 46.8213], [-71.2307, 46.8212], [-71.2305, 46.8212], [-71.2302, 46.8211], [-71.23, 46.8211], [-71.2298, 46.8211], [-71.2296, 46.8211], [-71.2294, 46.8211], [-71.2292, 46.8212], [-71.229, 46.8213], [-71.2288, 46.8214], [-71.2287, 46.8214], [-71.2286, 46.8214], [-71.2286, 46.8213], [-71.2286, 46.8212], [-71.2286, 46.8211], [-71.2287, 46.8209], [-71.2288, 46.8208], [-71.2288, 46.8206], [-71.2287, 46.8205], [-71.2286, 46.8203], [-71.2285, 46.8202], [-71.2283, 46.82], [-71.2281, 46.8199], [-71.2278, 46.8197], [-71.2275, 46.8196], [-71.2272, 46.8195], [-71.2269, 46.8194], [-71.2266, 46.8193], [-71.2263, 46.8193], [-71.226, 46.8192], [-71.2257, 46.8192], [-71.2253, 46.8192], [-71.225, 46.8192], [-71.2247, 46.8192], [-71.2245, 46.8192], [-71.2243, 46.8193], [-71.2242, 46.8193], [-71.2241, 46.8194], [-71.224, 46.8195], [-71.224, 46.8196], [-71.2239, 46.8196], [-71.2239, 46.8197], [-71.2238, 46.8197], [-71.2237, 46.8197], [-71.2236, 46.8197], [-71.2235, 46.8197], [-71.2234, 46.8196], [-71.2233, 46.8195], [-71.2232, 46.8195], [-71.223, 46.8195], [-71.2228, 46.8194], [-71.2226, 46.8194], [-71.2224, 46.8194], [-71.2222, 46.8195], [-71.222, 46.8195], [-71.2217, 46.8195], [-71.2216, 46.8194], [-71.2215, 46.8194], [-71.2214, 46.8192], [-71.2213, 46.819], [-71.2213, 46.8188], [-71.2214, 46.8186], [-71.2215, 46.8182], [-71.2215, 46.818], [-71.2216, 46.8178], [-71.2217, 46.8176], [-71.2218, 46.8174], [-71.2219, 46.8173], [-71.2221, 46.8172], [-71.2222, 46.8172], [-71.2223, 46.8172], [-71.2224, 46.8172], [-71.2225, 46.8172], [-71.2226, 46.8171], [-71.2227, 46.817], [-71.2227, 46.8169], [-71.2227, 46.8168], [-71.2227, 46.8167], [-71.2228, 46.8166], [-71.2228, 46.8165], [-71.2229, 46.8164], [-71.223, 46.8163], [-71.2231, 46.8163], [-71.2232, 46.8162], [-71.2233, 46.8162], [-71.2235, 46.8162], [-71.2236, 46.8161], [-71.2238, 46.8161], [-71.2239, 46.816], [-71.2241, 46.8159], [-71.2242, 46.8158], [-71.2243, 46.8156], [-71.2244, 46.8155], [-71.2245, 46.8153], [-71.2247, 46.8151], [-71.2248, 46.815], [-71.225, 46.8149], [-71.2252, 46.8149], [-71.2254, 46.8148], [-71.2256, 46.8149], [-71.2259, 46.8149], [-71.2262, 46.8149], [-71.2265, 46.815], [-71.2269, 46.8151], [-71.2273, 46.8151], [-71.2277, 46.8151], [-71.2282, 46.8152], [-71.2286, 46.8152], [-71.2292, 46.8152]]]}}, {"type": "Feature", "properties": {"couche": "voile", "station": "Saint-Roch", "minutes": 10}, "geometry": {"type": "Polygon", "coordinates": [[[-71.3925, 46.9283], [-71.0652, 46.9304], [-71.0629, 46.7078], [-71.3888, 46.7057], [-71.3925, 46.9283]], [[-71.2286, 46.8152], [-71.2282, 46.8152], [-71.2277, 46.8151], [-71.2273, 46.8151], [-71.2269, 46.8151], [-71.2265, 46.815], [-71.2262, 46.8149], [-71.2259, 46.8149], [-71.2256, 46.8149], [-71.2254, 46.8148], [-71.2252, 46.8149], [-71.225, 46.8149], [-71.2248, 46.815], [-71.2247, 46.8151], [-71.2245, 46.8153], [-71.2244, 46.8155], [-71.2243, 46.8156], [-71.2242, 46.8158], [-71.2241, 46.8159], [-71.2239, 46.816], [-71.2238, 46.8161], [-71.2236, 46.8161], [-71.2235, 46.8162], [-71.2233, 46.8162], [-71.2232, 46.8162], [-71.2231, 46.8163], [-71.223, 46.8163], [-71.2229, 46.8164], [-71.2228, 46.8165], [-71.2228, 46.8166], [-71.2227, 46.8167], [-71.2227, 46.8168], [-71.2227, 46.8169], [-71.2227, 46.817], [-71.2226, 46.8171], [-71.2225, 46.8172], [-71.2224, 46.8172], [-71.2223, 46.8172], [-71.2222, 46.8172], [-71.2221, 46.8172], [-71.2219, 46.8173], [-71.2218, 46.8174], [-71.2217, 46.8176], [-71.2216, 46.8178], [-71.2215, 46.818], [-71.2215, 46.8182], [-71.2214, 46.8186], [-71.2213, 46.8188], [-71.2213, 46.819], [-71.2214, 46.8192], [-71.2215, 46.8194], [-71.2216, 46.8194], [-71.2217, 46.8195], [-71.222, 46.8195], [-71.2222, 46.8195], [-71.2224, 46.8194], [-71.2226, 46.8194], [-71.2228, 46.8194], [-71.223, 46.8195], [-71.2232, 46.8195], [-71.2233, 46.8195], [-71.2234, 46.8196], [-71.2235, 46.8197], [-71.2236, 46.8197], [-71.2237, 46.8197], [-71.2238, 46.8197], [-71.2239, 46.8197], [-71.2239, 46.8196], [-71.224, 46.8196], [-71.224, 46.8195], [-71.2241, 46.8194], [-71.2242, 46.8193], [-71.2243, 46.8193], [-71.2245, 46.8192], [-71.2247, 46.8192], [-71.225, 46.8192], [-71.2253, 46.8192], [-71.2257, 46.8192], [-71.226, 46.8192], [-71.2263, 46.8193], [-71.2266, 46.8193], [-71.2269, 46.8194], [-71.2272, 46.8195], [-71.2275, 46.8196], [-71.2278, 46.8197], [-71.2281, 46.8199], [-71.2283, 46.82], [-71.2285, 46.8202], [-71.2286, 46.8203], [-71.2287, 46.8205], [-71.2288, 46.8206], [-71.2288, 46.8208], [-71.2287, 46.8209], [-71.2286, 46.8211], [-71.2286, 46.8212], [-71.2286, 46.8213], [-71.2286, 46.8214], [-71.2287, 46.8214], [-71.2288, 46.8214], [-71.229, 46.8213], [-71.2292, 46.8212], [-71.2294, 46.8211], [-71.2296, 46.8211], [-71.2298, 46.8211], [-71.23, 46.8211], [-71.2302, 46.8211], [-71.2305, 46.8212], [-71.2307, 46.8212], [-71.2309, 46.8213], [-71.2311, 46.8214], [-71.2313, 46.8215], [-71.2315, 46.8215], [-71.2316, 46.8215], [-71.2317, 46.8215], [-71.2318, 46.8215], [-71.2319, 46.8214], [-71.2319, 46.8213], [-71.2318, 46.8212], [-71.2317, 46.8211], [-71.2316, 46.821], [-71.2315, 46.8209], [-71.2314, 46.8208], [-71.2312, 46.8206], [-71.2311, 46.8205], [-71.231, 46.8204], [-71.231, 46.8203], [-71.2311, 46.8203], [-71.2312, 46.8202], [-71.2313, 46.8202], [-71.2314, 46.8202], [-71.2316, 46.8201], [-71.2317, 46.8201], [-71.2318, 46.82], [-71.2319, 46.8199], [-71.2319, 46.8198], [-71.2319, 46.8197], [-71.2318, 46.8196], [-71.2318, 46.8195], [-71.2318, 46.8194], [-71.2319, 46.8193], [-71.232, 46.8192], [-71.2321, 46.8192], [-71.2322, 46.8192], [-71.2324, 46.8192], [-71.2325, 46.8192], [-71.2326, 46.8192], [-71.2327, 46.8191], [-71.2327, 46.819], [-71.2327, 46.8189], [-71.2328, 46.8187], [-71.2328, 46.8185], [-71.2327, 46.8183], [-71.2327, 46.8181], [-71.2327, 46.8179], [-71.2328, 46.8178], [-71.2328, 46.8176], [-71.2329, 46.8175], [-71.233, 46.8174], [-71.2331, 46.8173], [-71.2333, 46.8173], [-71.2334, 46.8172], [-71.2334, 46.8171], [-71.2334, 46.817], [-71.2333, 46.8168], [-71.2332, 46.8167], [-71.2331, 46.8165], [-71.2329, 46.8163], [-71.2326, 46.8161], [-71.2323, 46.8159], [-71.2319, 46.8157], [-71.2316, 46.8156], [-71.2312, 46.8155], [-71.2307, 46.8154], [-71.2302, 46.8153], [-71.2297, 46.8153], [-71.2292, 46.8152], [-71.2286, 46.8152]]]}}, {"type": "Feature", "properties": {"couche": "aire_marche", "station": "Saint-Roch", "ordre": 23, "minutes": 11, "superficie_ha": 56.4, "rue_km": 19.42, "disque_ha": 186.3, "part_disque_pct": 30, "accroche_m": 45, "population": 2572, "navetteurs": 795, "mode_auto_pct": 43, "mode_tc_pct": 23, "mode_actif_pct": 33, "mode_autre_pct": 1}, "geometry": {"type": "Polygon", "coordinates": [[[-71.2343, 46.8172], [-71.2343, 46.8173], [-71.2343, 46.8174], [-71.2343, 46.8175], [-71.2342, 46.8175], [-71.2341, 46.8176], [-71.234, 46.8176], [-71.2338, 46.8176], [-71.2336, 46.8176], [-71.2334, 46.8176], [-71.2332, 46.8176], [-71.2331, 46.8176], [-71.233, 46.8177], [-71.233, 46.8178], [-71.233, 46.8179], [-71.233, 46.8181], [-71.2331, 46.8183], [-71.2333, 46.8185], [-71.2334, 46.8187], [-71.2335, 46.8188], [-71.2335, 46.819], [-71.2335, 46.8191], [-71.2335, 46.8192], [-71.2334, 46.8193], [-71.2333, 46.8193], [-71.2331, 46.8194], [-71.233, 46.8194], [-71.2329, 46.8195], [-71.2328, 46.8195], [-71.2327, 46.8196], [-71.2327, 46.8197], [-71.2327, 46.8198], [-71.2327, 46.8199], [-71.2327, 46.82], [-71.2327, 46.8201], [-71.2326, 46.8202], [-71.2326, 46.8203], [-71.2324, 46.8203], [-71.2323, 46.8203], [-71.2321, 46.8204], [-71.2319, 46.8204], [-71.2316, 46.8203], [-71.2314, 46.8203], [-71.2313, 46.8203], [-71.2312, 46.8204], [-71.2312, 46.8205], [-71.2314, 46.8206], [-71.2315, 46.8207], [-71.2318, 46.8209], [-71.232, 46.821], [-71.2321, 46.8212], [-71.2322, 46.8213], [-71.2323, 46.8214], [-71.2324, 46.8215], [-71.2324, 46.8216], [-71.2324, 46.8217], [-71.2324, 46.8218], [-71.2323, 46.8219], [-71.2322, 46.8219], [-71.2321, 46.8219], [-71.2319, 46.8219], [-71.2317, 46.8218], [-71.2315, 46.8217], [-71.2313, 46.8216], [-71.231, 46.8215], [-71.2307, 46.8214], [-71.2305, 46.8213], [-71.2303, 46.8212], [-71.2301, 46.8212], [-71.2299, 46.8213], [-71.2297, 46.8213], [-71.2296, 46.8215], [-71.2295, 46.8216], [-71.2294, 46.8217], [-71.2293, 46.8218], [-71.2292, 46.8219], [-71.229, 46.822], [-71.2289, 46.8221], [-71.2287, 46.8221], [-71.2285, 46.8221], [-71.2283, 46.8221], [-71.2282, 46.8221], [-71.228, 46.822], [-71.2279, 46.822], [-71.2278, 46.8219], [-71.2277, 46.8219], [-71.2276, 46.8218], [-71.2276, 46.8217], [-71.2276, 46.8216], [-71.2276, 46.8215], [-71.2276, 46.8214], [-71.2277, 46.8213], [-71.2277, 46.8212], [-71.2279, 46.8211], [-71.228, 46.821], [-71.2282, 46.8209], [-71.2284, 46.8208], [-71.2285, 46.8206], [-71.2286, 46.8205], [-71.2286, 46.8204], [-71.2286, 46.8203], [-71.2285, 46.8201], [-71.2283, 46.82], [-71.2281, 46.8199], [-71.2278, 46.8197], [-71.2275, 46.8196], [-71.2272, 46.8195], [-71.2269, 46.8194], [-71.2266, 46.8193], [-71.2263, 46.8193], [-71.226, 46.8192], [-71.2257, 46.8192], [-71.2253, 46.8192], [-71.225, 46.8192], [-71.2248, 46.8192], [-71.2246, 46.8192], [-71.2245, 46.8192], [-71.2245, 46.8193], [-71.2245, 46.8194], [-71.2247, 46.8194], [-71.2248, 46.8195], [-71.2248, 46.8196], [-71.2249, 46.8196], [-71.2249, 46.8197], [-71.2249, 46.8198], [-71.2248, 46.8199], [-71.2247, 46.82], [-71.2246, 46.8201], [-71.2245, 46.8202], [-71.2244, 46.8202], [-71.2243, 46.8203], [-71.2242, 46.8203], [-71.224, 46.8203], [-71.2239, 46.8203], [-71.2237, 46.8203], [-71.2235, 46.8202], [-71.2234, 46.8202], [-71.2233, 46.8201], [-71.2232, 46.8201], [-71.2231, 46.82], [-71.223, 46.8199], [-71.223, 46.8198], [-71.223, 46.8197], [-71.223, 46.8196], [-71.2229, 46.8195], [-71.2228, 46.8195], [-71.2227, 46.8195], [-71.2225, 46.8195], [-71.2223, 46.8196], [-71.2221, 46.8196], [-71.2218, 46.8197], [-71.2215, 46.8198], [-71.2213, 46.8199], [-71.2211, 46.8199], [-71.2209, 46.8199], [-71.2207, 46.8199], [-71.2206, 46.8199], [-71.2205, 46.8199], [-71.2204, 46.8199], [-71.2204, 46.8198], [-71.2204, 46.8197], [-71.2204, 46.8195], [-71.2204, 46.8193], [-71.2205, 46.819], [-71.2206, 46.8187], [-71.2207, 46.8184], [-71.2208, 46.818], [-71.221, 46.8176], [-71.2211, 46.8173], [-71.2213, 46.817], [-71.2214, 46.8168], [-71.2215, 46.8166], [-71.2217, 46.8164], [-71.2218, 46.8163], [-71.2219, 46.8162], [-71.2221, 46.8161], [-71.2222, 46.8161], [-71.2223, 46.816], [-71.2225, 46.816], [-71.2226, 46.8159], [-71.2228, 46.8159], [-71.2229, 46.8159], [-71.2231, 46.8159], [-71.2233, 46.8159], [-71.2234, 46.8158], [-71.2235, 46.8157], [-71.2237, 46.8156], [-71.2238, 46.8155], [-71.224, 46.8153], [-71.2241, 46.8151], [-71.2242, 46.8148], [-71.2244, 46.8147], [-71.2245, 46.8145], [-71.2247, 46.8144], [-71.2249, 46.8143], [-71.2252, 46.8143], [-71.2255, 46.8143], [-71.2257, 46.8143], [-71.2261, 46.8144], [-71.2264, 46.8144], [-71.2267, 46.8145], [-71.227, 46.8145], [-71.2272, 46.8146], [-71.2275, 46.8146], [-71.2278, 46.8146], [-71.2281, 46.8146], [-71.2283, 46.8146], [-71.2286, 46.8146], [-71.2288, 46.8146], [-71.229, 46.8146], [-71.2291, 46.8146], [-71.2293, 46.8146], [-71.2294, 46.8147], [-71.2295, 46.8148], [-71.2296, 46.8148], [-71.2297, 46.8148], [-71.2298, 46.8148], [-71.2299, 46.8148], [-71.23, 46.8147], [-71.2301, 46.8146], [-71.2302, 46.8146], [-71.2304, 46.8146], [-71.2305, 46.8146], [-71.2307, 46.8146], [-71.2309, 46.8146], [-71.2311, 46.8146], [-71.2313, 46.8147], [-71.2315, 46.8147], [-71.2317, 46.8148], [-71.2319, 46.8149], [-71.2321, 46.815], [-71.2323, 46.8151], [-71.2325, 46.8152], [-71.2327, 46.8154], [-71.2329, 46.8155], [-71.2331, 46.8156], [-71.2332, 46.8158], [-71.2333, 46.8159], [-71.2333, 46.816], [-71.2333, 46.8161], [-71.2333, 46.8162], [-71.2333, 46.8163], [-71.2333, 46.8164], [-71.2333, 46.8165], [-71.2333, 46.8166], [-71.2333, 46.8167], [-71.2334, 46.8167], [-71.2335, 46.8168], [-71.2336, 46.8168], [-71.2337, 46.8168], [-71.2339, 46.8169], [-71.234, 46.8169], [-71.2341, 46.817], [-71.2342, 46.8171], [-71.2343, 46.8172]]]}}, {"type": "Feature", "properties": {"couche": "voile", "station": "Saint-Roch", "minutes": 11}, "geometry": {"type": "Polygon", "coordinates": [[[-71.3934, 46.9289], [-71.0643, 46.931], [-71.062, 46.7073], [-71.3897, 46.7052], [-71.3934, 46.9289]], [[-71.2342, 46.8171], [-71.2341, 46.817], [-71.234, 46.8169], [-71.2339, 46.8169], [-71.2337, 46.8168], [-71.2336, 46.8168], [-71.2335, 46.8168], [-71.2334, 46.8167], [-71.2333, 46.8167], [-71.2333, 46.8166], [-71.2333, 46.8165], [-71.2333, 46.8164], [-71.2333, 46.8163], [-71.2333, 46.8162], [-71.2333, 46.8161], [-71.2333, 46.816], [-71.2333, 46.8159], [-71.2332, 46.8158], [-71.2331, 46.8156], [-71.2329, 46.8155], [-71.2327, 46.8154], [-71.2325, 46.8152], [-71.2323, 46.8151], [-71.2321, 46.815], [-71.2319, 46.8149], [-71.2317, 46.8148], [-71.2315, 46.8147], [-71.2313, 46.8147], [-71.2311, 46.8146], [-71.2309, 46.8146], [-71.2307, 46.8146], [-71.2305, 46.8146], [-71.2304, 46.8146], [-71.2302, 46.8146], [-71.2301, 46.8146], [-71.23, 46.8147], [-71.2299, 46.8148], [-71.2298, 46.8148], [-71.2297, 46.8148], [-71.2296, 46.8148], [-71.2295, 46.8148], [-71.2294, 46.8147], [-71.2293, 46.8146], [-71.2291, 46.8146], [-71.229, 46.8146], [-71.2288, 46.8146], [-71.2286, 46.8146], [-71.2283, 46.8146], [-71.2281, 46.8146], [-71.2278, 46.8146], [-71.2275, 46.8146], [-71.2272, 46.8146], [-71.227, 46.8145], [-71.2267, 46.8145], [-71.2264, 46.8144], [-71.2261, 46.8144], [-71.2257, 46.8143], [-71.2255, 46.8143], [-71.2252, 46.8143], [-71.2249, 46.8143], [-71.2247, 46.8144], [-71.2245, 46.8145], [-71.2244, 46.8147], [-71.2242, 46.8148], [-71.2241, 46.8151], [-71.224, 46.8153], [-71.2238, 46.8155], [-71.2237, 46.8156], [-71.2235, 46.8157], [-71.2234, 46.8158], [-71.2233, 46.8159], [-71.2231, 46.8159], [-71.2229, 46.8159], [-71.2228, 46.8159], [-71.2226, 46.8159], [-71.2225, 46.816], [-71.2223, 46.816], [-71.2222, 46.8161], [-71.2221, 46.8161], [-71.2219, 46.8162], [-71.2218, 46.8163], [-71.2217, 46.8164], [-71.2215, 46.8166], [-71.2214, 46.8168], [-71.2213, 46.817], [-71.2211, 46.8173], [-71.221, 46.8176], [-71.2208, 46.818], [-71.2207, 46.8184], [-71.2206, 46.8187], [-71.2205, 46.819], [-71.2204, 46.8193], [-71.2204, 46.8195], [-71.2204, 46.8197], [-71.2204, 46.8198], [-71.2204, 46.8199], [-71.2205, 46.8199], [-71.2206, 46.8199], [-71.2207, 46.8199], [-71.2209, 46.8199], [-71.2211, 46.8199], [-71.2213, 46.8199], [-71.2215, 46.8198], [-71.2218, 46.8197], [-71.2221, 46.8196], [-71.2223, 46.8196], [-71.2225, 46.8195], [-71.2227, 46.8195], [-71.2228, 46.8195], [-71.2229, 46.8195], [-71.223, 46.8196], [-71.223, 46.8197], [-71.223, 46.8198], [-71.223, 46.8199], [-71.2231, 46.82], [-71.2232, 46.8201], [-71.2233, 46.8201], [-71.2234, 46.8202], [-71.2235, 46.8202], [-71.2237, 46.8203], [-71.2239, 46.8203], [-71.224, 46.8203], [-71.2242, 46.8203], [-71.2243, 46.8203], [-71.2244, 46.8202], [-71.2245, 46.8202], [-71.2246, 46.8201], [-71.2247, 46.82], [-71.2248, 46.8199], [-71.2249, 46.8198], [-71.2249, 46.8197], [-71.2249, 46.8196], [-71.2248, 46.8196], [-71.2248, 46.8195], [-71.2247, 46.8194], [-71.2245, 46.8194], [-71.2245, 46.8193], [-71.2245, 46.8192], [-71.2246, 46.8192], [-71.2248, 46.8192], [-71.225, 46.8192], [-71.2253, 46.8192], [-71.2257, 46.8192], [-71.226, 46.8192], [-71.2263, 46.8193], [-71.2266, 46.8193], [-71.2269, 46.8194], [-71.2272, 46.8195], [-71.2275, 46.8196], [-71.2278, 46.8197], [-71.2281, 46.8199], [-71.2283, 46.82], [-71.2285, 46.8201], [-71.2286, 46.8203], [-71.2286, 46.8204], [-71.2286, 46.8205], [-71.2285, 46.8206], [-71.2284, 46.8208], [-71.2282, 46.8209], [-71.228, 46.821], [-71.2279, 46.8211], [-71.2277, 46.8212], [-71.2277, 46.8213], [-71.2276, 46.8214], [-71.2276, 46.8215], [-71.2276, 46.8216], [-71.2276, 46.8217], [-71.2276, 46.8218], [-71.2277, 46.8219], [-71.2278, 46.8219], [-71.2279, 46.822], [-71.228, 46.822], [-71.2282, 46.8221], [-71.2283, 46.8221], [-71.2285, 46.8221], [-71.2287, 46.8221], [-71.2289, 46.8221], [-71.229, 46.822], [-71.2292, 46.8219], [-71.2293, 46.8218], [-71.2294, 46.8217], [-71.2295, 46.8216], [-71.2296, 46.8215], [-71.2297, 46.8213], [-71.2299, 46.8213], [-71.2301, 46.8212], [-71.2303, 46.8212], [-71.2305, 46.8213], [-71.2307, 46.8214], [-71.231, 46.8215], [-71.2313, 46.8216], [-71.2315, 46.8217], [-71.2317, 46.8218], [-71.2319, 46.8219], [-71.2321, 46.8219], [-71.2322, 46.8219], [-71.2323, 46.8219], [-71.2324, 46.8218], [-71.2324, 46.8217], [-71.2324, 46.8216], [-71.2324, 46.8215], [-71.2323, 46.8214], [-71.2322, 46.8213], [-71.2321, 46.8212], [-71.232, 46.821], [-71.2318, 46.8209], [-71.2315, 46.8207], [-71.2314, 46.8206], [-71.2312, 46.8205], [-71.2312, 46.8204], [-71.2313, 46.8203], [-71.2314, 46.8203], [-71.2316, 46.8203], [-71.2319, 46.8204], [-71.2321, 46.8204], [-71.2323, 46.8203], [-71.2324, 46.8203], [-71.2326, 46.8203], [-71.2326, 46.8202], [-71.2327, 46.8201], [-71.2327, 46.82], [-71.2327, 46.8199], [-71.2327, 46.8198], [-71.2327, 46.8197], [-71.2327, 46.8196], [-71.2328, 46.8195], [-71.2329, 46.8195], [-71.233, 46.8194], [-71.2331, 46.8194], [-71.2333, 46.8193], [-71.2334, 46.8193], [-71.2335, 46.8192], [-71.2335, 46.8191], [-71.2335, 46.819], [-71.2335, 46.8188], [-71.2334, 46.8187], [-71.2333, 46.8185], [-71.2331, 46.8183], [-71.233, 46.8181], [-71.233, 46.8179], [-71.233, 46.8178], [-71.233, 46.8177], [-71.2331, 46.8176], [-71.2332, 46.8176], [-71.2334, 46.8176], [-71.2336, 46.8176], [-71.2338, 46.8176], [-71.234, 46.8176], [-71.2341, 46.8176], [-71.2342, 46.8175], [-71.2343, 46.8175], [-71.2343, 46.8174], [-71.2343, 46.8173], [-71.2343, 46.8172], [-71.2342, 46.8171]]]}}, {"type": "Feature", "properties": {"couche": "aire_marche", "station": "Saint-Roch", "ordre": 23, "minutes": 12, "superficie_ha": 73.7, "rue_km": 25.21, "disque_ha": 221.7, "part_disque_pct": 33, "accroche_m": 45, "population": 3687, "navetteurs": 1159, "mode_auto_pct": 41, "mode_tc_pct": 25, "mode_actif_pct": 33, "mode_autre_pct": 1}, "geometry": {"type": "Polygon", "coordinates": [[[-71.234, 46.8167], [-71.2342, 46.8167], [-71.2345, 46.8167], [-71.2347, 46.8167], [-71.2348, 46.8168], [-71.235, 46.8168], [-71.2351, 46.8169], [-71.2352, 46.817], [-71.2352, 46.8171], [-71.2353, 46.8172], [-71.2353, 46.8174], [-71.2353, 46.8175], [-71.2353, 46.8176], [-71.2353, 46.8177], [-71.2352, 46.8177], [-71.2352, 46.8178], [-71.2351, 46.8178], [-71.2351, 46.8179], [-71.235, 46.8179], [-71.2348, 46.8179], [-71.2347, 46.8179], [-71.2345, 46.8179], [-71.2343, 46.8179], [-71.2341, 46.8179], [-71.2339, 46.8178], [-71.2336, 46.8178], [-71.2334, 46.8177], [-71.2332, 46.8177], [-71.2332, 46.8178], [-71.2332, 46.8179], [-71.2333, 46.8181], [-71.2335, 46.8182], [-71.2338, 46.8184], [-71.234, 46.8186], [-71.2341, 46.8188], [-71.2342, 46.819], [-71.2342, 46.8191], [-71.2342, 46.8192], [-71.234, 46.8194], [-71.2338, 46.8195], [-71.2336, 46.8196], [-71.2334, 46.8197], [-71.2332, 46.8198], [-71.2331, 46.8199], [-71.233, 46.82], [-71.2331, 46.8201], [-71.2331, 46.8202], [-71.2333, 46.8203], [-71.2334, 46.8203], [-71.2334, 46.8205], [-71.2335, 46.8206], [-71.2335, 46.8208], [-71.2335, 46.8209], [-71.2334, 46.8212], [-71.2334, 46.8214], [-71.2333, 46.8217], [-71.2331, 46.8219], [-71.233, 46.822], [-71.2328, 46.8221], [-71.2326, 46.8221], [-71.2323, 46.8221], [-71.232, 46.822], [-71.2316, 46.8219], [-71.2313, 46.8216], [-71.2309, 46.8215], [-71.2307, 46.8214], [-71.2304, 46.8213], [-71.2302, 46.8213], [-71.2301, 46.8214], [-71.23, 46.8215], [-71.2299, 46.8216], [-71.2299, 46.8218], [-71.2298, 46.822], [-71.2297, 46.8222], [-71.2296, 46.8223], [-71.2294, 46.8224], [-71.2292, 46.8224], [-71.2289, 46.8225], [-71.2286, 46.8225], [-71.2282, 46.8225], [-71.2279, 46.8224], [-71.2276, 46.8224], [-71.2274, 46.8223], [-71.2272, 46.8222], [-71.2271, 46.8221], [-71.227, 46.822], [-71.2269, 46.8218], [-71.2269, 46.8216], [-71.2269, 46.8215], [-71.2269, 46.8213], [-71.227, 46.8212], [-71.2271, 46.8211], [-71.2272, 46.821], [-71.2273, 46.821], [-71.2275, 46.821], [-71.2276, 46.821], [-71.2277, 46.821], [-71.2278, 46.821], [-71.2279, 46.8209], [-71.2279, 46.8208], [-71.228, 46.8207], [-71.228, 46.8206], [-71.228, 46.8205], [-71.228, 46.8204], [-71.2281, 46.8204], [-71.2281, 46.8203], [-71.2282, 46.8203], [-71.2283, 46.8203], [-71.2284, 46.8203], [-71.2286, 46.8203], [-71.2287, 46.8203], [-71.2287, 46.8202], [-71.2286, 46.8202], [-71.2285, 46.8201], [-71.2283, 46.82], [-71.2281, 46.8199], [-71.2278, 46.8197], [-71.2275, 46.8196], [-71.2272, 46.8195], [-71.2269, 46.8194], [-71.2266, 46.8193], [-71.2263, 46.8193], [-71.226, 46.8192], [-71.2257, 46.8192], [-71.2253, 46.8192], [-71.225, 46.8192], [-71.2248, 46.8192], [-71.2247, 46.8192], [-71.2248, 46.8193], [-71.2249, 46.8193], [-71.2252, 46.8193], [-71.2253, 46.8194], [-71.2255, 46.8194], [-71.2257, 46.8195], [-71.2258, 46.8195], [-71.2258, 46.8196], [-71.2259, 46.8197], [-71.2258, 46.8198], [-71.2258, 46.8199], [-71.2257, 46.82], [-71.2256, 46.82], [-71.2255, 46.82], [-71.2254, 46.8201], [-71.2252, 46.8201], [-71.2251, 46.8201], [-71.225, 46.8201], [-71.225, 46.8202], [-71.2249, 46.8202], [-71.2249, 46.8203], [-71.2248, 46.8204], [-71.2248, 46.8205], [-71.2248, 46.8206], [-71.2247, 46.8207], [-71.2246, 46.8208], [-71.2245, 46.8208], [-71.2243, 46.8208], [-71.2241, 46.8208], [-71.2239, 46.8207], [-71.2236, 46.8206], [-71.2233, 46.8205], [-71.223, 46.8204], [-71.2228, 46.8203], [-71.2226, 46.8202], [-71.2225, 46.8201], [-71.2224, 46.82], [-71.2225, 46.8199], [-71.2225, 46.8198], [-71.2226, 46.8197], [-71.2227, 46.8196], [-71.2226, 46.8196], [-71.2225, 46.8196], [-71.2223, 46.8196], [-71.222, 46.8197], [-71.2217, 46.8197], [-71.2213, 46.8199], [-71.221, 46.82], [-71.2207, 46.82], [-71.2204, 46.8201], [-71.2202, 46.8201], [-71.22, 46.8202], [-71.2198, 46.8202], [-71.2197, 46.8202], [-71.2196, 46.8201], [-71.2195, 46.8201], [-71.2194, 46.82], [-71.2194, 46.8199], [-71.2194, 46.8198], [-71.2194, 46.8197], [-71.2194, 46.8196], [-71.2195, 46.8195], [-71.2196, 46.8194], [-71.2197, 46.8194], [-71.2198, 46.8194], [-71.2199, 46.8193], [-71.22, 46.8193], [-71.2201, 46.8193], [-71.2201, 46.8192], [-71.22, 46.8191], [-71.2199, 46.8191], [-71.2198, 46.819], [-71.2198, 46.8188], [-71.2198, 46.8187], [-71.2198, 46.8185], [-71.2199, 46.8182], [-71.22, 46.818], [-71.2202, 46.8176], [-71.2203, 46.8173], [-71.2205, 46.817], [-71.2207, 46.8167], [-71.2209, 46.8164], [-71.2212, 46.8162], [-71.2214, 46.816], [-71.2217, 46.8158], [-71.222, 46.8156], [-71.2223, 46.8155], [-71.2225, 46.8154], [-71.2228, 46.8152], [-71.223, 46.8151], [-71.2232, 46.8149], [-71.2234, 46.8148], [-71.2236, 46.8146], [-71.2237, 46.8144], [-71.2238, 46.8142], [-71.2239, 46.814], [-71.2241, 46.8139], [-71.2242, 46.8138], [-71.2243, 46.8137], [-71.2245, 46.8136], [-71.2246, 46.8136], [-71.2248, 46.8136], [-71.225, 46.8136], [-71.2251, 46.8137], [-71.2253, 46.8137], [-71.2254, 46.8138], [-71.2255, 46.8139], [-71.2255, 46.814], [-71.2255, 46.8141], [-71.2255, 46.8142], [-71.2256, 46.8143], [-71.2257, 46.8143], [-71.2258, 46.8142], [-71.226, 46.8142], [-71.2261, 46.8141], [-71.2264, 46.8141], [-71.2266, 46.814], [-71.2269, 46.814], [-71.2273, 46.814], [-71.2277, 46.814], [-71.2282, 46.814], [-71.2288, 46.814], [-71.2294, 46.8141], [-71.23, 46.8142], [-71.2306, 46.8142], [-71.2311, 46.8143], [-71.2316, 46.8145], [-71.2321, 46.8146], [-71.2325, 46.8147], [-71.2328, 46.8149], [-71.2331, 46.815], [-71.2333, 46.8152], [-71.2335, 46.8154], [-71.2337, 46.8155], [-71.2338, 46.8157], [-71.2338, 46.8158], [-71.2338, 46.816], [-71.2338, 46.8161], [-71.2337, 46.8162], [-71.2336, 46.8163], [-71.2335, 46.8164], [-71.2334, 46.8165], [-71.2335, 46.8166], [-71.2336, 46.8167], [-71.2338, 46.8167], [-71.234, 46.8167]]]}}, {"type": "Feature", "properties": {"couche": "voile", "station": "Saint-Roch", "minutes": 12}, "geometry": {"type": "Polygon", "coordinates": [[[-71.3944, 46.9293], [-71.0633, 46.9314], [-71.061, 46.7066], [-71.3907, 46.7045], [-71.3944, 46.9293]], [[-71.2338, 46.8167], [-71.2336, 46.8167], [-71.2335, 46.8166], [-71.2334, 46.8165], [-71.2335, 46.8164], [-71.2336, 46.8163], [-71.2337, 46.8162], [-71.2338, 46.8161], [-71.2338, 46.816], [-71.2338, 46.8158], [-71.2338, 46.8157], [-71.2337, 46.8155], [-71.2335, 46.8154], [-71.2333, 46.8152], [-71.2331, 46.815], [-71.2328, 46.8149], [-71.2325, 46.8147], [-71.2321, 46.8146], [-71.2316, 46.8145], [-71.2311, 46.8143], [-71.2306, 46.8142], [-71.23, 46.8142], [-71.2294, 46.8141], [-71.2288, 46.814], [-71.2282, 46.814], [-71.2277, 46.814], [-71.2273, 46.814], [-71.2269, 46.814], [-71.2266, 46.814], [-71.2264, 46.8141], [-71.2261, 46.8141], [-71.226, 46.8142], [-71.2258, 46.8142], [-71.2257, 46.8143], [-71.2256, 46.8143], [-71.2255, 46.8142], [-71.2255, 46.8141], [-71.2255, 46.814], [-71.2255, 46.8139], [-71.2254, 46.8138], [-71.2253, 46.8137], [-71.2251, 46.8137], [-71.225, 46.8136], [-71.2248, 46.8136], [-71.2246, 46.8136], [-71.2245, 46.8136], [-71.2243, 46.8137], [-71.2242, 46.8138], [-71.2241, 46.8139], [-71.2239, 46.814], [-71.2238, 46.8142], [-71.2237, 46.8144], [-71.2236, 46.8146], [-71.2234, 46.8148], [-71.2232, 46.8149], [-71.223, 46.8151], [-71.2228, 46.8152], [-71.2225, 46.8154], [-71.2223, 46.8155], [-71.222, 46.8156], [-71.2217, 46.8158], [-71.2214, 46.816], [-71.2212, 46.8162], [-71.2209, 46.8164], [-71.2207, 46.8167], [-71.2205, 46.817], [-71.2203, 46.8173], [-71.2202, 46.8176], [-71.22, 46.818], [-71.2199, 46.8182], [-71.2198, 46.8185], [-71.2198, 46.8187], [-71.2198, 46.8188], [-71.2198, 46.819], [-71.2199, 46.8191], [-71.22, 46.8191], [-71.2201, 46.8192], [-71.2201, 46.8193], [-71.22, 46.8193], [-71.2199, 46.8193], [-71.2198, 46.8194], [-71.2197, 46.8194], [-71.2196, 46.8194], [-71.2195, 46.8195], [-71.2194, 46.8196], [-71.2194, 46.8197], [-71.2194, 46.8198], [-71.2194, 46.8199], [-71.2194, 46.82], [-71.2195, 46.8201], [-71.2196, 46.8201], [-71.2197, 46.8202], [-71.2198, 46.8202], [-71.22, 46.8202], [-71.2202, 46.8201], [-71.2204, 46.8201], [-71.2207, 46.82], [-71.221, 46.82], [-71.2213, 46.8199], [-71.2217, 46.8197], [-71.222, 46.8197], [-71.2223, 46.8196], [-71.2225, 46.8196], [-71.2226, 46.8196], [-71.2227, 46.8196], [-71.2226, 46.8197], [-71.2225, 46.8198], [-71.2225, 46.8199], [-71.2224, 46.82], [-71.2225, 46.8201], [-71.2226, 46.8202], [-71.2228, 46.8203], [-71.223, 46.8204], [-71.2233, 46.8205], [-71.2236, 46.8206], [-71.2239, 46.8207], [-71.2241, 46.8208], [-71.2243, 46.8208], [-71.2245, 46.8208], [-71.2246, 46.8208], [-71.2247, 46.8207], [-71.2248, 46.8206], [-71.2248, 46.8205], [-71.2248, 46.8204], [-71.2249, 46.8203], [-71.2249, 46.8202], [-71.225, 46.8202], [-71.225, 46.8201], [-71.2251, 46.8201], [-71.2252, 46.8201], [-71.2254, 46.8201], [-71.2255, 46.82], [-71.2256, 46.82], [-71.2257, 46.82], [-71.2258, 46.8199], [-71.2258, 46.8198], [-71.2259, 46.8197], [-71.2258, 46.8196], [-71.2258, 46.8195], [-71.2257, 46.8195], [-71.2255, 46.8194], [-71.2253, 46.8194], [-71.2252, 46.8193], [-71.2249, 46.8193], [-71.2248, 46.8193], [-71.2247, 46.8192], [-71.2248, 46.8192], [-71.225, 46.8192], [-71.2253, 46.8192], [-71.2257, 46.8192], [-71.226, 46.8192], [-71.2263, 46.8193], [-71.2266, 46.8193], [-71.2269, 46.8194], [-71.2272, 46.8195], [-71.2275, 46.8196], [-71.2278, 46.8197], [-71.2281, 46.8199], [-71.2283, 46.82], [-71.2285, 46.8201], [-71.2286, 46.8202], [-71.2287, 46.8202], [-71.2287, 46.8203], [-71.2286, 46.8203], [-71.2284, 46.8203], [-71.2283, 46.8203], [-71.2282, 46.8203], [-71.2281, 46.8203], [-71.2281, 46.8204], [-71.228, 46.8204], [-71.228, 46.8205], [-71.228, 46.8206], [-71.228, 46.8207], [-71.2279, 46.8208], [-71.2279, 46.8209], [-71.2278, 46.821], [-71.2277, 46.821], [-71.2276, 46.821], [-71.2275, 46.821], [-71.2273, 46.821], [-71.2272, 46.821], [-71.2271, 46.8211], [-71.227, 46.8212], [-71.2269, 46.8213], [-71.2269, 46.8215], [-71.2269, 46.8216], [-71.2269, 46.8218], [-71.227, 46.822], [-71.2271, 46.8221], [-71.2272, 46.8222], [-71.2274, 46.8223], [-71.2276, 46.8224], [-71.2279, 46.8224], [-71.2282, 46.8225], [-71.2286, 46.8225], [-71.2289, 46.8225], [-71.2292, 46.8224], [-71.2294, 46.8224], [-71.2296, 46.8223], [-71.2297, 46.8222], [-71.2298, 46.822], [-71.2299, 46.8218], [-71.2299, 46.8216], [-71.23, 46.8215], [-71.2301, 46.8214], [-71.2302, 46.8213], [-71.2304, 46.8213], [-71.2307, 46.8214], [-71.2309, 46.8215], [-71.2313, 46.8216], [-71.2316, 46.8219], [-71.232, 46.822], [-71.2323, 46.8221], [-71.2326, 46.8221], [-71.2328, 46.8221], [-71.233, 46.822], [-71.2331, 46.8219], [-71.2333, 46.8217], [-71.2334, 46.8214], [-71.2334, 46.8212], [-71.2335, 46.8209], [-71.2335, 46.8208], [-71.2335, 46.8206], [-71.2334, 46.8205], [-71.2334, 46.8203], [-71.2333, 46.8203], [-71.2331, 46.8202], [-71.2331, 46.8201], [-71.233, 46.82], [-71.2331, 46.8199], [-71.2332, 46.8198], [-71.2334, 46.8197], [-71.2336, 46.8196], [-71.2338, 46.8195], [-71.234, 46.8194], [-71.2342, 46.8192], [-71.2342, 46.8191], [-71.2342, 46.819], [-71.2341, 46.8188], [-71.234, 46.8186], [-71.2338, 46.8184], [-71.2335, 46.8182], [-71.2333, 46.8181], [-71.2332, 46.8179], [-71.2332, 46.8178], [-71.2332, 46.8177], [-71.2334, 46.8177], [-71.2336, 46.8178], [-71.2339, 46.8178], [-71.2341, 46.8179], [-71.2343, 46.8179], [-71.2345, 46.8179], [-71.2347, 46.8179], [-71.2348, 46.8179], [-71.235, 46.8179], [-71.2351, 46.8179], [-71.2351, 46.8178], [-71.2352, 46.8178], [-71.2352, 46.8177], [-71.2353, 46.8177], [-71.2353, 46.8176], [-71.2353, 46.8175], [-71.2353, 46.8174], [-71.2353, 46.8172], [-71.2352, 46.8171], [-71.2352, 46.817], [-71.2351, 46.8169], [-71.235, 46.8168], [-71.2348, 46.8168], [-71.2347, 46.8167], [-71.2345, 46.8167], [-71.2342, 46.8167], [-71.234, 46.8167], [-71.2338, 46.8167]]]}}, {"type": "Feature", "properties": {"couche": "aire_marche", "station": "Saint-Roch", "ordre": 23, "minutes": 13, "superficie_ha": 97.4, "rue_km": 32.27, "disque_ha": 260.2, "part_disque_pct": 37, "accroche_m": 45, "population": 4872, "navetteurs": 1570, "mode_auto_pct": 40, "mode_tc_pct": 25, "mode_actif_pct": 34, "mode_autre_pct": 1}, "geometry": {"type": "Polygon", "coordinates": [[[-71.2356, 46.8182], [-71.2355, 46.8183], [-71.2354, 46.8184], [-71.2353, 46.8185], [-71.2353, 46.8186], [-71.2353, 46.8187], [-71.2353, 46.8188], [-71.2353, 46.8189], [-71.2353, 46.819], [-71.2353, 46.8191], [-71.2353, 46.8192], [-71.2353, 46.8193], [-71.2352, 46.8193], [-71.2351, 46.8194], [-71.235, 46.8194], [-71.2348, 46.8194], [-71.2347, 46.8194], [-71.2345, 46.8195], [-71.2344, 46.8195], [-71.2344, 46.8196], [-71.2343, 46.8196], [-71.2342, 46.8197], [-71.2341, 46.8198], [-71.2341, 46.8199], [-71.234, 46.8199], [-71.2339, 46.8199], [-71.2338, 46.82], [-71.2337, 46.82], [-71.2336, 46.82], [-71.2334, 46.82], [-71.2333, 46.82], [-71.2332, 46.82], [-71.2331, 46.82], [-71.2331, 46.8201], [-71.2332, 46.8201], [-71.2333, 46.8202], [-71.2335, 46.8203], [-71.2337, 46.8203], [-71.2339, 46.8204], [-71.2341, 46.8205], [-71.2342, 46.8206], [-71.2342, 46.8207], [-71.2342, 46.8208], [-71.2342, 46.8209], [-71.2341, 46.821], [-71.234, 46.8211], [-71.2339, 46.8212], [-71.2338, 46.8213], [-71.2338, 46.8214], [-71.2338, 46.8215], [-71.2338, 46.8216], [-71.2338, 46.8217], [-71.2338, 46.8218], [-71.2339, 46.822], [-71.234, 46.8221], [-71.234, 46.8222], [-71.234, 46.8223], [-71.234, 46.8224], [-71.234, 46.8225], [-71.2339, 46.8226], [-71.2339, 46.8227], [-71.2338, 46.8227], [-71.2336, 46.8227], [-71.2334, 46.8227], [-71.2332, 46.8227], [-71.233, 46.8226], [-71.2327, 46.8224], [-71.2323, 46.8223], [-71.232, 46.8221], [-71.2317, 46.8219], [-71.2314, 46.8218], [-71.2312, 46.8217], [-71.231, 46.8216], [-71.2309, 46.8216], [-71.2308, 46.8216], [-71.2308, 46.8217], [-71.2308, 46.8218], [-71.2308, 46.8219], [-71.2307, 46.822], [-71.2306, 46.822], [-71.2305, 46.822], [-71.2304, 46.822], [-71.2303, 46.822], [-71.2302, 46.822], [-71.2302, 46.8221], [-71.2303, 46.8222], [-71.2304, 46.8223], [-71.2305, 46.8224], [-71.2306, 46.8224], [-71.2306, 46.8225], [-71.2307, 46.8225], [-71.2307, 46.8226], [-71.2307, 46.8227], [-71.2306, 46.8227], [-71.2306, 46.8228], [-71.2305, 46.8229], [-71.2304, 46.8229], [-71.2302, 46.823], [-71.2301, 46.823], [-71.2299, 46.823], [-71.2297, 46.8231], [-71.2295, 46.8231], [-71.2293, 46.8231], [-71.229, 46.8231], [-71.2288, 46.8231], [-71.2285, 46.8231], [-71.2282, 46.8231], [-71.2279, 46.823], [-71.2276, 46.823], [-71.2273, 46.8229], [-71.227, 46.8229], [-71.2267, 46.8228], [-71.2265, 46.8227], [-71.2263, 46.8226], [-71.2261, 46.8225], [-71.226, 46.8224], [-71.2259, 46.8223], [-71.2259, 46.8222], [-71.2258, 46.8221], [-71.2258, 46.822], [-71.2259, 46.8219], [-71.226, 46.8218], [-71.2261, 46.8217], [-71.2262, 46.8216], [-71.2263, 46.8216], [-71.2264, 46.8215], [-71.2265, 46.8214], [-71.2266, 46.8213], [-71.2267, 46.8212], [-71.2267, 46.8211], [-71.2266, 46.821], [-71.2266, 46.8208], [-71.2266, 46.8207], [-71.2266, 46.8206], [-71.2266, 46.8205], [-71.2266, 46.8204], [-71.2267, 46.8203], [-71.2268, 46.8202], [-71.227, 46.8201], [-71.2271, 46.82], [-71.2272, 46.82], [-71.2273, 46.8199], [-71.2275, 46.8199], [-71.2276, 46.8199], [-71.2278, 46.8199], [-71.2279, 46.8199], [-71.2281, 46.82], [-71.2282, 46.82], [-71.2282, 46.8199], [-71.228, 46.8198], [-71.2279, 46.8197], [-71.2276, 46.8196], [-71.2274, 46.8195], [-71.2271, 46.8194], [-71.2269, 46.8194], [-71.2266, 46.8193], [-71.2263, 46.8193], [-71.226, 46.8192], [-71.2257, 46.8192], [-71.2253, 46.8192], [-71.2251, 46.8192], [-71.2249, 46.8192], [-71.2248, 46.8192], [-71.2249, 46.8193], [-71.2251, 46.8193], [-71.2253, 46.8193], [-71.2256, 46.8194], [-71.2259, 46.8194], [-71.2262, 46.8195], [-71.2264, 46.8196], [-71.2265, 46.8196], [-71.2266, 46.8197], [-71.2267, 46.8198], [-71.2267, 46.8199], [-71.2266, 46.82], [-71.2265, 46.8201], [-71.2264, 46.8201], [-71.2263, 46.8201], [-71.2262, 46.8201], [-71.226, 46.8202], [-71.2258, 46.8202], [-71.2256, 46.8201], [-71.2254, 46.8201], [-71.2253, 46.8202], [-71.2252, 46.8202], [-71.2251, 46.8202], [-71.2251, 46.8203], [-71.2251, 46.8204], [-71.2252, 46.8205], [-71.2253, 46.8206], [-71.2254, 46.8207], [-71.2255, 46.8208], [-71.2255, 46.8209], [-71.2255, 46.821], [-71.2255, 46.8211], [-71.2255, 46.8212], [-71.2254, 46.8213], [-71.2253, 46.8214], [-71.2251, 46.8214], [-71.2249, 46.8214], [-71.2246, 46.8213], [-71.2243, 46.8213], [-71.2239, 46.8212], [-71.2235, 46.8211], [-71.223, 46.821], [-71.2226, 46.8208], [-71.2222, 46.8207], [-71.2219, 46.8206], [-71.2217, 46.8205], [-71.2215, 46.8204], [-71.2214, 46.8203], [-71.2213, 46.8203], [-71.2213, 46.8202], [-71.2214, 46.8201], [-71.2215, 46.82], [-71.2216, 46.8199], [-71.2217, 46.8198], [-71.2219, 46.8198], [-71.2221, 46.8197], [-71.2223, 46.8196], [-71.2222, 46.8196], [-71.2219, 46.8197], [-71.2215, 46.8198], [-71.2211, 46.8199], [-71.2207, 46.82], [-71.2203, 46.8201], [-71.22, 46.8202], [-71.2197, 46.8203], [-71.2195, 46.8203], [-71.2193, 46.8203], [-71.2191, 46.8203], [-71.2189, 46.8203], [-71.2188, 46.8202], [-71.2188, 46.82], [-71.2188, 46.8198], [-71.2189, 46.8195], [-71.219, 46.8191], [-71.2191, 46.8187], [-71.2193, 46.8182], [-71.2196, 46.8176], [-71.2199, 46.817], [-71.2201, 46.8166], [-71.2204, 46.8161], [-71.2207, 46.8158], [-71.221, 46.8155], [-71.2212, 46.8152], [-71.2215, 46.815], [-71.2218, 46.8149], [-71.2221, 46.8147], [-71.2224, 46.8146], [-71.2226, 46.8144], [-71.2228, 46.8143], [-71.223, 46.8141], [-71.2232, 46.8139], [-71.2233, 46.8137], [-71.2234, 46.8136], [-71.2236, 46.8134], [-71.2238, 46.8133], [-71.224, 46.8132], [-71.2244, 46.8132], [-71.2247, 46.8132], [-71.2251, 46.8132], [-71.2255, 46.8132], [-71.226, 46.8133], [-71.2265, 46.8134], [-71.227, 46.8135], [-71.2275, 46.8135], [-71.228, 46.8136], [-71.2285, 46.8136], [-71.229, 46.8136], [-71.2295, 46.8137], [-71.23, 46.8137], [-71.2305, 46.8137], [-71.2309, 46.8137], [-71.2313, 46.8138], [-71.2316, 46.8139], [-71.2318, 46.8139], [-71.232, 46.8141], [-71.2322, 46.8142], [-71.2323, 46.8143], [-71.2324, 46.8145], [-71.2325, 46.8146], [-71.2327, 46.8147], [-71.2328, 46.8148], [-71.233, 46.8148], [-71.2332, 46.8149], [-71.2333, 46.8149], [-71.2335, 46.8149], [-71.2337, 46.815], [-71.2339, 46.815], [-71.234, 46.8151], [-71.2341, 46.8151], [-71.2343, 46.8152], [-71.2344, 46.8153], [-71.2344, 46.8154], [-71.2345, 46.8156], [-71.2346, 46.8157], [-71.2347, 46.8158], [-71.2347, 46.8159], [-71.2348, 46.816], [-71.2349, 46.8161], [-71.2351, 46.8161], [-71.2352, 46.8162], [-71.2353, 46.8162], [-71.2354, 46.8162], [-71.2355, 46.8163], [-71.2356, 46.8164], [-71.2357, 46.8165], [-71.2358, 46.8166], [-71.2359, 46.8167], [-71.2359, 46.8169], [-71.236, 46.817], [-71.236, 46.8172], [-71.236, 46.8174], [-71.236, 46.8175], [-71.236, 46.8177], [-71.2359, 46.8178], [-71.2358, 46.8179], [-71.2357, 46.8181], [-71.2356, 46.8182]]]}}, {"type": "Feature", "properties": {"couche": "voile", "station": "Saint-Roch", "minutes": 13}, "geometry": {"type": "Polygon", "coordinates": [[[-71.3951, 46.9299], [-71.0627, 46.932], [-71.0603, 46.7062], [-71.3914, 46.7041], [-71.3951, 46.9299]], [[-71.2357, 46.8181], [-71.2358, 46.8179], [-71.2359, 46.8178], [-71.236, 46.8177], [-71.236, 46.8175], [-71.236, 46.8174], [-71.236, 46.8172], [-71.236, 46.817], [-71.2359, 46.8169], [-71.2359, 46.8167], [-71.2358, 46.8166], [-71.2357, 46.8165], [-71.2356, 46.8164], [-71.2355, 46.8163], [-71.2354, 46.8162], [-71.2353, 46.8162], [-71.2352, 46.8162], [-71.2351, 46.8161], [-71.2349, 46.8161], [-71.2348, 46.816], [-71.2347, 46.8159], [-71.2347, 46.8158], [-71.2346, 46.8157], [-71.2345, 46.8156], [-71.2344, 46.8154], [-71.2344, 46.8153], [-71.2343, 46.8152], [-71.2341, 46.8151], [-71.234, 46.8151], [-71.2339, 46.815], [-71.2337, 46.815], [-71.2335, 46.8149], [-71.2333, 46.8149], [-71.2332, 46.8149], [-71.233, 46.8148], [-71.2328, 46.8148], [-71.2327, 46.8147], [-71.2325, 46.8146], [-71.2324, 46.8145], [-71.2323, 46.8143], [-71.2322, 46.8142], [-71.232, 46.8141], [-71.2318, 46.8139], [-71.2316, 46.8139], [-71.2313, 46.8138], [-71.2309, 46.8137], [-71.2305, 46.8137], [-71.23, 46.8137], [-71.2295, 46.8137], [-71.229, 46.8136], [-71.2285, 46.8136], [-71.228, 46.8136], [-71.2275, 46.8135], [-71.227, 46.8135], [-71.2265, 46.8134], [-71.226, 46.8133], [-71.2255, 46.8132], [-71.2251, 46.8132], [-71.2247, 46.8132], [-71.2244, 46.8132], [-71.224, 46.8132], [-71.2238, 46.8133], [-71.2236, 46.8134], [-71.2234, 46.8136], [-71.2233, 46.8137], [-71.2232, 46.8139], [-71.223, 46.8141], [-71.2228, 46.8143], [-71.2226, 46.8144], [-71.2224, 46.8146], [-71.2221, 46.8147], [-71.2218, 46.8149], [-71.2215, 46.815], [-71.2212, 46.8152], [-71.221, 46.8155], [-71.2207, 46.8158], [-71.2204, 46.8161], [-71.2201, 46.8166], [-71.2199, 46.817], [-71.2196, 46.8176], [-71.2193, 46.8182], [-71.2191, 46.8187], [-71.219, 46.8191], [-71.2189, 46.8195], [-71.2188, 46.8198], [-71.2188, 46.82], [-71.2188, 46.8202], [-71.2189, 46.8203], [-71.2191, 46.8203], [-71.2193, 46.8203], [-71.2195, 46.8203], [-71.2197, 46.8203], [-71.22, 46.8202], [-71.2203, 46.8201], [-71.2207, 46.82], [-71.2211, 46.8199], [-71.2215, 46.8198], [-71.2219, 46.8197], [-71.2222, 46.8196], [-71.2223, 46.8196], [-71.2221, 46.8197], [-71.2219, 46.8198], [-71.2217, 46.8198], [-71.2216, 46.8199], [-71.2215, 46.82], [-71.2214, 46.8201], [-71.2213, 46.8202], [-71.2213, 46.8203], [-71.2214, 46.8203], [-71.2215, 46.8204], [-71.2217, 46.8205], [-71.2219, 46.8206], [-71.2222, 46.8207], [-71.2226, 46.8208], [-71.223, 46.821], [-71.2235, 46.8211], [-71.2239, 46.8212], [-71.2243, 46.8213], [-71.2246, 46.8213], [-71.2249, 46.8214], [-71.2251, 46.8214], [-71.2253, 46.8214], [-71.2254, 46.8213], [-71.2255, 46.8212], [-71.2255, 46.8211], [-71.2255, 46.821], [-71.2255, 46.8209], [-71.2255, 46.8208], [-71.2254, 46.8207], [-71.2253, 46.8206], [-71.2252, 46.8205], [-71.2251, 46.8204], [-71.2251, 46.8203], [-71.2251, 46.8202], [-71.2252, 46.8202], [-71.2253, 46.8202], [-71.2254, 46.8201], [-71.2256, 46.8201], [-71.2258, 46.8202], [-71.226, 46.8202], [-71.2262, 46.8201], [-71.2263, 46.8201], [-71.2264, 46.8201], [-71.2265, 46.8201], [-71.2266, 46.82], [-71.2267, 46.8199], [-71.2267, 46.8198], [-71.2266, 46.8197], [-71.2265, 46.8196], [-71.2264, 46.8196], [-71.2262, 46.8195], [-71.2259, 46.8194], [-71.2256, 46.8194], [-71.2253, 46.8193], [-71.2251, 46.8193], [-71.2249, 46.8193], [-71.2248, 46.8192], [-71.2249, 46.8192], [-71.2251, 46.8192], [-71.2253, 46.8192], [-71.2257, 46.8192], [-71.226, 46.8192], [-71.2263, 46.8193], [-71.2266, 46.8193], [-71.2269, 46.8194], [-71.2271, 46.8194], [-71.2274, 46.8195], [-71.2276, 46.8196], [-71.2279, 46.8197], [-71.228, 46.8198], [-71.2282, 46.8199], [-71.2282, 46.82], [-71.2281, 46.82], [-71.2279, 46.8199], [-71.2278, 46.8199], [-71.2276, 46.8199], [-71.2275, 46.8199], [-71.2273, 46.8199], [-71.2272, 46.82], [-71.2271, 46.82], [-71.227, 46.8201], [-71.2268, 46.8202], [-71.2267, 46.8203], [-71.2266, 46.8204], [-71.2266, 46.8205], [-71.2266, 46.8206], [-71.2266, 46.8207], [-71.2266, 46.8208], [-71.2266, 46.821], [-71.2267, 46.8211], [-71.2267, 46.8212], [-71.2266, 46.8213], [-71.2265, 46.8214], [-71.2264, 46.8215], [-71.2263, 46.8216], [-71.2262, 46.8216], [-71.2261, 46.8217], [-71.226, 46.8218], [-71.2259, 46.8219], [-71.2258, 46.822], [-71.2258, 46.8221], [-71.2259, 46.8222], [-71.2259, 46.8223], [-71.226, 46.8224], [-71.2261, 46.8225], [-71.2263, 46.8226], [-71.2265, 46.8227], [-71.2267, 46.8228], [-71.227, 46.8229], [-71.2273, 46.8229], [-71.2276, 46.823], [-71.2279, 46.823], [-71.2282, 46.8231], [-71.2285, 46.8231], [-71.2288, 46.8231], [-71.229, 46.8231], [-71.2293, 46.8231], [-71.2295, 46.8231], [-71.2297, 46.8231], [-71.2299, 46.823], [-71.2301, 46.823], [-71.2302, 46.823], [-71.2304, 46.8229], [-71.2305, 46.8229], [-71.2306, 46.8228], [-71.2306, 46.8227], [-71.2307, 46.8227], [-71.2307, 46.8226], [-71.2307, 46.8225], [-71.2306, 46.8225], [-71.2306, 46.8224], [-71.2305, 46.8224], [-71.2304, 46.8223], [-71.2303, 46.8222], [-71.2302, 46.8221], [-71.2302, 46.822], [-71.2303, 46.822], [-71.2304, 46.822], [-71.2305, 46.822], [-71.2306, 46.822], [-71.2307, 46.822], [-71.2308, 46.8219], [-71.2308, 46.8218], [-71.2308, 46.8217], [-71.2308, 46.8216], [-71.2309, 46.8216], [-71.231, 46.8216], [-71.2312, 46.8217], [-71.2314, 46.8218], [-71.2317, 46.8219], [-71.232, 46.8221], [-71.2323, 46.8223], [-71.2327, 46.8224], [-71.233, 46.8226], [-71.2332, 46.8227], [-71.2334, 46.8227], [-71.2336, 46.8227], [-71.2338, 46.8227], [-71.2339, 46.8227], [-71.2339, 46.8226], [-71.234, 46.8225], [-71.234, 46.8224], [-71.234, 46.8223], [-71.234, 46.8222], [-71.234, 46.8221], [-71.2339, 46.822], [-71.2338, 46.8218], [-71.2338, 46.8217], [-71.2338, 46.8216], [-71.2338, 46.8215], [-71.2338, 46.8214], [-71.2338, 46.8213], [-71.2339, 46.8212], [-71.234, 46.8211], [-71.2341, 46.821], [-71.2342, 46.8209], [-71.2342, 46.8208], [-71.2342, 46.8207], [-71.2342, 46.8206], [-71.2341, 46.8205], [-71.2339, 46.8204], [-71.2337, 46.8203], [-71.2335, 46.8203], [-71.2333, 46.8202], [-71.2332, 46.8201], [-71.2331, 46.8201], [-71.2331, 46.82], [-71.2332, 46.82], [-71.2333, 46.82], [-71.2334, 46.82], [-71.2336, 46.82], [-71.2337, 46.82], [-71.2338, 46.82], [-71.2339, 46.8199], [-71.234, 46.8199], [-71.2341, 46.8199], [-71.2341, 46.8198], [-71.2342, 46.8197], [-71.2343, 46.8196], [-71.2344, 46.8196], [-71.2344, 46.8195], [-71.2345, 46.8195], [-71.2347, 46.8194], [-71.2348, 46.8194], [-71.235, 46.8194], [-71.2351, 46.8194], [-71.2352, 46.8193], [-71.2353, 46.8193], [-71.2353, 46.8192], [-71.2353, 46.8191], [-71.2353, 46.819], [-71.2353, 46.8189], [-71.2353, 46.8188], [-71.2353, 46.8187], [-71.2353, 46.8186], [-71.2353, 46.8185], [-71.2354, 46.8184], [-71.2355, 46.8183], [-71.2356, 46.8182], [-71.2357, 46.8181]]]}}, {"type": "Feature", "properties": {"couche": "aire_marche", "station": "Saint-Roch", "ordre": 23, "minutes": 14, "superficie_ha": 121.8, "rue_km": 40.66, "disque_ha": 301.7, "part_disque_pct": 40, "accroche_m": 45, "population": 6092, "navetteurs": 2005, "mode_auto_pct": 40, "mode_tc_pct": 25, "mode_actif_pct": 34, "mode_autre_pct": 1}, "geometry": {"type": "Polygon", "coordinates": [[[-71.2365, 46.8174], [-71.2365, 46.8178], [-71.2364, 46.8182], [-71.2363, 46.8185], [-71.2363, 46.8187], [-71.2362, 46.8189], [-71.2361, 46.8191], [-71.2359, 46.8192], [-71.2358, 46.8193], [-71.2357, 46.8193], [-71.2355, 46.8193], [-71.2354, 46.8194], [-71.2353, 46.8194], [-71.2352, 46.8195], [-71.2351, 46.8195], [-71.2351, 46.8196], [-71.235, 46.8197], [-71.2349, 46.8198], [-71.2349, 46.8199], [-71.2347, 46.8199], [-71.2346, 46.8199], [-71.2344, 46.82], [-71.2342, 46.82], [-71.2339, 46.82], [-71.2337, 46.82], [-71.2335, 46.82], [-71.2333, 46.82], [-71.2333, 46.8201], [-71.2334, 46.8202], [-71.2336, 46.8202], [-71.2339, 46.8203], [-71.2342, 46.8204], [-71.2345, 46.8205], [-71.2347, 46.8206], [-71.2349, 46.8208], [-71.235, 46.8209], [-71.235, 46.821], [-71.2349, 46.8211], [-71.2348, 46.8212], [-71.2347, 46.8213], [-71.2345, 46.8215], [-71.2344, 46.8216], [-71.2344, 46.8217], [-71.2343, 46.8218], [-71.2343, 46.822], [-71.2344, 46.8221], [-71.2344, 46.8222], [-71.2345, 46.8223], [-71.2346, 46.8225], [-71.2347, 46.8226], [-71.2347, 46.8227], [-71.2347, 46.8228], [-71.2346, 46.8229], [-71.2346, 46.823], [-71.2345, 46.823], [-71.2343, 46.8231], [-71.2342, 46.8231], [-71.234, 46.8231], [-71.2338, 46.8231], [-71.2335, 46.823], [-71.2332, 46.8228], [-71.2329, 46.8227], [-71.2325, 46.8225], [-71.2321, 46.8222], [-71.2318, 46.822], [-71.2315, 46.8219], [-71.2313, 46.8218], [-71.2311, 46.8217], [-71.2312, 46.8218], [-71.2313, 46.8219], [-71.2314, 46.822], [-71.2315, 46.8221], [-71.2315, 46.8223], [-71.2315, 46.8224], [-71.2315, 46.8225], [-71.2315, 46.8227], [-71.2314, 46.8228], [-71.2313, 46.823], [-71.2313, 46.8231], [-71.2312, 46.8232], [-71.2311, 46.8232], [-71.231, 46.8233], [-71.2309, 46.8233], [-71.2308, 46.8233], [-71.2307, 46.8232], [-71.2306, 46.8232], [-71.2305, 46.8232], [-71.2303, 46.8232], [-71.2302, 46.8232], [-71.2301, 46.8233], [-71.23, 46.8233], [-71.2298, 46.8234], [-71.2297, 46.8235], [-71.2295, 46.8235], [-71.2293, 46.8236], [-71.229, 46.8236], [-71.2287, 46.8236], [-71.2284, 46.8236], [-71.228, 46.8235], [-71.2276, 46.8235], [-71.2271, 46.8234], [-71.2267, 46.8233], [-71.2263, 46.8232], [-71.226, 46.8231], [-71.2257, 46.823], [-71.2255, 46.8229], [-71.2254, 46.8227], [-71.2252, 46.8226], [-71.2252, 46.8225], [-71.2251, 46.8223], [-71.2249, 46.8222], [-71.2247, 46.8221], [-71.2245, 46.822], [-71.2242, 46.8219], [-71.2238, 46.8218], [-71.2234, 46.8217], [-71.223, 46.8216], [-71.2226, 46.8215], [-71.2222, 46.8215], [-71.2219, 46.8214], [-71.2216, 46.8213], [-71.2214, 46.8212], [-71.2212, 46.8211], [-71.221, 46.8211], [-71.2209, 46.821], [-71.2208, 46.8209], [-71.2208, 46.8208], [-71.2208, 46.8206], [-71.2209, 46.8205], [-71.2211, 46.8204], [-71.2213, 46.8202], [-71.2216, 46.8201], [-71.2219, 46.8199], [-71.2222, 46.8198], [-71.2223, 46.8197], [-71.2223, 46.8196], [-71.2221, 46.8196], [-71.2219, 46.8197], [-71.2215, 46.8198], [-71.2211, 46.8199], [-71.2207, 46.8201], [-71.2203, 46.8201], [-71.2199, 46.8202], [-71.2196, 46.8203], [-71.2193, 46.8203], [-71.219, 46.8204], [-71.2187, 46.8204], [-71.2185, 46.8204], [-71.2183, 46.8204], [-71.2181, 46.8203], [-71.218, 46.8203], [-71.2179, 46.8202], [-71.2178, 46.82], [-71.2179, 46.8199], [-71.2179, 46.8198], [-71.218, 46.8196], [-71.2181, 46.8194], [-71.2181, 46.8192], [-71.2182, 46.8191], [-71.2182, 46.819], [-71.2182, 46.8188], [-71.2182, 46.8187], [-71.2181, 46.8186], [-71.2181, 46.8185], [-71.2181, 46.8184], [-71.2181, 46.8183], [-71.2181, 46.8182], [-71.2182, 46.8181], [-71.2183, 46.818], [-71.2184, 46.8179], [-71.2186, 46.8178], [-71.2187, 46.8177], [-71.2189, 46.8176], [-71.219, 46.8175], [-71.2191, 46.8174], [-71.2192, 46.8173], [-71.2193, 46.8172], [-71.2193, 46.8171], [-71.2193, 46.817], [-71.2192, 46.8169], [-71.2192, 46.8168], [-71.2192, 46.8167], [-71.2192, 46.8166], [-71.2193, 46.8165], [-71.2193, 46.8163], [-71.2194, 46.8161], [-71.2195, 46.8159], [-71.2196, 46.8157], [-71.2198, 46.8155], [-71.2199, 46.8154], [-71.22, 46.8152], [-71.2202, 46.8151], [-71.2203, 46.815], [-71.2204, 46.815], [-71.2205, 46.8149], [-71.2207, 46.8149], [-71.2208, 46.8149], [-71.2209, 46.8149], [-71.221, 46.8149], [-71.2211, 46.8148], [-71.2212, 46.8147], [-71.2212, 46.8146], [-71.2212, 46.8145], [-71.2213, 46.8144], [-71.2213, 46.8143], [-71.2214, 46.8143], [-71.2215, 46.8143], [-71.2216, 46.8143], [-71.2216, 46.8144], [-71.2217, 46.8144], [-71.2218, 46.8145], [-71.2219, 46.8145], [-71.222, 46.8145], [-71.2221, 46.8145], [-71.2222, 46.8146], [-71.2223, 46.8145], [-71.2224, 46.8145], [-71.2225, 46.8145], [-71.2226, 46.8144], [-71.2226, 46.8143], [-71.2226, 46.8142], [-71.2226, 46.8141], [-71.2226, 46.814], [-71.2225, 46.8139], [-71.2225, 46.8137], [-71.2225, 46.8136], [-71.2225, 46.8135], [-71.2225, 46.8134], [-71.2226, 46.8132], [-71.2226, 46.8131], [-71.2228, 46.813], [-71.2229, 46.8128], [-71.2231, 46.8127], [-71.2233, 46.8127], [-71.2236, 46.8126], [-71.2239, 46.8126], [-71.2243, 46.8126], [-71.2248, 46.8127], [-71.2252, 46.8128], [-71.2258, 46.8129], [-71.2263, 46.813], [-71.2268, 46.8131], [-71.2272, 46.8132], [-71.2276, 46.8132], [-71.228, 46.8133], [-71.2283, 46.8133], [-71.2286, 46.8133], [-71.2289, 46.8133], [-71.2291, 46.8133], [-71.2293, 46.8133], [-71.2295, 46.8133], [-71.2297, 46.8133], [-71.2299, 46.8133], [-71.23, 46.8132], [-71.2301, 46.8132], [-71.2302, 46.8132], [-71.2303, 46.8131], [-71.2304, 46.8131], [-71.2306, 46.8131], [-71.2307, 46.8131], [-71.2309, 46.8131], [-71.2312, 46.8131], [-71.2314, 46.8132], [-71.2317, 46.8132], [-71.232, 46.8133], [-71.2322, 46.8134], [-71.2323, 46.8135], [-71.2325, 46.8136], [-71.2326, 46.8137], [-71.2326, 46.8139], [-71.2327, 46.8141], [-71.2327, 46.8142], [-71.2327, 46.8144], [-71.2327, 46.8145], [-71.2328, 46.8146], [-71.2329, 46.8147], [-71.233, 46.8147], [-71.2332, 46.8147], [-71.2333, 46.8147], [-71.2335, 46.8147], [-71.2337, 46.8146], [-71.2339, 46.8146], [-71.234, 46.8146], [-71.2342, 46.8146], [-71.2343, 46.8146], [-71.2345, 46.8147], [-71.2346, 46.8147], [-71.2347, 46.8148], [-71.2349, 46.8148], [-71.235, 46.8149], [-71.2352, 46.815], [-71.2353, 46.8151], [-71.2355, 46.8152], [-71.2357, 46.8153], [-71.2358, 46.8155], [-71.236, 46.8156], [-71.2361, 46.8158], [-71.2363, 46.816], [-71.2364, 46.8162], [-71.2364, 46.8165], [-71.2365, 46.8168], [-71.2365, 46.8171], [-71.2365, 46.8174]]]}}, {"type": "Feature", "properties": {"couche": "voile", "station": "Saint-Roch", "minutes": 14}, "geometry": {"type": "Polygon", "coordinates": [[[-71.3956, 46.9304], [-71.0617, 46.9325], [-71.0593, 46.7056], [-71.3919, 46.7035], [-71.3956, 46.9304]], [[-71.2365, 46.8171], [-71.2365, 46.8168], [-71.2364, 46.8165], [-71.2364, 46.8162], [-71.2363, 46.816], [-71.2361, 46.8158], [-71.236, 46.8156], [-71.2358, 46.8155], [-71.2357, 46.8153], [-71.2355, 46.8152], [-71.2353, 46.8151], [-71.2352, 46.815], [-71.235, 46.8149], [-71.2349, 46.8148], [-71.2347, 46.8148], [-71.2346, 46.8147], [-71.2345, 46.8147], [-71.2343, 46.8146], [-71.2342, 46.8146], [-71.234, 46.8146], [-71.2339, 46.8146], [-71.2337, 46.8146], [-71.2335, 46.8147], [-71.2333, 46.8147], [-71.2332, 46.8147], [-71.233, 46.8147], [-71.2329, 46.8147], [-71.2328, 46.8146], [-71.2327, 46.8145], [-71.2327, 46.8144], [-71.2327, 46.8142], [-71.2327, 46.8141], [-71.2326, 46.8139], [-71.2326, 46.8137], [-71.2325, 46.8136], [-71.2323, 46.8135], [-71.2322, 46.8134], [-71.232, 46.8133], [-71.2317, 46.8132], [-71.2314, 46.8132], [-71.2312, 46.8131], [-71.2309, 46.8131], [-71.2307, 46.8131], [-71.2306, 46.8131], [-71.2304, 46.8131], [-71.2303, 46.8131], [-71.2302, 46.8132], [-71.2301, 46.8132], [-71.23, 46.8132], [-71.2299, 46.8133], [-71.2297, 46.8133], [-71.2295, 46.8133], [-71.2293, 46.8133], [-71.2291, 46.8133], [-71.2289, 46.8133], [-71.2286, 46.8133], [-71.2283, 46.8133], [-71.228, 46.8133], [-71.2276, 46.8132], [-71.2272, 46.8132], [-71.2268, 46.8131], [-71.2263, 46.813], [-71.2258, 46.8129], [-71.2252, 46.8128], [-71.2248, 46.8127], [-71.2243, 46.8126], [-71.2239, 46.8126], [-71.2236, 46.8126], [-71.2233, 46.8127], [-71.2231, 46.8127], [-71.2229, 46.8128], [-71.2228, 46.813], [-71.2226, 46.8131], [-71.2226, 46.8132], [-71.2225, 46.8134], [-71.2225, 46.8135], [-71.2225, 46.8136], [-71.2225, 46.8137], [-71.2225, 46.8139], [-71.2226, 46.814], [-71.2226, 46.8141], [-71.2226, 46.8142], [-71.2226, 46.8143], [-71.2226, 46.8144], [-71.2225, 46.8145], [-71.2224, 46.8145], [-71.2223, 46.8145], [-71.2222, 46.8146], [-71.2221, 46.8145], [-71.222, 46.8145], [-71.2219, 46.8145], [-71.2218, 46.8145], [-71.2217, 46.8144], [-71.2216, 46.8144], [-71.2216, 46.8143], [-71.2215, 46.8143], [-71.2214, 46.8143], [-71.2213, 46.8143], [-71.2213, 46.8144], [-71.2212, 46.8145], [-71.2212, 46.8146], [-71.2212, 46.8147], [-71.2211, 46.8148], [-71.221, 46.8149], [-71.2209, 46.8149], [-71.2208, 46.8149], [-71.2207, 46.8149], [-71.2205, 46.8149], [-71.2204, 46.815], [-71.2203, 46.815], [-71.2202, 46.8151], [-71.22, 46.8152], [-71.2199, 46.8154], [-71.2198, 46.8155], [-71.2196, 46.8157], [-71.2195, 46.8159], [-71.2194, 46.8161], [-71.2193, 46.8163], [-71.2193, 46.8165], [-71.2192, 46.8166], [-71.2192, 46.8167], [-71.2192, 46.8168], [-71.2192, 46.8169], [-71.2193, 46.817], [-71.2193, 46.8171], [-71.2193, 46.8172], [-71.2192, 46.8173], [-71.2191, 46.8174], [-71.219, 46.8175], [-71.2189, 46.8176], [-71.2187, 46.8177], [-71.2186, 46.8178], [-71.2184, 46.8179], [-71.2183, 46.818], [-71.2182, 46.8181], [-71.2181, 46.8182], [-71.2181, 46.8183], [-71.2181, 46.8184], [-71.2181, 46.8185], [-71.2181, 46.8186], [-71.2182, 46.8187], [-71.2182, 46.8188], [-71.2182, 46.819], [-71.2182, 46.8191], [-71.2181, 46.8192], [-71.2181, 46.8194], [-71.218, 46.8196], [-71.2179, 46.8198], [-71.2179, 46.8199], [-71.2178, 46.82], [-71.2179, 46.8202], [-71.218, 46.8203], [-71.2181, 46.8203], [-71.2183, 46.8204], [-71.2185, 46.8204], [-71.2187, 46.8204], [-71.219, 46.8204], [-71.2193, 46.8203], [-71.2196, 46.8203], [-71.2199, 46.8202], [-71.2203, 46.8201], [-71.2207, 46.8201], [-71.2211, 46.8199], [-71.2215, 46.8198], [-71.2219, 46.8197], [-71.2221, 46.8196], [-71.2223, 46.8196], [-71.2223, 46.8197], [-71.2222, 46.8198], [-71.2219, 46.8199], [-71.2216, 46.8201], [-71.2213, 46.8202], [-71.2211, 46.8204], [-71.2209, 46.8205], [-71.2208, 46.8206], [-71.2208, 46.8208], [-71.2208, 46.8209], [-71.2209, 46.821], [-71.221, 46.8211], [-71.2212, 46.8211], [-71.2214, 46.8212], [-71.2216, 46.8213], [-71.2219, 46.8214], [-71.2222, 46.8215], [-71.2226, 46.8215], [-71.223, 46.8216], [-71.2234, 46.8217], [-71.2238, 46.8218], [-71.2242, 46.8219], [-71.2245, 46.822], [-71.2247, 46.8221], [-71.2249, 46.8222], [-71.2251, 46.8223], [-71.2252, 46.8225], [-71.2252, 46.8226], [-71.2254, 46.8227], [-71.2255, 46.8229], [-71.2257, 46.823], [-71.226, 46.8231], [-71.2263, 46.8232], [-71.2267, 46.8233], [-71.2271, 46.8234], [-71.2276, 46.8235], [-71.228, 46.8235], [-71.2284, 46.8236], [-71.2287, 46.8236], [-71.229, 46.8236], [-71.2293, 46.8236], [-71.2295, 46.8235], [-71.2297, 46.8235], [-71.2298, 46.8234], [-71.23, 46.8233], [-71.2301, 46.8233], [-71.2302, 46.8232], [-71.2303, 46.8232], [-71.2305, 46.8232], [-71.2306, 46.8232], [-71.2307, 46.8232], [-71.2308, 46.8233], [-71.2309, 46.8233], [-71.231, 46.8233], [-71.2311, 46.8232], [-71.2312, 46.8232], [-71.2313, 46.8231], [-71.2313, 46.823], [-71.2314, 46.8228], [-71.2315, 46.8227], [-71.2315, 46.8225], [-71.2315, 46.8224], [-71.2315, 46.8223], [-71.2315, 46.8221], [-71.2314, 46.822], [-71.2313, 46.8219], [-71.2312, 46.8218], [-71.2311, 46.8217], [-71.2313, 46.8218], [-71.2315, 46.8219], [-71.2318, 46.822], [-71.2321, 46.8222], [-71.2325, 46.8225], [-71.2329, 46.8227], [-71.2332, 46.8228], [-71.2335, 46.823], [-71.2338, 46.8231], [-71.234, 46.8231], [-71.2342, 46.8231], [-71.2343, 46.8231], [-71.2345, 46.823], [-71.2346, 46.823], [-71.2346, 46.8229], [-71.2347, 46.8228], [-71.2347, 46.8227], [-71.2347, 46.8226], [-71.2346, 46.8225], [-71.2345, 46.8223], [-71.2344, 46.8222], [-71.2344, 46.8221], [-71.2343, 46.822], [-71.2343, 46.8218], [-71.2344, 46.8217], [-71.2344, 46.8216], [-71.2345, 46.8215], [-71.2347, 46.8213], [-71.2348, 46.8212], [-71.2349, 46.8211], [-71.235, 46.821], [-71.235, 46.8209], [-71.2349, 46.8208], [-71.2347, 46.8206], [-71.2345, 46.8205], [-71.2342, 46.8204], [-71.2339, 46.8203], [-71.2336, 46.8202], [-71.2334, 46.8202], [-71.2333, 46.8201], [-71.2333, 46.82], [-71.2335, 46.82], [-71.2337, 46.82], [-71.2339, 46.82], [-71.2342, 46.82], [-71.2344, 46.82], [-71.2346, 46.8199], [-71.2347, 46.8199], [-71.2349, 46.8199], [-71.2349, 46.8198], [-71.235, 46.8197], [-71.2351, 46.8196], [-71.2351, 46.8195], [-71.2352, 46.8195], [-71.2353, 46.8194], [-71.2354, 46.8194], [-71.2355, 46.8193], [-71.2357, 46.8193], [-71.2358, 46.8193], [-71.2359, 46.8192], [-71.2361, 46.8191], [-71.2362, 46.8189], [-71.2363, 46.8187], [-71.2363, 46.8185], [-71.2364, 46.8182], [-71.2365, 46.8178], [-71.2365, 46.8174], [-71.2365, 46.8171]]]}}, {"type": "Feature", "properties": {"couche": "aire_marche", "station": "Saint-Roch", "ordre": 23, "minutes": 15, "superficie_ha": 143.4, "rue_km": 50.14, "disque_ha": 346.4, "part_disque_pct": 41, "accroche_m": 45, "population": 7349, "navetteurs": 2458, "mode_auto_pct": 40, "mode_tc_pct": 25, "mode_actif_pct": 34, "mode_autre_pct": 1}, "geometry": {"type": "Polygon", "coordinates": [[[-71.2298, 46.8127], [-71.2302, 46.8127], [-71.2306, 46.8127], [-71.231, 46.8127], [-71.2313, 46.8127], [-71.2315, 46.8127], [-71.2318, 46.8128], [-71.2319, 46.8129], [-71.232, 46.813], [-71.2322, 46.8131], [-71.2323, 46.8131], [-71.2324, 46.8132], [-71.2326, 46.8132], [-71.2327, 46.8133], [-71.2328, 46.8133], [-71.233, 46.8133], [-71.2331, 46.8133], [-71.2332, 46.8133], [-71.2333, 46.8133], [-71.2334, 46.8133], [-71.2335, 46.8133], [-71.2336, 46.8134], [-71.2336, 46.8135], [-71.2336, 46.8136], [-71.2336, 46.8137], [-71.2335, 46.8137], [-71.2335, 46.8138], [-71.2334, 46.8138], [-71.2333, 46.8139], [-71.2331, 46.8139], [-71.233, 46.8139], [-71.233, 46.814], [-71.2329, 46.8141], [-71.2328, 46.8141], [-71.2328, 46.8142], [-71.2328, 46.8143], [-71.2328, 46.8144], [-71.2329, 46.8145], [-71.2329, 46.8146], [-71.233, 46.8146], [-71.2331, 46.8147], [-71.2332, 46.8147], [-71.2334, 46.8147], [-71.2335, 46.8146], [-71.2337, 46.8145], [-71.2339, 46.8144], [-71.2342, 46.8144], [-71.2344, 46.8144], [-71.2347, 46.8144], [-71.235, 46.8145], [-71.2353, 46.8146], [-71.2356, 46.8147], [-71.2359, 46.8149], [-71.2363, 46.8152], [-71.2366, 46.8154], [-71.2368, 46.8156], [-71.237, 46.8158], [-71.2371, 46.8159], [-71.2371, 46.8161], [-71.2371, 46.8162], [-71.237, 46.8163], [-71.2369, 46.8163], [-71.2368, 46.8164], [-71.2367, 46.8166], [-71.2367, 46.8167], [-71.2367, 46.8169], [-71.2367, 46.8171], [-71.2367, 46.8173], [-71.2368, 46.8176], [-71.2369, 46.8179], [-71.237, 46.8181], [-71.237, 46.8184], [-71.237, 46.8186], [-71.237, 46.8187], [-71.2369, 46.8189], [-71.2368, 46.819], [-71.2367, 46.8191], [-71.2365, 46.8191], [-71.2363, 46.8192], [-71.2362, 46.8192], [-71.2361, 46.8193], [-71.236, 46.8194], [-71.2359, 46.8194], [-71.2359, 46.8195], [-71.2359, 46.8196], [-71.2358, 46.8197], [-71.2357, 46.8198], [-71.2355, 46.8199], [-71.2353, 46.8199], [-71.2351, 46.8199], [-71.2348, 46.82], [-71.2345, 46.82], [-71.2341, 46.82], [-71.2338, 46.82], [-71.2336, 46.82], [-71.2335, 46.8201], [-71.2336, 46.8201], [-71.2337, 46.8202], [-71.2339, 46.8203], [-71.2343, 46.8204], [-71.2347, 46.8205], [-71.2351, 46.8206], [-71.2354, 46.8208], [-71.2356, 46.8209], [-71.2358, 46.821], [-71.2358, 46.8212], [-71.2359, 46.8213], [-71.2358, 46.8214], [-71.2357, 46.8216], [-71.2355, 46.8217], [-71.2355, 46.8218], [-71.2354, 46.8219], [-71.2354, 46.822], [-71.2354, 46.8221], [-71.2354, 46.8222], [-71.2354, 46.8223], [-71.2355, 46.8223], [-71.2355, 46.8224], [-71.2356, 46.8225], [-71.2356, 46.8226], [-71.2356, 46.8227], [-71.2356, 46.8228], [-71.2355, 46.8229], [-71.2355, 46.823], [-71.2354, 46.8231], [-71.2353, 46.8232], [-71.2352, 46.8233], [-71.2351, 46.8234], [-71.2349, 46.8235], [-71.2347, 46.8235], [-71.2346, 46.8235], [-71.2343, 46.8235], [-71.2341, 46.8235], [-71.2339, 46.8235], [-71.2337, 46.8234], [-71.2335, 46.8234], [-71.2334, 46.8233], [-71.2333, 46.8233], [-71.2333, 46.8232], [-71.2332, 46.8232], [-71.2332, 46.8231], [-71.2332, 46.823], [-71.2331, 46.823], [-71.2331, 46.8229], [-71.233, 46.8229], [-71.233, 46.8228], [-71.2329, 46.8228], [-71.2328, 46.8228], [-71.2328, 46.8227], [-71.2327, 46.8227], [-71.2327, 46.8226], [-71.2326, 46.8226], [-71.2325, 46.8225], [-71.2324, 46.8225], [-71.2324, 46.8224], [-71.2323, 46.8224], [-71.2322, 46.8223], [-71.2321, 46.8223], [-71.2321, 46.8222], [-71.232, 46.8222], [-71.232, 46.8223], [-71.2321, 46.8224], [-71.2322, 46.8224], [-71.2322, 46.8225], [-71.2322, 46.8226], [-71.2321, 46.8227], [-71.2321, 46.8228], [-71.232, 46.8228], [-71.2319, 46.8229], [-71.2318, 46.823], [-71.2318, 46.8231], [-71.2318, 46.8232], [-71.2318, 46.8233], [-71.2319, 46.8234], [-71.2319, 46.8235], [-71.2318, 46.8236], [-71.2317, 46.8237], [-71.2315, 46.8237], [-71.2314, 46.8237], [-71.2312, 46.8237], [-71.231, 46.8237], [-71.2309, 46.8237], [-71.2307, 46.8237], [-71.2306, 46.8237], [-71.2305, 46.8236], [-71.2305, 46.8235], [-71.2304, 46.8235], [-71.2304, 46.8234], [-71.2304, 46.8233], [-71.2303, 46.8233], [-71.2302, 46.8234], [-71.2302, 46.8235], [-71.2301, 46.8236], [-71.2301, 46.8238], [-71.2299, 46.8239], [-71.2297, 46.8239], [-71.2295, 46.824], [-71.2291, 46.824], [-71.2287, 46.824], [-71.2282, 46.824], [-71.2276, 46.8239], [-71.227, 46.8238], [-71.2264, 46.8237], [-71.2259, 46.8236], [-71.2254, 46.8235], [-71.2251, 46.8233], [-71.2247, 46.8232], [-71.2245, 46.823], [-71.2243, 46.8229], [-71.2242, 46.8227], [-71.2241, 46.8225], [-71.2239, 46.8224], [-71.2238, 46.8223], [-71.2236, 46.8222], [-71.2234, 46.8221], [-71.2232, 46.822], [-71.223, 46.822], [-71.2228, 46.822], [-71.2226, 46.822], [-71.2224, 46.8219], [-71.2222, 46.8219], [-71.2221, 46.8219], [-71.222, 46.8218], [-71.2219, 46.8218], [-71.2218, 46.8217], [-71.2217, 46.8216], [-71.2216, 46.8216], [-71.2215, 46.8216], [-71.2214, 46.8216], [-71.2212, 46.8216], [-71.2211, 46.8216], [-71.221, 46.8216], [-71.2209, 46.8216], [-71.2208, 46.8216], [-71.2208, 46.8215], [-71.2208, 46.8214], [-71.2208, 46.8213], [-71.2208, 46.8212], [-71.2207, 46.8211], [-71.2206, 46.821], [-71.2205, 46.821], [-71.2204, 46.821], [-71.2203, 46.8209], [-71.2201, 46.8209], [-71.22, 46.8209], [-71.2201, 46.8208], [-71.2203, 46.8207], [-71.2205, 46.8205], [-71.2208, 46.8204], [-71.2211, 46.8202], [-71.2216, 46.82], [-71.2219, 46.8199], [-71.222, 46.8198], [-71.2221, 46.8197], [-71.222, 46.8197], [-71.2218, 46.8197], [-71.2214, 46.8198], [-71.221, 46.8199], [-71.2204, 46.8201], [-71.2198, 46.8202], [-71.2193, 46.8203], [-71.2189, 46.8204], [-71.2185, 46.8205], [-71.2181, 46.8206], [-71.2178, 46.8206], [-71.2176, 46.8206], [-71.2174, 46.8206], [-71.2172, 46.8205], [-71.2171, 46.8205], [-71.217, 46.8205], [-71.217, 46.8204], [-71.217, 46.8203], [-71.2171, 46.8203], [-71.2172, 46.8202], [-71.2173, 46.8201], [-71.2174, 46.82], [-71.2175, 46.8198], [-71.2175, 46.8196], [-71.2175, 46.8194], [-71.2175, 46.8192], [-71.2175, 46.819], [-71.2175, 46.8187], [-71.2175, 46.8184], [-71.2175, 46.8182], [-71.2175, 46.8181], [-71.2176, 46.8179], [-71.2176, 46.8178], [-71.2177, 46.8177], [-71.2179, 46.8177], [-71.218, 46.8177], [-71.2181, 46.8176], [-71.2182, 46.8176], [-71.2183, 46.8176], [-71.2183, 46.8175], [-71.2184, 46.8175], [-71.2184, 46.8174], [-71.2183, 46.8173], [-71.2183, 46.8172], [-71.2183, 46.817], [-71.2184, 46.8169], [-71.2185, 46.8168], [-71.2186, 46.8166], [-71.2187, 46.8164], [-71.2189, 46.8163], [-71.2191, 46.8161], [-71.2193, 46.8159], [-71.2195, 46.8157], [-71.2196, 46.8155], [-71.2197, 46.8153], [-71.2198, 46.8152], [-71.2198, 46.8151], [-71.2198, 46.8149], [-71.2198, 46.8148], [-71.2198, 46.8147], [-71.2199, 46.8146], [-71.2199, 46.8144], [-71.2201, 46.8143], [-71.2203, 46.8142], [-71.2205, 46.814], [-71.2207, 46.8139], [-71.221, 46.8138], [-71.2213, 46.8137], [-71.2215, 46.8135], [-71.2217, 46.8134], [-71.2219, 46.8132], [-71.2221, 46.813], [-71.2222, 46.8129], [-71.2223, 46.8127], [-71.2224, 46.8125], [-71.2225, 46.8124], [-71.2228, 46.8123], [-71.223, 46.8122], [-71.2234, 46.8122], [-71.2238, 46.8122], [-71.2243, 46.8122], [-71.2248, 46.8123], [-71.2255, 46.8124], [-71.2261, 46.8125], [-71.2267, 46.8126], [-71.2272, 46.8127], [-71.2278, 46.8127], [-71.2283, 46.8127], [-71.2288, 46.8127], [-71.2293, 46.8127], [-71.2298, 46.8127]]]}}, {"type": "Feature", "properties": {"couche": "voile", "station": "Saint-Roch", "minutes": 15}, "geometry": {"type": "Polygon", "coordinates": [[[-71.3963, 46.9308], [-71.0609, 46.9329], [-71.0585, 46.7052], [-71.3925, 46.703], [-71.3963, 46.9308]], [[-71.2293, 46.8127], [-71.2288, 46.8127], [-71.2283, 46.8127], [-71.2278, 46.8127], [-71.2272, 46.8127], [-71.2267, 46.8126], [-71.2261, 46.8125], [-71.2255, 46.8124], [-71.2248, 46.8123], [-71.2243, 46.8122], [-71.2238, 46.8122], [-71.2234, 46.8122], [-71.223, 46.8122], [-71.2228, 46.8123], [-71.2225, 46.8124], [-71.2224, 46.8125], [-71.2223, 46.8127], [-71.2222, 46.8129], [-71.2221, 46.813], [-71.2219, 46.8132], [-71.2217, 46.8134], [-71.2215, 46.8135], [-71.2213, 46.8137], [-71.221, 46.8138], [-71.2207, 46.8139], [-71.2205, 46.814], [-71.2203, 46.8142], [-71.2201, 46.8143], [-71.2199, 46.8144], [-71.2199, 46.8146], [-71.2198, 46.8147], [-71.2198, 46.8148], [-71.2198, 46.8149], [-71.2198, 46.8151], [-71.2198, 46.8152], [-71.2197, 46.8153], [-71.2196, 46.8155], [-71.2195, 46.8157], [-71.2193, 46.8159], [-71.2191, 46.8161], [-71.2189, 46.8163], [-71.2187, 46.8164], [-71.2186, 46.8166], [-71.2185, 46.8168], [-71.2184, 46.8169], [-71.2183, 46.817], [-71.2183, 46.8172], [-71.2183, 46.8173], [-71.2184, 46.8174], [-71.2184, 46.8175], [-71.2183, 46.8175], [-71.2183, 46.8176], [-71.2182, 46.8176], [-71.2181, 46.8176], [-71.218, 46.8177], [-71.2179, 46.8177], [-71.2177, 46.8177], [-71.2176, 46.8178], [-71.2176, 46.8179], [-71.2175, 46.8181], [-71.2175, 46.8182], [-71.2175, 46.8184], [-71.2175, 46.8187], [-71.2175, 46.819], [-71.2175, 46.8192], [-71.2175, 46.8194], [-71.2175, 46.8196], [-71.2175, 46.8198], [-71.2174, 46.82], [-71.2173, 46.8201], [-71.2172, 46.8202], [-71.2171, 46.8203], [-71.217, 46.8203], [-71.217, 46.8204], [-71.217, 46.8205], [-71.2171, 46.8205], [-71.2172, 46.8205], [-71.2174, 46.8206], [-71.2176, 46.8206], [-71.2178, 46.8206], [-71.2181, 46.8206], [-71.2185, 46.8205], [-71.2189, 46.8204], [-71.2193, 46.8203], [-71.2198, 46.8202], [-71.2204, 46.8201], [-71.221, 46.8199], [-71.2214, 46.8198], [-71.2218, 46.8197], [-71.222, 46.8197], [-71.2221, 46.8197], [-71.222, 46.8198], [-71.2219, 46.8199], [-71.2216, 46.82], [-71.2211, 46.8202], [-71.2208, 46.8204], [-71.2205, 46.8205], [-71.2203, 46.8207], [-71.2201, 46.8208], [-71.22, 46.8209], [-71.2201, 46.8209], [-71.2203, 46.8209], [-71.2204, 46.821], [-71.2205, 46.821], [-71.2206, 46.821], [-71.2207, 46.8211], [-71.2208, 46.8212], [-71.2208, 46.8213], [-71.2208, 46.8214], [-71.2208, 46.8215], [-71.2208, 46.8216], [-71.2209, 46.8216], [-71.221, 46.8216], [-71.2211, 46.8216], [-71.2212, 46.8216], [-71.2214, 46.8216], [-71.2215, 46.8216], [-71.2216, 46.8216], [-71.2217, 46.8216], [-71.2218, 46.8217], [-71.2219, 46.8218], [-71.222, 46.8218], [-71.2221, 46.8219], [-71.2222, 46.8219], [-71.2224, 46.8219], [-71.2226, 46.822], [-71.2228, 46.822], [-71.223, 46.822], [-71.2232, 46.822], [-71.2234, 46.8221], [-71.2236, 46.8222], [-71.2238, 46.8223], [-71.2239, 46.8224], [-71.2241, 46.8225], [-71.2242, 46.8227], [-71.2243, 46.8229], [-71.2245, 46.823], [-71.2247, 46.8232], [-71.2251, 46.8233], [-71.2254, 46.8235], [-71.2259, 46.8236], [-71.2264, 46.8237], [-71.227, 46.8238], [-71.2276, 46.8239], [-71.2282, 46.824], [-71.2287, 46.824], [-71.2291, 46.824], [-71.2295, 46.824], [-71.2297, 46.8239], [-71.2299, 46.8239], [-71.2301, 46.8238], [-71.2301, 46.8236], [-71.2302, 46.8235], [-71.2302, 46.8234], [-71.2303, 46.8233], [-71.2304, 46.8233], [-71.2304, 46.8234], [-71.2304, 46.8235], [-71.2305, 46.8235], [-71.2305, 46.8236], [-71.2306, 46.8237], [-71.2307, 46.8237], [-71.2309, 46.8237], [-71.231, 46.8237], [-71.2312, 46.8237], [-71.2314, 46.8237], [-71.2315, 46.8237], [-71.2317, 46.8237], [-71.2318, 46.8236], [-71.2319, 46.8235], [-71.2319, 46.8234], [-71.2318, 46.8233], [-71.2318, 46.8232], [-71.2318, 46.8231], [-71.2318, 46.823], [-71.2319, 46.8229], [-71.232, 46.8228], [-71.2321, 46.8228], [-71.2321, 46.8227], [-71.2322, 46.8226], [-71.2322, 46.8225], [-71.2322, 46.8224], [-71.2321, 46.8224], [-71.232, 46.8223], [-71.232, 46.8222], [-71.2321, 46.8222], [-71.2321, 46.8223], [-71.2322, 46.8223], [-71.2323, 46.8224], [-71.2324, 46.8224], [-71.2324, 46.8225], [-71.2325, 46.8225], [-71.2326, 46.8226], [-71.2327, 46.8226], [-71.2327, 46.8227], [-71.2328, 46.8227], [-71.2328, 46.8228], [-71.2329, 46.8228], [-71.233, 46.8228], [-71.233, 46.8229], [-71.2331, 46.8229], [-71.2331, 46.823], [-71.2332, 46.823], [-71.2332, 46.8231], [-71.2332, 46.8232], [-71.2333, 46.8232], [-71.2333, 46.8233], [-71.2334, 46.8233], [-71.2335, 46.8234], [-71.2337, 46.8234], [-71.2339, 46.8235], [-71.2341, 46.8235], [-71.2343, 46.8235], [-71.2346, 46.8235], [-71.2347, 46.8235], [-71.2349, 46.8235], [-71.2351, 46.8234], [-71.2352, 46.8233], [-71.2353, 46.8232], [-71.2354, 46.8231], [-71.2355, 46.823], [-71.2355, 46.8229], [-71.2356, 46.8228], [-71.2356, 46.8227], [-71.2356, 46.8226], [-71.2356, 46.8225], [-71.2355, 46.8224], [-71.2355, 46.8223], [-71.2354, 46.8223], [-71.2354, 46.8222], [-71.2354, 46.8221], [-71.2354, 46.822], [-71.2354, 46.8219], [-71.2355, 46.8218], [-71.2355, 46.8217], [-71.2357, 46.8216], [-71.2358, 46.8214], [-71.2359, 46.8213], [-71.2358, 46.8212], [-71.2358, 46.821], [-71.2356, 46.8209], [-71.2354, 46.8208], [-71.2351, 46.8206], [-71.2347, 46.8205], [-71.2343, 46.8204], [-71.2339, 46.8203], [-71.2337, 46.8202], [-71.2336, 46.8201], [-71.2335, 46.8201], [-71.2336, 46.82], [-71.2338, 46.82], [-71.2341, 46.82], [-71.2345, 46.82], [-71.2348, 46.82], [-71.2351, 46.8199], [-71.2353, 46.8199], [-71.2355, 46.8199], [-71.2357, 46.8198], [-71.2358, 46.8197], [-71.2359, 46.8196], [-71.2359, 46.8195], [-71.2359, 46.8194], [-71.236, 46.8194], [-71.2361, 46.8193], [-71.2362, 46.8192], [-71.2363, 46.8192], [-71.2365, 46.8191], [-71.2367, 46.8191], [-71.2368, 46.819], [-71.2369, 46.8189], [-71.237, 46.8187], [-71.237, 46.8186], [-71.237, 46.8184], [-71.237, 46.8181], [-71.2369, 46.8179], [-71.2368, 46.8176], [-71.2367, 46.8173], [-71.2367, 46.8171], [-71.2367, 46.8169], [-71.2367, 46.8167], [-71.2367, 46.8166], [-71.2368, 46.8164], [-71.2369, 46.8163], [-71.237, 46.8163], [-71.2371, 46.8162], [-71.2371, 46.8161], [-71.2371, 46.8159], [-71.237, 46.8158], [-71.2368, 46.8156], [-71.2366, 46.8154], [-71.2363, 46.8152], [-71.2359, 46.8149], [-71.2356, 46.8147], [-71.2353, 46.8146], [-71.235, 46.8145], [-71.2347, 46.8144], [-71.2344, 46.8144], [-71.2342, 46.8144], [-71.2339, 46.8144], [-71.2337, 46.8145], [-71.2335, 46.8146], [-71.2334, 46.8147], [-71.2332, 46.8147], [-71.2331, 46.8147], [-71.233, 46.8146], [-71.2329, 46.8146], [-71.2329, 46.8145], [-71.2328, 46.8144], [-71.2328, 46.8143], [-71.2328, 46.8142], [-71.2328, 46.8141], [-71.2329, 46.8141], [-71.233, 46.814], [-71.233, 46.8139], [-71.2331, 46.8139], [-71.2333, 46.8139], [-71.2334, 46.8138], [-71.2335, 46.8138], [-71.2335, 46.8137], [-71.2336, 46.8137], [-71.2336, 46.8136], [-71.2336, 46.8135], [-71.2336, 46.8134], [-71.2335, 46.8133], [-71.2334, 46.8133], [-71.2333, 46.8133], [-71.2332, 46.8133], [-71.2331, 46.8133], [-71.233, 46.8133], [-71.2328, 46.8133], [-71.2327, 46.8133], [-71.2326, 46.8132], [-71.2324, 46.8132], [-71.2323, 46.8131], [-71.2322, 46.8131], [-71.232, 46.813], [-71.2319, 46.8129], [-71.2318, 46.8128], [-71.2315, 46.8127], [-71.2313, 46.8127], [-71.231, 46.8127], [-71.2306, 46.8127], [-71.2302, 46.8127], [-71.2298, 46.8127], [-71.2293, 46.8127]]]}}]}