{"type": "FeatureCollection", "metadata": {"script": "scripts/analysis/tramway-isochrones.py", "genere_le": "2026-10-05", "source": "OpenStreetMap (ODbL) ; Statistique Canada, Recensement 2021", "attribution": "© les contributeurs d'OpenStreetMap", "titre": "Aires de marche et voiles — Sainte-Foy", "paliers_min": [2, 3, 4, 5, 6, 7, 8, 9, 10, 11, 12, 13, 14, 15], "vitesse_kmh": 4.2, "methode": "Dijkstra sur le réseau marchable d'OpenStreetMap à 4.2 km/h ; couloir de 40 m autour des rues atteintes. Chaque voile est le complément de l'aire du même palier. Population par pondération de surface des aires de diffusion.", "trous": "comblés — intérieurs de grands îlots, pas des zones inaccessibles", "modes": "Mode de transport domicile–travail, recensement 2021 (mai 2021, en pleine pandémie), données-échantillon 25 %, réparti par pondération de surface."}, "features": [{"type": "Feature", "properties": {"couche": "aire_marche", "station": "Sainte-Foy", "ordre": 8, "minutes": 2, "superficie_ha": 3.3, "rue_km": 1.1, "disque_ha": 6.2, "part_disque_pct": 53, "accroche_m": 6, "population": 73, "navetteurs": 32, "mode_auto_pct": 74, "mode_tc_pct": 13, "mode_actif_pct": 11, "mode_autre_pct": 2}, "geometry": {"type": "Polygon", "coordinates": [[[-71.2927, 46.7674], [-71.2926, 46.7676], [-71.2925, 46.7677], [-71.2923, 46.7678], [-71.2921, 46.7679], [-71.2919, 46.768], [-71.2917, 46.768], [-71.2914, 46.7681], [-71.2911, 46.7681], [-71.2907, 46.7681], [-71.2904, 46.7681], [-71.2902, 46.768], [-71.29, 46.768], [-71.2898, 46.7679], [-71.2897, 46.7679], [-71.2897, 46.7678], [-71.2897, 46.7677], [-71.2897, 46.7675], [-71.2898, 46.7674], [-71.2899, 46.7673], [-71.29, 46.7672], [-71.2902, 46.7671], [-71.2903, 46.7669], [-71.2905, 46.7668], [-71.2907, 46.7667], [-71.2909, 46.7666], [-71.2911, 46.7665], [-71.2913, 46.7664], [-71.2915, 46.7664], [-71.2917, 46.7664], [-71.2919, 46.7664], [-71.2921, 46.7664], [-71.2922, 46.7665], [-71.2924, 46.7665], [-71.2925, 46.7666], [-71.2926, 46.7667], [-71.2927, 46.7669], [-71.2927, 46.767], [-71.2927, 46.7671], [-71.2927, 46.7672], [-71.2927, 46.7674]]]}}, {"type": "Feature", "properties": {"couche": "voile", "station": "Sainte-Foy", "minutes": 2}, "geometry": {"type": "Polygon", "coordinates": [[[-71.4517, 46.8748], [-71.1339, 46.877], [-71.1313, 46.6594], [-71.4479, 46.6573], [-71.4517, 46.8748]], [[-71.2927, 46.7672], [-71.2927, 46.7671], [-71.2927, 46.767], [-71.2927, 46.7669], [-71.2926, 46.7667], [-71.2925, 46.7666], [-71.2924, 46.7665], [-71.2922, 46.7665], [-71.2921, 46.7664], [-71.2919, 46.7664], [-71.2917, 46.7664], [-71.2915, 46.7664], [-71.2913, 46.7664], [-71.2911, 46.7665], [-71.2909, 46.7666], [-71.2907, 46.7667], [-71.2905, 46.7668], [-71.2903, 46.7669], [-71.2902, 46.7671], [-71.29, 46.7672], [-71.2899, 46.7673], [-71.2898, 46.7674], [-71.2897, 46.7675], [-71.2897, 46.7677], [-71.2897, 46.7678], [-71.2897, 46.7679], [-71.2898, 46.7679], [-71.29, 46.768], [-71.2902, 46.768], [-71.2904, 46.7681], [-71.2907, 46.7681], [-71.2911, 46.7681], [-71.2914, 46.7681], [-71.2917, 46.768], [-71.2919, 46.768], [-71.2921, 46.7679], [-71.2923, 46.7678], [-71.2925, 46.7677], [-71.2926, 46.7676], [-71.2927, 46.7674], [-71.2927, 46.7672]]]}}, {"type": "Feature", "properties": {"couche": "aire_marche", "station": "Sainte-Foy", "ordre": 8, "minutes": 3, "superficie_ha": 6.4, "rue_km": 1.94, "disque_ha": 13.9, "part_disque_pct": 46, "accroche_m": 6, "population": 155, "navetteurs": 66, "mode_auto_pct": 72, "mode_tc_pct": 13, "mode_actif_pct": 13, "mode_autre_pct": 2}, "geometry": {"type": "Polygon", "coordinates": [[[-71.2902, 46.7667], [-71.2906, 46.7666], [-71.2909, 46.7665], [-71.2912, 46.7664], [-71.2915, 46.7663], [-71.2918, 46.7663], [-71.292, 46.7663], [-71.2922, 46.7663], [-71.2924, 46.7663], [-71.2926, 46.7664], [-71.2927, 46.7664], [-71.2928, 46.7665], [-71.2929, 46.7666], [-71.293, 46.7666], [-71.2931, 46.7667], [-71.2932, 46.7667], [-71.2933, 46.7668], [-71.2934, 46.7669], [-71.2934, 46.767], [-71.2935, 46.7671], [-71.2935, 46.7672], [-71.2934, 46.7673], [-71.2934, 46.7674], [-71.2933, 46.7675], [-71.2933, 46.7676], [-71.2932, 46.7677], [-71.2931, 46.7678], [-71.293, 46.7679], [-71.2929, 46.768], [-71.2928, 46.7681], [-71.2926, 46.7682], [-71.2925, 46.7683], [-71.2923, 46.7683], [-71.2922, 46.7684], [-71.292, 46.7684], [-71.2919, 46.7684], [-71.2918, 46.7684], [-71.2917, 46.7683], [-71.2916, 46.7683], [-71.2915, 46.7682], [-71.2914, 46.7681], [-71.2913, 46.7681], [-71.2912, 46.7681], [-71.2911, 46.7681], [-71.2911, 46.7682], [-71.291, 46.7682], [-71.291, 46.7683], [-71.2909, 46.7684], [-71.2908, 46.7685], [-71.2907, 46.7686], [-71.2906, 46.7686], [-71.2904, 46.7686], [-71.2902, 46.7687], [-71.29, 46.7687], [-71.2898, 46.7687], [-71.2896, 46.7686], [-71.2894, 46.7686], [-71.2893, 46.7685], [-71.2891, 46.7684], [-71.289, 46.7683], [-71.289, 46.7682], [-71.2889, 46.768], [-71.2889, 46.7678], [-71.289, 46.7677], [-71.289, 46.7675], [-71.2892, 46.7673], [-71.2894, 46.7672], [-71.2896, 46.767], [-71.2899, 46.7669], [-71.2902, 46.7667]]]}}, {"type": "Feature", "properties": {"couche": "voile", "station": "Sainte-Foy", "minutes": 3}, "geometry": {"type": "Polygon", "coordinates": [[[-71.4525, 46.8754], [-71.1331, 46.8776], [-71.1305, 46.6593], [-71.4487, 46.6571], [-71.4525, 46.8754]], [[-71.2899, 46.7669], [-71.2896, 46.767], [-71.2894, 46.7672], [-71.2892, 46.7673], [-71.289, 46.7675], [-71.289, 46.7677], [-71.2889, 46.7678], [-71.2889, 46.768], [-71.289, 46.7682], [-71.289, 46.7683], [-71.2891, 46.7684], [-71.2893, 46.7685], [-71.2894, 46.7686], [-71.2896, 46.7686], [-71.2898, 46.7687], [-71.29, 46.7687], [-71.2902, 46.7687], [-71.2904, 46.7686], [-71.2906, 46.7686], [-71.2907, 46.7686], [-71.2908, 46.7685], [-71.2909, 46.7684], [-71.291, 46.7683], [-71.291, 46.7682], [-71.2911, 46.7682], [-71.2911, 46.7681], [-71.2912, 46.7681], [-71.2913, 46.7681], [-71.2914, 46.7681], [-71.2915, 46.7682], [-71.2916, 46.7683], [-71.2917, 46.7683], [-71.2918, 46.7684], [-71.2919, 46.7684], [-71.292, 46.7684], [-71.2922, 46.7684], [-71.2923, 46.7683], [-71.2925, 46.7683], [-71.2926, 46.7682], [-71.2928, 46.7681], [-71.2929, 46.768], [-71.293, 46.7679], [-71.2931, 46.7678], [-71.2932, 46.7677], [-71.2933, 46.7676], [-71.2933, 46.7675], [-71.2934, 46.7674], [-71.2934, 46.7673], [-71.2935, 46.7672], [-71.2935, 46.7671], [-71.2934, 46.767], [-71.2934, 46.7669], [-71.2933, 46.7668], [-71.2932, 46.7667], [-71.2931, 46.7667], [-71.293, 46.7666], [-71.2929, 46.7666], [-71.2928, 46.7665], [-71.2927, 46.7664], [-71.2926, 46.7664], [-71.2924, 46.7663], [-71.2922, 46.7663], [-71.292, 46.7663], [-71.2918, 46.7663], [-71.2915, 46.7663], [-71.2912, 46.7664], [-71.2909, 46.7665], [-71.2906, 46.7666], [-71.2902, 46.7667], [-71.2899, 46.7669]]]}}, {"type": "Feature", "properties": {"couche": "aire_marche", "station": "Sainte-Foy", "ordre": 8, "minutes": 4, "superficie_ha": 8.8, "rue_km": 3.62, "disque_ha": 24.6, "part_disque_pct": 36, "accroche_m": 6, "population": 226, "navetteurs": 94, "mode_auto_pct": 71, "mode_tc_pct": 13, "mode_actif_pct": 15, "mode_autre_pct": 1}, "geometry": {"type": "Polygon", "coordinates": [[[-71.2931, 46.7679], [-71.2927, 46.7682], [-71.2924, 46.7684], [-71.292, 46.7686], [-71.2916, 46.7688], [-71.2912, 46.7689], [-71.2909, 46.769], [-71.2905, 46.769], [-71.2901, 46.7691], [-71.2897, 46.769], [-71.2893, 46.769], [-71.289, 46.769], [-71.2887, 46.7689], [-71.2885, 46.7689], [-71.2884, 46.7688], [-71.2883, 46.7687], [-71.2883, 46.7686], [-71.2883, 46.7685], [-71.2883, 46.7684], [-71.2883, 46.7683], [-71.2884, 46.7683], [-71.2884, 46.7682], [-71.2885, 46.7681], [-71.2886, 46.7681], [-71.2887, 46.768], [-71.2888, 46.768], [-71.2889, 46.768], [-71.289, 46.7679], [-71.289, 46.7678], [-71.2889, 46.7678], [-71.2889, 46.7677], [-71.2888, 46.7676], [-71.2886, 46.7676], [-71.2885, 46.7675], [-71.2884, 46.7674], [-71.2883, 46.7673], [-71.2883, 46.7672], [-71.2883, 46.7671], [-71.2883, 46.767], [-71.2883, 46.7669], [-71.2884, 46.7669], [-71.2884, 46.7668], [-71.2885, 46.7668], [-71.2886, 46.7667], [-71.2887, 46.7667], [-71.2888, 46.7667], [-71.2889, 46.7667], [-71.289, 46.7667], [-71.2891, 46.7667], [-71.2892, 46.7667], [-71.2893, 46.7668], [-71.2894, 46.7668], [-71.2895, 46.7669], [-71.2896, 46.7669], [-71.2896, 46.767], [-71.2897, 46.767], [-71.2898, 46.7671], [-71.2899, 46.7671], [-71.2901, 46.7671], [-71.2903, 46.767], [-71.2905, 46.767], [-71.2908, 46.7669], [-71.2911, 46.7667], [-71.2915, 46.7666], [-71.2919, 46.7665], [-71.2922, 46.7664], [-71.2925, 46.7663], [-71.2928, 46.7663], [-71.293, 46.7663], [-71.2932, 46.7664], [-71.2935, 46.7665], [-71.2936, 46.7666], [-71.2938, 46.7667], [-71.2938, 46.7669], [-71.2938, 46.7671], [-71.2937, 46.7672], [-71.2936, 46.7675], [-71.2933, 46.7677], [-71.2931, 46.7679]]]}}, {"type": "Feature", "properties": {"couche": "voile", "station": "Sainte-Foy", "minutes": 4}, "geometry": {"type": "Polygon", "coordinates": [[[-71.4528, 46.8758], [-71.1325, 46.878], [-71.1299, 46.6594], [-71.449, 46.6572], [-71.4528, 46.8758]], [[-71.2933, 46.7677], [-71.2936, 46.7675], [-71.2937, 46.7672], [-71.2938, 46.7671], [-71.2938, 46.7669], [-71.2938, 46.7667], [-71.2936, 46.7666], [-71.2935, 46.7665], [-71.2932, 46.7664], [-71.293, 46.7663], [-71.2928, 46.7663], [-71.2925, 46.7663], [-71.2922, 46.7664], [-71.2919, 46.7665], [-71.2915, 46.7666], [-71.2911, 46.7667], [-71.2908, 46.7669], [-71.2905, 46.767], [-71.2903, 46.767], [-71.2901, 46.7671], [-71.2899, 46.7671], [-71.2898, 46.7671], [-71.2897, 46.767], [-71.2896, 46.767], [-71.2896, 46.7669], [-71.2895, 46.7669], [-71.2894, 46.7668], [-71.2893, 46.7668], [-71.2892, 46.7667], [-71.2891, 46.7667], [-71.289, 46.7667], [-71.2889, 46.7667], [-71.2888, 46.7667], [-71.2887, 46.7667], [-71.2886, 46.7667], [-71.2885, 46.7668], [-71.2884, 46.7668], [-71.2884, 46.7669], [-71.2883, 46.7669], [-71.2883, 46.767], [-71.2883, 46.7671], [-71.2883, 46.7672], [-71.2883, 46.7673], [-71.2884, 46.7674], [-71.2885, 46.7675], [-71.2886, 46.7676], [-71.2888, 46.7676], [-71.2889, 46.7677], [-71.2889, 46.7678], [-71.289, 46.7678], [-71.289, 46.7679], [-71.2889, 46.768], [-71.2888, 46.768], [-71.2887, 46.768], [-71.2886, 46.7681], [-71.2885, 46.7681], [-71.2884, 46.7682], [-71.2884, 46.7683], [-71.2883, 46.7683], [-71.2883, 46.7684], [-71.2883, 46.7685], [-71.2883, 46.7686], [-71.2883, 46.7687], [-71.2884, 46.7688], [-71.2885, 46.7689], [-71.2887, 46.7689], [-71.289, 46.769], [-71.2893, 46.769], [-71.2897, 46.769], [-71.2901, 46.7691], [-71.2905, 46.769], [-71.2909, 46.769], [-71.2912, 46.7689], [-71.2916, 46.7688], [-71.292, 46.7686], [-71.2924, 46.7684], [-71.2927, 46.7682], [-71.2931, 46.7679], [-71.2933, 46.7677]]]}}, {"type": "Feature", "properties": {"couche": "aire_marche", "station": "Sainte-Foy", "ordre": 8, "minutes": 5, "superficie_ha": 15.0, "rue_km": 6.18, "disque_ha": 38.5, "part_disque_pct": 39, "accroche_m": 6, "population": 398, "navetteurs": 161, "mode_auto_pct": 70, "mode_tc_pct": 12, "mode_actif_pct": 17, "mode_autre_pct": 1}, "geometry": {"type": "Polygon", "coordinates": [[[-71.294, 46.7675], [-71.2937, 46.7677], [-71.2934, 46.7679], [-71.2931, 46.7681], [-71.2929, 46.7682], [-71.2927, 46.7684], [-71.2926, 46.7686], [-71.2925, 46.7687], [-71.2924, 46.7689], [-71.2923, 46.769], [-71.2922, 46.7692], [-71.2921, 46.7693], [-71.292, 46.7694], [-71.2918, 46.7695], [-71.2916, 46.7695], [-71.2913, 46.7696], [-71.291, 46.7696], [-71.2907, 46.7696], [-71.2904, 46.7696], [-71.2902, 46.7696], [-71.2899, 46.7696], [-71.2898, 46.7695], [-71.2896, 46.7695], [-71.2895, 46.7695], [-71.2893, 46.7694], [-71.2892, 46.7693], [-71.2891, 46.7693], [-71.289, 46.7693], [-71.2889, 46.7693], [-71.2888, 46.7694], [-71.2887, 46.7695], [-71.2886, 46.7695], [-71.2885, 46.7696], [-71.2884, 46.7696], [-71.2883, 46.7696], [-71.2882, 46.7696], [-71.2881, 46.7696], [-71.288, 46.7695], [-71.2879, 46.7694], [-71.2879, 46.7693], [-71.2878, 46.769], [-71.2878, 46.7688], [-71.2878, 46.7684], [-71.2878, 46.7681], [-71.2878, 46.7677], [-71.2878, 46.7673], [-71.2879, 46.767], [-71.288, 46.7667], [-71.2882, 46.7665], [-71.2884, 46.7664], [-71.2886, 46.7663], [-71.2888, 46.7663], [-71.2891, 46.7663], [-71.2894, 46.7663], [-71.2896, 46.7664], [-71.2897, 46.7664], [-71.2898, 46.7665], [-71.2899, 46.7666], [-71.29, 46.7667], [-71.29, 46.7668], [-71.29, 46.7669], [-71.29, 46.767], [-71.2901, 46.767], [-71.2902, 46.7669], [-71.2904, 46.7668], [-71.2906, 46.7667], [-71.2908, 46.7665], [-71.2911, 46.7663], [-71.2914, 46.7661], [-71.2917, 46.766], [-71.292, 46.7659], [-71.2923, 46.7659], [-71.2927, 46.7659], [-71.293, 46.766], [-71.2934, 46.7661], [-71.2938, 46.7663], [-71.2941, 46.7664], [-71.2943, 46.7666], [-71.2944, 46.7668], [-71.2944, 46.7669], [-71.2943, 46.7671], [-71.2942, 46.7673], [-71.294, 46.7675]]]}}, {"type": "Feature", "properties": {"couche": "voile", "station": "Sainte-Foy", "minutes": 5}, "geometry": {"type": "Polygon", "coordinates": [[[-71.4534, 46.8763], [-71.132, 46.8785], [-71.1294, 46.659], [-71.4496, 46.6567], [-71.4534, 46.8763]], [[-71.2942, 46.7673], [-71.2943, 46.7671], [-71.2944, 46.7669], [-71.2944, 46.7668], [-71.2943, 46.7666], [-71.2941, 46.7664], [-71.2938, 46.7663], [-71.2934, 46.7661], [-71.293, 46.766], [-71.2927, 46.7659], [-71.2923, 46.7659], [-71.292, 46.7659], [-71.2917, 46.766], [-71.2914, 46.7661], [-71.2911, 46.7663], [-71.2908, 46.7665], [-71.2906, 46.7667], [-71.2904, 46.7668], [-71.2902, 46.7669], [-71.2901, 46.767], [-71.29, 46.767], [-71.29, 46.7669], [-71.29, 46.7668], [-71.29, 46.7667], [-71.2899, 46.7666], [-71.2898, 46.7665], [-71.2897, 46.7664], [-71.2896, 46.7664], [-71.2894, 46.7663], [-71.2891, 46.7663], [-71.2888, 46.7663], [-71.2886, 46.7663], [-71.2884, 46.7664], [-71.2882, 46.7665], [-71.288, 46.7667], [-71.2879, 46.767], [-71.2878, 46.7673], [-71.2878, 46.7677], [-71.2878, 46.7681], [-71.2878, 46.7684], [-71.2878, 46.7688], [-71.2878, 46.769], [-71.2879, 46.7693], [-71.2879, 46.7694], [-71.288, 46.7695], [-71.2881, 46.7696], [-71.2882, 46.7696], [-71.2883, 46.7696], [-71.2884, 46.7696], [-71.2885, 46.7696], [-71.2886, 46.7695], [-71.2887, 46.7695], [-71.2888, 46.7694], [-71.2889, 46.7693], [-71.289, 46.7693], [-71.2891, 46.7693], [-71.2892, 46.7693], [-71.2893, 46.7694], [-71.2895, 46.7695], [-71.2896, 46.7695], [-71.2898, 46.7695], [-71.2899, 46.7696], [-71.2902, 46.7696], [-71.2904, 46.7696], [-71.2907, 46.7696], [-71.291, 46.7696], [-71.2913, 46.7696], [-71.2916, 46.7695], [-71.2918, 46.7695], [-71.292, 46.7694], [-71.2921, 46.7693], [-71.2922, 46.7692], [-71.2923, 46.769], [-71.2924, 46.7689], [-71.2925, 46.7687], [-71.2926, 46.7686], [-71.2927, 46.7684], [-71.2929, 46.7682], [-71.2931, 46.7681], [-71.2934, 46.7679], [-71.2937, 46.7677], [-71.294, 46.7675], [-71.2942, 46.7673]]]}}, {"type": "Feature", "properties": {"couche": "aire_marche", "station": "Sainte-Foy", "ordre": 8, "minutes": 6, "superficie_ha": 24.0, "rue_km": 9.54, "disque_ha": 55.4, "part_disque_pct": 43, "accroche_m": 6, "population": 636, "navetteurs": 248, "mode_auto_pct": 69, "mode_tc_pct": 12, "mode_actif_pct": 18, "mode_autre_pct": 1}, "geometry": {"type": "Polygon", "coordinates": [[[-71.2956, 46.7671], [-71.2955, 46.7672], [-71.2954, 46.7673], [-71.2953, 46.7674], [-71.2952, 46.7675], [-71.2951, 46.7675], [-71.295, 46.7675], [-71.2949, 46.7676], [-71.2948, 46.7675], [-71.2946, 46.7675], [-71.2945, 46.7675], [-71.2944, 46.7676], [-71.2943, 46.7676], [-71.2942, 46.7676], [-71.294, 46.7677], [-71.2939, 46.7678], [-71.2937, 46.7678], [-71.2936, 46.7679], [-71.2935, 46.768], [-71.2934, 46.7681], [-71.2933, 46.7682], [-71.2933, 46.7683], [-71.2932, 46.7684], [-71.2933, 46.7684], [-71.2933, 46.7685], [-71.2932, 46.7686], [-71.2931, 46.7687], [-71.293, 46.7687], [-71.2929, 46.7687], [-71.2928, 46.7688], [-71.2927, 46.7689], [-71.2927, 46.769], [-71.2928, 46.769], [-71.2928, 46.7691], [-71.2929, 46.7691], [-71.293, 46.7692], [-71.293, 46.7693], [-71.2931, 46.7694], [-71.2931, 46.7695], [-71.2931, 46.7696], [-71.293, 46.7697], [-71.2929, 46.7698], [-71.2928, 46.7698], [-71.2927, 46.7699], [-71.2926, 46.7698], [-71.2925, 46.7698], [-71.2923, 46.7698], [-71.2921, 46.7697], [-71.2919, 46.7696], [-71.2918, 46.7696], [-71.2916, 46.7695], [-71.2914, 46.7695], [-71.2913, 46.7695], [-71.2912, 46.7695], [-71.291, 46.7696], [-71.2909, 46.7696], [-71.2908, 46.7697], [-71.2907, 46.7698], [-71.2905, 46.7699], [-71.2903, 46.7699], [-71.2901, 46.77], [-71.2898, 46.77], [-71.2895, 46.77], [-71.2891, 46.7701], [-71.2887, 46.7701], [-71.2883, 46.7701], [-71.288, 46.77], [-71.2878, 46.77], [-71.2876, 46.7699], [-71.2874, 46.7698], [-71.2873, 46.7697], [-71.2872, 46.7696], [-71.2872, 46.7694], [-71.2872, 46.7693], [-71.2872, 46.7692], [-71.2872, 46.7691], [-71.2872, 46.769], [-71.2873, 46.7689], [-71.2874, 46.7689], [-71.2875, 46.7688], [-71.2876, 46.7688], [-71.2876, 46.7687], [-71.2877, 46.7687], [-71.2877, 46.7686], [-71.2876, 46.7685], [-71.2875, 46.7685], [-71.2874, 46.7684], [-71.2872, 46.7683], [-71.2871, 46.7682], [-71.287, 46.768], [-71.2869, 46.7679], [-71.2869, 46.7677], [-71.2868, 46.7675], [-71.2868, 46.7673], [-71.2869, 46.767], [-71.2869, 46.7667], [-71.287, 46.7665], [-71.2871, 46.7663], [-71.2872, 46.7661], [-71.2873, 46.766], [-71.2874, 46.7659], [-71.2875, 46.7658], [-71.2877, 46.7658], [-71.2878, 46.7658], [-71.2879, 46.7658], [-71.2881, 46.7658], [-71.2882, 46.7658], [-71.2883, 46.7659], [-71.2884, 46.7659], [-71.2885, 46.766], [-71.2885, 46.7661], [-71.2886, 46.7662], [-71.2887, 46.7662], [-71.2888, 46.7662], [-71.289, 46.7662], [-71.2893, 46.7662], [-71.2896, 46.7661], [-71.2899, 46.766], [-71.2903, 46.7659], [-71.2907, 46.7657], [-71.2911, 46.7656], [-71.2916, 46.7655], [-71.292, 46.7655], [-71.2925, 46.7655], [-71.2929, 46.7655], [-71.2934, 46.7656], [-71.2938, 46.7658], [-71.2943, 46.766], [-71.2947, 46.7662], [-71.2951, 46.7664], [-71.2953, 46.7665], [-71.2955, 46.7667], [-71.2956, 46.7668], [-71.2957, 46.767], [-71.2956, 46.7671]]]}}, {"type": "Feature", "properties": {"couche": "voile", "station": "Sainte-Foy", "minutes": 6}, "geometry": {"type": "Polygon", "coordinates": [[[-71.4548, 46.8768], [-71.131, 46.879], [-71.1284, 46.6586], [-71.4509, 46.6563], [-71.4548, 46.8768]], [[-71.2957, 46.767], [-71.2956, 46.7668], [-71.2955, 46.7667], [-71.2953, 46.7665], [-71.2951, 46.7664], [-71.2947, 46.7662], [-71.2943, 46.766], [-71.2938, 46.7658], [-71.2934, 46.7656], [-71.2929, 46.7655], [-71.2925, 46.7655], [-71.292, 46.7655], [-71.2916, 46.7655], [-71.2911, 46.7656], [-71.2907, 46.7657], [-71.2903, 46.7659], [-71.2899, 46.766], [-71.2896, 46.7661], [-71.2893, 46.7662], [-71.289, 46.7662], [-71.2888, 46.7662], [-71.2887, 46.7662], [-71.2886, 46.7662], [-71.2885, 46.7661], [-71.2885, 46.766], [-71.2884, 46.7659], [-71.2883, 46.7659], [-71.2882, 46.7658], [-71.2881, 46.7658], [-71.2879, 46.7658], [-71.2878, 46.7658], [-71.2877, 46.7658], [-71.2875, 46.7658], [-71.2874, 46.7659], [-71.2873, 46.766], [-71.2872, 46.7661], [-71.2871, 46.7663], [-71.287, 46.7665], [-71.2869, 46.7667], [-71.2869, 46.767], [-71.2868, 46.7673], [-71.2868, 46.7675], [-71.2869, 46.7677], [-71.2869, 46.7679], [-71.287, 46.768], [-71.2871, 46.7682], [-71.2872, 46.7683], [-71.2874, 46.7684], [-71.2875, 46.7685], [-71.2876, 46.7685], [-71.2877, 46.7686], [-71.2877, 46.7687], [-71.2876, 46.7687], [-71.2876, 46.7688], [-71.2875, 46.7688], [-71.2874, 46.7689], [-71.2873, 46.7689], [-71.2872, 46.769], [-71.2872, 46.7691], [-71.2872, 46.7692], [-71.2872, 46.7693], [-71.2872, 46.7694], [-71.2872, 46.7696], [-71.2873, 46.7697], [-71.2874, 46.7698], [-71.2876, 46.7699], [-71.2878, 46.77], [-71.288, 46.77], [-71.2883, 46.7701], [-71.2887, 46.7701], [-71.2891, 46.7701], [-71.2895, 46.77], [-71.2898, 46.77], [-71.2901, 46.77], [-71.2903, 46.7699], [-71.2905, 46.7699], [-71.2907, 46.7698], [-71.2908, 46.7697], [-71.2909, 46.7696], [-71.291, 46.7696], [-71.2912, 46.7695], [-71.2913, 46.7695], [-71.2914, 46.7695], [-71.2916, 46.7695], [-71.2918, 46.7696], [-71.2919, 46.7696], [-71.2921, 46.7697], [-71.2923, 46.7698], [-71.2925, 46.7698], [-71.2926, 46.7698], [-71.2927, 46.7699], [-71.2928, 46.7698], [-71.2929, 46.7698], [-71.293, 46.7697], [-71.2931, 46.7696], [-71.2931, 46.7695], [-71.2931, 46.7694], [-71.293, 46.7693], [-71.293, 46.7692], [-71.2929, 46.7691], [-71.2928, 46.7691], [-71.2928, 46.769], [-71.2927, 46.769], [-71.2927, 46.7689], [-71.2928, 46.7688], [-71.2929, 46.7687], [-71.293, 46.7687], [-71.2931, 46.7687], [-71.2932, 46.7686], [-71.2933, 46.7685], [-71.2933, 46.7684], [-71.2932, 46.7684], [-71.2933, 46.7683], [-71.2933, 46.7682], [-71.2934, 46.7681], [-71.2935, 46.768], [-71.2936, 46.7679], [-71.2937, 46.7678], [-71.2939, 46.7678], [-71.294, 46.7677], [-71.2942, 46.7676], [-71.2943, 46.7676], [-71.2944, 46.7676], [-71.2945, 46.7675], [-71.2946, 46.7675], [-71.2948, 46.7675], [-71.2949, 46.7676], [-71.295, 46.7675], [-71.2951, 46.7675], [-71.2952, 46.7675], [-71.2953, 46.7674], [-71.2954, 46.7673], [-71.2955, 46.7672], [-71.2956, 46.7671], [-71.2957, 46.767]]]}}, {"type": "Feature", "properties": {"couche": "aire_marche", "station": "Sainte-Foy", "ordre": 8, "minutes": 7, "superficie_ha": 33.3, "rue_km": 13.1, "disque_ha": 75.4, "part_disque_pct": 44, "accroche_m": 6, "population": 887, "navetteurs": 342, "mode_auto_pct": 69, "mode_tc_pct": 12, "mode_actif_pct": 18, "mode_autre_pct": 1}, "geometry": {"type": "Polygon", "coordinates": [[[-71.2949, 46.7656], [-71.295, 46.7656], [-71.2951, 46.7656], [-71.2952, 46.7656], [-71.2953, 46.7656], [-71.2955, 46.7657], [-71.2957, 46.7658], [-71.2958, 46.7659], [-71.296, 46.766], [-71.2962, 46.7661], [-71.2963, 46.7663], [-71.2964, 46.7665], [-71.2965, 46.7666], [-71.2965, 46.7668], [-71.2964, 46.767], [-71.2963, 46.7672], [-71.2962, 46.7673], [-71.2959, 46.7675], [-71.2957, 46.7677], [-71.2956, 46.7679], [-71.2954, 46.768], [-71.2953, 46.7681], [-71.2951, 46.7682], [-71.295, 46.7682], [-71.2949, 46.7682], [-71.2948, 46.7682], [-71.2947, 46.7682], [-71.2947, 46.7681], [-71.2946, 46.7681], [-71.2945, 46.768], [-71.2945, 46.7679], [-71.2944, 46.7678], [-71.2944, 46.7677], [-71.2943, 46.7677], [-71.2943, 46.7676], [-71.2942, 46.7676], [-71.2941, 46.7677], [-71.294, 46.7677], [-71.2939, 46.7678], [-71.2937, 46.7679], [-71.2936, 46.7679], [-71.2935, 46.768], [-71.2934, 46.7681], [-71.2934, 46.7682], [-71.2934, 46.7683], [-71.2935, 46.7684], [-71.2936, 46.7685], [-71.2937, 46.7686], [-71.2938, 46.7687], [-71.2938, 46.7688], [-71.2939, 46.7689], [-71.2939, 46.7691], [-71.2939, 46.7692], [-71.2939, 46.7694], [-71.2938, 46.7696], [-71.2937, 46.7698], [-71.2937, 46.7699], [-71.2936, 46.7701], [-71.2935, 46.7702], [-71.2934, 46.7702], [-71.2933, 46.7703], [-71.2932, 46.7703], [-71.293, 46.7703], [-71.2929, 46.7703], [-71.2927, 46.7702], [-71.2924, 46.7702], [-71.292, 46.7702], [-71.2916, 46.7702], [-71.2911, 46.7702], [-71.2905, 46.7703], [-71.2899, 46.7703], [-71.2892, 46.7704], [-71.2885, 46.7704], [-71.288, 46.7704], [-71.2876, 46.7704], [-71.2873, 46.7704], [-71.2871, 46.7703], [-71.287, 46.7702], [-71.2869, 46.7702], [-71.287, 46.7701], [-71.2871, 46.7699], [-71.2871, 46.7698], [-71.2871, 46.7697], [-71.2871, 46.7696], [-71.287, 46.7694], [-71.2869, 46.7693], [-71.2867, 46.7691], [-71.2865, 46.7689], [-71.2864, 46.7688], [-71.2863, 46.7686], [-71.2862, 46.7685], [-71.2862, 46.7683], [-71.2862, 46.7682], [-71.2862, 46.768], [-71.2863, 46.7679], [-71.2864, 46.7678], [-71.2865, 46.7676], [-71.2866, 46.7675], [-71.2866, 46.7674], [-71.2866, 46.7673], [-71.2866, 46.7672], [-71.2865, 46.7671], [-71.2864, 46.767], [-71.2864, 46.7669], [-71.2864, 46.7668], [-71.2865, 46.7667], [-71.2865, 46.7666], [-71.2866, 46.7665], [-71.2867, 46.7665], [-71.2868, 46.7664], [-71.2868, 46.7663], [-71.2868, 46.7662], [-71.2868, 46.7661], [-71.2868, 46.766], [-71.2867, 46.7659], [-71.2866, 46.7658], [-71.2866, 46.7657], [-71.2867, 46.7656], [-71.2867, 46.7655], [-71.2869, 46.7655], [-71.2871, 46.7654], [-71.2873, 46.7654], [-71.2876, 46.7654], [-71.2879, 46.7654], [-71.2882, 46.7654], [-71.2884, 46.7655], [-71.2886, 46.7655], [-71.2888, 46.7656], [-71.2889, 46.7657], [-71.2889, 46.7658], [-71.2889, 46.7659], [-71.2889, 46.766], [-71.2889, 46.7661], [-71.289, 46.7661], [-71.2892, 46.7661], [-71.2894, 46.7661], [-71.2897, 46.766], [-71.2901, 46.7659], [-71.2905, 46.7657], [-71.291, 46.7655], [-71.2915, 46.7653], [-71.2919, 46.7652], [-71.2923, 46.7652], [-71.2927, 46.7651], [-71.293, 46.7652], [-71.2933, 46.7653], [-71.2936, 46.7654], [-71.2938, 46.7656], [-71.294, 46.7658], [-71.2941, 46.7659], [-71.2943, 46.766], [-71.2944, 46.7661], [-71.2945, 46.7661], [-71.2946, 46.7661], [-71.2946, 46.766], [-71.2946, 46.7659], [-71.2946, 46.7658], [-71.2947, 46.7657], [-71.2948, 46.7657], [-71.2949, 46.7656]]]}}, {"type": "Feature", "properties": {"couche": "voile", "station": "Sainte-Foy", "minutes": 7}, "geometry": {"type": "Polygon", "coordinates": [[[-71.4556, 46.8771], [-71.1304, 46.8793], [-71.1278, 46.6582], [-71.4517, 46.6559], [-71.4556, 46.8771]], [[-71.2948, 46.7657], [-71.2947, 46.7657], [-71.2946, 46.7658], [-71.2946, 46.7659], [-71.2946, 46.766], [-71.2946, 46.7661], [-71.2945, 46.7661], [-71.2944, 46.7661], [-71.2943, 46.766], [-71.2941, 46.7659], [-71.294, 46.7658], [-71.2938, 46.7656], [-71.2936, 46.7654], [-71.2933, 46.7653], [-71.293, 46.7652], [-71.2927, 46.7651], [-71.2923, 46.7652], [-71.2919, 46.7652], [-71.2915, 46.7653], [-71.291, 46.7655], [-71.2905, 46.7657], [-71.2901, 46.7659], [-71.2897, 46.766], [-71.2894, 46.7661], [-71.2892, 46.7661], [-71.289, 46.7661], [-71.2889, 46.7661], [-71.2889, 46.766], [-71.2889, 46.7659], [-71.2889, 46.7658], [-71.2889, 46.7657], [-71.2888, 46.7656], [-71.2886, 46.7655], [-71.2884, 46.7655], [-71.2882, 46.7654], [-71.2879, 46.7654], [-71.2876, 46.7654], [-71.2873, 46.7654], [-71.2871, 46.7654], [-71.2869, 46.7655], [-71.2867, 46.7655], [-71.2867, 46.7656], [-71.2866, 46.7657], [-71.2866, 46.7658], [-71.2867, 46.7659], [-71.2868, 46.766], [-71.2868, 46.7661], [-71.2868, 46.7662], [-71.2868, 46.7663], [-71.2868, 46.7664], [-71.2867, 46.7665], [-71.2866, 46.7665], [-71.2865, 46.7666], [-71.2865, 46.7667], [-71.2864, 46.7668], [-71.2864, 46.7669], [-71.2864, 46.767], [-71.2865, 46.7671], [-71.2866, 46.7672], [-71.2866, 46.7673], [-71.2866, 46.7674], [-71.2866, 46.7675], [-71.2865, 46.7676], [-71.2864, 46.7678], [-71.2863, 46.7679], [-71.2862, 46.768], [-71.2862, 46.7682], [-71.2862, 46.7683], [-71.2862, 46.7685], [-71.2863, 46.7686], [-71.2864, 46.7688], [-71.2865, 46.7689], [-71.2867, 46.7691], [-71.2869, 46.7693], [-71.287, 46.7694], [-71.2871, 46.7696], [-71.2871, 46.7697], [-71.2871, 46.7698], [-71.2871, 46.7699], [-71.287, 46.7701], [-71.2869, 46.7702], [-71.287, 46.7702], [-71.2871, 46.7703], [-71.2873, 46.7704], [-71.2876, 46.7704], [-71.288, 46.7704], [-71.2885, 46.7704], [-71.2892, 46.7704], [-71.2899, 46.7703], [-71.2905, 46.7703], [-71.2911, 46.7702], [-71.2916, 46.7702], [-71.292, 46.7702], [-71.2924, 46.7702], [-71.2927, 46.7702], [-71.2929, 46.7703], [-71.293, 46.7703], [-71.2932, 46.7703], [-71.2933, 46.7703], [-71.2934, 46.7702], [-71.2935, 46.7702], [-71.2936, 46.7701], [-71.2937, 46.7699], [-71.2937, 46.7698], [-71.2938, 46.7696], [-71.2939, 46.7694], [-71.2939, 46.7692], [-71.2939, 46.7691], [-71.2939, 46.7689], [-71.2938, 46.7688], [-71.2938, 46.7687], [-71.2937, 46.7686], [-71.2936, 46.7685], [-71.2935, 46.7684], [-71.2934, 46.7683], [-71.2934, 46.7682], [-71.2934, 46.7681], [-71.2935, 46.768], [-71.2936, 46.7679], [-71.2937, 46.7679], [-71.2939, 46.7678], [-71.294, 46.7677], [-71.2941, 46.7677], [-71.2942, 46.7676], [-71.2943, 46.7676], [-71.2943, 46.7677], [-71.2944, 46.7677], [-71.2944, 46.7678], [-71.2945, 46.7679], [-71.2945, 46.768], [-71.2946, 46.7681], [-71.2947, 46.7681], [-71.2947, 46.7682], [-71.2948, 46.7682], [-71.2949, 46.7682], [-71.295, 46.7682], [-71.2951, 46.7682], [-71.2953, 46.7681], [-71.2954, 46.768], [-71.2956, 46.7679], [-71.2957, 46.7677], [-71.2959, 46.7675], [-71.2962, 46.7673], [-71.2963, 46.7672], [-71.2964, 46.767], [-71.2965, 46.7668], [-71.2965, 46.7666], [-71.2964, 46.7665], [-71.2963, 46.7663], [-71.2962, 46.7661], [-71.296, 46.766], [-71.2958, 46.7659], [-71.2957, 46.7658], [-71.2955, 46.7657], [-71.2953, 46.7656], [-71.2952, 46.7656], [-71.2951, 46.7656], [-71.295, 46.7656], [-71.2949, 46.7656], [-71.2948, 46.7657]]]}}, {"type": "Feature", "properties": {"couche": "aire_marche", "station": "Sainte-Foy", "ordre": 8, "minutes": 8, "superficie_ha": 45.7, "rue_km": 17.49, "disque_ha": 98.5, "part_disque_pct": 46, "accroche_m": 6, "population": 1221, "navetteurs": 462, "mode_auto_pct": 68, "mode_tc_pct": 11, "mode_actif_pct": 20, "mode_autre_pct": 1}, "geometry": {"type": "Polygon", "coordinates": [[[-71.2971, 46.766], [-71.2972, 46.7661], [-71.2973, 46.7661], [-71.2974, 46.7661], [-71.2975, 46.7662], [-71.2975, 46.7663], [-71.2976, 46.7664], [-71.2976, 46.7665], [-71.2976, 46.7666], [-71.2976, 46.7667], [-71.2976, 46.7668], [-71.2975, 46.7669], [-71.2974, 46.767], [-71.2973, 46.7671], [-71.2972, 46.7672], [-71.297, 46.7672], [-71.2968, 46.7673], [-71.2966, 46.7673], [-71.2964, 46.7674], [-71.2962, 46.7675], [-71.2961, 46.7675], [-71.296, 46.7676], [-71.2959, 46.7677], [-71.2959, 46.7678], [-71.2959, 46.7679], [-71.2959, 46.768], [-71.2959, 46.7681], [-71.2959, 46.7682], [-71.2958, 46.7683], [-71.2957, 46.7683], [-71.2955, 46.7684], [-71.2954, 46.7684], [-71.2952, 46.7683], [-71.2951, 46.7683], [-71.295, 46.7683], [-71.2948, 46.7682], [-71.2947, 46.7682], [-71.2947, 46.7681], [-71.2946, 46.768], [-71.2945, 46.7679], [-71.2945, 46.7678], [-71.2944, 46.7678], [-71.2944, 46.7677], [-71.2943, 46.7677], [-71.2942, 46.7677], [-71.2941, 46.7677], [-71.294, 46.7677], [-71.2939, 46.7678], [-71.2937, 46.7679], [-71.2936, 46.7679], [-71.2935, 46.768], [-71.2935, 46.7681], [-71.2935, 46.7683], [-71.2936, 46.7684], [-71.2937, 46.7685], [-71.2938, 46.7687], [-71.294, 46.7688], [-71.2942, 46.7689], [-71.2943, 46.7691], [-71.2944, 46.7693], [-71.2944, 46.7694], [-71.2945, 46.7696], [-71.2944, 46.7698], [-71.2944, 46.77], [-71.2943, 46.7702], [-71.2943, 46.7704], [-71.2942, 46.7705], [-71.2941, 46.7707], [-71.294, 46.7708], [-71.2939, 46.7708], [-71.2937, 46.7709], [-71.2936, 46.7709], [-71.2934, 46.7709], [-71.2933, 46.7709], [-71.2932, 46.7709], [-71.2931, 46.7708], [-71.293, 46.7708], [-71.2929, 46.7707], [-71.2928, 46.7707], [-71.2927, 46.7706], [-71.2926, 46.7705], [-71.2926, 46.7704], [-71.2925, 46.7703], [-71.2924, 46.7703], [-71.2923, 46.7703], [-71.2922, 46.7704], [-71.2921, 46.7705], [-71.292, 46.7706], [-71.2919, 46.7707], [-71.2918, 46.7707], [-71.2917, 46.7708], [-71.2916, 46.7708], [-71.2915, 46.7709], [-71.2914, 46.7709], [-71.2912, 46.7709], [-71.2911, 46.7709], [-71.291, 46.7708], [-71.2909, 46.7708], [-71.2908, 46.7708], [-71.2907, 46.7707], [-71.2906, 46.7707], [-71.2906, 46.7706], [-71.2905, 46.7705], [-71.2904, 46.7704], [-71.2903, 46.7704], [-71.2901, 46.7705], [-71.29, 46.7706], [-71.2898, 46.7706], [-71.2896, 46.7707], [-71.2894, 46.7708], [-71.2893, 46.7709], [-71.2891, 46.771], [-71.2889, 46.771], [-71.2888, 46.7711], [-71.2887, 46.7711], [-71.2885, 46.7711], [-71.2884, 46.7711], [-71.2883, 46.7711], [-71.2883, 46.771], [-71.2882, 46.771], [-71.2881, 46.771], [-71.2881, 46.7709], [-71.288, 46.7708], [-71.288, 46.7707], [-71.2879, 46.7706], [-71.2878, 46.7705], [-71.2876, 46.7705], [-71.2875, 46.7705], [-71.2873, 46.7706], [-71.287, 46.7706], [-71.2868, 46.7707], [-71.2866, 46.7707], [-71.2864, 46.7707], [-71.2863, 46.7707], [-71.2863, 46.7706], [-71.2864, 46.7705], [-71.2865, 46.7703], [-71.2867, 46.7702], [-71.2868, 46.7701], [-71.2869, 46.77], [-71.287, 46.7699], [-71.287, 46.7698], [-71.2869, 46.7698], [-71.2868, 46.7697], [-71.2867, 46.7697], [-71.2865, 46.7698], [-71.2864, 46.7698], [-71.2862, 46.7697], [-71.2861, 46.7697], [-71.2859, 46.7696], [-71.2858, 46.7696], [-71.2857, 46.7695], [-71.2856, 46.7693], [-71.2855, 46.7692], [-71.2854, 46.7691], [-71.2854, 46.7689], [-71.2853, 46.7688], [-71.2853, 46.7686], [-71.2853, 46.7684], [-71.2853, 46.7682], [-71.2854, 46.768], [-71.2854, 46.7678], [-71.2855, 46.7676], [-71.2855, 46.7675], [-71.2856, 46.7673], [-71.2857, 46.7671], [-71.2859, 46.767], [-71.286, 46.7669], [-71.2862, 46.7667], [-71.2863, 46.7666], [-71.2865, 46.7665], [-71.2866, 46.7664], [-71.2866, 46.7663], [-71.2865, 46.7662], [-71.2865, 46.7661], [-71.2863, 46.7661], [-71.2861, 46.766], [-71.286, 46.766], [-71.2859, 46.7659], [-71.2858, 46.7658], [-71.2858, 46.7657], [-71.2857, 46.7656], [-71.2858, 46.7655], [-71.2858, 46.7654], [-71.2859, 46.7652], [-71.286, 46.7651], [-71.2861, 46.7651], [-71.2863, 46.765], [-71.2864, 46.765], [-71.2866, 46.765], [-71.2868, 46.7651], [-71.287, 46.7652], [-71.2872, 46.7653], [-71.2874, 46.7654], [-71.2875, 46.7654], [-71.2877, 46.7655], [-71.2878, 46.7655], [-71.2879, 46.7654], [-71.2879, 46.7653], [-71.2879, 46.7652], [-71.2879, 46.7651], [-71.288, 46.765], [-71.2881, 46.765], [-71.2882, 46.765], [-71.2883, 46.7651], [-71.2884, 46.7651], [-71.2886, 46.7651], [-71.2887, 46.7652], [-71.289, 46.7652], [-71.2892, 46.7652], [-71.2895, 46.7652], [-71.2898, 46.7652], [-71.2902, 46.7652], [-71.2906, 46.7652], [-71.2909, 46.7652], [-71.2913, 46.7651], [-71.2916, 46.7651], [-71.2919, 46.765], [-71.2922, 46.7649], [-71.2924, 46.7649], [-71.2927, 46.7648], [-71.2929, 46.7647], [-71.2931, 46.7646], [-71.2932, 46.7645], [-71.2934, 46.7645], [-71.2935, 46.7645], [-71.2936, 46.7645], [-71.2937, 46.7645], [-71.2938, 46.7645], [-71.2939, 46.7646], [-71.2939, 46.7647], [-71.2939, 46.7648], [-71.2938, 46.7649], [-71.2937, 46.765], [-71.2936, 46.7651], [-71.2935, 46.7651], [-71.2934, 46.7652], [-71.2934, 46.7653], [-71.2934, 46.7654], [-71.2934, 46.7655], [-71.2935, 46.7656], [-71.2936, 46.7657], [-71.2937, 46.7658], [-71.2938, 46.7658], [-71.2939, 46.7658], [-71.294, 46.7658], [-71.2941, 46.7658], [-71.2942, 46.7657], [-71.2943, 46.7657], [-71.2943, 46.7655], [-71.2944, 46.7654], [-71.2945, 46.7653], [-71.2945, 46.7652], [-71.2947, 46.7651], [-71.2948, 46.7651], [-71.295, 46.7651], [-71.2951, 46.7651], [-71.2953, 46.7651], [-71.2955, 46.7651], [-71.2957, 46.7652], [-71.2959, 46.7652], [-71.296, 46.7653], [-71.2962, 46.7653], [-71.2963, 46.7654], [-71.2963, 46.7655], [-71.2964, 46.7656], [-71.2965, 46.7657], [-71.2966, 46.7658], [-71.2967, 46.7659], [-71.2968, 46.766], [-71.2969, 46.766], [-71.2971, 46.766]]]}}, {"type": "Feature", "properties": {"couche": "voile", "station": "Sainte-Foy", "minutes": 8}, "geometry": {"type": "Polygon", "coordinates": [[[-71.4567, 46.8778], [-71.1295, 46.88], [-71.1269, 46.6576], [-71.4528, 46.6553], [-71.4567, 46.8778]], [[-71.2969, 46.766], [-71.2968, 46.766], [-71.2967, 46.7659], [-71.2966, 46.7658], [-71.2965, 46.7657], [-71.2964, 46.7656], [-71.2963, 46.7655], [-71.2963, 46.7654], [-71.2962, 46.7653], [-71.296, 46.7653], [-71.2959, 46.7652], [-71.2957, 46.7652], [-71.2955, 46.7651], [-71.2953, 46.7651], [-71.2951, 46.7651], [-71.295, 46.7651], [-71.2948, 46.7651], [-71.2947, 46.7651], [-71.2945, 46.7652], [-71.2945, 46.7653], [-71.2944, 46.7654], [-71.2943, 46.7655], [-71.2943, 46.7657], [-71.2942, 46.7657], [-71.2941, 46.7658], [-71.294, 46.7658], [-71.2939, 46.7658], [-71.2938, 46.7658], [-71.2937, 46.7658], [-71.2936, 46.7657], [-71.2935, 46.7656], [-71.2934, 46.7655], [-71.2934, 46.7654], [-71.2934, 46.7653], [-71.2934, 46.7652], [-71.2935, 46.7651], [-71.2936, 46.7651], [-71.2937, 46.765], [-71.2938, 46.7649], [-71.2939, 46.7648], [-71.2939, 46.7647], [-71.2939, 46.7646], [-71.2938, 46.7645], [-71.2937, 46.7645], [-71.2936, 46.7645], [-71.2935, 46.7645], [-71.2934, 46.7645], [-71.2932, 46.7645], [-71.2931, 46.7646], [-71.2929, 46.7647], [-71.2927, 46.7648], [-71.2924, 46.7649], [-71.2922, 46.7649], [-71.2919, 46.765], [-71.2916, 46.7651], [-71.2913, 46.7651], [-71.2909, 46.7652], [-71.2906, 46.7652], [-71.2902, 46.7652], [-71.2898, 46.7652], [-71.2895, 46.7652], [-71.2892, 46.7652], [-71.289, 46.7652], [-71.2887, 46.7652], [-71.2886, 46.7651], [-71.2884, 46.7651], [-71.2883, 46.7651], [-71.2882, 46.765], [-71.2881, 46.765], [-71.288, 46.765], [-71.2879, 46.7651], [-71.2879, 46.7652], [-71.2879, 46.7653], [-71.2879, 46.7654], [-71.2878, 46.7655], [-71.2877, 46.7655], [-71.2875, 46.7654], [-71.2874, 46.7654], [-71.2872, 46.7653], [-71.287, 46.7652], [-71.2868, 46.7651], [-71.2866, 46.765], [-71.2864, 46.765], [-71.2863, 46.765], [-71.2861, 46.7651], [-71.286, 46.7651], [-71.2859, 46.7652], [-71.2858, 46.7654], [-71.2858, 46.7655], [-71.2857, 46.7656], [-71.2858, 46.7657], [-71.2858, 46.7658], [-71.2859, 46.7659], [-71.286, 46.766], [-71.2861, 46.766], [-71.2863, 46.7661], [-71.2865, 46.7661], [-71.2865, 46.7662], [-71.2866, 46.7663], [-71.2866, 46.7664], [-71.2865, 46.7665], [-71.2863, 46.7666], [-71.2862, 46.7667], [-71.286, 46.7669], [-71.2859, 46.767], [-71.2857, 46.7671], [-71.2856, 46.7673], [-71.2855, 46.7675], [-71.2855, 46.7676], [-71.2854, 46.7678], [-71.2854, 46.768], [-71.2853, 46.7682], [-71.2853, 46.7684], [-71.2853, 46.7686], [-71.2853, 46.7688], [-71.2854, 46.7689], [-71.2854, 46.7691], [-71.2855, 46.7692], [-71.2856, 46.7693], [-71.2857, 46.7695], [-71.2858, 46.7696], [-71.2859, 46.7696], [-71.2861, 46.7697], [-71.2862, 46.7697], [-71.2864, 46.7698], [-71.2865, 46.7698], [-71.2867, 46.7697], [-71.2868, 46.7697], [-71.2869, 46.7698], [-71.287, 46.7698], [-71.287, 46.7699], [-71.2869, 46.77], [-71.2868, 46.7701], [-71.2867, 46.7702], [-71.2865, 46.7703], [-71.2864, 46.7705], [-71.2863, 46.7706], [-71.2863, 46.7707], [-71.2864, 46.7707], [-71.2866, 46.7707], [-71.2868, 46.7707], [-71.287, 46.7706], [-71.2873, 46.7706], [-71.2875, 46.7705], [-71.2876, 46.7705], [-71.2878, 46.7705], [-71.2879, 46.7706], [-71.288, 46.7707], [-71.288, 46.7708], [-71.2881, 46.7709], [-71.2881, 46.771], [-71.2882, 46.771], [-71.2883, 46.771], [-71.2883, 46.7711], [-71.2884, 46.7711], [-71.2885, 46.7711], [-71.2887, 46.7711], [-71.2888, 46.7711], [-71.2889, 46.771], [-71.2891, 46.771], [-71.2893, 46.7709], [-71.2894, 46.7708], [-71.2896, 46.7707], [-71.2898, 46.7706], [-71.29, 46.7706], [-71.2901, 46.7705], [-71.2903, 46.7704], [-71.2904, 46.7704], [-71.2905, 46.7705], [-71.2906, 46.7706], [-71.2906, 46.7707], [-71.2907, 46.7707], [-71.2908, 46.7708], [-71.2909, 46.7708], [-71.291, 46.7708], [-71.2911, 46.7709], [-71.2912, 46.7709], [-71.2914, 46.7709], [-71.2915, 46.7709], [-71.2916, 46.7708], [-71.2917, 46.7708], [-71.2918, 46.7707], [-71.2919, 46.7707], [-71.292, 46.7706], [-71.2921, 46.7705], [-71.2922, 46.7704], [-71.2923, 46.7703], [-71.2924, 46.7703], [-71.2925, 46.7703], [-71.2926, 46.7704], [-71.2926, 46.7705], [-71.2927, 46.7706], [-71.2928, 46.7707], [-71.2929, 46.7707], [-71.293, 46.7708], [-71.2931, 46.7708], [-71.2932, 46.7709], [-71.2933, 46.7709], [-71.2934, 46.7709], [-71.2936, 46.7709], [-71.2937, 46.7709], [-71.2939, 46.7708], [-71.294, 46.7708], [-71.2941, 46.7707], [-71.2942, 46.7705], [-71.2943, 46.7704], [-71.2943, 46.7702], [-71.2944, 46.77], [-71.2944, 46.7698], [-71.2945, 46.7696], [-71.2944, 46.7694], [-71.2944, 46.7693], [-71.2943, 46.7691], [-71.2942, 46.7689], [-71.294, 46.7688], [-71.2938, 46.7687], [-71.2937, 46.7685], [-71.2936, 46.7684], [-71.2935, 46.7683], [-71.2935, 46.7681], [-71.2935, 46.768], [-71.2936, 46.7679], [-71.2937, 46.7679], [-71.2939, 46.7678], [-71.294, 46.7677], [-71.2941, 46.7677], [-71.2942, 46.7677], [-71.2943, 46.7677], [-71.2944, 46.7677], [-71.2944, 46.7678], [-71.2945, 46.7678], [-71.2945, 46.7679], [-71.2946, 46.768], [-71.2947, 46.7681], [-71.2947, 46.7682], [-71.2948, 46.7682], [-71.295, 46.7683], [-71.2951, 46.7683], [-71.2952, 46.7683], [-71.2954, 46.7684], [-71.2955, 46.7684], [-71.2957, 46.7683], [-71.2958, 46.7683], [-71.2959, 46.7682], [-71.2959, 46.7681], [-71.2959, 46.768], [-71.2959, 46.7679], [-71.2959, 46.7678], [-71.2959, 46.7677], [-71.296, 46.7676], [-71.2961, 46.7675], [-71.2962, 46.7675], [-71.2964, 46.7674], [-71.2966, 46.7673], [-71.2968, 46.7673], [-71.297, 46.7672], [-71.2972, 46.7672], [-71.2973, 46.7671], [-71.2974, 46.767], [-71.2975, 46.7669], [-71.2976, 46.7668], [-71.2976, 46.7667], [-71.2976, 46.7666], [-71.2976, 46.7665], [-71.2976, 46.7664], [-71.2975, 46.7663], [-71.2975, 46.7662], [-71.2974, 46.7661], [-71.2973, 46.7661], [-71.2972, 46.7661], [-71.2971, 46.766], [-71.2969, 46.766]]]}}, {"type": "Feature", "properties": {"couche": "aire_marche", "station": "Sainte-Foy", "ordre": 8, "minutes": 9, "superficie_ha": 61.1, "rue_km": 22.43, "disque_ha": 124.7, "part_disque_pct": 49, "accroche_m": 6, "population": 1635, "navetteurs": 612, "mode_auto_pct": 68, "mode_tc_pct": 11, "mode_actif_pct": 20, "mode_autre_pct": 1}, "geometry": {"type": "Polygon", "coordinates": [[[-71.2981, 46.7664], [-71.298, 46.7665], [-71.298, 46.7666], [-71.2979, 46.7667], [-71.2979, 46.7668], [-71.2979, 46.7669], [-71.2979, 46.767], [-71.2979, 46.7671], [-71.2979, 46.7672], [-71.2979, 46.7674], [-71.2979, 46.7675], [-71.2979, 46.7676], [-71.2978, 46.7676], [-71.2977, 46.7676], [-71.2976, 46.7676], [-71.2975, 46.7676], [-71.2974, 46.7676], [-71.2973, 46.7675], [-71.2971, 46.7675], [-71.297, 46.7675], [-71.2969, 46.7674], [-71.2968, 46.7674], [-71.2967, 46.7674], [-71.2966, 46.7674], [-71.2965, 46.7674], [-71.2964, 46.7674], [-71.2963, 46.7674], [-71.2962, 46.7674], [-71.2961, 46.7674], [-71.2961, 46.7675], [-71.2962, 46.7676], [-71.2963, 46.7676], [-71.2964, 46.7676], [-71.2965, 46.7677], [-71.2967, 46.7677], [-71.2967, 46.7678], [-71.2968, 46.7679], [-71.2968, 46.768], [-71.2967, 46.7681], [-71.2967, 46.7682], [-71.2966, 46.7683], [-71.2965, 46.7685], [-71.2963, 46.7686], [-71.2962, 46.7687], [-71.296, 46.7687], [-71.2959, 46.7688], [-71.2957, 46.7688], [-71.2956, 46.7687], [-71.2954, 46.7687], [-71.2952, 46.7686], [-71.295, 46.7685], [-71.2949, 46.7684], [-71.2948, 46.7683], [-71.2947, 46.7682], [-71.2946, 46.7681], [-71.2945, 46.768], [-71.2945, 46.7679], [-71.2945, 46.7678], [-71.2944, 46.7677], [-71.2943, 46.7677], [-71.2942, 46.7677], [-71.2941, 46.7677], [-71.294, 46.7677], [-71.2939, 46.7678], [-71.2937, 46.7679], [-71.2936, 46.7679], [-71.2935, 46.768], [-71.2935, 46.7682], [-71.2936, 46.7683], [-71.2937, 46.7684], [-71.2938, 46.7686], [-71.294, 46.7687], [-71.2942, 46.7689], [-71.2944, 46.7691], [-71.2945, 46.7692], [-71.2947, 46.7693], [-71.2947, 46.7695], [-71.2948, 46.7696], [-71.2948, 46.7697], [-71.2947, 46.7698], [-71.2946, 46.7699], [-71.2946, 46.77], [-71.2945, 46.7701], [-71.2945, 46.7702], [-71.2945, 46.7703], [-71.2946, 46.7703], [-71.2946, 46.7704], [-71.2947, 46.7704], [-71.2948, 46.7704], [-71.2948, 46.7705], [-71.2949, 46.7706], [-71.2949, 46.7707], [-71.2949, 46.7708], [-71.2948, 46.7709], [-71.2948, 46.771], [-71.2947, 46.7711], [-71.2946, 46.7712], [-71.2945, 46.7713], [-71.2943, 46.7713], [-71.2941, 46.7714], [-71.2939, 46.7714], [-71.2937, 46.7714], [-71.2934, 46.7714], [-71.2931, 46.7714], [-71.2929, 46.7714], [-71.2927, 46.7714], [-71.2925, 46.7713], [-71.2923, 46.7713], [-71.2921, 46.7712], [-71.2919, 46.7712], [-71.2918, 46.7711], [-71.2916, 46.771], [-71.2915, 46.771], [-71.2913, 46.771], [-71.2912, 46.771], [-71.2911, 46.771], [-71.2909, 46.771], [-71.2908, 46.7711], [-71.2906, 46.7712], [-71.2905, 46.7713], [-71.2904, 46.7713], [-71.2902, 46.7713], [-71.2901, 46.7714], [-71.29, 46.7714], [-71.2899, 46.7714], [-71.2897, 46.7713], [-71.2896, 46.7713], [-71.2895, 46.7713], [-71.2894, 46.7712], [-71.2892, 46.7712], [-71.2891, 46.7713], [-71.2889, 46.7713], [-71.2888, 46.7713], [-71.2886, 46.7714], [-71.2884, 46.7715], [-71.2883, 46.7715], [-71.2882, 46.7715], [-71.2881, 46.7715], [-71.288, 46.7714], [-71.2879, 46.7714], [-71.2879, 46.7713], [-71.2879, 46.7711], [-71.2879, 46.771], [-71.2879, 46.7708], [-71.2878, 46.7707], [-71.2877, 46.7707], [-71.2876, 46.7707], [-71.2875, 46.7708], [-71.2874, 46.7709], [-71.2872, 46.771], [-71.2871, 46.7711], [-71.2869, 46.7712], [-71.2868, 46.7712], [-71.2867, 46.7713], [-71.2865, 46.7712], [-71.2864, 46.7712], [-71.2863, 46.7711], [-71.2862, 46.771], [-71.2861, 46.7709], [-71.2861, 46.7708], [-71.2861, 46.7707], [-71.2861, 46.7705], [-71.2862, 46.7704], [-71.2863, 46.7703], [-71.2865, 46.7702], [-71.2867, 46.7701], [-71.2868, 46.77], [-71.2869, 46.7699], [-71.2869, 46.7698], [-71.2868, 46.7698], [-71.2866, 46.7699], [-71.2865, 46.7699], [-71.2862, 46.77], [-71.286, 46.77], [-71.2858, 46.7701], [-71.2856, 46.77], [-71.2854, 46.77], [-71.2852, 46.77], [-71.2851, 46.7699], [-71.285, 46.7698], [-71.2849, 46.7697], [-71.2848, 46.7695], [-71.2847, 46.7694], [-71.2847, 46.7692], [-71.2846, 46.769], [-71.2846, 46.7688], [-71.2846, 46.7686], [-71.2846, 46.7684], [-71.2847, 46.7682], [-71.2848, 46.768], [-71.2849, 46.7678], [-71.285, 46.7676], [-71.2851, 46.7674], [-71.2853, 46.7672], [-71.2855, 46.7671], [-71.2858, 46.7669], [-71.286, 46.7668], [-71.2862, 46.7666], [-71.2864, 46.7665], [-71.2864, 46.7664], [-71.2863, 46.7663], [-71.2862, 46.7663], [-71.286, 46.7663], [-71.2857, 46.7663], [-71.2855, 46.7662], [-71.2853, 46.7662], [-71.2851, 46.7661], [-71.285, 46.766], [-71.2848, 46.7659], [-71.2848, 46.7658], [-71.2847, 46.7657], [-71.2847, 46.7655], [-71.2847, 46.7653], [-71.2847, 46.7652], [-71.2848, 46.765], [-71.2849, 46.7649], [-71.2849, 46.7648], [-71.285, 46.7647], [-71.2852, 46.7646], [-71.2853, 46.7645], [-71.2855, 46.7644], [-71.2856, 46.7644], [-71.2858, 46.7644], [-71.2859, 46.7644], [-71.2861, 46.7644], [-71.2862, 46.7645], [-71.2864, 46.7645], [-71.2865, 46.7646], [-71.2867, 46.7647], [-71.2868, 46.7648], [-71.2869, 46.7648], [-71.287, 46.7648], [-71.2871, 46.7648], [-71.2872, 46.7648], [-71.2873, 46.7647], [-71.2873, 46.7646], [-71.2874, 46.7646], [-71.2875, 46.7645], [-71.2876, 46.7645], [-71.2877, 46.7645], [-71.2878, 46.7646], [-71.2879, 46.7646], [-71.288, 46.7647], [-71.2881, 46.7647], [-71.2882, 46.7648], [-71.2883, 46.7648], [-71.2884, 46.7648], [-71.2885, 46.7648], [-71.2886, 46.7648], [-71.2886, 46.7647], [-71.2887, 46.7647], [-71.2888, 46.7646], [-71.2889, 46.7646], [-71.2891, 46.7646], [-71.2894, 46.7646], [-71.2896, 46.7645], [-71.29, 46.7645], [-71.2903, 46.7646], [-71.2907, 46.7646], [-71.2911, 46.7646], [-71.2915, 46.7646], [-71.2918, 46.7645], [-71.2921, 46.7645], [-71.2924, 46.7645], [-71.2926, 46.7644], [-71.2928, 46.7643], [-71.293, 46.7642], [-71.2932, 46.7641], [-71.2934, 46.7641], [-71.2936, 46.7641], [-71.2938, 46.7641], [-71.2941, 46.7642], [-71.2943, 46.7643], [-71.2945, 46.7645], [-71.2948, 46.7646], [-71.295, 46.7648], [-71.2952, 46.7649], [-71.2954, 46.765], [-71.2957, 46.7651], [-71.2958, 46.7651], [-71.296, 46.7651], [-71.2962, 46.7651], [-71.2964, 46.765], [-71.2965, 46.765], [-71.2966, 46.765], [-71.2967, 46.765], [-71.2968, 46.765], [-71.2968, 46.7651], [-71.2968, 46.7652], [-71.2969, 46.7653], [-71.2968, 46.7654], [-71.2968, 46.7655], [-71.2969, 46.7656], [-71.2969, 46.7657], [-71.297, 46.7657], [-71.2971, 46.7657], [-71.2972, 46.7657], [-71.2973, 46.7656], [-71.2974, 46.7656], [-71.2975, 46.7656], [-71.2976, 46.7656], [-71.2977, 46.7656], [-71.2978, 46.7657], [-71.2979, 46.7657], [-71.298, 46.7658], [-71.2981, 46.7658], [-71.2982, 46.7659], [-71.2982, 46.766], [-71.2982, 46.7661], [-71.2982, 46.7662], [-71.2982, 46.7663], [-71.2981, 46.7664]]]}}, {"type": "Feature", "properties": {"couche": "voile", "station": "Sainte-Foy", "minutes": 9}, "geometry": {"type": "Polygon", "coordinates": [[[-71.4573, 46.8782], [-71.1288, 46.8804], [-71.1262, 46.6572], [-71.4534, 46.6549], [-71.4573, 46.8782]], [[-71.2982, 46.7663], [-71.2982, 46.7662], [-71.2982, 46.7661], [-71.2982, 46.766], [-71.2982, 46.7659], [-71.2981, 46.7658], [-71.298, 46.7658], [-71.2979, 46.7657], [-71.2978, 46.7657], [-71.2977, 46.7656], [-71.2976, 46.7656], [-71.2975, 46.7656], [-71.2974, 46.7656], [-71.2973, 46.7656], [-71.2972, 46.7657], [-71.2971, 46.7657], [-71.297, 46.7657], [-71.2969, 46.7657], [-71.2969, 46.7656], [-71.2968, 46.7655], [-71.2968, 46.7654], [-71.2969, 46.7653], [-71.2968, 46.7652], [-71.2968, 46.7651], [-71.2968, 46.765], [-71.2967, 46.765], [-71.2966, 46.765], [-71.2965, 46.765], [-71.2964, 46.765], [-71.2962, 46.7651], [-71.296, 46.7651], [-71.2958, 46.7651], [-71.2957, 46.7651], [-71.2954, 46.765], [-71.2952, 46.7649], [-71.295, 46.7648], [-71.2948, 46.7646], [-71.2945, 46.7645], [-71.2943, 46.7643], [-71.2941, 46.7642], [-71.2938, 46.7641], [-71.2936, 46.7641], [-71.2934, 46.7641], [-71.2932, 46.7641], [-71.293, 46.7642], [-71.2928, 46.7643], [-71.2926, 46.7644], [-71.2924, 46.7645], [-71.2921, 46.7645], [-71.2918, 46.7645], [-71.2915, 46.7646], [-71.2911, 46.7646], [-71.2907, 46.7646], [-71.2903, 46.7646], [-71.29, 46.7645], [-71.2896, 46.7645], [-71.2894, 46.7646], [-71.2891, 46.7646], [-71.2889, 46.7646], [-71.2888, 46.7646], [-71.2887, 46.7647], [-71.2886, 46.7647], [-71.2886, 46.7648], [-71.2885, 46.7648], [-71.2884, 46.7648], [-71.2883, 46.7648], [-71.2882, 46.7648], [-71.2881, 46.7647], [-71.288, 46.7647], [-71.2879, 46.7646], [-71.2878, 46.7646], [-71.2877, 46.7645], [-71.2876, 46.7645], [-71.2875, 46.7645], [-71.2874, 46.7646], [-71.2873, 46.7646], [-71.2873, 46.7647], [-71.2872, 46.7648], [-71.2871, 46.7648], [-71.287, 46.7648], [-71.2869, 46.7648], [-71.2868, 46.7648], [-71.2867, 46.7647], [-71.2865, 46.7646], [-71.2864, 46.7645], [-71.2862, 46.7645], [-71.2861, 46.7644], [-71.2859, 46.7644], [-71.2858, 46.7644], [-71.2856, 46.7644], [-71.2855, 46.7644], [-71.2853, 46.7645], [-71.2852, 46.7646], [-71.285, 46.7647], [-71.2849, 46.7648], [-71.2849, 46.7649], [-71.2848, 46.765], [-71.2847, 46.7652], [-71.2847, 46.7653], [-71.2847, 46.7655], [-71.2847, 46.7657], [-71.2848, 46.7658], [-71.2848, 46.7659], [-71.285, 46.766], [-71.2851, 46.7661], [-71.2853, 46.7662], [-71.2855, 46.7662], [-71.2857, 46.7663], [-71.286, 46.7663], [-71.2862, 46.7663], [-71.2863, 46.7663], [-71.2864, 46.7664], [-71.2864, 46.7665], [-71.2862, 46.7666], [-71.286, 46.7668], [-71.2858, 46.7669], [-71.2855, 46.7671], [-71.2853, 46.7672], [-71.2851, 46.7674], [-71.285, 46.7676], [-71.2849, 46.7678], [-71.2848, 46.768], [-71.2847, 46.7682], [-71.2846, 46.7684], [-71.2846, 46.7686], [-71.2846, 46.7688], [-71.2846, 46.769], [-71.2847, 46.7692], [-71.2847, 46.7694], [-71.2848, 46.7695], [-71.2849, 46.7697], [-71.285, 46.7698], [-71.2851, 46.7699], [-71.2852, 46.77], [-71.2854, 46.77], [-71.2856, 46.77], [-71.2858, 46.7701], [-71.286, 46.77], [-71.2862, 46.77], [-71.2865, 46.7699], [-71.2866, 46.7699], [-71.2868, 46.7698], [-71.2869, 46.7698], [-71.2869, 46.7699], [-71.2868, 46.77], [-71.2867, 46.7701], [-71.2865, 46.7702], [-71.2863, 46.7703], [-71.2862, 46.7704], [-71.2861, 46.7705], [-71.2861, 46.7707], [-71.2861, 46.7708], [-71.2861, 46.7709], [-71.2862, 46.771], [-71.2863, 46.7711], [-71.2864, 46.7712], [-71.2865, 46.7712], [-71.2867, 46.7713], [-71.2868, 46.7712], [-71.2869, 46.7712], [-71.2871, 46.7711], [-71.2872, 46.771], [-71.2874, 46.7709], [-71.2875, 46.7708], [-71.2876, 46.7707], [-71.2877, 46.7707], [-71.2878, 46.7707], [-71.2879, 46.7708], [-71.2879, 46.771], [-71.2879, 46.7711], [-71.2879, 46.7713], [-71.2879, 46.7714], [-71.288, 46.7714], [-71.2881, 46.7715], [-71.2882, 46.7715], [-71.2883, 46.7715], [-71.2884, 46.7715], [-71.2886, 46.7714], [-71.2888, 46.7713], [-71.2889, 46.7713], [-71.2891, 46.7713], [-71.2892, 46.7712], [-71.2894, 46.7712], [-71.2895, 46.7713], [-71.2896, 46.7713], [-71.2897, 46.7713], [-71.2899, 46.7714], [-71.29, 46.7714], [-71.2901, 46.7714], [-71.2902, 46.7713], [-71.2904, 46.7713], [-71.2905, 46.7713], [-71.2906, 46.7712], [-71.2908, 46.7711], [-71.2909, 46.771], [-71.2911, 46.771], [-71.2912, 46.771], [-71.2913, 46.771], [-71.2915, 46.771], [-71.2916, 46.771], [-71.2918, 46.7711], [-71.2919, 46.7712], [-71.2921, 46.7712], [-71.2923, 46.7713], [-71.2925, 46.7713], [-71.2927, 46.7714], [-71.2929, 46.7714], [-71.2931, 46.7714], [-71.2934, 46.7714], [-71.2937, 46.7714], [-71.2939, 46.7714], [-71.2941, 46.7714], [-71.2943, 46.7713], [-71.2945, 46.7713], [-71.2946, 46.7712], [-71.2947, 46.7711], [-71.2948, 46.771], [-71.2948, 46.7709], [-71.2949, 46.7708], [-71.2949, 46.7707], [-71.2949, 46.7706], [-71.2948, 46.7705], [-71.2948, 46.7704], [-71.2947, 46.7704], [-71.2946, 46.7704], [-71.2946, 46.7703], [-71.2945, 46.7703], [-71.2945, 46.7702], [-71.2945, 46.7701], [-71.2946, 46.77], [-71.2946, 46.7699], [-71.2947, 46.7698], [-71.2948, 46.7697], [-71.2948, 46.7696], [-71.2947, 46.7695], [-71.2947, 46.7693], [-71.2945, 46.7692], [-71.2944, 46.7691], [-71.2942, 46.7689], [-71.294, 46.7687], [-71.2938, 46.7686], [-71.2937, 46.7684], [-71.2936, 46.7683], [-71.2935, 46.7682], [-71.2935, 46.768], [-71.2936, 46.7679], [-71.2937, 46.7679], [-71.2939, 46.7678], [-71.294, 46.7677], [-71.2941, 46.7677], [-71.2942, 46.7677], [-71.2943, 46.7677], [-71.2944, 46.7677], [-71.2945, 46.7678], [-71.2945, 46.7679], [-71.2945, 46.768], [-71.2946, 46.7681], [-71.2947, 46.7682], [-71.2948, 46.7683], [-71.2949, 46.7684], [-71.295, 46.7685], [-71.2952, 46.7686], [-71.2954, 46.7687], [-71.2956, 46.7687], [-71.2957, 46.7688], [-71.2959, 46.7688], [-71.296, 46.7687], [-71.2962, 46.7687], [-71.2963, 46.7686], [-71.2965, 46.7685], [-71.2966, 46.7683], [-71.2967, 46.7682], [-71.2967, 46.7681], [-71.2968, 46.768], [-71.2968, 46.7679], [-71.2967, 46.7678], [-71.2967, 46.7677], [-71.2965, 46.7677], [-71.2964, 46.7676], [-71.2963, 46.7676], [-71.2962, 46.7676], [-71.2961, 46.7675], [-71.2961, 46.7674], [-71.2962, 46.7674], [-71.2963, 46.7674], [-71.2964, 46.7674], [-71.2965, 46.7674], [-71.2966, 46.7674], [-71.2967, 46.7674], [-71.2968, 46.7674], [-71.2969, 46.7674], [-71.297, 46.7675], [-71.2971, 46.7675], [-71.2973, 46.7675], [-71.2974, 46.7676], [-71.2975, 46.7676], [-71.2976, 46.7676], [-71.2977, 46.7676], [-71.2978, 46.7676], [-71.2979, 46.7676], [-71.2979, 46.7675], [-71.2979, 46.7674], [-71.2979, 46.7672], [-71.2979, 46.7671], [-71.2979, 46.767], [-71.2979, 46.7669], [-71.2979, 46.7668], [-71.2979, 46.7667], [-71.298, 46.7666], [-71.298, 46.7665], [-71.2981, 46.7664], [-71.2982, 46.7663]]]}}, {"type": "Feature", "properties": {"couche": "aire_marche", "station": "Sainte-Foy", "ordre": 8, "minutes": 10, "superficie_ha": 81.0, "rue_km": 28.04, "disque_ha": 153.9, "part_disque_pct": 53, "accroche_m": 6, "population": 2140, "navetteurs": 797, "mode_auto_pct": 67, "mode_tc_pct": 11, "mode_actif_pct": 21, "mode_autre_pct": 1}, "geometry": {"type": "Polygon", "coordinates": [[[-71.2991, 46.7661], [-71.299, 46.7662], [-71.299, 46.7663], [-71.2989, 46.7664], [-71.2989, 46.7665], [-71.2988, 46.7666], [-71.2987, 46.7666], [-71.2986, 46.7667], [-71.2985, 46.7667], [-71.2983, 46.7667], [-71.2982, 46.7667], [-71.2982, 46.7668], [-71.2982, 46.7669], [-71.2983, 46.767], [-71.2984, 46.767], [-71.2985, 46.7671], [-71.2986, 46.7672], [-71.2987, 46.7673], [-71.2988, 46.7674], [-71.2989, 46.7674], [-71.2989, 46.7675], [-71.2989, 46.7676], [-71.2989, 46.7677], [-71.2989, 46.7678], [-71.2988, 46.7679], [-71.2987, 46.768], [-71.2986, 46.768], [-71.2985, 46.7681], [-71.2983, 46.7681], [-71.2981, 46.7681], [-71.2979, 46.7681], [-71.2978, 46.7682], [-71.2976, 46.7682], [-71.2975, 46.7683], [-71.2973, 46.7684], [-71.2972, 46.7685], [-71.2971, 46.7686], [-71.2971, 46.7687], [-71.297, 46.7689], [-71.2969, 46.769], [-71.2969, 46.7691], [-71.2968, 46.7692], [-71.2967, 46.7693], [-71.2966, 46.7694], [-71.2964, 46.7694], [-71.2963, 46.7695], [-71.2962, 46.7695], [-71.296, 46.7696], [-71.2959, 46.7697], [-71.2958, 46.7698], [-71.2957, 46.77], [-71.2956, 46.7702], [-71.2956, 46.7704], [-71.2955, 46.7706], [-71.2954, 46.7709], [-71.2953, 46.7711], [-71.2952, 46.7713], [-71.295, 46.7715], [-71.2947, 46.7716], [-71.2944, 46.7717], [-71.294, 46.7718], [-71.2936, 46.7718], [-71.2931, 46.7718], [-71.2927, 46.7718], [-71.2923, 46.7717], [-71.292, 46.7717], [-71.2918, 46.7716], [-71.2916, 46.7716], [-71.2914, 46.7715], [-71.2914, 46.7714], [-71.2913, 46.7712], [-71.2913, 46.7711], [-71.2912, 46.7711], [-71.2911, 46.7712], [-71.2911, 46.7713], [-71.291, 46.7714], [-71.2909, 46.7716], [-71.2909, 46.7717], [-71.2908, 46.7717], [-71.2907, 46.7718], [-71.2906, 46.7718], [-71.2905, 46.7718], [-71.2904, 46.7718], [-71.2903, 46.7718], [-71.2902, 46.7717], [-71.2901, 46.7717], [-71.29, 46.7717], [-71.2899, 46.7717], [-71.2899, 46.7718], [-71.2898, 46.7718], [-71.2897, 46.7718], [-71.2897, 46.7719], [-71.2896, 46.7719], [-71.2895, 46.7719], [-71.2895, 46.772], [-71.2894, 46.772], [-71.2893, 46.772], [-71.2892, 46.7719], [-71.2891, 46.7719], [-71.289, 46.7719], [-71.2889, 46.7718], [-71.2888, 46.7718], [-71.2886, 46.7718], [-71.2885, 46.7718], [-71.2883, 46.7718], [-71.2882, 46.7719], [-71.288, 46.7719], [-71.2878, 46.7719], [-71.2876, 46.772], [-71.2874, 46.772], [-71.2873, 46.772], [-71.2871, 46.772], [-71.2869, 46.772], [-71.2868, 46.772], [-71.2866, 46.7719], [-71.2865, 46.7719], [-71.2864, 46.7718], [-71.2862, 46.7717], [-71.2861, 46.7717], [-71.286, 46.7716], [-71.286, 46.7715], [-71.2859, 46.7714], [-71.2859, 46.7712], [-71.2859, 46.7711], [-71.2859, 46.771], [-71.2859, 46.7709], [-71.2859, 46.7707], [-71.286, 46.7706], [-71.2861, 46.7705], [-71.2863, 46.7704], [-71.2865, 46.7702], [-71.2866, 46.7701], [-71.2868, 46.77], [-71.2868, 46.7699], [-71.2867, 46.77], [-71.2865, 46.77], [-71.2862, 46.7701], [-71.2859, 46.7702], [-71.2856, 46.7703], [-71.2853, 46.7704], [-71.2851, 46.7705], [-71.2849, 46.7705], [-71.2848, 46.7705], [-71.2846, 46.7705], [-71.2845, 46.7705], [-71.2844, 46.7704], [-71.2844, 46.7703], [-71.2844, 46.7702], [-71.2844, 46.7701], [-71.2845, 46.7701], [-71.2845, 46.77], [-71.2845, 46.7699], [-71.2844, 46.7698], [-71.2843, 46.7697], [-71.2842, 46.7697], [-71.2841, 46.7696], [-71.284, 46.7696], [-71.284, 46.7695], [-71.2841, 46.7693], [-71.2841, 46.7692], [-71.2842, 46.7691], [-71.2844, 46.7689], [-71.2846, 46.7687], [-71.2847, 46.7685], [-71.2848, 46.7683], [-71.2848, 46.7681], [-71.2849, 46.7679], [-71.2848, 46.7677], [-71.2848, 46.7675], [-71.2847, 46.7673], [-71.2845, 46.7672], [-71.2844, 46.767], [-71.2843, 46.7668], [-71.2842, 46.7667], [-71.2841, 46.7665], [-71.2841, 46.7664], [-71.2841, 46.7662], [-71.2841, 46.7661], [-71.2841, 46.7659], [-71.2841, 46.7658], [-71.2841, 46.7657], [-71.2842, 46.7656], [-71.2843, 46.7656], [-71.2844, 46.7655], [-71.2846, 46.7655], [-71.2847, 46.7654], [-71.2848, 46.7654], [-71.2849, 46.7653], [-71.2848, 46.7653], [-71.2848, 46.7652], [-71.2847, 46.7651], [-71.2847, 46.765], [-71.2845, 46.7649], [-71.2844, 46.7647], [-71.2844, 46.7646], [-71.2843, 46.7645], [-71.2843, 46.7644], [-71.2844, 46.7643], [-71.2845, 46.7642], [-71.2846, 46.7641], [-71.2847, 46.764], [-71.2848, 46.764], [-71.285, 46.7639], [-71.2851, 46.7639], [-71.2852, 46.7639], [-71.2854, 46.7639], [-71.2855, 46.7639], [-71.2856, 46.7639], [-71.2857, 46.764], [-71.2859, 46.764], [-71.286, 46.7641], [-71.2861, 46.7641], [-71.2863, 46.7641], [-71.2864, 46.7641], [-71.2865, 46.7641], [-71.2866, 46.764], [-71.2868, 46.764], [-71.2869, 46.764], [-71.287, 46.7639], [-71.2871, 46.7639], [-71.2872, 46.764], [-71.2873, 46.764], [-71.2874, 46.764], [-71.2875, 46.7641], [-71.2876, 46.7642], [-71.2877, 46.7643], [-71.2878, 46.7643], [-71.2879, 46.7643], [-71.288, 46.7643], [-71.2881, 46.7643], [-71.2882, 46.7642], [-71.2883, 46.7642], [-71.2884, 46.7641], [-71.2885, 46.7641], [-71.2886, 46.7642], [-71.2887, 46.7642], [-71.2888, 46.7642], [-71.2889, 46.7643], [-71.289, 46.7643], [-71.289, 46.7644], [-71.2891, 46.7644], [-71.2892, 46.7644], [-71.2893, 46.7644], [-71.2893, 46.7643], [-71.2894, 46.7643], [-71.2894, 46.7642], [-71.2895, 46.7642], [-71.2897, 46.7641], [-71.2898, 46.7641], [-71.29, 46.7641], [-71.2903, 46.7641], [-71.2906, 46.7641], [-71.2909, 46.7641], [-71.2912, 46.7641], [-71.2916, 46.7641], [-71.2918, 46.7641], [-71.2921, 46.7641], [-71.2923, 46.7641], [-71.2924, 46.764], [-71.2925, 46.7639], [-71.2926, 46.7638], [-71.2926, 46.7637], [-71.2927, 46.7636], [-71.2928, 46.7635], [-71.2929, 46.7635], [-71.293, 46.7634], [-71.2932, 46.7634], [-71.2934, 46.7634], [-71.2936, 46.7634], [-71.2938, 46.7634], [-71.294, 46.7635], [-71.2941, 46.7635], [-71.2942, 46.7636], [-71.2943, 46.7636], [-71.2944, 46.7637], [-71.2944, 46.7638], [-71.2944, 46.7639], [-71.2944, 46.764], [-71.2945, 46.7641], [-71.2945, 46.7642], [-71.2946, 46.7643], [-71.2947, 46.7644], [-71.2948, 46.7645], [-71.2949, 46.7647], [-71.2951, 46.7648], [-71.2953, 46.7649], [-71.2954, 46.765], [-71.2956, 46.765], [-71.2957, 46.765], [-71.2959, 46.765], [-71.2961, 46.765], [-71.2962, 46.7649], [-71.2964, 46.7648], [-71.2966, 46.7647], [-71.2967, 46.7646], [-71.2969, 46.7646], [-71.297, 46.7645], [-71.2971, 46.7645], [-71.2972, 46.7645], [-71.2973, 46.7645], [-71.2974, 46.7645], [-71.2975, 46.7645], [-71.2975, 46.7646], [-71.2976, 46.7646], [-71.2975, 46.7647], [-71.2975, 46.7648], [-71.2974, 46.765], [-71.2973, 46.7651], [-71.2972, 46.7653], [-71.2971, 46.7654], [-71.2971, 46.7655], [-71.2971, 46.7656], [-71.2972, 46.7656], [-71.2973, 46.7656], [-71.2974, 46.7655], [-71.2976, 46.7654], [-71.2977, 46.7653], [-71.2979, 46.7653], [-71.2981, 46.7653], [-71.2982, 46.7653], [-71.2984, 46.7653], [-71.2985, 46.7653], [-71.2986, 46.7654], [-71.2987, 46.7654], [-71.2988, 46.7655], [-71.2989, 46.7656], [-71.299, 46.7657], [-71.299, 46.7658], [-71.2991, 46.7659], [-71.2991, 46.766], [-71.2991, 46.7661]]]}}, {"type": "Feature", "properties": {"couche": "voile", "station": "Sainte-Foy", "minutes": 10}, "geometry": {"type": "Polygon", "coordinates": [[[-71.4582, 46.8787], [-71.1282, 46.881], [-71.1256, 46.6565], [-71.4542, 46.6542], [-71.4582, 46.8787]], [[-71.2991, 46.766], [-71.2991, 46.7659], [-71.299, 46.7658], [-71.299, 46.7657], [-71.2989, 46.7656], [-71.2988, 46.7655], [-71.2987, 46.7654], [-71.2986, 46.7654], [-71.2985, 46.7653], [-71.2984, 46.7653], [-71.2982, 46.7653], [-71.2981, 46.7653], [-71.2979, 46.7653], [-71.2977, 46.7653], [-71.2976, 46.7654], [-71.2974, 46.7655], [-71.2973, 46.7656], [-71.2972, 46.7656], [-71.2971, 46.7656], [-71.2971, 46.7655], [-71.2971, 46.7654], [-71.2972, 46.7653], [-71.2973, 46.7651], [-71.2974, 46.765], [-71.2975, 46.7648], [-71.2975, 46.7647], [-71.2976, 46.7646], [-71.2975, 46.7646], [-71.2975, 46.7645], [-71.2974, 46.7645], [-71.2973, 46.7645], [-71.2972, 46.7645], [-71.2971, 46.7645], [-71.297, 46.7645], [-71.2969, 46.7646], [-71.2967, 46.7646], [-71.2966, 46.7647], [-71.2964, 46.7648], [-71.2962, 46.7649], [-71.2961, 46.765], [-71.2959, 46.765], [-71.2957, 46.765], [-71.2956, 46.765], [-71.2954, 46.765], [-71.2953, 46.7649], [-71.2951, 46.7648], [-71.2949, 46.7647], [-71.2948, 46.7645], [-71.2947, 46.7644], [-71.2946, 46.7643], [-71.2945, 46.7642], [-71.2945, 46.7641], [-71.2944, 46.764], [-71.2944, 46.7639], [-71.2944, 46.7638], [-71.2944, 46.7637], [-71.2943, 46.7636], [-71.2942, 46.7636], [-71.2941, 46.7635], [-71.294, 46.7635], [-71.2938, 46.7634], [-71.2936, 46.7634], [-71.2934, 46.7634], [-71.2932, 46.7634], [-71.293, 46.7634], [-71.2929, 46.7635], [-71.2928, 46.7635], [-71.2927, 46.7636], [-71.2926, 46.7637], [-71.2926, 46.7638], [-71.2925, 46.7639], [-71.2924, 46.764], [-71.2923, 46.7641], [-71.2921, 46.7641], [-71.2918, 46.7641], [-71.2916, 46.7641], [-71.2912, 46.7641], [-71.2909, 46.7641], [-71.2906, 46.7641], [-71.2903, 46.7641], [-71.29, 46.7641], [-71.2898, 46.7641], [-71.2897, 46.7641], [-71.2895, 46.7642], [-71.2894, 46.7642], [-71.2894, 46.7643], [-71.2893, 46.7643], [-71.2893, 46.7644], [-71.2892, 46.7644], [-71.2891, 46.7644], [-71.289, 46.7644], [-71.289, 46.7643], [-71.2889, 46.7643], [-71.2888, 46.7642], [-71.2887, 46.7642], [-71.2886, 46.7642], [-71.2885, 46.7641], [-71.2884, 46.7641], [-71.2883, 46.7642], [-71.2882, 46.7642], [-71.2881, 46.7643], [-71.288, 46.7643], [-71.2879, 46.7643], [-71.2878, 46.7643], [-71.2877, 46.7643], [-71.2876, 46.7642], [-71.2875, 46.7641], [-71.2874, 46.764], [-71.2873, 46.764], [-71.2872, 46.764], [-71.2871, 46.7639], [-71.287, 46.7639], [-71.2869, 46.764], [-71.2868, 46.764], [-71.2866, 46.764], [-71.2865, 46.7641], [-71.2864, 46.7641], [-71.2863, 46.7641], [-71.2861, 46.7641], [-71.286, 46.7641], [-71.2859, 46.764], [-71.2857, 46.764], [-71.2856, 46.7639], [-71.2855, 46.7639], [-71.2854, 46.7639], [-71.2852, 46.7639], [-71.2851, 46.7639], [-71.285, 46.7639], [-71.2848, 46.764], [-71.2847, 46.764], [-71.2846, 46.7641], [-71.2845, 46.7642], [-71.2844, 46.7643], [-71.2843, 46.7644], [-71.2843, 46.7645], [-71.2844, 46.7646], [-71.2844, 46.7647], [-71.2845, 46.7649], [-71.2847, 46.765], [-71.2847, 46.7651], [-71.2848, 46.7652], [-71.2848, 46.7653], [-71.2849, 46.7653], [-71.2848, 46.7654], [-71.2847, 46.7654], [-71.2846, 46.7655], [-71.2844, 46.7655], [-71.2843, 46.7656], [-71.2842, 46.7656], [-71.2841, 46.7657], [-71.2841, 46.7658], [-71.2841, 46.7659], [-71.2841, 46.7661], [-71.2841, 46.7662], [-71.2841, 46.7664], [-71.2841, 46.7665], [-71.2842, 46.7667], [-71.2843, 46.7668], [-71.2844, 46.767], [-71.2845, 46.7672], [-71.2847, 46.7673], [-71.2848, 46.7675], [-71.2848, 46.7677], [-71.2849, 46.7679], [-71.2848, 46.7681], [-71.2848, 46.7683], [-71.2847, 46.7685], [-71.2846, 46.7687], [-71.2844, 46.7689], [-71.2842, 46.7691], [-71.2841, 46.7692], [-71.2841, 46.7693], [-71.284, 46.7695], [-71.284, 46.7696], [-71.2841, 46.7696], [-71.2842, 46.7697], [-71.2843, 46.7697], [-71.2844, 46.7698], [-71.2845, 46.7699], [-71.2845, 46.77], [-71.2845, 46.7701], [-71.2844, 46.7701], [-71.2844, 46.7702], [-71.2844, 46.7703], [-71.2844, 46.7704], [-71.2845, 46.7705], [-71.2846, 46.7705], [-71.2848, 46.7705], [-71.2849, 46.7705], [-71.2851, 46.7705], [-71.2853, 46.7704], [-71.2856, 46.7703], [-71.2859, 46.7702], [-71.2862, 46.7701], [-71.2865, 46.77], [-71.2867, 46.77], [-71.2868, 46.7699], [-71.2868, 46.77], [-71.2866, 46.7701], [-71.2865, 46.7702], [-71.2863, 46.7704], [-71.2861, 46.7705], [-71.286, 46.7706], [-71.2859, 46.7707], [-71.2859, 46.7709], [-71.2859, 46.771], [-71.2859, 46.7711], [-71.2859, 46.7712], [-71.2859, 46.7714], [-71.286, 46.7715], [-71.286, 46.7716], [-71.2861, 46.7717], [-71.2862, 46.7717], [-71.2864, 46.7718], [-71.2865, 46.7719], [-71.2866, 46.7719], [-71.2868, 46.772], [-71.2869, 46.772], [-71.2871, 46.772], [-71.2873, 46.772], [-71.2874, 46.772], [-71.2876, 46.772], [-71.2878, 46.7719], [-71.288, 46.7719], [-71.2882, 46.7719], [-71.2883, 46.7718], [-71.2885, 46.7718], [-71.2886, 46.7718], [-71.2888, 46.7718], [-71.2889, 46.7718], [-71.289, 46.7719], [-71.2891, 46.7719], [-71.2892, 46.7719], [-71.2893, 46.772], [-71.2894, 46.772], [-71.2895, 46.772], [-71.2895, 46.7719], [-71.2896, 46.7719], [-71.2897, 46.7719], [-71.2897, 46.7718], [-71.2898, 46.7718], [-71.2899, 46.7718], [-71.2899, 46.7717], [-71.29, 46.7717], [-71.2901, 46.7717], [-71.2902, 46.7717], [-71.2903, 46.7718], [-71.2904, 46.7718], [-71.2905, 46.7718], [-71.2906, 46.7718], [-71.2907, 46.7718], [-71.2908, 46.7717], [-71.2909, 46.7717], [-71.2909, 46.7716], [-71.291, 46.7714], [-71.2911, 46.7713], [-71.2911, 46.7712], [-71.2912, 46.7711], [-71.2913, 46.7711], [-71.2913, 46.7712], [-71.2914, 46.7714], [-71.2914, 46.7715], [-71.2916, 46.7716], [-71.2918, 46.7716], [-71.292, 46.7717], [-71.2923, 46.7717], [-71.2927, 46.7718], [-71.2931, 46.7718], [-71.2936, 46.7718], [-71.294, 46.7718], [-71.2944, 46.7717], [-71.2947, 46.7716], [-71.295, 46.7715], [-71.2952, 46.7713], [-71.2953, 46.7711], [-71.2954, 46.7709], [-71.2955, 46.7706], [-71.2956, 46.7704], [-71.2956, 46.7702], [-71.2957, 46.77], [-71.2958, 46.7698], [-71.2959, 46.7697], [-71.296, 46.7696], [-71.2962, 46.7695], [-71.2963, 46.7695], [-71.2964, 46.7694], [-71.2966, 46.7694], [-71.2967, 46.7693], [-71.2968, 46.7692], [-71.2969, 46.7691], [-71.2969, 46.769], [-71.297, 46.7689], [-71.2971, 46.7687], [-71.2971, 46.7686], [-71.2972, 46.7685], [-71.2973, 46.7684], [-71.2975, 46.7683], [-71.2976, 46.7682], [-71.2978, 46.7682], [-71.2979, 46.7681], [-71.2981, 46.7681], [-71.2983, 46.7681], [-71.2985, 46.7681], [-71.2986, 46.768], [-71.2987, 46.768], [-71.2988, 46.7679], [-71.2989, 46.7678], [-71.2989, 46.7677], [-71.2989, 46.7676], [-71.2989, 46.7675], [-71.2989, 46.7674], [-71.2988, 46.7674], [-71.2987, 46.7673], [-71.2986, 46.7672], [-71.2985, 46.7671], [-71.2984, 46.767], [-71.2983, 46.767], [-71.2982, 46.7669], [-71.2982, 46.7668], [-71.2982, 46.7667], [-71.2983, 46.7667], [-71.2985, 46.7667], [-71.2986, 46.7667], [-71.2987, 46.7666], [-71.2988, 46.7666], [-71.2989, 46.7665], [-71.2989, 46.7664], [-71.299, 46.7663], [-71.299, 46.7662], [-71.2991, 46.7661], [-71.2991, 46.766]]]}}, {"type": "Feature", "properties": {"couche": "aire_marche", "station": "Sainte-Foy", "ordre": 8, "minutes": 11, "superficie_ha": 97.3, "rue_km": 33.54, "disque_ha": 186.3, "part_disque_pct": 52, "accroche_m": 6, "population": 2558, "navetteurs": 945, "mode_auto_pct": 67, "mode_tc_pct": 11, "mode_actif_pct": 21, "mode_autre_pct": 1}, "geometry": {"type": "Polygon", "coordinates": [[[-71.2995, 46.7657], [-71.2994, 46.7658], [-71.2993, 46.7659], [-71.2992, 46.766], [-71.2992, 46.7661], [-71.2992, 46.7662], [-71.2992, 46.7663], [-71.2992, 46.7664], [-71.2992, 46.7665], [-71.2993, 46.7667], [-71.2993, 46.7668], [-71.2993, 46.7669], [-71.2993, 46.767], [-71.2992, 46.767], [-71.2991, 46.767], [-71.2989, 46.767], [-71.2988, 46.767], [-71.2986, 46.7669], [-71.2984, 46.7669], [-71.2983, 46.7669], [-71.2982, 46.7669], [-71.2983, 46.767], [-71.2984, 46.767], [-71.2985, 46.7671], [-71.2986, 46.7672], [-71.2987, 46.7673], [-71.2988, 46.7674], [-71.2989, 46.7675], [-71.299, 46.7676], [-71.2991, 46.7678], [-71.2992, 46.7679], [-71.2992, 46.768], [-71.2992, 46.7682], [-71.2992, 46.7683], [-71.2991, 46.7683], [-71.299, 46.7684], [-71.2989, 46.7684], [-71.2987, 46.7684], [-71.2985, 46.7684], [-71.2982, 46.7684], [-71.2979, 46.7683], [-71.2977, 46.7683], [-71.2975, 46.7683], [-71.2974, 46.7683], [-71.2973, 46.7683], [-71.2971, 46.7683], [-71.2971, 46.7684], [-71.297, 46.7684], [-71.297, 46.7685], [-71.297, 46.7686], [-71.297, 46.7687], [-71.297, 46.7688], [-71.2971, 46.7689], [-71.2972, 46.769], [-71.2972, 46.7691], [-71.2973, 46.7692], [-71.2973, 46.7693], [-71.2972, 46.7693], [-71.2972, 46.7694], [-71.2971, 46.7695], [-71.297, 46.7696], [-71.2969, 46.7696], [-71.2967, 46.7697], [-71.2966, 46.7698], [-71.2965, 46.7698], [-71.2965, 46.7699], [-71.2964, 46.77], [-71.2963, 46.7701], [-71.2963, 46.7702], [-71.2963, 46.7703], [-71.2962, 46.7704], [-71.2961, 46.7705], [-71.296, 46.7706], [-71.2959, 46.7706], [-71.2958, 46.7706], [-71.2957, 46.7707], [-71.2956, 46.7707], [-71.2955, 46.7707], [-71.2954, 46.7707], [-71.2954, 46.7708], [-71.2955, 46.7709], [-71.2956, 46.7709], [-71.2957, 46.771], [-71.2959, 46.7711], [-71.296, 46.7711], [-71.296, 46.7712], [-71.2961, 46.7713], [-71.2961, 46.7714], [-71.2961, 46.7715], [-71.2961, 46.7717], [-71.2961, 46.7718], [-71.296, 46.7719], [-71.296, 46.772], [-71.2959, 46.7721], [-71.2958, 46.7721], [-71.2956, 46.7721], [-71.2955, 46.7721], [-71.2953, 46.772], [-71.2952, 46.7719], [-71.295, 46.7719], [-71.2949, 46.7718], [-71.2947, 46.7718], [-71.2946, 46.7718], [-71.2945, 46.7718], [-71.2945, 46.7719], [-71.2944, 46.7719], [-71.2944, 46.772], [-71.2943, 46.7721], [-71.2942, 46.7722], [-71.2941, 46.7722], [-71.294, 46.7723], [-71.2939, 46.7723], [-71.2937, 46.7723], [-71.2935, 46.7723], [-71.2934, 46.7723], [-71.2933, 46.7723], [-71.2931, 46.7722], [-71.293, 46.7722], [-71.2929, 46.7721], [-71.2928, 46.7721], [-71.2927, 46.772], [-71.2927, 46.7719], [-71.2926, 46.7719], [-71.2925, 46.7718], [-71.2924, 46.7718], [-71.2923, 46.7718], [-71.2922, 46.7718], [-71.2921, 46.7719], [-71.292, 46.772], [-71.2919, 46.772], [-71.2918, 46.7721], [-71.2917, 46.7722], [-71.2915, 46.7722], [-71.2914, 46.7722], [-71.2913, 46.7722], [-71.2911, 46.7722], [-71.291, 46.7722], [-71.2909, 46.7722], [-71.2908, 46.7721], [-71.2907, 46.7721], [-71.2906, 46.7721], [-71.2905, 46.7721], [-71.2904, 46.7721], [-71.2903, 46.7722], [-71.2902, 46.7723], [-71.2901, 46.7723], [-71.29, 46.7724], [-71.2898, 46.7723], [-71.2897, 46.7723], [-71.2896, 46.7723], [-71.2894, 46.7722], [-71.2892, 46.7721], [-71.2891, 46.772], [-71.2889, 46.772], [-71.2887, 46.7719], [-71.2886, 46.7719], [-71.2884, 46.772], [-71.2882, 46.772], [-71.288, 46.7721], [-71.2878, 46.7722], [-71.2877, 46.7722], [-71.2875, 46.7723], [-71.2873, 46.7723], [-71.2871, 46.7724], [-71.2869, 46.7724], [-71.2867, 46.7724], [-71.2864, 46.7723], [-71.2862, 46.7723], [-71.286, 46.7723], [-71.2858, 46.7722], [-71.2857, 46.7722], [-71.2856, 46.7721], [-71.2855, 46.7721], [-71.2854, 46.772], [-71.2853, 46.772], [-71.2853, 46.7719], [-71.2853, 46.7718], [-71.2853, 46.7717], [-71.2854, 46.7716], [-71.2855, 46.7715], [-71.2856, 46.7715], [-71.2857, 46.7714], [-71.2858, 46.7713], [-71.2859, 46.7712], [-71.286, 46.7712], [-71.286, 46.7711], [-71.286, 46.771], [-71.286, 46.7709], [-71.286, 46.7708], [-71.2859, 46.7707], [-71.2859, 46.7706], [-71.286, 46.7705], [-71.286, 46.7704], [-71.2861, 46.7703], [-71.2862, 46.7702], [-71.2864, 46.7701], [-71.2865, 46.77], [-71.2866, 46.7699], [-71.2866, 46.7698], [-71.2865, 46.7698], [-71.2864, 46.7699], [-71.2862, 46.77], [-71.2859, 46.7701], [-71.2855, 46.7703], [-71.2852, 46.7705], [-71.2849, 46.7706], [-71.2847, 46.7707], [-71.2845, 46.7708], [-71.2843, 46.7709], [-71.2841, 46.7709], [-71.284, 46.7709], [-71.2839, 46.7709], [-71.2838, 46.7709], [-71.2837, 46.7708], [-71.2837, 46.7707], [-71.2838, 46.7706], [-71.2838, 46.7705], [-71.2839, 46.7704], [-71.2839, 46.7703], [-71.2838, 46.7703], [-71.2838, 46.7702], [-71.2837, 46.7702], [-71.2836, 46.7702], [-71.2835, 46.7701], [-71.2834, 46.7701], [-71.2833, 46.7701], [-71.2833, 46.77], [-71.2832, 46.77], [-71.2832, 46.7699], [-71.2831, 46.7699], [-71.2831, 46.7698], [-71.2831, 46.7697], [-71.2831, 46.7696], [-71.2832, 46.7695], [-71.2832, 46.7694], [-71.2834, 46.7693], [-71.2835, 46.7691], [-71.2837, 46.769], [-71.284, 46.7688], [-71.2842, 46.7686], [-71.2844, 46.7684], [-71.2846, 46.7683], [-71.2847, 46.7681], [-71.2847, 46.768], [-71.2846, 46.7678], [-71.2845, 46.7677], [-71.2844, 46.7675], [-71.2841, 46.7674], [-71.2839, 46.7673], [-71.2838, 46.7672], [-71.2837, 46.7671], [-71.2837, 46.7669], [-71.2837, 46.7668], [-71.2837, 46.7667], [-71.2838, 46.7666], [-71.2839, 46.7665], [-71.284, 46.7664], [-71.2841, 46.7663], [-71.2842, 46.7661], [-71.2842, 46.766], [-71.2842, 46.7659], [-71.2841, 46.7658], [-71.284, 46.7656], [-71.2839, 46.7655], [-71.2839, 46.7654], [-71.2838, 46.7653], [-71.2838, 46.7652], [-71.2839, 46.7652], [-71.284, 46.7651], [-71.2841, 46.7651], [-71.2842, 46.7652], [-71.2844, 46.7652], [-71.2846, 46.7653], [-71.2847, 46.7653], [-71.2847, 46.7652], [-71.2846, 46.7651], [-71.2845, 46.765], [-71.2844, 46.7648], [-71.2842, 46.7647], [-71.284, 46.7645], [-71.2839, 46.7644], [-71.2838, 46.7642], [-71.2838, 46.7641], [-71.2838, 46.764], [-71.2839, 46.7638], [-71.2839, 46.7637], [-71.2841, 46.7636], [-71.2842, 46.7635], [-71.2843, 46.7635], [-71.2845, 46.7634], [-71.2846, 46.7634], [-71.2848, 46.7634], [-71.2849, 46.7634], [-71.285, 46.7635], [-71.2852, 46.7635], [-71.2853, 46.7636], [-71.2855, 46.7636], [-71.2856, 46.7636], [-71.2857, 46.7636], [-71.2858, 46.7636], [-71.2859, 46.7636], [-71.286, 46.7635], [-71.2861, 46.7635], [-71.2862, 46.7634], [-71.2863, 46.7634], [-71.2864, 46.7634], [-71.2865, 46.7635], [-71.2866, 46.7635], [-71.2867, 46.7636], [-71.2868, 46.7636], [-71.2869, 46.7636], [-71.287, 46.7636], [-71.2871, 46.7636], [-71.2873, 46.7636], [-71.2874, 46.7636], [-71.2875, 46.7636], [-71.2876, 46.7635], [-71.2877, 46.7635], [-71.2878, 46.7635], [-71.2879, 46.7635], [-71.288, 46.7636], [-71.2881, 46.7636], [-71.2882, 46.7637], [-71.2883, 46.7637], [-71.2884, 46.7638], [-71.2885, 46.7639], [-71.2886, 46.7639], [-71.2887, 46.7638], [-71.2888, 46.7637], [-71.2889, 46.7637], [-71.289, 46.7636], [-71.2892, 46.7636], [-71.2893, 46.7636], [-71.2895, 46.7636], [-71.2896, 46.7636], [-71.2898, 46.7636], [-71.29, 46.7636], [-71.2902, 46.7636], [-71.2903, 46.7637], [-71.2904, 46.7637], [-71.2905, 46.7637], [-71.2906, 46.7638], [-71.2907, 46.7638], [-71.2908, 46.7639], [-71.2909, 46.7639], [-71.291, 46.7639], [-71.2911, 46.7638], [-71.2912, 46.7637], [-71.2913, 46.7636], [-71.2914, 46.7635], [-71.2916, 46.7634], [-71.2917, 46.7633], [-71.2919, 46.7632], [-71.2921, 46.7631], [-71.2924, 46.763], [-71.2926, 46.763], [-71.2929, 46.763], [-71.2932, 46.763], [-71.2935, 46.763], [-71.2938, 46.763], [-71.294, 46.763], [-71.2943, 46.7631], [-71.2945, 46.7631], [-71.2946, 46.7632], [-71.2948, 46.7632], [-71.2949, 46.7633], [-71.2949, 46.7634], [-71.295, 46.7634], [-71.295, 46.7635], [-71.295, 46.7636], [-71.295, 46.7637], [-71.2949, 46.7638], [-71.2948, 46.7639], [-71.2947, 46.7639], [-71.2947, 46.764], [-71.2946, 46.7641], [-71.2946, 46.7642], [-71.2947, 46.7643], [-71.2947, 46.7644], [-71.2948, 46.7645], [-71.2949, 46.7647], [-71.2951, 46.7648], [-71.2952, 46.7649], [-71.2954, 46.765], [-71.2955, 46.765], [-71.2957, 46.765], [-71.2958, 46.7649], [-71.296, 46.7648], [-71.2961, 46.7647], [-71.2962, 46.7645], [-71.2964, 46.7644], [-71.2966, 46.7643], [-71.2968, 46.7642], [-71.297, 46.7642], [-71.2973, 46.7642], [-71.2976, 46.7642], [-71.298, 46.7643], [-71.2983, 46.7644], [-71.2986, 46.7646], [-71.2989, 46.7647], [-71.2992, 46.7648], [-71.2994, 46.7649], [-71.2995, 46.765], [-71.2996, 46.765], [-71.2997, 46.7651], [-71.2997, 46.7652], [-71.2997, 46.7653], [-71.2997, 46.7654], [-71.2997, 46.7655], [-71.2996, 46.7656], [-71.2995, 46.7656], [-71.2995, 46.7657]]]}}, {"type": "Feature", "properties": {"couche": "voile", "station": "Sainte-Foy", "minutes": 11}, "geometry": {"type": "Polygon", "coordinates": [[[-71.4588, 46.8791], [-71.1273, 46.8814], [-71.1247, 46.6561], [-71.4548, 46.6538], [-71.4588, 46.8791]], [[-71.2995, 46.7656], [-71.2996, 46.7656], [-71.2997, 46.7655], [-71.2997, 46.7654], [-71.2997, 46.7653], [-71.2997, 46.7652], [-71.2997, 46.7651], [-71.2996, 46.765], [-71.2995, 46.765], [-71.2994, 46.7649], [-71.2992, 46.7648], [-71.2989, 46.7647], [-71.2986, 46.7646], [-71.2983, 46.7644], [-71.298, 46.7643], [-71.2976, 46.7642], [-71.2973, 46.7642], [-71.297, 46.7642], [-71.2968, 46.7642], [-71.2966, 46.7643], [-71.2964, 46.7644], [-71.2962, 46.7645], [-71.2961, 46.7647], [-71.296, 46.7648], [-71.2958, 46.7649], [-71.2957, 46.765], [-71.2955, 46.765], [-71.2954, 46.765], [-71.2952, 46.7649], [-71.2951, 46.7648], [-71.2949, 46.7647], [-71.2948, 46.7645], [-71.2947, 46.7644], [-71.2947, 46.7643], [-71.2946, 46.7642], [-71.2946, 46.7641], [-71.2947, 46.764], [-71.2947, 46.7639], [-71.2948, 46.7639], [-71.2949, 46.7638], [-71.295, 46.7637], [-71.295, 46.7636], [-71.295, 46.7635], [-71.295, 46.7634], [-71.2949, 46.7634], [-71.2949, 46.7633], [-71.2948, 46.7632], [-71.2946, 46.7632], [-71.2945, 46.7631], [-71.2943, 46.7631], [-71.294, 46.763], [-71.2938, 46.763], [-71.2935, 46.763], [-71.2932, 46.763], [-71.2929, 46.763], [-71.2926, 46.763], [-71.2924, 46.763], [-71.2921, 46.7631], [-71.2919, 46.7632], [-71.2917, 46.7633], [-71.2916, 46.7634], [-71.2914, 46.7635], [-71.2913, 46.7636], [-71.2912, 46.7637], [-71.2911, 46.7638], [-71.291, 46.7639], [-71.2909, 46.7639], [-71.2908, 46.7639], [-71.2907, 46.7638], [-71.2906, 46.7638], [-71.2905, 46.7637], [-71.2904, 46.7637], [-71.2903, 46.7637], [-71.2902, 46.7636], [-71.29, 46.7636], [-71.2898, 46.7636], [-71.2896, 46.7636], [-71.2895, 46.7636], [-71.2893, 46.7636], [-71.2892, 46.7636], [-71.289, 46.7636], [-71.2889, 46.7637], [-71.2888, 46.7637], [-71.2887, 46.7638], [-71.2886, 46.7639], [-71.2885, 46.7639], [-71.2884, 46.7638], [-71.2883, 46.7637], [-71.2882, 46.7637], [-71.2881, 46.7636], [-71.288, 46.7636], [-71.2879, 46.7635], [-71.2878, 46.7635], [-71.2877, 46.7635], [-71.2876, 46.7635], [-71.2875, 46.7636], [-71.2874, 46.7636], [-71.2873, 46.7636], [-71.2871, 46.7636], [-71.287, 46.7636], [-71.2869, 46.7636], [-71.2868, 46.7636], [-71.2867, 46.7636], [-71.2866, 46.7635], [-71.2865, 46.7635], [-71.2864, 46.7634], [-71.2863, 46.7634], [-71.2862, 46.7634], [-71.2861, 46.7635], [-71.286, 46.7635], [-71.2859, 46.7636], [-71.2858, 46.7636], [-71.2857, 46.7636], [-71.2856, 46.7636], [-71.2855, 46.7636], [-71.2853, 46.7636], [-71.2852, 46.7635], [-71.285, 46.7635], [-71.2849, 46.7634], [-71.2848, 46.7634], [-71.2846, 46.7634], [-71.2845, 46.7634], [-71.2843, 46.7635], [-71.2842, 46.7635], [-71.2841, 46.7636], [-71.2839, 46.7637], [-71.2839, 46.7638], [-71.2838, 46.764], [-71.2838, 46.7641], [-71.2838, 46.7642], [-71.2839, 46.7644], [-71.284, 46.7645], [-71.2842, 46.7647], [-71.2844, 46.7648], [-71.2845, 46.765], [-71.2846, 46.7651], [-71.2847, 46.7652], [-71.2847, 46.7653], [-71.2846, 46.7653], [-71.2844, 46.7652], [-71.2842, 46.7652], [-71.2841, 46.7651], [-71.284, 46.7651], [-71.2839, 46.7652], [-71.2838, 46.7652], [-71.2838, 46.7653], [-71.2839, 46.7654], [-71.2839, 46.7655], [-71.284, 46.7656], [-71.2841, 46.7658], [-71.2842, 46.7659], [-71.2842, 46.766], [-71.2842, 46.7661], [-71.2841, 46.7663], [-71.284, 46.7664], [-71.2839, 46.7665], [-71.2838, 46.7666], [-71.2837, 46.7667], [-71.2837, 46.7668], [-71.2837, 46.7669], [-71.2837, 46.7671], [-71.2838, 46.7672], [-71.2839, 46.7673], [-71.2841, 46.7674], [-71.2844, 46.7675], [-71.2845, 46.7677], [-71.2846, 46.7678], [-71.2847, 46.768], [-71.2847, 46.7681], [-71.2846, 46.7683], [-71.2844, 46.7684], [-71.2842, 46.7686], [-71.284, 46.7688], [-71.2837, 46.769], [-71.2835, 46.7691], [-71.2834, 46.7693], [-71.2832, 46.7694], [-71.2832, 46.7695], [-71.2831, 46.7696], [-71.2831, 46.7697], [-71.2831, 46.7698], [-71.2831, 46.7699], [-71.2832, 46.7699], [-71.2832, 46.77], [-71.2833, 46.77], [-71.2833, 46.7701], [-71.2834, 46.7701], [-71.2835, 46.7701], [-71.2836, 46.7702], [-71.2837, 46.7702], [-71.2838, 46.7702], [-71.2838, 46.7703], [-71.2839, 46.7703], [-71.2839, 46.7704], [-71.2838, 46.7705], [-71.2838, 46.7706], [-71.2837, 46.7707], [-71.2837, 46.7708], [-71.2838, 46.7709], [-71.2839, 46.7709], [-71.284, 46.7709], [-71.2841, 46.7709], [-71.2843, 46.7709], [-71.2845, 46.7708], [-71.2847, 46.7707], [-71.2849, 46.7706], [-71.2852, 46.7705], [-71.2855, 46.7703], [-71.2859, 46.7701], [-71.2862, 46.77], [-71.2864, 46.7699], [-71.2865, 46.7698], [-71.2866, 46.7698], [-71.2866, 46.7699], [-71.2865, 46.77], [-71.2864, 46.7701], [-71.2862, 46.7702], [-71.2861, 46.7703], [-71.286, 46.7704], [-71.286, 46.7705], [-71.2859, 46.7706], [-71.2859, 46.7707], [-71.286, 46.7708], [-71.286, 46.7709], [-71.286, 46.771], [-71.286, 46.7711], [-71.286, 46.7712], [-71.2859, 46.7712], [-71.2858, 46.7713], [-71.2857, 46.7714], [-71.2856, 46.7715], [-71.2855, 46.7715], [-71.2854, 46.7716], [-71.2853, 46.7717], [-71.2853, 46.7718], [-71.2853, 46.7719], [-71.2853, 46.772], [-71.2854, 46.772], [-71.2855, 46.7721], [-71.2856, 46.7721], [-71.2857, 46.7722], [-71.2858, 46.7722], [-71.286, 46.7723], [-71.2862, 46.7723], [-71.2864, 46.7723], [-71.2867, 46.7724], [-71.2869, 46.7724], [-71.2871, 46.7724], [-71.2873, 46.7723], [-71.2875, 46.7723], [-71.2877, 46.7722], [-71.2878, 46.7722], [-71.288, 46.7721], [-71.2882, 46.772], [-71.2884, 46.772], [-71.2886, 46.7719], [-71.2887, 46.7719], [-71.2889, 46.772], [-71.2891, 46.772], [-71.2892, 46.7721], [-71.2894, 46.7722], [-71.2896, 46.7723], [-71.2897, 46.7723], [-71.2898, 46.7723], [-71.29, 46.7724], [-71.2901, 46.7723], [-71.2902, 46.7723], [-71.2903, 46.7722], [-71.2904, 46.7721], [-71.2905, 46.7721], [-71.2906, 46.7721], [-71.2907, 46.7721], [-71.2908, 46.7721], [-71.2909, 46.7722], [-71.291, 46.7722], [-71.2911, 46.7722], [-71.2913, 46.7722], [-71.2914, 46.7722], [-71.2915, 46.7722], [-71.2917, 46.7722], [-71.2918, 46.7721], [-71.2919, 46.772], [-71.292, 46.772], [-71.2921, 46.7719], [-71.2922, 46.7718], [-71.2923, 46.7718], [-71.2924, 46.7718], [-71.2925, 46.7718], [-71.2926, 46.7719], [-71.2927, 46.7719], [-71.2927, 46.772], [-71.2928, 46.7721], [-71.2929, 46.7721], [-71.293, 46.7722], [-71.2931, 46.7722], [-71.2933, 46.7723], [-71.2934, 46.7723], [-71.2935, 46.7723], [-71.2937, 46.7723], [-71.2939, 46.7723], [-71.294, 46.7723], [-71.2941, 46.7722], [-71.2942, 46.7722], [-71.2943, 46.7721], [-71.2944, 46.772], [-71.2944, 46.7719], [-71.2945, 46.7719], [-71.2945, 46.7718], [-71.2946, 46.7718], [-71.2947, 46.7718], [-71.2949, 46.7718], [-71.295, 46.7719], [-71.2952, 46.7719], [-71.2953, 46.772], [-71.2955, 46.7721], [-71.2956, 46.7721], [-71.2958, 46.7721], [-71.2959, 46.7721], [-71.296, 46.772], [-71.296, 46.7719], [-71.2961, 46.7718], [-71.2961, 46.7717], [-71.2961, 46.7715], [-71.2961, 46.7714], [-71.2961, 46.7713], [-71.296, 46.7712], [-71.296, 46.7711], [-71.2959, 46.7711], [-71.2957, 46.771], [-71.2956, 46.7709], [-71.2955, 46.7709], [-71.2954, 46.7708], [-71.2954, 46.7707], [-71.2955, 46.7707], [-71.2956, 46.7707], [-71.2957, 46.7707], [-71.2958, 46.7706], [-71.2959, 46.7706], [-71.296, 46.7706], [-71.2961, 46.7705], [-71.2962, 46.7704], [-71.2963, 46.7703], [-71.2963, 46.7702], [-71.2963, 46.7701], [-71.2964, 46.77], [-71.2965, 46.7699], [-71.2965, 46.7698], [-71.2966, 46.7698], [-71.2967, 46.7697], [-71.2969, 46.7696], [-71.297, 46.7696], [-71.2971, 46.7695], [-71.2972, 46.7694], [-71.2972, 46.7693], [-71.2973, 46.7693], [-71.2973, 46.7692], [-71.2972, 46.7691], [-71.2972, 46.769], [-71.2971, 46.7689], [-71.297, 46.7688], [-71.297, 46.7687], [-71.297, 46.7686], [-71.297, 46.7685], [-71.297, 46.7684], [-71.2971, 46.7684], [-71.2971, 46.7683], [-71.2973, 46.7683], [-71.2974, 46.7683], [-71.2975, 46.7683], [-71.2977, 46.7683], [-71.2979, 46.7683], [-71.2982, 46.7684], [-71.2985, 46.7684], [-71.2987, 46.7684], [-71.2989, 46.7684], [-71.299, 46.7684], [-71.2991, 46.7683], [-71.2992, 46.7683], [-71.2992, 46.7682], [-71.2992, 46.768], [-71.2992, 46.7679], [-71.2991, 46.7678], [-71.299, 46.7676], [-71.2989, 46.7675], [-71.2988, 46.7674], [-71.2987, 46.7673], [-71.2986, 46.7672], [-71.2985, 46.7671], [-71.2984, 46.767], [-71.2983, 46.767], [-71.2982, 46.7669], [-71.2983, 46.7669], [-71.2984, 46.7669], [-71.2986, 46.7669], [-71.2988, 46.767], [-71.2989, 46.767], [-71.2991, 46.767], [-71.2992, 46.767], [-71.2993, 46.767], [-71.2993, 46.7669], [-71.2993, 46.7668], [-71.2993, 46.7667], [-71.2992, 46.7665], [-71.2992, 46.7664], [-71.2992, 46.7663], [-71.2992, 46.7662], [-71.2992, 46.7661], [-71.2992, 46.766], [-71.2993, 46.7659], [-71.2994, 46.7658], [-71.2995, 46.7657], [-71.2995, 46.7656]]]}}, {"type": "Feature", "properties": {"couche": "aire_marche", "station": "Sainte-Foy", "ordre": 8, "minutes": 12, "superficie_ha": 118.3, "rue_km": 39.0, "disque_ha": 221.7, "part_disque_pct": 53, "accroche_m": 6, "population": 3116, "navetteurs": 1138, "mode_auto_pct": 67, "mode_tc_pct": 11, "mode_actif_pct": 21, "mode_autre_pct": 1}, "geometry": {"type": "Polygon", "coordinates": [[[-71.2999, 46.7648], [-71.3, 46.7648], [-71.3001, 46.7649], [-71.3002, 46.7649], [-71.3002, 46.765], [-71.3002, 46.7651], [-71.3001, 46.7652], [-71.2999, 46.7653], [-71.2997, 46.7655], [-71.2996, 46.7656], [-71.2994, 46.7658], [-71.2994, 46.7659], [-71.2994, 46.7661], [-71.2994, 46.7662], [-71.2995, 46.7664], [-71.2996, 46.7665], [-71.2997, 46.7666], [-71.2999, 46.7667], [-71.3, 46.7669], [-71.3001, 46.767], [-71.3002, 46.7672], [-71.3002, 46.7674], [-71.3002, 46.7675], [-71.3002, 46.7677], [-71.3002, 46.7679], [-71.3002, 46.7681], [-71.3001, 46.7682], [-71.3001, 46.7684], [-71.3, 46.7685], [-71.2999, 46.7686], [-71.2998, 46.7687], [-71.2997, 46.7688], [-71.2996, 46.7689], [-71.2995, 46.769], [-71.2994, 46.769], [-71.2993, 46.769], [-71.2991, 46.769], [-71.299, 46.769], [-71.2988, 46.769], [-71.2986, 46.7689], [-71.2984, 46.7688], [-71.2983, 46.7688], [-71.2981, 46.7687], [-71.298, 46.7687], [-71.2979, 46.7687], [-71.2978, 46.7687], [-71.2977, 46.7687], [-71.2976, 46.7687], [-71.2976, 46.7688], [-71.2975, 46.7688], [-71.2975, 46.7689], [-71.2975, 46.769], [-71.2976, 46.7691], [-71.2976, 46.7692], [-71.2977, 46.7693], [-71.2978, 46.7694], [-71.2979, 46.7695], [-71.2979, 46.7696], [-71.2978, 46.7696], [-71.2978, 46.7697], [-71.2977, 46.7697], [-71.2975, 46.7697], [-71.2973, 46.7697], [-71.2972, 46.7697], [-71.297, 46.7698], [-71.2969, 46.77], [-71.2968, 46.7701], [-71.2967, 46.7704], [-71.2967, 46.7707], [-71.2967, 46.771], [-71.2967, 46.7714], [-71.2966, 46.7717], [-71.2966, 46.772], [-71.2965, 46.7722], [-71.2964, 46.7724], [-71.2963, 46.7725], [-71.2962, 46.7725], [-71.2961, 46.7725], [-71.2959, 46.7724], [-71.2957, 46.7724], [-71.2956, 46.7723], [-71.2955, 46.7723], [-71.2954, 46.7723], [-71.2953, 46.7723], [-71.2952, 46.7724], [-71.2951, 46.7725], [-71.2951, 46.7726], [-71.295, 46.7726], [-71.2949, 46.7726], [-71.2948, 46.7727], [-71.2947, 46.7727], [-71.2946, 46.7727], [-71.2944, 46.7727], [-71.2943, 46.7727], [-71.2942, 46.7727], [-71.294, 46.7727], [-71.2939, 46.7727], [-71.2938, 46.7726], [-71.2937, 46.7726], [-71.2937, 46.7725], [-71.2936, 46.7725], [-71.2936, 46.7724], [-71.2935, 46.7724], [-71.2934, 46.7724], [-71.2933, 46.7724], [-71.2932, 46.7724], [-71.293, 46.7725], [-71.2928, 46.7725], [-71.2926, 46.7726], [-71.2925, 46.7726], [-71.2923, 46.7727], [-71.2921, 46.7727], [-71.292, 46.7727], [-71.2918, 46.7727], [-71.2917, 46.7727], [-71.2916, 46.7727], [-71.2915, 46.7726], [-71.2914, 46.7726], [-71.2913, 46.7726], [-71.2912, 46.7726], [-71.2911, 46.7726], [-71.291, 46.7726], [-71.2909, 46.7727], [-71.2909, 46.7728], [-71.2908, 46.7728], [-71.2907, 46.7728], [-71.2906, 46.7728], [-71.2905, 46.7728], [-71.2904, 46.7728], [-71.2902, 46.7727], [-71.2901, 46.7727], [-71.29, 46.7727], [-71.2899, 46.7727], [-71.2898, 46.7727], [-71.2897, 46.7727], [-71.2896, 46.7727], [-71.2895, 46.7727], [-71.2893, 46.7728], [-71.2892, 46.7728], [-71.2891, 46.7728], [-71.289, 46.7727], [-71.2889, 46.7726], [-71.2889, 46.7725], [-71.2888, 46.7724], [-71.2888, 46.7723], [-71.2887, 46.7722], [-71.2886, 46.7721], [-71.2885, 46.772], [-71.2884, 46.772], [-71.2882, 46.7721], [-71.288, 46.7721], [-71.2878, 46.7722], [-71.2876, 46.7724], [-71.2873, 46.7725], [-71.2871, 46.7726], [-71.2868, 46.7726], [-71.2866, 46.7727], [-71.2863, 46.7727], [-71.2861, 46.7727], [-71.2858, 46.7727], [-71.2856, 46.7727], [-71.2853, 46.7726], [-71.2851, 46.7725], [-71.285, 46.7725], [-71.2848, 46.7724], [-71.2847, 46.7723], [-71.2846, 46.7722], [-71.2846, 46.7721], [-71.2846, 46.772], [-71.2846, 46.7719], [-71.2846, 46.7718], [-71.2847, 46.7717], [-71.2848, 46.7716], [-71.2849, 46.7715], [-71.2851, 46.7715], [-71.2853, 46.7714], [-71.2855, 46.7713], [-71.2856, 46.7713], [-71.2858, 46.7712], [-71.2859, 46.7712], [-71.286, 46.7711], [-71.286, 46.771], [-71.286, 46.7709], [-71.286, 46.7708], [-71.2859, 46.7707], [-71.286, 46.7706], [-71.286, 46.7705], [-71.2861, 46.7703], [-71.2862, 46.7702], [-71.2864, 46.7701], [-71.2865, 46.77], [-71.2866, 46.7699], [-71.2866, 46.7698], [-71.2865, 46.7698], [-71.2864, 46.7699], [-71.2862, 46.77], [-71.2859, 46.7701], [-71.2856, 46.7703], [-71.2851, 46.7706], [-71.2847, 46.7708], [-71.2844, 46.7709], [-71.2841, 46.7711], [-71.2838, 46.7712], [-71.2836, 46.7713], [-71.2834, 46.7713], [-71.2833, 46.7713], [-71.2832, 46.7713], [-71.2831, 46.7713], [-71.283, 46.7712], [-71.283, 46.7711], [-71.2831, 46.771], [-71.2831, 46.7709], [-71.2831, 46.7708], [-71.2832, 46.7708], [-71.2831, 46.7707], [-71.2831, 46.7706], [-71.283, 46.7706], [-71.2829, 46.7705], [-71.2828, 46.7705], [-71.2827, 46.7705], [-71.2826, 46.7704], [-71.2825, 46.7704], [-71.2824, 46.7703], [-71.2823, 46.7702], [-71.2823, 46.7701], [-71.2823, 46.77], [-71.2823, 46.7699], [-71.2823, 46.7698], [-71.2824, 46.7697], [-71.2824, 46.7696], [-71.2824, 46.7695], [-71.2825, 46.7694], [-71.2826, 46.7692], [-71.2826, 46.7691], [-71.2827, 46.769], [-71.2829, 46.7688], [-71.283, 46.7687], [-71.2831, 46.7686], [-71.2833, 46.7685], [-71.2835, 46.7683], [-71.2837, 46.7682], [-71.2839, 46.7681], [-71.2841, 46.768], [-71.2842, 46.7679], [-71.2842, 46.7678], [-71.2842, 46.7677], [-71.2842, 46.7676], [-71.284, 46.7675], [-71.2838, 46.7675], [-71.2836, 46.7674], [-71.2833, 46.7673], [-71.2832, 46.7672], [-71.283, 46.7671], [-71.2829, 46.767], [-71.2828, 46.7669], [-71.2828, 46.7668], [-71.2828, 46.7667], [-71.2828, 46.7666], [-71.2829, 46.7665], [-71.2829, 46.7664], [-71.283, 46.7664], [-71.2831, 46.7663], [-71.2833, 46.7662], [-71.2834, 46.7662], [-71.2836, 46.7662], [-71.2838, 46.7662], [-71.2839, 46.7661], [-71.284, 46.7661], [-71.284, 46.766], [-71.2839, 46.7659], [-71.2837, 46.7659], [-71.2836, 46.7658], [-71.2834, 46.7657], [-71.2832, 46.7656], [-71.2831, 46.7656], [-71.283, 46.7655], [-71.283, 46.7653], [-71.2829, 46.7652], [-71.2829, 46.7651], [-71.2829, 46.765], [-71.2829, 46.7649], [-71.283, 46.7648], [-71.283, 46.7647], [-71.2831, 46.7646], [-71.2832, 46.7645], [-71.2833, 46.7645], [-71.2834, 46.7645], [-71.2835, 46.7645], [-71.2836, 46.7645], [-71.2837, 46.7645], [-71.2838, 46.7646], [-71.2839, 46.7647], [-71.2841, 46.7648], [-71.2842, 46.7649], [-71.2844, 46.765], [-71.2846, 46.7651], [-71.2847, 46.7652], [-71.2848, 46.7653], [-71.2849, 46.7654], [-71.285, 46.7654], [-71.285, 46.7653], [-71.2849, 46.7653], [-71.2847, 46.7651], [-71.2846, 46.765], [-71.2844, 46.7648], [-71.2841, 46.7646], [-71.2839, 46.7644], [-71.2837, 46.7642], [-71.2835, 46.764], [-71.2834, 46.7638], [-71.2833, 46.7637], [-71.2833, 46.7635], [-71.2833, 46.7634], [-71.2834, 46.7633], [-71.2835, 46.7632], [-71.2836, 46.7631], [-71.2837, 46.763], [-71.2839, 46.763], [-71.284, 46.7629], [-71.2842, 46.7629], [-71.2843, 46.763], [-71.2844, 46.763], [-71.2846, 46.7631], [-71.2847, 46.7631], [-71.2849, 46.7631], [-71.285, 46.7632], [-71.2851, 46.7632], [-71.2852, 46.7631], [-71.2853, 46.7631], [-71.2854, 46.763], [-71.2855, 46.763], [-71.2856, 46.7629], [-71.2857, 46.7629], [-71.2858, 46.763], [-71.2859, 46.763], [-71.286, 46.7631], [-71.2861, 46.7631], [-71.2862, 46.7632], [-71.2863, 46.7632], [-71.2864, 46.7632], [-71.2865, 46.7632], [-71.2866, 46.7632], [-71.2867, 46.7632], [-71.2868, 46.7631], [-71.287, 46.763], [-71.2871, 46.763], [-71.2873, 46.763], [-71.2876, 46.763], [-71.2879, 46.763], [-71.2882, 46.763], [-71.2885, 46.763], [-71.2888, 46.7631], [-71.2891, 46.7631], [-71.2893, 46.7631], [-71.2895, 46.7632], [-71.2897, 46.7632], [-71.2898, 46.7633], [-71.2899, 46.7634], [-71.29, 46.7634], [-71.29, 46.7635], [-71.2901, 46.7635], [-71.2902, 46.7635], [-71.2903, 46.7634], [-71.2904, 46.7633], [-71.2906, 46.7632], [-71.2907, 46.7631], [-71.2909, 46.763], [-71.2911, 46.7628], [-71.2913, 46.7627], [-71.2916, 46.7626], [-71.2919, 46.7626], [-71.2922, 46.7625], [-71.2926, 46.7625], [-71.293, 46.7625], [-71.2934, 46.7625], [-71.2937, 46.7625], [-71.294, 46.7626], [-71.2943, 46.7626], [-71.2945, 46.7627], [-71.2947, 46.7628], [-71.2949, 46.7629], [-71.295, 46.763], [-71.295, 46.7632], [-71.295, 46.7633], [-71.2951, 46.7634], [-71.295, 46.7635], [-71.295, 46.7636], [-71.295, 46.7637], [-71.2949, 46.7638], [-71.2948, 46.7639], [-71.2947, 46.7639], [-71.2947, 46.764], [-71.2946, 46.7641], [-71.2946, 46.7642], [-71.2947, 46.7643], [-71.2947, 46.7644], [-71.2948, 46.7645], [-71.2949, 46.7647], [-71.2951, 46.7648], [-71.2952, 46.7649], [-71.2954, 46.765], [-71.2955, 46.765], [-71.2957, 46.7651], [-71.2958, 46.7651], [-71.2959, 46.7651], [-71.296, 46.765], [-71.2961, 46.765], [-71.2962, 46.7649], [-71.2963, 46.7648], [-71.2963, 46.7647], [-71.2962, 46.7646], [-71.2962, 46.7645], [-71.2961, 46.7644], [-71.296, 46.7643], [-71.2959, 46.7642], [-71.2958, 46.7641], [-71.2957, 46.764], [-71.2957, 46.7639], [-71.2957, 46.7638], [-71.2957, 46.7637], [-71.2957, 46.7636], [-71.2958, 46.7636], [-71.2959, 46.7636], [-71.296, 46.7636], [-71.2961, 46.7636], [-71.2962, 46.7637], [-71.2964, 46.7637], [-71.2965, 46.7638], [-71.2967, 46.7639], [-71.2969, 46.764], [-71.2971, 46.7641], [-71.2972, 46.7641], [-71.2974, 46.7641], [-71.2976, 46.7641], [-71.2977, 46.7641], [-71.2979, 46.7641], [-71.2981, 46.764], [-71.2982, 46.764], [-71.2984, 46.764], [-71.2985, 46.764], [-71.2986, 46.764], [-71.2987, 46.7641], [-71.2987, 46.7642], [-71.2988, 46.7643], [-71.2988, 46.7644], [-71.2989, 46.7645], [-71.299, 46.7646], [-71.2991, 46.7647], [-71.2992, 46.7648], [-71.2993, 46.7648], [-71.2995, 46.7648], [-71.2997, 46.7648], [-71.2999, 46.7648]]]}}, {"type": "Feature", "properties": {"couche": "voile", "station": "Sainte-Foy", "minutes": 12}, "geometry": {"type": "Polygon", "coordinates": [[[-71.4593, 46.8795], [-71.1265, 46.8818], [-71.1239, 46.6556], [-71.4553, 46.6533], [-71.4593, 46.8795]], [[-71.2997, 46.7648], [-71.2995, 46.7648], [-71.2993, 46.7648], [-71.2992, 46.7648], [-71.2991, 46.7647], [-71.299, 46.7646], [-71.2989, 46.7645], [-71.2988, 46.7644], [-71.2988, 46.7643], [-71.2987, 46.7642], [-71.2987, 46.7641], [-71.2986, 46.764], [-71.2985, 46.764], [-71.2984, 46.764], [-71.2982, 46.764], [-71.2981, 46.764], [-71.2979, 46.7641], [-71.2977, 46.7641], [-71.2976, 46.7641], [-71.2974, 46.7641], [-71.2972, 46.7641], [-71.2971, 46.7641], [-71.2969, 46.764], [-71.2967, 46.7639], [-71.2965, 46.7638], [-71.2964, 46.7637], [-71.2962, 46.7637], [-71.2961, 46.7636], [-71.296, 46.7636], [-71.2959, 46.7636], [-71.2958, 46.7636], [-71.2957, 46.7636], [-71.2957, 46.7637], [-71.2957, 46.7638], [-71.2957, 46.7639], [-71.2957, 46.764], [-71.2958, 46.7641], [-71.2959, 46.7642], [-71.296, 46.7643], [-71.2961, 46.7644], [-71.2962, 46.7645], [-71.2962, 46.7646], [-71.2963, 46.7647], [-71.2963, 46.7648], [-71.2962, 46.7649], [-71.2961, 46.765], [-71.296, 46.765], [-71.2959, 46.7651], [-71.2958, 46.7651], [-71.2957, 46.7651], [-71.2955, 46.765], [-71.2954, 46.765], [-71.2952, 46.7649], [-71.2951, 46.7648], [-71.2949, 46.7647], [-71.2948, 46.7645], [-71.2947, 46.7644], [-71.2947, 46.7643], [-71.2946, 46.7642], [-71.2946, 46.7641], [-71.2947, 46.764], [-71.2947, 46.7639], [-71.2948, 46.7639], [-71.2949, 46.7638], [-71.295, 46.7637], [-71.295, 46.7636], [-71.295, 46.7635], [-71.2951, 46.7634], [-71.295, 46.7633], [-71.295, 46.7632], [-71.295, 46.763], [-71.2949, 46.7629], [-71.2947, 46.7628], [-71.2945, 46.7627], [-71.2943, 46.7626], [-71.294, 46.7626], [-71.2937, 46.7625], [-71.2934, 46.7625], [-71.293, 46.7625], [-71.2926, 46.7625], [-71.2922, 46.7625], [-71.2919, 46.7626], [-71.2916, 46.7626], [-71.2913, 46.7627], [-71.2911, 46.7628], [-71.2909, 46.763], [-71.2907, 46.7631], [-71.2906, 46.7632], [-71.2904, 46.7633], [-71.2903, 46.7634], [-71.2902, 46.7635], [-71.2901, 46.7635], [-71.29, 46.7635], [-71.29, 46.7634], [-71.2899, 46.7634], [-71.2898, 46.7633], [-71.2897, 46.7632], [-71.2895, 46.7632], [-71.2893, 46.7631], [-71.2891, 46.7631], [-71.2888, 46.7631], [-71.2885, 46.763], [-71.2882, 46.763], [-71.2879, 46.763], [-71.2876, 46.763], [-71.2873, 46.763], [-71.2871, 46.763], [-71.287, 46.763], [-71.2868, 46.7631], [-71.2867, 46.7632], [-71.2866, 46.7632], [-71.2865, 46.7632], [-71.2864, 46.7632], [-71.2863, 46.7632], [-71.2862, 46.7632], [-71.2861, 46.7631], [-71.286, 46.7631], [-71.2859, 46.763], [-71.2858, 46.763], [-71.2857, 46.7629], [-71.2856, 46.7629], [-71.2855, 46.763], [-71.2854, 46.763], [-71.2853, 46.7631], [-71.2852, 46.7631], [-71.2851, 46.7632], [-71.285, 46.7632], [-71.2849, 46.7631], [-71.2847, 46.7631], [-71.2846, 46.7631], [-71.2844, 46.763], [-71.2843, 46.763], [-71.2842, 46.7629], [-71.284, 46.7629], [-71.2839, 46.763], [-71.2837, 46.763], [-71.2836, 46.7631], [-71.2835, 46.7632], [-71.2834, 46.7633], [-71.2833, 46.7634], [-71.2833, 46.7635], [-71.2833, 46.7637], [-71.2834, 46.7638], [-71.2835, 46.764], [-71.2837, 46.7642], [-71.2839, 46.7644], [-71.2841, 46.7646], [-71.2844, 46.7648], [-71.2846, 46.765], [-71.2847, 46.7651], [-71.2849, 46.7653], [-71.285, 46.7653], [-71.285, 46.7654], [-71.2849, 46.7654], [-71.2848, 46.7653], [-71.2847, 46.7652], [-71.2846, 46.7651], [-71.2844, 46.765], [-71.2842, 46.7649], [-71.2841, 46.7648], [-71.2839, 46.7647], [-71.2838, 46.7646], [-71.2837, 46.7645], [-71.2836, 46.7645], [-71.2835, 46.7645], [-71.2834, 46.7645], [-71.2833, 46.7645], [-71.2832, 46.7645], [-71.2831, 46.7646], [-71.283, 46.7647], [-71.283, 46.7648], [-71.2829, 46.7649], [-71.2829, 46.765], [-71.2829, 46.7651], [-71.2829, 46.7652], [-71.283, 46.7653], [-71.283, 46.7655], [-71.2831, 46.7656], [-71.2832, 46.7656], [-71.2834, 46.7657], [-71.2836, 46.7658], [-71.2837, 46.7659], [-71.2839, 46.7659], [-71.284, 46.766], [-71.284, 46.7661], [-71.2839, 46.7661], [-71.2838, 46.7662], [-71.2836, 46.7662], [-71.2834, 46.7662], [-71.2833, 46.7662], [-71.2831, 46.7663], [-71.283, 46.7664], [-71.2829, 46.7664], [-71.2829, 46.7665], [-71.2828, 46.7666], [-71.2828, 46.7667], [-71.2828, 46.7668], [-71.2828, 46.7669], [-71.2829, 46.767], [-71.283, 46.7671], [-71.2832, 46.7672], [-71.2833, 46.7673], [-71.2836, 46.7674], [-71.2838, 46.7675], [-71.284, 46.7675], [-71.2842, 46.7676], [-71.2842, 46.7677], [-71.2842, 46.7678], [-71.2842, 46.7679], [-71.2841, 46.768], [-71.2839, 46.7681], [-71.2837, 46.7682], [-71.2835, 46.7683], [-71.2833, 46.7685], [-71.2831, 46.7686], [-71.283, 46.7687], [-71.2829, 46.7688], [-71.2827, 46.769], [-71.2826, 46.7691], [-71.2826, 46.7692], [-71.2825, 46.7694], [-71.2824, 46.7695], [-71.2824, 46.7696], [-71.2824, 46.7697], [-71.2823, 46.7698], [-71.2823, 46.7699], [-71.2823, 46.77], [-71.2823, 46.7701], [-71.2823, 46.7702], [-71.2824, 46.7703], [-71.2825, 46.7704], [-71.2826, 46.7704], [-71.2827, 46.7705], [-71.2828, 46.7705], [-71.2829, 46.7705], [-71.283, 46.7706], [-71.2831, 46.7706], [-71.2831, 46.7707], [-71.2832, 46.7708], [-71.2831, 46.7708], [-71.2831, 46.7709], [-71.2831, 46.771], [-71.283, 46.7711], [-71.283, 46.7712], [-71.2831, 46.7713], [-71.2832, 46.7713], [-71.2833, 46.7713], [-71.2834, 46.7713], [-71.2836, 46.7713], [-71.2838, 46.7712], [-71.2841, 46.7711], [-71.2844, 46.7709], [-71.2847, 46.7708], [-71.2851, 46.7706], [-71.2856, 46.7703], [-71.2859, 46.7701], [-71.2862, 46.77], [-71.2864, 46.7699], [-71.2865, 46.7698], [-71.2866, 46.7698], [-71.2866, 46.7699], [-71.2865, 46.77], [-71.2864, 46.7701], [-71.2862, 46.7702], [-71.2861, 46.7703], [-71.286, 46.7705], [-71.286, 46.7706], [-71.2859, 46.7707], [-71.286, 46.7708], [-71.286, 46.7709], [-71.286, 46.771], [-71.286, 46.7711], [-71.2859, 46.7712], [-71.2858, 46.7712], [-71.2856, 46.7713], [-71.2855, 46.7713], [-71.2853, 46.7714], [-71.2851, 46.7715], [-71.2849, 46.7715], [-71.2848, 46.7716], [-71.2847, 46.7717], [-71.2846, 46.7718], [-71.2846, 46.7719], [-71.2846, 46.772], [-71.2846, 46.7721], [-71.2846, 46.7722], [-71.2847, 46.7723], [-71.2848, 46.7724], [-71.285, 46.7725], [-71.2851, 46.7725], [-71.2853, 46.7726], [-71.2856, 46.7727], [-71.2858, 46.7727], [-71.2861, 46.7727], [-71.2863, 46.7727], [-71.2866, 46.7727], [-71.2868, 46.7726], [-71.2871, 46.7726], [-71.2873, 46.7725], [-71.2876, 46.7724], [-71.2878, 46.7722], [-71.288, 46.7721], [-71.2882, 46.7721], [-71.2884, 46.772], [-71.2885, 46.772], [-71.2886, 46.7721], [-71.2887, 46.7722], [-71.2888, 46.7723], [-71.2888, 46.7724], [-71.2889, 46.7725], [-71.2889, 46.7726], [-71.289, 46.7727], [-71.2891, 46.7728], [-71.2892, 46.7728], [-71.2893, 46.7728], [-71.2895, 46.7727], [-71.2896, 46.7727], [-71.2897, 46.7727], [-71.2898, 46.7727], [-71.2899, 46.7727], [-71.29, 46.7727], [-71.2901, 46.7727], [-71.2902, 46.7727], [-71.2904, 46.7728], [-71.2905, 46.7728], [-71.2906, 46.7728], [-71.2907, 46.7728], [-71.2908, 46.7728], [-71.2909, 46.7728], [-71.2909, 46.7727], [-71.291, 46.7726], [-71.2911, 46.7726], [-71.2912, 46.7726], [-71.2913, 46.7726], [-71.2914, 46.7726], [-71.2915, 46.7726], [-71.2916, 46.7727], [-71.2917, 46.7727], [-71.2918, 46.7727], [-71.292, 46.7727], [-71.2921, 46.7727], [-71.2923, 46.7727], [-71.2925, 46.7726], [-71.2926, 46.7726], [-71.2928, 46.7725], [-71.293, 46.7725], [-71.2932, 46.7724], [-71.2933, 46.7724], [-71.2934, 46.7724], [-71.2935, 46.7724], [-71.2936, 46.7724], [-71.2936, 46.7725], [-71.2937, 46.7725], [-71.2937, 46.7726], [-71.2938, 46.7726], [-71.2939, 46.7727], [-71.294, 46.7727], [-71.2942, 46.7727], [-71.2943, 46.7727], [-71.2944, 46.7727], [-71.2946, 46.7727], [-71.2947, 46.7727], [-71.2948, 46.7727], [-71.2949, 46.7726], [-71.295, 46.7726], [-71.2951, 46.7726], [-71.2951, 46.7725], [-71.2952, 46.7724], [-71.2953, 46.7723], [-71.2954, 46.7723], [-71.2955, 46.7723], [-71.2956, 46.7723], [-71.2957, 46.7724], [-71.2959, 46.7724], [-71.2961, 46.7725], [-71.2962, 46.7725], [-71.2963, 46.7725], [-71.2964, 46.7724], [-71.2965, 46.7722], [-71.2966, 46.772], [-71.2966, 46.7717], [-71.2967, 46.7714], [-71.2967, 46.771], [-71.2967, 46.7707], [-71.2967, 46.7704], [-71.2968, 46.7701], [-71.2969, 46.77], [-71.297, 46.7698], [-71.2972, 46.7697], [-71.2973, 46.7697], [-71.2975, 46.7697], [-71.2977, 46.7697], [-71.2978, 46.7697], [-71.2978, 46.7696], [-71.2979, 46.7696], [-71.2979, 46.7695], [-71.2978, 46.7694], [-71.2977, 46.7693], [-71.2976, 46.7692], [-71.2976, 46.7691], [-71.2975, 46.769], [-71.2975, 46.7689], [-71.2975, 46.7688], [-71.2976, 46.7688], [-71.2976, 46.7687], [-71.2977, 46.7687], [-71.2978, 46.7687], [-71.2979, 46.7687], [-71.298, 46.7687], [-71.2981, 46.7687], [-71.2983, 46.7688], [-71.2984, 46.7688], [-71.2986, 46.7689], [-71.2988, 46.769], [-71.299, 46.769], [-71.2991, 46.769], [-71.2993, 46.769], [-71.2994, 46.769], [-71.2995, 46.769], [-71.2996, 46.7689], [-71.2997, 46.7688], [-71.2998, 46.7687], [-71.2999, 46.7686], [-71.3, 46.7685], [-71.3001, 46.7684], [-71.3001, 46.7682], [-71.3002, 46.7681], [-71.3002, 46.7679], [-71.3002, 46.7677], [-71.3002, 46.7675], [-71.3002, 46.7674], [-71.3002, 46.7672], [-71.3001, 46.767], [-71.3, 46.7669], [-71.2999, 46.7667], [-71.2997, 46.7666], [-71.2996, 46.7665], [-71.2995, 46.7664], [-71.2994, 46.7662], [-71.2994, 46.7661], [-71.2994, 46.7659], [-71.2994, 46.7658], [-71.2996, 46.7656], [-71.2997, 46.7655], [-71.2999, 46.7653], [-71.3001, 46.7652], [-71.3002, 46.7651], [-71.3002, 46.765], [-71.3002, 46.7649], [-71.3001, 46.7649], [-71.3, 46.7648], [-71.2999, 46.7648], [-71.2997, 46.7648]]]}}, {"type": "Feature", "properties": {"couche": "aire_marche", "station": "Sainte-Foy", "ordre": 8, "minutes": 13, "superficie_ha": 138.2, "rue_km": 44.13, "disque_ha": 260.2, "part_disque_pct": 53, "accroche_m": 6, "population": 3651, "navetteurs": 1322, "mode_auto_pct": 67, "mode_tc_pct": 11, "mode_actif_pct": 21, "mode_autre_pct": 1}, "geometry": {"type": "Polygon", "coordinates": [[[-71.3, 46.7653], [-71.2998, 46.7655], [-71.2996, 46.7657], [-71.2996, 46.7659], [-71.2995, 46.7661], [-71.2996, 46.7663], [-71.2997, 46.7665], [-71.2999, 46.7667], [-71.3001, 46.7669], [-71.3003, 46.7671], [-71.3005, 46.7672], [-71.3006, 46.7674], [-71.3007, 46.7675], [-71.3007, 46.7676], [-71.3007, 46.7677], [-71.3007, 46.7678], [-71.3006, 46.7679], [-71.3005, 46.7679], [-71.3005, 46.768], [-71.3004, 46.7681], [-71.3004, 46.7682], [-71.3004, 46.7683], [-71.3004, 46.7684], [-71.3004, 46.7685], [-71.3004, 46.7686], [-71.3004, 46.7687], [-71.3003, 46.7688], [-71.3002, 46.7689], [-71.3, 46.769], [-71.2999, 46.7691], [-71.2997, 46.7692], [-71.2994, 46.7694], [-71.2992, 46.7695], [-71.2989, 46.7696], [-71.2987, 46.7696], [-71.2984, 46.7697], [-71.2982, 46.7697], [-71.298, 46.7697], [-71.2977, 46.7697], [-71.2975, 46.7697], [-71.2973, 46.7697], [-71.2972, 46.7697], [-71.2971, 46.7698], [-71.297, 46.7698], [-71.297, 46.7699], [-71.2971, 46.7699], [-71.2972, 46.77], [-71.2973, 46.7702], [-71.2974, 46.7703], [-71.2975, 46.7705], [-71.2976, 46.7707], [-71.2976, 46.7709], [-71.2976, 46.7711], [-71.2976, 46.7714], [-71.2975, 46.7717], [-71.2975, 46.772], [-71.2974, 46.7723], [-71.2972, 46.7726], [-71.297, 46.7728], [-71.2968, 46.7729], [-71.2966, 46.7731], [-71.2963, 46.7731], [-71.2961, 46.7732], [-71.2957, 46.7732], [-71.2954, 46.7732], [-71.2952, 46.7732], [-71.2949, 46.7731], [-71.2948, 46.7731], [-71.2946, 46.7731], [-71.2945, 46.773], [-71.2944, 46.773], [-71.2943, 46.773], [-71.2943, 46.7729], [-71.2941, 46.7729], [-71.2939, 46.7729], [-71.2937, 46.7729], [-71.2935, 46.7729], [-71.2932, 46.773], [-71.2929, 46.7731], [-71.2925, 46.7731], [-71.2921, 46.7732], [-71.2918, 46.7732], [-71.2915, 46.7732], [-71.2912, 46.7732], [-71.291, 46.7732], [-71.2908, 46.7731], [-71.2906, 46.773], [-71.2904, 46.7729], [-71.2903, 46.7729], [-71.2901, 46.7728], [-71.2899, 46.7728], [-71.2897, 46.7728], [-71.2895, 46.7728], [-71.2893, 46.7728], [-71.2891, 46.7729], [-71.2889, 46.773], [-71.2887, 46.773], [-71.2885, 46.7731], [-71.2884, 46.7731], [-71.2883, 46.7731], [-71.2882, 46.7731], [-71.2881, 46.7731], [-71.288, 46.773], [-71.288, 46.7729], [-71.288, 46.7728], [-71.2881, 46.7727], [-71.2881, 46.7726], [-71.2883, 46.7725], [-71.2884, 46.7724], [-71.2885, 46.7724], [-71.2887, 46.7723], [-71.2888, 46.7722], [-71.2889, 46.7721], [-71.2889, 46.772], [-71.2889, 46.7719], [-71.2888, 46.7719], [-71.2887, 46.7719], [-71.2886, 46.7719], [-71.2885, 46.7719], [-71.2883, 46.7719], [-71.2882, 46.772], [-71.288, 46.7721], [-71.2878, 46.7722], [-71.2877, 46.7723], [-71.2876, 46.7724], [-71.2875, 46.7725], [-71.2874, 46.7726], [-71.2873, 46.7727], [-71.2873, 46.7728], [-71.2872, 46.7729], [-71.2873, 46.773], [-71.2872, 46.7731], [-71.2872, 46.7732], [-71.2871, 46.7732], [-71.287, 46.7732], [-71.2868, 46.7731], [-71.2867, 46.7731], [-71.2866, 46.773], [-71.2864, 46.773], [-71.2863, 46.7729], [-71.2861, 46.7729], [-71.2859, 46.7729], [-71.2857, 46.7729], [-71.2855, 46.7729], [-71.2852, 46.7729], [-71.285, 46.7729], [-71.2848, 46.7728], [-71.2846, 46.7728], [-71.2845, 46.7727], [-71.2844, 46.7726], [-71.2842, 46.7725], [-71.2842, 46.7724], [-71.2841, 46.7723], [-71.2841, 46.7721], [-71.2841, 46.772], [-71.2841, 46.7719], [-71.2843, 46.7718], [-71.2844, 46.7717], [-71.2846, 46.7716], [-71.2849, 46.7715], [-71.2852, 46.7714], [-71.2854, 46.7713], [-71.2856, 46.7713], [-71.2858, 46.7712], [-71.2859, 46.7711], [-71.286, 46.771], [-71.286, 46.7709], [-71.286, 46.7708], [-71.2859, 46.7707], [-71.286, 46.7706], [-71.286, 46.7705], [-71.2861, 46.7703], [-71.2862, 46.7702], [-71.2864, 46.7701], [-71.2865, 46.77], [-71.2866, 46.7699], [-71.2865, 46.7699], [-71.2863, 46.77], [-71.2861, 46.7701], [-71.2857, 46.7703], [-71.2853, 46.7705], [-71.2848, 46.7708], [-71.2843, 46.771], [-71.2839, 46.7712], [-71.2835, 46.7714], [-71.2832, 46.7715], [-71.283, 46.7716], [-71.2827, 46.7716], [-71.2826, 46.7716], [-71.2825, 46.7716], [-71.2824, 46.7715], [-71.2823, 46.7715], [-71.2823, 46.7714], [-71.2823, 46.7713], [-71.2823, 46.7712], [-71.2824, 46.7711], [-71.2825, 46.771], [-71.2825, 46.7709], [-71.2824, 46.7708], [-71.2823, 46.7708], [-71.2822, 46.7708], [-71.2821, 46.7708], [-71.2819, 46.7707], [-71.2818, 46.7707], [-71.2817, 46.7706], [-71.2816, 46.7705], [-71.2816, 46.7704], [-71.2816, 46.7703], [-71.2816, 46.7702], [-71.2816, 46.7701], [-71.2817, 46.77], [-71.2817, 46.7699], [-71.2818, 46.7698], [-71.2819, 46.7697], [-71.282, 46.7697], [-71.2821, 46.7696], [-71.2823, 46.7696], [-71.2824, 46.7695], [-71.2826, 46.7694], [-71.2827, 46.7693], [-71.2829, 46.7692], [-71.283, 46.7691], [-71.2831, 46.769], [-71.2833, 46.7688], [-71.2834, 46.7686], [-71.2835, 46.7685], [-71.2835, 46.7684], [-71.2835, 46.7682], [-71.2834, 46.7681], [-71.2833, 46.768], [-71.2832, 46.7679], [-71.283, 46.7678], [-71.2828, 46.7677], [-71.2826, 46.7676], [-71.2824, 46.7675], [-71.2823, 46.7673], [-71.2822, 46.7671], [-71.2821, 46.7669], [-71.282, 46.7667], [-71.282, 46.7664], [-71.2821, 46.7661], [-71.2821, 46.7659], [-71.2822, 46.7657], [-71.2822, 46.7655], [-71.2823, 46.7653], [-71.2823, 46.7652], [-71.2824, 46.7651], [-71.2825, 46.765], [-71.2826, 46.765], [-71.2827, 46.765], [-71.2827, 46.7649], [-71.2828, 46.7649], [-71.2828, 46.7648], [-71.2828, 46.7647], [-71.2827, 46.7646], [-71.2827, 46.7645], [-71.2826, 46.7644], [-71.2826, 46.7643], [-71.2825, 46.7642], [-71.2825, 46.7641], [-71.2826, 46.764], [-71.2827, 46.764], [-71.2828, 46.764], [-71.2829, 46.764], [-71.283, 46.764], [-71.2832, 46.7641], [-71.2833, 46.7642], [-71.2835, 46.7643], [-71.2837, 46.7645], [-71.2839, 46.7646], [-71.2842, 46.7648], [-71.2844, 46.765], [-71.2846, 46.7651], [-71.2847, 46.7652], [-71.2848, 46.7653], [-71.2849, 46.7654], [-71.285, 46.7654], [-71.2849, 46.7653], [-71.2848, 46.7652], [-71.2847, 46.7651], [-71.2845, 46.7649], [-71.2842, 46.7647], [-71.2839, 46.7645], [-71.2836, 46.7642], [-71.2833, 46.764], [-71.283, 46.7637], [-71.2828, 46.7635], [-71.2827, 46.7634], [-71.2826, 46.7632], [-71.2825, 46.7631], [-71.2825, 46.763], [-71.2825, 46.7629], [-71.2826, 46.7629], [-71.2827, 46.7629], [-71.2827, 46.7628], [-71.2828, 46.7628], [-71.2829, 46.7629], [-71.283, 46.7629], [-71.2831, 46.7629], [-71.2832, 46.763], [-71.2833, 46.763], [-71.2834, 46.763], [-71.2835, 46.763], [-71.2835, 46.7629], [-71.2836, 46.7629], [-71.2836, 46.7628], [-71.2836, 46.7627], [-71.2837, 46.7627], [-71.2838, 46.7626], [-71.2839, 46.7626], [-71.284, 46.7626], [-71.2841, 46.7625], [-71.2843, 46.7625], [-71.2844, 46.7624], [-71.2846, 46.7624], [-71.2847, 46.7624], [-71.2849, 46.7624], [-71.285, 46.7624], [-71.2852, 46.7625], [-71.2853, 46.7625], [-71.2854, 46.7626], [-71.2855, 46.7626], [-71.2856, 46.7627], [-71.2857, 46.7627], [-71.2858, 46.7627], [-71.2859, 46.7627], [-71.286, 46.7627], [-71.2861, 46.7627], [-71.2862, 46.7626], [-71.2863, 46.7625], [-71.2864, 46.7625], [-71.2865, 46.7625], [-71.2866, 46.7626], [-71.2867, 46.7626], [-71.2868, 46.7626], [-71.2869, 46.7627], [-71.287, 46.7628], [-71.2871, 46.7628], [-71.2872, 46.7628], [-71.2873, 46.7628], [-71.2874, 46.7628], [-71.2875, 46.7627], [-71.2876, 46.7626], [-71.2877, 46.7626], [-71.2878, 46.7626], [-71.2879, 46.7625], [-71.288, 46.7625], [-71.2882, 46.7625], [-71.2884, 46.7625], [-71.2886, 46.7625], [-71.2887, 46.7626], [-71.2889, 46.7626], [-71.289, 46.7626], [-71.2891, 46.7626], [-71.2892, 46.7627], [-71.2893, 46.7627], [-71.2894, 46.7628], [-71.2895, 46.7629], [-71.2896, 46.7629], [-71.2897, 46.7628], [-71.2899, 46.7628], [-71.29, 46.7627], [-71.2901, 46.7626], [-71.2903, 46.7624], [-71.2904, 46.7623], [-71.2906, 46.7622], [-71.2908, 46.7621], [-71.291, 46.7621], [-71.2911, 46.762], [-71.2913, 46.762], [-71.2915, 46.762], [-71.2917, 46.762], [-71.2919, 46.762], [-71.2922, 46.762], [-71.2924, 46.762], [-71.2927, 46.7621], [-71.293, 46.7621], [-71.2933, 46.7622], [-71.2936, 46.7623], [-71.294, 46.7624], [-71.2942, 46.7625], [-71.2945, 46.7626], [-71.2947, 46.7627], [-71.2949, 46.7628], [-71.295, 46.7629], [-71.2951, 46.763], [-71.2951, 46.7631], [-71.2951, 46.7633], [-71.2951, 46.7634], [-71.2951, 46.7635], [-71.2951, 46.7636], [-71.295, 46.7637], [-71.295, 46.7638], [-71.2949, 46.7638], [-71.2948, 46.7639], [-71.2947, 46.764], [-71.2946, 46.7641], [-71.2946, 46.7642], [-71.2947, 46.7643], [-71.2947, 46.7644], [-71.2948, 46.7645], [-71.2949, 46.7647], [-71.2951, 46.7648], [-71.2952, 46.7649], [-71.2954, 46.765], [-71.2955, 46.765], [-71.2957, 46.7651], [-71.2958, 46.7651], [-71.2959, 46.7651], [-71.296, 46.765], [-71.2961, 46.765], [-71.2962, 46.7649], [-71.2963, 46.7648], [-71.2963, 46.7647], [-71.2963, 46.7646], [-71.2962, 46.7645], [-71.2962, 46.7644], [-71.296, 46.7642], [-71.2959, 46.7641], [-71.2958, 46.7639], [-71.2957, 46.7638], [-71.2957, 46.7637], [-71.2957, 46.7636], [-71.2957, 46.7635], [-71.2958, 46.7634], [-71.2959, 46.7633], [-71.296, 46.7633], [-71.2961, 46.7632], [-71.2962, 46.7632], [-71.2963, 46.7632], [-71.2965, 46.7633], [-71.2966, 46.7634], [-71.2967, 46.7635], [-71.2968, 46.7636], [-71.2969, 46.7637], [-71.297, 46.7639], [-71.2971, 46.764], [-71.2972, 46.764], [-71.2973, 46.764], [-71.2973, 46.7639], [-71.2973, 46.7638], [-71.2973, 46.7637], [-71.2974, 46.7636], [-71.2975, 46.7635], [-71.2976, 46.7634], [-71.2977, 46.7634], [-71.2978, 46.7634], [-71.2979, 46.7634], [-71.298, 46.7635], [-71.2981, 46.7635], [-71.2982, 46.7636], [-71.2983, 46.7637], [-71.2984, 46.7639], [-71.2985, 46.764], [-71.2986, 46.7642], [-71.2987, 46.7644], [-71.2988, 46.7645], [-71.299, 46.7646], [-71.2991, 46.7646], [-71.2993, 46.7646], [-71.2995, 46.7646], [-71.2996, 46.7645], [-71.2998, 46.7644], [-71.3, 46.7643], [-71.3002, 46.7643], [-71.3003, 46.7642], [-71.3005, 46.7642], [-71.3006, 46.7642], [-71.3007, 46.7642], [-71.3008, 46.7642], [-71.301, 46.7643], [-71.301, 46.7644], [-71.301, 46.7645], [-71.3009, 46.7647], [-71.3007, 46.7648], [-71.3005, 46.765], [-71.3003, 46.7651], [-71.3, 46.7653]]]}}, {"type": "Feature", "properties": {"couche": "voile", "station": "Sainte-Foy", "minutes": 13}, "geometry": {"type": "Polygon", "coordinates": [[[-71.4602, 46.8799], [-71.1258, 46.8822], [-71.1231, 46.6551], [-71.4561, 46.6528], [-71.4602, 46.8799]], [[-71.3003, 46.7651], [-71.3005, 46.765], [-71.3007, 46.7648], [-71.3009, 46.7647], [-71.301, 46.7645], [-71.301, 46.7644], [-71.301, 46.7643], [-71.3008, 46.7642], [-71.3007, 46.7642], [-71.3006, 46.7642], [-71.3005, 46.7642], [-71.3003, 46.7642], [-71.3002, 46.7643], [-71.3, 46.7643], [-71.2998, 46.7644], [-71.2996, 46.7645], [-71.2995, 46.7646], [-71.2993, 46.7646], [-71.2991, 46.7646], [-71.299, 46.7646], [-71.2988, 46.7645], [-71.2987, 46.7644], [-71.2986, 46.7642], [-71.2985, 46.764], [-71.2984, 46.7639], [-71.2983, 46.7637], [-71.2982, 46.7636], [-71.2981, 46.7635], [-71.298, 46.7635], [-71.2979, 46.7634], [-71.2978, 46.7634], [-71.2977, 46.7634], [-71.2976, 46.7634], [-71.2975, 46.7635], [-71.2974, 46.7636], [-71.2973, 46.7637], [-71.2973, 46.7638], [-71.2973, 46.7639], [-71.2973, 46.764], [-71.2972, 46.764], [-71.2971, 46.764], [-71.297, 46.7639], [-71.2969, 46.7637], [-71.2968, 46.7636], [-71.2967, 46.7635], [-71.2966, 46.7634], [-71.2965, 46.7633], [-71.2963, 46.7632], [-71.2962, 46.7632], [-71.2961, 46.7632], [-71.296, 46.7633], [-71.2959, 46.7633], [-71.2958, 46.7634], [-71.2957, 46.7635], [-71.2957, 46.7636], [-71.2957, 46.7637], [-71.2957, 46.7638], [-71.2958, 46.7639], [-71.2959, 46.7641], [-71.296, 46.7642], [-71.2962, 46.7644], [-71.2962, 46.7645], [-71.2963, 46.7646], [-71.2963, 46.7647], [-71.2963, 46.7648], [-71.2962, 46.7649], [-71.2961, 46.765], [-71.296, 46.765], [-71.2959, 46.7651], [-71.2958, 46.7651], [-71.2957, 46.7651], [-71.2955, 46.765], [-71.2954, 46.765], [-71.2952, 46.7649], [-71.2951, 46.7648], [-71.2949, 46.7647], [-71.2948, 46.7645], [-71.2947, 46.7644], [-71.2947, 46.7643], [-71.2946, 46.7642], [-71.2946, 46.7641], [-71.2947, 46.764], [-71.2948, 46.7639], [-71.2949, 46.7638], [-71.295, 46.7638], [-71.295, 46.7637], [-71.2951, 46.7636], [-71.2951, 46.7635], [-71.2951, 46.7634], [-71.2951, 46.7633], [-71.2951, 46.7631], [-71.2951, 46.763], [-71.295, 46.7629], [-71.2949, 46.7628], [-71.2947, 46.7627], [-71.2945, 46.7626], [-71.2942, 46.7625], [-71.294, 46.7624], [-71.2936, 46.7623], [-71.2933, 46.7622], [-71.293, 46.7621], [-71.2927, 46.7621], [-71.2924, 46.762], [-71.2922, 46.762], [-71.2919, 46.762], [-71.2917, 46.762], [-71.2915, 46.762], [-71.2913, 46.762], [-71.2911, 46.762], [-71.291, 46.7621], [-71.2908, 46.7621], [-71.2906, 46.7622], [-71.2904, 46.7623], [-71.2903, 46.7624], [-71.2901, 46.7626], [-71.29, 46.7627], [-71.2899, 46.7628], [-71.2897, 46.7628], [-71.2896, 46.7629], [-71.2895, 46.7629], [-71.2894, 46.7628], [-71.2893, 46.7627], [-71.2892, 46.7627], [-71.2891, 46.7626], [-71.289, 46.7626], [-71.2889, 46.7626], [-71.2887, 46.7626], [-71.2886, 46.7625], [-71.2884, 46.7625], [-71.2882, 46.7625], [-71.288, 46.7625], [-71.2879, 46.7625], [-71.2878, 46.7626], [-71.2877, 46.7626], [-71.2876, 46.7626], [-71.2875, 46.7627], [-71.2874, 46.7628], [-71.2873, 46.7628], [-71.2872, 46.7628], [-71.2871, 46.7628], [-71.287, 46.7628], [-71.2869, 46.7627], [-71.2868, 46.7626], [-71.2867, 46.7626], [-71.2866, 46.7626], [-71.2865, 46.7625], [-71.2864, 46.7625], [-71.2863, 46.7625], [-71.2862, 46.7626], [-71.2861, 46.7627], [-71.286, 46.7627], [-71.2859, 46.7627], [-71.2858, 46.7627], [-71.2857, 46.7627], [-71.2856, 46.7627], [-71.2855, 46.7626], [-71.2854, 46.7626], [-71.2853, 46.7625], [-71.2852, 46.7625], [-71.285, 46.7624], [-71.2849, 46.7624], [-71.2847, 46.7624], [-71.2846, 46.7624], [-71.2844, 46.7624], [-71.2843, 46.7625], [-71.2841, 46.7625], [-71.284, 46.7626], [-71.2839, 46.7626], [-71.2838, 46.7626], [-71.2837, 46.7627], [-71.2836, 46.7627], [-71.2836, 46.7628], [-71.2836, 46.7629], [-71.2835, 46.7629], [-71.2835, 46.763], [-71.2834, 46.763], [-71.2833, 46.763], [-71.2832, 46.763], [-71.2831, 46.7629], [-71.283, 46.7629], [-71.2829, 46.7629], [-71.2828, 46.7628], [-71.2827, 46.7628], [-71.2827, 46.7629], [-71.2826, 46.7629], [-71.2825, 46.7629], [-71.2825, 46.763], [-71.2825, 46.7631], [-71.2826, 46.7632], [-71.2827, 46.7634], [-71.2828, 46.7635], [-71.283, 46.7637], [-71.2833, 46.764], [-71.2836, 46.7642], [-71.2839, 46.7645], [-71.2842, 46.7647], [-71.2845, 46.7649], [-71.2847, 46.7651], [-71.2848, 46.7652], [-71.2849, 46.7653], [-71.285, 46.7654], [-71.2849, 46.7654], [-71.2848, 46.7653], [-71.2847, 46.7652], [-71.2846, 46.7651], [-71.2844, 46.765], [-71.2842, 46.7648], [-71.2839, 46.7646], [-71.2837, 46.7645], [-71.2835, 46.7643], [-71.2833, 46.7642], [-71.2832, 46.7641], [-71.283, 46.764], [-71.2829, 46.764], [-71.2828, 46.764], [-71.2827, 46.764], [-71.2826, 46.764], [-71.2825, 46.7641], [-71.2825, 46.7642], [-71.2826, 46.7643], [-71.2826, 46.7644], [-71.2827, 46.7645], [-71.2827, 46.7646], [-71.2828, 46.7647], [-71.2828, 46.7648], [-71.2828, 46.7649], [-71.2827, 46.7649], [-71.2827, 46.765], [-71.2826, 46.765], [-71.2825, 46.765], [-71.2824, 46.7651], [-71.2823, 46.7652], [-71.2823, 46.7653], [-71.2822, 46.7655], [-71.2822, 46.7657], [-71.2821, 46.7659], [-71.2821, 46.7661], [-71.282, 46.7664], [-71.282, 46.7667], [-71.2821, 46.7669], [-71.2822, 46.7671], [-71.2823, 46.7673], [-71.2824, 46.7675], [-71.2826, 46.7676], [-71.2828, 46.7677], [-71.283, 46.7678], [-71.2832, 46.7679], [-71.2833, 46.768], [-71.2834, 46.7681], [-71.2835, 46.7682], [-71.2835, 46.7684], [-71.2835, 46.7685], [-71.2834, 46.7686], [-71.2833, 46.7688], [-71.2831, 46.769], [-71.283, 46.7691], [-71.2829, 46.7692], [-71.2827, 46.7693], [-71.2826, 46.7694], [-71.2824, 46.7695], [-71.2823, 46.7696], [-71.2821, 46.7696], [-71.282, 46.7697], [-71.2819, 46.7697], [-71.2818, 46.7698], [-71.2817, 46.7699], [-71.2817, 46.77], [-71.2816, 46.7701], [-71.2816, 46.7702], [-71.2816, 46.7703], [-71.2816, 46.7704], [-71.2816, 46.7705], [-71.2817, 46.7706], [-71.2818, 46.7707], [-71.2819, 46.7707], [-71.2821, 46.7708], [-71.2822, 46.7708], [-71.2823, 46.7708], [-71.2824, 46.7708], [-71.2825, 46.7709], [-71.2825, 46.771], [-71.2824, 46.7711], [-71.2823, 46.7712], [-71.2823, 46.7713], [-71.2823, 46.7714], [-71.2823, 46.7715], [-71.2824, 46.7715], [-71.2825, 46.7716], [-71.2826, 46.7716], [-71.2827, 46.7716], [-71.283, 46.7716], [-71.2832, 46.7715], [-71.2835, 46.7714], [-71.2839, 46.7712], [-71.2843, 46.771], [-71.2848, 46.7708], [-71.2853, 46.7705], [-71.2857, 46.7703], [-71.2861, 46.7701], [-71.2863, 46.77], [-71.2865, 46.7699], [-71.2866, 46.7699], [-71.2865, 46.77], [-71.2864, 46.7701], [-71.2862, 46.7702], [-71.2861, 46.7703], [-71.286, 46.7705], [-71.286, 46.7706], [-71.2859, 46.7707], [-71.286, 46.7708], [-71.286, 46.7709], [-71.286, 46.771], [-71.2859, 46.7711], [-71.2858, 46.7712], [-71.2856, 46.7713], [-71.2854, 46.7713], [-71.2852, 46.7714], [-71.2849, 46.7715], [-71.2846, 46.7716], [-71.2844, 46.7717], [-71.2843, 46.7718], [-71.2841, 46.7719], [-71.2841, 46.772], [-71.2841, 46.7721], [-71.2841, 46.7723], [-71.2842, 46.7724], [-71.2842, 46.7725], [-71.2844, 46.7726], [-71.2845, 46.7727], [-71.2846, 46.7728], [-71.2848, 46.7728], [-71.285, 46.7729], [-71.2852, 46.7729], [-71.2855, 46.7729], [-71.2857, 46.7729], [-71.2859, 46.7729], [-71.2861, 46.7729], [-71.2863, 46.7729], [-71.2864, 46.773], [-71.2866, 46.773], [-71.2867, 46.7731], [-71.2868, 46.7731], [-71.287, 46.7732], [-71.2871, 46.7732], [-71.2872, 46.7732], [-71.2872, 46.7731], [-71.2873, 46.773], [-71.2872, 46.7729], [-71.2873, 46.7728], [-71.2873, 46.7727], [-71.2874, 46.7726], [-71.2875, 46.7725], [-71.2876, 46.7724], [-71.2877, 46.7723], [-71.2878, 46.7722], [-71.288, 46.7721], [-71.2882, 46.772], [-71.2883, 46.7719], [-71.2885, 46.7719], [-71.2886, 46.7719], [-71.2887, 46.7719], [-71.2888, 46.7719], [-71.2889, 46.7719], [-71.2889, 46.772], [-71.2889, 46.7721], [-71.2888, 46.7722], [-71.2887, 46.7723], [-71.2885, 46.7724], [-71.2884, 46.7724], [-71.2883, 46.7725], [-71.2881, 46.7726], [-71.2881, 46.7727], [-71.288, 46.7728], [-71.288, 46.7729], [-71.288, 46.773], [-71.2881, 46.7731], [-71.2882, 46.7731], [-71.2883, 46.7731], [-71.2884, 46.7731], [-71.2885, 46.7731], [-71.2887, 46.773], [-71.2889, 46.773], [-71.2891, 46.7729], [-71.2893, 46.7728], [-71.2895, 46.7728], [-71.2897, 46.7728], [-71.2899, 46.7728], [-71.2901, 46.7728], [-71.2903, 46.7729], [-71.2904, 46.7729], [-71.2906, 46.773], [-71.2908, 46.7731], [-71.291, 46.7732], [-71.2912, 46.7732], [-71.2915, 46.7732], [-71.2918, 46.7732], [-71.2921, 46.7732], [-71.2925, 46.7731], [-71.2929, 46.7731], [-71.2932, 46.773], [-71.2935, 46.7729], [-71.2937, 46.7729], [-71.2939, 46.7729], [-71.2941, 46.7729], [-71.2943, 46.7729], [-71.2943, 46.773], [-71.2944, 46.773], [-71.2945, 46.773], [-71.2946, 46.7731], [-71.2948, 46.7731], [-71.2949, 46.7731], [-71.2952, 46.7732], [-71.2954, 46.7732], [-71.2957, 46.7732], [-71.2961, 46.7732], [-71.2963, 46.7731], [-71.2966, 46.7731], [-71.2968, 46.7729], [-71.297, 46.7728], [-71.2972, 46.7726], [-71.2974, 46.7723], [-71.2975, 46.772], [-71.2975, 46.7717], [-71.2976, 46.7714], [-71.2976, 46.7711], [-71.2976, 46.7709], [-71.2976, 46.7707], [-71.2975, 46.7705], [-71.2974, 46.7703], [-71.2973, 46.7702], [-71.2972, 46.77], [-71.2971, 46.7699], [-71.297, 46.7699], [-71.297, 46.7698], [-71.2971, 46.7698], [-71.2972, 46.7697], [-71.2973, 46.7697], [-71.2975, 46.7697], [-71.2977, 46.7697], [-71.298, 46.7697], [-71.2982, 46.7697], [-71.2984, 46.7697], [-71.2987, 46.7696], [-71.2989, 46.7696], [-71.2992, 46.7695], [-71.2994, 46.7694], [-71.2997, 46.7692], [-71.2999, 46.7691], [-71.3, 46.769], [-71.3002, 46.7689], [-71.3003, 46.7688], [-71.3004, 46.7687], [-71.3004, 46.7686], [-71.3004, 46.7685], [-71.3004, 46.7684], [-71.3004, 46.7683], [-71.3004, 46.7682], [-71.3004, 46.7681], [-71.3005, 46.768], [-71.3005, 46.7679], [-71.3006, 46.7679], [-71.3007, 46.7678], [-71.3007, 46.7677], [-71.3007, 46.7676], [-71.3007, 46.7675], [-71.3006, 46.7674], [-71.3005, 46.7672], [-71.3003, 46.7671], [-71.3001, 46.7669], [-71.2999, 46.7667], [-71.2997, 46.7665], [-71.2996, 46.7663], [-71.2995, 46.7661], [-71.2996, 46.7659], [-71.2996, 46.7657], [-71.2998, 46.7655], [-71.3, 46.7653], [-71.3003, 46.7651]]]}}, {"type": "Feature", "properties": {"couche": "aire_marche", "station": "Sainte-Foy", "ordre": 8, "minutes": 14, "superficie_ha": 161.7, "rue_km": 50.09, "disque_ha": 301.7, "part_disque_pct": 54, "accroche_m": 6, "population": 4261, "navetteurs": 1530, "mode_auto_pct": 68, "mode_tc_pct": 11, "mode_actif_pct": 20, "mode_autre_pct": 1}, "geometry": {"type": "Polygon", "coordinates": [[[-71.3019, 46.7645], [-71.3019, 46.7647], [-71.3018, 46.7648], [-71.3018, 46.7649], [-71.3017, 46.765], [-71.3016, 46.765], [-71.3015, 46.7651], [-71.3014, 46.7651], [-71.3012, 46.7651], [-71.3011, 46.7651], [-71.3009, 46.7651], [-71.3008, 46.7652], [-71.3006, 46.7652], [-71.3004, 46.7653], [-71.3003, 46.7653], [-71.3001, 46.7654], [-71.2999, 46.7655], [-71.2997, 46.7656], [-71.2996, 46.7658], [-71.2995, 46.7659], [-71.2994, 46.7661], [-71.2995, 46.7662], [-71.2996, 46.7664], [-71.2997, 46.7665], [-71.2999, 46.7667], [-71.3002, 46.7669], [-71.3004, 46.7671], [-71.3006, 46.7673], [-71.3008, 46.7674], [-71.3009, 46.7676], [-71.3011, 46.7677], [-71.3012, 46.7679], [-71.3012, 46.768], [-71.3013, 46.7681], [-71.3012, 46.7682], [-71.3012, 46.7683], [-71.3011, 46.7684], [-71.301, 46.7685], [-71.3008, 46.7686], [-71.3005, 46.7687], [-71.3003, 46.7688], [-71.3, 46.7689], [-71.2997, 46.769], [-71.2995, 46.7692], [-71.2993, 46.7693], [-71.2991, 46.7694], [-71.299, 46.7695], [-71.299, 46.7696], [-71.299, 46.7697], [-71.299, 46.7698], [-71.299, 46.7699], [-71.299, 46.77], [-71.2989, 46.77], [-71.2987, 46.7701], [-71.2986, 46.7701], [-71.2983, 46.77], [-71.2981, 46.77], [-71.2978, 46.7699], [-71.2975, 46.7699], [-71.2973, 46.7699], [-71.2972, 46.7699], [-71.2972, 46.77], [-71.2973, 46.7701], [-71.2974, 46.7702], [-71.2976, 46.7704], [-71.2978, 46.7706], [-71.298, 46.7707], [-71.2981, 46.7709], [-71.2982, 46.7711], [-71.2983, 46.7712], [-71.2983, 46.7714], [-71.2983, 46.7716], [-71.2983, 46.7718], [-71.2983, 46.7719], [-71.2983, 46.7721], [-71.2983, 46.7722], [-71.2982, 46.7723], [-71.2981, 46.7724], [-71.2981, 46.7725], [-71.298, 46.7725], [-71.2979, 46.7725], [-71.2978, 46.7725], [-71.2977, 46.7726], [-71.2977, 46.7727], [-71.2978, 46.7728], [-71.2979, 46.7729], [-71.298, 46.773], [-71.2981, 46.7731], [-71.2981, 46.7732], [-71.2981, 46.7733], [-71.298, 46.7734], [-71.2979, 46.7735], [-71.2978, 46.7735], [-71.2977, 46.7735], [-71.2976, 46.7735], [-71.2975, 46.7735], [-71.2974, 46.7735], [-71.2972, 46.7734], [-71.2971, 46.7734], [-71.297, 46.7733], [-71.2969, 46.7733], [-71.2968, 46.7733], [-71.2967, 46.7733], [-71.2966, 46.7734], [-71.2965, 46.7735], [-71.2964, 46.7735], [-71.2963, 46.7736], [-71.2961, 46.7736], [-71.2959, 46.7736], [-71.2956, 46.7737], [-71.2953, 46.7737], [-71.2949, 46.7737], [-71.2945, 46.7737], [-71.2941, 46.7737], [-71.2938, 46.7737], [-71.2935, 46.7737], [-71.2933, 46.7737], [-71.2931, 46.7736], [-71.2929, 46.7736], [-71.2928, 46.7736], [-71.2927, 46.7735], [-71.2926, 46.7735], [-71.2925, 46.7735], [-71.2924, 46.7735], [-71.2923, 46.7735], [-71.2922, 46.7736], [-71.2922, 46.7737], [-71.2921, 46.7737], [-71.292, 46.7738], [-71.2919, 46.7738], [-71.2918, 46.7738], [-71.2916, 46.7738], [-71.2915, 46.7738], [-71.2913, 46.7738], [-71.2912, 46.7738], [-71.291, 46.7738], [-71.2909, 46.7737], [-71.2907, 46.7736], [-71.2906, 46.7735], [-71.2905, 46.7734], [-71.2903, 46.7733], [-71.2902, 46.7731], [-71.2901, 46.773], [-71.2899, 46.7729], [-71.2897, 46.7729], [-71.2894, 46.7729], [-71.2892, 46.7729], [-71.2888, 46.773], [-71.2885, 46.7731], [-71.2881, 46.7733], [-71.2878, 46.7734], [-71.2874, 46.7735], [-71.2872, 46.7735], [-71.287, 46.7735], [-71.2868, 46.7735], [-71.2866, 46.7735], [-71.2865, 46.7734], [-71.2865, 46.7733], [-71.2864, 46.7732], [-71.2863, 46.7731], [-71.2862, 46.773], [-71.2861, 46.773], [-71.286, 46.773], [-71.2858, 46.773], [-71.2857, 46.7731], [-71.2855, 46.7732], [-71.2853, 46.7732], [-71.2851, 46.7733], [-71.285, 46.7733], [-71.2848, 46.7733], [-71.2847, 46.7734], [-71.2845, 46.7734], [-71.2844, 46.7734], [-71.2842, 46.7733], [-71.2841, 46.7733], [-71.284, 46.7732], [-71.2838, 46.7731], [-71.2836, 46.773], [-71.2834, 46.7728], [-71.2832, 46.7726], [-71.283, 46.7724], [-71.2827, 46.7722], [-71.2825, 46.7719], [-71.2823, 46.7717], [-71.2821, 46.7716], [-71.2819, 46.7714], [-71.2817, 46.7713], [-71.2816, 46.7713], [-71.2814, 46.7712], [-71.2813, 46.7712], [-71.2812, 46.7711], [-71.2811, 46.7711], [-71.281, 46.771], [-71.281, 46.7708], [-71.2809, 46.7707], [-71.2809, 46.7705], [-71.2809, 46.7703], [-71.281, 46.7701], [-71.281, 46.7699], [-71.2811, 46.7697], [-71.2812, 46.7696], [-71.2813, 46.7695], [-71.2814, 46.7695], [-71.2815, 46.7694], [-71.2817, 46.7694], [-71.2818, 46.7695], [-71.282, 46.7695], [-71.2821, 46.7695], [-71.2823, 46.7694], [-71.2825, 46.7694], [-71.2826, 46.7692], [-71.2828, 46.7691], [-71.283, 46.7689], [-71.2832, 46.7688], [-71.2833, 46.7686], [-71.2834, 46.7684], [-71.2835, 46.7683], [-71.2835, 46.7682], [-71.2835, 46.7681], [-71.2835, 46.768], [-71.2834, 46.7679], [-71.2833, 46.7679], [-71.2832, 46.7679], [-71.283, 46.7679], [-71.2829, 46.7679], [-71.2828, 46.7679], [-71.2827, 46.7679], [-71.2825, 46.7679], [-71.2824, 46.7679], [-71.2823, 46.768], [-71.2822, 46.768], [-71.282, 46.768], [-71.2819, 46.768], [-71.2818, 46.768], [-71.2817, 46.768], [-71.2816, 46.7679], [-71.2815, 46.7678], [-71.2814, 46.7677], [-71.2814, 46.7676], [-71.2814, 46.7675], [-71.2814, 46.7674], [-71.2814, 46.7673], [-71.2814, 46.7672], [-71.2815, 46.7671], [-71.2816, 46.767], [-71.2816, 46.7669], [-71.2817, 46.7669], [-71.2818, 46.7668], [-71.282, 46.7667], [-71.2821, 46.7666], [-71.2822, 46.7665], [-71.2821, 46.7664], [-71.282, 46.7663], [-71.2818, 46.7663], [-71.2817, 46.7663], [-71.2816, 46.7662], [-71.2815, 46.7661], [-71.2814, 46.766], [-71.2814, 46.7659], [-71.2814, 46.7658], [-71.2814, 46.7657], [-71.2815, 46.7657], [-71.2815, 46.7656], [-71.2816, 46.7655], [-71.2817, 46.7655], [-71.2818, 46.7655], [-71.2819, 46.7654], [-71.282, 46.7654], [-71.282, 46.7653], [-71.282, 46.7652], [-71.2819, 46.7651], [-71.2818, 46.765], [-71.2817, 46.7649], [-71.2817, 46.7648], [-71.2818, 46.7647], [-71.2819, 46.7646], [-71.282, 46.7646], [-71.2821, 46.7645], [-71.2821, 46.7644], [-71.2821, 46.7643], [-71.2821, 46.7642], [-71.282, 46.7642], [-71.282, 46.7641], [-71.2819, 46.764], [-71.2818, 46.7639], [-71.2818, 46.7638], [-71.2818, 46.7636], [-71.2818, 46.7635], [-71.2818, 46.7633], [-71.2818, 46.7631], [-71.2819, 46.7629], [-71.2819, 46.7628], [-71.282, 46.7626], [-71.2822, 46.7625], [-71.2823, 46.7625], [-71.2825, 46.7624], [-71.2827, 46.7624], [-71.283, 46.7624], [-71.2832, 46.7624], [-71.2835, 46.7624], [-71.2837, 46.7625], [-71.2839, 46.7624], [-71.284, 46.7624], [-71.2841, 46.7624], [-71.2842, 46.7623], [-71.2843, 46.7622], [-71.2843, 46.7621], [-71.2844, 46.7621], [-71.2844, 46.762], [-71.2845, 46.762], [-71.2846, 46.762], [-71.2847, 46.762], [-71.2848, 46.7621], [-71.2849, 46.7621], [-71.285, 46.7622], [-71.2851, 46.7622], [-71.2852, 46.7622], [-71.2853, 46.7623], [-71.2854, 46.7622], [-71.2855, 46.7622], [-71.2856, 46.7621], [-71.2857, 46.7621], [-71.2858, 46.762], [-71.2859, 46.7621], [-71.286, 46.7621], [-71.2861, 46.7621], [-71.2862, 46.7622], [-71.2863, 46.7622], [-71.2864, 46.7623], [-71.2865, 46.7623], [-71.2866, 46.7623], [-71.2867, 46.7623], [-71.2868, 46.7623], [-71.2869, 46.7622], [-71.287, 46.7622], [-71.2872, 46.7621], [-71.2873, 46.7621], [-71.2874, 46.7621], [-71.2876, 46.7621], [-71.2878, 46.7621], [-71.2881, 46.7622], [-71.2883, 46.7622], [-71.2885, 46.7623], [-71.2888, 46.7623], [-71.289, 46.7622], [-71.2892, 46.7622], [-71.2894, 46.7622], [-71.2896, 46.7621], [-71.2897, 46.762], [-71.2899, 46.7619], [-71.2901, 46.7618], [-71.2904, 46.7617], [-71.2906, 46.7616], [-71.291, 46.7616], [-71.2913, 46.7616], [-71.2917, 46.7616], [-71.2922, 46.7616], [-71.2926, 46.7616], [-71.2931, 46.7617], [-71.2935, 46.7618], [-71.2938, 46.7618], [-71.2941, 46.7619], [-71.2944, 46.7621], [-71.2946, 46.7622], [-71.2947, 46.7623], [-71.2949, 46.7625], [-71.2949, 46.7627], [-71.295, 46.7628], [-71.295, 46.763], [-71.295, 46.7631], [-71.295, 46.7633], [-71.295, 46.7634], [-71.2949, 46.7636], [-71.2948, 46.7637], [-71.2947, 46.7639], [-71.2947, 46.764], [-71.2947, 46.7641], [-71.2947, 46.7643], [-71.2947, 46.7644], [-71.2948, 46.7645], [-71.2949, 46.7647], [-71.2951, 46.7648], [-71.2952, 46.7649], [-71.2954, 46.765], [-71.2955, 46.765], [-71.2957, 46.7651], [-71.2958, 46.7651], [-71.2959, 46.7651], [-71.296, 46.765], [-71.2961, 46.765], [-71.2962, 46.7649], [-71.2963, 46.7648], [-71.2963, 46.7647], [-71.2963, 46.7646], [-71.2962, 46.7645], [-71.2962, 46.7644], [-71.2961, 46.7642], [-71.2959, 46.7641], [-71.2958, 46.7639], [-71.2958, 46.7638], [-71.2957, 46.7637], [-71.2957, 46.7636], [-71.2958, 46.7635], [-71.2959, 46.7634], [-71.296, 46.7633], [-71.2961, 46.7632], [-71.2963, 46.7631], [-71.2964, 46.7631], [-71.2966, 46.763], [-71.2967, 46.763], [-71.2968, 46.763], [-71.297, 46.763], [-71.2971, 46.763], [-71.2972, 46.763], [-71.2973, 46.763], [-71.2975, 46.763], [-71.2976, 46.7631], [-71.2977, 46.7632], [-71.2979, 46.7632], [-71.298, 46.7633], [-71.2982, 46.7634], [-71.2984, 46.7636], [-71.2985, 46.7637], [-71.2986, 46.7638], [-71.2987, 46.7639], [-71.2988, 46.7641], [-71.2989, 46.7642], [-71.2989, 46.7643], [-71.2989, 46.7644], [-71.2989, 46.7645], [-71.299, 46.7646], [-71.2991, 46.7646], [-71.2993, 46.7646], [-71.2994, 46.7646], [-71.2996, 46.7645], [-71.2998, 46.7643], [-71.3, 46.7642], [-71.3002, 46.764], [-71.3004, 46.7639], [-71.3006, 46.7639], [-71.3008, 46.7638], [-71.301, 46.7638], [-71.3012, 46.7638], [-71.3013, 46.7638], [-71.3015, 46.7639], [-71.3016, 46.7639], [-71.3017, 46.764], [-71.3018, 46.7641], [-71.3019, 46.7642], [-71.3019, 46.7643], [-71.3019, 46.7644], [-71.3019, 46.7645]]]}}, {"type": "Feature", "properties": {"couche": "voile", "station": "Sainte-Foy", "minutes": 14}, "geometry": {"type": "Polygon", "coordinates": [[[-71.4611, 46.8805], [-71.1251, 46.8828], [-71.1224, 46.6547], [-71.457, 46.6524], [-71.4611, 46.8805]], [[-71.3019, 46.7644], [-71.3019, 46.7643], [-71.3019, 46.7642], [-71.3018, 46.7641], [-71.3017, 46.764], [-71.3016, 46.7639], [-71.3015, 46.7639], [-71.3013, 46.7638], [-71.3012, 46.7638], [-71.301, 46.7638], [-71.3008, 46.7638], [-71.3006, 46.7639], [-71.3004, 46.7639], [-71.3002, 46.764], [-71.3, 46.7642], [-71.2998, 46.7643], [-71.2996, 46.7645], [-71.2994, 46.7646], [-71.2993, 46.7646], [-71.2991, 46.7646], [-71.299, 46.7646], [-71.2989, 46.7645], [-71.2989, 46.7644], [-71.2989, 46.7643], [-71.2989, 46.7642], [-71.2988, 46.7641], [-71.2987, 46.7639], [-71.2986, 46.7638], [-71.2985, 46.7637], [-71.2984, 46.7636], [-71.2982, 46.7634], [-71.298, 46.7633], [-71.2979, 46.7632], [-71.2977, 46.7632], [-71.2976, 46.7631], [-71.2975, 46.763], [-71.2973, 46.763], [-71.2972, 46.763], [-71.2971, 46.763], [-71.297, 46.763], [-71.2968, 46.763], [-71.2967, 46.763], [-71.2966, 46.763], [-71.2964, 46.7631], [-71.2963, 46.7631], [-71.2961, 46.7632], [-71.296, 46.7633], [-71.2959, 46.7634], [-71.2958, 46.7635], [-71.2957, 46.7636], [-71.2957, 46.7637], [-71.2958, 46.7638], [-71.2958, 46.7639], [-71.2959, 46.7641], [-71.2961, 46.7642], [-71.2962, 46.7644], [-71.2962, 46.7645], [-71.2963, 46.7646], [-71.2963, 46.7647], [-71.2963, 46.7648], [-71.2962, 46.7649], [-71.2961, 46.765], [-71.296, 46.765], [-71.2959, 46.7651], [-71.2958, 46.7651], [-71.2957, 46.7651], [-71.2955, 46.765], [-71.2954, 46.765], [-71.2952, 46.7649], [-71.2951, 46.7648], [-71.2949, 46.7647], [-71.2948, 46.7645], [-71.2947, 46.7644], [-71.2947, 46.7643], [-71.2947, 46.7641], [-71.2947, 46.764], [-71.2947, 46.7639], [-71.2948, 46.7637], [-71.2949, 46.7636], [-71.295, 46.7634], [-71.295, 46.7633], [-71.295, 46.7631], [-71.295, 46.763], [-71.295, 46.7628], [-71.2949, 46.7627], [-71.2949, 46.7625], [-71.2947, 46.7623], [-71.2946, 46.7622], [-71.2944, 46.7621], [-71.2941, 46.7619], [-71.2938, 46.7618], [-71.2935, 46.7618], [-71.2931, 46.7617], [-71.2926, 46.7616], [-71.2922, 46.7616], [-71.2917, 46.7616], [-71.2913, 46.7616], [-71.291, 46.7616], [-71.2906, 46.7616], [-71.2904, 46.7617], [-71.2901, 46.7618], [-71.2899, 46.7619], [-71.2897, 46.762], [-71.2896, 46.7621], [-71.2894, 46.7622], [-71.2892, 46.7622], [-71.289, 46.7622], [-71.2888, 46.7623], [-71.2885, 46.7623], [-71.2883, 46.7622], [-71.2881, 46.7622], [-71.2878, 46.7621], [-71.2876, 46.7621], [-71.2874, 46.7621], [-71.2873, 46.7621], [-71.2872, 46.7621], [-71.287, 46.7622], [-71.2869, 46.7622], [-71.2868, 46.7623], [-71.2867, 46.7623], [-71.2866, 46.7623], [-71.2865, 46.7623], [-71.2864, 46.7623], [-71.2863, 46.7622], [-71.2862, 46.7622], [-71.2861, 46.7621], [-71.286, 46.7621], [-71.2859, 46.7621], [-71.2858, 46.762], [-71.2857, 46.7621], [-71.2856, 46.7621], [-71.2855, 46.7622], [-71.2854, 46.7622], [-71.2853, 46.7623], [-71.2852, 46.7622], [-71.2851, 46.7622], [-71.285, 46.7622], [-71.2849, 46.7621], [-71.2848, 46.7621], [-71.2847, 46.762], [-71.2846, 46.762], [-71.2845, 46.762], [-71.2844, 46.762], [-71.2844, 46.7621], [-71.2843, 46.7621], [-71.2843, 46.7622], [-71.2842, 46.7623], [-71.2841, 46.7624], [-71.284, 46.7624], [-71.2839, 46.7624], [-71.2837, 46.7625], [-71.2835, 46.7624], [-71.2832, 46.7624], [-71.283, 46.7624], [-71.2827, 46.7624], [-71.2825, 46.7624], [-71.2823, 46.7625], [-71.2822, 46.7625], [-71.282, 46.7626], [-71.2819, 46.7628], [-71.2819, 46.7629], [-71.2818, 46.7631], [-71.2818, 46.7633], [-71.2818, 46.7635], [-71.2818, 46.7636], [-71.2818, 46.7638], [-71.2818, 46.7639], [-71.2819, 46.764], [-71.282, 46.7641], [-71.282, 46.7642], [-71.2821, 46.7642], [-71.2821, 46.7643], [-71.2821, 46.7644], [-71.2821, 46.7645], [-71.282, 46.7646], [-71.2819, 46.7646], [-71.2818, 46.7647], [-71.2817, 46.7648], [-71.2817, 46.7649], [-71.2818, 46.765], [-71.2819, 46.7651], [-71.282, 46.7652], [-71.282, 46.7653], [-71.282, 46.7654], [-71.2819, 46.7654], [-71.2818, 46.7655], [-71.2817, 46.7655], [-71.2816, 46.7655], [-71.2815, 46.7656], [-71.2815, 46.7657], [-71.2814, 46.7657], [-71.2814, 46.7658], [-71.2814, 46.7659], [-71.2814, 46.766], [-71.2815, 46.7661], [-71.2816, 46.7662], [-71.2817, 46.7663], [-71.2818, 46.7663], [-71.282, 46.7663], [-71.2821, 46.7664], [-71.2822, 46.7665], [-71.2821, 46.7666], [-71.282, 46.7667], [-71.2818, 46.7668], [-71.2817, 46.7669], [-71.2816, 46.7669], [-71.2816, 46.767], [-71.2815, 46.7671], [-71.2814, 46.7672], [-71.2814, 46.7673], [-71.2814, 46.7674], [-71.2814, 46.7675], [-71.2814, 46.7676], [-71.2814, 46.7677], [-71.2815, 46.7678], [-71.2816, 46.7679], [-71.2817, 46.768], [-71.2818, 46.768], [-71.2819, 46.768], [-71.282, 46.768], [-71.2822, 46.768], [-71.2823, 46.768], [-71.2824, 46.7679], [-71.2825, 46.7679], [-71.2827, 46.7679], [-71.2828, 46.7679], [-71.2829, 46.7679], [-71.283, 46.7679], [-71.2832, 46.7679], [-71.2833, 46.7679], [-71.2834, 46.7679], [-71.2835, 46.768], [-71.2835, 46.7681], [-71.2835, 46.7682], [-71.2835, 46.7683], [-71.2834, 46.7684], [-71.2833, 46.7686], [-71.2832, 46.7688], [-71.283, 46.7689], [-71.2828, 46.7691], [-71.2826, 46.7692], [-71.2825, 46.7694], [-71.2823, 46.7694], [-71.2821, 46.7695], [-71.282, 46.7695], [-71.2818, 46.7695], [-71.2817, 46.7694], [-71.2815, 46.7694], [-71.2814, 46.7695], [-71.2813, 46.7695], [-71.2812, 46.7696], [-71.2811, 46.7697], [-71.281, 46.7699], [-71.281, 46.7701], [-71.2809, 46.7703], [-71.2809, 46.7705], [-71.2809, 46.7707], [-71.281, 46.7708], [-71.281, 46.771], [-71.2811, 46.7711], [-71.2812, 46.7711], [-71.2813, 46.7712], [-71.2814, 46.7712], [-71.2816, 46.7713], [-71.2817, 46.7713], [-71.2819, 46.7714], [-71.2821, 46.7716], [-71.2823, 46.7717], [-71.2825, 46.7719], [-71.2827, 46.7722], [-71.283, 46.7724], [-71.2832, 46.7726], [-71.2834, 46.7728], [-71.2836, 46.773], [-71.2838, 46.7731], [-71.284, 46.7732], [-71.2841, 46.7733], [-71.2842, 46.7733], [-71.2844, 46.7734], [-71.2845, 46.7734], [-71.2847, 46.7734], [-71.2848, 46.7733], [-71.285, 46.7733], [-71.2851, 46.7733], [-71.2853, 46.7732], [-71.2855, 46.7732], [-71.2857, 46.7731], [-71.2858, 46.773], [-71.286, 46.773], [-71.2861, 46.773], [-71.2862, 46.773], [-71.2863, 46.7731], [-71.2864, 46.7732], [-71.2865, 46.7733], [-71.2865, 46.7734], [-71.2866, 46.7735], [-71.2868, 46.7735], [-71.287, 46.7735], [-71.2872, 46.7735], [-71.2874, 46.7735], [-71.2878, 46.7734], [-71.2881, 46.7733], [-71.2885, 46.7731], [-71.2888, 46.773], [-71.2892, 46.7729], [-71.2894, 46.7729], [-71.2897, 46.7729], [-71.2899, 46.7729], [-71.2901, 46.773], [-71.2902, 46.7731], [-71.2903, 46.7733], [-71.2905, 46.7734], [-71.2906, 46.7735], [-71.2907, 46.7736], [-71.2909, 46.7737], [-71.291, 46.7738], [-71.2912, 46.7738], [-71.2913, 46.7738], [-71.2915, 46.7738], [-71.2916, 46.7738], [-71.2918, 46.7738], [-71.2919, 46.7738], [-71.292, 46.7738], [-71.2921, 46.7737], [-71.2922, 46.7737], [-71.2922, 46.7736], [-71.2923, 46.7735], [-71.2924, 46.7735], [-71.2925, 46.7735], [-71.2926, 46.7735], [-71.2927, 46.7735], [-71.2928, 46.7736], [-71.2929, 46.7736], [-71.2931, 46.7736], [-71.2933, 46.7737], [-71.2935, 46.7737], [-71.2938, 46.7737], [-71.2941, 46.7737], [-71.2945, 46.7737], [-71.2949, 46.7737], [-71.2953, 46.7737], [-71.2956, 46.7737], [-71.2959, 46.7736], [-71.2961, 46.7736], [-71.2963, 46.7736], [-71.2964, 46.7735], [-71.2965, 46.7735], [-71.2966, 46.7734], [-71.2967, 46.7733], [-71.2968, 46.7733], [-71.2969, 46.7733], [-71.297, 46.7733], [-71.2971, 46.7734], [-71.2972, 46.7734], [-71.2974, 46.7735], [-71.2975, 46.7735], [-71.2976, 46.7735], [-71.2977, 46.7735], [-71.2978, 46.7735], [-71.2979, 46.7735], [-71.298, 46.7734], [-71.2981, 46.7733], [-71.2981, 46.7732], [-71.2981, 46.7731], [-71.298, 46.773], [-71.2979, 46.7729], [-71.2978, 46.7728], [-71.2977, 46.7727], [-71.2977, 46.7726], [-71.2978, 46.7725], [-71.2979, 46.7725], [-71.298, 46.7725], [-71.2981, 46.7725], [-71.2981, 46.7724], [-71.2982, 46.7723], [-71.2983, 46.7722], [-71.2983, 46.7721], [-71.2983, 46.7719], [-71.2983, 46.7718], [-71.2983, 46.7716], [-71.2983, 46.7714], [-71.2983, 46.7712], [-71.2982, 46.7711], [-71.2981, 46.7709], [-71.298, 46.7707], [-71.2978, 46.7706], [-71.2976, 46.7704], [-71.2974, 46.7702], [-71.2973, 46.7701], [-71.2972, 46.77], [-71.2972, 46.7699], [-71.2973, 46.7699], [-71.2975, 46.7699], [-71.2978, 46.7699], [-71.2981, 46.77], [-71.2983, 46.77], [-71.2986, 46.7701], [-71.2987, 46.7701], [-71.2989, 46.77], [-71.299, 46.77], [-71.299, 46.7699], [-71.299, 46.7698], [-71.299, 46.7697], [-71.299, 46.7696], [-71.299, 46.7695], [-71.2991, 46.7694], [-71.2993, 46.7693], [-71.2995, 46.7692], [-71.2997, 46.769], [-71.3, 46.7689], [-71.3003, 46.7688], [-71.3005, 46.7687], [-71.3008, 46.7686], [-71.301, 46.7685], [-71.3011, 46.7684], [-71.3012, 46.7683], [-71.3012, 46.7682], [-71.3013, 46.7681], [-71.3012, 46.768], [-71.3012, 46.7679], [-71.3011, 46.7677], [-71.3009, 46.7676], [-71.3008, 46.7674], [-71.3006, 46.7673], [-71.3004, 46.7671], [-71.3002, 46.7669], [-71.2999, 46.7667], [-71.2997, 46.7665], [-71.2996, 46.7664], [-71.2995, 46.7662], [-71.2994, 46.7661], [-71.2995, 46.7659], [-71.2996, 46.7658], [-71.2997, 46.7656], [-71.2999, 46.7655], [-71.3001, 46.7654], [-71.3003, 46.7653], [-71.3004, 46.7653], [-71.3006, 46.7652], [-71.3008, 46.7652], [-71.3009, 46.7651], [-71.3011, 46.7651], [-71.3012, 46.7651], [-71.3014, 46.7651], [-71.3015, 46.7651], [-71.3016, 46.765], [-71.3017, 46.765], [-71.3018, 46.7649], [-71.3018, 46.7648], [-71.3019, 46.7647], [-71.3019, 46.7645], [-71.3019, 46.7644]]]}}, {"type": "Feature", "properties": {"couche": "aire_marche", "station": "Sainte-Foy", "ordre": 8, "minutes": 15, "superficie_ha": 180.6, "rue_km": 56.01, "disque_ha": 346.4, "part_disque_pct": 52, "accroche_m": 6, "population": 4747, "navetteurs": 1693, "mode_auto_pct": 68, "mode_tc_pct": 11, "mode_actif_pct": 20, "mode_autre_pct": 1}, "geometry": {"type": "Polygon", "coordinates": [[[-71.3023, 46.7641], [-71.3022, 46.7642], [-71.3022, 46.7643], [-71.3021, 46.7644], [-71.3021, 46.7646], [-71.302, 46.7647], [-71.3021, 46.7648], [-71.3021, 46.7649], [-71.3021, 46.765], [-71.3022, 46.7652], [-71.3022, 46.7653], [-71.3022, 46.7654], [-71.3021, 46.7654], [-71.302, 46.7655], [-71.3018, 46.7655], [-71.3016, 46.7656], [-71.3013, 46.7656], [-71.301, 46.7656], [-71.3007, 46.7656], [-71.3004, 46.7656], [-71.3002, 46.7656], [-71.3, 46.7656], [-71.2998, 46.7656], [-71.2996, 46.7657], [-71.2995, 46.7658], [-71.2994, 46.7658], [-71.2993, 46.7659], [-71.2993, 46.766], [-71.2993, 46.7661], [-71.2994, 46.7662], [-71.2995, 46.7664], [-71.2997, 46.7666], [-71.2999, 46.7667], [-71.3002, 46.7669], [-71.3004, 46.7671], [-71.3006, 46.7673], [-71.3008, 46.7675], [-71.301, 46.7677], [-71.3012, 46.7679], [-71.3013, 46.7681], [-71.3014, 46.7683], [-71.3015, 46.7684], [-71.3015, 46.7686], [-71.3015, 46.7687], [-71.3014, 46.7689], [-71.3013, 46.769], [-71.3011, 46.769], [-71.3008, 46.7691], [-71.3006, 46.7691], [-71.3002, 46.7691], [-71.2999, 46.7691], [-71.2997, 46.7692], [-71.2995, 46.7692], [-71.2994, 46.7693], [-71.2993, 46.7693], [-71.2993, 46.7694], [-71.2993, 46.7695], [-71.2993, 46.7696], [-71.2994, 46.7697], [-71.2994, 46.7698], [-71.2994, 46.7699], [-71.2994, 46.77], [-71.2994, 46.7701], [-71.2994, 46.7703], [-71.2993, 46.7704], [-71.2992, 46.7705], [-71.2991, 46.7706], [-71.299, 46.7706], [-71.2989, 46.7706], [-71.2988, 46.7706], [-71.2987, 46.7705], [-71.2986, 46.7704], [-71.2985, 46.7703], [-71.2984, 46.7701], [-71.2982, 46.77], [-71.2981, 46.7699], [-71.298, 46.7699], [-71.2978, 46.7698], [-71.2976, 46.7698], [-71.2975, 46.7697], [-71.2973, 46.7697], [-71.2972, 46.7697], [-71.2971, 46.7698], [-71.2972, 46.7699], [-71.2973, 46.7701], [-71.2975, 46.7702], [-71.2978, 46.7704], [-71.2981, 46.7706], [-71.2983, 46.7708], [-71.2986, 46.7711], [-71.2987, 46.7713], [-71.2989, 46.7714], [-71.299, 46.7716], [-71.299, 46.7718], [-71.299, 46.772], [-71.299, 46.7722], [-71.2989, 46.7723], [-71.2989, 46.7724], [-71.2988, 46.7726], [-71.2987, 46.7726], [-71.2986, 46.7727], [-71.2985, 46.7727], [-71.2984, 46.7728], [-71.2982, 46.7728], [-71.2981, 46.7728], [-71.298, 46.7728], [-71.2981, 46.7729], [-71.2982, 46.7729], [-71.2983, 46.773], [-71.2984, 46.773], [-71.2986, 46.7731], [-71.2987, 46.7732], [-71.2987, 46.7733], [-71.2988, 46.7733], [-71.2988, 46.7734], [-71.2988, 46.7735], [-71.2988, 46.7736], [-71.2987, 46.7737], [-71.2987, 46.7738], [-71.2985, 46.7739], [-71.2984, 46.7739], [-71.2982, 46.7739], [-71.298, 46.774], [-71.2978, 46.7739], [-71.2975, 46.7739], [-71.2972, 46.7739], [-71.2969, 46.7738], [-71.2966, 46.7738], [-71.2963, 46.7738], [-71.296, 46.7738], [-71.2957, 46.7739], [-71.2954, 46.7739], [-71.2951, 46.7739], [-71.2948, 46.774], [-71.2945, 46.774], [-71.2943, 46.7741], [-71.294, 46.7741], [-71.2938, 46.7741], [-71.2937, 46.7741], [-71.2935, 46.7741], [-71.2934, 46.774], [-71.2933, 46.774], [-71.2932, 46.7739], [-71.2931, 46.7739], [-71.293, 46.7739], [-71.2929, 46.7739], [-71.2928, 46.774], [-71.2927, 46.7741], [-71.2926, 46.7741], [-71.2926, 46.7742], [-71.2925, 46.7742], [-71.2924, 46.7742], [-71.2923, 46.7741], [-71.2921, 46.7741], [-71.292, 46.774], [-71.2919, 46.774], [-71.2918, 46.7739], [-71.2917, 46.7739], [-71.2915, 46.7739], [-71.2914, 46.7739], [-71.2913, 46.7739], [-71.2912, 46.774], [-71.2911, 46.7741], [-71.291, 46.7741], [-71.291, 46.7742], [-71.2908, 46.7742], [-71.2907, 46.7741], [-71.2906, 46.7741], [-71.2904, 46.774], [-71.2903, 46.7739], [-71.2901, 46.7738], [-71.29, 46.7737], [-71.2899, 46.7736], [-71.2898, 46.7735], [-71.2898, 46.7734], [-71.2897, 46.7733], [-71.2898, 46.7732], [-71.2898, 46.7731], [-71.2899, 46.7731], [-71.29, 46.773], [-71.2901, 46.7729], [-71.2901, 46.7728], [-71.2901, 46.7727], [-71.29, 46.7727], [-71.2899, 46.7727], [-71.2897, 46.7727], [-71.2895, 46.7728], [-71.2893, 46.7728], [-71.2889, 46.7729], [-71.2886, 46.7731], [-71.2881, 46.7732], [-71.2876, 46.7734], [-71.2872, 46.7736], [-71.2868, 46.7737], [-71.2865, 46.7738], [-71.2862, 46.7739], [-71.286, 46.7739], [-71.2859, 46.7739], [-71.2857, 46.7739], [-71.2857, 46.7738], [-71.2857, 46.7737], [-71.2857, 46.7736], [-71.2858, 46.7736], [-71.2859, 46.7735], [-71.286, 46.7734], [-71.2861, 46.7734], [-71.2862, 46.7733], [-71.2863, 46.7733], [-71.2864, 46.7732], [-71.2864, 46.7731], [-71.2865, 46.7731], [-71.2865, 46.773], [-71.2864, 46.773], [-71.2863, 46.773], [-71.2862, 46.773], [-71.286, 46.773], [-71.2859, 46.7731], [-71.2857, 46.7732], [-71.2855, 46.7733], [-71.2852, 46.7735], [-71.285, 46.7736], [-71.2847, 46.7737], [-71.2845, 46.7738], [-71.2843, 46.7738], [-71.2841, 46.7738], [-71.2839, 46.7738], [-71.2837, 46.7738], [-71.2835, 46.7737], [-71.2833, 46.7736], [-71.2832, 46.7735], [-71.2831, 46.7734], [-71.283, 46.7733], [-71.2829, 46.7732], [-71.2829, 46.7731], [-71.2829, 46.7729], [-71.2829, 46.7728], [-71.2829, 46.7726], [-71.2829, 46.7725], [-71.2828, 46.7723], [-71.2828, 46.7722], [-71.2827, 46.7721], [-71.2826, 46.7719], [-71.2825, 46.7718], [-71.2824, 46.7717], [-71.2823, 46.7716], [-71.2821, 46.7716], [-71.282, 46.7715], [-71.2818, 46.7714], [-71.2816, 46.7714], [-71.2814, 46.7714], [-71.2812, 46.7714], [-71.2809, 46.7714], [-71.2807, 46.7714], [-71.2806, 46.7714], [-71.2805, 46.7714], [-71.2804, 46.7713], [-71.2804, 46.7712], [-71.2804, 46.7711], [-71.2805, 46.771], [-71.2806, 46.7708], [-71.2806, 46.7707], [-71.2807, 46.7705], [-71.2807, 46.7704], [-71.2808, 46.7703], [-71.2808, 46.7701], [-71.2807, 46.77], [-71.2807, 46.7699], [-71.2806, 46.7698], [-71.2806, 46.7697], [-71.2806, 46.7696], [-71.2806, 46.7695], [-71.2807, 46.7694], [-71.2807, 46.7693], [-71.2808, 46.7693], [-71.281, 46.7693], [-71.2811, 46.7692], [-71.2813, 46.7692], [-71.2814, 46.7692], [-71.2815, 46.7692], [-71.2817, 46.7692], [-71.2818, 46.7693], [-71.2819, 46.7693], [-71.282, 46.7694], [-71.2821, 46.7694], [-71.2822, 46.7694], [-71.2823, 46.7694], [-71.2824, 46.7694], [-71.2825, 46.7693], [-71.2827, 46.7692], [-71.2828, 46.7691], [-71.283, 46.7689], [-71.2832, 46.7688], [-71.2833, 46.7686], [-71.2834, 46.7684], [-71.2835, 46.7683], [-71.2835, 46.7682], [-71.2835, 46.7681], [-71.2835, 46.768], [-71.2834, 46.7679], [-71.2833, 46.7679], [-71.2832, 46.7679], [-71.2831, 46.7679], [-71.2829, 46.7679], [-71.2828, 46.7679], [-71.2827, 46.768], [-71.2826, 46.7681], [-71.2825, 46.7681], [-71.2824, 46.7682], [-71.2823, 46.7683], [-71.2822, 46.7684], [-71.2821, 46.7684], [-71.282, 46.7684], [-71.2818, 46.7683], [-71.2816, 46.7683], [-71.2815, 46.7682], [-71.2813, 46.7681], [-71.2812, 46.768], [-71.2811, 46.7678], [-71.281, 46.7677], [-71.2811, 46.7676], [-71.2811, 46.7674], [-71.2812, 46.7673], [-71.2814, 46.7671], [-71.2816, 46.767], [-71.2818, 46.7669], [-71.282, 46.7667], [-71.2821, 46.7666], [-71.282, 46.7666], [-71.2819, 46.7667], [-71.2818, 46.7667], [-71.2817, 46.7668], [-71.2816, 46.7668], [-71.2814, 46.7668], [-71.2813, 46.7668], [-71.2812, 46.7668], [-71.2811, 46.7668], [-71.281, 46.7668], [-71.2809, 46.7667], [-71.2809, 46.7666], [-71.2809, 46.7665], [-71.281, 46.7664], [-71.281, 46.7663], [-71.2811, 46.7663], [-71.2811, 46.7662], [-71.2811, 46.7661], [-71.2811, 46.766], [-71.281, 46.766], [-71.2809, 46.766], [-71.2808, 46.7659], [-71.2808, 46.7658], [-71.2807, 46.7657], [-71.2807, 46.7656], [-71.2807, 46.7655], [-71.2807, 46.7654], [-71.2807, 46.7653], [-71.2808, 46.7653], [-71.2809, 46.7652], [-71.281, 46.7652], [-71.2811, 46.7652], [-71.2812, 46.7652], [-71.2814, 46.7652], [-71.2816, 46.7653], [-71.2817, 46.7653], [-71.2818, 46.7653], [-71.2819, 46.7653], [-71.2819, 46.7652], [-71.2819, 46.7651], [-71.2818, 46.765], [-71.2817, 46.7649], [-71.2815, 46.7648], [-71.2814, 46.7646], [-71.2813, 46.7644], [-71.2812, 46.7642], [-71.2811, 46.764], [-71.2811, 46.7638], [-71.2811, 46.7635], [-71.2811, 46.7632], [-71.2812, 46.7629], [-71.2812, 46.7626], [-71.2813, 46.7624], [-71.2814, 46.7622], [-71.2815, 46.7621], [-71.2816, 46.762], [-71.2817, 46.7619], [-71.2818, 46.7619], [-71.2819, 46.7619], [-71.282, 46.762], [-71.2821, 46.762], [-71.2823, 46.7619], [-71.2824, 46.7619], [-71.2826, 46.7619], [-71.2828, 46.7618], [-71.283, 46.7617], [-71.2832, 46.7617], [-71.2834, 46.7616], [-71.2835, 46.7615], [-71.2837, 46.7615], [-71.2839, 46.7615], [-71.284, 46.7615], [-71.2841, 46.7615], [-71.2843, 46.7616], [-71.2844, 46.7616], [-71.2845, 46.7617], [-71.2846, 46.7617], [-71.2847, 46.7618], [-71.2848, 46.7617], [-71.2849, 46.7617], [-71.285, 46.7616], [-71.2851, 46.7616], [-71.2852, 46.7616], [-71.2853, 46.7616], [-71.2854, 46.7616], [-71.2855, 46.7617], [-71.2857, 46.7617], [-71.2858, 46.7618], [-71.2859, 46.7618], [-71.286, 46.7618], [-71.2861, 46.7618], [-71.2862, 46.7618], [-71.2864, 46.7618], [-71.2865, 46.7618], [-71.2866, 46.7617], [-71.2867, 46.7617], [-71.2868, 46.7617], [-71.2869, 46.7617], [-71.287, 46.7617], [-71.2871, 46.7617], [-71.2872, 46.7618], [-71.2873, 46.7619], [-71.2874, 46.7619], [-71.2875, 46.7619], [-71.2876, 46.7619], [-71.2877, 46.7618], [-71.2878, 46.7618], [-71.2879, 46.7618], [-71.2879, 46.7617], [-71.288, 46.7617], [-71.2882, 46.7618], [-71.2883, 46.7618], [-71.2884, 46.7619], [-71.2885, 46.762], [-71.2887, 46.762], [-71.2888, 46.7621], [-71.2889, 46.7621], [-71.2891, 46.7621], [-71.2892, 46.7621], [-71.2893, 46.762], [-71.2894, 46.7619], [-71.2894, 46.7618], [-71.2895, 46.7616], [-71.2897, 46.7614], [-71.2899, 46.7613], [-71.2902, 46.7612], [-71.2905, 46.7612], [-71.291, 46.7611], [-71.2915, 46.7611], [-71.2921, 46.7611], [-71.2927, 46.7612], [-71.2933, 46.7612], [-71.2938, 46.7613], [-71.2942, 46.7613], [-71.2946, 46.7614], [-71.2948, 46.7615], [-71.295, 46.7615], [-71.2952, 46.7616], [-71.2952, 46.7617], [-71.2952, 46.7618], [-71.2952, 46.7619], [-71.2951, 46.762], [-71.295, 46.762], [-71.2949, 46.7621], [-71.2949, 46.7622], [-71.2948, 46.7623], [-71.2948, 46.7624], [-71.2948, 46.7625], [-71.2948, 46.7626], [-71.2948, 46.7627], [-71.2949, 46.7629], [-71.2949, 46.763], [-71.295, 46.7632], [-71.295, 46.7633], [-71.295, 46.7635], [-71.295, 46.7636], [-71.295, 46.7637], [-71.2949, 46.7638], [-71.2948, 46.7639], [-71.2947, 46.7639], [-71.2947, 46.764], [-71.2946, 46.7641], [-71.2946, 46.7642], [-71.2947, 46.7643], [-71.2947, 46.7644], [-71.2948, 46.7645], [-71.2949, 46.7647], [-71.2951, 46.7648], [-71.2952, 46.7649], [-71.2954, 46.765], [-71.2955, 46.765], [-71.2957, 46.7651], [-71.2958, 46.7651], [-71.2959, 46.7651], [-71.296, 46.765], [-71.2961, 46.765], [-71.2962, 46.7649], [-71.2963, 46.7648], [-71.2963, 46.7647], [-71.2963, 46.7646], [-71.2962, 46.7645], [-71.2962, 46.7644], [-71.2961, 46.7642], [-71.2959, 46.7641], [-71.2958, 46.7639], [-71.2958, 46.7638], [-71.2957, 46.7637], [-71.2957, 46.7636], [-71.2958, 46.7635], [-71.2958, 46.7634], [-71.296, 46.7633], [-71.2961, 46.7632], [-71.2962, 46.7631], [-71.2964, 46.7631], [-71.2965, 46.7631], [-71.2967, 46.763], [-71.2968, 46.763], [-71.2969, 46.763], [-71.2971, 46.763], [-71.2972, 46.763], [-71.2973, 46.763], [-71.2975, 46.763], [-71.2976, 46.7631], [-71.2977, 46.7632], [-71.2979, 46.7632], [-71.298, 46.7633], [-71.2982, 46.7634], [-71.2984, 46.7636], [-71.2985, 46.7637], [-71.2986, 46.7638], [-71.2987, 46.7639], [-71.2988, 46.7641], [-71.2989, 46.7642], [-71.2989, 46.7643], [-71.2989, 46.7644], [-71.2989, 46.7645], [-71.299, 46.7646], [-71.2991, 46.7646], [-71.2992, 46.7646], [-71.2994, 46.7645], [-71.2995, 46.7644], [-71.2997, 46.7642], [-71.2999, 46.7641], [-71.3001, 46.7639], [-71.3004, 46.7638], [-71.3006, 46.7636], [-71.3008, 46.7635], [-71.3009, 46.7634], [-71.3011, 46.7634], [-71.3013, 46.7633], [-71.3015, 46.7633], [-71.3017, 46.7633], [-71.3018, 46.7633], [-71.302, 46.7633], [-71.3021, 46.7633], [-71.3022, 46.7633], [-71.3023, 46.7634], [-71.3024, 46.7634], [-71.3025, 46.7635], [-71.3025, 46.7636], [-71.3025, 46.7637], [-71.3025, 46.7638], [-71.3025, 46.7639], [-71.3024, 46.764], [-71.3023, 46.7641]]]}}, {"type": "Feature", "properties": {"couche": "voile", "station": "Sainte-Foy", "minutes": 15}, "geometry": {"type": "Polygon", "coordinates": [[[-71.4617, 46.8809], [-71.1246, 46.8832], [-71.1219, 46.6542], [-71.4576, 46.6519], [-71.4617, 46.8809]], [[-71.3024, 46.764], [-71.3025, 46.7639], [-71.3025, 46.7638], [-71.3025, 46.7637], [-71.3025, 46.7636], [-71.3025, 46.7635], [-71.3024, 46.7634], [-71.3023, 46.7634], [-71.3022, 46.7633], [-71.3021, 46.7633], [-71.302, 46.7633], [-71.3018, 46.7633], [-71.3017, 46.7633], [-71.3015, 46.7633], [-71.3013, 46.7633], [-71.3011, 46.7634], [-71.3009, 46.7634], [-71.3008, 46.7635], [-71.3006, 46.7636], [-71.3004, 46.7638], [-71.3001, 46.7639], [-71.2999, 46.7641], [-71.2997, 46.7642], [-71.2995, 46.7644], [-71.2994, 46.7645], [-71.2992, 46.7646], [-71.2991, 46.7646], [-71.299, 46.7646], [-71.2989, 46.7645], [-71.2989, 46.7644], [-71.2989, 46.7643], [-71.2989, 46.7642], [-71.2988, 46.7641], [-71.2987, 46.7639], [-71.2986, 46.7638], [-71.2985, 46.7637], [-71.2984, 46.7636], [-71.2982, 46.7634], [-71.298, 46.7633], [-71.2979, 46.7632], [-71.2977, 46.7632], [-71.2976, 46.7631], [-71.2975, 46.763], [-71.2973, 46.763], [-71.2972, 46.763], [-71.2971, 46.763], [-71.2969, 46.763], [-71.2968, 46.763], [-71.2967, 46.763], [-71.2965, 46.7631], [-71.2964, 46.7631], [-71.2962, 46.7631], [-71.2961, 46.7632], [-71.296, 46.7633], [-71.2958, 46.7634], [-71.2958, 46.7635], [-71.2957, 46.7636], [-71.2957, 46.7637], [-71.2958, 46.7638], [-71.2958, 46.7639], [-71.2959, 46.7641], [-71.2961, 46.7642], [-71.2962, 46.7644], [-71.2962, 46.7645], [-71.2963, 46.7646], [-71.2963, 46.7647], [-71.2963, 46.7648], [-71.2962, 46.7649], [-71.2961, 46.765], [-71.296, 46.765], [-71.2959, 46.7651], [-71.2958, 46.7651], [-71.2957, 46.7651], [-71.2955, 46.765], [-71.2954, 46.765], [-71.2952, 46.7649], [-71.2951, 46.7648], [-71.2949, 46.7647], [-71.2948, 46.7645], [-71.2947, 46.7644], [-71.2947, 46.7643], [-71.2946, 46.7642], [-71.2946, 46.7641], [-71.2947, 46.764], [-71.2947, 46.7639], [-71.2948, 46.7639], [-71.2949, 46.7638], [-71.295, 46.7637], [-71.295, 46.7636], [-71.295, 46.7635], [-71.295, 46.7633], [-71.295, 46.7632], [-71.2949, 46.763], [-71.2949, 46.7629], [-71.2948, 46.7627], [-71.2948, 46.7626], [-71.2948, 46.7625], [-71.2948, 46.7624], [-71.2948, 46.7623], [-71.2949, 46.7622], [-71.2949, 46.7621], [-71.295, 46.762], [-71.2951, 46.762], [-71.2952, 46.7619], [-71.2952, 46.7618], [-71.2952, 46.7617], [-71.2952, 46.7616], [-71.295, 46.7615], [-71.2948, 46.7615], [-71.2946, 46.7614], [-71.2942, 46.7613], [-71.2938, 46.7613], [-71.2933, 46.7612], [-71.2927, 46.7612], [-71.2921, 46.7611], [-71.2915, 46.7611], [-71.291, 46.7611], [-71.2905, 46.7612], [-71.2902, 46.7612], [-71.2899, 46.7613], [-71.2897, 46.7614], [-71.2895, 46.7616], [-71.2894, 46.7618], [-71.2894, 46.7619], [-71.2893, 46.762], [-71.2892, 46.7621], [-71.2891, 46.7621], [-71.2889, 46.7621], [-71.2888, 46.7621], [-71.2887, 46.762], [-71.2885, 46.762], [-71.2884, 46.7619], [-71.2883, 46.7618], [-71.2882, 46.7618], [-71.288, 46.7617], [-71.2879, 46.7617], [-71.2879, 46.7618], [-71.2878, 46.7618], [-71.2877, 46.7618], [-71.2876, 46.7619], [-71.2875, 46.7619], [-71.2874, 46.7619], [-71.2873, 46.7619], [-71.2872, 46.7618], [-71.2871, 46.7617], [-71.287, 46.7617], [-71.2869, 46.7617], [-71.2868, 46.7617], [-71.2867, 46.7617], [-71.2866, 46.7617], [-71.2865, 46.7618], [-71.2864, 46.7618], [-71.2862, 46.7618], [-71.2861, 46.7618], [-71.286, 46.7618], [-71.2859, 46.7618], [-71.2858, 46.7618], [-71.2857, 46.7617], [-71.2855, 46.7617], [-71.2854, 46.7616], [-71.2853, 46.7616], [-71.2852, 46.7616], [-71.2851, 46.7616], [-71.285, 46.7616], [-71.2849, 46.7617], [-71.2848, 46.7617], [-71.2847, 46.7618], [-71.2846, 46.7617], [-71.2845, 46.7617], [-71.2844, 46.7616], [-71.2843, 46.7616], [-71.2841, 46.7615], [-71.284, 46.7615], [-71.2839, 46.7615], [-71.2837, 46.7615], [-71.2835, 46.7615], [-71.2834, 46.7616], [-71.2832, 46.7617], [-71.283, 46.7617], [-71.2828, 46.7618], [-71.2826, 46.7619], [-71.2824, 46.7619], [-71.2823, 46.7619], [-71.2821, 46.762], [-71.282, 46.762], [-71.2819, 46.7619], [-71.2818, 46.7619], [-71.2817, 46.7619], [-71.2816, 46.762], [-71.2815, 46.7621], [-71.2814, 46.7622], [-71.2813, 46.7624], [-71.2812, 46.7626], [-71.2812, 46.7629], [-71.2811, 46.7632], [-71.2811, 46.7635], [-71.2811, 46.7638], [-71.2811, 46.764], [-71.2812, 46.7642], [-71.2813, 46.7644], [-71.2814, 46.7646], [-71.2815, 46.7648], [-71.2817, 46.7649], [-71.2818, 46.765], [-71.2819, 46.7651], [-71.2819, 46.7652], [-71.2819, 46.7653], [-71.2818, 46.7653], [-71.2817, 46.7653], [-71.2816, 46.7653], [-71.2814, 46.7652], [-71.2812, 46.7652], [-71.2811, 46.7652], [-71.281, 46.7652], [-71.2809, 46.7652], [-71.2808, 46.7653], [-71.2807, 46.7653], [-71.2807, 46.7654], [-71.2807, 46.7655], [-71.2807, 46.7656], [-71.2807, 46.7657], [-71.2808, 46.7658], [-71.2808, 46.7659], [-71.2809, 46.766], [-71.281, 46.766], [-71.2811, 46.766], [-71.2811, 46.7661], [-71.2811, 46.7662], [-71.2811, 46.7663], [-71.281, 46.7663], [-71.281, 46.7664], [-71.2809, 46.7665], [-71.2809, 46.7666], [-71.2809, 46.7667], [-71.281, 46.7668], [-71.2811, 46.7668], [-71.2812, 46.7668], [-71.2813, 46.7668], [-71.2814, 46.7668], [-71.2816, 46.7668], [-71.2817, 46.7668], [-71.2818, 46.7667], [-71.2819, 46.7667], [-71.282, 46.7666], [-71.2821, 46.7666], [-71.282, 46.7667], [-71.2818, 46.7669], [-71.2816, 46.767], [-71.2814, 46.7671], [-71.2812, 46.7673], [-71.2811, 46.7674], [-71.2811, 46.7676], [-71.281, 46.7677], [-71.2811, 46.7678], [-71.2812, 46.768], [-71.2813, 46.7681], [-71.2815, 46.7682], [-71.2816, 46.7683], [-71.2818, 46.7683], [-71.282, 46.7684], [-71.2821, 46.7684], [-71.2822, 46.7684], [-71.2823, 46.7683], [-71.2824, 46.7682], [-71.2825, 46.7681], [-71.2826, 46.7681], [-71.2827, 46.768], [-71.2828, 46.7679], [-71.2829, 46.7679], [-71.2831, 46.7679], [-71.2832, 46.7679], [-71.2833, 46.7679], [-71.2834, 46.7679], [-71.2835, 46.768], [-71.2835, 46.7681], [-71.2835, 46.7682], [-71.2835, 46.7683], [-71.2834, 46.7684], [-71.2833, 46.7686], [-71.2832, 46.7688], [-71.283, 46.7689], [-71.2828, 46.7691], [-71.2827, 46.7692], [-71.2825, 46.7693], [-71.2824, 46.7694], [-71.2823, 46.7694], [-71.2822, 46.7694], [-71.2821, 46.7694], [-71.282, 46.7694], [-71.2819, 46.7693], [-71.2818, 46.7693], [-71.2817, 46.7692], [-71.2815, 46.7692], [-71.2814, 46.7692], [-71.2813, 46.7692], [-71.2811, 46.7692], [-71.281, 46.7693], [-71.2808, 46.7693], [-71.2807, 46.7693], [-71.2807, 46.7694], [-71.2806, 46.7695], [-71.2806, 46.7696], [-71.2806, 46.7697], [-71.2806, 46.7698], [-71.2807, 46.7699], [-71.2807, 46.77], [-71.2808, 46.7701], [-71.2808, 46.7703], [-71.2807, 46.7704], [-71.2807, 46.7705], [-71.2806, 46.7707], [-71.2806, 46.7708], [-71.2805, 46.771], [-71.2804, 46.7711], [-71.2804, 46.7712], [-71.2804, 46.7713], [-71.2805, 46.7714], [-71.2806, 46.7714], [-71.2807, 46.7714], [-71.2809, 46.7714], [-71.2812, 46.7714], [-71.2814, 46.7714], [-71.2816, 46.7714], [-71.2818, 46.7714], [-71.282, 46.7715], [-71.2821, 46.7716], [-71.2823, 46.7716], [-71.2824, 46.7717], [-71.2825, 46.7718], [-71.2826, 46.7719], [-71.2827, 46.7721], [-71.2828, 46.7722], [-71.2828, 46.7723], [-71.2829, 46.7725], [-71.2829, 46.7726], [-71.2829, 46.7728], [-71.2829, 46.7729], [-71.2829, 46.7731], [-71.2829, 46.7732], [-71.283, 46.7733], [-71.2831, 46.7734], [-71.2832, 46.7735], [-71.2833, 46.7736], [-71.2835, 46.7737], [-71.2837, 46.7738], [-71.2839, 46.7738], [-71.2841, 46.7738], [-71.2843, 46.7738], [-71.2845, 46.7738], [-71.2847, 46.7737], [-71.285, 46.7736], [-71.2852, 46.7735], [-71.2855, 46.7733], [-71.2857, 46.7732], [-71.2859, 46.7731], [-71.286, 46.773], [-71.2862, 46.773], [-71.2863, 46.773], [-71.2864, 46.773], [-71.2865, 46.773], [-71.2865, 46.7731], [-71.2864, 46.7731], [-71.2864, 46.7732], [-71.2863, 46.7733], [-71.2862, 46.7733], [-71.2861, 46.7734], [-71.286, 46.7734], [-71.2859, 46.7735], [-71.2858, 46.7736], [-71.2857, 46.7736], [-71.2857, 46.7737], [-71.2857, 46.7738], [-71.2857, 46.7739], [-71.2859, 46.7739], [-71.286, 46.7739], [-71.2862, 46.7739], [-71.2865, 46.7738], [-71.2868, 46.7737], [-71.2872, 46.7736], [-71.2876, 46.7734], [-71.2881, 46.7732], [-71.2886, 46.7731], [-71.2889, 46.7729], [-71.2893, 46.7728], [-71.2895, 46.7728], [-71.2897, 46.7727], [-71.2899, 46.7727], [-71.29, 46.7727], [-71.2901, 46.7727], [-71.2901, 46.7728], [-71.2901, 46.7729], [-71.29, 46.773], [-71.2899, 46.7731], [-71.2898, 46.7731], [-71.2898, 46.7732], [-71.2897, 46.7733], [-71.2898, 46.7734], [-71.2898, 46.7735], [-71.2899, 46.7736], [-71.29, 46.7737], [-71.2901, 46.7738], [-71.2903, 46.7739], [-71.2904, 46.774], [-71.2906, 46.7741], [-71.2907, 46.7741], [-71.2908, 46.7742], [-71.291, 46.7742], [-71.291, 46.7741], [-71.2911, 46.7741], [-71.2912, 46.774], [-71.2913, 46.7739], [-71.2914, 46.7739], [-71.2915, 46.7739], [-71.2917, 46.7739], [-71.2918, 46.7739], [-71.2919, 46.774], [-71.292, 46.774], [-71.2921, 46.7741], [-71.2923, 46.7741], [-71.2924, 46.7742], [-71.2925, 46.7742], [-71.2926, 46.7742], [-71.2926, 46.7741], [-71.2927, 46.7741], [-71.2928, 46.774], [-71.2929, 46.7739], [-71.293, 46.7739], [-71.2931, 46.7739], [-71.2932, 46.7739], [-71.2933, 46.774], [-71.2934, 46.774], [-71.2935, 46.7741], [-71.2937, 46.7741], [-71.2938, 46.7741], [-71.294, 46.7741], [-71.2943, 46.7741], [-71.2945, 46.774], [-71.2948, 46.774], [-71.2951, 46.7739], [-71.2954, 46.7739], [-71.2957, 46.7739], [-71.296, 46.7738], [-71.2963, 46.7738], [-71.2966, 46.7738], [-71.2969, 46.7738], [-71.2972, 46.7739], [-71.2975, 46.7739], [-71.2978, 46.7739], [-71.298, 46.774], [-71.2982, 46.7739], [-71.2984, 46.7739], [-71.2985, 46.7739], [-71.2987, 46.7738], [-71.2987, 46.7737], [-71.2988, 46.7736], [-71.2988, 46.7735], [-71.2988, 46.7734], [-71.2988, 46.7733], [-71.2987, 46.7733], [-71.2987, 46.7732], [-71.2986, 46.7731], [-71.2984, 46.773], [-71.2983, 46.773], [-71.2982, 46.7729], [-71.2981, 46.7729], [-71.298, 46.7728], [-71.2981, 46.7728], [-71.2982, 46.7728], [-71.2984, 46.7728], [-71.2985, 46.7727], [-71.2986, 46.7727], [-71.2987, 46.7726], [-71.2988, 46.7726], [-71.2989, 46.7724], [-71.2989, 46.7723], [-71.299, 46.7722], [-71.299, 46.772], [-71.299, 46.7718], [-71.299, 46.7716], [-71.2989, 46.7714], [-71.2987, 46.7713], [-71.2986, 46.7711], [-71.2983, 46.7708], [-71.2981, 46.7706], [-71.2978, 46.7704], [-71.2975, 46.7702], [-71.2973, 46.7701], [-71.2972, 46.7699], [-71.2971, 46.7698], [-71.2972, 46.7697], [-71.2973, 46.7697], [-71.2975, 46.7697], [-71.2976, 46.7698], [-71.2978, 46.7698], [-71.298, 46.7699], [-71.2981, 46.7699], [-71.2982, 46.77], [-71.2984, 46.7701], [-71.2985, 46.7703], [-71.2986, 46.7704], [-71.2987, 46.7705], [-71.2988, 46.7706], [-71.2989, 46.7706], [-71.299, 46.7706], [-71.2991, 46.7706], [-71.2992, 46.7705], [-71.2993, 46.7704], [-71.2994, 46.7703], [-71.2994, 46.7701], [-71.2994, 46.77], [-71.2994, 46.7699], [-71.2994, 46.7698], [-71.2994, 46.7697], [-71.2993, 46.7696], [-71.2993, 46.7695], [-71.2993, 46.7694], [-71.2993, 46.7693], [-71.2994, 46.7693], [-71.2995, 46.7692], [-71.2997, 46.7692], [-71.2999, 46.7691], [-71.3002, 46.7691], [-71.3006, 46.7691], [-71.3008, 46.7691], [-71.3011, 46.769], [-71.3013, 46.769], [-71.3014, 46.7689], [-71.3015, 46.7687], [-71.3015, 46.7686], [-71.3015, 46.7684], [-71.3014, 46.7683], [-71.3013, 46.7681], [-71.3012, 46.7679], [-71.301, 46.7677], [-71.3008, 46.7675], [-71.3006, 46.7673], [-71.3004, 46.7671], [-71.3002, 46.7669], [-71.2999, 46.7667], [-71.2997, 46.7666], [-71.2995, 46.7664], [-71.2994, 46.7662], [-71.2993, 46.7661], [-71.2993, 46.766], [-71.2993, 46.7659], [-71.2994, 46.7658], [-71.2995, 46.7658], [-71.2996, 46.7657], [-71.2998, 46.7656], [-71.3, 46.7656], [-71.3002, 46.7656], [-71.3004, 46.7656], [-71.3007, 46.7656], [-71.301, 46.7656], [-71.3013, 46.7656], [-71.3016, 46.7656], [-71.3018, 46.7655], [-71.302, 46.7655], [-71.3021, 46.7654], [-71.3022, 46.7654], [-71.3022, 46.7653], [-71.3022, 46.7652], [-71.3021, 46.765], [-71.3021, 46.7649], [-71.3021, 46.7648], [-71.302, 46.7647], [-71.3021, 46.7646], [-71.3021, 46.7644], [-71.3022, 46.7643], [-71.3022, 46.7642], [-71.3023, 46.7641], [-71.3024, 46.764]]]}}]}